sno,aff_no_school_code,state_district,school_head_name,address,website
1,"Aff. No. :2100001
Sch. Code:64001","State : UTTAR PRADESH
District : AGRA",Senior Secondary Level,"Name : PM SHRI KENDRIYA VIDYALAYA NO 1
Head/Principal Name: Parveen Kumar Malik","Address : AIR FORCE STATION AGRA UTTAR PRADESH
Website : http://no1agracantt.kvs.ac.in"
2,"Aff. No. :2100002
Sch. Code:64002","State : UTTAR PRADESH
District : AGRA",Senior Secondary Level,"Name : PM SHRI KENDRIYA VIDYALAYA NO 2
Head/Principal Name: RAMESH CHANDRA","Address : GRAND PARADE ROAD AGRA CANTT UTTAR PRADESH
Website : https://no2agracantt.kvs.ac.in"
3,"Aff. No. :2100063
Sch. Code:64021","State : UTTAR PRADESH
District : AGRA",Senior Secondary Level,"Name : PM SHRI KENDRIYA VIDYALAYA NO 3
Head/Principal Name: UPENDRA KUMAR","Address : AGRA CANTT BARRACK ROAD UTTAR PRADESH
Website : https://no3agracantt.kvs.ac.in"
4,"Aff. No. :2100252
Sch. Code:64152","State : UTTAR PRADESH
District : AGRA",Secondary Level,"Name : KENDRIYA VIDYALAYA RAILWAY IDGAH, AGRA
Head/Principal Name: ARUN KUMAR","Address : IDGAH , AGRA
Website : railwayidgah@kvs.ac.in"
5,"Aff. No. :2120028
Sch. Code:62003","State : UTTAR PRADESH
District : AGRA",Senior Secondary Level,"Name : ABHINAV VIDYALAYA BIJOLI
Head/Principal Name: ARVIND SINGH","Address : BLOCK- BAH, DISTT. AGRA, DIVISION AGRA UP
Website : www.abhinavvidhalayaagra.com"
6,"Aff. No. :2120162
Sch. Code:62102","State : UTTAR PRADESH
District : AGRA",Senior Secondary Level,"Name : ATAL AWASIYA VIDYALAYA
Head/Principal Name: Sunita Vashisht","Address : KIRAWALI, AGRA
Website : https://www.atalvidyalaya.org/schools/AGR"
7,"Aff. No. :2130077
Sch. Code:60028","State : UTTAR PRADESH
District : AGRA",Senior Secondary Level,"Name : AGRA PUBLIC SCHOOL
Head/Principal Name: DEVENDRA SINGH VERMA","Address : Artoni,National Highway-2,Heeralal Ki Piyau,Artoni,Agra
Website : www.agrapublicschool.com"
8,"Aff. No. :2130080
Sch. Code:60029","State : UTTAR PRADESH
District : AGRA",Senior Secondary Level,"Name : ST. CLARES HIGH SCHOOL
Head/Principal Name: Fr Sunny Kottoor Kuruvila","Address : 118 PRITHVI RAJ ROAD AGRA CANTT UTTAR PRADESH
Website : www.stclaresschool.edu.in"
9,"Aff. No. :2130103
Sch. Code:60039","State : UTTAR PRADESH
District : AGRA",Senior Secondary Level,"Name : DR. MARIA RESIDENTIAL ACADEMY
Head/Principal Name: Juhi Malini Mehta","Address : SIKANDARA BODLA AGRA UTTAR PRADESH
Website : www.dmrps.edu.in"
10,"Aff. No. :2130127
Sch. Code:60053","State : UTTAR PRADESH
District : AGRA",Senior Secondary Level,"Name : HOLY PUBLIC SCHOOL
Head/Principal Name: INDRANI BABU","Address : SIKANDRA ROAD AGRA UTTAR PRADESH
Website : www.holypublicschool.com"
11,"Aff. No. :2130136
Sch. Code:60057","State : UTTAR PRADESH
District : AGRA",Senior Secondary Level,"Name : SARASWATI VIDYA MANDIR
Head/Principal Name: AMIT CHATURVEDI","Address : KAMLA NAGAR AGRA UTTAR PRADESH
Website : https://www.svmkna.in"
12,"Aff. No. :2130149
Sch. Code:60063","State : UTTAR PRADESH
District : AGRA",Senior Secondary Level,"Name : SIMPKINS SCHOOL
Head/Principal Name: NEETA GARG","Address : MARUTI ESTATE BODLA ROAD NEW SHAHGANJ AGRA UTTAR PRADESH
Website : www.simpkins.co.in"
13,"Aff. No. :2130150
Sch. Code:60064","State : UTTAR PRADESH
District : AGRA",Senior Secondary Level,"Name : BHARTIYA VIDYAPEETH BAL BHARTI
Head/Principal Name: SANDEEP KUMAR SINGH","Address : BIHBAV NAGAR AGRA UTTAR PRADESH
Website : www.bvpagra.com"
14,"Aff. No. :2130190
Sch. Code:60084","State : UTTAR PRADESH
District : AGRA",Senior Secondary Level,"Name : ST. ANDREW'S PUBLIC SCHOOL
Head/Principal Name: ANSHU SINGH","Address : NORTH KARMAYOGI, KAMLA NAGAR, AGRA UTTAR PRADESH
Website : HTTP://STANDREWSAGRA.COM"
15,"Aff. No. :2130203
Sch. Code:60093","State : UTTAR PRADESH
District : AGRA",Senior Secondary Level,"Name : DAYANAND BAL MANDIR
Head/Principal Name: VIJAY LAXMI SINGH","Address : SULTANPURA AGRA CANTT UTTAR PRADESH
Website : www.dayanandbalmandiragra.com"
16,"Aff. No. :2130213
Sch. Code:60098","State : UTTAR PRADESH
District : AGRA",Senior Secondary Level,"Name : MILTON PUBLIC SCHOOL
Head/Principal Name: PRACHI SINGH","Address : ASHOK VIHAR KEDAR NAGAR SHAHGANJ AGRA UTTAR PRADESH
Website :"
17,"Aff. No. :2130243
Sch. Code:60110","State : UTTAR PRADESH
District : AGRA",Senior Secondary Level,"Name : ST. AUGUSTINE SCHOOL
Head/Principal Name: MRS PRIYA SIRCAR","Address : 4/68 GWALIOR ROAD AGRA UTTAR PRADESH
Website : augustineschool@ymail.com"
18,"Aff. No. :2130248
Sch. Code:60113","State : UTTAR PRADESH
District : AGRA",Senior Secondary Level,"Name : ST. QUEEN MARY'S PUBLIC SCHOOL
Head/Principal Name: GEETA DUTT","Address : TEHRA GWALIOR ROAD AGRA UTTAR PRADESH
Website : www.stqueenmarys.com"
19,"Aff. No. :2130250
Sch. Code:60114","State : UTTAR PRADESH
District : AGRA",Secondary Level,"Name : ST. FRANCIS CONVENT SCHOOL
Head/Principal Name: SR. SHERIN MINI THOMAS","Address : WAZIRPURA ROAD AGRA UTTAR PRADESH
Website : www.stfrancisagra.org"
20,"Aff. No. :2130308
Sch. Code:60141","State : UTTAR PRADESH
District : AGRA",Senior Secondary Level,"Name : JOHN MILTON PUBLIC SCHOOL
Head/Principal Name: SHILPI AGARWAL","Address : NEHRU ENCLAVE, SHAMSABAD ROAD, AGRA UTTAR PRADESH
Website : www.agrajmps.com"
21,"Aff. No. :2130341
Sch. Code:60153","State : UTTAR PRADESH
District : AGRA",Senior Secondary Level,"Name : CENTRAL AGRA PUBLIC SCHOOL
Head/Principal Name: HARIOM TRIVEDI","Address : SHAHDARA CHECK POST FIROZABAD ROAD AGRA UTTAR PRADESH
Website : www.capsagra.in"
22,"Aff. No. :2130349
Sch. Code:60157","State : UTTAR PRADESH
District : AGRA",Senior Secondary Level,"Name : BALMUKUND RAMCHANDRA BAZARI SARASWATI VIDYA MANDIR
Head/Principal Name: RENU KUMARI","Address : RANKTA RLY STATION PO ARTONI AGRA UTTAR PRADESH
Website : https://bmrcbsvm.in/"
23,"Aff. No. :2130367
Sch. Code:60166","State : UTTAR PRADESH
District : AGRA",Senior Secondary Level,"Name : SUMEET RAHUL GOYAL MEMORIAL HIGH SCH
Head/Principal Name: Ramanand Chauhan","Address : AGRA UTTAR PRADESH
Website : www.srgms.org"
24,"Aff. No. :2130441
Sch. Code:60198","State : UTTAR PRADESH
District : AGRA",Senior Secondary Level,"Name : ESS ESS CONVENT SCHOOL
Head/Principal Name: ANUJ BHATIA","Address : MAUZA GHAT WASAN AGRA UTTAR PRADESH
Website : www.essessconvent.edu.in"
25,"Aff. No. :2130470
Sch. Code:60209","State : UTTAR PRADESH
District : AGRA",Senior Secondary Level,"Name : S S PUBLIC SCHOOL
Head/Principal Name: SUNITA SINGH","Address : SEWLA SARAI GWALIOR ROAD AGRA UTTAR PRADESH
Website : www.sspublicschoolagra.com"
26,"Aff. No. :2130515
Sch. Code:60226","State : UTTAR PRADESH
District : AGRA",Senior Secondary Level,"Name : NEW ST STEPHENS PUBLIC SCHOOL
Head/Principal Name: ANIL KUMAR NITANT","Address : KALINDI VIHAR AGRA UTTAR PRADESH
Website : www.ns5agra.com"
27,"Aff. No. :2130554
Sch. Code:60244","State : UTTAR PRADESH
District : AGRA",Senior Secondary Level,"Name : SHIVALIK CAMBRIDGE COLLEGE
Head/Principal Name: Asha Kapoor","Address : SECTOR-7, AWAS VIKAS COLONY SIKANDRA AGRA UTTAR PRADESH
Website : www.shivalik.edu.in"
28,"Aff. No. :2130568
Sch. Code:60249","State : UTTAR PRADESH
District : AGRA",Senior Secondary Level,"Name : DELHI PUBLIC SCHOOL
Head/Principal Name: RAVINDER KUMAR PANDEY","Address : E-2 PHASE F SHASTRI PURAM AGRA UTTAR PRADESH
Website : www.dps.ac.in"
29,"Aff. No. :2130570
Sch. Code:60250","State : UTTAR PRADESH
District : AGRA",Senior Secondary Level,"Name : GANESH RAM NAGAR SARASWATI BALIKA VIDYA MANDIR
Head/Principal Name: CHARU PATEL","Address : BALKESHEWAR AGRA UTTAR PRADESH
Website : www.grnvidyamandir.com"
30,"Aff. No. :2130587
Sch. Code:60260","State : UTTAR PRADESH
District : AGRA",Secondary Level,"Name : ST VIVEKANAND PUBLIC SCHOOL
Head/Principal Name: PINKY GUPTA","Address : KABULPUR KAKNA GWALIOR ROAD, AGRA UTTAR PRADESH
Website : www.stvpsagra.com"
31,"Aff. No. :2130608
Sch. Code:60269","State : UTTAR PRADESH
District : AGRA",Senior Secondary Level,"Name : CH BEERI SINGH PUBLIC SCHOOL
Head/Principal Name: ARUN KUMAR TOMAR","Address : SUNDER BAGH DAYAL BAGH AGRA UTTAR PRADESH
Website : www.cbspublicschool.com"
32,"Aff. No. :2130616
Sch. Code:60271","State : UTTAR PRADESH
District : AGRA",Senior Secondary Level,"Name : SYMBOYZIA SCHOOL
Head/Principal Name: TRIPTI KULSHRESTHA","Address : NEW GOVIND NAGAR SHAHIGANJ AGRA UTTAR PRADESH
Website : HTTP://WWW.SYMBOYZIASCHOOL.CO.IN"
33,"Aff. No. :2130632
Sch. Code:60280","State : UTTAR PRADESH
District : AGRA",Senior Secondary Level,"Name : UNIVERSITY MODEL SCHOOL,
Head/Principal Name: SAURABH NISHAD","Address : DR. B.R. AMBEDKAR UNIVERSITY, KHANDRARI CAMPUS, AGRA-282 002, UP
Website : http://umsdbrau.org.in"
34,"Aff. No. :2130649
Sch. Code:60289","State : UTTAR PRADESH
District : AGRA",Senior Secondary Level,"Name : PRELUDE PUBLIC SCHOOL
Head/Principal Name: SEEMA SEHAJPAL","Address : 341 JAGANPUR DAYAL BAGH AGRA UTTAR PRADESH
Website : www.preludeschool.org"
35,"Aff. No. :2130690
Sch. Code:60309","State : UTTAR PRADESH
District : AGRA",Senior Secondary Level,"Name : MANGLIK SHIKSHA KENDRA
Head/Principal Name: OM KUMAR GUPTA","Address : BAMROULI KATRA FATEHABAD ROAD AGRA UTTAR PRADESH
Website : www.mskagraup.org"
36,"Aff. No. :2130694
Sch. Code:60313","State : UTTAR PRADESH
District : AGRA",Senior Secondary Level,"Name : POLICE MODERN SCHOOL
Head/Principal Name: RACHNA SRIVASTAVA","Address : RESERVE POLICE LINES AGRA UTTAR PRADESH
Website : http://policemodernschoolagra.com/"
37,"Aff. No. :2130775
Sch. Code:60351","State : UTTAR PRADESH
District : AGRA",Senior Secondary Level,"Name : SANT ASARAMJI PUBLIC SCHOOL
Head/Principal Name: PREETI SHARMA","Address : MATHURA ROAD SIKANDRA AGRA UP
Website : https://gurukulagra.ashram.org/"
38,"Aff. No. :2130789
Sch. Code:60357","State : UTTAR PRADESH
District : AGRA",Senior Secondary Level,"Name : AGRA VANASTHALI VIDYALAYA
Head/Principal Name: MANISH KUMAR","Address : JHARNA NALA CHALESAR FEROZABAD ROAD AGRA UP
Website : www.avvagra.com"
39,"Aff. No. :2130796
Sch. Code:60358","State : UTTAR PRADESH
District : AGRA",Senior Secondary Level,"Name : SMT SRIDEVI AWASIYA VIDYAPEETH
Head/Principal Name: RASHMI CHAHAR","Address : VAMANPURA KIRWALI AGRA UP
Website : https://sridevividyapeeth.com/"
40,"Aff. No. :2130812
Sch. Code:60365","State : UTTAR PRADESH
District : AGRA",Secondary Level,"Name : MAA BHAGWATI PUBLIC SCHOOL
Head/Principal Name: VINOD KUMAR SHARMA","Address : VAYU VIHAR COLONY PATHOLI FATEHPUR SIKRI ROAD AGRA UP
Website : www.mbpsagra.com"
41,"Aff. No. :2130816
Sch. Code:60369","State : UTTAR PRADESH
District : AGRA",Secondary Level,"Name : PREMIER INTERNATIONAL SCHOOL
Head/Principal Name: Praveen Kulshrestha","Address : 3 GAILANA ROAD AGRA DELHI HIGHWAY AGRA UP
Website : www.pisagra.co.in"
42,"Aff. No. :2130817
Sch. Code:60370","State : UTTAR PRADESH
District : AGRA",Senior Secondary Level,"Name : GAYATRI PUBLIC SCHOOL
Head/Principal Name: MONIKA SINGH","Address : 152, MAUZ MOHAMMEDPUR, SHASTRIPURAM, AGRA, UP
Website : www.gayatripublicschool.com"
43,"Aff. No. :2130861
Sch. Code:60384","State : UTTAR PRADESH
District : AGRA",Senior Secondary Level,"Name : COLONEL'S BRIGHTLAND PUBLIC SCHOOL
Head/Principal Name: RUBINA KHANAM","Address : CILL LAKAWALI PO KALAL KHERIA AGRA UTTAR PRADESH
Website : www.colonelsbrightlandagra.com"
44,"Aff. No. :2130874
Sch. Code:60392","State : UTTAR PRADESH
District : AGRA",Senior Secondary Level,"Name : HOLY PUBLIC JUNIOR COLLEGE
Head/Principal Name: SONIKA CHAUHAN","Address : S-4 AVAS VIKAS COLONY SIKANDRA BOUA YOJNA AGRA UTTAR PRADESH
Website : http://www.holypubliccollege.com"
45,"Aff. No. :2130895
Sch. Code:60405","State : UTTAR PRADESH
District : AGRA",Senior Secondary Level,"Name : HILLMAN PUBLIC SCHOOL
Head/Principal Name: Anshu Priya","Address : LADAMADA, BICHPURI, AGRA, UP
Website : https://www.hillmanpublicschool.in/"
46,"Aff. No. :2130912
Sch. Code:60413","State : UTTAR PRADESH
District : AGRA",Senior Secondary Level,"Name : ST. C. F. ANDREWS SCHOOL
Head/Principal Name: DR. SUNIL KUMAR UPADHYAYA","Address : PIPLIPOKHAR HATRAS ROAD, AGRA
Website : HTTP://STCFANDREWSSCHOOL.COM"
47,"Aff. No. :2130929
Sch. Code:60422","State : UTTAR PRADESH
District : AGRA",Senior Secondary Level,"Name : SHANTI NIKETAN PUBLIC SCHOOL
Head/Principal Name: RANJANA MISHRA","Address : NH - 3, AGRA - GWALIOR ROAD, VILLAGE - TEHRA, DISTT AGRA, UTTAR PRADESH
Website : www.snpsresidential.com"
48,"Aff. No. :2130938
Sch. Code:60429","State : UTTAR PRADESH
District : AGRA",Senior Secondary Level,"Name : RADHABALLABH PUBLIC SCHOOL
Head/Principal Name: PANKAJ KUMAR","Address : AMAR VIHAR, DAYALBAGH, DISTT AGRA, UTTAR PRADESH
Website : www.radhaballabhschoolagra.com"
49,"Aff. No. :2130952
Sch. Code:60434","State : UTTAR PRADESH
District : AGRA",Senior Secondary Level,"Name : SHIVALIK PUBLIC SCHOOL
Head/Principal Name: VANDANA SHUKLA","Address : MAGTAI-BHICHPURI ROAD, DISTT AGRA, UTTAR PRADESH
Website : www.shivalikschool.edu.in"
50,"Aff. No. :2130954
Sch. Code:60435","State : UTTAR PRADESH
District : AGRA",Secondary Level,"Name : POLICE MODERN SCHOOL
Head/Principal Name: SWATI AHUJA","Address : 15 BN PAC, TAJGANJ, AGRA
Website : https://policemodernschool15bnpac.com"
51,"Aff. No. :2130985
Sch. Code:60447","State : UTTAR PRADESH
District : AGRA",Secondary Level,"Name : ST. FRANCIS CONVENT SCHOOL
Head/Principal Name: PRINCY T A","Address : UPSIDC ROAD, GHOGHAI, SIKANDRA, AGRA (UP)
Website : www.stfrancissikandra.org"
52,"Aff. No. :2131018
Sch. Code:60465","State : UTTAR PRADESH
District : AGRA",Senior Secondary Level,"Name : K.M.PUBLIC SCHOOL
Head/Principal Name: NARENDRA PAL SINGH","Address : KIRAWALI,AGRA
Website : https://kmpublicschoolkiraoli.com/"
53,"Aff. No. :2131023
Sch. Code:60467","State : UTTAR PRADESH
District : AGRA",Senior Secondary Level,"Name : ALL SAINTS SCHOOL
Head/Principal Name: YOGESH UPADHYAY","Address : KAHRAI, NEAR T. V. TOWER, SHAMSHABAD ROAD, AGRA
Website : www.allsaintsschoolagra.com"
54,"Aff. No. :2131029
Sch. Code:60468","State : UTTAR PRADESH
District : AGRA",Senior Secondary Level,"Name : GREEN LAND CONVENT SCHOOL
Head/Principal Name: ANKIT BINDAL","Address : GREEN LAND CONVENT SCHOOL, RAIBHA ROAD, ACHNERA, AGRA
Website : www.glcschool.co.in"
55,"Aff. No. :2131091
Sch. Code:60486","State : UTTAR PRADESH
District : AGRA",Senior Secondary Level,"Name : MOTHER R. D. CONVENT SCHOOL
Head/Principal Name: HEMLATA SHARMA","Address : NAI AWADI, DHANOULI, AGRA
Website : www.mrdssschool.com"
56,"Aff. No. :2131098
Sch. Code:60489","State : UTTAR PRADESH
District : AGRA",Senior Secondary Level,"Name : ST. MARKS PUBLIC SCHOOL
Head/Principal Name: ANJU DANIEL","Address : VILLAGE & POST BHAGUPUR, KUBERPUR, TEHSIL ETMADPUR, AGRA
Website : www.stmarksagra.com"
57,"Aff. No. :2131108
Sch. Code:60494","State : UTTAR PRADESH
District : AGRA",Senior Secondary Level,"Name : BHARTIYA BAL VIDYA MANDIR SCHOOL
Head/Principal Name: JANAK NANDINI","Address : ANSAL TOWN, BAGDA ROAD, BAROLI AHEER, SHAMSABAD ROAD
Website : www.bhartiyabalvidyamandir.in"
58,"Aff. No. :2131109
Sch. Code:60495","State : UTTAR PRADESH
District : AGRA",Secondary Level,"Name : TAGORE PUBLIC SCHOOL
Head/Principal Name: DEEPAK KUMAR GUPTA","Address : SEWLA SARAI, GWALIOR ROAD
Website : www.tpsagra.in"
59,"Aff. No. :2131148
Sch. Code:60512","State : UTTAR PRADESH
District : AGRA",Senior Secondary Level,"Name : S.R.D.PUBLIC SCHOOL AKOLA
Head/Principal Name: Mohini Singh","Address : VILLAGE & P.O. AKOLA
Website :"
60,"Aff. No. :2131173
Sch. Code:60522","State : UTTAR PRADESH
District : AGRA",Senior Secondary Level,"Name : ST. ANDREWS SCHOOL
Head/Principal Name: SAHIBA KHAN","Address : BAROLI AHEER, SHAMSHABAD ROAD, AGRA
Website : http://www.standrewsschoolagra.com"
61,"Aff. No. :2131175
Sch. Code:60523","State : UTTAR PRADESH
District : AGRA",Senior Secondary Level,"Name : VIJAYA MAHARANI INTERNATIONAL ACADEMY
Head/Principal Name: Meenakshi Sharma","Address : VIJAYA MAHARANI INTERNATIONAL ACADEMY,ACHNERA,AGRA
Website : www.svmia.com"
62,"Aff. No. :2131168
Sch. Code:60520","State : UTTAR PRADESH
District : AGRA",Secondary Level,"Name : SUN FLOWER PUBLIC SCHOOL
Head/Principal Name: SHUBHI DAYAL","Address : 164, ALLORA ENCLAVE, DAYAL BAGH
Website : www.sunfloweragra.com"
63,"Aff. No. :2131170
Sch. Code:60521","State : UTTAR PRADESH
District : AGRA",Senior Secondary Level,"Name : SURAJ GOVIND SENIOR SECONDARY SCHOOL
Head/Principal Name: DIVYA AGARWAL","Address : 282007
Website : www.surajgovindschool.org"
64,"Aff. No. :2131185
Sch. Code:60529","State : UTTAR PRADESH
District : AGRA",Senior Secondary Level,"Name : CAPTAIN NAROTTAM SINGH PANCHAM SINGH PUBLIC SCHOOL
Head/Principal Name: SANKALP KHANDELWAL","Address : RAM NAGAR, HATHRAS ROAD KHANDOLI AGRA
Website : HTTP://WWW.CNSPSPUBLICSCHOOL.COM"
65,"Aff. No. :2131203
Sch. Code:60538","State : UTTAR PRADESH
District : AGRA",Senior Secondary Level,"Name : SHRI R.S. PUBLIC SCHOOL
Head/Principal Name: Suman Lata Yadav","Address : BAINPUR ROAD, SIKANDRA, AGRA, UTTAR PRADESH
Website : https://shrirspublicschool.com"
66,"Aff. No. :2131214
Sch. Code:60545","State : UTTAR PRADESH
District : AGRA",Senior Secondary Level,"Name : LIFELINE PUBLIC SCHOOL
Head/Principal Name: SHUBHRA SHARMA","Address : C-1/C-2, SITE-C, U.P.S.I.D.C., SIKANDARA
Website : www.lifelinepublicschool.com"
67,"Aff. No. :2131215
Sch. Code:60546","State : UTTAR PRADESH
District : AGRA",Senior Secondary Level,"Name : SACHDEVA MILLENNIUM SCHOOL
Head/Principal Name: LAXMI IYER","Address : DEHTORA, SHASTRIPURAM, AGRA, UTTAR PRADESH
Website : www.sachdevamillenniumschool.com"
68,"Aff. No. :2131250
Sch. Code:60558","State : UTTAR PRADESH
District : AGRA",Senior Secondary Level,"Name : ROY VIDYA VIHAR
Head/Principal Name: YADENDRA PRAKASH CHAHAR","Address : EKTRA ROAD BAMRAULI KATARA, AGRA
Website :"
69,"Aff. No. :2131256
Sch. Code:60562","State : UTTAR PRADESH
District : AGRA",Senior Secondary Level,"Name : NEMI CHAND EDUCATIONAL ACDEMY
Head/Principal Name: HARI KANT SHARMA","Address : PURAMANA, KIRAOLI
Website : www.nceakiraoli.in"
70,"Aff. No. :2131311
Sch. Code:60590","State : UTTAR PRADESH
District : AGRA",Senior Secondary Level,"Name : POOJA PUBLIC SCHOOL
Head/Principal Name: RAMESH BABU","Address : GOPALPURA,BHADROLI BAAH,AGRA
Website : www.poojapublicschools.com"
71,"Aff. No. :2131333
Sch. Code:60602","State : UTTAR PRADESH
District : AGRA",Senior Secondary Level,"Name : M S PUBLIC SCHOOL
Head/Principal Name: BHAVANA KULSHRESHTHA","Address : VILL +POST -MIDHAKUR,
Website : www.mspublicschool.in"
72,"Aff. No. :2131351
Sch. Code:60609","State : UTTAR PRADESH
District : AGRA",Senior Secondary Level,"Name : BOSTON PUBLIC SCHOOL
Head/Principal Name: RAJRANI SINGH","Address : BODLA ROAD, DEHTORA ,SIKANDRA
Website : https://www.bostonpublicschool.in"
73,"Aff. No. :2131364
Sch. Code:60612","State : UTTAR PRADESH
District : AGRA",Senior Secondary Level,"Name : G. D. GOENKA PUBLIC SCHOOL, AGRA
Head/Principal Name: PUNEET VASHISHTHA","Address : BODLA-BICHPURI ROAD, AGRA
Website : https://www.gdgoenkaagra.com/"
74,"Aff. No. :2131487
Sch. Code:60653","State : UTTAR PRADESH
District : AGRA",Senior Secondary Level,"Name : DR. M.P.S WORLD SCHOOL
Head/Principal Name: Rakhi Jain","Address : AGRA-DELHI HIGHWAY,NEAR NAVEEN SABJI MANDI,SIKANDRA,AGRA
Website : http://www.mpsworldschool.com"
75,"Aff. No. :2131475
Sch. Code:60649","State : UTTAR PRADESH
District : AGRA",Senior Secondary Level,"Name : N.D.JAIN SCHOOL
Head/Principal Name: Chandra kant sharma","Address : BAH TAHSIL AGRA
Website : www.ndjps.co.in"
76,"Aff. No. :2131540
Sch. Code:60669","State : UTTAR PRADESH
District : AGRA",Senior Secondary Level,"Name : PRADHAN PUBLIC HIGHER SECONDARY SCHOOL
Head/Principal Name: SATYENDRA CHHONKAR","Address : JUGSENA, SINGNA, DISTT AGRA, U.P.
Website :"
77,"Aff. No. :2131644
Sch. Code:60698","State : UTTAR PRADESH
District : AGRA",Senior Secondary Level,"Name : VIJAYA INTERNATIONAL SCHOOL
Head/Principal Name: Farooq Khan","Address : BICHPURI, AGRA UP
Website : www.vijayainternationalschool.com"
78,"Aff. No. :2131702
Sch. Code:60717","State : UTTAR PRADESH
District : AGRA",Senior Secondary Level,"Name : HERITAGE PUBLIC SCHOOL
Head/Principal Name: SHARMILA GUPTA","Address : 11/A/111, F NANDLALPUR, HATHRAS ROAD AGRA
Website : www.hpsagra.com"
79,"Aff. No. :2131781
Sch. Code:60747","State : UTTAR PRADESH
District : AGRA",Senior Secondary Level,"Name : D. S. PUBLIC SCHOOL
Head/Principal Name: ANAMIKA SINGH","Address : VILL. JAMAL NAGAR BHAINS, POST CHAMAROLA, AGRA
Website : www.dspublicschoolagra.org.in"
80,"Aff. No. :2131784
Sch. Code:60749","State : UTTAR PRADESH
District : AGRA",Senior Secondary Level,"Name : C.V INTERNATIONAL SCHOOL
Head/Principal Name: ANJALI VASHISTHA","Address : NEAR YAMUNA EXPRESS WAY CROSSING UJRAYI KHANDARI AGRA
Website : www.cvinternationalschool.in"
81,"Aff. No. :2131786
Sch. Code:60751","State : UTTAR PRADESH
District : AGRA",Senior Secondary Level,"Name : SHREE KUNJI LAL GULKANDI DEVI PUBLIC SCHOOL
Head/Principal Name: PRAMOD KUMAR BAGHEL","Address : KHERAGARH ROAD KAGAROL
Website : www.sklgdpublicschool.com"
82,"Aff. No. :2131798
Sch. Code:60756","State : UTTAR PRADESH
District : AGRA",Senior Secondary Level,"Name : R. V. PUBLIC SCHOOL
Head/Principal Name: KAMAL SINGH","Address : GARHI THAKUR DAS, PATTI PANCHGAI AGRA
Website : www.rvpublicschoolagra.com"
83,"Aff. No. :2131834
Sch. Code:60770","State : UTTAR PRADESH
District : AGRA",Senior Secondary Level,"Name : AVMD INSTITUTE
Head/Principal Name: NIRMAL CHAUHAN","Address : 277 SAWAI-BHAWAI ROAD,VILLEGE-SAWAI TEHSIL-ETMADPUR,AGRA
Website : www.avmdinstitute.com"
84,"Aff. No. :2131835
Sch. Code:60771","State : UTTAR PRADESH
District : AGRA",Senior Secondary Level,"Name : JIM CORBETT PUBLIC SCHOOL
Head/Principal Name: SUHANI CHAUHAN","Address : 44,R.K.PURAM,GALLANA ROAD,AGRA,UP
Website : www.jimcorbettpublicschool.in"
85,"Aff. No. :2131840
Sch. Code:60774","State : UTTAR PRADESH
District : AGRA",Senior Secondary Level,"Name : ALAKNANDA ACADEMIC SCHOOL
Head/Principal Name: MONA SHARMA","Address : SEMRI TAL,DEORI ROAD AGRA
Website : www.alaknandaschool.in"
86,"Aff. No. :2131866
Sch. Code:60786","State : UTTAR PRADESH
District : AGRA",Secondary Level,"Name : M.R. CONVENT SCHOOL
Head/Principal Name: SHALINI GUPTA","Address : NH-2 AGRA FIROZABAD ROAD,NAWALPUR,ETMADPUR,AGRA
Website : http://www.mrcs.com"
87,"Aff. No. :2131901
Sch. Code:60799","State : UTTAR PRADESH
District : AGRA",Senior Secondary Level,"Name : GLOBAL AGRA CONVENT SCHOOL
Head/Principal Name: INDU BISHT","Address : BADA GAON SHAMSHABAD ROAD,AGRA,UP
Website : HTTP://WWW.GLOBALAGRACONVENTSCHOOL.COM"
88,"Aff. No. :2131916
Sch. Code:60804","State : UTTAR PRADESH
District : AGRA",Senior Secondary Level,"Name : SHRI RAM CENTENNIAL SCHOOL
Head/Principal Name: MONIKA SEHGAL","Address : POIYA GHAT,DAYAL BAGH , AGRA
Website : http://www.srcsagra.org/"
89,"Aff. No. :2131966
Sch. Code:60817","State : UTTAR PRADESH
District : AGRA",Senior Secondary Level,"Name : BALUNI PUBLIC SCHOOL
Head/Principal Name: SANJAY BANSAL","Address : VILL-SIKANDERPUR MUSTKIL,POST-DAYAL BAGH,AGRA UP
Website : www.bpsagra.com"
90,"Aff. No. :2131976
Sch. Code:60821","State : UTTAR PRADESH
District : AGRA",Senior Secondary Level,"Name : CRIMSON WORLD SCHOOL, AGRA
Head/Principal Name: Ms. Ritu Tandon","Address : VILLAGE NOFRI SHAMSHABAD ROAD AGRA UP
Website : www.cwsagra.com"
91,"Aff. No. :2131988
Sch. Code:60827","State : UTTAR PRADESH
District : AGRA",Senior Secondary Level,"Name : HOLY LIGHT PUBLIC SCHOOL
Head/Principal Name: Sudhir Kumar Yadav","Address : FATEHPUR SIKRI ROAD LARAMDA AGRA UP
Website : www.holylightschool.com"
92,"Aff. No. :2131997
Sch. Code:60831","State : UTTAR PRADESH
District : AGRA",Senior Secondary Level,"Name : S. G. PUBLIC SCHOOL
Head/Principal Name: ATUL KUMAR SAXENA","Address : AKOLA AGRA UP.
Website : www.sgpschool.com"
93,"Aff. No. :2132026
Sch. Code:60843","State : UTTAR PRADESH
District : AGRA",Senior Secondary Level,"Name : G.S. PUBLIC SCHOOL
Head/Principal Name: SOHINI JAIN","Address : ABIDGARH, KHANDAULI, AGRA, UP
Website : www.gspsabidgarh.com"
94,"Aff. No. :2132098
Sch. Code:60875","State : UTTAR PRADESH
District : AGRA",Senior Secondary Level,"Name : G.L. SCHOOL
Head/Principal Name: ATUL KUMAR KULSHRESTHA","Address : VILLAGE MAHUAR, KIRAOLI, AGRA
Website : www.glschoolagra.com"
95,"Aff. No. :2132163
Sch. Code:60903","State : UTTAR PRADESH
District : AGRA",Senior Secondary Level,"Name : P. S. ACADEMY
Head/Principal Name: KOMAL SINGH","Address : VILLAGE & POST SEMRA DISTT. AGRA
Website : https://www.psacademyagra.com/"
96,"Aff. No. :2132179
Sch. Code:60909","State : UTTAR PRADESH
District : AGRA",Senior Secondary Level,"Name : NEW ST STEPHENS PUBLIC SCHOOL UNIT-II
Head/Principal Name: Mohammad Firoz","Address : OPP.SHRI SIDDH ASHRAM SAWAI, BARHAN ROAD,ETMADPUR AGRA
Website : www.ns5agra.org"
97,"Aff. No. :2132192
Sch. Code:60915","State : UTTAR PRADESH
District : AGRA",Senior Secondary Level,"Name : MAHI INTERNATIONAL SCHOOL
Head/Principal Name: MANINDRA SINGH","Address : 825 VILLAGE TEHRA, AGRA GWALIOR ROAD NH 3 KHERAGARH, AGRA, UTTAR PRADESH
Website : www.mahischool.ac.in"
98,"Aff. No. :2132209
Sch. Code:60920","State : UTTAR PRADESH
District : AGRA",Senior Secondary Level,"Name : SANSKAR PUBLIC SCHOOL
Head/Principal Name: PREETI SINGHAL","Address : VILLAGE BAAD , POST KAKUA , GWALIOR ROAD BARAULI AHEER DISTT. AGRA
Website : https://sanskarpublic.school/"
99,"Aff. No. :2132210
Sch. Code:60921","State : UTTAR PRADESH
District : AGRA",Senior Secondary Level,"Name : SHANTI NIKETAN PUBLIC SCHOOL
Head/Principal Name: DEVENDRA SINGH","Address : NADGANWA ROAD,PINAHAT,AGRA
Website : www.snpspnht.com"
100,"Aff. No. :2132226
Sch. Code:60926","State : UTTAR PRADESH
District : AGRA",Senior Secondary Level,"Name : KRISHNA INTERNATIONAL SCHOOL
Head/Principal Name: KULDEEP SINGH YADAV","Address : VILL. HINGOT KHERIA, BAMRAULI KATARA, AGRA
Website : https://krishnainternationalschoolagra.com/"
101,"Aff. No. :2132241
Sch. Code:60929","State : UTTAR PRADESH
District : AGRA",Secondary Level,"Name : CITY CONVENT SCHOOL
Head/Principal Name: AKITA SRIVASTAV","Address : 34/46-B,MAHADEV ROAD,BALKESHWAR,AGRA.
Website : www.ccsschoolagra.com"
102,"Aff. No. :2132262
Sch. Code:60935","State : UTTAR PRADESH
District : AGRA",Senior Secondary Level,"Name : SHRI MAHAVEER JI PUBLIC SCHOOL
Head/Principal Name: DR JYOTSNA ADWANI","Address : GARHI GUSAI (GARHI DARIYAV) FATEHABAD
Website : www.mpsfatehabad.com"
103,"Aff. No. :2132257
Sch. Code:60933","State : UTTAR PRADESH
District : AGRA",Senior Secondary Level,"Name : NEW ST.STEPHEN PUBLIC SCHOOL UNIT-3
Head/Principal Name: DINESH KUMAR SRIVASTAVA","Address : FAUJIGARHI BARHAN ROAD, ANWALKHERA, AGRA
Website : www.ns3agra.in"
104,"Aff. No. :2132307
Sch. Code:60954","State : UTTAR PRADESH
District : AGRA",Senior Secondary Level,"Name : RAMESH CHAND SHARMA MEMORIAL VIDYALAYA
Head/Principal Name: SANJU SHARMA","Address : VILLAGE NANPUR, POST SAHARA, AGRA
Website : http://www.rcsmmeorialvidhalay.com"
105,"Aff. No. :2132310
Sch. Code:60955","State : UTTAR PRADESH
District : AGRA",Secondary Level,"Name : S.S.C. MEMORIAL PUBLIC SCHOOL
Head/Principal Name: Masum Khan","Address : NAGLA JASOLA, KAGAROL, AGRA
Website : www.sscmedu.com"
106,"Aff. No. :2132343
Sch. Code:60965","State : UTTAR PRADESH
District : AGRA",Senior Secondary Level,"Name : ST. V.S. PUBLIC SCHOOL
Head/Principal Name: HARIOM SINGH","Address : C-2, SHASTRI PURAM AGRA
Website : www.stvspublicschool.com"
107,"Aff. No. :2132391
Sch. Code:60976","State : UTTAR PRADESH
District : AGRA",Secondary Level,"Name : ST. R.S. PUBLIC SCHOOL
Head/Principal Name: VEENA YADAV","Address : SEMRA ROAD,KHANDOLI,AGRA
Website : http://www.strsps.org"
108,"Aff. No. :2132401
Sch. Code:60981","State : UTTAR PRADESH
District : AGRA",Senior Secondary Level,"Name : SUN SHINE SCHOOL
Head/Principal Name: MAMTA CHAHAR","Address : NAUMEEL CHAURAHA ,MANKENDA,AGRA
Website : http://www.sunshineschoolagra.in"
109,"Aff. No. :2132511
Sch. Code:61018","State : UTTAR PRADESH
District : AGRA",Senior Secondary Level,"Name : THE INTERNATIONAL SCHOOL AGRA
Head/Principal Name: Ruchi Shukla","Address : 9TH MILE STONE,BAMRAULI KATARA,FATEHABAD ROAD,AGRA
Website : www.tisagra.com"
110,"Aff. No. :2132517
Sch. Code:61021","State : UTTAR PRADESH
District : AGRA",Secondary Level,"Name : SHRI MANKAMESHWAR BAL VIDALAYA
Head/Principal Name: AKHILESH BOHARE","Address : GADI ISHWARA,DIGNER-SHAMSHABAD ROAD AGRA
Website : www.smbalvidhyalay.com"
111,"Aff. No. :2132529
Sch. Code:61027","State : UTTAR PRADESH
District : AGRA",Senior Secondary Level,"Name : LITTLE ANGELS SCHOOL
Head/Principal Name: DR SHRUTI SHARMA","Address : BLOCK-C,TRANS YAMUNA COLONY,PHASE-1,AGRA
Website : https://www.littleangelsagra.org"
112,"Aff. No. :2132543
Sch. Code:61034","State : UTTAR PRADESH
District : AGRA",Senior Secondary Level,"Name : SHRI RAJENDRA SINGH COLLEGE
Head/Principal Name: DR RASHMI SHAKYA","Address : DHIMISHRI,FATEHABAD
Website : www.shrirscollege.co.in"
113,"Aff. No. :2132570
Sch. Code:61045","State : UTTAR PRADESH
District : AGRA",Senior Secondary Level,"Name : J.R.M. INTERNATIONAL SCHOOL
Head/Principal Name: Geeta Mehra","Address : VILL- SAHAI ,ACHNERA ROAD BICHPURI AGRA
Website : www.jrminternationalschool.in"
114,"Aff. No. :2132587
Sch. Code:61052","State : UTTAR PRADESH
District : AGRA",Senior Secondary Level,"Name : SUN LORD PUBLIC SCHOOL
Head/Principal Name: POOJA MUDGAL","Address : VILL. LOHKARERA, RUNAKATA, AGRA
Website : www.sunlordpublicschool.com"
115,"Aff. No. :2132612
Sch. Code:61062","State : UTTAR PRADESH
District : AGRA",Senior Secondary Level,"Name : BALUNI PUBLIC SCHOOL
Head/Principal Name: Aibaran Singh","Address : DEORI ROAD AGRA
Website : http://www.bpsagra.com"
116,"Aff. No. :2132724
Sch. Code:61110","State : UTTAR PRADESH
District : AGRA",Senior Secondary Level,"Name : K.S.I. COLLEGE
Head/Principal Name: HARENDRA KUMAR","Address : PATHOLI AGRA
Website : www.ksicollege.in"
117,"Aff. No. :2132733
Sch. Code:61114","State : UTTAR PRADESH
District : AGRA",Secondary Level,"Name : SPRINGDALE MODERN PUBLIC SCHOOL
Head/Principal Name: AMIT GUPTA","Address : MALPURA
Website : www.springdaleschoolagra.com"
118,"Aff. No. :2132755
Sch. Code:61120","State : UTTAR PRADESH
District : AGRA",Secondary Level,"Name : VIDHYA INTERNATIONAL SCHOOL
Head/Principal Name: ASHWANI KUMAR NIGAM","Address : 1292/86, FOUNDRY NAGAR
Website : http://vidhyainternationaljdc.com/"
119,"Aff. No. :2132866
Sch. Code:61157","State : UTTAR PRADESH
District : AGRA",Senior Secondary Level,"Name : J MILTON PUBLIC SCHOOL
Head/Principal Name: PRIYA AGARWAL","Address : BARHAN ROAD ETMADPUR
Website : https://www.jmpsetmadpur.com/"
120,"Aff. No. :2132892
Sch. Code:61167","State : UTTAR PRADESH
District : AGRA",Senior Secondary Level,"Name : KUNAL PUBLIC SCHOOL
Head/Principal Name: GAYATRI VASWANI","Address : NH-3 TEHRA GWALIOR ROAD AGRA
Website : www.kpsagra.org"
121,"Aff. No. :2132894
Sch. Code:61168","State : UTTAR PRADESH
District : AGRA",Senior Secondary Level,"Name : SHRI RAM INTERNATIONAL SCHOOL
Head/Principal Name: BALJIT SINGH","Address : SHRI RAM INTERNATIONAL SCHOOL,PANWARI AGRA U. P.
Website : www.srischool.org.in"
122,"Aff. No. :2132940
Sch. Code:61182","State : UTTAR PRADESH
District : AGRA",Senior Secondary Level,"Name : S.R.D.PUBLIC SCHOOL
Head/Principal Name: PRITI PARASHAR","Address : GRAM-GOTHARA,FATEHPUR SIKRI,AGRA
Website : http://www.srdps.com"
123,"Aff. No. :2132978
Sch. Code:61193","State : UTTAR PRADESH
District : AGRA",Senior Secondary Level,"Name : J.D.N. SCHOOL
Head/Principal Name: PUSHPENDRA CHAUDHARY","Address : BAGH ROHTA GWALIOR ROAD BAMROLI LANE AGRA
Website : www.jdnschool.in"
124,"Aff. No. :2132984
Sch. Code:61194","State : UTTAR PRADESH
District : AGRA",Senior Secondary Level,"Name : DELHI PUBLIC INTERNATIONAL SCHOOL
Head/Principal Name: SHAILY KAPOOR","Address : DELHI PUBLIC INTERNATIONAL SCHOOL, VILLAGE - TAL SEMRI, DEORI ROAD AGRA (U.P.)
Website : http://dpisagra.com/"
125,"Aff. No. :2132971
Sch. Code:61191","State : UTTAR PRADESH
District : AGRA",Senior Secondary Level,"Name : HERITAGE GLOBAL SCHOOL
Head/Principal Name: Dheeraj Kumar","Address : VILL.- DAWLI, KIRAOLI, AGRA
Website : https://heritageglobalagra.in/"
126,"Aff. No. :2133105
Sch. Code:61244","State : UTTAR PRADESH
District : AGRA",Senior Secondary Level,"Name : A.D. INTERNATIONAL SCHOOL
Head/Principal Name: Ashok Kumar Raghav","Address : KAKRARI,KAKUA DEORI ROAD AGRA UP
Website : www.adinternationalschool.com"
127,"Aff. No. :2133109
Sch. Code:61245","State : UTTAR PRADESH
District : AGRA",Senior Secondary Level,"Name : S.K.D. PUBLIC SCHOOL
Head/Principal Name: MEENAKSHI GUPTA","Address : SHAMSHABAD ROAD,VILL-GHAGHPURA,TEH- FATHEBAD DIST AGRA
Website : www.skdschoolagra.com"
128,"Aff. No. :2133153
Sch. Code:61237","State : UTTAR PRADESH
District : AGRA",Senior Secondary Level,"Name : QUEEN VICTORIA GIRLS SCHOOL
Head/Principal Name: Zenobia Daniel","Address : DELHI GATE AGRA
Website : www.queenvictoriagirlsschool.com"
129,"Aff. No. :2133174
Sch. Code:61243","State : UTTAR PRADESH
District : AGRA",Senior Secondary Level,"Name : AGRA PUBLIC SCHOOL 8-10 OLD VIJAY NAGAR
Head/Principal Name: POONAM MAHESHWARI","Address : 8-10 OLD VIJAY NAGAR COLONY AGRA-282004 UP
Website : www.apsvijaynagar.com"
130,"Aff. No. :2133177
Sch. Code:61256","State : UTTAR PRADESH
District : AGRA",Secondary Level,"Name : GLORIOUS PUBLIC SCHOOL
Head/Principal Name: POONAM SHARMA","Address : GURU RAMDAS NAGAR KAKRETHA, AGRA
Website : www.gloriouspublicschool.org"
131,"Aff. No. :2133182
Sch. Code:61254","State : UTTAR PRADESH
District : AGRA",Senior Secondary Level,"Name : INDIAN ERA PUBLIC SCHOOL
Head/Principal Name: POOJA AGARWAL","Address : DEVIPURAM KAHARAI ROAD AGRA UP
Website : HTTP://WWW.INDIANERA.IN"
132,"Aff. No. :2133195
Sch. Code:61259","State : UTTAR PRADESH
District : AGRA",Senior Secondary Level,"Name : LORD KRISHNA PUBLIC SCHOOL UNIT-2
Head/Principal Name: FREEDA DAN","Address : RAIBHA, RUNKATA BYE PASS ROAD, AGRA
Website : http://www.lordkrishnapublicschoolraibha.com"
133,"Aff. No. :2133201
Sch. Code:61260","State : UTTAR PRADESH
District : AGRA",Senior Secondary Level,"Name : G.C. GOEL INTERNATIONAL SCHOOL
Head/Principal Name: NAMITA GOYAL","Address : AGARPUR, JALESAR ROAD, AGRA
Website : http://www.gcgischool.com/"
134,"Aff. No. :2133279
Sch. Code:61293","State : UTTAR PRADESH
District : AGRA",Senior Secondary Level,"Name : HERITAGE PUBLIC SCHOOL
Head/Principal Name: ANITA JADAUN","Address : VILL MITAWALI BHARAN ROAD AGRA
Website : https://www.heritagepublicschool2.in/"
135,"Aff. No. :2133295
Sch. Code:61298","State : UTTAR PRADESH
District : AGRA",Senior Secondary Level,"Name : GREEN LAND CONVENT SCHOOL
Head/Principal Name: ASHOK KUMAR BHADAURIA","Address : SAIYAN ROAD KHERAGARH
Website : www.glckheragarh.co.in"
136,"Aff. No. :2133323
Sch. Code:61303","State : UTTAR PRADESH
District : AGRA",Senior Secondary Level,"Name : DELHI WORLD PUBLIC SCHOOL
Head/Principal Name: ALOK EDWARD","Address : OLD NH-2 , ETMADPUR, AGRA
Website : www.dwpsagra.in"
137,"Aff. No. :2133335
Sch. Code:61306","State : UTTAR PRADESH
District : AGRA",Senior Secondary Level,"Name : RASA INTERNATIONAL SCHOOL
Head/Principal Name: RUPESH SRIVASTAVA","Address : DULHARA ROAD FATEHPUR SIKRI AGRA
Website : www.rasaschool.com"
138,"Aff. No. :2133337
Sch. Code:61307","State : UTTAR PRADESH
District : AGRA",Senior Secondary Level,"Name : BPS PUBLIC SCHOOL
Head/Principal Name: Rahul Chahar","Address : KOTLI BAGICHI, DEVRI ROAD AGRA
Website : www.bpsschool.in"
139,"Aff. No. :2133379
Sch. Code:61315","State : UTTAR PRADESH
District : AGRA",Secondary Level,"Name : ALLEN CONVENT SCHOOL
Head/Principal Name: MANISHA UPADHYAY","Address : H.N.KHERA, GHARI JAHAN SINGH ROAD , SHAMSHABAD, AGRA
Website : http://www.allenconventagra.com/"
140,"Aff. No. :2133438
Sch. Code:61335","State : UTTAR PRADESH
District : AGRA",Senior Secondary Level,"Name : J.J.S. PUBLIC SCHOOL
Head/Principal Name: PAWAN KUMAR KUSHWAH","Address : KAKARARI, POST KAKUA, BAROLI AHEER, AGRA
Website : http://jjsschool.org.in/"
141,"Aff. No. :2133468
Sch. Code:61352","State : UTTAR PRADESH
District : AGRA",Senior Secondary Level,"Name : CAMBRIDGE SCHOOL
Head/Principal Name: ER. RAJAT PATHAK","Address : CAMBRIDGE SCHOOL NH 2 BEHIND KANT PETROL PUMP NEAR TOLL PLAZA
Website : www.cambridgeschool.edu.in"
142,"Aff. No. :2133469
Sch. Code:61353","State : UTTAR PRADESH
District : AGRA",Senior Secondary Level,"Name : DAU JI PUBLIC SCHOOL
Head/Principal Name: MANJU SINGH","Address : MAI ROAD KHANDOLI AGRA
Website : http://www.daujipublicschool.co.in/"
143,"Aff. No. :2133548
Sch. Code:61404","State : UTTAR PRADESH
District : AGRA",Senior Secondary Level,"Name : THE LAURENCE SCHOOL
Head/Principal Name: AMIT KUMAR SHARMA","Address : VILLAGE KAGAROL ,DISTRICT AGRA
Website : www.thelaurenceschool.com"
144,"Aff. No. :2133773
Sch. Code:61495","State : UTTAR PRADESH
District : AGRA",Senior Secondary Level,"Name : G.R. COSMIC SCHOOL
Head/Principal Name: GITA SINGH","Address : SHAMSHABAD AGRA, UP 282009
Website : http://www.grcosmicschoolagra.com"
145,"Aff. No. :2133781
Sch. Code:61500","State : UTTAR PRADESH
District : AGRA",Senior Secondary Level,"Name : ST. CLARE'S SCHOOL
Head/Principal Name: ROSHAN D SILVA","Address : DEORI ROAD, AGRA
Website : www.stclareagra.com"
146,"Aff. No. :2133812
Sch. Code:61510","State : UTTAR PRADESH
District : AGRA",Senior Secondary Level,"Name : RISING SUN PREMIER SCHOOL
Head/Principal Name: LOKESH KUMAR","Address : DANDA CROSSING, JAGNER, AGRA, DANDA CROSSING, JAGNER, AGRA
Website : https://www.rspsjagner.in"
147,"Aff. No. :2133825
Sch. Code:61517","State : UTTAR PRADESH
District : AGRA",Senior Secondary Level,"Name : B D CONVENT SR SEC SCHOOL
Head/Principal Name: DEEPTI KOHLI","Address : DEHTORA, AGRA
Website : www.bhudevicollege.com"
148,"Aff. No. :2133843
Sch. Code:61525","State : UTTAR PRADESH
District : AGRA",Senior Secondary Level,"Name : BRIJ PUBLIC SCHOOL
Head/Principal Name: SURESH CHANDRA","Address : TEHSIL- ETMADPUR, AGRA
Website : www.bpsagra.in"
149,"Aff. No. :2133865
Sch. Code:61532","State : UTTAR PRADESH
District : AGRA",Senior Secondary Level,"Name : DREAM DESIRE INTERNATIONAL SCHOOL
Head/Principal Name: SANJAY SHARMA","Address : SARENDHI, AGRA ROAD JAGNER, AGRA, SARENDHI, AGRA ROAD JAGNER, AGRA
Website : https://ddinternationalschool.org"
150,"Aff. No. :2133874
Sch. Code:61538","State : UTTAR PRADESH
District : AGRA",Senior Secondary Level,"Name : ST GENIUS CONVENT SCHOOL
Head/Principal Name: OM PRATAP SINGH","Address : LODHAI, SHYAMO MOD, AGRA, LODHAI, SHYAMO MOD, AGRA
Website : https://sgcschool.com/"
151,"Aff. No. :2133880
Sch. Code:61540","State : UTTAR PRADESH
District : AGRA",Senior Secondary Level,"Name : ST XAVIER INTERNATIONAL SCHOOL
Head/Principal Name: Mukul Vidholia","Address : BAROLI AHEER, SHAMSHABAD ROAD, AGRA, BAROLI AHEER, SHAMSHABAD ROAD, AGRA
Website : http://stxavieragra.com/"
152,"Aff. No. :2133910
Sch. Code:61554","State : UTTAR PRADESH
District : AGRA",Senior Secondary Level,"Name : ARYABHATTA EDUCATIONAL ACADEMY
Head/Principal Name: DR RAJKUMAR SHARMA","Address : GAMRI MALPURA, AGRA UP
Website : http://www.aryabhataeducation.com"
153,"Aff. No. :2133937
Sch. Code:61564","State : UTTAR PRADESH
District : AGRA",Senior Secondary Level,"Name : SHARDA WORLD SCHOOL
Head/Principal Name: SATYAKI BANERJEE","Address : NH-19 ,KEETHAM ,SIKANDRA, AGRA (UP)
Website : https://sws.ac.in/"
154,"Aff. No. :2133944
Sch. Code:61567","State : UTTAR PRADESH
District : AGRA",Secondary Level,"Name : THWARD INTERNATIONAL SCHOOL
Head/Principal Name: PRABHA SHARMA","Address : ROAD,, AGRA
Website : https://www.thwardinternational.com/"
155,"Aff. No. :2134089
Sch. Code:61608","State : UTTAR PRADESH
District : AGRA",Senior Secondary Level,"Name : SHREE BATESHWAR NATH CONVENT SCHOOL
Head/Principal Name: Vishal Singh","Address : KAMTARI JAITPUR BAH ROAD, KAMTARI JAITPUR BAH ROAD, AGRA UP
Website : http://www.shribateshwarnathconventschool.com"
156,"Aff. No. :2134171
Sch. Code:61629","State : UTTAR PRADESH
District : AGRA",Senior Secondary Level,"Name : PARSHURAM GLOBAL ACADEMY
Head/Principal Name: ASHISH DONERIA","Address : VILL- AMAHI, JAITPUR KALAN, AGRA
Website : www.parshuramglobalacademy.in"
157,"Aff. No. :2134179
Sch. Code:61633","State : UTTAR PRADESH
District : AGRA",Secondary Level,"Name : SHREE KRISHNA PUBLIC SCHOOL
Head/Principal Name: PRIYANKA MISHRA","Address : RAMPURA GARHI, HARLAL, AGRA
Website : www.krishnapublicschoolagra.co.in"
158,"Aff. No. :2134309
Sch. Code:61672","State : UTTAR PRADESH
District : AGRA",Secondary Level,"Name : SWATANTRATA SANGRAM SENANI LATE SHRI HUKUM SINGH PARIHAR MEMORIAL MODEL SCHOOL
Head/Principal Name: GAJENDRA SHARMA","Address : VILLAGE- BANGURI, POST- DIGNER, SHAMSABAD ROAD, AGRA
Website : www.hspmmodelschool.com"
159,"Aff. No. :2134337
Sch. Code:61681","State : UTTAR PRADESH
District : AGRA",Secondary Level,"Name : B R CONVENT PUBLIC SCHOOL
Head/Principal Name: Satya Narayan","Address : NAGLA KALI , SHAMSHABAD ROAD, AGRA UP
Website : www.brconventpublicschool.com"
160,"Aff. No. :2134364
Sch. Code:61691","State : UTTAR PRADESH
District : AGRA",Senior Secondary Level,"Name : BALUNI PUBLIC SCHOOL UNIT-III
Head/Principal Name: MANPREET KAUR SYAL","Address : C-123 MAUJA MOHAMMADPUR, SIKANDRA , AGRA UP
Website : www.bpsunit3.com"
161,"Aff. No. :2134384
Sch. Code:61695","State : UTTAR PRADESH
District : AGRA",Senior Secondary Level,"Name : BALUNI SCHOOL OF COMPETITION
Head/Principal Name: Amrita Yadav","Address : KHASPUR DAYALBAGH, AGRA, UP 282005
Website : www.baluniboardingschool.com"
162,"Aff. No. :2134386
Sch. Code:61696","State : UTTAR PRADESH
District : AGRA",Secondary Level,"Name : R D PUBLIC SHOOL
Head/Principal Name: VANDANA GOYAL","Address : SONA KI GARHI, AKBARPUR, SHAMSHABAD ROAD
Website : https://rdpublicschool.com/"
163,"Aff. No. :2134391
Sch. Code:61700","State : UTTAR PRADESH
District : AGRA",Secondary Level,"Name : K V PUBLIC SCHOOL
Head/Principal Name: Dharmendra Kumar","Address : NAUBARY BARAULI AHIR, DEORI ROAD , AGRA UP 282001
Website : www.kvpsagra.com"
164,"Aff. No. :2134396
Sch. Code:61704","State : UTTAR PRADESH
District : AGRA",Senior Secondary Level,"Name : V D SENIOR SECONDARY SCHOOL
Head/Principal Name: Ankur Rawat","Address : AMARPURA , BICHPURI ROAD , AGRA UP
Website : www.vdseniorsecondaryschool.in"
165,"Aff. No. :2134408
Sch. Code:61709","State : UTTAR PRADESH
District : AGRA",Secondary Level,"Name : DEV PUBLIC SCHOOL
Head/Principal Name: ANITA LAWANIYA","Address : BARHAN, ETMADPUR, AGRA
Website : http://www.dpsbarhan.org"
166,"Aff. No. :2134435
Sch. Code:61715","State : UTTAR PRADESH
District : AGRA",Senior Secondary Level,"Name : W WINGS SCHOOL
Head/Principal Name: VINAY DIXIT","Address : NAINANA JAT , GWALIOR ROAD, AGRA
Website : https://www.wwingsschool.org"
167,"Aff. No. :2134530
Sch. Code:61745","State : UTTAR PRADESH
District : AGRA",Secondary Level,"Name : SPS PUBLIC SCHOOL
Head/Principal Name: SHIVAM PACHAURI","Address : PILI POKHAR, HATHRAS ROAD, AGRA
Website : https://spspublicschool.co.in"
168,"Aff. No. :2134512
Sch. Code:61743","State : UTTAR PRADESH
District : AGRA",Senior Secondary Level,"Name : R V S WORLD PUBLIC SCHOOL
Head/Principal Name: Himshweta Singh","Address : KAKRARI, IRADAT NAGAR ROAD, AGRA UP
Website : www.rvsworldpublicschoolagra.in"
169,"Aff. No. :2134570
Sch. Code:61757","State : UTTAR PRADESH
District : AGRA",Secondary Level,"Name : D S B PUBLIC SCHOOL
Head/Principal Name: Narendra Singh","Address : NEW KHILLI , BASAUNI , BAH AGRA UP 283123
Website : www.dsbpublicschool.com"
170,"Aff. No. :2134575
Sch. Code:61758","State : UTTAR PRADESH
District : AGRA",Senior Secondary Level,"Name : ARYAVEDANT PUBLIC SCHOOL
Head/Principal Name: T SRINIVAS RAJU","Address : 184/3, CHAMRAULI, 125FT, FATEHABAD-SHAMSHABAD ROAD, OPP.JAYPEE HOTEL, AGRA
Website : https://www.aryavedant.edu.in"
171,"Aff. No. :2134583
Sch. Code:61761","State : UTTAR PRADESH
District : AGRA",Secondary Level,"Name : WISDOM MILLENNIUM SCHOOL
Head/Principal Name: AMIT GUPTA","Address : ROHTA , GWALIOR ROAD , AGRA
Website : www.wisdommillenniumschoolagra.co.in"
172,"Aff. No. :2134643
Sch. Code:61781","State : UTTAR PRADESH
District : AGRA",Senior Secondary Level,"Name : ST V S CONVENT SCHOOL
Head/Principal Name: Pawan Kumar","Address : NEAR TESHIL, OPPOSITE NAGAR PALIKA , ETMADPUR AGRA UP
Website : www.stvsconventschool.com"
173,"Aff. No. :2134651
Sch. Code:61786","State : UTTAR PRADESH
District : AGRA",Secondary Level,"Name : SHREE GURUKUL PUBLIC SCHOOL
Head/Principal Name: ANJU SHARMA","Address : NEAR BAH RAILWAY STATION , ETAWAH - AGRA ROAD, POST KAMTARI
Website : www.shreegurukulpublicschool.com"
174,"Aff. No. :2134684
Sch. Code:61797","State : UTTAR PRADESH
District : AGRA",Senior Secondary Level,"Name : NARAYANA E TECHNO SCHOOL
Head/Principal Name: SHOBHA PRABHAKAR","Address : BEHIND PARSVNATH PANCHVATI, 80 FT ROAD, TAJ NAGRI, PHASE II, TAJ GANJ
Website : https://shorturl.at/Tvxwb"
175,"Aff. No. :2134749
Sch. Code:61823","State : UTTAR PRADESH
District : AGRA",Senior Secondary Level,"Name : G I GLOBAL SCHOOL
Head/Principal Name: NITIN MITTAL","Address : 35/1, SIKANDARPUR DAYALBAGH, AGRA
Website : https://www.giglobalschool.org.in/"
176,"Aff. No. :2134763
Sch. Code:61826","State : UTTAR PRADESH
District : AGRA",Secondary Level,"Name : S D PUBLIC SCHOOL
Head/Principal Name: DR NISHA KAPOOR","Address : NIKAT LAL SINGH DEGREE COLLEGE, PILI POKHAR, KHANDOLI
Website : www.sdpspilipokhar.com"
177,"Aff. No. :2134801
Sch. Code:61834","State : UTTAR PRADESH
District : AGRA",Secondary Level,"Name : DEEDAR SINGH PUBLIC UCHCHATAR MADHYAMIK VIDYALAYA
Head/Principal Name: Priyanka Diswar","Address : JAJAU, KIRAOLI JAJAU ROAD, FATEHPUR SIKRI
Website : www.btsagra.com"
178,"Aff. No. :2134818
Sch. Code:61839","State : UTTAR PRADESH
District : AGRA",Senior Secondary Level,"Name : ARYABHATTA PUBLIC SCHOOL
Head/Principal Name: Ravi Kant Sharma","Address : KHASRA NO 88, KHERA NAWADA, GADI JAHAN SINGH ROAD SHAMSHABAD AGRA
Website : www.apsagra.org.in"
179,"Aff. No. :2140019
Sch. Code:64037","State : UTTAR PRADESH
District : AGRA",Senior Secondary Level,"Name : JAWAHAR NAVODAYA VIDYALAYA
Head/Principal Name: NIDHISH KUMAR","Address : KOLARA KALAN DISTT AGRA UTTAR PRADESH
Website : https://www.navodaya.gov.in/nvs/nvs-school/AGRA/en"
180,"Aff. No. :2180004
Sch. Code:60013","State : UTTAR PRADESH
District : AGRA",Senior Secondary Level,"Name : AIR FORCE SCHOOL
Head/Principal Name: SHUBHANJILI PALIWAL","Address : AIR FORCE STATION AGRA UTTAR PRADESH
Website : www.airforceschoolagra.edu.in"
181,"Aff. No. :2180005
Sch. Code:60014","State : UTTAR PRADESH
District : AGRA",Senior Secondary Level,"Name : ARMY PUBLIC SCHOOL
Head/Principal Name: RUPALI GUPTA","Address : AGRA CANTT UTTAR PRADESH
Website : www.armypublicschoolagra.com"
182,"Aff. No. :2140048
Sch. Code:64045","State : UTTAR PRADESH
District : ALIGARH",Senior Secondary Level,"Name : JAWAHAR NAVODAYA VIDYALAYA
Head/Principal Name: RAM PRAKASH UPMAN","Address : SUJANPUR KHAIR ALIGARH UTTAR PRADESH
Website : https://www.navodaya.gov.in/nvs/nvs-school/ALIGARH/en/about_"
183,"Aff. No. :2134729
Sch. Code:61814","State : UTTAR PRADESH
District : ALIGARH",Senior Secondary Level,"Name : S R K INTERNATIONAL SCHOOL
Head/Principal Name: LALITA VARSHNEY","Address : MATHURA ROAD, VILLAGE SAHARANPUR, ALIGARH
Website : https://srkeducation.in/"
184,"Aff. No. :2134738
Sch. Code:61820","State : UTTAR PRADESH
District : ALIGARH",Secondary Level,"Name : B L CONVENT SCHOOL
Head/Principal Name: GAURAV KUMAR","Address : MAIN ROAD JATTARI, OPPOSITE RADHIKA VIHAR, JATTARI
Website : https://blconvent.com/"
185,"Aff. No. :2134673
Sch. Code:61792","State : UTTAR PRADESH
District : ALIGARH",Secondary Level,"Name : HINDUSTAN SCHOLARS ACADEMY
Head/Principal Name: JYOTI SHARMA","Address : KHAIR TENTIGAON ROAD, ARNI CHAURAHA, VILLAGE ARNI, KHAIR, ALIGARH
Website : https://hindustanscholarsacademy.in/"
186,"Aff. No. :2134454
Sch. Code:61722","State : UTTAR PRADESH
District : ALIGARH",Senior Secondary Level,"Name : SETH M.R. JAIPURIA SCHOOL
Head/Principal Name: SHALINI UPADHYAY","Address : MUKUNDPUR , AGRA ROAD OPPOSITE THE RADHA, ALIGARH , ALIGARH
Website : www.jaipuriaschoolagraroadaligarh.in"
187,"Aff. No. :2134340
Sch. Code:61682","State : UTTAR PRADESH
District : ALIGARH",Secondary Level,"Name : B P S INTERNATIONAL SCHOOL
Head/Principal Name: UMESH KUMAR VARMAN","Address : JATTARI, ALIGARH, UP
Website : https://www.bpsis.co.in/"
188,"Aff. No. :2134296
Sch. Code:61667","State : UTTAR PRADESH
District : ALIGARH",Secondary Level,"Name : BLOSSOMS GLOBAL SCHOOL
Head/Principal Name: NIDHI KAUSHIK","Address : TALANAGRI, RAMGHAT ROAD, ALIGARH
Website : https://blossomsglobalschool.com/"
189,"Aff. No. :2134181
Sch. Code:61634","State : UTTAR PRADESH
District : ALIGARH",Senior Secondary Level,"Name : S.D.CONVENT SCHOOL
Head/Principal Name: SEEMA GAUR","Address : GANIYAVALI ROAD, ATRAULI, ALIGARH
Website : http://www.sdconvent.org"
190,"Aff. No. :2134138
Sch. Code:61619","State : UTTAR PRADESH
District : ALIGARH",Senior Secondary Level,"Name : ST. FIDELIS SCHOOL
Head/Principal Name: FR. SEBASTIAN KOLLITHANAM","Address : KHEDA KHUSH KHABAR, JIROLI DOR POST, G.T ROAD, ALIGARH
Website : www.sfskkkaligarh.com"
191,"Aff. No. :2133996
Sch. Code:61576","State : UTTAR PRADESH
District : ALIGARH",Senior Secondary Level,"Name : ATHARV INTERNATIONAL SCHOOL
Head/Principal Name: Ved Prakash","Address : ALIGARH, UTTAR PRADESH
Website : http://atharvinternational.com/"
192,"Aff. No. :2134026
Sch. Code:61587","State : UTTAR PRADESH
District : ALIGARH",Senior Secondary Level,"Name : VICTORIOUS INTERNATIONAL SCHOOL
Head/Principal Name: MOHINI","Address : STATION ROAD, ATRAULI
Website : https://visatrauli.com"
193,"Aff. No. :2133829
Sch. Code:61519","State : UTTAR PRADESH
District : ALIGARH",Senior Secondary Level,"Name : VISHWAKARMA SENIOR SECONDARY SCHOOL
Head/Principal Name: Udayveer Singh","Address : ALIGARH, UP 202165
Website : http://www.vishwakarmaseniorsecondaryschool.com"
194,"Aff. No. :2133515
Sch. Code:61367","State : UTTAR PRADESH
District : ALIGARH",Senior Secondary Level,"Name : R P S GLOBAL SCHOOL
Head/Principal Name: MAMTA SHARMA","Address : VILLAGE HARSUKH KI NAGALIYA (JATTARI) POST JATTARI
Website : www.rpsglobalschool.com"
195,"Aff. No. :2133543
Sch. Code:61403","State : UTTAR PRADESH
District : ALIGARH",Senior Secondary Level,"Name : A V P INTERNATIONAL SCHOOL
Head/Principal Name: SHASHI P MASIH","Address : VILL- SINDHOLLI G. T.ROAD,ALIGARH UP
Website : http://www.avpinternationalschool.com"
196,"Aff. No. :2133614
Sch. Code:61420","State : UTTAR PRADESH
District : ALIGARH",Senior Secondary Level,"Name : SHRI RAJENDRA SINGH INTERNATIONAL SCHOOL
Head/Principal Name: INDRA PRAKESH DUBEY","Address : OPP AASNA POLICE CHOWKI, MATHURA ROAD, ALIGARH
Website : https://www.srsis.org/"
197,"Aff. No. :2133638
Sch. Code:61424","State : UTTAR PRADESH
District : ALIGARH",Secondary Level,"Name : PRAKASH PUBLIC SCHOOL
Head/Principal Name: MAHENDRA KUMAR","Address : VILL-KANDALI
Website : https://ppsiglas.in/"
198,"Aff. No. :2133463
Sch. Code:61350","State : UTTAR PRADESH
District : ALIGARH",Senior Secondary Level,"Name : JEEVAN JYOTI PUBLIC SCHOOL
Head/Principal Name: VIJAY YADAV","Address : USRAH RASULPUR JATTARI KHAIR ALIGARH U.P. 202137
Website : www.jeevanjyotischool.com"
199,"Aff. No. :2133278
Sch. Code:61292","State : UTTAR PRADESH
District : ALIGARH",Senior Secondary Level,"Name : GOOD SHEPHERD SCHOOL
Head/Principal Name: DEEPALI VASHISHTH","Address : GOOD SHEPHERD SCHOOL ALAMPUR TEHSIL KOL, DISTRICT ALIGARH
Website : www.goodshepherdschoolaligarh.com"
200,"Aff. No. :2133434
Sch. Code:61332","State : UTTAR PRADESH
District : ALIGARH",Senior Secondary Level,"Name : ST VIVEKANAND PUBLIC SCHOOL
Head/Principal Name: BRIJ RANI RAJPOOT","Address : NARAUNA 12 NO., ATRAULI, PO. NARAUNA AKAPUR, DISTRICT - ALIGAHR, UP
Website : www.stvps.edu.in"
201,"Aff. No. :2133328
Sch. Code:61304","State : UTTAR PRADESH
District : ALIGARH",Senior Secondary Level,"Name : GD GOENKA PUBLIC SCHOOL
Head/Principal Name: ANUBHAV LODHI","Address : GD GOENKA PUBLIC SCHOOL, MATHURA ROAD
Website : https://www.gdgpsaligarh.com"
202,"Aff. No. :2133213
Sch. Code:61265","State : UTTAR PRADESH
District : ALIGARH",Senior Secondary Level,"Name : MOUNT DEV INTERNATIONAL SCHOOL
Head/Principal Name: ANIL KUMAR","Address : VILLAGE BHURIYA POST KASER DADON
Website : www.mountdevschool.com"
203,"Aff. No. :2133228
Sch. Code:61273","State : UTTAR PRADESH
District : ALIGARH",Senior Secondary Level,"Name : TRIDENT INTERNATIONAL SCHOOL
Head/Principal Name: AJAY KUMAR BHARDWAJ","Address : SH-7 TALA NAGARI, RAMGHAT ROAD
Website : http://tridentschoolaligarh.com/"
204,"Aff. No. :2133168
Sch. Code:61241","State : UTTAR PRADESH
District : ALIGARH",Senior Secondary Level,"Name : NAVYUG PUBLIC SCHOOL
Head/Principal Name: SANGEETA","Address : VILL HAMIDPUR POST SAROL TEH KHAIR DISTT ALIGARH (UP) 202165
Website : www.navyughpr.com"
205,"Aff. No. :2133021
Sch. Code:61210","State : UTTAR PRADESH
District : ALIGARH",Senior Secondary Level,"Name : DPS WORLD SCHOOL KHAIR
Head/Principal Name: LAXMI SHARMA","Address : GOMAT CHOWK PALWAL ROAD KHAIR
Website : www.dpsworldkhair.com"
206,"Aff. No. :2132991
Sch. Code:61197","State : UTTAR PRADESH
District : ALIGARH",Senior Secondary Level,"Name : SONDEVI VIDYA NIKETAN
Head/Principal Name: RAM KUMAR SHARMA","Address : VILL SAROL PO TAPPAL
Website : www.sdvnschool.com"
207,"Aff. No. :2132992
Sch. Code:61198","State : UTTAR PRADESH
District : ALIGARH",Senior Secondary Level,"Name : UNIVERSAL COLLEGE
Head/Principal Name: Dr. Lalita Mishra","Address : HATHRAS IGLAS ROAD,IGLAS,DISTT ALIGARH
Website : www.universalcollege.info"
208,"Aff. No. :2132896
Sch. Code:61169","State : UTTAR PRADESH
District : ALIGARH",Senior Secondary Level,"Name : MINERVA UNIVERSAL PUBLIC SCHOOL
Head/Principal Name: VIDUSHI CHAUHAN","Address : VILLAGE & POST - GOPI, DISTT. ALIGARH
Website : www.minervauniversalpublicshool.com"
209,"Aff. No. :2132911
Sch. Code:61174","State : UTTAR PRADESH
District : ALIGARH",Senior Secondary Level,"Name : SHRI SHANTI DEVI KALYAN DAS SARSWATI VIDYA MANDIR CHHARRA ALIGARH
Head/Principal Name: BAL KISHAN AGRAWAL","Address : SHRI SHANTI DEVI KALYAN DAS SARSWATI VIDYA MANDIR,NEAR BLOCK,CHHARRA (ALIGARH)
Website : http://shrishantidevikalyandas.org.in"
210,"Aff. No. :2132914
Sch. Code:61175","State : UTTAR PRADESH
District : ALIGARH",Senior Secondary Level,"Name : ACN INTERNATIONAL SCHOOL
Head/Principal Name: GAURANGI DUGGAL","Address : ACN CITY, KASIMPUR POWER HOUSE ROAD, SATHA, ALIGARH
Website : www.acnis.edu.in"
211,"Aff. No. :2132789
Sch. Code:61126","State : UTTAR PRADESH
District : ALIGARH",Senior Secondary Level,"Name : YASH GLOBAL SCHOOL
Head/Principal Name: PRAVEEN KUMAR GUPTA","Address : VILLAGE AND POST SABALPUR
Website : www.yashglobalschool.com"
212,"Aff. No. :2132793
Sch. Code:61127","State : UTTAR PRADESH
District : ALIGARH",Secondary Level,"Name : SANT SHRI ASARAMJI PUBLIC SCHOOL, KARSUA, ALIGARH
Head/Principal Name: PREMRAJ JOSHI","Address : KHAIR ROAD, KARSUA, ALIGARH
Website : www.gurukulaligarh.ashram.org"
213,"Aff. No. :2132604
Sch. Code:61060","State : UTTAR PRADESH
District : ALIGARH",Senior Secondary Level,"Name : ANKUR PUBLIC SCHOOL
Head/Principal Name: MAMTA DWIVEDI","Address : BHARTARI, CHIRKULA MOD, BLOCK LODHA, TEHSIL KOIL, G.T.ROAD, ALIGARH - 202001
Website : www.ankurpublicschool.in"
214,"Aff. No. :2132637
Sch. Code:61073","State : UTTAR PRADESH
District : ALIGARH",Senior Secondary Level,"Name : S.D. INTERNATIONAL SCHOOL
Head/Principal Name: YUKTI SHARMA","Address : JATTARI KHAIR
Website : www.sdisjattari.com"
215,"Aff. No. :2132654
Sch. Code:61079","State : UTTAR PRADESH
District : ALIGARH",Senior Secondary Level,"Name : PRAKASH CONVENT SCHOOL
Head/Principal Name: DEVENDRA KUMAR","Address : GONDA ROAD, IGLAS, DIST. ALIGARH, UP
Website : www.mypcs.co.in"
216,"Aff. No. :2132674
Sch. Code:61089","State : UTTAR PRADESH
District : ALIGARH",Senior Secondary Level,"Name : H.R. INTERNATIONAL SCHOOL
Head/Principal Name: PREM KUMAR SINGH","Address : 12KM ALIGARH GONDA ROAD MAUZA NAGLA JAGDEV PARGANA HASANGARH TEH-IGLAS,ALIGARH
Website : www.hrisaligarh.in"
217,"Aff. No. :2132693
Sch. Code:61098","State : UTTAR PRADESH
District : ALIGARH",Senior Secondary Level,"Name : MISSION INTERNATIONAL ACADEMY
Head/Principal Name: BHARTI MUTREJA","Address : VILL. BHANKARI KHAS, JIRAULI MOD, GT ROAD, DIST. ALIGARH, UP
Website : http://www.missioninternationalacademy.org"
218,"Aff. No. :2132582
Sch. Code:61050","State : UTTAR PRADESH
District : ALIGARH",Secondary Level,"Name : CBS PUBLIC SCHOOL
Head/Principal Name: Ravendra Singh","Address : CBS PUBLIC SCHOOL, KHERA SATTU (KHAIR) ALIGARH
Website : www.cbspublicschool.org"
219,"Aff. No. :2132502
Sch. Code:61016","State : UTTAR PRADESH
District : ALIGARH",Senior Secondary Level,"Name : MAHADEVI ACADEMY
Head/Principal Name: AKHILESH KUMAR BHARDWAJ","Address : VILLAGE GUYYENPUR , POST BAHARPUR , DISTRICT ALIGARH, UP (202132)
Website : https://mahadeviacademy.com/home"
220,"Aff. No. :2132405
Sch. Code:60983","State : UTTAR PRADESH
District : ALIGARH",Senior Secondary Level,"Name : SHRI RAM PUBLIC SCHOOL
Head/Principal Name: MADHAV CHAUHAN","Address : TEJPUR, JAWAN, ALIGARH
Website : www.shrirampublicschool.com"
221,"Aff. No. :2132482
Sch. Code:61008","State : UTTAR PRADESH
District : ALIGARH",Senior Secondary Level,"Name : VISHWA BHARTI PUBLIC SCHOOL
Head/Principal Name: Sunita Singh","Address : 17/221-A SARAI HARNARAYN ROAD, SASNI GATE
Website : www.vishwabharti.com"
222,"Aff. No. :2132301
Sch. Code:60953","State : UTTAR PRADESH
District : ALIGARH",Senior Secondary Level,"Name : N.S.INTERNATIONAL SCHOOL
Head/Principal Name: Bhanumati Sharma","Address : VILLAGE- MADAPUR POST BARLA NEAR PIPLOI BHATTA , NARONA BARLA ROAD PIPLOI ALIGARH U.P.
Website : www.nsinternationalschool.com"
223,"Aff. No. :2132174
Sch. Code:60906","State : UTTAR PRADESH
District : ALIGARH",Senior Secondary Level,"Name : D.K.S.M. HR. SEC. SCHOOL
Head/Principal Name: RISHI KUMAR","Address : ATRAULI,ALIGARH
Website : http://www.dksms.com"
224,"Aff. No. :2132162
Sch. Code:60902","State : UTTAR PRADESH
District : ALIGARH",Senior Secondary Level,"Name : BRIJ BHARTI SCHOOL
Head/Principal Name: BHAWANA TRIPATHI","Address : VILLAGE -SUJANPUR, ALIGARH-PALWAL ROAD, KHAIR ALIGARH
Website : https://brijbhartischool.in/"
225,"Aff. No. :2132038
Sch. Code:60849","State : UTTAR PRADESH
District : ALIGARH",Secondary Level,"Name : G.D.PUBLIC SCHOOL
Head/Principal Name: R K SINGH","Address : IGLAS ROAD , KHAIR ALIGARH UP
Website : www.gdpublicschoolkhair.com"
226,"Aff. No. :2131927
Sch. Code:60808","State : UTTAR PRADESH
District : ALIGARH",Senior Secondary Level,"Name : RADHA INTERNATIONAL ACADEMY
Head/Principal Name: Nishi Kaushal","Address : GONDA ROAD, IGLAS
Website : www.riaiglas.com"
227,"Aff. No. :2131841
Sch. Code:60775","State : UTTAR PRADESH
District : ALIGARH",Senior Secondary Level,"Name : J.S PUBLIC SCHOOL
Head/Principal Name: ANUPAMA KUMARI","Address : VILL. RANA GONDA ROAD ALIGARH
Website : www.jspublicschool.in"
228,"Aff. No. :2131802
Sch. Code:60758","State : UTTAR PRADESH
District : ALIGARH",Senior Secondary Level,"Name : MAHARSHI DAYANAND SR. SEC. SCHOOL
Head/Principal Name: Dr Gavendra Singh","Address : VILLAGE & POST- OGIPUR ALIGARH
Website : www.mdsogipur.com"
229,"Aff. No. :2131755
Sch. Code:60735","State : UTTAR PRADESH
District : ALIGARH",Senior Secondary Level,"Name : DELHI PUBLIC SCHOOL
Head/Principal Name: SIMRAN PRITHVIRAJ SADHWANI","Address : TALANAGRI, RAMGHAT ROAD,
Website : www.dpsclalg.org"
230,"Aff. No. :2131765
Sch. Code:60741","State : UTTAR PRADESH
District : ALIGARH",Secondary Level,"Name : THE BLOSSOMS SCHOOL
Head/Principal Name: SAMAN SHERWANI","Address : MUZZAMMIL MANZIL CIVIL LINES
Website : www.theblossomsschool.in"
231,"Aff. No. :2131684
Sch. Code:60709","State : UTTAR PRADESH
District : ALIGARH",Senior Secondary Level,"Name : L B K PUBLIC SCHOOL
Head/Principal Name: CHARU GUPTA","Address : KAJROTH, HATHRAS ROAD, IGLAS ALIGARH
Website : www.lbkpublicschool.in"
232,"Aff. No. :2131624
Sch. Code:60693","State : UTTAR PRADESH
District : ALIGARH",Senior Secondary Level,"Name : MOTHERS TOUCH
Head/Principal Name: ARTI MITTAL","Address : MOTHERS TOUCH SCHOOL CITY OFFICE, NEAR HDFC BANK, RAM GHAT ROAD , ALIGARH
Website : www.motherstouchschool.com"
233,"Aff. No. :2131670
Sch. Code:60706","State : UTTAR PRADESH
District : ALIGARH",Senior Secondary Level,"Name : GURUKUL PUBLIC SCHOOL
Head/Principal Name: SUNITA CHAUDHARY","Address : SOMNA ROAD KHAIR ALIGARH
Website : www.gurukulkhair.com"
234,"Aff. No. :2131542
Sch. Code:60670","State : UTTAR PRADESH
District : ALIGARH",Senior Secondary Level,"Name : SHREE JI PUBLIC SCHOOL
Head/Principal Name: KARMENDRA VARSHNEY","Address : ALIGARH-PALWAL ROAD, OPPOSITE BIJALI GHAR, CHHAJUPUR, JATTARI DISRICT-ALIGARH (U.P.)
Website : https://www.shreejipublicschool.com/index.php"
235,"Aff. No. :2131532
Sch. Code:60664","State : UTTAR PRADESH
District : ALIGARH",Senior Secondary Level,"Name : GREEN VALLEY CONVENT PUBLIC SCHOOL
Head/Principal Name: Khushboo Jain","Address : ATRAULI ROAD, CHHARRA,DISTT ALIGARH, UTTAR PRADESH
Website : http://greenvalleyconventschool.in/"
236,"Aff. No. :2131537
Sch. Code:60667","State : UTTAR PRADESH
District : ALIGARH",Senior Secondary Level,"Name : SHANTINIKETAN WORLD SCHOOL
Head/Principal Name: SAURABH VARSHNEY","Address : PANCH SHEEL COLONY, NEAR IIMT, ALIGARH, UTTAR PRADESH
Website : http://www.snws.in"
237,"Aff. No. :2131380
Sch. Code:60621","State : UTTAR PRADESH
District : ALIGARH",Senior Secondary Level,"Name : JAGRAN PUBLIC SCHOOL ALIGARH
Head/Principal Name: SHAKEEL AHMAD","Address : AGRAWAL & ASSOCIATES, CHARTERED ACCOUNTANT, SUBHASH ROAD
Website : http://www.jpsaligarh.com"
238,"Aff. No. :2131314
Sch. Code:60592","State : UTTAR PRADESH
District : ALIGARH",Senior Secondary Level,"Name : HARE KRISHNA PUBLIC SCHOOL
Head/Principal Name: Dr Avnish Kumar Chauhan","Address : VILLAGE BHANKRI TEHSIL KOL G.T. ROAD ALIGARH
Website : www.hkps.in"
239,"Aff. No. :2131295
Sch. Code:60583","State : UTTAR PRADESH
District : ALIGARH",Senior Secondary Level,"Name : C.B. GUPTA SARASWATI VIDYAPEETH, SINGHARPUR, MATHURA ROAD, ALIGARH
Head/Principal Name: KUMUDESH KUMAR","Address : SINGHARPUR, MATHURA ROAD, ALIGARH
Website : http://cbgsvp.in"
240,"Aff. No. :2131297
Sch. Code:60584","State : UTTAR PRADESH
District : ALIGARH",Senior Secondary Level,"Name : THREE DOTS SEWAMARG PUBLIC SCHOOL
Head/Principal Name: JYOTSNA JOSHI","Address : RAMGHAT ROAD, ALIGARH
Website : www.threedotssmpschool.com"
241,"Aff. No. :2131274
Sch. Code:60573","State : UTTAR PRADESH
District : ALIGARH",Senior Secondary Level,"Name : RANGE HILLS PUBLIC SCHOOL
Head/Principal Name: MEGHNA SINGH YADUVANSHI","Address : DHANIPUR, G.T. ROAD
Website : www.rangehillspublicschool.com"
242,"Aff. No. :2131286
Sch. Code:60579","State : UTTAR PRADESH
District : ALIGARH",Senior Secondary Level,"Name : BABUJI CONVENT SCHOOL JATTARI
Head/Principal Name: UZMA RANI","Address : VILLAGE- FAJILPUR KALAN, POST-JATTARI, ALIGARH
Website : www.babujiconventschool.com"
243,"Aff. No. :2131288
Sch. Code:60580","State : UTTAR PRADESH
District : ALIGARH",Senior Secondary Level,"Name : KETAN COVENT SCHOOL
Head/Principal Name: Rohit kumar","Address : JIRAULI MOD, NEAR BHANKRI GT ROAD ALIGARH UP
Website : http://kcsschool.in"
244,"Aff. No. :2131206
Sch. Code:60540","State : UTTAR PRADESH
District : ALIGARH",Senior Secondary Level,"Name : SANT SAR PUBLIC SCHOOL
Head/Principal Name: SARUN KUMAR JHA","Address : BHANKARIKHAS DELHI G.T.ROAD ALIGARH, UTTAR PRADESH
Website : www.santsarpublicschool.in"
245,"Aff. No. :2131052
Sch. Code:60476","State : UTTAR PRADESH
District : ALIGARH",Senior Secondary Level,"Name : GAGAN PUBLIC SCHOOL
Head/Principal Name: ADEEL AHMAD","Address : KHAIR BYE PASS,ALIGARH
Website : https://schoolkr.gagan.ac.in/"
246,"Aff. No. :2131069
Sch. Code:60481","State : UTTAR PRADESH
District : ALIGARH",Senior Secondary Level,"Name : RAGHUBIR BAL MANDIR
Head/Principal Name: NEETU GOYAL","Address : RAMGHAT ROAD, ALIGARH
Website : www.rbmaligarh.org"
247,"Aff. No. :2131003
Sch. Code:60456","State : UTTAR PRADESH
District : ALIGARH",Senior Secondary Level,"Name : HEM VIDYA NIKETAN
Head/Principal Name: SACHIN KUMAR","Address : VILLAGE- CHAMAN NAGARIA,
Website : www.hemvidyaniketan.com"
248,"Aff. No. :2130936
Sch. Code:60427","State : UTTAR PRADESH
District : ALIGARH",Senior Secondary Level,"Name : KRISHNA INTERNATIONAL SCHOOL
Head/Principal Name: NANDINI SINGH","Address : KRISHNA NAGAR, OPP. RELIENCE PETROL PUMP, 5 KM DELHI G.T. ROAD, ALIGARH, UTTAR PRADESH
Website : www.kisaligarh.com"
249,"Aff. No. :2130940
Sch. Code:60430","State : UTTAR PRADESH
District : ALIGARH",Secondary Level,"Name : ENGINEERS COLONY SR. SEC. SCHOOL
Head/Principal Name: Malik Fahimuddin","Address : QUARSI BY PASS ROAD ALIGARH UP
Website : www.ecsss.in"
250,"Aff. No. :2130942
Sch. Code:60431","State : UTTAR PRADESH
District : ALIGARH",Senior Secondary Level,"Name : CITY CONVENT SCHOOL
Head/Principal Name: Rekha Sharma","Address : ATRAULI, ALIGARH
Website : www.cityconventschoolatrauli.com"
251,"Aff. No. :2130923
Sch. Code:60418","State : UTTAR PRADESH
District : ALIGARH",Senior Secondary Level,"Name : ST. JOHNS SCHOOL
Head/Principal Name: KIRAN LATA SINGH","Address : ATRAULI DISTT ALIGARH, UTTAR PRADESH
Website : www.saintjohnsschool.co.in"
252,"Aff. No. :2130924
Sch. Code:60419","State : UTTAR PRADESH
District : ALIGARH",Senior Secondary Level,"Name : BRILLIANT PUBLIC SCHOOL
Head/Principal Name: SHYAM KUNTAIL","Address : SHANKAR VIHAR, QUARSI, RAMGHAT ROAD, ALIGARH, UTTAR PRADESH
Website : www.bpsaligarh.in"
253,"Aff. No. :2130899
Sch. Code:60408","State : UTTAR PRADESH
District : ALIGARH",Senior Secondary Level,"Name : WISDOM PUBLIC SCHOOL
Head/Principal Name: NIRMAL AGARWAL","Address : QUARSI, RAMGHAT ROAD
Website : www.wpsaligarh.in"
254,"Aff. No. :2130862
Sch. Code:60385","State : UTTAR PRADESH
District : ALIGARH",Senior Secondary Level,"Name : RAIDIANT STARS ENGLISH SCHOOL
Head/Principal Name: ANJU RATHI","Address : KHAIR ROAD ALIGARH UTTAR PRADESH
Website : www.radiantstars.org"
255,"Aff. No. :2130806
Sch. Code:60363","State : UTTAR PRADESH
District : ALIGARH",Senior Secondary Level,"Name : WOODBINE FLORET PUBLIC SCHOOL
Head/Principal Name: NISHAT FAIZ","Address : ANOOPSHAHR ROAD ALIGARH UP
Website : http://www.woodbinefloretschool.com/"
256,"Aff. No. :2130776
Sch. Code:60352","State : UTTAR PRADESH
District : ALIGARH",Senior Secondary Level,"Name : AL-BARAKAAT PUBLIC SCHOOL
Head/Principal Name: SABIHA KHAN","Address : ANOOPSHAHR ROAD ALIGARH UP
Website : www.albarkaat.com"
257,"Aff. No. :2130698
Sch. Code:60315","State : UTTAR PRADESH
District : ALIGARH",Senior Secondary Level,"Name : DHARAM SAMAJ BAL MANDIR
Head/Principal Name: RACHANA GUPTA","Address : PARAO DUBEY ALIGARH UP
Website : www.dsbmalg.com"
258,"Aff. No. :2130708
Sch. Code:60320","State : UTTAR PRADESH
District : ALIGARH",Senior Secondary Level,"Name : BLACKDALE PUBLIC SCHOOL
Head/Principal Name: ASMI NAUSHAD","Address : VILLAGE MAHESHPUR PO ALIGARH DAIRY FORM BHAGWAN GARHI DISTT ALIGARH UTTAR PRADESH
Website : www.blackdale.org"
259,"Aff. No. :2130711
Sch. Code:60322","State : UTTAR PRADESH
District : ALIGARH",Senior Secondary Level,"Name : HERITAGE INTERNATIONAL SCHOOL
Head/Principal Name: Mr. Munish Kumar Srivastava","Address : TALANAGRI RAMGHAT ROAD ALIGARH UP
Website : www.hisaligarh.org"
260,"Aff. No. :2130528
Sch. Code:60232","State : UTTAR PRADESH
District : ALIGARH",Senior Secondary Level,"Name : MAHARISHI VIDYA MANDIR
Head/Principal Name: MAHENDRA UPADHYAYA","Address : AGRA ROAD ALIGARH UTTAR PRADESH
Website : www.mvmaligarh.org"
261,"Aff. No. :2130457
Sch. Code:60206","State : UTTAR PRADESH
District : ALIGARH",Senior Secondary Level,"Name : G D PUBIC SCHOOL
Head/Principal Name: PAYAL SINGH","Address : KHAIR ROAD ALIGARH UTTAR PRADESH
Website : www.gdpublicschoolaligarh.com"
262,"Aff. No. :2130445
Sch. Code:60200","State : UTTAR PRADESH
District : ALIGARH",Senior Secondary Level,"Name : ST. FIDELIS SCHOOL
Head/Principal Name: FR DR ROBERT VARGHESE","Address : TALA NAGARI ALIGARH UTTAR PRADESH
Website : www.stfidelisaligarh.org"
263,"Aff. No. :2130364
Sch. Code:60165","State : UTTAR PRADESH
District : ALIGARH",Senior Secondary Level,"Name : ALIGARH MODERN SCHOOL
Head/Principal Name: FATIMA","Address : BEHIND HADI HASAN HALL DHOERRA P O KWARSI ALIGARH UTTAR PRADESH
Website : www.aligarhmodernschool.com"
264,"Aff. No. :2130430
Sch. Code:60191","State : UTTAR PRADESH
District : ALIGARH",Senior Secondary Level,"Name : PAVNA SCHOOL ALIGARH
Head/Principal Name: ARTI JHA","Address : ALIGARH UTTAR PRADESH
Website : https://dpsaligarh.org/"
265,"Aff. No. :2130369
Sch. Code:60167","State : UTTAR PRADESH
District : ALIGARH",Senior Secondary Level,"Name : IQRA PUBLIC SCHOOL
Head/Principal Name: FATIMA IRAM","Address : SAYED NAGAR IQRA COLONY ALIGARH UTTAR PRADESH
Website : www.iqraschool.edu.in"
266,"Aff. No. :2130392
Sch. Code:60178","State : UTTAR PRADESH
District : ALIGARH",Senior Secondary Level,"Name : NEEHAR MEERA NATIONAL HIGH SCHOOL
Head/Principal Name: KALPLATA CHANDRAHAS","Address : CIRCULAR ROAD ETAH BYE PASS, KYAMPUR ALIGARH UTTAR PRADESH
Website :"
267,"Aff. No. :2130292
Sch. Code:60136","State : UTTAR PRADESH
District : ALIGARH",Senior Secondary Level,"Name : INGRAHAM INSTITUTE ENG-MED SCHOOL
Head/Principal Name: Anurita Singh","Address : G T ROAD BANNA DEVI ALIGARH UTTAR PRADESH
Website : www.ingrahaminstitutealigarh.com"
268,"Aff. No. :2130311
Sch. Code:60143","State : UTTAR PRADESH
District : ALIGARH",Senior Secondary Level,"Name : AYESHA TARIN MODERN PUBLIC SCHOOL
Head/Principal Name: SUBUHI KHAN","Address : ANOOPSHAHR ROAD ALIGARH UTTAR PRADESH
Website : www.ayeshatarin.com"
269,"Aff. No. :2130251
Sch. Code:60115","State : UTTAR PRADESH
District : ALIGARH",Senior Secondary Level,"Name : SARASWATI VIDYA MANDIR
Head/Principal Name: VIJAY PRAKASH SHARMA","Address : KESHAV NAGAR GONDA MOR KHER MARG ALIGARH UTTAR PRADESH
Website : www.svmaligarh.com"
270,"Aff. No. :2130072
Sch. Code:60024","State : UTTAR PRADESH
District : ALIGARH",Senior Secondary Level,"Name : BLUE BIRD HIGHER SECONDARY SCHOOL
Head/Principal Name: KRISHAN GOPAL UPADHYAY","Address : BANNA DEVI BHATTACHARYA BHAVAN G T ROAD ALIGARH UTTAR PRADESH
Website : www.bluebird.edu.in"
271,"Aff. No. :2130073
Sch. Code:60025","State : UTTAR PRADESH
District : ALIGARH",Senior Secondary Level,"Name : INGRAHAM INSTITUTE ENGLISH SCHOOL
Head/Principal Name: VINAY KUMAR LAL","Address : KASIMPUR ALIGARH UTTAR PRADESH
Website : www.ingrahaminstitute"
272,"Aff. No. :2130009
Sch. Code:60004","State : UTTAR PRADESH
District : ALIGARH",Senior Secondary Level,"Name : ZAKIR HUSAIN MODEL SR SEC SCHOOL
Head/Principal Name: SUMBUL NIGAR","Address : CIVIL LINES DODHPUR ALIGARH UTTAR PRADESH
Website : www.ZHMSSSALG.COM"
273,"Aff. No. :2130010
Sch. Code:60005","State : UTTAR PRADESH
District : ALIGARH",Senior Secondary Level,"Name : OUR LADY OF FATIMA HR SEC SCHOOL
Head/Principal Name: SR M JERIN","Address : RAMGHAT ROAD ALIGARH UTTAR PRADESH
Website : www.ourladyfatima.org"
274,"Aff. No. :2130035
Sch. Code:60012","State : UTTAR PRADESH
District : ALIGARH",Senior Secondary Level,"Name : ALIGARH PUBLIC SCHOOL
Head/Principal Name: Isar Ahmad Rizvi","Address : NISHAT KOTHI CIVIL LINES UNIVERSITY ROAD ALIGARH UTTAR PRADESH
Website : https://www.aligarhpublicschool.in/"
275,"Aff. No. :2120170
Sch. Code:62103","State : UTTAR PRADESH
District : ALIGARH",Senior Secondary Level,"Name : ATAL AWASIYA VIDYALAYA
Head/Principal Name: Rohit Saraswat","Address : GABHANA, ALIGARH
Website : www.atalvidyalaya.org"
276,"Aff. No. :2120030
Sch. Code:62004","State : UTTAR PRADESH
District : ALIGARH",Senior Secondary Level,"Name : ABHINAV VIDYALAYA CHHALESAR
Head/Principal Name: ASHOK KUMAR","Address : BLOCK- JAWAN SIKANDARPUR, DISTT. ALIGARH UP
Website : https://abhinavcbsealigarh.blogspot.com"
277,"Aff. No. :2100087
Sch. Code:64028","State : UTTAR PRADESH
District : ALIGARH",Senior Secondary Level,"Name : PM SHRI KENDRIYA VIDYALAYA
Head/Principal Name: KHUSHI RAM","Address : RAMGHAT ROAD, DEVSAINI, ALIGARH UTTAR PRADESH
Website : www.aligarh.kvs.ac.in"
278,"Aff. No. :2100100
Sch. Code:84066","State : UTTAR PRADESH
District : BUDAUN",Senior Secondary Level,"Name : PM SHRI KENDRIYA VIDYALAYA
Head/Principal Name: NARESH KUMAR SINGH SHELOT","Address : SHEIKUPUR, BUDAUN, UTTAR PRADESH
Website : https://budaun.kvs.ac.in/"
279,"Aff. No. :2120044
Sch. Code:83025","State : UTTAR PRADESH
District : BUDAUN",Senior Secondary Level,"Name : RAJKIYA ASHRAM PADDHATI VIDYALAYA
Head/Principal Name: RAJENDRA SINGH","Address : SAMRER BADAUN U.P-243630
Website : https://atspanel.upsdc.gov.in"
280,"Aff. No. :2130329
Sch. Code:81123","State : UTTAR PRADESH
District : BUDAUN",Senior Secondary Level,"Name : MOTHER ATHENA SCHOOL
Head/Principal Name: PAVITRA YADAV","Address : KAKRALA ROAD BUDAUN UTTAR PRADESH
Website : https://motherathenaschool.in"
281,"Aff. No. :2130330
Sch. Code:81103","State : UTTAR PRADESH
District : BUDAUN",Senior Secondary Level,"Name : MAHARISHI VIDYA MANDIR.
Head/Principal Name: Gyanendra Kumar","Address : ALLAPUR ROAD NEAR FCI GODOWN BADAUN UTTAR PRADESH
Website : https://www.mvmbadaun.org"
282,"Aff. No. :2130717
Sch. Code:81200","State : UTTAR PRADESH
District : BUDAUN",Senior Secondary Level,"Name : FLORENCE NIGHTINGALE PUBLIC SCHOOL
Head/Principal Name: NAVNEET KUMAR SINGH","Address : UJHANI ROAD BAIDAUN UTTAR PRADESH
Website : www.florencebudaun.com"
283,"Aff. No. :2130868
Sch. Code:81221","State : UTTAR PRADESH
District : BUDAUN",Senior Secondary Level,"Name : BLOOMING DALES SCHOOL
Head/Principal Name: SANJEEV SINGH RATHORE","Address : SHYAM NAGAR BAREILLY MATHURA ROAD BADAUN UTTAR PRADESH
Website : www.bloomingdaleschool.co.in"
284,"Aff. No. :2130987
Sch. Code:81236","State : UTTAR PRADESH
District : BUDAUN",Senior Secondary Level,"Name : B.R.B. MODEL SCHOOL
Head/Principal Name: BRIJESH BHATT","Address : KHERA BUJURAG, NEAR HAR PRASAD MANDIR, BAREILLY ROAD, BADAUN
Website : www.brbmodelschool.org"
285,"Aff. No. :2131172
Sch. Code:81261","State : UTTAR PRADESH
District : BUDAUN",Senior Secondary Level,"Name : R.K. PUBLIC SCHOOL
Head/Principal Name: SUKHVIR SINGH SIKARWAR","Address : NEAR MUJARIA CHOWKI VILL. & POST- RASULA UJHANI, BADAUN,
Website : www.rkpublicschoolujhani.com"
286,"Aff. No. :2131121
Sch. Code:81265","State : UTTAR PRADESH
District : BUDAUN",Secondary Level,"Name : D.P. VIDYAPEETH
Head/Principal Name: DIVYA YADAV","Address : D.P. VIDYAPEETH, DHANARI
Website : https://dpvidhyapeethdhanari.com"
287,"Aff. No. :2131545
Sch. Code:81330","State : UTTAR PRADESH
District : BUDAUN",Senior Secondary Level,"Name : S.D.B. PUBLIC SCHOOL
Head/Principal Name: LALITA BATRA","Address : 4TH K.M. STONE, CHANDAUSI ROAD, BISAULI-202520 (BUDAUN)
Website : www.sdbschool.com"
288,"Aff. No. :2131909
Sch. Code:81787","State : UTTAR PRADESH
District : BUDAUN",Senior Secondary Level,"Name : ZEALOT PUBLIC SCHOOL
Head/Principal Name: JYOTI LATA","Address : RASOOLPUR BILHARI, ALAPUR ROAD, BUDAUN
Website : www.zealotpublicschool.in"
289,"Aff. No. :2131929
Sch. Code:81797","State : UTTAR PRADESH
District : BUDAUN",Senior Secondary Level,"Name : APS INTERNATIONAL SCHOOL
Head/Principal Name: RAVINDER BHATT","Address : BAREILLY MATHURA HIGHWAY, OPP. HPCL PETROL PUMP, BUDAUN ROAD, UJHANI
Website : www.apsinternationalujhani.ac.in"
290,"Aff. No. :2132058
Sch. Code:81809","State : UTTAR PRADESH
District : BUDAUN",Senior Secondary Level,"Name : D.A.M. PUBLIC SCHOOL
Head/Principal Name: Harendra Kumar","Address : GUNNAUR SAMBHAL
Website : www.dampublicschool.in"
291,"Aff. No. :2132144
Sch. Code:81813","State : UTTAR PRADESH
District : BUDAUN",Senior Secondary Level,"Name : H P INTERNATIONAL SCHOOL
Head/Principal Name: Sandeep Pandey","Address : DATAGANJ ROAD BADAUN-234601 UTTAR PRADESH
Website : www.hpinternationalschool.com"
292,"Aff. No. :2132173
Sch. Code:81819","State : UTTAR PRADESH
District : BUDAUN",Senior Secondary Level,"Name : BABA INTERNATIONAL SCHOOL
Head/Principal Name: RUPA MAHESHWARI","Address : GRAM-RAIPUR BUZURG,BILSI,BADAUN,UP
Website : www.babainternationalschool.com"
293,"Aff. No. :2132213
Sch. Code:81828","State : UTTAR PRADESH
District : BUDAUN",Senior Secondary Level,"Name : AL-HAFEEZ EDUCATIONAL ACADEMY
Head/Principal Name: NISHAT FAROOQUI","Address : BABRALA ROAD
Website : www.alhafeezeducationalacademy.com"
294,"Aff. No. :2132224
Sch. Code:81830","State : UTTAR PRADESH
District : BUDAUN",Senior Secondary Level,"Name : TITHONUS INTERNATIONAL SCHOOL
Head/Principal Name: ASHISH RASTOGI","Address : S.H.33 MATHURA ROAD
Website : www.tithonusinternationalschool.ac.in"
295,"Aff. No. :2132873
Sch. Code:81919","State : UTTAR PRADESH
District : BUDAUN",Senior Secondary Level,"Name : BLOOMING FLOWERS ENGLISH SCHOOL
Head/Principal Name: ANIL KUMAR SHARMA","Address : VILLAGE KUDHOLI POST BISAULI DISTT BADAUN
Website : https://bloomingflowersschool.in/"
296,"Aff. No. :2133115
Sch. Code:81947","State : UTTAR PRADESH
District : BUDAUN",Senior Secondary Level,"Name : GLOBAL HERITAGE INTERNATIONAL SCHOOL
Head/Principal Name: MANOJ KUMAR SHARMA","Address : VILL,ORCHI TEHSIL BISAULI DISTT, BADAUN 243632
Website : www.ghischool.in"
297,"Aff. No. :2133284
Sch. Code:81984","State : UTTAR PRADESH
District : BUDAUN",Secondary Level,"Name : PINNACLE INTERNATIONAL ACADEMY
Head/Principal Name: Vinod singh","Address : NAWADA ROAD VILLAGE BHATPURA BISAULI BDAUN 243720
Website : www.pinnacleinternationalacademy.co.in"
298,"Aff. No. :2133415
Sch. Code:82007","State : UTTAR PRADESH
District : BUDAUN",Senior Secondary Level,"Name : GANGA PUBLIC SCHOOL
Head/Principal Name: Sunil Kumar Saxena","Address : ALLAHPUR-ALINAGAR ROAD,ISLAMNAGAR
Website : www.gangapublicschool.in"
299,"Aff. No. :2133467
Sch. Code:82018","State : UTTAR PRADESH
District : BUDAUN",Senior Secondary Level,"Name : V.R.PUBLIC SCHOOL
Head/Principal Name: SAWLI MISRA BISWAS","Address : VILL.ALLAHPUR,BEHJOI ROAD ISLAMNAGAR,BADAUN
Website : https://vrpublicschool.edu.in"
300,"Aff. No. :2133625
Sch. Code:80029","State : UTTAR PRADESH
District : BUDAUN",Senior Secondary Level,"Name : BLOOMING DALE SCHOOL
Head/Principal Name: ANUPAM PRAKASH VAISH","Address : DATAGANJ BAREILLY ROAD BADAUN UTTAR PRADESH
Website : www.bloomingdaleschooldataganj.com"
301,"Aff. No. :2133522
Sch. Code:82024","State : UTTAR PRADESH
District : BUDAUN",Senior Secondary Level,"Name : MOTHERS PUBLIC SCHOOL
Head/Principal Name: Stuti Purwar","Address : VILL LODHA, BAHERI, NEAR BALAJI TEMPLE, UJHANI ROAD, BUDAUN
Website : www.motherspublicschool.co.in"
302,"Aff. No. :2133768
Sch. Code:80098","State : UTTAR PRADESH
District : BUDAUN",Senior Secondary Level,"Name : DELHI PUBLIC SCHOOL
Head/Principal Name: RAJEEV SAMANTO","Address : CIVIL LINES, BUDAUN
Website : www.dpsbudaun.com"
303,"Aff. No. :2134019
Sch. Code:80144","State : UTTAR PRADESH
District : BUDAUN",Senior Secondary Level,"Name : LORD KRISHNA INTERNATIONAL SCHOOL
Head/Principal Name: DEEPAK TYAGI","Address : BUDAUN, UTTAR PRADESH 243601
Website : http://www.lkischool.com/"
304,"Aff. No. :2134116
Sch. Code:80162","State : UTTAR PRADESH
District : BUDAUN",Senior Secondary Level,"Name : N S ACADEMY
Head/Principal Name: BHAWNA SHARMA","Address : VILLAGE AND POST PEPAL, TEHSIL BISAULI, DISTRICT BUDAUN
Website : HTTP://NSACADEMY.CO.IN"
305,"Aff. No. :2134289
Sch. Code:80205","State : UTTAR PRADESH
District : BUDAUN",Secondary Level,"Name : HARBILAS GOYAL INTERNATIONAL SCHOOL
Head/Principal Name: GAURAV","Address : OPPOSITE MANDI SAMITI, UJHANI, BUDAUN
Website : https://hginternationalschool.com/"
306,"Aff. No. :2134440
Sch. Code:61717","State : UTTAR PRADESH
District : BUDAUN",Senior Secondary Level,"Name : DHANWATI DEVI SARASWATI BALIKA INTER COLLEGE
Head/Principal Name: GEETA KUMARI","Address : NEAR GAUSHALA FATAK, ACHAURA ROAD, UJHANI, BUDAUN
Website : https://ddsbic.co.in/"
307,"Aff. No. :2134442
Sch. Code:61718","State : UTTAR PRADESH
District : BUDAUN",Secondary Level,"Name : SETH M.R. JAIPURIA SCHOOL, SAHASWAN
Head/Principal Name: Praveen Arora","Address : VILLAGE KHANDAK, SAHASWAN, SAHASWAN
Website : www.jaipuriaschoolsahaswan.in"
308,"Aff. No. :2134377
Sch. Code:61693","State : UTTAR PRADESH
District : BUDAUN",Senior Secondary Level,"Name : GD GOENKA PUBLIC SCHOOL
Head/Principal Name: Pushpraj Singh","Address : 3 KM MILESTONE FROM MEDICAL COLLEGE , BUDAUN UJHANI ROAD, BUDAUN, 243639
Website : www.gdgoenkabudaun.com"
309,"Aff. No. :2134556
Sch. Code:61753","State : UTTAR PRADESH
District : BUDAUN",Secondary Level,"Name : S R CONVENT SCHOOL
Head/Principal Name: SANTOSH KUMAR GUPTA","Address : VIKRAMPUR CHARSORA, BILSI ROAD, ISLAMNAGAR, DISTRICT-BUDAUN 243724
Website : www.srconventschool.in"
310,"Aff. No. :2134703
Sch. Code:61807","State : UTTAR PRADESH
District : BUDAUN",Secondary Level,"Name : R S MILLENNIUM SCHOOL
Head/Principal Name: SWAPNIL RASTOGI","Address : BISAULI ROAD, BHAGWATIPUR GHAIR, BUDAUN UTTAR PRADESH
Website : https://rsmillenniumschool.in/"
311,"Aff. No. :2140073
Sch. Code:84087","State : UTTAR PRADESH
District : BUDAUN",Senior Secondary Level,"Name : JAWAHAR NAVODAYA VIDYALAYA BUDAUN UP
Head/Principal Name: BHAGAT SINGH","Address : VILLAGE NAGPUR POST BHANPUR TEH BISAULI DISTRICT BUDAUN UP PIN 243720
Website : www.navodaya.gov.in/nvs/nvs-school/BUDAUN/en/home/"
312,"Aff. No. :2140051
Sch. Code:64046","State : UTTAR PRADESH
District : BAGHPAT",Senior Secondary Level,"Name : JAWAHAR NAVODAYA VIDYALAYA
Head/Principal Name: DUSHYANT KUMAR SINGH","Address : SARFABAD PO PHULERA DISTT BAGHPAT UP
Website : https://navodaya.gov.in/nvs/nvs-school/Baghpat/en/"
313,"Aff. No. :2134785
Sch. Code:61832","State : UTTAR PRADESH
District : BAGHPAT",Secondary Level,"Name : DHARAM PUBLIC SCHOOL
Head/Principal Name: NITIKA YADAV","Address : MEERUT BAGHPAT ROAD, BALENI, BAGHPAT
Website : https://dharampublicschool.info/index.php"
314,"Aff. No. :2134630
Sch. Code:61777","State : UTTAR PRADESH
District : BAGHPAT",Senior Secondary Level,"Name : ST. R.V. CONVENT SCHOOL
Head/Principal Name: Nirdosh Sharma","Address : JIWANA, GULIYAN BINAULI, BARAUT BAGHPAT
Website : www.strvconventschooljiwana.co.in"
315,"Aff. No. :2134592
Sch. Code:61762","State : UTTAR PRADESH
District : BAGHPAT",Senior Secondary Level,"Name : K.B.M INTERNATIONAL SCHOOL
Head/Principal Name: TRIPTI JAIN","Address : VILLAGE AND POST-SINGHAWALI AHIR, BLOCK- PILANA DISTRICT- BAGHPAT, UTTAR PRADESH 250606
Website : https://kbmintschool.in/"
316,"Aff. No. :2134354
Sch. Code:61686","State : UTTAR PRADESH
District : BAGHPAT",Secondary Level,"Name : MERITORIUM PRISTINE SCHOOL
Head/Principal Name: SUNEETA TOMAR","Address : VILLAGE - NETHLA, GAURIPUR - NETHLA - NINANA LINK ROAD, BAGHPAT
Website : https://mpsbaghpat.com/"
317,"Aff. No. :2134307
Sch. Code:61671","State : UTTAR PRADESH
District : BAGHPAT",Senior Secondary Level,"Name : READ GLOBAL PUBLIC SCHOOL
Head/Principal Name: SANGEETA JHA","Address : VILLAGE- NIRPURA , SUB DIVISION BARAUT , DISTRICT BAGHPAT
Website : https://readglobalpublicschool.com/"
318,"Aff. No. :2134272
Sch. Code:61658","State : UTTAR PRADESH
District : BAGHPAT",Senior Secondary Level,"Name : MOTHER TERESA ACADEMY
Head/Principal Name: Nargis","Address : NEAR BY TRAR BHATTA , BARAUT, BAGHPAT U.P
Website : www.motherteresaacademybaraut.in"
319,"Aff. No. :2134060
Sch. Code:61598","State : UTTAR PRADESH
District : BAGHPAT",Senior Secondary Level,"Name : M.D. BALIKA VIDYAPEETH
Head/Principal Name: REENA GOYAL","Address : MEERUT BARAUT ROAD , BINAULI BAGHPAT , BAGHPAT
Website : www.mdbp-edu.in"
320,"Aff. No. :2134163
Sch. Code:61626","State : UTTAR PRADESH
District : BAGHPAT",Senior Secondary Level,"Name : GOLDEN GATE INTERNATIONAL SCHOOL
Head/Principal Name: MANJU CHIKARA","Address : NEAR RIVER PARK , DELHI ROAD , BAGHPAT U.P. 250609
Website : www.ggischool.co.in"
321,"Aff. No. :2134030
Sch. Code:61591","State : UTTAR PRADESH
District : BAGHPAT",Senior Secondary Level,"Name : REGALS ACADEMY
Head/Principal Name: MEERA","Address : BAGHPAT, U.P. PINCODE - 250615
Website : https://regalsacademy.com/"
322,"Aff. No. :2133943
Sch. Code:61566","State : UTTAR PRADESH
District : BAGHPAT",Senior Secondary Level,"Name : ST XAVIER'S WORLD SCHOOL
Head/Principal Name: KIRPAL SINGH","Address : NH 334B MEERUT ROAD, BAGHPAT
Website : www.baghpat.stxaviersworldschool.com"
323,"Aff. No. :2133931
Sch. Code:61560","State : UTTAR PRADESH
District : BAGHPAT",Senior Secondary Level,"Name : NEW ERA WORLD SCHOOL
Head/Principal Name: MEENU SIROHI","Address : BINAULI, BAGHPAT
Website : www.neweraworldschool.in"
324,"Aff. No. :2133828
Sch. Code:61518","State : UTTAR PRADESH
District : BAGHPAT",Senior Secondary Level,"Name : MADHAV SARASWATI VIDYA MANDIR SUBHANPUR
Head/Principal Name: RAVISH KUMAR","Address : MADHAV MARG SUBHANPUR MANDAULA BAGHPAT, MADHAV MARG SUBHANPUR MANDAULA
Website : www.madhavsvm.in"
325,"Aff. No. :2133746
Sch. Code:61446","State : UTTAR PRADESH
District : BAGHPAT",Senior Secondary Level,"Name : GODWIN PUBLIC SCHOOL
Head/Principal Name: RENU","Address : GRAM KIRTHAL PARGANA CHHAPRAULI TEH BARAUT DISST BAGPAT
Website : https://gpskirthal.com"
326,"Aff. No. :2133389
Sch. Code:61320","State : UTTAR PRADESH
District : BAGHPAT",Senior Secondary Level,"Name : AMBIENCE GLOBAL PUBLIC SCHOOL
Head/Principal Name: Neelam Rani Sharma","Address : VILL SUNHERA BAGHPAT
Website : www.ambienceglobal.in"
327,"Aff. No. :2133274
Sch. Code:61289","State : UTTAR PRADESH
District : BAGHPAT",Senior Secondary Level,"Name : RAM MEHAR VIDYALAYA
Head/Principal Name: PRATIBHA ARYA","Address : VILLAGE- GANGNOLI, DOGHAT ROAD
Website : http://www.rmvidyalaya.com/"
328,"Aff. No. :2133042
Sch. Code:61221","State : UTTAR PRADESH
District : BAGHPAT",Secondary Level,"Name : DIVINE GLOBAL ACADEMY
Head/Principal Name: KAMISHAN KUMAR","Address : CHHAPRAULI ROAD,BARAUT BAGPAT UP
Website : www.divineglobalacademy.com"
329,"Aff. No. :2133026
Sch. Code:61212","State : UTTAR PRADESH
District : BAGHPAT",Senior Secondary Level,"Name : DEVAS PUBLIC SCHOOL
Head/Principal Name: Shantanu Malik","Address : VILLAGE-HISAVADA, BLOCK-PILANA DISTRICT-BAGHPAT, U.P. PIN-250615
Website : www.devaspublicschool.com"
330,"Aff. No. :2132354
Sch. Code:60967","State : UTTAR PRADESH
District : BAGHPAT",Senior Secondary Level,"Name : ALPINE PUBLIC SCHOOL
Head/Principal Name: ANUJ KUMAR SAXENA","Address : LOOMB
Website : http://www.alpinepublicschoolloomb.com"
331,"Aff. No. :2132296
Sch. Code:60951","State : UTTAR PRADESH
District : BAGHPAT",Senior Secondary Level,"Name : SUNBEAM PUBLIC SCHOOL
Head/Principal Name: Deepesh Jain","Address : TOWN- DOGHAT
Website : http://www.sunbeampublicschool.com"
332,"Aff. No. :2132293
Sch. Code:60949","State : UTTAR PRADESH
District : BAGHPAT",Senior Secondary Level,"Name : JAI PARVATI GLOBAL SCHOOL
Head/Principal Name: DEEPA CHAUDHARY","Address : VILL- RAMALA TEH- BARAUT DISTT-BAGPAT
Website : www.jaiparvatiglobalschool.in"
333,"Aff. No. :2132273
Sch. Code:60940","State : UTTAR PRADESH
District : BAGHPAT",Senior Secondary Level,"Name : MOUNT LITERA ZEE SCHOOL, BARAUT
Head/Principal Name: NISHANT KUMAR","Address : SAHAPUR BADOLI , DELHI SAHARANPUR ROAD
Website : www.mlzsbaraut.in"
334,"Aff. No. :2132464
Sch. Code:61004","State : UTTAR PRADESH
District : BAGHPAT",Senior Secondary Level,"Name : DELHI PUBLIC SCHOOL BAGHPAT
Head/Principal Name: Ragini Chaudhary","Address : VILL. DUNDAHERA POST KHEKRA DIST BAGHPAT
Website : http://www.dpsbaghpat.com"
335,"Aff. No. :2132520
Sch. Code:61022","State : UTTAR PRADESH
District : BAGHPAT",Senior Secondary Level,"Name : SHRI RAM PUBLIC SCHOOL DOGHAT
Head/Principal Name: Dr RAJEEV KUMAR","Address : DOGHAT
Website : www.shrirampubsch.com"
336,"Aff. No. :2132521
Sch. Code:61023","State : UTTAR PRADESH
District : BAGHPAT",Senior Secondary Level,"Name : SHAHEED MANVEER NATIONAL SCHOOL
Head/Principal Name: SEEMA","Address : VPO BALI
Website : www.smnschool.com"
337,"Aff. No. :2132498
Sch. Code:61015","State : UTTAR PRADESH
District : BAGHPAT",Senior Secondary Level,"Name : ST. R.V. CONVENT SCHOOL
Head/Principal Name: Pankaj Sharma","Address : DELHI ROAD BADOLI BARAUT BAGPAT
Website : www.strvconventschool.com"
338,"Aff. No. :2132643
Sch. Code:61076","State : UTTAR PRADESH
District : BAGHPAT",Senior Secondary Level,"Name : OMEGA WORLD JUNIOR HIGH SCHOOL
Head/Principal Name: KRISHANPAL","Address : BARAUT-AMINAGARSARI ROAD,TITRODA,BAGHPAT
Website : www.omegaworldschool.in"
339,"Aff. No. :2132626
Sch. Code:61067","State : UTTAR PRADESH
District : BAGHPAT",Senior Secondary Level,"Name : JOHAR PUBLIC SCHOOL
Head/Principal Name: RACHNA JOHAR","Address : JOHAR PUBLIC SCHOOL, MAHAVATPUR,BARAUT,BAGHPAT
Website : www.joharschool.com"
340,"Aff. No. :2132628
Sch. Code:61068","State : UTTAR PRADESH
District : BAGHPAT",Secondary Level,"Name : MAHARANA PRATAP PUBLIC SCHOOL
Head/Principal Name: MANOJ KUMAR","Address : AGGARWAL MANDI TATIRI DISTT- BAGHPAT
Website : www.maharanapratappublicschool.com"
341,"Aff. No. :2132581
Sch. Code:61049","State : UTTAR PRADESH
District : BAGHPAT",Secondary Level,"Name : SANSKRITI PUBLIC SCHOOL
Head/Principal Name: Haridutt Sharma","Address : VPO SHABGA
Website : www.spsshabga.com"
342,"Aff. No. :2132618
Sch. Code:61064","State : UTTAR PRADESH
District : BAGHPAT",Secondary Level,"Name : DIVYA JYOTI PUBLIC SCHOOL
Head/Principal Name: ARUN KUMAR","Address : VILL- KYAMPUR,POST- SURAJ BAGPAT
Website : http://www.divyajyotipublicschool.in"
343,"Aff. No. :2132128
Sch. Code:60889","State : UTTAR PRADESH
District : BAGHPAT",Senior Secondary Level,"Name : J.P. ACADEMY
Head/Principal Name: VIRENDER SINGH","Address : MUBARIKPUR ROAD
Website : www.jpacademykhekra.in"
344,"Aff. No. :2132130
Sch. Code:60890","State : UTTAR PRADESH
District : BAGHPAT",Senior Secondary Level,"Name : THE ROYAL GOPI INTERNATIONAL SCHOOL
Head/Principal Name: INDER PAL SINGH","Address : VILL.:AHERA POST : AHERA DISTT. : BAGHPAT
Website : https://trgis.in/"
345,"Aff. No. :2131934
Sch. Code:60809","State : UTTAR PRADESH
District : BAGHPAT",Secondary Level,"Name : CHETNA JUNIOR HIGH SCHOOL
Head/Principal Name: DESHBEER SINGH","Address : BARAL, BAGPAT,UP
Website : www.chetnasecondaryschool.com"
346,"Aff. No. :2131939
Sch. Code:60811","State : UTTAR PRADESH
District : BAGHPAT",Senior Secondary Level,"Name : VEDANTIC INTERNATIONAL SCHOOL
Head/Principal Name: SUDHA SHARMA","Address : ZERO MILES STONE,AMINAGARSARAI,BAGPAT,UP
Website : www.vedanticinternationalschool.com"
347,"Aff. No. :2131871
Sch. Code:60789","State : UTTAR PRADESH
District : BAGHPAT",Senior Secondary Level,"Name : VISHVABHARTI VIDYAPEETH
Head/Principal Name: DEVVRAT SHASTRI","Address : BARAUT-TANDA ROAD CHHAPRAULI NEAR BIG POWER HOUSE
Website : www.vbvpchhaprauli.com"
348,"Aff. No. :2131833
Sch. Code:60769","State : UTTAR PRADESH
District : BAGHPAT",Senior Secondary Level,"Name : GROWELL JUNIOR HIGH SCHOOL
Head/Principal Name: KAMAL DEEP JINDAL","Address : BARAUT, BAGHPAT
Website : www.growellschool.in"
349,"Aff. No. :2131539
Sch. Code:60668","State : UTTAR PRADESH
District : BAGHPAT",Senior Secondary Level,"Name : DEV KRISHNA PUBLIC SCHOOL
Head/Principal Name: SONU YADAV","Address : BASI ROAD KHEKRA, BAGHPAT
Website : www.devkrishnapublicschool.com"
350,"Aff. No. :2131536
Sch. Code:60666","State : UTTAR PRADESH
District : BAGHPAT",Secondary Level,"Name : MAHASHAY JAICHAND MEMORIAL PUBLIC SCHOOL
Head/Principal Name: Nirdosh Sharma","Address : VILLAGE JIWANA GULIYAN POST BINAULI DISTRICT BAGHPAT
Website : www.mjmpublicschool.in"
351,"Aff. No. :2131610
Sch. Code:60685","State : UTTAR PRADESH
District : BAGHPAT",Senior Secondary Level,"Name : NARAYAN SAVITRI PUBLIC SCHOOL KATHA BAGHPAT
Head/Principal Name: ANIL KUMAR","Address : VILL & POST KATHA
Website : https://www.nspsbaghpat.in"
352,"Aff. No. :2131436
Sch. Code:60639","State : UTTAR PRADESH
District : BAGHPAT",Senior Secondary Level,"Name : LORD MAHAVIRA ACADEMY
Head/Principal Name: VIKRAM SINGH DANGI","Address : GURANA ROAD,BARAUT,DISTT. BAGHPAT(UP)
Website :"
353,"Aff. No. :2131451
Sch. Code:60642","State : UTTAR PRADESH
District : BAGHPAT",Senior Secondary Level,"Name : ALPINE PUBLIC SCHOOL,
Head/Principal Name: ANKUR SINGH","Address : VILLAGE JIVANA BARAUT, SHAMLI ROAD, BAGHPAT
Website : https://alpinepublicschooljivana.in/"
354,"Aff. No. :2131461
Sch. Code:60645","State : UTTAR PRADESH
District : BAGHPAT",Senior Secondary Level,"Name : MINERVA PUBLIC SCHOOL
Head/Principal Name: DHANENDRA KUMAR","Address : ADARSH NANGLA, BAGHPAT (U.P)
Website : www.minervaps.com"
355,"Aff. No. :2131682
Sch. Code:60708","State : UTTAR PRADESH
District : BAGHPAT",Senior Secondary Level,"Name : GATEWAY INTERNATIONAL SCHOOL,
Head/Principal Name: SANJAY KUMAR","Address : KHANDWARI BANGAR, BARAUT ROAD, BAGHPAT, UP
Website : www.gateway-baghpat.com"
356,"Aff. No. :2131716
Sch. Code:60721","State : UTTAR PRADESH
District : BAGHPAT",Senior Secondary Level,"Name : MAHARISHI DAYANAND INTERNATIONAL SCHOOL
Head/Principal Name: Sunita Arya","Address : BARAUT - TANDA ROAD ADARSH NANGLA
Website : www.mdinternationalschool.com"
357,"Aff. No. :2131773
Sch. Code:60744","State : UTTAR PRADESH
District : BAGHPAT",Senior Secondary Level,"Name : PARAMOUNT PUBLIC SCHOOL
Head/Principal Name: SHAKTI SINGH","Address : TATIRI AGGARWAL MANDI, DISTRICT : BAGHPAT, U.P.
Website : http://www.paramountpublicschool.org"
358,"Aff. No. :2131774
Sch. Code:60745","State : UTTAR PRADESH
District : BAGHPAT",Senior Secondary Level,"Name : DEV PUBLIC SCHOOL
Head/Principal Name: PRATIBHA ARYA","Address : VILL POST - BHADAL
Website : www.devpublicschool.co.in"
359,"Aff. No. :2131812
Sch. Code:60762","State : UTTAR PRADESH
District : BAGHPAT",Senior Secondary Level,"Name : YOGINATH VIDYA PEETH
Head/Principal Name: ANIL KUMAR SHARMA","Address : SARURPUR KALAN
Website : www.ynvpschool.com"
360,"Aff. No. :2131184
Sch. Code:60528","State : UTTAR PRADESH
District : BAGHPAT",Senior Secondary Level,"Name : JAIN ACADEMY
Head/Principal Name: PAWAN KUMAR GUPTA","Address : KHEKRA, BAGHPAT
Website : http://jainacademy.online/"
361,"Aff. No. :2131234
Sch. Code:60551","State : UTTAR PRADESH
District : BAGHPAT",Senior Secondary Level,"Name : GURUKUL INTERNATIONAL SCHOOL
Head/Principal Name: PAWAN KUMAR TYAGI","Address : MEERUT ROAD,JIWANA,BARAUT,BAGPAT,U.P.-250611
Website : www.gurukuljiwana.com"
362,"Aff. No. :2131268
Sch. Code:60570","State : UTTAR PRADESH
District : BAGHPAT",Senior Secondary Level,"Name : KUMKUM MODI PUBLIC SCHOOL
Head/Principal Name: AJAY KUMAR SHARMA","Address : MALAKPUR, CHHAPRAULI RAOD, BARAUT, DISTT DISTT BAGHPAT, UTTAR PRADESH
Website : www.kmpsbaraut.com"
363,"Aff. No. :2131270
Sch. Code:60572","State : UTTAR PRADESH
District : BAGHPAT",Senior Secondary Level,"Name : NEW ERA INTERNATIONAL SCHOOL
Head/Principal Name: REKHA SHARMA","Address : NEW ERA INTERNATIONAL SCHOOL - KAKRIPUR
Website :"
364,"Aff. No. :2131298
Sch. Code:60585","State : UTTAR PRADESH
District : BAGHPAT",Senior Secondary Level,"Name : RESONANCE PUBLIC SCHOOL
Head/Principal Name: DEEPAK KUMAR","Address : BUDHANA ROAD, BADAUT, BAGHPAT
Website : http://resonancepublicschool.com/"
365,"Aff. No. :2131302
Sch. Code:60586","State : UTTAR PRADESH
District : BAGHPAT",Senior Secondary Level,"Name : CH. KEHAR SINGH DIVYA PUBLIC SCHOOL
Head/Principal Name: JP SINGH","Address : KOTANA ROAD, BARAUT
Website : www.cksetrust.com"
366,"Aff. No. :2131317
Sch. Code:60594","State : UTTAR PRADESH
District : BAGHPAT",Senior Secondary Level,"Name : SYADWAD JAIN ACADMY
Head/Principal Name: SEEMA DUGGAL","Address : TRILOK TRITH PARISAR BARA GOAN
Website : www.syadwadjainacademy.com"
367,"Aff. No. :2130974
Sch. Code:60440","State : UTTAR PRADESH
District : BAGHPAT",Senior Secondary Level,"Name : INDRAPRASTHA PUBLIC SCHOOL
Head/Principal Name: ANIL KUMAR","Address : VILLAGE KATHA KHEKRA, BAGHPAT (UP)
Website : www.indraprasthapublicschoolbaghpat.com"
368,"Aff. No. :2130926
Sch. Code:60420","State : UTTAR PRADESH
District : BAGHPAT",Senior Secondary Level,"Name : KONARK VIDYAPEETH
Head/Principal Name: ATUL KUMAR GOSWAMI","Address : BARA GAON ROAD, KHEKRA, DISTT. BAGHPAT
Website : www.konarkvidyapeeth.com"
369,"Aff. No. :2130945
Sch. Code:60432","State : UTTAR PRADESH
District : BAGHPAT",Senior Secondary Level,"Name : LAKSHYA PUBLIC SCHOOL
Head/Principal Name: O.P.N UPADHYAY","Address : DELHI ROAD, BAGHPAT, UTTAR PRADESH
Website : www.lakshyapublicschool.org.in"
370,"Aff. No. :2130876
Sch. Code:60394","State : UTTAR PRADESH
District : BAGHPAT",Senior Secondary Level,"Name : GURUKUL VIDYAPEETH
Head/Principal Name: PRABHA SINGHAL","Address : PATHSHALA ROAD KHEKRA BAGHPAT UTTAR PRADESH
Website : www gurukulvidyapeethkhekra.in"
371,"Aff. No. :2130653
Sch. Code:60292","State : UTTAR PRADESH
District : BAGHPAT",Senior Secondary Level,"Name : SARVODAYA PUBLIC SCHOOL
Head/Principal Name: VIVEK SHARMA","Address : AGGARWAL MANDI TATIRI DISTT BHAGHPAT UTTAR PRADESH
Website : www.sarvodaya.ind.in"
372,"Aff. No. :2130657
Sch. Code:60295","State : UTTAR PRADESH
District : BAGHPAT",Senior Secondary Level,"Name : HOLY CHILD ACADEMY
Head/Principal Name: ANITA DEVI","Address : RAILWAY ROAD KHEKRA BAGHPAT UTTAR PRADESH
Website : www.holychildacademy.net"
373,"Aff. No. :2130802
Sch. Code:60362","State : UTTAR PRADESH
District : BAGHPAT",Senior Secondary Level,"Name : SAINT ANGELS PUBLIC SCHOOL
Head/Principal Name: SANOJ KUMAR","Address : CHAMRAWAL ROAD CHANDI NAGAR BAGHPAT UP
Website : www.saintangelsschool.com"
374,"Aff. No. :2130730
Sch. Code:60329","State : UTTAR PRADESH
District : BAGHPAT",Senior Secondary Level,"Name : VANASTHALI PUBLIC SCHOOL
Head/Principal Name: RANVIR KUMAR","Address : DELHI ROAD BARAUT DISTT BAGPAT UP
Website : www.vanasthalipublicschoolbaraut.com"
375,"Aff. No. :2130356
Sch. Code:60160","State : UTTAR PRADESH
District : BAGHPAT",Senior Secondary Level,"Name : J P PUBLIC SCHOOL
Head/Principal Name: Sharan Sharma","Address : DELHI ROAD NEAR ROADWAYS BUS DEPOT BARAUT, DISTT BAGHPAT, UTTAR PRADESH
Website : www.jppublicschool.com"
376,"Aff. No. :2130342
Sch. Code:60154","State : UTTAR PRADESH
District : BAGHPAT",Senior Secondary Level,"Name : D A V PUBLIC SCHOOL
Head/Principal Name: PARVESH KUMAR","Address : DIST BAGHPAT UTTAR PRADESH
Website : www.davpsbaghpat.org"
377,"Aff. No. :2130612
Sch. Code:60270","State : UTTAR PRADESH
District : BAGHPAT",Senior Secondary Level,"Name : VIDYA SAGAR SCHOOL
Head/Principal Name: ANIL CHAUDHARY","Address : MOHAN NAGAR BINOULI ROAD BARAUR BAGHPAT UTTAR PRADESH
Website : https://vidyasagarschool.in/"
378,"Aff. No. :2130584
Sch. Code:60258","State : UTTAR PRADESH
District : BAGHPAT",Senior Secondary Level,"Name : VIDYA BHAWAN PUBLIC SCHOOL
Head/Principal Name: ANITA SHARMA","Address : TAHSIL COMPOUND KHEKRA DISTT BAGHPAT UTTAR PRADESH
Website : www.vidyabhawan.co.in"
379,"Aff. No. :2100250
Sch. Code:64150","State : UTTAR PRADESH
District : BAGHPAT",Senior Secondary Level,"Name : PM SHRI KENDRIYA VIDYALAYA BAOLI BAGHPAT
Head/Principal Name: NAVAL SINGH","Address : BAOLI, BAGHPAT
Website : https://baolibaghpat.kvs.ac.in"
380,"Aff. No. :2100066
Sch. Code:64022","State : UTTAR PRADESH
District : BAGHPAT",Senior Secondary Level,"Name : PM SHRI KENDRIYA VIDYALAYA
Head/Principal Name: SHILPA MALHOTRA","Address : AIR FORCE STATION P.O.CHAMRAWAL CHANDI NAGAR, BAGHPAT, MEERUT UTTAR PRADESH
Website : www.afschandinagar.kvs.ac.in"
381,"Aff. No. :2100062
Sch. Code:64020","State : UTTAR PRADESH
District : BULANDSHAHAR",Senior Secondary Level,"Name : PM SHRI KENDRIYA VIDYALAYA
Head/Principal Name: Rajeev Kumar Singh","Address : BULANDSHAHR UTTAR PRADESH
Website : https://bulandshahar.kvs.ac.in/"
382,"Aff. No. :2120004
Sch. Code:60001","State : UTTAR PRADESH
District : BULANDSHAHAR",Senior Secondary Level,"Name : RAJKIYA ASHRAM PADDHATI VIDYALAYA
Head/Principal Name: BHARTI TOMAR","Address : BADNAURA, TEH. BARAN, DISTRICT, BULANDSHAR, U.P.
Website : http://rapvbadnaurabsr.org."
383,"Aff. No. :2130041
Sch. Code:62008","State : UTTAR PRADESH
District : BULANDSHAHAR",Senior Secondary Level,"Name : ATOMIC ENERGY CENTRAL SCHOOL
Head/Principal Name: Dileep Singh","Address : NAPP TOWNSHIP NARORA BULANDSHAHR UTTAR PRADESH
Website : www.aecsnarora.ac.in"
384,"Aff. No. :2120160
Sch. Code:62101","State : UTTAR PRADESH
District : BULANDSHAHAR",Senior Secondary Level,"Name : ATAL AWASIYA VIDYALAYA
Head/Principal Name: RAMBIR SINGH","Address : SIKANDRABAD, BULANDHAHAR
Website : www.atalvidyalaya.org"
385,"Aff. No. :2130021
Sch. Code:60007","State : UTTAR PRADESH
District : BULANDSHAHAR",Senior Secondary Level,"Name : NIRMALA CONVENT SCHOOL
Head/Principal Name: Sr Preetika","Address : Khasra No. 2116-2122, Near OM Farm House, Shikarpur Byepass Road
Website : www.nirmalaconventbsr.org"
386,"Aff. No. :2130234
Sch. Code:60108","State : UTTAR PRADESH
District : BULANDSHAHAR",Senior Secondary Level,"Name : AZAD PUBLIC SCHOOL
Head/Principal Name: SHILPI SINGH","Address : AZAD NAGAR BULANDSHAR UTTAR PRADESH
Website : www.azadpublicschool.com"
387,"Aff. No. :2130224
Sch. Code:60103","State : UTTAR PRADESH
District : BULANDSHAHAR",Senior Secondary Level,"Name : RAJBALA SPRING DALE ACADEMY
Head/Principal Name: Sunita Nagar","Address : RAILWAY ROAD SIKANDRABAD DISTT. BULANDSHAR UTTAR PRADESH
Website : www.rbsda.in"
388,"Aff. No. :2130260
Sch. Code:60121","State : UTTAR PRADESH
District : BULANDSHAHAR",Senior Secondary Level,"Name : NEW LANCER'S CONVENT
Head/Principal Name: Arti Sharma","Address : G T ROAD SIKKANDRABAD FILLING STATION SIKANDRABAD BULANDSHAHR UTTAR PRADESH
Website : https://nlcskb.in/"
389,"Aff. No. :2130201
Sch. Code:60091","State : UTTAR PRADESH
District : BULANDSHAHAR",Senior Secondary Level,"Name : RAJNI PUBLIC SCHOOL
Head/Principal Name: PRASHANT VARSHNEY","Address : DIBAI DISTT. BULANDSHAR UTTAR PRADESH
Website : www.rajnipublicschool.com"
390,"Aff. No. :2130116
Sch. Code:60045","State : UTTAR PRADESH
District : BULANDSHAHAR",Senior Secondary Level,"Name : KHALSA MONTESSI SCHOOL
Head/Principal Name: SANDEEP KUMAR SINGH","Address : NEAR EXHIBITION GROUND BULANDSHAR UTTAR PRADESH
Website : www.khalsabsr.in"
391,"Aff. No. :2130511
Sch. Code:60225","State : UTTAR PRADESH
District : BULANDSHAHAR",Senior Secondary Level,"Name : HAPPY BLUE BIRD PUB SCHOOL
Head/Principal Name: BHAGWATI DUTT SHARMA","Address : DRAUPODI DHAM 98TH KM STONE NARORA ROAD SHIKARPUR BULANDSHAUR UTTAR PRADESH
Website : www.hbbps.in"
392,"Aff. No. :2130602
Sch. Code:60267","State : UTTAR PRADESH
District : BULANDSHAHAR",Senior Secondary Level,"Name : RENAISSANCE SCHOOL
Head/Principal Name: Ashok Mathur","Address : NEAR CHAR YAAR D M COLONY ROAD BULANDSHAHR UTTAR PRADESH
Website : www.renaissance-bsr.com"
393,"Aff. No. :2130607
Sch. Code:60268","State : UTTAR PRADESH
District : BULANDSHAHAR",Senior Secondary Level,"Name : R K EDUCATIONAL SCHOOL
Head/Principal Name: NIDHI GOYAL","Address : INDUSTRIAL AREA G T ROAD SIKANDRABAD, DISTT BULANDSHAHR, UTTAR PRADESH
Website : www.rkeducationalschool.com"
394,"Aff. No. :2130590
Sch. Code:60262","State : UTTAR PRADESH
District : BULANDSHAHAR",Senior Secondary Level,"Name : ALPINE PUBLIC SCHOOL
Head/Principal Name: NIDHI GULATI","Address : JUNCTION ROAD KHURJA BULANDSHAHAR UTTAR PRADESH
Website : www.alpinekhurja.org"
395,"Aff. No. :2130571
Sch. Code:60251","State : UTTAR PRADESH
District : BULANDSHAHAR",Senior Secondary Level,"Name : MAHARAJA AGRASEN PUBLIC SCHOOL
Head/Principal Name: NARENDRA MITTAL","Address : MAHARAJA AGRASEN MARG KHURJA, DISTT BULANDSHAHR, UTTAR PRADESH
Website : www.mapskhurja.co.in"
396,"Aff. No. :2130543
Sch. Code:60237","State : UTTAR PRADESH
District : BULANDSHAHAR",Senior Secondary Level,"Name : JAY PEE VIDYA MANDIR
Head/Principal Name: NEENA CHATURVEDI","Address : ANOOPSHAHR BULANDSHAHR UTTAR PRADESH
Website : www.jaypeeschools-jvmasr.edu.in"
397,"Aff. No. :2130493
Sch. Code:60219","State : UTTAR PRADESH
District : BULANDSHAHAR",Senior Secondary Level,"Name : ST VIVEKANAND INTERNATIONAL SCHOOL
Head/Principal Name: ROHIL PARVEZ","Address : THANE SINGH NAGAR (HEERA CLY ) SIKANDRABAD UTTAR PRADESH
Website :"
398,"Aff. No. :2130500
Sch. Code:60222","State : UTTAR PRADESH
District : BULANDSHAHAR",Secondary Level,"Name : K P PUBLIC SCHOOL
Head/Principal Name: Shivangi Chaubey","Address : KHURJA BULANDSHAHR UTTAR PRADESH
Website : https://kppublicschool.in"
399,"Aff. No. :2130359
Sch. Code:60162","State : UTTAR PRADESH
District : BULANDSHAHAR",Senior Secondary Level,"Name : SHIVAM PUBLIC SCHOOL
Head/Principal Name: PREETI SINGH CHAUHAN","Address : SHIVAM NAGAR DHAKAR ROAD KHURJA UTTAR PRADESH
Website : www.shivampublicschool.com"
400,"Aff. No. :2130350
Sch. Code:60158","State : UTTAR PRADESH
District : BULANDSHAHAR",Senior Secondary Level,"Name : BABU BODH RAJ CONVENT SCHOOL
Head/Principal Name: JASVINDAR SINGH","Address : RAILWAY ROAD SIKANDRABAD DISTT BUBNESHAHAR UTTAR PRADESH
Website : http://bbcschool.in/"
401,"Aff. No. :2130318
Sch. Code:60145","State : UTTAR PRADESH
District : BULANDSHAHAR",Senior Secondary Level,"Name : LOYAL PUBLIC SCHOOL
Head/Principal Name: TANVI DARGAN","Address : JUNCTION ROAD, KHURJA, DISTT BULANDSHAHAR, UTTAR PRADESH
Website : www.lpskhurja.edu.in"
402,"Aff. No. :2130386
Sch. Code:60176","State : UTTAR PRADESH
District : BULANDSHAHAR",Senior Secondary Level,"Name : ALL SAINTS SCHOOL
Head/Principal Name: RACHEL RODGERS","Address : DELHI ROAD BULANDSHAHAR
Website : www.allsaintsbsr.in"
403,"Aff. No. :2130406
Sch. Code:60181","State : UTTAR PRADESH
District : BULANDSHAHAR",Senior Secondary Level,"Name : SURESH CHAND AGARWAL
Head/Principal Name: GOPAL SHARMA","Address : MEMORIAL PUB SCHOOL BULANDSHAHAR GULAOTHI BULANDSHAHAR UTTAR PRADESH
Website : https://www.scamgulaothi.com"
404,"Aff. No. :2130407
Sch. Code:60182","State : UTTAR PRADESH
District : BULANDSHAHAR",Senior Secondary Level,"Name : DELHI PUBLIC SCHOOL
Head/Principal Name: DHIRENDER SINGH YADAV","Address : YAMUNA PURAM PHASE-II BULANDSHAHAR UTTAR PRADESH
Website : www.dpsbulandshahr.com"
405,"Aff. No. :2130415
Sch. Code:60186","State : UTTAR PRADESH
District : BULANDSHAHAR",Senior Secondary Level,"Name : SMT. SAVITRI DEVI LAXMI CHANDRA SARASWATI VIDYA MANDIR SR. SEC. SCHOOL
Head/Principal Name: MOHIT SINGH CHAUHAN","Address : KHURJA DISTRICT BULANDSHAHAR UTTAR PRADESH
Website : www.svmkhurja.com"
406,"Aff. No. :2130436
Sch. Code:60196","State : UTTAR PRADESH
District : BULANDSHAHAR",Senior Secondary Level,"Name : DR JAGDISH MEMORIAL PUBLIC SCHOOL
Head/Principal Name: Hemant Kumar Sharma","Address : RAILWAY ROAD DIBAI BULANDSHAR UTTAR PRADESH
Website : www.drjmpschool.com"
407,"Aff. No. :2130661
Sch. Code:60296","State : UTTAR PRADESH
District : BULANDSHAHAR",Senior Secondary Level,"Name : ST MOMINA SCHOOL
Head/Principal Name: VARSHA SIROHI","Address : CHANDPUR ROAD BULANDSHAHR UTTAR PRADESH
Website : www.saintmominaschool.com"
408,"Aff. No. :2130666
Sch. Code:60299","State : UTTAR PRADESH
District : BULANDSHAHAR",Senior Secondary Level,"Name : SUNRISE PUBLIC SCHOOL
Head/Principal Name: ANITA CHAUDHARY","Address : BULANDSHAHR ROAD SIYANA BULANDSHAHR UTTAR PRADESH
Website : https://sunrisepublicschool-siyana.in/"
409,"Aff. No. :2130668
Sch. Code:60300","State : UTTAR PRADESH
District : BULANDSHAHAR",Senior Secondary Level,"Name : N R PUBLIC SCHOOL
Head/Principal Name: RAJ KUMAR GUPTA","Address : JUNCTION ROAD KHURJA DISTT BULANDSHAHR UTTAR PRADESH
Website : www.nrpskhurja.com"
410,"Aff. No. :2130628
Sch. Code:60278","State : UTTAR PRADESH
District : BULANDSHAHAR",Senior Secondary Level,"Name : MODERN ACADEMY
Head/Principal Name: PAWAN KUMAR","Address : GULAOTHI BULANDSHAHAR UTTAR PRADESH
Website : www.modernacademyedu.in"
411,"Aff. No. :2130896
Sch. Code:60406","State : UTTAR PRADESH
District : BULANDSHAHAR",Senior Secondary Level,"Name : DIVINE EDUCATIONAL INSTITUTE
Head/Principal Name: Punam Sharma","Address : SDM COURT COLONY, SIKANDRABAD
Website : www.divineeducationalinstituteedu.com"
412,"Aff. No. :2130897
Sch. Code:60407","State : UTTAR PRADESH
District : BULANDSHAHAR",Senior Secondary Level,"Name : BANARSI DAS MEMORIAL PUBLIC SCHOOL
Head/Principal Name: SHARAD SHARMA","Address : SHRI RAM VIHAR COLONY, SIYANA, BULANDSHAHAR, UP-203412
Website : www.bdmpublicschool.in"
413,"Aff. No. :2130893
Sch. Code:60404","State : UTTAR PRADESH
District : BULANDSHAHAR",Senior Secondary Level,"Name : KESHAV MADHAV SARASWATI VIDHYA MANDIR
Head/Principal Name: MANOJ KUMAR MISHRA","Address : KAKORE, DT.BULANDSHAHAR
Website : www.kmsvm.in"
414,"Aff. No. :2130916
Sch. Code:60414","State : UTTAR PRADESH
District : BULANDSHAHAR",Senior Secondary Level,"Name : RPS PUBLIC SCHOOL
Head/Principal Name: PUSHPLATA TOMAR","Address : KHURJA JEWAR ROAD VILL SIRYAL, DISTT BULANDSHAHR, UTTAR PRADESH
Website : www.rpspublicschool-siriyal.com"
415,"Aff. No. :2130904
Sch. Code:60411","State : UTTAR PRADESH
District : BULANDSHAHAR",Secondary Level,"Name : ALIGARH PUBLIC SCHOOL
Head/Principal Name: ATUL KUMAR","Address : SIYANA, BULANDSHAHAR
Website : www.apssiyana.in"
416,"Aff. No. :2130870
Sch. Code:60388","State : UTTAR PRADESH
District : BULANDSHAHAR",Senior Secondary Level,"Name : CHANDRAWATI PUBLIC SCHOOL
Head/Principal Name: NISHA TYAGI","Address : BUGRASI ROAD SIYANA BULANDSHEHAR UTTAR PRADESH
Website : www.chandrawatipublicschool.edu.in"
417,"Aff. No. :2130990
Sch. Code:60450","State : UTTAR PRADESH
District : BULANDSHAHAR",Senior Secondary Level,"Name : CITY CONVENT SCHOOL
Head/Principal Name: USHA BANSAL","Address : SIKANDRABAD, BULANDSHAHR (UP)
Website : www.cityconventschool.in"
418,"Aff. No. :2130995
Sch. Code:60453","State : UTTAR PRADESH
District : BULANDSHAHAR",Senior Secondary Level,"Name : NATION PUBLIC SCHOOL
Head/Principal Name: purshottam kumar","Address : BEHIND RAM VIHAR COLONY, JWARKHERA SAMPARK MARG, SHIKARPUR ROAD, BULANDSHAHR,UTTAR PRADESH
Website : www.nationpublicschool.com"
419,"Aff. No. :2131315
Sch. Code:60593","State : UTTAR PRADESH
District : BULANDSHAHAR",Senior Secondary Level,"Name : S. K. D. PUBLIC SCHOOL
Head/Principal Name: Harendra Kumar","Address : SALEMPUR, SHIKARPUR ROAD,
Website : www.skdpublicschool.in"
420,"Aff. No. :2131326
Sch. Code:60599","State : UTTAR PRADESH
District : BULANDSHAHAR",Senior Secondary Level,"Name : MODERN PUBLIC SCHOOL
Head/Principal Name: RAVINDRA PARASHAR","Address : IST BLOCK YAMUNA PURAM
Website : www.modernpublicschool-bsr.com"
421,"Aff. No. :2131202
Sch. Code:60537","State : UTTAR PRADESH
District : BULANDSHAHAR",Senior Secondary Level,"Name : B K PUBLIC SCHOOL
Head/Principal Name: DR REETA SHARMA","Address : BINNAIR DEVI ROAD, JAHANGIRABAD DISTT. BULANDSHAHR (UP)
Website : http://www.bkschooljahangirabad.in/"
422,"Aff. No. :2131205
Sch. Code:60539","State : UTTAR PRADESH
District : BULANDSHAHAR",Senior Secondary Level,"Name : BRAHMANAND PUBLIC SCHOOL
Head/Principal Name: Chhavi Sharma","Address : VILLAGE MACHKOLI,GT ROAD BULANDSHAHR, UTTAR PRADESH
Website : https://bps.bect.in"
423,"Aff. No. :2131199
Sch. Code:60535","State : UTTAR PRADESH
District : BULANDSHAHAR",Senior Secondary Level,"Name : SHIVAM PUBLIC SCHOOL
Head/Principal Name: AVNEESH KUMAR","Address : KAZAMPUR DEVLI GULAOTHI ROAD,
Website : www.shivamseniorsecondaryschool.com"
424,"Aff. No. :2131156
Sch. Code:60516","State : UTTAR PRADESH
District : BULANDSHAHAR",Senior Secondary Level,"Name : CHANDRA KANTA ENGLISH MEDIUM PUBLIC SCHOOL
Head/Principal Name: VINAYAK","Address : VILLAGE ISHAPUR, SIKANDDRABAD DISTT. BULANDSHAHR (UP)
Website : www.ckemssschool.in"
425,"Aff. No. :2131709
Sch. Code:60718","State : UTTAR PRADESH
District : BULANDSHAHAR",Senior Secondary Level,"Name : RAGHAV GLOBAL SCHOOL
Head/Principal Name: Satyesh Singh","Address : VILLAGE MANDAWALI, P.O.CHANDOK, MANDAWALI, SHIKARPUR, BULANDSHAHR, UP.
Website : www.rgsmandawali.com"
426,"Aff. No. :2131694
Sch. Code:60712","State : UTTAR PRADESH
District : BULANDSHAHAR",Senior Secondary Level,"Name : LAWRENCE ACADEMY
Head/Principal Name: SATPAL KAUR","Address : NEAR MEWATI FARM HOUSE BULANDSHAHAR ROAD GULAOTHI, DISTT BULANDSHAHR, UTTAR PRADESH
Website : https://www.lawrenceacademyedu.co.in/"
427,"Aff. No. :2131680
Sch. Code:60707","State : UTTAR PRADESH
District : BULANDSHAHAR",Senior Secondary Level,"Name : R.S.MEMORIAL OLYMPIAN PUBLIC SCHOOL
Head/Principal Name: VINOD PRAKASH SHARMA","Address : SMANPUR ROAD SHIKARPUR, BULANDSHAHAR,
Website : https://rsmemorialolympianpublicschool.org/"
428,"Aff. No. :2131614
Sch. Code:60687","State : UTTAR PRADESH
District : BULANDSHAHAR",Senior Secondary Level,"Name : ST. AERJAY PUBLIC SCHOOL
Head/Principal Name: Dr. S. P. Ojha","Address : VILL MACHKAULI, KURJA ROAD, DISTT BULANDSHAHR, UTTAR PRADESH
Website : www.staerjaypublicschool.com"
429,"Aff. No. :2131392
Sch. Code:60627","State : UTTAR PRADESH
District : BULANDSHAHAR",Senior Secondary Level,"Name : J P INTERNATIONAL SCHOOL
Head/Principal Name: Parul Singh","Address : SDM COLONY SIKANDRABAD DISTT BULANDSHAHR
Website : www.jpinternationalschool.in"
430,"Aff. No. :2131593
Sch. Code:60681","State : UTTAR PRADESH
District : BULANDSHAHAR",Senior Secondary Level,"Name : SANTOSH INTERNATIONAL SCHOOL
Head/Principal Name: Bhupendra Kumar","Address : VILL. HAJRATPUR SAMASKPUR, SANTOSH NAGAR, ANOOPSHAHR ROAD, DISTT BULANDSHAHR, UTTAR PRADESH
Website : www.santoshinternational.edu.in"
431,"Aff. No. :2131518
Sch. Code:60660","State : UTTAR PRADESH
District : BULANDSHAHAR",Senior Secondary Level,"Name : ASHOKA PUBLIC SCHOOL
Head/Principal Name: A BHANU","Address : SUBHASH ROAD KHURJA, BULANDSHAHAR, UTTAR PRADESH
Website : http://www.apskhurja.com"
432,"Aff. No. :2131519
Sch. Code:60661","State : UTTAR PRADESH
District : BULANDSHAHAR",Senior Secondary Level,"Name : VIDYAGYAN SCHOOL
Head/Principal Name: Meera Pandey","Address : VILLAGE - DULHERA, POST - WAIR, SIKANDRABAD, DISTT BULANDSHAHAR, UTTAR PRADESH
Website : www.vidyagyan.in"
433,"Aff. No. :2131523
Sch. Code:60663","State : UTTAR PRADESH
District : BULANDSHAHAR",Senior Secondary Level,"Name : GENIUS PUBLIC SCHOOL
Head/Principal Name: AVINASH KUMAR MISHRA","Address : PADHA, PAHASU, BULANDSHAHAR
Website : www.geniuspublicschoolindia.com"
434,"Aff. No. :2131858
Sch. Code:60784","State : UTTAR PRADESH
District : BULANDSHAHAR",Senior Secondary Level,"Name : SUNRISE GLOBAL SCHOOL
Head/Principal Name: Amit Kumar","Address : VILL. MANPUR, SAIDPUR ROAD
Website : https://sunriseglobalschool.com/"
435,"Aff. No. :2131911
Sch. Code:60803","State : UTTAR PRADESH
District : BULANDSHAHAR",Senior Secondary Level,"Name : R. K. INTERNATIONAL ACADEMY JUNIOR HIGH SCHOOL,
Head/Principal Name: NUTAN YADAV","Address : VILLAGE NANGLA GOVINDPUR, SIKANDRABAD.
Website : www.rkia.in"
436,"Aff. No. :2131887
Sch. Code:60795","State : UTTAR PRADESH
District : BULANDSHAHAR",Secondary Level,"Name : M.A.S PUBLIC SCHOOL
Head/Principal Name: DIPIKA GARG","Address : LACHHOI, CHARORA BULANDSHAHAR, UTTAR PRADESH
Website : www.masps.in"
437,"Aff. No. :2131987
Sch. Code:60826","State : UTTAR PRADESH
District : BULANDSHAHAR",Senior Secondary Level,"Name : ALINGUA PUBLIC SCHOOL
Head/Principal Name: RAKESH KUMAR","Address : VILLAGE KISOLA BLOCK AND TEHSIL SYANA DISTRICT BULANDSHAHR UP
Website : www.alingua.in"
438,"Aff. No. :2131968
Sch. Code:60818","State : UTTAR PRADESH
District : BULANDSHAHAR",Senior Secondary Level,"Name : GAYATRI PUBLIC SCHOOL
Head/Principal Name: SOMNATH BASU","Address : SIKANDRABAD ROAD GULAOTHI-203408
Website : http://www.gayatrischool.in"
439,"Aff. No. :2132106
Sch. Code:60878","State : UTTAR PRADESH
District : BULANDSHAHAR",Senior Secondary Level,"Name : DIWAN SINGH MEMORIAL OXFORD PUBLIC JUNIOR HIGH SCHOOL
Head/Principal Name: Dulip Kumar Sharma","Address : SHIKARPUR BULANDSHAHAR
Website : www.dsmoxfordschool.in"
440,"Aff. No. :2132117
Sch. Code:60883","State : UTTAR PRADESH
District : BULANDSHAHAR",Senior Secondary Level,"Name : JAYPEE VIDYA MANDIR
Head/Principal Name: Gaurav Sharma","Address : VILL-CHANDPUR POOTHI TESIL-SYANA DIST-BULANDSHAHR U.P
Website : https://www.jaypeeschools-jvmchandpur.edu.in/"
441,"Aff. No. :2132067
Sch. Code:60861","State : UTTAR PRADESH
District : BULANDSHAHAR",Senior Secondary Level,"Name : MOTHER ACADEMY
Head/Principal Name: REENU SINGH","Address : SIKANDERPUR ROAD SIKARI VALA BAMBA, NEAR ARSHIYA KHURJA DISTT- BSR PIN CODE- 203131(KHURJA) U.P
Website : www.motheracademykhurja.in"
442,"Aff. No. :2132044
Sch. Code:60851","State : UTTAR PRADESH
District : BULANDSHAHAR",Senior Secondary Level,"Name : SHAKUNTALA DEVI POONAM DEVI PUBLIC SCHOOL
Head/Principal Name: Chandra Shekhar Sharma","Address : RAJESHWAR ENCALVE NEAR BLOCK OFFICE ANOOPSHAHR
Website :"
443,"Aff. No. :2132080
Sch. Code:60868","State : UTTAR PRADESH
District : BULANDSHAHAR",Senior Secondary Level,"Name : DSR MODERN SCHOOL
Head/Principal Name: SARIKA PATHAK","Address : VILL. MALHPUR, JEWAR ROAD, SIKANDRABAD, BULANDSHAHR UP
Website : www.dsrsikandrabad.in"
444,"Aff. No. :2132087
Sch. Code:60869","State : UTTAR PRADESH
District : BULANDSHAHAR",Senior Secondary Level,"Name : BHARAT VIKAS PARISHAD KANYA UCHA MADHYAMIK VIDYALAYA,
Head/Principal Name: SHALINI SINGH","Address : CITY- KHURJA TEHSIL- KHURJA,BULANDSHAR, U.P. PIN 203131
Website : https://bvpkumvkhurja.in/site/login"
445,"Aff. No. :2132208
Sch. Code:60919","State : UTTAR PRADESH
District : BULANDSHAHAR",Senior Secondary Level,"Name : MATA IMARTI PUBLIC SCHOOL
Head/Principal Name: DAISY RANI","Address : VILLAGE- KARIYARI, PO- UNCHAGAON, DIST- BULANDSHAHR, UTTAR PRADESH-202398
Website : www.mataimartidevipublicschool.com"
446,"Aff. No. :2132187
Sch. Code:60913","State : UTTAR PRADESH
District : BULANDSHAHAR",Senior Secondary Level,"Name : NUS PUBLIC SCHOOL
Head/Principal Name: REKHA RANI","Address : MOHAN KUTI,MAMAN ROAD,BULANDSHAHR
Website : www.nuspublicschool.edu.in"
447,"Aff. No. :2132157
Sch. Code:60900","State : UTTAR PRADESH
District : BULANDSHAHAR",Secondary Level,"Name : ZENITH PUBLIC SCHOOL
Head/Principal Name: GEETA DANG","Address : NEAR NEW TEHSIL KHURJA
Website : www.zpskhurja.com"
448,"Aff. No. :2132176
Sch. Code:60908","State : UTTAR PRADESH
District : BULANDSHAHAR",Senior Secondary Level,"Name : DELHI CITY SCHOOL
Head/Principal Name: MAHENDER SINGH","Address : B.B. NAGAR, BULANDSHAHR
Website : www.delhicityschool.edu.in"
449,"Aff. No. :2132623
Sch. Code:61065","State : UTTAR PRADESH
District : BULANDSHAHAR",Senior Secondary Level,"Name : ANGELS PUBLIC INTERNATIONAL SCHOOL
Head/Principal Name: PRATEEK KUMAR RAGHAVE","Address : PLOT NO. 1395-96, NEAR PAHASU ELECTRIC SUB-STATION, PAHASU, BULANDSHAHAR
Website : www.angelspublicinternationalschool.com"
450,"Aff. No. :2132699
Sch. Code:61099","State : UTTAR PRADESH
District : BULANDSHAHAR",Secondary Level,"Name : MAHARAJA SURAJMAL HOLY ACADEMY
Head/Principal Name: BABITA CHAUDHARY","Address : VILLAGE & POST- BILSURI
Website : www.maharajasurajmalbsr.in"
451,"Aff. No. :2132657
Sch. Code:61082","State : UTTAR PRADESH
District : BULANDSHAHAR",Senior Secondary Level,"Name : DREAM VALLEY INSTITUTE
Head/Principal Name: NEERU RAGHAV","Address : DULHERA , POST-WAIR,
Website : http://dreamvalleyinstitute.com"
452,"Aff. No. :2132590
Sch. Code:61053","State : UTTAR PRADESH
District : BULANDSHAHAR",Senior Secondary Level,"Name : MAPLE GROVE WORLD SCHOOL
Head/Principal Name: VIKAS KUMAR","Address : VILLAGE-BHAINSODA
Website : www.mgworldschool.in"
453,"Aff. No. :2132462
Sch. Code:61002","State : UTTAR PRADESH
District : BULANDSHAHAR",Senior Secondary Level,"Name : JAYPEE VIDYA MANDIR TOMRI
Head/Principal Name: SUNITA SINGH","Address : VILLAGE TOMRI PO BEHIRA
Website : www.jaypeeschools-jvmtomri.edu.in"
454,"Aff. No. :2132395
Sch. Code:60979","State : UTTAR PRADESH
District : BULANDSHAHAR",Secondary Level,"Name : ROSE VALLEY PUBLIC SCHOOL
Head/Principal Name: ANITA SHARMA","Address : VILL. KALAKHURI, KHURJA, DISST.-BULANDSHAHAR
Website : http://www.rosevalleypublicschool.org"
455,"Aff. No. :2132383
Sch. Code:60971","State : UTTAR PRADESH
District : BULANDSHAHAR",Senior Secondary Level,"Name : SAINT MOMINA SCHOOL
Head/Principal Name: AJEET SHISHODIA","Address : VILLAGE JAINPUR, BLOCK GULAOTHI,DISTRICT BULANDSHAHR203001
Website : www.saintmominaschooljnp.in"
456,"Aff. No. :2132312
Sch. Code:60956","State : UTTAR PRADESH
District : BULANDSHAHAR",Senior Secondary Level,"Name : LILAWATI CONVENT SCHOOL
Head/Principal Name: SHAILY AGARWAL","Address : BEHIND POLICE CHOWKI BILSOORI , SIKANDRABAD , BULANDSHAHAR , UTTAR PRADESH
Website : www.lilawatibilsoori.edu.in"
457,"Aff. No. :2133033
Sch. Code:61216","State : UTTAR PRADESH
District : BULANDSHAHAR",Senior Secondary Level,"Name : K. D. (KASHMIRI DEVI) PUBLIC SCHOOL
Head/Principal Name: Vibha","Address : LAKHAOTI, SIYANA ROAD, BULANDSHAHR
Website : www.kdpslakhaoti.com"
458,"Aff. No. :2133051
Sch. Code:61222","State : UTTAR PRADESH
District : BULANDSHAHAR",Senior Secondary Level,"Name : PINNACLE GLOBAL SCHOOL
Head/Principal Name: Rishikant Sharma","Address : CHOLA CHOWKI, BULANDSHAHR
Website : https://www.pinnacleglobal.net.in/"
459,"Aff. No. :2133054
Sch. Code:61223","State : UTTAR PRADESH
District : BULANDSHAHAR",Senior Secondary Level,"Name : G. S. S. PUBLIC SCHOOL
Head/Principal Name: SHOBHITA BHARDWAJ","Address : NH -91, G.T. ROAD, ROHINDA KHURJA
Website : www.gsspublicschool.co.in"
460,"Aff. No. :2132848
Sch. Code:61148","State : UTTAR PRADESH
District : BULANDSHAHAR",Senior Secondary Level,"Name : DE SAINT PUBLIC SCHOOL
Head/Principal Name: RADHA DEVI","Address : VILLAGE & POST DAYORAU,DIBAI, DISTRICT BULANDSHAHAR
Website : www.desaintdibai.edu.in"
461,"Aff. No. :2132849
Sch. Code:61149","State : UTTAR PRADESH
District : BULANDSHAHAR",Senior Secondary Level,"Name : AZAD INTERNATIONAL SCHOOL
Head/Principal Name: SURENDRA KUMAR SHARMA","Address : VILL-CHITSAUN SHIKARPUR ROAD BULANDSHAHR
Website : www.azadinternationalschool.in"
462,"Aff. No. :2132856
Sch. Code:61150","State : UTTAR PRADESH
District : BULANDSHAHAR",Senior Secondary Level,"Name : HILLWOOD MILITARY SCHOOL
Head/Principal Name: LALITA SHARMA","Address : 7TH MILE STONE, KHURJA SIKANDRABAD ROAD, ROOPWAAS PANCHGAAYI
Website : www.hillwoodgroupbsr.com"
463,"Aff. No. :2132863
Sch. Code:61155","State : UTTAR PRADESH
District : BULANDSHAHAR",Senior Secondary Level,"Name : JAYPEE VIDYA MANDIR (UNIVERSITY CAMPUS)ANOOPSHAHR
Head/Principal Name: RAJEEV SHARMA","Address : JAYPEE VIDYA MANDIR (UNIVERSITY CAMPUS)ANOOPSHAHR
Website : www.jaypeeschools-jvmucasr.edu.in"
464,"Aff. No. :2132917
Sch. Code:61177","State : UTTAR PRADESH
District : BULANDSHAHAR",Secondary Level,"Name : ACADEMIC HEIGHTS PUBLIC SCHOOL
Head/Principal Name: MRS RENU GUPTA","Address : 6TH MILESTONE,KHURJA-SIKANDRABAD,OLD G.T ROAD
Website :"
465,"Aff. No. :2132918
Sch. Code:61178","State : UTTAR PRADESH
District : BULANDSHAHAR",Secondary Level,"Name : VINITA SINGH MEMORIAL SCHOOL
Head/Principal Name: ANJALI SINGH","Address : 78,WAZIDPUR ROAD NARORA
Website : www.vinitasinghmemorialschool.com"
466,"Aff. No. :2132928
Sch. Code:61180","State : UTTAR PRADESH
District : BULANDSHAHAR",Secondary Level,"Name : NIRMAL PUBLIC SCHOOL
Head/Principal Name: NEELAM CHOUDHARY","Address : VILLAGE KARIMNAGAR BANBOI POST- GULAOITI, DISTT- BULANDSHAHAR
Website : www.nirmalschool.in"
467,"Aff. No. :2132827
Sch. Code:61139","State : UTTAR PRADESH
District : BULANDSHAHAR",Secondary Level,"Name : ADARSH CITY CONVENT SCHOOL
Head/Principal Name: MUKESH KUMAR SHARMA","Address : VILLAGE KAKORE
Website : www.adarshcityconventschool.com"
468,"Aff. No. :2132842
Sch. Code:61144","State : UTTAR PRADESH
District : BULANDSHAHAR",Secondary Level,"Name : DELHI PUBLIC SCHOOL KHURJA
Head/Principal Name: Mr A K Johri","Address : STC CAMPUS, JUNCTION ROAD, KHURJA, DISTT. BULANDSHAHR, U.P.
Website : http://www.dpskhurja.com"
469,"Aff. No. :2132843
Sch. Code:61145","State : UTTAR PRADESH
District : BULANDSHAHAR",Senior Secondary Level,"Name : SANSKAR INTERNATIONAL SCHOOL
Head/Principal Name: MRS. PAWANDEEP KAUR","Address : VILL: GAUSPUR, TEHSIL:KHURJA, DIST: BULANDSHAHR
Website : www.siskhurja.com"
470,"Aff. No. :2132771
Sch. Code:61124","State : UTTAR PRADESH
District : BULANDSHAHAR",Senior Secondary Level,"Name : INTACT PUBLIC SCHOOL
Head/Principal Name: Rani Sharma","Address : SARAI KISHAN CHAND DHARAMPUR ROAD DIBAI
Website : www.intactpublicschool.in"
471,"Aff. No. :2132734
Sch. Code:61115","State : UTTAR PRADESH
District : BULANDSHAHAR",Senior Secondary Level,"Name : MAA BHAGWATI INTERNATIONAL SCHOOL
Head/Principal Name: SHWETA AGRAWAL","Address : SHIKARPUR, DISTRICT- BULANDSHAHAR (U.P.)
Website : https://maabhagwatiinternationalschool.com/"
472,"Aff. No. :2133247
Sch. Code:61277","State : UTTAR PRADESH
District : BULANDSHAHAR",Secondary Level,"Name : VIDYA INTERNATIONAL PUBLIC SCHOOL
Head/Principal Name: POOJA TOMER","Address : BARKATPUR ROAD CHHATRI DEHAT SIKARPUR BULAND SAHAR UP
Website : http://www.vips.com"
473,"Aff. No. :2133289
Sch. Code:61294","State : UTTAR PRADESH
District : BULANDSHAHAR",Secondary Level,"Name : ARUN INTERNATIONAL SCHOOL
Head/Principal Name: BIRENDRA SINGH VAIRE","Address : VYDSM, DHARTA, POWER HOUSE.
Website : aruninternationalschool@gmail.com"
474,"Aff. No. :2133298
Sch. Code:61297","State : UTTAR PRADESH
District : BULANDSHAHAR",Senior Secondary Level,"Name : JAYPEE VIDYA MANDIR
Head/Principal Name: OM PRAKASH SHARMA","Address : JAYPEE VIDYA MANDIR, VILL CHIRCHITA, POST MUKEEMPUR, DIST BULANDSHAHR, UTTAR PRADESH
Website : https://www.jaypeeschools-jvmchitta.edu.in"
475,"Aff. No. :2133303
Sch. Code:61299","State : UTTAR PRADESH
District : BULANDSHAHAR",Senior Secondary Level,"Name : NARORA PUBLIC SCHOOL
Head/Principal Name: Manorama SHARMA","Address : DIBAI ROAD
Website : www.narorapublicschool.com"
476,"Aff. No. :2133348
Sch. Code:61309","State : UTTAR PRADESH
District : BULANDSHAHAR",Senior Secondary Level,"Name : ANU BAL BHARTI PUBLIC SCHOOL
Head/Principal Name: NEERAJ KUMAR","Address : NEAR BUS STAND,B.B. NAGAR, BULANDSHAHAR, U.P.-203402
Website : http://www.anubalbharti.com"
477,"Aff. No. :2133436
Sch. Code:61333","State : UTTAR PRADESH
District : BULANDSHAHAR",Senior Secondary Level,"Name : P S P A VIDYA MANDIR
Head/Principal Name: PRAMOD BALA","Address : MAIN ALIGARH ROAD
Website : http://www.pspavidyamandir.com"
478,"Aff. No. :2133452
Sch. Code:61344","State : UTTAR PRADESH
District : BULANDSHAHAR",Senior Secondary Level,"Name : WISDOM WORLD SCHOOL
Head/Principal Name: RAJ KUMAR","Address : BULANDSHAHR, SHIKARPUR, DISTRICT- BULANDSHAHR
Website : www.wisdomworldshikarpur.com"
479,"Aff. No. :2133459
Sch. Code:61347","State : UTTAR PRADESH
District : BULANDSHAHAR",Senior Secondary Level,"Name : MOUNT VALLEY INTERNATIONAL SCHOOL
Head/Principal Name: KARAN JINDAL","Address : BARAULI, SIYANA, BULANDSHAHAR, UTTAR PRADESH
Website : https://mountvalleyinternationalschool.com/"
480,"Aff. No. :2133462
Sch. Code:61349","State : UTTAR PRADESH
District : BULANDSHAHAR",Secondary Level,"Name : RAJESHWARI PUBLIC SCHOOL
Head/Principal Name: ASHA RANI","Address : BULANDSHAHAR
Website : http://rajeshwaripublicschool.com"
481,"Aff. No. :2133750
Sch. Code:61447","State : UTTAR PRADESH
District : BULANDSHAHAR",Senior Secondary Level,"Name : L M EDUCATIONAL ACADEMY
Head/Principal Name: MANISH VERMA","Address : NEAR-SHIVLYA MANDIR SIKANDRABAD ROAD KAKORE BULANDSHAHAR U.P
Website : www.lmeducationalacademy.in"
482,"Aff. No. :2133669
Sch. Code:61434","State : UTTAR PRADESH
District : BULANDSHAHAR",Senior Secondary Level,"Name : SANRACHNA GLOBAL SCHOOL
Head/Principal Name: CD SHARMA","Address : VILLAGE AND POST BIRAULI , ANOOPSHAHR BULANDSHAHR
Website : www.sanrachnaglobalschool.com"
483,"Aff. No. :2133702
Sch. Code:61439","State : UTTAR PRADESH
District : BULANDSHAHAR",Senior Secondary Level,"Name : RAGHUWAR DAYAL PRABHU DAYAL PUBLIC SCHOOL
Head/Principal Name: SUNDER SINGH TOMER","Address : VILLAGE- BHAIPUR, BLOCK- JAHANGIRABAD
Website : www.rdpdpublicschool.com"
484,"Aff. No. :2133767
Sch. Code:61493","State : UTTAR PRADESH
District : BULANDSHAHAR",Senior Secondary Level,"Name : C.W.D. INTERNATIONAL SCHOOL
Head/Principal Name: ATUL KUMAR","Address : DISTRICT BULANDSHAHR, 203131
Website : http://cwdinternationalschool.in"
485,"Aff. No. :2133777
Sch. Code:61498","State : UTTAR PRADESH
District : BULANDSHAHAR",Senior Secondary Level,"Name : DEWAN PUBLIC SCHOOL INTERNATIONAL
Head/Principal Name: Geetika","Address : AIDALPUR DHEMRI, KHURJA ROAD
Website : www.dpsibsr.in"
486,"Aff. No. :2133783
Sch. Code:61501","State : UTTAR PRADESH
District : BULANDSHAHAR",Senior Secondary Level,"Name : N.K.INTERNATIONAL SCHOOL
Head/Principal Name: INDRAMANI GOSWAMI","Address : SIKANDRABAD, BULANDSHAHAR
Website : www.nkinternational.com"
487,"Aff. No. :2133517
Sch. Code:61370","State : UTTAR PRADESH
District : BULANDSHAHAR",Senior Secondary Level,"Name : SACRED HEARTS SCHOOL
Head/Principal Name: ANKIT SHARMA","Address : VILLAGE AKBARPUR,NEAR DOSTPUR. ALIGARH HIGHWAY, NH-91 BULANDSHAHR UTTAR PRADESH
Website : www.sacredhearts-bsr.in"
488,"Aff. No. :2133528
Sch. Code:61372","State : UTTAR PRADESH
District : BULANDSHAHAR",Senior Secondary Level,"Name : B R INTERNATIONAL SCHOOL
Head/Principal Name: ANSHU BHATI","Address : ATTA, GULAOTHI, BULANDSHAHAR
Website : www.brinternationalschool.com"
489,"Aff. No. :2133533
Sch. Code:61401","State : UTTAR PRADESH
District : BULANDSHAHAR",Secondary Level,"Name : LEELAVATI PUBLIC SCHOOL
Head/Principal Name: SWETA CHAUDHARY","Address : ANOOPSHAHR-BULANDSHAHAR ROAD,BHAIPUR DORAHA, JAHANGIRABAD, DISTRICST- BULANDSHAHAR, UTTAR PRADESH
Website : https://www.leelavatipublicschool.in"
490,"Aff. No. :2133573
Sch. Code:61410","State : UTTAR PRADESH
District : BULANDSHAHAR",Senior Secondary Level,"Name : PRAHLAD SWAROOP SARASWATI VIDYA MANDIR INTER COLLEGE
Head/Principal Name: YOGESH KUMAR","Address : AHAR ROAD NEAR GOVT. HOSPITAL JAHANGIRABAD BULANDSHAHR
Website : www.pssvmic.in"
491,"Aff. No. :2133574
Sch. Code:61411","State : UTTAR PRADESH
District : BULANDSHAHAR",Senior Secondary Level,"Name : ST GIRI SCHOOL
Head/Principal Name: ANKIT KANSARA","Address : TAJPUR, BULANDSHAHAR, UTTAR PRADESH
Website : www.Saintgiribsr.in"
492,"Aff. No. :2133650
Sch. Code:61426","State : UTTAR PRADESH
District : BULANDSHAHAR",Secondary Level,"Name : PACE PUBLIC SCHOOL
Head/Principal Name: Rakhi Pachauri","Address : GRAM NAYAWAS KUTUBPUR,ANOOP SHAHR ROAD DIBAI DISTRICT BULANDSHAHAR UTTAR PRADESH-202393
Website : www.pacepublicschool.com"
493,"Aff. No. :2133814
Sch. Code:61513","State : UTTAR PRADESH
District : BULANDSHAHAR",Senior Secondary Level,"Name : OLYMPIAN PUBLIC SCHOOL
Head/Principal Name: FAKHRUDDIN KHAN","Address : DIBAI, BULANDSHAHR, UTTAR PRADESH, PIN- 203392
Website : http://www.olympianpublicschooldibai.in"
494,"Aff. No. :2133817
Sch. Code:61514","State : UTTAR PRADESH
District : BULANDSHAHAR",Senior Secondary Level,"Name : JBG INTERNATIONAL SCHOOL
Head/Principal Name: PRIYA MAHESHWARI","Address : JAHANGIRABAD, BULANDSHAHR
Website : http://www.jbgschool.com/"
495,"Aff. No. :2133818
Sch. Code:61515","State : UTTAR PRADESH
District : BULANDSHAHAR",Senior Secondary Level,"Name : EAGLE PUBLIC SCHOOL
Head/Principal Name: ANJULA TANDON","Address : SANWALI, G.T. ROAD
Website : https://www.eaglepublicschool.com/"
496,"Aff. No. :2133892
Sch. Code:61545","State : UTTAR PRADESH
District : BULANDSHAHAR",Senior Secondary Level,"Name : V D S PUBLIC SCHOOL
Head/Principal Name: NARAYAN DUTT SHARMA","Address : AHMADGARH, BULANDSHAHAR
Website : http://www.vdspublicschool.com"
497,"Aff. No. :2133970
Sch. Code:61571","State : UTTAR PRADESH
District : BULANDSHAHAR",Senior Secondary Level,"Name : THE OM PUBLIC SCHOOL
Head/Principal Name: BHUSHAN TYAGI","Address : TEHSIL- SIYANA, BULANDSHAHR
Website : https://theompublicschoolbsr.in/"
498,"Aff. No. :2134010
Sch. Code:61583","State : UTTAR PRADESH
District : BULANDSHAHAR",Senior Secondary Level,"Name : BASANTI DEVI GLOBAL SCHOOL
Head/Principal Name: Seema Tomar","Address : DEOLI GULAOTHI , BULANDSHAHR UP
Website : http://www.basantideviglobalschool.com"
499,"Aff. No. :2134168
Sch. Code:61628","State : UTTAR PRADESH
District : BULANDSHAHAR",Senior Secondary Level,"Name : GODSEND SCHOOL
Head/Principal Name: RAJBALA SHARMA","Address : BEESA COLONY, MAUKHERA, BULANDSHAHAR
Website : www.godsendschool.com"
500,"Aff. No. :2134185
Sch. Code:61637","State : UTTAR PRADESH
District : BULANDSHAHAR",Secondary Level,"Name : NIRANJAN INTERNATIONAL SCHOOL
Head/Principal Name: MANOJ KUMAR","Address : VILLAGE -CHINGRAOTHI , TEHSIL - SIYANA, BULANDSHAHR
Website : https://edunis.org.in"
501,"Aff. No. :2134192
Sch. Code:61639","State : UTTAR PRADESH
District : BULANDSHAHAR",Senior Secondary Level,"Name : MODEL SCHOOL
Head/Principal Name: PRAMILA SINGH","Address : SHIKARPUR BY PASS ROAD, DHATOORI, , NEAR JAYPEE HOSTPITAL, , BULANDSHAHR
Website : http://www.modelschooldhatoori.com/"
502,"Aff. No. :2134122
Sch. Code:61615","State : UTTAR PRADESH
District : BULANDSHAHAR",Senior Secondary Level,"Name : RAJJU BHAIYA SAINIK VIDYA MANDIR
Head/Principal Name: Bharat Kumar","Address : KHANDWAYA, POST & TEHSIL SHIKARPUR, BULANDSHAHR
Website : https://rbsvm.in/"
503,"Aff. No. :2134144
Sch. Code:61620","State : UTTAR PRADESH
District : BULANDSHAHAR",Senior Secondary Level,"Name : THE BLUE BIRD PUBLIC SCHOOL
Head/Principal Name: NARESH CHAND SHARMA","Address : VILLAGE KALOLI, 3 KM FROM I.P. DEGREE COLLEGE, ANOOPSHAHR ROAD, BULANDSHAHR
Website : https://thebluebirdschool.com/"
504,"Aff. No. :2134229
Sch. Code:61648","State : UTTAR PRADESH
District : BULANDSHAHAR",Secondary Level,"Name : SUN WORLD INTERNATIONAL SCHOOL
Head/Principal Name: SHELENDRA KUMAR GIRI","Address : NARSENA , TEHSIL- SIYANA, SIYANA
Website : www.sunworldinternationalschool.com"
505,"Aff. No. :2134436
Sch. Code:61716","State : UTTAR PRADESH
District : BULANDSHAHAR",Senior Secondary Level,"Name : DR S C S INTERNATIONAL SCHOOL
Head/Principal Name: ARVIND KUMAR","Address : VILLAGE - NARAYANPUR, POST - CHAUNDHERA, TEHSIL - DIBAI
Website : https://scsinternationalschool.com/"
506,"Aff. No. :2134577
Sch. Code:61759","State : UTTAR PRADESH
District : BULANDSHAHAR",Secondary Level,"Name : RADHA KRISHAN ACADEMY
Head/Principal Name: PRIYANKA SHARMA","Address : SHAHPUR KALAN, KHURJA-JEWAR ROAD, DISTT-BULANDSHAHR
Website : https://rkacademypragyan.in/"
507,"Aff. No. :2134542
Sch. Code:61749","State : UTTAR PRADESH
District : BULANDSHAHAR",Senior Secondary Level,"Name : RADIANT ACADEMY SCHOOL
Head/Principal Name: RASHMI PRASAD","Address : MUMREZPUR ROAD, HASANPUR LADUKI, BULANDSHAHR
Website : https://www.radiantacademyjewar.com/"
508,"Aff. No. :2134471
Sch. Code:61729","State : UTTAR PRADESH
District : BULANDSHAHAR",Senior Secondary Level,"Name : NATION PUBLIC SCHOOL
Head/Principal Name: PRIYA AGARWAL","Address : SHIV NAGAR, AURANGABAD, AURANGABAD
Website : https://www.npsaurangabad.info/"
509,"Aff. No. :2134605
Sch. Code:61768","State : UTTAR PRADESH
District : BULANDSHAHAR",Senior Secondary Level,"Name : R. K. PUBLIC SCHOOL
Head/Principal Name: NAGENDRA SINGH","Address : SURAJPUR TEEKRI SYANA ROAD, AURANGABAD, BULANDSHAHAR,U.P. - 203401
Website : https://rkpublicschool-bsr.com/"
510,"Aff. No. :2134667
Sch. Code:61789","State : UTTAR PRADESH
District : BULANDSHAHAR",Senior Secondary Level,"Name : DIVINE ERA SCHOOL
Head/Principal Name: Deepti Ujjwal","Address : INFRONT OF KALINGA ITI, DANKAUR RAILWAY ROAD, SIKANDRABAD
Website : www.divineeraschooledu.com"
511,"Aff. No. :2134699
Sch. Code:61805","State : UTTAR PRADESH
District : BULANDSHAHAR",Senior Secondary Level,"Name : SURAJBHAN SARASWATI VIDYA MANDIR INTER COLLEGE
Head/Principal Name: Dharmveer Singh","Address : BY PASS ROAD, BY PASS ROAD, BY PASS ROAD
Website : www.ssvmic.com"
512,"Aff. No. :2134693
Sch. Code:61801","State : UTTAR PRADESH
District : BULANDSHAHAR",Secondary Level,"Name : MODERN ACADEMY KARIMNAGAR BANBOI BSR
Head/Principal Name: PUSHPENDRA KUMAR","Address : KARIMNAGAR, BANBOI, BSR
Website : www.modernacademygulaothi.in"
513,"Aff. No. :2134694
Sch. Code:61802","State : UTTAR PRADESH
District : BULANDSHAHAR",Secondary Level,"Name : AMAR JYOTI MODERN SCHOOL
Head/Principal Name: ROBIT","Address : JEWAR ROAD JHAJHAR BULANDSHAHAR , JEWAR ROAD JHAJHAR BULANDSHAHAR , JEWAR ROAD JHAJHAR BULANDSHAHAR
Website : www.amarjytimodernschool.com"
514,"Aff. No. :2134739
Sch. Code:61821","State : UTTAR PRADESH
District : BULANDSHAHAR",Secondary Level,"Name : SAINT MOMINA SCHOOL
Head/Principal Name: SEEMA GAUTAM","Address : VILLAGE IMLIYA, SIYANA ROAD, DISTRICT BULANDSHAHR
Website : www.saintmominaschoolim.com"
515,"Aff. No. :2134733
Sch. Code:61815","State : UTTAR PRADESH
District : BULANDSHAHAR",Secondary Level,"Name : CAMBRIDGE GLOBAL SCHOOL
Head/Principal Name: ARCHANA RANI","Address : HEERA COLONY, , SIKANDRABAD , DISTRICT- BULANDSHAHAR
Website : https://cgseducation.org/"
516,"Aff. No. :2140002
Sch. Code:64034","State : UTTAR PRADESH
District : BULANDSHAHAR",Senior Secondary Level,"Name : JAWAHAR NAVODAYA VIDYALAYA
Head/Principal Name: PEEYUSH KUMAR ROY","Address : BUKLANA DISTT BULANDSHAHAR UTTAR PRADESH
Website : https://navodaya.gov.in/nvs/nvs-school/BULANDSHAHR/en"
517,"Aff. No. :2134826
Sch. Code:61842","State : UTTAR PRADESH
District : BULANDSHAHAR",Senior Secondary Level,"Name : RADISSON THE SCHOOL
Head/Principal Name: Ramendra Pratap Singh","Address : SAUNDA HABIBPUR, KHURJA, BULANDSHAHR
Website : www.radissonkhurja.ac.in"
518,"Aff. No. :2134804
Sch. Code:61835","State : UTTAR PRADESH
District : ETAH",Senior Secondary Level,"Name : S V D INTERNATIONAL SCHOOL AWAGARH
Head/Principal Name: PRASHANT KUMAR YADAV","Address : JALESAR ROAD, AWAGARH, ETAH
Website : https://www.svdisawagarh.in/"
519,"Aff. No. :2140029
Sch. Code:64040","State : UTTAR PRADESH
District : ETAH",Senior Secondary Level,"Name : JAWAHAR NAVODAYA VIDYALAYA
Head/Principal Name: KESHAV DEV","Address : BEGAUR, DISTT ETAH UTTAR PRADESH
Website : https://navodaya.gov.in/nvs/nvs-school/ETAH/en/hom"
520,"Aff. No. :2134723
Sch. Code:61811","State : UTTAR PRADESH
District : ETAH",Senior Secondary Level,"Name : G. B. CONVENT SCHOOL
Head/Principal Name: SHIPRA","Address : GAJIPUR PAHOR, ETAH, UTTARPRADESH
Website : www.gbconventetah.in"
521,"Aff. No. :2134648
Sch. Code:61783","State : UTTAR PRADESH
District : ETAH",Secondary Level,"Name : IQRA INTERNATIONAL SCHOOL
Head/Principal Name: nida khan","Address : SIKANDRA RAO , JALESAR ROAD SAKRA, POST MAKSUDPUR ETAH UP
Website : www.iqrainternationalschool.org.in"
522,"Aff. No. :2134622
Sch. Code:61774","State : UTTAR PRADESH
District : ETAH",Senior Secondary Level,"Name : S D PUBLIC SCHOOL SHIKSHAN SANSTHAN
Head/Principal Name: DR. PRIYA CHAUHAN","Address : VILL AND POST, DHUMARI , ETAH
Website : https://www.sdpsdhumari.in/"
523,"Aff. No. :2134461
Sch. Code:61724","State : UTTAR PRADESH
District : ETAH",Secondary Level,"Name : SHRI RAM CONVENT SCHOOL
Head/Principal Name: BRAJESH CHATURVEDI","Address : GARHI RAMLAL , AGRA ROAD JALESAR, JALESAR
Website : www.shriramconventschooljalesar.com"
524,"Aff. No. :2134580
Sch. Code:61760","State : UTTAR PRADESH
District : ETAH",Secondary Level,"Name : ST JAMES CHURCH SCHOOL
Head/Principal Name: Yogita Prasad","Address : 14 GHILOWA, ETAH TO AGRA ROAD , ETAH UP 207001
Website : www.sjcsetan.in"
525,"Aff. No. :2134443
Sch. Code:61719","State : UTTAR PRADESH
District : ETAH",Secondary Level,"Name : SHEMFORD FUTURISTIC SCHOOL
Head/Principal Name: NIKHIL GUPTA","Address : MONOFOUNDATION, VILLAGE -KARHALA , KASIMPUR POST OFFICE - GUDAU , JALESAR DIST. ETAH
Website : https://shemfordjalesar.com/"
526,"Aff. No. :2134284
Sch. Code:61662","State : UTTAR PRADESH
District : ETAH",Senior Secondary Level,"Name : SIR A. S. ADOM WORLD SENIOR SECONDARY SCHOOL
Head/Principal Name: Dr Kamal Asif","Address : YASHODA NAGAR , PURAON, G.T. ROAD ETAH
Website : https://www.sirasadom.in/"
527,"Aff. No. :2134123
Sch. Code:61616","State : UTTAR PRADESH
District : ETAH",Senior Secondary Level,"Name : ANGEL THE FUTURE SCHOOL
Head/Principal Name: PREETI AGRAWAL","Address : MIREHCHI ROAD, MAREHRA, MAREHRA
Website : www.angelthefutureschool.in"
528,"Aff. No. :2133861
Sch. Code:61531","State : UTTAR PRADESH
District : ETAH",Senior Secondary Level,"Name : DELHI WORLD SR. SEC. SCHOOL
Head/Principal Name: Krishan Kumar Sisodiya","Address : GANJDUNDWARA ROAD, ETAH
Website : www.dwsetah.com"
529,"Aff. No. :2133901
Sch. Code:61550","State : UTTAR PRADESH
District : ETAH",Senior Secondary Level,"Name : G.D. INTERNATIONAL SCHOOL
Head/Principal Name: AKASH SHUKLA","Address : ALIGANJ, ETAH
Website : www.gdinternationalschoolaliganj.in"
530,"Aff. No. :2133879
Sch. Code:61539","State : UTTAR PRADESH
District : ETAH",Senior Secondary Level,"Name : DOON PUBLIC SCHOOL
Head/Principal Name: VISHWANATH PANDEY","Address : VILL- BADARIA PO RARPATTI, ETAH
Website : http://doonpublicschooletah.in/"
531,"Aff. No. :2133836
Sch. Code:61521","State : UTTAR PRADESH
District : ETAH",Senior Secondary Level,"Name : BRIGHTLAND PUBLIC SCHOOL
Head/Principal Name: RAM PRASAD SINGH","Address : SHIKOHABAD ROAD, ETAH
Website : www.brightlandpublicschool.com"
532,"Aff. No. :2133741
Sch. Code:61445","State : UTTAR PRADESH
District : ETAH",Senior Secondary Level,"Name : ST. PAULS SCHOOL
Head/Principal Name: RIMJHIM SOVIA DAS","Address : JALESAR BYPASS FORT ROAD AGRA ROAD AWAGARH
Website : https://www.stpaulsschoolawagarh.com/"
533,"Aff. No. :2133498
Sch. Code:61363","State : UTTAR PRADESH
District : ETAH",Senior Secondary Level,"Name : SETH M.R. JAIPURIA SCHOOL ETAH
Head/Principal Name: VIBHAV PRAKASH SHARMA","Address : 5 KM STONE, SHIKOHABAD ROAD
Website : www.dpsetah.com"
534,"Aff. No. :2133444
Sch. Code:61338","State : UTTAR PRADESH
District : ETAH",Senior Secondary Level,"Name : TRIVENI DEVI PUBLIC SCHOOL
Head/Principal Name: kamlesh chand verma","Address : ALIGANJ (ETAH)
Website : www.tdpsaliganj.com"
535,"Aff. No. :2133386
Sch. Code:61318","State : UTTAR PRADESH
District : ETAH",Senior Secondary Level,"Name : CH. S.P.S. INTERNATIONAL SCHOOL SUDAMAPURI ALIGANJ ETAH
Head/Principal Name: PRAVUDHAN DAS","Address : SUDAMAPURI ALIGANJ ETAH
Website : http://www.spsinternationalschoolaliganj.in"
536,"Aff. No. :2133217
Sch. Code:61267","State : UTTAR PRADESH
District : ETAH",Senior Secondary Level,"Name : CPS INTERNATIONAL SCHOOL
Head/Principal Name: Ambrish Kumar","Address : KENDRA ROAD, CPS COMPOUND AWAGARH
Website : www.cpsi.in"
537,"Aff. No. :2132811
Sch. Code:61133","State : UTTAR PRADESH
District : ETAH",Senior Secondary Level,"Name : J S B PUBLIC SCHOOL
Head/Principal Name: RANJAN KUMAR SHARMA","Address : BY PASS ROAD JALESAR
Website : https://jsbpublicschool.in/Home/Contact"
538,"Aff. No. :2133140
Sch. Code:61249","State : UTTAR PRADESH
District : ETAH",Senior Secondary Level,"Name : RAJMATA ANANT KUMARI PUBLIC SCHOOL
Head/Principal Name: VINEET KUMAR PALIWAL","Address : NEAR K.V.K KILA ROAD AWAGARH
Website : http://www.rajmataschool.com"
539,"Aff. No. :2132267
Sch. Code:60936","State : UTTAR PRADESH
District : ETAH",Senior Secondary Level,"Name : PREM PUBLIC SCHOOL
Head/Principal Name: NAVIN KANT GOYAL","Address : ISAULI ROAD NEAR ROADWAYS BUS STAND JALESAR
Website : www.prempublicschool.com"
540,"Aff. No. :2132074
Sch. Code:60865","State : UTTAR PRADESH
District : ETAH",Senior Secondary Level,"Name : LIMRA INTERNATIONAL SCHOOL
Head/Principal Name: SHYLAJA THOMAS","Address : NEAR STADIUM, G.T.ROAD
Website : www.limrainternationalschool.com"
541,"Aff. No. :2132100
Sch. Code:60876","State : UTTAR PRADESH
District : ETAH",Senior Secondary Level,"Name : DHUMARI PUBLIC SCHOOL
Head/Principal Name: VIJAY KUMAR BAGHEL","Address : DHURMARI ETAH UP
Website : www.dhumaripublicschool.in"
542,"Aff. No. :2131829
Sch. Code:60767","State : UTTAR PRADESH
District : ETAH",Secondary Level,"Name : M G INTERNATIONAL SCHOOL
Head/Principal Name: MONA MISHRA","Address : NEAR CHAPRAI CHAURAHA, VILLAGE - KAWAR
Website : www.mginternationalschool.xyz"
543,"Aff. No. :2131433
Sch. Code:60638","State : UTTAR PRADESH
District : ETAH",Senior Secondary Level,"Name : DR. LOKMAN DAS PUBLIC SCHOOL
Head/Principal Name: VIJAYA GAUR","Address : CHANDPUR ,ALIGANJ ROAD,ETAH,UP
Website : www.dlpsgroup.org"
544,"Aff. No. :2131742
Sch. Code:60732","State : UTTAR PRADESH
District : ETAH",Senior Secondary Level,"Name : D.K. PUBLIC SCHOOL
Head/Principal Name: DEVENDRA SINGH YADAV","Address : AASPUR, ETAH
Website : www.dkpublicschool.com"
545,"Aff. No. :2131111
Sch. Code:60497","State : UTTAR PRADESH
District : ETAH",Senior Secondary Level,"Name : P.D.S. PUBLIC SCHOOL
Head/Principal Name: MANOJ KUMAR SHARMA","Address : MOHALLA KAJI, ALIGANJ, ETAH,
Website : www.pdsseniorsecondaryschool.com"
546,"Aff. No. :2131124
Sch. Code:60501","State : UTTAR PRADESH
District : ETAH",Secondary Level,"Name : MAREHRA PUBLIC SCHOOL
Head/Principal Name: ASHISH CHATURVEDI","Address : STATION ROAD, MAREHRA, DISTT. ETAH
Website : www.marehrapublicschool.com"
547,"Aff. No. :2131228
Sch. Code:60549","State : UTTAR PRADESH
District : ETAH",Senior Secondary Level,"Name : AWAGARH PUBLIC SCHOOL
Head/Principal Name: ATULESH KUMAR","Address : AWAGARH PUBLIC SCHOOL,JALESAR ROAD,AWAGARH,ETAH,U.P.
Website : www.awagarhpublicschool.in"
548,"Aff. No. :2131223
Sch. Code:60548","State : UTTAR PRADESH
District : ETAH",Senior Secondary Level,"Name : TULIP PUBLIC SCHOOL
Head/Principal Name: BINDU JAISWAL","Address : NIDHAULI ROAD, 5-B,ARUNA NAGAR,ETAH,U.P.
Website : http://tulipschooletah.in"
549,"Aff. No. :2130947
Sch. Code:60433","State : UTTAR PRADESH
District : ETAH",Senior Secondary Level,"Name : B.S.D.PUBLIC SCHOOL
Head/Principal Name: PREM LATA","Address : VIRAMPUR, P.O. KAKRAVALI, NEAR F.C.I. GODOWN, ALIGARH ROAD, DISTT ETAH, UTTAR PRADESH-207123
Website : www.bsdps.com"
550,"Aff. No. :2130921
Sch. Code:60416","State : UTTAR PRADESH
District : ETAH",Senior Secondary Level,"Name : SHYAM BIHARI PUBLIC SCHOOL
Head/Principal Name: BIJAY VIR SINGH","Address : SHYAM VIHAR COLONY, AGRA ROAD, ETAH, UTTAR PRADESH
Website : http://www.sbpublicschool.com/"
551,"Aff. No. :2130331
Sch. Code:60150","State : UTTAR PRADESH
District : ETAH",Senior Secondary Level,"Name : SARASWATI VIDYA MANDIR
Head/Principal Name: RAJIV GUPTA","Address : RAILWAY ROAD ETAH UTTAR PRADESH
Website : www.svmetah.com"
552,"Aff. No. :2130487
Sch. Code:60215","State : UTTAR PRADESH
District : ETAH",Senior Secondary Level,"Name : ST PAUL'S SCHOOL
Head/Principal Name: SYLVIA DAS","Address : NIDHAULI ROAD ETAH UTTAR PRADESH
Website : www.stpaulsetah.net"
553,"Aff. No. :2130086
Sch. Code:60031","State : UTTAR PRADESH
District : ETAH",Senior Secondary Level,"Name : ASSISI CONVENT SCHOOL
Head/Principal Name: SR JENI FRANCIS","Address : AGRA ROAD, ETAH UTTAR PRADESH
Website : www.acsetah.com"
554,"Aff. No. :2100103
Sch. Code:64031","State : UTTAR PRADESH
District : ETAH",Senior Secondary Level,"Name : PM SHRI KENDRIYA VIDYALAYA ETAH
Head/Principal Name: SHARDA SARAN","Address : HARCHANDPUR KALAN, G.T. ROAD, ETAH-207 001 UP
Website : https://etah.kvs.ac.in/"
555,"Aff. No. :2100091
Sch. Code:64029","State : UTTAR PRADESH
District : GAUTAM BUDDHA NAGAR",Senior Secondary Level,"Name : PM SHRI KENDRIYA VIDYALAYA
Head/Principal Name: ANJALI ATRI","Address : H S 18, SECTOR P-3, GREATER NOIDA GAUTAM BUDH NAGAR UTTAR PRADESH
Website : https://greaternoida.kvs.ac.in"
556,"Aff. No. :2100251
Sch. Code:64151","State : UTTAR PRADESH
District : GAUTAM BUDDHA NAGAR",Senior Secondary Level,"Name : PM SHRI KENDRIYA VIDYALAYA SSG CISF SURAJPUR GREATER NOIDA
Head/Principal Name: PRIYANKA TYAGI","Address : SURAJPUR, GREATERV NOIDA
Website : https://surajpur.kvs.ac.in"
557,"Aff. No. :2100045
Sch. Code:64018","State : UTTAR PRADESH
District : GAUTAM BUDDHA NAGAR",Senior Secondary Level,"Name : PM SHRI KENDRIYA VIDYALAYA
Head/Principal Name: KHEMENDRA TONDWAL","Address : SECTOR 24 NOIDA UTTAR PRADESH
Website : https://noida.kvs.ac.in"
558,"Aff. No. :2100067
Sch. Code:64023","State : UTTAR PRADESH
District : GAUTAM BUDDHA NAGAR",Senior Secondary Level,"Name : KENDRIYA VIDYALAYA
Head/Principal Name: SATISH KUMAR","Address : NTPC DADRI VIDYUT NAGAR DISTT G B NAGAR UTTAR PRADESH
Website : www.ntpcdadri.kvs.ac.in"
559,"Aff. No. :2130105
Sch. Code:60040","State : UTTAR PRADESH
District : GAUTAM BUDDHA NAGAR",Senior Secondary Level,"Name : SARLA CHOPRA DAV CENTENARY PUBLIC SCHOOL
Head/Principal Name: UPASANA SHARMA","Address : SECTOR-56 NOIDA DISTT.GHAZIABAD UTTAR PRADESH
Website : www.davnoida.org"
560,"Aff. No. :2130070
Sch. Code:60023","State : UTTAR PRADESH
District : GAUTAM BUDDHA NAGAR",Senior Secondary Level,"Name : CAMBRIDGE SCHOOL
Head/Principal Name: Surabhi Bhargav","Address : SECTOR 27 NOIDA GAUTAM BUDH NAGAR DISTT UTTAR PRADESH
Website : https://noida.cambridgeschool.edu.in"
561,"Aff. No. :2130099
Sch. Code:60036","State : UTTAR PRADESH
District : GAUTAM BUDDHA NAGAR",Senior Secondary Level,"Name : SOMERVILLE SCHOOL
Head/Principal Name: MARGARITA NALINI ARUL RAJ","Address : D-89 SECTOR-22 NOIDA DISTT GHAZIABAD UTTAR PRADESH
Website : www.somervillenoida.in"
562,"Aff. No. :2130101
Sch. Code:60037","State : UTTAR PRADESH
District : GAUTAM BUDDHA NAGAR",Senior Secondary Level,"Name : DELHI PUBLIC SCHOOL
Head/Principal Name: POONAM DUA","Address : NTPC RPOST VIDYUT NAGAR DADRI DISTT. GHAZIABAD UTTAR PRADESH
Website : www.dpsvndadri.in"
563,"Aff. No. :2130030
Sch. Code:60011","State : UTTAR PRADESH
District : GAUTAM BUDDHA NAGAR",Senior Secondary Level,"Name : APEEJAY SCHOOL
Head/Principal Name: Dr. Neha Sharma","Address : SECTOR-16-A NOIDA GAUTAM BUDH NAGAR UTTAR PRADESH
Website : www.apeejay.edu/noida"
564,"Aff. No. :2130060
Sch. Code:60018","State : UTTAR PRADESH
District : GAUTAM BUDDHA NAGAR",Senior Secondary Level,"Name : DELHI PUBLIC SCHOOL
Head/Principal Name: KAMINI BHASIN","Address : SECTOR-XXX NOIDA GAUTAM BUDH NAGAR UTTAR PRADESH
Website : www.dpsnoida.co.in"
565,"Aff. No. :2130138
Sch. Code:60059","State : UTTAR PRADESH
District : GAUTAM BUDDHA NAGAR",Senior Secondary Level,"Name : VISHWA BHARTI PUBLIC SCHOOL
Head/Principal Name: AMITA GANJOO","Address : ARUN VIHAR SECTOR 28 NOIDA UTTAR PRADESH
Website : https://www.vbpsnoida.com/"
566,"Aff. No. :2130189
Sch. Code:60083","State : UTTAR PRADESH
District : GAUTAM BUDDHA NAGAR",Senior Secondary Level,"Name : ASSISI CONVENT SCHOOL
Head/Principal Name: SR JYOTI JOSEPH","Address : A-43 SECTOR - 33 NOIDA, GAUTAM BUDH NAGAR, UTTAR PRADESH-201307
Website : www.assisinoida.com"
567,"Aff. No. :2130200
Sch. Code:60090","State : UTTAR PRADESH
District : GAUTAM BUDDHA NAGAR",Senior Secondary Level,"Name : NOIDA PUBLIC SCHOOL
Head/Principal Name: SARITA TIWARI","Address : I-BLOCK SECTOR 23 A-78 VILLAGE CHAURA RAGHUNATHPUR, NOIDA, DISTT GAUTAM BUDH NAGAR, UTTAR PRADESH
Website : www.noidapublicschool.com"
568,"Aff. No. :2130194
Sch. Code:60086","State : UTTAR PRADESH
District : GAUTAM BUDDHA NAGAR",Senior Secondary Level,"Name : SRM PUBLIC SCHOOL
Head/Principal Name: SUJIT TANDON","Address : B - 67 SECTOR - 33 NOIDA, DISTT GAUTAM BUDH NAGAR, UTTAR PRADESH
Website : https://www.srmschoolnoida.org"
569,"Aff. No. :2130163
Sch. Code:60072","State : UTTAR PRADESH
District : GAUTAM BUDDHA NAGAR",Senior Secondary Level,"Name : MODERN SCHOOL
Head/Principal Name: NEERAJ AWASTHY","Address : S-1 SECTOR XI NOIDA, GAUTAM BUDH NAGAR, UTTAR PRADESH
Website : www.modernschoolnoida.com"
570,"Aff. No. :2130166
Sch. Code:60073","State : UTTAR PRADESH
District : GAUTAM BUDDHA NAGAR",Senior Secondary Level,"Name : MAHARISHI VIDYA MANDIR
Head/Principal Name: UMESH SINGH","Address : MAHARISHI NAGAR, NOIDA DISTT. GAUTAM BUDH NAGAR, UTTAR PRADESH
Website : www.maharishi-nagarmaharishividyamandir.com"
571,"Aff. No. :2130284
Sch. Code:60131","State : UTTAR PRADESH
District : GAUTAM BUDDHA NAGAR",Senior Secondary Level,"Name : AMITY INTERNATIONAL SCHOOL
Head/Principal Name: RENU SINGH","Address : SECTOR-44 NOIDA, DISTT GAUTAM BUDH NAGAR, UTTAR PRADESH
Website : www.amity.edu/ais/noida/"
572,"Aff. No. :2130253
Sch. Code:60117","State : UTTAR PRADESH
District : GAUTAM BUDDHA NAGAR",Senior Secondary Level,"Name : DAV PUBLIC SCHOOL
Head/Principal Name: RENU SHARMA","Address : NTPC VIDYUT NAGAR DISTT GHAZIABAD UTTAR PRADESH
Website : http://davntpcdadri.org/"
573,"Aff. No. :2130207
Sch. Code:60096","State : UTTAR PRADESH
District : GAUTAM BUDDHA NAGAR",Senior Secondary Level,"Name : BRAHMANAND PUBLIC SCHOOL
Head/Principal Name: RITU AGGARWAL","Address : A-62A SECTOR - 20 NOIDA, DISTT GAUTAM BUDH NAGAR, UTTAR PRADESH
Website : www.brahmanandaindia.org"
574,"Aff. No. :2130473
Sch. Code:60210","State : UTTAR PRADESH
District : GAUTAM BUDDHA NAGAR",Senior Secondary Level,"Name : DHARM PUBLIC SCHOOL
Head/Principal Name: MANISH KUMAR SHARMA","Address : 29A 30 INST AREA GREATER NOIDA, DISTT GAUTAM BUDH NAGAR, UTTAR PRADESH
Website : www.dharampublicschool.in"
575,"Aff. No. :2130461
Sch. Code:60207","State : UTTAR PRADESH
District : GAUTAM BUDDHA NAGAR",Senior Secondary Level,"Name : B DEVRAS SARASWATI VIDYA MANDIR
Head/Principal Name: SOMGIR","Address : H 107 SEC 12 NOIDA, GAUTAM BUDH NAGAR, UTTAR PRADESH
Website : https://bdsvidyamandirnoida.in"
576,"Aff. No. :2130448
Sch. Code:60202","State : UTTAR PRADESH
District : GAUTAM BUDDHA NAGAR",Senior Secondary Level,"Name : KARL HUBER SCHOOL
Head/Principal Name: SMITA MISHRA","Address : PLOT NO 4A SECTOR 62 NOIDA, GAUTAM BUDH NAGAR, UTTAR PRADESH
Website : www.karlhuberschool.com"
577,"Aff. No. :2130449
Sch. Code:60203","State : UTTAR PRADESH
District : GAUTAM BUDDHA NAGAR",Senior Secondary Level,"Name : YADU PUBLIC SCHOOL
Head/Principal Name: Shovika Yadav","Address : SHARFABAD GAUTAM BUDH NAGAR NOIDA UTTAR PRADESH
Website : www.yadupublicschool.com"
578,"Aff. No. :2130517
Sch. Code:60227","State : UTTAR PRADESH
District : GAUTAM BUDDHA NAGAR",Secondary Level,"Name : MARY ANGEL'S PUBLIC SCHOOL
Head/Principal Name: Bharati Singh","Address : F1 SECT 15 NOIDA UTTAR PRADESH
Website : www.MerryAngels.org"
579,"Aff. No. :2130545
Sch. Code:60238","State : UTTAR PRADESH
District : GAUTAM BUDDHA NAGAR",Senior Secondary Level,"Name : DIAMOND DRILL PUB SCHOOL
Head/Principal Name: SWATI VERMA","Address : 22 INSTITUTIONAL AREA GREATER NOIDA DISTT GAUTAM BUDH NAGAR UTTAR PRADESH
Website : www.ddps.co.in"
580,"Aff. No. :2130546
Sch. Code:60239","State : UTTAR PRADESH
District : GAUTAM BUDDHA NAGAR",Senior Secondary Level,"Name : SOMERVILLE SCHOOL
Head/Principal Name: MARY THOMAS","Address : SECTOR ALPHA II GREATER NOIDA DISTT GAUTAM BUDH NAGAR UTTAR PRADESH
Website : www.somervillegreaternoida.in"
581,"Aff. No. :2130532
Sch. Code:60233","State : UTTAR PRADESH
District : GAUTAM BUDDHA NAGAR",Senior Secondary Level,"Name : RAMAEESH INTERNATIONAL SCHOOL
Head/Principal Name: SHIKHA SINGH","Address : 3 INSTITUTIONAL AREA KASNA ROAD GREATER NOIDA UTTAR PRADESH
Website : https://www.rameeshinstitutions.org/ris/"
582,"Aff. No. :2130521
Sch. Code:60230","State : UTTAR PRADESH
District : GAUTAM BUDDHA NAGAR",Senior Secondary Level,"Name : MOUNT LITERA ZEE SCHOOL
Head/Principal Name: NA","Address : DADRI DISTT G B NAGAR UTTAR PRADESH
Website :"
583,"Aff. No. :2130577
Sch. Code:60254","State : UTTAR PRADESH
District : GAUTAM BUDDHA NAGAR",Senior Secondary Level,"Name : ASTER PUBLIC SCHOOL
Head/Principal Name: PRITI SHARMA","Address : J-I, DELTA-II, GREATER NOIDA-201310, G.B. NAGAR UTTAR PRADESH
Website : https://grnoida.asterinstitutions.com/"
584,"Aff. No. :2130579
Sch. Code:60255","State : UTTAR PRADESH
District : GAUTAM BUDDHA NAGAR",Senior Secondary Level,"Name : FR AGNEL SCHOOL
Head/Principal Name: PHILIP N G","Address : SECT 62 NOIDA GAUTAM BUDH NAGAR UTTAR PRADESH
Website : www.fasnoida.org"
585,"Aff. No. :2130601
Sch. Code:60266","State : UTTAR PRADESH
District : GAUTAM BUDDHA NAGAR",Senior Secondary Level,"Name : MARIGOLD PUBLIC SCHOOL
Head/Principal Name: MOHIT SHARDA","Address : DHADHA SIRSA MARG PO KASNA GREATER NOIDA UTTAR PRADESH
Website : www.marigoldindia.com"
586,"Aff. No. :2130625
Sch. Code:60277","State : UTTAR PRADESH
District : GAUTAM BUDDHA NAGAR",Senior Secondary Level,"Name : ASPAM SCOTTISH SCHOOL
Head/Principal Name: MEENAKSHI ZARABI","Address : A 43 SECTOR 62 NOIDA UTTAR PRADESH
Website : www.aspamscottish.com"
587,"Aff. No. :2130334
Sch. Code:60151","State : UTTAR PRADESH
District : GAUTAM BUDDHA NAGAR",Senior Secondary Level,"Name : SHAIFFALI PUBLIC SCHOOL
Head/Principal Name: SHILPA SINGH","Address : RAILWAY ROAD DADRI G B NAGAR UTTAR PRADESH
Website : www.shaiffalipublicschool.co"
588,"Aff. No. :2130296
Sch. Code:60137","State : UTTAR PRADESH
District : GAUTAM BUDDHA NAGAR",Senior Secondary Level,"Name : LORD MAHAVIRA SCHOOL
Head/Principal Name: Sangita Sharma","Address : SECTOR-29 (ADJACENT TO RLY RESERVATION OFFICE AND UNION BANK OF INDIA) NOIDA, DISTT GAUTAM BUDH NAGAR, UTTAR PRADESH
Website : www.lordmahaviraschool.co.in"
589,"Aff. No. :2130301
Sch. Code:60139","State : UTTAR PRADESH
District : GAUTAM BUDDHA NAGAR",Senior Secondary Level,"Name : SUNRISE VILLE SCHOOL
Head/Principal Name: PRAVEEN KUMAR","Address : K-BLOCK SECTOR-25 NOIDA, GAUTAM BUDH NAGAR, UTTAR PRADESH
Website : www.sunrisevilleschool.com"
590,"Aff. No. :2130344
Sch. Code:60155","State : UTTAR PRADESH
District : GAUTAM BUDDHA NAGAR",Secondary Level,"Name : MARIGOLD PUBLIC SCHOOL
Head/Principal Name: SANJEEV KUMAR","Address : SECTOR -19,NOIDA UTTAR PRADESH
Website : www.marigoldpublicschool.co.in"
591,"Aff. No. :2130291
Sch. Code:60135","State : UTTAR PRADESH
District : GAUTAM BUDDHA NAGAR",Senior Secondary Level,"Name : RYAN INTERNATIONAL SCHOOL
Head/Principal Name: NIDHI TRIVEDI","Address : D-46 SECTOR-39 NOIDA, DISTT GAUTAM BUDH NAGAR, UTTAR PRADESH
Website : https://bit.ly/ryan-international-school-noida"
592,"Aff. No. :2130444
Sch. Code:60199","State : UTTAR PRADESH
District : GAUTAM BUDDHA NAGAR",Senior Secondary Level,"Name : THE S.D. VIDYA SCHOOL
Head/Principal Name: ANU PURI","Address : C 217 SECTOR 49 NOIDA UTTAR PRADESH
Website : www.sdvidyanoida.in"
593,"Aff. No. :2130421
Sch. Code:60189","State : UTTAR PRADESH
District : GAUTAM BUDDHA NAGAR",Senior Secondary Level,"Name : DELHI PUBLIC SCHOOL
Head/Principal Name: SEEMA ROY","Address : SECTOR GAMMA-2, GREATER NOIDA, DISTT GAUTAM BUDH NAGAR, UTTAR PRADESH-201308
Website : www.dpsgrnoida.in"
594,"Aff. No. :2130422
Sch. Code:60190","State : UTTAR PRADESH
District : GAUTAM BUDDHA NAGAR",Senior Secondary Level,"Name : BAL BHARTI PUBLIC SCHOOL
Head/Principal Name: ASHA PRABHAKAR","Address : SECTOR 21 NOIDA, GAUTAM BUDH NAGAR, UTTAR PRADESH
Website : http://bbpsnoida.balbharati.org"
595,"Aff. No. :2130391
Sch. Code:60177","State : UTTAR PRADESH
District : GAUTAM BUDDHA NAGAR",Senior Secondary Level,"Name : UTTARAKHAND PUB SCHOOL
Head/Principal Name: Mohini Negi","Address : SECTIR 56 NOIDA, GAUTAM BUDH NAGAR, UTTAR PRADESH
Website : www.uttarakhandpublicschool.com"
596,"Aff. No. :2130382
Sch. Code:60173","State : UTTAR PRADESH
District : GAUTAM BUDDHA NAGAR",Senior Secondary Level,"Name : THE KHAITAN SCHOOL
Head/Principal Name: SAJEEV P PARUVANANI","Address : IA/A, SECTOR-40 BLOCK F NOIDA UTTAR PRADESH
Website : www.thekhaitanschool.org"
597,"Aff. No. :2130930
Sch. Code:60423","State : UTTAR PRADESH
District : GAUTAM BUDDHA NAGAR",Senior Secondary Level,"Name : SAHIL PUBLIC SCHOOL
Head/Principal Name: MEERA KAIRA","Address : VILLAGE KHERPUR GUJJAR, POST OFFICE BISRAKH, DISTT GAUTAM BUDH NAGAR, UTTAR PRADESH
Website : https://sahilpublicschooldsrkp5.com"
598,"Aff. No. :2130956
Sch. Code:60436","State : UTTAR PRADESH
District : GAUTAM BUDDHA NAGAR",Senior Secondary Level,"Name : R.S.S. INTERNATIONAL SCHOOL
Head/Principal Name: APARNA","Address : SADARPUR-CHHALERA, SECTOR-45 NOIDA, GAUTAM BUDH NAGAR, UTTAR PRADESH
Website : www.rssis.org.in"
599,"Aff. No. :2130986
Sch. Code:60448","State : UTTAR PRADESH
District : GAUTAM BUDDHA NAGAR",Senior Secondary Level,"Name : SANFORT WORLD SCHOOL
Head/Principal Name: INDU KOHLI","Address : HS-19, POCKET-2, BUILDERS AREA, OMEGA-I, GREATER NOIDA, GAUTAM BUDH NAGAR (UP)
Website : www.sanfortworldschool.com"
600,"Aff. No. :2130984
Sch. Code:60446","State : UTTAR PRADESH
District : GAUTAM BUDDHA NAGAR",Senior Secondary Level,"Name : OXFORD GREEN PUBLIC SCHOOL
Head/Principal Name: VANDANA SHARMA","Address : VILLAGE SIRSA, KASNA ROAD, GREATER NOIDA, GAUTAM BUDH NAGAR (UP)
Website : www.ogps.co.in"
601,"Aff. No. :2130978
Sch. Code:60441","State : UTTAR PRADESH
District : GAUTAM BUDDHA NAGAR",Senior Secondary Level,"Name : JAGRAN PUBLIC SCHOOL - NOIDA
Head/Principal Name: DEEPAK KUMAR SINHA","Address : D - 33 / B, SECTOR - 47,
Website : www.jpsnoida.com"
602,"Aff. No. :2130980
Sch. Code:60443","State : UTTAR PRADESH
District : GAUTAM BUDDHA NAGAR",Senior Secondary Level,"Name : MARY ANGEL'S PUBLIC SCHOOL
Head/Principal Name: SUPRIYA RANI","Address : HS9-B DELTA 1, GREATER NOIDA
Website :"
603,"Aff. No. :2130872
Sch. Code:60390","State : UTTAR PRADESH
District : GAUTAM BUDDHA NAGAR",Senior Secondary Level,"Name : VANASTHALI PUBLIC SCHOOL
Head/Principal Name: SHIKHA SINGH BHADAURIA","Address : SECTOR 56 NOIDA GAUTAM BUDH NAGAR UTTAR PRADESH
Website : https://www.vpsnoida.com"
604,"Aff. No. :2130853
Sch. Code:60381","State : UTTAR PRADESH
District : GAUTAM BUDDHA NAGAR",Senior Secondary Level,"Name : VISHWA BHARTI PUBLIC SCHOOL
Head/Principal Name: SHALU PILLAI","Address : HS-4 SECTOR BETA 1 GREATER NOIDA GAUTAM BUDH NAGAR UTTAR PRADESH
Website : www.vbpsgn.com"
605,"Aff. No. :2130857
Sch. Code:60383","State : UTTAR PRADESH
District : GAUTAM BUDDHA NAGAR",Senior Secondary Level,"Name : HOLY PUBLIC SCHOOL
Head/Principal Name: ANJU PURI","Address : HS 28, SEC 42 SIGMA 1 GREATER NOIDA GAUTAM BUDH NAGAR UTTAR PRADESH
Website : www.holypublicschoolnoida.com"
606,"Aff. No. :2130833
Sch. Code:60375","State : UTTAR PRADESH
District : GAUTAM BUDDHA NAGAR",Senior Secondary Level,"Name : PRAGYAN PUBLIC SCHOOL
Head/Principal Name: Dr. Deepti Sharma","Address : RAM PUR ROAD JEWAR DISTT GAUTAM BUDH NAGAR UTTAR PARDESH
Website : https://www.pragyanpublicschool.com"
607,"Aff. No. :2130842
Sch. Code:60379","State : UTTAR PRADESH
District : GAUTAM BUDDHA NAGAR",Senior Secondary Level,"Name : KOTHARI INTERNATIONAL SCHOOL
Head/Principal Name: NIDHI TEWARI","Address : B-279 SECTOR 50 NOIDA GAUTAM BUDH NAGAR UTTAR PRADESH
Website : www.kotharischool.edu.in"
608,"Aff. No. :2130920
Sch. Code:60415","State : UTTAR PRADESH
District : GAUTAM BUDDHA NAGAR",Senior Secondary Level,"Name : APEEJAY INTERNATIONAL SCHOOL
Head/Principal Name: SUDHA MURUGKAR","Address : 1 INSTITUTIONAL AREA, SURAJPUR - KASNA ROAD, GREATER NOIDA, GAUTAM BUDH NAGAR, UTTAR PRADESH
Website : http://apeejay.edu/intl/"
609,"Aff. No. :2130903
Sch. Code:60410","State : UTTAR PRADESH
District : GAUTAM BUDDHA NAGAR",Senior Secondary Level,"Name : RAMAGYA SCHOOL
Head/Principal Name: RINA SINGH","Address : E-7 SECTOR 50 NOIDA, GAUTAM BUDH NAGAR, UTTAR PRADESH
Website : www.ramagyaschool.com"
610,"Aff. No. :2130697
Sch. Code:60314","State : UTTAR PRADESH
District : GAUTAM BUDDHA NAGAR",Senior Secondary Level,"Name : CAMBRIDGE SCHOOL
Head/Principal Name: SHALABH SHARMA","Address : I-B INSTITUTIONAL AREA GREATER NOIDA, GAUTAM BUDH NAGAR, UTTAR PRADESH
Website : https://gn.cambridgeschool.edu.in/"
611,"Aff. No. :2130692
Sch. Code:60311","State : UTTAR PRADESH
District : GAUTAM BUDDHA NAGAR",Senior Secondary Level,"Name : URSULINE CONVENT SR SEC SCHOOL
Head/Principal Name: REKHA PUNIA","Address : SECTOR 36 RHO 1 KASANA PO GREATER NOIDA GAUTAM BUDH NAGAR UTTAR PRADESH
Website : www.ursulinegreaternoida.org"
612,"Aff. No. :2130651
Sch. Code:60290","State : UTTAR PRADESH
District : GAUTAM BUDDHA NAGAR",Senior Secondary Level,"Name : NEHRU INTERNATIONAL PUBLIC SCHOOL
Head/Principal Name: SARIKA TYAGI","Address : SECTOR 11 NOIDA, GAUTAM BUDH NAGAR, UTTAR PRADESH
Website : www.nipsnoida.com"
613,"Aff. No. :2130634
Sch. Code:60281","State : UTTAR PRADESH
District : GAUTAM BUDDHA NAGAR",Senior Secondary Level,"Name : CITY PUBLIC SCHOOL
Head/Principal Name: TARUNA CHAUDHARY","Address : E 3 SECTOR 61 NOIDA, GAUTAM BUDH NAGAR, UTTAR PRADESH
Website : www.cpsnoida.com"
614,"Aff. No. :2130732
Sch. Code:60330","State : UTTAR PRADESH
District : GAUTAM BUDDHA NAGAR",Senior Secondary Level,"Name : LOTUS VALLEY INTERNATIONAL SCHOOL
Head/Principal Name: RUCHI SETH","Address : 2 SECTOR 126 EXPRESSWAY NOIDA UP
Website : http://WWW.LOTUSVALLEY.COM"
615,"Aff. No. :2130738
Sch. Code:60332","State : UTTAR PRADESH
District : GAUTAM BUDDHA NAGAR",Senior Secondary Level,"Name : ADARSH PUBLIC SCHOOL
Head/Principal Name: DR ROHINI MAHUR","Address : B-193 SECTOR 52 NOIDA, GAUTAM BUDH NAGAR, UTTAR PRADESH
Website : www.adarshpublicschoolnoida.com"
616,"Aff. No. :2130742
Sch. Code:60335","State : UTTAR PRADESH
District : GAUTAM BUDDHA NAGAR",Senior Secondary Level,"Name : BLUE DIAMOND PUBLIC SCHOOL
Head/Principal Name: Dr. M. Srihari","Address : SADOPUR KI JHAL DADRI DISTT GAUTAM BUDH NAGAR UP
Website : www.bluediamondschool.com"
617,"Aff. No. :2130746
Sch. Code:60336","State : UTTAR PRADESH
District : GAUTAM BUDDHA NAGAR",Senior Secondary Level,"Name : INDUS VALLEY PUBLIC SCHOOL
Head/Principal Name: SHIKHA SHARMA","Address : PLOT NO 1 SECTOR 62 NOIDA UP
Website : www.indusvalleynoida.in"
618,"Aff. No. :2130755
Sch. Code:60342","State : UTTAR PRADESH
District : GAUTAM BUDDHA NAGAR",Senior Secondary Level,"Name : N S PUBLIC SCHOOL
Head/Principal Name: SONIA AGARWAL","Address : E 3B SECTOR 26 NOIDA, GAUTAM BUDH NAGAR, UTTAR PRADESH
Website : www.nspublic26.com"
619,"Aff. No. :2130758
Sch. Code:60344","State : UTTAR PRADESH
District : GAUTAM BUDDHA NAGAR",Senior Secondary Level,"Name : AMAR PUBLIC SCHOOL
Head/Principal Name: Savita Singh","Address : SECTOR 37 NOIDA UP
Website : www.amarpublicschool.com"
620,"Aff. No. :2130762
Sch. Code:60345","State : UTTAR PRADESH
District : GAUTAM BUDDHA NAGAR",Senior Secondary Level,"Name : MAYOOR SCHOOL
Head/Principal Name: ALKA AWASTHI","Address : SECTOR 126 EXPRESSWAY NOIDA UP
Website : www.mayoornoida.net"
621,"Aff. No. :2130799
Sch. Code:60360","State : UTTAR PRADESH
District : GAUTAM BUDDHA NAGAR",Senior Secondary Level,"Name : SPARSH INTERNATIONAL SCHOOL
Head/Principal Name: JYOTI RANA","Address : 3 A SECTOR OMEGA I GREATER NOIDA UP
Website : www.sparshinternational.co.in"
622,"Aff. No. :2130728
Sch. Code:60328","State : UTTAR PRADESH
District : GAUTAM BUDDHA NAGAR",Senior Secondary Level,"Name : RYAN INTERNATIONAL SCHOOL
Head/Principal Name: Sudha Singh","Address : HS-6 BLOCK-E, BETA I GREATER NOIDA DISTT GAUTAM BUDH NAGAR UP
Website : www.risgreaternoida.com"
623,"Aff. No. :2130772
Sch. Code:60349","State : UTTAR PRADESH
District : GAUTAM BUDDHA NAGAR",Senior Secondary Level,"Name : ASCENT INTERNATIONAL SCHOOL
Head/Principal Name: NAINA GUPTA","Address : DELTA II HS 11 B GREATER NOIDA GAUTAM BUDH NAGAR UP
Website : www.aisgrnoida.com"
624,"Aff. No. :2131232
Sch. Code:60550","State : UTTAR PRADESH
District : GAUTAM BUDDHA NAGAR",Senior Secondary Level,"Name : GENESIS GLOBAL SCHOOL
Head/Principal Name: Madhur Gupta","Address : A-12, SECTOR-132 EXPRESSWAY NOIDA -201301
Website : http://www.genesisglobalschool.edu.in/"
625,"Aff. No. :2131249
Sch. Code:60557","State : UTTAR PRADESH
District : GAUTAM BUDDHA NAGAR",Senior Secondary Level,"Name : JBM GLOBAL SCHOOL
Head/Principal Name: UPMA ARORA","Address : A-11,SECTOR- 132, EXPRESSWAY, NOIDA
Website : www.jbms.in"
626,"Aff. No. :2131261
Sch. Code:60567","State : UTTAR PRADESH
District : GAUTAM BUDDHA NAGAR",Senior Secondary Level,"Name : PRAGYAN SCHOOL
Head/Principal Name: RUCHIKA SHARMA","Address : HS-7,POCKET E, SECTOR GAMA 1
Website : www.pragyanschool.com"
627,"Aff. No. :2131262
Sch. Code:60568","State : UTTAR PRADESH
District : GAUTAM BUDDHA NAGAR",Senior Secondary Level,"Name : GAUTAM BUDH BALAK INTER COLLEGE
Head/Principal Name: Rajeev Kumar","Address : AMNABAD, BISRKH,GREATER NOIDA
Website : www.gbbicgrnoida.in"
628,"Aff. No. :2131251
Sch. Code:60559","State : UTTAR PRADESH
District : GAUTAM BUDDHA NAGAR",Senior Secondary Level,"Name : UMA PUBLIC SCHOOL
Head/Principal Name: SANJAY KUMAR SHARMA","Address : GHANGHONLA, MAYANCHA, DADRI, GREATER NOIDA, GAUTAM BUDH NAGAR, U.P.
Website : www.umapublicschool.in"
629,"Aff. No. :2131253
Sch. Code:60560","State : UTTAR PRADESH
District : GAUTAM BUDDHA NAGAR",Senior Secondary Level,"Name : SAVITRI BAI PHULE BALIKA INTER COLLEGE
Head/Principal Name: RAJEEV KUMAR","Address : NEAR GAUTAM BUDH UNIVERSITY,GREATER NOIDA, SADAR, GAUTAM BUDH NAGAR,
Website : www.sbicgrnoida.com"
630,"Aff. No. :2131345
Sch. Code:60606","State : UTTAR PRADESH
District : GAUTAM BUDDHA NAGAR",Senior Secondary Level,"Name : FR. AGNEL SCHOOL
Head/Principal Name: JOANITA SANTANA MENDES","Address : POCKET-F, BETA-II, GREATER NOIDA, GAUTAM BUDH NAGAR,
Website : www.agnelgreaternoida.org"
631,"Aff. No. :2131305
Sch. Code:60587","State : UTTAR PRADESH
District : GAUTAM BUDDHA NAGAR",Senior Secondary Level,"Name : BILLABONG HIGH INTERNATIONAL SCHOOL
Head/Principal Name: SHARMILA CHATTERJEE","Address : A-73, SECTOR 34, NOIDA-201301
Website : www.billabonghighschoolnoida.com"
632,"Aff. No. :2131285
Sch. Code:60578","State : UTTAR PRADESH
District : GAUTAM BUDDHA NAGAR",Senior Secondary Level,"Name : DSR MODERN SCHOOL
Head/Principal Name: Poonam Dixit","Address : KOORI KHERA ROAD,DHOOM MANIKPUR
Website : www.dsrmodernschooldadri.com"
633,"Aff. No. :2131279
Sch. Code:60575","State : UTTAR PRADESH
District : GAUTAM BUDDHA NAGAR",Senior Secondary Level,"Name : PANCHSHEEL BALAK INTER COLLEGE
Head/Principal Name: NEERAJ TANDAN","Address : SECTOR-91, NOIDA, GAUTAM BUDH NAGAR,
Website : www.pbicnoida.com"
634,"Aff. No. :2131281
Sch. Code:60576","State : UTTAR PRADESH
District : GAUTAM BUDDHA NAGAR",Senior Secondary Level,"Name : MAHAMAYA BALIKA INTER COLLEGE
Head/Principal Name: NEERAJ TANDAN","Address : SECTOR-44
Website :"
635,"Aff. No. :2131106
Sch. Code:60493","State : UTTAR PRADESH
District : GAUTAM BUDDHA NAGAR",Senior Secondary Level,"Name : STEP BY STEP SCHOOL
Head/Principal Name: Vijayashree Ranganathan","Address : A-10, SECTOR-132, TAJ EXPRESSWAY
Website : https://stepbystep.school/"
636,"Aff. No. :2131122
Sch. Code:60500","State : UTTAR PRADESH
District : GAUTAM BUDDHA NAGAR",Senior Secondary Level,"Name : VISHAL INTERNATIONAL SCHOOL
Head/Principal Name: SUNITA BHAN","Address : VILLAGE TIGRI
Website : www.vishalinternalschool.com"
637,"Aff. No. :2131197
Sch. Code:60533","State : UTTAR PRADESH
District : GAUTAM BUDDHA NAGAR",Senior Secondary Level,"Name : INDIAN NATIONAL PUBLIC SCHOOL
Head/Principal Name: VIJENDRA KUMAR GUPTA","Address : E-78 A, SECTOR 20, GAUTAM BUDH NAGAR, UTTAR PRADESH
Website :"
638,"Aff. No. :2131198
Sch. Code:60534","State : UTTAR PRADESH
District : GAUTAM BUDDHA NAGAR",Senior Secondary Level,"Name : R. K. MODERN SCHOOL
Head/Principal Name: Dev Bhushan Rana","Address : C-5 A, SECTOR - 55, NOIDA, GAUTAM BUDH NAGAR, UTTAR PRADESH
Website : www.rkmodernssecschool.com"
639,"Aff. No. :2131009
Sch. Code:60458","State : UTTAR PRADESH
District : GAUTAM BUDDHA NAGAR",Senior Secondary Level,"Name : N.M.PUBLIC SCHOOL
Head/Principal Name: VIJAY PAL SINGH","Address : VILL-SAINI , GREATER NOIDA, GAUTAM BUDH NAGAR,
Website : www.nmpublicschool.com"
640,"Aff. No. :2131760
Sch. Code:60737","State : UTTAR PRADESH
District : GAUTAM BUDDHA NAGAR",Senior Secondary Level,"Name : SAPPHIRE INTERNATIONAL SCHOOL
Head/Principal Name: Divya Kapoor","Address : SECTOR-70, NOIDA, UP-201301
Website : www.sapphireschool.in"
641,"Aff. No. :2131806
Sch. Code:60761","State : UTTAR PRADESH
District : GAUTAM BUDDHA NAGAR",Senior Secondary Level,"Name : RAO KASAL PUBLIC SCHOOL
Head/Principal Name: Janaki Pothiraj","Address : U.P.S.I.D. SITE-5, STATE BANK ROAD, GREATER NOIDA, GAUTAM BUDH NAGAR
Website :"
642,"Aff. No. :2131616
Sch. Code:60689","State : UTTAR PRADESH
District : GAUTAM BUDDHA NAGAR",Senior Secondary Level,"Name : DOLPHIN PUBLIC SCHOOL
Head/Principal Name: PRAGATI CHAUDHARY","Address : VILLAGE CHIPIYANA, LALKUAN GAUTAM BUDH NAGAR DADRI UTTAR PRADESH
Website : https://www.dolphinpublicschoolgbnagar.com/"
643,"Aff. No. :2131654
Sch. Code:60701","State : UTTAR PRADESH
District : GAUTAM BUDDHA NAGAR",Secondary Level,"Name : PREMWATI KUNJI LAL JAIN SARSWATI VIDHYA MANDIR
Head/Principal Name: SANJAY KUMAR GUPTA","Address : BILAS PUR, GREATER NOIDA, SADAR, GAUTAM BUDH NAGAR
Website : www.pkljsvm.in"
644,"Aff. No. :2131698
Sch. Code:60715","State : UTTAR PRADESH
District : GAUTAM BUDDHA NAGAR",Senior Secondary Level,"Name : DELHI PUBLIC SCHOOL,B-1,SECTOR-132,EXPRESSWAY,GAUTAM BUDDH NAGAR,NOIDA
Head/Principal Name: Supriti Chauhan","Address : B-1,SECTOR-132,EXPRESSWAY, GAUTAM BUDDH NAGAR,NOIDA,U.P. -201301
Website : https://www.dps-gbn.org/"
645,"Aff. No. :2131713
Sch. Code:60719","State : UTTAR PRADESH
District : GAUTAM BUDDHA NAGAR",Senior Secondary Level,"Name : G.R. GLOBAL ACADEMY
Head/Principal Name: RENU SHARMA","Address : PHOOLWATI NAGAR, BISHARA N.T.P.C. ROAD, DADRI, GAUTAM BUDH NAGAR
Website : www.grgadadri.ac.in"
646,"Aff. No. :2131720
Sch. Code:60723","State : UTTAR PRADESH
District : GAUTAM BUDDHA NAGAR",Senior Secondary Level,"Name : FTUNE WLD SCHOOL
Head/Principal Name: SONAL SRIVASTAVA","Address : B-280,SECT-105,EXPRESS WAY,NOIDA
Website : www.fortuneworldschool.com"
647,"Aff. No. :2131396
Sch. Code:60629","State : UTTAR PRADESH
District : GAUTAM BUDDHA NAGAR",Senior Secondary Level,"Name : GREATER VALLEY SCHOOL
Head/Principal Name: Anamika Sood","Address : HS-20 P-7,SECTOR-OMEGA-II
Website : www.greatervalleyschool.com"
648,"Aff. No. :2131421
Sch. Code:60634","State : UTTAR PRADESH
District : GAUTAM BUDDHA NAGAR",Senior Secondary Level,"Name : NILGIRI HILLS PUBLIC SCHOOL
Head/Principal Name: Vineesh Varshney","Address : F - 01, SECTOR - 50 NOIDA, DADRI
Website : www.nhpsnoida.com"
649,"Aff. No. :2131376
Sch. Code:60619","State : UTTAR PRADESH
District : GAUTAM BUDDHA NAGAR",Senior Secondary Level,"Name : VIDYA JOYTI PUBLIC SCHOOL
Head/Principal Name: R C KHULVE","Address : VILL.: KACHERA VARSABAD
Website : https://vjps.in/"
650,"Aff. No. :2131367
Sch. Code:60614","State : UTTAR PRADESH
District : GAUTAM BUDDHA NAGAR",Senior Secondary Level,"Name : NOIDA INTERNATIONAL PUBLIC SCHOOL
Head/Principal Name: INDU SHARMA","Address : GARHI CHAUKHANDI SECTOR - 121, NOIDA, GAUTAM BUDH NAGAR
Website : www.nips121.edu.in"
651,"Aff. No. :2131488
Sch. Code:60654","State : UTTAR PRADESH
District : GAUTAM BUDDHA NAGAR",Senior Secondary Level,"Name : SAMSARA THE WORLD ACADEMY
Head/Principal Name: Dr Shalini Prasad","Address : HS-21, SECTOR-37, GREATER NOIDA, GAUTAMBUDH NAGAR
Website : www.samsara-worldacademy.co.in"
652,"Aff. No. :2131501
Sch. Code:60656","State : UTTAR PRADESH
District : GAUTAM BUDDHA NAGAR",Senior Secondary Level,"Name : PRESIDIUM NOIDA-31
Head/Principal Name: Manavta Sharda","Address : C-5/230B, SECTOR-31, NOIDA GAUTAM BUDH NAGAR UP
Website : https://www.presidiumnoida.com/"
653,"Aff. No. :2131608
Sch. Code:60684","State : UTTAR PRADESH
District : GAUTAM BUDDHA NAGAR",Senior Secondary Level,"Name : KAUSHALYA WORLD SCHOOL
Head/Principal Name: ANJALI MITTAL","Address : HS 34, SECTOR PI II, GREATER NOIDA
Website : www.kaushalyaworldschool.com"
654,"Aff. No. :2131562
Sch. Code:60674","State : UTTAR PRADESH
District : GAUTAM BUDDHA NAGAR",Senior Secondary Level,"Name : GD GOENKA PUBLIC SCHOOL
Head/Principal Name: RENU SEHGAL","Address : PLOT NO. HS-13, SWARN NAGRI, SECTOR TAU, GREATER NOIDA (UP)
Website : www.gdgoenkanoida.edu.in"
655,"Aff. No. :2131583
Sch. Code:60678","State : UTTAR PRADESH
District : GAUTAM BUDDHA NAGAR",Senior Secondary Level,"Name : INDRAPRASTHA GLOBAL SCHOOL
Head/Principal Name: Nikita Tomar Mann","Address : INDRAPRASTHA GLOBAL SCHOOL, SECTOR 93-B, NOIDA (UP)
Website : www.indraprasthaschool.com"
656,"Aff. No. :2131585
Sch. Code:60679","State : UTTAR PRADESH
District : GAUTAM BUDDHA NAGAR",Senior Secondary Level,"Name : NEW SAINIK PUBLIC SCHOOL
Head/Principal Name: SHALINI UPADHYAY","Address : BUDH VIHAR, GALI NO. 28-29, SUNDAY MARKET, NOIDA, GAUTAM BUDH NAGAR, UTTAR PRADESH
Website : http://www.newsainikschoolnoida.in/"
657,"Aff. No. :2131856
Sch. Code:60783","State : UTTAR PRADESH
District : GAUTAM BUDDHA NAGAR",Senior Secondary Level,"Name : H.L INTERNATIONAL SCHOOL
Head/Principal Name: SHASHI KANTA","Address : F-1, ECOTECH-1, EXT-1, DADHA
Website :"
658,"Aff. No. :2131846
Sch. Code:60777","State : UTTAR PRADESH
District : GAUTAM BUDDHA NAGAR",Senior Secondary Level,"Name : N.S.PUBLIC SCHOOL
Head/Principal Name: Seema Rana","Address : JHANJHAR ROAD JAHANGIRPUR (G.B. NAGAR)203141
Website : https://nspublicschool.co.in/"
659,"Aff. No. :2131848
Sch. Code:60778","State : UTTAR PRADESH
District : GAUTAM BUDDHA NAGAR",Senior Secondary Level,"Name : RADIANT ACADEMY
Head/Principal Name: SUSHMITA CHOUDHARY","Address : SECTOR-115 ,SORKHA,JAHIDABAD
Website : www.radiantacademynoida.in"
660,"Aff. No. :2131872
Sch. Code:60790","State : UTTAR PRADESH
District : GAUTAM BUDDHA NAGAR",Senior Secondary Level,"Name : JAYPEE PUBLIC SCHOOL
Head/Principal Name: MEETA BHANDULA","Address : G BLOCK, JAYPEE GREENS, KAMLA GATE, SURAJPUR-KASNA ROAD
Website : www.jaypeeschools-jpsgrnoida.edu.in"
661,"Aff. No. :2131873
Sch. Code:60791","State : UTTAR PRADESH
District : GAUTAM BUDDHA NAGAR",Senior Secondary Level,"Name : THE DIVINE MOTHER INTERNATIONAL SCHOOL
Head/Principal Name: Dr. Gunjan Attri","Address : NEEMKA, SHAHJAPUR, JEWAR KHURJA ROAD
Website : www.thedmis.in"
662,"Aff. No. :2131869
Sch. Code:60788","State : UTTAR PRADESH
District : GAUTAM BUDDHA NAGAR",Senior Secondary Level,"Name : JSS PUBLIC SCHOOL
Head/Principal Name: NAINA SINGH","Address : A-104A, SECTOR-61, DADRI, NOIDA, GAUTAM BUDH NAGAR,
Website : www.jsspsn.edu.in"
663,"Aff. No. :2131880
Sch. Code:60793","State : UTTAR PRADESH
District : GAUTAM BUDDHA NAGAR",Senior Secondary Level,"Name : JAYPEE PUBLIC SCHOOL, NOIDA
Head/Principal Name: ANJALI MALIK","Address : JAYPEE GREENS, WISH TOWN, SEC-128, NOIDA
Website : www.jaypeeschools-jpsnoida.edu.in"
664,"Aff. No. :2131908
Sch. Code:60802","State : UTTAR PRADESH
District : GAUTAM BUDDHA NAGAR",Senior Secondary Level,"Name : SHIV NADAR SCHOOL,
Head/Principal Name: ANJU SONI","Address : PLOT NO SS-1, SECTOR 168, NOIDA (UP)
Website : www.shivnadarschool.edu.in"
665,"Aff. No. :2131924
Sch. Code:60807","State : UTTAR PRADESH
District : GAUTAM BUDDHA NAGAR",Senior Secondary Level,"Name : ASTER PUBLIC SCHOOL
Head/Principal Name: DR SHARBARI BANERJEE","Address : HS-1, SECTOR 3 GREATER NOIDA WEST, DADRI GAUTAM BUDH NAGAR,
Website : https://noidaextension.asterinstitutions.com/"
666,"Aff. No. :2131945
Sch. Code:60814","State : UTTAR PRADESH
District : GAUTAM BUDDHA NAGAR",Senior Secondary Level,"Name : SHRI DRONACHARYA RAMESHCHAND VIDYAWATI CONVENT SCHOOL
Head/Principal Name: GARGI GHOSH KANSABANIK","Address : NEAR F-1, ATTA ROAD, DANKAUR(G.B.NAGAR)
Website : www.sdrvconventschool.com"
667,"Aff. No. :2131953
Sch. Code:60815","State : UTTAR PRADESH
District : GAUTAM BUDDHA NAGAR",Senior Secondary Level,"Name : NOIDA EDUCATIONAL ACADEMY
Head/Principal Name: MANJU SHARMA","Address : BHANGEL SEC -110 NOIDA FASE -2
Website : www.neaschool.com"
668,"Aff. No. :2132102
Sch. Code:60877","State : UTTAR PRADESH
District : GAUTAM BUDDHA NAGAR",Senior Secondary Level,"Name : GYANSHREE SCHOOL
Head/Principal Name: NEENA KAUL","Address : PLOT NO. 3 & 4, SECTOR 127
Website : www.gyanshree.in"
669,"Aff. No. :2132062
Sch. Code:60859","State : UTTAR PRADESH
District : GAUTAM BUDDHA NAGAR",Senior Secondary Level,"Name : MODERN PUBLIC SCHOOL
Head/Principal Name: NANDINI PAUL","Address : SHAHBERI, NOIDA DADRI, GAUTAM BUDH NAGAR, UP-201009
Website : www.mpsnoidaextension.in"
670,"Aff. No. :2132115
Sch. Code:60882","State : UTTAR PRADESH
District : GAUTAM BUDDHA NAGAR",Senior Secondary Level,"Name : NARAYANA PUBLIC SCHOOL
Head/Principal Name: RAJLATA SINGH","Address : RUSTAMPUR P.O RABUPURA, TEHSIL JEWAR .GAUTAM BUDH NAGAR
Website : www.narayanaschool.com"
671,"Aff. No. :2132153
Sch. Code:60898","State : UTTAR PRADESH
District : GAUTAM BUDDHA NAGAR",Senior Secondary Level,"Name : SPRING DALE SCHOOL
Head/Principal Name: RENU JAIN","Address : DHOOM MANIKPUR NEAR AMKA ROAD DADRI
Website : www.mysds.in"
672,"Aff. No. :2132156
Sch. Code:60899","State : UTTAR PRADESH
District : GAUTAM BUDDHA NAGAR",Senior Secondary Level,"Name : PARAS PUBLIC SCHOOL
Head/Principal Name: SREEJATA DATTA","Address : VILLAGE & POST : MILAK LACHHI,
Website : www.parasschoolgreaternoida.com"
673,"Aff. No. :2132092
Sch. Code:60872","State : UTTAR PRADESH
District : GAUTAM BUDDHA NAGAR",Senior Secondary Level,"Name : JEWAR PUBLIC SCHOOL
Head/Principal Name: Mahesh Kumar Sharma","Address : JEWAR, GAUTAM BUDH NAGAR
Website : https://jewarpublicschool.in/"
674,"Aff. No. :2132095
Sch. Code:60873","State : UTTAR PRADESH
District : GAUTAM BUDDHA NAGAR",Senior Secondary Level,"Name : AYAN NATIONAL PUBLIC SCHOOL
Head/Principal Name: ABID","Address : VILL-JALPURA-HALDONI,BISRAKH ROAD,GREATER NOIDA ,G.B.NAGAR
Website : www.ayannationalpublicschool.com"
675,"Aff. No. :2132097
Sch. Code:60874","State : UTTAR PRADESH
District : GAUTAM BUDDHA NAGAR",Senior Secondary Level,"Name : GYAN INTERNATIONAL SCHOOL
Head/Principal Name: SHWETA TYAGI","Address : VILL. PALLA, GREATER NOIDA
Website : www.gyaninternational.in"
676,"Aff. No. :2132016
Sch. Code:60841","State : UTTAR PRADESH
District : GAUTAM BUDDHA NAGAR",Secondary Level,"Name : DIAMOND PUBLIC SCHOOL
Head/Principal Name: SANGEETA SHARMA","Address : VILL. RANHERA, TAH. JEWAR, DISTT. GAUTAM BUDH NAGAR
Website : http://www.xyz.com"
677,"Aff. No. :2132190
Sch. Code:60914","State : UTTAR PRADESH
District : GAUTAM BUDDHA NAGAR",Senior Secondary Level,"Name : SHANTI INTERNATIONAL SCHOOL
Head/Principal Name: SADHVI VERMA","Address : VILLAGE- CHHAPROLI, SECTOR-168, YAMUNA EXPRESS WAY, NOIDA, G.B. NAGAR, (U.P)
Website : www.sispjhs.com"
678,"Aff. No. :2132221
Sch. Code:60925","State : UTTAR PRADESH
District : GAUTAM BUDDHA NAGAR",Senior Secondary Level,"Name : ARYA KAMAL PUBLIC SCHOOL
Head/Principal Name: PRITI DEVI","Address : VILL. HABIBPUR-KHERA CHOUGANPUR, P/O-KULESRA, DISTT.-G.B.NAGAR, UP
Website : www.aryakamalpublicschool.com"
679,"Aff. No. :2132183
Sch. Code:60911","State : UTTAR PRADESH
District : GAUTAM BUDDHA NAGAR",Senior Secondary Level,"Name : SOMERVILLE INTERNATIONAL SCHOOL, A-07, SECTOR-132, EXPRESSWAY, NOIDA
Head/Principal Name: Dr. Marilyn Thomas","Address : A-07, SECTOR 132 NOIDA
Website : www.somervilleinternational.in"
680,"Aff. No. :2133151
Sch. Code:61250","State : UTTAR PRADESH
District : GAUTAM BUDDHA NAGAR",Secondary Level,"Name : MAA BHAGWATI DEVI MODERN PUBLIC SCHOOL
Head/Principal Name: JITENDRA SHARMA","Address : VILLAGE HAIBATPUR, BISRAKH
Website : http://mbdmps.co.in"
681,"Aff. No. :2133167
Sch. Code:61251","State : UTTAR PRADESH
District : GAUTAM BUDDHA NAGAR",Senior Secondary Level,"Name : G.D.GOENKA GLOBAL SCHOOL
Head/Principal Name: NIVEDITA VERMA","Address : A-56, SECTOR - 50
Website : https://www.gdgoenkanoida.com/"
682,"Aff. No. :2133056
Sch. Code:61224","State : UTTAR PRADESH
District : GAUTAM BUDDHA NAGAR",Secondary Level,"Name : C.L.M. PUBLIC SCHOOL
Head/Principal Name: DR REENA SINGH","Address : AEMANABAD, KNOWLEDGE PARK-V, SECTOR-1, GREATER NOIDA (WEST)
Website : www.clmpublicschool.in"
683,"Aff. No. :2133139
Sch. Code:61248","State : UTTAR PRADESH
District : GAUTAM BUDDHA NAGAR",Senior Secondary Level,"Name : LPS GLOBAL SCHOOL
Head/Principal Name: MAHUYA MANDAL","Address : D-196/2, SECTOR 51
Website : www.lpsglobal.org"
684,"Aff. No. :2133036
Sch. Code:61218","State : UTTAR PRADESH
District : GAUTAM BUDDHA NAGAR",Senior Secondary Level,"Name : RYAN INTERNATIONAL SCHOOL
Head/Principal Name: Kanchan Chathli","Address : PLOT NO-4, SECTOR-TECH ZONE-4, NOIDA EXTENSION
Website : www.ryaninternational.org"
685,"Aff. No. :2133039
Sch. Code:61220","State : UTTAR PRADESH
District : GAUTAM BUDDHA NAGAR",Secondary Level,"Name : S K S WORLD SCHOOL
Head/Principal Name: VIBHUSHA JAIN","Address : HS-01, HS-04 SECTOR-16 GREATER NOIDA WEST, GAUTAM BUDH NAGAR
Website : www.sksworldschool.ac.in"
686,"Aff. No. :2133000
Sch. Code:61204","State : UTTAR PRADESH
District : GAUTAM BUDDHA NAGAR",Senior Secondary Level,"Name : RAMA DEVI INTERNATIONAL SCHOOL
Head/Principal Name: SARITA BHATI","Address : VILLAGE-JALALPUR, POST - ROZA,
Website : www.rdischool.com"
687,"Aff. No. :2133006
Sch. Code:61207","State : UTTAR PRADESH
District : GAUTAM BUDDHA NAGAR",Senior Secondary Level,"Name : K D INTERNATIONAL SCHOOL
Head/Principal Name: VIKAS SAXENA","Address : VILLAGE NIYANA, NEAR GHANGOLA POLICE CHOWKI, KASNA
Website : www.kdischool.org"
688,"Aff. No. :2133011
Sch. Code:61208","State : UTTAR PRADESH
District : GAUTAM BUDDHA NAGAR",Senior Secondary Level,"Name : M. H. PUBLIC SCHOOL
Head/Principal Name: Deepti Mathur","Address : M.H. PUBLIC SCHOOL BADALPUR POST BADALPUR
Website : www.mhpublicschool.in"
689,"Aff. No. :2132994
Sch. Code:61200","State : UTTAR PRADESH
District : GAUTAM BUDDHA NAGAR",Senior Secondary Level,"Name : TRINITY WORLD SCHOOL
Head/Principal Name: BINU LANGER","Address : SEC.-2, VILL.-PATWARI, GREATER NOIDA
Website : www.trinityworldschool.in"
690,"Aff. No. :2132996
Sch. Code:61201","State : UTTAR PRADESH
District : GAUTAM BUDDHA NAGAR",Secondary Level,"Name : HS DISHA PUBLIC SCHOOL
Head/Principal Name: ABHA KATIYAR","Address : BILASPUR
Website : www.hsdisha.com"
691,"Aff. No. :2132942
Sch. Code:61184","State : UTTAR PRADESH
District : GAUTAM BUDDHA NAGAR",Senior Secondary Level,"Name : MBS INTERNATIONAL SCHOOL
Head/Principal Name: Harsh Singh","Address : 31, INSTITUTIONAL AREA, PHASE-1
Website : www.mbsinternational.in"
692,"Aff. No. :2132943
Sch. Code:61185","State : UTTAR PRADESH
District : GAUTAM BUDDHA NAGAR",Senior Secondary Level,"Name : R. J. INTERNATIONAL SCHOOL
Head/Principal Name: LALIT KUMAR SHARMA","Address : MODELPUR , JEWAR KHURJA ROAD
Website : www.rjinternationalschool.in"
693,"Aff. No. :2132948
Sch. Code:61187","State : UTTAR PRADESH
District : GAUTAM BUDDHA NAGAR",Senior Secondary Level,"Name : DADRI PUBLIC SCHOOL
Head/Principal Name: SAPNA SHARMA","Address : SHIV VATIKA, RAILWAY ROAD, DADRI, GAUTAM BUDH NAGAR
Website : www.dadripublicschool.in"
694,"Aff. No. :2132834
Sch. Code:61141","State : UTTAR PRADESH
District : GAUTAM BUDDHA NAGAR",Senior Secondary Level,"Name : S S PUBLIC SCHOOL
Head/Principal Name: MANJU SRIVASTAVA","Address : S S PUBLIC SCHOOL SEC-110 BHANGEL NOIDA
Website : www.sspsnoida.com"
695,"Aff. No. :2132804
Sch. Code:61131","State : UTTAR PRADESH
District : GAUTAM BUDDHA NAGAR",Senior Secondary Level,"Name : S.B.I.SCHOOL
Head/Principal Name: RATAN SHARMA","Address : VILL BAGPUR POST BILASPUR
Website : www.sbipublicschool.in"
696,"Aff. No. :2132740
Sch. Code:61117","State : UTTAR PRADESH
District : GAUTAM BUDDHA NAGAR",Senior Secondary Level,"Name : GREATER HEIGHTS PUBLIC SCHOOL
Head/Principal Name: Radha Sharma","Address : GREATER HEIGHTS PUBLIC SCHOOL
Website : https://www.greaterheightspublicschool.in"
697,"Aff. No. :2132741
Sch. Code:61118","State : UTTAR PRADESH
District : GAUTAM BUDDHA NAGAR",Secondary Level,"Name : L.D. CONVENT SCHOOL
Head/Principal Name: RACHANA LOHIYA","Address : JEWAR, MEHANDIPUR ROAD
Website : www.ldconventschool.com"
698,"Aff. No. :2132787
Sch. Code:61125","State : UTTAR PRADESH
District : GAUTAM BUDDHA NAGAR",Senior Secondary Level,"Name : OXFORD GREEN PUBLIC SCHOOL
Head/Principal Name: DEEPA BHATT","Address : VILLAGE-PEEPALKA SURATPUR POST OFFICE-BILASPUR
Website : www.ogps.co.in"
699,"Aff. No. :2132756
Sch. Code:61121","State : UTTAR PRADESH
District : GAUTAM BUDDHA NAGAR",Secondary Level,"Name : SHRI RAM CONVENT SCHOOL
Head/Principal Name: Nisha Singh","Address : BISAYACH
Website : www.shriramconventschool.in"
700,"Aff. No. :2132725
Sch. Code:61111","State : UTTAR PRADESH
District : GAUTAM BUDDHA NAGAR",Senior Secondary Level,"Name : GRENO PUBLIC SCHOOL
Head/Principal Name: SANGEETA JHA","Address : VILLAGE - GUNPURA, NEAR BUDDH INTERNATIONAL CIRCUIT, YAMUNA EXPRESSWAY, P.O-DANKAUR, DIST.- G.B. NAGAR - 203201 (U.P)
Website : www.grenopublicschool.com"
701,"Aff. No. :2132689
Sch. Code:61096","State : UTTAR PRADESH
District : GAUTAM BUDDHA NAGAR",Senior Secondary Level,"Name : GAGAN PUBLIC SCHOOL
Head/Principal Name: PARUL D SARDANA","Address : HS1 SECTOR 4 NEAR GAUR CITY GREATER NOIDA
Website : www.gaganpublicschool.com"
702,"Aff. No. :2132704
Sch. Code:61103","State : UTTAR PRADESH
District : GAUTAM BUDDHA NAGAR",Senior Secondary Level,"Name : OXFORD GREEN PUBLIC SCHOOL
Head/Principal Name: ATUL KUMAR MALIK","Address : PLOT NO-341,MOHAMADABAD KHEDA
Website : www.ogps.co.in"
703,"Aff. No. :2132707
Sch. Code:61104","State : UTTAR PRADESH
District : GAUTAM BUDDHA NAGAR",Senior Secondary Level,"Name : SAINT HOOD CONVENT SCHOOL
Head/Principal Name: Asha Sharma","Address : VIDYA NAGAR, PINK CITY ROAD, DADRI, GAUTAM BUDH NAGAR
Website : www.sainthoodconventschool.com"
704,"Aff. No. :2132710
Sch. Code:61105","State : UTTAR PRADESH
District : GAUTAM BUDDHA NAGAR",Senior Secondary Level,"Name : ST. GEORGE SCHOOL
Head/Principal Name: Rajnish Sethi","Address : KH. NO. 286, VILLAGE PANCHAYTAN, POST. BILASPUR
Website : www.stgeorgeschool.in"
705,"Aff. No. :2132711
Sch. Code:61106","State : UTTAR PRADESH
District : GAUTAM BUDDHA NAGAR",Senior Secondary Level,"Name : DAYANAND VIDYA MANDIR
Head/Principal Name: DR VANITA WAKHLOO","Address : PUSTA ROAD, MADHUVAN VIHAR, KULESRA, GREATER NOIDA, UP
Website : www.dvmps.com"
706,"Aff. No. :2132719
Sch. Code:61108","State : UTTAR PRADESH
District : GAUTAM BUDDHA NAGAR",Senior Secondary Level,"Name : SCHOLARS HOME INTERNATIONAL SCHOOL
Head/Principal Name: ALPANA UNIYAL","Address : HS-38, OMICRON-A,GREATER NOIDA
Website : www.scholarshome.in"
707,"Aff. No. :2132898
Sch. Code:61170","State : UTTAR PRADESH
District : GAUTAM BUDDHA NAGAR",Senior Secondary Level,"Name : K C INTERNATIONAL SCHOOL
Head/Principal Name: RAJENDRA SINGH","Address : JALPURA, SECTOR-1, GREATER NOIDA, GAUTAM BUDH NAGAR, UTTAR PRADESH
Website : www.kcinternationalschool.com"
708,"Aff. No. :2132903
Sch. Code:61172","State : UTTAR PRADESH
District : GAUTAM BUDDHA NAGAR",Senior Secondary Level,"Name : DELHI WORLD PUBLIC SCHOOL
Head/Principal Name: JYOTI ARORA","Address : NOIDA EXTENSION,PLOT NO. HS-57, KNOWLEDGE PARK-V, GREATER NOIDA WEST, GAUTAM, BUDH NAGAR, UTTAR PRADESH -201306
Website : http://www.dwpsnoidaex.com"
709,"Aff. No. :2132860
Sch. Code:61152","State : UTTAR PRADESH
District : GAUTAM BUDDHA NAGAR",Senior Secondary Level,"Name : SHIVRAJ SHARMA INTERNATIONAL SCHOOL
Head/Principal Name: VINITA KAUSHIK","Address : BILASPUR
Website : www.srsjrbilaspur.in"
710,"Aff. No. :2132874
Sch. Code:61161","State : UTTAR PRADESH
District : GAUTAM BUDDHA NAGAR",Senior Secondary Level,"Name : DUJANA PUBLIC SCHOOL
Head/Principal Name: MAMTA SHUKLA","Address : VILL. & POST - DUJANA BADALPUR
Website : www.dpssb.in"
711,"Aff. No. :2132877
Sch. Code:61162","State : UTTAR PRADESH
District : GAUTAM BUDDHA NAGAR",Secondary Level,"Name : GREAT COLUMBUS SCHOOL
Head/Principal Name: LAKSHMI BHUTRA","Address : PLOT NO.11, CHHAPRAULI BANGER, SEC-168, NOIDA, U.P.
Website : www.greatcolumbus.org"
712,"Aff. No. :2132840
Sch. Code:61143","State : UTTAR PRADESH
District : GAUTAM BUDDHA NAGAR",Secondary Level,"Name : S.S.S.GURUKULSCHOOL
Head/Principal Name: Pooja Sharma","Address : VILL BADOLI JHATTA SEC-154 G B NAGAR PIN 201304 UP
Website : https://sssgschool.live/"
713,"Aff. No. :2132871
Sch. Code:61160","State : UTTAR PRADESH
District : GAUTAM BUDDHA NAGAR",Senior Secondary Level,"Name : EASTERN DELHI PUBLIC SCHOOL
Head/Principal Name: Vikas nagar","Address : DHANORI ROAD DANKAUR DISTRICT-GAUTAMBUDH NAGAR
Website : http://www.easterndelhipublicschool.com"
714,"Aff. No. :2132287
Sch. Code:60947","State : UTTAR PRADESH
District : GAUTAM BUDDHA NAGAR",Senior Secondary Level,"Name : MANAV RACHNA INTERNATIONAL SCHOOL
Head/Principal Name: NINDIYA SAKET","Address : D-196 SECTOR -51 , NOIDA , GAUTAM BUDDHA NAGAR , UTTAR PRADESH
Website : www.mris.edu.in"
715,"Aff. No. :2132289
Sch. Code:60948","State : UTTAR PRADESH
District : GAUTAM BUDDHA NAGAR",Senior Secondary Level,"Name : BLOOM INTERNATIONAL SCHOOL
Head/Principal Name: SARLA RAINA BHAT","Address : BLOOM INTERNATIONAL SCHOOL,TECHZONE-7, BISHRAKH ROAD,GREATER NOIDA WEST.NEAR VILLAGE ROZA JALALPUR
Website : www.bloominternationalschool.com"
716,"Aff. No. :2132278
Sch. Code:60941","State : UTTAR PRADESH
District : GAUTAM BUDDHA NAGAR",Senior Secondary Level,"Name : SANSKAR PUBLIC SCHOOL
Head/Principal Name: SHUBHRA SINGH","Address : ROJA JALALPUR , GREATER NOIDA DADRI , GAUTAM BUDDHA NAGAR , UTTAR PRADESH
Website : www.sanskarschoolgnw.com"
717,"Aff. No. :2132279
Sch. Code:60942","State : UTTAR PRADESH
District : GAUTAM BUDDHA NAGAR",Senior Secondary Level,"Name : M. C. GOPICHAND INTER COLLEGE KHERI (G.B.NAGAR)
Head/Principal Name: VIJAY PAL SINGH","Address : M.C.GOPICHAND INTER COLLEGE VILL & PO KHERI DISTT G.B.NAGAR(U.P)
Website : www.mcgopichand.org"
718,"Aff. No. :2132260
Sch. Code:60934","State : UTTAR PRADESH
District : GAUTAM BUDDHA NAGAR",Senior Secondary Level,"Name : ISHWAR CHAND INTER COLLEGE
Head/Principal Name: ABHA TYAGI","Address : CHAPROLA, GAUTAM BUDH NAGAR
Website : www.icicollege.in"
719,"Aff. No. :2132283
Sch. Code:60944","State : UTTAR PRADESH
District : GAUTAM BUDDHA NAGAR",Senior Secondary Level,"Name : SRI KRISHAN SAGAR PUBLIC SCHOOL
Head/Principal Name: VIKASH KUMAR UPADHYAY","Address : VILL. BHANGEL, MAHARISHI NAGAR, NOIDA,
Website : https://skspublicschool.com/"
720,"Aff. No. :2132327
Sch. Code:60960","State : UTTAR PRADESH
District : GAUTAM BUDDHA NAGAR",Senior Secondary Level,"Name : SAMBHU DAYAL PUBLIC SCHOOL
Head/Principal Name: AJEET KUMAR PANDEY","Address : SOHARKHA, JAHIDABAD, NOIDA, GAUTAM BUDH NAGAR
Website : www.sambhudayalpublicschool.com"
721,"Aff. No. :2132390
Sch. Code:60975","State : UTTAR PRADESH
District : GAUTAM BUDDHA NAGAR",Senior Secondary Level,"Name : PT.SALAGRAM JUNIOR HIGH SCHOOL
Head/Principal Name: Mukesh Bhati","Address : VILL HABIBPUR PO KULESRA GREATER NOIDA
Website : www.ptsalagramjrhighschool.com"
722,"Aff. No. :2132449
Sch. Code:60999","State : UTTAR PRADESH
District : GAUTAM BUDDHA NAGAR",Senior Secondary Level,"Name : ARYAVARTT PUBLIC SCHOOL
Head/Principal Name: SMRITI ARYA","Address : VILLAGE PALLA POST- DADRI DISTRCIT- GAUTAMBUDH NAGAR
Website : www.aryavarttpublicschool.com"
723,"Aff. No. :2132483
Sch. Code:61009","State : UTTAR PRADESH
District : GAUTAM BUDDHA NAGAR",Senior Secondary Level,"Name : YOGENDRA SANJAY YADUVANSHI INTERNATIONAL SCHOOL
Head/Principal Name: VIKRAM SINGH RAJPUT","Address : HAIBATPUR
Website : www.ysyinternationalschool.in"
724,"Aff. No. :2132488
Sch. Code:61011","State : UTTAR PRADESH
District : GAUTAM BUDDHA NAGAR",Senior Secondary Level,"Name : SANT KISHORI SHARAN VIDYA MANDIR
Head/Principal Name: PRERNA RAI","Address : VILLAGE-JHATTA SEC -158 N0IDA UP
Website : www.sksvidyamandir.com"
725,"Aff. No. :2132595
Sch. Code:61056","State : UTTAR PRADESH
District : GAUTAM BUDDHA NAGAR",Senior Secondary Level,"Name : GAURS INTERNATIONAL SCHOOL
Head/Principal Name: RACHNA BABBAR","Address : GAUR CITY-II, PLOT NO.-GH 03,SECTOR-16C
Website : www.gaursinternationalschool.com"
726,"Aff. No. :2132580
Sch. Code:61048","State : UTTAR PRADESH
District : GAUTAM BUDDHA NAGAR",Senior Secondary Level,"Name : DELHI WORLD PUBLIC SCHOOL
Head/Principal Name: Heema Sharma","Address : 12/2,KNOWLEDGE PARK-III,GREATER NOIDA,GAUTAM BUDH NAGAR, UTTAR PRADESH-201308
Website : www.dwpsgrnoida.com"
727,"Aff. No. :2132560
Sch. Code:61043","State : UTTAR PRADESH
District : GAUTAM BUDDHA NAGAR",Senior Secondary Level,"Name : R.S.S. GLOBAL ACADEMY
Head/Principal Name: MAYANK PRATAP","Address : VILLAGE-JARCHA POST JARCHA,G.B.NAGAR
Website :"
728,"Aff. No. :2132551
Sch. Code:61039","State : UTTAR PRADESH
District : GAUTAM BUDDHA NAGAR",Senior Secondary Level,"Name : SARVOTTAM INTERNATIONAL SCHOOL
Head/Principal Name: PRIYANKA MEHTA","Address : PLOT NO 6 TECHZONE IV
Website : www.sarvottamnoida.com"
729,"Aff. No. :2132514
Sch. Code:61020","State : UTTAR PRADESH
District : GAUTAM BUDDHA NAGAR",Senior Secondary Level,"Name : HILLWOODS ACADEMY
Head/Principal Name: NIDHI KASAT","Address : HS-30, SECTOR ETA-1
Website : www.hillwoodsacademygrnoida.in"
730,"Aff. No. :2132538
Sch. Code:61031","State : UTTAR PRADESH
District : GAUTAM BUDDHA NAGAR",Senior Secondary Level,"Name : BHARAT RAM GLOBAL SCHOOL
Head/Principal Name: DIVYA SRIVASTAVA","Address : PLOT NO -5, KNOWLEDGE PARK -3
Website : www.brgsgreaternoida.com"
731,"Aff. No. :2132539
Sch. Code:61032","State : UTTAR PRADESH
District : GAUTAM BUDDHA NAGAR",Secondary Level,"Name : UDAY PUBLIC SCHOOL
Head/Principal Name: DINESH KUMAR SHARMA","Address : VILL. & POST CHIPIYANA BUZURG, TEH.- DADRI, GAUTAM BUDH NAGAR
Website : http://www.udaypublicschool.com"
732,"Aff. No. :2132540
Sch. Code:61033","State : UTTAR PRADESH
District : GAUTAM BUDDHA NAGAR",Senior Secondary Level,"Name : RADISSON THE SCHOOL
Head/Principal Name: B.P SINGH","Address : NEEMKA,JEWAR(KHURJA-JEWAR ROAD),GAUTAM BUDH NAGAR,U.P
Website : http://www.radissonjewar.ac.in"
733,"Aff. No. :2132648
Sch. Code:61078","State : UTTAR PRADESH
District : GAUTAM BUDDHA NAGAR",Senior Secondary Level,"Name : RAGHAV GLOBAL SCHOOL
Head/Principal Name: PRIYANCA GHOSH","Address : SS-1, SECTOR-122
Website : www.rgsnoida.com"
734,"Aff. No. :2132700
Sch. Code:61100","State : UTTAR PRADESH
District : GAUTAM BUDDHA NAGAR",Senior Secondary Level,"Name : GREATER NOIDA WORLD SCHOOL
Head/Principal Name: MANJU KAUL RAINA","Address : PLOT NO. HS-28/I,
Website : www.gnws.edu.in"
735,"Aff. No. :2132673
Sch. Code:61088","State : UTTAR PRADESH
District : GAUTAM BUDDHA NAGAR",Secondary Level,"Name : BHARTIYAM SCHOOL
Head/Principal Name: PINKI SINGH","Address : HS 9A DELTA 1
Website : http://www.bhartiyamschools.com"
736,"Aff. No. :2132624
Sch. Code:61066","State : UTTAR PRADESH
District : GAUTAM BUDDHA NAGAR",Senior Secondary Level,"Name : SIDDHI VINAYAK PUBLIC SCHOOL
Head/Principal Name: SATISH SHARMA","Address : AAMKA ROAD, DADRI
Website : www.siddhivinayakschool.co.in"
737,"Aff. No. :2132609
Sch. Code:61061","State : UTTAR PRADESH
District : GAUTAM BUDDHA NAGAR",Senior Secondary Level,"Name : GLOBAL INDIAN INTERNATIONAL SCHOOL
Head/Principal Name: GANESH SHARMA","Address : D-5,SECTOR-71,GAUTAM BUDH NAGAR
Website : www.giisnoida.org"
738,"Aff. No. :2133238
Sch. Code:61274","State : UTTAR PRADESH
District : GAUTAM BUDDHA NAGAR",Senior Secondary Level,"Name : THE MANTHAN SCHOOL, GREATER NOIDA WEST
Head/Principal Name: Poonam Kumar Mendiratta","Address : MAHAGUN MYWOODS CAMPUS PLOT NO. GH-04, SEC.16C, GREATER NOIDA WEST, U.P.
Website : https://www.themanthanschool.co.in/"
739,"Aff. No. :2133208
Sch. Code:61262","State : UTTAR PRADESH
District : GAUTAM BUDDHA NAGAR",Senior Secondary Level,"Name : DARBARI LAL FOUNDATION WORLD SCHOOL
Head/Principal Name: Dr Mrignaini","Address : HS-31 SECTOR- ZETA-I, GREATER NOIDA
Website : www.dlws.edu.in"
740,"Aff. No. :2133246
Sch. Code:61276","State : UTTAR PRADESH
District : GAUTAM BUDDHA NAGAR",Senior Secondary Level,"Name : PACIFIC WORLD SCHOOL
Head/Principal Name: POOJA BOSE","Address : HS-02, TECH ZONE-4,
Website : www.pacificworldchool.com"
741,"Aff. No. :2133271
Sch. Code:61288","State : UTTAR PRADESH
District : GAUTAM BUDDHA NAGAR",Senior Secondary Level,"Name : ST. JOHNS SCHOOL
Head/Principal Name: REEJA NINAN","Address : HS-01, SECTOR - 02, GREATER NOIDA WEST, UTTAR PRADESH - 201318
Website : www.stjohnsschools.org"
742,"Aff. No. :2133390
Sch. Code:61321","State : UTTAR PRADESH
District : GAUTAM BUDDHA NAGAR",Senior Secondary Level,"Name : BODHI TARU INTERNATIONAL SCHOOL
Head/Principal Name: Tandrani Ghosh","Address : PLOT NO. 25, 27, 28, NEXT TO KAILASH HOSPITAL, KNOWLEDGE PARK-I, PHASE-1
Website : http://www.bodhitarugrnoida.com"
743,"Aff. No. :2133429
Sch. Code:61330","State : UTTAR PRADESH
District : GAUTAM BUDDHA NAGAR",Senior Secondary Level,"Name : SARDAR PATEL VIDYALAYA
Head/Principal Name: HARVINDER KAUR","Address : SEC-25, PLOT NO.I-13, YEIDA, DANKAUR, GAUTAM BUDH NAGAR-UTTAR PRADESH-203201
Website : www.spvgbnagar.edu.in"
744,"Aff. No. :2133454
Sch. Code:61345","State : UTTAR PRADESH
District : GAUTAM BUDDHA NAGAR",Senior Secondary Level,"Name : CITY HEART ACADEMY
Head/Principal Name: Ruchi","Address : CITY HEART ACADEMY KATHERA ROAD DADRI
Website : www.cityheartacademy.com"
745,"Aff. No. :2133449
Sch. Code:61342","State : UTTAR PRADESH
District : GAUTAM BUDDHA NAGAR",Senior Secondary Level,"Name : LOTUS VALLEY INTERNATIONAL SCHOOL, NOIDA EXTENSION
Head/Principal Name: Indu Yadav","Address : PLOT 20A SECTOR TECHZONE IV
Website : www.lotusvalleynoidaextension.com"
746,"Aff. No. :2133480
Sch. Code:61356","State : UTTAR PRADESH
District : GAUTAM BUDDHA NAGAR",Senior Secondary Level,"Name : FLORENCE INTERNATIONAL SCHOOL
Head/Principal Name: RUBEL BHATIA","Address : PLOT NO:HS-2, SECTOR-3, GR.NOIDA (WEST)
Website : www.fis.school"
747,"Aff. No. :2133481
Sch. Code:61357","State : UTTAR PRADESH
District : GAUTAM BUDDHA NAGAR",Senior Secondary Level,"Name : THE MILLENNIUM SCHOOL
Head/Principal Name: ANURADHA SINHA","Address : PLOT NO. SS-1, SECTOR -119, NOIDA, GAUTAM BUDH NAGAR
Website : https://www.themillenniumschools.com/tmsnoida119/"
748,"Aff. No. :2133471
Sch. Code:61354","State : UTTAR PRADESH
District : GAUTAM BUDDHA NAGAR",Senior Secondary Level,"Name : SALVATION TREE SCHOOL
Head/Principal Name: FARHA ALAM","Address : HS-5,TECHZONE VII,GREATER NOIDA (WEST)
Website : www.salvationtree.edu.in"
749,"Aff. No. :2133727
Sch. Code:61442","State : UTTAR PRADESH
District : GAUTAM BUDDHA NAGAR",Senior Secondary Level,"Name : K R MANGALAM WORLD SCHOOL
Head/Principal Name: SONIA ANIL VERMA","Address : PLOT NO. F-2, POCKET P-5, BUILDER AREA, GREATER NOIDA, GAUTAM BUDH NAGAR
Website : https://krmangalamgn.com/"
750,"Aff. No. :2133730
Sch. Code:61443","State : UTTAR PRADESH
District : GAUTAM BUDDHA NAGAR",Senior Secondary Level,"Name : AAMRAPALI ENGLISH SCHOOL
Head/Principal Name: SUNITA HAKOO","Address : VILL. KURI KHERA, BAMBAWAR, GREATER NOIDA, GOUTAM BUDH NAGAR
Website : http://aamrapalienglishschool.com/"
751,"Aff. No. :2133800
Sch. Code:61506","State : UTTAR PRADESH
District : GAUTAM BUDDHA NAGAR",Senior Secondary Level,"Name : SHRI RAM GLOBAL SCHOOL
Head/Principal Name: CHARU SRIVASTAVA","Address : TECH ZONE-7, , GAUTAM BUDH NAGAR
Website : www.srgsnoida.com"
752,"Aff. No. :2133802
Sch. Code:61507","State : UTTAR PRADESH
District : GAUTAM BUDDHA NAGAR",Senior Secondary Level,"Name : ASTER PUBLIC SCHOOL
Head/Principal Name: SANGEETA BANERJI","Address : KNOWLEDGE PARK - 5 GREATER NOIDA, DISTRICT GAUTAM BUDH NAGAR
Website : https://knowledgepark.asterinstitutions.com/"
753,"Aff. No. :2133804
Sch. Code:61508","State : UTTAR PRADESH
District : GAUTAM BUDDHA NAGAR",Senior Secondary Level,"Name : BGS VIJNATHAM SCHOOL
Head/Principal Name: Shilpashree TR","Address : GREATER NOIDA WEST, DIST. GAUTAM BUDH NAGAR, U.P.-203207
Website : https://www.bgsvijnatham.com"
754,"Aff. No. :2133805
Sch. Code:61509","State : UTTAR PRADESH
District : GAUTAM BUDDHA NAGAR",Senior Secondary Level,"Name : DELHI WORLD PUBLIC SCHOOL
Head/Principal Name: Ratna Verma","Address : VGI CAMPUS VILLAGE BAIRANGPUR, NAI BASTI DADRI
Website : https://dwpsvgi.ac.in/"
755,"Aff. No. :2133774
Sch. Code:61496","State : UTTAR PRADESH
District : GAUTAM BUDDHA NAGAR",Senior Secondary Level,"Name : BRIGHT FUTURE ACADEMY
Head/Principal Name: DEEPTI CHAUDHARY","Address : GREATER NODIA, GAUTAM BUDH NAGAR
Website : www.brightfutureacademyschool.com"
756,"Aff. No. :2133766
Sch. Code:61492","State : UTTAR PRADESH
District : GAUTAM BUDDHA NAGAR",Senior Secondary Level,"Name : THE WISDOM TREE
Head/Principal Name: ANIMIKHA ROY","Address : SECTOR-16, GREATER NOIDA WEST
Website : www.thewisdomtree.co"
757,"Aff. No. :2133654
Sch. Code:61429","State : UTTAR PRADESH
District : GAUTAM BUDDHA NAGAR",Senior Secondary Level,"Name : GRADS INTERNATIONAL SCHOOL
Head/Principal Name: Aditi Basu Roy","Address : H.S.- 42, ETA - 2
Website : www.gradsinternational.in"
758,"Aff. No. :2133662
Sch. Code:61430","State : UTTAR PRADESH
District : GAUTAM BUDDHA NAGAR",Senior Secondary Level,"Name : GD GOENKA INTERNATIONAL SCHOOL
Head/Principal Name: DR RAJEEV KUMAR VERMA","Address : PLOT NO-232, KNOWLDGE PARK-5 GREATER NOIDA (WEST)
Website : www.gdgoenkainternational.com"
759,"Aff. No. :2133593
Sch. Code:61416","State : UTTAR PRADESH
District : GAUTAM BUDDHA NAGAR",Senior Secondary Level,"Name : BRAINTREE GLOBAL SCHOOL
Head/Principal Name: DEVESHI MEHTA","Address : H.S.27, SECTOR - SIGMA 2, GREATER NOIDA, U.P. 201310
Website : www.braintreeschool.com"
760,"Aff. No. :2133549
Sch. Code:61405","State : UTTAR PRADESH
District : GAUTAM BUDDHA NAGAR",Senior Secondary Level,"Name : SHEORAN INTERNATIONAL SCHOOL
Head/Principal Name: Shakti Dasi Tickoo","Address : PS-001, ANSAL GOLF LINK -1, SECTOR - OMEGA 1, GREATER NOIDA
Website : www.sheoraninternationalschool.com"
761,"Aff. No. :2133797
Sch. Code:61504","State : UTTAR PRADESH
District : GAUTAM BUDDHA NAGAR",Senior Secondary Level,"Name : DELHI PUBLIC SCHOOL KNOWLEDGE PARK-V
Head/Principal Name: Manju Verma","Address : KNOWLEDGE PARK-V, GREATER NOIDA (WEST)
Website : www.dpskpv.com"
762,"Aff. No. :2133839
Sch. Code:61523","State : UTTAR PRADESH
District : GAUTAM BUDDHA NAGAR",Senior Secondary Level,"Name : VANASTHALI PUBLIC SCHOOL
Head/Principal Name: SANA JAIN","Address : GAUTAMBUDH NAGAR - 201308, UTTAR PRADESH
Website : https://www.vpszeta.com"
763,"Aff. No. :2133889
Sch. Code:61543","State : UTTAR PRADESH
District : GAUTAM BUDDHA NAGAR",Senior Secondary Level,"Name : DIVINE PUBLIC SCHOOL
Head/Principal Name: SHALINI","Address : HATEVA FARM TEHSIL SADAR G.B.NAGR, VILLAGE HATEVA
Website : https://dpshatewa.in/"
764,"Aff. No. :2133891
Sch. Code:61544","State : UTTAR PRADESH
District : GAUTAM BUDDHA NAGAR",Senior Secondary Level,"Name : DECENT PUBLIC SCHOOL
Head/Principal Name: ARUN KUMAR GAUR","Address : NEAR NANDAN FARM HOUSE, DADRI
Website : https://decentschooldadri.com"
765,"Aff. No. :2134051
Sch. Code:61595","State : UTTAR PRADESH
District : GAUTAM BUDDHA NAGAR",Senior Secondary Level,"Name : GAURS INTERNATIONAL SCHOOL
Head/Principal Name: MALA PATHAK","Address : SECTOR-19 GAURS YAMUNA CITY, SPORT CITY (EAST) YAMUNA EXPRESSWAY, GAUTAM BUDDH NAGAR
Website : www.gaursinternationalschool.com"
766,"Aff. No. :2134003
Sch. Code:61580","State : UTTAR PRADESH
District : GAUTAM BUDDHA NAGAR",Senior Secondary Level,"Name : S K S WORLD SCHOOL
Head/Principal Name: RACHNA AGARWAL","Address : SECTOR 137, NOIDA, GAUTAM BUDH NAGAR
Website : https://sksworldschoolnoida.com/"
767,"Aff. No. :2133980
Sch. Code:61574","State : UTTAR PRADESH
District : GAUTAM BUDDHA NAGAR",Senior Secondary Level,"Name : MODERN SCHOOL
Head/Principal Name: NEETU GANDHI","Address : BLOCK-A, GREATER NOIDA
Website : https://modernschoolgnoida.com"
768,"Aff. No. :2133906
Sch. Code:61553","State : UTTAR PRADESH
District : GAUTAM BUDDHA NAGAR",Senior Secondary Level,"Name : R.V. NORTHLAND INTERNATIONAL SCHOOL
Head/Principal Name: VANDANA SHARMA","Address : DISTRICT GAUTAM BUDH NAGAR, UTTAR PREADESH
Website : www.rvninternationalschool.com"
769,"Aff. No. :2133912
Sch. Code:61555","State : UTTAR PRADESH
District : GAUTAM BUDDHA NAGAR",Senior Secondary Level,"Name : R.K.PUBLIC SCHOOL
Head/Principal Name: MRS BHAWNA CHAUHAN","Address : SEC-44, NOIDA
Website : www.rkpublicschoolsadarpur.in"
770,"Aff. No. :2133916
Sch. Code:61556","State : UTTAR PRADESH
District : GAUTAM BUDDHA NAGAR",Senior Secondary Level,"Name : ST. XAVIER'S HIGH SCHOOL
Head/Principal Name: KIRTI TANDON","Address : TECHZONIE -IV, GREATER NOIDA WEST
Website : www.stxaviersgn.in"
771,"Aff. No. :2133923
Sch. Code:61557","State : UTTAR PRADESH
District : GAUTAM BUDDHA NAGAR",Senior Secondary Level,"Name : BLS WORLD SCHOOL
Head/Principal Name: SUSHMA PUNIA","Address : SECTOR-16, GREATER NOIDA WEST (NOIDA EXTENSION)
Website : https://www.blsworldschool.com"
772,"Aff. No. :2134145
Sch. Code:61621","State : UTTAR PRADESH
District : GAUTAM BUDDHA NAGAR",Senior Secondary Level,"Name : SETH ANANDRAM JAIPURIA SCHOOL
Head/Principal Name: ANTARA ROY","Address : PLOT NO 2-A SECTOR, KNOWLEDGE PARK V, GREATER NOIDA
Website : https://jaipuriaschoolsgnoida.com/"
773,"Aff. No. :2134154
Sch. Code:61623","State : UTTAR PRADESH
District : GAUTAM BUDDHA NAGAR",Senior Secondary Level,"Name : ST MARYS SCHOOL
Head/Principal Name: SEEMA GUPTA","Address : PLOT NO 231 / A, KNOWLEDGE PARK 5, GREATER NOIDA
Website : http://stmarygn.com/"
774,"Aff. No. :2134065
Sch. Code:61599","State : UTTAR PRADESH
District : GAUTAM BUDDHA NAGAR",Senior Secondary Level,"Name : THE INFINITY SCHOOL
Head/Principal Name: CHARU JOHAR","Address : HS04, TECHZONE 7, GREATER NOIDA (WEST), GAUTAM BUDDHA NAGAR
Website : https://www.theinfinityschool.org/"
775,"Aff. No. :2134068
Sch. Code:61602","State : UTTAR PRADESH
District : GAUTAM BUDDHA NAGAR",Senior Secondary Level,"Name : THE MILLENNIUM SCHOOL
Head/Principal Name: Himani Tyagi","Address : 58/1, KNOWLEDGE PARK 5, GREATER NOIDA WEST
Website : https://www.tmsnoidaextension.com"
776,"Aff. No. :2134091
Sch. Code:61609","State : UTTAR PRADESH
District : GAUTAM BUDDHA NAGAR",Senior Secondary Level,"Name : J M INTERNATIONAL SCHOOL
Head/Principal Name: DR BHAVANA KULSHRESTHA","Address : PLOT NO.23A,, SECTOR-TECHZONE-4, GREATER NOIDA WEST
Website : https://www.jminternationalschool.com/grnoidawest"
777,"Aff. No. :2134095
Sch. Code:61610","State : UTTAR PRADESH
District : GAUTAM BUDDHA NAGAR",Senior Secondary Level,"Name : BETHANY CONVENT SCHOOL
Head/Principal Name: Sr Dr Shilpa","Address : HS-11C,, SECTOR - DELTA -II , GREATER NOIDA
Website : https://www.bethanyconventschoolgn.org"
778,"Aff. No. :2134098
Sch. Code:61611","State : UTTAR PRADESH
District : GAUTAM BUDDHA NAGAR",Senior Secondary Level,"Name : SKS WORLD SCHOOL
Head/Principal Name: SUNIL KUMAR VESNAVE","Address : PLOT NO HS04, SECTOR-16, GREATER NOIDA , GAUTAM BUDH NAGAR
Website : www.skswsgnw.ac.in"
779,"Aff. No. :2134100
Sch. Code:61612","State : UTTAR PRADESH
District : GAUTAM BUDDHA NAGAR",Senior Secondary Level,"Name : DELHI PUBLIC SCHOOL SEC-122 NOIDA
Head/Principal Name: VIBHA SINGH","Address : PLOT NO. SS02, SECTOR - 122 NOIDA, GAUTAM BUDDHA NAGAR - 201316
Website : https://dps122noida.com/"
780,"Aff. No. :2134186
Sch. Code:61638","State : UTTAR PRADESH
District : GAUTAM BUDDHA NAGAR",Senior Secondary Level,"Name : ST. FRANCIS SCHOOL
Head/Principal Name: ROSEMOLY JOHN","Address : PLOT NO. 61 - B, KNOWLEDGE PARK V,, INSTITUTIONAL AREA,, GREATER NOIDA WEST
Website : https://sfsgrnoida.com/"
781,"Aff. No. :2134175
Sch. Code:61631","State : UTTAR PRADESH
District : GAUTAM BUDDHA NAGAR",Senior Secondary Level,"Name : THE SHRI RAM UNIVERSAL SCHOOL
Head/Principal Name: JYOTI ROY","Address : HS-03, TECHZONE IV, GREATER NOIDA (WEST)
Website : https://tsusnoida.edu.in"
782,"Aff. No. :2134159
Sch. Code:61625","State : UTTAR PRADESH
District : GAUTAM BUDDHA NAGAR",Senior Secondary Level,"Name : SPARSH GLOBAL SCHOOL
Head/Principal Name: Monika Randhawa","Address : HS-01, SECTOR - 20, GREATER NOIDA
Website : www.sparshglobalschool.com"
783,"Aff. No. :2134131
Sch. Code:61617","State : UTTAR PRADESH
District : GAUTAM BUDDHA NAGAR",Senior Secondary Level,"Name : SETH M.R.JAIPURIA SCHOOL, GREATER NOIDA
Head/Principal Name: Anshu Babbar","Address : PLOT NO 58 C , KNOWLEDGE PARK 5 GREATER NOIDA, GREATER NOIDA
Website : https://www.jaipuriaschoolgreaternoidawest.in/"
784,"Aff. No. :2134303
Sch. Code:61669","State : UTTAR PRADESH
District : GAUTAM BUDDHA NAGAR",Senior Secondary Level,"Name : DEV PUBLIC SCHOOL
Head/Principal Name: NISHA SHARMA","Address : VILLAGE MANGRAULI, (JEWAR - CHAUROLI ROAD), JEWAR
Website : www.devpublicschool.in"
785,"Aff. No. :2134334
Sch. Code:61680","State : UTTAR PRADESH
District : GAUTAM BUDDHA NAGAR",Secondary Level,"Name : GREATER NOIDA PODAR LEARN SCHOOL
Head/Principal Name: PANKAJ JOSHI","Address : PLOT NO. 62 A, SECTOR- KNOWLEDGE PARK-V, GREATER NOIDA
Website : https://podarschoolgn.org/"
786,"Aff. No. :2134320
Sch. Code:61676","State : UTTAR PRADESH
District : GAUTAM BUDDHA NAGAR",Senior Secondary Level,"Name : SRI CHAITANYA TECHNO SCHOOL
Head/Principal Name: Ritu Srivastava","Address : J-206, SECTOR 41, NOIDA UTTAR PRADESH , 201303
Website : https://srichaitanyaschool.net"
787,"Aff. No. :2134206
Sch. Code:61642","State : UTTAR PRADESH
District : GAUTAM BUDDHA NAGAR",Senior Secondary Level,"Name : HERITAGE XPERIENTIAL LEARNING SCHOOL
Head/Principal Name: Shaheen Naved Shafi","Address : PLOT NO - I-05 , SECTOR -128, NOIDA
Website : https://noida.hxls.org/"
788,"Aff. No. :2134280
Sch. Code:61660","State : UTTAR PRADESH
District : GAUTAM BUDDHA NAGAR",Senior Secondary Level,"Name : MAHARISHI VIDYA MANDIR
Head/Principal Name: VEENA BAHUGUNA","Address : B-64 / B, SECTOR 36, NOIDA
Website : https://mvmnoida.org"
789,"Aff. No. :2134235
Sch. Code:61650","State : UTTAR PRADESH
District : GAUTAM BUDDHA NAGAR",Senior Secondary Level,"Name : QUEEN'S CARMEL SCHOOL
Head/Principal Name: Sandhya Kumaria","Address : HS-05, BETA-1, GREATER NOIDA
Website : www.myqcs.in"
790,"Aff. No. :2134451
Sch. Code:61720","State : UTTAR PRADESH
District : GAUTAM BUDDHA NAGAR",Senior Secondary Level,"Name : GAHLOT INTERNATIONAL SCHOOL
Head/Principal Name: KANAK RANA","Address : JAWAHAR NAVODAYA VIDAYLAYA ROAD, DHOOM MANIKPUR, DADRI
Website : www.gahlotinternationalschool.org"
791,"Aff. No. :2134452
Sch. Code:61721","State : UTTAR PRADESH
District : GAUTAM BUDDHA NAGAR",Secondary Level,"Name : BRIGHT FUTURE PUBLIC SCHOOL
Head/Principal Name: POONAM SINGH","Address : ROYAL CITY (BEHIND KRBL), ACHHEJA, GAUTAM BUDH NAGAR
Website : www.bfpschool.com"
792,"Aff. No. :2134414
Sch. Code:61711","State : UTTAR PRADESH
District : GAUTAM BUDDHA NAGAR",Secondary Level,"Name : SARDAR PATEL SMARAK VIDHYALAYA
Head/Principal Name: SAVITA BANSAL","Address : MEGAPOLIS , KAIMRALA CHAKRASENPUR , GREATER NOIDA
Website : http://spskaimrala1995.in"
793,"Aff. No. :2134358
Sch. Code:61687","State : UTTAR PRADESH
District : GAUTAM BUDDHA NAGAR",Senior Secondary Level,"Name : PROMINENCE WORLD SCHOOL
Head/Principal Name: Mrinalini","Address : PLOT NO. 62B , KNOWLEDGE PARK-05, GAUTAM BUDDHA NAGAR
Website : https://prominenceworldschool.com"
794,"Aff. No. :2134353
Sch. Code:61685","State : UTTAR PRADESH
District : GAUTAM BUDDHA NAGAR",Senior Secondary Level,"Name : SEEMAX INTERNATIONAL SCHOOL
Head/Principal Name: KRISHNA SINGH","Address : VANDANA VATIKA, KHODNA ROAD, VILLAGE TILPATA, , GREATER NOIDA
Website : https://seemaxschool.co.in/"
795,"Aff. No. :2134393
Sch. Code:61701","State : UTTAR PRADESH
District : GAUTAM BUDDHA NAGAR",Senior Secondary Level,"Name : L.R. INTERNATIONAL SCHOOL
Head/Principal Name: SUMIT CHAUDHARY","Address : ROJA JALALPUR, POST, GREATER NOIDA WEST
Website : www.lrinternationalschoolgbn.com"
796,"Aff. No. :2134389
Sch. Code:61699","State : UTTAR PRADESH
District : GAUTAM BUDDHA NAGAR",Senior Secondary Level,"Name : SHRI RAM BHARAT PUBLIC SCHOOL
Head/Principal Name: BHAGESHWARI BHARDWAJ","Address : VILLAGE SADULLAPUR, POST VEDPURA, GAUTAM BUDDHA NAGAR
Website : https://shrirambharatpublicschool.com/"
797,"Aff. No. :2134552
Sch. Code:61752","State : UTTAR PRADESH
District : GAUTAM BUDDHA NAGAR",Secondary Level,"Name : DUV INTERNATIONAL SCHOOL
Head/Principal Name: ANUPAM SINGH","Address : 194M PARTHALA KHANJARPUR SEC 123 , SECTOR-123 NOIDA , NEAR PARTHALA CHOWK
Website : https://duvinternationalschool.com/"
798,"Aff. No. :2134547
Sch. Code:61750","State : UTTAR PRADESH
District : GAUTAM BUDDHA NAGAR",Senior Secondary Level,"Name : CH. HARICHAND INTERNATIONAL SCHOOL
Head/Principal Name: KIRTI","Address : KULESRA, GREATER NOIDA , GAUTAM BUDDH NAGAR U.P
Website : www.hrinternationalschool.com"
799,"Aff. No. :2134532
Sch. Code:61746","State : UTTAR PRADESH
District : GAUTAM BUDDHA NAGAR",Senior Secondary Level,"Name : M.S. PUBLIC JR HIGH SCHOOL
Head/Principal Name: CHHAYA DEVI","Address : VILLAGE CHIPIYANA BUZURG , GREATER NOIDA, DADRI
Website : www.mspublic-school.com"
800,"Aff. No. :2134465
Sch. Code:61726","State : UTTAR PRADESH
District : GAUTAM BUDDHA NAGAR",Secondary Level,"Name : SAHAJ INTERNATIONAL SCHOOL
Head/Principal Name: KIRAN SINGLA","Address : BYE PASS ROAD , DADRI, GAUTAM BUDH NAGAR
Website : www.sahajinternationalschooldadri.com"
801,"Aff. No. :2134468
Sch. Code:61728","State : UTTAR PRADESH
District : GAUTAM BUDDHA NAGAR",Senior Secondary Level,"Name : INSPIRE INTERNATIONAL SCHOOL
Head/Principal Name: ANITA BANSAL","Address : SECTOR - 10 VAIDPURA, GAUTAM BUDDHA NAGAR, GAUTAM BUDDHA NAGAR
Website : http://inspireinternationalschool.in/"
802,"Aff. No. :2134492
Sch. Code:61736","State : UTTAR PRADESH
District : GAUTAM BUDDHA NAGAR",Senior Secondary Level,"Name : SIXTH ELEMENT PUBLIC SCHOOL
Head/Principal Name: JAYA SINGH","Address : VILLAGE , CHANGOLI, GREATER NOIDA
Website : www.sixtheps.in"
803,"Aff. No. :2134478
Sch. Code:61732","State : UTTAR PRADESH
District : GAUTAM BUDDHA NAGAR",Senior Secondary Level,"Name : PRAGYAN INTERNATIONAL SCHOOL
Head/Principal Name: PRIYANKA SHARMA","Address : YAMUNA EXPRESSWAY, DUDHERA, JEWAR
Website : http://www.pragyaninternational.com/"
804,"Aff. No. :2134623
Sch. Code:61775","State : UTTAR PRADESH
District : GAUTAM BUDDHA NAGAR",Senior Secondary Level,"Name : B.P.B.D (BADRI PRASAD BHAGWAN DEVI) INTERNATIONAL ACADEMY
Head/Principal Name: Dr.Viplav","Address : DANKORE GAUTAM BUDH NAGAR, DANKORE GAUTAM BUDH NAGAR, DANKORE GAUTAM BUDH NAGAR
Website : www.bpbdacademy.com"
805,"Aff. No. :2134615
Sch. Code:61772","State : UTTAR PRADESH
District : GAUTAM BUDDHA NAGAR",Secondary Level,"Name : GSB INTERNATIONAL SCHOOL
Head/Principal Name: RUCHI SHARMA","Address : KAMBUXPUR DERIN, VIKAS KHAND DANKAUR , DISTRICT - GAUTAM BUDH NAGAR
Website : https://www.gsbinternationalschool.com/"
806,"Aff. No. :2134609
Sch. Code:61770","State : UTTAR PRADESH
District : GAUTAM BUDDHA NAGAR",Senior Secondary Level,"Name : KAUSHALYA WORLD SCHOOL
Head/Principal Name: SUNIL SAXENA","Address : NEAR RAGHUNANDAN PETROL PUMP, G T ROAD, DADRI
Website : https://kwsd.in/"
807,"Aff. No. :2134564
Sch. Code:61755","State : UTTAR PRADESH
District : GAUTAM BUDDHA NAGAR",Secondary Level,"Name : VIDYA THE GURUKUL
Head/Principal Name: JABI SHARMA","Address : PLOT NO 576 ,577,578 , NEAR T GATE OPPOSITE MUNNI DEVI HOSPITAL, TATARPUR NTPC DADRI G B NAGAR
Website : www.vidyathegurukul.com"
808,"Aff. No. :2134647
Sch. Code:61782","State : UTTAR PRADESH
District : GAUTAM BUDDHA NAGAR",Secondary Level,"Name : CHILDREN'S ACADEMY
Head/Principal Name: GULSHAN BAJAJ","Address : G T ROAD , NEAR NTPC RAILWAY LINE , OPPOSITE CENTRAL WAREHOUSING
Website : http://childrensacademy.org.in/"
809,"Aff. No. :2134638
Sch. Code:61778","State : UTTAR PRADESH
District : GAUTAM BUDDHA NAGAR",Secondary Level,"Name : RAJ INTERNATIONAL JR. HIGH SCHOOL
Head/Principal Name: ROOP SINGH SHAKYA","Address : HAIBATPUR, GAUTAM BUDDH NAGAR, GAUTAM BUDDH NAGARA
Website : https://rajinternationalschool.co.in/"
810,"Aff. No. :2134639
Sch. Code:61779","State : UTTAR PRADESH
District : GAUTAM BUDDHA NAGAR",Senior Secondary Level,"Name : ST. TERESA SCHOOL
Head/Principal Name: ANJANA BUDHIRAJA","Address : HS-03, SECTOR- 10 , GREATER NOIDA, GAUTAM BUDDH NAGAR U.P
Website : www.stteresaschoolnoida.com"
811,"Aff. No. :2134642
Sch. Code:61780","State : UTTAR PRADESH
District : GAUTAM BUDDHA NAGAR",Secondary Level,"Name : S D PUBLIC SCHOOL
Head/Principal Name: Lalita Kumari","Address : ITEHRA , SEC TECH ZONE IV , GREATER NOIDA
Website : https://sdpublicschoolitehra.com/"
812,"Aff. No. :2134658
Sch. Code:61787","State : UTTAR PRADESH
District : GAUTAM BUDDHA NAGAR",Secondary Level,"Name : OM PUBLIC SCHOOL
Head/Principal Name: Lata Kashyap","Address : DADHA , VIKAS KHAND DANKAUR, GAUTAM BUDDHA NAGAR
Website : http://ompublicschoolgrnoida.com"
813,"Aff. No. :2134724
Sch. Code:61812","State : UTTAR PRADESH
District : GAUTAM BUDDHA NAGAR",Secondary Level,"Name : PARADISE INTERNATIONAL SCHOOL
Head/Principal Name: NAVEEN KUMAR","Address : KHERLI HAFIZPUR, DANKAUR STATION , MANDI SHYAM NAGAR, GREATER NOIDA , GAUTAM BUDDHA NAGAR
Website : www.paradiseinternationalschool.com"
814,"Aff. No. :2134697
Sch. Code:61803","State : UTTAR PRADESH
District : GAUTAM BUDDHA NAGAR",Secondary Level,"Name : S.S. MEMORIAL PUBLIC SCHOOL
Head/Principal Name: DEVENDRA SINGH VASHISHTH","Address : VILLAGE SAINTHALI, DADRI, DADRI
Website : https://www.ssmpssnt.com/"
815,"Aff. No. :2134675
Sch. Code:61794","State : UTTAR PRADESH
District : GAUTAM BUDDHA NAGAR",Secondary Level,"Name : SUN WORLD PUBLIC SCHOOL
Head/Principal Name: SHUBHA GUPTA","Address : VILLAGE KURI-KHERA, POST BAMBAWAR, DADRI
Website : https://sunworldpublicschool.co.in/index.php"
816,"Aff. No. :2134736
Sch. Code:61818","State : UTTAR PRADESH
District : GAUTAM BUDDHA NAGAR",Secondary Level,"Name : SHRI RAJENDRA SHARMA PUBLIC JUNIOR HIGH SCHOOL
Head/Principal Name: JITENDRA SHARMA","Address : KHERA DHARAMPURA, POST- CHHAPRAULA, GAUTAM BUDHH NAGAR
Website : https://www.srsjuniorhigh.com/"
817,"Aff. No. :2134737
Sch. Code:61819","State : UTTAR PRADESH
District : GAUTAM BUDDHA NAGAR",Secondary Level,"Name : R. L. INTERNATIONAL SCHOOL
Head/Principal Name: SNEH YADAV","Address : KHASRA NO. 647, VILLAGE BISRAKH, SECTOR - 01, GREATER NOIDA
Website : https://www.rlinternationalschoolgrnoida.com"
818,"Aff. No. :2134766
Sch. Code:61827","State : UTTAR PRADESH
District : GAUTAM BUDDHA NAGAR",Secondary Level,"Name : AMANDEEP INTERNATIONAL SCHOOL
Head/Principal Name: PREETI GUPTA","Address : SHANTI ENCLAVE , CHHAPRAULA, GAUTAM BUDDHA NAGAR
Website : https://amandeepinternationalschool.com/index.php"
819,"Aff. No. :2180023
Sch. Code:62010","State : UTTAR PRADESH
District : GAUTAM BUDDHA NAGAR",Senior Secondary Level,"Name : ARMY PUBLIC SCHOOL
Head/Principal Name: INDRANI NEOGI","Address : SECTOR 37 ARUN VIHAR NOIDA UTTAR PRADESH
Website : www.apsnoida.edu.in"
820,"Aff. No. :2134788
Sch. Code:61833","State : UTTAR PRADESH
District : GAUTAM BUDDHA NAGAR",Senior Secondary Level,"Name : J.P. INTERNATIONAL PUBLIC SCHOOL
Head/Principal Name: ARCHANA NAGAR","Address : ROJA JALALPUR, GREATER NOIDA WEST, G.B. NAGAR
Website : http://thejpinternational.com"
821,"Aff. No. :2134830
Sch. Code:61843","State : UTTAR PRADESH
District : GAUTAM BUDDHA NAGAR",Secondary Level,"Name : VIDYA INTERNATIONAL SCHOOL
Head/Principal Name: NISHA KASANA","Address : VILLAGE GIRDHARPUR, SUNARSI, GAUTAM BUDDHA NAGAR
Website : https://www.vidyainternationalschool.org/"
822,"Aff. No. :2134834
Sch. Code:61845","State : UTTAR PRADESH
District : GAUTAM BUDDHA NAGAR",Senior Secondary Level,"Name : SRI CHAITANYA TECHNO SCHOOL
Head/Principal Name: Simran Sinha","Address : SRI CHAITANYA TECHNO SCHOOL,, PLOT NO SSS-1/GH-01, SECTOR-4, , NEAR 7TH AVENUE , GREATER NOIDA WEST
Website : https://srichaitanyaschool.net/"
823,"Aff. No. :2140018
Sch. Code:64036","State : UTTAR PRADESH
District : GAUTAM BUDDHA NAGAR",Senior Secondary Level,"Name : JAWAHAR NAVODAYA VIDYALAYA
Head/Principal Name: RAMBIR SINGH","Address : DADRI DHOOM MANIKPUR GHAZIABAD UTTAR PRADESH
Website : https://navodaya.gov.in/nvs/nvs-school/GBNAGAR/en/"
824,"Aff. No. :2134831
Sch. Code:61844","State : UTTAR PRADESH
District : GHAZIABAD",Secondary Level,"Name : RADHA RANI PUBLIC SCHOOL
Head/Principal Name: Monika Sharma","Address : MAHA LAXMI GARDEN, CHIRODI ROAD, NEAR MOKSH DHAM MANDIR, LONI GHAZIABAD, U.P.
Website : https://radharanipublicschool.in/"
825,"Aff. No. :2180012
Sch. Code:60047","State : UTTAR PRADESH
District : GHAZIABAD",Senior Secondary Level,"Name : AIR FORCE SCHOOL HINDAN
Head/Principal Name: SAVITA JAITLY","Address : HINDON GHAZIABAD UTTAR PRADESH
Website : www.airforceschoolhindan.co"
826,"Aff. No. :2140066
Sch. Code:64047","State : UTTAR PRADESH
District : GHAZIABAD",Senior Secondary Level,"Name : JAWAHAR NAVODAYA VIDAYALAYA
Head/Principal Name: J C Gupta","Address : VILLAGE AMIPUR BADAYALA P O KALCHEENA PILAKHUA TEH MODI NAGAR DISTT GHAZIABAD UP
Website : www.navodaya.gov.in/nvs/nvs-school/GHAZIABAD/en/home/"
827,"Aff. No. :2134777
Sch. Code:61830","State : UTTAR PRADESH
District : GHAZIABAD",Senior Secondary Level,"Name : MODERN PUBLIC SCHOOL
Head/Principal Name: Asha Bansal","Address : CHIRORI, LONI TEHSIL, DISST. GHAZIABAD
Website : www.modernpublicschool.org"
828,"Aff. No. :2134698
Sch. Code:61804","State : UTTAR PRADESH
District : GHAZIABAD",Secondary Level,"Name : NATIONAL PRESTIGE SCHOOL
Head/Principal Name: SARITA SHARMA","Address : S 12 TO S 20, LONI ROAD, MOHANNAGAR GHAZIABAD
Website : https://www.nationalprestigeschool.com"
829,"Aff. No. :2134689
Sch. Code:61800","State : UTTAR PRADESH
District : GHAZIABAD",Senior Secondary Level,"Name : PURNGYANANJALI INTERNATIONAL SCHOOL
Head/Principal Name: NIRANJAN SINGH","Address : BHOJPUR,, MODINAGAR,, GHAZIABAD
Website : https://www.pisbmodinagar.in/index.html"
830,"Aff. No. :2134674
Sch. Code:61793","State : UTTAR PRADESH
District : GHAZIABAD",Secondary Level,"Name : JYOTI INTERNATIONAL SCHOOL
Head/Principal Name: PRADEEP KUMAR","Address : KHORA COLONY, GHAZIABAD, GHAZIABAD
Website : www.jiskhora.in"
831,"Aff. No. :2134671
Sch. Code:61791","State : UTTAR PRADESH
District : GHAZIABAD",Senior Secondary Level,"Name : SARVODAYA PUBLIC SCHOOL
Head/Principal Name: AMIT KUMAR","Address : F- BLOCK , RAM PARK, EXTENSION, LONI, GHAZIABAD
Website : https://sarvodayagroups.in/"
832,"Aff. No. :2134602
Sch. Code:61766","State : UTTAR PRADESH
District : GHAZIABAD",Senior Secondary Level,"Name : INDIA INTERNATIONAL SCHOOL
Head/Principal Name: Monalisha Francis","Address : IDEAL CAMPUS,, GOVINDPURAM, GHAZIABAD
Website : https://www.indiainternationalschool.in/"
833,"Aff. No. :2134613
Sch. Code:61771","State : UTTAR PRADESH
District : GHAZIABAD",Senior Secondary Level,"Name : SIDDHARTHA INTER COLLEGE
Head/Principal Name: Sharanbeer Singh","Address : NAVYUG MARKET, JATWARA, GHAZIABAD
Website : https://siddharthaintercollege.in/"
834,"Aff. No. :2134618
Sch. Code:61773","State : UTTAR PRADESH
District : GHAZIABAD",Secondary Level,"Name : WISDOM INTERNATIONAL SCHOOL
Head/Principal Name: Archana Chaudhary","Address : 616, BHIKANPUR, NEAR NCRTC DUHAI DEPOT, GHAZIABAD
Website : https://www.wisdomgzb.co.in/"
835,"Aff. No. :2134481
Sch. Code:61733","State : UTTAR PRADESH
District : GHAZIABAD",Senior Secondary Level,"Name : HAPPY MODEL PUBLIC SCHOOL
Head/Principal Name: Sheetal Sahdev","Address : 60 FUTA, KHANPUR ROAD, RAMPARK EXT., LONI, GHAZIABAD
Website : https://www.happymodelpublicschool.in/"
836,"Aff. No. :2134506
Sch. Code:61741","State : UTTAR PRADESH
District : GHAZIABAD",Senior Secondary Level,"Name : RADHA KRISHNA PUBLIC SCHOOL
Head/Principal Name: SHIPRA SHARMA","Address : SIKRI KALAN, MOHAMMAD PUR ROAD, MODINAGAR
Website : https://rkpsedu.com/"
837,"Aff. No. :2134493
Sch. Code:61737","State : UTTAR PRADESH
District : GHAZIABAD",Secondary Level,"Name : GENIUS ACADEMY JUNIOR HIGH SCHOOL
Head/Principal Name: JYOTI YADAV","Address : AKBARPUR BAHRAMPUR, VIJAY NAGAR, GHAZIABAD
Website : www.rkgeniusacademy.com"
838,"Aff. No. :2134494
Sch. Code:61738","State : UTTAR PRADESH
District : GHAZIABAD",Senior Secondary Level,"Name : VEDIC SANSKRITI SCHOOL
Head/Principal Name: SONIYA SHARMA","Address : VILLAGE DAUSA KAJAMPUR ROAD, MODINAGAR, DIST GHAZIABAD
Website : http://WWW.VEDICSANSKRITISCHOOL.IN"
839,"Aff. No. :2134474
Sch. Code:61730","State : UTTAR PRADESH
District : GHAZIABAD",Senior Secondary Level,"Name : BABA INTERNATIONAL SCHOOL
Head/Principal Name: Swati Tiwari","Address : GHUKNA, GHAZIABAD, UTTAR PRADESH
Website : www.mybabainternationalschool.com"
840,"Aff. No. :2134464
Sch. Code:61725","State : UTTAR PRADESH
District : GHAZIABAD",Senior Secondary Level,"Name : HARI SINGH SENIOR SECONDARY SCHOOL
Head/Principal Name: DHARM PAL SINGH","Address : D-BLOCK, PRATAP VIHAR, KHORA COLONY
Website : http://hsseniorsecondaryschool.in/"
841,"Aff. No. :2134489
Sch. Code:61735","State : UTTAR PRADESH
District : GHAZIABAD",Secondary Level,"Name : AMERICAN EDUGLOBAL SCHOOL
Head/Principal Name: RENU SHARMA","Address : N.H - 9, GHAZIABAD, HAPUR ROAD, NEAR CHAJJARSI TOLL PLAZA, PILKHWA
Website : https://americaneduglobal.com/"
842,"Aff. No. :2134419
Sch. Code:61712","State : UTTAR PRADESH
District : GHAZIABAD",Secondary Level,"Name : CH. CHHABIL DASS PUBLIC SCHOOL WAVE CITY
Head/Principal Name: PARUL SINGH","Address : PSP-9, SPRING WOOD ENCLAVE, SECTOR -4 WAVE CITY, GHAZIABAD
Website : https://wavecity.ccdps.in/"
843,"Aff. No. :2134400
Sch. Code:61707","State : UTTAR PRADESH
District : GHAZIABAD",Secondary Level,"Name : S D PUBLIC SCHOOL
Head/Principal Name: MEENU SHARMA","Address : SANTOSHI VIHAR, LONI, GHAZIABAD
Website : https://sdpublicschoolloni.com/"
844,"Aff. No. :2134404
Sch. Code:61708","State : UTTAR PRADESH
District : GHAZIABAD",Secondary Level,"Name : DEHRADUN PUBLIC SCHOOL
Head/Principal Name: SHUBHANI GARG","Address : 756 VILLAGE SADARPUR , MADHUBAN BAPUDHAM , GHAZIABAD
Website : www.ddps.in"
845,"Aff. No. :2134217
Sch. Code:61645","State : UTTAR PRADESH
District : GHAZIABAD",Senior Secondary Level,"Name : VIDHYAPAN GLOBAL SCHOOL
Head/Principal Name: PINKI","Address : RAWLI ROAD, MURADNAGAR, GHAZIABAD
Website : http://www.vidhyapanglobalschool.com/"
846,"Aff. No. :2134304
Sch. Code:61670","State : UTTAR PRADESH
District : GHAZIABAD",Secondary Level,"Name : JANHIT WORLD SCHOOL
Head/Principal Name: ALPANA SRIVASTAVA","Address : VILLAGE MATIYALA , NEAR MADHUBAN BAPUDHAM, GHAZIABAD
Website : www.janhitworldschool.in"
847,"Aff. No. :2134290
Sch. Code:61665","State : UTTAR PRADESH
District : GHAZIABAD",Secondary Level,"Name : DELHI PUBLIC SCHOOL MODINAGAR
Head/Principal Name: JYOTI SIROHI","Address : ADJACENT TO IDST, DELHI MEERUT ROAD, KADRABAD, MODINAGAR
Website : https://dpsmodinagar.edu.in"
848,"Aff. No. :2134167
Sch. Code:61627","State : UTTAR PRADESH
District : GHAZIABAD",Senior Secondary Level,"Name : SHREE RAM PUBLIC HIGHER SECONDARY SCHOOL
Head/Principal Name: Bharti","Address : SHAKOORPUR, MODINAGAR, DISTT.- GHAZIABAD
Website : http://shreerampublicschool.in/"
849,"Aff. No. :2134172
Sch. Code:61630","State : UTTAR PRADESH
District : GHAZIABAD",Senior Secondary Level,"Name : VIDHYA JYOTI PUBLIC SCHOOL
Head/Principal Name: Megha Agarwal","Address : VILLAGE - SULTANNAGAR CHHAJJUPUR, REWRI ROAD MURADNAGAR, GHAZIABAD
Website : https://vidhyajyoti.in/"
850,"Aff. No. :2134178
Sch. Code:61632","State : UTTAR PRADESH
District : GHAZIABAD",Secondary Level,"Name : NEEV THE SCHOOL
Head/Principal Name: SEEMA KUMARI","Address : G.T ROAD, MODINAGAR, DISTT GHAZIABAD
Website : https://neevtheschool.org/"
851,"Aff. No. :2134182
Sch. Code:61635","State : UTTAR PRADESH
District : GHAZIABAD",Senior Secondary Level,"Name : R.K.G. GLOBAL SCHOOL
Head/Principal Name: CAPTAIN DR DINISHA BHARDWAJ","Address : RAJNAGAR EXTENTION , GHAZIABAD, 5 MILE STONE DELHI MEERUT ROAD GHAZIABAD
Website : https://www.rkggs.com"
852,"Aff. No. :2134199
Sch. Code:61640","State : UTTAR PRADESH
District : GHAZIABAD",Senior Secondary Level,"Name : GAURS INTERNATIONAL SCHOOL
Head/Principal Name: VANDANA SETH","Address : PLOT 8/ BS-01, SIDDHARTH VIHAR YOJNA, SIDDHARTH VIHAR, GHAZIABAD
Website : https://gaursinternationalschool.com/siddharth-vihar/"
853,"Aff. No. :2134157
Sch. Code:61624","State : UTTAR PRADESH
District : GHAZIABAD",Secondary Level,"Name : KHAITAN WORLD SCHOOL
Head/Principal Name: ANSHU SHARMA","Address : AT 05KM STONE, NH 58, MEERUT RD, OPP. ITC DELHI, GHAZIABAD
Website : https://khaitanworld.com"
854,"Aff. No. :2133938
Sch. Code:61565","State : UTTAR PRADESH
District : GHAZIABAD",Senior Secondary Level,"Name : GYAN ANANT VIDYALAYA
Head/Principal Name: Poonam Minhas","Address : VILLAGE ATROULI, MODI NAGAR, PILKHUWA, GHAZIABAD
Website : www.gyananantvidyalaya.org"
855,"Aff. No. :2134021
Sch. Code:61588","State : UTTAR PRADESH
District : GHAZIABAD",Senior Secondary Level,"Name : M.L. PUBLIC SCHOOL
Head/Principal Name: MUNEESH KUMARI","Address : RAJNAGAR EXTENSION, GHAZIABAD
Website : www.mlpublicschoolgzb.in"
856,"Aff. No. :2134023
Sch. Code:61589","State : UTTAR PRADESH
District : GHAZIABAD",Secondary Level,"Name : VIVEK PUBLIC SCHOOL
Head/Principal Name: RAM NIWAS","Address : MODINAGAR, GHAZIABAD
Website : https://WWW.VIVEKPUBLICSCHOOL.COM"
857,"Aff. No. :2134057
Sch. Code:61597","State : UTTAR PRADESH
District : GHAZIABAD",Senior Secondary Level,"Name : BABA PUBLIC SCHOOL
Head/Principal Name: SHIVANI CHOUDHARY.","Address : JALALABAD, MURADNAGAR, GHAZIABAD
Website : https://www.babapublicschool.com"
858,"Aff. No. :2133902
Sch. Code:61551","State : UTTAR PRADESH
District : GHAZIABAD",Senior Secondary Level,"Name : BHAGWAN PARSHURAM MODERN INSTITUE
Head/Principal Name: ASHUTOSH BHARADWAJ","Address : MURADNAGAR,, GHAZIABAD
Website : http://www.bpmig.com/"
859,"Aff. No. :2133905
Sch. Code:61552","State : UTTAR PRADESH
District : GHAZIABAD",Secondary Level,"Name : HOLY CHILD ACADEMY
Head/Principal Name: Sandhya Rashmi","Address : GHAZIABAD, GHAZIABAD
Website : www.holychildacademy.in"
860,"Aff. No. :2133900
Sch. Code:61549","State : UTTAR PRADESH
District : GHAZIABAD",Senior Secondary Level,"Name : TULSI RAM MAHESHWARI PUBLIC SCHOOL
Head/Principal Name: RUCHI AGGARWAL","Address : OPPOSITE KAKDA POWER HOUSE, MURADNAGAR
Website : www.trmpsmuradnagar.com"
861,"Aff. No. :2133866
Sch. Code:61533","State : UTTAR PRADESH
District : GHAZIABAD",Senior Secondary Level,"Name : HI-TECH WORLD SCHOOL
Head/Principal Name: VIHANG GARG","Address : PSP1 SUNCITY GHAZIABAD, PSP1 SUNCITY GHAZIABAD
Website : www.hws.org.in"
862,"Aff. No. :2133551
Sch. Code:61406","State : UTTAR PRADESH
District : GHAZIABAD",Senior Secondary Level,"Name : GYAN INTERNATIONAL PUBLIC SHOOL
Head/Principal Name: vashali","Address : NOOR NAGAR, SIHANI
Website : http://gyaninternationalgzb.in"
863,"Aff. No. :2133552
Sch. Code:61407","State : UTTAR PRADESH
District : GHAZIABAD",Senior Secondary Level,"Name : NARAYANA E- TECHNO SCHOOL
Head/Principal Name: MONIKA SRIVASTAVA","Address : NH-58,OPP.ITC NEAR DSITM, MEERUT ROAD GHAZIABAD
Website : https://www.narayanaschools.in/delhi/ghaziabad/"
864,"Aff. No. :2133521
Sch. Code:61369","State : UTTAR PRADESH
District : GHAZIABAD",Senior Secondary Level,"Name : ST. THOMAS SCHOOL
Head/Principal Name: Shali Nair","Address : INDRAPRASTHA YOJNA POCKET H LONI ROAD GHAZIABD UTTAR PRADSH
Website : www.stthomasghaziabad.org"
865,"Aff. No. :2133566
Sch. Code:61409","State : UTTAR PRADESH
District : GHAZIABAD",Senior Secondary Level,"Name : STEP UP SCHOOL
Head/Principal Name: Dr GUNJITA KUMAR","Address : CAMPUS 4, 19TH K.M., NH-24,GHAZIABAD
Website : www.stepupschool.in"
866,"Aff. No. :2133581
Sch. Code:61413","State : UTTAR PRADESH
District : GHAZIABAD",Senior Secondary Level,"Name : SABHYATA THE SCHOOL
Head/Principal Name: SUSHMITA","Address : NANGLA FEROZPUR MOHANPUR GHAZIABAD
Website : www.sabhyatatheschool.in"
867,"Aff. No. :2133666
Sch. Code:61432","State : UTTAR PRADESH
District : GHAZIABAD",Senior Secondary Level,"Name : VISHWA BHARATI PUBLIC SCHOOL GHAZIABAD
Head/Principal Name: DIMPLE PURI","Address : SUSHANT AQUAPOLIS, N.H. 24, GHAZIABAD
Website : www.vbpsghaziabad.com"
868,"Aff. No. :2133668
Sch. Code:61433","State : UTTAR PRADESH
District : GHAZIABAD",Senior Secondary Level,"Name : GOLDEN PUBLIC SCHOOL
Head/Principal Name: praveen kumar sharma","Address : PRATAP VIHAR SEC-11 D- BLOCK GHAZIABAD
Website : www,goldenpublicschool2004.co.in"
869,"Aff. No. :2133627
Sch. Code:61423","State : UTTAR PRADESH
District : GHAZIABAD",Senior Secondary Level,"Name : SAPPHIRE INTERNATIONAL SCHOOL
Head/Principal Name: EKTA SONI","Address : SAPPHIRE INTERNATIONAL SCHOOL.PLOT NUMBER EF 7 AND 8. ADJOINING TO GH 7, CROSSING REPUBLIK, GHAZIABAD, UTTARPRADESH
Website : www.sapphireschool.in"
870,"Aff. No. :2133765
Sch. Code:61491","State : UTTAR PRADESH
District : GHAZIABAD",Senior Secondary Level,"Name : ST. XAVIER'S WORLD SCHOOL
Head/Principal Name: Ratna Tyagi","Address : RAJ NAGAR EXTENSION, MORTA GHAZIABAD
Website : www.stxaviersghaziabad.com"
871,"Aff. No. :2133692
Sch. Code:61436","State : UTTAR PRADESH
District : GHAZIABAD",Senior Secondary Level,"Name : ST XAVIERS HIGH SCHOOL
Head/Principal Name: PRASHANT SHARMA","Address : VILL- SHAHPUR BHAMHETA GHAZIABAD UTTAR PRADESH 201002
Website : www.stxaviershighschoolghaziabad.com"
872,"Aff. No. :2133706
Sch. Code:61440","State : UTTAR PRADESH
District : GHAZIABAD",Senior Secondary Level,"Name : ST. ANDREWS PUBLIC SCHOOL
Head/Principal Name: POOJA CHAUDHARY","Address : VILLAGE - MATHURAPUR PIPE LINE ROAD, GHAZIABAD
Website : https://standrewspublicschool.org/"
873,"Aff. No. :2133720
Sch. Code:61441","State : UTTAR PRADESH
District : GHAZIABAD",Senior Secondary Level,"Name : M S PUBLIC SCHOOL
Head/Principal Name: VIKAS BHARDWAJ","Address : SEC.07 RAJNAGAR GHAZIABAD
Website : www.mspublicschool.co.in"
874,"Aff. No. :2133477
Sch. Code:61355","State : UTTAR PRADESH
District : GHAZIABAD",Senior Secondary Level,"Name : SAHAJ INTERNATIONAL SCHOOL
Head/Principal Name: HARSH RANA","Address : PLOT NO. 3 , GYAN KHAND - I , INDIRAPURAM , GHAZIABAD
Website : www.sahajinternationalschool.com"
875,"Aff. No. :2133507
Sch. Code:61365","State : UTTAR PRADESH
District : GHAZIABAD",Senior Secondary Level,"Name : SPRINGVILLE PUBLIC SCHOOL
Head/Principal Name: SANGEETA KUMARI","Address : CHIRORI BANTHLA ROAD CHIRORI LONI GHAZIABAD
Website : www.springvillepublicschool.in"
876,"Aff. No. :2133446
Sch. Code:61339","State : UTTAR PRADESH
District : GHAZIABAD",Senior Secondary Level,"Name : BHARAT RAM GLOBAL SCHOOL
Head/Principal Name: Raveen Pande","Address : SHAKTI KHAND-2, INDIRAPURAM, GHAZIABAD, UTTAR PRADESH
Website : www.brgsindirapuram.in"
877,"Aff. No. :2133239
Sch. Code:61272","State : UTTAR PRADESH
District : GHAZIABAD",Senior Secondary Level,"Name : PRESIDIUM RAJAGAR
Head/Principal Name: MUKTA SHARMA","Address : PRESIDIUM RAJNAGAR KHASRA NO. 244-245, VILL-MAKARMATPUR SIKROD, GHAZIABAD, UTTAR PRADESH
Website : https://presidiumrajnagar.com/"
878,"Aff. No. :2133243
Sch. Code:61275","State : UTTAR PRADESH
District : GHAZIABAD",Senior Secondary Level,"Name : DELHI PUBLIC WORLD SCHOOL SUBHANPUR
Head/Principal Name: PREMILA SHARMA","Address : JAIL ROAD SUBHANPUR NEAR TRONICA CITY
Website : http://www.dpwssubhanpur.in"
879,"Aff. No. :2133290
Sch. Code:61295","State : UTTAR PRADESH
District : GHAZIABAD",Senior Secondary Level,"Name : SRI CHAITANYA TECHNO SCHOOL
Head/Principal Name: PREETY TIWARY","Address : PLOT NO 340, 341/2, MORTA VILLAGE, RAJ NAGAR EXTENSION
Website : https://srichaitanyaschool.net/"
880,"Aff. No. :2133294
Sch. Code:61296","State : UTTAR PRADESH
District : GHAZIABAD",Secondary Level,"Name : SCHOLARS INTERNATIONAL SCHOOL,GHAZIABAD
Head/Principal Name: Richa Mishra","Address : SCHOLARS INTERNATIONAL SCHOOL,363-364,PANDAV NAGAR INDUSTRIAL AREA,NEAR RAZAPUR FLYOVER,NH-24,GHAZIABAD-U.P.
Website : www.sisgzb.com"
881,"Aff. No. :2132603
Sch. Code:61059","State : UTTAR PRADESH
District : GHAZIABAD",Secondary Level,"Name : CHETNA CONVENT JUNIOR HIGH SCHOOL
Head/Principal Name: CHETNA CHAUDHARY","Address : 85, 100 FT. ROAD, KHANNA NAGAR, LONI, GHAZIABAD
Website : www.chetnaconventschool.com"
882,"Aff. No. :2132642
Sch. Code:61075","State : UTTAR PRADESH
District : GHAZIABAD",Senior Secondary Level,"Name : NISCORT FR AGNEL SCHOOL
Head/Principal Name: SHINNI T J Sr. NAVYA","Address : A-2, SECTOR 1,VAISHALI, GHAZIABAD
Website : www.thefasvaishali.org"
883,"Aff. No. :2132683
Sch. Code:61093","State : UTTAR PRADESH
District : GHAZIABAD",Secondary Level,"Name : MOTHER INDIA PUBLIC SCHOOL
Head/Principal Name: JYOTSNA TYAGI","Address : JALALPUR - SHOBHAPUR ROAD MURADNAGAR GHAZIABAD
Website : www.motherindiapublicschool.com"
884,"Aff. No. :2132661
Sch. Code:61084","State : UTTAR PRADESH
District : GHAZIABAD",Senior Secondary Level,"Name : SRI CHAITANYA TECHNO SCHOOL
Head/Principal Name: Deepti Sharma","Address : B-8,NEAR NARENDER MOHAN HOSPITAL MOHAN NAGAR GHAZIABAD(UP)
Website : http://www.brightavenueschools.com/ghaziabad"
885,"Aff. No. :2132495
Sch. Code:61014","State : UTTAR PRADESH
District : GHAZIABAD",Senior Secondary Level,"Name : DAS UNIVERSAL ACADEMY
Head/Principal Name: Bhawna Sharma","Address : SACHKHAND NANAK DHAM, INDRA PURI, GURUDAWARA ROAD, BLOCK – C, LONI, GHAZIABAD, UTTAR PRADESH
Website : www.dasuniversalacademy.com"
886,"Aff. No. :2132512
Sch. Code:61019","State : UTTAR PRADESH
District : GHAZIABAD",Secondary Level,"Name : BANSRAJ MODEL SCHOOL
Head/Principal Name: RUBINA","Address : KHANNA NAGAR
Website : www.bansrajmodelschool.com"
887,"Aff. No. :2132523
Sch. Code:61024","State : UTTAR PRADESH
District : GHAZIABAD",Senior Secondary Level,"Name : RADICON SCHOOL
Head/Principal Name: Suman Singh","Address : GOVINDPURAM EXNT., PIPE LINE ROAD, DASNA, GHZAIABAD
Website : www.radiconeducation.org"
888,"Aff. No. :2132548
Sch. Code:61038","State : UTTAR PRADESH
District : GHAZIABAD",Senior Secondary Level,"Name : INDIRAPURAM PUBLIC SCHOOL,CROSSINGS REPUBLIK
Head/Principal Name: RENU SHARMA","Address : PLOT NO-EF7 & 8B, VILLAGE DUNDAHERA, CROSSINGS REPUBLIK, NH-24, GHAZIABAD 201016
Website : www.indirapuramschoolcr.com"
889,"Aff. No. :2132585
Sch. Code:61051","State : UTTAR PRADESH
District : GHAZIABAD",Senior Secondary Level,"Name : AL-HIRA PUBLIC SCHOOL
Head/Principal Name: Ambrina Usmani","Address : AL-HIRA PUBLIC SCHOOL, DASNA
Website : www.alhirapublicschool.in"
890,"Aff. No. :2132484
Sch. Code:61010","State : UTTAR PRADESH
District : GHAZIABAD",Senior Secondary Level,"Name : SHAMSHAD CHAUDHARY PUBLIC SCHOOL
Head/Principal Name: AYSHA CHOUDHARY","Address : GARIMA GARDEN, IRSHAD GARDEN, SAHIBABAD, GHAZIABAD, U.P
Website : http://www.shamshadchaudharyschool.com"
891,"Aff. No. :2132472
Sch. Code:61006","State : UTTAR PRADESH
District : GHAZIABAD",Senior Secondary Level,"Name : SHAMBHU DAYAL GLOBAL SCHOOL
Head/Principal Name: DR JYOTSNA SHARMA","Address : OPP NEHRU STADIUM, DAYANANDNAGAR,
Website : www.sdglobalschool.com"
892,"Aff. No. :2132437
Sch. Code:60995","State : UTTAR PRADESH
District : GHAZIABAD",Senior Secondary Level,"Name : SUNDER DEEP WORLD SCHOOL
Head/Principal Name: Megha Sharma","Address : NH-24, DELHI HAPUR ROAD, DASNA GHAZIABAD
Website : www.sunderdeepworld.in"
893,"Aff. No. :2132387
Sch. Code:60973","State : UTTAR PRADESH
District : GHAZIABAD",Senior Secondary Level,"Name : MAHIMA PUBLIC SCHOOL
Head/Principal Name: DR SHISHUPAL SINGH","Address : KARHERA, MOHAN NAGAR, GHAZIABAD
Website : www.mahimapublicschool.com"
894,"Aff. No. :2132388
Sch. Code:60974","State : UTTAR PRADESH
District : GHAZIABAD",Senior Secondary Level,"Name : JSM PUBLIC SCHOOL
Head/Principal Name: SHIV KUMAR SAINI","Address : VILL-FARRUKHNAGAR NEAR AIRTEL TOWER GHAZIABAD
Website : www.jsmpublicschool.com"
895,"Aff. No. :2132406
Sch. Code:60984","State : UTTAR PRADESH
District : GHAZIABAD",Senior Secondary Level,"Name : DELHI PUBLIC SCHOOL R.N. EXTENSION MORTA MEERUT ROAD GHAZIABAD
Head/Principal Name: PALLAVI UPADHYAYA","Address : 851-852, VILLAGE MORTA, BEHIND HRIT COLLAGE, GHAZIABAD
Website : www.dpsrnext.com"
896,"Aff. No. :2132412
Sch. Code:60985","State : UTTAR PRADESH
District : GHAZIABAD",Senior Secondary Level,"Name : DIAMOND ROSE PUBLIC SCHOOL
Head/Principal Name: SEEMA SHARMA","Address : VILL. BHANERA, FARUKHNAGAR, GHAZAIBAD
Website : www.diamondrosepublicschool.com"
897,"Aff. No. :2132369
Sch. Code:60969","State : UTTAR PRADESH
District : GHAZIABAD",Senior Secondary Level,"Name : G S MODERN SCHOOL
Head/Principal Name: NIRMLA","Address : VILLAGE KHORA
Website : www.gsmodernschool.in"
898,"Aff. No. :2132865
Sch. Code:61156","State : UTTAR PRADESH
District : GHAZIABAD",Senior Secondary Level,"Name : BAL JAGAT SR SEC SCHOOL
Head/Principal Name: SHIKHA SRIVASTAVA","Address : BAL JAGAT SR SEC SCHOOL, SIK ROAD, RAJ NAGAR EXT. GHAZIABAD
Website : www.baljagatschool.com"
899,"Aff. No. :2132884
Sch. Code:61164","State : UTTAR PRADESH
District : GHAZIABAD",Senior Secondary Level,"Name : DELHI PUBLIC SCHOOL SIDDHARTH VIHAR
Head/Principal Name: PRIYA THAKUR","Address : PLOT NO.-SCH/01 SECTOR-08 SIDDHARTH VIHAR
Website : www.dpssv.in"
900,"Aff. No. :2132888
Sch. Code:61165","State : UTTAR PRADESH
District : GHAZIABAD",Senior Secondary Level,"Name : SUSHILA MODEL SCHOOL
Head/Principal Name: Arumita Tarafdar","Address : DAYANAND NAGAR
Website : www.sushilamodelschool.org"
901,"Aff. No. :2132692
Sch. Code:61097","State : UTTAR PRADESH
District : GHAZIABAD",Senior Secondary Level,"Name : J.K. INTERNATIONAL PUBLIC SCHOOL
Head/Principal Name: SHEETAL CHOWDHARY","Address : VILLAGE:- BADSHAHPUR SIROLI , LONI , GHAZIABAD.
Website : www.jkipschool.in"
902,"Aff. No. :2132749
Sch. Code:61119","State : UTTAR PRADESH
District : GHAZIABAD",Senior Secondary Level,"Name : ZENNEXT PUBLIC SCHOOL
Head/Principal Name: ARVIND KUMAR KAUSHIK","Address : DELHI BAGHPAT ROAD, VILL NANU, DISTT- GHAZIABAD U.P.
Website : www.zennextpublicschool.in"
903,"Aff. No. :2132805
Sch. Code:61132","State : UTTAR PRADESH
District : GHAZIABAD",Secondary Level,"Name : MAHARANA PRATAP PUBLIC SCHOOL
Head/Principal Name: PUNEET RANA","Address : VANDNA ENCLAVE KHORA COLONY GHAZIABAD
Website : http://www.mppschool.in"
904,"Aff. No. :2132837
Sch. Code:61142","State : UTTAR PRADESH
District : GHAZIABAD",Senior Secondary Level,"Name : ARYA BANDHU PUBLIC SCHOOL
Head/Principal Name: MAMTA DABAS","Address : VILLAGE - SADAT NAGAR, IKLA POST - DASNA, DISTT. GHAZIABAD
Website : www.aryabandhupublicschool.com"
905,"Aff. No. :2132794
Sch. Code:61128","State : UTTAR PRADESH
District : GHAZIABAD",Senior Secondary Level,"Name : MILLENNIUM ACADEMY
Head/Principal Name: SANDEEP KUMAR","Address : HAPUR ROAD
Website : http://millenniumacademykilhora.com/"
906,"Aff. No. :2132986
Sch. Code:61195","State : UTTAR PRADESH
District : GHAZIABAD",Senior Secondary Level,"Name : BAL BHARATI PUBLIC SCHOOL
Head/Principal Name: GOLDI","Address : BAL BHARATI PUBLIC SCHOOL, INDRAPRASTH YOJNA,NEAR BHARAT CITY,GHAZIABAD
Website : https://bbpsip.in/"
907,"Aff. No. :2132988
Sch. Code:61196","State : UTTAR PRADESH
District : GHAZIABAD",Senior Secondary Level,"Name : ALLENHOUSE PUBLIC SCHOOL
Head/Principal Name: SHALINI SINGH","Address : PS-2, SECTOR-2A, VASUNDHARA, GHAZIABAD
Website : www.allenhouseghaziabad.com"
908,"Aff. No. :2133012
Sch. Code:61209","State : UTTAR PRADESH
District : GHAZIABAD",Senior Secondary Level,"Name : SHRI ONKAR SINGH MEMORIAL PUBLIC SCHOOL
Head/Principal Name: MEENAKSHI","Address : VILLAGE & POST JALALABAD, (GANG NAHAR MURADNAGAR) DISTT. GHAZIABAD U.P. -201206
Website : http://shrionkarsinghmpschool.com"
909,"Aff. No. :2133024
Sch. Code:61211","State : UTTAR PRADESH
District : GHAZIABAD",Senior Secondary Level,"Name : B.T.M. PUBLIC SCHOOL
Head/Principal Name: PRATIBHA SHARMA","Address : SIKRI ROAD, MANKI, MODINAGAR, GHAZIABAD U.P.
Website : www.btmpublicschool.com"
910,"Aff. No. :2133029
Sch. Code:61214","State : UTTAR PRADESH
District : GHAZIABAD",Senior Secondary Level,"Name : J. V. S. MEMORIAL PUBLIC SCHOOL
Head/Principal Name: RAJNI TYAGI","Address : VILLAGE - DEENANATHPUR, PO - DASNA
Website : http://jvsschool.co.in"
911,"Aff. No. :2133032
Sch. Code:61215","State : UTTAR PRADESH
District : GHAZIABAD",Middle Class,"Name : SCHOLARS INTERNATIONAL SCHOOL
Head/Principal Name: Dr.Geeta Sharma","Address : 363-364,PANDAV NAGAR INDUSTRIAL AREA,NEAR RAZAPUR RAILWAY CROSSING FLYOVER,NH-24,GHAZIABAD-201002
Website :"
912,"Aff. No. :2133112
Sch. Code:61233","State : UTTAR PRADESH
District : GHAZIABAD",Senior Secondary Level,"Name : AYESHA PUBLIC SCHOOL
Head/Principal Name: PUSHPA CHAUHAN","Address : NH-24, MASOORIE, GHAZIABAD
Website : www.ayeshapublicschool"
913,"Aff. No. :2133117
Sch. Code:61235","State : UTTAR PRADESH
District : GHAZIABAD",Senior Secondary Level,"Name : DELHI MAR THOMA PUBLIC SCHOOL
Head/Principal Name: BIBY GEORGE","Address : A – BLOCK, KARPOORIPURAM, GOVINDPURAM, GHAZIABAD
Website : http://delhimarthomaschoolgzb.org"
914,"Aff. No. :2133121
Sch. Code:61246","State : UTTAR PRADESH
District : GHAZIABAD",Senior Secondary Level,"Name : D.R.S PUBLIC SCHOOL
Head/Principal Name: JITENDRA PURI","Address : MAIN TIGRI ROAD, RAGHUNATHPURI EXTN. AKBARPUR BHERAMPUR
Website : www.drspsg.com"
915,"Aff. No. :2133126
Sch. Code:61236","State : UTTAR PRADESH
District : GHAZIABAD",Senior Secondary Level,"Name : THE SHRI RAM UNIVERSAL SCHOOL GHAZIABAD
Head/Principal Name: BHAWNA KHANNA","Address : TEELA SHAHBUJPUR, BHOPURA LONI ROAD, INDRAPRASTHA YOJNA, GHAZIABAD
Website : www.tsusghaziabad.com"
916,"Aff. No. :2133091
Sch. Code:61229","State : UTTAR PRADESH
District : GHAZIABAD",Senior Secondary Level,"Name : NUTAN VIDYA MANDIR
Head/Principal Name: JYOTI SHARMA","Address : SEC.15 VASHUNDHRA GHAZIBAD
Website : http://nvmvasundhara.com"
917,"Aff. No. :2133103
Sch. Code:61230","State : UTTAR PRADESH
District : GHAZIABAD",Senior Secondary Level,"Name : TRINITY INTERNATIONAL PUBLIC SCHOOL
Head/Principal Name: SALONI PANWAR","Address : NH-58, ABUPUR ROAD MURADNAGAR, GHAZIABAD-201206
Website : www.tips-ghaziabad.com"
918,"Aff. No. :2132161
Sch. Code:60901","State : UTTAR PRADESH
District : GHAZIABAD",Senior Secondary Level,"Name : PAREVARTAN SCHOOL
Head/Principal Name: SANGEETA SHARMA","Address : KHASRA NO. 540 & 544 NOOR NAGAR , NH-58 RAJNAGAR EXTN. , GHAZIABAD , UTTAR PRADESH
Website : www.iamparevartan.org"
919,"Aff. No. :2132212
Sch. Code:60922","State : UTTAR PRADESH
District : GHAZIABAD",Secondary Level,"Name : RADHA KRISHNA PUBLIC SCHOOL
Head/Principal Name: MONIKA SHARMA","Address : KRISHNA VIHAR, LAL KUAN, GHAZIABAD
Website : www.rkpsgzb.co"
920,"Aff. No. :2132252
Sch. Code:60930","State : UTTAR PRADESH
District : GHAZIABAD",Senior Secondary Level,"Name : GENIUS PUBLIC SCHOOL
Head/Principal Name: SANGEETA YADAV","Address : MURADNAGAR, GHAZIABAD
Website : www.gpsmuradnagar.com"
921,"Aff. No. :2132037
Sch. Code:60848","State : UTTAR PRADESH
District : GHAZIABAD",Senior Secondary Level,"Name : ADARSH GYAN SAROVAR PUBLIC SCHOOL
Head/Principal Name: NEELAM","Address : CHIRORI, GHAZIABAD
Website :"
922,"Aff. No. :2132088
Sch. Code:60870","State : UTTAR PRADESH
District : GHAZIABAD",Senior Secondary Level,"Name : CH PRAKASH CHAND SENIOR SECONDARY SCHOOL
Head/Principal Name: KAPIL","Address : PAVISADAKPUR LONI
Website : www.cpcschool.info"
923,"Aff. No. :2132090
Sch. Code:60871","State : UTTAR PRADESH
District : GHAZIABAD",Senior Secondary Level,"Name : KRISHNA VIDYA NIKETAN
Head/Principal Name: KALPNA TYAGI","Address : NEAR GOVT.ITI.NH-58) MURADNAGAR GHAZIABAD
Website : www.kvnschool.in"
924,"Aff. No. :2132151
Sch. Code:60896","State : UTTAR PRADESH
District : GHAZIABAD",Senior Secondary Level,"Name : LITTLE STAR PUBLIC SCHOOL
Head/Principal Name: Satya Pal Tomar","Address : G-BLOCK, RAM PARK EXTN., LONI, GHAZIABAD
Website :"
925,"Aff. No. :2132121
Sch. Code:60884","State : UTTAR PRADESH
District : GHAZIABAD",Senior Secondary Level,"Name : PURNGYANANJALI INTERNATIONAL SCHOOL
Head/Principal Name: MANJU DEVI","Address : DELHI MEERUT ROAD, BASANTPUR SAINTLY, MURADNAGAR, OPP. MARVADI BHOJ, GHAZIABAD, UP-201206
Website : www.purngyananjalieducationalgroup.com"
926,"Aff. No. :2131942
Sch. Code:60812","State : UTTAR PRADESH
District : GHAZIABAD",Senior Secondary Level,"Name : G.R. CONVENT JUNIOR HIGH SCHOOL
Head/Principal Name: KAVITA SHARMA","Address : NYAYKHAND-1, INDRAPURAM GHAZIABAD
Website : http://grconventschool.in/"
927,"Aff. No. :2131943
Sch. Code:60813","State : UTTAR PRADESH
District : GHAZIABAD",Senior Secondary Level,"Name : G.D.GOENKA PUBLIC SCHOOL
Head/Principal Name: Vandana Moudgill","Address : SHAKTI KHAND-III, INDIRAPURAM
Website : www.gdgoenkaschoolindirapuram.com"
928,"Aff. No. :2131993
Sch. Code:60829","State : UTTAR PRADESH
District : GHAZIABAD",Senior Secondary Level,"Name : C P ARYA PUBLIC JUNIOR HIGH SCHOOL
Head/Principal Name: NARESH KUMAR","Address : C BLOCK SWARN JAYANTI PURAM GHAZIABAD
Website : www.cpapublicschool.webley.com"
929,"Aff. No. :2132013
Sch. Code:60840","State : UTTAR PRADESH
District : GHAZIABAD",Senior Secondary Level,"Name : VIDYA BAL BHAWAN PUBLIC SCHOOL
Head/Principal Name: HARI DUTT SHARMA","Address : SECTOR-11, VASUNDHARA, GHAZIABAD
Website : www.vidyabalbhawanvasundhara.org"
930,"Aff. No. :2132004
Sch. Code:60834","State : UTTAR PRADESH
District : GHAZIABAD",Senior Secondary Level,"Name : M.P.S. PUBLIC SCHOOL
Head/Principal Name: VRINDA MALHOTRA","Address : JAGRITI VIHAR, SECTOR- 23, SANJAY NAGAR
Website : www.mpspublicschool.org"
931,"Aff. No. :2132005
Sch. Code:60835","State : UTTAR PRADESH
District : GHAZIABAD",Senior Secondary Level,"Name : GREEN FIELD PUBLIC SCHOOL
Head/Principal Name: SUMAN KAUSHIK","Address : G-BLOCK, GOVINDPURAM, GHAZIABAD, UP-201001
Website : www.greenfieldgovindpuram.in"
932,"Aff. No. :2132009
Sch. Code:60838","State : UTTAR PRADESH
District : GHAZIABAD",Senior Secondary Level,"Name : SHIKSHA INTERNATIONAL SCHOOL
Head/Principal Name: ANBHOOTI SINGH TEOTIA","Address : NIWARI MURADNAGAR GHAZIABAD, UP
Website : www.shikshaint.org"
933,"Aff. No. :2131886
Sch. Code:60794","State : UTTAR PRADESH
District : GHAZIABAD",Senior Secondary Level,"Name : CHHAYA PUBLIC SCHOOL
Head/Principal Name: Meenakshi Padhy","Address : 3-F,SECTOR-03, VAISHALI, GHAZIABAD
Website : www.chhayapublicschool.org"
934,"Aff. No. :2131905
Sch. Code:60800","State : UTTAR PRADESH
District : GHAZIABAD",Senior Secondary Level,"Name : J L NEHRU GIRLS PUBLIC SCHOOL
Head/Principal Name: LALIMA RANA","Address : BLOCK - J, SHASTRI NAGAR, GHAZIABAD
Website : www.jlngps.in"
935,"Aff. No. :2131850
Sch. Code:60779","State : UTTAR PRADESH
District : GHAZIABAD",Senior Secondary Level,"Name : SHAHEED MEMORIAL VIDYA KENDRA
Head/Principal Name: BABITA RAWAT","Address : SIHANI ROAD,GHAZIABAD,
Website : www.shaheedmemorialvidyakendra.in"
936,"Aff. No. :2131853
Sch. Code:60782","State : UTTAR PRADESH
District : GHAZIABAD",Senior Secondary Level,"Name : MILTON ACADEMY JR. HIGH SCHOOL.
Head/Principal Name: ANJU SHARMA","Address : VILL. KARHERA, MOHAN NAGAR,
Website : www.miltonacademyghaziabad.in"
937,"Aff. No. :2131842
Sch. Code:60776","State : UTTAR PRADESH
District : GHAZIABAD",Senior Secondary Level,"Name : J.R. GLOBAL INTERNATIONAL JUNIOR HIGH SCHOOL
Head/Principal Name: PREETI KUMARI","Address : GARHI SABLOO, LONI,
Website : www.jrglobalintschool.com"
938,"Aff. No. :2131836
Sch. Code:60772","State : UTTAR PRADESH
District : GHAZIABAD",Senior Secondary Level,"Name : HAPPY MODEL JUNIOR HIGH SCHOOL
Head/Principal Name: Poonam Tyagi","Address : KANAUJA,MURADNAGAR,GAZIABAD,UP
Website : http://www.hdchool.com"
939,"Aff. No. :2131507
Sch. Code:60658","State : UTTAR PRADESH
District : GHAZIABAD",Senior Secondary Level,"Name : DELHI PUBLIC SCHOOL HRIT CAMPUS
Head/Principal Name: Nandini Shekhar","Address : 7 KM STONE, DELHI MEERUT ROAD, MTA
Website : www.dpshrit.edu.in"
940,"Aff. No. :2131554
Sch. Code:60672","State : UTTAR PRADESH
District : GHAZIABAD",Secondary Level,"Name : MODERN SCHOOL, GHAZIABAD
Head/Principal Name: SHWETA CHHATWAL BAJAJ","Address : SEC-5, OPPOSITE ARYA SAMAJ MANDIR, RAJNAGAR, GHAZIABAD
Website : http://www.modernschoolgzb.com"
941,"Aff. No. :2131372
Sch. Code:60616","State : UTTAR PRADESH
District : GHAZIABAD",Senior Secondary Level,"Name : J.K.G SCHOOL
Head/Principal Name: KAVITA GAUR","Address : D-BLOCK NANDGRAM
Website : www.jkgschoolgzb.com"
942,"Aff. No. :2131338
Sch. Code:60605","State : UTTAR PRADESH
District : GHAZIABAD",Senior Secondary Level,"Name : BRIGHT LAND SCHOOL
Head/Principal Name: VINITA PATHANIA","Address : A-BLOCK, GOVINDPURAM, GHAZIABAD, U.P
Website : https://brightlandschool.ac.in"
943,"Aff. No. :2131393
Sch. Code:60628","State : UTTAR PRADESH
District : GHAZIABAD",Senior Secondary Level,"Name : VIDHAN PUBLIC SCHOOL
Head/Principal Name: VERMA VIRBHADRA","Address : MEERUT ROAD, DUHAI, GHAZIABAD
Website : www.vidhaanpublicschool.in"
944,"Aff. No. :2131386
Sch. Code:60623","State : UTTAR PRADESH
District : GHAZIABAD",Senior Secondary Level,"Name : GAUTAM PUBLIC SCHOOL
Head/Principal Name: MRS POONAM GAUTAM","Address : P-BLOCK, SECTOR-12, PRATAP VIHAR, GHAZIABAD
Website :"
945,"Aff. No. :2131390
Sch. Code:60625","State : UTTAR PRADESH
District : GHAZIABAD",Senior Secondary Level,"Name : AMITY INTERNATIONAL SCHOOL,
Head/Principal Name: Ms. Raina Krishnatray","Address : HS - 1, SECT- 1, VASUNDHARA GHAZIABAD
Website : https://amityschools.in/aisv1/"
946,"Aff. No. :2131403
Sch. Code:60632","State : UTTAR PRADESH
District : GHAZIABAD",Senior Secondary Level,"Name : DELHI PUBLIC SCHOOL RAJ NAGAR
Head/Principal Name: PRIYA WADHWA","Address : NH-58, OPP. SAIL GODOWN
Website : www.dps.ind.in"
947,"Aff. No. :2131469
Sch. Code:60646","State : UTTAR PRADESH
District : GHAZIABAD",Senior Secondary Level,"Name : UNIQUE INTERNATIONAL PUBLIC SCHOOL
Head/Principal Name: VEER BAHADUR","Address : UIMT CITY, NH-58, GANG NAHAR, MURADNAGAR, GHAZIABAD
Website : www.uips.in"
948,"Aff. No. :2131719
Sch. Code:60722","State : UTTAR PRADESH
District : GHAZIABAD",Senior Secondary Level,"Name : J D PUBLIC SCHOOL
Head/Principal Name: NIRMALA VASHIST","Address : SANTOSHI VIHAR, BEHTA, HAJIPUR, LONI, GHAZIABAD
Website : www.jdpublicschools.in"
949,"Aff. No. :2131668
Sch. Code:60705","State : UTTAR PRADESH
District : GHAZIABAD",Senior Secondary Level,"Name : K.R.MANGALAM WORLD SCHOOL
Head/Principal Name: SEEMA BEHL","Address : PLOT NO-11,SEC-6 VAISHALI GHAZIABAD UP-201 010
Website : www.krmangalam.com"
950,"Aff. No. :2131646
Sch. Code:60699","State : UTTAR PRADESH
District : GHAZIABAD",Senior Secondary Level,"Name : PRESIDIUM INDIRAPURAM
Head/Principal Name: MANVINDER KAUR","Address : A-16, HABITAT CENTRE , AHINSA KHAND-1, INDIRAPURAM , GHAZIABAD , UP
Website : www.presidiumindirapuram.com"
951,"Aff. No. :2131752
Sch. Code:60734","State : UTTAR PRADESH
District : GHAZIABAD",Senior Secondary Level,"Name : SUREVIN INTERNATIONAL SCHOOL
Head/Principal Name: Sarita Sindhu","Address : NIWARI MODI NAGAR
Website : www.surevininternationalschool.com"
952,"Aff. No. :2131828
Sch. Code:60766","State : UTTAR PRADESH
District : GHAZIABAD",Senior Secondary Level,"Name : NYADHARMAL MAHESHWARI ANCHAL VIDYA PEETH JR HIGH SCHOOL,
Head/Principal Name: BABITA SHARMA","Address : NH-24, JINDAL NAGAR, DHABARSI ROAD, GHAZIABAD
Website : nmmavp@rediffmail.com"
953,"Aff. No. :2131782
Sch. Code:60748","State : UTTAR PRADESH
District : GHAZIABAD",Senior Secondary Level,"Name : INDRAPRASTHA PUBLIC SCHOOL
Head/Principal Name: SHWETA SRIVASTAVA","Address : KARHERA, MOHAN NAGAR,
Website : www.indraprasthapublicschool.in"
954,"Aff. No. :2131739
Sch. Code:60731","State : UTTAR PRADESH
District : GHAZIABAD",Senior Secondary Level,"Name : ADHARSHEELA GLOBAL SCHOOL VASUNDHARA SECT-3, GHAZIABAD
Head/Principal Name: REENA MATHUR","Address : SECT-3, VASUNDHARA, GHAZIABAD
Website : www.adharsheelaglobalschool.com"
955,"Aff. No. :2131728
Sch. Code:60726","State : UTTAR PRADESH
District : GHAZIABAD",Senior Secondary Level,"Name : A.K CHILDREN ACADEMY
Head/Principal Name: MEENAKSHI SINGH","Address : MTI ROAD, RAJ NAGAR EXTENSION
Website : www.akchildrenacademy.in"
956,"Aff. No. :2131736
Sch. Code:60729","State : UTTAR PRADESH
District : GHAZIABAD",Senior Secondary Level,"Name : SANSKAR WLD SCHOOL
Head/Principal Name: Sunita Dhawan","Address : OPP. ITC FACTY, MEERUT ROAD GHAZIABAD
Website : www.sanskarworldschool.org"
957,"Aff. No. :2131011
Sch. Code:60460","State : UTTAR PRADESH
District : GHAZIABAD",Senior Secondary Level,"Name : DGR PUBLIC SCHOOL
Head/Principal Name: SONAL CHAUDHARY","Address : PATLA, MODI NAGAR, GHAZIABAD, U.P.
Website : www.dgrpublicschool.co.in"
958,"Aff. No. :2131000
Sch. Code:60454","State : UTTAR PRADESH
District : GHAZIABAD",Senior Secondary Level,"Name : DIAMOND PUBLIC SCHOOL
Head/Principal Name: GARIMA SHARMA","Address : TEELA SHAHBAJ PUR, LONI GHAZIBAD.
Website : www.diamondpublicschool.education"
959,"Aff. No. :2131002
Sch. Code:60455","State : UTTAR PRADESH
District : GHAZIABAD",Senior Secondary Level,"Name : ST. FRANCIS SCHOOL
Head/Principal Name: GEO JOHN","Address : ABHAY KHAND- III/2, INDIRAPURAM, GHAZIABAD, UP.
Website : www.sfsindirapuram.com"
960,"Aff. No. :2131043
Sch. Code:60472","State : UTTAR PRADESH
District : GHAZIABAD",Senior Secondary Level,"Name : S.S. INTERNATIONAL SCHOOL
Head/Principal Name: PRAMILA NAGAR","Address : ANIL VIHAR, KHODA COLONY,
Website : https://ssinternationalschool.org.in/"
961,"Aff. No. :2131070
Sch. Code:60482","State : UTTAR PRADESH
District : GHAZIABAD",Senior Secondary Level,"Name : LEELAWATI RAMGOPAL SARASWATI VIDYA MANDIR
Head/Principal Name: MAHESH BABOO","Address : LEELAWATI RAMGOPAL SARSWATI VIDYA MANDIR GANG NAHAR MURADNAGAR DISTT. GHAZIABAD
Website : www.LRSVMMURADNAGAR.COM"
962,"Aff. No. :2131102
Sch. Code:60491","State : UTTAR PRADESH
District : GHAZIABAD",Senior Secondary Level,"Name : SHIVOY PUBLIC SCHOOL
Head/Principal Name: Neelima Sharma","Address : VILL MATIALA PO SADARPUR GHAZIABAD UP
Website : www.shivoyschool.edu.in"
963,"Aff. No. :2131105
Sch. Code:60492","State : UTTAR PRADESH
District : GHAZIABAD",Senior Secondary Level,"Name : DR K.N.MODI GLOBAL SCHOOL
Head/Principal Name: POOJA SHARMA","Address : HAPUR ROAD, NEAR EYE HOSPITAL, MODINAGAR, GHAZIABAD
Website : www.knmodiglobalschool.org"
964,"Aff. No. :2131050
Sch. Code:60475","State : UTTAR PRADESH
District : GHAZIABAD",Senior Secondary Level,"Name : BHAGIRATH PUBLIC SCHOOL
Head/Principal Name: DEEPTI RAWAT","Address : BLOCK-B,SANJAY NAGAR SECTT 23 ,GAZIABAD,UTTAR PRADESH
Website : www.bhagirathpublicschool.com"
965,"Aff. No. :2131152
Sch. Code:60513","State : UTTAR PRADESH
District : GHAZIABAD",Senior Secondary Level,"Name : SAPNA INTERNATIONAL PUBLIC SCHOOL
Head/Principal Name: POOJA SHARMA","Address : VILL.: KHANJARPUR, HAPUR ROAD, MODINAGAR
Website : www.sipschools.in"
966,"Aff. No. :2131178
Sch. Code:60524","State : UTTAR PRADESH
District : GHAZIABAD",Senior Secondary Level,"Name : MODERN NATIONAL PUBLIC SCHOOL
Head/Principal Name: Sonia Chaudhary","Address : MEERUT ROAD
Website : www.mnps.in"
967,"Aff. No. :2131132
Sch. Code:60506","State : UTTAR PRADESH
District : GHAZIABAD",Senior Secondary Level,"Name : EKLAVYA PUBLIC SCHOOL
Head/Principal Name: SUMAN SINGH","Address : PIPE LINE ROAD, MURADNAGAR, MODINAGAR, GHAZIABAD
Website : www.schooleklavya.in"
968,"Aff. No. :2131096
Sch. Code:60488","State : UTTAR PRADESH
District : GHAZIABAD",Senior Secondary Level,"Name : HINDON PUBLIC SCHOOL
Head/Principal Name: LATA PANDEY","Address : VILLAGE BHANERA, MAIN ROAD, RISTAL LONI
Website : www.hindonpublicschoolristal.in"
969,"Aff. No. :2131110
Sch. Code:60496","State : UTTAR PRADESH
District : GHAZIABAD",Senior Secondary Level,"Name : NEW RAINBOW PUBLIC SCHOOL
Head/Principal Name: ALKA","Address : P-BLOCK, SCETOR12, PRATAP VIHAR,
Website : http://www.nrpschool.com"
970,"Aff. No. :2131282
Sch. Code:60577","State : UTTAR PRADESH
District : GHAZIABAD",Senior Secondary Level,"Name : THE DPSG INTERNATIONAL
Head/Principal Name: Tanushree Sharma","Address : P.O.DASNA, HINDON NAGAR, GHAZIABAD-
Website : www.dpsgs.org/international"
971,"Aff. No. :2131275
Sch. Code:60574","State : UTTAR PRADESH
District : GHAZIABAD",Senior Secondary Level,"Name : RALLI INTERNATIONAL SCHOOL
Head/Principal Name: NEHA RALLI","Address : NITI KHAND-III, INDIRAPURAM
Website : www.ralliinternationalschool.com"
972,"Aff. No. :2131294
Sch. Code:60582","State : UTTAR PRADESH
District : GHAZIABAD",Senior Secondary Level,"Name : J.D. ACADEMY
Head/Principal Name: SANTOSH RANI","Address : 9/10, SECTOR-3, RAJENDRA NAGAR, SAHIBABAD, GHAZIABAD
Website : www.jdacademy.in"
973,"Aff. No. :2131350
Sch. Code:60608","State : UTTAR PRADESH
District : GHAZIABAD",Senior Secondary Level,"Name : EAST DELHI PUBLIC SCHOOL
Head/Principal Name: Shail Sinha","Address : P-BLOCK, SECTOR-12, PRATAP VIHAR
Website : www.edps.co.in"
974,"Aff. No. :2131310
Sch. Code:60589","State : UTTAR PRADESH
District : GHAZIABAD",Senior Secondary Level,"Name : NIMT B-SCHOOL
Head/Principal Name: Ganesh Prasad","Address : ANSALS AVANTIKA PART-II, NEAR MEHROLI RAILWAY STATION, OPP GOVIND PURAM, P.O. KAVI NAGAR GHAZIABAD
Website : https://www.nimt.ac.in/schools/nimt-school/home"
975,"Aff. No. :2131329
Sch. Code:60600","State : UTTAR PRADESH
District : GHAZIABAD",Senior Secondary Level,"Name : GD GOENKA PUBLIC SCHOOL
Head/Principal Name: YOGITA KAPIL","Address : RAJ NAGAR EXT. DELHI MEERUT BYPASS ROAD
Website : www.gdgoenkagzb.com"
976,"Aff. No. :2131323
Sch. Code:60597","State : UTTAR PRADESH
District : GHAZIABAD",Senior Secondary Level,"Name : VIVEKANAND SHISHU MANDIR SCHOOL
Head/Principal Name: RASHMI SHARMA","Address : F-BLOCK,MAIN ROAD,MEERA BAI MARG,NEW KAVI NAGAR
Website : www.vivekanandshishumandir.com"
977,"Aff. No. :2131255
Sch. Code:60561","State : UTTAR PRADESH
District : GHAZIABAD",Senior Secondary Level,"Name : MURADNAGAR PUBLIC SCHOOL
Head/Principal Name: Kusum Lata","Address : DELHI MERRUT ROAD NEAR BUS STAND MURADNAGAR
Website : www.muradnagarpublicschool.com"
978,"Aff. No. :2131248
Sch. Code:60556","State : UTTAR PRADESH
District : GHAZIABAD",Senior Secondary Level,"Name : MODERN SCHOOL
Head/Principal Name: ANJANA RAMACHANDRAN","Address : PLOT NO.2, SECTOR- 1, VAISHALI
Website : www.modernschoolvaishali.com"
979,"Aff. No. :2131269
Sch. Code:60571","State : UTTAR PRADESH
District : GHAZIABAD",Senior Secondary Level,"Name : S.S.K. PUBLIC SCHOOL
Head/Principal Name: KAMAL BHAMBRI","Address : SECTOR-11, F-BLOCK, PRATAP VIHAR, GHAZIABAD
Website : www.SSKPUBLICSCHOOL.ORG"
980,"Aff. No. :2131238
Sch. Code:60552","State : UTTAR PRADESH
District : GHAZIABAD",Senior Secondary Level,"Name : SALWAN PUBLIC SCHOOL, TRONICA CITY
Head/Principal Name: SUNITA MADAN","Address : SECTOR C-7, TRONICA CITY, LONI GHAZIABAD U.P.
Website : https://salwanpublicschooltdsc.edu.in/"
981,"Aff. No. :2131200
Sch. Code:60536","State : UTTAR PRADESH
District : GHAZIABAD",Senior Secondary Level,"Name : HERITAGE ACADEMY
Head/Principal Name: ANURANJANI AGARWAL","Address : HERITAGE ACADEMY DELHI ROAD, SADABAD, JAKHEBA, MODINAGAR DISTT. GHAZIABAD
Website : www.heritageacademy.ac.in"
982,"Aff. No. :2130774
Sch. Code:60350","State : UTTAR PRADESH
District : GHAZIABAD",Senior Secondary Level,"Name : INGRAHAM ENGLISH MEDIUM SCHOOL
Head/Principal Name: MOHINI BLEST SAMPSON","Address : 252 G T ROAD GHAZIABAD UP
Website : www.ingrahaminstitute.com"
983,"Aff. No. :2130783
Sch. Code:60354","State : UTTAR PRADESH
District : GHAZIABAD",Senior Secondary Level,"Name : KHAITAN PUBLIC SCHOOL
Head/Principal Name: ANAND KUMAR","Address : BLOCK 5 SECTOR V RAJENDRA NAGAR SAHIBABAD GHAZIABAD UP
Website : https://khaitanpublicschool.com/"
984,"Aff. No. :2130750
Sch. Code:60340","State : UTTAR PRADESH
District : GHAZIABAD",Senior Secondary Level,"Name : GURUKUL THE SCHOOL
Head/Principal Name: GAURAV BEDI","Address : 27.5 KM NH 24 HAPUR BY PASS ROAD GHAZIABAD UP
Website : HTTP://WWW.GURUKULTHESCHOOL.COM"
985,"Aff. No. :2130747
Sch. Code:60337","State : UTTAR PRADESH
District : GHAZIABAD",Senior Secondary Level,"Name : P C SCHOOL
Head/Principal Name: Reena Gupta","Address : D-4 GOVIND PURAM GHAZIABAD UTTAR PRADESH
Website : http://www.pcschoolgzb.com/Home.aspx"
986,"Aff. No. :2130748
Sch. Code:60338","State : UTTAR PRADESH
District : GHAZIABAD",Senior Secondary Level,"Name : COLUMBIA CONVENT INSTITUTE
Head/Principal Name: DR. LALITA SINGH","Address : MEERUT ROAD MORTA GHAZIABAD UP
Website : www.columbiaconventinstitute.org"
987,"Aff. No. :2130741
Sch. Code:60334","State : UTTAR PRADESH
District : GHAZIABAD",Senior Secondary Level,"Name : SETH ANANDRAM JAIPURIA SCHOOL
Head/Principal Name: Shalini Nambiar","Address : SECTOR 14 C VASUNDHRA GHAZIABAD UP
Website : www.jaipuria.edu.in/ghaziabadschool"
988,"Aff. No. :2130635
Sch. Code:60282","State : UTTAR PRADESH
District : GHAZIABAD",Senior Secondary Level,"Name : BLOOM PUBLIC SCHOOL
Head/Principal Name: SUSHMA TRIPATHI","Address : E BLOCK SECTOR 11 PRATAP VIHAR GHAZIABAD UTTAR PRADESH
Website : www.bloompublicschoolgzb.com"
989,"Aff. No. :2130652
Sch. Code:60291","State : UTTAR PRADESH
District : GHAZIABAD",Senior Secondary Level,"Name : SUN VALLEY INTERNATIONAL SCHOOL
Head/Principal Name: PREETI GOEL","Address : A-1 SECTOR 1 VAISHALI , GHAZIABAD, UTTAR PRADESH
Website : www.sunvalleyncr.in"
990,"Aff. No. :2130647
Sch. Code:60287","State : UTTAR PRADESH
District : GHAZIABAD",Senior Secondary Level,"Name : DELHI PUBLIC SCHOOL
Head/Principal Name: PRIYA ELIZABETH JOHN","Address : 526/I OPP RAIL VIHAR INDIRAPURAM GHAZIABAD UTTAR PRADESH
Website : www.dpsindirapuram.com"
991,"Aff. No. :2130671
Sch. Code:60301","State : UTTAR PRADESH
District : GHAZIABAD",Senior Secondary Level,"Name : CAMBRIDGE SCHOOL
Head/Principal Name: Hardeep Kaur","Address : SHAKTI KHAND II INDIRAPURAM GHAZIABAD UTTAR PRADESH
Website : https://ip.cambridgeschool.edu.in/"
992,"Aff. No. :2130679
Sch. Code:60305","State : UTTAR PRADESH
District : GHAZIABAD",Senior Secondary Level,"Name : J K G INTERNATIONAL SCHOOL
Head/Principal Name: NIDHI GAUR","Address : SK-II/13-14, INDIRAPURAM GHAZIABAD UTTAR PRADESH
Website : www.jkgisi.com"
993,"Aff. No. :2130691
Sch. Code:60310","State : UTTAR PRADESH
District : GHAZIABAD",Senior Secondary Level,"Name : INDIRAPURAM PUBLIC SCHOOL
Head/Principal Name: DR. ASHISH MITTAL","Address : PLOT NO 6 NAYAYA KHAND I INDIRAPURAM GHAZIABAD UTTAR PRADESH
Website : www.ipsindirapuramncr.com"
994,"Aff. No. :2130704
Sch. Code:60318","State : UTTAR PRADESH
District : GHAZIABAD",Senior Secondary Level,"Name : MAHARAJA AGARSAIN PUBLIC SCHOOL
Head/Principal Name: DR. KALPANA MAHESHWARI","Address : SECTOR-13, VASUNDHARA, DISTT GHAZIABAD, UTTAR PRADESH
Website : www.mapsvasundhara.edu.in"
995,"Aff. No. :2130721
Sch. Code:60325","State : UTTAR PRADESH
District : GHAZIABAD",Senior Secondary Level,"Name : NAV JEEWAN MODEL SCHOOL
Head/Principal Name: SUNITA DIXIT","Address : DLF ANKUR VIHAR LONI GHAZIABAD UP
Website : www.njmsss.com"
996,"Aff. No. :2130905
Sch. Code:60412","State : UTTAR PRADESH
District : GHAZIABAD",Senior Secondary Level,"Name : L.K INTERNATIONAL SCHOOL,
Head/Principal Name: USHA SHARMA","Address : KAZIPURA, NH-24, GHAZIABAD
Website : www.lkinternationalschool.in"
997,"Aff. No. :2130907
Sch. Code:60253","State : UTTAR PRADESH
District : GHAZIABAD",Senior Secondary Level,"Name : LEELAWATI PUBLIC SCHOOL
Head/Principal Name: SAPNA GUPTA","Address : 12 GMP PRATAP VIHAR
Website : https://leelawatipublicschool.co.in/"
998,"Aff. No. :2130884
Sch. Code:60398","State : UTTAR PRADESH
District : GHAZIABAD",Senior Secondary Level,"Name : AMITY INTERNATIONAL SCHOOL
Head/Principal Name: SUNILA ATHLEY","Address : H S -1 SECTOR -6, VASUNDHARA YOJNA
Website : https://amityschools.in/aisv6/"
999,"Aff. No. :2130886
Sch. Code:60399","State : UTTAR PRADESH
District : GHAZIABAD",Senior Secondary Level,"Name : ST TERESA SCHOOL
Head/Principal Name: Renu Srivastava","Address : 12, SHAKTI KHAND II, INDRAPURAM, GHAZIABAD,
Website : www.stteresaschool.in"
1000,"Aff. No. :2130877
Sch. Code:60395","State : UTTAR PRADESH
District : GHAZIABAD",Secondary Level,"Name : ST MARY'S SCHOOL
Head/Principal Name: SARITA MALIK","Address : K BLOCK, GARIMA GARDEN PASONDA GHAZIABAD UTTAR PRADESH
Website : www.stmarysschoolsbd.com"
1001,"Aff. No. :2130871
Sch. Code:60389","State : UTTAR PRADESH
District : GHAZIABAD",Senior Secondary Level,"Name : SUMMER FIELD PUBLIC SCHOOL
Head/Principal Name: RASHMI GLORY","Address : PO GOVIND PURI MODI NAGAR GHAZIABAD UTTAR PRADESH
Website : www.summerfieldeducation.in"
1002,"Aff. No. :2130937
Sch. Code:60428","State : UTTAR PRADESH
District : GHAZIABAD",Senior Secondary Level,"Name : INDIRAPURAM PUBLIC SCHOOL
Head/Principal Name: MADHUKAR PRIYA","Address : C-BLOCK, SECTOR 12, PRATAP VIHAR, DISTT GHAZIABAD, UTTAR PRADESH
Website : www.indirapuramschool.com"
1003,"Aff. No. :2130960
Sch. Code:60438","State : UTTAR PRADESH
District : GHAZIABAD",Senior Secondary Level,"Name : AUM SUN PUBLIC SCHOOL
Head/Principal Name: DR POORNIMA VARSHNEY","Address : DELHI MEERUT ROAD, MURAD NAGAR, GHAZIABAD
Website : www.aumsunschool.in"
1004,"Aff. No. :2130983
Sch. Code:60445","State : UTTAR PRADESH
District : GHAZIABAD",Senior Secondary Level,"Name : PADAMSHREE N.N. MOHAN PUBLIC SCHOOL
Head/Principal Name: SHASHI SHARMA","Address : MOHAN NAGAR KARAMCHARI SEHKARI AWAS SIMITI, SECTOR-5, VASUNDHRA, GHAZIABAD
Website : www.pnnmohanschool.com"
1005,"Aff. No. :2130932
Sch. Code:60424","State : UTTAR PRADESH
District : GHAZIABAD",Senior Secondary Level,"Name : VANASTHALI PUBLIC SCHOOL
Head/Principal Name: SHASHI JAIN","Address : SECTOR-3 VASUNDRA, GHAZIABAD, UTTAR PRADESH
Website : www.vanasthalischool.in"
1006,"Aff. No. :2130922
Sch. Code:60417","State : UTTAR PRADESH
District : GHAZIABAD",Senior Secondary Level,"Name : C. S. H. P. PUBLIC SCHOOL
Head/Principal Name: MAMTA SHARMA","Address : G - BLOCK, SEC 11, PRATAP VIHAR, GHAZIABAD, UTTAR PRADESH
Website : www.cshpschool.com"
1007,"Aff. No. :2130375
Sch. Code:60169","State : UTTAR PRADESH
District : GHAZIABAD",Senior Secondary Level,"Name : DLF PUBLIC SCHOOL
Head/Principal Name: Seema Jerath","Address : SECTOR II RAJINDER NAGAR SAHIBABAD GHAZIABAD
Website : www.dlps.co.in"
1008,"Aff. No. :2130379
Sch. Code:60171","State : UTTAR PRADESH
District : GHAZIABAD",Senior Secondary Level,"Name : DURGAWATI HEMRAJ TAH SARASWATI VIDYA MANDIR
Head/Principal Name: VIPIN KUMAR","Address : NEHRU NAGAR GHAZIABAD UTTAR PRADESH
Website : https://dhtsvmnehrunagar.org/"
1009,"Aff. No. :2130408
Sch. Code:60183","State : UTTAR PRADESH
District : GHAZIABAD",Senior Secondary Level,"Name : EVEREST PUBLIC SCHOOL
Head/Principal Name: PRITI SHARMA","Address : SHALIMAR GARDEN SHAHIBABAD GHAZIABAD UTTAR PRADESH
Website : www.everestpublicschool.com"
1010,"Aff. No. :2130416
Sch. Code:60187","State : UTTAR PRADESH
District : GHAZIABAD",Senior Secondary Level,"Name : P C INSTITUTE
Head/Principal Name: RUCHI SHARMA","Address : NANDGRAM NOORNAGAR GHAZIABAD UTTAR PRADESH
Website : https://www.pcinstitute.co.in/"
1011,"Aff. No. :2130434
Sch. Code:60194","State : UTTAR PRADESH
District : GHAZIABAD",Senior Secondary Level,"Name : MOTHER INDIA PUBLIC SCHOOL
Head/Principal Name: SUSHMA TYAGI","Address : B-BLOCK NANDGRAM GHAZIABAD UTTAR PRADESH
Website : www.motherindiapublicschool.com"
1012,"Aff. No. :2130435
Sch. Code:60195","State : UTTAR PRADESH
District : GHAZIABAD",Senior Secondary Level,"Name : S B N PUBLIC SCHOOL
Head/Principal Name: TARUN RAWAT","Address : NAND GRAM GHAZIABAD UTTAR PRADESH
Website :"
1013,"Aff. No. :2130348
Sch. Code:60156","State : UTTAR PRADESH
District : GHAZIABAD",Senior Secondary Level,"Name : SWAMI VIVEKANAND SARASWATI VIDYA
Head/Principal Name: JAGDISH RAGHUVANSHI","Address : MANDIR SHAHIBABAD GHAZIABAD UTTAR PRADESH
Website : www.svsvm.org"
1014,"Aff. No. :2130361
Sch. Code:60163","State : UTTAR PRADESH
District : GHAZIABAD",Senior Secondary Level,"Name : BAL JYOTI PUBLIC SCHOOL
Head/Principal Name: SUNITA VERMA","Address : LAL KUAN G T ROADP.O.SHAHPUR BAMHETA GHAZIABAD UTTAR PRADESH
Website : www.baljyoti.com"
1015,"Aff. No. :2130297
Sch. Code:60138","State : UTTAR PRADESH
District : GHAZIABAD",Senior Secondary Level,"Name : NEW ADARSH PUB SCHOOL
Head/Principal Name: SUNIL KUMAR BAJPAI","Address : TEELA SEHBAJPUR LONI GHAZIABAD UTTAR PRADESH
Website : www.napsloni-gzb.in"
1016,"Aff. No. :2130300
Sch. Code:62011","State : UTTAR PRADESH
District : GHAZIABAD",Senior Secondary Level,"Name : POLICE MODERN SCHOOL
Head/Principal Name: ASHOK KUMAR SHUKLA","Address : RESERVE POLICE LINES GHAZIABAD UTTAR PRADESH
Website : www.pmspoliceline.com"
1017,"Aff. No. :2130314
Sch. Code:60144","State : UTTAR PRADESH
District : GHAZIABAD",Senior Secondary Level,"Name : CHAUDHARY CHARAN SINGH MEMORIAL PUBLIC SCHOOL
Head/Principal Name: RUCHI SAXENA","Address : SHYAM PARK SAHIBABAD GHAZIABAD UTTAR PRADESH
Website : https://chaudharycharansinghschool.in/"
1018,"Aff. No. :2130624
Sch. Code:60276","State : UTTAR PRADESH
District : GHAZIABAD",Senior Secondary Level,"Name : NEW ERA SCHOOL
Head/Principal Name: Kiran Dilwal","Address : 345, B S ROAD PANDAV NAGAR NEAR RTO GHAZIABAD UTTAR PRADESH
Website : www.neweraschool.co.in"
1019,"Aff. No. :2130618
Sch. Code:60273","State : UTTAR PRADESH
District : GHAZIABAD",Senior Secondary Level,"Name : SHILVER SHINE SCHOOL
Head/Principal Name: NA","Address : D 3 MAHENDRA ENCLAVE GHAZIABAD UTTAR PRADESH
Website : www.esilvershine.in"
1020,"Aff. No. :2130620
Sch. Code:60274","State : UTTAR PRADESH
District : GHAZIABAD",Senior Secondary Level,"Name : DEHRADUN PUBLIC SCHOOL
Head/Principal Name: RENUKA SHARMA","Address : I BLOCK GOVIND PURAM GHAZIABAD UTTAR PRADESH
Website : www.ddps.in"
1021,"Aff. No. :2130599
Sch. Code:60265","State : UTTAR PRADESH
District : GHAZIABAD",Senior Secondary Level,"Name : RYAN INTERNATIONAL SCHOOL
Head/Principal Name: ANJU SHARMA","Address : A-I UDYOG KUNJ HAPUR DELHI BYE PASS ROAD GHAZIABAD UTTAR PRADESH
Website : www.ryaninternational.org/risghaziabad/"
1022,"Aff. No. :2130586
Sch. Code:60259","State : UTTAR PRADESH
District : GHAZIABAD",Senior Secondary Level,"Name : SHRI GURU RAM RAI PUBLIC SCHOOL
Head/Principal Name: ANIL KUMAR KANDWAL","Address : D BLOCK GOVINDPURAM HAPUR ROAD DISTT GHAZIABAD UTTAR PRADESH
Website : http://www.sgrrghaziabad.com"
1023,"Aff. No. :2130583
Sch. Code:60257","State : UTTAR PRADESH
District : GHAZIABAD",Senior Secondary Level,"Name : KUSUM GOEL DR SANTOSH SARASWATI
Head/Principal Name: PANKAJ KUMAR","Address : VIDYA MANDIR R-9/175 RAJ NAGAR GHAZIABAD UTTAR PRADESH
Website : www.saraswatividyamandirrajnagar.in"
1024,"Aff. No. :2130565
Sch. Code:60247","State : UTTAR PRADESH
District : GHAZIABAD",Senior Secondary Level,"Name : BAL BARI PUBLIC SCHOOL
Head/Principal Name: NEERU JOSHI","Address : G.T. ROAD, KADRABAD MODI NAGAR UTTAR PRADESH
Website : www.bbpsmodinagar.co.in"
1025,"Aff. No. :2130566
Sch. Code:60248","State : UTTAR PRADESH
District : GHAZIABAD",Senior Secondary Level,"Name : GEETA SANJAY MEMORIAL PUB SCHOOL
Head/Principal Name: ALKA SINGHAL","Address : B BLOCK LOHIA NAGAR GHAZIABAD UTTAR PRADESH
Website : www.gsmghaziabad.com"
1026,"Aff. No. :2130572
Sch. Code:60252","State : UTTAR PRADESH
District : GHAZIABAD",Senior Secondary Level,"Name : ST THOMAS SCHOOL
Head/Principal Name: BINDU ELIZABETH KOSHY","Address : GYAN KHAND II INDIRA PURAM GHAZIABAD UTTAR PRADESH
Website : https://ind.stthomasghaziabad.org"
1027,"Aff. No. :2130534
Sch. Code:60234","State : UTTAR PRADESH
District : GHAZIABAD",Senior Secondary Level,"Name : D P MODERN PUBLIC SCHOOL
Head/Principal Name: VIVEK KUMAR","Address : RAM PARK LONI GHAZIABAD UTTAR PRADESH
Website : http://www.mgneducationaltrust.org"
1028,"Aff. No. :2130537
Sch. Code:60235","State : UTTAR PRADESH
District : GHAZIABAD",Senior Secondary Level,"Name : SANSKAR THE CO EDUCATIONAL SCHOOL
Head/Principal Name: CHHAYA AGARWAL","Address : B-14 B S ROAD ADJ RTO INDUSTRIAL AREA GHAZIABAD UTTAR PRADESH
Website : www.sanskar.org"
1029,"Aff. No. :2130465
Sch. Code:60208","State : UTTAR PRADESH
District : GHAZIABAD",Senior Secondary Level,"Name : DELHI PUBLIC SCHOOL
Head/Principal Name: Vinod Kumar","Address : VASUNDHARA GHAZIABAD UTTAR PRADESH
Website : www.dpsgs.org/vasundhara"
1030,"Aff. No. :2130467
Sch. Code:62012","State : UTTAR PRADESH
District : GHAZIABAD",Senior Secondary Level,"Name : POLICE MODERN SCHOOL
Head/Principal Name: PRACHI JAIN","Address : 41 BATALLION PAC GHAZIABAD UTTAR PRADESH
Website : www.pms41bnv.com"
1031,"Aff. No. :2130482
Sch. Code:60212","State : UTTAR PRADESH
District : GHAZIABAD",Senior Secondary Level,"Name : SILVER LINE PRESTIGE SCHOOL
Head/Principal Name: GITA JOSHI","Address : A-2/1 BULANDSHAR ROAD INDUSTRIAL AREA GHAZIABAD UTTAR PRADESH
Website : www.silverlineprestigeschool.com"
1032,"Aff. No. :2130490
Sch. Code:60216","State : UTTAR PRADESH
District : GHAZIABAD",Senior Secondary Level,"Name : S G PUBLIC SCHOOL
Head/Principal Name: KAVITA KEHRI","Address : SECTOR 15 VASUNDHARA GHAZIABAD UTTAR PRADESH
Website : www.sgpublicschool.in"
1033,"Aff. No. :2130456
Sch. Code:60205","State : UTTAR PRADESH
District : GHAZIABAD",Senior Secondary Level,"Name : MODERN ACADEMY
Head/Principal Name: Sadhna Chaudhary","Address : SIKRI KALAN MEERUT ROAD MODI NAGAR, DISTT GHAZIABAD, UTTAR PRADESH
Website : http://modernacademymodinagar.in"
1034,"Aff. No. :2130486
Sch. Code:60214","State : UTTAR PRADESH
District : GHAZIABAD",Senior Secondary Level,"Name : ST MARY S CHRISTIAN SCHOOL
Head/Principal Name: Raksha Jaiswal","Address : SHALIMAR GARDEN SAHIBABAD GHAZIABAD UTTAR PRADESH
Website : https://www.smcs.co.in"
1035,"Aff. No. :2130217
Sch. Code:60100","State : UTTAR PRADESH
District : GHAZIABAD",Senior Secondary Level,"Name : CH CHHABIL DASS PUBLIC SCHOOL
Head/Principal Name: TRIPTI MAWRI","Address : B BLOCK PATEL NAGAR II GHAZIABAD UTTAR PRADESH
Website : http://ccdps.in"
1036,"Aff. No. :2130226
Sch. Code:60104","State : UTTAR PRADESH
District : GHAZIABAD",Senior Secondary Level,"Name : GREENLAND ACADEMY
Head/Principal Name: SHILPI","Address : MODINAGAR, DISTT GHAZIABAD, UTTAR PRADESH
Website : www.greenlandacademy.in"
1037,"Aff. No. :2130205
Sch. Code:60094","State : UTTAR PRADESH
District : GHAZIABAD",Secondary Level,"Name : LAL BAHADUR SHASTRI SAINIK SEC SCH
Head/Principal Name: VIBHA CHUTANI","Address : KAVI NAGAR GHAZIABAD UTTAR PRADESH
Website : www.lbssschool.com"
1038,"Aff. No. :2130206
Sch. Code:60095","State : UTTAR PRADESH
District : GHAZIABAD",Senior Secondary Level,"Name : D A V PUBLIC SCHOOL
Head/Principal Name: DR CINNY MALHOTRA","Address : P BLOCK, SECTOR-XII, PRATAP VIHAR, GHAZIABAD (UTTAR PRADESH)
Website : http://davpvghaziabad.edu.in"
1039,"Aff. No. :2130237
Sch. Code:60109","State : UTTAR PRADESH
District : GHAZIABAD",Senior Secondary Level,"Name : DIWAKAR MODEL SCHOOL
Head/Principal Name: DR SHILPA TYAGI","Address : SHYAM PARK EXTENTION SAHIBABAD DISTT. GHAZIABAD UTTAR PRADESH
Website : www.diwakarmodelschool.in"
1040,"Aff. No. :2130252
Sch. Code:60116","State : UTTAR PRADESH
District : GHAZIABAD",Senior Secondary Level,"Name : GREEN FIELD PUBLIC SCHOOL
Head/Principal Name: SUNITA AGNIHOTRI","Address : SECTOR 23 SANJAY NAGAR GHAZIABAD UTTAR PRADESH
Website : www.greenfieldgzb.org"
1041,"Aff. No. :2130263
Sch. Code:60123","State : UTTAR PRADESH
District : GHAZIABAD",Secondary Level,"Name : ST. THOMAS SCHOOL
Head/Principal Name: DIOUS MATHAI","Address : SECTOR-IV LAJPAT NAGAR SAHIBABAD GHAZIABAD UTTAR PRADESH
Website : https://sahib.stthomasghaziabad.org/"
1042,"Aff. No. :2130270
Sch. Code:60125","State : UTTAR PRADESH
District : GHAZIABAD",Senior Secondary Level,"Name : MAHARISHI VIDYA MANDIR
Head/Principal Name: VIMAL KUMAR","Address : ABUPUR MODINAGAR UTTAR PRADESH
Website :"
1043,"Aff. No. :2130231
Sch. Code:60106","State : UTTAR PRADESH
District : GHAZIABAD",Senior Secondary Level,"Name : C S H P MEMORIAL PUBLIC SCHOOL
Head/Principal Name: ALKA GARG","Address : OPP. JAIN TUBE CO. MEERUT ROAD GHAZIABAD UTTAR PRADESH
Website : www.cshptheschool.com"
1044,"Aff. No. :2130279
Sch. Code:60129","State : UTTAR PRADESH
District : GHAZIABAD",Senior Secondary Level,"Name : UTTAM SCHOOL FOR GIRLS
Head/Principal Name: SHARMILA RAHEJA","Address : B-BLOCK SHASTRI NAGAR GHAZIABAD UTTAR PRADESH
Website : www.uttamschool.org"
1045,"Aff. No. :2130280
Sch. Code:60130","State : UTTAR PRADESH
District : GHAZIABAD",Senior Secondary Level,"Name : SHRI THAKUR DWARA BALIKA VIDYALAYA
Head/Principal Name: POONAM SHARMA","Address : G T ROAD GHAZIABAD UTTAR PRADESH
Website : www.thakurdwaraschool.com"
1046,"Aff. No. :2130169
Sch. Code:60074","State : UTTAR PRADESH
District : GHAZIABAD",Senior Secondary Level,"Name : D A V CENTENARY PUBLIC SCHOOL
Head/Principal Name: Meenakshi Gaur","Address : D-BLOCK CHANDER NAGAR GHAZIABAD UTTAR PRADESH
Website : http://www.davcpscn.com"
1047,"Aff. No. :2130175
Sch. Code:60078","State : UTTAR PRADESH
District : GHAZIABAD",Senior Secondary Level,"Name : JKG INTERNATIONAL SCHOOL
Head/Principal Name: ANJU GAUR","Address : B-BLOCK VIJAY NAGAR SECTOR-9 GHAZIABAD UTTAR PRADESH- 201 009
Website : www.jkgisv.com"
1048,"Aff. No. :2130188
Sch. Code:60082","State : UTTAR PRADESH
District : GHAZIABAD",Senior Secondary Level,"Name : CHILDREN'S ACADEMY
Head/Principal Name: KAMLESH RANA","Address : VIJAY NAGAR SECTOR - IX GHAZIABAD UTTAR PRADESH
Website : www.childrensacademy.irg.in"
1049,"Aff. No. :2130195
Sch. Code:60087","State : UTTAR PRADESH
District : GHAZIABAD",Senior Secondary Level,"Name : CHHAYA PUBLIC SCHOOL
Head/Principal Name: Arun Kumar Tyagi","Address : DELHI MEERUT ROAD MODINAGAR, DIST GHAZIABAD UTTAR PRADESH
Website : www.chhayapublicschool.org"
1050,"Aff. No. :2130202
Sch. Code:60092","State : UTTAR PRADESH
District : GHAZIABAD",Senior Secondary Level,"Name : NATIONAL PUBLIC SCHOOL
Head/Principal Name: Reena Sharma","Address : SECTOR-III BLOCK-8 RAJENDRA NAGAR SAHIBABAD GHAZIABAD UTTAR PRADESH
Website : www.nationalpublicschool.org.in"
1051,"Aff. No. :2130145
Sch. Code:60061","State : UTTAR PRADESH
District : GHAZIABAD",Senior Secondary Level,"Name : SEWA BHARTI SEWA DHAM VIDYA MANDIR
Head/Principal Name: Vimal Kumar Singh","Address : BAHOTA HAZIPUR POST MANDOLI DISTT.GHAZIABAD UTTAR PRADESH
Website :"
1052,"Aff. No. :2130147
Sch. Code:60062","State : UTTAR PRADESH
District : GHAZIABAD",Senior Secondary Level,"Name : PLATINUM VALLEY INTERNATIONAL SCHOOL
Head/Principal Name: JYOTI SAXENA","Address : C BLOCK SURYA NAGAR GHAZIABAD UTTAR PRADESH
Website : www.platinumvalleyschool.com"
1053,"Aff. No. :2130153
Sch. Code:60066","State : UTTAR PRADESH
District : GHAZIABAD",Senior Secondary Level,"Name : GHAZIABAD PUBLIC SCHOOL
Head/Principal Name: DR BHAVNA YADAV","Address : II-C NEHRU NAGAR GHAZIABAD UTTAR PRADESH
Website : www.onlinegps.in"
1054,"Aff. No. :2130155
Sch. Code:60067","State : UTTAR PRADESH
District : GHAZIABAD",Senior Secondary Level,"Name : NEHRU WORLD SCHOOL
Head/Principal Name: MANJULA","Address : E BLOCK SHASTRI NAGAR GHAZIABAD UTTAR PRADESH
Website : www.nehruworldschool.com"
1055,"Aff. No. :2130156
Sch. Code:60068","State : UTTAR PRADESH
District : GHAZIABAD",Senior Secondary Level,"Name : GREENLAND PUBLIC SCHOOL
Head/Principal Name: PRAVEEN RAJ TYAGI","Address : DUHAI GHAZIABAD UTTAR PRADESH
Website :"
1056,"Aff. No. :2130128
Sch. Code:60054","State : UTTAR PRADESH
District : GHAZIABAD",Senior Secondary Level,"Name : RAM KISHAN INSTITUTE
Head/Principal Name: NAMITA SHARMA","Address : SECTOR 23 SANJAY NAGAR GHAZIABAD UTTAR PRADESH
Website : www.rkigzb.com"
1057,"Aff. No. :2130120
Sch. Code:60048","State : UTTAR PRADESH
District : GHAZIABAD",Senior Secondary Level,"Name : GREEN FIELDS PUBLIC SCHOOL
Head/Principal Name: Kiran B Kumar","Address : CHANDER NAGAR C-BLOCK GHAZIABAD UTTAR PRADESH
Website : www.greenfieldspublicschool.net"
1058,"Aff. No. :2130122
Sch. Code:60049","State : UTTAR PRADESH
District : GHAZIABAD",Senior Secondary Level,"Name : DAV PUBLIC SCHOOL
Head/Principal Name: ANINDITA SARKAR","Address : BEL COLONY BRIJ VIHAR GHAZIABAD UTTAR PRADESH
Website : www.davbrijvihar.com"
1059,"Aff. No. :2130123
Sch. Code:60050","State : UTTAR PRADESH
District : GHAZIABAD",Senior Secondary Level,"Name : BAL BHARTI PUBLIC SCHOOL
Head/Principal Name: SANJAY RAGHAV OFFICIATING PRINCIPAL","Address : BRIJ VIHAR P.O. CHANDER NAGAR DISTT GHAZIABAD UTTAR PRADESH
Website : bbpsbrijvihar@balbharati.org"
1060,"Aff. No. :2130049
Sch. Code:60015","State : UTTAR PRADESH
District : GHAZIABAD",Senior Secondary Level,"Name : TULSIRAM MAHESHWARI PUBLIC SCHOOL, MODINAGAR
Head/Principal Name: RAJNI OHRI","Address : MODINAGAR, DISTT GHAZIABAD, UTTAR PRADESH
Website : www.trmpmodinagar.com"
1061,"Aff. No. :2130023
Sch. Code:60008","State : UTTAR PRADESH
District : GHAZIABAD",Senior Secondary Level,"Name : K D B PUBLIC SCHOOL
Head/Principal Name: NIVEDITA RANA","Address : OLD KAVI NAGAR GHAZIABAD UTTAR PRADESH
Website : www.kdbps.edu.in"
1062,"Aff. No. :2130020
Sch. Code:60006","State : UTTAR PRADESH
District : GHAZIABAD",Senior Secondary Level,"Name : DAYAWATI MODI PUBLIC SCHOOL
Head/Principal Name: VIJENDRA KUMAR RANA","Address : OPP. MOTI PON LTD MODINAGAR GHAZIABAD DISTT UTTAR PRADESH
Website : www.dmpsmodinagar.com"
1063,"Aff. No. :2130107
Sch. Code:60041","State : UTTAR PRADESH
District : GHAZIABAD",Senior Secondary Level,"Name : DEEP MEMORIAL PUBLIC SCHOOL
Head/Principal Name: PRAMOD KUMAR","Address : RAMPRASTHA, P.O.-CHANDER NAGAR, GHAZIABAD-201 011, UP
Website : www.dmps.asia"
1064,"Aff. No. :2130115
Sch. Code:60044","State : UTTAR PRADESH
District : GHAZIABAD",Senior Secondary Level,"Name : SCHILLER INSTITUTE
Head/Principal Name: Manju Swami","Address : R-6/GMP RAJ NAGAR GHAZIABAD UTTAR PRADESH
Website : www.schillerschool.com"
1065,"Aff. No. :2130063
Sch. Code:60020","State : UTTAR PRADESH
District : GHAZIABAD",Senior Secondary Level,"Name : DELHI PUBLIC SCHOOL
Head/Principal Name: PRITI WASON","Address : SITE NO 3 MEERUT ROAD GHAZIABAD UTTAR PRADESH
Website : www.dpsgs.org/ghaziabad/"
1066,"Aff. No. :2130068
Sch. Code:60021","State : UTTAR PRADESH
District : GHAZIABAD",Senior Secondary Level,"Name : DEHRADUN PUBLIC SCHOOL
Head/Principal Name: PRIYANKA CHAUDHARY","Address : SANJAY NAGAR SECT 23 GHAZIABAD UTTAR PRADESH
Website : www.ddps.in"
1067,"Aff. No. :2130069
Sch. Code:60022","State : UTTAR PRADESH
District : GHAZIABAD",Senior Secondary Level,"Name : D A V PUBLIC SCHOOL
Head/Principal Name: Monika Mehan","Address : SECTOR II T H A RAJINDER NAGAR P O SAHIBABAD GHAZIABAD UTTAR PRADESH
Website : www.davpssahibabad.org"
1068,"Aff. No. :2100034
Sch. Code:64013","State : UTTAR PRADESH
District : GHAZIABAD",Senior Secondary Level,"Name : PM SHRI KENDRIYA VIDYALAYA ORDNANCE FACTORY MURADNAGAR
Head/Principal Name: MANOJ KUMAR","Address : O F MURADNAGAR GHAZIABAD DISTT UTTAR PRADESH
Website : www.muradnagar.kvs.ac.in"
1069,"Aff. No. :2100040
Sch. Code:64014","State : UTTAR PRADESH
District : GHAZIABAD",Senior Secondary Level,"Name : PM SHRI KENDRIYA VIDYALAYA
Head/Principal Name: ARUN SHARMA","Address : KAMLA NEHRU NAGAR GHAZIABAD UTTAR PRADESH
Website : http://ghaziabad.kvs.ac.in"
1070,"Aff. No. :2100042
Sch. Code:64015","State : UTTAR PRADESH
District : GHAZIABAD",Senior Secondary Level,"Name : PM SHRI KENDRIYA VIDYALAYA NO 2
Head/Principal Name: ANIL KUMAR JAIN","Address : AIR FORCE STATION HINDON GHAZIABAD UTTAR PRADESH
Website : https://no2hindon.kvs.ac.in"
1071,"Aff. No. :2100011
Sch. Code:64006","State : UTTAR PRADESH
District : GHAZIABAD",Senior Secondary Level,"Name : PM SHRI KENDRIYA VIDYALAYA NO 1
Head/Principal Name: MUNNA LAL","Address : AIR FORCE STATION HINDON DISTT GHAZIABAD UTTAR PRADESH
Website : https://no1hindon.kvs.ac.in/"
1072,"Aff. No. :2120178
Sch. Code:62106","State : UTTAR PRADESH
District : GHAZIABAD",Senior Secondary Level,"Name : GOVT ORDNANCE FACTORY INTER COLLEGE MURADNAGAR
Head/Principal Name: Shivnandan Tiwari","Address : ORDNANCE FACTORY ESTATE, MURADNAGAR, TAHSIL MODINAGAR
Website : www.goficmuradnagar.com"
1073,"Aff. No. :2100104
Sch. Code:64032","State : UTTAR PRADESH
District : HATHRAS",Senior Secondary Level,"Name : PM SHRI KENDRIYA VIDYALAYA HATHRAS
Head/Principal Name: MAHA BHARAT SINGH","Address : HATHRAS, TALAB CHAURAHA, OLD COLLECTATE BUILDING, HATHRAS, UTTAR PRADESH
Website : https://hathras.kvs.ac.in/"
1074,"Aff. No. :2130061
Sch. Code:60019","State : UTTAR PRADESH
District : HATHRAS",Senior Secondary Level,"Name : ST. FRANCIS INTER COLLEGE
Head/Principal Name: FR PRAKASH D SOUZA","Address : THAMNA GHADI, DISTT HATHRAS, UTTAR PRADESH
Website : https://stfrancishathras.org/"
1075,"Aff. No. :2130320
Sch. Code:60147","State : UTTAR PRADESH
District : HATHRAS",Senior Secondary Level,"Name : RAJENDRA LOHIA VIDYA MANDIR
Head/Principal Name: KAPIL BHATIA","Address : BESANT VIEW ALIGARH ROAD HATRAS UTTAR PRADESH
Website : http://www.rlvm.co.in"
1076,"Aff. No. :2130972
Sch. Code:60439","State : UTTAR PRADESH
District : HATHRAS",Senior Secondary Level,"Name : AMOL CHAND PUBLIC SCHOOL
Head/Principal Name: ANOOP CHAND","Address : G.T. ROAD, DISTT HATHRAS, UTTAR PRADESH
Website : www.amolchandpublicschool.com"
1077,"Aff. No. :2130819
Sch. Code:60371","State : UTTAR PRADESH
District : HATHRAS",Senior Secondary Level,"Name : ST VIVEKANAND PUBLIC SCHOOL
Head/Principal Name: DR JAGDISH SHARMA","Address : SADABAD HATHRAS UP
Website : www.svpssadabad.org"
1078,"Aff. No. :2130713
Sch. Code:60323","State : UTTAR PRADESH
District : HATHRAS",Senior Secondary Level,"Name : CENTRAL PUBLIC SCHOOL
Head/Principal Name: Devendra Kumar","Address : HATHRAS ROAD NEAR SYNDICATE BANK SADABAD, HATHRAS, MAHAMAYA NAGAR UP
Website : www.cpssadabad.com"
1079,"Aff. No. :2130766
Sch. Code:60347","State : UTTAR PRADESH
District : HATHRAS",Senior Secondary Level,"Name : R P M PUBLIC SCHOOL
Head/Principal Name: VIJAY KUMAR PACHAURI","Address : KOTA ROAD HATHRAS UP
Website : https://www.rpmpublicschool.co.in/"
1080,"Aff. No. :2130813
Sch. Code:60366","State : UTTAR PRADESH
District : HATHRAS",Senior Secondary Level,"Name : SEKSARIA SUSHILA DEVI PUBLIC SCHOOL
Head/Principal Name: Babita Seth","Address : AGRA ROAD GIJROLI HATHRAS UP
Website : www.ssdps.in"
1081,"Aff. No. :2131207
Sch. Code:60541","State : UTTAR PRADESH
District : HATHRAS",Senior Secondary Level,"Name : UNION PUBLIC SCHOOL
Head/Principal Name: ARSHI AZIZ","Address : VIJAY GARH ROAD SASNI, DISTT HATHRAS, UTTAR PRADESH
Website : www.upssasni.com"
1082,"Aff. No. :2131263
Sch. Code:60569","State : UTTAR PRADESH
District : HATHRAS",Senior Secondary Level,"Name : SAIEMA MANSOOR PUBLIC SCHOOL,
Head/Principal Name: Mohammad Salman Qidwai","Address : P. O. PARSARA, DISTRICT HATHRAS(U.P.)-204101
Website : www.oursmps.com"
1083,"Aff. No. :2131257
Sch. Code:60563","State : UTTAR PRADESH
District : HATHRAS",Senior Secondary Level,"Name : BRIGHT CAREER PUBLIC SCHOOL
Head/Principal Name: Sunil Kumar Pachouri","Address : RUHERI,SASNI, HATHRAS,UP
Website : www.bcps.org.in"
1084,"Aff. No. :2131155
Sch. Code:60515","State : UTTAR PRADESH
District : HATHRAS",Senior Secondary Level,"Name : B.S.PUBLIC SCHOOL
Head/Principal Name: VIKRAM SINGH","Address : MURSAN ROAD SADABAD HATHRAS, UP
Website : www.bspssadabad.in"
1085,"Aff. No. :2131021
Sch. Code:60466","State : UTTAR PRADESH
District : HATHRAS",Senior Secondary Level,"Name : SHRI BALWANT SINGH PUBLIC SCHOOL
Head/Principal Name: SUBHASH CHANDRA SENGAR","Address : HATRAS-SIKANDRARAO ROAD, SALEMPUR,
Website : www.shribalwantsinghpublicschool.com"
1086,"Aff. No. :2131732
Sch. Code:60728","State : UTTAR PRADESH
District : HATHRAS",Senior Secondary Level,"Name : BABA SAUDAN SINGH VEERMATI DEVI PUBLIC SCHOOL
Head/Principal Name: JITENDRA SINGH RAWAT","Address : KURAWALI, LUHETA, HATHRAS
Website : www.bssvdps.com"
1087,"Aff. No. :2131763
Sch. Code:60739","State : UTTAR PRADESH
District : HATHRAS",Senior Secondary Level,"Name : RBS PUBLIC SCHOOL
Head/Principal Name: RAJESH YADAV","Address : SADABAD ROAD, SOGRA, MURSAN, HATHRAS (UP)
Website : www.rbsmursan.com"
1088,"Aff. No. :2131768
Sch. Code:60742","State : UTTAR PRADESH
District : HATHRAS",Senior Secondary Level,"Name : SEEMAX INTERNATIONAL SCHOOL
Head/Principal Name: PARUL SARASWAT","Address : VILLAGE-MEHMUDPUR BARSE, NH 93,SASNI,HATHRAS
Website : www.seemaxschool.co.in"
1089,"Aff. No. :2131651
Sch. Code:60700","State : UTTAR PRADESH
District : HATHRAS",Senior Secondary Level,"Name : D.C.PUBLIC SCHOOL
Head/Principal Name: BIMAL KISHORE SHARMA","Address : SADABAD MATHURA ROAD,INFRONT OF NAGLA CHAUDHARY GATE.
Website : www.dcpublicschool.in"
1090,"Aff. No. :2131917
Sch. Code:60805","State : UTTAR PRADESH
District : HATHRAS",Senior Secondary Level,"Name : BLS INTERNATIONAL SCHOOL
Head/Principal Name: VIDYA PRATIK BARTAKKE","Address : BLS INTERNATIONAL SCHOOL, OPPOSITE TEHSIL, ALIGARH ROAD
Website : www.blsinternationalschool.com"
1091,"Aff. No. :2131984
Sch. Code:60825","State : UTTAR PRADESH
District : HATHRAS",Secondary Level,"Name : SANT KARSHNI PUBLIC SCHOOL
Head/Principal Name: ANUJ KUMAR VERMA","Address : JALESAR ROAD,SADABAD,UP
Website : www.santkarshnipublicschool.in"
1092,"Aff. No. :2132270
Sch. Code:60937","State : UTTAR PRADESH
District : HATHRAS",Senior Secondary Level,"Name : DLP PUBLIC SCHOOL
Head/Principal Name: SUMIT PATHAK","Address : PATA KHAS CHAURAHA,SADABAD MURSAN ROAD
Website :"
1093,"Aff. No. :2133186
Sch. Code:61255","State : UTTAR PRADESH
District : HATHRAS",Senior Secondary Level,"Name : N L SR SEC SCHOOL
Head/Principal Name: MAHAVIR SINGH","Address : NEAR BASSAMRU TOLL PLAZA AGRA HATHRAS RD SADABAD
Website : http://www.nlseniorsecondaryschool.com"
1094,"Aff. No. :2133166
Sch. Code:61240","State : UTTAR PRADESH
District : HATHRAS",Senior Secondary Level,"Name : SHRI RADHA BIHARI PUBLIC SCHOOL
Head/Principal Name: GYANENDRA DATTA SHARMA","Address : BEHIND M.G. POLYTECHNIC, AGRA ROAD,HATHRAS
Website : http://srbpublicschool.com"
1095,"Aff. No. :2132945
Sch. Code:61186","State : UTTAR PRADESH
District : HATHRAS",Senior Secondary Level,"Name : DOON PUBLIC SCHOOL
Head/Principal Name: JUGAL KISHOR AGRAWAL","Address : DOON PUBLIC SCHOOL, OPPOSITE SAUBHAGYA FARM HOUSE, AGRA ROAD, HATHRAS
Website : https://doonpublicschoolhathras.org.in/"
1096,"Aff. No. :2132812
Sch. Code:61134","State : UTTAR PRADESH
District : HATHRAS",Secondary Level,"Name : S. B. MEMORIAL CHILDRENS ACADEMY
Head/Principal Name: Vikas Singh","Address : MITANPUR, HATHRAS
Website : www.sbmca.in"
1097,"Aff. No. :2132814
Sch. Code:61135","State : UTTAR PRADESH
District : HATHRAS",Senior Secondary Level,"Name : PAVNA SCHOOL HATHRAS
Head/Principal Name: NEENA CHAKU","Address : 8 KM. MILESTONE ON SH - 33, HATHRAS - MATHURA ROAD.
Website : www.pavnaschoolhathras.com"
1098,"Aff. No. :2132802
Sch. Code:61130","State : UTTAR PRADESH
District : HATHRAS",Senior Secondary Level,"Name : GLORY MODERN SCHOOL
Head/Principal Name: VIJAY KUMAR","Address : GLORY MODERN SCHOOL, NAGLA BIHARI ROAD, KASBA SAHPAU, SADABAD, HATHRAS
Website : www.glorymodern.com"
1099,"Aff. No. :2132286
Sch. Code:60946","State : UTTAR PRADESH
District : HATHRAS",Senior Secondary Level,"Name : LORD KRISHNA PUBLIC SCHOOL
Head/Principal Name: ARUN KUMAR SHARMA","Address : MATHURA ROAD HATHRAS UTTAR PRADESH,HATHRAS , 204101
Website : www.lordkrishnaschool.in"
1100,"Aff. No. :2132429
Sch. Code:60990","State : UTTAR PRADESH
District : HATHRAS",Secondary Level,"Name : SAINT MARUTI SCHOOL
Head/Principal Name: PANKAJ KUMAR GAUR","Address : VILL. NAUPURA, P.O. MAI, DIST. HATHRAS, TEH. SADABAD, UTTAR PRADESH PINCODE 281302
Website : www.saintmarutischool.in"
1101,"Aff. No. :2132393
Sch. Code:60978","State : UTTAR PRADESH
District : HATHRAS",Senior Secondary Level,"Name : M.J. PUBLIC SCHOOL
Head/Principal Name: MAHENDRA PAL SINGH","Address : LINK ROAD,GRAM-MADNAI,SADABAD,HATHRAS,UP
Website : www.mjpssadabad.com"
1102,"Aff. No. :2132463
Sch. Code:61003","State : UTTAR PRADESH
District : HATHRAS",Senior Secondary Level,"Name : RAJ KAMAL PUBLIC SCHOOL
Head/Principal Name: PRABHAT MOHAN BHARDWAJ","Address : SIKANDRARAO, DISTT.-HATHRAS
Website : www.rajkamalpublicsch.com"
1103,"Aff. No. :2132670
Sch. Code:61086","State : UTTAR PRADESH
District : HATHRAS",Secondary Level,"Name : SCSB INTERNATIONAL SCHOOL
Head/Principal Name: CHANDRA PRABHA","Address : 1 SCHOOL DRIVE
Website : www.scsbi.net"
1104,"Aff. No. :2132677
Sch. Code:61090","State : UTTAR PRADESH
District : HATHRAS",Secondary Level,"Name : K C EDUCATIONAL INSTITUTE
Head/Principal Name: KUSHAM LATA","Address : SAHPAU SADABAD HATHRAS
Website : www.kceischool.com"
1105,"Aff. No. :2132703
Sch. Code:61102","State : UTTAR PRADESH
District : HATHRAS",Senior Secondary Level,"Name : NARAYAN INTERNATIONAL SCHOOL
Head/Principal Name: Dr. Neetu Singh","Address : VILL-ABHAYPURA
Website : www.narayangroup.org"
1106,"Aff. No. :2133382
Sch. Code:61316","State : UTTAR PRADESH
District : HATHRAS",Senior Secondary Level,"Name : ABG GURUKULAM
Head/Principal Name: DR BARKHA GUPTA","Address : ABG GURUKULAM,MAHMOODPUR BARSESASNIHATHRAS
Website : https://abggurukulam.net/"
1107,"Aff. No. :2133338
Sch. Code:61308","State : UTTAR PRADESH
District : HATHRAS",Senior Secondary Level,"Name : SHRI MAKHAN LAL DAYA VATI PUBLIC INTER COLLEGE
Head/Principal Name: POONAM VARSHNEY","Address : SHYAM KUNJ, AGRA ROAD
Website : www.mldvpichathras.com"
1108,"Aff. No. :2133229
Sch. Code:61269","State : UTTAR PRADESH
District : HATHRAS",Senior Secondary Level,"Name : O M B INTERNATIONAL SCHOOL
Head/Principal Name: DEEPAK KUMAR","Address : HASAYAN, HATHRAS, U.P.
Website : https://ombschool.org/"
1109,"Aff. No. :2133489
Sch. Code:61361","State : UTTAR PRADESH
District : HATHRAS",Senior Secondary Level,"Name : THECAMBRIDGE INTERNATIONAL SCHOOL
Head/Principal Name: Mukesh Kumar Nagaich","Address : MANDU ROAD HATHRAS U P
Website : https://thecambridgeinternational.in"
1110,"Aff. No. :2133798
Sch. Code:61505","State : UTTAR PRADESH
District : HATHRAS",Senior Secondary Level,"Name : S R V INTERNATIONAL SCHOOL
Head/Principal Name: SUNIL CHAUDHARY","Address : KOTA , DISTRICT HATHRAS
Website : www.srvinternationalschoolkota.com"
1111,"Aff. No. :2134285
Sch. Code:61663","State : UTTAR PRADESH
District : HATHRAS",Secondary Level,"Name : GREEN VALLEY PUBLIC SCHOOL
Head/Principal Name: Mahima Rajpoot","Address : MAHASINGHPUR, KAILORA JALESAR ROAD, BAGHRAYA
Website : https://gvpshathras.edu.in"
1112,"Aff. No. :2134315
Sch. Code:61674","State : UTTAR PRADESH
District : HATHRAS",Secondary Level,"Name : VINEET PUBLIC SCHOOL
Head/Principal Name: TARACHAND AZAD","Address : VILLAGE -BAGHRAYA, POST OFFICE- BAGHRAYA, DISTRICT -HATHRAS
Website : www.vineetpublicschool.com"
1113,"Aff. No. :2134363
Sch. Code:61690","State : UTTAR PRADESH
District : HATHRAS",Senior Secondary Level,"Name : VISHNAVE GLOBAL SCHOOL
Head/Principal Name: ANKUR MITTAL","Address : 648/1, THULAI, HATHRAS SIKANDRARAO ROAD, HATHRAS
Website : www.vishnaveglobalschool.com"
1114,"Aff. No. :2134388
Sch. Code:61698","State : UTTAR PRADESH
District : HATHRAS",Secondary Level,"Name : ST FRANCIS SCHOOL
Head/Principal Name: SURESH KUMAR DSOUZA","Address : BADHAR, SADABAD, HATHRAS
Website : https://stfrancisschoolsadabad.in"
1115,"Aff. No. :2134650
Sch. Code:61785","State : UTTAR PRADESH
District : HATHRAS",Secondary Level,"Name : SBS UNION SCHOOL
Head/Principal Name: SEEMA SINGH","Address : VIJAY GARH ROAD SASNI DEHAT , TEHSIL SASNI, DISTRICT HATHRAS
Website : www.sbsunionschool.com"
1116,"Aff. No. :2134773
Sch. Code:61829","State : UTTAR PRADESH
District : HATHRAS",Secondary Level,"Name : ST THOMAS CHURCH SCHOOL
Head/Principal Name: SUNITA LALL","Address : VIJAYGARH ROAD, SASNI, DISTRICT HATHRAS
Website : www.saintthomaschurchschool.co.in"
1117,"Aff. No. :2134721
Sch. Code:61810","State : UTTAR PRADESH
District : HATHRAS",Secondary Level,"Name : SHRIMATI AMOL KUMARI BAL VIKAS JUNIOR HIGH SCHOOL
Head/Principal Name: KRISHNA KUMARI","Address : DHORPUR, HATHRAS JUNCTION, UTTAR PRADESH
Website : www.amolkumarischool.com"
1118,"Aff. No. :2140034
Sch. Code:64041","State : UTTAR PRADESH
District : HATHRAS",Senior Secondary Level,"Name : JAWAHAR NAVODAYA VIDYALAYA
Head/Principal Name: BHAGWAN SINGH","Address : AGSAULI HATHRAS DISTT UTTAR PRADESH
Website : https://navodaya.gov.in/nvs/nvs-school/HATHRAS/en/home/"
1119,"Aff. No. :2140046
Sch. Code:84062","State : UTTAR PRADESH
District : AMROHA",Senior Secondary Level,"Name : JAWAHAR NAVODAYA VIDYALAYA
Head/Principal Name: Dr. Yogendra Pal Singh","Address : VILLAGE & P.O. BASEDA TAGA, DISTT. J P NAGAR, AMROHA, UTTAR PRADESH
Website : https://www.navodaya.gov.in/nvs/nvs-school/JPNAGAR"
1120,"Aff. No. :2134813
Sch. Code:61837","State : UTTAR PRADESH
District : AMROHA",Secondary Level,"Name : SHAHEED BHAGAT SINGH INTERNATIONAL SCHOOL
Head/Principal Name: SHITANSHI CHAUDHARY","Address : DHANAURA-AMROHA ROAD,, VILLAGE- HALPURA, DISTRICT -AMROHA
Website : https://www.sbsinternationalschool.in/"
1121,"Aff. No. :2134626
Sch. Code:61776","State : UTTAR PRADESH
District : AMROHA",Secondary Level,"Name : S.L.J. PUBLIC SCHOOL
Head/Principal Name: SHIWANI TYAGI","Address : KNOWLEDGE PARK, HAKAMPUR,, TEHSIL- HASANPUR , DISTRICT - AMROHA
Website : www.sljpublicschool.com"
1122,"Aff. No. :2134567
Sch. Code:61756","State : UTTAR PRADESH
District : AMROHA",Senior Secondary Level,"Name : CHAUDHARY SUKH LAL SINGH ACADEMY
Head/Principal Name: ROMI KUMAR SHARMA","Address : STATION ROAD, , BACHHRAUN, , TEHSIL- DHANAURA
Website : https://www.cssacademy.in/"
1123,"Aff. No. :2134563
Sch. Code:61754","State : UTTAR PRADESH
District : AMROHA",Secondary Level,"Name : DEVPUTRA INTERNATIONAL SCHOOL
Head/Principal Name: Chandra Shekhar Singh","Address : BASTA ROAD VILLAGE BHOOTPURA, TEHSIL MANDI DHANAURA, POST LADANPUR DISTRICT AMROHA
Website : www.devputraschool.in"
1124,"Aff. No. :2134507
Sch. Code:61742","State : UTTAR PRADESH
District : AMROHA",Secondary Level,"Name : THE PRAYAS WORLD SCHOOL
Head/Principal Name: DR. PARUL MALIK","Address : DEEPPUR ROAD, HASANPUR, TEHSIL HASANPUR, DISTRICT AMROHA
Website : http://www.thepws.co.in/"
1125,"Aff. No. :2134288
Sch. Code:80203","State : UTTAR PRADESH
District : AMROHA",Senior Secondary Level,"Name : CAMPUS PUBLIC SCHOOL
Head/Principal Name: GURUCHARAN KAUR","Address : DARIYAPUR BUJURG, GAJRAULA, AMROHA
Website : www.campuspublicschool.com"
1126,"Aff. No. :2134208
Sch. Code:80182","State : UTTAR PRADESH
District : AMROHA",Secondary Level,"Name : MAHAVEER SINGH PUBLIC SCHOOL
Head/Principal Name: RAJEEV KUMAR BHARDWAJ","Address : VILL - NAURAHAN , POST - GAJANA, TEHSIL - NAUGAWAN SADAT, DISTRICT - AMROHA
Website : www ms-publicschool.in"
1127,"Aff. No. :2134264
Sch. Code:80194","State : UTTAR PRADESH
District : AMROHA",Senior Secondary Level,"Name : ST.ANTHONY'S SCHOOL
Head/Principal Name: Prabha Habil","Address : VILLAGE-RAHRAI, POST-RAHRA, HASANPUR GAWAN ROAD
Website : https://sasrahrai.com/"
1128,"Aff. No. :2133832
Sch. Code:80116","State : UTTAR PRADESH
District : AMROHA",Senior Secondary Level,"Name : SRS INTERNATIONAL SCHOOL
Head/Principal Name: Dharmendra Kumar Chaturvedi","Address : P.O. GAJRAULA, DISTT AMROHA
Website : https://www.srsintschool.com"
1129,"Aff. No. :2134029
Sch. Code:80147","State : UTTAR PRADESH
District : AMROHA",Senior Secondary Level,"Name : ST. JOHN'S CONVENT SCHOOL
Head/Principal Name: USHA RANI","Address : YAK BAGRI, GAJRAULA
Website : http://www.stjohnsgajraula.com/"
1130,"Aff. No. :2133940
Sch. Code:80127","State : UTTAR PRADESH
District : AMROHA",Senior Secondary Level,"Name : MILLENNIUM WORLD SCHOOL
Head/Principal Name: Jayoti Chakraborty","Address : CHAUDHARPUR, AMROHA
Website : https://mwsmbd.com"
1131,"Aff. No. :2133963
Sch. Code:80132","State : UTTAR PRADESH
District : AMROHA",Senior Secondary Level,"Name : K N PUBLIC SCHOOL
Head/Principal Name: JOLLY","Address : KOODI VIRAN, HASANPUR, AMROHA, KOODI VIRAN, HASANPUR, AMROHA
Website : https://knpublicschool.in/"
1132,"Aff. No. :2133975
Sch. Code:80134","State : UTTAR PRADESH
District : AMROHA",Senior Secondary Level,"Name : RADHA MADHAV GLOBAL SCHOOL
Head/Principal Name: Asha Kumar","Address : KAILSA , AMROHA
Website : http://www.radhamadhavschool.com"
1133,"Aff. No. :2133254
Sch. Code:81977","State : UTTAR PRADESH
District : AMROHA",Senior Secondary Level,"Name : SHEMFORD FUTURISTIC SCHOOL
Head/Principal Name: EKTA SINGH","Address : VILLAGE- NAIPURA, POST- RAJABPUR, ATRASI HASANPUR ROAD, AMROHA
Website : www.shemfordamroha.co.in"
1134,"Aff. No. :2133686
Sch. Code:80041","State : UTTAR PRADESH
District : AMROHA",Senior Secondary Level,"Name : OXFORD INTERNATIONAL SCHOOL
Head/Principal Name: PINKI OJHA","Address : NH-24, OPP-US FOODS, GAJRAULA DIST AMROHA-244235
Website : www.oisgajraula.com"
1135,"Aff. No. :2133742
Sch. Code:80058","State : UTTAR PRADESH
District : AMROHA",Secondary Level,"Name : J.V.INTERNATIONAL SCHOOL VILL TARAPUR GAJRAULA DHANAURA AMROHA UP PIN -244235
Head/Principal Name: HARISH KUMAR DWIVEDI","Address : J.V.INTERNATIONAL SCHOOL VILL TARAPUR GAJRAULA DHANAURA AMROHA UP PIN -244235
Website : https://jvinternationalschool.com"
1136,"Aff. No. :2133628
Sch. Code:80030","State : UTTAR PRADESH
District : AMROHA",Senior Secondary Level,"Name : Y.M.S. SR. SEC. SCHOOL, BACHHRAYUN ROAD MANDI DHANAURA,AMROHA,JYOTIBA PHULE NAGAR,244231
Head/Principal Name: AAKIL HUSSAIN","Address : Y.M.S.SR.SEC.PUBLIC SCHOOL,BACHHRON ROAD MANDI DHANAURA,AMROHA,JYOTIBA PHULE NAGAR,244231
Website : http://ymspublicschool.com"
1137,"Aff. No. :2133582
Sch. Code:80021","State : UTTAR PRADESH
District : AMROHA",Senior Secondary Level,"Name : SUNEEL KUMAR INTERNATIONAL ACADEMY
Head/Principal Name: SOUMYA BANERJEE","Address : KAMAL PALACE KE BARABAR WALI ROAD HASANPUR BAHAR CHNGI
Website : http://skiacademy.co.in/"
1138,"Aff. No. :2133575
Sch. Code:80019","State : UTTAR PRADESH
District : AMROHA",Secondary Level,"Name : SRIJAN PUBLIC SCHOOL
Head/Principal Name: SANJEEV KUMAR","Address : VILL-RAMPUR JUNNARDAR
Website : http://www.srijanrampur.com/"
1139,"Aff. No. :2132659
Sch. Code:81890","State : UTTAR PRADESH
District : AMROHA",Senior Secondary Level,"Name : BRIGHT LAND PUBLIC SCHOOL
Head/Principal Name: Neelofer Khan","Address : AHMADNAGAR AMROHA UTTAR PRADESH
Website : www.bpsamroha.in"
1140,"Aff. No. :2132621
Sch. Code:81885","State : UTTAR PRADESH
District : AMROHA",Secondary Level,"Name : SHAHANA BEGUM MUSLIM (S.B.M.) PUBLIC SCHOOL
Head/Principal Name: NAZIA KHAN","Address : JOYA ROAD
Website : www.sbmpublicschoolamroha.com"
1141,"Aff. No. :2132478
Sch. Code:81898","State : UTTAR PRADESH
District : AMROHA",Secondary Level,"Name : BILAL PUBLIC SCHOOL
Head/Principal Name: CHOUDHARY DANISH ALI","Address : ZAHOOR NAGAR UJHARI
Website : www.bilalpublicschool.co.in"
1142,"Aff. No. :2132490
Sch. Code:81907","State : UTTAR PRADESH
District : AMROHA",Senior Secondary Level,"Name : K. K. CHILDREN ACADEMY
Head/Principal Name: SACHIN KUMAR","Address : JOYA
Website : https://kkchildrenacademy.com"
1143,"Aff. No. :2132379
Sch. Code:81857","State : UTTAR PRADESH
District : AMROHA",Senior Secondary Level,"Name : VEDANTA GLOBAL SCHOOL
Head/Principal Name: ARUN KUMAR","Address : VEDANTA GLOBAL SCHOOL,VILL- DHAWARSI, POST OFFICE DHAWARSI,PIN-244242
Website : www.vgsdhawarsi.com"
1144,"Aff. No. :2132349
Sch. Code:81852","State : UTTAR PRADESH
District : AMROHA",Senior Secondary Level,"Name : MESCO PUBLIC SCHOOL
Head/Principal Name: POOJA BUTTAN","Address : DHANAURA ROAD
Website : www.mescoamroha.com"
1145,"Aff. No. :2132333
Sch. Code:81848","State : UTTAR PRADESH
District : AMROHA",Senior Secondary Level,"Name : GLOBAL PUBLIC SCHOOL
Head/Principal Name: Razia Sultan","Address : KAMALPUR KAZI,DHANAURA
Website : www.globalpublicschool.net"
1146,"Aff. No. :2132798
Sch. Code:81905","State : UTTAR PRADESH
District : AMROHA",Senior Secondary Level,"Name : ST. MARYS CONVENT SCHOOL
Head/Principal Name: Simy Mathew","Address : ST. MARYS CONVENT SCHOOL, VILLAGE GANDHUPAL, P.O. MUNDAKHERA
Website : https://stmarysgandhupal.com/"
1147,"Aff. No. :2132924
Sch. Code:81931","State : UTTAR PRADESH
District : AMROHA",Senior Secondary Level,"Name : AKSHARA PUBLIC SCHOOL
Head/Principal Name: Nipendra Kumar","Address : VILLAGE+POST- PAPSARA, DISTT-AMROHA
Website : www.aksharapublicschool.co.in"
1148,"Aff. No. :2132949
Sch. Code:81935","State : UTTAR PRADESH
District : AMROHA",Senior Secondary Level,"Name : SHANKAR SCHOLARS ACADEMY
Head/Principal Name: NEETU TYAGI","Address : SAIDNAGLI,TEHSIL HASANPUR,DISTT JYOTIBA PHULE NAGAR
Website : www.SHANKARSCHOLARSACADEMY.IN"
1149,"Aff. No. :2133014
Sch. Code:81936","State : UTTAR PRADESH
District : AMROHA",Senior Secondary Level,"Name : THE AARYANS
Head/Principal Name: Adesh Singh","Address : PREM NAGAR, JOYA
Website : www.theaaryans.in"
1150,"Aff. No. :2133150
Sch. Code:81958","State : UTTAR PRADESH
District : AMROHA",Senior Secondary Level,"Name : ZION INTERNATIONAL SCHOOL
Head/Principal Name: NISHI CHAUHAN","Address : NAUGAWAN ROAD, VILLAGE CHAK ALHDIPUR(DHAKKA) POST. MAKHDOOMPUR AMROHA - 244221
Website : http://www.zioninternationalamroha.com/"
1151,"Aff. No. :2133176
Sch. Code:81969","State : UTTAR PRADESH
District : AMROHA",Secondary Level,"Name : ST PIUS SCHOOL
Head/Principal Name: ANIMA PRAVA LAKRA","Address : BACHHROUN
Website : www.stpiusschool.in"
1152,"Aff. No. :2133131
Sch. Code:81952","State : UTTAR PRADESH
District : AMROHA",Secondary Level,"Name : SHIV BRILLIANT ACADEMY AMROHA
Head/Principal Name: LALIT KUMAR SHARMA","Address : SHIV BRILLIANT ACADEMY ATRASI ROAD AMROHA ,NEAR R.T.O OFFICE AMROHA DISTT. AMROHA (U.P) PIN 244221
Website : https://WWW.SBAAMROHA.COM"
1153,"Aff. No. :2132931
Sch. Code:81930","State : UTTAR PRADESH
District : AMROHA",Senior Secondary Level,"Name : NAGPAL INTERNATIONAL SCHOOL
Head/Principal Name: NISHI","Address : NH-24, IN FRONT OF BOKANERVALA RESTAURENT. GAJRAULA
Website : http://nagpalinternationalschool.in"
1154,"Aff. No. :2132225
Sch. Code:81831","State : UTTAR PRADESH
District : AMROHA",Senior Secondary Level,"Name : KRISHNA PUBLIC SCHOOL
Head/Principal Name: NEELAM SRIVASTAVA","Address : VILL./P.O. DHAKKA MORE, HASANPUR SAMBHAL ROAD, J.P. NAGAR
Website : www.kpssaidnagli.com"
1155,"Aff. No. :2132189
Sch. Code:81823","State : UTTAR PRADESH
District : AMROHA",Senior Secondary Level,"Name : DELHI PUBLIC SCHOOL AMROHA
Head/Principal Name: Dr. JATINDER KAUR","Address : AMROHA, NEAR RTO OFFICE , ATRASI ROAD , JYOTIBA PHULE NAGAR , UTTAR PRADESH
Website : www.dpsamroha.com"
1156,"Aff. No. :2131963
Sch. Code:81794","State : UTTAR PRADESH
District : AMROHA",Senior Secondary Level,"Name : NORTHERN INDIA PUBLIC SCHOOL
Head/Principal Name: MUKESH CHANDER SHARMA","Address : 211, JALALPUR KALAN, GAJRAULA (U.P.)
Website : www.nipseducation.ac.in"
1157,"Aff. No. :2131946
Sch. Code:81795","State : UTTAR PRADESH
District : AMROHA",Senior Secondary Level,"Name : GHANSHYAM DAS TANDON SARASWATI VIDYA MANDIR
Head/Principal Name: RAJENDRA VERMA","Address : VILLAGE KAILSA, POST KAILSA, TEHSIL AND DISTRICT JYOTIBA PHULE NAGAR
Website : www.gdtsvmkailsa.com"
1158,"Aff. No. :2131967
Sch. Code:81792","State : UTTAR PRADESH
District : AMROHA",Senior Secondary Level,"Name : RANA INTERNATIONAL SCHOOL
Head/Principal Name: Dr S V JOHN","Address : KAILSA ROAD AMROHA DISTT, JYOTIBA PHULE NAGAR
Website : www.risamroha.in"
1159,"Aff. No. :2131681
Sch. Code:81355","State : UTTAR PRADESH
District : AMROHA",Senior Secondary Level,"Name : SHRI GURU RAM RAI PUBLIC SCHOOL
Head/Principal Name: DEVI PRASAD","Address : JHANAK PURI P.O.-RAJABPUR J.P. NAGAR
Website : www.sgrrjhanakpuri.com"
1160,"Aff. No. :2131663
Sch. Code:81351","State : UTTAR PRADESH
District : AMROHA",Senior Secondary Level,"Name : OPS INTERNATIONAL SCHOOL
Head/Principal Name: Punam Suri","Address : HASANPUR RAOD, GAJRAULA, JYOTIBA PHULE NAGAR,
Website : www.opsinternationalschool.org"
1161,"Aff. No. :2131707
Sch. Code:81357","State : UTTAR PRADESH
District : AMROHA",Senior Secondary Level,"Name : HIRA INTERNATIONAL SCHOOL
Head/Principal Name: BHAGWAN SINGH","Address : DHANAURA-CHANDPUR ROAD, MANDI DHANAURA DISTT. AMROHA (U.P.) 244231
Website : www.hiraschool.in"
1162,"Aff. No. :2131423
Sch. Code:81309","State : UTTAR PRADESH
District : AMROHA",Senior Secondary Level,"Name : ST. MARYS CONVENT SCHOOL
Head/Principal Name: Sr Celin Varghese","Address : DAUD SARAI ROAD AMROHA P.O. J.P NAGAR
Website : www.stmarysamrha.org"
1163,"Aff. No. :2131363
Sch. Code:81297","State : UTTAR PRADESH
District : AMROHA",Senior Secondary Level,"Name : ASM MODERN ACADEMY
Head/Principal Name: ABHA RASTOGI","Address : VILL.-KHATA, P.O.- PAPSRA, JYOTIBA PHULE NAGAR
Website : www.asmacademy.edu.in"
1164,"Aff. No. :2131584
Sch. Code:81336","State : UTTAR PRADESH
District : AMROHA",Senior Secondary Level,"Name : SCHOLARS HOME WORLD CLASS SCHOOL
Head/Principal Name: PRERNA SINGH","Address : MANDI DHANAURA, J P NAGAR, UP
Website : www.scholarshomeworldclassschool.in"
1165,"Aff. No. :2131566
Sch. Code:81333","State : UTTAR PRADESH
District : AMROHA",Senior Secondary Level,"Name : WTM HYTECH SCHOOL
Head/Principal Name: SHIVAM GUPTA","Address : FATEHPUR MAFI, JOYA SHAMBHAL ROAD, DISTT J P NAGAR, UTTAR PRADESH
Website : http://www.xyz.com"
1166,"Aff. No. :2131609
Sch. Code:81344","State : UTTAR PRADESH
District : AMROHA",Senior Secondary Level,"Name : VICTORIA PUBLIC SCHOOL
Head/Principal Name: GITANJALI ARORA","Address : BIJNOR ROAD NEAR HRIYALY KISSAN BAZAR AMROHA J.P. NAGAR
Website :"
1167,"Aff. No. :2131486
Sch. Code:81321","State : UTTAR PRADESH
District : AMROHA",Senior Secondary Level,"Name : DELHI IDEAL PUBLIC SHCOOL
Head/Principal Name: AZRA NAQVI","Address : VILLAGE MALI KHEDA URF SHEHBAZ PUR POST OFFICE AMROHA
Website : www.dipsamroha.edu.in"
1168,"Aff. No. :2131602
Sch. Code:81339","State : UTTAR PRADESH
District : AMROHA",Senior Secondary Level,"Name : SHANTI DEVI MEMORIAL PUBLIC SCHOOL
Head/Principal Name: Ramesh Kumar Gola","Address : MANDI DHANAURA, J. P. NAGAR
Website : www.sdmpsdhanaura.in"
1169,"Aff. No. :2131049
Sch. Code:81250","State : UTTAR PRADESH
District : AMROHA",Senior Secondary Level,"Name : MS PUBLIC SCHOOL
Head/Principal Name: ANJALI CHOUDHARY","Address : KALALI ROAD DHANAURA JP NAGAR
Website :"
1170,"Aff. No. :2131014
Sch. Code:81243","State : UTTAR PRADESH
District : AMROHA",Senior Secondary Level,"Name : K.S.K. ACADEMY
Head/Principal Name: TEEKAM SINGH","Address : 5, NANAK PURA, (CHAHAL EDUCATIONAL CAMPUS), BAGRI DHANAURA ROAD, (POST KHAD GUJJAR), J.P. NAGAR
Website :"
1171,"Aff. No. :2131090
Sch. Code:81253","State : UTTAR PRADESH
District : AMROHA",Senior Secondary Level,"Name : LOYAL'S FATIMA ACADEMY
Head/Principal Name: FARWA RIZVI","Address : V. KALAKHERA,HASANPUR, JYOTIBA PHULE NAGAR, UTTAR PRADESH
Website : www.lffa.in"
1172,"Aff. No. :2131135
Sch. Code:81257","State : UTTAR PRADESH
District : AMROHA",Senior Secondary Level,"Name : PINEWOOD SCHOOL
Head/Principal Name: ARJUN VIKRAM SINGH","Address : PINEWOOD SCHOOL. BIJNOR ROAD, AMROHA
Website : https://pinewoodschoolamroha.in"
1173,"Aff. No. :2131151
Sch. Code:81259","State : UTTAR PRADESH
District : AMROHA",Senior Secondary Level,"Name : HILTON CONVENT SCHOOL
Head/Principal Name: AVNEESH SHARMA","Address : JOYA ROAD, AMROHA
Website : www.hiltonconventschool.edu.in"
1174,"Aff. No. :2131226
Sch. Code:81272","State : UTTAR PRADESH
District : AMROHA",Senior Secondary Level,"Name : RAJENDRA ACADEMY
Head/Principal Name: MONU SINGH","Address : HASANPUR GAJRAULA ROAD, GAJRAULA
Website : www.rajendraacademygjl.in"
1175,"Aff. No. :2131300
Sch. Code:81288","State : UTTAR PRADESH
District : AMROHA",Senior Secondary Level,"Name : H. S. S. PUBLIC SCHOOL
Head/Principal Name: PRIY ANKUR KASHIV","Address : MOH. KAYASTHAN, HASANPUR, J. P. NAGAR
Website : www.hsspublicschool.edu.in"
1176,"Aff. No. :2130787
Sch. Code:81209","State : UTTAR PRADESH
District : AMROHA",Senior Secondary Level,"Name : CARMEL PUBLIC SCHOOL
Head/Principal Name: SUDHANSHU SHARMA","Address : NAVADA ROAD ALIPUR CHAUPLA GAJRAULA J P NAGAR UP
Website : www.cpsgajraula.edu.in"
1177,"Aff. No. :2130998
Sch. Code:81241","State : UTTAR PRADESH
District : AMROHA",Senior Secondary Level,"Name : BLUE BIRDS INTERNATIONAL SCHOOL
Head/Principal Name: SHALLY GANDHI","Address : AMROHA ROAD, NEAR CHADDA SUGAR FACTORY
Website : www.bbisdnr.in"
1178,"Aff. No. :2130323
Sch. Code:81107","State : UTTAR PRADESH
District : AMROHA",Senior Secondary Level,"Name : LITTLE SCHOLARS ACADEMY
Head/Principal Name: ANURADHA","Address : JOYA ROAD AMROHA UTTAR PRADESH
Website : http://dpsnumaligarh.in"
1179,"Aff. No. :2130347
Sch. Code:81119","State : UTTAR PRADESH
District : AMROHA",Senior Secondary Level,"Name : RADHA KRISHNA PUBLIC SCHOOL
Head/Principal Name: DR SHIKSHA SARDANA","Address : AMROHA UTTAR PRADESH
Website : https://rkpschool.com"
1180,"Aff. No. :2130505
Sch. Code:81172","State : UTTAR PRADESH
District : AMROHA",Senior Secondary Level,"Name : VISHWA BANDHU ACADEMY
Head/Principal Name: PERVENDRA SINGH","Address : 5 KM STONE MORADABAD ROAD GAJRAULA J P NAGAR UTTAR PRADESH
Website : http://vbagajraula.com"
1181,"Aff. No. :2130627
Sch. Code:81191","State : UTTAR PRADESH
District : AMROHA",Senior Secondary Level,"Name : NOBLE PUBLIC SCHOOL
Head/Principal Name: NAVNEET UPADHYAYA","Address : DELHI ROAD GAJRAULA DISTT J P NAGAR UTTAR PRADESH
Website : www.npsgajraula.com"
1182,"Aff. No. :2130164
Sch. Code:81053","State : UTTAR PRADESH
District : AMROHA",Senior Secondary Level,"Name : ST. MARY'S CONVENT SCHOOL
Head/Principal Name: SHIJI JACOB","Address : GAJRAULA MORADABAD UTTAR PRADESH
Website : http://stmarysgajraula.org"
1183,"Aff. No. :2130172
Sch. Code:60075","State : UTTAR PRADESH
District : MATHURA",Senior Secondary Level,"Name : SARASWATI VIDYA MANDIR SR SEC SCHOOL
Head/Principal Name: KRISHAN KANT DWIVEDI","Address : MAABHAI KOSIKALAN MATHURA UTTAR PRADESH
Website : www.svmkosi.co.in"
1184,"Aff. No. :2130196
Sch. Code:60088","State : UTTAR PRADESH
District : MATHURA",Senior Secondary Level,"Name : P D DHANUKA SARASWATI VIDYA MANDIR
Head/Principal Name: VIPIN KUMAR SHARMA","Address : VRINDABAN, DISTT MATHURA UTTAR PRADESH
Website : www.pddsvm.org"
1185,"Aff. No. :2130289
Sch. Code:60133","State : UTTAR PRADESH
District : MATHURA",Senior Secondary Level,"Name : RATTAN LAL PHOOL KATORI DEVI
Head/Principal Name: NEETA SINGH","Address : SARASWATI BALIKA VIDYA MANDIR SEC. GOVARDHAN ROAD MATHURA UTTAR PRADESH
Website : www.ratanlalphoolkatorischool.org"
1186,"Aff. No. :2130255
Sch. Code:60119","State : UTTAR PRADESH
District : MATHURA",Senior Secondary Level,"Name : CRESCENT CONVENT SENIOR SECONDARY SCHOOL
Head/Principal Name: Rubina Bano","Address : 72 GOLF ROAD CIVIL LINES MATHURA UTTAR PRADESH
Website :"
1187,"Aff. No. :2130258
Sch. Code:60120","State : UTTAR PRADESH
District : MATHURA",Senior Secondary Level,"Name : ST. PAUL'S SR. SEC. SCHOOL
Head/Principal Name: J RAO","Address : CHANDRAPURI COLONY DHOLI PIAU MATHURA UTTAR PRADESH
Website : www.stpaulmathura.com"
1188,"Aff. No. :2130215
Sch. Code:60099","State : UTTAR PRADESH
District : MATHURA",Senior Secondary Level,"Name : ST. DOMINIC'S SCHOOL
Head/Principal Name: MATHEW JOSEPH","Address : BASANTAR MARG MATHURA CANTT. UTTAR PRADESH
Website : www.stdominicsschool.org"
1189,"Aff. No. :2130229
Sch. Code:60105","State : UTTAR PRADESH
District : MATHURA",Senior Secondary Level,"Name : VIDYA DEVI JINDAL SCHOOL
Head/Principal Name: SOMYA NATH","Address : A-1 U.P.S.I.D.C. INDUSTRIAL AREA NANDGAON ROAD, KOSI KALAN, DISTT MATHURA, UTTAR PRADESH
Website : www.vdjs.co.in"
1190,"Aff. No. :2130056
Sch. Code:60017","State : UTTAR PRADESH
District : MATHURA",Senior Secondary Level,"Name : AMARNATH VIDYA ASHRAM SR SEC PUBLIC SCHOOL
Head/Principal Name: ARUN KUMAR VAJPEYI","Address : DISTT MATHURA, UTTAR PRADESH
Website : https://anvaschool.com/"
1191,"Aff. No. :2100075
Sch. Code:64026","State : UTTAR PRADESH
District : MATHURA",Senior Secondary Level,"Name : PM SHRI KENDRIYA VIDYALAYA
Head/Principal Name: MUNESH KUMAR","Address : RAILWAY COLONY BAAD MATHURA UTTAR PRADESH
Website : https://mathurabaad.kvs.ac.in/"
1192,"Aff. No. :2130102
Sch. Code:60038","State : UTTAR PRADESH
District : MATHURA",Senior Secondary Level,"Name : DELHI PUBLIC SCHOOL
Head/Principal Name: SALENDER SINGH","Address : REFINERY NAGAR MATHURA UTTAR PRADESH
Website : www.dpsmrn.org"
1193,"Aff. No. :2130098
Sch. Code:60035","State : UTTAR PRADESH
District : MATHURA",Senior Secondary Level,"Name : SHRIJI BABA SARASWATI VIDYA MANDIR
Head/Principal Name: Harendra Kumar Saraswat","Address : GOVERDHAN MARG BAKALPUR MATHURA UTTAR PRADESH
Website : www.sjbsvm.com"
1194,"Aff. No. :2100019
Sch. Code:64007","State : UTTAR PRADESH
District : MATHURA",Senior Secondary Level,"Name : KENDRIYA VIDYALAYA
Head/Principal Name: SHAILJA TEWARI","Address : NEAR GOLF GROUND SADAR BAZAR MATHURA CANTT UTTAR PRADESH
Website : www.mathuracantt.kvs.ac.in"
1195,"Aff. No. :2100020
Sch. Code:64008","State : UTTAR PRADESH
District : MATHURA",Senior Secondary Level,"Name : KENDRIYA VIDYALAYA NO 2
Head/Principal Name: SANJAY KUMAR SHARMA","Address : REFINERY NAGAR MATHURA UTTAR PRADESH
Website : www.mrpmathura.kvs.ac.in"
1196,"Aff. No. :2130617
Sch. Code:60272","State : UTTAR PRADESH
District : MATHURA",Senior Secondary Level,"Name : ARCADIAN PUBLIC SCHOOL
Head/Principal Name: DALJEET SINGH","Address : NAUHJHEEL BAJNA ROAD BAJNA MATHURA UTTAR PRADESH
Website : www.arcadianpublicschool.com"
1197,"Aff. No. :2130497
Sch. Code:60221","State : UTTAR PRADESH
District : MATHURA",Senior Secondary Level,"Name : GYANDEEP SHIKSHA BHARATI
Head/Principal Name: RAJNI NAUTIYAL","Address : GOVERDHAN ROAD MATHURA UTTAR PRADESH
Website : www.gyandeepshikshabharati.com"
1198,"Aff. No. :2130453
Sch. Code:60204","State : UTTAR PRADESH
District : MATHURA",Senior Secondary Level,"Name : HANUMAN PRASAD DHANUKA SARASWATI
Head/Principal Name: RAJANI GUPTA","Address : BALIKA VIDYA MANDIR RAMAN RETI BRINDAVAN MATHURA UTTAR PRADESH
Website : www.hpdsbvm.co.in"
1199,"Aff. No. :2130414
Sch. Code:60185","State : UTTAR PRADESH
District : MATHURA",Senior Secondary Level,"Name : BABA KADHERA SINGH VIDYA MANDIR
Head/Principal Name: DEBASIS SEN","Address : GOVERDHAN SONKH MARG DISTRICT MATHURA UTTAR PRADESH
Website : www.bksvm.in"
1200,"Aff. No. :2130401
Sch. Code:60180","State : UTTAR PRADESH
District : MATHURA",Senior Secondary Level,"Name : RAMANLAL SHARAWALA PUBLIC SCHOOL
Head/Principal Name: RAJESH KUMAR SHARMA","Address : MANAS NAGAR MAHOLI ROAD MATHURA UTTAR PRADESH
Website : www.rspsmtr.com"
1201,"Aff. No. :2130834
Sch. Code:60376","State : UTTAR PRADESH
District : MATHURA",Senior Secondary Level,"Name : SANSKRITI PUBLIC SCHOOL
Head/Principal Name: KRISHAN HARI SHARMA","Address : INFRONT OF BIHARI COLD STORAGE, MATHURA-SADABAD ROAD, BALDEV,MATHURA
Website : www.sanskritipublicschool.co.in"
1202,"Aff. No. :2130880
Sch. Code:60396","State : UTTAR PRADESH
District : MATHURA",Senior Secondary Level,"Name : MODERN ACEDEMY INTERNATION SCHOOL
Head/Principal Name: SONIA KOHLI","Address : KOSI KALAN, AJIJPUR, DISTT MATHURA, UTTAR PRADESH
Website : https://www.modernacademy-india.org"
1203,"Aff. No. :2130882
Sch. Code:60397","State : UTTAR PRADESH
District : MATHURA",Senior Secondary Level,"Name : HEERA SINGH PUBLIC SCHOOL
Head/Principal Name: Hrishita kuntal","Address : ADING SONKH ROAD, DISTT MATHURA, UTTAR PRADESH
Website : www.hspsgurukul.com"
1204,"Aff. No. :2130784
Sch. Code:60355","State : UTTAR PRADESH
District : MATHURA",Senior Secondary Level,"Name : KANHA MAKHAN PUBLIC SCHOOL
Head/Principal Name: PRAMOD KUMAR SHARMA","Address : SARASWATI KUND MATHURA UP
Website : www.kmpsmathura.org"
1205,"Aff. No. :2130785
Sch. Code:60356","State : UTTAR PRADESH
District : MATHURA",Senior Secondary Level,"Name : BALDEO PUBLIC SCHOOL
Head/Principal Name: DR. ANITA C SIKARWAR","Address : KAILASH ROAD BALDEO MATHURA UP
Website : www.baldeopublicschool.org"
1206,"Aff. No. :2130751
Sch. Code:60341","State : UTTAR PRADESH
District : MATHURA",Senior Secondary Level,"Name : SARASWATI VIDYA MANDIR
Head/Principal Name: SHASHANK TIWARI","Address : GOVERDHAN MARG CHHATA MATHURA UP
Website : www.svmchhata.in"
1207,"Aff. No. :2130683
Sch. Code:60306","State : UTTAR PRADESH
District : MATHURA",Senior Secondary Level,"Name : VRINDAVAN PUBLIC SCHOOL
Head/Principal Name: Krati Sharma","Address : VILLAGE DHORERA PO PREM NAGAR VIRNDAVAN DISTT MATHURA UTTAR PRADESH
Website : https://vpsvrindavan.in/"
1208,"Aff. No. :2130648
Sch. Code:60288","State : UTTAR PRADESH
District : MATHURA",Senior Secondary Level,"Name : CHANDAVAN PUBLIC SCHOOL
Head/Principal Name: ANITA YADAV","Address : BHARATPUR ROAD MATHURA UTTAR PRADESH
Website : www.chandanvanpublicschool.com"
1209,"Aff. No. :2131309
Sch. Code:60588","State : UTTAR PRADESH
District : MATHURA",Senior Secondary Level,"Name : BRIJ STHALI ACADEMY
Head/Principal Name: Laxmi Kant Rawat","Address : VILLAGE+POST TENTI GAON, MAANT
Website : www.brijsthaliacademy.co.in"
1210,"Aff. No. :2131312
Sch. Code:60591","State : UTTAR PRADESH
District : MATHURA",Senior Secondary Level,"Name : S.D.PUBLIC SCHOOL
Head/Principal Name: KARAN SINGH","Address : BRIJWARI ROAD, NANGAON, CHHATA, MATHURA
Website :"
1211,"Aff. No. :2131290
Sch. Code:60581","State : UTTAR PRADESH
District : MATHURA",Senior Secondary Level,"Name : SHRI RANDHIR SINGH INTERNATIONAL SCHOOL
Head/Principal Name: VIVEK SHARMA","Address : VILL - MUDILIA, PO BAJNA, MATHURA UP
Website : www.srsischool.com"
1212,"Aff. No. :2131325
Sch. Code:60598","State : UTTAR PRADESH
District : MATHURA",Senior Secondary Level,"Name : GOVERDHAN VIDYAPEETH
Head/Principal Name: RADHIKA GAUTAM","Address : 6TH KM STONE ON GOVERDHAN CHATA ROAD, OM NAGAR PADAL, GOERDHAN
Website : www.goverdhanvidyapeeth.com"
1213,"Aff. No. :2131321
Sch. Code:60596","State : UTTAR PRADESH
District : MATHURA",Senior Secondary Level,"Name : K. D. PUBLIC SCHOOL
Head/Principal Name: HOSHIYAR SINGH","Address : NEEM GAON ROAD, AYRA KHERA, DISTT MATHURA, UTTAR PRADESH-281001
Website : www.kdpsraya.com"
1214,"Aff. No. :2131244
Sch. Code:60555","State : UTTAR PRADESH
District : MATHURA",Senior Secondary Level,"Name : RAMKALI DEVI SARASWATI VIDYA MANDIR
Head/Principal Name: GANESH DUTT","Address : KESHAV DHAM KESHAV NAGAR VRINDAVAN,MATHURA, UP-281121
Website : www.svmkd.com"
1215,"Aff. No. :2131140
Sch. Code:60509","State : UTTAR PRADESH
District : MATHURA",Senior Secondary Level,"Name : VIDYA SAGAR ACADEMY
Head/Principal Name: SUDHA SHARMA","Address : MANT ROAD, RAYA MATHURA
Website : www.vidyasagaracademy.com"
1216,"Aff. No. :2131126
Sch. Code:60502","State : UTTAR PRADESH
District : MATHURA",Senior Secondary Level,"Name : SPS INTERNATIONAL ACADEMY
Head/Principal Name: RAJENDER KUMAR","Address : 100 KM STONE NH-2,NEAR PASUPATI FABRIC LTD.KOSI KALAN ,MATHURA.
Website : http://ssseduworld.org/"
1217,"Aff. No. :2131163
Sch. Code:60519","State : UTTAR PRADESH
District : MATHURA",Senior Secondary Level,"Name : VATSALYA PUBLIC SCHOOL
Head/Principal Name: GOPAL DATT","Address : SAKARAWA ROAD, GOVERDHAN, MATHURA
Website : www.vpsgoverdhan.com"
1218,"Aff. No. :2131180
Sch. Code:60525","State : UTTAR PRADESH
District : MATHURA",Senior Secondary Level,"Name : SAMVID GURUKULAM GIRLS SAINIK SCHOOL
Head/Principal Name: Lt Col Vandana Tiwari Retd","Address : MATHURA-VRINDAVAN MARG, PREM NAGAR
Website : www.samvidgurukulam.org"
1219,"Aff. No. :2131186
Sch. Code:60530","State : UTTAR PRADESH
District : MATHURA",Senior Secondary Level,"Name : K.D.S INTERNATIONAL SCHOOL
Head/Principal Name: SHYAM PRAKASH PANDEY","Address : NEAR JAIGURUDEV TEMPLE SALEMPUR ROAD
Website : https://www.kdsinternationalschool.in/"
1220,"Aff. No. :2131077
Sch. Code:60484","State : UTTAR PRADESH
District : MATHURA",Senior Secondary Level,"Name : CSRV VIDYA ASHRAM
Head/Principal Name: MITESH MOHAN SHARMA","Address : CHAUMUHAN, MATHURA
Website : www.csrvchaumuhan.com"
1221,"Aff. No. :2131055
Sch. Code:60477","State : UTTAR PRADESH
District : MATHURA",Senior Secondary Level,"Name : PT. HUKAM SINGH - RADHEY LAL INDIAN PUBLIC SCHOOL
Head/Principal Name: MANOJ KUMAR SHARMA","Address : SUNRAKH ROAD, VRINDAVAN
Website : www.pipsvrindavan.org"
1222,"Aff. No. :2131063
Sch. Code:60479","State : UTTAR PRADESH
District : MATHURA",Senior Secondary Level,"Name : MADANMOHAN KALAWATI SARRAF SARASWATI VIDYA MANDIR, BALDEV ROAD, MATHURA
Head/Principal Name: VIVEK DUBEY","Address : BALDEV ROAD, NEAR CHANDRAVALI, P.O. MAHAWAN, MATHURA
Website : www.mmkssvm.com"
1223,"Aff. No. :2131064
Sch. Code:60480","State : UTTAR PRADESH
District : MATHURA",Senior Secondary Level,"Name : PRASAD PUBLIC SCHOOL
Head/Principal Name: REKHA GUPTA","Address : C 68/69,D-71,INDUSTRIAL ""A""
Website : www.prasadpublic.co.in"
1224,"Aff. No. :2131016
Sch. Code:60464","State : UTTAR PRADESH
District : MATHURA",Senior Secondary Level,"Name : POLICE MODERN SCHOOL
Head/Principal Name: RICHA VASHISHTHA","Address : RESERVE POLICE LINE , MATHURA
Website : www.pmsmathura.live"
1225,"Aff. No. :2131013
Sch. Code:60462","State : UTTAR PRADESH
District : MATHURA",Senior Secondary Level,"Name : PARVATI RADHAKISHEN FOMRA SCHOOL
Head/Principal Name: KULBHUSHAN JAD","Address : PARVATI RADHAKISHEN FOMRA SCHOOL VILLAGE KHAMNI GOVERDHAN ROAD MATHURA 281501
Website : www.prfsmathura.in"
1226,"Aff. No. :2131477
Sch. Code:60650","State : UTTAR PRADESH
District : MATHURA",Senior Secondary Level,"Name : M.P.S.M. GRACE CONVENT SCHOOL
Head/Principal Name: Abhinav Singh","Address : OPP. GANESHRA STADIUM VILL- GANESHRA, POST-KRISHNA NAGAR
Website : www.mpsmgrace.com"
1227,"Aff. No. :2131478
Sch. Code:60651","State : UTTAR PRADESH
District : MATHURA",Senior Secondary Level,"Name : CHARKULA GLOBAL PUBLIC SCHOOL
Head/Principal Name: SIDDHARTH MALHOTRA","Address : RADHAKUND CHATIKARA ROAD, RADHAKUND (MATHURA)
Website : www.charkulaglobal.com"
1228,"Aff. No. :2131365
Sch. Code:60613","State : UTTAR PRADESH
District : MATHURA",Senior Secondary Level,"Name : MOUNT HILL ACADEMY
Head/Principal Name: DEEPESH KUMAR","Address : MOUNT HILL ACADEMY AJAY NAGAR BALDEO ROAD MATHURA
Website : www.mounthillacademy.com"
1229,"Aff. No. :2131379
Sch. Code:60620","State : UTTAR PRADESH
District : MATHURA",Senior Secondary Level,"Name : DELHI PUBLIC SCHOOL
Head/Principal Name: KHEM CHAND YADUVANSHI","Address : VILLAGE-RASOOLPUR POST- MAGORRA
Website : http://www.dpsmathura.com"
1230,"Aff. No. :2131383
Sch. Code:60622","State : UTTAR PRADESH
District : MATHURA",Senior Secondary Level,"Name : SRR PUBLIC SCHOOL
Head/Principal Name: MANOJ KUMAR FOUZDAR","Address : VILLAGE SANKET,NANDGAON BARSANA ROAD, MATHURA
Website :"
1231,"Aff. No. :2131424
Sch. Code:60635","State : UTTAR PRADESH
District : MATHURA",Senior Secondary Level,"Name : RAJIV INTERNATIONAL SCHOOL
Head/Principal Name: PRIYA MADAAN","Address : NH#2, MATHURA DELHI ROAD, P.O. CHHATIKARA
Website : www.risindia.org"
1232,"Aff. No. :2131721
Sch. Code:60724","State : UTTAR PRADESH
District : MATHURA",Senior Secondary Level,"Name : BRIJ DHAM VIDYA MANDIR
Head/Principal Name: VATENDRA SINGH","Address : VILLAGE - PALI DUNGRA, POST - SONKH, DISTT. - MATHURA
Website : www.bdvmschool.com"
1233,"Aff. No. :2131727
Sch. Code:60725","State : UTTAR PRADESH
District : MATHURA",Senior Secondary Level,"Name : SRBS INTERNATIONAL SCHOOL
Head/Principal Name: PINKI MALIK","Address : BAJNA ROAD, NAUHJHEEL, MANT, MATHURA (U.P.)
Website : www.srbsinternationalschool.org"
1234,"Aff. No. :2131688
Sch. Code:60710","State : UTTAR PRADESH
District : MATHURA",Senior Secondary Level,"Name : GREEN WILLOW PUBLIC SCHOOL
Head/Principal Name: Rekha Sharma","Address : N.H.2 VILL NAWADA MATHURA 281001
Website : www.gwps.co.in"
1235,"Aff. No. :2131700
Sch. Code:60716","State : UTTAR PRADESH
District : MATHURA",Secondary Level,"Name : NISHKALANKA MATA SCHOOL
Head/Principal Name: SIJU PINDIKANAYIL THOMAS","Address : VILLAGE & POST JAIT, MATHURA, UTTAR PRADESH
Website : www.nmschooljait.com"
1236,"Aff. No. :2131643
Sch. Code:60697","State : UTTAR PRADESH
District : MATHURA",Senior Secondary Level,"Name : SMT. ANGURI DEVI PUBLIC SCHOOL
Head/Principal Name: JAGBIR SINGH","Address : VILL. HULWANA,VPO KADAUNA,CHHATA
Website :"
1237,"Aff. No. :2131662
Sch. Code:60703","State : UTTAR PRADESH
District : MATHURA",Senior Secondary Level,"Name : JSB PUBLIC SCHOOL
Head/Principal Name: GAJENDRA SINGH","Address : VILL. & POST KOSI KHURD, BHARATPUR ROAD, DISTT MATHURA, UTTAR PRADESH
Website : http://jsbps.co.in/"
1238,"Aff. No. :2131632
Sch. Code:60696","State : UTTAR PRADESH
District : MATHURA",Senior Secondary Level,"Name : M.D. JAIN PUBLIC SCHOOL
Head/Principal Name: Dr. Narendra Kumar Sharma","Address : OLD G.T. ROAD, MABHAI, KOSI KALAN
Website : www.mdjpskosi.com"
1239,"Aff. No. :2131785
Sch. Code:60750","State : UTTAR PRADESH
District : MATHURA",Senior Secondary Level,"Name : HARISH RAGHAV PUBLIC SCHOOL
Head/Principal Name: RAJESH SAXENA","Address : NAUGAON SONKH ROAD,
Website : www.hrpsmathura.com"
1240,"Aff. No. :2131825
Sch. Code:60765","State : UTTAR PRADESH
District : MATHURA",Senior Secondary Level,"Name : RAMANLAL SHORAWALA INTERNATIONAL SCHOOL
Head/Principal Name: SHRIKRISHNA SHARMA","Address : BALDEV ROAD RADHARANI TEMPLE MARG, RAWAL, MATHURA,
Website : www.rsismtr.org"
1241,"Aff. No. :2131995
Sch. Code:60830","State : UTTAR PRADESH
District : MATHURA",Secondary Level,"Name : MAA SANTOSHI VIDHYA MANDIR JR. HIGH SCHOOL
Head/Principal Name: ASHOK KUMAR","Address : ADEEG,MATHURA
Website : http://www.msvm.com"
1242,"Aff. No. :2132001
Sch. Code:60833","State : UTTAR PRADESH
District : MATHURA",Senior Secondary Level,"Name : SHRI GIRRAJ MAHARAJ GLOBAL PUBLIC SCHOOL
Head/Principal Name: Mr R K PATHAK","Address : 7 KM MATHURA BHARATPUR ROAD VILLAGE MUNDESI PO DHANGAON
Website : http://www.sgmc.co.in"
1243,"Aff. No. :2132008
Sch. Code:60837","State : UTTAR PRADESH
District : MATHURA",Senior Secondary Level,"Name : KANHA MAKHAN MILLENNIUM SCHOOL
Head/Principal Name: PRATIBHA PANDIT","Address : MASANI LINK ROAD, BEHIND AGRAVATIKA
Website : https://www.kanhamakhan.com/"
1244,"Aff. No. :2131876
Sch. Code:60792","State : UTTAR PRADESH
District : MATHURA",Senior Secondary Level,"Name : C.L.A PUBLIC JR HIGH SCHOOL
Head/Principal Name: ANUJ AGRAWAL","Address : GAUMAT ROAD, BAJNA
Website : www.clapublicschool.com"
1245,"Aff. No. :2131830
Sch. Code:60768","State : UTTAR PRADESH
District : MATHURA",Senior Secondary Level,"Name : VED PRAKASH PATHAK PUBLIC SCHOOL
Head/Principal Name: SHASHI SHARMA","Address : RAIPUR ROAD, NAUHJHEEL
Website : https://vpppublicschool.com/"
1246,"Aff. No. :2132200
Sch. Code:60917","State : UTTAR PRADESH
District : MATHURA",Senior Secondary Level,"Name : SHRI KRISHNAM PUBLIC SCHOOL
Head/Principal Name: Dhanesh Kumar","Address : VILL-SAKITARA,POST-GOVERDHAN,TEHSIL & DISTT-MATHURA
Website : www.skpsgov.com"
1247,"Aff. No. :2132207
Sch. Code:60918","State : UTTAR PRADESH
District : MATHURA",Senior Secondary Level,"Name : ABS PUBLIC SCHOOL
Head/Principal Name: Rajani Bala","Address : NEAR DWAPER RESORTS, NH-2, VILLAGE KURKANDA
Website : www.abspublicschool.org"
1248,"Aff. No. :2132126
Sch. Code:60888","State : UTTAR PRADESH
District : MATHURA",Secondary Level,"Name : SHRI BALAJI PUBLIC SCHOOL,
Head/Principal Name: CHANDRIKA CHAHAR","Address : VILLAGE- AVAIRNI POST - AVAIRNI, DISTT- MATHURA
Website : http://www.shribalajipublicschool.com"
1249,"Aff. No. :2132170
Sch. Code:60905","State : UTTAR PRADESH
District : MATHURA",Senior Secondary Level,"Name : J.S.M. EDUCATIONAL ACADEMY
Head/Principal Name: MUKESH KUMAR RAWAT","Address : MANT MATHURA
Website : www.jsmeduacademy.com"
1250,"Aff. No. :2132271
Sch. Code:60938","State : UTTAR PRADESH
District : MATHURA",Senior Secondary Level,"Name : BABA PATIRAM VIDHYA MANDIR J.H. SCHOOL
Head/Principal Name: GOPAL PRASAD SHARMA","Address : BABA PATIRAM VIDHYA MANDIR J.H. SCHOOL, PALIKHERA, SONKH ROAD, MATHURA
Website : www.bpvmschool.in"
1251,"Aff. No. :2132107
Sch. Code:60879","State : UTTAR PRADESH
District : MATHURA",Senior Secondary Level,"Name : CHAUDHARY NAROTTAM SINGH INTERNATIONAL SCHOOL
Head/Principal Name: KUSHAL PAL SINGH","Address : VILL GARHI ASHIYA
Website : www:cnsinternationalschool.in"
1252,"Aff. No. :2132113
Sch. Code:60881","State : UTTAR PRADESH
District : MATHURA",Senior Secondary Level,"Name : ROMEX INTERNATIONAL SCHOOL
Head/Principal Name: PRIYA CHAUDHARY","Address : NEAR RADHA VELLY, NH 2, MATHURA
Website : www.romexinternationalschool.com"
1253,"Aff. No. :2132152
Sch. Code:60897","State : UTTAR PRADESH
District : MATHURA",Senior Secondary Level,"Name : RISHIKUL INTERNATIONAL SCHOOL
Head/Principal Name: CHANDRA SHEKHAR SHARMA","Address : AT PREM NAGAR KHURD POST MAHAVAN MATHURA (U.P.) 281305
Website : WWW.RISMATHURA.COM"
1254,"Aff. No. :2132131
Sch. Code:60891","State : UTTAR PRADESH
District : MATHURA",Senior Secondary Level,"Name : MURARI KUNJ SARASWATI VIDYA MANDIR
Head/Principal Name: DHARMENDRA KUMAR SHARMA","Address : DANGHATI, GOVERDHAN
Website : https://mksvmgoverdhan.com/"
1255,"Aff. No. :2132059
Sch. Code:60858","State : UTTAR PRADESH
District : MATHURA",Senior Secondary Level,"Name : B.G.B. BRAJ EDUCATION ACADEMY
Head/Principal Name: SUMMER SINGH","Address : AJAY NAGAR, BALDEO ROAD, MATHURA
Website :"
1256,"Aff. No. :2133135
Sch. Code:61247","State : UTTAR PRADESH
District : MATHURA",Senior Secondary Level,"Name : SOPHIA PUBLIC SCHOOL
Head/Principal Name: SAVITA CHAUDHARY","Address : MAUJA CHIKADA, SADABAD ROAD, RAYA MATHURA
Website : www.sophiapublicschool.co.in"
1257,"Aff. No. :2133073
Sch. Code:61228","State : UTTAR PRADESH
District : MATHURA",Senior Secondary Level,"Name : K.R.S.D. PUBLIC SCHOOL
Head/Principal Name: LAXMI KANTI","Address : GRAM-RAIPUR MAIPOST-LOHAVAN TEH-MAHAVAN ,MATHURA ,UP
Website : http://www.krsd.in"
1258,"Aff. No. :2133164
Sch. Code:61239","State : UTTAR PRADESH
District : MATHURA",Senior Secondary Level,"Name : S.S.D. PUBLIC SCHOOL
Head/Principal Name: DEVENDRA KUMAR","Address : SADABAD ROAD, RAYA DIST-MATHUA U.P.
Website : http://ssdraya.com/"
1259,"Aff. No. :2132977
Sch. Code:61192","State : UTTAR PRADESH
District : MATHURA",Senior Secondary Level,"Name : KRISHNAKULAM
Head/Principal Name: SHUBHAM GODHAR","Address : KRISHNAKULAM MATHURA - ALIGARH ROAD VILLAGE KOYAL, RAYA MATHURA (UP)
Website : www.krishnakulam.com"
1260,"Aff. No. :2132957
Sch. Code:61188","State : UTTAR PRADESH
District : MATHURA",Secondary Level,"Name : GANGA DEVI VIDHYA NIKETAN
Head/Principal Name: Om Prakash Chaudhary","Address : KARHALA ROAD BARSANA,MATHURA,U.P.-281405
Website : www.gdvnbarsana.com"
1261,"Aff. No. :2132883
Sch. Code:61163","State : UTTAR PRADESH
District : MATHURA",Secondary Level,"Name : RADHEY MAHENDRA VIDYA NIKETAN
Head/Principal Name: BHUPENDRA KUMAR","Address : VILLAGE & POST MANT RAJA, RAYA-MANT ROAD MANT
Website : http://www.rmvn.online"
1262,"Aff. No. :2132844
Sch. Code:61146","State : UTTAR PRADESH
District : MATHURA",Senior Secondary Level,"Name : KANHA MAKHAN PUBLIC SCHOOL
Head/Principal Name: VINAY SHARMA","Address : TEHRA LINK MARG,CHATIKARA ROAD,VRINDAVAN
Website : https://kmpsmathura.org/kmps-vbn/"
1263,"Aff. No. :2132320
Sch. Code:60958","State : UTTAR PRADESH
District : MATHURA",Secondary Level,"Name : SHRI KUMARPAL SARASWAT PUBLIC SCHOOL
Head/Principal Name: Aartii Bhadauria","Address : VILLAGE BULAKPUR,POST MEERPUR
Website : www.kspssurir.org"
1264,"Aff. No. :2132326
Sch. Code:60959","State : UTTAR PRADESH
District : MATHURA",Senior Secondary Level,"Name : DR. R.M. SAHA GLOBAL SCHOOL
Head/Principal Name: Farzana","Address : OPPOSITE VILL ALLEHPUR PO CHHATIKARA
Website : http://www.drrmsahaglobalschool.in"
1265,"Aff. No. :2132280
Sch. Code:60943","State : UTTAR PRADESH
District : MATHURA",Senior Secondary Level,"Name : MOUNT LITERA ZEE SCHOOL MATHURA
Head/Principal Name: SOURABH SHARMA","Address : NEAR HOTEL RADHA ASHOK, DELHI MASANI LINK ROAD, MATHURA (U.P.)
Website : http://www.mountliteramathura.com"
1266,"Aff. No. :2132454
Sch. Code:61001","State : UTTAR PRADESH
District : MATHURA",Senior Secondary Level,"Name : CHETAN INTERNATIONAL SCHOOL
Head/Principal Name: KAVITA RAWAT","Address : VILL. THOK VINDAVANI, POST - SONAI, DIST. MATHURA -281206
Website : http://www.chetaninternationalschool.com"
1267,"Aff. No. :2132470
Sch. Code:61005","State : UTTAR PRADESH
District : MATHURA",Senior Secondary Level,"Name : ANGEL PUBLIC SCHOOL
Head/Principal Name: BRIJESH KUMARI","Address : RANWARI, NH-2, CHHATA, DIST- MATHURA
Website : www.angelpublicschool.co.in"
1268,"Aff. No. :2132442
Sch. Code:60996","State : UTTAR PRADESH
District : MATHURA",Senior Secondary Level,"Name : SUNRISE PUBLIC SCHOOL
Head/Principal Name: ASHOK KUMAR SHARMA","Address : BATI-BAJNA ROAD, NEAR JAIN HEROHONDA, BAJNA, MATHURA
Website : www.srpsmathura.com"
1269,"Aff. No. :2132434
Sch. Code:60994","State : UTTAR PRADESH
District : MATHURA",Senior Secondary Level,"Name : NIBODHITA VIDHYA MANDIR
Head/Principal Name: IRAM ZUBERI","Address : MATHURA GOVERDHAN ROAD, IN FRONT OF JAMUNAVATA VILLAGE, GOVERDHAN MATHURA
Website : www.nibodhitavidhyamandir.in"
1270,"Aff. No. :2132432
Sch. Code:60992","State : UTTAR PRADESH
District : MATHURA",Senior Secondary Level,"Name : SANSKAR PUBLIC SCHOOL
Head/Principal Name: ANIL YADUVANSHI","Address : INDUSTRIAL AREA, SITE A, MAHOLI ROAD,
Website : https://sanskarschools.com/"
1271,"Aff. No. :2132392
Sch. Code:60977","State : UTTAR PRADESH
District : MATHURA",Senior Secondary Level,"Name : SHRIJI INTERNATIONALSCHOOL
Head/Principal Name: GAURAV DESHMA","Address : CHHATA BARSANA ROAD CHHATA
Website : http://www.shrijiint.in/"
1272,"Aff. No. :2132633
Sch. Code:61071","State : UTTAR PRADESH
District : MATHURA",Senior Secondary Level,"Name : NEW IMPERIAL PUBLIC SCHOOL
Head/Principal Name: RAMESHWAR SINGH","Address : GAUMAT BAJNA ROAD EDALGARHI MATHURA
Website : www.nipsmathura.com"
1273,"Aff. No. :2132636
Sch. Code:61072","State : UTTAR PRADESH
District : MATHURA",Senior Secondary Level,"Name : KANHA MAKHAN PUBLIC SCHOOL
Head/Principal Name: Pawan Kumar","Address : IN FRONT OF RADHA TOWN,NH-2,NEAR REFINERY TOWNSHIP,MATHURA
Website : www.kmpstownship.org"
1274,"Aff. No. :2132594
Sch. Code:61055","State : UTTAR PRADESH
District : MATHURA",Secondary Level,"Name : JAG INTERNATIONAL SCHOOL
Head/Principal Name: HEMANT DIXIT","Address : HARDEV NAGAR NARHOLI
Website :"
1275,"Aff. No. :2132562
Sch. Code:61044","State : UTTAR PRADESH
District : MATHURA",Senior Secondary Level,"Name : N.R.I. PUBLIC SCHOOL
Head/Principal Name: LALIT KUMAR","Address : VPO-MITTHAULI, TEH-MANT, DISTT-MATHURA, UTTAR PRADESH 281201
Website : www.nrips.org"
1276,"Aff. No. :2132572
Sch. Code:61046","State : UTTAR PRADESH
District : MATHURA",Senior Secondary Level,"Name : PT. DEENDAYAL UPADHYAY SARASWATI VIDYA MANDIR INTER COLLEGE
Head/Principal Name: LOKESHWAR PRATAP SINGH","Address : VILL-DEENDAYAL DHAM POST- FARAH DIST.-MATHURA(U.P.) PIN CODE - 281122
Website : https://svmdeendayaldham.com/"
1277,"Aff. No. :2132525
Sch. Code:61026","State : UTTAR PRADESH
District : MATHURA",Secondary Level,"Name : MATHURA PUBLIC SCHOOL
Head/Principal Name: Devi Charan Verma","Address : KALYAN PUR ROAD, GAUSANA, RAYA ROAD, MATHURA
Website : http://www.mathurapublicschool.org"
1278,"Aff. No. :2132537
Sch. Code:61030","State : UTTAR PRADESH
District : MATHURA",Senior Secondary Level,"Name : BBR INTERNATIONAL SCHOOL
Head/Principal Name: ANIL KUMAR SHARMA","Address : RUNCHI BANGAR TOWNSHIP
Website : www.bbrinternationalschool.com"
1279,"Aff. No. :2132530
Sch. Code:61028","State : UTTAR PRADESH
District : MATHURA",Senior Secondary Level,"Name : D R S S MODERN PUBLIC SCHOOL
Head/Principal Name: GUDDI BHATI","Address : PATEL CHAUK
Website : www.drssmps.com"
1280,"Aff. No. :2133518
Sch. Code:61368","State : UTTAR PRADESH
District : MATHURA",Senior Secondary Level,"Name : DELHI PUBLIC SCHOOL MATHURA
Head/Principal Name: Savan Kumar Khanna","Address : 24 KM MILESTONE, MATHURA - DELHI ROAD, NH-2, P.O. AKBARPUR, TEHSIL CHHATA (U.P.) - 281406
Website : http://www.dpsmathura.edu.in/"
1281,"Aff. No. :2133620
Sch. Code:61422","State : UTTAR PRADESH
District : MATHURA",Secondary Level,"Name : S. TAGORE ACADEMY PUBLIC SCHOOL
Head/Principal Name: Abhijeet Singh","Address : SHRI RAJA DHIRAJ AWASIYA COLONY NH-2 MAHUVAN FARAH MATHURA
Website : www.stagoreacademy.in"
1282,"Aff. No. :2133653
Sch. Code:61428","State : UTTAR PRADESH
District : MATHURA",Secondary Level,"Name : SVS INTERNATIONAL SCHOOL
Head/Principal Name: Ramcharan","Address : KARAB
Website : http://www.svsischool.com/"
1283,"Aff. No. :2133277
Sch. Code:61291","State : UTTAR PRADESH
District : MATHURA",Senior Secondary Level,"Name : RK INTERNATIONAL SCHOOL
Head/Principal Name: MAHAVIR SINGH","Address : VPO PAIGAON TEHSIL CHHATA MATHURA UP
Website : www.rkinternationalschool.org.in"
1284,"Aff. No. :2133225
Sch. Code:61268","State : UTTAR PRADESH
District : MATHURA",Senior Secondary Level,"Name : SYMBIOSIS SCHOOL FOR EXCELLENCE
Head/Principal Name: JYOTSNA SINGH CHAUHAN","Address : SONKH ROAD, SALEMPUR, MATHURA
Website : https://symbiosisschool.com/"
1285,"Aff. No. :2133203
Sch. Code:61261","State : UTTAR PRADESH
District : MATHURA",Senior Secondary Level,"Name : ELITE NEW GENERATION INTERNATIONAL SCHOOL
Head/Principal Name: Ankit Khandelwal","Address : SARASWATI KUND MASANI BYE PASS LINK ROAD MATHURA UP
Website : www.internationalelite.co.in"
1286,"Aff. No. :2133332
Sch. Code:61305","State : UTTAR PRADESH
District : MATHURA",Senior Secondary Level,"Name : HERITAGE PUBLIC SCHOOL
Head/Principal Name: Shaline Sharma","Address : RAMAN RETI
Website : www.hpsvrindavan.com"
1287,"Aff. No. :2133351
Sch. Code:61311","State : UTTAR PRADESH
District : MATHURA",Senior Secondary Level,"Name : DELHI WORLD PUBLIC SCHOOL
Head/Principal Name: POOJA KUMAR","Address : NH-2 KOTVAN KOSI KALAN MATHURA UP
Website : http://dwpskosi.edu.in/"
1288,"Aff. No. :2133363
Sch. Code:61312","State : UTTAR PRADESH
District : MATHURA",Secondary Level,"Name : CHAUDHARY ARJUN SINGH GULALPURIYA PUBLIC SCHOOL
Head/Principal Name: Dhanvanti Chaturvedi","Address : GARHI ROAD, SHERGARH, MATHURA UTTAR PRADESH
Website : www.casgulalpuriyapublicschool.com"
1289,"Aff. No. :2133496
Sch. Code:61362","State : UTTAR PRADESH
District : MATHURA",Senior Secondary Level,"Name : ADARSH VIDYA MANDIR
Head/Principal Name: MONIKA AGRAWAL","Address : SHAHPUR ROAD, GOPAL BAGH , KOSI KALAN
Website : www.avmkosi.com"
1290,"Aff. No. :2133505
Sch. Code:61364","State : UTTAR PRADESH
District : MATHURA",Senior Secondary Level,"Name : BABU DAUDAYAL ADVOCATE SARASWATI VIDYA MANDIR
Head/Principal Name: YOGESH KUMAR","Address : 246,SALEMPUR SONKH ROAD MAHOLI, MATHURA
Website : www.bdasvm.in"
1291,"Aff. No. :2133443
Sch. Code:61340","State : UTTAR PRADESH
District : MATHURA",Senior Secondary Level,"Name : THE MILLENNIUM SCHOOL
Head/Principal Name: Gautam Rajvanshi","Address : MAUJA GOVINDPUR, NH- 2, NEAR RADHA VALLEY
Website : https://www.themillenniumschoolmathura.com/"
1292,"Aff. No. :2133933
Sch. Code:61561","State : UTTAR PRADESH
District : MATHURA",Secondary Level,"Name : ASHOKA INTELLECTS GLOBAL SCHOOL
Head/Principal Name: Ashu Sharma","Address : BHARATPUR ROAD, MATHURA
Website : https://ashokaintellects.com/"
1293,"Aff. No. :2134013
Sch. Code:61584","State : UTTAR PRADESH
District : MATHURA",Secondary Level,"Name : MAA GAYATRI DEVI PUBLIC SCHOOL
Head/Principal Name: Yogendra Sharma","Address : SEEH PALSON, MATHURA
Website : www.mgdps.in"
1294,"Aff. No. :2134043
Sch. Code:61593","State : UTTAR PRADESH
District : MATHURA",Secondary Level,"Name : S D PUBLIC SCHOOL
Head/Principal Name: ABHINAY ATTRI","Address : NAUJHEEL, MATHURA
Website : https://www.sdpsmanagarhi.com/"
1295,"Aff. No. :2134048
Sch. Code:61594","State : UTTAR PRADESH
District : MATHURA",Senior Secondary Level,"Name : KANHA MAKHAN PUBLIC SCHOOL
Head/Principal Name: NATWAR LAL CHAUDHARY","Address : SALEMPUR ROAD, NEAR JAI GURUDEV MANDIR
Website : https://kmpsmathura.org/kmps-jaigurudev/"
1296,"Aff. No. :2134025
Sch. Code:61590","State : UTTAR PRADESH
District : MATHURA",Secondary Level,"Name : MAHARAJA ANANGPAL PUBLIC SCHOOL
Head/Principal Name: TINKESH KUMAR","Address : POST- SONKH, GOVERDHAN, MATHURA
Website : https://maharajaanangpal.in/"
1297,"Aff. No. :2134009
Sch. Code:61582","State : UTTAR PRADESH
District : MATHURA",Senior Secondary Level,"Name : RISING STAR INTERNATIONAL SCHOOL
Head/Principal Name: Harendra Singh","Address : NAUJHEEL, MATHURA
Website : http://risingstarinternationalschool.co.in/"
1298,"Aff. No. :2133868
Sch. Code:61534","State : UTTAR PRADESH
District : MATHURA",Secondary Level,"Name : ST.FLORENCE CONVENT SCHOOL
Head/Principal Name: Jyoti Ratra Kapoor","Address : NEAR VILL HARIPURA,NANDGAON ROAD, , NEAR VILL HARIPURA,NANDGAON ROAD,
Website : http://stflorenceschool.in"
1299,"Aff. No. :2133837
Sch. Code:61522","State : UTTAR PRADESH
District : MATHURA",Senior Secondary Level,"Name : CHILDREN ACADEMY SCHOOL
Head/Principal Name: MANOJ KUMAR","Address : NEAR ATV, MATHURA
Website : http://www.casmathura.sikhlo.in"
1300,"Aff. No. :2133830
Sch. Code:61520","State : UTTAR PRADESH
District : MATHURA",Senior Secondary Level,"Name : SHRIMATI R D PUBLIC SCHOOL
Head/Principal Name: ARCHANA CHAUDHARY","Address : OLE, MATHURA, OLE, MATHURA
Website : https://srdpsole.in/"
1301,"Aff. No. :2133847
Sch. Code:61526","State : UTTAR PRADESH
District : MATHURA",Senior Secondary Level,"Name : RAMKALI DEVI SARASWATI BALIKA VIDYA MANDIR
Head/Principal Name: PREMA PANU","Address : MATHURA, 281121
Website : http://rdsbvm.org"
1302,"Aff. No. :2134268
Sch. Code:61657","State : UTTAR PRADESH
District : MATHURA",Secondary Level,"Name : VIVEKANAND SCHOOL FOR EXCELLENCE
Head/Principal Name: SATYAVEER SINGH","Address : SONKH, MATHURA, UP
Website : https://vivekanandschoolsonkh.co.in/"
1303,"Aff. No. :2134275
Sch. Code:61659","State : UTTAR PRADESH
District : MATHURA",Secondary Level,"Name : RAM CHANDRA PUBLIC SCHOOL
Head/Principal Name: Chhel Bihari","Address : SONKH ROAD, GOVARDHAN, MATHURA
Website : http://www.rcpsgoverdhan.com/"
1304,"Aff. No. :2134287
Sch. Code:61664","State : UTTAR PRADESH
District : MATHURA",Senior Secondary Level,"Name : CAPTAIN RAKESH PUBLIC SCHOOL
Head/Principal Name: Radha Raman Sharma","Address : BHARNA KALAN, MATHURA, UP 281502
Website : http://www.crpsbharnakalan.com"
1305,"Aff. No. :2134321
Sch. Code:61677","State : UTTAR PRADESH
District : MATHURA",Secondary Level,"Name : BRIJ MAKHAN INTERNATIONAL SCHOOL
Head/Principal Name: Akash Chaudhary","Address : AKBARPUR, TENTI GAON, MANT
Website : www.brijmakhan.com"
1306,"Aff. No. :2134347
Sch. Code:61684","State : UTTAR PRADESH
District : MATHURA",Senior Secondary Level,"Name : D S MEMORIAL PUBLIC SCHOOL
Head/Principal Name: SAVITA KUMARI","Address : SONAUTH JANUBI , JAJAM PATTI, MATHURA
Website : http://www.dsmemorialpublicschool.com"
1307,"Aff. No. :2134466
Sch. Code:61727","State : UTTAR PRADESH
District : MATHURA",Secondary Level,"Name : BRAJ DHAM VIDHYA MANDIR
Head/Principal Name: RINKU SHARMA","Address : TECHMAN CITY, AURANGABAD, MATHURA
Website : www.bdvmmathura.com"
1308,"Aff. No. :2134533
Sch. Code:61747","State : UTTAR PRADESH
District : MATHURA",Secondary Level,"Name : SARANG HIGH IMPACT SCHOOL
Head/Principal Name: ANJU MALHOTRA","Address : BANKEY BIHARY PURAM, NEAR , CHAITANYA VIHAR PHASE-1
Website : https://www.saranghighimpact.com/"
1309,"Aff. No. :2134526
Sch. Code:61744","State : UTTAR PRADESH
District : MATHURA",Secondary Level,"Name : SKS GLOBAL SCHOOL
Head/Principal Name: NEETU","Address : BASU SARUPA RAYA, BASU SARUPA RAYA, BASU SARUPA RAYA
Website : https://sksglobalschool.com/"
1310,"Aff. No. :2134395
Sch. Code:61703","State : UTTAR PRADESH
District : MATHURA",Secondary Level,"Name : BRIJ PUBLIC SCHOOL
Head/Principal Name: PRATIBHA CHAUDHARY","Address : PATEL CHOWK ,KOSI ROAD, SHERGARH, CHHATA, MATHURA
Website : https://brijpublicschool.in/"
1311,"Aff. No. :2134379
Sch. Code:61694","State : UTTAR PRADESH
District : MATHURA",Senior Secondary Level,"Name : SVS INTERNATIONAL ACADEMY
Head/Principal Name: DIPAK TIGUNAYAT","Address : VIDYA DHAM, KARAB, BAHADURPUR
Website : www.svsinternationalacademy.com"
1312,"Aff. No. :2134372
Sch. Code:61692","State : UTTAR PRADESH
District : MATHURA",Secondary Level,"Name : BRIJ STHALI VIDYA PEETH
Head/Principal Name: SNEH LATA RAWAT","Address : RAYA NAUHJHEEL ROAD, HARNAUL MOD, TENTIGAON, MANT
Website : www.brijsthalividyapeeth.in"
1313,"Aff. No. :2134398
Sch. Code:61705","State : UTTAR PRADESH
District : MATHURA",Secondary Level,"Name : M S GLOBAL PUBLIC SCHOOL
Head/Principal Name: Harendra Singh","Address : SONKH ROAD, LALPUR, MATHURA
Website : https://msglobalschool.co.in/"
1314,"Aff. No. :2134595
Sch. Code:61764","State : UTTAR PRADESH
District : MATHURA",Senior Secondary Level,"Name : BLISS SCHOOL MATHURA
Head/Principal Name: Pankaj Agrawal","Address : SHAHPUR- GAUSANA ROAD, NEAR RADHEY COLD STORAGE, RAYA ROAD
Website : http://www.blissschoolmathura.in"
1315,"Aff. No. :2134596
Sch. Code:61765","State : UTTAR PRADESH
District : MATHURA",Secondary Level,"Name : SKG PUBLIC SCHOOL
Head/Principal Name: RAJENDRA SINGH","Address : VILLAGE RANHERA, CHHATA , MATHURA
Website : https://www.skgpublicschool.in/"
1316,"Aff. No. :2134608
Sch. Code:61769","State : UTTAR PRADESH
District : MATHURA",Secondary Level,"Name : K R S PUBLIC SCHOOL
Head/Principal Name: RAHUL SINGH CHAHAR","Address : CHHARORA, TEHARA ROAD, MATHURA
Website : https://krspublicschool.com/"
1317,"Aff. No. :2134735
Sch. Code:61817","State : UTTAR PRADESH
District : MATHURA",Secondary Level,"Name : HOLY ANGELS GLOBAL SCHOOL
Head/Principal Name: ANUJ PARASHAR","Address : JIKAN GAON, GOVERDHAN ROAD, UTTAR PRADESH
Website : www.holyanglesschool.com"
1318,"Aff. No. :2134760
Sch. Code:61825","State : UTTAR PRADESH
District : MATHURA",Senior Secondary Level,"Name : BALUNI SCHOOL OF COMPETITION
Head/Principal Name: Xavier Miranda","Address : RAHIMPUR FARAH, MATHURA, UP 281122
Website : www.baluniboardingschool.com"
1319,"Aff. No. :2134709
Sch. Code:61808","State : UTTAR PRADESH
District : MATHURA",Secondary Level,"Name : VARSHNEY INTERNATIONAL SCHOOL
Head/Principal Name: Priya Goyal","Address : KAJINAGARIYA ROAD, , LOHVAN,, MATHURA
Website : https://www.varshneyinternationalschool.com/"
1320,"Aff. No. :2134716
Sch. Code:61809","State : UTTAR PRADESH
District : MATHURA",Senior Secondary Level,"Name : SHRIJI BABA SARASWATI BALIKA VIDYA MANDIR
Head/Principal Name: Santoshi Dubey","Address : KHASARA NO 41, MAUJA GIRDHARPUR, GOVERDHAN ROAD
Website : www.sbsbvm.com"
1321,"Aff. No. :2134836
Sch. Code:61846","State : UTTAR PRADESH
District : MATHURA",Senior Secondary Level,"Name : KANHA MAKHAN MILLENNIUM SCHOOL
Head/Principal Name: RUCHI SHARMA","Address : INFRONT OF ANAND CLARKS INN , OMAXE ETERNITY , VRINDAVAN
Website : https://www.kmpsmathura.org"
1322,"Aff. No. :2140021
Sch. Code:64038","State : UTTAR PRADESH
District : MATHURA",Senior Secondary Level,"Name : JAWAHAR NAVODAYA VIDYALAYA
Head/Principal Name: BIRAM SINGH","Address : PAIGAON DISTT MATHURA UTTAR PRADESH
Website :"
1323,"Aff. No. :2180008
Sch. Code:60026","State : UTTAR PRADESH
District : MATHURA",Senior Secondary Level,"Name : ARMY PUBLIC SCHOOL
Head/Principal Name: MONICA SAHI","Address : HORN LINES MATHURA CANTT- UTTAR PRADESH
Website : www.apsmathuracantt.edu.in"
1324,"Aff. No. :2180013
Sch. Code:62009","State : UTTAR PRADESH
District : MEERUT",Senior Secondary Level,"Name : ARMY PUBLIC SCHOOL
Head/Principal Name: DR REETA GUPTA","Address : MEERUT CANTT. UTTAR PRADESH
Website : www.apsmeerut.com"
1325,"Aff. No. :2140001
Sch. Code:64033","State : UTTAR PRADESH
District : MEERUT",Senior Secondary Level,"Name : JAWAHAR NAVODAYA VIDYALAYA
Head/Principal Name: MAHESH KUMAR","Address : SARDHANA MEERUT UTTAR PRADESH
Website : https://www.navodaya.gov.in/nvs/nvs-school/MEERUT/"
1326,"Aff. No. :2134814
Sch. Code:61838","State : UTTAR PRADESH
District : MEERUT",Senior Secondary Level,"Name : SS PUBLIC SCHOOL
Head/Principal Name: NEHA CHAUDHARY","Address : CHITWANA SHERPUR, MAWANA, MEERUT
Website : https://sspschitwana.in"
1327,"Aff. No. :2134807
Sch. Code:61836","State : UTTAR PRADESH
District : MEERUT",Secondary Level,"Name : MOTHERS INTERNATIONAL PUBLIC SCHOOL
Head/Principal Name: PRIYANKA SINGH","Address : RAFFAN CHOWK, MAWANA ROAD, MEERUT
Website : https://www.mipsmawana.co.in/"
1328,"Aff. No. :2134682
Sch. Code:61796","State : UTTAR PRADESH
District : MEERUT",Secondary Level,"Name : NEW DIVINE PUBLIC SCHOOL
Head/Principal Name: SHALU GUPTA","Address : VILL - BEHARANPUR, KHARKHAUDA, MEERUT
Website : https://newdivineschool.com"
1329,"Aff. No. :2134686
Sch. Code:61798","State : UTTAR PRADESH
District : MEERUT",Secondary Level,"Name : MAHRISHI DAYANAD SARASWATI JUNIOR HIGH SCHOOL
Head/Principal Name: GUNJAN SHARMA","Address : PHALAVDA ROAD, PILONA, MAWANA
Website : https://mdsjrhighschool.in"
1330,"Aff. No. :2134755
Sch. Code:61824","State : UTTAR PRADESH
District : MEERUT",Senior Secondary Level,"Name : DASHMESH PUBLIC SCHOOL
Head/Principal Name: Amir Khan","Address : SAIFPUR FIROJPUR , POST BEHSUMA , MEERUT UP
Website : www.dpsramraj.co.in"
1331,"Aff. No. :2134603
Sch. Code:61767","State : UTTAR PRADESH
District : MEERUT",Senior Secondary Level,"Name : RISING SUN INTERNATIONAL SCHOOL
Head/Principal Name: RISHABH CHAUDHARY","Address : DILAWARA, ROHTA ROAD, MEERUT
Website : https://rsischool.in/"
1332,"Aff. No. :2134594
Sch. Code:61763","State : UTTAR PRADESH
District : MEERUT",Secondary Level,"Name : RAMA PUBLIC SCHOOL
Head/Principal Name: Alka Sharma","Address : KILA PARIKSHIT GARH ROAD, ABDULLAPUR, MEERUT
Website : https://ramaeducation.com"
1333,"Aff. No. :2134649
Sch. Code:61784","State : UTTAR PRADESH
District : MEERUT",Secondary Level,"Name : UDBHAV SHIKSHA NIKETAN
Head/Principal Name: MEENU","Address : SAKHOTI TANDA, SARDHANA, MEERUT
Website : www.udbhavshikshaniketanmeerut.co.in"
1334,"Aff. No. :2134413
Sch. Code:61710","State : UTTAR PRADESH
District : MEERUT",Secondary Level,"Name : ST JORDAN WORLD SCHOOL
Head/Principal Name: RAKESH KUMAR TYAGI","Address : 319/1 KHANDAWLI ROAD, CHANDPURA, KHARKHAUDA
Website : https://sjws.co.in/"
1335,"Aff. No. :2134457
Sch. Code:61723","State : UTTAR PRADESH
District : MEERUT",Senior Secondary Level,"Name : SAI INTERNATIONAL SCHOOL
Head/Principal Name: VEENA VIHAN","Address : VILLAGE IKRI, PATHAULI ROAD, SARDHNA,
Website : www.sainiternationalschool.in"
1336,"Aff. No. :2134360
Sch. Code:61689","State : UTTAR PRADESH
District : MEERUT",Senior Secondary Level,"Name : S S PUBLIC SCHOOL
Head/Principal Name: ANITA TOMAR","Address : VILLAGE SHAZADPUR, MAWANA ROAD, MEERUT
Website : http://sspsshahzadpur.in"
1337,"Aff. No. :2134549
Sch. Code:61751","State : UTTAR PRADESH
District : MEERUT",Senior Secondary Level,"Name : G R T PUBLIC SCHOOL
Head/Principal Name: Pratibha Singh","Address : 555 KHAWAJAMPUR , MAJRA ROHTA ROAD, MEERUT UP 250502
Website : www.grtpublicschool.com"
1338,"Aff. No. :2134476
Sch. Code:61731","State : UTTAR PRADESH
District : MEERUT",Secondary Level,"Name : DOON PUBLIC SCHOOL
Head/Principal Name: CHITRANJAN DASS","Address : VILLAGE KAUL , KHARKHAUDA ROAD, MEERUT
Website : www.doonschoolmeerut.com"
1339,"Aff. No. :2134429
Sch. Code:61714","State : UTTAR PRADESH
District : MEERUT",Senior Secondary Level,"Name : S.G WORLD SCHOOL
Head/Principal Name: Ruchi Gupta","Address : JULEHRA, BINOLI ROAD, SARDHANA
Website : www.sgworldschool.in"
1340,"Aff. No. :2134485
Sch. Code:61734","State : UTTAR PRADESH
District : MEERUT",Senior Secondary Level,"Name : SHRI ADVAIT SWAROOP GLOBAL SCHOOL
Head/Principal Name: DEPENDRA DIKSHIT","Address : VILLAGE - NANGLI AAZAR, POST - NANGLI AAZAR, TEHSIL - SARDHANA
Website : www.shriadvaitswaroopglobalschool.org"
1341,"Aff. No. :2134500
Sch. Code:61739","State : UTTAR PRADESH
District : MEERUT",Senior Secondary Level,"Name : GURUKUL ACADEMY
Head/Principal Name: GOPAL SINGH","Address : URMILA GREEN COLONY, DAURALA, MEERUT 250221
Website : www.gurukulacademyschool.in"
1342,"Aff. No. :2134345
Sch. Code:61683","State : UTTAR PRADESH
District : MEERUT",Secondary Level,"Name : NEW DEEP ACADEMY ENGLISH MEDIUM SCHOOL
Head/Principal Name: PALAK SHARMA","Address : GOLDEN CITY, BAGHPAT ROAD, JANI, DISTT. MEERUT, U.P.
Website : https://www.newdeepacademy.in"
1343,"Aff. No. :2134323
Sch. Code:61678","State : UTTAR PRADESH
District : MEERUT",Senior Secondary Level,"Name : GURUKUL DEV RISHI MEERUT
Head/Principal Name: RAJ BAHADUR SINGH","Address : CHAUDHARY CHARAN SINGH KANWAR MARG, GANGA NAHAR, NEAR NAANU BRIDGE TOWN SARDHANA
Website : http://www.gurukuldevrishi.org"
1344,"Aff. No. :2134319
Sch. Code:61675","State : UTTAR PRADESH
District : MEERUT",Senior Secondary Level,"Name : UMALOK PUBLIC SCHOOL
Head/Principal Name: LATA SHARMA","Address : BHATIPURA, , GARH ROAD, MEERUT
Website : https://umalok-public-school.webnode.in/"
1345,"Aff. No. :2134293
Sch. Code:61666","State : UTTAR PRADESH
District : MEERUT",Senior Secondary Level,"Name : GD GOENKA PUBLIC SCHOOL
Head/Principal Name: Aarti Kumar","Address : KAILI, POST - KHARKHAUDA, MEERUT
Website : www.gdgoenkahapur.com"
1346,"Aff. No. :2134248
Sch. Code:61654","State : UTTAR PRADESH
District : MEERUT",Secondary Level,"Name : SHAHEED DHAN SINGH KOTWAL PUBLIC SCHOOL
Head/Principal Name: KAPIL KUMAR SHARMA","Address : VILLAGE - NANGLA, , JAMALPUR, BAGHPAT ROAD, MEERUT
Website : https://sdkschool.in"
1347,"Aff. No. :2134207
Sch. Code:61643","State : UTTAR PRADESH
District : MEERUT",Senior Secondary Level,"Name : G.D. GOENKA PUBLIC SCHOOL
Head/Principal Name: SWEETA OJHA","Address : NH58, MEERUT BYPASS ROAD, MEERUT
Website : https://www.gdgoenkameerut.com/"
1348,"Aff. No. :2134227
Sch. Code:61647","State : UTTAR PRADESH
District : MEERUT",Secondary Level,"Name : SILVER LINE ACADEMY
Head/Principal Name: Ajay Kumar Gupta","Address : JHITKARI, SARDHANA, MEERUT
Website : https://silverlineacademy.in/"
1349,"Aff. No. :2133848
Sch. Code:61527","State : UTTAR PRADESH
District : MEERUT",Senior Secondary Level,"Name : S R INTERNATIONAL SCHOOL
Head/Principal Name: SWATANTRA SINGH CHAUHAN","Address : POST JAEE PARIKSHITGARH RD, MEERUT
Website : HTTPS://WWW.SRINTERNATIONALSCHOOLS.IN"
1350,"Aff. No. :2134000
Sch. Code:61579","State : UTTAR PRADESH
District : MEERUT",Senior Secondary Level,"Name : SAVITRI SONI VIDYA MANDIR
Head/Principal Name: HARPREET KAUR","Address : MAWANA, MEERUT
Website : https://www.ssvmnagauri.com"
1351,"Aff. No. :2134015
Sch. Code:61586","State : UTTAR PRADESH
District : MEERUT",Senior Secondary Level,"Name : KITE INTERNATIONAL SCHOOL
Head/Principal Name: Mrs. Rachna Sirohi","Address : NEAR GHAT PARTAPUR , MEERUT
Website : http://www.kiteinternationalschool.com"
1352,"Aff. No. :2133979
Sch. Code:61573","State : UTTAR PRADESH
District : MEERUT",Senior Secondary Level,"Name : MIET PUBLIC SCHOOL
Head/Principal Name: SILKY VERMA","Address : SECTOR-3, JAGRITI VIHAR EXTENSION , SCHEME NO.11, MEERUT-250004
Website : www.mietschool.ac.in"
1353,"Aff. No. :2133981
Sch. Code:61575","State : UTTAR PRADESH
District : MEERUT",Senior Secondary Level,"Name : SHREE RAM SINGH GLOBAL SCHOOL (SRS GLOBAL SCHOOL)
Head/Principal Name: PREETI SINGH","Address : NH-58 PARTAPUR,BY-PASS ROAD,MEERUT
Website : www.srsglobalschool.com"
1354,"Aff. No. :2133451
Sch. Code:61343","State : UTTAR PRADESH
District : MEERUT",Senior Secondary Level,"Name : K. P. INTERNATIONAL SCHOOL
Head/Principal Name: BABITA RANI","Address : OPP. SAMODYIK SWASTHA KENDRA, GAWRA ROAD, PARIKSHIT GARH, MEERUT
Website : www.kpinternationalschool.in"
1355,"Aff. No. :2133484
Sch. Code:61358","State : UTTAR PRADESH
District : MEERUT",Senior Secondary Level,"Name : VENKATESHWARA WORLD SCHOOL
Head/Principal Name: SANJAYA WALIA","Address : NH-58 ,DELHI ROORKEE BY PASS MEERUT-250001
Website : www.vwsmeerut.in"
1356,"Aff. No. :2133460
Sch. Code:61348","State : UTTAR PRADESH
District : MEERUT",Senior Secondary Level,"Name : GOLDEN BELLS CHILDRENS ACADEMY
Head/Principal Name: SANDHYA SHARMA","Address : PATHANPURA ROAD MEERUT
Website : www.gbcameerut.com"
1357,"Aff. No. :2133320
Sch. Code:61302","State : UTTAR PRADESH
District : MEERUT",Secondary Level,"Name : MY PUBLIC SCHOOL
Head/Principal Name: Sonia Nicholas","Address : SECTOR 10 SHASTRI NAGAR, NEAR GURUDWARA,MEERUT 250002 U.P.
Website : www.mypublicschool.co.in"
1358,"Aff. No. :2133251
Sch. Code:61278","State : UTTAR PRADESH
District : MEERUT",Senior Secondary Level,"Name : ST. FRANCIS WORLD SCHOOL
Head/Principal Name: Manisha Jain","Address : POCKET C LOHIA NAGAR HAPUR ROAD, MEERUT
Website : www.sfwsmeerut.com"
1359,"Aff. No. :2133673
Sch. Code:61435","State : UTTAR PRADESH
District : MEERUT",Senior Secondary Level,"Name : IVEY INTERNATIONAL SCHOOL
Head/Principal Name: RITU AGARWAL","Address : BIJLI BAMBA BYPASS ROAD, JAINPUR, MEERUT. 250002
Website : www.iveyschools.com"
1360,"Aff. No. :2133752
Sch. Code:61448","State : UTTAR PRADESH
District : MEERUT",Secondary Level,"Name : IPM SCHOOL
Head/Principal Name: MONICA CHAUHAN","Address : PALLAVPURAM, PHASE-1 NEAR BANK OF BARODA
Website : www.ipmschool.edu.in"
1361,"Aff. No. :2133770
Sch. Code:61494","State : UTTAR PRADESH
District : MEERUT",Senior Secondary Level,"Name : CHADHA PUBLIC SCHOOL
Head/Principal Name: NIDHI MITTAL","Address : PO JANI, UPPER GANGA CANAL ROAD (MURADNAGAR-ROORK
Website : www.chadhapublicschool.com"
1362,"Aff. No. :2133775
Sch. Code:61497","State : UTTAR PRADESH
District : MEERUT",Senior Secondary Level,"Name : ST.JOHN'S SR SEC SCHOOL FOR GIRLS
Head/Principal Name: Arsha Joyce Wilfred","Address : MISSION COMPOUND BACHCHA PARK MEERUT UP, MISSION COMPOUND BACHCHA PARK MEERUT UP
Website : http://www.stjohnsschoolforgirls.com"
1363,"Aff. No. :2133585
Sch. Code:61414","State : UTTAR PRADESH
District : MEERUT",Senior Secondary Level,"Name : GAURI INTERNATIONAL SCHOOL
Head/Principal Name: MANOJ KUMAR","Address : KHAJURI,KILA, PARIKSHITGARH,MEERUT(UP)
Website : www.gauriinternationalschool.com"
1364,"Aff. No. :2133665
Sch. Code:61431","State : UTTAR PRADESH
District : MEERUT",Senior Secondary Level,"Name : MYOSYS INTERNATIONAL SCHOOL
Head/Principal Name: AMAN AGARWAL","Address : DALUHERA, BAGHPAT ROAD, MEERUT (U.P)
Website : https://myosys.vitanasms.org/"
1365,"Aff. No. :2133527
Sch. Code:61371","State : UTTAR PRADESH
District : MEERUT",Secondary Level,"Name : ADARSH PUBLIC SCHOOL
Head/Principal Name: SHWETA KHANNA","Address : ARNAWALI, ROHATA ROAD, MEERUT
Website : www.apsarnawali.com"
1366,"Aff. No. :2132531
Sch. Code:61029","State : UTTAR PRADESH
District : MEERUT",Senior Secondary Level,"Name : DE MONTFORT ACADEMY
Head/Principal Name: SAMEER VERMA","Address : VILLAGE SAIFPUR-FIROZPUR, N.H 119, MEERUT-BIJNOR ROAD, MEERUT
Website : www.demontfortmeerut.edu.in"
1367,"Aff. No. :2132552
Sch. Code:61040","State : UTTAR PRADESH
District : MEERUT",Senior Secondary Level,"Name : NKBR ACADEMY
Head/Principal Name: VIPIN KUMAR","Address : MEERUT-HAPUR ROAD
Website : www.nkbracademy.com"
1368,"Aff. No. :2132559
Sch. Code:61042","State : UTTAR PRADESH
District : MEERUT",Senior Secondary Level,"Name : GANDHI INTERNATIONAL PUBLIC SCHOOL
Head/Principal Name: SHOBHIT TIWARI","Address : NEAR GANDHI INSTITUTE, JAINPUR, HAPUR BYPASS, DELHI ROAD, MEERUT CITY
Website : www.gipsm.in"
1369,"Aff. No. :2132646
Sch. Code:61077","State : UTTAR PRADESH
District : MEERUT",Senior Secondary Level,"Name : ST. XAVIERS WORLD SCHOOL
Head/Principal Name: ROHIT MEHRA","Address : KALAND CHUNGI, SARDHANA
Website : https://sardhana.stxaviersworldschool.com/"
1370,"Aff. No. :2132672
Sch. Code:61087","State : UTTAR PRADESH
District : MEERUT",Senior Secondary Level,"Name : RISHIKUL VIDHYAPEETH
Head/Principal Name: ARUN KUMAR SHARMA","Address : NH 58 ROORKEE ROAD
Website : www.rishikulvidyapeeth.com"
1371,"Aff. No. :2132658
Sch. Code:61083","State : UTTAR PRADESH
District : MEERUT",Senior Secondary Level,"Name : SRI RAM VIDYAPEETH GLOBAL ACADEMY
Head/Principal Name: RAM SUDHIR","Address : VILLAGE BANA NEAR MASOORI MAWANA ROAD MEERUT UP 250401
Website : www.srvschool.org"
1372,"Aff. No. :2132656
Sch. Code:61081","State : UTTAR PRADESH
District : MEERUT",Senior Secondary Level,"Name : SHANTI NIKETAN VIDYAPEETH
Head/Principal Name: NAZISH MEHMOOD","Address : VILL. SALARPUR JALALPUR PARGANA TEHSIL DISTT. MEERUT/ 6TH MILE STONE MAWANA ROAD
Website : www.shantiniketanvidyapeeth.com"
1373,"Aff. No. :2132682
Sch. Code:61092","State : UTTAR PRADESH
District : MEERUT",Senior Secondary Level,"Name : FARMKIDS ACADEMY
Head/Principal Name: SHARMILA RANI","Address : VILLAGE-LHARRA,BLOCK-JANI
Website : www.futurefarmkids.co.in"
1374,"Aff. No. :2132400
Sch. Code:60980","State : UTTAR PRADESH
District : MEERUT",Senior Secondary Level,"Name : SARVODAYA PUBLIC SCHOOL
Head/Principal Name: ROBIN","Address : KHARKHAUDA MEERUT
Website : www.sarvodaya.info"
1375,"Aff. No. :2132341
Sch. Code:60964","State : UTTAR PRADESH
District : MEERUT",Senior Secondary Level,"Name : NEW BLOOMS PUBLIC SCHOOL
Head/Principal Name: MOHAN SAHA","Address : VILLAGE GANESHPUR HASTINAPUR ROAD HASTINAPUR MEERUT
Website : www.nbpshastinapur.in"
1376,"Aff. No. :2132414
Sch. Code:60986","State : UTTAR PRADESH
District : MEERUT",Senior Secondary Level,"Name : SHARPEN PUBLIC SCHOOL
Head/Principal Name: MANJULA GARG","Address : VILL. INCHOLI MAWANA ROAD MEERUT
Website : www.sharpenpublicschool.in"
1377,"Aff. No. :2132443
Sch. Code:60997","State : UTTAR PRADESH
District : MEERUT",Senior Secondary Level,"Name : MODERN DELHI PUBLIC SCHOOL GARH ROAD MAUKHAS MEERUT
Head/Principal Name: Tarun Tomer","Address : GARH ROAD MAUKHAS, MEERUT
Website : www.moderndelhipublicschool.in"
1378,"Aff. No. :2132493
Sch. Code:61013","State : UTTAR PRADESH
District : MEERUT",Senior Secondary Level,"Name : V.T. PUBLIC SCHOOL
Head/Principal Name: ANUJ KUMAR SHRIVASTAVA","Address : MOHIUDDINPUR, MEERUT (U.P.)
Website : https://vtpublicschool.com"
1379,"Aff. No. :2132294
Sch. Code:60950","State : UTTAR PRADESH
District : MEERUT",Senior Secondary Level,"Name : AMBITION INTERNATIONAL SCHOOL
Head/Principal Name: VIVEK BHATNAGAR","Address : MEERUT -BIJNOR ROAD, BEHSUMA
Website : www.aisbehsuma.in"
1380,"Aff. No. :2132317
Sch. Code:60957","State : UTTAR PRADESH
District : MEERUT",Secondary Level,"Name : SUBHASH PUBLIC SCHOOL
Head/Principal Name: Bhavana chauhan","Address : SHIV NAGAR MODIPURAM MEERUT
Website : www.subhashpublicschool.in"
1381,"Aff. No. :2132356
Sch. Code:60968","State : UTTAR PRADESH
District : MEERUT",Senior Secondary Level,"Name : BIT GLOBAL SCHOOL
Head/Principal Name: SUNIL KUMAR SHARMA","Address : GHAT INSTITUTIONAL AREA NH 58 PRATAPUR BYE PASS ROAD
Website : www.bitglobalschool.org"
1382,"Aff. No. :2132299
Sch. Code:60952","State : UTTAR PRADESH
District : MEERUT",Senior Secondary Level,"Name : TRANSLAM ACADEMY
Head/Principal Name: DHEERAJ KUMAR ARYA","Address : 4TH MILE STONE,NH-119,MAWANA-HASTINAPUR,DISTT-MEERUT
Website : https://translamacademy.edu.in"
1383,"Aff. No. :2132335
Sch. Code:60961","State : UTTAR PRADESH
District : MEERUT",Senior Secondary Level,"Name : M.S.B. INTERNATIONAL SCHOOL NH 58 NR TOLL PLAZA VILL BHARALA PANWARI PO DAURALA NR MODIPURAM MEERUT
Head/Principal Name: UMESH KUMAR SHARMA","Address : VILL - BHARALA, PO- DAURALA, DISTT- MEERUT
Website : www.msbischoolmeerut.in"
1384,"Aff. No. :2132824
Sch. Code:61137","State : UTTAR PRADESH
District : MEERUT",Senior Secondary Level,"Name : DELHI GLOBAL SCHOOL
Head/Principal Name: PURNENDU KUMAR JHA","Address : KHASRA/PLOT NO.291,292,
Website : www.delhigschool.com"
1385,"Aff. No. :2132737
Sch. Code:61116","State : UTTAR PRADESH
District : MEERUT",Senior Secondary Level,"Name : HEADWAY GLOBAL SCHOOL
Head/Principal Name: Rohit Rathi","Address : PLOT/KHASRA NO.752,DAURALA-MUSSORIE ROAD
Website : http://headwayschool.in/"
1386,"Aff. No. :2132759
Sch. Code:61122","State : UTTAR PRADESH
District : MEERUT",Senior Secondary Level,"Name : ROCKLAND INTERNATIONAL SCHOOL
Head/Principal Name: RUPAL NEHRAA","Address : PARIKSHIT GARH, DISTT. MEERUT, UTTAR PRADEH
Website : www.rocklandinternationalschool.com"
1387,"Aff. No. :2132870
Sch. Code:61159","State : UTTAR PRADESH
District : MEERUT",Senior Secondary Level,"Name : HASTINAPUR PUBLIC SCHOOL
Head/Principal Name: Dr. Ritu Rajvanshi","Address : HASTINAPUR ROAD, GANESHPUR
Website : http://www.hastinapurpublicschool.com"
1388,"Aff. No. :2132858
Sch. Code:61151","State : UTTAR PRADESH
District : MEERUT",Secondary Level,"Name : HI-NESS PUBLIC SCHOOL
Head/Principal Name: KAMRAN BEG","Address : 422,MEERUT-HAPUR BYPASS(BIJLI BAMBA) NEAR RAILWAY CROSSING, LISARI, MEERUT CITY.
Website : www.hinesspublicschool.com"
1389,"Aff. No. :2132930
Sch. Code:61181","State : UTTAR PRADESH
District : MEERUT",Senior Secondary Level,"Name : KUSUM INTERNATIONAL ACADEMY
Head/Principal Name: S S RIZVI","Address : VILL- ATMADNAGAR ALIPUR TEHSIL-SARDHANA DISTT-MEERUT
Website : www.kusuminternationalacademy.in"
1390,"Aff. No. :2132962
Sch. Code:61190","State : UTTAR PRADESH
District : MEERUT",Secondary Level,"Name : KAUSHIK PUBLIC SCHOOL
Head/Principal Name: Mahesh kaushik","Address : MOHAMMADPUR LALA
Website : http://www.kaushikpublicschool.com/"
1391,"Aff. No. :2132941
Sch. Code:61183","State : UTTAR PRADESH
District : MEERUT",Senior Secondary Level,"Name : BALERAM BRAJBHUSHAN SARASWATI SHISHU MANDIR
Head/Principal Name: PRABHAT KUMAR GUPTA","Address : D- BLOCK, SHASTRI NAGAR MEERUT
Website : http://www.bbssmmeerut.com/newsite/home.aspx"
1392,"Aff. No. :2132998
Sch. Code:61202","State : UTTAR PRADESH
District : MEERUT",Senior Secondary Level,"Name : ST. THOMAS ENGLISH MEDIUM SCHOOL
Head/Principal Name: Poonam","Address : KAZMABAD GOON,GEJHA ROAD, MOHIUDDINPUR, MEERUT(U.P)
Website : www.stthomasschoolmohiuddinpur.com"
1393,"Aff. No. :2132999
Sch. Code:61203","State : UTTAR PRADESH
District : MEERUT",Secondary Level,"Name : UTTAM PUBLIC SCHOOL
Head/Principal Name: MAMTA CHAUDHARY","Address : VILL-RAHAWATI,MAWANA
Website : www.uttampublicschoolrwt.in"
1394,"Aff. No. :2133028
Sch. Code:61213","State : UTTAR PRADESH
District : MEERUT",Senior Secondary Level,"Name : KRISHNA PUBLIC SCHOOL
Head/Principal Name: GIRISH GULATHI","Address : KILA PRIKSHIT ROAD, MEERUT UTTAR PRADESH
Website : http://krishnapublicschoolmeerut.com"
1395,"Aff. No. :2133035
Sch. Code:61217","State : UTTAR PRADESH
District : MEERUT",Senior Secondary Level,"Name : RUDRA INTERNATIONAL PUBLIC SCHOOL
Head/Principal Name: DR SHIVANI SINGH","Address : NH-119, MAWANA KHURD, MEERUT
Website : www.rudraschool.org"
1396,"Aff. No. :2133171
Sch. Code:61242","State : UTTAR PRADESH
District : MEERUT",Senior Secondary Level,"Name : WISDOM GLOBAL SCHOOL
Head/Principal Name: BALJEET KAUR SETHI","Address : NH-58, NR NEELKANTH GROUP OF INSTITUTIONS, MODIPURAM,
Website : https://www.wisdomglobalschool.in/"
1397,"Aff. No. :2133187
Sch. Code:61263","State : UTTAR PRADESH
District : MEERUT",Senior Secondary Level,"Name : BRAINZ EDU WORLD
Head/Principal Name: Jasleen Kaur","Address : BRAINZ EDU WORLD, KILA ROAD, VILLAGE BHAVANPUR, MEERUT
Website : www.brainzeduworld.com"
1398,"Aff. No. :2133189
Sch. Code:61258","State : UTTAR PRADESH
District : MEERUT",Senior Secondary Level,"Name : STEP TO SUCCESS SCHOOL
Head/Principal Name: RASHMI MISHRA","Address : BAGPAT ROAD PANCHLI KHURD MEERUT
Website : www.sts-school.edu.in"
1399,"Aff. No. :2133108
Sch. Code:61232","State : UTTAR PRADESH
District : MEERUT",Senior Secondary Level,"Name : MEERUT PUBLIC SCHOOL
Head/Principal Name: JYOTI P VAIDYA","Address : SECTOR-1,VED VYAS PURUI, BYPASS, MEERUT
Website : https://meerutpublicschool.edu.in/vedvyaspuri"
1400,"Aff. No. :2132069
Sch. Code:60862","State : UTTAR PRADESH
District : MEERUT",Senior Secondary Level,"Name : BNG INTERNATIONAL SCHOOL
Head/Principal Name: SANJEEV AGGARWAL","Address : NEAR JAIL CHUNGI, KILA PARIKSHITGARH ROAD
Website : www.bng.edu.in"
1401,"Aff. No. :2132078
Sch. Code:60867","State : UTTAR PRADESH
District : MEERUT",Senior Secondary Level,"Name : SARASWATI PUBLIC SCHOOL
Head/Principal Name: RAKESH KUMAR","Address : MAHROLI ROAD, PARTAPUR
Website : http://www.saraswatipublicschool.net"
1402,"Aff. No. :2132123
Sch. Code:60885","State : UTTAR PRADESH
District : MEERUT",Senior Secondary Level,"Name : SIBYA PUBLIC JUNIOR HIGH SCHOOL
Head/Principal Name: ANJU SHARMA","Address : NEAR FLY OVER MEHROULI ROAD, PARTAPUR
Website : www.sibyapublicschool.info"
1403,"Aff. No. :2132124
Sch. Code:60886","State : UTTAR PRADESH
District : MEERUT",Secondary Level,"Name : MAHAVEER ACADEMY
Head/Principal Name: ANUBHAVA RAJA","Address : SECTOR 1, MADHAVPURAM, GRAM RITHANI, MEERUT
Website : www.mahaveeracademy.com"
1404,"Aff. No. :2132125
Sch. Code:60887","State : UTTAR PRADESH
District : MEERUT",Senior Secondary Level,"Name : R. M. INTERNATIONAL SCHOOL
Head/Principal Name: Rupali Vashishtha","Address : VILL. MAHADEV, SARDHANA, MEERUT
Website : www.rmissardhana.com"
1405,"Aff. No. :2131907
Sch. Code:60801","State : UTTAR PRADESH
District : MEERUT",Senior Secondary Level,"Name : C.P.S. PUBLIC SCHOOL
Head/Principal Name: MANOJ KUMAR","Address : MOHIUDDINPUR, MEERUT
Website : www.cpspublicschool.org"
1406,"Aff. No. :2131892
Sch. Code:60796","State : UTTAR PRADESH
District : MEERUT",Senior Secondary Level,"Name : S.M. PUBLIC SCHOOL
Head/Principal Name: VINITA CHAUHAN","Address : MOH. KALYAN SINGH, COL. DHIKAULI, MAWANA
Website : www.smpublicschooledu.in"
1407,"Aff. No. :2131893
Sch. Code:60797","State : UTTAR PRADESH
District : MEERUT",Senior Secondary Level,"Name : SHRI SAI ACADEMY
Head/Principal Name: KARUNA CHAUDHARY","Address : VILL - AMEHRA ADIPUR, MAWANA ROAD MEERUT
Website : https://shrisaiacademy.in/"
1408,"Aff. No. :2132012
Sch. Code:60839","State : UTTAR PRADESH
District : MEERUT",Secondary Level,"Name : ALEXANDER PUBLIC SCHOOL
Head/Principal Name: VIKAS PRATAP","Address : HAPUR DELHI BYPASS NEAR 44PAC MEERUT UP
Website : www.alexanderpublicschoolmeerut.in"
1409,"Aff. No. :2131980
Sch. Code:60822","State : UTTAR PRADESH
District : MEERUT",Senior Secondary Level,"Name : MUSSOORIE PUBLIC SCHOOL
Head/Principal Name: UMA NAGAR","Address : VILL. MUSSOORIE, MAWANA ROAD, MEERUT
Website : http://mpsmussoorie.co.in/"
1410,"Aff. No. :2131965
Sch. Code:60816","State : UTTAR PRADESH
District : MEERUT",Senior Secondary Level,"Name : VIDYA GLOBAL SCHOOL
Head/Principal Name: Vineet Sood","Address : 247, VIDYA KNOWLEDGE PARK, BAGHPAT ROAD
Website : https://www.vidyaglobalschool.com/"
1411,"Aff. No. :2131937
Sch. Code:60810","State : UTTAR PRADESH
District : MEERUT",Senior Secondary Level,"Name : P.G.M INTERNATIONAL SCHOOL
Head/Principal Name: ANUBHA GOEL","Address : GARH ROAD, MEERUT, UP- 250004
Website : www.pgmis.edu.in"
1412,"Aff. No. :2131821
Sch. Code:60764","State : UTTAR PRADESH
District : MEERUT",Senior Secondary Level,"Name : VARDHMAN ACADEMY
Head/Principal Name: REKHA SHARMA","Address : VARDHMAN ACADEMY C-BLOCK RADHA GARDEN MAWANA ROAD MEERUT, UTTAR PRADESH
Website : www.vardhmanacademymeerut.com"
1413,"Aff. No. :2131804
Sch. Code:60760","State : UTTAR PRADESH
District : MEERUT",Senior Secondary Level,"Name : RHOMBUS WORLD SCHOOL
Head/Principal Name: AMIT KOHLI","Address : NH-58, ROORKEE ROAD, MODIPURAM
Website : www.rhombuswordschool.com"
1414,"Aff. No. :2131792
Sch. Code:60753","State : UTTAR PRADESH
District : MEERUT",Senior Secondary Level,"Name : R K PUBLIC SCHOOL
Head/Principal Name: Jitendra Kumar Dhaka","Address : TOWN KITHORE POST KITHORE DISTT MEERUT
Website : www.rkpublicschoolkithore.in"
1415,"Aff. No. :2131796
Sch. Code:60755","State : UTTAR PRADESH
District : MEERUT",Senior Secondary Level,"Name : MAHAVEER INTERNATIONAL SCHOOL
Head/Principal Name: NAVEEN KUMAR SHARMA","Address : VILL., POHALLI, SARDHANA ROAD, MEERUT, UTTAR PRADESH-250341
Website : www.mismeerut.com"
1416,"Aff. No. :2131745
Sch. Code:60733","State : UTTAR PRADESH
District : MEERUT",Senior Secondary Level,"Name : KAMLA DEVI INTERNATIONAL SCHOOL
Head/Principal Name: SEEMA PANDEY","Address : NH-58, POCKET-A, PHASE-2, SHARDHA PURI
Website : www.kdinternationalschool.in"
1417,"Aff. No. :2131737
Sch. Code:60730","State : UTTAR PRADESH
District : MEERUT",Senior Secondary Level,"Name : SATYAKAAM INTERNATIONAL SCHOOL
Head/Principal Name: Neha Anand","Address : POCKET L , LOHIYA NAGAR , MEERUT
Website : www.satyakaam.edu.in"
1418,"Aff. No. :2131729
Sch. Code:60727","State : UTTAR PRADESH
District : MEERUT",Senior Secondary Level,"Name : MIET PUBLIC SCHOOL
Head/Principal Name: RUPALI SEHGAL","Address : 6TH MILE STONE, MAWANA ROAD, MEERUT
Website : www.mietschool.ac.in"
1419,"Aff. No. :2131626
Sch. Code:60694","State : UTTAR PRADESH
District : MEERUT",Senior Secondary Level,"Name : AATMAN PUBLIC SCHOOL
Head/Principal Name: RANJIT KUMAR","Address : NEAR HARRA MORE, ROHTA ROAD, KHIVAI, MEERUT, UTTAR PRADESH
Website : http://www.aatmanpublicschool.org"
1420,"Aff. No. :2131656
Sch. Code:60702","State : UTTAR PRADESH
District : MEERUT",Senior Secondary Level,"Name : D.M.PUBLIC SCHOOL
Head/Principal Name: BRIJESH MAHESHWARI","Address : ATOLA, KITHOR HAPUR ROAD, MEERUT
Website : www.dmpublicschool.in"
1421,"Aff. No. :2131696
Sch. Code:60714","State : UTTAR PRADESH
District : MEERUT",Senior Secondary Level,"Name : THE ADHYYAN SCHOOL
Head/Principal Name: SUNIL KUMAR VERMA","Address : SECTOR 4C , POCKET A , PLOT NO. E/4, SHATABDI NAGAR, DISTT MEERUT, UTTAR PRADESH
Website : www.theadhyyan.edu.in"
1422,"Aff. No. :2131426
Sch. Code:60636","State : UTTAR PRADESH
District : MEERUT",Senior Secondary Level,"Name : VIDYA ACADEMY
Head/Principal Name: Rekha Chaudhary","Address : DAURALA, MEERUT
Website : www.vidyaacademydaurala.com"
1423,"Aff. No. :2131417
Sch. Code:60633","State : UTTAR PRADESH
District : MEERUT",Senior Secondary Level,"Name : BDS INTERNATIONAL SCHOOL
Head/Principal Name: BINDU SHARMA","Address : SECTOR-8, JAGRITI VIHAR, OPP. MEDICAL COLLEGE, GARH ROAD, MEERUT
Website : www.bdsinternationalschool.net"
1424,"Aff. No. :2131402
Sch. Code:60631","State : UTTAR PRADESH
District : MEERUT",Senior Secondary Level,"Name : SUCCESS INTERNATIONAL SCHOOL
Head/Principal Name: MUKESH KUMAR","Address : MODIPURAM, MEERUT
Website : www.successinternationalschool.in"
1425,"Aff. No. :2131474
Sch. Code:60648","State : UTTAR PRADESH
District : MEERUT",Senior Secondary Level,"Name : KADAM PUBLIC SCHOOL
Head/Principal Name: Parul Chaudhary","Address : BHOONI CHAURAHA TEH. SARDHNA DISTT. MEERUT
Website : www.kadampublicschool.com"
1426,"Aff. No. :2131454
Sch. Code:60643","State : UTTAR PRADESH
District : MEERUT",Senior Secondary Level,"Name : SURAJMAL MODERN HIGHER SECONDARY SCHOOL
Head/Principal Name: PARVINDER KUMAR","Address : TEHSIL MAWANA, DISTT MEERUT,UTTAR PRADESH-254001
Website : www.smssschool.in"
1427,"Aff. No. :2131457
Sch. Code:60644","State : UTTAR PRADESH
District : MEERUT",Senior Secondary Level,"Name : THE MILLENNIUM SCHOOL
Head/Principal Name: Amandeep Sharma","Address : SEC-5, ANSALS TOWNSHIP, OPP. SUBHARTI UNIVERSITY
Website :"
1428,"Aff. No. :2131449
Sch. Code:60641","State : UTTAR PRADESH
District : MEERUT",Senior Secondary Level,"Name : R.N INTERNATIONAL PUBLIC SCHOOL
Head/Principal Name: RASHMI PAUL","Address : PLOT NO. HS, O-POCKET PALLAV PURAM PHASE LL, ROORKEE ROAD MEERUT.
Website : www.rninternationalpublicschoolmeerut.com"
1429,"Aff. No. :2131374
Sch. Code:60617","State : UTTAR PRADESH
District : MEERUT",Senior Secondary Level,"Name : SVS INTERNATIONAL SCHOOL
Head/Principal Name: VIKAS JAIRATH","Address : SVS EDUCATIONAL VILLAGE,GANGA NAHAR,HASTINAPUR ROAD,MAWANA MEERUT - 250401
Website : www.svsinternationalschool.com"
1430,"Aff. No. :2131595
Sch. Code:60682","State : UTTAR PRADESH
District : MEERUT",Senior Secondary Level,"Name : RADHA GOVIND PUBLIC SCHOOL
Head/Principal Name: SANGEETA KASHYAP","Address : ANUYOGIPURAM, GARH ROAD MEERUT-250004
Website : https://rgps.edu.in/"
1431,"Aff. No. :2131613
Sch. Code:60686","State : UTTAR PRADESH
District : MEERUT",Senior Secondary Level,"Name : VIDYADEEP GLOBAL SCHOOL
Head/Principal Name: PRAMOD SHARMA","Address : VIDYA DEEP GLOBAL SCHOOL, NH-119, NEAR VILLAGE BHAINSA, TEHSIL MAWANA DISTT MEERUT PIN CODE- 250401
Website : www.vidyadeepglobalschool.in"
1432,"Aff. No. :2131568
Sch. Code:60676","State : UTTAR PRADESH
District : MEERUT",Senior Secondary Level,"Name : D S PUBLIC SCHOOL
Head/Principal Name: NEELAM GUPTA","Address : VILL. NANGLA JAMALPUR BAGHPAT ROAD, MEERUT
Website : www.dspublicschools.co.in"
1433,"Aff. No. :2131570
Sch. Code:60677","State : UTTAR PRADESH
District : MEERUT",Senior Secondary Level,"Name : C I S ACADEMY
Head/Principal Name: BABITA RANI","Address : VILL. & POST. SATWAI, MEERUT
Website : www.cisacademy.in"
1434,"Aff. No. :2131563
Sch. Code:60675","State : UTTAR PRADESH
District : MEERUT",Senior Secondary Level,"Name : VED INTERNATIONAL SCHOOL
Head/Principal Name: Amit Kumar Singh","Address : VILL. SIWAYA, ROORKEE ROAD, SARDHANA, MEERUT,
Website : www.vismeerut.com"
1435,"Aff. No. :2131588
Sch. Code:60680","State : UTTAR PRADESH
District : MEERUT",Senior Secondary Level,"Name : SHANTI PUBLIC SCHOOL
Head/Principal Name: SATISH KUMAR SHARMA","Address : VILL.-KURALI, BAGHPAT ROAD
Website : www.shantipublicschool.net"
1436,"Aff. No. :2131045
Sch. Code:60473","State : UTTAR PRADESH
District : MEERUT",Senior Secondary Level,"Name : THE AARYANS
Head/Principal Name: PREETI MALHOTRA","Address : 62 KM STONE NH-58 JATAULI MEERUT
Website : www.theaaryans.com"
1437,"Aff. No. :2131012
Sch. Code:60461","State : UTTAR PRADESH
District : MEERUT",Senior Secondary Level,"Name : THE AVENUE PUBLIC SCHOOL
Head/Principal Name: MANISH M SAINI","Address : G-POCKET, GANGA NAGAR
Website : www.tapsmrt.in"
1438,"Aff. No. :2131088
Sch. Code:60485","State : UTTAR PRADESH
District : MEERUT",Senior Secondary Level,"Name : RADHE SHYAM MORARKA SARASWATI VIDYA MANDIR
Head/Principal Name: RAJESH KUMAR","Address : MADHAV KUNJ E-2 4C, SATABDI NAGAR MEERUT, UTTAR PRADESH
Website : www.rmsvm.co.in"
1439,"Aff. No. :2131073
Sch. Code:60483","State : UTTAR PRADESH
District : MEERUT",Senior Secondary Level,"Name : GARGI GIRLS SCHOOL
Head/Principal Name: VAGMITA TYAGI","Address : J-POCKET, GANGA NAGAR
Website : https://gargigirlsschool.com/"
1440,"Aff. No. :2131092
Sch. Code:60487","State : UTTAR PRADESH
District : MEERUT",Senior Secondary Level,"Name : MODERN PUBLIC SCHOOL
Head/Principal Name: I.A CHAUHAN","Address : 210,A- WESTEN ROAD, MEERUT CANTT.
Website : www.modernpublicschool.co.in"
1441,"Aff. No. :2131100
Sch. Code:60490","State : UTTAR PRADESH
District : MEERUT",Senior Secondary Level,"Name : SPRING DALES PUBLIC SCHOOL
Head/Principal Name: KAMAL KUMAR DEWAN","Address : MEERUT ROAD, MAWANA, MEERUT, UTTAR PRADESH
Website : www.sdpsmwn.in"
1442,"Aff. No. :2131128
Sch. Code:60503","State : UTTAR PRADESH
District : MEERUT",Senior Secondary Level,"Name : S K ACADEMY
Head/Principal Name: Mrs Priya Tyagi","Address : HAPUR ROAD, BIJAULI
Website : http://www.xyz.com"
1443,"Aff. No. :2131220
Sch. Code:60547","State : UTTAR PRADESH
District : MEERUT",Senior Secondary Level,"Name : IIMT ACADEMY
Head/Principal Name: ALKA SHARMA","Address : P POCKET , GANGA NAGAR , MAWANA ROAD ,MEERUT .
Website : www.iimtschools.in"
1444,"Aff. No. :2131242
Sch. Code:60553","State : UTTAR PRADESH
District : MEERUT",Senior Secondary Level,"Name : J.P. INTERNATIONAL
Head/Principal Name: AARTI CHADHA","Address : NH-58, SRADHA PURI, BYE PASS, (NEAR BAPU ASHARAM ASHRAM) KANKER KHERA, MEERUT CANTT
Website : www.jpinternationalschool.com"
1445,"Aff. No. :2131211
Sch. Code:60544","State : UTTAR PRADESH
District : MEERUT",Senior Secondary Level,"Name : SHRIRAM SCHOOL
Head/Principal Name: SUNIL KUMAR AGRAWAL","Address : MAWANA, SHRIRAM SCHOOL SOCIETY, MAWANA SUGAR WORKS COMPOUND, DISTT MEERUT, UTTAR PRADESH
Website : https://shriramschoolmawana.com/"
1446,"Aff. No. :2131336
Sch. Code:60604","State : UTTAR PRADESH
District : MEERUT",Senior Secondary Level,"Name : LADY ASHARFI INTER NATIONAL
Head/Principal Name: NITIN KUMAR","Address : DEFENCE ENCLAVE, SARDANA ROAD, MEERUT
Website : www.ladyasharfiinternationalschool.com"
1447,"Aff. No. :2130662
Sch. Code:60297","State : UTTAR PRADESH
District : MEERUT",Senior Secondary Level,"Name : LTR PUBLIC SCHOOL
Head/Principal Name: SANJAY KUMAR","Address : KURALI BAGHPAT ROAD DISTT MEERUT UTTAR PRADESH
Website : www.ltrpublicschool.com"
1448,"Aff. No. :2130655
Sch. Code:60294","State : UTTAR PRADESH
District : MEERUT",Senior Secondary Level,"Name : K L INTERNATIONAL SCHOOL
Head/Principal Name: SUDHANSHU SHEKHAR","Address : NEAR SOMDUTT VIHAR GARH ROAD MEERUT UTTAR PRADESH
Website : www.klischool.com"
1449,"Aff. No. :2130693
Sch. Code:60312","State : UTTAR PRADESH
District : MEERUT",Senior Secondary Level,"Name : KALKA PUBLIC SCHOOL
Head/Principal Name: KULDEEP BHARTI","Address : PARTAPUR BY PASS MEERUT UTTAR PRADESH
Website : www.kalkapublicschoolmeerut.com"
1450,"Aff. No. :2130702
Sch. Code:60316","State : UTTAR PRADESH
District : MEERUT",Senior Secondary Level,"Name : OM PUBLIC SCHOOL
Head/Principal Name: Rakesh Kumar","Address : LUHACH NAGAR PARIKSHIT GARH MEERUT UTTAR PRADESH
Website : www.ompublicschool.co.in"
1451,"Aff. No. :2130723
Sch. Code:60326","State : UTTAR PRADESH
District : MEERUT",Senior Secondary Level,"Name : D M PUBLIC SCHOOL
Head/Principal Name: VINOD SINGH","Address : PARIKSHIT GARH MEERUT UP
Website : www.dmpsparikshitgarh.org"
1452,"Aff. No. :2130726
Sch. Code:60327","State : UTTAR PRADESH
District : MEERUT",Senior Secondary Level,"Name : DADHICHI PUBLIC SCHOOL
Head/Principal Name: S.P. SINGH","Address : N POCKET DADHICHI MARG GANGANAGAR MEERUT UP
Website : www.dadhichipublicschoolmeerut.com"
1453,"Aff. No. :2130765
Sch. Code:60346","State : UTTAR PRADESH
District : MEERUT",Senior Secondary Level,"Name : PRESIDENCY PUBLIC SCHOOL
Head/Principal Name: DR. UPENDRA KUMAR BHARDWAJ","Address : SECTOR I, SHATABADI NAGAR DELHI ROAD MEERUT UP
Website : www.presidencyschool.co.in"
1454,"Aff. No. :2130777
Sch. Code:60353","State : UTTAR PRADESH
District : MEERUT",Senior Secondary Level,"Name : DEWAN PUBLIC SCHOOL INTERNATIONAL
Head/Principal Name: RAJUL PATEL","Address : DELHI ROAD RITHANI MEERUT UP
Website : www.dpsi.edu.in"
1455,"Aff. No. :2130771
Sch. Code:60348","State : UTTAR PRADESH
District : MEERUT",Senior Secondary Level,"Name : TAXSILA PUBLIC SCHOOL
Head/Principal Name: PRAVIN KUMAR","Address : PHASE I SECTOR 2 SHRADHA PURI KANKERKHERA MEERUT UP
Website : http://www.tps.edu.in"
1456,"Aff. No. :2130798
Sch. Code:60359","State : UTTAR PRADESH
District : MEERUT",Senior Secondary Level,"Name : CITY LOOK PUBLIC SCHOOL
Head/Principal Name: MONICA GOEL","Address : RITHANI DELHI ROAD MEERUT UP
Website : wwwCityLookPublicSchool.com"
1457,"Aff. No. :2130888
Sch. Code:60400","State : UTTAR PRADESH
District : MEERUT",Senior Secondary Level,"Name : KUSUM PULIC SCHOOL
Head/Principal Name: ASHISH KUMAR","Address : VILL - DAHRAMPUR, SAKOTI, NH-58, MEERUT
Website : www.kusumpublicschool.COM"
1458,"Aff. No. :2130832
Sch. Code:60374","State : UTTAR PRADESH
District : MEERUT",Senior Secondary Level,"Name : M S HERITAGE SCHOOL
Head/Principal Name: Ranjana Verma","Address : VIDYA GRAM MEERUT HAPUR HIGHWAY OPP LALPUR MEERUT UP
Website : http://www.msheritageschool.com/"
1459,"Aff. No. :2130866
Sch. Code:60387","State : UTTAR PRADESH
District : MEERUT",Senior Secondary Level,"Name : SRI CHAITANYA TECHNO SCHOOL
Head/Principal Name: Sarawan Reddy","Address : 6TH MILESTONE SALARPUR MEERUT UTTAR PRADESH
Website : www.srichaitanyaschool.net"
1460,"Aff. No. :2130992
Sch. Code:60452","State : UTTAR PRADESH
District : MEERUT",Senior Secondary Level,"Name : TEJ PUBLIC SCHOOL
Head/Principal Name: Neetu Singh","Address : KIRWA ROAD, JALALPUR
Website : www.tejpublicschool.com"
1461,"Aff. No. :2130982
Sch. Code:60444","State : UTTAR PRADESH
District : MEERUT",Senior Secondary Level,"Name : DRON PUBLIC SCHOOL,
Head/Principal Name: DEEPSHIKHA TYAGI","Address : BARNAVA ROAD, SARDHANA, MEERUT
Website : https://dronpublicschool.in"
1462,"Aff. No. :2130933
Sch. Code:60425","State : UTTAR PRADESH
District : MEERUT",Senior Secondary Level,"Name : B. R. INTERNATIONAL SCHOOL
Head/Principal Name: PURSHOTTAM SHARMA","Address : NEAR KAILI, DISTT. MEERUT, UTTAR PRADESH
Website : www.brschool.in"
1463,"Aff. No. :2130959
Sch. Code:60437","State : UTTAR PRADESH
District : MEERUT",Senior Secondary Level,"Name : GURU GOVIND SINGH PUBLIC SCHOOL
Head/Principal Name: SHANKEY KUMAR","Address : VILL.:- ROHAT, DISTT.:- MEERUT, UTTAR PRADESH
Website : http://www.ggspsr.com"
1464,"Aff. No. :2130413
Sch. Code:60184","State : UTTAR PRADESH
District : MEERUT",Senior Secondary Level,"Name : K K PUBLIC SCHOOL
Head/Principal Name: DR UTTAM SINGH","Address : SARDHANA DISTRICT MEERUT UTTAR PRADESH
Website : www.kkpublicschool.co.in"
1465,"Aff. No. :2130383
Sch. Code:60174","State : UTTAR PRADESH
District : MEERUT",Senior Secondary Level,"Name : INTERNATIONAL PUBLIC SCHOOL
Head/Principal Name: RANA LUBANA","Address : PHASE-I, POCKET-C, GANGA NAGAR MAWANA ROAD MEERUT
Website : https://ipsmeerut.org.in/ips-ganganagar/"
1466,"Aff. No. :2130420
Sch. Code:60188","State : UTTAR PRADESH
District : MEERUT",Senior Secondary Level,"Name : VANASTHALI PUBLIC SCHOOL
Head/Principal Name: ANKUR JAIN","Address : SECTOR A LOHIA NAGAR OPPOSITE P A C HAPUR ROAD MEERUT UTTAR PRADESH
Website : www.vanasthalimrt.com"
1467,"Aff. No. :2130431
Sch. Code:60192","State : UTTAR PRADESH
District : MEERUT",Senior Secondary Level,"Name : KRISHNA PUBLIC SCHOOL
Head/Principal Name: SUNEET PANWAR","Address : KANKERKHERA MERRUT UTTAR PRADESH
Website : www.krishnapublicschoolmeerut.in"
1468,"Aff. No. :2130357
Sch. Code:60161","State : UTTAR PRADESH
District : MEERUT",Senior Secondary Level,"Name : SHATABDI PUBLIC SCHOOL
Head/Principal Name: SEEMA KAUSHIK","Address : MOHINDDINPUR DELHI ROAD MEERUT UTTAR PRADESH
Website : www.shatabdipublicschool.in"
1469,"Aff. No. :2130351
Sch. Code:60159","State : UTTAR PRADESH
District : MEERUT",Senior Secondary Level,"Name : GODWIN PUBLIC SCHOOL
Head/Principal Name: VINAMRA SHARMA","Address : MEERRUT UTTAR PRADESH
Website : www.godwinschool.in"
1470,"Aff. No. :2130338
Sch. Code:60152","State : UTTAR PRADESH
District : MEERUT",Senior Secondary Level,"Name : MEERUT PUBLIC GIRLS SCHOOL
Head/Principal Name: RACHNA SHARMA","Address : 233 WEST END ROAD MEERUT CANTT UTTAR PRADESH
Website : www.meerutpublicschool.edu.in"
1471,"Aff. No. :2130303
Sch. Code:60140","State : UTTAR PRADESH
District : MEERUT",Senior Secondary Level,"Name : THE KUBER PUBLIC SCHOOL
Head/Principal Name: Renu Sharma","Address : ROKEE ROAD MOODIPURAM MEERUT UTTAR PRADESH
Website : www.thekuberschool.org"
1472,"Aff. No. :2130310
Sch. Code:60142","State : UTTAR PRADESH
District : MEERUT",Senior Secondary Level,"Name : DARSHAN ACADEMY
Head/Principal Name: SHALINI DARGAN","Address : MEERUT CANTT. UTTAR PRADESH
Website : http://meerut.darshanacademy.org/"
1473,"Aff. No. :2130483
Sch. Code:60213","State : UTTAR PRADESH
District : MEERUT",Senior Secondary Level,"Name : MILLENNIUM PUBLIC SCHOOL
Head/Principal Name: SAVITA SHARMA","Address : BAGHPAT ROAD MEERUT UTTAR PRADESH
Website : www.millenniumpublicschool.org"
1474,"Aff. No. :2130475
Sch. Code:60211","State : UTTAR PRADESH
District : MEERUT",Senior Secondary Level,"Name : D P M PUBLIC SCHOOL
Head/Principal Name: SYED ZIA MEHDI","Address : BEHSUMA MAWANA ROAD PO BEHSUMA MERRUT UTTAR PRADESH
Website : www.dpmpublicschool.com"
1475,"Aff. No. :2130519
Sch. Code:60228","State : UTTAR PRADESH
District : MEERUT",Secondary Level,"Name : ST PETER'S ACADEMY
Head/Principal Name: SR STELLA MARIA","Address : SRADAPURI PHASE II NEAR BYE PASS ROAD KANKAR KHERA MERRUT UTTAR PRADESH
Website : www.stpetersacademy.org"
1476,"Aff. No. :2130520
Sch. Code:60229","State : UTTAR PRADESH
District : MEERUT",Senior Secondary Level,"Name : K V PUBLIC SCHOOL
Head/Principal Name: Vinay Gupta","Address : KISHAN VIHAR PARIKSHIT GARH MEERUT UTTAR PRADESH
Website : www.kvpublicschool.org"
1477,"Aff. No. :2130550
Sch. Code:60241","State : UTTAR PRADESH
District : MEERUT",Senior Secondary Level,"Name : DELHI PUBLIC SCHOOL
Head/Principal Name: MANISH SEKSARIA","Address : BAGHPAT ROAD MEERUT UTTAR PRADESH
Website : www.dpsmeerut.in"
1478,"Aff. No. :2130623
Sch. Code:60275","State : UTTAR PRADESH
District : MEERUT",Senior Secondary Level,"Name : SWAMI VIVEKANAND PUBLIC SCHOOL
Head/Principal Name: RAJKUMAR GUPTA","Address : SATWAI MEERUT UTTAR PRADESH
Website :"
1479,"Aff. No. :2130522
Sch. Code:62015","State : UTTAR PRADESH
District : MEERUT",Senior Secondary Level,"Name : POLICE MODERN SCHOOL
Head/Principal Name: LEENA SHARMA","Address : VI BN PAC CAMPUS ROORKEE ROAD MEERUT UTTAR PRADESH
Website : http://www.pmsit.co.in/"
1480,"Aff. No. :2130564
Sch. Code:60246","State : UTTAR PRADESH
District : MEERUT",Senior Secondary Level,"Name : CAPITAL PUBLIC SCHOOL
Head/Principal Name: Shipra Ahuja","Address : L BLOCK TIRAHA HAPUR ROAD CHUNGI MEERUT UTTAR PRADESH
Website : www.cpsmeerut.com"
1481,"Aff. No. :2130593
Sch. Code:60263","State : UTTAR PRADESH
District : MEERUT",Senior Secondary Level,"Name : MEERUT PUB GIRLS SCHOOL
Head/Principal Name: SAPNA AHUJA","Address : SHASTRI NAGAR SECTOR 06 SCHEME NO 07 MEERUT UTTAR PRADESH
Website : http://meerutpublicschool.edu.in/"
1482,"Aff. No. :2130596
Sch. Code:60264","State : UTTAR PRADESH
District : MEERUT",Senior Secondary Level,"Name : MEERUT CITY PUBLIC SCHOOL
Head/Principal Name: Veenu Agarwal","Address : SHIVSHAKTI NAGAR MEERUT UTTAR PRADESH
Website : www.mcps.edu.in"
1483,"Aff. No. :2100021
Sch. Code:64009","State : UTTAR PRADESH
District : MEERUT",Senior Secondary Level,"Name : PM SHRI KENDRIYA VIDYALAYA
Head/Principal Name: S K SAXENA","Address : DOGRA LINES NEAR R A BAZAR MEERUT CANTT UTTAR PRADESH
Website :"
1484,"Aff. No. :2100022
Sch. Code:64010","State : UTTAR PRADESH
District : MEERUT",Senior Secondary Level,"Name : PM SHRI KENDRIYA VIDYALAYA
Head/Principal Name: Raj Kumar Sharma","Address : PUNJAB LINES MEERUT CANTT UTTAR PRADESH
Website : https://plmeerutcantt.kvs.ac.in"
1485,"Aff. No. :2100023
Sch. Code:64011","State : UTTAR PRADESH
District : MEERUT",Senior Secondary Level,"Name : PM SHRI KENDRIYA VIDYALAYA
Head/Principal Name: Ravi Pratap Singh","Address : SIKH LINES MEERUT CANTT UTTAR PRADESH
Website : https://slmeerutcantt.kvs.ac.in/"
1486,"Aff. No. :2120024
Sch. Code:62001","State : UTTAR PRADESH
District : MEERUT",Senior Secondary Level,"Name : ABHINAV VIDYALAYA
Head/Principal Name: RAJRANI","Address : BLOCK- PARIKSHITGARH, DISTT. MEERUT, DIVISION MEERUT UP
Website : http://abhinavvidhyalayagov.org"
1487,"Aff. No. :2130004
Sch. Code:60003","State : UTTAR PRADESH
District : MEERUT",Senior Secondary Level,"Name : ST. JOHN'S SR SEC SCHOOL
Head/Principal Name: SHIMONA JAIN","Address : 117 BANK STREET MEERUT CANTT UTTAR PRADESH
Website : www.stjohnsmeerut.org"
1488,"Aff. No. :2120063
Sch. Code:60002","State : UTTAR PRADESH
District : MEERUT",Senior Secondary Level,"Name : JAI PRAKASH NARAYAN SARVODAYA VIDYALAYA
Head/Principal Name: ARVIND KUMAR","Address : HASTINAPUR, MEERUT, UTTAR PRADESH
Website : www.jpnsvh.com"
1489,"Aff. No. :2130097
Sch. Code:60034","State : UTTAR PRADESH
District : MEERUT",Senior Secondary Level,"Name : TRANSLAM ACADEMY INTERNATIONAL
Head/Principal Name: SHYAM PRAKASH TIWARI","Address : PO RAJPURA MAWANA ROAD MEERUT UTTAR PRADESH
Website : https://translamschool.edu.in/"
1490,"Aff. No. :2130024
Sch. Code:60009","State : UTTAR PRADESH
District : MEERUT",Senior Secondary Level,"Name : DAYAWATI MODI ACADEMY
Head/Principal Name: RITU DEWAN","Address : MODIPURAM MEERUT DISTT UTTAR PRADESH
Website : www.dma1.in"
1491,"Aff. No. :2130026
Sch. Code:60010","State : UTTAR PRADESH
District : MEERUT",Senior Secondary Level,"Name : GURU TEGH BAHADUR PUBLIC SCHOOL
Head/Principal Name: GOPAL DIXIT","Address : 227 WEST END ROAD MEERUT CANTT UTTAR PRADESH
Website : www.gtbps.online"
1492,"Aff. No. :2130050
Sch. Code:60016","State : UTTAR PRADESH
District : MEERUT",Senior Secondary Level,"Name : MEERUT PUBLIC SCHOOL
Head/Principal Name: Dr. ALKA SRIVASTAVA GAUR","Address : 223 WEST END ROAD MEERUT CANTT UTTAR PRADESH
Website : www.meerutpublicschool.edu.in"
1493,"Aff. No. :2130247
Sch. Code:60112","State : UTTAR PRADESH
District : MEERUT",Senior Secondary Level,"Name : J P ACADEMY
Head/Principal Name: SANJIV SHARMA","Address : MAWANA ROAD P O RAJPURA MEERUT UTTAR PRADESH
Website : www.jpacademy.in"
1494,"Aff. No. :2130254
Sch. Code:60118","State : UTTAR PRADESH
District : MEERUT",Senior Secondary Level,"Name : VARDHMAN ACADEMY
Head/Principal Name: RUPALI CHAUDHARY","Address : RAILWAY ROAD MEERUT UTTAR PRADESH
Website : www.vardhmanacademy.com"
1495,"Aff. No. :2130273
Sch. Code:60126","State : UTTAR PRADESH
District : MEERUT",Senior Secondary Level,"Name : MAHARISHI VIDYA MANDIR
Head/Principal Name: Dr PITAMBER SINGH","Address : VILL & P.O. BAHACHOLA SAINI MAWANA ROAD MEERUT UTTAR PRADESH
Website :"
1496,"Aff. No. :2130274
Sch. Code:60127","State : UTTAR PRADESH
District : MEERUT",Senior Secondary Level,"Name : NOBLE PUBLIC SCHOOL
Head/Principal Name: MANOJ TYAGI","Address : GARH ROAD P.O. KKRM MEDICAL COLLEGE MEERUT UTTAR PRADESH
Website : www.noblepublicschoolmeerut.com"
1497,"Aff. No. :2130285
Sch. Code:60132","State : UTTAR PRADESH
District : MEERUT",Senior Secondary Level,"Name : KARAN PUBLIC SCHOOL
Head/Principal Name: BHANUPRIYA MALHAN","Address : 261 PANDAV NAGAR MEERUT UTTAR PRADESH
Website : www.karanpublicschool.com"
1498,"Aff. No. :2130261
Sch. Code:60122","State : UTTAR PRADESH
District : MEERUT",Senior Secondary Level,"Name : RISHABH ACADEMY
Head/Principal Name: SHARAD TYAGI","Address : MANDIR MARG 215-A WEST END ROAD MEERUT CANTT. UTTAR PRADESH
Website : www.rishabhacadmey.in"
1499,"Aff. No. :2130186
Sch. Code:60081","State : UTTAR PRADESH
District : MEERUT",Senior Secondary Level,"Name : D.A.V.CENTENARY PUBLIC SCHOOL
Head/Principal Name: APARNA JAIN","Address : L BLOCK SHASTRI NAGAR MEERUT UTTAR PRADESH
Website : www.davmeerut.org"
1500,"Aff. No. :2130181
Sch. Code:60080","State : UTTAR PRADESH
District : MEERUT",Senior Secondary Level,"Name : DEWAN PUBLIC SCHOOL
Head/Principal Name: VED KUMAR MISHRA","Address : 220 WESTEND ROAD MEERUT UTTAR PRADESH
Website : www.dewanpublicschoolmeerut.com"
1501,"Aff. No. :2130125
Sch. Code:60052","State : UTTAR PRADESH
District : MEERUT",Senior Secondary Level,"Name : CITY VOCATIONAL PUBLIC SCHOOL
Head/Principal Name: NARINDER PAL SINGH","Address : 250 CIRCULAR ROAD MEERUT CANTT MEERUT UTTAR PRADESH
Website : www.cvpschool.com"
1502,"Aff. No. :2130117
Sch. Code:60046","State : UTTAR PRADESH
District : MEERUT",Senior Secondary Level,"Name : ASHOKA ACADEMY
Head/Principal Name: PARUL CHAUDHARY","Address : KANKER KHERA MEERUT CANTT UTTAR PRADESH
Website : http://ashokaacademy.edu.in/"
1503,"Aff. No. :2130157
Sch. Code:60069","State : UTTAR PRADESH
District : MEERUT",Senior Secondary Level,"Name : ANNIE BESANT SCHOOL
Head/Principal Name: MRS KUSUM YADAV","Address : F-BLOCK SHASTRI NAGAR MEERUT UTTAR PRADESH
Website :"
1504,"Aff. No. :2130139
Sch. Code:60060","State : UTTAR PRADESH
District : MEERUT",Senior Secondary Level,"Name : BHAI JOGA SINGH PUBLIC SCHOOL
Head/Principal Name: GUNEET KAUR","Address : MANGATPURAM, DELHI ROAD , MANGATPURAM, DELHI ROAD , MANGATPURAM, DELHI ROAD
Website : www.bjspublicschool.in"
1505,"Aff. No. :2130165
Sch. Code:81047","State : UTTAR PRADESH
District : MORADABAD",Secondary Level,"Name : CHANDER PAL ARYA ADARSH KANYA
Head/Principal Name: SANJEEV KUMAR MISHRA","Address : VIDYALAYA BAHJOI MORADABAD UTTAR PRADESH
Website : www.cpaakv.com"
1506,"Aff. No. :2130471
Sch. Code:81158","State : UTTAR PRADESH
District : MORADABAD",Senior Secondary Level,"Name : OM PRAKASH GANAPATI MEMORIAL SCHOOL
Head/Principal Name: RAKESH KUMAR SINGH","Address : MAULAGARH BAHJOI ROAD CHANDAUSI UTTAR PRADESH
Website : www.opgmschool.com"
1507,"Aff. No. :2130371
Sch. Code:81126","State : UTTAR PRADESH
District : MORADABAD",Senior Secondary Level,"Name : SARASWATI VIDYA MANDIR
Head/Principal Name: SHIV SHANKAR SHARMA","Address : DENDAYALPURAM SAMBHAL MORADABAD UTTAR PRADESH
Website : www.svmsambhal.in"
1508,"Aff. No. :2130950
Sch. Code:81237","State : UTTAR PRADESH
District : MORADABAD",Senior Secondary Level,"Name : BAHMAN PUBLIC SCHOOL
Head/Principal Name: Shobhit kumar","Address : SAMBHAL MORADABAD ROAD, DISTT MORADABAD,UTTAR PRADESH-244301
Website :"
1509,"Aff. No. :2131362
Sch. Code:81296","State : UTTAR PRADESH
District : MORADABAD",Senior Secondary Level,"Name : ST. ANTHONYS SCHOOL
Head/Principal Name: SHIMNA GRAFFE MOL S","Address : DUGAVAR VILLAGE,ASMOLI PO,MORADABAD DT.
Website :"
1510,"Aff. No. :2131067
Sch. Code:81252","State : UTTAR PRADESH
District : MORADABAD",Senior Secondary Level,"Name : ANGLO VEDIC CONVENT SCHOOL
Head/Principal Name: O P N UPADHYAY","Address : ISLAMNAGAR ROAD, BAHJOI, MORADABAD
Website : http://www.xyz.com"
1511,"Aff. No. :2131060
Sch. Code:81248","State : UTTAR PRADESH
District : MORADABAD",Senior Secondary Level,"Name : SILVER STONE PUBLIC SCHOOL
Head/Principal Name: SANDEEP SHARMA","Address : SHAMBHAL ROAD, BAHJOI
Website : www.silverstoneschools.com"
1512,"Aff. No. :2131633
Sch. Code:81347","State : UTTAR PRADESH
District : MORADABAD",Senior Secondary Level,"Name : HERITAGE CONVENT SCHOOL
Head/Principal Name: SHILPA GANDHI","Address : DELHI ROAD, SAMBHAL, BHIMNAGAR, MORADABAD
Website :"
1513,"Aff. No. :2131665
Sch. Code:60704","State : UTTAR PRADESH
District : HAPUR",Senior Secondary Level,"Name : B.K. ACADEMY,
Head/Principal Name: RAJ KUMAR SHARMA","Address : BADUGARH, CANTT. BACHHLOTA ROAD DISTT. HAPUR. UP
Website : www.bkacademybabugarh.org"
1514,"Aff. No. :2131779
Sch. Code:60746","State : UTTAR PRADESH
District : HAPUR",Senior Secondary Level,"Name : MOUNT COLUMBUS INTERNATIONAL SCHOOL
Head/Principal Name: Umang Yadav","Address : HIMMAT PUR ROAD SIMBHAOLI SUGAR MILL
Website : www.mcis.co.in"
1515,"Aff. No. :2131801
Sch. Code:60757","State : UTTAR PRADESH
District : HAPUR",Senior Secondary Level,"Name : S.G.R.S. INTERNATIONAL SCHOOL
Head/Principal Name: Mosham Rana","Address : GARH, SIYANA ROAD, KATIRA JAFARABAD
Website : www.sgrsinternationalschool.com"
1516,"Aff. No. :2131375
Sch. Code:60618","State : UTTAR PRADESH
District : HAPUR",Senior Secondary Level,"Name : ROYAL PUBLIC SCHOOL
Head/Principal Name: SANGEETA CHAUHAN","Address : VILLAGE SHARIFABAD TEH GARHMUKTESHWAR DISTT HAPUR UP
Website : www.royalschoolgarh.co.in"
1517,"Aff. No. :2131431
Sch. Code:60637","State : UTTAR PRADESH
District : HAPUR",Senior Secondary Level,"Name : S.H.V.M. PUBLIC SCHOOL
Head/Principal Name: POONAM SINDHU","Address : VILLAGE-NARAYANPUR BASNKA POST-DHAULANA DISTRICT-HAPUR
Website : www.shvmpublicschool.com"
1518,"Aff. No. :2131991
Sch. Code:60828","State : UTTAR PRADESH
District : HAPUR",Senior Secondary Level,"Name : ANGEL INTERNATIONAL SCHOOL
Head/Principal Name: Dr. Himani Sharma","Address : KHASRA NO-440,VILLAGE HAWAL DHAULANA ROAD, PILKUWA
Website : www.angelinternationalschool.in"
1519,"Aff. No. :2131923
Sch. Code:60806","State : UTTAR PRADESH
District : HAPUR",Senior Secondary Level,"Name : SMT. KAMLA AGARWAL GIRLS PUBLIC SCHOOL
Head/Principal Name: PARUL SHARMA","Address : FREE GANJ ROAD
Website : http://skagic.org/"
1520,"Aff. No. :2131852
Sch. Code:60781","State : UTTAR PRADESH
District : HAPUR",Senior Secondary Level,"Name : MAHARISHI VIVEKANAND PUBLIC JR. HIGH SCHOOL
Head/Principal Name: SARIKA SHARMA","Address : KUCHESAR ROAD, CHOUPLA, DISTT. HAPUR
Website : www.mhvivekananda.com"
1521,"Aff. No. :2132049
Sch. Code:60853","State : UTTAR PRADESH
District : HAPUR",Senior Secondary Level,"Name : S.V. PUBLIC JR. HIGH SCHOOL
Head/Principal Name: REKHA SHARMA","Address : POST-VILLAGE SAHAHPUR ,PHAGAUTA
Website : www.svpublicschool.in"
1522,"Aff. No. :2132237
Sch. Code:60928","State : UTTAR PRADESH
District : HAPUR",Senior Secondary Level,"Name : H.S.PUBLIC SCHOOL
Head/Principal Name: Sombir Pundir","Address : NH24 ,DEVI MANDIR,KASTLA KASMABAD, PILKHUWA,HAPUR
Website : www.hspublicschool.com"
1523,"Aff. No. :2132923
Sch. Code:61179","State : UTTAR PRADESH
District : HAPUR",Senior Secondary Level,"Name : DELHI WORLD PUBLIC SCHOOL, PILKHUWA
Head/Principal Name: VANDANA MIDHAA","Address : DELHI WORLD PUBLIC SCHOOL, PILKHUWA, 505, MUKIMPUR, DINESH NAGAR ROAD, PILKHUWA, GHAZIABAD
Website : www.dwpsp.in"
1524,"Aff. No. :2132890
Sch. Code:61166","State : UTTAR PRADESH
District : HAPUR",Senior Secondary Level,"Name : K.D. INTERNATIONAL SCHOOL
Head/Principal Name: ETI SAXENA","Address : NH-9,NEAR SHIV PETROL PUMP,KHERA,PILKHUWA
Website : www.kdispilkhuwa.in"
1525,"Aff. No. :2132902
Sch. Code:61171","State : UTTAR PRADESH
District : HAPUR",Secondary Level,"Name : VIDYA PUBLIC SCHOOL
Head/Principal Name: ANITA RAGHAV","Address : VILLAGE & POST- SAPNAWAT DISTRICT-HAPUR
Website : www.vidyapublicschool.co.in/"
1526,"Aff. No. :2132861
Sch. Code:61153","State : UTTAR PRADESH
District : HAPUR",Senior Secondary Level,"Name : PT. SHAMBHU DAYAL PUBLIC HIGHER SECONDARY SCHOOL
Head/Principal Name: VED PRAKASH","Address : MUZAFFARA, BAGARHPUR
Website : www.psdpshapur.com"
1527,"Aff. No. :2132730
Sch. Code:61112","State : UTTAR PRADESH
District : HAPUR",Senior Secondary Level,"Name : ARWACHIN INTERNATIONAL SCHOOL
Head/Principal Name: POOJA VERMA","Address : VILLAGE - PIPLABANDPUR, PABLA ROAD PILKHUWA HAPUR UP
Website : www.aispilkhuwa.com"
1528,"Aff. No. :2132722
Sch. Code:61109","State : UTTAR PRADESH
District : HAPUR",Senior Secondary Level,"Name : DINESH VIDHYAPEETH
Head/Principal Name: AAKANKSHA TYAGI","Address : KHASRA NO. 574, VILLAGE DHANAURA,DISTRICT HAPUR
Website : www.dineshvidhaypeeth.com"
1529,"Aff. No. :2132819
Sch. Code:61136","State : UTTAR PRADESH
District : HAPUR",Senior Secondary Level,"Name : SMT. KAMLA DEVI PUBLIC SCHOOL AYADNAGR, BABUGARH, HAPUR
Head/Principal Name: NEHA TYAGI","Address : AYADNAGR, BABUGARH, HAPUR
Website : www.kamladevipublicschoolaayadnagar.com"
1530,"Aff. No. :2132336
Sch. Code:60962","State : UTTAR PRADESH
District : HAPUR",Senior Secondary Level,"Name : SURESH CHAND MEMORIAL PUBLIC SCHOOL
Head/Principal Name: MANOJ KUMAR","Address : S.C.M. PUBLIC SCHOOL, NH24, UPEDA P.O.BABUGARH, HAPUR
Website : www.scmpublicschool.com"
1531,"Aff. No. :2132491
Sch. Code:61012","State : UTTAR PRADESH
District : HAPUR",Secondary Level,"Name : RAMA INTERNATIONAL SCHOOL
Head/Principal Name: Shradha Agarwal","Address : NH-24, RAMADELHI CAMPUS, HAPUR DELHI ROAD, PILKHUWA,HAPUR
Website : http://www.ramaschools.com"
1532,"Aff. No. :2132450
Sch. Code:61000","State : UTTAR PRADESH
District : HAPUR",Senior Secondary Level,"Name : R.S.M.INTER COLLEGE
Head/Principal Name: GRISHMA KAPOOR","Address : HIMMATPUR ROAD SIMBHAOLI,HAPUR
Website : www.rsmsimbhaoli.com"
1533,"Aff. No. :2132425
Sch. Code:60988","State : UTTAR PRADESH
District : HAPUR",Senior Secondary Level,"Name : NAV UDAY PUBLIC SCHOOL
Head/Principal Name: PREETI CHAUHAN","Address : DHAULANA , DISTRICT- HAPUR
Website : www.navudaypublicschool.in"
1534,"Aff. No. :2132427
Sch. Code:60989","State : UTTAR PRADESH
District : HAPUR",Senior Secondary Level,"Name : RAINBOW PUBLIC SCHOOL
Head/Principal Name: Vinod Kumar","Address : V&P-DEHRA (KUTI)DISTRICT- HAPUR UP
Website : www.rainbowpublicschool.in"
1535,"Aff. No. :2132596
Sch. Code:61057","State : UTTAR PRADESH
District : HAPUR",Senior Secondary Level,"Name : INDUS GLOBAL SCHOOL
Head/Principal Name: Puja Saraswat","Address : FATEHPUR, KUCHESAR ROAD CHAUPLA, HAPUR
Website : www.indusglobalschool.com"
1536,"Aff. No. :2132524
Sch. Code:61025","State : UTTAR PRADESH
District : HAPUR",Senior Secondary Level,"Name : MODERN PUBLIC SCHOOL
Head/Principal Name: KULDEEP TOMAR","Address : SIMBHAOLI
Website : www.mpssimbhaoli.com"
1537,"Aff. No. :2131130
Sch. Code:60505","State : UTTAR PRADESH
District : HAPUR",Senior Secondary Level,"Name : D.R. INTERNATIONAL SCHOOL, THE LEARNING ACADEMY
Head/Principal Name: SANDEEP TYAGI","Address : VILLAGE DOTAI, NEAR MADHYA GANGA CANAL, GARHMUKTESHWAR, GHAZIABAD
Website : www.drinternationalschool.com"
1538,"Aff. No. :2131193
Sch. Code:60532","State : UTTAR PRADESH
District : HAPUR",Senior Secondary Level,"Name : G.R.PUBLIC SCHOOL
Head/Principal Name: PRATIBHA DADOO","Address : BHOAPUR MASTAN NAGAR SIMBHAOLI
Website :"
1539,"Aff. No. :2131334
Sch. Code:60603","State : UTTAR PRADESH
District : HAPUR",Senior Secondary Level,"Name : MAA BHAGWATI UCHCHATAR MADHYAMIK VIDYALAYA
Head/Principal Name: MEENU SHISHODIA","Address : GRAM - SHAULANA BLOCK DHAULANA, HAPUR,
Website : http://WWW.mbvshaulana.org"
1540,"Aff. No. :2131210
Sch. Code:60543","State : UTTAR PRADESH
District : HAPUR",Senior Secondary Level,"Name : THAKUR RANJEET SINGH PUBLIC SCHOOL
Head/Principal Name: Sunita Singh","Address : ATROLI, MODINAGAR ROAD, PILKHUWA, GHAZIABAD, UTTAR PRADESH
Website : www.trsschool.in"
1541,"Aff. No. :2131258
Sch. Code:60564","State : UTTAR PRADESH
District : HAPUR",Senior Secondary Level,"Name : SMT. KAMLA AGARWAL PUBLIC SCHOOL
Head/Principal Name: REKHA SHARMA","Address : SMT. KAMLA AGARWAL PUBLIC SCHOOL, MEERUT ROAD, HAPUR, GHAZIABAD
Website : www.skapschool.com"
1542,"Aff. No. :2131259
Sch. Code:60565","State : UTTAR PRADESH
District : HAPUR",Senior Secondary Level,"Name : J.P.S. GLOBAL ACADEMY
Head/Principal Name: Dr. Nitin Kumar Tomar","Address : VILL-KASTLA KASMABAD DISTRICT-GHAZIABAD
Website : www.jpsglobalacademy.com"
1543,"Aff. No. :2130846
Sch. Code:60380","State : UTTAR PRADESH
District : HAPUR",Senior Secondary Level,"Name : VIBGYOR INTENATIONAL SCHOOL
Head/Principal Name: NARESH PAL SINGH","Address : NH 24 DELHI HAPUR ROAD PILKHUA GHAZIABAD UTTAR PRADESH
Website : www.vibgyorschool.net"
1544,"Aff. No. :2130900
Sch. Code:60409","State : UTTAR PRADESH
District : HAPUR",Senior Secondary Level,"Name : DELHI PUBLIC SCHOOL
Head/Principal Name: MEENA ANAND","Address : DELHI ROAD, PREET VIHAR, NEAR DTO CENTUARY FACTORY HAPUR, GBD
Website : www.dpshapur.edu.in"
1545,"Aff. No. :2130749
Sch. Code:60339","State : UTTAR PRADESH
District : HAPUR",Senior Secondary Level,"Name : THE SANSKAR SCHOOL
Head/Principal Name: UPENDRA MOHAN BHATT","Address : SHYAMPUR MARG GARH ROAD HAPUR UP
Website :"
1546,"Aff. No. :2130714
Sch. Code:60324","State : UTTAR PRADESH
District : HAPUR",Senior Secondary Level,"Name : ST ANTHONY'S SCHOOL
Head/Principal Name: FR. JOHN MILTON","Address : VILL TATARPUR PO BABUGARH DISTT GHAZIABAD UTTAR PRADESH
Website : https://stanthonyschoolhapur.in/index.php"
1547,"Aff. No. :2130643
Sch. Code:60285","State : UTTAR PRADESH
District : HAPUR",Senior Secondary Level,"Name : BATHESDA CHRISTIAN ACADEMY
Head/Principal Name: Preethi Chacko","Address : ABDULLAPUR BASANTPUR GOYNA HAPUR DISTT GHAZIABAD UTTAR PRADESH
Website : www.bcahapur.edu.in"
1548,"Aff. No. :2130374
Sch. Code:60168","State : UTTAR PRADESH
District : HAPUR",Senior Secondary Level,"Name : SMT BRAHMA DEVI SARASWATI BALIKA VIDYA MANDIR
Head/Principal Name: MEENAKSHI YADAV","Address : VIDYA MANDIR HAPUR UTTAR PRADESH
Website : www.sbvmhapur.in"
1549,"Aff. No. :2130438
Sch. Code:60197","State : UTTAR PRADESH
District : HAPUR",Senior Secondary Level,"Name : DAV PUBLIC SCHOOL
Head/Principal Name: Dr. Vineet Tyagi","Address : DELHI ROAD HAPUR UTTAR PRADESH
Website :"
1550,"Aff. No. :2130446
Sch. Code:60201","State : UTTAR PRADESH
District : HAPUR",Senior Secondary Level,"Name : LALA SHAMBU DAYAL DAV PUBLIC SCHOOL
Head/Principal Name: ANKUR BHATIA","Address : PILKHUWA GHAZIABAD UTTAR PRADESH
Website : www.lsddavpilkhuwa.in"
1551,"Aff. No. :2130319
Sch. Code:60146","State : UTTAR PRADESH
District : HAPUR",Senior Secondary Level,"Name : DEV MEMORIAL PUBLIC SCHOOL
Head/Principal Name: MANJU CHAUDHARY","Address : GARHMUKTESHWAR GHAZIABAD UTTAR PRADESH
Website : www.dmpschool.co.in"
1552,"Aff. No. :2130553
Sch. Code:60243","State : UTTAR PRADESH
District : HAPUR",Senior Secondary Level,"Name : DEWAN PUBLIC SCHOOL
Head/Principal Name: SHUBHRA AWASTHI","Address : OPP ROADWAYS BUS STAND MEERUT ROAD HAPUR DISTT GHAZIABAD UTTAR PRADESH
Website : www.dewanpublicschoolhapur.com"
1553,"Aff. No. :2130193
Sch. Code:60085","State : UTTAR PRADESH
District : HAPUR",Senior Secondary Level,"Name : L N PUBLIC SCHOOL
Head/Principal Name: ARADHNA BAJPAI","Address : GARH ROAD, DISTT HAPUR UTTAR PRADESH
Website : www.lnpshapur.in"
1554,"Aff. No. :2130133
Sch. Code:60055","State : UTTAR PRADESH
District : HAPUR",Senior Secondary Level,"Name : SARASWATI BAL MANDIR
Head/Principal Name: Sunil Kumar Sharma","Address : MODI NAGAR MARG, DISTT HAPUR, UTTAR PRADESH
Website : www.sbmhapur.in"
1555,"Aff. No. :2100070
Sch. Code:64025","State : UTTAR PRADESH
District : HAPUR",Senior Secondary Level,"Name : PM SHRI KENDRIYA VIDYALAYA E.B.S
Head/Principal Name: DEEPAK KUMAR","Address : BABU GARH CANTT DISTT. HAPUR UTTAR PRADESH
Website : https://babugarhcantt.kvs.ac.in/"
1556,"Aff. No. :2133579
Sch. Code:61412","State : UTTAR PRADESH
District : HAPUR",Secondary Level,"Name : B.M. CONVENT SCHOOL
Head/Principal Name: MAMTA SHARMA","Address : SHYAM NAGAR HAPUR
Website : http://www.bmconvent.com/"
1557,"Aff. No. :2133652
Sch. Code:61427","State : UTTAR PRADESH
District : HAPUR",Senior Secondary Level,"Name : MINILAND ...THE GLOBAL SCHOOL
Head/Principal Name: POONAM BHATNAGAR","Address : MORPUR, PAKKI CHOWKI, BULANDSHAHR ROAD, HAPUR
Website : www.minilandglobalschool.com"
1558,"Aff. No. :2133586
Sch. Code:61415","State : UTTAR PRADESH
District : HAPUR",Senior Secondary Level,"Name : RKG INTERNATIONAL SCHOOL
Head/Principal Name: REKHA SHARMA","Address : PARTAPUR ROAD PILKHUWA HAPUR 245304
Website : http://www.rkgis.in/"
1559,"Aff. No. :2133795
Sch. Code:61503","State : UTTAR PRADESH
District : HAPUR",Secondary Level,"Name : GOHIT PUBLIC SCHOOL
Head/Principal Name: MONIKA SHARMA","Address : POST -DATTIYANA, BLOCK-SIMBHAOLI
Website : https://www.gohitpublicschool.com"
1560,"Aff. No. :2133733
Sch. Code:61444","State : UTTAR PRADESH
District : HAPUR",Senior Secondary Level,"Name : JMS WORLD SCHOOL
Head/Principal Name: NIDHI MALIK","Address : NH-9(NH-24) HAPUR BYPASS ROAD VILLAGE RAMPUR NEAR SONA PETROL PUMP HAPUR
Website : www.jmsworldschool.org"
1561,"Aff. No. :2133936
Sch. Code:61563","State : UTTAR PRADESH
District : HAPUR",Senior Secondary Level,"Name : J P PUBLIC SCHOOL
Head/Principal Name: SHEETAL SWAMI","Address : DISTT HAPUR, UTTAR PRADESH
Website : www.jppsnawada.com"
1562,"Aff. No. :2133855
Sch. Code:61529","State : UTTAR PRADESH
District : HAPUR",Senior Secondary Level,"Name : AADHAR INTERNATIONAL SCHOOL
Head/Principal Name: DEEPU","Address : BLOCK HAPUR, DISTRICT HAPUR
Website : http://www.aadharinternationalschool.in"
1563,"Aff. No. :2133883
Sch. Code:61541","State : UTTAR PRADESH
District : HAPUR",Senior Secondary Level,"Name : H R M PUBLIC SCHOOL
Head/Principal Name: KHUSHBOO SINGH","Address : DISTT, HAPUR
Website : http://hrmhapur.com/"
1564,"Aff. No. :2133894
Sch. Code:61546","State : UTTAR PRADESH
District : HAPUR",Secondary Level,"Name : GLOBAL INTERNATINOL ACADEMY
Head/Principal Name: SWATI YADAV","Address : BLOCK SIMBHAOLI, DISTT HAPUR
Website : http://giasimbhaoli.com"
1565,"Aff. No. :2134231
Sch. Code:61649","State : UTTAR PRADESH
District : HAPUR",Secondary Level,"Name : VIDUSHI DEVI KANTI PRASAD KANYA VIDHYALYA
Head/Principal Name: KOMAL TYAGI","Address : VILLAGE JHADINA, GARHMUKTESHWAR, UTTAR PRADESH
Website : http://www.vdkpschool.co.in/"
1566,"Aff. No. :2134216
Sch. Code:61644","State : UTTAR PRADESH
District : HAPUR",Secondary Level,"Name : NEW SAINIK SENIOR SECONDARY PUBLIC SCHOOL
Head/Principal Name: Manisha Singh","Address : SIKHEDA, PILKHUWA, HAPUR
Website : http://www.newsainikschoolpilkhuwa.in"
1567,"Aff. No. :2134118
Sch. Code:61614","State : UTTAR PRADESH
District : HAPUR",Senior Secondary Level,"Name : BRAINWAVES INTERNATIONAL SCHOOL
Head/Principal Name: Abhishek Banerjee","Address : OPPOSITE HERO MOTOR SHOWROOM, ASAURA PULIYA, MEERUT ROAD
Website : www.brainwavesschool.com"
1568,"Aff. No. :2134074
Sch. Code:61606","State : UTTAR PRADESH
District : HAPUR",Senior Secondary Level,"Name : S G V INTERNATIONAL SCHOOL
Head/Principal Name: HIMANI AGARWAL","Address : VILLAGE RAJHERA, POST SIMBHAOLI, TEHSIL- GARH MUKTESHWAR, HAPUR
Website : http://sgvinternationalschool.com/"
1569,"Aff. No. :2134504
Sch. Code:61740","State : UTTAR PRADESH
District : HAPUR",Secondary Level,"Name : IGNITED MINDS INTERNATIONAL SCHOOL
Head/Principal Name: MOLLY NORONHA","Address : DHARAMPUR 5 BISWA, POST - BHATIYANA, TEHSIL - DHAULANA
Website : https://ignitedmindsschool.in/"
1570,"Aff. No. :2134535
Sch. Code:61748","State : UTTAR PRADESH
District : HAPUR",Secondary Level,"Name : G D PUBLIC SCHOOL
Head/Principal Name: Pooja Nirwan","Address : BAGARPUR ROAD, BABUGARH, CANTT BLOCK, HAPUR
Website : https://gdpshapur.com/"
1571,"Aff. No. :2134359
Sch. Code:61688","State : UTTAR PRADESH
District : HAPUR",Secondary Level,"Name : DARSHNA THE SCHOOL
Head/Principal Name: SWATI SINGH","Address : OPP. DINESH NAGAR GS MEDICAL ROAD , VILL PIPLABANDPUR, PILKHUWA HAPUR
Website : https://www.darshnaschool.in"
1572,"Aff. No. :2134394
Sch. Code:61702","State : UTTAR PRADESH
District : HAPUR",Secondary Level,"Name : HERITAGE PUBLIC SCHOOL
Head/Principal Name: GUNJAN CHAUHAN","Address : VILLAGE - CHANDNER, GARHMUKTESHWAR, HAPUR
Website : www.hpshapur.in"
1573,"Aff. No. :2134427
Sch. Code:61713","State : UTTAR PRADESH
District : HAPUR",Secondary Level,"Name : JPS ACADEMY
Head/Principal Name: VIKRANT","Address : KANKAR HASARNPUR, POST- MAHMOODPUR , HAPUR BHATAIL ROAD KIHSANPURM
Website : https://jpsacademy.co.in"
1574,"Aff. No. :2134662
Sch. Code:61788","State : UTTAR PRADESH
District : HAPUR",Senior Secondary Level,"Name : RISE INTERNATIONAL SCHOOL
Head/Principal Name: PRIYA TOMAR","Address : MUSSOORIE GULAWATHI ROAD, BASATPUR , DHAULANA (HAPUR)
Website : https://www.risdhaulana.in/"
1575,"Aff. No. :2134778
Sch. Code:61831","State : UTTAR PRADESH
District : HAPUR",Senior Secondary Level,"Name : PD INTERNATIONAL SCHOOL
Head/Principal Name: VARSHA RANI","Address : NANGLA, JHAJJU, JARCHA SAMANA ROAD, HAPUR
Website : http://pdinternationaledu.com/"
1576,"Aff. No. :2134734
Sch. Code:61816","State : UTTAR PRADESH
District : HAPUR",Senior Secondary Level,"Name : B. R. R. D. CONVENT SCHOOL
Head/Principal Name: Mannu Chauhan","Address : KHASHRA NO 2115, 2116, VILLAGE - BAHADUARGARH, BLOCK - GARHMUKTESHWER
Website : https://www.brrdconventschool.in/"
1577,"Aff. No. :2134743
Sch. Code:61822","State : UTTAR PRADESH
District : HAPUR",Senior Secondary Level,"Name : K M INTERNATIONAL SCHOOL
Head/Principal Name: SEEMA RANI","Address : VILLAGE- KARIMPUR BHAIPUR , DHAULANA, HAPUR 245101
Website : wwwkmisinternationalschool.org"
1578,"Aff. No. :2134728
Sch. Code:61813","State : UTTAR PRADESH
District : HAPUR",Secondary Level,"Name : ST ASFEE INTERNATIONAL SCHOOL
Head/Principal Name: SARITA SHARMA","Address : BYPASS ROAD NEAR TP NAGAR HAPUR NIZAMPUR, NIZAMPUR, HAPUR
Website : https://asfeeschool.in"
1579,"Aff. No. :2140151
Sch. Code:64153","State : UTTAR PRADESH
District : HAPUR",Senior Secondary Level,"Name : JAWAHAR NAVODAYA VIDYALAYA
Head/Principal Name: SUBHASH CHAND","Address : VILLEGE. NAVADA, TEH. HAPUR, DISTT. HAPUR
Website : https://navodaya.gov.in/nvs/nvs-school/HAPUR/en/ab"
1580,"Aff. No. :2140071
Sch. Code:64048","State : UTTAR PRADESH
District : KASGANJ",Senior Secondary Level,"Name : JAWAHAR NAVODAYA VIDYALAYA THARA CHITRA KASGANJ
Head/Principal Name: RAGHU RAJ SINGH","Address : VILL THARA CHITRA AMANPUR KASGANJ
Website : https://navodaya.gov.in/nvs/nvs-school/KASGANJ/en/home/"
1581,"Aff. No. :2134820
Sch. Code:61840","State : UTTAR PRADESH
District : KASGANJ",Senior Secondary Level,"Name : A. S GROUP INTERNATIONAL PUBLIC SCHOOL
Head/Principal Name: GOVIND KUMAR","Address : SAHAWAR BYPASS ROAD, GANJDUNDWARA, KASGANJ
Website : https://asginternationalschool.in"
1582,"Aff. No. :2134678
Sch. Code:61795","State : UTTAR PRADESH
District : KASGANJ",Senior Secondary Level,"Name : S N PUBLIC SCHOOL
Head/Principal Name: KULDEEP","Address : ETAH ROAD , AMANPUR, AMANPUR
Website : https://snpublicschool.org.in/"
1583,"Aff. No. :2134771
Sch. Code:61828","State : UTTAR PRADESH
District : KASGANJ",Senior Secondary Level,"Name : AKSHARAM SENIOR SECONDARY SCHOOL
Head/Principal Name: MANOJ KUMAR MISHRA","Address : VILL- KHARPARA , GANJ-SAHWAR ROAD , KASGANJ
Website : https://aksharamseniorsecondaryschool.com"
1584,"Aff. No. :2134387
Sch. Code:61697","State : UTTAR PRADESH
District : KASGANJ",Secondary Level,"Name : G D GOENKA PUBLIC SCHOOL
Head/Principal Name: VARTIKA","Address : VILLAGE KANTAUR , (MOHANPURA), BAREILLY MATHURA ROAD
Website : www.gdgoenkakasganj.com"
1585,"Aff. No. :2134137
Sch. Code:61618","State : UTTAR PRADESH
District : KASGANJ",Senior Secondary Level,"Name : SKV ACADEMY
Head/Principal Name: NEETA DHOOT","Address : NADRAI GATE BANKNER KASGANJ, SKV SORON GATE KASGANJ CITY OFFICE, NA
Website : www.skveducation.com"
1586,"Aff. No. :2134246
Sch. Code:61653","State : UTTAR PRADESH
District : KASGANJ",Secondary Level,"Name : KIDS JUNIOR WING CONVENT SCHOOL
Head/Principal Name: Ayushi Yadav","Address : JAUDDINGPUR ROAD, NEAR BASANT BHATTA, KASGANJ
Website : www.kidsplaykasganj.in"
1587,"Aff. No. :2130540
Sch. Code:60236","State : UTTAR PRADESH
District : KASGANJ",Senior Secondary Level,"Name : S J S PUBLIC SCHOOL
Head/Principal Name: DR. PRASHANT GUPTA","Address : KASGANJ ETAH UTTAR PRADESH
Website : www.sjspublicschools.org"
1588,"Aff. No. :2130814
Sch. Code:60367","State : UTTAR PRADESH
District : KASGANJ",Senior Secondary Level,"Name : J P PUBLIC ACADEMY
Head/Principal Name: SHALINI SHARMA","Address : KASGANJ ETAH UP
Website : www.jppublicacademy.in"
1589,"Aff. No. :2131147
Sch. Code:60511","State : UTTAR PRADESH
District : KASGANJ",Senior Secondary Level,"Name : ST.JOSEPH PUBLIC SCHOOL,
Head/Principal Name: FR CYRIL PRAKASH MORAS","Address : BILRAM ROAD,KASGANJ, KANSHIRAM NAGAR DISTRICT, UTTARPRADESH
Website : www.stjosephksj.in"
1590,"Aff. No. :2132545
Sch. Code:61036","State : UTTAR PRADESH
District : KASGANJ",Senior Secondary Level,"Name : M.S.INTERNATIONAL SCHOOL
Head/Principal Name: Jitendra Kumar Singh","Address : KISRAULI KASGANJ UP
Website : https://msinternationalschool.in"
1591,"Aff. No. :2132546
Sch. Code:61037","State : UTTAR PRADESH
District : KASGANJ",Senior Secondary Level,"Name : SHEMFORD FUTURISTIC SCHOOL KASGANJ
Head/Principal Name: DEVENDRA PAL SINGH","Address : ETAH ROAD, NADRAI, KASGANJ
Website : www.kasganj.shemford.com"
1592,"Aff. No. :2132630
Sch. Code:61069","State : UTTAR PRADESH
District : KASGANJ",Senior Secondary Level,"Name : SETH M. R. JAIPURIA SCHOOL KASGANJ
Head/Principal Name: Shiv Kumar Gautam","Address : ETAH ROAD, NADRAI, DIST. KASGANJ, UP-207 123
Website : https://www.jaipuriaschoolkasganj.in"
1593,"Aff. No. :2132433
Sch. Code:60993","State : UTTAR PRADESH
District : KASGANJ",Senior Secondary Level,"Name : N R PUBLIC SCHOOL
Head/Principal Name: SHISHU PAL","Address : PRAHALADPUR KASGANJ SORON ROAD DISST KASGANJ
Website : www.nrpublicschool.com"
1594,"Aff. No. :2132862
Sch. Code:61154","State : UTTAR PRADESH
District : KASGANJ",Secondary Level,"Name : S.B.D. PUBLIC SCHOOL
Head/Principal Name: VINOD KUMAR","Address : RAMPUR, MOHANPURA, KANSHI RAM NAGAR
Website : www.sbdpsrampur.org"
1595,"Aff. No. :2132908
Sch. Code:61173","State : UTTAR PRADESH
District : KASGANJ",Senior Secondary Level,"Name : DAYANAND PUBLIC SCHOOL
Head/Principal Name: JAWAHAR LAL","Address : DAYANAND PUBLIC SCHOOL,SIDHPURA DISTT. KASGANJ (KANSHI RAM NAGAR)
Website : https://dpsid.in/"
1596,"Aff. No. :2133193
Sch. Code:61264","State : UTTAR PRADESH
District : KASGANJ",Senior Secondary Level,"Name : SDS PUBLIC SCHOOL
Head/Principal Name: RAJESH KUMAR","Address : GANJDWARA SAHAWAR
Website : https://sdssahawar.in/"
1597,"Aff. No. :2132030
Sch. Code:60845","State : UTTAR PRADESH
District : KASGANJ",Senior Secondary Level,"Name : MAYA DEVI PUBLIC ACADEMY
Head/Principal Name: SHIV KUMAR PATHAK","Address : NEAR RAILWAY CROSSING BILRAM GATE KASGANJ
Website : HTTP://.MDPUBLICACADEMY.COM"
1598,"Aff. No. :2131510
Sch. Code:60659","State : UTTAR PRADESH
District : KASGANJ",Senior Secondary Level,"Name : MAHTABRAI U.M.VIDYALAYA
Head/Principal Name: PRAVEENA GUPTA","Address : POST-SIKHARA,TEH-PATIYALI, KANSHIRAM NAGAR
Website : www.mahtabraiumvksj.in"
1599,"Aff. No. :2131441
Sch. Code:81313","State : UTTAR PRADESH
District : SAMBHAL",Senior Secondary Level,"Name : J.K.E.T. CONVENT SCHOOL
Head/Principal Name: Mr. HARI OM SINGH","Address : JUNNAWAI, GUNNAUR, DIST.SAMBHAL UTTAR PRADESH-243722
Website : www.jketconvent.com"
1600,"Aff. No. :2131756
Sch. Code:81763","State : UTTAR PRADESH
District : SAMBHAL",Senior Secondary Level,"Name : KENDRIYA VIDYA NIKETAN
Head/Principal Name: DEVESH KUMAR SINGH","Address : BABRALA-GAWAN ROAD SIHAVALI P.O MEAUA HASAN GANJ DIST SAMBHAL (U.P)
Website : www.kvnsihavali.com"
1601,"Aff. No. :2131837
Sch. Code:81776","State : UTTAR PRADESH
District : SAMBHAL",Secondary Level,"Name : ACADEMY OF MODERN LEARNING
Head/Principal Name: MOHIT SHARMA","Address : GUNNAUR, DISTT. SAMBHAL
Website : http://www.xyz.com"
1602,"Aff. No. :2132181
Sch. Code:81821","State : UTTAR PRADESH
District : SAMBHAL",Senior Secondary Level,"Name : SILVER STONE PUBLIC SCHOOL
Head/Principal Name: KAPIL DEEP","Address : BAHJOI ROAD CHANDAUSI
Website : www.silverstonepublicschoolchandausi.com"
1603,"Aff. No. :2133170
Sch. Code:81959","State : UTTAR PRADESH
District : SAMBHAL",Senior Secondary Level,"Name : NEW SATTYAM ACADEMY
Head/Principal Name: Satish Chandra Gangwar","Address : RAMBAGH ROAD, KAITHAL GATE, CHANDAUSI, SAMBHAL, UP
Website : www.newsattyamacademy.in"
1604,"Aff. No. :2133081
Sch. Code:81943","State : UTTAR PRADESH
District : SAMBHAL",Senior Secondary Level,"Name : GOYA WORLD SCHOOL
Head/Principal Name: SWATI GUPTA","Address : VILLAGE-RAMPUR JATT,POST-SAIDNAGLI,TEHSIL-SAMBHAL,DISTRICT-SAMBHAL,PIN CODE-244242
Website : www.goya.edu.in"
1605,"Aff. No. :2132921
Sch. Code:81929","State : UTTAR PRADESH
District : SAMBHAL",Senior Secondary Level,"Name : A M WORLD SCHOOL
Head/Principal Name: KULDEEP SINGH","Address : MAULAGARH
Website : www.amworldschool.com"
1606,"Aff. No. :2132323
Sch. Code:81841","State : UTTAR PRADESH
District : SAMBHAL",Senior Secondary Level,"Name : G.K. SILVER STONE PUBLIC SCHOOL
Head/Principal Name: RAJESH KUMAR SHARMA","Address : GANESH MELA GROUND
Website : www.gksilverstone.com"
1607,"Aff. No. :2131024
Sch. Code:81244","State : UTTAR PRADESH
District : SAMBHAL",Senior Secondary Level,"Name : KHMC SCHOOL
Head/Principal Name: MAMTA RANI","Address : CHANDAUSI ROAD;BAMNETA BAHJOI
Website : www.khmcschool.edu.in"
1608,"Aff. No. :2130722
Sch. Code:81203","State : UTTAR PRADESH
District : SAMBHAL",Senior Secondary Level,"Name : MUMTAZ MODERN SECONDARY SCHOOL
Head/Principal Name: Abdul Raoof","Address : VILL IKROTIYA PO ASMOLI TEH SAMBHAL DISTT SAMBHAL UP
Website :"
1609,"Aff. No. :2130859
Sch. Code:81219","State : UTTAR PRADESH
District : SAMBHAL",Senior Secondary Level,"Name : ST MARYS SCHOOL
Head/Principal Name: Arockia Mary","Address : SHANTIPURAM MANDI ROAD PO SAMBHAL DISTT SAMBHAL UTTAR PRADESH
Website : www.stmaryssambhal.com"
1610,"Aff. No. :2130353
Sch. Code:81124","State : UTTAR PRADESH
District : SAMBHAL",Senior Secondary Level,"Name : BAL VIDYA MANDIR
Head/Principal Name: MANISH PANWAR","Address : ALAM SARAI SAMBHAL DISTT MORADABAD UTTAR PRADESH
Website : www.balvidyamandir.ac.in"
1611,"Aff. No. :2130183
Sch. Code:81058","State : UTTAR PRADESH
District : SAMBHAL",Senior Secondary Level,"Name : R.R.K.SCHOOL
Head/Principal Name: Dr ARCHNA SHARMA","Address : SITA ASHRAM ROAD CHANDAUSI DISTT MORADABAD UTTAR PRADESH
Website : www.rrkchd.com"
1612,"Aff. No. :2130283
Sch. Code:81084","State : UTTAR PRADESH
District : SAMBHAL",Senior Secondary Level,"Name : DAV FERTILIZER PUBLIC SCHOOL,
Head/Principal Name: ANAND SWAROOP SARASWAT","Address : INDIRA DHAM, BABRALA, SAMBHAL, UP 242021
Website : www.tcdavbabrala.org"
1613,"Aff. No. :2134124
Sch. Code:80164","State : UTTAR PRADESH
District : SAMBHAL",Secondary Level,"Name : SHASHI MADAN PUBLIC SCHOOL
Head/Principal Name: SANJAY RAJAN","Address : SHIV SHAKTI NAGAR NH-509, NEAR VENUS SUGAR LTD., CHANDAUSI
Website : https://www.smpschandausi.com"
1614,"Aff. No. :2133698
Sch. Code:80043","State : UTTAR PRADESH
District : SAMBHAL",Secondary Level,"Name : THE GURUKUL
Head/Principal Name: Sunita","Address : BHAWANIPUR, CHANDAUSI ROAD
Website : www.thegurukulsambhal.com"
1615,"Aff. No. :2133722
Sch. Code:80051","State : UTTAR PRADESH
District : SAMBHAL",Senior Secondary Level,"Name : KAYNAT GLORIOUS PUBLIC SCHOOL
Head/Principal Name: SOUMYA RANJAN PANDA","Address : RAJPURA SAMBHAL UTTAR PRADESH
Website : www.kgpschool.com"
1616,"Aff. No. :2133796
Sch. Code:80105","State : UTTAR PRADESH
District : SAMBHAL",Senior Secondary Level,"Name : KAINAT INTERNATIONAL SCHOOL
Head/Principal Name: MOHAMMAD IMRAN","Address : DELHI HASSANPUR ROAD, SAMBHAL
Website : http://www.kainatsambhal.org/"
1617,"Aff. No. :2133806
Sch. Code:80107","State : UTTAR PRADESH
District : SAMBHAL",Senior Secondary Level,"Name : BHAGAT JI INTERNATIONAL SCHOOL
Head/Principal Name: NEHA MALAY","Address : BAHJOI, SAMBHAL
Website : http://bhagatjiinternational.in/"
1618,"Aff. No. :2133556
Sch. Code:80012","State : UTTAR PRADESH
District : SAMBHAL",Senior Secondary Level,"Name : H.M.GLOBAL SCHOOL
Head/Principal Name: SYED JAMAL UDDIN","Address : HABEEBPUR,HASANPUR ROAD,SAMBHAL.244302
Website : www.hmglobalschool.com"
1619,"Aff. No. :2133230
Sch. Code:81973","State : UTTAR PRADESH
District : SAMBHAL",Secondary Level,"Name : ST. MARYS SCHOOL, SHAHPUR-FATEHULLAHGANJ
Head/Principal Name: Jaise Maria","Address : ST. MARYS SCHOOL, SHAHPUR-FATEHULLAHGANJ POST-REHTAUL, DISTT- SAMBHAL, 244301
Website : www.stmarysshapur.com"
1620,"Aff. No. :2133321
Sch. Code:81990","State : UTTAR PRADESH
District : SAMBHAL",Senior Secondary Level,"Name : MISSION INTERNATIONAL ACADEMY
Head/Principal Name: WILSON RAJAN","Address : TARIN CAMPUS CHOUDHARY SARAI BEHJOI ROAD SAMBHAL
Website : http://miasambhal.in"
1621,"Aff. No. :2133392
Sch. Code:81998","State : UTTAR PRADESH
District : SAMBHAL",Senior Secondary Level,"Name : ANGELS PUBLIC SCHOOL
Head/Principal Name: Tejveer Singh","Address : SARAI SHARMEEN, BEHIND S.D.M. COURT, SAMBHAL
Website : www.angelspublicschools.com"
1622,"Aff. No. :2134399
Sch. Code:61706","State : UTTAR PRADESH
District : SAMBHAL",Secondary Level,"Name : ALPS INTERNATIONAL SCHOOL
Head/Principal Name: SULEKHA YADAV","Address : GATA NO 687, VILLAGE TANDA KOTHI, BLOCK ASMOLI, TEHSIL SAMBHAL, DISTRICT SAMBHAL
Website : www.alpsschool.org"
1623,"Aff. No. :2134701
Sch. Code:61806","State : UTTAR PRADESH
District : SAMBHAL",Secondary Level,"Name : ST. MARY'S ACADEMY
Head/Principal Name: THALAMALA KALYANI","Address : JEEVNDHAM AKBHANDPUR, KAFARPUR, POST-SANGHAN MACHARIYA, SAMBAL, U.P.-244304
Website : https://stmarysacademyakhbandhpur.in"
1624,"Aff. No. :2134670
Sch. Code:61790","State : UTTAR PRADESH
District : SAMBHAL",Secondary Level,"Name : PANKAJ KUMAR MEMORIAL PUBLIC SCHOOL
Head/Principal Name: LOKESH KUMAR VERMA","Address : VILLAGE SAIMLI , POST SAGHAN MACHHARIYA, BLOCK ASMOLI, TEHSIL SAMBHAL
Website : https://www.pkmpublicschool.in/"
1625,"Aff. No. :2134822
Sch. Code:61841","State : UTTAR PRADESH
District : SAMBHAL",Secondary Level,"Name : SHAGUN ACADEMY
Head/Principal Name: Birendra Singh","Address : MILAK SARDAR, SHAHPUR CHAMARAN, POST REHTAUL
Website : http://www.shagunacademy.com/"
1626,"Aff. No. :2140040
Sch. Code:84056","State : UTTAR PRADESH
District : SAMBHAL",Senior Secondary Level,"Name : JAWAHAR NAVODAYA VIDYALAYA
Head/Principal Name: HEMLATA NEGI BISHT","Address : BABRALA DISTT BUDAUN UTTAR PRADESH
Website : https://navodaya.gov.in/nvs/nvs-school/SAMBHAL/en/home/"
