sno,aff_no_school_code,state_district,school_head_name,address,website
1,"Aff. No. :100024
Sch. Code:59314","State : ANDHRA PRADESH
District : ANANTHAPURAMU",Senior Secondary Level,"Name : PM SHRI KENDRIYA VIDYALAYA
Head/Principal Name: VIJAYAKUMAR SADOMPATI","Address : PRABHAT NAGAR GUNTAKAL ANANTAPUR DIST ANDHRA PRADESH
Website : https://guntakal.kvs.ac.in/"
2,"Aff. No. :100041
Sch. Code:59337","State : ANDHRA PRADESH
District : ANANTHAPURAMU",Senior Secondary Level,"Name : PM SHRI KENDRIYA VIDYALAYA
Head/Principal Name: BOLIMERA NAGASWARA RAO","Address : MARKET YARD GOOTY ANANTPUR DISTT ANDHRA PRADESH
Website : https://gootyanantpur.kvs.ac.in/"
3,"Aff. No. :100045
Sch. Code:59340","State : ANDHRA PRADESH
District : ANANTHAPURAMU",Senior Secondary Level,"Name : PM SHRI KENDRIYA VIDYALAYA ANANTAPUR
Head/Principal Name: MARKANDEYULU SURI","Address : SKU CAMPUS S V PURAM ANANTAPUR ANDHRA PRADESH
Website : https://anantapur.kvs.ac.in/"
4,"Aff. No. :120168
Sch. Code:58229","State : ANDHRA PRADESH
District : ANANTHAPURAMU",Senior Secondary Level,"Name : APMS PAMIDI
Head/Principal Name: YADAV ARUNA","Address : OPPOSIT MPDO OFFICE , PAMIDI
Website : https://nadunedu.se.ap.gov.in/cbse/cbse/28221202033"
5,"Aff. No. :120308
Sch. Code:58369","State : ANDHRA PRADESH
District : ANANTHAPURAMU",Senior Secondary Level,"Name : APMS CHILAMKUR
Head/Principal Name: M VENKATAPATHI","Address : CHILAMAKUR, ANANTAPUR
Website : https://nadunedu.se.ap.gov.in/cbse/cbse/28222901104"
6,"Aff. No. :120313
Sch. Code:58374","State : ANDHRA PRADESH
District : ANANTHAPURAMU",Senior Secondary Level,"Name : KGBV GEN TADIPATRI
Head/Principal Name: T MUNEMMA","Address : NEAR RAGHU FUNCTION HALL, TADIPATRI , TADIPATRI
Website : https://nadunedu.se.ap.gov.in/cbse/cbse/28220902812"
7,"Aff. No. :120325
Sch. Code:58386","State : ANDHRA PRADESH
District : ANANTHAPURAMU",Senior Secondary Level,"Name : KGBV GUMMAGATTA
Head/Principal Name: K SHABANA BEGUM","Address : B.T PROJECT,GUMMAGATTA MANDAL, ANANTAPUR
Website : https://nadunedu.se.ap.gov.in/cbse/cbse/28221901107"
8,"Aff. No. :120359
Sch. Code:58420","State : ANDHRA PRADESH
District : ANANTHAPURAMU",Senior Secondary Level,"Name : APMS SETTUR
Head/Principal Name: P GAYATHRI","Address : OPPOSITE PHC, SETTUR
Website : https://nadunedu.se.ap.gov.in/cbse/cbse/28222100114"
9,"Aff. No. :120371
Sch. Code:58432","State : ANDHRA PRADESH
District : ANANTHAPURAMU",Senior Secondary Level,"Name : KGBV AMADAGUR
Head/Principal Name: J VENKATARAMANAMMA","Address : GUNDUVARIPALLI MAIN ROAD, AMADAGUR MANDAL
Website : https://nadunedu.se.ap.gov.in/cbse/cbse/28224500617"
10,"Aff. No. :120373
Sch. Code:58434","State : ANDHRA PRADESH
District : ANANTHAPURAMU",Senior Secondary Level,"Name : KGBV SETTUR
Head/Principal Name: G LALITHAMMA","Address : NEAR PHC , SETTUR
Website : https://nadunedu.se.ap.gov.in/cbse/cbse/28222100112"
11,"Aff. No. :120377
Sch. Code:58438","State : ANDHRA PRADESH
District : ANANTHAPURAMU",Senior Secondary Level,"Name : APMS URAVAKONDA
Head/Principal Name: D PRASHASTA KUMARI","Address : CHINNAMUSTURU, URAVAKONDA
Website : https://nadunedu.se.ap.gov.in/cbse/cbse/28221501114"
12,"Aff. No. :120393
Sch. Code:58454","State : ANDHRA PRADESH
District : ANANTHAPURAMU",Senior Secondary Level,"Name : APMS TADIPATRI
Head/Principal Name: PAGIDELA LAVANYA","Address : NANDALAPADU, TADIPATRI
Website : https://nadunedu.se.ap.gov.in/cbse/cbse/28220901705"
13,"Aff. No. :120428
Sch. Code:58489","State : ANDHRA PRADESH
District : ANANTHAPURAMU",Senior Secondary Level,"Name : APSWRSCHOOL/JR COLLEGE FOR GIRLS, KURUGUNTA
Head/Principal Name: T V APARNA","Address : ANANTHAPURAM, ANANTHAPURAM
Website : suninallapati07@gmail.com"
14,"Aff. No. :120453
Sch. Code:58514","State : ANDHRA PRADESH
District : ANANTHAPURAMU",Senior Secondary Level,"Name : APMS GARLADINNE
Head/Principal Name: SAKE SATISH","Address : GARLADINNE , GARLADINNE MANDAL
Website : https://nadunedu.se.ap.gov.in/cbse/cbse/28221301614"
15,"Aff. No. :120460
Sch. Code:58521","State : ANDHRA PRADESH
District : ANANTHAPURAMU",Senior Secondary Level,"Name : KGBV SINGANAMALA
Head/Principal Name: V GEETHA RANI","Address : NEAR HOSPITAL, SINGANAMALA
Website : https://nadunedu.se.ap.gov.in/cbse/cbse/28221101908"
16,"Aff. No. :120464
Sch. Code:58525","State : ANDHRA PRADESH
District : ANANTHAPURAMU",Senior Secondary Level,"Name : APSWRSBOYS MALUGUR
Head/Principal Name: SHAIK NOORULLAH","Address : NANDAMURI NAGAR, STAFF QUARTERS, NANDAMURI NAGAR
Website : https://nadunedu.se.ap.gov.in/cbse/cbse/28225700208"
17,"Aff. No. :120508
Sch. Code:58569","State : ANDHRA PRADESH
District : ANANTHAPURAMU",Senior Secondary Level,"Name : APSWRS RAJAPURAM
Head/Principal Name: S S Usha Rani","Address : GUNTAKAL ROAD, RAJAPURAM (V), GOOTY
Website : https://nadunedu.se.ap.gov.in/cbse/cbse/28220600903"
18,"Aff. No. :120524
Sch. Code:58585","State : ANDHRA PRADESH
District : ANANTHAPURAMU",Senior Secondary Level,"Name : KGBV NARPALA
Head/Principal Name: M NIRMALA","Address : NARPALA , ANANTAPUR
Website : https://nadunedu.se.ap.gov.in/cbse/cbse/28222700422"
19,"Aff. No. :120537
Sch. Code:58598","State : ANDHRA PRADESH
District : ANANTHAPURAMU",Senior Secondary Level,"Name : APMS PUTLUR
Head/Principal Name: B S ASMA SAYEDA","Address : APMS, PUTLURU
Website : https://nadunedu.se.ap.gov.in/cbse/cbse/28222800515"
20,"Aff. No. :120543
Sch. Code:58604","State : ANDHRA PRADESH
District : ANANTHAPURAMU",Senior Secondary Level,"Name : KGBV RAJAPURAM
Head/Principal Name: M Rudrakshi","Address : KALUVAGADDA ANJINETA SWAMY TEMPLE ,GOOTY, GOOTY
Website : https://nadunedu.se.ap.gov.in/cbse/cbse/28220600904"
21,"Aff. No. :120561
Sch. Code:58622","State : ANDHRA PRADESH
District : ANANTHAPURAMU",Senior Secondary Level,"Name : KGBV VAJRAKARUR
Head/Principal Name: M Dhanalakshmi","Address : THATRAKAL(V), VAJRAKARUR ( M)
Website : https://nadunedu.se.ap.gov.in/cbse/cbse/28220400410"
22,"Aff. No. :120621
Sch. Code:58682","State : ANDHRA PRADESH
District : ANANTHAPURAMU",Senior Secondary Level,"Name : KGBV PAMIDI
Head/Principal Name: Avula Sowbhagyalakshmi","Address : PAMIDI, ANANTAPUR
Website : https://nadunedu.se.ap.gov.in/cbse/cbse/28221202031"
23,"Aff. No. :120640
Sch. Code:58702","State : ANDHRA PRADESH
District : ANANTHAPURAMU",Senior Secondary Level,"Name : KGBV YADIKI
Head/Principal Name: K NIRMALA","Address : VEMULAPADU VILLAGE , YADIKI MANDAL
Website : https://nadunedu.se.ap.gov.in/cbse/cbse/28220800338"
24,"Aff. No. :120659
Sch. Code:58721","State : ANDHRA PRADESH
District : ANANTHAPURAMU",Senior Secondary Level,"Name : KGBV MIN TADIPATRI
Head/Principal Name: P Padmavathi","Address : NEAR WATER PUMP HOUSE, TADIPATRI
Website : https://nadunedu.se.ap.gov.in/cbse/cbse/28220902811"
25,"Aff. No. :120667
Sch. Code:58729","State : ANDHRA PRADESH
District : ANANTHAPURAMU",Senior Secondary Level,"Name : KGBV RAPTHADU
Head/Principal Name: S MMUTHYALAMMA","Address : BESIDE AP MODEL SCHOOL, RAPTHADU , ANANTAPUR
Website : https://nadunedu.se.ap.gov.in/cbse/cbse/28223200123"
26,"Aff. No. :120670
Sch. Code:58732","State : ANDHRA PRADESH
District : ANANTHAPURAMU",Senior Secondary Level,"Name : KGBV URAVAKONDA
Head/Principal Name: M DHANALAKSHMI","Address : URAVAKONDA, URAVAKONDA
Website : https://nadunedu.se.ap.gov.in/cbse/cbse/28221591148"
27,"Aff. No. :120678
Sch. Code:58740","State : ANDHRA PRADESH
District : ANANTHAPURAMU",Senior Secondary Level,"Name : APMS VIDAPANAKAL
Head/Principal Name: G GANGADHARA","Address : VIDAPANAKAL, VIDAPANAKAL
Website : https://nadunedu.se.ap.gov.in/cbse/cbse/28220300812"
28,"Aff. No. :120688
Sch. Code:58750","State : ANDHRA PRADESH
District : ANANTHAPURAMU",Senior Secondary Level,"Name : KGBV VIDAPANAKAL
Head/Principal Name: P THULASI PRIYA","Address : MALAPURAM, VIDAPANAKAL
Website : https://nadunedu.se.ap.gov.in/cbse/cbse/28220300807"
29,"Aff. No. :120703
Sch. Code:58765","State : ANDHRA PRADESH
District : ANANTHAPURAMU",Senior Secondary Level,"Name : APMS KANEKAL
Head/Principal Name: B C ADINARAYANAPPA","Address : NEAR ZPHS BOYS, KANEKAL
Website : https://nadunedu.se.ap.gov.in/cbse/cbse/28221701040"
30,"Aff. No. :120708
Sch. Code:58770","State : ANDHRA PRADESH
District : ANANTHAPURAMU",Senior Secondary Level,"Name : KGBV PEDDAVADUGUR
Head/Principal Name: M USHA","Address : KGBVPEDDAVADUGUR,PEDDAVADUGUR , PEDDAVADUGUR MANDAL
Website : https://nadunedu.se.ap.gov.in/cbse/cbse/28220701012"
31,"Aff. No. :120711
Sch. Code:58773","State : ANDHRA PRADESH
District : ANANTHAPURAMU",Senior Secondary Level,"Name : KGBV BOMMANAHAL
Head/Principal Name: EB KAMALAMMA","Address : BOMMANAHAL , BOMMANAHAL
Website : https://nadunedu.se.ap.gov.in/cbse/cbse/28220200506"
32,"Aff. No. :120715
Sch. Code:58777","State : ANDHRA PRADESH
District : ANANTHAPURAMU",Senior Secondary Level,"Name : APSWRS B.PAPPUR
Head/Principal Name: K LAKSHMINARAYANA","Address : ;, BPAPPUR (VI&POST); NARPALA (MANDAL),PIN:
Website : https://nadunedu.se.ap.gov.in/cbse/cbse/28222701104"
33,"Aff. No. :120717
Sch. Code:58779","State : ANDHRA PRADESH
District : ANANTHAPURAMU",Senior Secondary Level,"Name : KGBV PUTLUR
Head/Principal Name: M MADHAVI","Address : OPPOSITE MPDO OFFICE , PUTLUR
Website : https://nadunedu.se.ap.gov.in/cbse/cbse/28222800513"
34,"Aff. No. :120719
Sch. Code:58781","State : ANDHRA PRADESH
District : ANANTHAPURAMU",Senior Secondary Level,"Name : APMS GOOTY
Head/Principal Name: NEELA USHA","Address : OPP PETROL BUNK.GOOTY, GOOTY
Website : https://nadunedu.se.ap.gov.in/cbse/cbse/28220601922"
35,"Aff. No. :120727
Sch. Code:58789","State : ANDHRA PRADESH
District : ANANTHAPURAMU",Senior Secondary Level,"Name : KGBV KUDAIR
Head/Principal Name: D Umadevi","Address : KUDAIR MANDAL, KUDAIR MANDAL
Website : https://nadunedu.se.ap.gov.in/cbse/cbse/28221400909"
36,"Aff. No. :120730
Sch. Code:58792","State : ANDHRA PRADESH
District : ANANTHAPURAMU",Senior Secondary Level,"Name : APMS RAPTADU
Head/Principal Name: ESPATHI PADAMAJA DEVI","Address : OPP TO RDT INCLUSIVE EDUCATION SCHOOL, S, RAPTHADU MANDAL
Website : https://nadunedu.se.ap.gov.in/cbse/cbse/28223200124"
37,"Aff. No. :120734
Sch. Code:58796","State : ANDHRA PRADESH
District : ANANTHAPURAMU",Senior Secondary Level,"Name : APSWR.HS THIMMAPURAM
Head/Principal Name: V VIJAYA LAKSHMI","Address : THIMMAPURAM, BESIDE ZPHS THIMMAPURAM
Website : https://nadunedu.se.ap.gov.in/cbse/cbse/28223401006"
38,"Aff. No. :120738
Sch. Code:58800","State : ANDHRA PRADESH
District : ANANTHAPURAMU",Senior Secondary Level,"Name : APSWRS RAMNAGAR
Head/Principal Name: GUJJALA VENKATA NAIDU","Address : KANEKAL CROSS, KANEKAL MANDAL
Website : https://nadunedu.se.ap.gov.in/cbse/cbse/28221701020"
39,"Aff. No. :120742
Sch. Code:58804","State : ANDHRA PRADESH
District : ANANTHAPURAMU",Senior Secondary Level,"Name : KGBV BUKKARAYASAMUDRAM
Head/Principal Name: M NAGAVENI","Address : BUKKARAYA SAMUDRAM (V&M), BUKKARAYASAMUDRAM
Website : https://nadunedu.se.ap.gov.in/cbse/cbse/28222601030"
40,"Aff. No. :120746
Sch. Code:58808","State : ANDHRA PRADESH
District : ANANTHAPURAMU",Senior Secondary Level,"Name : APSWREISG UKD
Head/Principal Name: NALLAPATI SUNEETHA","Address : NEAT ITI COLLEGE,, URAVAKONDA
Website : https://nadunedu.se.ap.gov.in/cbse/cbse/28221591135"
41,"Aff. No. :120777
Sch. Code:58839","State : ANDHRA PRADESH
District : ANANTHAPURAMU",Senior Secondary Level,"Name : KGBV PEDDAPAPPUR
Head/Principal Name: BOGATI BAYAMMA","Address : JUTUR(V), PEDDAPAPPUR (M), TADIPATHRI
Website : https://nadunedu.se.ap.gov.in/cbse/cbse/28221001307"
42,"Aff. No. :120788
Sch. Code:58850","State : ANDHRA PRADESH
District : ANANTHAPURAMU",Senior Secondary Level,"Name : KGBV KURUGUNTA ANANTAPUR
Head/Principal Name: SKU CAMPUS SCHOOL","Address : KURUGUNTA NEAR: PHC GOVERNMENT HOSPIT, KGBV ANANTAPUR (MIN) KURUGUNTA,ANANTAPUR
Website : https://nadunedu.se.ap.gov.in/cbse/cbse/28222500705"
43,"Aff. No. :120804
Sch. Code:58866","State : ANDHRA PRADESH
District : ANANTHAPURAMU",Senior Secondary Level,"Name : APTWR HS SEVAGAD
Head/Principal Name: KATTI ADINARAYANA REDDY","Address : NEARBY CHEROLOPALLI VILLAGE(SEVAGAD TEMP, GOLLALADODDI
Website : https://nadunedu.se.ap.gov.in/cbse/cbse/28220601103"
44,"Aff. No. :120811
Sch. Code:58873","State : ANDHRA PRADESH
District : ANANTHAPURAMU",Senior Secondary Level,"Name : KCGHS KALYANDURG
Head/Principal Name: G SREENIVASULU","Address : NEAR GJC, KALYANADURGAM
Website : https://nadunedu.se.ap.gov.in/cbse/cbse/28222390714"
45,"Aff. No. :120815
Sch. Code:58877","State : ANDHRA PRADESH
District : ANANTHAPURAMU",Senior Secondary Level,"Name : KGBV GUNTAKAL
Head/Principal Name: M MAHAMUDA BEGUM","Address : NHA -INDIRAMMA HOUSING AREA, GUNTAKAL
Website : https://nadunedu.se.ap.gov.in/cbse/cbse/28220590512"
46,"Aff. No. :120840
Sch. Code:58902","State : ANDHRA PRADESH
District : ANANTHAPURAMU",Senior Secondary Level,"Name : KGBV YELLANUR
Head/Principal Name: M Madhavi","Address : YELLANUR, YELLANUR
Website : https://nadunedu.se.ap.gov.in/cbse/cbse/28222900611"
47,"Aff. No. :120846
Sch. Code:58908","State : ANDHRA PRADESH
District : ANANTHAPURAMU",Senior Secondary Level,"Name : KGBV BRAMHASAMUDRAM
Head/Principal Name: N MAHALAKSHMI","Address : BRAHMASAMUDRAM , ANANTAPURAM
Website : https://nadunedu.se.ap.gov.in/cbse/cbse/28222001109"
48,"Aff. No. :120882
Sch. Code:58944","State : ANDHRA PRADESH
District : ANANTHAPURAMU",Senior Secondary Level,"Name : KGBV KUNDURPI
Head/Principal Name: MUDIYALA NIRMALA","Address : KUNDURPI, KUNDURPI (M)
Website : https://nadunedu.se.ap.gov.in/cbse/cbse/28222200716"
49,"Aff. No. :120886
Sch. Code:58948","State : ANDHRA PRADESH
District : ANANTHAPURAMU",Senior Secondary Level,"Name : APRS BOYS NUTHIMADUGU
Head/Principal Name: B MALLIKARJUNUDU","Address : BESIDE ZPHS NUTHIMADUGU HIGH SCHOOL, NUTHIMADUGU
Website : https://nadunedu.se.ap.gov.in/cbse/cbse/28223400405"
50,"Aff. No. :120901
Sch. Code:58963","State : ANDHRA PRADESH
District : ANANTHAPURAMU",Senior Secondary Level,"Name : KGBV BELUGUPPA
Head/Principal Name: M NAGARATHNA BAI","Address : BELUGUPPA, BELUGUPPA
Website : https://nadunedu.se.ap.gov.in/cbse/cbse/28221600313"
51,"Aff. No. :120933
Sch. Code:58995","State : ANDHRA PRADESH
District : ANANTHAPURAMU",Senior Secondary Level,"Name : KGBV GARLADINNE
Head/Principal Name: A NAGASATYA","Address : NEAR AP.MODEL SCHOOL, GARLADINNE, GARLADINNE.MANDAL
Website : https://nadunedu.se.ap.gov.in/cbse/cbse/28221301612"
52,"Aff. No. :120963
Sch. Code:59082","State : ANDHRA PRADESH
District : ANANTHAPURAMU",Senior Secondary Level,"Name : KGBV RAYADURG
Head/Principal Name: P VENKATALAKSHMI","Address : RAYADURG, 7.5214239149E+012
Website : https://nadunedu.se.ap.gov.in/cbse/cbse/28221890966"
53,"Aff. No. :120969
Sch. Code:59088","State : ANDHRA PRADESH
District : ANANTHAPURAMU",Senior Secondary Level,"Name : APSWR SCHOOL FOR BOYS
Head/Principal Name: PACHA MADHUSUDHANA RAO","Address : NEAR LEPAKSHI TUBES, SC BOYS HOSTEL CAMPUS
Website : https://nadunedu.se.ap.gov.in/cbse/cbse/28225791370"
54,"Aff. No. :120973
Sch. Code:59092","State : ANDHRA PRADESH
District : ANANTHAPURAMU",Senior Secondary Level,"Name : KGBV KANEKAL
Head/Principal Name: B MANJULA","Address : K.KOTHAPALLI, KANEKAL
Website : https://nadunedu.se.ap.gov.in/cbse/cbse/28221701033"
55,"Aff. No. :120976
Sch. Code:59095","State : ANDHRA PRADESH
District : ANANTHAPURAMU",Senior Secondary Level,"Name : APSWRS BRAMHASAMUDRAM
Head/Principal Name: B SATHAYAVATHAMMA","Address : OPP BC BOYS HOSTEL, BRAHMASAMUDRAM
Website : https://nadunedu.se.ap.gov.in/cbse/cbse/28222001107"
56,"Aff. No. :121005
Sch. Code:59124","State : ANDHRA PRADESH
District : ANANTHAPURAMU",Senior Secondary Level,"Name : APRSWSGIRLS GOOTY
Head/Principal Name: G A Vijayalatha","Address : OPP: POLICE QUARTERS, GOOTY
Website : https://nadunedu.se.ap.gov.in/cbse/cbse/28220690323"
57,"Aff. No. :121019
Sch. Code:59138","State : ANDHRA PRADESH
District : ANANTHAPURAMU",Senior Secondary Level,"Name : APREISBC-B URAVAKONDA
Head/Principal Name: K J JONATHAN","Address : BESIDE ZP SCHOOL, KONAKONDLA VILLAGE ,, VAJRAKARUR MANDAL
Website : https://nadunedu.se.ap.gov.in/cbse/cbse/28221591134"
58,"Aff. No. :130015
Sch. Code:57001","State : ANDHRA PRADESH
District : ANANTHAPURAMU",Senior Secondary Level,"Name : SRI SATHYA SAI HR SEC SCHOOL
Head/Principal Name: Y SIVARAMAKRISHNAIAH","Address : PRASANTHINILAYAM ANANTAPUR DIST. ANDHRA PRADESH
Website :"
59,"Aff. No. :130089
Sch. Code:57084","State : ANDHRA PRADESH
District : ANANTHAPURAMU",Senior Secondary Level,"Name : SAMSIDH SCHOOL
Head/Principal Name: G. Madhunika","Address : SURVEY NO 33, RACHANPALLI, ANANTAPUR ANDHRA PRADESH
Website : https://www.samsidh.in/samsidh-school-anantapur"
60,"Aff. No. :130310
Sch. Code:57106","State : ANDHRA PRADESH
District : ANANTHAPURAMU",Senior Secondary Level,"Name : AKSHARA INTERNATIONAL SCHOOL
Head/Principal Name: Mokarala Chandra Sekhara Sastry","Address : 1/45, THIMMAMPETA(VILL) GARLADINNE(MAN), ANANTAPUR(DIST)
Website : http://aksharainternationalschool.co.in/"
61,"Aff. No. :130347
Sch. Code:57116","State : ANDHRA PRADESH
District : ANANTHAPURAMU",Senior Secondary Level,"Name : SMT.ESWARAMMA HIGH SCHOOL
Head/Principal Name: JANAKI THANASINGAM","Address : VIDYA GIRI, ANANATPUR, PUTTAPARATHI,
Website : www.sehs.edu.in"
62,"Aff. No. :130497
Sch. Code:57202","State : ANDHRA PRADESH
District : ANANTHAPURAMU",Secondary Level,"Name : ERA INTERNATIONAL SCHOOL
Head/Principal Name: S.Prathyusha Gayatri","Address : BELLARY ROAD,RACHANAPALLI
Website : www.erainternationalschools.com"
63,"Aff. No. :130501
Sch. Code:57210","State : ANDHRA PRADESH
District : ANANTHAPURAMU",Senior Secondary Level,"Name : SREE VASAWI WINNERS SCHOOL
Head/Principal Name: K NAGARAJU","Address : SDGS COLLEGE CAMPUS, NANEPPA NAGAR, HINDUPUR
Website : www.sreevasawiwinnersschool@gmail.com"
64,"Aff. No. :130602
Sch. Code:57225","State : ANDHRA PRADESH
District : ANANTHAPURAMU",Senior Secondary Level,"Name : L R G PUBLIC SCHOOL
Head/Principal Name: T B BHARATHI","Address : L R G PUBLIC SCHOOL, KLIREKERA, HINDUPUR
Website : www.lrgpschool.com"
65,"Aff. No. :130604
Sch. Code:57226","State : ANDHRA PRADESH
District : ANANTHAPURAMU",Senior Secondary Level,"Name : MONTESSORI ELITE E M SCHOOL
Head/Principal Name: Turpunati Prathap Reddy","Address : SY NO 258/2 GOLLAPALLI NEAR MARUR TOLL GATE
Website :"
66,"Aff. No. :130611
Sch. Code:56166","State : ANDHRA PRADESH
District : ANANTHAPURAMU",Secondary Level,"Name : VIVEKANANDA MILLENNIUM SCHOOL
Head/Principal Name: M HARISH BABU","Address : PULAKUNTA,HINDUPUR,ANANTAPUR,AP-515201.
Website : www.vmillennium.com"
67,"Aff. No. :130614
Sch. Code:56187","State : ANDHRA PRADESH
District : ANANTHAPURAMU",Secondary Level,"Name : L R G PUBLIC SCHOOL
Head/Principal Name: MRS. T B BHARATHI","Address : L R G PUBLIC SCHOOL, KLIREKERA, HINDUPUR
Website :"
68,"Aff. No. :130635
Sch. Code:56371","State : ANDHRA PRADESH
District : ANANTHAPURAMU",Senior Secondary Level,"Name : LOTUS ENGLISH MEDIUM HIGH SCHOOL
Head/Principal Name: SATHEESH KUMAR P P","Address : PULAKUNTA, HINDUPUR MANDAL, HINDUPUR, ANANTHAPUR DIST
Website : www.lotusschoolhindupur.com"
69,"Aff. No. :130686
Sch. Code:56461","State : ANDHRA PRADESH
District : ANANTHAPURAMU",Secondary Level,"Name : SRI AUROBINDO CENTENARY E.M HIGH SCHOOL
Head/Principal Name: GORAVA NAGARAJU","Address : TADIPATRI VILLAGE AND POST, TADIPATRI MANDAL
Website : https://sacschool.org/"
70,"Aff. No. :130699
Sch. Code:56519","State : ANDHRA PRADESH
District : ANANTHAPURAMU",Senior Secondary Level,"Name : THE VERIDIAN ECOLE
Head/Principal Name: SUDHA NUGURU","Address : BRAHMANAPALLI VILLAGE, KUDERU MANDAL
Website : https://veridianecole.com/"
71,"Aff. No. :130711
Sch. Code:56566","State : ANDHRA PRADESH
District : ANANTHAPURAMU",Secondary Level,"Name : ANANTHA LAKSHMI ENGLISH MEDIUM SCHOOL
Head/Principal Name: SHALINI K V","Address : BESIDE ANANTHA LAKSHMI INSTITUTE OF TECH, ITUKULAPALLI(V)
Website : www.ananthalakshmischool.ac.in"
72,"Aff. No. :130732
Sch. Code:56654","State : ANDHRA PRADESH
District : ANANTHAPURAMU",Secondary Level,"Name : SRI VIGNAN ENGLISH MEDIUM HIGH SCHOOL
Head/Principal Name: PHILIP P T","Address : M. KOTHAPALLI(VILLAGE), KADIRI MAIN ROAD, O.D.CHERUVU (MANDAL), SRI SATHYA SAI(DI
Website : http://www.srivignan.org/"
73,"Aff. No. :130744
Sch. Code:56715","State : ANDHRA PRADESH
District : ANANTHAPURAMU",Senior Secondary Level,"Name : SREE MASINENI ENGLISH MEDIUM SCHOOL
Head/Principal Name: SIRIYAPURAJU UMA MAHESWARA RAO","Address : PEDDAVADUGURU MANDAL, ANANTAPUR DISTIRCT
Website : http://masinenischool.com/"
74,"Aff. No. :130795
Sch. Code:57326","State : ANDHRA PRADESH
District : ANANTHAPURAMU",Secondary Level,"Name : NARAYANA E.M.UPPER PRIMARY SCHOOL
Head/Principal Name: NAGU ROSIREDDY","Address : 641A1A/A1C/A3, RAVI VENKATAM PALLI VILLAGE , TADIPATRI MANDAL
Website : http://Narayanacbseschool.in"
75,"Aff. No. :130820
Sch. Code:23868","State : ANDHRA PRADESH
District : ANANTHAPURAMU",Secondary Level,"Name : EDIFY WORLD SCHOOL
Head/Principal Name: Dr. Vemi Reddy Bala Gurivi Reddy","Address : SY.NO. 85, 86 & 87, NATIONAL HIGHWAY, OPP. KESHAVA REDDY RESIDENTIAL SCHOOL,, BUKKARAYASAMUDRAM (M), ANANTHAPURAMU
Website : https://edifyworldschoolanantapur.com"
76,"Aff. No. :130829
Sch. Code:23887","State : ANDHRA PRADESH
District : ANANTHAPURAMU",Senior Secondary Level,"Name : GLOBAL EM SCHOOL
Head/Principal Name: DR JYOTHIRMAI A S","Address : LIC COLONY,, NEAR TV TOWER,, ANANTHAPURAMU
Website : www.globalschools.in"
77,"Aff. No. :130844
Sch. Code:23956","State : ANDHRA PRADESH
District : ANANTHAPURAMU",Secondary Level,"Name : SRI CHAITANYA ENGLISH MEDIUM SCHOOL
Head/Principal Name: PAYYAVULA KAVITHA","Address : C-1480, PAMURAIEE, ANANTHAPURAMU
Website : https://srichaitanyaenglishmediumschoolatp.net"
78,"Aff. No. :140002
Sch. Code:59323","State : ANDHRA PRADESH
District : ANANTHAPURAMU",Senior Secondary Level,"Name : PM SHRI SCHOOL JAWAHAR NAVODAYA VIDYALAYA
Head/Principal Name: M NAGARAJU","Address : LEPAKSHI ANANTAPUR DISTT. ANDHRA PRADESH
Website : www.navodaya.gov.in/nvs/nvs-school/ANANTAPUR/en/ho"
79,"Aff. No. :130841
Sch. Code:23948","State : ANDHRA PRADESH
District : CHITTOOR",Secondary Level,"Name : VIJAYAVANI ENGLISH MEDIUM HIGH SCHOOL
Head/Principal Name: A KARUNA","Address : S.NO 245-8 AND 244-1, VIJAYAVANI NAGAR, CHOWDEPALLE POST AND MANDAL
Website : https://vijayavaniemh.school"
80,"Aff. No. :140011
Sch. Code:59312","State : ANDHRA PRADESH
District : CHITTOOR",Senior Secondary Level,"Name : PM SHRI SCHOOL JAWAHAR NAVODAYA VIDYALAYA
Head/Principal Name: M GEETHA","Address : VALASAPALLE (VIA) MADANAPALLE CHITTOOR DISTT. ANDHRA PRADESH
Website : www.navodaya.gov.in/nvs/nvs-school/CHITTOOR/en/hom"
81,"Aff. No. :180019
Sch. Code:59350","State : ANDHRA PRADESH
District : CHITTOOR",Senior Secondary Level,"Name : SAINIK SCHOOL KALIKIRI
Head/Principal Name: GP CAPT CHARANJIT SINGH PARDESI","Address : KALIKIRI POST CHITTOOR DISTT. ANDHRA PRADESH-517 234
Website : https://sskal.ac.in/"
82,"Aff. No. :130812
Sch. Code:23837","State : ANDHRA PRADESH
District : CHITTOOR",Secondary Level,"Name : CAMFORD ENGLISH MEDIUM HIGH SCHOOL
Head/Principal Name: Arun Kumar V","Address : SY-NO- 382/1,383,384 OF 72, WEST CAMPUS , GANGANAPALLE
Website : https://samsidhcamford.in/"
83,"Aff. No. :130809
Sch. Code:23827","State : ANDHRA PRADESH
District : CHITTOOR",Secondary Level,"Name : DELHI PUBLIC SCHOOL KUPPAM
Head/Principal Name: ARUL RAJ T","Address : 6-92 KRISHNAJUNA COMPLEX, GUDUPALLI ROAD, KUPPAM
Website : https://www.idpskuppam.com/"
84,"Aff. No. :130767
Sch. Code:56971","State : ANDHRA PRADESH
District : CHITTOOR",Secondary Level,"Name : RAINBOW'S ENGLISH MEDIUM HIGH SCHOOL
Head/Principal Name: M SUJANA SREE","Address : 31-1565 SY NO 85-1A1, KANIPAKAM ROAD, PANTRAMPALLI PO CHITTOOR MANDAL
Website : https://www.rainbowsschool.in/"
85,"Aff. No. :130773
Sch. Code:56997","State : ANDHRA PRADESH
District : CHITTOOR",Secondary Level,"Name : SRI VINAYAKA VIDYA MANDIR ENGLISH MEDIUM SCHOOL
Head/Principal Name: D PADMANABHAN","Address : IRALA CROSS, K PATNAM POST, THAVANAMPALLI MANDAL
Website : https://srivinayakaeducationalsociety.org/"
86,"Aff. No. :130779
Sch. Code:57266","State : ANDHRA PRADESH
District : CHITTOOR",Secondary Level,"Name : SRIVANIVIDYALAYAENGLISH MEDIUM HIGH SCHOOL
Head/Principal Name: K SUJITHA","Address : MANGASAMUDRAM(RURAL), SANTHAPET, CHITTOOR
Website : www.srivanividyalaya.org"
87,"Aff. No. :130780
Sch. Code:57268","State : ANDHRA PRADESH
District : CHITTOOR",Secondary Level,"Name : AARKAY INTERNATIONAL SCHOOL
Head/Principal Name: NP KOMALA RAVEENDRA","Address : SY.NO.49/1,49-2A,49-2B,50-2A,49-1B,50-1, 1-110, KATTAMANCHI REV - VILLAGE, CHITTOOR
Website : www.aarkayinternationalschool.com"
88,"Aff. No. :130729
Sch. Code:56644","State : ANDHRA PRADESH
District : CHITTOOR",Secondary Level,"Name : VANI HIGH SCHOOL
Head/Principal Name: D R BALAGURUNATH","Address : K.KOTHUR, V.KOTA POST AND MANDAL
Website : http://vhs.edu.in"
89,"Aff. No. :130734
Sch. Code:56662","State : ANDHRA PRADESH
District : CHITTOOR",Secondary Level,"Name : VASISHTA ENGLISH MEDIUM HIGH SCHOOL
Head/Principal Name: N SANDHYA RANI","Address : VIDYA NAGAR, NIMMANAPALLI ROAD, RACHAVETIVARIPALLI POST
Website : http://vasishtaschools.com/state.html"
90,"Aff. No. :130731
Sch. Code:56652","State : ANDHRA PRADESH
District : CHITTOOR",Senior Secondary Level,"Name : NEW YORK ENGLISH MEDIUM SCHOOL
Head/Principal Name: B CHITRA","Address : MURUGANIPALLI ROAD, CHITTOOR
Website : https://newyorkschool.co/"
91,"Aff. No. :130750
Sch. Code:56780","State : ANDHRA PRADESH
District : CHITTOOR",Senior Secondary Level,"Name : INTERNATIONAL DELHI PUBLIC SCHOOL
Head/Principal Name: S SRIDEVI","Address : SURVEY NO. 657 B & C, CHILAKAVARIPALLI, CTM VILLAGE AND POST, MADANAPALLE MANDAL
Website : https://idpsmadanapalli.com/"
92,"Aff. No. :130710
Sch. Code:56560","State : ANDHRA PRADESH
District : CHITTOOR",Senior Secondary Level,"Name : CANDOR NPS SCHOOL
Head/Principal Name: A NAGA SWETHA","Address : ITHEPALLI (POST), , CHANDRAGIRI
Website : www.candornps.com"
93,"Aff. No. :130722
Sch. Code:56608","State : ANDHRA PRADESH
District : CHITTOOR",Senior Secondary Level,"Name : HAWKINGS SCHOOL
Head/Principal Name: V JOSEPH MILLER","Address : VENDUGUMAPALLE POST, KUPPAM MANDAL
Website : http://www.hawkingschool.com/"
94,"Aff. No. :130726
Sch. Code:56633","State : ANDHRA PRADESH
District : CHITTOOR",Secondary Level,"Name : DEEKSHA EM HIGH SCHOOL
Head/Principal Name: K SELVARAJ","Address : PUNGANUR ROAD, MADANAPALLE
Website : https://www.deekshaschool.com"
95,"Aff. No. :130691
Sch. Code:56483","State : ANDHRA PRADESH
District : CHITTOOR",Senior Secondary Level,"Name : VIJAYAM THE SCHOOL
Head/Principal Name: DR MADALAM SAILAJA","Address : PEDDAKALVA POST, G D NELLORE MANDAL
Website : www.vijayamcbseschool.com"
96,"Aff. No. :130692
Sch. Code:56489","State : ANDHRA PRADESH
District : CHITTOOR",Secondary Level,"Name : ATLANTIS THE WORLD SCHOOL
Head/Principal Name: ARCHANAA K JAYACHANDRA","Address : KARAKAMBADI ROAD, TIRUPATI
Website : https://atlantisworldschool.com/"
97,"Aff. No. :130634
Sch. Code:56367","State : ANDHRA PRADESH
District : CHITTOOR",Senior Secondary Level,"Name : INTERNATIONAL DELHI PUBLIC SCHOOL
Head/Principal Name: TAMMINENI VENKATESWARULU","Address : CHIGURUVADA-VILLAGE, RAYALACHERUVU ROAD, TIRUPATI RURAL-M, CHITTOR.
Website : www.dpstirupathi.com"
98,"Aff. No. :130687
Sch. Code:56462","State : ANDHRA PRADESH
District : CHITTOOR",Senior Secondary Level,"Name : MOTHER THERESA ENGLISH MEDIUM SCHOOL
Head/Principal Name: S BERCMANS DAVID","Address : MUTUKURU (P), PEDDAPANJANI (M)
Website : http://www.mtischool.edu.in"
99,"Aff. No. :130688
Sch. Code:56463","State : ANDHRA PRADESH
District : CHITTOOR",Senior Secondary Level,"Name : SASI EM HIGH SCHOOL
Head/Principal Name: SHAIK RAFI","Address : NALLAMANIKALUVA VILLAGE, TANAPALLI,, TIRUPATHI RURAL, CHITTOOR DISTRICT
Website : https://sites.google.com/sasi.edu.in/sasicbse-tirupati"
100,"Aff. No. :130637
Sch. Code:56391","State : ANDHRA PRADESH
District : CHITTOOR",Senior Secondary Level,"Name : VERITAS SAINIK SCHOOL
Head/Principal Name: Rooparani P N","Address : C. RAMAPURAM-VILLAGE, RAMACHANDRAPURAM-MANDAL, CHITTOR-DIST
Website : http://www.veritassainikschool.com"
101,"Aff. No. :130605
Sch. Code:56153","State : ANDHRA PRADESH
District : CHITTOOR",Senior Secondary Level,"Name : VISWAM ENGLISH MEDIUM HIGH SCHOOL
Head/Principal Name: Dr.J ROSELIN PRIYA","Address : SY NO 123 THATIVARIPALLE ANGALLU POST KURABALAKOTA MANDAL CHITTOR DISTRICT AP
Website : www.viswamschoolcbse.edu.in"
102,"Aff. No. :130627
Sch. Code:56291","State : ANDHRA PRADESH
District : CHITTOOR",Secondary Level,"Name : SREE BHANODAYA ENGLISH MEDIUM HIGH SCHOOL
Head/Principal Name: R LAVANYA","Address : ETTERI(V&PO),G D NELLORE(M), CHITTOOR(D) PIN : 517125
Website : www.sreebhanodaya.com"
103,"Aff. No. :130607
Sch. Code:57231","State : ANDHRA PRADESH
District : CHITTOOR",Senior Secondary Level,"Name : BRUNDAVAN ENGLISH MEDIUM SCHOOL
Head/Principal Name: L SAILAJA KUMARI","Address : D.NO.6-566/2A, NEAR NAGALAMMA TEMPLE, SANTHAPET , CHITTOOR, CHITTOOR DISTRICT, ANDHRA PRADESH PIN:-517001
Website : www.brundavanschool.com"
104,"Aff. No. :130513
Sch. Code:57218","State : ANDHRA PRADESH
District : CHITTOOR",Senior Secondary Level,"Name : AMARA RAJA VIDYALAYAM
Head/Principal Name: NANDURI JAYASRI","Address : DIGUVAMAGHAM VILLAGE & POST THAVANAMPALLE MANGAL, CHITTOOR DISTRICT, ANDHRA PRADESH STATE PIN-517 129
Website : https://amararajavidyalayam.com/diguvamagam/"
105,"Aff. No. :130499
Sch. Code:57200","State : ANDHRA PRADESH
District : CHITTOOR",Senior Secondary Level,"Name : SHLOKA - A BIRLA SCHOOL
Head/Principal Name: T KAILASHNATH","Address : SR NO 434/2B THONDAVADA, CHANDRAGIRI, TIRUPATI, DIST. CHITTOOR
Website : www.shlokaschooltirupati.in"
106,"Aff. No. :130500
Sch. Code:57203","State : ANDHRA PRADESH
District : CHITTOOR",Senior Secondary Level,"Name : NARAYANA EM HIGH SCHOOL
Head/Principal Name: BILLA LEELADHAR","Address : KALURU VILLAGE TIRUPATI RURAL TIRUPATI
Website : https://www.narayanaschools.in/Tirupati/kaluru"
107,"Aff. No. :130361
Sch. Code:57123","State : ANDHRA PRADESH
District : CHITTOOR",Senior Secondary Level,"Name : EDIFY SCHOOL
Head/Principal Name: T DEVARAJULU","Address : VAISHNAVI NAGAR, MOHAN GARDENS, TIRUCHANOOR, TIRUPATI.
Website : www.edifyschooltirupati.com"
108,"Aff. No. :130370
Sch. Code:57133","State : ANDHRA PRADESH
District : CHITTOOR",Senior Secondary Level,"Name : MARG CHINMAYA VIDYALAYA
Head/Principal Name: B Neelima","Address : KOTRAMANGALAM VILLAGE, TIRUCHANOOR BYE PASS ROAD
Website : www.chinmayavidyalayastirupathi.com"
109,"Aff. No. :130371
Sch. Code:57130","State : ANDHRA PRADESH
District : CHITTOOR",Senior Secondary Level,"Name : ACCORD SCHOOL
Head/Principal Name: V NEERAJA REDDY","Address : RC ROAD, CHIGURUWADA NORTH, TIRUPATI CHITTOOR, ANDHRA PRADESH
Website : www.theaccordschool.com"
110,"Aff. No. :130400
Sch. Code:57140","State : ANDHRA PRADESH
District : CHITTOOR",Senior Secondary Level,"Name : SRI CITY CHINMAYA VIDYALAYA
Head/Principal Name: K BHUVANESWARI","Address : 410, NORTH, 5TH STREET, SECTOR - 3, SRI CITY, VARADAIAHPALEM (MANDAL)
Website : http://chinmayavidyalayaschennai.com"
111,"Aff. No. :130412
Sch. Code:57145","State : ANDHRA PRADESH
District : CHITTOOR",Senior Secondary Level,"Name : MANGAL VIDYALAYAM
Head/Principal Name: GALLA DHANAMJAYA NAIDU","Address : PETAMITTA, THALAPULA PALLI(P), PUTHALAPATTU CHITTOOR
Website : www.mangalvidyalayam.com"
112,"Aff. No. :130413
Sch. Code:57147","State : ANDHRA PRADESH
District : CHITTOOR",Senior Secondary Level,"Name : P.E.S. PUBLIC SCHOOL
Head/Principal Name: Y V KRISHNA BABU","Address : MORDANAPALLE, YADAMARI MANDAL,
Website : www.pespublicschool.com"
113,"Aff. No. :130420
Sch. Code:57144","State : ANDHRA PRADESH
District : CHITTOOR",Secondary Level,"Name : BES MODEL HIGH SCHOOL
Head/Principal Name: KALAKADA VENKATRAMANA","Address : NH-205, KADIRI ROAD, NEAR ANGALLU , KURABALAKOTA,MANDAL,CHITOOR, ANDHRA PRADESH-517350
Website : www.besmodelhighschool.com"
114,"Aff. No. :130456
Sch. Code:57182","State : ANDHRA PRADESH
District : CHITTOOR",Secondary Level,"Name : SLATE - THE SCHOOL
Head/Principal Name: S JAYNATHI","Address : SLATE-THE SCHOOL, 61/5B, 61/5C, KATTAKINDA VENKATAPURAM VILLAGE, RAMACHANDRAPURAM MANDAL, TIRUPATI, CHITTOOR, A.P.
Website : www.slatetirupati.in"
115,"Aff. No. :130457
Sch. Code:57162","State : ANDHRA PRADESH
District : CHITTOOR",Senior Secondary Level,"Name : LITTLE ANGELS HIGH SCHOOL
Head/Principal Name: Yarlagadda Padmashree","Address : D.NO. 18-1-90/14/1A
Website : www.littleangelsschools.co.in"
116,"Aff. No. :130459
Sch. Code:57165","State : ANDHRA PRADESH
District : CHITTOOR",Secondary Level,"Name : AMARARAJA VIDYALAYAM
Head/Principal Name: K GLORY DEVA PRIYA","Address : KARAKAMBADI VILLAGE, KARAKAMBADI POST, RENIGUNTA MANDAL, CHITTOOR DISTRICT, ANDHRA PRADESH-517520
Website : www.amararajavidyalayam.com"
117,"Aff. No. :130175
Sch. Code:57059","State : ANDHRA PRADESH
District : CHITTOOR",Senior Secondary Level,"Name : PARAMAHANSA YOGANANDA VIDYALAYA
Head/Principal Name: H B AZAD HUSSAIN","Address : KUTHEGAANIPILLAI SANTHIPURAM MANDAL KUPPARN, CHITTOOR ANDHRA PRADESH
Website : www.yoganandavidyalaya.org"
118,"Aff. No. :130037
Sch. Code:57008","State : ANDHRA PRADESH
District : CHITTOOR",Secondary Level,"Name : SILVER BELLS CENTRAL SCHOOL
Head/Principal Name: ABHILASH THOTTALY","Address : SILVER BELLS CENTRAL SCHOOL, KARAKAMBADI VILLAGE, RENIGUNTA MANDAL
Website : https://silverbells.co.in/"
119,"Aff. No. :130107
Sch. Code:57032","State : ANDHRA PRADESH
District : CHITTOOR",Senior Secondary Level,"Name : B V REDDY SR SEC SCHOOL
Head/Principal Name: M B KOWSALYA","Address : SATYANARAYANAPURAM C G PALLE POST CHITTOOR ANDHRA PRADESH
Website : www.bvreddyschool.in"
120,"Aff. No. :130124
Sch. Code:57039","State : ANDHRA PRADESH
District : CHITTOOR",Senior Secondary Level,"Name : SREE VIDYA NIKETHAN RES. SCHOOL
Head/Principal Name: ROBERT SODADASI","Address : SREE SAINATH NAGAR A.RANGAMPET CHANDRAGIRI MANDAL CHITTOOR DIST. ANDHRA PRADESH
Website : www.vidyanikethan.edu"
121,"Aff. No. :130134
Sch. Code:57043","State : ANDHRA PRADESH
District : CHITTOOR",Senior Secondary Level,"Name : BHARTIYA VIDYA BHAVANS SRI VENKATESWARA VIDYALAYA
Head/Principal Name: DEVANENI PADMAJA","Address : PB NO 12 BVB CAMPUS SAPTHAGIRI NAGAR ALIPIRI TIRUPATI ANDHRA PRADESH
Website : https://bhavanssvvidyalaya.org"
122,"Aff. No. :121030
Sch. Code:59149","State : ANDHRA PRADESH
District : CHITTOOR",Senior Secondary Level,"Name : A.P.S.W.R.S BOYS PUTHALAPATTU
Head/Principal Name: C N PRASAD","Address : SANJEEVIRAYANIPALLE, CHITIPIRALLA
Website : https://nadunedu.se.ap.gov.in/cbse/cbse/28235100604"
123,"Aff. No. :120983
Sch. Code:59102","State : ANDHRA PRADESH
District : CHITTOOR",Senior Secondary Level,"Name : GHS PALAMANER
Head/Principal Name: SHAIK SHAMSHER","Address : NEAR DEGREE COLLEGE , PALAMANER
Website : https://nadunedu.se.ap.gov.in/cbse/cbse/28235800121"
124,"Aff. No. :120906
Sch. Code:58968","State : ANDHRA PRADESH
District : CHITTOOR",Senior Secondary Level,"Name : MJPAPBCWRS SODAMBOYS
Head/Principal Name: V SRINIVASULA REDDY","Address : ERATHIVARIPALLE VILL, SODAM
Website : https://nadunedu.se.ap.gov.in/cbse/cbse/28234000615"
125,"Aff. No. :120809
Sch. Code:58871","State : ANDHRA PRADESH
District : CHITTOOR",Senior Secondary Level,"Name : APSWRS THIMMASAMUDRAMBOYS
Head/Principal Name: J RAJENDRA","Address : THIMMASAMUDRAM,, RAMAKUPPAM
Website : https://nadunedu.se.ap.gov.in/cbse/cbse/28236301201"
126,"Aff. No. :120790
Sch. Code:58852","State : ANDHRA PRADESH
District : CHITTOOR",Senior Secondary Level,"Name : MN APSWRS KUPPAMGIRLS
Head/Principal Name: T MALLESWARI","Address : PARAMASAMUDRAM, KUPPAM
Website : https://nadunedu.se.ap.gov.in/cbse/cbse/28236601304"
127,"Aff. No. :120747
Sch. Code:58809","State : ANDHRA PRADESH
District : CHITTOOR",Senior Secondary Level,"Name : APSWRS CHITTOORGIRLS
Head/Principal Name: ARUNA R","Address : SANJAYGANDHI NAGAR, KONGAREDDIPALLE
Website : https://nadunedu.se.ap.gov.in/cbse/cbse/28235491821"
128,"Aff. No. :120698
Sch. Code:58760","State : ANDHRA PRADESH
District : CHITTOOR",Senior Secondary Level,"Name : A.P. MODEL SCHOOL RAMAKUPPAM
Head/Principal Name: K Ramachandram","Address : PERURU VILLAGE, RAMAKUPPAM
Website : https://nadunedu.se.ap.gov.in/cbse/cbse/28236301314"
129,"Aff. No. :120694
Sch. Code:58756","State : ANDHRA PRADESH
District : CHITTOOR",Senior Secondary Level,"Name : APRS KAMMANAPALLEGIRLS
Head/Principal Name: E R SOBHA","Address : KUPPAM MAIN ROAD, KAMMANAPALLE VILL & POST
Website : https://nadunedu.se.ap.gov.in/cbse/cbse/28236101106"
130,"Aff. No. :120638
Sch. Code:58699","State : ANDHRA PRADESH
District : CHITTOOR",Senior Secondary Level,"Name : APSWR SCHOOL AND JUNIOR COLLEGE FOR GIRLS PALAMANER
Head/Principal Name: PADMAJA THOTA","Address : NEAR MAHILA POLYTECHNIC COLLEGE, BANGLORE ROAD, PALAMANER
Website : https://nadunedu.se.ap.gov.in/cbse/cbse/28235800316"
131,"Aff. No. :120578
Sch. Code:58639","State : ANDHRA PRADESH
District : CHITTOOR",Senior Secondary Level,"Name : KGBV PARAMASAMUDRAM KUPPAMMANDAL
Head/Principal Name: M VIJAYA LAKSHMI","Address : NEAR APSWRS, KUPPAM
Website : https://nadunedu.se.ap.gov.in/cbse/cbse/28236601305"
132,"Aff. No. :120560
Sch. Code:58621","State : ANDHRA PRADESH
District : CHITTOOR",Senior Secondary Level,"Name : APMS GUDUPALLI
Head/Principal Name: P BHUVANESWARI","Address : AGARAM CROSS, GUDUPALLI
Website : https://nadunedu.se.ap.gov.in/cbse/cbse/28236501804"
133,"Aff. No. :120463
Sch. Code:58524","State : ANDHRA PRADESH
District : CHITTOOR",Senior Secondary Level,"Name : KGBV GANGAVARAM
Head/Principal Name: T ROHINI","Address : DRIVERS COLONY, PALAMANER
Website : https://nadunedu.se.ap.gov.in/cbse/cbse/28235901420"
134,"Aff. No. :120402
Sch. Code:58463","State : ANDHRA PRADESH
District : CHITTOOR",Senior Secondary Level,"Name : KGBV GUDUPALLE
Head/Principal Name: P MADHAVI","Address : AGARAM CROSS, GUDUPALLE
Website : https://nadunedu.se.ap.gov.in/cbse/cbse/28236501605"
135,"Aff. No. :120375
Sch. Code:58436","State : ANDHRA PRADESH
District : CHITTOOR",Senior Secondary Level,"Name : KGBV KANAMALADODDI SANTHIPURAMMANDAL
Head/Principal Name: S JAMUNA","Address : MAADANAPALLI VILLAGE, KARLAGATTA POST, SANTHIPURAM MANDAL
Website : https://nadunedu.se.ap.gov.in/cbse/cbse/28236404102"
136,"Aff. No. :120354
Sch. Code:58415","State : ANDHRA PRADESH
District : CHITTOOR",Senior Secondary Level,"Name : APMS YERRAVARIPALEM
Head/Principal Name: BANDARI T SRIDEVI","Address : YERRAVARIPALEM VILLAGE, YERRAVARIPALEM
Website : https://nadunedu.se.ap.gov.in/cbse/cbse/28231000812"
137,"Aff. No. :120315
Sch. Code:58376","State : ANDHRA PRADESH
District : CHITTOOR",Senior Secondary Level,"Name : KGBV BAIREDDIPALLE
Head/Principal Name: K Swarupa","Address : NEAR KAMMANNAPALLI, BAIREDDIPALLI
Website : https://nadunedu.se.ap.gov.in/cbse/cbse/28236101313"
138,"Aff. No. :120328
Sch. Code:58389","State : ANDHRA PRADESH
District : CHITTOOR",Senior Secondary Level,"Name : KGBV PUNGANUR
Head/Principal Name: S VASEEYA FARHATH","Address : NAKKABANDA, PUNGANUR, PUNGANUR
Website : https://nadunedu.se.ap.gov.in/cbse/cbse/28233790861"
139,"Aff. No. :120312
Sch. Code:58373","State : ANDHRA PRADESH
District : CHITTOOR",Senior Secondary Level,"Name : KGBV ROMPICHERLA
Head/Principal Name: P SUJATHA","Address : NEAR ANGANWADI CENTRE ,CHINNA MASEEDH ST, NEAR SACHIVALAYAM CHINNA MASEEDH STREET
Website : https://nadunedu.se.ap.gov.in/cbse/cbse/28233000418"
140,"Aff. No. :120335
Sch. Code:58396","State : ANDHRA PRADESH
District : CHITTOOR",Senior Secondary Level,"Name : KGBV RAMAKUPPAM
Head/Principal Name: P AMARAVATHI","Address : VIJALAPURAM, RAMAKUPPAM
Website : https://nadunedu.se.ap.gov.in/cbse/cbse/28236302205"
141,"Aff. No. :120245
Sch. Code:58306","State : ANDHRA PRADESH
District : CHITTOOR",Senior Secondary Level,"Name : APMS THUMMISI
Head/Principal Name: M D K V LATHA","Address : THUMMISI, THUMMISI
Website : https://nadunedu.se.ap.gov.in/cbse/cbse/28236404004"
142,"Aff. No. :120252
Sch. Code:58313","State : ANDHRA PRADESH
District : CHITTOOR",Senior Secondary Level,"Name : APMS NADIMUR
Head/Principal Name: Harini","Address : NEAR PAIPALEM, PAIPALEM
Website : https://nadunedu.se.ap.gov.in/cbse/cbse/28236605104"
143,"Aff. No. :120179
Sch. Code:58240","State : ANDHRA PRADESH
District : CHITTOOR",Senior Secondary Level,"Name : APMS ADAVINATHUNIKUNTA
Head/Principal Name: DR T N RAMA","Address : RAGANIPALLI PANCHAYAT, PUNGANUR (MANDAL)
Website : https://nadunedu.se.ap.gov.in/cbse/cbse/28233700510"
144,"Aff. No. :120182
Sch. Code:58243","State : ANDHRA PRADESH
District : CHITTOOR",Senior Secondary Level,"Name : APMS BAIREDDIPALLE
Head/Principal Name: T S ANITHA","Address : BESIDES APRS, KAMMANAPALLI, BAIREDDYPALLI MANDAL
Website : https://nadunedu.se.ap.gov.in/cbse/cbse/28236101107"
145,"Aff. No. :120196
Sch. Code:58257","State : ANDHRA PRADESH
District : CHITTOOR",Senior Secondary Level,"Name : ZPHS SATHRAWADA
Head/Principal Name: DR G GURUVAIAH","Address : NEAR SIVAN TEMPLE, NAGARI
Website : https://nadunedu.se.ap.gov.in/cbse/cbse/28234590678"
146,"Aff. No. :100033
Sch. Code:59333","State : ANDHRA PRADESH
District : CHITTOOR",Secondary Level,"Name : PM SHRI KENDRIYA VIDYALAYA NO 2
Head/Principal Name: GOVINDU M","Address : CARRIAGE REPAIR SHOP SETTIPALLI TIRUPATHI ANDHRA PRADESH
Website : https://no2tirupati.kvs.ac.in"
147,"Aff. No. :100007
Sch. Code:59303","State : ANDHRA PRADESH
District : CHITTOOR",Senior Secondary Level,"Name : PM SHRI KENDRIYA VIDYALAYA NO.1
Head/Principal Name: PVSSSR KRISHNA","Address : RAMNAGAR AREA TIRUPATI ANDHRA PRADESH
Website : https://no1tirupati.kvs.ac.in"
148,"Aff. No. :100047
Sch. Code:59346","State : ANDHRA PRADESH
District : Y.S.R.",Senior Secondary Level,"Name : PM SHRI KENDRIYA VIDYALAYA
Head/Principal Name: MUNESH MEENA","Address : OLD RIMS, KADAPA, DISTT. CUDDAPAH, ANDHRA PRADESH
Website : https://kadapa.kvs.ac.in"
149,"Aff. No. :100060
Sch. Code:59356","State : ANDHRA PRADESH
District : Y.S.R.",Secondary Level,"Name : KENDRIYA VIDYALAYA, RAJAMPET
Head/Principal Name: K MURUGESHWARAN","Address : KENDRIYA VIDYALAYA, SC-II, BOYS HOSTEL,NEAR GOVT.JR.COLLEGE, SARASWATHIPURAM, RAJAMPET,KADAPA, ANDHRA PRADESH PIN-516115
Website : http://rajampet.kvs.ac.in"
150,"Aff. No. :120332
Sch. Code:58393","State : ANDHRA PRADESH
District : Y.S.R.",Senior Secondary Level,"Name : KGBV VALLUR
Head/Principal Name: S Naseemunnisa","Address : VALLUR, KADAPA
Website : https://nadunedu.se.ap.gov.in/cbse/cbse/28202600216"
151,"Aff. No. :120337
Sch. Code:58398","State : ANDHRA PRADESH
District : Y.S.R.",Senior Secondary Level,"Name : KGBV TGPCOLONY
Head/Principal Name: Y VIJAYA","Address : ONIPENTA ROAD, MYDUKUR MANDAL
Website : https://nadunedu.se.ap.gov.in/cbse/cbse/28200601538"
152,"Aff. No. :120344
Sch. Code:58405","State : ANDHRA PRADESH
District : Y.S.R.",Senior Secondary Level,"Name : KGBV DUVVUR
Head/Principal Name: MOGILIKALVA MALLESWARI","Address : PULLAREDDY PETA , DUVVUR
Website : https://nadunedu.se.ap.gov.in/cbse/cbse/28200500821"
153,"Aff. No. :120318
Sch. Code:58379","State : ANDHRA PRADESH
District : Y.S.R.",Senior Secondary Level,"Name : KGBV PEDDAPASUPULA
Head/Principal Name: K MOUNIKA","Address : PEDDAPASUPULA, PEDDAMUDIUM
Website : https://nadunedu.se.ap.gov.in/cbse/cbse/28200302607"
154,"Aff. No. :120356
Sch. Code:58417","State : ANDHRA PRADESH
District : Y.S.R.",Senior Secondary Level,"Name : KGBVS VEMULA
Head/Principal Name: K SARADAMMA","Address : VEMULA, VEMULA
Website : https://nadunedu.se.ap.gov.in/cbse/cbse/28202101010"
155,"Aff. No. :120385
Sch. Code:58446","State : ANDHRA PRADESH
District : Y.S.R.",Senior Secondary Level,"Name : AP MODEL SCHOOL AND JR COLLEGE
Head/Principal Name: Dr M VIJAYA NARASIMHA","Address : KHAJIPET, KADAPA
Website : https://nadunedu.se.ap.gov.in/cbse/cbse/28201300735"
156,"Aff. No. :120443
Sch. Code:58504","State : ANDHRA PRADESH
District : Y.S.R.",Senior Secondary Level,"Name : AP MODEL SCHOOL NARASAPURAM
Head/Principal Name: P SOWJANYA","Address : NARASAPURAM, SA KASINAYANA MANDAL, SA KASINAYANA MANDAL, BADVEL TALUKA
Website : https://nadunedu.se.ap.gov.in/cbse/cbse/28205102813"
157,"Aff. No. :120427
Sch. Code:58488","State : ANDHRA PRADESH
District : Y.S.R.",Senior Secondary Level,"Name : KGBV JAMMALAMADUGU
Head/Principal Name: G ANGEL PRANITHA","Address : GUDEMCHERUVU, JAMMALAMADUGU
Website : https://nadunedu.se.ap.gov.in/cbse/cbse/28201600313"
158,"Aff. No. :120499
Sch. Code:58560","State : ANDHRA PRADESH
District : Y.S.R.",Senior Secondary Level,"Name : AP MODEL SCHOOL VALLUR
Head/Principal Name: M SURESH BABU","Address : GANGAYAPALLI, VALLUR
Website : https://nadunedu.se.ap.gov.in/cbse/cbse/28202600217"
159,"Aff. No. :120572
Sch. Code:58633","State : ANDHRA PRADESH
District : Y.S.R.",Senior Secondary Level,"Name : KGBV KALASAPADU
Head/Principal Name: K Reddyjyothi","Address : BESIDE ANJANEYASWAMITEMPLE,PENDLIMARRI, KALASAPADU
Website : https://nadunedu.se.ap.gov.in/cbse/cbse/28200901813"
160,"Aff. No. :120623
Sch. Code:58684","State : ANDHRA PRADESH
District : Y.S.R.",Senior Secondary Level,"Name : KGBV SCHOOL B KODURU
Head/Principal Name: CHITTAREDDY SREELATHA","Address : NEAR BKODUR CROSS ROAD, KASANAGARAM
Website : https://nadunedu.se.ap.gov.in/cbse/cbse/28200801109"
161,"Aff. No. :120601
Sch. Code:58662","State : ANDHRA PRADESH
District : Y.S.R.",Senior Secondary Level,"Name : KGBV PORUMAMILLA
Head/Principal Name: KORIVI NAGAMALLESWARI","Address : SEETHA RAMA PURAM ROAD, PORUMAMILLA
Website : https://nadunedu.se.ap.gov.in/cbse/cbse/28201001239"
162,"Aff. No. :120743
Sch. Code:58805","State : ANDHRA PRADESH
District : Y.S.R.",Senior Secondary Level,"Name : APSWR JR. COLLEGE SAGILERU
Head/Principal Name: TN Varaprasad","Address : SAGILERU, B KODUR
Website : https://nadunedu.se.ap.gov.in/cbse/cbse/28200801110"
163,"Aff. No. :120775
Sch. Code:58837","State : ANDHRA PRADESH
District : Y.S.R.",Senior Secondary Level,"Name : APRS RAMANJANEYAPURAM
Head/Principal Name: S S SEKHAR PETHAKAMSETTY","Address : RAMANAJANEYAPURAM, KADAPA
Website : https://nadunedu.se.ap.gov.in/cbse/cbse/28203190352"
164,"Aff. No. :120776
Sch. Code:58838","State : ANDHRA PRADESH
District : Y.S.R.",Senior Secondary Level,"Name : KGBV SCHOOL KM PALLE
Head/Principal Name: SOMIREDDY PALLI ANOOSHA","Address : SOMIREDDYPALLE, B. MATTAM
Website : https://nadunedu.se.ap.gov.in/cbse/cbse/28200700624"
165,"Aff. No. :120820
Sch. Code:58882","State : ANDHRA PRADESH
District : Y.S.R.",Senior Secondary Level,"Name : APSWRS HS K.M.PALLE
Head/Principal Name: G A PADMANABHA MURTHY","Address : KANDIMALLAYAPALLE, SOMIREDDY PALLI, KANDIMALLAYAPALLE, SOMIREDDY PALLI
Website : https://nadunedu.se.ap.gov.in/cbse/cbse/28200700616"
166,"Aff. No. :120833
Sch. Code:58895","State : ANDHRA PRADESH
District : Y.S.R.",Senior Secondary Level,"Name : KGBV SCHOOL PENDLIMARRI
Head/Principal Name: UPPALA SARASWATHI","Address : PENDLIMARRI , CHERLOPALLI
Website : https://nadunedu.se.ap.gov.in/cbse/cbse/28203301811"
167,"Aff. No. :120834
Sch. Code:58896","State : ANDHRA PRADESH
District : Y.S.R.",Senior Secondary Level,"Name : KASTURIBA GANDHI BALIKALA VIDYALAYAM
Head/Principal Name: B NAGALAKSHUMMA","Address : CHAPADU ,NAKKALADINNE ROAD, CHAPADU
Website : https://nadunedu.se.ap.gov.in/cbse/cbse/28201401307"
168,"Aff. No. :120871
Sch. Code:58933","State : ANDHRA PRADESH
District : Y.S.R.",Senior Secondary Level,"Name : KGBV SIMHADRIPURAM
Head/Principal Name: A GURU DEVI","Address : SIMHADRIPURAM , SIMHADRIPURAM
Website : https://nadunedu.se.ap.gov.in/cbse/cbse/28201801214"
169,"Aff. No. :121003
Sch. Code:59122","State : ANDHRA PRADESH
District : Y.S.R.",Senior Secondary Level,"Name : APSWR S CMR COLONYG
Head/Principal Name: D KRISHNAVENAMMA","Address : OBANNAPETA, KONDAPURAM
Website : https://nadunedu.se.ap.gov.in/cbse/cbse/28200102414"
170,"Aff. No. :120968
Sch. Code:59087","State : ANDHRA PRADESH
District : Y.S.R.",Senior Secondary Level,"Name : APSWRJ KAMALAPURAM GIRLS
Head/Principal Name: G THULASAMMA","Address : NEAR MPDO OFFICE, KAMALAPURAM MANDAL
Website : https://nadunedu.se.ap.gov.in/cbse/cbse/28202500523"
171,"Aff. No. :120952
Sch. Code:59071","State : ANDHRA PRADESH
District : Y.S.R.",Senior Secondary Level,"Name : KGBVHS ATLUR
Head/Principal Name: G Phani sree","Address : NEAR ATLURU CROSS ROAD , ATLURU
Website : https://nadunedu.se.ap.gov.in/cbse/cbse/28202801209"
172,"Aff. No. :121040
Sch. Code:59159","State : ANDHRA PRADESH
District : Y.S.R.",Senior Secondary Level,"Name : KGBV KHAJIPET
Head/Principal Name: K BHARGAVI","Address : K.SUNKESULA, KHAJIPET
Website : https://nadunedu.se.ap.gov.in/cbse/cbse/28201300733"
173,"Aff. No. :121057
Sch. Code:59176","State : ANDHRA PRADESH
District : Y.S.R.",Senior Secondary Level,"Name : APSWR HS CVSR BHAVAN
Head/Principal Name: B NAZURULLA","Address : NEAR DHARANI WATER,KADAPA ROAD, PULIVENDULA,KADAPA DISTRICT,PINCODE:5163
Website : https://nadunedu.se.ap.gov.in/cbse/cbse/28202001463"
174,"Aff. No. :121058
Sch. Code:59177","State : ANDHRA PRADESH
District : Y.S.R.",Senior Secondary Level,"Name : APSWR GOPAVRAM
Head/Principal Name: V V SUNEETHA","Address : NEAR POLYTECHNIC COLLEGE, NELLORE ROAD, BADVEL, YSR KADAPA (DT)
Website : https://nadunedu.se.ap.gov.in/cbse/cbse/28201200446"
175,"Aff. No. :121060
Sch. Code:59179","State : ANDHRA PRADESH
District : Y.S.R.",Senior Secondary Level,"Name : APSWRSG JAMLAMDG
Head/Principal Name: S PRABHAVATHI","Address : MEDIDINNE ROAD, PEDDAMUDIUM MANDAL
Website : https://nadunedu.se.ap.gov.in/cbse/cbse/28201600309"
176,"Aff. No. :121068
Sch. Code:59187","State : ANDHRA PRADESH
District : Y.S.R.",Senior Secondary Level,"Name : APSWRS GIRLS CHINNA CHOWK
Head/Principal Name: L MADHAVI LATHA","Address : RAMANJANEYAPURAM, KADAPA
Website : https://nadunedu.se.ap.gov.in/cbse/cbse/28203190346"
177,"Aff. No. :130129
Sch. Code:","State : ANDHRA PRADESH
District : Y.S.R.",Senior Secondary Level,"Name : ANSARI OXFORD CENTRAL SCHOOL
Head/Principal Name: P VENKATA RAMI REDDY","Address : ANSARI NAGAR RAYACHOTY ROAD CUDDAPAH ANDHRA PRADESH
Website :"
178,"Aff. No. :130117
Sch. Code:57036","State : ANDHRA PRADESH
District : Y.S.R.",Secondary Level,"Name : VIDYA MANDIR ENGLISH MEDIUM HIGH SCH
Head/Principal Name: R SREEVANI","Address : SANKARAPURAM CUDDAPAH ANDHRA PRADESH
Website : www.vidyamandircdp.com"
179,"Aff. No. :130095
Sch. Code:57027","State : ANDHRA PRADESH
District : Y.S.R.",Senior Secondary Level,"Name : INTERNATIONAL DELHI PUBLIC SCHOOL
Head/Principal Name: P.HARI KRISHNA","Address : PUSHPAGIRI NAGAR UKKAIPALLI (PO) CHINNACHOWK (PANCHAYAT) CUDDAPAH ANDHRA PRADESH
Website : www.pushpagiri.org"
180,"Aff. No. :121107
Sch. Code:59233","State : ANDHRA PRADESH
District : Y.S.R.",Senior Secondary Level,"Name : APR SCHOOL EM MINORITY GIRLS SCHOOL VEMPALLI
Head/Principal Name: TRIPUNAVARM SUGUNAMMA","Address : SAME, SAME
Website : https://nadunedu.se.ap.gov.in/cbse/cbse/28203400739"
181,"Aff. No. :121119
Sch. Code:59245","State : ANDHRA PRADESH
District : Y.S.R.",Senior Secondary Level,"Name : APSWRHS THONDUR
Head/Principal Name: VADDIREDDY USHARANI","Address : NEAR GOVT. JUNIOR COLLEGE, THONDURU
Website : https://nadunedu.se.ap.gov.in/cbse/cbse/28202200306"
182,"Aff. No. :121124
Sch. Code:59250","State : ANDHRA PRADESH
District : Y.S.R.",Senior Secondary Level,"Name : APRS GIRLS MYLAVARAM
Head/Principal Name: PCJV PRABHAVATHI DEVI","Address : OPP.PHC, MYLAVARAM
Website : https://nadunedu.se.ap.gov.in/cbse/cbse/28200202406"
183,"Aff. No. :121230
Sch. Code:59431","State : ANDHRA PRADESH
District : Y.S.R.",Senior Secondary Level,"Name : ZPHS NANDYALAMPETA
Head/Principal Name: A VENKATA RAMANAIAH","Address : NANDYALAMPETA, MYDUKUR
Website : https://nadunedu.se.ap.gov.in/cbse/cbse/28200601121"
184,"Aff. No. :130236
Sch. Code:57083","State : ANDHRA PRADESH
District : Y.S.R.",Secondary Level,"Name : POOJA INTERNATIONAL TECHNO SCHOOL
Head/Principal Name: MARRI RAMESH BABU","Address : ABDUL KALAM NAGAR CHOWDURU VILLAGE PRODDUTUR, DISTT CUDDAPAH AP
Website : www.poojainternationalschool.org"
185,"Aff. No. :130372
Sch. Code:57127","State : ANDHRA PRADESH
District : Y.S.R.",Secondary Level,"Name : MONTFORT SCHOOL
Head/Principal Name: PASALA BALA SWAMY","Address : MAMILLA PALLI POST Y.M.PALLI (SO) CUDDAPAH Y.R.S. DISTRICT
Website : www.montfortschoolkadapa.org"
186,"Aff. No. :130357
Sch. Code:57122","State : ANDHRA PRADESH
District : Y.S.R.",Senior Secondary Level,"Name : PENCHALREDDY HIGH SCHOOL
Head/Principal Name: ARAMATI SUHASINI","Address : SURVEY NO 878/2B, KADAPA TO RAYACHOTI MAIN ROAD, BANDAPALLI VILLAGE, RAMAPURAM MANDAL
Website : https://penchalreddyhighschool.in/"
187,"Aff. No. :130485
Sch. Code:57190","State : ANDHRA PRADESH
District : Y.S.R.",Senior Secondary Level,"Name : BHEERAM SREEDHAR REDDY INTERNATIONAL SCHOOL
Head/Principal Name: JANGA SWETHA","Address : BHEERAM SREEDHAR REDDY NAGAR,
Website : www.sreedharreddy.com"
188,"Aff. No. :130464
Sch. Code:57168","State : ANDHRA PRADESH
District : Y.S.R.",Secondary Level,"Name : SAANVI INTERNATIONAL UPPER PRIMARY SCHOOL
Head/Principal Name: MADUGU PRABHAKAR","Address : NEAR ANNAMAIAH STATUE, TALLAPAKA RAOD, RAJAMPET, YSR CUDDAPAH DISTRICT.
Website : www.saanviinternationalschool.com"
189,"Aff. No. :130475
Sch. Code:57178","State : ANDHRA PRADESH
District : Y.S.R.",Secondary Level,"Name : GOPIKRISHNA CENTRAL SCHOOL
Head/Principal Name: C RAMA GANGAIAH","Address : DORASANIPALLI PRODDATUR
Website : www.gopikrishnacentralschool.in"
190,"Aff. No. :130524
Sch. Code:57232","State : ANDHRA PRADESH
District : Y.S.R.",Senior Secondary Level,"Name : SRI RAJU HIGH SCHOOL
Head/Principal Name: PETLU RAMANAIAH","Address : D NO 38/113-46-1,SUDDALAVANDLA PALLI ROAD,RAYACHOTY,KADAPA
Website : www.srirajuedu.com"
191,"Aff. No. :130684
Sch. Code:56454","State : ANDHRA PRADESH
District : Y.S.R.",Senior Secondary Level,"Name : DAV BHARATHI VIDYA MANDIR
Head/Principal Name: SIVVAM KISHORE KUMAR","Address : NALLALINGAYAPALLI (VILLAGE), KAMALAPURAM(MANDAL)
Website : www.davbharathividyamandir.com"
192,"Aff. No. :130623
Sch. Code:56254","State : ANDHRA PRADESH
District : Y.S.R.",Secondary Level,"Name : KADAPA PUBLIC SCHOOL
Head/Principal Name: P RAMA MOHAN REDDY","Address : ALAM KHAN PALLE
Website : www.kadapapublibschool.org"
193,"Aff. No. :130697
Sch. Code:56509","State : ANDHRA PRADESH
District : Y.S.R.",Secondary Level,"Name : WISDOM E.M. UP SCHOOL
Head/Principal Name: JACINTA SODUM","Address : ALAMKHANPALLI, KADAPA
Website : http://wisdomirs.org/"
194,"Aff. No. :130701
Sch. Code:56522","State : ANDHRA PRADESH
District : Y.S.R.",Secondary Level,"Name : ZUARI CEMENT DAV MODEL HIGH SCHOOL
Head/Principal Name: MEDIDA VENU GOPALA SWAMY NAIDU","Address : ZUARI COLONY, YERRAGUNTLA MANDAL
Website : www.zuaridavygl.com"
195,"Aff. No. :130719
Sch. Code:56600","State : ANDHRA PRADESH
District : Y.S.R.",Secondary Level,"Name : WISDOM HIGH SCHOOL
Head/Principal Name: T PRADEEP","Address : RLY KODUR, YSR DISTRICT
Website : https://wisdomhighschool.info/"
196,"Aff. No. :130713
Sch. Code:56575","State : ANDHRA PRADESH
District : Y.S.R.",Senior Secondary Level,"Name : INTERNATIONAL DELHI PUBLIC SCHOOL
Head/Principal Name: B RAVINDRA KUMAR","Address : PALLAVOLU, PRODDATUR
Website : https://idpsproddatur.com/"
197,"Aff. No. :130754
Sch. Code:56799","State : ANDHRA PRADESH
District : Y.S.R.",Secondary Level,"Name : SRI VYSHNAVI ENGLISH MEDIUM HIGH SCHOOL
Head/Principal Name: K KALYANI","Address : PORUMAMILLA, Y S R , ,
Website : https://www.srivyshnavicbseschool.com"
198,"Aff. No. :130796
Sch. Code:57329","State : ANDHRA PRADESH
District : Y.S.R.",Secondary Level,"Name : SRI CHATANYA EM HIGH SCHOOL
Head/Principal Name: TAMALI PODDER","Address : KOTHAPALLI,PRODDATUR, AKULARAMAIAH VIDYA NAGAR, OPP,AUTONAGAR ,NEAR RING ROAD
Website : http://srichaitanyaschoolproddatur.net"
199,"Aff. No. :130802
Sch. Code:57377","State : ANDHRA PRADESH
District : Y.S.R.",Secondary Level,"Name : VEDAS PUBLIC SCHOOL
Head/Principal Name: NRD Dheeraj Kumar","Address : NEAR AIRPORT, THOLLA GANGANNA PALLI, VALLUR MANDAL
Website : www.vedasinstitutions.com"
200,"Aff. No. :130814
Sch. Code:23842","State : ANDHRA PRADESH
District : Y.S.R.",Secondary Level,"Name : DAV HIGH SCHOOL
Head/Principal Name: B SRINIVASULU","Address : V V REDDY NAGAR, KALAMALLA VILLAGE, YERRAGUNTLA MANDAL
Website : www.davrtpp.org"
201,"Aff. No. :130815
Sch. Code:23847","State : ANDHRA PRADESH
District : Y.S.R.",Secondary Level,"Name : EDIFY UPPER PRIMARY SCHOOL
Head/Principal Name: Y ARCHANA","Address : S.NO 300, KAMANURU, PRODDATUR (M)
Website : https://edifyschoolproddatur.com/"
202,"Aff. No. :130834
Sch. Code:23911","State : ANDHRA PRADESH
District : Y.S.R.",Secondary Level,"Name : EDIFY SCHOOL
Head/Principal Name: BHUMIKA MALVIYA","Address : BUGGALETIPALLI (V) , C.K. DINNE (M), YSR DISTRICT
Website : https://edifyschoolkadapa.com"
203,"Aff. No. :140018
Sch. Code:59329","State : ANDHRA PRADESH
District : Y.S.R.",Senior Secondary Level,"Name : PM SHRI SCHOOL JAWAHAR NAVODAYA VIDYALAYA
Head/Principal Name: GANGADHARAN K","Address : N R PALLE MANNOOR POST RAJAMPET MANDAL Y.S.R. DIST. ANDHRA PRADESH
Website : www.navodaya.gov.in/nvs/nvs-school/KADAPA/en/home/"
204,"Aff. No. :140005
Sch. Code:59325","State : ANDHRA PRADESH
District : EAST GODAVARI",Senior Secondary Level,"Name : PM SHRI SCHOOL JAWAHAR NAVODAYA VIDYALAYA
Head/Principal Name: B SITA LAKSHMI","Address : PANDAVULA METTA PEDDAPURAM EAST GODAVARI DISTT. ANDHRA PRADESH
Website : https://navodaya.gov.in/nvs/nvs-school/EASTGODAVARI-1/en/abo"
205,"Aff. No. :130848
Sch. Code:23966","State : ANDHRA PRADESH
District : EAST GODAVARI",Secondary Level,"Name : GAMYAM ENGLISH MEDIUM SCHOOL
Head/Principal Name: KARRI SIVA V V S N REDDY","Address : VOOLAPALLI ROAD, G MAMIDADA, PEDAPUDI M
Website : https://www.gamyamedugroup.com/"
206,"Aff. No. :130850
Sch. Code:23970","State : ANDHRA PRADESH
District : EAST GODAVARI",Middle Class,"Name : BETHESDA UPPER PRIMARY SCHOOL ( E.M )
Head/Principal Name: M ANANDAKUMAR","Address : PRAKASARAOPALEM,, NALLAJERLA MANDAL, EAST GODAVARI DISTRICT
Website : http://bethesdachristianacademyap.com"
207,"Aff. No. :130817
Sch. Code:23854","State : ANDHRA PRADESH
District : EAST GODAVARI",Secondary Level,"Name : BHASHYAM BLOOMS EM SCHOOL
Head/Principal Name: M MAHESWARI","Address : GADALAMMA TEMPLE ROAD, BUCHAIAH NAGAR, PIDIMGOYYA (P)
Website : https://www.bhashyambloomsrjy.in"
208,"Aff. No. :130783
Sch. Code:57273","State : ANDHRA PRADESH
District : EAST GODAVARI",Secondary Level,"Name : SRI CHAITANYA HIGH SCHOOL ( E.M )
Head/Principal Name: CHELLURI SOWJANYA","Address : DOOR NO. 89-17-21, SAI NAGAR, MORAMPUDI
Website : http://srichaitanyarjycbse.net/"
209,"Aff. No. :130769
Sch. Code:56979","State : ANDHRA PRADESH
District : EAST GODAVARI",Secondary Level,"Name : ADITYA THAKSH SCHOOL
Head/Principal Name: Lisa Kumar Bardhan","Address : D.NO 106-6-47 , NEAR NAMAVARAM ROAD, PITLAVANI CHERUVU, PIDIMGOYYA
Website : https://thaksh.in/"
210,"Aff. No. :130712
Sch. Code:56573","State : ANDHRA PRADESH
District : EAST GODAVARI",Secondary Level,"Name : SRI SATHYA SAI GURUKULAM ENGLISH MEDIUM SCHOOL
Head/Principal Name: KUCHIPUDI GURRAYYA","Address : ALCOT GARDENS , ILTD JUNCTION
Website : http://srisathyasaigurukulam.org"
211,"Aff. No. :130703
Sch. Code:56537","State : ANDHRA PRADESH
District : EAST GODAVARI",Secondary Level,"Name : DELHI PUBLIC SCHOOL RAJAHMUNDRY
Head/Principal Name: L.V.RAMA DEVI","Address : USHA GREENS, NH-16, DIWANCHERUVU
Website : https://dpsrajahmundry.com"
212,"Aff. No. :130694
Sch. Code:56506","State : ANDHRA PRADESH
District : EAST GODAVARI",Secondary Level,"Name : DURGA PRASAD EM SCHOOL
Head/Principal Name: D Bhanu Priyanka","Address : GANDHINAGAR, SAMALKOTA
Website : www.durgaprasadpublicschool.com"
213,"Aff. No. :130631
Sch. Code:56339","State : ANDHRA PRADESH
District : EAST GODAVARI",Secondary Level,"Name : SRI SHIRDI SAI VIDYA NIKETAN
Head/Principal Name: MOHAMMAD HUSSAIN","Address : 3-201 CHEMUDULANKA ALAMURU MANDAL
Website : www.srishirdisaividyaniketan.com"
214,"Aff. No. :130512
Sch. Code:57215","State : ANDHRA PRADESH
District : EAST GODAVARI",Secondary Level,"Name : INTERNATIONAL DELHI PUBLIC SCHOOL
Head/Principal Name: PRIYANKA SHARMA","Address : DOOR NO 3 17 1 PANASAPADU VILLAGE SAMALKOTA MANDAL EAST GODAVARI DISTRICT AP
Website : https://kakinadaidps.com"
215,"Aff. No. :130606
Sch. Code:56154","State : ANDHRA PRADESH
District : EAST GODAVARI",Senior Secondary Level,"Name : SRI NAKSHATRA SCHOOL
Head/Principal Name: A S V CHALAPATI RAO","Address : TSNR AVENUE, OPP: MEGA WATER PURIFYING PLANT , ANKALAMMA TEMPLE ROAD MERLAPALEM, ANDHRA PRADESH 533237
Website : www.srinakshatraschool.com"
216,"Aff. No. :130612
Sch. Code:56174","State : ANDHRA PRADESH
District : EAST GODAVARI",Senior Secondary Level,"Name : DELHI PUBLIC SCHOOL
Head/Principal Name: NANDYALA MANU VIHAAR","Address : R.NO:171,172 SAMANASA(V)AMALAPAURAM, (M)EAST GODHAVARI DISTRICT.
Website : www.dpsamalapuram.com"
217,"Aff. No. :130608
Sch. Code:56158","State : ANDHRA PRADESH
District : EAST GODAVARI",Senior Secondary Level,"Name : RAJAMAHENDRI INTERNATIONAL SCHOOL(EM)
Head/Principal Name: T V D CHANDRA SEKHAR","Address : BOMMURU TO KESAVARAM ROAD, NEAR SAMPATHNAGAR ELECTRICAL SUB-STATION, SAMPATHNAGARAM, RAJANAGARAM MANDAL,EAST GODAVARI DISTRICT
Website : www.riserajamahendri.org"
218,"Aff. No. :130514
Sch. Code:57216","State : ANDHRA PRADESH
District : EAST GODAVARI",Senior Secondary Level,"Name : LAUREL HIGH E.M SCHOOL
Head/Principal Name: Chitturi Veera Venkata Lakshmi","Address : LAUREL HIGH E.M SCHOOL,AIRPORT ROAD, GADALA
Website : www.laurelhigh.net"
219,"Aff. No. :130496
Sch. Code:57196","State : ANDHRA PRADESH
District : EAST GODAVARI",Secondary Level,"Name : HAMSAVAHINI VIDYALAYA
Head/Principal Name: GOLLAPALLI NAGA SAILAJA","Address : D.NO.1-130/1, ADB ROAD, RAMANAYYAPETA, VAKALAPUDI, APSP POST, KAKINADA-533005 EAST GODAVARI DISTRICT ANDHRA PRADESH
Website : www.hamsavahinividyalaya.org"
220,"Aff. No. :130470
Sch. Code:57223","State : ANDHRA PRADESH
District : EAST GODAVARI",Secondary Level,"Name : LOYOLA ENGLISH MEDIUM SCHOOL
Head/Principal Name: DANDEM VENKATA RAMA KRISHNA","Address : D.NO. 8-17/3
Website : www.loyolaschool-sannavaram.com"
221,"Aff. No. :130471
Sch. Code:57172","State : ANDHRA PRADESH
District : EAST GODAVARI",Senior Secondary Level,"Name : SRI SHIRDI SAI VIDYA NIKETAN EM HIGH SCHOOL
Head/Principal Name: MANGARAJU ANNAMDEVULA","Address : 1-35 CINEMA ROAD
Website : http://srishirdisaischools.com"
222,"Aff. No. :130481
Sch. Code:57184","State : ANDHRA PRADESH
District : EAST GODAVARI",Secondary Level,"Name : SRI ANNAPURNA (E.M.) HIGH SCHOOL
Head/Principal Name: Mutyala Jyothi Prasanna Kumari","Address : 17-2-17/1, ALAMURU ROAD
Website : www.annapurnaschool.org"
223,"Aff. No. :130493
Sch. Code:57382","State : ANDHRA PRADESH
District : EAST GODAVARI",Secondary Level,"Name : YOUNG CHAMPS (E.M.) SCHOOL
Head/Principal Name: Mr.CHINTALA MADHU SATISH KUMAR","Address : 3-104/4, NEAR AIR PORT, NEXT TO SB VENTURES,BURUGUPUDI.
Website :"
224,"Aff. No. :130352
Sch. Code:57126","State : ANDHRA PRADESH
District : EAST GODAVARI",Senior Secondary Level,"Name : GREEN FIELD SCHOOL
Head/Principal Name: SIRISHA MARGAPURI","Address : VAKADA, KARAPA(M),KAKINADA
Website : www.greenfieldschool.co.in"
225,"Aff. No. :130443
Sch. Code:57176","State : ANDHRA PRADESH
District : EAST GODAVARI",Senior Secondary Level,"Name : LAKSHYA SCHOOL
Head/Principal Name: VANDANA BOHRA","Address : LAKSHYA SCHOOL,UNDURU VILLAGE,SAMALKOTA MANDAL 533440
Website : www.lakshyaschool.in"
226,"Aff. No. :130411
Sch. Code:57151","State : ANDHRA PRADESH
District : EAST GODAVARI",Senior Secondary Level,"Name : SRI PRAKASH VIDYANIKETAN ENGLISH MEDIUM SCHOOL
Head/Principal Name: M VIMALA","Address : SY NO 674 DBV RAJU TOWNSHIP DIWANCHERUVU RAJANAGARAM MANDAL
Website : https://spvnrjy.sriprakash.org"
227,"Aff. No. :130227
Sch. Code:57078","State : ANDHRA PRADESH
District : EAST GODAVARI",Senior Secondary Level,"Name : SRI PRAKASH SYNERGY SCHOOL
Head/Principal Name: DASARI LOVARAJU","Address : D.NO: 2-8-11/D, RAMARAO PETA, EAST GODAVARI DISTT, ANDHRA PRADESH
Website : https://www.spss.edu.in/index.php/home"
228,"Aff. No. :130228
Sch. Code:57077","State : ANDHRA PRADESH
District : EAST GODAVARI",Senior Secondary Level,"Name : LITTLE WOODS SCHOOL
Head/Principal Name: R S V S V C J PRAKASH BHANU","Address : 3-159/1,APSP CAMP PANASAPADU, EAST GODAVARI
Website : www.littlewoodsschool.com"
229,"Aff. No. :130312
Sch. Code:57109","State : ANDHRA PRADESH
District : EAST GODAVARI",Senior Secondary Level,"Name : BHARATIYA VIDYA BHAVANS RESIDENTIONAL PUBLIC SCHOOL
Head/Principal Name: M V SOORIAN","Address : NAMAVARAM, RAJANAGARAM MANDALAM
Website : www.bvbrjy.ac.in"
230,"Aff. No. :130285
Sch. Code:57101","State : ANDHRA PRADESH
District : EAST GODAVARI",Secondary Level,"Name : OAKWOOD THE RAJAHMUNDRY SCHOOL
Head/Principal Name: A SURENDRANATH","Address : BEEJAPURI TOWN SHIP, DIWANCHERUVU, RAJAHMUNDRY (RURAL) EAST GODAVARI DISTRICT ANDHRA PRADESH
Website : www.oakwoodrjy.co.in"
231,"Aff. No. :130291
Sch. Code:57103","State : ANDHRA PRADESH
District : EAST GODAVARI",Senior Secondary Level,"Name : SARANYA CONCEPT SCHOOL
Head/Principal Name: A Kalyani","Address : DOOR.NO.: 2-4/11, G.VEMAVARAM - 533461 KORINGA POST, THALLAREVU MANDAL.
Website : www.saranyaconceptschool.com"
232,"Aff. No. :130180
Sch. Code:57056","State : ANDHRA PRADESH
District : EAST GODAVARI",Senior Secondary Level,"Name : TRIPURA ENG MEDIUM SCHOOL
Head/Principal Name: L MRUNALINI","Address : DOOR NO 3-1166 GADALAMMA NAGAR ROAD SATELLITE CITY PANCHAYAT RAJAMUNDRY ANDHRA PRADESH
Website : www.tripuraemschool.com"
233,"Aff. No. :130209
Sch. Code:57074","State : ANDHRA PRADESH
District : EAST GODAVARI",Secondary Level,"Name : LOTUS INTERNATIONAL SCHOOL
Head/Principal Name: Anusha Injeti","Address : BUCHAIAH NAGAR PIDIMGOYYA PANCHAYAT RAJAHMUNDRY, EAST GODAVARI
Website : www.lotusschool.in"
234,"Aff. No. :130210
Sch. Code:57075","State : ANDHRA PRADESH
District : EAST GODAVARI",Secondary Level,"Name : SRI PRAKASH SYNERGY SCHOOL
Head/Principal Name: ADAPA APARNA","Address : SURESH NAGAR KAKINARA EAST GODAVARI, ANDHRA PRADESH
Website : https://spss.edu.in/index.php/homekkd"
235,"Aff. No. :130221
Sch. Code:57079","State : ANDHRA PRADESH
District : EAST GODAVARI",Secondary Level,"Name : VIDYANJALI SCHOOL
Head/Principal Name: PEDDIREDDI PHANESHWARI","Address : 70-18-1/1 VIDYAVAN CAMPUS, NEW RTO OFFICE ROAD, KAKINADA, EAST GODAVARI
Website : www.vidyanjalischool.com"
236,"Aff. No. :121133
Sch. Code:59265","State : ANDHRA PRADESH
District : EAST GODAVARI",Senior Secondary Level,"Name : ZPHS KADIAM
Head/Principal Name: Tillapudi Satyanarayana","Address : OPPOSITE ANDHRA BANK, KADIAM
Website : https://nadunedu.se.ap.gov.in/cbse/cbse/28143100217"
237,"Aff. No. :121097
Sch. Code:59223","State : ANDHRA PRADESH
District : EAST GODAVARI",Senior Secondary Level,"Name : GHS VEGESWARAPURAM
Head/Principal Name: CH BALAMANI","Address : GOVT.JR.COLLEGE, VEGESWARAPURAM
Website : https://nadunedu.se.ap.gov.in/cbse/cbse/28150401303"
238,"Aff. No. :130039
Sch. Code:57016","State : ANDHRA PRADESH
District : EAST GODAVARI",Senior Secondary Level,"Name : KAKINADA PUBLIC SCHOOL
Head/Principal Name: SAFIA MOHAMMAD","Address : SARVODAYA NAGAR VALASAPAKALA KAKINADA EAST GODAVARI DISTT. ANDHRA PRADESH
Website : www.kakinadapublicschool.com"
239,"Aff. No. :130123
Sch. Code:57038","State : ANDHRA PRADESH
District : EAST GODAVARI",Senior Secondary Level,"Name : AKSHARA SCHOOL
Head/Principal Name: A S V GOPALAKRISHNA","Address : N F C L TOWNSHIP KAKINADA ANDHRA PRADESH
Website : www.aksharaschoolkakinada.org"
240,"Aff. No. :130126
Sch. Code:57040","State : ANDHRA PRADESH
District : EAST GODAVARI",Senior Secondary Level,"Name : SRI CHAITANYA TECHNO SCHOOL
Head/Principal Name: B V N S BRAMARAMBA","Address : RAMANAYYAPETA KAKINADA EAST GODAVARI DISTRICT ANDHRA PRADESH
Website : http://srichaitanyatechnoschoolkakinada.net/"
241,"Aff. No. :130163
Sch. Code:57052","State : ANDHRA PRADESH
District : EAST GODAVARI",Senior Secondary Level,"Name : SUBHA NIKETAN(ENGLISH MEDIUM) SCHOOL
Head/Principal Name: KONA RAJANI","Address : RAMANAYYA PETA SURPAVARAM ROAD KAKINARA RURAL EAST GODWARI DIST ANDHRA PRADESH
Website : www.subhaniketan.com"
242,"Aff. No. :121050
Sch. Code:59169","State : ANDHRA PRADESH
District : EAST GODAVARI",Senior Secondary Level,"Name : ZPHS KUMARADEVAM
Head/Principal Name: ANDUGULAPATI CHANDRA SEKHAR","Address : KUMARADEVAM , KOVVUR MANDAL
Website : https://nadunedu.se.ap.gov.in/cbse/cbse/28151600203"
243,"Aff. No. :120967
Sch. Code:59086","State : ANDHRA PRADESH
District : EAST GODAVARI",Senior Secondary Level,"Name : ZPHS CHINNAYAGUDEM
Head/Principal Name: NALLA HEPSIBA","Address : NEAR PANCHAYAT OFFICE, CHINNAYAGUDEM
Website : https://nadunedu.se.ap.gov.in/cbse/cbse/28151400205"
244,"Aff. No. :120843
Sch. Code:58905","State : ANDHRA PRADESH
District : EAST GODAVARI",Senior Secondary Level,"Name : GHS KORUKONDA
Head/Principal Name: M RAMANNA DORA","Address : NEAR SUBRAHMANYESWARA TEMPLE, KORUKONDA
Website : https://nadunedu.se.ap.gov.in/cbse/cbse/28141600610"
245,"Aff. No. :120798
Sch. Code:58860","State : ANDHRA PRADESH
District : EAST GODAVARI",Senior Secondary Level,"Name : MPL HS INDIRA NAGAR
Head/Principal Name: NELAPUDI RAJA PRASANT","Address : DANAVAIPETA, RAJAMAHENDRAVARAM
Website : https://nadunedu.se.ap.gov.in/cbse/cbse/28143095623"
246,"Aff. No. :120684
Sch. Code:58746","State : ANDHRA PRADESH
District : EAST GODAVARI",Senior Secondary Level,"Name : APSWREIS G JR. COLLEGE KOVVURU
Head/Principal Name: PACHIPALA SUJATHA","Address : KUMARADEVAM , KOVVURU
Website : https://nadunedu.se.ap.gov.in/cbse/cbse/28151690341"
247,"Aff. No. :120666
Sch. Code:58728","State : ANDHRA PRADESH
District : EAST GODAVARI",Senior Secondary Level,"Name : APREIS BHUPATHIPALEM
Head/Principal Name: B RAVI","Address : MALLAVARAM, GOKAVARAM MANDAL
Website : https://nadunedu.se.ap.gov.in/cbse/cbse/28141701002"
248,"Aff. No. :120705
Sch. Code:58767","State : ANDHRA PRADESH
District : EAST GODAVARI",Senior Secondary Level,"Name : APSWRS VEERLANKAPALLI
Head/Principal Name: K Manjula Veni Rani","Address : OPPOSITE ITDA PROJECT OFFICE, YERRAMPETA, GOKAVARAM
Website : https://nadunedu.se.ap.gov.in/cbse/cbse/28141700317"
249,"Aff. No. :120612
Sch. Code:58673","State : ANDHRA PRADESH
District : EAST GODAVARI",Senior Secondary Level,"Name : APSWREIS G JR. COLLEGE GOPALAPURAM
Head/Principal Name: TALURU UMADEVI","Address : NEAR GOVT HOSPATAL, THALLAPUDI ROAD,GOPA, NEAR GOVT HOSPATAL, THALLAPUDI ROAD,GOPA
Website : https://nadunedu.se.ap.gov.in/cbse/cbse/28150501514"
250,"Aff. No. :120652
Sch. Code:58714","State : ANDHRA PRADESH
District : EAST GODAVARI",Senior Secondary Level,"Name : ZPHS DEVARAPALLE
Head/Principal Name: B SRI LAKSHMI","Address : DEVARAPALLE, DEVARAPALLE MANDAL
Website : https://nadunedu.se.ap.gov.in/cbse/cbse/28151400309"
251,"Aff. No. :120653
Sch. Code:58715","State : ANDHRA PRADESH
District : EAST GODAVARI",Senior Secondary Level,"Name : ZPHS BICCAVOLU
Head/Principal Name: PALLA VEERA PRABHAKARA RAO","Address : NEAR GANESH TAMPLE, BICCAVOLU
Website : https://nadunedu.se.ap.gov.in/cbse/cbse/28143400511"
252,"Aff. No. :120597
Sch. Code:58658","State : ANDHRA PRADESH
District : EAST GODAVARI",Senior Secondary Level,"Name : APSWRS G YELESWARAM
Head/Principal Name: K CHANDRA SARADA","Address : NEAR RAMALAYAM, PROJECT ROAD YELESWARM, TOWARDS GOVERNMENT HIGH SCHOOL ROAD, PRO
Website : https://nadunedu.se.ap.gov.in/cbse/cbse/28141100716"
253,"Aff. No. :120554
Sch. Code:58615","State : ANDHRA PRADESH
District : EAST GODAVARI",Senior Secondary Level,"Name : APSWRS G DOWLESWARAM
Head/Principal Name: VANI KUMARI","Address : ELECTRICAL OFFICE, DOWLAISWARAM RAJAMAHENDRAVARAM RURAL
Website : https://nadunedu.se.ap.gov.in/cbse/cbse/28142990336"
254,"Aff. No. :120558
Sch. Code:58619","State : ANDHRA PRADESH
District : EAST GODAVARI",Senior Secondary Level,"Name : ZPHS KANURU
Head/Principal Name: M RANGANAYAJAMMA","Address : KANURU, PERAVALI MANDAL
Website : https://nadunedu.se.ap.gov.in/cbse/cbse/28153000205"
255,"Aff. No. :120563
Sch. Code:58624","State : ANDHRA PRADESH
District : EAST GODAVARI",Senior Secondary Level,"Name : APTWRS KUNAVARAM
Head/Principal Name: S VANI PRINCIPAL","Address : KOTHULAGUTTA, KOTHULAGUTTA
Website : https://nadunedu.se.ap.gov.in/cbse/cbse/28146304606"
256,"Aff. No. :120513
Sch. Code:58574","State : ANDHRA PRADESH
District : EAST GODAVARI",Senior Secondary Level,"Name : ZPHS PERURU
Head/Principal Name: M PURUSHOTHAM RAJU","Address : PERURU, AMALAPURAM
Website : https://nadunedu.se.ap.gov.in/cbse/cbse/28145401318"
257,"Aff. No. :120487
Sch. Code:58548","State : ANDHRA PRADESH
District : EAST GODAVARI",Senior Secondary Level,"Name : MPL HS LALACHERUVU
Head/Principal Name: ANKAM MALLESWARA RAO","Address : CHIWDESWARI NAGAR, LALACHERUVU , RAJAMAHENDRAVARAM
Website : https://nadunedu.se.ap.gov.in/cbse/cbse/28143095630"
258,"Aff. No. :100058
Sch. Code:59351","State : ANDHRA PRADESH
District : EAST GODAVARI",Secondary Level,"Name : PM SHRI KENDRIYA VIDYALAYA KAKINADA
Head/Principal Name: K VIJAY SRINIVAS","Address : 2-178, VALASAPAKALA, EAST GODAVARI DT. ANDHRA PRADESH 533 005
Website : https://kakinada.kvs.ac.in/"
259,"Aff. No. :100040
Sch. Code:59336","State : ANDHRA PRADESH
District : EAST GODAVARI",Senior Secondary Level,"Name : KENDRIYA VIDYALAYA
Head/Principal Name: PRADEEP KUMAR SARMA","Address : O.N.G.C BASE COMPLEX LALACHERUVU RAJAHMUNDRY ANDHRA PRADESH
Website : https://rajahmundaryongc.kvs.ac.in"
260,"Aff. No. :120010
Sch. Code:59370","State : ANDHRA PRADESH
District : EAST GODAVARI",Senior Secondary Level,"Name : EKALAVYA MODEL RESIDENTIAL
Head/Principal Name: Dr BHURA RAM BAIRAWA","Address : EAST GODAVARI, P YERRAGONDA, Y RAMAVARAM, ANDHRA PRADESH-533 483
Website : https://www.emrsyramavaram.org.in/"
261,"Aff. No. :120011
Sch. Code:59360","State : ANDHRA PRADESH
District : EAST GODAVARI",Senior Secondary Level,"Name : EKLAVYA MODEL RESIDENTIAL SCHOOL
Head/Principal Name: SHANKAR PRASAD","Address : EAST GODAVARI, MAREDUMILLI, ANDHRA PRADESH-533295
Website : www.emrsmaredumilli.org.in"
262,"Aff. No. :120006
Sch. Code:59373","State : ANDHRA PRADESH
District : EAST GODAVARI",Senior Secondary Level,"Name : EKLAVYA MODEL RESIDENTIAL SCHOOL
Head/Principal Name: MANTHINA VENKATA KRISHNA RAO","Address : RAJAVOMANGI, EAST GODAVARI , ANDHRA PRADESH-533436
Website : www.emrsrajavommangi.org.in"
263,"Aff. No. :120018
Sch. Code:58153","State : ANDHRA PRADESH
District : EAST GODAVARI",Senior Secondary Level,"Name : EKLAVYA MODEL RESIDENTIAL SCHOOL
Head/Principal Name: DALEEP SINGH","Address : (CO-EDN) CHINTUR, EAST GODAVARI, ANDHRA PRADESH-533347
Website : www.emrschinturu.edu"
264,"Aff. No. :100062
Sch. Code:59358","State : ANDHRA PRADESH
District : GUNTUR",Senior Secondary Level,"Name : PM SHRI KENDRIYA VIDYALAYA SATTENAPALLI
Head/Principal Name: JAGADISH KUMAR GUPTA","Address : GOVT JUNIOR COLLEGE OPPOSITE MRO OFFICE SATTENAPALLI
Website : https://sattenapalli.kvs.ac.in"
265,"Aff. No. :100150
Sch. Code:59654","State : ANDHRA PRADESH
District : GUNTUR",Secondary Level,"Name : PM SHRI KENDRIYA VIDYALAYA IRLAPADU
Head/Principal Name: NEERAJ KUMAR SRIVASTAVA","Address : GANAPAVARA, CHILAKALURIPET
Website : http://irlapadu.kvs.ac.in/"
266,"Aff. No. :100059
Sch. Code:59352","State : ANDHRA PRADESH
District : GUNTUR",Senior Secondary Level,"Name : PM SHRI KENDRIYA VIDYALAYA
Head/Principal Name: K SRIKANTH","Address : NEAR GOVT. ITI COLLEGE, JAGGADIGUNTAPALEM, CHINARAVURU, TENALI, GUNTUR DISTRICT, ANDHRA PRADESH
Website : https://tenali.kvs.ac.in/"
267,"Aff. No. :100014
Sch. Code:59301","State : ANDHRA PRADESH
District : GUNTUR",Senior Secondary Level,"Name : PM SHRI KENDRIYA VIDYALAYA
Head/Principal Name: BONTHA SEKHAR","Address : NALLAPADU GUNTUR ANDHRA PRADESH
Website : https://guntur.kvs.ac.in/"
268,"Aff. No. :100027
Sch. Code:59311","State : ANDHRA PRADESH
District : GUNTUR",Senior Secondary Level,"Name : PM SHRI KENDRIYA VIDYALAYA
Head/Principal Name: V MRUDULA","Address : AIR FORCE STATION SURYALANKA BAPATLA DISTT. GUNTUR ANDHRA PRADESH
Website :"
269,"Aff. No. :120849
Sch. Code:58911","State : ANDHRA PRADESH
District : GUNTUR",Senior Secondary Level,"Name : APSWR SCHOOL ADAVITAKKELLAPADU NEAR ADAVITAKKELLAPADU
Head/Principal Name: MALAPATI JOHN WESSLEY","Address : NEAR GUNTUR RTO OFFICE, ADAVITHAKKELLAPADU ,GUNTUR
Website : https://nadunedu.se.ap.gov.in/cbse/cbse/28172600216"
270,"Aff. No. :120977
Sch. Code:59096","State : ANDHRA PRADESH
District : GUNTUR",Senior Secondary Level,"Name : APRES HS TADIKONDA
Head/Principal Name: JOGARAO PASUMARTHI","Address : PEDAPARIMI ROAD , TADIKONDA
Website : https://nadunedu.se.ap.gov.in/cbse/cbse/28171300615"
271,"Aff. No. :121006
Sch. Code:59125","State : ANDHRA PRADESH
District : GUNTUR",Senior Secondary Level,"Name : APSWRSGRPRP- KKUMANU
Head/Principal Name: K S V SWARNA KUMARI","Address : PONNURU ROAD NEAR B.K.PALEM, KAKUMANU
Website : https://nadunedu.se.ap.gov.in/cbse/cbse/28175790150"
272,"Aff. No. :121066
Sch. Code:59185","State : ANDHRA PRADESH
District : GUNTUR",Senior Secondary Level,"Name : ZPHS SANGAM JAGARLAMUDI
Head/Principal Name: A SIVA RAMA KRISHNA","Address : SANGAMJAGARLAMUDI, TENALI(MANDAL)
Website : https://nadunedu.se.ap.gov.in/cbse/cbse/28173200606"
273,"Aff. No. :121018
Sch. Code:59137","State : ANDHRA PRADESH
District : GUNTUR",Senior Secondary Level,"Name : APSW RESIDENTIAL SCHOOL FOR BOYS
Head/Principal Name: NEMALIKANTI MARIAYADASU","Address : TADIKONDA, TADIKONDA
Website : https://nadunedu.se.ap.gov.in/cbse/cbse/28171300620"
274,"Aff. No. :130041
Sch. Code:57004","State : ANDHRA PRADESH
District : GUNTUR",Secondary Level,"Name : DURGA PUBLIC SCHOOL
Head/Principal Name: B MALLIKARJUNA SASTRY","Address : NEAR NADIKUDE RAILWAY STATION, DACHEPALLI GUNTUR DIST ANDHRA PRADESH
Website : www.durgapublicschool.in"
275,"Aff. No. :130011
Sch. Code:57003","State : ANDHRA PRADESH
District : GUNTUR",Secondary Level,"Name : SRI VENKATESWARA BALA KUTEER
Head/Principal Name: D SUDHA MADHAVI","Address : SYAMALA NAGAR GUNTUR ANDHRA PRADESH
Website : www.svbk.in"
276,"Aff. No. :130081
Sch. Code:57025","State : ANDHRA PRADESH
District : GUNTUR",Senior Secondary Level,"Name : HELIOS SADINENI CHOWDARAIAH FUTURISTIC SCHOOL
Head/Principal Name: SHAIK MAHABOOB BASHA","Address : CHILAKALURIPET GUNTUR DISTT. ANDHRA PRADESH
Website : www.heliosfuturisticschools.com"
277,"Aff. No. :130061
Sch. Code:57021","State : ANDHRA PRADESH
District : GUNTUR",Senior Secondary Level,"Name : DR K L PRASAD PUBLIC SCHOOL
Head/Principal Name: D.Kshamitha","Address : J K C COLLEGE CAMPUS RING ROAD GUNTUR ANDHRA PRADESH
Website : http://www.drklppublicschool.com/"
278,"Aff. No. :121095
Sch. Code:59221","State : ANDHRA PRADESH
District : GUNTUR",Senior Secondary Level,"Name : ZPHS RAVELA
Head/Principal Name: N V NAGAMANI","Address : OPP TEMPLE, TADIKONDA MANDAL
Website : https://nadunedu.se.ap.gov.in/cbse/cbse/28171300806"
279,"Aff. No. :121096
Sch. Code:59222","State : ANDHRA PRADESH
District : GUNTUR",Senior Secondary Level,"Name : BVR ZPHS PRATHIPADU
Head/Principal Name: H SRINIVAS","Address : NEAR MRO OFFICE PRATHIPADU, PRATHIPADU
Website : https://nadunedu.se.ap.gov.in/cbse/cbse/28173600409"
280,"Aff. No. :121134
Sch. Code:59266","State : ANDHRA PRADESH
District : GUNTUR",Senior Secondary Level,"Name : ZPHS SIRIPURAM
Head/Principal Name: MURAKONDA NAGA LAKSHMI","Address : NEAR SIVALAYAM, NEAR PANCHAYAT OFFICE
Website : https://nadunedu.se.ap.gov.in/cbse/cbse/28172500309"
281,"Aff. No. :121130
Sch. Code:59262","State : ANDHRA PRADESH
District : GUNTUR",Senior Secondary Level,"Name : ZPHS JONNALAGADDA
Head/Principal Name: PINNAMARAJU SATYA VANI","Address : Z. P. HIGH SCHOOL, JONNALAGADDA , JONNALAGADDA
Website : https://nadunedu.se.ap.gov.in/cbse/cbse/28172600404"
282,"Aff. No. :121148
Sch. Code:59280","State : ANDHRA PRADESH
District : GUNTUR",Senior Secondary Level,"Name : KVR ZPHS THULLUR
Head/Principal Name: GUTHA SRINIVASA RAO","Address : AMAMRAVATHI ROAD,THULLUR, THULLUR
Website : https://nadunedu.se.ap.gov.in/cbse/cbse/28171000608"
283,"Aff. No. :121151
Sch. Code:59283","State : ANDHRA PRADESH
District : GUNTUR",Senior Secondary Level,"Name : SKBMMCHS A T A 1 W
Head/Principal Name: P SRINIVASA RAO","Address : AT.AGRAHARAM,NEAR WATER TANK,GUNTUR, GUNTUR
Website : https://nadunedu.se.ap.gov.in/cbse/cbse/28172691266"
284,"Aff. No. :121132
Sch. Code:59264","State : ANDHRA PRADESH
District : GUNTUR",Senior Secondary Level,"Name : ZPHS NIDAMARRU
Head/Principal Name: SENAGAVARAPU VENKATESWARA RAO","Address : OPPOSIT PHC, MANGALAGIRI
Website : https://nadunedu.se.ap.gov.in/cbse/cbse/28171200601"
285,"Aff. No. :130226
Sch. Code:57080","State : ANDHRA PRADESH
District : GUNTUR",Secondary Level,"Name : BHASHYAM BLOOMS
Head/Principal Name: UDAYAGIRI GIRIJA RANI","Address : BHASHYAM BLOOMS,RING ROAD,GUNTUR, ANDHRA PRADESH-522007
Website : www.bhashyamblooms.in"
286,"Aff. No. :130205
Sch. Code:57069","State : ANDHRA PRADESH
District : GUNTUR",Senior Secondary Level,"Name : TOP KID SCHOOL
Head/Principal Name: Jyothi Sekhar Babu","Address : ADAVITAKKEILAPADU, PEDAPALAKALURU, GUNTUR
Website : www.topkidschool.com"
287,"Aff. No. :130162
Sch. Code:57050","State : ANDHRA PRADESH
District : GUNTUR",Senior Secondary Level,"Name : TRIPLAAR SCHOOL OF LEARNING
Head/Principal Name: Mrs. VIJAYA PRAMOD","Address : EDULAPALEM NH-5 NEAR YANAMADALA DISTRICT GUNTUR ANDHRA PRADESH
Website : http://www.satriplaar.com"
288,"Aff. No. :130295
Sch. Code:57104","State : ANDHRA PRADESH
District : GUNTUR",Senior Secondary Level,"Name : WEST BERRY SCHOOL
Head/Principal Name: T V SUBRAHMANYAM","Address : NELAPADU VILLAGE,BURRIPALEM (POST)BURRIPALEM ROAD, TENALI MANDAL GUNTUN, AP
Website : http://www.westberry.in/Tenali/index.html"
289,"Aff. No. :130299
Sch. Code:57105","State : ANDHRA PRADESH
District : GUNTUR",Secondary Level,"Name : USHODAYA ENGLISH MEDIUM SCHOOL
Head/Principal Name: Dr. Mohammad Nasreen","Address : CHOWDAVARAM, YEDLAPADU MANDAL, GUNTUR - 522019. (A.P.)
Website : www.uems.in"
290,"Aff. No. :130314
Sch. Code:57115","State : ANDHRA PRADESH
District : GUNTUR",Secondary Level,"Name : NATCO SCHOOL OF LEARNING
Head/Principal Name: Gangadhar","Address : GOLLAMUDIPADU VILLAGE, PONNUR MANDAL, GUNTUR DISTRICT 522212
Website : www.natconsl.edu.in"
291,"Aff. No. :130315
Sch. Code:57112","State : ANDHRA PRADESH
District : GUNTUR",Senior Secondary Level,"Name : BHARATIYA VIDYA BHAVANS VIDYASHRAM
Head/Principal Name: NUKALA HEMAMBA","Address : COLLECTORS BUNGALOW ROAD, GUNTUR, ANDHRA PRADESH.
Website : https://bhavansguntur.com/"
292,"Aff. No. :130267
Sch. Code:57092","State : ANDHRA PRADESH
District : GUNTUR",Senior Secondary Level,"Name : SRI VIVEKANANDA CENTRAL SCHOOL
Head/Principal Name: Damodara Sankara Rao","Address : VIVEKA NAGAR, BURRIPALEM ROAD TENALI GUNTUR,
Website : www.srivivekanandacentral.in"
293,"Aff. No. :130407
Sch. Code:57141","State : ANDHRA PRADESH
District : GUNTUR",Secondary Level,"Name : ST. ANNES SCHOOL
Head/Principal Name: Saumya","Address : SULTHANABAD
Website : www.stannescbse.com"
294,"Aff. No. :130429
Sch. Code:57158","State : ANDHRA PRADESH
District : GUNTUR",Secondary Level,"Name : J.M.J GLOBAL SCHOOL
Head/Principal Name: Maries Kurissery","Address : MORRISPET
Website :"
295,"Aff. No. :130440
Sch. Code:57173","State : ANDHRA PRADESH
District : GUNTUR",Secondary Level,"Name : S.F.S.SCHOOL
Head/Principal Name: POTHIREDDY INNA REDDY","Address : S.F.S.SCHOOL,RAJUPALEM(POST & MANDAL),GUNTUR DISTRICT
Website : www.sfsemschoolrajupalem.com"
296,"Aff. No. :130462
Sch. Code:57159","State : ANDHRA PRADESH
District : GUNTUR",Senior Secondary Level,"Name : VIVA THE SCHOOL
Head/Principal Name: SARALA CHADALAWADA","Address : NAMBUR(VILLAGE) MANDAL-PEDAKAKANI DIST GUNTUR(A.P.)522508
Website : https://viva.school/"
297,"Aff. No. :130349
Sch. Code:57121","State : ANDHRA PRADESH
District : GUNTUR",Secondary Level,"Name : NICE
Head/Principal Name: PEDDAKOTLA VELANGINI DIVYA","Address : MYNAMPADU VILLAGE, KANAPARTHI PANCHAYAT & POST, SATHULURU SUB POST OFFICE, NADENDLA MANDAL, GUNTUR DISTRICT
Website : www.niceschool.org"
298,"Aff. No. :130342
Sch. Code:57117","State : ANDHRA PRADESH
District : GUNTUR",Secondary Level,"Name : ST. JOSEPHS HIGH SCHOOL, GUNTUR
Head/Principal Name: T G IGNATIUS SANDHYA RANI","Address : Door No 4-749 1, Beside Bommidala Cancer Hospital, Pedakakani Village and Mandal
Website : www.stjosephcbse.com"
299,"Aff. No. :130343
Sch. Code:57113","State : ANDHRA PRADESH
District : GUNTUR",Secondary Level,"Name : BHAVYA CEMENTS D A V SCHOOL
Head/Principal Name: N.MADHUSUDANARA RAO","Address : TANGEDA VILLAGE, DACHEPALLY MANDAL, GUNTUR DIST,ANDHRA PRADESH.PIN:522414
Website : www.bhavyacementsdavschool.in"
300,"Aff. No. :130490
Sch. Code:57191","State : ANDHRA PRADESH
District : GUNTUR",Senior Secondary Level,"Name : ST. AUGUSTINE E.M. SCHOOL
Head/Principal Name: MINIMOL V J","Address : ST. AUGUSTINE E.M SCHOOL SATTENAPALLI ROAD AMARAVATHI GUNTUR DIST PIN 522020 A.P SOUTH INDIA
Website : www.staugustineemschoolamaravathi.com"
301,"Aff. No. :130491
Sch. Code:57192","State : ANDHRA PRADESH
District : GUNTUR",Secondary Level,"Name : DELHI PUBLIC WORLD SCHOOL
Head/Principal Name: FEROA BEGUM","Address : KAZA VILLAGE MANGALAGIRI NH 5, ADJACENT TO NAGARJUNA UNIVERSITY AMARAVATI
Website :"
302,"Aff. No. :130492
Sch. Code:57201","State : ANDHRA PRADESH
District : GUNTUR",Senior Secondary Level,"Name : SSV INTERNATIONALSCHOOL
Head/Principal Name: D PRASANNA RANI","Address : D.NO.145, RTPDK, OPPOSITE ACHARYA NAGARJUNA UNIVERSITY, KAZA VILLAGE & PANCHAYAT, MANGALAGIRI MANDAL
Website : https://www.ssvinternationalschool.in/"
303,"Aff. No. :130486
Sch. Code:57187","State : ANDHRA PRADESH
District : GUNTUR",Secondary Level,"Name : VIGNAN HIGH SCHOOL
Head/Principal Name: GONDHI MALLIKARJUNA BABU","Address : 2ND LANE, LIC COLONY STAMBALAGARUVU GUNTUR
Website : http://www.vignanhighschoolguntur.com"
304,"Aff. No. :130468
Sch. Code:57167","State : ANDHRA PRADESH
District : GUNTUR",Senior Secondary Level,"Name : MARYMATHA ENGLISH MEDIUM HIGH SCHOOL
Head/Principal Name: Sr MOLY TJ","Address : D.NO:1-8,ASSISI NAGAR ,THULLUR PO&MD, GUNTUR DIST.
Website : www.marymathaschoolthullur.com"
305,"Aff. No. :130469
Sch. Code:57174","State : ANDHRA PRADESH
District : GUNTUR",Secondary Level,"Name : SRI CHAITANYA SCHOOL
Head/Principal Name: SAYIMPU NARMADA","Address : REDDY PALEM , GRAMAPANCHAYATHI OUTER RINGROAD GUNTUR RURAL GUNTUR (DT) PIN : 522509
Website : http://srichaitanyahighschoolguntur.net"
306,"Aff. No. :130465
Sch. Code:57166","State : ANDHRA PRADESH
District : GUNTUR",Senior Secondary Level,"Name : ST.JOHNS ENGLISH MEDIUM SCHOOL
Head/Principal Name: THOGURU BITTU VINEELA","Address : 1-2-22, MISSION COMPOUND, NAZERPET,
Website : https://stjohnsenglishmediumschool.com/"
307,"Aff. No. :130477
Sch. Code:57195","State : ANDHRA PRADESH
District : GUNTUR",Secondary Level,"Name : IGROW ENGLISH MEDIUM SCHOOL
Head/Principal Name: DEEVI VENKATA SESHASAI","Address : IGROW ENGLISH MEDIUM SCHOOL, KESANUPALLI VILLAGE, NARSARAOPET, GUNTUR DISTRICT.
Website : www.igrowinternationalschool.in"
308,"Aff. No. :130515
Sch. Code:57217","State : ANDHRA PRADESH
District : GUNTUR",Secondary Level,"Name : GEETHIKA SCHOOL
Head/Principal Name: POLISETTY SRINIVASA RAO","Address : HYDERABAD HIGH WAY
Website : http://geethikacbseschool.com/"
309,"Aff. No. :130517
Sch. Code:57219","State : ANDHRA PRADESH
District : GUNTUR",Secondary Level,"Name : NIRMALA HIGH SCHOOL
Head/Principal Name: Sr K Sirisha Rani","Address : NIRMAL NAGAR,ATMAKUR(VILL),MANGALAGIRI(MANDAL)
Website : www.nirmalacbsemgl.com"
310,"Aff. No. :130600
Sch. Code:57236","State : ANDHRA PRADESH
District : GUNTUR",Secondary Level,"Name : SRI PATIBANDLA SITARAMAIAH HIGH SCHOOL
Head/Principal Name: Dosakayala Durga Syam","Address : D.NO - 5-87-56, LAKSHMIPURAM MAIN ROAD
Website : www.spshsem.com"
311,"Aff. No. :130526
Sch. Code:57224","State : ANDHRA PRADESH
District : GUNTUR",Secondary Level,"Name : SRI RAMA RURAL (EM&TM) HIGH SCHOOL
Head/Principal Name: GOTTUMUKKALA UMA RANI","Address : SRI RAMA RURAL ACADEMY, KOLLURU (MANDAL), TENALI (DIVISION), GUNTUR (DISTRICT), ANDHRA PRADESH
Website : www.sriramaruralacademy.com"
312,"Aff. No. :130628
Sch. Code:56298","State : ANDHRA PRADESH
District : GUNTUR",Senior Secondary Level,"Name : DELHI PUBLIC SCHOOL
Head/Principal Name: PSL RATNAMALA","Address : AMAVARATI ROAD LAM VILLAGE TADIKONDA MANDAL GUNTUR 522034
Website : www.dpsamaravati.com"
313,"Aff. No. :130633
Sch. Code:56364","State : ANDHRA PRADESH
District : GUNTUR",Secondary Level,"Name : ARAVINDA HIGH SCHOOL
Head/Principal Name: B.P.VIJAY KUMAR","Address : 20-05-11/1, Opp Panchayath road, , Revenue ward 22, Kunchanapalli, Tadepalli, 522501
Website : https://aravindahighschool.com"
314,"Aff. No. :130682
Sch. Code:56433","State : ANDHRA PRADESH
District : GUNTUR",Secondary Level,"Name : PRODIGY VIDYALAY
Head/Principal Name: Y.Radhini Chowdary","Address : PONNUR ROAD,, BESIDE ST.MARY'S WOMENS COLLEGE
Website : www.prodigyvidyalay.com"
315,"Aff. No. :130683
Sch. Code:56451","State : ANDHRA PRADESH
District : GUNTUR",Senior Secondary Level,"Name : NEXTGEN SCHOOL
Head/Principal Name: V SITA SATYA","Address : AMARAVATI ROAD, GORANTLA
Website : www.nextgenschool.in"
316,"Aff. No. :130689
Sch. Code:56467","State : ANDHRA PRADESH
District : GUNTUR",Secondary Level,"Name : ABC ENGLISH MEDIUM HIGH SCHOOL
Head/Principal Name: RAMA DEVI VINJAMURI","Address : 8-1/3, MACHERLA ROAD, PIDUGURALLA, 8-1/3, MACHERLA ROAD, PIDUGURALLA
Website : www.abchighschool.com"
317,"Aff. No. :130690
Sch. Code:56476","State : ANDHRA PRADESH
District : GUNTUR",Secondary Level,"Name : LIONS MONTESSORI HIGH SCHOOL
Head/Principal Name: KIRANJOSE","Address : PEDANANDIPADU, GUNTUR DISTRICT
Website : www.lmhschoolpnp.com"
318,"Aff. No. :130693
Sch. Code:56504","State : ANDHRA PRADESH
District : GUNTUR",Senior Secondary Level,"Name : VIJNANA VIHARA ENGLISH MEDIUM HIGH SCHOOL
Head/Principal Name: VENIGALLA SURESH","Address : KESHAVA NAGAR,NUTAKKI,MANGALAGIRI MANDAL, KESHAVA NAGAR,NUTAKKI,MANGALAGIRI MANDAL
Website : http://www.vijnanaviharanutakki.in"
319,"Aff. No. :130714
Sch. Code:56583","State : ANDHRA PRADESH
District : GUNTUR",Secondary Level,"Name : OXFORD INTERNATIONAL SCHOOL
Head/Principal Name: ADILAKSHMI","Address : AMARAVATHI ROAD, GUNTUR
Website : https://oxford-edu.co.in/oxford-cbse-school"
320,"Aff. No. :130723
Sch. Code:56612","State : ANDHRA PRADESH
District : GUNTUR",Secondary Level,"Name : ANDHRA HIGH SCHOOL
Head/Principal Name: ALEKHYA RUPANAGUDI","Address : NARASARAOPET, GUNTUR
Website : www.andhrahighschool.com"
321,"Aff. No. :130718
Sch. Code:56589","State : ANDHRA PRADESH
District : GUNTUR",Secondary Level,"Name : GEETHANJALI SCHOOL
Head/Principal Name: MUNNAMGI RAMA DEVI","Address : TADEPALLI MANDAL, GUNTUR DISTRICT
Website : http://www.geetanjalischool.in"
322,"Aff. No. :130792
Sch. Code:57306","State : ANDHRA PRADESH
District : GUNTUR",Senior Secondary Level,"Name : AIMEE INTERNATIONAL SCHOOL
Head/Principal Name: Leena Satuluri","Address : 24-7-4/1, WARD NO 24, PRATHURU, MANGALAGIRI TADEPALLI MUN CORPORATION
Website : www.schoolaimee.in"
323,"Aff. No. :130763
Sch. Code:56944","State : ANDHRA PRADESH
District : GUNTUR",Secondary Level,"Name : ACME SCHOOL
Head/Principal Name: DEEPTHI BATTULA","Address : 411/2B1, 411/2B3, VIDHYADHARANI 1ST LINE, POTHURU,, OPP EENADU, GUNTUR
Website : https://acmeschool.in/"
324,"Aff. No. :130765
Sch. Code:56959","State : ANDHRA PRADESH
District : GUNTUR",Secondary Level,"Name : SRINIVASA HIGH SCHOOL
Head/Principal Name: KURAPATI SHANTHA KUMARI","Address : NAGULAPADU VILLAGE, PEDANANDIPADU MANDAL, GUNTUR DISTRICT
Website : https://srinivasahighschool.com/"
325,"Aff. No. :130738
Sch. Code:56675","State : ANDHRA PRADESH
District : GUNTUR",Secondary Level,"Name : PRAGATI HIGH SCHOOL
Head/Principal Name: VENKATESWARLU BITRA","Address : SATTENAPALLI, GUNTUR
Website : http://www.pragatisap.com/"
326,"Aff. No. :130739
Sch. Code:56676","State : ANDHRA PRADESH
District : GUNTUR",Senior Secondary Level,"Name : INTERNATIONAL DELHI PUBLIC SCHOOL
Head/Principal Name: MANI VERMA","Address : PONNAPLLI ,, CHERUKUPALLI,
Website : www.idpscherukupalli.com"
327,"Aff. No. :130741
Sch. Code:56684","State : ANDHRA PRADESH
District : GUNTUR",Secondary Level,"Name : ST.MARYS ENGLISH MEDIUM SCHOOL
Head/Principal Name: LILLY P.K","Address : NARASARAOPET , PALNADU
Website : http://stmarysemschoolravipadu.com/"
328,"Aff. No. :140004
Sch. Code:59317","State : ANDHRA PRADESH
District : GUNTUR",Senior Secondary Level,"Name : PM SHRI SCHOOL JAWAHAR NAVODAYA VIDYALAYA
Head/Principal Name: N NARASIMHA RAO","Address : MADDIRALA DISTT. GUNTUR ANDHRA PRADESH
Website : https://www.navodaya.gov.in/nvs/nvs-school/GUNTUR/"
329,"Aff. No. :140021
Sch. Code:59334","State : ANDHRA PRADESH
District : KRISHNA",Senior Secondary Level,"Name : PM SHRI SCHOOL JAWAHAR NAVODAYA VIDYALAYA
Head/Principal Name: D.YEDUNANDANA","Address : VELERU (PO & VIL) BAPULAPADU MANDAL KRISHNA DIST. ANDHRA PRADESH
Website : www.navodaya.gov.in/nvs/nvs-school/KRISHNA/en/home"
330,"Aff. No. :180006
Sch. Code:59514","State : ANDHRA PRADESH
District : KRISHNA",Senior Secondary Level,"Name : ARMY PUBLIC SCHOOL.
Head/Principal Name: ARCHANA RAI","Address : RAMAKRISHNAPURAM SECUNDERABAD ANDHRA PRADESH
Website : www.apsrkpuram.edu.in"
331,"Aff. No. :130839
Sch. Code:23946","State : ANDHRA PRADESH
District : KRISHNA",Secondary Level,"Name : ST. MARY'S EM HIGH SCHOOL
Head/Principal Name: PRESTEENA DAISE","Address : D.NO. 9-62, RS.NO.134&135,, KANKIPADU(V&M), KRISHNA DISTRICT
Website : https://stmaryskankipadu.in/"
332,"Aff. No. :130751
Sch. Code:56785","State : ANDHRA PRADESH
District : KRISHNA",Secondary Level,"Name : KAKATIYA E M HIGH SCHOOL
Head/Principal Name: R SATHIYAMOORTHY","Address : D.NO.9-1-7/1,RAMALINGESWAR NAGAR, NANDIGAMA(V&M), NANDIGAMA
Website : www.ksenandigama.in"
333,"Aff. No. :130753
Sch. Code:56788","State : ANDHRA PRADESH
District : KRISHNA",Secondary Level,"Name : RAVINDRA BHARATHI'S NEXTGEN SCHOOL
Head/Principal Name: Dr.KALIDASU SAILAJA","Address : D.NO.13-583, 585, 586, KANURU, YSR TADIGADAPA MUNICIPALITY
Website : http://nextgenschool.edu.in/"
334,"Aff. No. :130793
Sch. Code:57309","State : ANDHRA PRADESH
District : KRISHNA",Secondary Level,"Name : CHAPTER (EM) SCHOOL
Head/Principal Name: M SUJAN","Address : R S NO 610 1B, BANDAR KOTA BANDAR RURAL, MACHILIPATNAM
Website : https://chapterschool.com"
335,"Aff. No. :130794
Sch. Code:57323","State : ANDHRA PRADESH
District : KRISHNA",Secondary Level,"Name : NALANDA VIDYA NIKETAN
Head/Principal Name: P NAGA LAKSHMI","Address : 6-172, GANGURU VILLAGE, PENAMALURU MANDAL
Website : https://school.nalanda.edu.in/"
336,"Aff. No. :130777
Sch. Code:57264","State : ANDHRA PRADESH
District : KRISHNA",Senior Secondary Level,"Name : BHASHYAM BLOOMS
Head/Principal Name: K MAHA LAKSHMI","Address : 439/2, NH65, PORANKI, VIJAYAWADA
Website : www.bhashyambloomsvja.in"
337,"Aff. No. :130778
Sch. Code:57265","State : ANDHRA PRADESH
District : KRISHNA",Secondary Level,"Name : SLATE THE SCHOOL
Head/Principal Name: SARADA","Address : 4-1 & 4-2, GOLLANAPALLI, GANNAVARAM MANDAL, KRISHNA DIST
Website : www.slategannavaram.in"
338,"Aff. No. :130725
Sch. Code:56617","State : ANDHRA PRADESH
District : KRISHNA",Secondary Level,"Name : GIG EM HIGH SCHOOL
Head/Principal Name: N RAMYA","Address : VIJAYAWADA RURAL, KRISHNA DISTRICT
Website : www.gigis.in"
339,"Aff. No. :130720
Sch. Code:56603","State : ANDHRA PRADESH
District : KRISHNA",Senior Secondary Level,"Name : SRI SRINIVASA AKSHARALAYAM EM SCHOOL
Head/Principal Name: P Neelima","Address : VUYYURU, SRI SRINIVAS NAGAR
Website : https://www.srisrinivasaemschool.com/"
340,"Aff. No. :130715
Sch. Code:56585","State : ANDHRA PRADESH
District : KRISHNA",Secondary Level,"Name : ST. ANNE'S HIGH SCHOOL (EM)
Head/Principal Name: SR JANE ANTONY","Address : GUNTUPALLI, IBRAHIMPATNAM, VIJAYAWADA., GUNTUPALLI, IBRAHIMPATNAM, VIJAYAWADA.
Website : www.stanneshighschoolguntupalli.com"
341,"Aff. No. :130716
Sch. Code:56586","State : ANDHRA PRADESH
District : KRISHNA",Senior Secondary Level,"Name : SHAMROCK SCHOOL, RS NO. 271/3, ANDHRA PRADESH
Head/Principal Name: BHARTI DHAR","Address : OPP PVP SIDDARTHA ENGINEERING COLLEGE, KANURU, PENAMALURU MANDAL
Website : https://www.shamrockschool.in"
342,"Aff. No. :130696
Sch. Code:56508","State : ANDHRA PRADESH
District : KRISHNA",Secondary Level,"Name : DON BOSCO SCHOOL
Head/Principal Name: SALIBINDLA SANDEEP INNA REDDY","Address : 5-135, GUNTUPALLI, IBRIHIMPATNAM MANDAL, 5-135, GUNTUPALLI, IBRAHIMPATNAM MANDAL
Website : www.donboscoguntupalli.edu.in"
343,"Aff. No. :130626
Sch. Code:56289","State : ANDHRA PRADESH
District : KRISHNA",Secondary Level,"Name : CHITTURI HIGH SCHOOL
Head/Principal Name: P HARIKA","Address : 26-3-29, NRP ROAD, GANDHINAGAR
Website : www.chs.ac.in"
344,"Aff. No. :130632
Sch. Code:56354","State : ANDHRA PRADESH
District : KRISHNA",Secondary Level,"Name : DON BOSCO SCHOOL
Head/Principal Name: PASALA BHASKAR","Address : DON BOSCO SCHOOL, CARMELNAGAR,GUNADALA. VIJAYAWADA, KRISHNA DIST, ANDHRA PRADESH, PIN:520004.
Website : www.dbschoolgunadalacbse.org"
345,"Aff. No. :130620
Sch. Code:56235","State : ANDHRA PRADESH
District : KRISHNA",Secondary Level,"Name : AMBITUS WORLD SCHOOL
Head/Principal Name: SRIPRIYA VADALAMANTI","Address : SY NO 76/1B, INNER RING ROAD, GUNADALA, VIJAYAWADA, KRISHNA DISTRICT, ANDHRA PRADESH
Website : https://www.ambitusworldschool.com/vja"
346,"Aff. No. :130613
Sch. Code:56179","State : ANDHRA PRADESH
District : KRISHNA",Secondary Level,"Name : RAVINDRA BHARATHIS GREEN SCHOOL
Head/Principal Name: JOSYULA SAI APARNA","Address : SR NO 471/3, BANDAR ROAD, PENAMULURU CENTRE AND MANDAL, DIST. KRISHNA
Website : https://greenschool.edu.in/"
347,"Aff. No. :130617
Sch. Code:56220","State : ANDHRA PRADESH
District : KRISHNA",Senior Secondary Level,"Name : P V KRISHNA RAO MEMORIAL KUMAR E.M SCHOOL
Head/Principal Name: Sanam Padmaja","Address : KOTHURU VILLAGE, BORVANCHA PANCHAYAT, NUZVID MANDAL, KRISHNA DT, ANDHRA PRADESH - 521201
Website : www.kumarschools.com"
348,"Aff. No. :130525
Sch. Code:57233","State : ANDHRA PRADESH
District : KRISHNA",Senior Secondary Level,"Name : RAVINDRA BHARATHIS SCOTSPINE SCHOOL
Head/Principal Name: CHINTALURI SAVITRI SIREESHA","Address : 168/2 & 168/3, KANURU VILLAGE, PENAMALURU MANDAL, DIST. KRISHNA
Website : http://scotspine.in/"
349,"Aff. No. :130601
Sch. Code:57237","State : ANDHRA PRADESH
District : KRISHNA",Secondary Level,"Name : SREE VIDYA VIDYALAYAM EM SCHOOL
Head/Principal Name: KANNEKANTI MOHANARAO","Address : NANDIGAMA TO MADHIRA ROAD,PALLAGIRI(VILLAGE),NANDIGAMA(MANDAL),KRISHNA(DIST)
Website : www.sreevidyavidyalayam.com"
350,"Aff. No. :130609
Sch. Code:56162","State : ANDHRA PRADESH
District : KRISHNA",Secondary Level,"Name : BLOOMINGDALE INTERNATIONAL SCHOOL
Head/Principal Name: APU DEY","Address : DOOR NO: 10-234, PORANKI, PENAMALURU MANDAL, KRISHNA DISTRICT
Website : http://school.blooms.edu.in/"
351,"Aff. No. :130510
Sch. Code:56191","State : ANDHRA PRADESH
District : KRISHNA",Senior Secondary Level,"Name : KENNEDY EM HIGH SCHOOL
Head/Principal Name: Ratna kumari Nadipalli","Address : BODAPADU, NUNNA VIJAYAWADA RURAL
Website : https://www.kennedyschool.edu.in/"
352,"Aff. No. :130478
Sch. Code:57180","State : ANDHRA PRADESH
District : KRISHNA",Secondary Level,"Name : BETHESDA INTEGRATED SCHOOL
Head/Principal Name: NARAHARASETTI KRISHNA KISHORE","Address : BETHESDA INTEGRATED SCHOOL, KONNAM GUNTA ROAD,NUZVID, KRISHNA DISTRICT. AP
Website : www.bisschools.org"
353,"Aff. No. :130479
Sch. Code:57183","State : ANDHRA PRADESH
District : KRISHNA",Senior Secondary Level,"Name : HEAL SCHOOL
Head/Principal Name: MARKAPUDI KAVITHA","Address : THOTAPALLI, AGIRIPALLI MANDAL, KRISHNA DISTRICT.
Website : www.healschool.org"
354,"Aff. No. :130480
Sch. Code:57185","State : ANDHRA PRADESH
District : KRISHNA",Senior Secondary Level,"Name : VISWABHARATHI WISEWOODS (EM) HIGH SCHOOL
Head/Principal Name: SUNEETA KODALI","Address : VISWABHARATHI WISE WOODS (EM) HIGH SCHOOL, VIJAYAWADA-GUDIVADA ROAD, VANAPAMULA VILLAGE, PEDPARAPUDI MANDAL, KRISHNA DISTRICT.
Website : www.wisewoods.org"
355,"Aff. No. :130473
Sch. Code:57177","State : ANDHRA PRADESH
District : KRISHNA",Secondary Level,"Name : ST.ANNS ENGLISH MEDIUM HIGH SCHOOL
Head/Principal Name: SR ARUNA MARY POTHIREDDY","Address : #10-5/1,PRASADAMPADU,VIJAYAWADA RURAL
Website : www.csastannspv.com"
356,"Aff. No. :130498
Sch. Code:57197","State : ANDHRA PRADESH
District : KRISHNA",Secondary Level,"Name : THE ADITYA BIRLA PUBLIC SCHOOL
Head/Principal Name: Puthussery Kudiyil Kunhiraman Sasi","Address : C/O ULTRATECH CEMENT LIMITED,BUDAWADA(V),KRISHNA DISTRICT,
Website : www.adityabirlaschools.com"
357,"Aff. No. :130348
Sch. Code:57136","State : ANDHRA PRADESH
District : KRISHNA",Senior Secondary Level,"Name : HAPPY VALLEY INTERNATIONAL SCHOOL
Head/Principal Name: DR MANJUNATH G T S","Address : TADEPALLI VILLAGE, CHOPPARAMETLA, AGIRIPALLI MANDAL.
Website : www.drkkrhappyvalley.com"
358,"Aff. No. :130307
Sch. Code:57118","State : ANDHRA PRADESH
District : KRISHNA",Secondary Level,"Name : SMT. SETHU RAMAMAL VIDYA MANDIR
Head/Principal Name: G S Narayanamma","Address : KSR NAGAR MADRAS CEMENTS LTD. JAGGAYYAPETA KRISHNA DISTT ANDHRA PRADESH
Website : https://ssrvmandir.org.in/"
359,"Aff. No. :130444
Sch. Code:57156","State : ANDHRA PRADESH
District : KRISHNA",Secondary Level,"Name : ST. JOHNS ENGLISH MEDIUM HIGH SCHOOL
Head/Principal Name: SREE SHARMILA SAJJA","Address : GUNADALA, VIJAYAWADA, KRISHNA DISTRICT, ANDRA PRADESH.
Website : www.stjohnsemhighschool.com"
360,"Aff. No. :130450
Sch. Code:57157","State : ANDHRA PRADESH
District : KRISHNA",Secondary Level,"Name : CHIGURUPATI SRI KRISHNAVENI SCHOOL
Head/Principal Name: KONDABROLU MADHAVI","Address : KRISHNAVENI NAGAR
Website : www.cskvschools.in"
361,"Aff. No. :130419
Sch. Code:57154","State : ANDHRA PRADESH
District : KRISHNA",Secondary Level,"Name : SHREE SWAMINARAYAN GURUKUL INTERNATIONAL SCHOOL
Head/Principal Name: YADDULA KRISHNUDU","Address : RS NO.64/1, ZAMENAVEPOTAVARAM VILLAGE OF KETHANKONDA, IBRAHIMPATNAM MANDAL,
Website : www.gurukulworld.org/vijayawada"
362,"Aff. No. :130268
Sch. Code:57094","State : ANDHRA PRADESH
District : KRISHNA",Senior Secondary Level,"Name : ATKINSON HIGH SCHOOL
Head/Principal Name: SR RAJITHA PUTTI","Address : CONVENT STREET, VIJAYAWADA- 520001
Website : https://atkinsonvijayawada.edu.in/"
363,"Aff. No. :130257
Sch. Code:57091","State : ANDHRA PRADESH
District : KRISHNA",Senior Secondary Level,"Name : KENNEDY HIGH SCHOOL
Head/Principal Name: SWAMY PRASANNA KUMAR","Address : MAIN ROAD, KANURU
Website :"
364,"Aff. No. :130235
Sch. Code:57085","State : ANDHRA PRADESH
District : KRISHNA",Senior Secondary Level,"Name : DR.K.K.R'S GOWTHAM INTERNATIONAL SCHOOL,IIT FOUNDATION SCHOOL
Head/Principal Name: MADARAPU SRINIVASA RAO","Address : OPP.INCAP CAPACITORS,NH-5,GUDAVALLI,VIJAYAWADA(RURAL),PIN-521104,
Website : http://gowthaminternationalschool.com/"
365,"Aff. No. :130233
Sch. Code:57082","State : ANDHRA PRADESH
District : KRISHNA",Senior Secondary Level,"Name : DELHI PUBLIC SCHOOL
Head/Principal Name: M S BHUVANESWARAN","Address : NH-5, NIDAMANURU
Website : www.dpsvijayawada.org"
366,"Aff. No. :130270
Sch. Code:57096","State : ANDHRA PRADESH
District : KRISHNA",Senior Secondary Level,"Name : SRI CHAITANYA TECHNO SCHOOL
Head/Principal Name: RAAVI PADMA","Address : PUNADIPADU VILLAGE, KANKIPADU MANDAL KRISHNA DISTRICT
Website : http://srichaitanyaschoolpunadipadubza.net/"
367,"Aff. No. :130183
Sch. Code:57058","State : ANDHRA PRADESH
District : KRISHNA",Senior Secondary Level,"Name : NALANDA VIDYANIKETAN
Head/Principal Name: Madala Padmaja","Address : PERINAMANENI POLY CLINIC ROAD VIJAYAWADA, KRISHNA DISTT, ANDHRA PRADESH
Website : www.nalanda.edu.in"
368,"Aff. No. :130184
Sch. Code:57060","State : ANDHRA PRADESH
District : KRISHNA",Secondary Level,"Name : GOWTHAM CONCEPT SCHOOL
Head/Principal Name: KAREDLA PANDU RANGA VITTAL","Address : BYE PASS ROAD SANTHI NAGAR GUDIWADA KRISHNA DISTT ANDHRA PRADESH
Website : https://gowthamconceptschool.com"
369,"Aff. No. :130203
Sch. Code:57066","State : ANDHRA PRADESH
District : KRISHNA",Senior Secondary Level,"Name : VISWASANTI ENGLISH MED. HIGH SCHOOL
Head/Principal Name: K PADMAJA VANI","Address : GANDIGWNTA, VUYYURU, KRISHNA DISTT,
Website : https://viswasanthicbseschool.in"
370,"Aff. No. :130047
Sch. Code:57007","State : ANDHRA PRADESH
District : KRISHNA",Senior Secondary Level,"Name : S V PUBLIC SCHOOL
Head/Principal Name: TOPALLI VIJAYA","Address : HINDU COLLEGE BUILDINGS BATCHUPET MACHILIPATNAM ANDHRA PRADESH
Website : http://www.svpublicschool.net"
371,"Aff. No. :130008
Sch. Code:57005","State : ANDHRA PRADESH
District : KRISHNA",Senior Secondary Level,"Name : V.S.ST. JOHNS HR SEC. SCHOOL
Head/Principal Name: Br. P SANTOSH KUMAR","Address : GANNAVARAM KRISHNA DISTRICT ANDHRA PRADESH
Website : www.stjohnsgvm.org"
372,"Aff. No. :130130
Sch. Code:57041","State : ANDHRA PRADESH
District : KRISHNA",Secondary Level,"Name : JAWAHAR D A V PUBLIC SCHOOL
Head/Principal Name: K RAMADEVI","Address : V S P TOWNSHIP JAGGAYYAPET KRISHNA DIST. ANDHRA PRADESH
Website : www.davjaggayyapet.com"
373,"Aff. No. :121041
Sch. Code:59160","State : ANDHRA PRADESH
District : KRISHNA",Senior Secondary Level,"Name : APSWRSJR COLLEGE G MOTURU
Head/Principal Name: ARAVAPALLI PADMA SRI","Address : ZPH SCHOOL,MOTURU, GUDIVADA MANDAL
Website : https://nadunedu.se.ap.gov.in/cbse/cbse/28164290161"
374,"Aff. No. :120966
Sch. Code:59085","State : ANDHRA PRADESH
District : KRISHNA",Senior Secondary Level,"Name : ZPHS SKRR PAMARRU
Head/Principal Name: ALAPATI INDIRA RANI","Address : VIJAYWADA ROAD, PAMARRU
Website : https://nadunedu.se.ap.gov.in/cbse/cbse/28163901117"
375,"Aff. No. :120851
Sch. Code:58913","State : ANDHRA PRADESH
District : KRISHNA",Senior Secondary Level,"Name : APSWR SL FOR G BPARRU
Head/Principal Name: NAGELLI RUTHAMMA","Address : SMT.N.SUJANI, PRINCIPAL(FAC), DR.B.R.AMB, SMT.N.SUJANI, PRINCIPAL(FAC), DR.B.R.AMB
Website : https://nadunedu.se.ap.gov.in/cbse/cbse/28164402308"
376,"Aff. No. :120899
Sch. Code:58961","State : ANDHRA PRADESH
District : KRISHNA",Senior Secondary Level,"Name : MJPAPBCW RESIDENTIOAL SCHOOL AND JR COLLEGE BOYS
Head/Principal Name: K VEERA RAVI","Address : NEAR WARPU, MOPIDEVI
Website : https://nadunedu.se.ap.gov.in/cbse/cbse/28163300710"
377,"Aff. No. :120875
Sch. Code:58937","State : ANDHRA PRADESH
District : KRISHNA",Senior Secondary Level,"Name : APSWRSL RUDRAVARAM
Head/Principal Name: M ANIL KUMAR","Address : NEAR KRISHNA UNIVERSITY , MACHILIPATNAM
Website : https://nadunedu.se.ap.gov.in/cbse/cbse/28163702004"
378,"Aff. No. :120735
Sch. Code:58797","State : ANDHRA PRADESH
District : KRISHNA",Senior Secondary Level,"Name : A P S W R S CPL
Head/Principal Name: S SAILAJA","Address : CHALLAPALLI VILLAGE AND MANDAL, CHALLAPALLI
Website : https://nadunedu.se.ap.gov.in/cbse/cbse/28163200916"
379,"Aff. No. :120685
Sch. Code:58747","State : ANDHRA PRADESH
District : KRISHNA",Senior Secondary Level,"Name : NLVRGSRV SL APREIS
Head/Principal Name: MV PADMA KUMARI","Address : NTR STATUE,NIMMAKURU, PAMARRU MANDALAM
Website : https://nadunedu.se.ap.gov.in/cbse/cbse/28163902606"
380,"Aff. No. :120803
Sch. Code:58865","State : ANDHRA PRADESH
District : KRISHNA",Senior Secondary Level,"Name : APSWR G GANNAVARAM
Head/Principal Name: Yelaka Yasodalakshmi","Address : NEAR MITRA COMPANY, VEERAPANENIGUDEM , NEAR POST OFFICE, VEERAPANENIGUDEM, GANN
Website : https://nadunedu.se.ap.gov.in/cbse/cbse/28162102014"
381,"Aff. No. :100017
Sch. Code:59512","State : ANDHRA PRADESH
District : KRISHNA",Senior Secondary Level,"Name : PM SHRI KENDRIYA VIDYALAYA
Head/Principal Name: SANDHYA LAKRA","Address : AFS HAKIMPET SECUNDERABAD ANDHRA PRADESH
Website : https://hakimpet.kvs.ac.in"
382,"Aff. No. :100002
Sch. Code:59511","State : ANDHRA PRADESH
District : KRISHNA",Senior Secondary Level,"Name : PM SHRI KENDRIYA VIDYALAYA
Head/Principal Name: ROOPINDER SINGH","Address : PICKET SECUNDERABAD ANDHRA PRADESH
Website : www.picket.kvs.ac.in"
383,"Aff. No. :100003
Sch. Code:59513","State : ANDHRA PRADESH
District : KRISHNA",Senior Secondary Level,"Name : PM SHRI KENDRIYA VIDYALAYA
Head/Principal Name: K CHANDRASEKHAR","Address : P.O. TRIMULGHERRY SECUNDERABAD ANDHRA PRADESH
Website : www.trimulghery.kvs.ac.in"
384,"Aff. No. :100042
Sch. Code:59338","State : ANDHRA PRADESH
District : KRISHNA",Senior Secondary Level,"Name : PM SHRI KENDRIYA VIDYALAYA
Head/Principal Name: MOHAMMED ASIF HUSSAIN","Address : NGO HOME EDEPALLI MACHILIPATNAM DISTT KRISHNA ANDHRA PRADESH
Website : http://machhlipatnam.kvs.ac.in/"
385,"Aff. No. :100035
Sch. Code:59321","State : ANDHRA PRADESH
District : KRISHNA",Senior Secondary Level,"Name : PM SHRI KENDRIYA VIDYALAYA NO.1
Head/Principal Name: M VENKATESWARA RAO","Address : SATYANARAYANAPURAM VIJAYAWADA ANDHRA PRADESH
Website : https://no1vijayawada.kvs.ac.in/"
386,"Aff. No. :100036
Sch. Code:59322","State : ANDHRA PRADESH
District : KRISHNA",Secondary Level,"Name : PM SHRI KENDRIYA VIDYALAYA NO.II VIJAYAWADA
Head/Principal Name: B Ramesh Babu","Address : RAILWAY WAGON WORKSHOP COLONY GUNTUPALLI VIJAYAWADA, KRISHNA DISTT, ANDHRA PRADESH
Website : https://no2vijayawada.kvs.ac.in"
387,"Aff. No. :120611
Sch. Code:58672","State : ANDHRA PRADESH
District : KRISHNA",Senior Secondary Level,"Name : APRS PULGADDA
Head/Principal Name: STP Kumar","Address : AVANIGADDA , PATHAKOTA
Website : https://nadunedu.se.ap.gov.in/cbse/cbse/28163400106"
388,"Aff. No. :120651
Sch. Code:58713","State : ANDHRA PRADESH
District : KURNOOL",Senior Secondary Level,"Name : ZPHS HALVI
Head/Principal Name: G V SARADHI SARMA","Address : HALVI, KOWTHALAM, MANDAL
Website : https://nadunedu.se.ap.gov.in/cbse/cbse/28210100903"
389,"Aff. No. :120668
Sch. Code:58730","State : ANDHRA PRADESH
District : KURNOOL",Senior Secondary Level,"Name : KGBV LAKSHMIPURAM KALLUR
Head/Principal Name: Umadevi Thota","Address : KGBV KALLUR MINORITY LAKSHMIPURAM , KGBV KALLUR MINORITY LAKSHMIPURAM
Website : https://nadunedu.se.ap.gov.in/cbse/cbse/28211800465"
390,"Aff. No. :120658
Sch. Code:58720","State : ANDHRA PRADESH
District : KURNOOL",Senior Secondary Level,"Name : KGBV GADIVEMULA
Head/Principal Name: M Rubina Afrin","Address : BESIDE AP MODEL SCHOOL, GADIVEMULA, GADIVEMULA
Website : https://nadunedu.se.ap.gov.in/cbse/cbse/28213200314"
391,"Aff. No. :120661
Sch. Code:58723","State : ANDHRA PRADESH
District : KURNOOL",Senior Secondary Level,"Name : APSWRS KAMBALAPADU
Head/Principal Name: PENUKONDA ARUNAKUMARI","Address : KAMBALAPADU, KAMBALAPADU VILLAGE KRISHNAGIRI MANDAL
Website : https://nadunedu.se.ap.gov.in/cbse/cbse/28212801007"
392,"Aff. No. :120637
Sch. Code:58698","State : ANDHRA PRADESH
District : KURNOOL",Senior Secondary Level,"Name : KGBV PANCHALINGALA KURNOOL
Head/Principal Name: M SWAPNA KUMARI","Address : NEAR DISTRICT JAIL PANCHALINGALA , KURNOOL
Website : https://nadunedu.se.ap.gov.in/cbse/cbse/28210791310"
393,"Aff. No. :120643
Sch. Code:58705","State : ANDHRA PRADESH
District : KURNOOL",Senior Secondary Level,"Name : ZPHS PEDDA HARIVARAM
Head/Principal Name: P SREENIVASULU","Address : PEDDAHARIVANAM PEDDAHARIVANAM, PEDDAHARIVANAM
Website : https://nadunedu.se.ap.gov.in/cbse/cbse/28212300303"
394,"Aff. No. :120644
Sch. Code:58706","State : ANDHRA PRADESH
District : KURNOOL",Senior Secondary Level,"Name : KGBV YEMMIGANUR
Head/Principal Name: S KAVITHA","Address : OPP EDDULA MARKET, YEMMIGANUR
Website : https://nadunedu.se.ap.gov.in/cbse/cbse/28212100241"
395,"Aff. No. :120646
Sch. Code:58708","State : ANDHRA PRADESH
District : KURNOOL",Senior Secondary Level,"Name : GOVT.HS B.CAMP KURNOOL
Head/Principal Name: D SARADA DEVI","Address : KURNOOL, KURNOOL
Website : https://nadunedu.se.ap.gov.in/cbse/cbse/28210791176"
396,"Aff. No. :120649
Sch. Code:58711","State : ANDHRA PRADESH
District : KURNOOL",Senior Secondary Level,"Name : ZPHS BADINEHAL
Head/Principal Name: D HARANATHARAO","Address : BADINEHAL KOWTHALAM (M), ADONI
Website : https://nadunedu.se.ap.gov.in/cbse/cbse/28210103303"
397,"Aff. No. :120555
Sch. Code:58616","State : ANDHRA PRADESH
District : KURNOOL",Senior Secondary Level,"Name : KGBV C.BELAGAL BC COLONY
Head/Principal Name: S JYOTHI","Address : NEAR PETROL BUNK, C. BELAGAL (V&M), C. BELAGAL
Website : https://nadunedu.se.ap.gov.in/cbse/cbse/28210500913"
398,"Aff. No. :120539
Sch. Code:58600","State : ANDHRA PRADESH
District : KURNOOL",Senior Secondary Level,"Name : KGBV KRISHNAGIRI
Head/Principal Name: G K Suneetha","Address : KRISHNAGIRI, KRISHNAGIRI
Website : https://nadunedu.se.ap.gov.in/cbse/cbse/28212800505"
399,"Aff. No. :120481
Sch. Code:58542","State : ANDHRA PRADESH
District : KURNOOL",Senior Secondary Level,"Name : ZPHS YERIGIRI
Head/Principal Name: BOYA RAMESH NAIDU","Address : YERIGERI, YERIGERI
Website : https://nadunedu.se.ap.gov.in/cbse/cbse/28210103403"
400,"Aff. No. :120461
Sch. Code:58522","State : ANDHRA PRADESH
District : KURNOOL",Senior Secondary Level,"Name : APSWRIESG HS PATHIKONDA
Head/Principal Name: B UMA KUMARI","Address : PATTIKONDA VILLAGE, PATTIKONDA MANDAL
Website : https://nadunedu.se.ap.gov.in/cbse/cbse/28215100734"
401,"Aff. No. :120456
Sch. Code:58517","State : ANDHRA PRADESH
District : KURNOOL",Senior Secondary Level,"Name : A.P. MODEL SCHOOL KODUMUR
Head/Principal Name: K ASHA JYOTHI","Address : GUDUR ROAD,, KODUMUR
Website : https://nadunedu.se.ap.gov.in/cbse/cbse/28211900345"
402,"Aff. No. :120473
Sch. Code:58534","State : ANDHRA PRADESH
District : KURNOOL",Senior Secondary Level,"Name : KGBV VELDURTHY
Head/Principal Name: DShakeera Begum","Address : RAMMALLAKOTA ROAD, VELDURTHY, VELDURTHY
Website : https://nadunedu.se.ap.gov.in/cbse/cbse/28212901034"
403,"Aff. No. :120512
Sch. Code:58573","State : ANDHRA PRADESH
District : KURNOOL",Senior Secondary Level,"Name : KGBV GOSPADU
Head/Principal Name: Y MANASA","Address : GOSPADU, GOSPADU
Website : https://nadunedu.se.ap.gov.in/cbse/cbse/28214200909"
404,"Aff. No. :120498
Sch. Code:58559","State : ANDHRA PRADESH
District : KURNOOL",Senior Secondary Level,"Name : KGBV UYYALAWADDA
Head/Principal Name: Y ANJANAMMA","Address : NEAR VENKATESHWARA TEMPLE, UYYALAWADA MANDAL
Website : https://nadunedu.se.ap.gov.in/cbse/cbse/28214000808"
405,"Aff. No. :120496
Sch. Code:58557","State : ANDHRA PRADESH
District : KURNOOL",Senior Secondary Level,"Name : KGBV ADONI
Head/Principal Name: Y SHANTHI","Address : KGBV ADONI GENERL, YSR NAGAR, NEAR RAW J, KGBV ADONI GENERL, YSR NAGAR, NEAR RAW J
Website : https://nadunedu.se.ap.gov.in/cbse/cbse/28212391339"
406,"Aff. No. :120510
Sch. Code:58571","State : ANDHRA PRADESH
District : KURNOOL",Senior Secondary Level,"Name : A.P. MODEL SCHOOL MADDIKERA
Head/Principal Name: SAVITHA KARANAM","Address : YADAVALI ROAD , MADDIKERA
Website : https://nadunedu.se.ap.gov.in/cbse/cbse/28215200819"
407,"Aff. No. :120505
Sch. Code:58566","State : ANDHRA PRADESH
District : KURNOOL",Senior Secondary Level,"Name : KGBV RUDRAVARAM
Head/Principal Name: N LAKSHMI DEVI","Address : RUDRAVARAM MANDAL & VILLAGE, THUVVAPALLI, KURNOOL DISTRICT
Website : https://nadunedu.se.ap.gov.in/cbse/cbse/28213701408"
408,"Aff. No. :120391
Sch. Code:58452","State : ANDHRA PRADESH
District : KURNOOL",Senior Secondary Level,"Name : GOVT.HS YEMMIGANUR
Head/Principal Name: K E CHITRA LEKHA","Address : GANDHI NAGAR, YEMMIGANUR
Website : https://nadunedu.se.ap.gov.in/cbse/cbse/28212191057"
409,"Aff. No. :120399
Sch. Code:58460","State : ANDHRA PRADESH
District : KURNOOL",Senior Secondary Level,"Name : A.P. MODEL SCHOOL ALUR
Head/Principal Name: V M VEERESH","Address : ALUR(VILLAGE & MANDAL), ALUR(VILLAGE & MANDAL)
Website : https://nadunedu.se.ap.gov.in/cbse/cbse/28212501421"
410,"Aff. No. :120413
Sch. Code:58474","State : ANDHRA PRADESH
District : KURNOOL",Senior Secondary Level,"Name : ZPHSGIRLS YEMMIGANUR
Head/Principal Name: S GOUSIA BEGUM","Address : NEAR POST OFFICE, YEMMIGANUR
Website : https://nadunedu.se.ap.gov.in/cbse/cbse/28212191053"
411,"Aff. No. :120416
Sch. Code:58477","State : ANDHRA PRADESH
District : KURNOOL",Senior Secondary Level,"Name : KGBVMINORITY ADONI
Head/Principal Name: B ANJALI DEVI","Address : ADONI , ADONI
Website : https://nadunedu.se.ap.gov.in/cbse/cbse/28212391337"
412,"Aff. No. :100032
Sch. Code:59316","State : ANDHRA PRADESH
District : KURNOOL",Senior Secondary Level,"Name : PM SHRI KENDRIYA VIDYALAYA KURNOOL
Head/Principal Name: PAYAL PRIYADARSHANI","Address : NANDYAL ROAD B CAMP POST KURNOOL ANDHRA PRADESH
Website : www.kurnool.kvs.ac.in"
413,"Aff. No. :120160
Sch. Code:58221","State : ANDHRA PRADESH
District : KURNOOL",Senior Secondary Level,"Name : ZPHS ASPARI
Head/Principal Name: JUJARE VIJAYA KUMARI","Address : ZPHS ASPARI, ASPARI
Website : https://nadunedu.se.ap.gov.in/cbse/cbse/28212601904"
414,"Aff. No. :120191
Sch. Code:58252","State : ANDHRA PRADESH
District : KURNOOL",Senior Secondary Level,"Name : A.P MODEL SCHOOL PEDDAKADABUR
Head/Principal Name: G RANGANNA","Address : PEDDAKADABUR , PEDDAKADABUR MANDAL
Website : https://nadunedu.se.ap.gov.in/cbse/cbse/28212201111"
415,"Aff. No. :120185
Sch. Code:58246","State : ANDHRA PRADESH
District : KURNOOL",Senior Secondary Level,"Name : A.P MODEL SCHOOL NANDAVARAM
Head/Principal Name: A CHANDRA SEKHAR","Address : A.P MODEL SCHOOL.MUGATHI ( V) NANDAVARAM, MUGATHI V NANDAVARAM M KURNOOL DT
Website : https://nadunedu.se.ap.gov.in/cbse/cbse/28210401611"
416,"Aff. No. :120186
Sch. Code:58247","State : ANDHRA PRADESH
District : KURNOOL",Senior Secondary Level,"Name : A.P MODEL SCHOOL ORVAKAL
Head/Principal Name: JOSHILA WATTS","Address : NEAR AP TOURISM, NEAR ORVAKAL POLICE STATION
Website : https://nadunedu.se.ap.gov.in/cbse/cbse/28211701115"
417,"Aff. No. :120187
Sch. Code:58248","State : ANDHRA PRADESH
District : KURNOOL",Senior Secondary Level,"Name : GVR ZPHS KODUMUR
Head/Principal Name: ThaimurBasha","Address : PATTIKONDA ROAD, KODUMUR
Website : https://nadunedu.se.ap.gov.in/cbse/cbse/28211900323"
418,"Aff. No. :120166
Sch. Code:58227","State : ANDHRA PRADESH
District : KURNOOL",Senior Secondary Level,"Name : A.P MODEL SCHOOL JULAKALLU
Head/Principal Name: Hakeem Dilshad","Address : JULAKAL VILLAGE , GUDUR MANDAL
Website : https://nadunedu.se.ap.gov.in/cbse/cbse/28210600102"
419,"Aff. No. :120175
Sch. Code:58236","State : ANDHRA PRADESH
District : KURNOOL",Senior Secondary Level,"Name : AP MODEL SCHOOL KOSIGI
Head/Principal Name: S SAMEERA","Address : KOSIGI, KOSIGI
Website : https://nadunedu.se.ap.gov.in/cbse/cbse/28210201004"
420,"Aff. No. :120177
Sch. Code:58238","State : ANDHRA PRADESH
District : KURNOOL",Senior Secondary Level,"Name : A.P.MODEL SCHOOL KADIVELLA
Head/Principal Name: R P Raghavendra","Address : KADIVELLA, KADIVELLA
Website : https://nadunedu.se.ap.gov.in/cbse/cbse/28212101507"
421,"Aff. No. :120178
Sch. Code:58239","State : ANDHRA PRADESH
District : KURNOOL",Senior Secondary Level,"Name : A.P. MODEL SCHOOL ASPARI
Head/Principal Name: T PHANEENDRA","Address : PUTAKALAMARRI VILLAGE , ASPARI
Website : https://nadunedu.se.ap.gov.in/cbse/cbse/28212601913"
422,"Aff. No. :120211
Sch. Code:58272","State : ANDHRA PRADESH
District : KURNOOL",Senior Secondary Level,"Name : A.P MODEL SCHOOLMANTRALAYAM
Head/Principal Name: KONGI PRASAD","Address : RACHUMARRI, MANTRALAYAM
Website : https://nadunedu.se.ap.gov.in/cbse/cbse/28210301203"
423,"Aff. No. :120218
Sch. Code:58279","State : ANDHRA PRADESH
District : KURNOOL",Senior Secondary Level,"Name : A.P MODEL SCHOOL C.BELAGAL
Head/Principal Name: P Vamsi Mohan Rao","Address : ON THE WAY TO KAMBADAHAL VILLAGE, C BELAGAL
Website : https://nadunedu.se.ap.gov.in/cbse/cbse/28210500917"
424,"Aff. No. :120231
Sch. Code:58292","State : ANDHRA PRADESH
District : KURNOOL",Senior Secondary Level,"Name : KGBV PAGIDYALA
Head/Principal Name: M Usha","Address : BEHIND MRC, PAGIDYALA
Website : https://nadunedu.se.ap.gov.in/cbse/cbse/28210900914"
425,"Aff. No. :120232
Sch. Code:58293","State : ANDHRA PRADESH
District : KURNOOL",Senior Secondary Level,"Name : KGBV ASPARI
Head/Principal Name: A SHARON SMILEY","Address : ASPARI VILLAGE AND MANDAL , ADONI
Website : https://nadunedu.se.ap.gov.in/cbse/cbse/28212601909"
426,"Aff. No. :120362
Sch. Code:58423","State : ANDHRA PRADESH
District : KURNOOL",Senior Secondary Level,"Name : KGBV PEAPULLY
Head/Principal Name: A S R PRIYANKA","Address : NEAR DURGAMMA TEMPLE, GOOTY ROAD, PEAPULLY
Website : https://nadunedu.se.ap.gov.in/cbse/cbse/28214800721"
427,"Aff. No. :120363
Sch. Code:58424","State : ANDHRA PRADESH
District : KURNOOL",Senior Secondary Level,"Name : KGBV PEDDA KADUBUR
Head/Principal Name: I J Rukshana Parveen","Address : NEAR AP MODEL SCHOOL PEDDAKADABURU, PEDDAKADABURU KURNOOL
Website : https://nadunedu.se.ap.gov.in/cbse/cbse/28212201106"
428,"Aff. No. :120349
Sch. Code:58410","State : ANDHRA PRADESH
District : KURNOOL",Senior Secondary Level,"Name : KGBV PANYAM
Head/Principal Name: A Lalithamma","Address : NEAR APMS PANYAM, SUGALIMETTA (V), NEAR AP MODAL SCHOOL,P
Website : https://nadunedu.se.ap.gov.in/cbse/cbse/28213100621"
429,"Aff. No. :120350
Sch. Code:58411","State : ANDHRA PRADESH
District : KURNOOL",Senior Secondary Level,"Name : ZPHS LADDAGIRI
Head/Principal Name: Gundi Madhu","Address : OPPOSITE CURRENT SUB STATION , LADDAGIRI(V),KODUMUR (M)
Website : https://nadunedu.se.ap.gov.in/cbse/cbse/28211900707"
430,"Aff. No. :120351
Sch. Code:58412","State : ANDHRA PRADESH
District : KURNOOL",Senior Secondary Level,"Name : KGBV MIDTHUR
Head/Principal Name: BOGGURI VIJAYA LAKSHMI","Address : BESIDE A.P MODEL SCHOOL, MIDTHUR, MIDHTUR MANDAL
Website : https://nadunedu.se.ap.gov.in/cbse/cbse/28211600414"
431,"Aff. No. :120347
Sch. Code:58408","State : ANDHRA PRADESH
District : KURNOOL",Senior Secondary Level,"Name : A.P. MODEL SCHOOL GONEGANDLA
Head/Principal Name: SHAHINA PARVEEN","Address : NEAR SANJEEVAIAH PROJECT, GONEGANDLA
Website : https://nadunedu.se.ap.gov.in/cbse/cbse/28212000521"
432,"Aff. No. :120376
Sch. Code:58437","State : ANDHRA PRADESH
District : KURNOOL",Senior Secondary Level,"Name : ZPHS DODDANAKERI
Head/Principal Name: KOTAPATY VENKATASWAMY","Address : B.C.VOLONY, DODDANAKERI (V) & (PO) ADONI (M)
Website : https://nadunedu.se.ap.gov.in/cbse/cbse/28212301703"
433,"Aff. No. :120382
Sch. Code:58443","State : ANDHRA PRADESH
District : KURNOOL",Senior Secondary Level,"Name : KGBV KOLIMIGUNDLA
Head/Principal Name: SK MAHABOOB JOHN","Address : ITIKALA , KOLIMIGUNDLA
Website : https://nadunedu.se.ap.gov.in/cbse/cbse/28214600815"
434,"Aff. No. :120366
Sch. Code:58427","State : ANDHRA PRADESH
District : KURNOOL",Senior Secondary Level,"Name : ZPHS POLAKAL
Head/Principal Name: M KISTANNA","Address : POLAKAL , C. BELAGAL
Website : https://nadunedu.se.ap.gov.in/cbse/cbse/28210500605"
435,"Aff. No. :120367
Sch. Code:58428","State : ANDHRA PRADESH
District : KURNOOL",Senior Secondary Level,"Name : KGBV BETHAMCHERLA
Head/Principal Name: SHAIK ABIDA BEGUM","Address : NEAR GULAILU BANAGANAPALLI ROAD BETHAMCH, BETHAMCHERLA
Website : https://nadunedu.se.ap.gov.in/cbse/cbse/28213090229"
436,"Aff. No. :120369
Sch. Code:58430","State : ANDHRA PRADESH
District : KURNOOL",Senior Secondary Level,"Name : KGBV CHILAKALADONA MANTRALAYAM
Head/Principal Name: S Shanthi","Address : NEAR MASJID, CHILAKALADONA
Website : https://nadunedu.se.ap.gov.in/cbse/cbse/28210302109"
437,"Aff. No. :120326
Sch. Code:58387","State : ANDHRA PRADESH
District : KURNOOL",Senior Secondary Level,"Name : GOVT.HSG KING MARKET KURNOOL
Head/Principal Name: P MOULALI","Address : SACHIVALAYAM 5YERRABHURUJU, KURNOOL
Website : https://nadunedu.se.ap.gov.in/cbse/cbse/28210791180"
438,"Aff. No. :120323
Sch. Code:58384","State : ANDHRA PRADESH
District : KURNOOL",Senior Secondary Level,"Name : KGBV GEN YSR NAGAR NANDYAL
Head/Principal Name: J RAMA DEVI REDDY","Address : RAMANA ROAD, NANDYAL
Website : https://nadunedu.se.ap.gov.in/cbse/cbse/28213491457"
439,"Aff. No. :120342
Sch. Code:58403","State : ANDHRA PRADESH
District : KURNOOL",Senior Secondary Level,"Name : KGBVST KOTHAPALLI
Head/Principal Name: S KRISHNA BAI","Address : KOTHAPALLI, KOTHAPALLI
Website : https://nadunedu.se.ap.gov.in/cbse/cbse/28211000810"
440,"Aff. No. :120329
Sch. Code:58390","State : ANDHRA PRADESH
District : KURNOOL",Senior Secondary Level,"Name : KGBV SANJAMALA
Head/Principal Name: BADAM SRILEKHA","Address : SANJAMALA, SANJAMALA
Website : https://nadunedu.se.ap.gov.in/cbse/cbse/28214501007"
441,"Aff. No. :120253
Sch. Code:58314","State : ANDHRA PRADESH
District : KURNOOL",Senior Secondary Level,"Name : ZPHS C.BELAGAL
Head/Principal Name: SYED ABDUL AZEEM","Address : BESIDES B.C. & S.C. HOSTELS, C.BELAGAL
Website : https://nadunedu.se.ap.gov.in/cbse/cbse/28210500907"
442,"Aff. No. :120258
Sch. Code:58319","State : ANDHRA PRADESH
District : KURNOOL",Senior Secondary Level,"Name : KGBV DHONE
Head/Principal Name: A Joshi Helen","Address : NEAR MODEL SCHOOL, UDUMULAPADU , DHONE KURNOOL
Website : https://nadunedu.se.ap.gov.in/cbse/cbse/28214900681"
443,"Aff. No. :120260
Sch. Code:58321","State : ANDHRA PRADESH
District : KURNOOL",Senior Secondary Level,"Name : ZPHS ULINDAKONDA
Head/Principal Name: M LEELAVATHI","Address : NEAR POLICE STATION, ULINDAKONDA
Website : https://nadunedu.se.ap.gov.in/cbse/cbse/28211802007"
444,"Aff. No. :120236
Sch. Code:58297","State : ANDHRA PRADESH
District : KURNOOL",Senior Secondary Level,"Name : A P MODEL SCHOOL PEDDAPADU
Head/Principal Name: S ERANNA RAO","Address : NEAR RAJIV GRUHAKALPA, KURNOOL
Website : https://nadunedu.se.ap.gov.in/cbse/cbse/28211800315"
445,"Aff. No. :120240
Sch. Code:58301","State : ANDHRA PRADESH
District : KURNOOL",Senior Secondary Level,"Name : A.P MODEL SCHOOL KRISHNAGIRI
Head/Principal Name: V KRISHNA MURTHY","Address : KRISHNAGIRI MANDAL , NEAR VELDURTHI , KURNOOL
Website : https://nadunedu.se.ap.gov.in/cbse/cbse/28212800506"
446,"Aff. No. :120241
Sch. Code:58302","State : ANDHRA PRADESH
District : KURNOOL",Senior Secondary Level,"Name : A.P MODEL SCHOOL PATHIKONDA
Head/Principal Name: B VICTOR SAMUEL","Address : A..P MODEL SCHOOL PATHIKOND .PATHIKONDA , PATHIKONDA V & M KURNOOL DT A.P
Website : https://nadunedu.se.ap.gov.in/cbse/cbse/28215100758"
447,"Aff. No. :120271
Sch. Code:58332","State : ANDHRA PRADESH
District : KURNOOL",Senior Secondary Level,"Name : ZPHS TERNEKAL
Head/Principal Name: S D S JYOTHI","Address : ZPHS TERNEKAL,,DEVANAKONDA(M),KURNOOL(DT, ZPHS TERNEKAL,DEVANAKONDA(M),KURNOOL(DT)
Website : https://nadunedu.se.ap.gov.in/cbse/cbse/28212700206"
448,"Aff. No. :120268
Sch. Code:58329","State : ANDHRA PRADESH
District : KURNOOL",Senior Secondary Level,"Name : KGBV SIRVEL
Head/Principal Name: D JYOTHI","Address : NEAR POLICE STATION, SIRVEL, SIRVEL MDL
Website : https://nadunedu.se.ap.gov.in/cbse/cbse/28213600620"
449,"Aff. No. :120290
Sch. Code:58351","State : ANDHRA PRADESH
District : KURNOOL",Senior Secondary Level,"Name : ZPHS P.THUMBALAM
Head/Principal Name: BADHINEHAL VENKATESULU","Address : CENIMA TALKIES ROAD, PEDDATHUMBALAM ADONI
Website : https://nadunedu.se.ap.gov.in/cbse/cbse/28212301404"
450,"Aff. No. :120292
Sch. Code:58353","State : ANDHRA PRADESH
District : KURNOOL",Senior Secondary Level,"Name : KGBV ALUR
Head/Principal Name: JALA VENKATA LAKSHMI SUHASINI","Address : MOLAGAVELLI ROAD, ALUR, KGBV , ALUR, KURNOOL,
Website : https://nadunedu.se.ap.gov.in/cbse/cbse/28212501416"
451,"Aff. No. :120298
Sch. Code:58359","State : ANDHRA PRADESH
District : KURNOOL",Senior Secondary Level,"Name : KGBV CHAGALAMARRI
Head/Principal Name: S SUNEETHA","Address : MALLIVEMULA ROAD CHAGALAMARRI MANDAL, MALLIVEMULA ROAD CHAGALAMARRI MANDAL
Website : https://nadunedu.se.ap.gov.in/cbse/cbse/28213901532"
452,"Aff. No. :120800
Sch. Code:58862","State : ANDHRA PRADESH
District : KURNOOL",Senior Secondary Level,"Name : KGBV MADDIKERA
Head/Principal Name: J JYOTHI","Address : NEAR MRO OFFICE,MADDIKERA MANDAL, MADDIKERA MANDAL
Website : https://nadunedu.se.ap.gov.in/cbse/cbse/28215200201"
453,"Aff. No. :120801
Sch. Code:58863","State : ANDHRA PRADESH
District : KURNOOL",Senior Secondary Level,"Name : KGBV ALLAGADDA
Head/Principal Name: D jamalamma","Address : KOTA KANDHUKUR, DHARGA
Website : https://nadunedu.se.ap.gov.in/cbse/cbse/28213800957"
454,"Aff. No. :120796
Sch. Code:58858","State : ANDHRA PRADESH
District : KURNOOL",Senior Secondary Level,"Name : KGBV GUDUR
Head/Principal Name: D Zarina","Address : GUDUR. , GUDUR
Website : https://nadunedu.se.ap.gov.in/cbse/cbse/28210600629"
455,"Aff. No. :120789
Sch. Code:58851","State : ANDHRA PRADESH
District : KURNOOL",Senior Secondary Level,"Name : KGBV TUGGALI
Head/Principal Name: R SALAMMA","Address : TUGGALI, TUGGALI
Website : https://nadunedu.se.ap.gov.in/cbse/cbse/28215000714"
456,"Aff. No. :120778
Sch. Code:58840","State : ANDHRA PRADESH
District : KURNOOL",Senior Secondary Level,"Name : KGBVMINORITY BANAGANAPALLI
Head/Principal Name: D SUNEETHA","Address : G.M TALKIES, BANAGANAPALLI
Website : https://nadunedu.se.ap.gov.in/cbse/cbse/28214403131"
457,"Aff. No. :120791
Sch. Code:58853","State : ANDHRA PRADESH
District : KURNOOL",Senior Secondary Level,"Name : APRS B KALVA BUGGA
Head/Principal Name: Sri K V S BHASKAR","Address : KALVA VILLAGE, ORVAKAL MANDAL
Website : https://nadunedu.se.ap.gov.in/cbse/cbse/28211701707"
458,"Aff. No. :120785
Sch. Code:58847","State : ANDHRA PRADESH
District : KURNOOL",Senior Secondary Level,"Name : APURSCHOOL
Head/Principal Name: U SUDHAKAR","Address : NEAR SANTHOSH NAGAR, BESIDE ASTALAKSHMI , KALLUR MANDAL, KURNOOL
Website : https://nadunedu.se.ap.gov.in/cbse/cbse/28211890519"
459,"Aff. No. :120754
Sch. Code:58816","State : ANDHRA PRADESH
District : KURNOOL",Senior Secondary Level,"Name : KGBV NANDAVARAM
Head/Principal Name: R.Sailaja","Address : BESAID ZP HIGH SCHOOL, NANDAVARAM (M &V)
Website : https://nadunedu.se.ap.gov.in/cbse/cbse/28210401607"
460,"Aff. No. :120756
Sch. Code:58818","State : ANDHRA PRADESH
District : KURNOOL",Senior Secondary Level,"Name : APSWRSB C.BELAGAL
Head/Principal Name: G BALARAMUDU","Address : C BELAGAL , C BELAGAL
Website : https://nadunedu.se.ap.gov.in/cbse/cbse/28210500908"
461,"Aff. No. :120760
Sch. Code:58822","State : ANDHRA PRADESH
District : KURNOOL",Senior Secondary Level,"Name : MJPAPBCWRGS JR COLLEGE GIRLS
Head/Principal Name: J YAMUNA DEVI","Address : AREKAL, ADONI
Website : https://nadunedu.se.ap.gov.in/cbse/cbse/28212391302"
462,"Aff. No. :120762
Sch. Code:58824","State : ANDHRA PRADESH
District : KURNOOL",Senior Secondary Level,"Name : KGBV MAHANANDI
Head/Principal Name: POBBATHI HARSHITHA","Address : THIMMAPURAM, MAHANANDI
Website : https://nadunedu.se.ap.gov.in/cbse/cbse/28213500314"
463,"Aff. No. :120767
Sch. Code:58829","State : ANDHRA PRADESH
District : KURNOOL",Senior Secondary Level,"Name : ZPHS H.MURAVANI
Head/Principal Name: K MANJULA","Address : CHINNAKALUVA,H.MURAVANI 4TH MILE RAI LIN, H.MURAVANI
Website : https://nadunedu.se.ap.gov.in/cbse/cbse/28212201008"
464,"Aff. No. :120771
Sch. Code:58833","State : ANDHRA PRADESH
District : KURNOOL",Senior Secondary Level,"Name : KGBV JUPADUBUNGLOW
Head/Principal Name: Yashoda Manthugari","Address : J. BUNGLOW NEAR MEO OFFICE BACK SIDE, NEAR NADIKOTUKUR
Website : https://nadunedu.se.ap.gov.in/cbse/cbse/28211501204"
465,"Aff. No. :120686
Sch. Code:58748","State : ANDHRA PRADESH
District : KURNOOL",Senior Secondary Level,"Name : KGBV CHIPPAGIRI
Head/Principal Name: E sowjanya","Address : NEAR CURRENT OFFICE, CHIPPAGIRI, KURNOOL
Website : https://nadunedu.se.ap.gov.in/cbse/cbse/28215301205"
466,"Aff. No. :120680
Sch. Code:58742","State : ANDHRA PRADESH
District : KURNOOL",Senior Secondary Level,"Name : ZPHS JONNAGIRI
Head/Principal Name: UPENDRA","Address : GOOTY - PATHIKONDA ROAD, JONNAGIRI, TUGGALI MDL
Website : https://nadunedu.se.ap.gov.in/cbse/cbse/28215001109"
467,"Aff. No. :120691
Sch. Code:58753","State : ANDHRA PRADESH
District : KURNOOL",Senior Secondary Level,"Name : ZPHS KOWTHALAM
Head/Principal Name: T PERCY IMMANUEL","Address : KOWTHALAM , KOWTHALAM
Website : https://nadunedu.se.ap.gov.in/cbse/cbse/28210100701"
468,"Aff. No. :120692
Sch. Code:58754","State : ANDHRA PRADESH
District : KURNOOL",Senior Secondary Level,"Name : KGBV BANDIATMAKUR
Head/Principal Name: H DAKSHAYANI","Address : BANDIATMAKUR - 518523,KURNOOL (DIST.) , BANDI ATMAKUR
Website : https://nadunedu.se.ap.gov.in/cbse/cbse/28213300820"
469,"Aff. No. :120677
Sch. Code:58739","State : ANDHRA PRADESH
District : KURNOOL",Senior Secondary Level,"Name : ZPHS PEDDA KADUBUR
Head/Principal Name: NELLURI UMARAJESWARAMMA","Address : ASPARI ROAD , ADONI
Website : https://nadunedu.se.ap.gov.in/cbse/cbse/28212201104"
470,"Aff. No. :120699
Sch. Code:58761","State : ANDHRA PRADESH
District : KURNOOL",Senior Secondary Level,"Name : ZPHS R.S.PENDEKAL
Head/Principal Name: MK NARENDRA PRASAD","Address : R S PENDEKAL TUGGALI MANDAL NEAR RAILWAY, PENDEKAL(RS), TUGGALI(M)
Website : https://nadunedu.se.ap.gov.in/cbse/cbse/28215000406"
471,"Aff. No. :120704
Sch. Code:58766","State : ANDHRA PRADESH
District : KURNOOL",Senior Secondary Level,"Name : KGBV ATMAKUR
Head/Principal Name: V SYAMALA","Address : BACK SIDE THE CHAKARAM HOTEL ATMAKUR, ATMAKUR
Website : https://nadunedu.se.ap.gov.in/cbse/cbse/28211100158"
472,"Aff. No. :120732
Sch. Code:58794","State : ANDHRA PRADESH
District : KURNOOL",Senior Secondary Level,"Name : ZPHS ORVAKAL
Head/Principal Name: PANTA RAMACHANDRA REDDY","Address : NEAR RTC BUS STAND, BESIDES SACHIVALAYAM ORVAKAL
Website : https://nadunedu.se.ap.gov.in/cbse/cbse/28211701102"
473,"Aff. No. :120726
Sch. Code:58788","State : ANDHRA PRADESH
District : KURNOOL",Senior Secondary Level,"Name : ZPHS NANDAVARAM
Head/Principal Name: M SIVARAM","Address : OPP ELECTRICITY DISTRIBUTION CENTER, NANDAVARAM
Website : https://nadunedu.se.ap.gov.in/cbse/cbse/28210401606"
474,"Aff. No. :120724
Sch. Code:58786","State : ANDHRA PRADESH
District : KURNOOL",Senior Secondary Level,"Name : GOVT.ST.ASHRAM HS ALUR
Head/Principal Name: P JAMMANNA","Address : HATTIBELAGAL ROAD,4RTH WARD, ALUR, 4RTH WARD ,ALUR
Website : https://nadunedu.se.ap.gov.in/cbse/cbse/28212501422"
475,"Aff. No. :120702
Sch. Code:58764","State : ANDHRA PRADESH
District : KURNOOL",Senior Secondary Level,"Name : KGBV ORVAKAL
Head/Principal Name: V HARITHA","Address : NEAR ROCK GARDENS, APMS ORVAKAL
Website : https://nadunedu.se.ap.gov.in/cbse/cbse/28211701111"
476,"Aff. No. :120713
Sch. Code:58775","State : ANDHRA PRADESH
District : KURNOOL",Senior Secondary Level,"Name : KGBV MIN YSR NAGAR NANDYAL
Head/Principal Name: P HEPSIBA","Address : NEAR SACHIVALAYAM, YSRNAGAR, NANDYAL , NANDYAL
Website : https://nadunedu.se.ap.gov.in/cbse/cbse/28213491450"
477,"Aff. No. :120888
Sch. Code:58950","State : ANDHRA PRADESH
District : KURNOOL",Senior Secondary Level,"Name : ZPHS MADHAVARAM
Head/Principal Name: NAKIR BHOJA RAJU","Address : MADHAVARAM , MADHAVARAM
Website : https://nadunedu.se.ap.gov.in/cbse/cbse/28210300705"
478,"Aff. No. :120893
Sch. Code:58955","State : ANDHRA PRADESH
District : KURNOOL",Senior Secondary Level,"Name : ZPHSBOYS VELDURTHY
Head/Principal Name: S RAMA NAIK","Address : VELDURTHY, VELDURTHY
Website : https://nadunedu.se.ap.gov.in/cbse/cbse/28212901013"
479,"Aff. No. :120898
Sch. Code:58960","State : ANDHRA PRADESH
District : KURNOOL",Senior Secondary Level,"Name : ZPHS THUNGABADRA
Head/Principal Name: Srinivas","Address : TUNGABADRA, MANTRALAYAM
Website : https://nadunedu.se.ap.gov.in/cbse/cbse/28210300403"
480,"Aff. No. :120931
Sch. Code:58993","State : ANDHRA PRADESH
District : KURNOOL",Senior Secondary Level,"Name : KGBV DORNIPADU
Head/Principal Name: MANIPATI JYOTHI","Address : AMMI REDDY NAGAR, DORNIPADU
Website : https://nadunedu.se.ap.gov.in/cbse/cbse/28214100812"
481,"Aff. No. :120939
Sch. Code:58169","State : ANDHRA PRADESH
District : KURNOOL",Senior Secondary Level,"Name : KGBV VELGODE
Head/Principal Name: R Sreenija","Address : GUNTHAKANDALA, VELGODE
Website : https://nadunedu.se.ap.gov.in/cbse/cbse/28211300533"
482,"Aff. No. :120941
Sch. Code:59060","State : ANDHRA PRADESH
District : KURNOOL",Senior Secondary Level,"Name : KGBV KODUMUR
Head/Principal Name: D GOUSIA BEGUM","Address : NEW SC COLONY, VARKUR, KODUMUR
Website : https://nadunedu.se.ap.gov.in/cbse/cbse/28211900338"
483,"Aff. No. :120946
Sch. Code:59065","State : ANDHRA PRADESH
District : KURNOOL",Senior Secondary Level,"Name : APSWRS JUNIOR COLLEGE GIRLSAREKAL
Head/Principal Name: T A G SUNITHA","Address : MULUGUNDAM ROAD, ADONI
Website : https://nadunedu.se.ap.gov.in/cbse/cbse/28212391303"
484,"Aff. No. :120905
Sch. Code:58967","State : ANDHRA PRADESH
District : KURNOOL",Senior Secondary Level,"Name : ZPHS GARGEYAPURAM
Head/Principal Name: BANDARU VENKATA RAMUDU","Address : NEAR SACHIVALAYAM 2 GARGEYAPURAM, 8KM AWAY FROM KURNOOL CITY
Website : https://nadunedu.se.ap.gov.in/cbse/cbse/28210701808"
485,"Aff. No. :120921
Sch. Code:58983","State : ANDHRA PRADESH
District : KURNOOL",Senior Secondary Level,"Name : KGBV DEVANAKONDA
Head/Principal Name: G K SUNEETHA","Address : KURNOOL, KURNOOL ANDHRA PRADESH
Website : https://nadunedu.se.ap.gov.in/cbse/cbse/28212701212"
486,"Aff. No. :120857
Sch. Code:58919","State : ANDHRA PRADESH
District : KURNOOL",Senior Secondary Level,"Name : APSWRS B.CAMP
Head/Principal Name: P ARUNA KUMARI","Address : OPP. R.T.O.OFFICE, JAGANNADAGATTU, DINNE, OPP. R.T.O.OFFICE, JAGANNADAGATTU, DINNE
Website : https://nadunedu.se.ap.gov.in/cbse/cbse/28211890453"
487,"Aff. No. :120877
Sch. Code:58939","State : ANDHRA PRADESH
District : KURNOOL",Senior Secondary Level,"Name : APSWRS ARIKERA
Head/Principal Name: T Srinivasa Reddy","Address : ALUR, ALUR
Website : https://nadunedu.se.ap.gov.in/cbse/cbse/28212501503"
488,"Aff. No. :120812
Sch. Code:58874","State : ANDHRA PRADESH
District : KURNOOL",Senior Secondary Level,"Name : ZPHS KAMAVARAM
Head/Principal Name: P CHANDRA SEKHARUDU","Address : KAMAVARAM, KOWTHALAM MANDAL
Website : https://nadunedu.se.ap.gov.in/cbse/cbse/28210102504"
489,"Aff. No. :120808
Sch. Code:58870","State : ANDHRA PRADESH
District : KURNOOL",Senior Secondary Level,"Name : KGBV HALAHARVI
Head/Principal Name: Y Padmavathi","Address : NEAR MRO OFFICE, HALAHARVI, NEAR SC COLONY, HALAHARVI
Website : https://nadunedu.se.ap.gov.in/cbse/cbse/28215401307"
490,"Aff. No. :120950
Sch. Code:59069","State : ANDHRA PRADESH
District : KURNOOL",Senior Secondary Level,"Name : KGBV PAMULAPADU
Head/Principal Name: M RAJYALAKSHMI","Address : NEAR SC - COLONY , PAMULAPADU (VILLAGE), PAMINDDDAM (MANDAL)
Website : https://nadunedu.se.ap.gov.in/cbse/cbse/28211400712"
491,"Aff. No. :120957
Sch. Code:59076","State : ANDHRA PRADESH
District : KURNOOL",Senior Secondary Level,"Name : KGBV KOWTHALAM
Head/Principal Name: K PUSHPA LATHA","Address : ADONI ROAD, KOWTHALAM
Website : https://nadunedu.se.ap.gov.in/cbse/cbse/28210102719"
492,"Aff. No. :120959
Sch. Code:59078","State : ANDHRA PRADESH
District : KURNOOL",Senior Secondary Level,"Name : KGBV KOSIGI
Head/Principal Name: S Shabana ajmeen","Address : ADONI ROAD, KOSIGI
Website : https://nadunedu.se.ap.gov.in/cbse/cbse/28210202417"
493,"Aff. No. :121004
Sch. Code:59123","State : ANDHRA PRADESH
District : KURNOOL",Senior Secondary Level,"Name : APRS PATHIKONDA
Head/Principal Name: O N SREENIVASA REDDY","Address : PUCHAKALAMADA ROAD, PATTIKONDA
Website : https://nadunedu.se.ap.gov.in/cbse/cbse/28215100728"
494,"Aff. No. :121009
Sch. Code:59128","State : ANDHRA PRADESH
District : KURNOOL",Senior Secondary Level,"Name : GOVT.HSBOYS-1 ALUR
Head/Principal Name: P VARAPRASAD","Address : YELLARTHI ROAD, ALUR , YELLARTHI ROAD, ALUR
Website : https://nadunedu.se.ap.gov.in/cbse/cbse/28212501409"
495,"Aff. No. :121012
Sch. Code:59131","State : ANDHRA PRADESH
District : KURNOOL",Senior Secondary Level,"Name : KGBV GONEGANDLA
Head/Principal Name: V VIDYAVATHI","Address : GONEGANDLA, KURNOOL DIST , KURNOOL DIST
Website : https://nadunedu.se.ap.gov.in/cbse/cbse/28212000518"
496,"Aff. No. :121042
Sch. Code:59161","State : ANDHRA PRADESH
District : KURNOOL",Senior Secondary Level,"Name : ZPHS GONEGANDLA
Head/Principal Name: POLUKALLU NAGABHUSHANAM","Address : GONEGANDLA, GONEGANDLA
Website : https://nadunedu.se.ap.gov.in/cbse/cbse/28212000511"
497,"Aff. No. :121022
Sch. Code:59141","State : ANDHRA PRADESH
District : KURNOOL",Senior Secondary Level,"Name : KGBV PATTIKONDA
Head/Principal Name: S SHABANA","Address : CHAKRALLA ROAD, GURUKULA CAMPUS, , PATHIKONDA
Website : https://nadunedu.se.ap.gov.in/cbse/cbse/28215100745"
498,"Aff. No. :121055
Sch. Code:59174","State : ANDHRA PRADESH
District : KURNOOL",Senior Secondary Level,"Name : AP RES S FOR GIRLS BANAVASI
Head/Principal Name: KEDARAAM SUVARNA LATHA","Address : BANAVASI, YEMMIGANUR
Website : https://nadunedu.se.ap.gov.in/cbse/cbse/28212101705"
499,"Aff. No. :121076
Sch. Code:59195","State : ANDHRA PRADESH
District : KURNOOL",Senior Secondary Level,"Name : PPHSMZPHS P.KOTAKONDA
Head/Principal Name: T KRISHNAIAH","Address : P.KOTAKONDA, DEVANAKONDA MANDAL
Website : https://nadunedu.se.ap.gov.in/cbse/cbse/28212700604"
500,"Aff. No. :121079
Sch. Code:59198","State : ANDHRA PRADESH
District : KURNOOL",Senior Secondary Level,"Name : ZPHS HEBBATAM
Head/Principal Name: K RANGANNA","Address : HOLAGUNDA MANDAL, HOLAGUNDA MANDAL
Website : https://nadunedu.se.ap.gov.in/cbse/cbse/28212400602"
501,"Aff. No. :121083
Sch. Code:59209","State : ANDHRA PRADESH
District : KURNOOL",Senior Secondary Level,"Name : ZPHS HOLAGUNDA
Head/Principal Name: NEERUGATTU MOHAMMED NAZEER AHAMED","Address : HOLAGUNDA , NIL
Website : https://nadunedu.se.ap.gov.in/cbse/cbse/28212401007"
502,"Aff. No. :130154
Sch. Code:57047","State : ANDHRA PRADESH
District : KURNOOL",Senior Secondary Level,"Name : THE ADITYA BIRLA SCHOOL
Head/Principal Name: SMITHA VENU","Address : ULTRATECH CEMENT LIMITED THUMMALAPENTA KOLIMIGUNDLA TQ KURNOOL DT. ANDHRA PRADESH 518123
Website : www.adityabirlaschools/abpsnandyal"
503,"Aff. No. :130085
Sch. Code:","State : ANDHRA PRADESH
District : KURNOOL",Secondary Level,"Name : K N R CENTRAL SCHOOL
Head/Principal Name: K SESHA SAYANA RAO","Address : H NO.40/425 ESWAR NAGAR KURNOOL ANDHRA PRADESH
Website :"
504,"Aff. No. :130088
Sch. Code:57026","State : ANDHRA PRADESH
District : KURNOOL",Senior Secondary Level,"Name : THE NANDYAL PUBLIC SCHOOL
Head/Principal Name: DR R KRISHNA MURTHY","Address : NANDYAL KURNOOL DIST ANDHRA PRADESH
Website : https://tnpsnandyal.unicampus.in/"
505,"Aff. No. :121150
Sch. Code:59282","State : ANDHRA PRADESH
District : KURNOOL",Senior Secondary Level,"Name : ZPHSB KOSIGI
Head/Principal Name: K VIJAYA KUMAR","Address : KOSIGI, KOSIGI
Website : https://nadunedu.se.ap.gov.in/cbse/cbse/28210202410"
506,"Aff. No. :130017
Sch. Code:57006","State : ANDHRA PRADESH
District : KURNOOL",Secondary Level,"Name : ST. JOSEPH'S ENGLISH SCHOOL
Head/Principal Name: KANDAKATLA AISHWARYA","Address : 41/91 NARASINGARAOPET KURNOOL ANDHRA PRADESH
Website : www.stjosephskurnool.org"
507,"Aff. No. :130096
Sch. Code:57037","State : ANDHRA PRADESH
District : KURNOOL",Secondary Level,"Name : CHINMAYA VIDYALAYA
Head/Principal Name: A KAVITHA","Address : DOOR NO.70C/XX NEAR STATE BANK OF INDIA ADONI KURNOOL DIST. ANDHRA PRADESH
Website : www.adonichinmayavidyalaya.in"
508,"Aff. No. :121138
Sch. Code:59270","State : ANDHRA PRADESH
District : KURNOOL",Senior Secondary Level,"Name : GOVT.HSG ADONI
Head/Principal Name: G Venkata Ramana Reddy","Address : NEAR DSP BUNGALOW, ADONI
Website : https://nadunedu.se.ap.gov.in/cbse/cbse/28212390198"
509,"Aff. No. :121120
Sch. Code:59246","State : ANDHRA PRADESH
District : KURNOOL",Senior Secondary Level,"Name : KGBV OWK
Head/Principal Name: Sabolu Bharathi Incharge","Address : BESIDE APMS OWK, OWK MANDAL
Website : https://nadunedu.se.ap.gov.in/cbse/cbse/28214701020"
510,"Aff. No. :121116
Sch. Code:59242","State : ANDHRA PRADESH
District : KURNOOL",Senior Secondary Level,"Name : ZPHS MOLAGAVALLI
Head/Principal Name: P T VENKATESWARLU","Address : MOLAGAVALLI,STATION ROAD MOLAGAVALLI., ZPHS ,MOLAGAVALLI.STATION ROAD MOLAGAVAL
Website : https://nadunedu.se.ap.gov.in/cbse/cbse/28212501807"
511,"Aff. No. :130275
Sch. Code:57098","State : ANDHRA PRADESH
District : KURNOOL",Senior Secondary Level,"Name : NANDI ACADEMY
Head/Principal Name: ATTALURI KADAMBARI","Address : KANTHI NAGAR, BOMMALA SATRAM, NANDYAL - 518502, KURNOOL.
Website : http://www.nandiacademy.com"
512,"Aff. No. :130414
Sch. Code:57146","State : ANDHRA PRADESH
District : KURNOOL",Senior Secondary Level,"Name : SRI LAKSHMI (EM)HIGH SCHOOL
Head/Principal Name: SURESH METLA","Address : SURVEY.NO.146/3 MUNAGALAPADU KURNOOL ANDHRA PRADESH
Website : www.slemhs.com/"
513,"Aff. No. :130435
Sch. Code:57153","State : ANDHRA PRADESH
District : KURNOOL",Secondary Level,"Name : CRR SECONDARY SCHOOL (PRI TO X CLASS) CBSE, DINNEDEVARAPADU, KURNOOL-2
Head/Principal Name: K PAVAN KUMAR","Address : CRR RESIDENTIAL SCHOOL , NH&, DINNEDEVARAPADU, KURNOOL-2
Website : http://www.cattamanchischool.net/"
514,"Aff. No. :130463
Sch. Code:57164","State : ANDHRA PRADESH
District : KURNOOL",Secondary Level,"Name : THE ATHENA SCHOOL
Head/Principal Name: K B JYOTHI","Address : RTC COLONY, CARBIDE FACTORY DINNEDEVARAPADU VILLAGE KURNOOL (MANDAL)
Website : http://www.theathenaschool.org/"
515,"Aff. No. :130405
Sch. Code:57142","State : ANDHRA PRADESH
District : KURNOOL",Secondary Level,"Name : RIDGE SCHOOL
Head/Principal Name: AKEPOGE RAJKAMAL","Address : LAKSHMIPURAM KURNOOL AP
Website : www.ridgeschools.org"
516,"Aff. No. :130488
Sch. Code:57199","State : ANDHRA PRADESH
District : KURNOOL",Secondary Level,"Name : NEHRU HIGH SCHOOL
Head/Principal Name: KODURU KAMALTEJA REDDY","Address : SR. NO. 148/2, BANAGANAPALLI, DIST. KURNOOL, AP
Website : www.nehrucbsehighschool.com"
517,"Aff. No. :130455
Sch. Code:57189","State : ANDHRA PRADESH
District : KURNOOL",Senior Secondary Level,"Name : MONTESSORI INDUS RESIDENTIAL SCHOOL
Head/Principal Name: KOTHAKAPA SREENIVASA REDDY","Address : GOOTY ROAD NH-7
Website : www.montessoriindus.in"
518,"Aff. No. :130467
Sch. Code:57212","State : ANDHRA PRADESH
District : KURNOOL",Senior Secondary Level,"Name : MONTESSORI SENIOR SECONDARY SCHOOL
Head/Principal Name: B SRI JYOTHI","Address : A-CAMP KURNOOL
Website : http://www.montessoriprimaryschool.com/"
519,"Aff. No. :130472
Sch. Code:57179","State : ANDHRA PRADESH
District : KURNOOL",Senior Secondary Level,"Name : SDR (EM) HIGH SCHOOL
Head/Principal Name: SYEDA KAWSIR NAYEEMA","Address : UDUMALAPURAM (V), NANDYAL
Website : www.sdrworldschool.in"
520,"Aff. No. :130507
Sch. Code:56256","State : ANDHRA PRADESH
District : KURNOOL",Senior Secondary Level,"Name : RGM INTERNATIONAL SCHOOL
Head/Principal Name: M SURESH REDDY","Address : NH-18, OPP. SHANTHIRAM MEDICAL COLLEGE AND GENERAL HOSPITAL, NANDYAL,KURNOOL - 518501, ANDHRA PRADESH
Website : https://rgminternational.unicampus.in"
521,"Aff. No. :130603
Sch. Code:57206","State : ANDHRA PRADESH
District : KURNOOL",Secondary Level,"Name : JYOTHI VIDYA NIKETAN EM HIGH SCHOOL
Head/Principal Name: Sindhuri Gopavaram","Address : JYOTHI VIDYA NIKETAN EM HIGH SCHOOL, SURVEY NO: 872/2 & 872/3, JAMMALAMADUGU ROAD, KOILAKUNTLA, KURNOOL DISTRICT ANDHRA PRADESH-518134
Website : www.jyothividyaniketan.com"
522,"Aff. No. :130522
Sch. Code:57234","State : ANDHRA PRADESH
District : KURNOOL",Senior Secondary Level,"Name : SRI SUDHA ENGLISH MEDIUM HIGH SCHOOL
Head/Principal Name: S VENUGOPAL","Address : SR. NO. 356/2A, DHONE MANDAL & MUNICIPALITY, DIST KURNOOL, AP
Website : www.srisudhainstitutions.com"
523,"Aff. No. :130621
Sch. Code:56241","State : ANDHRA PRADESH
District : KURNOOL",Secondary Level,"Name : SISTER STANISLAS MEMORIAL ENGLISH SCHOOL
Head/Principal Name: ANNEPOGU MARY MANI MALIKA","Address : 44/16G/43,SUNKESULA ROAD
Website : http://www.sisterstanislas.org/"
524,"Aff. No. :130622
Sch. Code:56247","State : ANDHRA PRADESH
District : KURNOOL",Senior Secondary Level,"Name : LKR (EM) SCHOOL
Head/Principal Name: Bandaru.Kotinageswararao","Address : SALEEM NAGAR, NANDYAL (V&M), KURNOOL DIST.
Website : www.lkrschools.com"
525,"Aff. No. :130629
Sch. Code:56313","State : ANDHRA PRADESH
District : KURNOOL",Senior Secondary Level,"Name : MONTÉ SCHOOL
Head/Principal Name: PEDDIREDDY NEELAKANTESWARA REDDY","Address : INDUS NAGAR, PANDIPADU-VI, KALLUR-M, KURNOOL-DT
Website : www.cbmonte.org"
526,"Aff. No. :130630
Sch. Code:56316","State : ANDHRA PRADESH
District : KURNOOL",Secondary Level,"Name : MONTESSORI E.M HIGH SCHOOL
Head/Principal Name: K VENKATESWARA RAO","Address : D.NO:1-30 PANCHALINGALA VILLAGE KURNOOL DIST
Website : www.msolp.org"
527,"Aff. No. :130624
Sch. Code:56260","State : ANDHRA PRADESH
District : KURNOOL",Secondary Level,"Name : SHLOKA ENGLISH MEDIUM SCHOOL
Head/Principal Name: T Vamshi Kalpana","Address : SY.NO: 288, K.G.ROAD,
Website : www.shlokaschool.org"
528,"Aff. No. :130721
Sch. Code:56607","State : ANDHRA PRADESH
District : KURNOOL",Secondary Level,"Name : EDIFY ENGLISH MEDIUM SCHOOL
Head/Principal Name: JOSEPH DAVID","Address : LAKSHMIPURAM (V), KALLUR (M)
Website : https://www.edifyenglishmediumschoolkurnool.com/"
529,"Aff. No. :130727
Sch. Code:56637","State : ANDHRA PRADESH
District : KURNOOL",Senior Secondary Level,"Name : DELHI PUBLIC SCHOOL
Head/Principal Name: jasmeet kaur sekhon","Address : D.NO.1-90 KC1, KJR CITY, CHINNATEKUR(V), KALLUR(M)
Website : http://dpskurnool.com/new/index.html"
530,"Aff. No. :130775
Sch. Code:57243","State : ANDHRA PRADESH
District : KURNOOL",Secondary Level,"Name : RAVINDRA GLOBAL SCHOOL PRIMARY AND HIGH SCHOOL
Head/Principal Name: M MUNTHAZ BEGUM","Address : SY NO 198/1-A1, VENKAYAPALLE VILLAGE, KURNOOL
Website : www.ravindraglobalschool.in"
531,"Aff. No. :130752
Sch. Code:56786","State : ANDHRA PRADESH
District : KURNOOL",Secondary Level,"Name : KREDO THE SCHOOL
Head/Principal Name: SHAIK PARVEEN KOUSER","Address : B THANDRAPADU,, KURNOOL, KURNOOL
Website : https://www.Kredotheschool.com"
532,"Aff. No. :130745
Sch. Code:56723","State : ANDHRA PRADESH
District : KURNOOL",Secondary Level,"Name : PRIYA CEMENT HIGH SCHOOL
Head/Principal Name: C SREEKUMARAN","Address : BOINCHERUVUPALLI, PEAPULLY
Website : http://www.priyacemenths2.com"
533,"Aff. No. :130735
Sch. Code:56671","State : ANDHRA PRADESH
District : KURNOOL",Senior Secondary Level,"Name : BIRLA OPEN MINDS SCHOOL
Head/Principal Name: KADAMBARI ATTALURI","Address : ORVAKAL(MANDAL), KURNOOL
Website : http://openminds-kurnool.com/"
534,"Aff. No. :130730
Sch. Code:56646","State : ANDHRA PRADESH
District : KURNOOL",Secondary Level,"Name : SRI SHANTINIKETAN HIGH SCHOOL
Head/Principal Name: S SUDHAKAR","Address : NANDYAL, NANDYAL
Website : https://srishantiniketancbse.com"
535,"Aff. No. :130836
Sch. Code:23918","State : ANDHRA PRADESH
District : KURNOOL",Secondary Level,"Name : ROOTS EM SCHOOL
Head/Principal Name: GAJULAPALLI KESAVA NARAYANA REDDY","Address : MANDAGIRI, ADONI MANDAL, KURNOOL DISTRICT
Website : https://rootsglobalschool.com"
536,"Aff. No. :140003
Sch. Code:59324","State : ANDHRA PRADESH
District : KURNOOL",Senior Secondary Level,"Name : PM SHRI SCHOOL JAWAHAR NAVODAYA VIDYALAYA
Head/Principal Name: E Padmavathi","Address : BANAVASI VIA YEMMIGANUR P.O KURNOOL DIST. ANDHRA PRADESH
Website : www.navodaya.gov.in/nvs/nvs-school/KURNOOL/en/home"
537,"Aff. No. :140008
Sch. Code:59331","State : ANDHRA PRADESH
District : SRI POTTI SRIRAMULU NELLORE",Senior Secondary Level,"Name : PM SHRI SCHOOL JAWAHAR NAVODAYA VIDYALAYA
Head/Principal Name: KODALI PARVATHI","Address : KRISHNAPURAM VILL & PO MARRIPADU MANDAL NELLORE DISTT. ANDHRA PRADESH
Website : www.navodaya.gov.in/nvs/nvs-school/NELLORE/en/home"
538,"Aff. No. :130831
Sch. Code:23904","State : ANDHRA PRADESH
District : SRI POTTI SRIRAMULU NELLORE",Secondary Level,"Name : VISWAM ENGLISH MEDIUM HIGH SCHOOL
Head/Principal Name: K NEERAJA","Address : ALLIPURAM, NELLORE RURAL MANDAL, NELLORE
Website : https://viswamschool.com/"
539,"Aff. No. :130828
Sch. Code:23886","State : ANDHRA PRADESH
District : SRI POTTI SRIRAMULU NELLORE",Secondary Level,"Name : V.B.R. ENGLISH MEDIUM HIGH SCHOOL
Head/Principal Name: VETURI SAILAJA","Address : 4TH MILE, GUNDLAPALEM, NELLORE
Website : https://vbrschool.com/"
540,"Aff. No. :130804
Sch. Code:57407","State : ANDHRA PRADESH
District : SRI POTTI SRIRAMULU NELLORE",Secondary Level,"Name : ST. PAUL'S ENGLISH MEDIUM HIGH SCHOOL
Head/Principal Name: GALI PAULINE","Address : KOVUR, SPSR NELLORE DISTRICT, KOVUR, SPSR NELLORE DISTRICT, KOVUR, SPSR NELLORE DISTRICT
Website : www.stpaulsschoolkovur.com"
541,"Aff. No. :130807
Sch. Code:23823","State : ANDHRA PRADESH
District : SRI POTTI SRIRAMULU NELLORE",Secondary Level,"Name : SRI CHAITANYA ENGLISH MEDIUM SCHOOL
Head/Principal Name: GANGAPATNAM SAILESHKUMAR","Address : BESIDE NAYARA PETROL BUNK, TRUNK ROAD, KAVALI
Website : http://www.srichaitanyacbseschoolkavali.net"
542,"Aff. No. :130742
Sch. Code:56706","State : ANDHRA PRADESH
District : SRI POTTI SRIRAMULU NELLORE",Secondary Level,"Name : NELLORE CHANDRA REDDY HIGH SCHOOL
Head/Principal Name: GONUGUNTLA KOTESWARA RAO","Address : BUCHIREDDY PALEM MANDAL, NELLORE ANDHRAPRADESH
Website : https://www.nellorechandrareddyhs.com"
543,"Aff. No. :130740
Sch. Code:56678","State : ANDHRA PRADESH
District : SRI POTTI SRIRAMULU NELLORE",Secondary Level,"Name : SADHGURU SILVER OAKS SCHOOL
Head/Principal Name: Botlagudur Sudhakara Rao","Address : MUTHUKUR ROAD, NELLORE
Website : https://sadhgurusilveroaks.com/"
544,"Aff. No. :130749
Sch. Code:56775","State : ANDHRA PRADESH
District : SRI POTTI SRIRAMULU NELLORE",Secondary Level,"Name : NALANDA E.M. HIGH SCHOOL
Head/Principal Name: RANI P MOHAN","Address : GAYATRI NAGAR, KAVALI, SPSR NELLORE
Website : https://nalandagroup.net/"
545,"Aff. No. :130800
Sch. Code:57376","State : ANDHRA PRADESH
District : SRI POTTI SRIRAMULU NELLORE",Secondary Level,"Name : SRI CHAITANYA ENGLISH MEDIUM SCHOOL
Head/Principal Name: P. VENKATA RAJESH","Address : SURVEY NO 1109, BALAJI GREEN CITY LAYOUT, PARDHASARADHI NAGAR, MUTHUKUR ROAD, NELLORE
Website : https://srichaitanyaschoolnellore.net"
546,"Aff. No. :130787
Sch. Code:57280","State : ANDHRA PRADESH
District : SRI POTTI SRIRAMULU NELLORE",Secondary Level,"Name : ST. JOSEPH'S ENGLISH MEDIUM HIGH SCHOOL
Head/Principal Name: sr luviza miranda","Address : DARGAMITTA, NELLORE, SPSR NELLORE
Website : www.stjosephemhs.com"
547,"Aff. No. :180004
Sch. Code:59302","State : ANDHRA PRADESH
District : SRI POTTI SRIRAMULU NELLORE",Senior Secondary Level,"Name : SPACE CENTRAL SCHOOL
Head/Principal Name: S.RAMAKRISHNA UPADHYA","Address : SRIHARIKOTA DIST.NELLORE ANDHRA PRADESH
Website : www.spacecentralschool.in"
548,"Aff. No. :130728
Sch. Code:56643","State : ANDHRA PRADESH
District : SRI POTTI SRIRAMULU NELLORE",Secondary Level,"Name : PRAGATHI MAHA VIDYALAYA (E.M) HIGH SCHOOL
Head/Principal Name: RAMIREDDY SREENIVASA REDDY","Address : OPPOSITE GOVT. GENERAL HOSPITAL,, A.K NAGAR,
Website : https://pragathimahavidyalaya.ac.in/"
549,"Aff. No. :130706
Sch. Code:56544","State : ANDHRA PRADESH
District : SRI POTTI SRIRAMULU NELLORE",Secondary Level,"Name : SIMHAPURI ENGLISH MEDIUM HIGH SCHOOL
Head/Principal Name: K.VIJAYALAKSHMI","Address : THOTAPALLI GUDUR MANDAL, NEAR PVR POULTRY FARMS
Website : http://sisnellore.com"
550,"Aff. No. :130702
Sch. Code:56536","State : ANDHRA PRADESH
District : SRI POTTI SRIRAMULU NELLORE",Secondary Level,"Name : VOWEL18 SCHOOL
Head/Principal Name: Veernapati Vamsi Krishna","Address : GANDAVARAM, KODAVALUR MANDAL
Website : HTTP://WWW.VOWEL18SCHOOL.COM"
551,"Aff. No. :130700
Sch. Code:56521","State : ANDHRA PRADESH
District : SRI POTTI SRIRAMULU NELLORE",Secondary Level,"Name : BALABHARATHI EM HIGH SCHOOL
Head/Principal Name: K SREENISA MURTHY","Address : KOTA MANDAL, SPSR
Website : http://www.balabharathischool.com/"
552,"Aff. No. :130625
Sch. Code:56276","State : ANDHRA PRADESH
District : SRI POTTI SRIRAMULU NELLORE",Secondary Level,"Name : ADANI WORLD SCHOOL
Head/Principal Name: Hema Frank","Address : NAVAYUGA WORLD SCHOOL, C/O KRISHNAPATNAM PORT, KRISHNAPATNAM VILLAGE, MUTHUKUR MANDAL
Website : https://aws.adanischools.ac.in/"
553,"Aff. No. :130506
Sch. Code:57213","State : ANDHRA PRADESH
District : SRI POTTI SRIRAMULU NELLORE",Secondary Level,"Name : AMBERWOOD INTERNATIONAL SCHOOL
Head/Principal Name: Anam Sirisha Reddy","Address : KONDAYAPALEM, BEFORE NATIONAL HIGHWAY
Website : www.amberwood.in"
554,"Aff. No. :130503
Sch. Code:57209","State : ANDHRA PRADESH
District : SRI POTTI SRIRAMULU NELLORE",Senior Secondary Level,"Name : TINY TOTS ENGLISH MEDIUM HIGH SCHOOL
Head/Principal Name: M PRASANTHI","Address : SR NO 128/2 & 128/3 SULLURPET, DIST. NELLORE ANDHRA PRADESH - 524121
Website : https://tinytotscbse.in/"
555,"Aff. No. :130476
Sch. Code:57194","State : ANDHRA PRADESH
District : SRI POTTI SRIRAMULU NELLORE",Secondary Level,"Name : NAVANEETA PUBLIC SCHOOL
Head/Principal Name: ASHA NAIR","Address : EAST KANUPURU, BOLLAVOLU, CHILLAKURU MD
Website : www.navaneeta.org"
556,"Aff. No. :130484
Sch. Code:57188","State : ANDHRA PRADESH
District : SRI POTTI SRIRAMULU NELLORE",Senior Secondary Level,"Name : AVENUES ENGLISH MEDIUM HIGH SCHOOL
Head/Principal Name: DR. M SWETHA SANDHYA","Address : PRASANTHI NAGAR,BRAHMANANDAPURAM, NELLORE, SPSR NELLORE DISTRICT
Website : www.avenuesschool.com"
557,"Aff. No. :130406
Sch. Code:57150","State : ANDHRA PRADESH
District : SRI POTTI SRIRAMULU NELLORE",Senior Secondary Level,"Name : ITHAKA ENGISH MEDIUM SCHOOL
Head/Principal Name: SHOBANA LAKSHMINARAYANAN","Address : KANUPARTHIPADU(POST), NELLORE RURAL(MANDAL), NELLORE, S.P.S.R. NELLORE DISTRICT
Website : http://www.Ravindrabharathieducationalgroup.com"
558,"Aff. No. :130398
Sch. Code:57137","State : ANDHRA PRADESH
District : SRI POTTI SRIRAMULU NELLORE",Senior Secondary Level,"Name : RAINBOW SCHOOL
Head/Principal Name: S ANI","Address : KALEVELAPALEM ROAD, VIA DHANALAKSHMI PURAM, KALEVELAPALEM POST,
Website : www.rainbowschoolnellore.com"
559,"Aff. No. :130266
Sch. Code:57148","State : ANDHRA PRADESH
District : SRI POTTI SRIRAMULU NELLORE",Secondary Level,"Name : RATNAM HIGH SCHOOL
Head/Principal Name: M VENKATESH","Address : RATNAM HIGH SCHOOL PIDATHAPOLUR, MUTHUKUR MANDAL, S.P.S.R. NELLORE DIST.
Website : www.ratnaminstitutions.com"
560,"Aff. No. :130434
Sch. Code:57152","State : ANDHRA PRADESH
District : SRI POTTI SRIRAMULU NELLORE",Senior Secondary Level,"Name : GVK CHINMAYA VIDYALAYA
Head/Principal Name: BADDEPUDI HARITHA","Address : KOTHURU , INDUKURPET MANDAL, SPSR NELLORE DIST-524314
Website : www.gvkcv.in"
561,"Aff. No. :130460
Sch. Code:57175","State : ANDHRA PRADESH
District : SRI POTTI SRIRAMULU NELLORE",Senior Secondary Level,"Name : NARAYANA HIGH SCHOOL
Head/Principal Name: KUMBALA RAVI VARMA","Address : NARAYANA HIGH SCHOOL,DHANALAKSHMIPURAM,NELLORE,SPSR NELLORE DISTRICT
Website : https://www.narayanaschools.in/andhra-pradesh/cbse-dhanalaks"
562,"Aff. No. :130452
Sch. Code:57160","State : ANDHRA PRADESH
District : SRI POTTI SRIRAMULU NELLORE",Senior Secondary Level,"Name : RAMIREDDY SUBBARAMIREDDY INTERNATIONAL SCHOOL
Head/Principal Name: Chandra Jyothi Velagapudi","Address : NH-5 GOWARAVARAM
Website : www.rsris.in"
563,"Aff. No. :130278
Sch. Code:57100","State : ANDHRA PRADESH
District : SRI POTTI SRIRAMULU NELLORE",Senior Secondary Level,"Name : AKSHARA VIDYALAYA
Head/Principal Name: M V KUMUDA","Address : SARASWATHI NAGAR, YERRA GUNTA, NH - 05
Website : www.aksharavidyalaya.edu.in"
564,"Aff. No. :130174
Sch. Code:57055","State : ANDHRA PRADESH
District : SRI POTTI SRIRAMULU NELLORE",Senior Secondary Level,"Name : GOMATHY ENGLISH MEDIUM SCHOOL
Head/Principal Name: MUDIMBI VENKATA SUDHEER","Address : GOMATHY NAGAR, NELLORE, ANDHRA PRADESH
Website : www.gomathyschool.in"
565,"Aff. No. :121101
Sch. Code:59227","State : ANDHRA PRADESH
District : SRI POTTI SRIRAMULU NELLORE",Senior Secondary Level,"Name : ZPHS ISKAPALLI
Head/Principal Name: D VENKATA KRISHNAIAH","Address : ISKAPALLI, ALLUR MANDAL
Website : https://nadunedu.se.ap.gov.in/cbse/cbse/28191500412"
566,"Aff. No. :121152
Sch. Code:59284","State : ANDHRA PRADESH
District : SRI POTTI SRIRAMULU NELLORE",Senior Secondary Level,"Name : ZPHSGIRLSKANDUKURU
Head/Principal Name: K DWARAKARANI","Address : KANDUKUR TOWN, KANDUKUR MANDAL
Website : https://nadunedu.se.ap.gov.in/cbse/cbse/28185090338"
567,"Aff. No. :130036
Sch. Code:","State : ANDHRA PRADESH
District : SRI POTTI SRIRAMULU NELLORE",Secondary Level,"Name : INFANT JESUS PUBLIC SCHOOL
Head/Principal Name: MISS A JOSEPHINE","Address : A K NAGAR NELLORE ANDHRA PRADESH
Website :"
568,"Aff. No. :130046
Sch. Code:57018","State : ANDHRA PRADESH
District : SRI POTTI SRIRAMULU NELLORE",Secondary Level,"Name : LITTLE ANGELS PUBLIC SCHOOL
Head/Principal Name: NAMASIVAYAM M","Address : SARADHA NAGAR CHILLAKUR GUDUR-MANDALAM NELLORE DISTT ANDHRA PRADESH
Website : www.lapschool.org"
569,"Aff. No. :130098
Sch. Code:57029","State : ANDHRA PRADESH
District : SRI POTTI SRIRAMULU NELLORE",Senior Secondary Level,"Name : PADMAVATHI VIDYALAYA
Head/Principal Name: SANJAY KUMAR PANDA","Address : SULLURPETA NELLORE DIST. ANDHRA PRADESH
Website : www.padmavathividyalaya.edu.in"
570,"Aff. No. :120993
Sch. Code:59112","State : ANDHRA PRADESH
District : SRI POTTI SRIRAMULU NELLORE",Senior Secondary Level,"Name : DLNR GOVT HS BUCHIREDDYPALEM
Head/Principal Name: D RAVINDRA BABU","Address : BUCHIREDDY PALEM, BUCHIREDDY PALEM
Website : https://nadunedu.se.ap.gov.in/cbse/cbse/28191800233"
571,"Aff. No. :120981
Sch. Code:59100","State : ANDHRA PRADESH
District : SRI POTTI SRIRAMULU NELLORE",Senior Secondary Level,"Name : APSWR SCHOOL FOR GIRLS BOGOLE
Head/Principal Name: MADAMAMETI ANURADHA","Address : KAPPARALLA TIPPA , BOGOLE
Website : https://nadunedu.se.ap.gov.in/cbse/cbse/28190600427"
572,"Aff. No. :120825
Sch. Code:58887","State : ANDHRA PRADESH
District : SRI POTTI SRIRAMULU NELLORE",Senior Secondary Level,"Name : A.P.S.W.R.S.PEDAPAVANI
Head/Principal Name: K SNEHALATHA","Address : MUTHYALA PADU, PEDAPAVANI
Website : https://nadunedu.se.ap.gov.in/cbse/cbse/28185302012"
573,"Aff. No. :120865
Sch. Code:58927","State : ANDHRA PRADESH
District : SRI POTTI SRIRAMULU NELLORE",Senior Secondary Level,"Name : ZPHS VINJAMUR
Head/Principal Name: B BHARATHI","Address : VINJAMUR , VINJAMUR
Website : https://nadunedu.se.ap.gov.in/cbse/cbse/28190801126"
574,"Aff. No. :120869
Sch. Code:58931","State : ANDHRA PRADESH
District : SRI POTTI SRIRAMULU NELLORE",Senior Secondary Level,"Name : APSWRS MUTHUKUR
Head/Principal Name: CHOPPAVARAPU SUJATHA","Address : MUTUHKUR, MUTUHKUR
Website : https://nadunedu.se.ap.gov.in/cbse/cbse/28192901314"
575,"Aff. No. :120852
Sch. Code:58914","State : ANDHRA PRADESH
District : SRI POTTI SRIRAMULU NELLORE",Senior Secondary Level,"Name : APRSG THUMMALAPENTA
Head/Principal Name: K PADMAVATHI","Address : THUMMALAPENTA , KAVALI
Website : https://nadunedu.se.ap.gov.in/cbse/cbse/28190500826"
576,"Aff. No. :120920
Sch. Code:58982","State : ANDHRA PRADESH
District : SRI POTTI SRIRAMULU NELLORE",Senior Secondary Level,"Name : AP S W R SCHOOL FOR GIRLS ADURUPALLI
Head/Principal Name: B SAILAJA KUMARI","Address : MAIN ROAD, CHEJERLA MANDAL
Website : https://nadunedu.se.ap.gov.in/cbse/cbse/28192001408"
577,"Aff. No. :120908
Sch. Code:58970","State : ANDHRA PRADESH
District : SRI POTTI SRIRAMULU NELLORE",Senior Secondary Level,"Name : APSWRS KANDALERU G
Head/Principal Name: KOKORLA BHARATHI","Address : KHAMBALAPALLI POST, KANDALERU
Website : https://nadunedu.se.ap.gov.in/cbse/cbse/28192301404"
578,"Aff. No. :120909
Sch. Code:58971","State : ANDHRA PRADESH
District : SRI POTTI SRIRAMULU NELLORE",Senior Secondary Level,"Name : APRS GANDIPALEM
Head/Principal Name: JONNAKUTI PUSHPA RAJ","Address : GANDIPALEM, GANDIPALEM
Website : https://nadunedu.se.ap.gov.in/cbse/cbse/28191000605"
579,"Aff. No. :120885
Sch. Code:58947","State : ANDHRA PRADESH
District : SRI POTTI SRIRAMULU NELLORE",Senior Secondary Level,"Name : MJP AP BC WR SCHOOL GOLAGAMUDI
Head/Principal Name: DAMMU KONDALA RAO","Address : ANIKEPALLI PANCHYAT, GOLAGAMUDI
Website : https://nadunedu.se.ap.gov.in/cbse/cbse/28193000910"
580,"Aff. No. :120881
Sch. Code:58943","State : ANDHRA PRADESH
District : SRI POTTI SRIRAMULU NELLORE",Senior Secondary Level,"Name : APR SCHOOLGIRLSATMAKUR
Head/Principal Name: THIRUMALASETTY KAMESWARI","Address : BYPASS ROAD, ATMAKUR, ATMAKUR
Website : https://nadunedu.se.ap.gov.in/cbse/cbse/28191202076"
581,"Aff. No. :120696
Sch. Code:58758","State : ANDHRA PRADESH
District : SRI POTTI SRIRAMULU NELLORE",Senior Secondary Level,"Name : APSWR KODUR
Head/Principal Name: CH ESTHERAMMA","Address : KODUR, T.P.GUDUR MANDAL
Website : https://nadunedu.se.ap.gov.in/cbse/cbse/28192801606"
582,"Aff. No. :120697
Sch. Code:58759","State : ANDHRA PRADESH
District : SRI POTTI SRIRAMULU NELLORE",Senior Secondary Level,"Name : KGBV KALIGIRI
Head/Principal Name: KSUPRIYA","Address : KALIGIRI , KALIGIRI
Website : https://nadunedu.se.ap.gov.in/cbse/cbse/28190700622"
583,"Aff. No. :120675
Sch. Code:58737","State : ANDHRA PRADESH
District : SRI POTTI SRIRAMULU NELLORE",Senior Secondary Level,"Name : ZPHS CHINNAPALLI PALEM
Head/Principal Name: R SAI PRASAD","Address : CHENNAPALLIPALEM , T.P.GUDUR MANDAL
Website : https://nadunedu.se.ap.gov.in/cbse/cbse/28192801006"
584,"Aff. No. :120770
Sch. Code:58832","State : ANDHRA PRADESH
District : SRI POTTI SRIRAMULU NELLORE",Senior Secondary Level,"Name : KGBV ANUMASAMUDRAMPET
Head/Principal Name: Batthuru Srilakshmamma","Address : A.S.PETA, A.S.PETA
Website : https://nadunedu.se.ap.gov.in/cbse/cbse/28191300913"
585,"Aff. No. :120729
Sch. Code:58791","State : ANDHRA PRADESH
District : SRI POTTI SRIRAMULU NELLORE",Senior Secondary Level,"Name : KGBV MARRIPDU
Head/Principal Name: CH LAKSHMI DEVI","Address : MARRIPADU, MARRIPADU
Website : https://nadunedu.se.ap.gov.in/cbse/cbse/28191101012"
586,"Aff. No. :120741
Sch. Code:58803","State : ANDHRA PRADESH
District : SRI POTTI SRIRAMULU NELLORE",Senior Secondary Level,"Name : K.G.B.V.SCHOOL KAVALI
Head/Principal Name: SABBA SANDHYARANI","Address : MUSUNURU , KAVALI
Website : https://nadunedu.se.ap.gov.in/cbse/cbse/28190501036"
587,"Aff. No. :120783
Sch. Code:58845","State : ANDHRA PRADESH
District : SRI POTTI SRIRAMULU NELLORE",Senior Secondary Level,"Name : SPSR MPL HS VRNAGAR
Head/Principal Name: V SUBBA RAO","Address : NEAR NEW SIVALALAYAM, TUFFAN NAGAR, KAVA, KAVALI
Website : https://nadunedu.se.ap.gov.in/cbse/cbse/28190590245"
588,"Aff. No. :120264
Sch. Code:58325","State : ANDHRA PRADESH
District : SRI POTTI SRIRAMULU NELLORE",Senior Secondary Level,"Name : AP MODEL SCHOOL
Head/Principal Name: SWARNA Ranga rao","Address : G. MEKAPADU, KANDUKUR
Website : https://nadunedu.se.ap.gov.in/cbse/cbse/28185000103"
589,"Aff. No. :120225
Sch. Code:58286","State : ANDHRA PRADESH
District : SRI POTTI SRIRAMULU NELLORE",Senior Secondary Level,"Name : KGBV ULAVAPADU
Head/Principal Name: KILARI SINDHU","Address : KAREDU, ULAVAPADU MANDAL
Website : https://nadunedu.se.ap.gov.in/cbse/cbse/28185500427"
590,"Aff. No. :120210
Sch. Code:58271","State : ANDHRA PRADESH
District : SRI POTTI SRIRAMULU NELLORE",Senior Secondary Level,"Name : KGBV -V.V.PALEM
Head/Principal Name: J GOVARDHANI","Address : VVPALEM , VVPALEM
Website : https://nadunedu.se.ap.gov.in/cbse/cbse/28185101002"
591,"Aff. No. :120202
Sch. Code:58263","State : ANDHRA PRADESH
District : SRI POTTI SRIRAMULU NELLORE",Senior Secondary Level,"Name : APMS NANDAVARAM
Head/Principal Name: PETA SREENIVSULU","Address : NANDAVARAM, NANDAVARAM
Website : https://nadunedu.se.ap.gov.in/cbse/cbse/28191102011"
592,"Aff. No. :120203
Sch. Code:58264","State : ANDHRA PRADESH
District : SRI POTTI SRIRAMULU NELLORE",Senior Secondary Level,"Name : AP MODEL SCHOOLKONDAPURAM
Head/Principal Name: SHAIK VENKATA KHADAR BASHA","Address : KONDAPURAM , KONDAPURAM
Website : https://nadunedu.se.ap.gov.in/cbse/cbse/28190300507"
593,"Aff. No. :120172
Sch. Code:58233","State : ANDHRA PRADESH
District : SRI POTTI SRIRAMULU NELLORE",Senior Secondary Level,"Name : AP MODEL SCHOOL OTTURU
Head/Principal Name: NAIDU INDIRA ANIL KUMARI","Address : OTTURU , KAVALI
Website : https://nadunedu.se.ap.gov.in/cbse/cbse/28190500829"
594,"Aff. No. :120173
Sch. Code:58234","State : ANDHRA PRADESH
District : SRI POTTI SRIRAMULU NELLORE",Senior Secondary Level,"Name : KGBV KANDUKUR
Head/Principal Name: SWATHI VALLABHUNI","Address : PAMUR ROAD, NEAR POWER OFFICE,KANDUKUR, KANDUKUR
Website : https://nadunedu.se.ap.gov.in/cbse/cbse/28185090390"
595,"Aff. No. :120162
Sch. Code:58223","State : ANDHRA PRADESH
District : SRI POTTI SRIRAMULU NELLORE",Senior Secondary Level,"Name : AP.MODEL SCHOOL V.V.PALEM
Head/Principal Name: PADAMATA SRIVENKATESWAR","Address : CHUDNI, VVPALEM MANDAL
Website : https://nadunedu.se.ap.gov.in/cbse/cbse/28185100706"
596,"Aff. No. :120180
Sch. Code:58241","State : ANDHRA PRADESH
District : SRI POTTI SRIRAMULU NELLORE",Senior Secondary Level,"Name : KGBV. GUDLURU
Head/Principal Name: ALLARI AMRUTHA JOSNA","Address : MOGALLUR , GUDLUR (M)
Website : https://nadunedu.se.ap.gov.in/cbse/cbse/28185400721"
597,"Aff. No. :120158
Sch. Code:58219","State : ANDHRA PRADESH
District : SRI POTTI SRIRAMULU NELLORE",Senior Secondary Level,"Name : AP MODEL SCHOOL LINGASAMUDRAM
Head/Principal Name: SHAIK MOHAMMED HAFTER","Address : LINGASAMUDRAM MANDAL, KANDUKUR DIVISION
Website : https://nadunedu.se.ap.gov.in/cbse/cbse/28185300704"
598,"Aff. No. :120020
Sch. Code:59364","State : ANDHRA PRADESH
District : SRI POTTI SRIRAMULU NELLORE",Senior Secondary Level,"Name : EKLAVYA MODEL RESIDENTIAL SCHOOL
Head/Principal Name: PAWAN KUMAR SINGH","Address : (CO-EDN) VAKATIVARI KANDRIGA VILLAGE, OZILI MANDAL, SPSR NELLORE DIST. OZILI, NAIDUPETA, ANDHRA PRADESH 524402.
Website : https://emrsozili.org.in/"
599,"Aff. No. :100151
Sch. Code:59656","State : ANDHRA PRADESH
District : SRI POTTI SRIRAMULU NELLORE",Senior Secondary Level,"Name : PM SHRI KENDRIYA VIDYALAYA KANDUKUR TOWN
Head/Principal Name: ARJUN SINGH","Address : 24-9-115/1 , KOVURU ROAD , REVENUE WARD NO. 02
Website : https://kandukurtown.kvs.ac.in/"
600,"Aff. No. :100056
Sch. Code:59349","State : ANDHRA PRADESH
District : SRI POTTI SRIRAMULU NELLORE",Senior Secondary Level,"Name : PM SHRI KENDRIYA VIDYALAYA
Head/Principal Name: KATTA SANKARAIAH","Address : NEAR RAJIV SWARGRUHA APARTMENTS, KOTHUR, PODALAKUR ROAD, AK NAGAR PO NELLORE, ANDHRA PRADESH-524 004
Website : www.kothuru.kvs.ac.in"
601,"Aff. No. :120003
Sch. Code:59363","State : ANDHRA PRADESH
District : SRI POTTI SRIRAMULU NELLORE",Senior Secondary Level,"Name : APTWEMURJC (G) KODAVALURU
Head/Principal Name: Pritam Biswas","Address : PEYYALAPALEM ROAD, RACHARLAPADU POST, KODAVALURU (MD), S.P.S.R. NELLOREE, KODAVALURU, ANDHRA PRADESH-524316
Website : https://twreis.apcfss.in/emrs-kodavaluru.edu"
602,"Aff. No. :100051
Sch. Code:59345","State : ANDHRA PRADESH
District : SRI POTTI SRIRAMULU NELLORE",Senior Secondary Level,"Name : PM SHRI KENDRIYA VIDYALAYA
Head/Principal Name: P Anand Ganesh","Address : VENKATAGIRI, NEAR RAILWAY STATION, DISTT. NELLORE, ANDHRA PRADESH
Website : www.venkatagiri.kvs.ac.in"
603,"Aff. No. :120387
Sch. Code:58448","State : ANDHRA PRADESH
District : SRI POTTI SRIRAMULU NELLORE",Senior Secondary Level,"Name : A P MODEL SCHOOLKALIGIRI
Head/Principal Name: ANNAVARAPU SEENU","Address : BESIDE KAGBV SCHOOL , KALIGIRI
Website : https://nadunedu.se.ap.gov.in/cbse/cbse/28190701105"
604,"Aff. No. :120502
Sch. Code:58563","State : ANDHRA PRADESH
District : SRI POTTI SRIRAMULU NELLORE",Senior Secondary Level,"Name : A P MODEL SCHOOLDUTTALUR
Head/Principal Name: J SIMON RAO","Address : BADVEL ROAD, DUTTALUR , DUTTALUR
Website : https://nadunedu.se.ap.gov.in/cbse/cbse/28190900822"
605,"Aff. No. :120516
Sch. Code:58577","State : ANDHRA PRADESH
District : SRI POTTI SRIRAMULU NELLORE",Senior Secondary Level,"Name : KGBV KONDAPURAM
Head/Principal Name: T JAYANTHI","Address : KONDAPURAM, KONDAPURAM
Website : https://nadunedu.se.ap.gov.in/cbse/cbse/28190300505"
606,"Aff. No. :120518
Sch. Code:58579","State : ANDHRA PRADESH
District : SRI POTTI SRIRAMULU NELLORE",Senior Secondary Level,"Name : KGBV SEETARAMAPURAM
Head/Principal Name: SK SHAHIDA","Address : SEETHARAMAPURAM , SEETHARAMAPURAM
Website : https://nadunedu.se.ap.gov.in/cbse/cbse/28190101014"
607,"Aff. No. :120465
Sch. Code:58526","State : ANDHRA PRADESH
District : SRI POTTI SRIRAMULU NELLORE",Senior Secondary Level,"Name : GOVT. TW ASHRAM HS GOLAGAMUDI
Head/Principal Name: BARUVURI LAKSHMI KAMESWARI DEVI","Address : GOLAGAMUDI, GOLAGAMUDI
Website : https://nadunedu.se.ap.gov.in/cbse/cbse/28193000906"
608,"Aff. No. :120484
Sch. Code:58545","State : ANDHRA PRADESH
District : SRI POTTI SRIRAMULU NELLORE",Senior Secondary Level,"Name : AP MODEL SCHOOL SEETHARAMA PURAM
Head/Principal Name: MUZIBUR REHIMAN SHAIK","Address : SEETHARAMAPURAM , SEETHARAMAPURAM
Website : https://nadunedu.se.ap.gov.in/cbse/cbse/28190101017"
609,"Aff. No. :120541
Sch. Code:58602","State : ANDHRA PRADESH
District : SRI POTTI SRIRAMULU NELLORE",Senior Secondary Level,"Name : APMS ANUMASAMUDRAPET
Head/Principal Name: KODI SRIDEEPU","Address : A.S.PETA, A.S.PETA
Website : https://nadunedu.se.ap.gov.in/cbse/cbse/28191300918"
610,"Aff. No. :120648
Sch. Code:58710","State : ANDHRA PRADESH
District : SRI POTTI SRIRAMULU NELLORE",Senior Secondary Level,"Name : KGBV NANDIPADU
Head/Principal Name: ANJANI DEVI","Address : NANDIPADU , DUTTALUR
Website : https://nadunedu.se.ap.gov.in/cbse/cbse/28190901508"
611,"Aff. No. :120608
Sch. Code:58669","State : ANDHRA PRADESH
District : SRI POTTI SRIRAMULU NELLORE",Senior Secondary Level,"Name : KGBV LINGASAMUDRAM
Head/Principal Name: RAMAVATH JYOTHI BAI","Address : TATAHOTEL, LINGASAMUDRAM
Website : https://nadunedu.se.ap.gov.in/cbse/cbse/28185300815"
612,"Aff. No. :120599
Sch. Code:58660","State : ANDHRA PRADESH
District : PRAKASAM",Senior Secondary Level,"Name : ZPHS 10TH WARD
Head/Principal Name: MUNAGALA CHANDRASEKHARA REDDY","Address : MUNICIPALITY OFFICE, MARKAPUR
Website : https://nadunedu.se.ap.gov.in/cbse/cbse/28180990424"
613,"Aff. No. :120642
Sch. Code:58704","State : ANDHRA PRADESH
District : PRAKASAM",Senior Secondary Level,"Name : KGBV PEDA ARAVEEDU
Head/Principal Name: G Feebe","Address : PEDDARAVEEDU, PEDDARAVEEDU
Website : https://nadunedu.se.ap.gov.in/cbse/cbse/28180601308"
614,"Aff. No. :120588
Sch. Code:58649","State : ANDHRA PRADESH
District : PRAKASAM",Senior Secondary Level,"Name : APSWRS DUPADU
Head/Principal Name: Dr K MADHURAVANI","Address : DUPADU, TRIPURANTHAKAM
Website : https://nadunedu.se.ap.gov.in/cbse/cbse/28180301510"
615,"Aff. No. :120574
Sch. Code:58635","State : ANDHRA PRADESH
District : PRAKASAM",Senior Secondary Level,"Name : APSWRS GIRLSS.KONDA11 W
Head/Principal Name: K RAMA DEVI","Address : SINGARAYAKONDA , BALAJI NAGAR, KANDUKUR ROAD
Website : https://nadunedu.se.ap.gov.in/cbse/cbse/28185690704"
616,"Aff. No. :120462
Sch. Code:58523","State : ANDHRA PRADESH
District : PRAKASAM",Senior Secondary Level,"Name : KGBV YERRAGONDA PALEM
Head/Principal Name: KGBV Y PALEM","Address : YERRAGONDA PALEM, YERRAGONDA PALEM
Website : https://nadunedu.se.ap.gov.in/cbse/cbse/28180101731"
617,"Aff. No. :120459
Sch. Code:58520","State : ANDHRA PRADESH
District : PRAKASAM",Senior Secondary Level,"Name : APSWR SCUMBUM PT
Head/Principal Name: P CHAMUNDESWARI","Address : CUMBUM, CUMBUM
Website : https://nadunedu.se.ap.gov.in/cbse/cbse/28183400916"
618,"Aff. No. :120474
Sch. Code:58535","State : ANDHRA PRADESH
District : PRAKASAM",Senior Secondary Level,"Name : KGBV.VELIGANDLA
Head/Principal Name: S SUSEELA","Address : VELIGANDLA , VELIGANDLA
Website : https://nadunedu.se.ap.gov.in/cbse/cbse/28183901810"
619,"Aff. No. :120475
Sch. Code:58536","State : ANDHRA PRADESH
District : PRAKASAM",Senior Secondary Level,"Name : ZPHS GOTLAGATTU
Head/Principal Name: MADIRA VIJAYALAKSHMI","Address : ZPHS GOTLAGATTU, KONAKANAMITLA(M)
Website : https://nadunedu.se.ap.gov.in/cbse/cbse/28181102907"
620,"Aff. No. :120522
Sch. Code:58583","State : ANDHRA PRADESH
District : PRAKASAM",Senior Secondary Level,"Name : GOVT.H SKONDAPI VILL
Head/Principal Name: D S PADMAVATHI","Address : BUS STAND, KONDAPI
Website : https://nadunedu.se.ap.gov.in/cbse/cbse/28184201607"
621,"Aff. No. :120398
Sch. Code:58459","State : ANDHRA PRADESH
District : PRAKASAM",Senior Secondary Level,"Name : AP MODEL SCHOOL - ULAVAPADU
Head/Principal Name: P SRINIVASARAO","Address : ULAVAPADU, ONGOLE
Website : https://nadunedu.se.ap.gov.in/cbse/cbse/28185500431"
622,"Aff. No. :120414
Sch. Code:58475","State : ANDHRA PRADESH
District : PRAKASAM",Senior Secondary Level,"Name : KGBV PODILI
Head/Principal Name: M ANURADHA","Address : DARSI ROAD,PODILI, PODILI
Website : https://nadunedu.se.ap.gov.in/cbse/cbse/28181202257"
623,"Aff. No. :120433
Sch. Code:58494","State : ANDHRA PRADESH
District : PRAKASAM",Senior Secondary Level,"Name : GOVT.HS CHIMAKURTHY
Head/Principal Name: Veeranala Subramanyam","Address : NEAR BUSTAND, CHIMAKURTHY , CHIMAKURTHY
Website : https://nadunedu.se.ap.gov.in/cbse/cbse/28182901213"
624,"Aff. No. :120412
Sch. Code:58473","State : ANDHRA PRADESH
District : PRAKASAM",Senior Secondary Level,"Name : KGBV TALLURU
Head/Principal Name: P SUJITHA","Address : TALLURU MANDAL, 523264
Website : https://nadunedu.se.ap.gov.in/cbse/cbse/28181500516"
625,"Aff. No. :120439
Sch. Code:58500","State : ANDHRA PRADESH
District : PRAKASAM",Senior Secondary Level,"Name : APRS GIRLSAMMANA BROLU
Head/Principal Name: A SAILAJA PRIYADARSHINI","Address : OPPOSITE S.C BOYS HOSTEL, AMMANABROLU
Website : https://nadunedu.se.ap.gov.in/cbse/cbse/28184500810"
626,"Aff. No. :120446
Sch. Code:58507","State : ANDHRA PRADESH
District : PRAKASAM",Senior Secondary Level,"Name : AP MODEL SCHOOL KANIGIRI
Head/Principal Name: VEMU VENKATA RAMANAIAH","Address : KANIGIRI, KANIGIRI
Website : https://nadunedu.se.ap.gov.in/cbse/cbse/28183100982"
627,"Aff. No. :100052
Sch. Code:59344","State : ANDHRA PRADESH
District : PRAKASAM",Senior Secondary Level,"Name : PM SHRI KENDRIYA VIDYALAYA
Head/Principal Name: MANEESH KUMAR MUNDOTIA","Address : PVR MUNCIPAL BOYS HIGH SCHOOL CAMPUS, ONGOLE, DISTT. PRAKASAM, ANDHRA PRADESH
Website : https://ongole.kvs.ac.in/"
628,"Aff. No. :100061
Sch. Code:59359","State : ANDHRA PRADESH
District : PRAKASAM",Secondary Level,"Name : PM SHRI KENDRIYA VIDYALAYA RAJAMPALLI
Head/Principal Name: MAHAVIR SINGH","Address : KENDRIYA VIDYALAYA, RAJAMPALLI GODRALIKONDA TIRUMALANADHA SWAMI TEMPLE PREMISES, RAJAMPALLI VILLAGE, PEDDARAVEEDU MANDAL, MARKAPUR DIVISION, POST- CHETLAMITLA, PRAKASHAM DISTT (A.P)-523320
Website : https://rajampalli.kvs.ac.in"
629,"Aff. No. :120004
Sch. Code:59367","State : ANDHRA PRADESH
District : PRAKASAM",Senior Secondary Level,"Name : EKLAVYA MODEL RESIDENTIAL SCHOOL
Head/Principal Name: ISHWAR SINGH","Address : DNALA, PRAKASAM, ANDHRA PRADESH-523331
Website : https://twreis.apcfss.in/emrs-dornala.edu"
630,"Aff. No. :120161
Sch. Code:58222","State : ANDHRA PRADESH
District : PRAKASAM",Senior Secondary Level,"Name : GOVT ASHR HS MURIKIMALLA
Head/Principal Name: V BAYANNA","Address : GOVT.TW ASHRAM HIGH SCHOOL, MURIKIMALLA , GOVT.TW ASHRAM HIGH SCHOOL, MURIKILLA VI
Website : https://nadunedu.se.ap.gov.in/cbse/cbse/28180200102"
631,"Aff. No. :120181
Sch. Code:58242","State : ANDHRA PRADESH
District : PRAKASAM",Senior Secondary Level,"Name : KGBV TRIPURANTHAKAM
Head/Principal Name: P VASUMATHI","Address : NSP COLONY, TRIPURANTHAKAM , TRIPURANTHAKAM
Website : https://nadunedu.se.ap.gov.in/cbse/cbse/28180300917"
632,"Aff. No. :120192
Sch. Code:58253","State : ANDHRA PRADESH
District : PRAKASAM",Senior Secondary Level,"Name : KGBV. KOTHAPATNAM
Head/Principal Name: VATTEM ARUNA KUMARI","Address : MOTUMALA, KOTHAPATNAM
Website : https://nadunedu.se.ap.gov.in/cbse/cbse/28184700326"
633,"Aff. No. :120197
Sch. Code:58258","State : ANDHRA PRADESH
District : PRAKASAM",Senior Secondary Level,"Name : KGBV PONNALUR
Head/Principal Name: BODA SUBHASHINI","Address : MALEPADU, MALEPADU, MALEPADU (V), PONNALUR (M)
Website : https://nadunedu.se.ap.gov.in/cbse/cbse/28184101312"
634,"Aff. No. :120167
Sch. Code:58228","State : ANDHRA PRADESH
District : PRAKASAM",Senior Secondary Level,"Name : GOVT.HS YERRAGONDA PALEM
Head/Principal Name: RAMA DEVI KARI","Address : YERRAGONDAPALEM, YERRAGONDAPALEM
Website : https://nadunedu.se.ap.gov.in/cbse/cbse/28180101717"
635,"Aff. No. :120169
Sch. Code:58230","State : ANDHRA PRADESH
District : PRAKASAM",Senior Secondary Level,"Name : GOVT.HS PODILI
Head/Principal Name: PATTAN KARIMUN BIBI","Address : PODILI, PODILI
Website : https://nadunedu.se.ap.gov.in/cbse/cbse/28181202236"
636,"Aff. No. :120174
Sch. Code:58235","State : ANDHRA PRADESH
District : PRAKASAM",Senior Secondary Level,"Name : KGBV PULLALA CHERUVU
Head/Principal Name: P Lilly prakasavani","Address : GOVERNMENT.HOSPITAL, MANDAL
Website : https://nadunedu.se.ap.gov.in/cbse/cbse/28180200809"
637,"Aff. No. :120194
Sch. Code:58255","State : ANDHRA PRADESH
District : PRAKASAM",Senior Secondary Level,"Name : KGBV. KBITRAGUNTA
Head/Principal Name: NADELLA SRAVANTHI","Address : ZPHS SCHOOL K BITRAGUNTA , KGBV K. BITRAGUNTA ZARUGUMALLI MANDAL
Website : https://nadunedu.se.ap.gov.in/cbse/cbse/28184902010"
638,"Aff. No. :120195
Sch. Code:58256","State : ANDHRA PRADESH
District : PRAKASAM",Senior Secondary Level,"Name : ZPHSC.S.PURAM
Head/Principal Name: SK KHADARUNNEESA BEGUM","Address : KOVILPADU ROAD, CS PURAM MANDAL
Website : https://nadunedu.se.ap.gov.in/cbse/cbse/28183802005"
639,"Aff. No. :120208
Sch. Code:58269","State : ANDHRA PRADESH
District : PRAKASAM",Senior Secondary Level,"Name : AP MODEL SCHOOL MALLIKARJUNAPURAM
Head/Principal Name: B V SATISH KUMAR","Address : MALLIKARJUNAPURAM , P.DORNALA MANDAL
Website : https://nadunedu.se.ap.gov.in/cbse/cbse/28180702202"
640,"Aff. No. :120209
Sch. Code:58270","State : ANDHRA PRADESH
District : PRAKASAM",Senior Secondary Level,"Name : KGBV MARKAPUR
Head/Principal Name: GVijayalakshmi","Address : KGBV RAYAVARAM VILLAGE,TUMMALACHERUVU RO, KGBV RAYAVARAM VILLAGE,MARKAPUR MANDAL
Website : https://nadunedu.se.ap.gov.in/cbse/cbse/28180990461"
641,"Aff. No. :120213
Sch. Code:58274","State : ANDHRA PRADESH
District : PRAKASAM",Senior Secondary Level,"Name : KGBV DONAKONDA
Head/Principal Name: G MAMATHA","Address : NARASIMHANAYUNI PALEM, DONAKONDA
Website : https://nadunedu.se.ap.gov.in/cbse/cbse/28180501104"
642,"Aff. No. :120226
Sch. Code:58287","State : ANDHRA PRADESH
District : PRAKASAM",Senior Secondary Level,"Name : KGBV DORNALA
Head/Principal Name: L ANUSHA","Address : SRISAILAM ROAD, DORNALA
Website : https://nadunedu.se.ap.gov.in/cbse/cbse/28180700714"
643,"Aff. No. :120230
Sch. Code:58291","State : ANDHRA PRADESH
District : PRAKASAM",Senior Secondary Level,"Name : KGBV-DARSI
Head/Principal Name: Yarramsetty Aruna","Address : OPPOSITE MODEL SCHOOL, DARSI
Website : https://nadunedu.se.ap.gov.in/cbse/cbse/28181301156"
644,"Aff. No. :120215
Sch. Code:58276","State : ANDHRA PRADESH
District : PRAKASAM",Senior Secondary Level,"Name : AP MODEL SCHOOL MARKAPUR
Head/Principal Name: VENUGOPAL BANDLAMUDI","Address : MITTAMIDIPALLI , MARKAPUR
Website : https://nadunedu.se.ap.gov.in/cbse/cbse/28180900917"
645,"Aff. No. :120216
Sch. Code:58277","State : ANDHRA PRADESH
District : PRAKASAM",Senior Secondary Level,"Name : KGBV. KONAKANAMITLA
Head/Principal Name: RAGHAVA SUREKHA","Address : GOTLAGATTU VILLAGE , KONAKANAMITLA (MD)
Website : https://nadunedu.se.ap.gov.in/cbse/cbse/28181101907"
646,"Aff. No. :120223
Sch. Code:58284","State : ANDHRA PRADESH
District : PRAKASAM",Senior Secondary Level,"Name : KGBV KURICHEDU
Head/Principal Name: SINGAMSETTY PADMAVATHI","Address : WESTVEERAYAPALEM VIL , KURICHEDU
Website : https://nadunedu.se.ap.gov.in/cbse/cbse/28180401113"
647,"Aff. No. :120224
Sch. Code:58285","State : ANDHRA PRADESH
District : PRAKASAM",Senior Secondary Level,"Name : KGBV-TARLUPADU
Head/Principal Name: S MARUTHI DEVI","Address : KALUJUVVALAPADU VILLAGE , TARLUPADU MANDAL
Website : https://nadunedu.se.ap.gov.in/cbse/cbse/28181001415"
648,"Aff. No. :120265
Sch. Code:58326","State : ANDHRA PRADESH
District : PRAKASAM",Senior Secondary Level,"Name : KGBV. P.C.PALLI
Head/Principal Name: BALASANI SUJATHA","Address : P. C. PALLI, P. C. PALLI
Website : https://nadunedu.se.ap.gov.in/cbse/cbse/28184001015"
649,"Aff. No. :120259
Sch. Code:58320","State : ANDHRA PRADESH
District : PRAKASAM",Senior Secondary Level,"Name : AP MODEL SCHOOL RACHERLA
Head/Principal Name: G SUDHAKARA RAO","Address : RACHERLA, RACHERLA
Website : https://nadunedu.se.ap.gov.in/cbse/cbse/28183501021"
650,"Aff. No. :120256
Sch. Code:58317","State : ANDHRA PRADESH
District : PRAKASAM",Senior Secondary Level,"Name : KGBV CSPURAM
Head/Principal Name: SK RESHMA","Address : C.S.PURAM, C.SPURAM
Website : https://nadunedu.se.ap.gov.in/cbse/cbse/28183802013"
651,"Aff. No. :120235
Sch. Code:58296","State : ANDHRA PRADESH
District : PRAKASAM",Senior Secondary Level,"Name : KGBVB.PETA
Head/Principal Name: Ch v satyavathi","Address : OPPOSITE GHS BPETA, BPETA
Website : https://nadunedu.se.ap.gov.in/cbse/cbse/28183390112"
652,"Aff. No. :120243
Sch. Code:58304","State : ANDHRA PRADESH
District : PRAKASAM",Senior Secondary Level,"Name : KGBV ARDHAVEEDU
Head/Principal Name: YERUVA MALATHI","Address : BESIDE OF APSWR JUNIOR COLLEGE , ARDHAVEEDU
Website : https://nadunedu.se.ap.gov.in/cbse/cbse/28180800914"
653,"Aff. No. :120247
Sch. Code:58308","State : ANDHRA PRADESH
District : PRAKASAM",Senior Secondary Level,"Name : KGBV KANIGIRI
Head/Principal Name: SD HASEENA BEGAM","Address : PERUMGUDI PALLI, KANIGIRI
Website : https://nadunedu.se.ap.gov.in/cbse/cbse/28183100951"
654,"Aff. No. :120304
Sch. Code:58365","State : ANDHRA PRADESH
District : PRAKASAM",Senior Secondary Level,"Name : KGBV MARRIPUDI
Head/Principal Name: KETHAVATH CHINNA SITHA BAI","Address : RV PALLEM, MARRIPUDI
Website : https://nadunedu.se.ap.gov.in/cbse/cbse/28183000510"
655,"Aff. No. :120295
Sch. Code:58356","State : ANDHRA PRADESH
District : PRAKASAM",Senior Secondary Level,"Name : AP MODEL SCHOOL DARSI
Head/Principal Name: HASEENA BANU S","Address : KURICHEDU ROAD, SANTHINAGAR , DARSI
Website : https://nadunedu.se.ap.gov.in/cbse/cbse/28181301184"
656,"Aff. No. :120272
Sch. Code:58333","State : ANDHRA PRADESH
District : PRAKASAM",Senior Secondary Level,"Name : KGBV MUNDLAMUR
Head/Principal Name: A SUNITHA","Address : MUNDLAMURU, MUNDLAMURU
Website : https://nadunedu.se.ap.gov.in/cbse/cbse/28181402406"
657,"Aff. No. :120278
Sch. Code:58339","State : ANDHRA PRADESH
District : PRAKASAM",Senior Secondary Level,"Name : AP MODEL SCHOOL-MUNDLAMURU
Head/Principal Name: K Poornachandra rao","Address : MUNDLAMUR, NEAR KGVB
Website : https://nadunedu.se.ap.gov.in/cbse/cbse/28181402407"
658,"Aff. No. :120343
Sch. Code:58404","State : ANDHRA PRADESH
District : PRAKASAM",Senior Secondary Level,"Name : KGBV KOMAROLU
Head/Principal Name: MANDA ROSE SULOCHANA","Address : KGBV RAJUPALEM BEHIND PHC CENTER, KGBV KOMAROLE MANDAL
Website : https://nadunedu.se.ap.gov.in/cbse/cbse/28183700513"
659,"Aff. No. :120316
Sch. Code:58377","State : ANDHRA PRADESH
District : PRAKASAM",Senior Secondary Level,"Name : WCSVPIAFAPRSBOYSGANGAVARAM
Head/Principal Name: DUBBAKU NAGESWARARAO","Address : SANTHANUTHALAPADU, SANTHANUTHALAPADU
Website : https://nadunedu.se.ap.gov.in/cbse/cbse/28184300713"
660,"Aff. No. :120383
Sch. Code:58444","State : ANDHRA PRADESH
District : PRAKASAM",Senior Secondary Level,"Name : KGBV.H.M.PADU
Head/Principal Name: K Indira Suhasini","Address : KGBVIDYALAYAM,HANUMANTHUNIPADU, H.M.PADU
Website : https://nadunedu.se.ap.gov.in/cbse/cbse/28183202408"
661,"Aff. No. :120357
Sch. Code:58418","State : ANDHRA PRADESH
District : PRAKASAM",Senior Secondary Level,"Name : KGBV RACHARLA
Head/Principal Name: D MALAKONDAMMA","Address : RACHERLA , RACHERLA
Website : https://nadunedu.se.ap.gov.in/cbse/cbse/28183501019"
662,"Aff. No. :120355
Sch. Code:58416","State : ANDHRA PRADESH
District : PRAKASAM",Senior Secondary Level,"Name : KGBV.PAMURU
Head/Principal Name: KATAKAM SAJANA","Address : PAMURU, PAMURU
Website : https://nadunedu.se.ap.gov.in/cbse/cbse/28185290623"
663,"Aff. No. :120749
Sch. Code:58811","State : ANDHRA PRADESH
District : PRAKASAM",Senior Secondary Level,"Name : AP RESIDENTIAL SCHOOL FOR BOYS GANAPAVARAM
Head/Principal Name: MOHAN REDDY GANTA","Address : GANAPAVARAM VLI, TRIPURANTHAKAM MANDAL
Website : https://nadunedu.se.ap.gov.in/cbse/cbse/28180300509"
664,"Aff. No. :120731
Sch. Code:58793","State : ANDHRA PRADESH
District : PRAKASAM",Senior Secondary Level,"Name : GOVT.HS DARSI
Head/Principal Name: SHAIK KALESHAVALI","Address : NEAR CLOCK TOWER, DARSI ,DARSI MANDAL
Website : https://nadunedu.se.ap.gov.in/cbse/cbse/28181301118"
665,"Aff. No. :120903
Sch. Code:58965","State : ANDHRA PRADESH
District : PRAKASAM",Senior Secondary Level,"Name : ZPHS PIDIKITIVARI PALLI
Head/Principal Name: J KATAM RAJU","Address : PIDIKITIVARIPALLI VILLAGE PULLALACHERUVU, PIDIKITIVARIPALLI VILLAGE PULLALACHERUVU
Website : https://nadunedu.se.ap.gov.in/cbse/cbse/28180201210"
666,"Aff. No. :120919
Sch. Code:58981","State : ANDHRA PRADESH
District : PRAKASAM",Senior Secondary Level,"Name : APSWRS ARDHAVEEDU
Head/Principal Name: B BALARAMI REDDY","Address : MAIN ROAD, ARDHAVEEDU
Website : https://nadunedu.se.ap.gov.in/cbse/cbse/28180800910"
667,"Aff. No. :120927
Sch. Code:58989","State : ANDHRA PRADESH
District : PRAKASAM",Senior Secondary Level,"Name : P.V.R.MPL.BOYS H SONGOLE
Head/Principal Name: M RADHIKA","Address : NEAR RANGARAYUDU CHERUVU, ONGOLE
Website : https://nadunedu.se.ap.gov.in/cbse/cbse/28184490555"
668,"Aff. No. :120936
Sch. Code:58998","State : ANDHRA PRADESH
District : PRAKASAM",Senior Secondary Level,"Name : D.R.R.M.M.H SSANTHAPET
Head/Principal Name: P VENKATRAO","Address : NEAR NELLORE BUS STAND, ONGOLE
Website : https://nadunedu.se.ap.gov.in/cbse/cbse/28184490557"
669,"Aff. No. :120855
Sch. Code:58917","State : ANDHRA PRADESH
District : PRAKASAM",Senior Secondary Level,"Name : APSWR SCHOOL FOR BOYS
Head/Principal Name: K AARON BABU","Address : KURICHEDU, KURICHEDU
Website : https://nadunedu.se.ap.gov.in/cbse/cbse/28180401129"
670,"Aff. No. :120872
Sch. Code:58934","State : ANDHRA PRADESH
District : PRAKASAM",Senior Secondary Level,"Name : S S K C M ZPHSSANTHANUTHALAPADU
Head/Principal Name: PENUBOTHU RAMARAO","Address : BESIDE MEO OFFICE, S.N PADU, S. N. PADU
Website : https://nadunedu.se.ap.gov.in/cbse/cbse/28184300712"
671,"Aff. No. :121013
Sch. Code:59132","State : ANDHRA PRADESH
District : PRAKASAM",Senior Secondary Level,"Name : APSWRS CHIMAKURTHY
Head/Principal Name: ATLURI FLARENCE","Address : N.S.P.COLONY, CHIMAKURTHY, N.S.P. COLONY , CHIMAKURTHY
Website : https://nadunedu.se.ap.gov.in/cbse/cbse/28182901214"
672,"Aff. No. :121014
Sch. Code:59133","State : ANDHRA PRADESH
District : PRAKASAM",Senior Secondary Level,"Name : APSWR SRACHERLA
Head/Principal Name: ALURI VIJAYA SANJEEVI","Address : NEAR RACHERLA FARM, RACHERLA , PRINCIPAL QUARTERS,AP.BALAYOGI GURUKULA
Website : https://nadunedu.se.ap.gov.in/cbse/cbse/28183501014"
673,"Aff. No. :120999
Sch. Code:59118","State : ANDHRA PRADESH
District : PRAKASAM",Senior Secondary Level,"Name : APSWRS BOYS NSP COLONY
Head/Principal Name: SOMINENI MADHAVA RAO","Address : NSP COLONY, DARSI
Website : https://nadunedu.se.ap.gov.in/cbse/cbse/28181301119"
674,"Aff. No. :121000
Sch. Code:59119","State : ANDHRA PRADESH
District : PRAKASAM",Senior Secondary Level,"Name : APSWRS KONDEPI
Head/Principal Name: SATULURI ARUNA","Address : KONDEPI, VILLAGE KONDEPI, MANDALAM, PRAK, KONDEPI, VILLAGE, KONDEPI, MANDALAM, PRA
Website : https://nadunedu.se.ap.gov.in/cbse/cbse/28184201608"
675,"Aff. No. :121061
Sch. Code:59180","State : ANDHRA PRADESH
District : PRAKASAM",Senior Secondary Level,"Name : ZPHS KANCHARLAVARI PALLI
Head/Principal Name: CH VIJAYABHASKAR REDDY","Address : KANCHARLAVARIPALLI, KANIGIRI
Website : https://nadunedu.se.ap.gov.in/cbse/cbse/28183102902"
676,"Aff. No. :121043
Sch. Code:59162","State : ANDHRA PRADESH
District : PRAKASAM",Senior Secondary Level,"Name : ZPHS PULLALA CHERUVU
Head/Principal Name: UmamaheswaraRao","Address : NEAR OVERHEADTANK, PULLALACHERUVU
Website : https://nadunedu.se.ap.gov.in/cbse/cbse/28180200807"
677,"Aff. No. :121029
Sch. Code:59148","State : ANDHRA PRADESH
District : PRAKASAM",Senior Secondary Level,"Name : APSWRS JRC VELUGONDA
Head/Principal Name: SREERAM KOTESWARA RAO","Address : NEAR ITI COLLEGE , GARLADINNE VILLAGE, KONAKANAMITLA MANDAL
Website : https://nadunedu.se.ap.gov.in/cbse/cbse/28181101305"
678,"Aff. No. :130115
Sch. Code:57063","State : ANDHRA PRADESH
District : PRAKASAM",Secondary Level,"Name : SAI BABA CENTRAL SCHOOL
Head/Principal Name: J Sasi Lakshmi","Address : ONGOLE, PRAKASAM, ANDHRA PRADESH
Website : www.saibabaschool.com"
679,"Aff. No. :121110
Sch. Code:59236","State : ANDHRA PRADESH
District : PRAKASAM",Senior Secondary Level,"Name : GOVT.H S DORNALA
Head/Principal Name: SONTI VENKATA NARAYANA REDDY","Address : BESIDE BUS STAND , P. DORNALA
Website : https://nadunedu.se.ap.gov.in/cbse/cbse/28180700712"
680,"Aff. No. :130198
Sch. Code:57065","State : ANDHRA PRADESH
District : PRAKASAM",Secondary Level,"Name : Q.I.S.U.P SCHOOL
Head/Principal Name: SREENIVASA RAO MUNDLAMURI","Address : VENGAMUKKAPALEM ONGOLE MANDAL PARKASAM DISTT. ANDHRA PRADESH
Website : http://qisps.edu.in"
681,"Aff. No. :130281
Sch. Code:57111","State : ANDHRA PRADESH
District : PRAKASAM",Senior Secondary Level,"Name : SRI SARADHA NIKETHAN PUBLIC SCHOOL
Head/Principal Name: EADARA SUNEEL","Address : SRI SARADHA NIKETHAN PUBLIC SCHOOL MARTUR -523301
Website : 0"
682,"Aff. No. :130380
Sch. Code:57129","State : ANDHRA PRADESH
District : PRAKASAM",Secondary Level,"Name : M.J.R. VIDYA EM HIGH SCHOOL
Head/Principal Name: Shaik Alli Saheb","Address : CHALLAREDDY PALEM, VETAPALEM (M), PRAKASAM DT.
Website : www.vidyainstitutions.org"
683,"Aff. No. :130504
Sch. Code:57207","State : ANDHRA PRADESH
District : PRAKASAM",Senior Secondary Level,"Name : NEXTGEN INTERNATIONAL SCHOOL
Head/Principal Name: R L V RAMESH","Address : KOTHAPATNAM ROAD, KOPPOLE ONGOLE
Website : www.nextgenschool.in"
684,"Aff. No. :130528
Sch. Code:57227","State : ANDHRA PRADESH
District : PRAKASAM",Senior Secondary Level,"Name : PRIDE EM HIGH SCHOOL
Head/Principal Name: BALAPALLI ASHOK BABU","Address : KARAMCHEDU ROAD PERALA. CHIRALA MANDAL PRAKASAM DT 523157
Website : http://www.prideinternationalschool.com"
685,"Aff. No. :130619
Sch. Code:56233","State : ANDHRA PRADESH
District : PRAKASAM",Secondary Level,"Name : ALTUS HIGH SCHOOL
Head/Principal Name: RAMAN REGHUNATH","Address : RAMAPURAM BEACH ROAD, CHIRALA ENGINEERING COLLEGE CAMPUS,AKKAIPALEM VILLAGE ,CHIRALA
Website : www.altusschool.co.in"
686,"Aff. No. :130707
Sch. Code:56554","State : ANDHRA PRADESH
District : PRAKASAM",Secondary Level,"Name : KAMALA HIGH SCHOOL
Head/Principal Name: Shaik Ismail Shareef","Address : RAMACHANDRAPURAM (P), MARKAPUR (M)
Website : www.kamalaeducation.org"
687,"Aff. No. :130803
Sch. Code:57404","State : ANDHRA PRADESH
District : PRAKASAM",Senior Secondary Level,"Name : SRI KANCHI KAMAKOTI SANKARA VIDYALAYA
Head/Principal Name: PADMA GAYATHRI","Address : SANATANA DHARMA SEVA GRAMAM, OBULAKKAPALLE, PODILI MANDAL
Website : https://sdsgsv.org/"
688,"Aff. No. :130757
Sch. Code:56869","State : ANDHRA PRADESH
District : PRAKASAM",Secondary Level,"Name : ST XAVIER""S HIGH SCHOOL
Head/Principal Name: VADDEMPUDI SUDHAVANI","Address : KARNOOL ROAD, , ONGOLE, PRAKASAM
Website : https://www.stxhsogl.com"
689,"Aff. No. :130766
Sch. Code:56969","State : ANDHRA PRADESH
District : PRAKASAM",Secondary Level,"Name : HYDERABAD UPPER PRIMARY SCHOOL
Head/Principal Name: MAHESH MALISETTY","Address : D NO 37-76-301, KOTTA MAMIDIPALEM, MANGAMOOR ROAD, ONGOLE
Website : www.hpso.in"
690,"Aff. No. :130747
Sch. Code:56749","State : ANDHRA PRADESH
District : PRAKASAM",Secondary Level,"Name : ROCKWELL SCHOOL
Head/Principal Name: A NAVEEN KUMAR","Address : BODAPADU ROAD, MARKAPUR, MARKAPUR MANDAL
Website : www.rockwellmarkapur.com"
691,"Aff. No. :140009
Sch. Code:59328","State : ANDHRA PRADESH
District : PRAKASAM",Senior Secondary Level,"Name : PM SHRI SCHOOL JAWAHAR NAVODAYA VIDYALAYA
Head/Principal Name: C SIVARAM","Address : N S C AREA ONGOLE PRAKASAM DISTT. ANDHRA PRADESH
Website : https://navodaya.gov.in/nvs/nvs-school/PRAKASAM-1/"
692,"Aff. No. :140025
Sch. Code:59348","State : ANDHRA PRADESH
District : PRAKASAM",Senior Secondary Level,"Name : PM SHRI SCHOOL JAWAHAR NAVODAYA VIDYALAYA NO. 2
Head/Principal Name: SRINIVASA RAO Y","Address : KALUJUVVALAPADU (POST), KONAKANAMITLA (S.O.), PRAKASAM (DIST), ANDHRA PRADESH
Website : www.navodaya.gov.in/nvs/nvs-school/PRAKASAM-2/en/"
693,"Aff. No. :140020
Sch. Code:59330","State : ANDHRA PRADESH
District : SRIKAKULAM",Senior Secondary Level,"Name : PM SHRI SCHOOL JAWAHAR NAVODAYA VIDYALAYA
Head/Principal Name: B BETHANASAMY","Address : SARUBUJJILI LAKSHMI NARSUPETA VENNELAVALASA SRIKAKULAM DIST. ANDHRA PRADESH
Website : http://surl.li/agthu"
694,"Aff. No. :130816
Sch. Code:23850","State : ANDHRA PRADESH
District : SRIKAKULAM",Secondary Level,"Name : ALPHA GEN SCHOOL
Head/Principal Name: Shobha Mishra","Address : SS PURAM, AKKAVARAM, TEKKALI
Website : www.alphagenschool.com"
695,"Aff. No. :130746
Sch. Code:56736","State : ANDHRA PRADESH
District : SRIKAKULAM",Secondary Level,"Name : R.C.M ST. JOHN'S EM SCHOOL
Head/Principal Name: SISTER MARIA JOSPHINA","Address : NEAR K.R.STADIUM, SRIKAKULAM DISTRICT
Website : https://www.rcmstjohnschool.com/"
696,"Aff. No. :130781
Sch. Code:57271","State : ANDHRA PRADESH
District : SRIKAKULAM",Secondary Level,"Name : INTERNATIONAL DELHI PUBLIC SCHOOL
Head/Principal Name: T ARJUN CHAKRAVARTHY","Address : VADADA JN ,VOPPANGI PANCHAYAT , VOPPANGI RURAL ,SRIKAKULAM., 532401
Website : www.idpssrikakulam.com"
697,"Aff. No. :130709
Sch. Code:56557","State : ANDHRA PRADESH
District : SRIKAKULAM",Senior Secondary Level,"Name : NER SCHOOL OF EXCELLENCE
Head/Principal Name: Sridevi Mahanty","Address : SRIKAKULAM DISTRICT, ANDHRA PRADESH - 532407
Website : www.nerschool.com"
698,"Aff. No. :130523
Sch. Code:56362","State : ANDHRA PRADESH
District : SRIKAKULAM",Secondary Level,"Name : BS & JR HIGH SCHOOL
Head/Principal Name: HANUMANTHU SOMESWARA RAO","Address : OLD NH5, TEKKALI MANDAL, SRIKAKULAM DISTRICT, AP-532201
Website : www.bsjrhighschool.org"
699,"Aff. No. :130489
Sch. Code:57193","State : ANDHRA PRADESH
District : SRIKAKULAM",Senior Secondary Level,"Name : GAYATRI SCHOOL
Head/Principal Name: RAVIKIRAN BANKUPALLI","Address : GURAJADA EDUCATIONAL SOCIETY MUNASABPETA SRIKAKULAM-532401 ANDHRA PRADESH INDIA
Website : http://gayatrischool.edu.in/"
700,"Aff. No. :130344
Sch. Code:57120","State : ANDHRA PRADESH
District : SRIKAKULAM",Senior Secondary Level,"Name : CARMEL ENGLISH SCHOOL
Head/Principal Name: RANJIT KUMAR PAIK","Address : AT/PO-KALLATA, MANDAL. HIRAMANDALAM, DIST-SRIKAKULAM, STATE-ANDHRA PRADESH, PIN-532214
Website : www.carmelkallata.org"
701,"Aff. No. :130358
Sch. Code:57124","State : ANDHRA PRADESH
District : SRIKAKULAM",Senior Secondary Level,"Name : AKSHARA THE SCHOOL
Head/Principal Name: LOPINTI SUJATA","Address : AKSHARA NAGAR, ALL ANDHRA ROAD, PATHAPATANAM
Website : www.aksharaschoolcbse.com"
702,"Aff. No. :130216
Sch. Code:57073","State : ANDHRA PRADESH
District : SRIKAKULAM",Secondary Level,"Name : SEETHA MAHALAKSHMI DAV PUBLIC SCHOOL
Head/Principal Name: MADDULA VENKATRAMI REDDY","Address : ANNAVARAM VILLAGE, PALKONDA
Website : www.smldav.org"
703,"Aff. No. :130173
Sch. Code:57057","State : ANDHRA PRADESH
District : SRIKAKULAM",Senior Secondary Level,"Name : GMR VARALAKSHMI DAV PUBLIC SCHOOL
Head/Principal Name: VIJAYAKUMARA G","Address : VIDYASHRAM GMR NAGAR RAJAM, SRIKAKULAM DISTT., ANDHRA PRADESH
Website : https://gmrvdav.org"
704,"Aff. No. :121099
Sch. Code:59225","State : ANDHRA PRADESH
District : SRIKAKULAM",Senior Secondary Level,"Name : APTWRS BOYS PEDDAMADI
Head/Principal Name: GARA AJIT KUMAR","Address : PEDDAMADI-VILL., TEKKALIPATNAM-POST., ME, PALASA
Website : https://nadunedu.se.ap.gov.in/cbse/cbse/28112604607"
705,"Aff. No. :121085
Sch. Code:59211","State : ANDHRA PRADESH
District : SRIKAKULAM",Senior Secondary Level,"Name : MPL HS PURUSHOTTAPURAM
Head/Principal Name: YAJJALA LATHA","Address : PUSHPA GIRI TEMPLE, ICHAPURAM MUNCIPALITY
Website : https://nadunedu.se.ap.gov.in/cbse/cbse/28113790219"
706,"Aff. No. :121088
Sch. Code:59214","State : ANDHRA PRADESH
District : SRIKAKULAM",Senior Secondary Level,"Name : KGBV PATAPATNAM
Head/Principal Name: ARUNA NAIDU","Address : INDIRAMMA COLONY, SAIBABA TEMPLE
Website : https://nadunedu.se.ap.gov.in/cbse/cbse/28112502224"
707,"Aff. No. :121092
Sch. Code:59218","State : ANDHRA PRADESH
District : SRIKAKULAM",Senior Secondary Level,"Name : AVNMHS GUJARATHIPETA
Head/Principal Name: P INDIRA MANI","Address : JAGANNADHA TEMPLE, SRIKAKULAM, SRIKAKULAM
Website : https://nadunedu.se.ap.gov.in/cbse/cbse/28111990656"
708,"Aff. No. :121137
Sch. Code:59269","State : ANDHRA PRADESH
District : SRIKAKULAM",Senior Secondary Level,"Name : TPMHS CB ROAD
Head/Principal Name: MENDA CHANDRASEKHARA RAO","Address : SRIKAKULAM , SRIKAKULAM
Website : https://nadunedu.se.ap.gov.in/cbse/cbse/28111990658"
709,"Aff. No. :121147
Sch. Code:59279","State : ANDHRA PRADESH
District : SRIKAKULAM",Senior Secondary Level,"Name : KGBV SANTHABOMMALI
Head/Principal Name: URJAPU LAKSHMI","Address : POLICE STATION BACK SIDE, SANTHABOMMALI VILL,POST,MANDAL
Website : https://nadunedu.se.ap.gov.in/cbse/cbse/28112903103"
710,"Aff. No. :130144
Sch. Code:57046","State : ANDHRA PRADESH
District : SRIKAKULAM",Senior Secondary Level,"Name : GNANABHARATI ENGLISH MEDIUM SCHOOL
Head/Principal Name: INDU BHUSAN PANDA","Address : DABHURI STREET ICHAPURAM SRIKAKULAM ICHAPURAM ANDHRA PRADESH
Website : www.gnanabharatiswatch.edu.in"
711,"Aff. No. :121048
Sch. Code:59167","State : ANDHRA PRADESH
District : SRIKAKULAM",Senior Secondary Level,"Name : ZPHS SINGUPURAM
Head/Principal Name: KANITHI TIRUMALADEVI","Address : NEAR OMSANTHI, SINGUPURAM , SINGUPURAM
Website : https://nadunedu.se.ap.gov.in/cbse/cbse/28111901608"
712,"Aff. No. :121024
Sch. Code:59143","State : ANDHRA PRADESH
District : SRIKAKULAM",Senior Secondary Level,"Name : ZPHS KODURU
Head/Principal Name: ARAVELLI SRINIVASA RAO","Address : KODURU , NARASANNAPETA
Website : https://nadunedu.se.ap.gov.in/cbse/cbse/28112101207"
713,"Aff. No. :121074
Sch. Code:59193","State : ANDHRA PRADESH
District : SRIKAKULAM",Senior Secondary Level,"Name : GHS PATHAPATNAM
Head/Principal Name: SANAPALA VAIKUNTA RAO","Address : NEAR PANCHAYAT OFFICE, PATHAPATNAM
Website : https://nadunedu.se.ap.gov.in/cbse/cbse/28112502212"
714,"Aff. No. :121075
Sch. Code:59194","State : ANDHRA PRADESH
District : SRIKAKULAM",Senior Secondary Level,"Name : KGBV JALUMURU
Head/Principal Name: A YASODA","Address : JALUMURU, JALUMURU
Website : https://nadunedu.se.ap.gov.in/cbse/cbse/28112303212"
715,"Aff. No. :121001
Sch. Code:59120","State : ANDHRA PRADESH
District : SRIKAKULAM",Senior Secondary Level,"Name : ZPHS KOTABOMMALI
Head/Principal Name: DABBIRU GOVINDARAO","Address : OLD BUS STAND, KOTABOMMALI
Website : https://nadunedu.se.ap.gov.in/cbse/cbse/28112802413"
716,"Aff. No. :121002
Sch. Code:59121","State : ANDHRA PRADESH
District : SRIKAKULAM",Senior Secondary Level,"Name : AP MODEL SCHOOLSOMPETA
Head/Principal Name: CHINNAJI VARMA DUMPALA","Address : MOGALI KOTTHURU, SOMPETA
Website : https://nadunedu.se.ap.gov.in/cbse/cbse/28113401320"
717,"Aff. No. :121007
Sch. Code:59126","State : ANDHRA PRADESH
District : SRIKAKULAM",Senior Secondary Level,"Name : KGBV SARAVAKOTA
Head/Principal Name: KARRA SANTHOSHI","Address : MAIN ROAD SARAVAKOTA BESIDES POLICE STAT, MAIN ROAD SARAVAKOTA BESIDES PHC SARAVAK
Website : https://nadunedu.se.ap.gov.in/cbse/cbse/28112402609"
718,"Aff. No. :120986
Sch. Code:59105","State : ANDHRA PRADESH
District : SRIKAKULAM",Senior Secondary Level,"Name : ZPHS JR PURAM
Head/Principal Name: RAMANAYYA","Address : ZP HIGH SCHOOL, JAGANNADARAJAPURAM, RANASTALAM
Website : https://nadunedu.se.ap.gov.in/cbse/cbse/28110700806"
719,"Aff. No. :120951
Sch. Code:59070","State : ANDHRA PRADESH
District : SRIKAKULAM",Senior Secondary Level,"Name : KGBV MANDASA
Head/Principal Name: VASANTI RAGHUPATRUNI","Address : VGPURAM, MANDASA
Website : https://nadunedu.se.ap.gov.in/cbse/cbse/28113302817"
720,"Aff. No. :120949
Sch. Code:59068","State : ANDHRA PRADESH
District : SRIKAKULAM",Senior Secondary Level,"Name : ZPHS CHAPARA
Head/Principal Name: ANGURU GANAPATHIRAO","Address : CHAPARA, MELIAPUTTI MANDAL
Website : https://nadunedu.se.ap.gov.in/cbse/cbse/28112600205"
721,"Aff. No. :120955
Sch. Code:59074","State : ANDHRA PRADESH
District : SRIKAKULAM",Senior Secondary Level,"Name : GHS KAVITI
Head/Principal Name: BENDALAM MALLESWARARAO","Address : NEAR OLD MRO OFFICE. KAVITI , KAVITI
Website : https://nadunedu.se.ap.gov.in/cbse/cbse/28113601419"
722,"Aff. No. :120878
Sch. Code:58940","State : ANDHRA PRADESH
District : SRIKAKULAM",Senior Secondary Level,"Name : KGBV ICHAPURAM
Head/Principal Name: PONNADA SIRISHA","Address : ICHAPURAM , ICHAPURAM
Website : https://nadunedu.se.ap.gov.in/cbse/cbse/28113790227"
723,"Aff. No. :120861
Sch. Code:58923","State : ANDHRA PRADESH
District : SRIKAKULAM",Senior Secondary Level,"Name : ZPHS KASIBUGGA
Head/Principal Name: YAGATI CHINNAM NAIDU","Address : KASIBUGGA,PALASA MDL, PALASA
Website : https://nadunedu.se.ap.gov.in/cbse/cbse/28113290339"
724,"Aff. No. :120819
Sch. Code:58881","State : ANDHRA PRADESH
District : SRIKAKULAM",Senior Secondary Level,"Name : KGBV RANASTALAM
Head/Principal Name: SUNDARIGARI HYMAVATHI","Address : NEAR ZPHS HIGHS SCHOOL LANKAPETA, LANKAPETA
Website : https://nadunedu.se.ap.gov.in/cbse/cbse/28110701913"
725,"Aff. No. :120844
Sch. Code:58906","State : ANDHRA PRADESH
District : SRIKAKULAM",Senior Secondary Level,"Name : KGBV POLAKI
Head/Principal Name: J SARADA","Address : GANGIVALASA, POLAKI
Website : https://nadunedu.se.ap.gov.in/cbse/cbse/28112103417"
726,"Aff. No. :120932
Sch. Code:58994","State : ANDHRA PRADESH
District : SRIKAKULAM",Senior Secondary Level,"Name : KGBV BELLIPUTTUGA
Head/Principal Name: POLLAI LAKSHMIDEVI","Address : KOTTAPLEM, KAVITI
Website : https://nadunedu.se.ap.gov.in/cbse/cbse/28113602004"
727,"Aff. No. :120934
Sch. Code:58996","State : ANDHRA PRADESH
District : SRIKAKULAM",Senior Secondary Level,"Name : KGBV AMADALAVALASA
Head/Principal Name: PASUPULA SIRISHA","Address : THALLAVALASA , AMADALAVALASA
Website : https://nadunedu.se.ap.gov.in/cbse/cbse/28111890176"
728,"Aff. No. :120868
Sch. Code:58930","State : ANDHRA PRADESH
District : SRIKAKULAM",Senior Secondary Level,"Name : KGBV KANCHILI
Head/Principal Name: BENDI RAJANIKUMARI","Address : KANCHILI, JADUPUDI VILLAGE, KANCHILI
Website : https://nadunedu.se.ap.gov.in/cbse/cbse/28113504308"
729,"Aff. No. :120883
Sch. Code:58945","State : ANDHRA PRADESH
District : SRIKAKULAM",Senior Secondary Level,"Name : MPL HS GIRLS ICHAPURAM
Head/Principal Name: MATTIGETTA PADMAVALLI","Address : GOVT HOSPITAL, ICHAPURAM
Website : https://nadunedu.se.ap.gov.in/cbse/cbse/28113790220"
730,"Aff. No. :120890
Sch. Code:58952","State : ANDHRA PRADESH
District : SRIKAKULAM",Senior Secondary Level,"Name : KGBV PONNADA
Head/Principal Name: M SURYAKALA","Address : PONNADA VILLAGE, ETCHERLA MANDAL, SRIKAK, ETCHERLA, SRIKAKULAM
Website : https://nadunedu.se.ap.gov.in/cbse/cbse/28110801105"
731,"Aff. No. :120722
Sch. Code:58784","State : ANDHRA PRADESH
District : SRIKAKULAM",Senior Secondary Level,"Name : KGBV BURJA
Head/Principal Name: KANUGULA GAYATHRI","Address : KOLLIVALASA OPPOSIT ELECTRICAL OFFICE, BURJA MANDA
Website : https://nadunedu.se.ap.gov.in/cbse/cbse/28111102307"
732,"Aff. No. :120723
Sch. Code:58785","State : ANDHRA PRADESH
District : SRIKAKULAM",Senior Secondary Level,"Name : APRS SHERMAHAMMADAPURAM
Head/Principal Name: P SIVA PRASAD","Address : S.M.PURAM, S.M.PURAM
Website : https://nadunedu.se.ap.gov.in/cbse/cbse/28110800314"
733,"Aff. No. :120728
Sch. Code:58790","State : ANDHRA PRADESH
District : SRIKAKULAM",Senior Secondary Level,"Name : APSWRS KANCHILI
Head/Principal Name: SRI BAMMIDI APPARAO","Address : GOLLA JANCHILI,KANCHIL MANDALAM, KANCHILI
Website : https://nadunedu.se.ap.gov.in/cbse/cbse/28113504305"
734,"Aff. No. :120718
Sch. Code:58780","State : ANDHRA PRADESH
District : SRIKAKULAM",Senior Secondary Level,"Name : KGBV G.SIGADAM
Head/Principal Name: D USHA RATNA KUMARI","Address : NEAR BY MRO OFFICE ( GSIGADAM), POGIRI
Website : https://nadunedu.se.ap.gov.in/cbse/cbse/28110501704"
735,"Aff. No. :120709
Sch. Code:58771","State : ANDHRA PRADESH
District : SRIKAKULAM",Senior Secondary Level,"Name : KGBV HIRAMANDALAM
Head/Principal Name: KRISHNAVENI SAMPATHARAO","Address : HIRAMANDALAM , HIRAMANDALAM
Website : https://nadunedu.se.ap.gov.in/cbse/cbse/28111602613"
736,"Aff. No. :120681
Sch. Code:58743","State : ANDHRA PRADESH
District : SRIKAKULAM",Senior Secondary Level,"Name : KGBV KOTTURU AT METTURU
Head/Principal Name: PALLA RADHIKA","Address : VASAPA NEAR LORD SHIVA TEMPLE, KGBV VASAPA NIVVAGAM ,KOTTURU MANDAL
Website : https://nadunedu.se.ap.gov.in/cbse/cbse/28111502814"
737,"Aff. No. :120695
Sch. Code:58757","State : ANDHRA PRADESH
District : SRIKAKULAM",Senior Secondary Level,"Name : AP MODEL SCHOOL KUPPILI
Head/Principal Name: KADA APPAJI RAO","Address : BUDAGTLAPALEM ROAD, ETCHERLA MANDAL
Website : https://nadunedu.se.ap.gov.in/cbse/cbse/28110803106"
738,"Aff. No. :120739
Sch. Code:58801","State : ANDHRA PRADESH
District : SRIKAKULAM",Senior Secondary Level,"Name : MJPAPBCWR SCHOOLG TEKKALI
Head/Principal Name: B DHAMODHARA RAO","Address : OPP GOVT DEGREE COLLEGE, TEKKALI, SRIKAK, OPP GOVT DEGREE COLLEGE, TEKKALI, SRIKAK
Website : https://nadunedu.se.ap.gov.in/cbse/cbse/28112704826"
739,"Aff. No. :120740
Sch. Code:58802","State : ANDHRA PRADESH
District : SRIKAKULAM",Senior Secondary Level,"Name : APSWRES GIRLS PEDDAPADU
Head/Principal Name: MARPU JYOTHI","Address : NEAR FM RADIO STATION, PEDDAPADU
Website : https://nadunedu.se.ap.gov.in/cbse/cbse/28111990661"
740,"Aff. No. :120765
Sch. Code:58827","State : ANDHRA PRADESH
District : SRIKAKULAM",Senior Secondary Level,"Name : KGBV LAVERU
Head/Principal Name: BALLA SUDHA PRINCIPAL","Address : P B NAGAR COLONY,NEXT TO VENKATESWARA TE, SRIKAKULAM
Website : https://nadunedu.se.ap.gov.in/cbse/cbse/28110602112"
741,"Aff. No. :120786
Sch. Code:58848","State : ANDHRA PRADESH
District : SRIKAKULAM",Senior Secondary Level,"Name : KGBV SOMPETA
Head/Principal Name: TEPPALA KANTAMMA","Address : RAJAM VILLAGE, SOMPETA
Website : https://nadunedu.se.ap.gov.in/cbse/cbse/28113490509"
742,"Aff. No. :120781
Sch. Code:58843","State : ANDHRA PRADESH
District : SRIKAKULAM",Senior Secondary Level,"Name : KGBV LN PETA
Head/Principal Name: VENKATA AMBICA M","Address : JAGANDHA SWAMI TEMPLE OPPOSIT, LNPETA
Website : https://nadunedu.se.ap.gov.in/cbse/cbse/28113805502"
743,"Aff. No. :120341
Sch. Code:58402","State : ANDHRA PRADESH
District : SRIKAKULAM",Senior Secondary Level,"Name : ZPHS HARIPURAM
Head/Principal Name: GAVARA UMARAJ","Address : ZPHS HARIPURAM MANDADA MANDAL, SRIKAKULA, ZPHS HARIPURAM MANDADA MANDAL , SRIKAKUL
Website : https://nadunedu.se.ap.gov.in/cbse/cbse/28113306502"
744,"Aff. No. :120331
Sch. Code:58392","State : ANDHRA PRADESH
District : SRIKAKULAM",Senior Secondary Level,"Name : AP MODEL SCHOOL KONDAMULAGAM
Head/Principal Name: SRIDHAR POTNURU","Address : KONDAMULAGAM , RANASTHALAM
Website : https://nadunedu.se.ap.gov.in/cbse/cbse/28110700503"
745,"Aff. No. :120283
Sch. Code:58344","State : ANDHRA PRADESH
District : SRIKAKULAM",Senior Secondary Level,"Name : AP MODEL SCHOOL G.SIGADAM
Head/Principal Name: ANNASAMUEL LANKA","Address : NEAR MRO OFFICE, G SIGADAM
Website : https://nadunedu.se.ap.gov.in/cbse/cbse/28110501714"
746,"Aff. No. :120285
Sch. Code:58346","State : ANDHRA PRADESH
District : SRIKAKULAM",Senior Secondary Level,"Name : AP MODEL SCHOOLEDULAVALASA
Head/Principal Name: PYDI PRAVEENA","Address : EDULAVALASA, POLAKI
Website : https://nadunedu.se.ap.gov.in/cbse/cbse/28112102505"
747,"Aff. No. :120299
Sch. Code:58360","State : ANDHRA PRADESH
District : SRIKAKULAM",Senior Secondary Level,"Name : AP MODEL SCHOOL O.V.PETA
Head/Principal Name: B SRINIVASA RAO","Address : OPIVADA, OPIVADA
Website : https://nadunedu.se.ap.gov.in/cbse/cbse/28111105104"
748,"Aff. No. :120301
Sch. Code:58362","State : ANDHRA PRADESH
District : SRIKAKULAM",Senior Secondary Level,"Name : AP MODEL SCHOOLPRAHARAJUPALEM
Head/Principal Name: K V RATNA KUMARI","Address : KODURU, PATHAPATAM
Website : https://nadunedu.se.ap.gov.in/cbse/cbse/28112503404"
749,"Aff. No. :120219
Sch. Code:58280","State : ANDHRA PRADESH
District : SRIKAKULAM",Senior Secondary Level,"Name : AP MODEL SCHOOLRAJAPURAM
Head/Principal Name: MADEM ESWARARAO","Address : KAVITI MANDAL, KAVITI
Website : https://nadunedu.se.ap.gov.in/cbse/cbse/28113600610"
750,"Aff. No. :120171
Sch. Code:58232","State : ANDHRA PRADESH
District : SRIKAKULAM",Senior Secondary Level,"Name : AP MODEL SCHOOL PURUSHOTTAPURAM
Head/Principal Name: DUMPALA VYKUNTA RAO","Address : PURUSHOTHA PURAM, ICHAPURAM
Website : https://nadunedu.se.ap.gov.in/cbse/cbse/28113790232"
751,"Aff. No. :120002
Sch. Code:59353","State : ANDHRA PRADESH
District : SRIKAKULAM",Senior Secondary Level,"Name : EKALAVYA MODEL RESIDENTIAL SCHOOL
Head/Principal Name: ANNU KANKARWAL","Address : MELIAPUTTI, AT YTC PATHAPATNAM, ANDHRA PRADESH-532213
Website : https://twreis.apcfss.in/emrs-meliaputi.edu"
752,"Aff. No. :120014
Sch. Code:59361","State : ANDHRA PRADESH
District : SRIKAKULAM",Senior Secondary Level,"Name : EKALAVYA MODEL RESIDENTIAL SCHOOL
Head/Principal Name: GANGADEVI GUNDEPALLI","Address : BHAMINI, SRIKAKULAM(DIST) SRIKAKULAM, ANDHRA PRADESH-532456
Website : https://twreis.apcfss.in/emrs-bhamini.edu"
753,"Aff. No. :100043
Sch. Code:59339","State : ANDHRA PRADESH
District : SRIKAKULAM",Senior Secondary Level,"Name : PM SHRI KENDRIYA VIDYALAYA
Head/Principal Name: SUAIB ALAM","Address : SRIKAKULAM PEDDAPADU, SRIKAKULAM DISTT.ANDHRA PRADESH
Website : https://srikakulam.kvs.ac.in/"
754,"Aff. No. :120454
Sch. Code:58515","State : ANDHRA PRADESH
District : SRIKAKULAM",Senior Secondary Level,"Name : AP MODEL SCHOOL THAMVADA
Head/Principal Name: GUNTURU DANIEL","Address : SACHIVALAYAM TAMADA VILLAGE , MURAPAKA POST
Website : https://nadunedu.se.ap.gov.in/cbse/cbse/28110603407"
755,"Aff. No. :120437
Sch. Code:58498","State : ANDHRA PRADESH
District : SRIKAKULAM",Senior Secondary Level,"Name : KGBV GARA
Head/Principal Name: SEEPANA LALITHA KUMARI","Address : SALIHUNDAM VILLAGE AND POST AND PANCHAYA, GARA MANDAL ,SRIKAKULAM DISTRICT
Website : https://nadunedu.se.ap.gov.in/cbse/cbse/28112000409"
756,"Aff. No. :120438
Sch. Code:58499","State : ANDHRA PRADESH
District : SRIKAKULAM",Senior Secondary Level,"Name : APSWRS PATHAPATNAM
Head/Principal Name: R V KRISHNA TARA","Address : PATHAPATNAM, NEAR RAILWAY STATION, PATHAPATNAM
Website : https://nadunedu.se.ap.gov.in/cbse/cbse/28112502213"
757,"Aff. No. :120409
Sch. Code:58470","State : ANDHRA PRADESH
District : SRIKAKULAM",Senior Secondary Level,"Name : ZPHS PATHATEKKALI
Head/Principal Name: MATHA SALMAN CHANDRA SEKHAR","Address : MAIN ROAD SIDE, PALASA
Website : https://nadunedu.se.ap.gov.in/cbse/cbse/28113104903"
758,"Aff. No. :120404
Sch. Code:58465","State : ANDHRA PRADESH
District : SRIKAKULAM",Senior Secondary Level,"Name : APRS GORLIVANIPETA
Head/Principal Name: CHITTITHALLI YELLA","Address : VOMARAVALLI PANCHAYAT, CALINGAPATNAM VIA
Website : https://nadunedu.se.ap.gov.in/cbse/cbse/28112000507"
759,"Aff. No. :120392
Sch. Code:58453","State : ANDHRA PRADESH
District : SRIKAKULAM",Senior Secondary Level,"Name : AP MODEL SCHOOLKARAVANJA
Head/Principal Name: DABIRU GANESH PATNAIK","Address : KARAVANJA, KARAVANJA
Website : https://nadunedu.se.ap.gov.in/cbse/cbse/28112304104"
760,"Aff. No. :120527
Sch. Code:58588","State : ANDHRA PRADESH
District : SRIKAKULAM",Senior Secondary Level,"Name : MJPAPBCWR SCHOOLBOYSSASTRULAPETA
Head/Principal Name: JALLU LAKSHMANA MURTY","Address : PEDDAPADU, SRIKAKULAM
Website : https://nadunedu.se.ap.gov.in/cbse/cbse/28111995130"
761,"Aff. No. :120486
Sch. Code:58547","State : ANDHRA PRADESH
District : SRIKAKULAM",Senior Secondary Level,"Name : A.P.S.W.R. JUNIOR COLLEGE MANDASA SRIKAKULAM
Head/Principal Name: L Lakshmi","Address : RAMAKRISHNAPURAM, MANDASA VIL & POST
Website : https://nadunedu.se.ap.gov.in/cbse/cbse/28113300113"
762,"Aff. No. :120458
Sch. Code:58519","State : ANDHRA PRADESH
District : SRIKAKULAM",Senior Secondary Level,"Name : AP MODEL SCHOOL VAVILAPALLIPETA
Head/Principal Name: H PRABHAKAR","Address : VAVILAPALLIPETA VILLAGE, PONDURU
Website : https://nadunedu.se.ap.gov.in/cbse/cbse/28110900905"
763,"Aff. No. :120488
Sch. Code:58549","State : ANDHRA PRADESH
District : SRIKAKULAM",Senior Secondary Level,"Name : APSWRSG ETCHERLA
Head/Principal Name: SANA PADMAJA","Address : OPP. POLICE STATION ETCHERLA, SRIKAKULAM
Website : https://nadunedu.se.ap.gov.in/cbse/cbse/28110801504"
764,"Aff. No. :120471
Sch. Code:58532","State : ANDHRA PRADESH
District : SRIKAKULAM",Senior Secondary Level,"Name : APSWRS BOYS DUPPALAVALASA
Head/Principal Name: DUVVADA DEVENDRA RAO","Address : DUPPALAVALASA VILLAGE NEAR THOTAPALEM PO, SRIKAKULAM
Website : https://nadunedu.se.ap.gov.in/cbse/cbse/28110801002"
765,"Aff. No. :120576
Sch. Code:58637","State : ANDHRA PRADESH
District : SRIKAKULAM",Senior Secondary Level,"Name : APSWREIS KOLLIVALASA
Head/Principal Name: NUKA RAMAKRISHNA","Address : KOLLIVALASA VILLAGE, THOTAVADA POST, BURJA MANDAL
Website : https://nadunedu.se.ap.gov.in/cbse/cbse/28111104302"
766,"Aff. No. :120567
Sch. Code:58628","State : ANDHRA PRADESH
District : SRIKAKULAM",Senior Secondary Level,"Name : KGBV PONDURU
Head/Principal Name: REJETI SOWMYA","Address : LOLUGU, PONDURU MANDAL
Website : https://nadunedu.se.ap.gov.in/cbse/cbse/28110901224"
767,"Aff. No. :120540
Sch. Code:58601","State : ANDHRA PRADESH
District : SRIKAKULAM",Senior Secondary Level,"Name : AP MODEL SCHOOL MATAM SARIAPALLI
Head/Principal Name: NADAKUDUTI SIVA PRASAD","Address : MS PALLI, KANCHILI
Website : https://nadunedu.se.ap.gov.in/cbse/cbse/28113502207"
768,"Aff. No. :120534
Sch. Code:58595","State : ANDHRA PRADESH
District : SRIKAKULAM",Senior Secondary Level,"Name : APSWRS AND J.C.GIRLS NANDIGAM
Head/Principal Name: BATHA DAMAYANTHI","Address : OLD NH 5 ROAD, NANDIGAM(VILLAGE & MANDAL, OLD NH 5 ROAD, NANDIGAM(VILLAGE & MANDAL
Website : https://nadunedu.se.ap.gov.in/cbse/cbse/28113007808"
769,"Aff. No. :120600
Sch. Code:58661","State : ANDHRA PRADESH
District : SRIKAKULAM",Senior Secondary Level,"Name : KGBV NANDIGAM
Head/Principal Name: K JYOTHI","Address : MADANAPURAM,VILLAGE,NOWGAM,POST,SRIKAKUL, TEKKALI
Website : https://nadunedu.se.ap.gov.in/cbse/cbse/28113007814"
770,"Aff. No. :120610
Sch. Code:58671","State : ANDHRA PRADESH
District : SRIKAKULAM",Senior Secondary Level,"Name : KGBV SRIKAKULAM
Head/Principal Name: JAMPU LALITHA","Address : BESIDE AKSHAYA PATRA,SINGUPURAM, SRIKAKULAM
Website : https://nadunedu.se.ap.gov.in/cbse/cbse/28111901617"
771,"Aff. No. :120630
Sch. Code:58691","State : ANDHRA PRADESH
District : SRIKAKULAM",Senior Secondary Level,"Name : KGBV MELIAPUTTI
Head/Principal Name: Sasumana Ramya","Address : MELIAPUTTI, MELIAPUTTI
Website : https://nadunedu.se.ap.gov.in/cbse/cbse/28112600210"
772,"Aff. No. :120603
Sch. Code:58664","State : ANDHRA PRADESH
District : VISAKHAPATNAM",Senior Secondary Level,"Name : APSWRS KOKKIRAPALLI
Head/Principal Name: MANIKYAM MALLA","Address : KOKKIRAPALLI, YELLAMANCHILI
Website : https://nadunedu.se.ap.gov.in/cbse/cbse/28134100106"
773,"Aff. No. :120568
Sch. Code:58629","State : ANDHRA PRADESH
District : VISAKHAPATNAM",Senior Secondary Level,"Name : APSWRS JR COL MEGHADRIGADDA
Head/Principal Name: A M PRIYADARSINI","Address : APSWRSJRCOLLEGE MEGHADRIGEDDA CHINNAGADH, APSWRS JR COLLEGE MEGHADRIGEDDA VIDAKHAP
Website : https://nadunedu.se.ap.gov.in/cbse/cbse/28132890945"
774,"Aff. No. :120485
Sch. Code:58546","State : ANDHRA PRADESH
District : VISAKHAPATNAM",Senior Secondary Level,"Name : KGBV PADMANABHAM
Head/Principal Name: GRACE LILLY KAMATHAM","Address : PADMANABHAM , PADMANABHAM
Website : https://nadunedu.se.ap.gov.in/cbse/cbse/28132601107"
775,"Aff. No. :120497
Sch. Code:58558","State : ANDHRA PRADESH
District : VISAKHAPATNAM",Senior Secondary Level,"Name : A.P.S.W.R JR COLLEGE
Head/Principal Name: P NIRMALA","Address : BACKSIDE GAYATRI ENGG COLLEGE WOMEN KOMM, VISAKHAPATNAM
Website : https://nadunedu.se.ap.gov.in/cbse/cbse/28132800334"
776,"Aff. No. :120509
Sch. Code:58570","State : ANDHRA PRADESH
District : VISAKHAPATNAM",Senior Secondary Level,"Name : AP MODEL SCHOOL MARUPAKA
Head/Principal Name: K SATYA SUNIL","Address : , RAVIKAMATHAM MANDAL , ANKAPALLI
Website : https://nadunedu.se.ap.gov.in/cbse/cbse/28131902106"
777,"Aff. No. :100039
Sch. Code:59335","State : ANDHRA PRADESH
District : VISAKHAPATNAM",Senior Secondary Level,"Name : PM SHRI KENDRIYA VIDYALAYA INS KALINGA, BHEEMUNIPATNAM
Head/Principal Name: POLANI VENKATA RAMANA MOORTHY","Address : INS KALINGA CHEPALA UPPADA POST BHEEMUNIPATNAM (VIA) VISAKHAPATNAM D ANDHRA PRADESH
Website : https://inskalinga.kvs.ac.in/"
778,"Aff. No. :100015
Sch. Code:59305","State : ANDHRA PRADESH
District : VISAKHAPATNAM",Senior Secondary Level,"Name : PM SHRI KENDRIYA VIDYALAYA NO. I NAUSENABAUGH
Head/Principal Name: SUDHIR KUMAR MAINGI","Address : NAUSENABAUGH P.O.GANDHIGRAM VISAKHAPATNAM ANDHRA PRADESH
Website :"
779,"Aff. No. :100008
Sch. Code:59308","State : ANDHRA PRADESH
District : VISAKHAPATNAM",Senior Secondary Level,"Name : PM SHRI KENDRIYA VIDYALAYA
Head/Principal Name: SATYAJEET MISHRA","Address : MALKAPURAM GANDHIGRAM PO NAUSENABAGH VISAKHAPATNAM ANDHRA PRADESH
Website : www.malkapuram.kvs.ac.in"
780,"Aff. No. :100009
Sch. Code:59306","State : ANDHRA PRADESH
District : VISAKHAPATNAM",Senior Secondary Level,"Name : PM SHRI KENDRIYA VIDYALAYA NO I SRIVIJAYANAGAR
Head/Principal Name: GADE KISHORE","Address : SRI VIJAY NAGAR 104 AREA INDUSTRIAL ESTATE VISAKHAPATNAM ANDHRA PRADESH
Website : https://no1srivijayanagar.kvs.ac.in"
781,"Aff. No. :100012
Sch. Code:59304","State : ANDHRA PRADESH
District : VISAKHAPATNAM",Senior Secondary Level,"Name : PM SHRI KENDRIYA VIDYALAYA
Head/Principal Name: KAMAL JEET","Address : WALTAIR THATICHETLAPALEM VISAKHAPATNAM ANDHRA PRADESH
Website : https://waltair.kvs.ac.in"
782,"Aff. No. :100020
Sch. Code:59309","State : ANDHRA PRADESH
District : VISAKHAPATNAM",Senior Secondary Level,"Name : KENDRIYA VIDYALAYA
Head/Principal Name: VAMSI KRISHANA E V L N","Address : VISAKHAPATNAM STEEL PLANT VISAKHAPATNAM ANDHRA PRADESH
Website : https://steelplant.kvs.ac.in/"
783,"Aff. No. :100022
Sch. Code:59307","State : ANDHRA PRADESH
District : VISAKHAPATNAM",Senior Secondary Level,"Name : PM SHRI KENDRIYA VIDYALAYA NO.2
Head/Principal Name: CHITTETI SREENIVASULU","Address : 104 AREA SRI VIJAYA NAGAR INDUSTRIAL ESTATE VISHAKAPATNAM ANDHRA PRADESH
Website : https://no2srivijayanagar.kvs.ac.in/"
784,"Aff. No. :100028
Sch. Code:59315","State : ANDHRA PRADESH
District : VISAKHAPATNAM",Senior Secondary Level,"Name : PM SHRI KENDRIYA VIDYALAYA NAD VISAKHAPATNAM
Head/Principal Name: SNEHLATA TIPPANA","Address : NAVAL ARMAMENT DEPOT VISAKHAPATNAM ANDHRA PRADESH
Website : http://www.nadvishakhapatnam.kvs.ac.in"
785,"Aff. No. :100034
Sch. Code:59320","State : ANDHRA PRADESH
District : VISAKHAPATNAM",Senior Secondary Level,"Name : PM SHRI KENDRIYA VIDYALAYA NO.2
Head/Principal Name: MULAGA BALAJI","Address : NAUSENABAGH GANDHIGRAM (PO) VISAKHAPATNAM ANDHRA PRADESH
Website : https://no2nausenabagh.kvs.ac.in/"
786,"Aff. No. :120007
Sch. Code:59368","State : ANDHRA PRADESH
District : VISAKHAPATNAM",Senior Secondary Level,"Name : EKLAVYA MODEL RESIDENTIAL SCHOOL
Head/Principal Name: MANOJ KUMAR","Address : CHINTAPALLI (POST, MANDAL), VISAKHAPATNAM (DT) CHINTAPALLI, ANDHRA PRADESH-531111
Website : https://twreis.apcfss.in/emrs-chintapalli.edu"
787,"Aff. No. :120152
Sch. Code:58213","State : ANDHRA PRADESH
District : VISAKHAPATNAM",Senior Secondary Level,"Name : EKALAVYA MODEL RESEDENTIAL SCHOOL
Head/Principal Name: ALLU SANYASI NAIDU","Address : ANANTHAGIRI,VISAKHAPATNAM (DT), ANANTHAGIRI,VISAKHAPATNAM (DT)
Website : https://twreis.apcfss.in/aptwremrsco-edu-anantagiri.edu"
788,"Aff. No. :120021
Sch. Code:59362","State : ANDHRA PRADESH
District : VISAKHAPATNAM",Senior Secondary Level,"Name : EMRS, MUNCHANGIPUTTU
Head/Principal Name: SUMAN","Address : EMR SCHOOL MUNCHANGIPUTTU AT PEDABAYALU, POST&VILL PEDABAYALU,VIA PADERU,VISAKHAPATNAM,531040,AP
Website : https://twreis.apcfss.in/emrs-munchigput.edu"
789,"Aff. No. :120150
Sch. Code:58211","State : ANDHRA PRADESH
District : VISAKHAPATNAM",Senior Secondary Level,"Name : EKLAVYA MODEL RESIDENTIAL SCHOOL (CO.EDU),G.MADUGULA
Head/Principal Name: SHIV SINGH CHAUHAN","Address : G.MADUGULA(POST,MANDAL), VISAKHAPATNAM(DT)
Website : https://emrsgmadugula.org.in/"
790,"Aff. No. :120009
Sch. Code:59357","State : ANDHRA PRADESH
District : VISAKHAPATNAM",Senior Secondary Level,"Name : EKLAVYA MODEL RESIDENTIAL SCHOOL
Head/Principal Name: M. V. RAMANARAO","Address : G.K. VEEDHI, GUDEM KOTHAVEEDHI, VISAKHAPATNAM ANDHRA PRADESH-531133
Website : https://twreis.apcfss.in/emrs-gkveedhi.edu"
791,"Aff. No. :120249
Sch. Code:58310","State : ANDHRA PRADESH
District : VISAKHAPATNAM",Senior Secondary Level,"Name : KGBV BHEEMUNIPATNAM
Head/Principal Name: KUMARI GANGA","Address : GOLLALAPALEM , BHEEMUNIPATNAM
Website : https://nadunedu.se.ap.gov.in/cbse/cbse/28132790255"
792,"Aff. No. :120327
Sch. Code:58388","State : ANDHRA PRADESH
District : VISAKHAPATNAM",Senior Secondary Level,"Name : KGBV ANANDAPURAM
Head/Principal Name: M CHANDRAKALA","Address : KGBV, ANANDAPURAM (MD), NELTHERU (VILL),, KGBV, ANANDAPURAM (MD), NELTHERU (VILL),
Website : https://nadunedu.se.ap.gov.in/cbse/cbse/28132502010"
793,"Aff. No. :120745
Sch. Code:58807","State : ANDHRA PRADESH
District : VISAKHAPATNAM",Senior Secondary Level,"Name : ZPHS AKKIREDDIPALEM
Head/Principal Name: M L S KANTHAM","Address : WATER TANK, GAJUWAKA MANDAL
Website : https://nadunedu.se.ap.gov.in/cbse/cbse/28133090361"
794,"Aff. No. :120733
Sch. Code:58795","State : ANDHRA PRADESH
District : VISAKHAPATNAM",Senior Secondary Level,"Name : M.J.B.P.A.P.R.E.I.SCH ADIVIVARAM
Head/Principal Name: DASARI SATYA RAO","Address : SIMHACHALAM, CHINAGADILI
Website : https://nadunedu.se.ap.gov.in/cbse/cbse/28132890943"
795,"Aff. No. :120887
Sch. Code:58949","State : ANDHRA PRADESH
District : VISAKHAPATNAM",Senior Secondary Level,"Name : MCHS MADHAVADARA
Head/Principal Name: B HEMALATHA","Address : NEAR RAMALAYAM, VISAKHAVISAPATNAM
Website : https://nadunedu.se.ap.gov.in/cbse/cbse/28132991085"
796,"Aff. No. :120895
Sch. Code:58957","State : ANDHRA PRADESH
District : VISAKHAPATNAM",Senior Secondary Level,"Name : ZPHS 02ND WARD
Head/Principal Name: POTNURU MURALI MOHANA RAO","Address : CHITTIVALASA , BHEEMUNIPATNAM
Website : https://nadunedu.se.ap.gov.in/cbse/cbse/28132790234"
797,"Aff. No. :120937
Sch. Code:58999","State : ANDHRA PRADESH
District : VISAKHAPATNAM",Senior Secondary Level,"Name : ZPHS KANITHI
Head/Principal Name: BOLLAPRAGADA SURYA PRAKASA RAO","Address : NEAR WATER TANK, VISAKHAPATNAM
Website : https://nadunedu.se.ap.gov.in/cbse/cbse/28133090364"
798,"Aff. No. :120938
Sch. Code:59000","State : ANDHRA PRADESH
District : VISAKHAPATNAM",Senior Secondary Level,"Name : GOVT HS PENDURTHI PT
Head/Principal Name: CH CHINNAMMAYI","Address : PENDURTHI , VISAKHAPATNAM
Website : https://nadunedu.se.ap.gov.in/cbse/cbse/28132401114"
799,"Aff. No. :120828
Sch. Code:58890","State : ANDHRA PRADESH
District : VISAKHAPATNAM",Senior Secondary Level,"Name : APTWR SCHOOLE.M BOYSMARIKAVALASA
Head/Principal Name: L SIVAPRASAD","Address : BESIDE,VISALANDHARA,MARIKAVALASA,, GVMC 5TH,WARD, VISAKHAPATNAM
Website : https://nadunedu.se.ap.gov.in/cbse/cbse/28132800206"
800,"Aff. No. :120860
Sch. Code:58922","State : ANDHRA PRADESH
District : VISAKHAPATNAM",Senior Secondary Level,"Name : A P RESIDENTIAL HS 22ND
Head/Principal Name: KODI RAMBABU","Address : BHEEMUNIPATNAM, VISAKHAPATNAM DISTRICT
Website : https://nadunedu.se.ap.gov.in/cbse/cbse/28132790241"
801,"Aff. No. :120970
Sch. Code:59089","State : ANDHRA PRADESH
District : VISAKHAPATNAM",Senior Secondary Level,"Name : MCHS R.P PETA
Head/Principal Name: RAPARTI SRINIVASA RAO","Address : NEAR KANCHARAPALEM FLY OVER BRIDGE, VISAKHA URBAN
Website : https://nadunedu.se.ap.gov.in/cbse/cbse/28132991089"
802,"Aff. No. :121010
Sch. Code:59129","State : ANDHRA PRADESH
District : VISAKHAPATNAM",Senior Secondary Level,"Name : KDPMHS WARD NO 22
Head/Principal Name: N SUMATHI BAI","Address : EAST POINT COLOY, CHINAWALTAIR
Website : https://nadunedu.se.ap.gov.in/cbse/cbse/28132991095"
803,"Aff. No. :121064
Sch. Code:59183","State : ANDHRA PRADESH
District : VISAKHAPATNAM",Senior Secondary Level,"Name : ZPHS NARAVA
Head/Principal Name: KAMESWARI DEVI","Address : NEAR ANJANEYA TEMPLE NARAVA, NEAR GOPALAPATNAM
Website : https://nadunedu.se.ap.gov.in/cbse/cbse/28132401708"
804,"Aff. No. :130146
Sch. Code:57044","State : ANDHRA PRADESH
District : VISAKHAPATNAM",Senior Secondary Level,"Name : TIMPANY SECONDARY SCHOOL
Head/Principal Name: MRS. LACTITIA MARYANN DOUGHERTY","Address : PO BOX NO 390, VISAKHAPATNAM ANDHRA PRADESH
Website : www.timpanyseniorsecondaryschool.in"
805,"Aff. No. :130147
Sch. Code:57045","State : ANDHRA PRADESH
District : VISAKHAPATNAM",Secondary Level,"Name : ADARSH PUBLIC SCHOOL
Head/Principal Name: Nemani Geetha","Address : VINAYAK NAGAR PEDAGANTYUDA ANDHRA PRADESH
Website : www.adarshpublicschool.org"
806,"Aff. No. :130150
Sch. Code:57048","State : ANDHRA PRADESH
District : VISAKHAPATNAM",Senior Secondary Level,"Name : TIMPANY STEEL CITY SCHOOL
Head/Principal Name: CHRISTOBEL STEVENSON","Address : PEDAGANTYADA VISAKHAPATNAM, ANDHRA PRADESH
Website : www.timpanysteelcityschool.in"
807,"Aff. No. :130164
Sch. Code:57051","State : ANDHRA PRADESH
District : VISAKHAPATNAM",Secondary Level,"Name : RISHI VIDYALAYA
Head/Principal Name: AVSKSR PRASAD","Address : GORUKULAM BODUVALASA SAVVHAVARAM MANDAL VISHAKHAPATNAM ANDHRA PRADESH
Website : www.rishigurukulam.in"
808,"Aff. No. :130166
Sch. Code:57053","State : ANDHRA PRADESH
District : VISAKHAPATNAM",Secondary Level,"Name : BAL BHARATI PUBLIC SCHOOL
Head/Principal Name: M Padmaja","Address : DEEPANJALI NAGAR SIM HADRI NTPC TOWNSHIP VISAKHAPATNAM ANDHRA PRADESH
Website :"
809,"Aff. No. :130060
Sch. Code:57020","State : ANDHRA PRADESH
District : VISAKHAPATNAM",Secondary Level,"Name : SRI SATHYA SAI VIDYA VIHAR
Head/Principal Name: CHEKURI VARALAKSHMI","Address : SECTOR - 8 MUVVALAVANIPALEM COLONY VISAKHAPATNAM ANDHRA PRADESH
Website : www.sathyasaischoolvizag.in"
810,"Aff. No. :130110
Sch. Code:57034","State : ANDHRA PRADESH
District : VISAKHAPATNAM",Senior Secondary Level,"Name : DELHI PUBLIC SCHOOL
Head/Principal Name: SAMIR KUMAR PANDEY","Address : VSP SECTOR VIII UKKUNAGARAM SECTOR-VIII UKKUNAGARAM ANDHRA PRADESH
Website : http://www.dpsvisakhapatnam.org/"
811,"Aff. No. :130048
Sch. Code:57013","State : ANDHRA PRADESH
District : VISAKHAPATNAM",Senior Secondary Level,"Name : D A V CENTENARY PUBLIC SCHOOL
Head/Principal Name: SUGANDHA KUMARI","Address : SECTOR-III UKKUNAGARAM VISAKHAPATNAM ANDHRA PRADESH
Website : www.davukku.com"
812,"Aff. No. :130070
Sch. Code:57022","State : ANDHRA PRADESH
District : VISAKHAPATNAM",Senior Secondary Level,"Name : ALLURI SITARAMARAJU PUB.SCHOOL
Head/Principal Name: PRASAD CHANDRA KHANDAL","Address : ARAKKUVALLEY VISAKHAPATNAM ANDHRA PRADESH
Website : https://asrpschool.com"
813,"Aff. No. :130074
Sch. Code:57024","State : ANDHRA PRADESH
District : VISAKHAPATNAM",Senior Secondary Level,"Name : KAKATIYA PUBLIC SCHOOL
Head/Principal Name: P V DHANA LAKSHMI","Address : B C ROAD VISAKHAPATNAM ANDHRA PRADESH
Website : www.kakatiyapublicschool.in"
814,"Aff. No. :130018
Sch. Code:57012","State : ANDHRA PRADESH
District : VISAKHAPATNAM",Secondary Level,"Name : SRI TVS RAO SRIKRISHNA VIDYA MANDIR
Head/Principal Name: V NARMADA","Address : DWARAKA NAGAR VISAKHAPATNAM ANDHRA PRADESH
Website :"
815,"Aff. No. :130024
Sch. Code:57015","State : ANDHRA PRADESH
District : VISAKHAPATNAM",Senior Secondary Level,"Name : VIJNANA VIHARA RESIDENTIAL SCHOOL
Head/Principal Name: N SAI BRAHMAJI RAO","Address : GUDILOVA (PO) VIA PENDURTHY VIZAG DISTT. ANDHRA PRADESH
Website : www.vijnanavihara.org"
816,"Aff. No. :130028
Sch. Code:57011","State : ANDHRA PRADESH
District : VISAKHAPATNAM",Senior Secondary Level,"Name : SAMSIDH SCHOOL
Head/Principal Name: PITTA KRISHNA REDDY","Address : BHPV TOWNSHIP BHPV LIMITED VISAKHAPATNAM ANDHRA PRADESH
Website : www.bhpvssschool.org"
817,"Aff. No. :121385
Sch. Code:59603","State : ANDHRA PRADESH
District : VISAKHAPATNAM",Senior Secondary Level,"Name : EMRSCHOOL(CO-EDU), KOYYURU AT BALARAM
Head/Principal Name: SATISH KUMAR","Address : KOYYURU, KOYYURU
Website : https://www.emrsbalaram.org.in"
818,"Aff. No. :121386
Sch. Code:59604","State : ANDHRA PRADESH
District : VISAKHAPATNAM",Senior Secondary Level,"Name : EMRSCHOOL(CO-ED) ARAKU
Head/Principal Name: CHINTALA BHASKARA RAO","Address : ARAKUVALLEY, VISAKHAPATNAM, AP, ARAKUVALLEY, VISAKHAPATNAM, AP
Website : http://www.aptwremrsco-edu-araku_edu"
819,"Aff. No. :121387
Sch. Code:59605","State : ANDHRA PRADESH
District : VISAKHAPATNAM",Senior Secondary Level,"Name : EMR SCHOOL HUKUMPETA
Head/Principal Name: SANTOSH KUMAR UJJAWAL","Address : DIST VISAKHAPATNAM , AP PIN 531077
Website : https://twreis.apcfss.in/emrs-hukumpeta.edu"
820,"Aff. No. :130006
Sch. Code:57014","State : ANDHRA PRADESH
District : VISAKHAPATNAM",Senior Secondary Level,"Name : VISAKHA VALLEY SCHOOL
Head/Principal Name: DR P S V ESWAR LAKSHMI","Address : VISHAKAPATNAM ANDHRA PRADESH
Website : https://visakhavalleyschool.com/"
821,"Aff. No. :130007
Sch. Code:57017","State : ANDHRA PRADESH
District : VISAKHAPATNAM",Senior Secondary Level,"Name : S R DIGI SCHOOL
Head/Principal Name: DATLA ASWINI","Address : ZINC SMELTER POST VISAKHAPATNAM ANDHRA PRADESH
Website : https://www.srdigischoolgajuwaka.com/"
822,"Aff. No. :121146
Sch. Code:59278","State : ANDHRA PRADESH
District : VISAKHAPATNAM",Senior Secondary Level,"Name : MCHS NEW COLONY
Head/Principal Name: G SANYASIRAO","Address : NEAR SREE KANYA THEATER , GVMC VISAKHAPATNAM
Website : https://nadunedu.se.ap.gov.in/cbse/cbse/28132991091"
823,"Aff. No. :121142
Sch. Code:59274","State : ANDHRA PRADESH
District : VISAKHAPATNAM",Senior Secondary Level,"Name : APSWRJR COLL SK PURAM
Head/Principal Name: B K RAMESH","Address : NEAR NEW CENTRAL JAIL , , CHINAGADILA MANDAL,
Website : https://nadunedu.se.ap.gov.in/cbse/cbse/28132890944"
824,"Aff. No. :121153
Sch. Code:59606","State : ANDHRA PRADESH
District : VISAKHAPATNAM",Senior Secondary Level,"Name : EMR SCHOOL, LAKEYPUTTU,PEDABAYALU
Head/Principal Name: AMIT KUMAR ANAND","Address : PEDABAYALU, PEDABAYALU
Website : www.emrspedabayalu.org.in"
825,"Aff. No. :121102
Sch. Code:59228","State : ANDHRA PRADESH
District : VISAKHAPATNAM",Senior Secondary Level,"Name : ZPHS GOPALAPATNAM
Head/Principal Name: YELLETI VARAHA SATYA VENUGOPAL","Address : GOPALAPATNAM, VISAKHAPATNAM
Website : https://nadunedu.se.ap.gov.in/cbse/cbse/28132890940"
826,"Aff. No. :130178
Sch. Code:57061","State : ANDHRA PRADESH
District : VISAKHAPATNAM",Senior Secondary Level,"Name : VIKAS VIDYANIKETAN
Head/Principal Name: CH SAMBA SIVA RAO","Address : D NO 1-1-1/1 SHEELA NAGAR NH 5 VISAKHAPATNAM ANDHRA PRADESH
Website : http://www.vikasonline.com"
827,"Aff. No. :130179
Sch. Code:57062","State : ANDHRA PRADESH
District : VISAKHAPATNAM",Secondary Level,"Name : LITTLE ANGELS SCHOOL
Head/Principal Name: PENDYALA SURYA VISALAKSHI","Address : SECTOR 9 UKKUNAGRAM VISAKHAPATNAM ANDHRA PRADESH
Website : www.littleangels.org.in"
828,"Aff. No. :130194
Sch. Code:57067","State : ANDHRA PRADESH
District : VISAKHAPATNAM",Senior Secondary Level,"Name : VIGNAN STEEL CITY PUBLIC SCHOOL
Head/Principal Name: KURMAPU MADHURI","Address : VADALPUDI DUVVADA VISAKHAPATNAM ANDHRA PRADESH
Website : www.vignansteelcitypublicschool.org"
829,"Aff. No. :130196
Sch. Code:57070","State : ANDHRA PRADESH
District : VISAKHAPATNAM",Secondary Level,"Name : LITTLE ANGLES SCHOOL
Head/Principal Name: INDU MALINI NYNAPPAGARI","Address : SECTOR 3 MVP COLONY VISAKHAPATNAM ANDHRA PRADESH
Website : www.littleangels.org.in"
830,"Aff. No. :130217
Sch. Code:57072","State : ANDHRA PRADESH
District : VISAKHAPATNAM",Senior Secondary Level,"Name : VIGNANS WORLD ONE SCHOOL
Head/Principal Name: M PADMAVATHI","Address : BHIMILI BEACH ROAD, THIMMAPURAM, VISAKHAPATNAM, ANDHRA PRADESH
Website : https://vizag.vignanschools.org"
831,"Aff. No. :130218
Sch. Code:57071","State : ANDHRA PRADESH
District : VISAKHAPATNAM",Senior Secondary Level,"Name : SRI PRAKASH VIDYA NIKETAN
Head/Principal Name: RAVI KUMMAMURU","Address : P.L.PURAM PAYAKARAOPETA VISAKHAPATNAM (DT), ANDHRA PRADESH
Website : https://www.cbse.sriprakash.org/"
832,"Aff. No. :130219
Sch. Code:57076","State : ANDHRA PRADESH
District : VISAKHAPATNAM",Senior Secondary Level,"Name : SRI CHAITANYA VIDYA NIKETAN
Head/Principal Name: MIRABBELLI RAMESH","Address : MARIKAVALASA, MADHURAWADA, VISAKHAPATNAM
Website : www.srichaitanyavidyaniketan06293.net"
833,"Aff. No. :130276
Sch. Code:57381","State : ANDHRA PRADESH
District : VISAKHAPATNAM",Middle Class,"Name : D.A.V. PUBLIC SCHOOL
Head/Principal Name: CH.V. NARAYANA","Address : 4-130, SUJATHANAGAR, VISAKHAPATNAM
Website :"
834,"Aff. No. :130272
Sch. Code:57097","State : ANDHRA PRADESH
District : VISAKHAPATNAM",Senior Secondary Level,"Name : M.P. & E.V. (ENGLISH MEDIUM) SCHOOL
Head/Principal Name: G MURALI MOHAN","Address : SHEELA NAGAR
Website : www.mpandevenglishmediumschool.com"
835,"Aff. No. :130273
Sch. Code:57102","State : ANDHRA PRADESH
District : VISAKHAPATNAM",Senior Secondary Level,"Name : THE PRESIDENTIAL SCHOOL
Head/Principal Name: ANJALI JONES","Address : SURVEY NO. 274/18 & 22 KAPULUPPADA VILLAGE K NAGERAPALAM BHEEMUNIPATNAM MANDAL VISAKHAPATNAM DISTRICT.
Website : www.thepresidentialschool.in"
836,"Aff. No. :130255
Sch. Code:57093","State : ANDHRA PRADESH
District : VISAKHAPATNAM",Senior Secondary Level,"Name : SRI CHAITANYA TECHNO SCHOOL
Head/Principal Name: KOTA VENKATA PARDHA SURYANARAYANA","Address : OPP- PYDAH COLLEGE , KAPULUPPODA ROAD, BOYAPALEM VISAKHAPATNAM
Website : www.srichaitanyatechnoschool40044.net"
837,"Aff. No. :130251
Sch. Code:57088","State : ANDHRA PRADESH
District : VISAKHAPATNAM",Senior Secondary Level,"Name : OAKRIDGE INTERNATIONAL SCHOOL
Head/Principal Name: SHAILA BHAMIDIPATI","Address : NEAR NH-5, TAGARAPUVALASA, SINGANABANDA VILLAGE, BHIMUNIPATNAM MANDAL, VISAKHAPATNAM DISTT., ANDHRA PRADESH-531163
Website : www.oakridgeinternational.com/vizag"
838,"Aff. No. :130252
Sch. Code:57095","State : ANDHRA PRADESH
District : VISAKHAPATNAM",Secondary Level,"Name : SRI PRAKASH VIDYANIKETAN
Head/Principal Name: NAZAMUNNISA BEGUM","Address : UPLANDS,ASILMETTA,VISAKHAPATNAM
Website : www.sriprakash.edu.in"
839,"Aff. No. :130259
Sch. Code:57090","State : ANDHRA PRADESH
District : VISAKHAPATNAM",Senior Secondary Level,"Name : AMEYA WORLD SCHOOL
Head/Principal Name: SRIDEVI MAHANTHY","Address : SANGIVALASA
Website : www.ameyaworldschool.in"
840,"Aff. No. :130367
Sch. Code:57125","State : ANDHRA PRADESH
District : VISAKHAPATNAM",Senior Secondary Level,"Name : VIJAYAM SCHOOL
Head/Principal Name: C VASUNDHARA RAO","Address : OLD PM PALEM, MIDHILAPURI COLONY, MADHURAWADA, VISAKHAPATNAM-530041.
Website : www.vijayamtechnoschool.COM"
841,"Aff. No. :130302
Sch. Code:57107","State : ANDHRA PRADESH
District : VISAKHAPATNAM",Senior Secondary Level,"Name : SANSKRUTI GLOBAL SCHOOL
Head/Principal Name: N SITALAKSHMI","Address : P.S.BONANGI, PARAWADA MANDL, VISAKHAPATNAM
Website : www.sanskruthiglobalschool.in"
842,"Aff. No. :130328
Sch. Code:57134","State : ANDHRA PRADESH
District : VISAKHAPATNAM",Senior Secondary Level,"Name : ST. JOHN'S SCHOOL
Head/Principal Name: RUPA NANDI","Address : D.NO : 26-139, ST. JOHNS CAMPUS, KASIMKOTA, VISAKHAPATNAM DT., ANDHRA PRADESH, INDIA, PIN : 531 031.
Website :"
843,"Aff. No. :130384
Sch. Code:57132","State : ANDHRA PRADESH
District : VISAKHAPATNAM",Senior Secondary Level,"Name : GREEN CITY ENGLISH MEDIUM SCHOOL
Head/Principal Name: VEDULA SUSEELA","Address : GREEN CITY, NEAR APPAREL PARK, VADLAPUDI POST
Website : www.greencityemschool.in"
844,"Aff. No. :130386
Sch. Code:57135","State : ANDHRA PRADESH
District : VISAKHAPATNAM",Secondary Level,"Name : DR.K.K.R GOWTHAM ENGLISH MEDIUM SCHOOL
Head/Principal Name: ROKKAM BHAGYA LAKSHMI","Address : CHINAMUSHIDIWADA, PENDURTHI MANDAL VISAKHAPATNAM DISTT AP
Website : http://www.kkrgowthamvizag.com"
845,"Aff. No. :130404
Sch. Code:57138","State : ANDHRA PRADESH
District : VISAKHAPATNAM",Secondary Level,"Name : ST.ANNS SCHOOL
Head/Principal Name: FATHIMA MARY G","Address : BAKKANNAPALEM, MADHURAWADA.P.O VISAKHAPATNAM.
Website : http://stannscbse.com"
846,"Aff. No. :130378
Sch. Code:57128","State : ANDHRA PRADESH
District : VISAKHAPATNAM",Senior Secondary Level,"Name : SRI PRAKASH VIDYA NIKETAN
Head/Principal Name: YEGNALA VENKATA KIRAN","Address : KAPULUPPADA, BHEEMUNIPATNAM MANDAL, VISAKHAPATNAM,
Website : https://www.sriprakashschools.com/kapuluppada"
847,"Aff. No. :130461
Sch. Code:57171","State : ANDHRA PRADESH
District : VISAKHAPATNAM",Senior Secondary Level,"Name : DELHI PUBLIC SCHOOL VISAKHAPATNAM
Head/Principal Name: S.N.C.V RANGANATH","Address : S.NO:284/2, ANANDAPURAM MANDAL ANANDAPURAM
Website : www.dpsvizag.org"
848,"Aff. No. :130436
Sch. Code:57155","State : ANDHRA PRADESH
District : VISAKHAPATNAM",Senior Secondary Level,"Name : DR.KKRS GOWTHAM SCHOOL
Head/Principal Name: GADIDESI RAMA KRISHNA","Address : GAMBEERAM VILLAGE, ANANDAPURAM MANDAL, VISAKHAPATNAM
Website : https://drkkrgowthamapuram.in/"
849,"Aff. No. :130431
Sch. Code:57149","State : ANDHRA PRADESH
District : VISAKHAPATNAM",Senior Secondary Level,"Name : APPLE I ENGLISH MEDIUM SCHOOL
Head/Principal Name: Jai Shree Sharma","Address : DOOR NO 27-1-203/2, SRINAGAR, 61ST WARD OF GVMC, GAJUWAKA (PO)
Website : www.appleischool.edu.in"
850,"Aff. No. :130483
Sch. Code:57186","State : ANDHRA PRADESH
District : VISAKHAPATNAM",Senior Secondary Level,"Name : DA VINCI INTERNATIONAL SCHOOL
Head/Principal Name: Meena Mishra","Address : THIMMARAJUPETA
Website : www.davincischool.in"
851,"Aff. No. :130494
Sch. Code:57198","State : ANDHRA PRADESH
District : VISAKHAPATNAM",Secondary Level,"Name : SILVEROAKS HIGH SCHOOL
Head/Principal Name: SUNITHA YERNAGULA","Address : C/O SILVER OAKS INTERNATIONAL SCHOOL, D.NO. 7-19/1 RUSHIKONDA(V) YENDADA ROAD,BESIDE GITAM MEDICAL COLLG, RUSHIKONDA
Website : www.silveroaks.co.in"
852,"Aff. No. :130474
Sch. Code:57181","State : ANDHRA PRADESH
District : VISAKHAPATNAM",Senior Secondary Level,"Name : NARAYANA ENGLISH MEDIUM SCHOOL
Head/Principal Name: VOLETI JAGADEESH KUMAR","Address : PARADESIPALEM VILLEGE
Website : www.narayanagroup.com"
853,"Aff. No. :130466
Sch. Code:57169","State : ANDHRA PRADESH
District : VISAKHAPATNAM",Senior Secondary Level,"Name : NARAYANA HIGH SCHOOL
Head/Principal Name: DUNE USHARANI","Address : PARADESIPALEM,MADHURAWADA,VISAKHAPATNAM-531163
Website : www.narayanagroup.com"
854,"Aff. No. :130520
Sch. Code:57220","State : ANDHRA PRADESH
District : VISAKHAPATNAM",Secondary Level,"Name : SRISHTI WORLD SCHOOL
Head/Principal Name: RABINDRA KUMAR MAHAPATRA","Address : SECTOR XI, UKKUNAGARAM, VISAKHAPATNAM
Website : http://srishtiworldschool.in/"
855,"Aff. No. :130521
Sch. Code:57221","State : ANDHRA PRADESH
District : VISAKHAPATNAM",Secondary Level,"Name : SFS SCHOOL CBSE
Head/Principal Name: VIJAYA KUMAR POLAMARASETTY","Address : SFS SCHOOL CBSE D.NO:50-1-25 SEETHAMMADHARA VISAKHAPATNAM-13
Website : https://sfscbseseethammadhara.com/"
856,"Aff. No. :130610
Sch. Code:56165","State : ANDHRA PRADESH
District : VISAKHAPATNAM",Secondary Level,"Name : OM SAI ENGLISH MEDIUM SCHOOL
Head/Principal Name: KARRI PRAMEELA","Address : 4-17 ANANTHAVARAM ROAD
Website : www.omsaischool.org"
857,"Aff. No. :130508
Sch. Code:58701","State : ANDHRA PRADESH
District : VISAKHAPATNAM",Secondary Level,"Name : VISVODAYA CBSE SCHOOL,
Head/Principal Name: SUNAYANA SHASHIKANT KHAIRNAR","Address : MEGHADRIPETA COLONY, KANCHARAPALEM (PO), VISKHAPATNAM-530008 ANDHRA PRADESH
Website : www.visvodayaedn.com"
858,"Aff. No. :130509
Sch. Code:57222","State : ANDHRA PRADESH
District : VISAKHAPATNAM",Senior Secondary Level,"Name : POLLOCKS INTELLI SCHOOL
Head/Principal Name: V ANITHA","Address : 6-28/1, SURVEY NO.164/1 & 165, PARADESIPALEM, MADHURAWADA, VISAKHAPATNAM, PIN- 530047
Website : www.intellischool.in"
859,"Aff. No. :130708
Sch. Code:56556","State : ANDHRA PRADESH
District : VISAKHAPATNAM",Secondary Level,"Name : OAK VALLEY SCHOOL
Head/Principal Name: KOMALI DEVI ISSAI","Address : 24-1-1, VUDA COLONY, GAJUWAKA, 24-1-1, VUDA COLONY, GAJUWAKA
Website : https://www.oakvalleyvizag.com"
860,"Aff. No. :130704
Sch. Code:56540","State : ANDHRA PRADESH
District : VISAKHAPATNAM",Senior Secondary Level,"Name : THE HARBOR SCHOOL
Head/Principal Name: Dr. S. GOWRISWARAMMA","Address : ANANDAPURAM MANDAL, VISAKHAPATNAM DISTRICT
Website : www.theharborschool.in"
861,"Aff. No. :130698
Sch. Code:56511","State : ANDHRA PRADESH
District : VISAKHAPATNAM",Secondary Level,"Name : SIVA SIVANI EM HIGH SCHOOL
Head/Principal Name: Sailaja Kamal Chauhan","Address : UKKUNAGARAM, VISAKHAPATNAM
Website : www.sivasivanipublicschoolukkunagaram.com"
862,"Aff. No. :130618
Sch. Code:56231","State : ANDHRA PRADESH
District : VISAKHAPATNAM",Senior Secondary Level,"Name : GREENDALE SCHOOL
Head/Principal Name: SPM DIVYA DAS","Address : OPP. INTERNATIONAL CRICKET STADIUM, P.M. PALEM, MADHURAWADA
Website : https://www.greendale-is.in/"
863,"Aff. No. :130636
Sch. Code:56381","State : ANDHRA PRADESH
District : VISAKHAPATNAM",Senior Secondary Level,"Name : SVVP EM HIGH SCHOOL(ALWAR SCHOOL)
Head/Principal Name: DEVUPALLI VIJAYA KUMAR","Address : SVVP EM HIGH SCHOOL,BESIDE POWER OFFICE,RRV PURAM, GOPALAPATNAM, VISAKHAPATNAM - 530029
Website : www.alwarschoolgpt.com"
864,"Aff. No. :130762
Sch. Code:56938","State : ANDHRA PRADESH
District : VISAKHAPATNAM",Secondary Level,"Name : SRI AUROBINDO IDEAL HIGH SCHOOL
Head/Principal Name: SARAGADAM SURI BABU","Address : OPP POLICE QUARTERS, UKKUNAGARAM, VISAKHAPATNAM STEEL PLANT
Website : http://sriaurobindoidealhighschool.in"
865,"Aff. No. :130748
Sch. Code:56760","State : ANDHRA PRADESH
District : VISAKHAPATNAM",Secondary Level,"Name : CATHERINE SCHOOL
Head/Principal Name: EVANGELINE SUSHMA GODI","Address : VIDYA MARG, GALLI ROAD, MULLAKUDDU VILLAGE, BHEEMUNIPATNAM MANDAL
Website : www.catherinecbse.info"
866,"Aff. No. :130737
Sch. Code:56674","State : ANDHRA PRADESH
District : VISAKHAPATNAM",Secondary Level,"Name : AD EM SCHOOL
Head/Principal Name: SANAPALA UMA MAHESWARI","Address : ANAKAPALLI, , ANKAPALLI MANDAL
Website : https://adschool.co.in/"
867,"Aff. No. :130805
Sch. Code:57409","State : ANDHRA PRADESH
District : VISAKHAPATNAM",Secondary Level,"Name : PILANI PUBLIC SCHOOL
Head/Principal Name: MONIKA SHARMA","Address : AMTZ CAMPUS, NEAR PRAGATI MAIDAN, STEEL PLANT
Website : www.ppspilani.org"
868,"Aff. No. :130806
Sch. Code:23820","State : ANDHRA PRADESH
District : VISAKHAPATNAM",Secondary Level,"Name : SRI VISWA HIGH SCHOOL
Head/Principal Name: THOLETI VANIPRASAD","Address : D.NO.12C,SURVEY NO.40/6, ASSESSMT.NO.465, G.S. AGRAHARAM, RAMAVARAM PANCHAYAT, , ANANDAPURAM MANDAL,
Website : http://sriviswaschools.com/"
869,"Aff. No. :130791
Sch. Code:57305","State : ANDHRA PRADESH
District : VISAKHAPATNAM",Secondary Level,"Name : MOUNT DIOS INTERNATIONAL SCHOOL
Head/Principal Name: JHANSI RANI","Address : OPP KALABHIRAVA TEMPLE, ADAVIVARAM, NEAR SIMHACHELAM
Website : https://www.mountdios.com/"
870,"Aff. No. :130825
Sch. Code:23878","State : ANDHRA PRADESH
District : VISAKHAPATNAM",Secondary Level,"Name : SRI CHAITANYA SCHOOL
Head/Principal Name: GIDIJALA GEETA MADHURI","Address : APHB COLONY, HOUSING BOARD COLONY, P M PALEM
Website : http://srichaitanyaschoolmadhurawada5.net"
871,"Aff. No. :180009
Sch. Code:59313","State : ANDHRA PRADESH
District : VISAKHAPATNAM",Senior Secondary Level,"Name : NAVY CHILDREN SCHOOL
Head/Principal Name: DR PARUL KUMAR","Address : NAUSENABAUGH VISAKHAPATNAM ANDHRA PRADESH
Website : www.ncsvizag.edu.in"
872,"Aff. No. :180020
Sch. Code:59332","State : ANDHRA PRADESH
District : VISAKHAPATNAM",Secondary Level,"Name : RAMANATH SECONDARY SCHOOL
Head/Principal Name: K. SATYANARAYANA RAJU","Address : NSTL NAGAR, VIGYAN NAGAR VISAKHAPATNAM ANDHRA PRADESH
Website : www.ramanathsecondaryschool.com"
873,"Aff. No. :140007
Sch. Code:59318","State : ANDHRA PRADESH
District : VISAKHAPATNAM",Senior Secondary Level,"Name : JAWAHAR NAVODAYA VIDYALAYA
Head/Principal Name: Dr. Y S S Chandra Sekhar","Address : KOMMADI VISAKHAPATNAM ANDHRA PRADESH
Website : www.navodaya.gov.in/nvs/nvs-school/VISAKHAPATNAM/e"
874,"Aff. No. :130845
Sch. Code:23958","State : ANDHRA PRADESH
District : VISAKHAPATNAM",Secondary Level,"Name : RAVINDRA BHARTHI EM HIGH SCHOOL
Head/Principal Name: R SWARUPA CHANDRAKALA","Address : SAVITRI NILAYAM DR NO 13-15/1/4, SAVITRI NILAYAM DR NO 13-15/1/4, SAVITRI NILAYAM DR NO 13-15/1/4
Website : http://rbgssujathanagar.in/"
875,"Aff. No. :130846
Sch. Code:23959","State : ANDHRA PRADESH
District : VISAKHAPATNAM",Senior Secondary Level,"Name : SASI ENGLISH MEDIUM SCHOOL
Head/Principal Name: PINNINTI PURANJAYARAO","Address : SANGHIVALASA, THAGARAPUVALASA, MAIN ROAD BHEMUNIPATNAM, VISAKHAPATNAM DISTRICT, A.P
Website : www.sasischool.com"
876,"Aff. No. :180015
Sch. Code:59341","State : ANDHRA PRADESH
District : VISAKHAPATNAM",Senior Secondary Level,"Name : NAVY CHILDREN SCHOOL
Head/Principal Name: DR PARUL KUMAR","Address : SRI VIJAY NAGAR COLONY 104 AREA MAIPALAM VISHAKHAPATNAM ANDHRA PRADESH
Website : www.ncsvizagsvn.nesnavy.in"
877,"Aff. No. :180002
Sch. Code:59310","State : ANDHRA PRADESH
District : VIZIANAGARAM",Senior Secondary Level,"Name : SAINIK SCHOOL
Head/Principal Name: S S SHASTRI","Address : KORUKONDA VIZIANAGARAM DISTT. ANDHRA PRADESH
Website : www.sainikschoolkorukonda.org"
878,"Aff. No. :140019
Sch. Code:59327","State : ANDHRA PRADESH
District : VIZIANAGARAM",Senior Secondary Level,"Name : PM SHRI SCHOOL JAWAHAR NAVODAYA VIDYALAYA
Head/Principal Name: DURGA PRASAD VADREVU","Address : KILTAMPALEM DIST.VIZIANAGARAM ANDHRA PRADESH
Website : www.jnvvizianagaram.in"
879,"Aff. No. :130826
Sch. Code:23879","State : ANDHRA PRADESH
District : VIZIANAGARAM",Secondary Level,"Name : SRI CHAITANYA SCHOOL
Head/Principal Name: JYOTHI M","Address : NOBLE NAGAR AREA, DHARMAPURI ROAD, VIZIANAGARAM
Website : https://srichaitanyaschoolvizianagaram3.net"
880,"Aff. No. :130813
Sch. Code:23839","State : ANDHRA PRADESH
District : VIZIANAGARAM",Secondary Level,"Name : BHASHYAM BLOOMS SCHOOL
Head/Principal Name: S USHA RANI","Address : SY.NO.205-1C,1,1E,1D,1F, BESIDE RAMANARAYANAM, SARIKA VILLAGE
Website : https://bhashyambloomsvzm.in/"
881,"Aff. No. :130797
Sch. Code:57339","State : ANDHRA PRADESH
District : VIZIANAGARAM",Senior Secondary Level,"Name : NARAYANA EM HIGH SCHOOL
Head/Principal Name: RAMESH KANDIPALLI","Address : NOBLE NAGAR,NEAR METRO FUNCTION HALL,VZM, NOBLE NAGAR,NEAR METRO FUNCTION HALL,VZM, NOBLE NAGAR,NEAR METRO FUNCTION HALL,VZM
Website : https://www.narayanaschools.in/andhra-pradesh/vizi"
882,"Aff. No. :130616
Sch. Code:56213","State : ANDHRA PRADESH
District : VIZIANAGARAM",Secondary Level,"Name : DR. BESANT ENGLISH MEDIUM SCHOOL
Head/Principal Name: MIRTIPATI SURYA PRAKASA RAO","Address : D. NO. 9-10-30 BUTCHENNA KONERU
Website : www.drbesantschool.com"
883,"Aff. No. :130518
Sch. Code:57235","State : ANDHRA PRADESH
District : VIZIANAGARAM",Secondary Level,"Name : RANGUMUDRI GRAMMAR SCHOOL
Head/Principal Name: RELLU GANAPATI RAO","Address : SAI LAKSHMI NAGAR, JANARDHANAPURAM VILLAGE, CHILAKALAPALLI POST, BALIJIPETA SO, VIZIANAGARAM DISTRICT, ANDHRA PRADESH, PIN - 535 557.
Website : www.rangumudricbse.com"
884,"Aff. No. :130519
Sch. Code:57205","State : ANDHRA PRADESH
District : VIZIANAGARAM",Secondary Level,"Name : DR VARALAKSHMI PUBLIC SCHOOL
Head/Principal Name: YEDDULA JANAKI DEVI","Address : BHAVANI NAGAR, TENNU BODDAVARA, S.KOTA MANDAL, VIZIANAGARAM DIST
Website : https://drvaralakshmipublicschool.in/"
885,"Aff. No. :130394
Sch. Code:57143","State : ANDHRA PRADESH
District : VIZIANAGARAM",Senior Secondary Level,"Name : FORT CITY SCHOOL
Head/Principal Name: ROIANA KHAN","Address : 100 FT RING ROAD,NEAR VARUN MOTORS,OPP:KOMATI CHERUVU,JAMMUNARAYANAPURAM VILLAGE, VIZIANAGARAM MANDAL
Website : http://www.fortcityschool.com"
886,"Aff. No. :130269
Sch. Code:57110","State : ANDHRA PRADESH
District : VIZIANAGARAM",Secondary Level,"Name : THE SUN SCHOOL
Head/Principal Name: BASI RANGA","Address : 5-247,TOWN CENTRE LAYOUT,100FT RING ROAD,VIZIANAGRAM
Website : www.thesunschool.com"
887,"Aff. No. :130241
Sch. Code:57087","State : ANDHRA PRADESH
District : VIZIANAGARAM",Senior Secondary Level,"Name : THE VIZAG INTERNATIONAL SCHOOL
Head/Principal Name: LAKSHMANA MURTHY BODASINGI","Address : S.NO:382/2,KORUKONDA - 533289.
Website : www.vizaginternationalschool.org"
888,"Aff. No. :130187
Sch. Code:57064","State : ANDHRA PRADESH
District : VIZIANAGARAM",Senior Secondary Level,"Name : KAVIRAYANI PUBLIC SCHOOL
Head/Principal Name: GCVS SUBBA RAO","Address : OPP. ENGINEERING COLLEGE PARVATHIPURAM KOTAVANIVALASA, GARUGUBILLI, VIZIANAGARAM DISTT ANDHRA PRADESH
Website : www.kavirayani.org"
889,"Aff. No. :121103
Sch. Code:59229","State : ANDHRA PRADESH
District : VIZIANAGARAM",Senior Secondary Level,"Name : ZPHS GOLJAM
Head/Principal Name: K LAKSHMI","Address : GOLZAM, GOLZAM
Website : https://nadunedu.se.ap.gov.in/cbse/cbse/28123200202"
890,"Aff. No. :121087
Sch. Code:59213","State : ANDHRA PRADESH
District : VIZIANAGARAM",Senior Secondary Level,"Name : MPL HS BPM
Head/Principal Name: ULLI VISHALAKSHMI","Address : KOTHAAGRAHARAM, NEAR BODDUVARI JUNCTION
Website : https://nadunedu.se.ap.gov.in/cbse/cbse/28122895128"
891,"Aff. No. :130097
Sch. Code:57028","State : ANDHRA PRADESH
District : VIZIANAGARAM",Senior Secondary Level,"Name : SMT GODAVARI DEVI SARAF HIGH SCHOOL
Head/Principal Name: BALIJEPALLI RAVI","Address : SHREERAM NAGAR (POST) VIZIANAGARAM DIST. ANDHRA PRADESH
Website : www.sgshighschool.com"
892,"Aff. No. :121053
Sch. Code:59172","State : ANDHRA PRADESH
District : VIZIANAGARAM",Senior Secondary Level,"Name : ZPHS JONNAVALASA
Head/Principal Name: G VIJAYALAKSHMI","Address : VIZIANAGARAM, VIZIANAGARAM
Website : https://nadunedu.se.ap.gov.in/cbse/cbse/28122800802"
893,"Aff. No. :121069
Sch. Code:59188","State : ANDHRA PRADESH
District : VIZIANAGARAM",Senior Secondary Level,"Name : MJPAPBCWRS EM BOYS
Head/Principal Name: BIRLANGI SEETARAM","Address : 0, K KOTHAVALASA
Website : https://nadunedu.se.ap.gov.in/cbse/cbse/28121703207"
894,"Aff. No. :121049
Sch. Code:59168","State : ANDHRA PRADESH
District : VIZIANAGARAM",Senior Secondary Level,"Name : KGBV BADANGI
Head/Principal Name: SHAIK NAZIA","Address : KGBV BADANGI, VIZIANAGARAM
Website : https://nadunedu.se.ap.gov.in/cbse/cbse/28121401611"
895,"Aff. No. :121036
Sch. Code:59155","State : ANDHRA PRADESH
District : VIZIANAGARAM",Senior Secondary Level,"Name : ZPHS BUDATANAPALLI
Head/Principal Name: VVVS SUBRAMANYAM","Address : BUDATHANAPALLI, BUDATHANAPALLI
Website : https://nadunedu.se.ap.gov.in/cbse/cbse/28122902904"
896,"Aff. No. :121037
Sch. Code:59156","State : ANDHRA PRADESH
District : VIZIANAGARAM",Senior Secondary Level,"Name : ZPHS ZINNAM
Head/Principal Name: SIDDATHAM TRINADHA RAO","Address : ZINNAM, ZINNAM
Website : https://nadunedu.se.ap.gov.in/cbse/cbse/28121902804"
897,"Aff. No. :120989
Sch. Code:59108","State : ANDHRA PRADESH
District : VIZIANAGARAM",Senior Secondary Level,"Name : ZPHS CHEEPURUPALLI
Head/Principal Name: K CHANDRASEKHAR KUMAR","Address : CHEEPURUPALLI, VIZIANAGARAM
Website : https://nadunedu.se.ap.gov.in/cbse/cbse/28122300217"
898,"Aff. No. :120866
Sch. Code:58928","State : ANDHRA PRADESH
District : VIZIANAGARAM",Senior Secondary Level,"Name : KGBV MENTADA
Head/Principal Name: Sarada Podilapu","Address : MENTADA , VIZIANAGARAM
Website : https://nadunedu.se.ap.gov.in/cbse/cbse/28121803210"
899,"Aff. No. :120873
Sch. Code:58935","State : ANDHRA PRADESH
District : VIZIANAGARAM",Senior Secondary Level,"Name : KGBV SANTHAKAVITY
Head/Principal Name: ALUGOLU PRABHA","Address : VASUDEVAPANTNAM, SANTHAKAVITI,SRIKAKULAM
Website : https://nadunedu.se.ap.gov.in/cbse/cbse/28111001804"
900,"Aff. No. :120838
Sch. Code:58900","State : ANDHRA PRADESH
District : VIZIANAGARAM",Senior Secondary Level,"Name : APSWRS P KOPPERLA
Head/Principal Name: B V Poorna Chandra Rao","Address : KOPPERLA, KOPPERLA VILL,NEAR POWER SUBSTATION
Website : https://nadunedu.se.ap.gov.in/cbse/cbse/28122503104"
901,"Aff. No. :120817
Sch. Code:58879","State : ANDHRA PRADESH
District : VIZIANAGARAM",Senior Secondary Level,"Name : KGBV RAJAM
Head/Principal Name: palli savithri","Address : GURAVAM, RAJAM
Website : https://nadunedu.se.ap.gov.in/cbse/cbse/28110490422"
902,"Aff. No. :120945
Sch. Code:59064","State : ANDHRA PRADESH
District : VIZIANAGARAM",Senior Secondary Level,"Name : APRSGIRLS TATIPUDI
Head/Principal Name: J N SANDHYA BHARGAVI","Address : S.KOTA, VIZIANAGARAM
Website : https://nadunedu.se.ap.gov.in/cbse/cbse/28123000704"
903,"Aff. No. :120943
Sch. Code:59062","State : ANDHRA PRADESH
District : VIZIANAGARAM",Senior Secondary Level,"Name : APSWR SCHOOL BADANGI
Head/Principal Name: TENNETI RAMADASU","Address : BADANGI, APSWR SCHOOL BADANGI
Website : https://nadunedu.se.ap.gov.in/cbse/cbse/28121401607"
904,"Aff. No. :120929
Sch. Code:58991","State : ANDHRA PRADESH
District : VIZIANAGARAM",Senior Secondary Level,"Name : ZPHS BADANGI
Head/Principal Name: D SATYANARAYANA","Address : BADANGI, ZPHS BADANGI
Website : https://nadunedu.se.ap.gov.in/cbse/cbse/28121401606"
905,"Aff. No. :120930
Sch. Code:58992","State : ANDHRA PRADESH
District : VIZIANAGARAM",Senior Secondary Level,"Name : KGBV CHEEPURUPALLI
Head/Principal Name: LUKHALAPU HYMAVATHI","Address : G AGRAHARAM VILLAGE, CHEEPURUPALLI
Website : https://nadunedu.se.ap.gov.in/cbse/cbse/28122300231"
906,"Aff. No. :120904
Sch. Code:58966","State : ANDHRA PRADESH
District : VIZIANAGARAM",Senior Secondary Level,"Name : APSWRJCG NELLIMARLA
Head/Principal Name: DR B R AMBEDKAR GURUKULAM NELLIMARLA","Address : VENUGOPALAPURAM OLONY, NELLIMARLA , VENUGOPALAPURAM OLONY, NELLIMARLA
Website : https://nadunedu.se.ap.gov.in/cbse/cbse/28122490817"
907,"Aff. No. :120884
Sch. Code:58946","State : ANDHRA PRADESH
District : VIZIANAGARAM",Senior Secondary Level,"Name : APRSBSIMHALATOTA
Head/Principal Name: K RAGHUNADH","Address : SIMHALATOTA, BOBBILI
Website : https://nadunedu.se.ap.gov.in/cbse/cbse/28121090142"
908,"Aff. No. :120750
Sch. Code:58812","State : ANDHRA PRADESH
District : VIZIANAGARAM",Senior Secondary Level,"Name : APSWR SCHOOL GIRLS CHEEPURUPALLI
Head/Principal Name: A RANISRI","Address : CHEEPURUPALLI VILLAGE, CHEEPURUPALLI
Website : https://nadunedu.se.ap.gov.in/cbse/cbse/28122300218"
909,"Aff. No. :120752
Sch. Code:58814","State : ANDHRA PRADESH
District : VIZIANAGARAM",Senior Secondary Level,"Name : KGBV GPNM
Head/Principal Name: Ramasetti Hyma","Address : MARAPALLI, MARAPALLI
Website : https://nadunedu.se.ap.gov.in/cbse/cbse/28121900407"
910,"Aff. No. :120773
Sch. Code:58835","State : ANDHRA PRADESH
District : VIZIANAGARAM",Senior Secondary Level,"Name : KGBV P P REGA
Head/Principal Name: Amballa Bharati","Address : GOLLAPETA , GOLLAPET VILL,NEAR PUSAPATIREGA POLICE S
Website : https://nadunedu.se.ap.gov.in/cbse/cbse/28122501309"
911,"Aff. No. :120794
Sch. Code:58856","State : ANDHRA PRADESH
District : VIZIANAGARAM",Senior Secondary Level,"Name : APSWRS BAKKUNAIDUPETA
Head/Principal Name: T M FLORENCE","Address : BAKKUNAIDUPETA, VEPADA
Website : https://nadunedu.se.ap.gov.in/cbse/cbse/28123101007"
912,"Aff. No. :120307
Sch. Code:58368","State : ANDHRA PRADESH
District : VIZIANAGARAM",Senior Secondary Level,"Name : KGBV JAMI
Head/Principal Name: B JYOTHI","Address : B C COLONY, KUMARAM
Website : https://nadunedu.se.ap.gov.in/cbse/cbse/28123301417"
913,"Aff. No. :120311
Sch. Code:58372","State : ANDHRA PRADESH
District : VIZIANAGARAM",Senior Secondary Level,"Name : KGBV DENKADAMOPADA
Head/Principal Name: G BHAVANI","Address : NEAR RAGHU COLLEGE, DENKADA
Website : https://nadunedu.se.ap.gov.in/cbse/cbse/28122702706"
914,"Aff. No. :120348
Sch. Code:58409","State : ANDHRA PRADESH
District : VIZIANAGARAM",Senior Secondary Level,"Name : APMS MENTADAPEDAMEDAPALLI
Head/Principal Name: G SUMANTH","Address : MENTADA , VIZIANAGARAM
Website : https://nadunedu.se.ap.gov.in/cbse/cbse/28121800807"
915,"Aff. No. :120380
Sch. Code:58441","State : ANDHRA PRADESH
District : VIZIANAGARAM",Senior Secondary Level,"Name : M J P A P B C W R SCHOOL GIRLS
Head/Principal Name: CHINCHILAM RAMA MOHINI","Address : NELLIMARLA, VIZIANAGARAM
Website : https://nadunedu.se.ap.gov.in/cbse/cbse/28122490816"
916,"Aff. No. :120378
Sch. Code:58439","State : ANDHRA PRADESH
District : VIZIANAGARAM",Senior Secondary Level,"Name : KGBV BHOGHAPURAM
Head/Principal Name: B ARUNA","Address : NH 16, BHOGAPURAM, NEAR POWER OFFICE,BHOGAPURAM
Website : https://nadunedu.se.ap.gov.in/cbse/cbse/28122600117"
917,"Aff. No. :120250
Sch. Code:58311","State : ANDHRA PRADESH
District : VIZIANAGARAM",Senior Secondary Level,"Name : APMS VIZIANAGARAMAYYAPPANAGAR
Head/Principal Name: DR Ruksana Parveen","Address : VIZIANAGARAM, VIZIANAGARAM
Website : https://nadunedu.se.ap.gov.in/cbse/cbse/28122800401"
918,"Aff. No. :120251
Sch. Code:58312","State : ANDHRA PRADESH
District : VIZIANAGARAM",Senior Secondary Level,"Name : KGBV NELLIMARLA
Head/Principal Name: UMA BOORLE","Address : NEAR MIMS, NELLIMARLA , NELLIMAELA,
Website : https://nadunedu.se.ap.gov.in/cbse/cbse/28122490825"
919,"Aff. No. :120248
Sch. Code:58309","State : ANDHRA PRADESH
District : VIZIANAGARAM",Senior Secondary Level,"Name : APMS DATTIRAJERUSHIKARUGANJI
Head/Principal Name: G PRASANNALAKSHMI","Address : 0, SHIKARUGANJI
Website : https://nadunedu.se.ap.gov.in/cbse/cbse/28121700407"
920,"Aff. No. :120234
Sch. Code:58295","State : ANDHRA PRADESH
District : VIZIANAGARAM",Senior Secondary Level,"Name : APMS GANTYADAMADHANAPURAM
Head/Principal Name: R RAMAKRISHNA RAO","Address : NEAR THATIPUDIO DAM, NEAR THATIPUDIO DAM
Website : https://nadunedu.se.ap.gov.in/cbse/cbse/28122901002"
921,"Aff. No. :120238
Sch. Code:58299","State : ANDHRA PRADESH
District : VIZIANAGARAM",Senior Secondary Level,"Name : APMS MERAKAMUDIDAMGARBHAM
Head/Principal Name: DVS ARUNA","Address : GARBHAM, VIZIANAGARAM
Website : https://nadunedu.se.ap.gov.in/cbse/cbse/28121603213"
922,"Aff. No. :120254
Sch. Code:58315","State : ANDHRA PRADESH
District : VIZIANAGARAM",Senior Secondary Level,"Name : KGBV L KOTA
Head/Principal Name: B PRAVEENA","Address : L.KOTA, L.KOTA
Website : https://nadunedu.se.ap.gov.in/cbse/cbse/28123200709"
923,"Aff. No. :120302
Sch. Code:58363","State : ANDHRA PRADESH
District : VIZIANAGARAM",Senior Secondary Level,"Name : APMS TERLAM PERUMALI
Head/Principal Name: G JYOTHI LAKSHMI","Address : PERUMALI, NEAR PHC
Website : https://nadunedu.se.ap.gov.in/cbse/cbse/28121504607"
924,"Aff. No. :120293
Sch. Code:58354","State : ANDHRA PRADESH
District : VIZIANAGARAM",Senior Secondary Level,"Name : KGBV KOTHAVALASA
Head/Principal Name: KOTYADA VIJAYA KUMARI","Address : SKOTA ROAD, KOTHAVALASA
Website : https://nadunedu.se.ap.gov.in/cbse/cbse/28123490716"
925,"Aff. No. :120291
Sch. Code:58352","State : ANDHRA PRADESH
District : VIZIANAGARAM",Senior Secondary Level,"Name : KGBV BONDAPALLI
Head/Principal Name: AMARAPU CHANDRA KALA","Address : 0, DEVUPALLI
Website : https://nadunedu.se.ap.gov.in/cbse/cbse/28122001909"
926,"Aff. No. :120270
Sch. Code:58331","State : ANDHRA PRADESH
District : VIZIANAGARAM",Senior Secondary Level,"Name : KGBV M M DAM
Head/Principal Name: KGBV","Address : KGBV SCHOOL ,MM DAM , MERAKAMUDIDAM
Website : https://nadunedu.se.ap.gov.in/cbse/cbse/28121601207"
927,"Aff. No. :120280
Sch. Code:58341","State : ANDHRA PRADESH
District : VIZIANAGARAM",Senior Secondary Level,"Name : APMS GAJAPATHINAGARAMMARAPALLI
Head/Principal Name: G ESWARA RAO","Address : MARAPALLI, MARAPALLI
Website : https://nadunedu.se.ap.gov.in/cbse/cbse/28121900406"
928,"Aff. No. :120275
Sch. Code:58336","State : ANDHRA PRADESH
District : VIZIANAGARAM",Senior Secondary Level,"Name : KGBV GARIVIDI
Head/Principal Name: EJJUROTHU DHANALAKSHMI","Address : INDIRAMMA COLONY, GARIVIDI, GARIVIDI, 535101
Website : https://nadunedu.se.ap.gov.in/cbse/cbse/28122202801"
929,"Aff. No. :120276
Sch. Code:58337","State : ANDHRA PRADESH
District : VIZIANAGARAM",Senior Secondary Level,"Name : KGBV GANTYADA
Head/Principal Name: A Jyothi","Address : KOTARUBILLI VILLAGE , GANTYADA MANDAL
Website : https://nadunedu.se.ap.gov.in/cbse/cbse/28122903212"
930,"Aff. No. :120151
Sch. Code:58212","State : ANDHRA PRADESH
District : VIZIANAGARAM",Senior Secondary Level,"Name : MJPAPBC WELFARE RESIDENTIAL SCHOOL &JR COLLEGE(G)
Head/Principal Name: K B B RAO","Address : NEAR MIMS, VIZIANAGARAM
Website : www.mjpapbcwr.in"
931,"Aff. No. :120008
Sch. Code:59369","State : ANDHRA PRADESH
District : VIZIANAGARAM",Senior Secondary Level,"Name : EKLAVYA MODEL RESIDENTIAL SCHOOL
Head/Principal Name: VIR SINGH","Address : JK PADU COLONY, GL PURAM VIZIANAGARAM DIST. GL PURAM, ANDHRA PRADESH- 535523
Website : https://twreis.apcfss.in/emrs-glpuram.edu"
932,"Aff. No. :120012
Sch. Code:59366","State : ANDHRA PRADESH
District : VIZIANAGARAM",Senior Secondary Level,"Name : EKALAVYA MODEL RESIDENTIAL SCHOOL
Head/Principal Name: DEVENDER SINGH","Address : KOTIKAPENTHA AT. SARAIVALASA, PACHIPENTA MANDALAM,MATHUMURU (BO), SALURU (SO), VIZIANAGARAM ANDHRA PRADESH-535591
Website : www.emrskotikapenta.org.in"
933,"Aff. No. :120013
Sch. Code:59365","State : ANDHRA PRADESH
District : VIZIANAGARAM",Senior Secondary Level,"Name : EKALAVYA MODEL RESIDENTIAL SCHOOL
Head/Principal Name: KUPPILI SURESH","Address : ANASABADRA, MAKKUVA MANDAL VIZIANAGARAM DIST. BOBBILI ANDHRA PRADESH-535547
Website : https://emrsanasabadhra.org.in/"
934,"Aff. No. :100050
Sch. Code:59343","State : ANDHRA PRADESH
District : VIZIANAGARAM",Senior Secondary Level,"Name : PM SHRI KENDRIYA VIDYALAYA VIZIANAGARAM
Head/Principal Name: DILIP MODI","Address : BABAMETTA, VIZIANAGARAM, ANDHRA PRADESH
Website : https://vizianagaram.kvs.ac.in/"
935,"Aff. No. :120165
Sch. Code:58226","State : ANDHRA PRADESH
District : VIZIANAGARAM",Senior Secondary Level,"Name : ZPHS VEMPADAM
Head/Principal Name: SURAGALA RAMBABU","Address : VEMPADAM, VEMPADAM VILL
Website : https://nadunedu.se.ap.gov.in/cbse/cbse/28122502805"
936,"Aff. No. :120189
Sch. Code:58250","State : ANDHRA PRADESH
District : VIZIANAGARAM",Senior Secondary Level,"Name : APMS LAKKAVARAPUKOTA
Head/Principal Name: Kandi Dharma Kumar","Address : OPP. MDO OFFICE, VIZIANAGARAM
Website : https://nadunedu.se.ap.gov.in/cbse/cbse/28123200506"
937,"Aff. No. :120222
Sch. Code:58283","State : ANDHRA PRADESH
District : VIZIANAGARAM",Senior Secondary Level,"Name : APMS BHOGAPURAM
Head/Principal Name: CHINTAPENTA PARVATHI","Address : BHOGAPURAM, VIZIANAGARAM
Website : https://nadunedu.se.ap.gov.in/cbse/cbse/28122600120"
938,"Aff. No. :120227
Sch. Code:58288","State : ANDHRA PRADESH
District : VIZIANAGARAM",Senior Secondary Level,"Name : APMS DENKADAAKKIVARAM
Head/Principal Name: CH SANDHYA","Address : AKKIVARAM, BESIDE VENKATESWARA SWAMI TEMPEL
Website : https://nadunedu.se.ap.gov.in/cbse/cbse/28122701509"
939,"Aff. No. :120228
Sch. Code:58289","State : ANDHRA PRADESH
District : VIZIANAGARAM",Senior Secondary Level,"Name : APMS KOTHAVALASAARDHANAPALEM
Head/Principal Name: A PRABHAKAR","Address : 0, ARDHANAPALEM
Website : https://nadunedu.se.ap.gov.in/cbse/cbse/28123401808"
940,"Aff. No. :120229
Sch. Code:58290","State : ANDHRA PRADESH
District : VIZIANAGARAM",Senior Secondary Level,"Name : APMS VEPADABAKKUNAIDUPETA
Head/Principal Name: RAVADA ESWARA RAO","Address : BAKKUNAIDUPETA, VEPADA
Website : https://nadunedu.se.ap.gov.in/cbse/cbse/28123101012"
941,"Aff. No. :120207
Sch. Code:58268","State : ANDHRA PRADESH
District : VIZIANAGARAM",Senior Secondary Level,"Name : ZPHS KOTHAVALASA
Head/Principal Name: CH ESWARA RAO","Address : KOTHAVALASA, KOTHAVALASA
Website : https://nadunedu.se.ap.gov.in/cbse/cbse/28123490711"
942,"Aff. No. :120200
Sch. Code:58261","State : ANDHRA PRADESH
District : VIZIANAGARAM",Senior Secondary Level,"Name : KGBV VIZIANAGARAM
Head/Principal Name: A SUJATHA KUMARI","Address : DOUBLE COLONY, NEAR DHARGA
Website : https://nadunedu.se.ap.gov.in/cbse/cbse/28122895221"
943,"Aff. No. :120201
Sch. Code:58262","State : ANDHRA PRADESH
District : VIZIANAGARAM",Senior Secondary Level,"Name : KGBV R B PURAM
Head/Principal Name: MEESALA DEEPA","Address : H.NO1 MAIN ROAD, BUSAYAVALASA
Website : https://nadunedu.se.ap.gov.in/cbse/cbse/28121300611"
944,"Aff. No. :120205
Sch. Code:58266","State : ANDHRA PRADESH
District : VIZIANAGARAM",Senior Secondary Level,"Name : APMS NELLIMERLASATHIVADA
Head/Principal Name: JINAGA PADMALATHA","Address : SATHIVADA VILLAGE & POST , NELLIMARLA MA, SATHIVADA VILLAGE & POST , NELLIMARLA MA
Website : https://nadunedu.se.ap.gov.in/cbse/cbse/28122402507"
945,"Aff. No. :120514
Sch. Code:58575","State : ANDHRA PRADESH
District : VIZIANAGARAM",Senior Secondary Level,"Name : ZPHS BHOGAPURAM
Head/Principal Name: P A G H S SRINIVAS","Address : NH 16, BHOGAPURAM, NEAR POLICE STATION
Website : https://nadunedu.se.ap.gov.in/cbse/cbse/28122600113"
946,"Aff. No. :120515
Sch. Code:58576","State : ANDHRA PRADESH
District : VIZIANAGARAM",Senior Secondary Level,"Name : MPL HS KASPA
Head/Principal Name: R SANKARA RAO","Address : OKKALANKAVARI VEEDHI, NEAR THREE LAMPS
Website : https://nadunedu.se.ap.gov.in/cbse/cbse/28122895129"
947,"Aff. No. :120490
Sch. Code:58551","State : ANDHRA PRADESH
District : VIZIANAGARAM",Senior Secondary Level,"Name : APSWRS UNGARADAMETTA
Head/Principal Name: BORA BUTCHI RAJU","Address : NEAR POLICE STATION REGIDI, RAJAM
Website : https://nadunedu.se.ap.gov.in/cbse/cbse/28110303103"
948,"Aff. No. :120388
Sch. Code:58449","State : ANDHRA PRADESH
District : VIZIANAGARAM",Senior Secondary Level,"Name : KGBV VEPADA
Head/Principal Name: A KIRAMAI","Address : BAKKUNAIDUPETA, VEPADA
Website : https://nadunedu.se.ap.gov.in/cbse/cbse/28123101009"
949,"Aff. No. :120401
Sch. Code:58462","State : ANDHRA PRADESH
District : VIZIANAGARAM",Senior Secondary Level,"Name : KGBV D RAJERU
Head/Principal Name: CHALUMURI SIVAPADMA","Address : MRO OPPOSITE, DATTIRAJEURU
Website : https://nadunedu.se.ap.gov.in/cbse/cbse/28121702106"
950,"Aff. No. :120407
Sch. Code:58468","State : ANDHRA PRADESH
District : VIZIANAGARAM",Senior Secondary Level,"Name : ZPHS MANDARADA
Head/Principal Name: V RAVISANKAR","Address : MANDARADA, RAJAM
Website : https://nadunedu.se.ap.gov.in/cbse/cbse/28111002503"
951,"Aff. No. :120444
Sch. Code:58505","State : ANDHRA PRADESH
District : VIZIANAGARAM",Senior Secondary Level,"Name : APSWRS VIYYAMPETA
Head/Principal Name: T Jaya Sree","Address : MAIN ROAD VIYYAMPETA , VIYAMPETA
Website : https://nadunedu.se.ap.gov.in/cbse/cbse/28123401510"
952,"Aff. No. :120422
Sch. Code:58483","State : ANDHRA PRADESH
District : VIZIANAGARAM",Senior Secondary Level,"Name : KGBV GURLA
Head/Principal Name: D JANAKI","Address : B C COLONY , GURLA
Website : https://nadunedu.se.ap.gov.in/cbse/cbse/28122103504"
953,"Aff. No. :120569
Sch. Code:58630","State : ANDHRA PRADESH
District : VIZIANAGARAM",Senior Secondary Level,"Name : KGBV VANGARA
Head/Principal Name: BOUROTHU ROHINI","Address : VANGARA, SRIKAKULAM
Website : https://nadunedu.se.ap.gov.in/cbse/cbse/28110201703"
954,"Aff. No. :120582
Sch. Code:58643","State : ANDHRA PRADESH
District : VIZIANAGARAM",Senior Secondary Level,"Name : K G B V THERLAM
Head/Principal Name: ADILAKSHMI MAKKUVA","Address : THERLAM, VIZIANAGARAM
Website : https://nadunedu.se.ap.gov.in/cbse/cbse/28121502410"
955,"Aff. No. :120548
Sch. Code:58609","State : ANDHRA PRADESH
District : VIZIANAGARAM",Senior Secondary Level,"Name : KGBV BOBBILI
Head/Principal Name: SWAPNA PUTCHALA","Address : BOBBILI, VIZIANAGARAM
Website : https://nadunedu.se.ap.gov.in/cbse/cbse/28121090173"
956,"Aff. No. :120551
Sch. Code:58612","State : ANDHRA PRADESH
District : VIZIANAGARAM",Senior Secondary Level,"Name : KGBV DEVUDALA
Head/Principal Name: MURAPAKA LAKSHMI","Address : SANKILI , R.AMADALAVALASA MANDAL
Website : https://nadunedu.se.ap.gov.in/cbse/cbse/28110301203"
957,"Aff. No. :120662
Sch. Code:58724","State : ANDHRA PRADESH
District : VIZIANAGARAM",Senior Secondary Level,"Name : APSWRS MADDUVALASA
Head/Principal Name: P PADMAVATHI","Address : MADDUVALASA, VANGARA
Website : https://nadunedu.se.ap.gov.in/cbse/cbse/28110202102"
958,"Aff. No. :120660
Sch. Code:58722","State : ANDHRA PRADESH
District : WEST GODAVARI",Senior Secondary Level,"Name : ZPHS KONITIWADA
Head/Principal Name: MANDA RAMA KRISHNA","Address : MAIN ROAD KONITHIWADA, VEERA VADATAM MANDAL
Website : https://nadunedu.se.ap.gov.in/cbse/cbse/28153800310"
959,"Aff. No. :120607
Sch. Code:58668","State : ANDHRA PRADESH
District : WEST GODAVARI",Senior Secondary Level,"Name : ZPHS VEERAVASARAM
Head/Principal Name: JUTTIGA SRINIVAS","Address : OPP :GAYATRI HANUMAN THEATER, VEERAVASARAM
Website : https://nadunedu.se.ap.gov.in/cbse/cbse/28153801019"
960,"Aff. No. :120532
Sch. Code:58593","State : ANDHRA PRADESH
District : WEST GODAVARI",Senior Secondary Level,"Name : APSWREIS B JR. COLLEGE LB CHERLA NARASAPURAM
Head/Principal Name: P JACOB RAJU","Address : L.B.CHERLA, NARASAPURAM
Website : https://nadunedu.se.ap.gov.in/cbse/cbse/28154501311"
961,"Aff. No. :100048
Sch. Code:59342","State : ANDHRA PRADESH
District : WEST GODAVARI",Senior Secondary Level,"Name : PM SHRI KENDRIYA VIDYALAYA
Head/Principal Name: BHOOR SINGH MEENA","Address : ELURU, COLLECTORATE CAMPUS, N R PET, ELURU, DISTT. WEST GODAVARI, ANDHRA PRADESH
Website : https://eluru.kvs.ac.in"
962,"Aff. No. :120019
Sch. Code:59372","State : ANDHRA PRADESH
District : WEST GODAVARI",Senior Secondary Level,"Name : EKLAVYA MODEL RESIDENTIAL SCHOOL(EMRS) BUTTAYAGUDEM
Head/Principal Name: Praveen Kumar Mishra","Address : (CO-EDN) BUTTAYAGUDAM WEST GODAVARI , ANDHRA PRADESH-534448
Website : https://emrsbuttayagudem.org.in"
963,"Aff. No. :120674
Sch. Code:58736","State : ANDHRA PRADESH
District : WEST GODAVARI",Senior Secondary Level,"Name : GHS ACHANTA
Head/Principal Name: AYALURI USHARANI","Address : MAIN ROAD, ACHANTA
Website : https://nadunedu.se.ap.gov.in/cbse/cbse/28154100120"
964,"Aff. No. :120902
Sch. Code:58964","State : ANDHRA PRADESH
District : WEST GODAVARI",Senior Secondary Level,"Name : ZPHS LANKALAKODERU
Head/Principal Name: G B J PRASADA RAO","Address : MAIN ROAD, NEAR WATER TANK
Website : https://nadunedu.se.ap.gov.in/cbse/cbse/28154300706"
965,"Aff. No. :120821
Sch. Code:58883","State : ANDHRA PRADESH
District : WEST GODAVARI",Senior Secondary Level,"Name : ZPHS BOYS AKIVIDU
Head/Principal Name: THOTA POTHI RAJU","Address : NEAR SBI MAIN BRANCH, AKIVIDU
Website : https://nadunedu.se.ap.gov.in/cbse/cbse/28153401018"
966,"Aff. No. :120870
Sch. Code:58932","State : ANDHRA PRADESH
District : WEST GODAVARI",Senior Secondary Level,"Name : ZPHS KOPALLE
Head/Principal Name: NIRMALA DEVI KALIDINDI","Address : ADJACENT VANDRUM ROAD, BHEEMAVARAM
Website : https://nadunedu.se.ap.gov.in/cbse/cbse/28153500803"
967,"Aff. No. :120848
Sch. Code:58910","State : ANDHRA PRADESH
District : WEST GODAVARI",Senior Secondary Level,"Name : ZPHS PEDAKAPAVARAM
Head/Principal Name: Bandela Sreekalahasteeswarudu","Address : PEDAKAPAVARAM, AKIVIDU MANDAL
Website : https://nadunedu.se.ap.gov.in/cbse/cbse/28153400206"
968,"Aff. No. :120992
Sch. Code:59111","State : ANDHRA PRADESH
District : WEST GODAVARI",Senior Secondary Level,"Name : BRMV MPL HS 7TH WARD PALAKOL
Head/Principal Name: SIRRA JHANSI LAKSHMI BAI","Address : PALAKOLLU, PALAKOL
Website : https://nadunedu.se.ap.gov.in/cbse/cbse/28154390633"
969,"Aff. No. :120971
Sch. Code:59090","State : ANDHRA PRADESH
District : WEST GODAVARI",Senior Secondary Level,"Name : ZPHS ELURUPADU
Head/Principal Name: G V SATYANARAYANA RAJU","Address : ELURUPADU , KALLA MANDAL
Website : https://nadunedu.se.ap.gov.in/cbse/cbse/28153500108"
970,"Aff. No. :120972
Sch. Code:59091","State : ANDHRA PRADESH
District : WEST GODAVARI",Senior Secondary Level,"Name : APSWREIS B JR.COLLEGE ARUGOLANU
Head/Principal Name: BHUMULA SRINIVASA RAO","Address : KONDALAMMA TEMPLE, APSWRS/JR.COLLEGE ARU, ARUGOLANU
Website : https://nadunedu.se.ap.gov.in/cbse/cbse/28151801509"
971,"Aff. No. :120960
Sch. Code:59079","State : ANDHRA PRADESH
District : WEST GODAVARI",Senior Secondary Level,"Name : ZPHS B TANUKU
Head/Principal Name: K PADMAVATHI","Address : BESIDE GOVERNMENT HOSPITAL, TANUKU
Website : https://nadunedu.se.ap.gov.in/cbse/cbse/28152890825"
972,"Aff. No. :121044
Sch. Code:59163","State : ANDHRA PRADESH
District : WEST GODAVARI",Senior Secondary Level,"Name : ZPHS UNDI
Head/Principal Name: Y RAMALAKSHMI","Address : NEAR GOVT HOSPITAL, UNDI, UNDI MANDAL
Website : https://nadunedu.se.ap.gov.in/cbse/cbse/28153301314"
973,"Aff. No. :121051
Sch. Code:59170","State : ANDHRA PRADESH
District : WEST GODAVARI",Senior Secondary Level,"Name : ZPHS KALLA
Head/Principal Name: J L N SASTRY","Address : MAIN ROAD KALLA,KALLA MANDAL, KALLA
Website : https://nadunedu.se.ap.gov.in/cbse/cbse/28153501006"
974,"Aff. No. :130072
Sch. Code:57023","State : ANDHRA PRADESH
District : WEST GODAVARI",Senior Secondary Level,"Name : SIR C R REDDY PUBLIC SCHOOL
Head/Principal Name: P SAIKUMARI SHANKAR","Address : G N T ROAD ELURU WEST GODAVARI DIST ANDHRA PRADESH
Website : www.sircrrschool.ac.in"
975,"Aff. No. :130058
Sch. Code:57019","State : ANDHRA PRADESH
District : WEST GODAVARI",Senior Secondary Level,"Name : J SIKILE SCHOOL
Head/Principal Name: SOMILI SUCHARITA","Address : POST BOX NO. 24, ROYAPETA NARSAPUR, DISTT- WEST GODAVARI, ANDHRA PRADESH-534275
Website : www.jsikile.in"
976,"Aff. No. :130038
Sch. Code:57002","State : ANDHRA PRADESH
District : WEST GODAVARI",Senior Secondary Level,"Name : B V BHAVANS INTERNATIONAL RES PUB SC
Head/Principal Name: T J Devi Padma","Address : RES. PUBLIC SCHOOL BHIMAVARAM BHIMAVARAM WEST GODAVARY DISTT. ANDHRA PRADESH
Website : www.bvbbvrm.ac.in"
977,"Aff. No. :130100
Sch. Code:57030","State : ANDHRA PRADESH
District : WEST GODAVARI",Senior Secondary Level,"Name : B V BHAVAN'S RES PUBLIC SCHOOL
Head/Principal Name: RAJIV KUMAR SHARMA","Address : PEDATADEPALLI P.O TADEPALLIGUDEM W.G.DISTT ANDHRA PRADESH
Website : www.bvbtpg.ac.in"
978,"Aff. No. :121127
Sch. Code:59259","State : ANDHRA PRADESH
District : WEST GODAVARI",Senior Secondary Level,"Name : ZPHS DUVVA
Head/Principal Name: B ANJANEYULU","Address : BESIDES AMBEDKAR STATUE, DUVVA, TANUKU MANDAL
Website : https://nadunedu.se.ap.gov.in/cbse/cbse/28152800306"
979,"Aff. No. :121093
Sch. Code:59219","State : ANDHRA PRADESH
District : WEST GODAVARI",Senior Secondary Level,"Name : ZPHS MOGALTHUR
Head/Principal Name: V RAVI SANKAR SARKAR","Address : MOGALTUR , MOGALTUR
Website : https://nadunedu.se.ap.gov.in/cbse/cbse/28154600237"
980,"Aff. No. :130160
Sch. Code:57049","State : ANDHRA PRADESH
District : WEST GODAVARI",Secondary Level,"Name : VIGNAN S WORLD ONE SCHOOL
Head/Principal Name: P.Someswara Rao","Address : SCHOOL BHOGAPURA VIA ELURU PEDAVEGI MANDAL WEST GODAVARI A P
Website : https://vignaneluru.com/"
981,"Aff. No. :130240
Sch. Code:57086","State : ANDHRA PRADESH
District : WEST GODAVARI",Senior Secondary Level,"Name : VISHNU SCHOOL
Head/Principal Name: BINDU LEELAMANI","Address : VISHNUPURAM , KOVVADA , BHIMAVARAM, WEST GODAVARI DISTRICT ANDHRA PRADESH
Website : www.vishnuschool.edu.in"
982,"Aff. No. :130234
Sch. Code:57081","State : ANDHRA PRADESH
District : WEST GODAVARI",Secondary Level,"Name : VASAVI IDEAL PUBLIC SCHOOL
Head/Principal Name: DASARI PRASAD","Address : CHINATADEPALLI
Website : www.vasavischool.in"
983,"Aff. No. :130253
Sch. Code:57089","State : ANDHRA PRADESH
District : WEST GODAVARI",Secondary Level,"Name : GENESIS E M SCHOOL
Head/Principal Name: K Venkateswara Rao","Address : ALAMURU, PENUMANTRA MANDAL
Website : www.genesismoses.com"
984,"Aff. No. :130274
Sch. Code:57099","State : ANDHRA PRADESH
District : WEST GODAVARI",Senior Secondary Level,"Name : SAMSIDH SCHOOL
Head/Principal Name: VEMPATAPU DURGA LAVANYA","Address : CHINNAMAMIDIPALLI, PALAKOL ROAD, NARASUPUPAM, WEST GODAVARI
Website : www.samsidhnsp.in"
985,"Aff. No. :130301
Sch. Code:57108","State : ANDHRA PRADESH
District : WEST GODAVARI",Secondary Level,"Name : ABHYAS THE GLOBAL SCHOOL
Head/Principal Name: V SATYA NARAYANA","Address : 4-155,JP ROAD PEDAMIRAM VILLAGE, KALLA MANDAL WEST GODAVARI ANDHRA PRADESH
Website : www.abhyastheglobalschool.com"
986,"Aff. No. :130402
Sch. Code:57139","State : ANDHRA PRADESH
District : WEST GODAVARI",Secondary Level,"Name : SADHANA UPPER PRIMARY SCHOOL (EM)
Head/Principal Name: PARASA RAM PRAKASH","Address : BAVAIPALEM, NIDAMARRU MANDAL, WEST GODAVARI DISTRICT-534198, ANDHRA PRADESH
Website : sadhanaschool@.in"
987,"Aff. No. :130387
Sch. Code:57131","State : ANDHRA PRADESH
District : WEST GODAVARI",Senior Secondary Level,"Name : WESTBERRY HIGH SCHOOL
Head/Principal Name: SALI SARA SMITHA","Address : PEDA AMIRAM BHIMAVARAM KALLA WEST GODAVARI AP
Website : www.westberry.in"
988,"Aff. No. :130340
Sch. Code:57114","State : ANDHRA PRADESH
District : WEST GODAVARI",Secondary Level,"Name : A K R G TECHNO SCHOOL
Head/Principal Name: KLN MALLIKHARJUNA RAO","Address : NALLAJERLA
Website : www.akrgcbseschool.in"
989,"Aff. No. :130350
Sch. Code:57119","State : ANDHRA PRADESH
District : WEST GODAVARI",Senior Secondary Level,"Name : LOTUS HIGH SCHOOL(EM)
Head/Principal Name: B DEVI PRIYA","Address : PEDATADEPALLI,TADEPALLIGUDEM MANDAL-534101
Website : www.lotushighschools.com"
990,"Aff. No. :130441
Sch. Code:57161","State : ANDHRA PRADESH
District : WEST GODAVARI",Secondary Level,"Name : STEPPING STONES HIGH SCHOOL
Head/Principal Name: KASSEY RAJASEKHAR","Address : D.NO.5-79/2 TETALI TANUKU MANDAL
Website : www.steppingstonesschool.co.in"
991,"Aff. No. :130511
Sch. Code:57214","State : ANDHRA PRADESH
District : WEST GODAVARI",Senior Secondary Level,"Name : AKRG HIGH SCHOOL
Head/Principal Name: G PADMAJA","Address : AKRG HIGH SCHOOL, OPPOSITE ESSAR PETROL BUNK ,YARNAGUDEM ROAD,TIMMARAJU PALEM ,NIDADAVOLE MANDAL,A.P,534301
Website : https://akrgschoolndd.in/"
992,"Aff. No. :130516
Sch. Code:57239","State : ANDHRA PRADESH
District : WEST GODAVARI",Senior Secondary Level,"Name : SASI E.M. HIGH SCHOOL
Head/Principal Name: SHAIK SHANOOR","Address : 8-59,SASI EM HIGH SCHOOL, VELIVENNU,UNDRAJAVARAM MANDAL,W.G.DT.534329
Website : www.sasicbse.in"
993,"Aff. No. :130505
Sch. Code:57211","State : ANDHRA PRADESH
District : WEST GODAVARI",Secondary Level,"Name : VIVEKANANDA E.M. HIGH SCHOOL
Head/Principal Name: RAVINDRANATH RAYUDU","Address : 10-16-39, OLD TOWN, TANUKU, WEST GODAVARI, ANDHRA PRADESH
Website : http://vivekanandahighschool.ac.in"
994,"Aff. No. :130502
Sch. Code:57208","State : ANDHRA PRADESH
District : WEST GODAVARI",Secondary Level,"Name : DELHI PUBLIC SCHOOL JANGAREDDYGUDEM
Head/Principal Name: Elizabath Skariya john","Address : 18-7 ASWARAOPET ROAD
Website : www.dpsjangareddygudem.com"
995,"Aff. No. :130487
Sch. Code:","State : ANDHRA PRADESH
District : WEST GODAVARI",Secondary Level,"Name : TILFORD SCHOOL
Head/Principal Name: MRS. P SAI KUMARI","Address : TILFORD SCHOOL, D.NO: 18-7, ASWARAOPETA ROAD, JANGAREDDYGUDEM, WEST GODAVARI DISTRICT,
Website :"
996,"Aff. No. :130685
Sch. Code:56460","State : ANDHRA PRADESH
District : WEST GODAVARI",Secondary Level,"Name : BELLWETHER E.M.HIGH SCHOOL
Head/Principal Name: VINITA SAMUEL","Address : 12TH WARD, KOMARAVARAM, TANUKU
Website : www.bwis.edu.in"
997,"Aff. No. :130695
Sch. Code:56507","State : ANDHRA PRADESH
District : WEST GODAVARI",Senior Secondary Level,"Name : SASI EM HIGH SCHOOL
Head/Principal Name: Mudadla Siva Prasad","Address : KANURU, , PERAVALI MANDAL
Website : www.kanuru.sasicbse.in"
998,"Aff. No. :130705
Sch. Code:56541","State : ANDHRA PRADESH
District : WEST GODAVARI",Senior Secondary Level,"Name : INTERNATIONAL DELHI EM HIGH SCHOOL
Head/Principal Name: N Uma Srinivas","Address : PRAKASA RAO PALEM, NALLAJARLA WEST GODAVARI DISTRICT
Website : http://idpstpg.com"
999,"Aff. No. :130717
Sch. Code:56587","State : ANDHRA PRADESH
District : WEST GODAVARI",Senior Secondary Level,"Name : VISWAKAVI EM HIGH SCHOOL
Head/Principal Name: BONU POOJITHA","Address : CHINA-AMIRAM, BHIMAVARAM (M)
Website : www.viswakavi.com"
1000,"Aff. No. :130784
Sch. Code:57274","State : ANDHRA PRADESH
District : WEST GODAVARI",Senior Secondary Level,"Name : SASI EM HIGH SCHOOL
Head/Principal Name: N ARJA RAO","Address : KADAKATLA, NEAR NIT CAMPUS, TADEPALLIGUDEM
Website : http://sasi.ac.in"
1001,"Aff. No. :130785
Sch. Code:57275","State : ANDHRA PRADESH
District : WEST GODAVARI",Secondary Level,"Name : DNR EM SCHOOL
Head/Principal Name: Relli Varaprasad","Address : DNR COLLAGE ASSOCIATION, BALUSUMUDI, BHIMAVARAM, BHIMAVARAM MANDAL, WEST GODAVARI DISTRICT - 534202
Website : www.dnremschool.com"
1002,"Aff. No. :130756
Sch. Code:56852","State : ANDHRA PRADESH
District : WEST GODAVARI",Secondary Level,"Name : INTERNATIONAL DELHI PUBLIC SCHOOL KALAGAMPUDI
Head/Principal Name: S ANUSHA RUBY ANNA","Address : KALAGAMPUDI ELAMANCHILI MANDAL , KALAGAMPUDI ELAMANCHILI MANDAL , KALAGAMPUDI ELAMANCHILI MANDAL
Website : https://www.dpsnarsapuram.com/"
1003,"Aff. No. :140016
Sch. Code:59319","State : ANDHRA PRADESH
District : WEST GODAVARI",Senior Secondary Level,"Name : PM SHRI SCHOOL JAWAHAR NAVODAYA VIDYALAYA
Head/Principal Name: DR R SUDHIR KUMAR","Address : PEDAVEGI (VILLAGE & POST) WEST GODAVARI DISTT. ANDHRA PRADESH
Website : https://navodaya.gov.in/nvs/nvs-school/WESTGODAWARI/en/home/"
1004,"Aff. No. :130851
Sch. Code:23977","State : ANDHRA PRADESH
District : WEST GODAVARI",Secondary Level,"Name : BODHI TREE EM SCHOOL
Head/Principal Name: MADDU SELYUSHA","Address : D.NO. 18-4-233/1, NEAR SAIBABA STATUE, ELRU ROAD, MANIKANTA GRAND TOWNSHIP
Website : https://thebodhitreeschool.in/"
1005,"Aff. No. :3630055
Sch. Code:57068","State : ANDHRA PRADESH
District : WEST GODAVARI",Secondary Level,"Name : SIDDHARTHA QUEST SCHOOL
Head/Principal Name: Seema Mohanty","Address : VATLURU, ELURU, WEST GODAVARI DISTRICT ANDHRA PRADESH-534 007
Website : http://www.siddharthavidyalaya.in/"
1006,"Aff. No. :130758
Sch. Code:56882","State : ANDHRA PRADESH
District : VIJAYAWADA",Secondary Level,"Name : MADDI SUBBA RAO EM HIGH SCHOOL
Head/Principal Name: Padmaja velpuri","Address : DR.NO 9-76-18,, KOTHAPETA, , VIJAYAWADA, NTR DISTRICT.
Website : https://msremhs.edu.in/"
1007,"Aff. No. :130768
Sch. Code:56978","State : ANDHRA PRADESH
District : VIJAYAWADA",Secondary Level,"Name : DON BOSCO ENGLISH MEDIUM HIGH SCHOOL
Head/Principal Name: SHITAL SHARMA","Address : D.NO.59A-21/3-2/14, GURUNANAK ROAD,PATAMATA, VIJAYAWADA
Website : www.donbosco.co.in"
1008,"Aff. No. :130170
Sch. Code:57054","State : ANDHRA PRADESH
District : VIJAYAWADA",Senior Secondary Level,"Name : ATKINSON HIGH SCHOOL
Head/Principal Name: VIJAYALAKSHMI KALAPALA","Address : IRON MARKET GOLLAPUDI VIJAYAVADA ANDHRA PRADESH
Website : https://atkinsongollapudi.edu.in/"
1009,"Aff. No. :130104
Sch. Code:57033","State : ANDHRA PRADESH
District : VIJAYAWADA",Secondary Level,"Name : SRI VIJNANA VIHARA ENGLISH MEDIUM SCHOOL
Head/Principal Name: G.Sailaja","Address : ENIKEPADU VIJAYAWADA ANDHRA PRADESH
Website : http://svvenikepadu.in/"
1010,"Aff. No. :130111
Sch. Code:57035","State : ANDHRA PRADESH
District : VIJAYAWADA",Senior Secondary Level,"Name : K C P SIDDHARTHA ADARSH RESIDENTIAL PUBLIC SCHOOL
Head/Principal Name: VUNDEMODALU SAI KRISHNA","Address : KANURU VIJAYAWADA ANDHRA PRADESH
Website : www.kcpsarpschool.org"
1011,"Aff. No. :130132
Sch. Code:57042","State : ANDHRA PRADESH
District : VIJAYAWADA",Secondary Level,"Name : SAMVIDA VIDYA PEETH
Head/Principal Name: VANAPARLA SURESH KUMAR","Address : SEETAPURAM COLONY PORANKI VIJAYAWADA ANDHRA PRADESH
Website : www.samvidaschool.com"
1012,"Aff. No. :120988
Sch. Code:59107","State : ANDHRA PRADESH
District : VIJAYAWADA",Senior Secondary Level,"Name : ZPHSGKONDAPALLI
Head/Principal Name: B PADMALATHA","Address : OPPOSITE TO DAV SCHOOL KONDAPALLI, VIJAYAWADA
Website : https://nadunedu.se.ap.gov.in/cbse/cbse/28160801517"
1013,"Aff. No. :120842
Sch. Code:58904","State : ANDHRA PRADESH
District : VIJAYAWADA",Senior Secondary Level,"Name : APSWR SCHOOL AND JUNIOR COLLEGE
Head/Principal Name: V S R SASTRY","Address : NEAR CHEEMALAPADU, MYLAVARAM TO TIRUVURU
Website : https://nadunedu.se.ap.gov.in/cbse/cbse/28161101116"
1014,"Aff. No. :120156
Sch. Code:58214","State : ANDHRA PRADESH
District : VIJAYAWADA",Senior Secondary Level,"Name : ZPHS NIDAMANURU
Head/Principal Name: P RAMADEVI","Address : NIDAMANURU , NIDAMANURU POST
Website : https://nadunedu.se.ap.gov.in/cbse/cbse/28161601705"
1015,"Aff. No. :120552
Sch. Code:58613","State : ANDHRA PRADESH
District : VIJAYAWADA",Senior Secondary Level,"Name : MK.BAIG MC HS A.S.NAGAR
Head/Principal Name: PARASA VENKATESWARA RAO","Address : AJITHSINGH NAGAR, VIJAYAWADA , VIJAYAWADA
Website : https://nadunedu.se.ap.gov.in/cbse/cbse/28161790965"
1016,"Aff. No. :120559
Sch. Code:58620","State : ANDHRA PRADESH
District : VIJAYAWADA",Senior Secondary Level,"Name : SASR ZPHS CHV.GUDEM
Head/Principal Name: V NARAYANA RAO","Address : PULLURU CENTRE, MYLAVARAM MANDAL
Website : https://nadunedu.se.ap.gov.in/cbse/cbse/28161000211"
1017,"Aff. No. :120564
Sch. Code:58625","State : ANDHRA PRADESH
District : VIJAYAWADA",Senior Secondary Level,"Name : ZPHS NUNNA
Head/Principal Name: BHUPALA REDDY VAZRALA","Address : CHERUVU CENTRE NUNNA, VIJAYAWADA RURAL
Website : https://nadunedu.se.ap.gov.in/cbse/cbse/28161601308"
1018,"Aff. No. :120565
Sch. Code:58626","State : ANDHRA PRADESH
District : VIJAYAWADA",Senior Secondary Level,"Name : GANDHI MPL CORP HS ONETOWN
Head/Principal Name: PULIPAKA NEERAJA","Address : NEAR ONE TOWN POLICE STATION, VIJAYAWADA
Website : https://nadunedu.se.ap.gov.in/cbse/cbse/28161790956"
1019,"Aff. No. :120566
Sch. Code:58627","State : ANDHRA PRADESH
District : VIJAYAWADA",Senior Secondary Level,"Name : SVKM ZPHS CHANDARLAPADU
Head/Principal Name: VUTUKURI ROHINI","Address : OPP OF BUS STAND, CHANDARLAPADU
Website : https://nadunedu.se.ap.gov.in/cbse/cbse/28160501109"
1020,"Aff. No. :120549
Sch. Code:58610","State : ANDHRA PRADESH
District : VIJAYAWADA",Senior Secondary Level,"Name : ZPHS MULAPADU
Head/Principal Name: TRAKATURI DAVID ROCK FELLAR","Address : ONE CENTER GOLLAPUDI, VIJAYAWADA
Website : https://nadunedu.se.ap.gov.in/cbse/cbse/28160801003"
1021,"Aff. No. :120556
Sch. Code:58617","State : ANDHRA PRADESH
District : VIJAYAWADA",Senior Secondary Level,"Name : ZPHS KANCHIKACHERLA
Head/Principal Name: PONUGOTI SUBBAREDDY","Address : NEAR AMBEDKAR STATUE, KANCHIKACHERLA, NA
Website : https://nadunedu.se.ap.gov.in/cbse/cbse/28160600511"
1022,"Aff. No. :120590
Sch. Code:58651","State : ANDHRA PRADESH
District : VIJAYAWADA",Senior Secondary Level,"Name : APSW RESSL GIRLS
Head/Principal Name: K PREMAVATHI","Address : MUNAGALAPALLI ROAD, MUPPALLA
Website : https://nadunedu.se.ap.gov.in/cbse/cbse/28160500708"
1023,"Aff. No. :120593
Sch. Code:58654","State : ANDHRA PRADESH
District : VIJAYAWADA",Senior Secondary Level,"Name : CARE SHARE MC HS NEW R.R.PETA
Head/Principal Name: M SRINIVASARAO","Address : NRR PETA , VIJAYAWADA -3
Website : https://nadunedu.se.ap.gov.in/cbse/cbse/28161791064"
1024,"Aff. No. :120570
Sch. Code:58631","State : ANDHRA PRADESH
District : VIJAYAWADA",Senior Secondary Level,"Name : ZPHS VATSAVAI
Head/Principal Name: RENTAPALLI ASHOK KUMAR","Address : VATSAVAI, VASTAVA MANDALAM
Website : https://nadunedu.se.ap.gov.in/cbse/cbse/28160200306"
1025,"Aff. No. :120571
Sch. Code:58632","State : ANDHRA PRADESH
District : VIJAYAWADA",Senior Secondary Level,"Name : GOVT ASHRAMAM UPS
Head/Principal Name: Tiyyagura pullareddi","Address : NEAR MARKET YARD ,CHAITANYA NAGAR, A KONDURU
Website : https://nadunedu.se.ap.gov.in/cbse/cbse/28161100806"
1026,"Aff. No. :120562
Sch. Code:58623","State : ANDHRA PRADESH
District : VIJAYAWADA",Senior Secondary Level,"Name : C V R G MC HS GOVERNORPET
Head/Principal Name: C V R G M C HIGH SCHOOL","Address : GOVERNORPET, OPP: CIVIL COURTS, VIJAYAWADA
Website : https://nadunedu.se.ap.gov.in/cbse/cbse/28161790960"
1027,"Aff. No. :120577
Sch. Code:58638","State : ANDHRA PRADESH
District : VIJAYAWADA",Senior Secondary Level,"Name : A.P.MODEL SCHOOL PEDAKOMERA
Head/Principal Name: REVU SAILAJA","Address : GAMPALAGUDEM , GAMPALAGUDEM
Website : https://nadunedu.se.ap.gov.in/cbse/cbse/28161201508"
1028,"Aff. No. :120579
Sch. Code:58640","State : ANDHRA PRADESH
District : VIJAYAWADA",Senior Secondary Level,"Name : APSWR JR. COLLEGEKUNTAMUKKALA
Head/Principal Name: K VIJAYALAKSHMI","Address : VENKATAPURAM, MYLAVARAM
Website : https://nadunedu.se.ap.gov.in/cbse/cbse/28160900919"
1029,"Aff. No. :120580
Sch. Code:58641","State : ANDHRA PRADESH
District : VIJAYAWADA",Senior Secondary Level,"Name : APSWR SL GIRLS1WARD
Head/Principal Name: K LAKSHMI SUJATHA","Address : JAGGAIAHPETA, JAGGAIAHPETA
Website : https://nadunedu.se.ap.gov.in/cbse/cbse/28160190223"
1030,"Aff. No. :120581
Sch. Code:58642","State : ANDHRA PRADESH
District : VIJAYAWADA",Senior Secondary Level,"Name : G.N.R MC HS R.R.NAGAR
Head/Principal Name: V V RAVI KUMAR","Address : RAMARAJYA NAGAR, VIJAYAWADA
Website : https://nadunedu.se.ap.gov.in/cbse/cbse/28161790970"
1031,"Aff. No. :120604
Sch. Code:58665","State : ANDHRA PRADESH
District : VIJAYAWADA",Senior Secondary Level,"Name : APSWRRPRP S RANGAPURAM
Head/Principal Name: S THABITHA","Address : RANGAPURAM, REDDYGUDEM MANDAL
Website : https://nadunedu.se.ap.gov.in/cbse/cbse/28161500910"
1032,"Aff. No. :120620
Sch. Code:58681","State : ANDHRA PRADESH
District : VIJAYAWADA",Senior Secondary Level,"Name : APSWR SCHOOLJR. COLLEGE TIRUVURU
Head/Principal Name: PALANKI KOTI REDDY","Address : TIRUVURU, TIRUVURU
Website : https://nadunedu.se.ap.gov.in/cbse/cbse/28161300810"
1033,"Aff. No. :120618
Sch. Code:58679","State : ANDHRA PRADESH
District : VIJAYAWADA",Senior Secondary Level,"Name : A.K.T.P MC HS S.N.PURAM
Head/Principal Name: SANGISETTI SRINIVASA RAO","Address : AKTPMCH SCHOOL, NEAR CIRCLE 2 VMC OFFICE, AKTPMCH SCHOOL, NOPP.TO ANDHRA RATNA PAR
Website : https://nadunedu.se.ap.gov.in/cbse/cbse/28161790961"
1034,"Aff. No. :120448
Sch. Code:58509","State : ANDHRA PRADESH
District : VIJAYAWADA",Senior Secondary Level,"Name : KGBVGIRLSRANGAPURAM
Head/Principal Name: MODUGU SYAMALA","Address : RANGAPURAM, REDDIGUDEM
Website : https://nadunedu.se.ap.gov.in/cbse/cbse/28161500912"
1035,"Aff. No. :120449
Sch. Code:58510","State : ANDHRA PRADESH
District : VIJAYAWADA",Senior Secondary Level,"Name : K G B V GIRLS A. KONDURU
Head/Principal Name: SK MEERUNISSA","Address : A.KONDURU , A.KONDURU
Website : https://nadunedu.se.ap.gov.in/cbse/cbse/28161100811"
1036,"Aff. No. :120480
Sch. Code:58541","State : ANDHRA PRADESH
District : VIJAYAWADA",Senior Secondary Level,"Name : KGBV GIRLS GAMPALAGUDEM
Head/Principal Name: MOKSHAGUNDAM VENKATA LAKSHMI","Address : PEDAKOMERA, GAMPALAGUDEM
Website : https://nadunedu.se.ap.gov.in/cbse/cbse/28161201721"
1037,"Aff. No. :120520
Sch. Code:58581","State : ANDHRA PRADESH
District : VIJAYAWADA",Senior Secondary Level,"Name : APRPRPAPSWVISSANNAPET
Head/Principal Name: M B D SYAMALA","Address : NARASAPURAM, VISSANNAPETA
Website : https://nadunedu.se.ap.gov.in/cbse/cbse/28161400921"
1038,"Aff. No. :120494
Sch. Code:58555","State : ANDHRA PRADESH
District : VIJAYAWADA",Senior Secondary Level,"Name : AP MODEL SCHOOL MADDULAPARVA
Head/Principal Name: A VEERA RAJU","Address : MADDULAPARVA , REDDIGUDEM
Website : https://nadunedu.se.ap.gov.in/cbse/cbse/28161500520"
1039,"Aff. No. :120478
Sch. Code:58539","State : ANDHRA PRADESH
District : ANAKAPALLI",Senior Secondary Level,"Name : KGBV SABBAVARAM
Head/Principal Name: A MRUDULA","Address : NEAR WATER TANK GORLIVANIPALEM , KGBV SABBAVARAM GORLIVANIPALEM SABBAVARA
Website : https://nadunedu.se.ap.gov.in/cbse/cbse/28132301320"
1040,"Aff. No. :120467
Sch. Code:58528","State : ANDHRA PRADESH
District : ANAKAPALLI",Senior Secondary Level,"Name : KGBV K.KOTAPADU
Head/Principal Name: B CHINNAMMALU","Address : K.KOTAPADU MANDAL, ANAKAPALLI DISTRICT
Website : https://nadunedu.se.ap.gov.in/cbse/cbse/28132202010"
1041,"Aff. No. :120440
Sch. Code:58501","State : ANDHRA PRADESH
District : ANAKAPALLI",Senior Secondary Level,"Name : AP MODEL SCHOOLMANCHALA
Head/Principal Name: VENKATA LAKSHMI CH","Address : MANCHALA,CHEEDIKADA, NEAR CHODAVARAM
Website : https://nadunedu.se.ap.gov.in/cbse/cbse/28130800204"
1042,"Aff. No. :120429
Sch. Code:58490","State : ANDHRA PRADESH
District : ANAKAPALLI",Senior Secondary Level,"Name : KGBV ROLUGUNTA
Head/Principal Name: N Venkata Tulasi","Address : ROLUGUNTA MANDAL, ROLUGUNTA VILLAGE, ROLUGUNTA MANDAL, ROLUGUNTA VILLAGE
Website : https://nadunedu.se.ap.gov.in/cbse/cbse/28131802406"
1043,"Aff. No. :120430
Sch. Code:58491","State : ANDHRA PRADESH
District : ANAKAPALLI",Senior Secondary Level,"Name : KGBV RAVIKAMTHAM
Head/Principal Name: KGBV RAVIKAMATHAM","Address : KGBV RAVIKAMATHAM , KGBV RAVIKAMATHAM
Website : https://nadunedu.se.ap.gov.in/cbse/cbse/28131901914"
1044,"Aff. No. :120434
Sch. Code:58495","State : ANDHRA PRADESH
District : ANAKAPALLI",Senior Secondary Level,"Name : KGBV MAKAVARAPALEM
Head/Principal Name: Yelleti Triveni","Address : NEAR AANRACK COMPANY,KOTHAPALEM, MAKAVARAPALEM
Website : https://nadunedu.se.ap.gov.in/cbse/cbse/28133601609"
1045,"Aff. No. :120390
Sch. Code:58451","State : ANDHRA PRADESH
District : ANAKAPALLI",Senior Secondary Level,"Name : KGBV VADDADI
Head/Principal Name: KOSURU ANNAPURNA","Address : VADDADI VILLAGE, BUTCHAYYAPETA MANDAL
Website : https://nadunedu.se.ap.gov.in/cbse/cbse/28132000511"
1046,"Aff. No. :120400
Sch. Code:58461","State : ANDHRA PRADESH
District : ANAKAPALLI",Senior Secondary Level,"Name : KGBV DEVARAPALLI
Head/Principal Name: B SASI","Address : KGBV DEVARAPALLI RAIWADA VILLAGE DEVARAP, KGBV DEVARAPALLI RAIWADA VILLAGE POST, D
Website : https://nadunedu.se.ap.gov.in/cbse/cbse/28130700602"
1047,"Aff. No. :120395
Sch. Code:58456","State : ANDHRA PRADESH
District : ANAKAPALLI",Senior Secondary Level,"Name : KGBV MUNAGAPAKA
Head/Principal Name: RANI KURAGANTI","Address : MUNAGAPAKA,PATIPALLI,B.C COLONY , PATIPALLI,B.C COLONY
Website : https://nadunedu.se.ap.gov.in/cbse/cbse/28133401417"
1048,"Aff. No. :120619
Sch. Code:58680","State : ANDHRA PRADESH
District : ANAKAPALLI",Senior Secondary Level,"Name : KGBV V. MADUGULA
Head/Principal Name: M VIJAYA","Address : PADERU ROAD, D SURAVARAM VILLAGE, ANAKAPALLI
Website : https://nadunedu.se.ap.gov.in/cbse/cbse/28130900616"
1049,"Aff. No. :120602
Sch. Code:58663","State : ANDHRA PRADESH
District : ANAKAPALLI",Senior Secondary Level,"Name : APSWRS SABBAVARAM
Head/Principal Name: K VIJAYA KUMAR","Address : SABBAVARAM, VISAKHAPATNAM
Website : https://nadunedu.se.ap.gov.in/cbse/cbse/28132301309"
1050,"Aff. No. :120585
Sch. Code:58646","State : ANDHRA PRADESH
District : ANAKAPALLI",Senior Secondary Level,"Name : KGBV GOLUGONDA
Head/Principal Name: GUDLA SUDHA","Address : BESIDE P H C HOSPITAL, GOLUGONDA
Website : https://nadunedu.se.ap.gov.in/cbse/cbse/28131501009"
1051,"Aff. No. :120589
Sch. Code:58650","State : ANDHRA PRADESH
District : ANAKAPALLI",Senior Secondary Level,"Name : APSWRS GOLUGONDA
Head/Principal Name: RUTTALA RAMAKRISHNA","Address : GOLUGONDA , GOLUGONDA
Website : https://nadunedu.se.ap.gov.in/cbse/cbse/28131501006"
1052,"Aff. No. :120550
Sch. Code:58611","State : ANDHRA PRADESH
District : ANAKAPALLI",Senior Secondary Level,"Name : PBM ZPHS VEMULAPUDI
Head/Principal Name: MOLLETI RAMA KRISHNA","Address : VEMULAPUDI , NARSIPATNAM MANDAL
Website : https://nadunedu.se.ap.gov.in/cbse/cbse/28131701213"
1053,"Aff. No. :120529
Sch. Code:58590","State : ANDHRA PRADESH
District : ANAKAPALLI",Senior Secondary Level,"Name : KGBV S. RAYAVARAM
Head/Principal Name: GULIMI UMAMAHESWARI","Address : ADDUROAD, THIMMAPURAM VILLAGE, S.RAYAVARAM
Website : https://nadunedu.se.ap.gov.in/cbse/cbse/28134000711"
1054,"Aff. No. :120306
Sch. Code:58367","State : ANDHRA PRADESH
District : ANAKAPALLI",Senior Secondary Level,"Name : KGBV KOTAURATLA
Head/Principal Name: GOGULAMANDA SARITHA DEVI","Address : RATNALAPALEM , KOTAURATLA MANDAL
Website : https://nadunedu.se.ap.gov.in/cbse/cbse/28133701517"
1055,"Aff. No. :120381
Sch. Code:58442","State : ANDHRA PRADESH
District : ANAKAPALLI",Senior Secondary Level,"Name : AP MODEL SCHOOLVEMULAPUDI
Head/Principal Name: KUMRAPU SHARON DEENA SANDHYA","Address : VEMULAPUDI, , NARSIPATNAM
Website : https://nadunedu.se.ap.gov.in/cbse/cbse/28131701215"
1056,"Aff. No. :120372
Sch. Code:58433","State : ANDHRA PRADESH
District : ANAKAPALLI",Senior Secondary Level,"Name : KGBV NAKKAPALLI
Head/Principal Name: SHAIK SALEEMA","Address : NEAR DRY FISH MARKET NAKKAPALLI, NAKKAPALLI
Website : https://nadunedu.se.ap.gov.in/cbse/cbse/28133902313"
1057,"Aff. No. :120353
Sch. Code:58414","State : ANDHRA PRADESH
District : ANAKAPALLI",Senior Secondary Level,"Name : KGBV KASIMKOTA
Head/Principal Name: D CHANDRAKALA","Address : KASIMKOTA , ANAKAPALLI
Website : https://nadunedu.se.ap.gov.in/cbse/cbse/28133500824"
1058,"Aff. No. :120358
Sch. Code:58419","State : ANDHRA PRADESH
District : ANAKAPALLI",Senior Secondary Level,"Name : KGBV ATCHUTAPURAM
Head/Principal Name: S UMADEVI","Address : BEHIND OLD BC HOSTEL, , , ATCHUTHAPURAM MANDAL, ANAKAPALLI
Website : https://nadunedu.se.ap.gov.in/cbse/cbse/28134303505"
1059,"Aff. No. :120309
Sch. Code:58370","State : ANDHRA PRADESH
District : ANAKAPALLI",Senior Secondary Level,"Name : KGBV NARSIPATNAM
Head/Principal Name: VUSA SANTHI","Address : NEAR MODEAL SCHOOL . VEMULAPUDI VILLAGE., NARSIPATNAM MANDALAM
Website : https://nadunedu.se.ap.gov.in/cbse/cbse/28131790617"
1060,"Aff. No. :120317
Sch. Code:58378","State : ANDHRA PRADESH
District : ANAKAPALLI",Senior Secondary Level,"Name : KGBV NATHAVARAM
Head/Principal Name: KUNDRAPU BHAVANI","Address : RAJUBABU TEMPLE, MARRIPALEM, NATHAVARAM
Website : https://nadunedu.se.ap.gov.in/cbse/cbse/28131601211"
1061,"Aff. No. :120345
Sch. Code:58406","State : ANDHRA PRADESH
District : ANAKAPALLI",Senior Secondary Level,"Name : KGBV CHEEDIKADA
Head/Principal Name: VEERANALA BHARATHI","Address : KGBVCHEEDIKADA, G KOTTAPALLI VILLAGE , 0
Website : https://nadunedu.se.ap.gov.in/cbse/cbse/28130800608"
1062,"Aff. No. :120859
Sch. Code:58921","State : ANDHRA PRADESH
District : ANAKAPALLI",Senior Secondary Level,"Name : AP MODEL SCHOOL TEGADA
Head/Principal Name: I MARTHA TILAKAM","Address : THEGADA, BAYYAVARAM
Website : https://nadunedu.se.ap.gov.in/cbse/cbse/28133501002"
1063,"Aff. No. :120879
Sch. Code:58941","State : ANDHRA PRADESH
District : ANAKAPALLI",Senior Secondary Level,"Name : APSWRS KONAM
Head/Principal Name: S S N MURTHY","Address : KONAM RKONAM RESERVOIR, KONAM, ANAKAPALLI
Website : https://nadunedu.se.ap.gov.in/cbse/cbse/28130800106"
1064,"Aff. No. :120835
Sch. Code:58897","State : ANDHRA PRADESH
District : ANAKAPALLI",Senior Secondary Level,"Name : AP MODEL SCHOOLPATIPALLE
Head/Principal Name: P P S SRILAKSHMI","Address : NEAR NARAYUDUPALEM PANCHAYATH, ANAKAPALLI
Website : https://nadunedu.se.ap.gov.in/cbse/cbse/28133400704"
1065,"Aff. No. :120910
Sch. Code:58972","State : ANDHRA PRADESH
District : ANAKAPALLI",Senior Secondary Level,"Name : ZPHS NAKKAPALLI
Head/Principal Name: R LALITHA","Address : OPPOSITE TO APSWRS SCHOOL, NAKKAPALLI, NAKKAPALLI MANDAL
Website : https://nadunedu.se.ap.gov.in/cbse/cbse/28133902307"
1066,"Aff. No. :120689
Sch. Code:58751","State : ANDHRA PRADESH
District : ANAKAPALLI",Senior Secondary Level,"Name : ZPHS OCPALLI WEST
Head/Principal Name: PANDIRI KANAKESWARA RAO","Address : ODACHEEPURUPALLI POST, PARAWADA MANDAL
Website : https://nadunedu.se.ap.gov.in/cbse/cbse/28133202310"
1067,"Aff. No. :120710
Sch. Code:58772","State : ANDHRA PRADESH
District : ANAKAPALLI",Senior Secondary Level,"Name : GOVTHS KOTAURATLA
Head/Principal Name: maddu lakshmi","Address : NEAR POLICE STATION, KOTAURATLA
Website : https://nadunedu.se.ap.gov.in/cbse/cbse/28133701509"
1068,"Aff. No. :120774
Sch. Code:58836","State : ANDHRA PRADESH
District : ANAKAPALLI",Senior Secondary Level,"Name : ZPHS ALAMANDA KODURU
Head/Principal Name: K KAMESWARA RAO","Address : YSR STATUE , KOTAPADU MANDAL
Website : https://nadunedu.se.ap.gov.in/cbse/cbse/28132201706"
1069,"Aff. No. :120792
Sch. Code:58854","State : ANDHRA PRADESH
District : ANAKAPALLI",Senior Secondary Level,"Name : KGBV RAMBILLI
Head/Principal Name: G PRAMEELA","Address : RAMBILLI , KGB VIDYALAYAM, RAMBILLI (VILLAGE), RAMB
Website : https://nadunedu.se.ap.gov.in/cbse/cbse/28134202819"
1070,"Aff. No. :120764
Sch. Code:58826","State : ANDHRA PRADESH
District : ANAKAPALLI",Senior Secondary Level,"Name : A.P.RESIDENTIAL SCHOOLG
Head/Principal Name: m pramilakumari","Address : YSR MARKET ,GAJUWAKA ROAD, A P R SCHOOL ATCHUTAPURAM
Website : https://nadunedu.se.ap.gov.in/cbse/cbse/28134302408"
1071,"Aff. No. :120766
Sch. Code:58828","State : ANDHRA PRADESH
District : ANAKAPALLI",Senior Secondary Level,"Name : APSWRS JR.COLLEGE THALLAPALEM
Head/Principal Name: G GRACE","Address : NEAR NH16, MAINROAD, TALLAPALEM VILLAGE , KASIMKOTA MANDALAM
Website : https://nadunedu.se.ap.gov.in/cbse/cbse/28133501407"
1072,"Aff. No. :120769
Sch. Code:58831","State : ANDHRA PRADESH
District : ANAKAPALLI",Senior Secondary Level,"Name : KGBV CHODAVARAM
Head/Principal Name: Y SANDHYA","Address : NEAR MPUP SCHOOL,, CHODAVARAM
Website : https://nadunedu.se.ap.gov.in/cbse/cbse/28132101636"
1073,"Aff. No. :120995
Sch. Code:59114","State : ANDHRA PRADESH
District : ANAKAPALLI",Senior Secondary Level,"Name : ZPHS NARSIPATNAM
Head/Principal Name: DEKKALA RATNAM","Address : NARSIPATNAM, NARSIPATNAM
Website : https://nadunedu.se.ap.gov.in/cbse/cbse/28131700711"
1074,"Aff. No. :121008
Sch. Code:59127","State : ANDHRA PRADESH
District : ANAKAPALLI",Senior Secondary Level,"Name : MJPAPBCWR SCHOOL THANAM
Head/Principal Name: M APPALA NAIDU","Address : THANAM VILLAGE,PARAWADA MANDAL, ANAKAPALLI DISTRICT
Website : https://nadunedu.se.ap.gov.in/cbse/cbse/28133201305"
1075,"Aff. No. :121059
Sch. Code:59178","State : ANDHRA PRADESH
District : ANAKAPALLI",Senior Secondary Level,"Name : APSWRS NAKKAPALLI
Head/Principal Name: KATURI SUVARNA RATNAKUMARI","Address : NAKKAPALLI , NAKKAPALLI
Website : https://nadunedu.se.ap.gov.in/cbse/cbse/28133902308"
1076,"Aff. No. :121071
Sch. Code:59190","State : ANDHRA PRADESH
District : ANAKAPALLI",Senior Secondary Level,"Name : APSWLT BC. HS NRPM
Head/Principal Name: L SUNEETHA","Address : NEELAPMETA,, NARSIPATNAM
Website : https://nadunedu.se.ap.gov.in/cbse/cbse/28131700717"
1077,"Aff. No. :121026
Sch. Code:59145","State : ANDHRA PRADESH
District : ANAKAPALLI",Senior Secondary Level,"Name : ZPHS D. YERRAVARAM
Head/Principal Name: A KUMARI","Address : NEAR RAMA. TEMPLE, D YERRAVARAM
Website : https://nadunedu.se.ap.gov.in/cbse/cbse/28131600508"
1078,"Aff. No. :130771
Sch. Code:56988","State : ANDHRA PRADESH
District : ANAKAPALLI",Secondary Level,"Name : SRI BHAVANI VIDYANIKETAN
Head/Principal Name: DHARMIREDDI SRINIVASU","Address : MOSAYYAPETA , ATCHUTAPURAM, ATCHUTAPURAM
Website : www.sribhavanividyaniketan.com"
1079,"Aff. No. :130743
Sch. Code:56707","State : ANDHRA PRADESH
District : ANAKAPALLI",Secondary Level,"Name : FUTURE WORLD SCHOOL
Head/Principal Name: RAPETI VIJAYA LAKSHMI","Address : SANKARAM VILLAGE,REBAKA POST, ANAKAPALLI,MANDAL
Website : https://futureworldschools.com"
1080,"Aff. No. :130843
Sch. Code:23955","State : ANDHRA PRADESH
District : ANAKAPALLI",Secondary Level,"Name : PRATHIBHA VIDYALAYAM HIGH SCHOOL
Head/Principal Name: ANCY JOSEPH","Address : BESIDE RTC COMPLEX, SABBAVARAM, ANAKAPALLI
Website : https://prathibhavidyalayam.edu.in"
1081,"Aff. No. :130823
Sch. Code:23876","State : ANDHRA PRADESH
District : BAPATLA",Senior Secondary Level,"Name : DR. DVR'S SAINIK SCHOOL
Head/Principal Name: YELESWARA RAO SANAM","Address : 1-1, , INKOLLU, BAPATLA DISTRICT
Website : https://drdvrssainikschool.com"
1082,"Aff. No. :121082
Sch. Code:59208","State : ANDHRA PRADESH
District : BAPATLA",Senior Secondary Level,"Name : GOVT.HS SANTHAMAGULUR
Head/Principal Name: P SUDHARANI","Address : OPP.MANDAL OFFICE, VINUKONDA ROAD
Website : https://nadunedu.se.ap.gov.in/cbse/cbse/28181800409"
1083,"Aff. No. :121077
Sch. Code:59196","State : ANDHRA PRADESH
District : BAPATLA",Senior Secondary Level,"Name : APRSBCBOYSNIZAMPATNAM
Head/Principal Name: Y Nagamalleswara Rao","Address : NEAR MIRIYALAVARIPALEM, MAINROAD
Website : https://nadunedu.se.ap.gov.in/cbse/cbse/28175400127"
1084,"Aff. No. :121078
Sch. Code:59197","State : ANDHRA PRADESH
District : BAPATLA",Senior Secondary Level,"Name : ZPHS THIMMAYAPALEM
Head/Principal Name: K V SRINIVASA RAO","Address : THIMMAYAPALEM, ADDANKI MANDAL
Website : https://nadunedu.se.ap.gov.in/cbse/cbse/28181601204"
1085,"Aff. No. :121056
Sch. Code:59175","State : ANDHRA PRADESH
District : BAPATLA",Senior Secondary Level,"Name : ZPHS MARTUR
Head/Principal Name: B RUTH MERCI JAI","Address : OPP.GOVT HOSPITAL MARTUR , MARTUR, ONGOLE
Website : https://nadunedu.se.ap.gov.in/cbse/cbse/28182000313"
1086,"Aff. No. :121052
Sch. Code:59171","State : ANDHRA PRADESH
District : BAPATLA",Senior Secondary Level,"Name : AP BALAYOGI GURUKULAM FOR GIRLS
Head/Principal Name: E V R GIRI KUMARI","Address : BESIDE AMBEDKAR MOL PS, REPALLE
Website : https://nadunedu.se.ap.gov.in/cbse/cbse/28175290847"
1087,"Aff. No. :120956
Sch. Code:59075","State : ANDHRA PRADESH
District : BAPATLA",Senior Secondary Level,"Name : APSWRS RPRP Y.PUDI
Head/Principal Name: KOKKILAGADDA PRAMEELA","Address : BESIDE POLICE STATION, YEDDANAPUDI VILLAGE & MANDAL
Website : https://nadunedu.se.ap.gov.in/cbse/cbse/28181900508"
1088,"Aff. No. :121098
Sch. Code:59224","State : ANDHRA PRADESH
District : BAPATLA",Senior Secondary Level,"Name : ZPHS CHERUKUPALLI
Head/Principal Name: KAMMELA SAILAJA","Address : CHERUKUPALLI, CHERUKUPALLI
Website : https://nadunedu.se.ap.gov.in/cbse/cbse/28175000321"
1089,"Aff. No. :121136
Sch. Code:59268","State : ANDHRA PRADESH
District : BAPATLA",Senior Secondary Level,"Name : ZPHS ILAVARAM
Head/Principal Name: MACHERLA MOHANA RAO","Address : ILAVARAM, ILAVARAM
Website : https://nadunedu.se.ap.gov.in/cbse/cbse/28175100207"
1090,"Aff. No. :120787
Sch. Code:58849","State : ANDHRA PRADESH
District : BAPATLA",Senior Secondary Level,"Name : SRI PAMIDI ANKAMMA BALAYOGI GURUKULAM
Head/Principal Name: PRNUMALLA VINEETHA","Address : CHERUKURU ROAD, NARASAYAPALEM , MAIN ROAD NARASAYAPALEM POST BAPATLA MD
Website : https://nadunedu.se.ap.gov.in/cbse/cbse/28175701405"
1091,"Aff. No. :120707
Sch. Code:58769","State : ANDHRA PRADESH
District : BAPATLA",Senior Secondary Level,"Name : ZPHS VALAPARLA
Head/Principal Name: MUNNAM NIRMALA","Address : RAMAKUR ROAD VALAPARLA , MARTUR MANDAL
Website : https://nadunedu.se.ap.gov.in/cbse/cbse/28182000808"
1092,"Aff. No. :120900
Sch. Code:58962","State : ANDHRA PRADESH
District : BAPATLA",Senior Secondary Level,"Name : DR BRA APSWRSBTSUNDUR
Head/Principal Name: MUNAGOTI LAKSHMI NARAYANA","Address : TSUNDUR, TSUNDUR
Website : https://nadunedu.se.ap.gov.in/cbse/cbse/28173300805"
1093,"Aff. No. :120924
Sch. Code:58986","State : ANDHRA PRADESH
District : BAPATLA",Senior Secondary Level,"Name : APSWRS GIRLS
Head/Principal Name: P DURGA GAYATHRI","Address : ADDANKI, ADDANKI
Website : https://nadunedu.se.ap.gov.in/cbse/cbse/28181601121"
1094,"Aff. No. :120836
Sch. Code:58898","State : ANDHRA PRADESH
District : BAPATLA",Senior Secondary Level,"Name : APRSG VINAYASRAMAM
Head/Principal Name: N HYMAVATHI","Address : KAVURU, CHERUKUPALLI MANDAL
Website : https://nadunedu.se.ap.gov.in/cbse/cbse/28175000211"
1095,"Aff. No. :120814
Sch. Code:58876","State : ANDHRA PRADESH
District : BAPATLA",Senior Secondary Level,"Name : APSWRSJCGNAGULAPALEM
Head/Principal Name: PALLE VISWARANI","Address : NEAR NAGULAPALEM COLD STORAGE, INKOLLU R, NEAR NAGULAPALEM COLD STORAGE, INKOLLU R
Website : https://nadunedu.se.ap.gov.in/cbse/cbse/28182101113"
1096,"Aff. No. :120856
Sch. Code:58918","State : ANDHRA PRADESH
District : BAPATLA",Senior Secondary Level,"Name : MJP AP BCWRS BOYS VETAPALEM
Head/Principal Name: RAAVI VIJAYA LAKSHMI","Address : DESAIPETA, VETAPALEM
Website : https://nadunedu.se.ap.gov.in/cbse/cbse/28182490842"
1097,"Aff. No. :120296
Sch. Code:58357","State : ANDHRA PRADESH
District : BAPATLA",Senior Secondary Level,"Name : KGBV CHINAGANJAM
Head/Principal Name: M SUMANJALI","Address : NEAR MEO OFFICE, NEAR SOPIRALA
Website : https://nadunedu.se.ap.gov.in/cbse/cbse/28184600630"
1098,"Aff. No. :120246
Sch. Code:58307","State : ANDHRA PRADESH
District : BAPATLA",Senior Secondary Level,"Name : AP MODEL SCHOOL CHIRALA
Head/Principal Name: J SARALA","Address : BURLAVARIPALEM, CHIRALA
Website : https://nadunedu.se.ap.gov.in/cbse/cbse/28182300255"
1099,"Aff. No. :120403
Sch. Code:58464","State : ANDHRA PRADESH
District : BAPATLA",Senior Secondary Level,"Name : KGBV CHIRALA
Head/Principal Name: T V SUJATHA","Address : BURLAVARIPALEM, CHIRALA
Website : https://nadunedu.se.ap.gov.in/cbse/cbse/28182390292"
1100,"Aff. No. :120417
Sch. Code:58478","State : ANDHRA PRADESH
District : BAPATLA",Senior Secondary Level,"Name : ZPHS ELCHUR
Head/Principal Name: DARA BALAIAH","Address : SAJJAPURAM ROAD, ELCHURU
Website : https://nadunedu.se.ap.gov.in/cbse/cbse/28181800807"
1101,"Aff. No. :120419
Sch. Code:58480","State : ANDHRA PRADESH
District : BAPATLA",Senior Secondary Level,"Name : KGBVG BALLIKURAVA
Head/Principal Name: KONA SARALA KUMARI","Address : GUNTUPALLI ,NEAR GOVT PHC, BALLIKURAVA
Website : https://nadunedu.se.ap.gov.in/cbse/cbse/28181700506"
1102,"Aff. No. :120506
Sch. Code:58567","State : ANDHRA PRADESH
District : ELURU",Senior Secondary Level,"Name : APSWREIS G JR. COLLEGE16TH WARD JR GUDEM
Head/Principal Name: N BHARATHI","Address : TOBACCO BOARD BACK SIDE, JANGAREDDYGUDEM
Website : https://nadunedu.se.ap.gov.in/cbse/cbse/28150701423"
1103,"Aff. No. :120535
Sch. Code:58596","State : ANDHRA PRADESH
District : ELURU",Senior Secondary Level,"Name : ZPHS SANIVARAPUPETA
Head/Principal Name: A SARVESWARA RAO","Address : NEAR GALIGOPURAM,, ELURU
Website : https://nadunedu.se.ap.gov.in/cbse/cbse/28152300307"
1104,"Aff. No. :120542
Sch. Code:58603","State : ANDHRA PRADESH
District : ELURU",Senior Secondary Level,"Name : ZPHS KANNAPURAM
Head/Principal Name: G A CH P KUMAR","Address : KANNAPURAM, KANNAPURAM
Website : https://nadunedu.se.ap.gov.in/cbse/cbse/28150600205"
1105,"Aff. No. :120592
Sch. Code:58653","State : ANDHRA PRADESH
District : ELURU",Senior Secondary Level,"Name : APSWREIS G JR. COLLEGE S VATLURU
Head/Principal Name: D MARY JHANSI RANI","Address : VATLURU VILLAGE , ELURU
Website : https://nadunedu.se.ap.gov.in/cbse/cbse/28152200208"
1106,"Aff. No. :120628
Sch. Code:58689","State : ANDHRA PRADESH
District : ELURU",Senior Secondary Level,"Name : ZPHS LAKKAVARAM
Head/Principal Name: JAJAM CHENCHULAKSHMI","Address : NEAR PANCHAYAT OFFICE, LAKKAVARAM
Website : https://nadunedu.se.ap.gov.in/cbse/cbse/28150701808"
1107,"Aff. No. :120850
Sch. Code:58912","State : ANDHRA PRADESH
District : ELURU",Senior Secondary Level,"Name : GHS POLAVARAM
Head/Principal Name: LOLABHATTU CHUDAMANI","Address : BESIDE GOVT.HOSPITAL, POLAVARAM
Website : https://nadunedu.se.ap.gov.in/cbse/cbse/28150301516"
1108,"Aff. No. :120880
Sch. Code:58942","State : ANDHRA PRADESH
District : ELURU",Senior Secondary Level,"Name : ZPHS KUCHIPUDI
Head/Principal Name: M V SURESH KUMAR","Address : KUCHIMPUDI , RAMASINGAVARAM PEDAVEGI MANDAL
Website : https://nadunedu.se.ap.gov.in/cbse/cbse/28152100605"
1109,"Aff. No. :120862
Sch. Code:58924","State : ANDHRA PRADESH
District : ELURU",Senior Secondary Level,"Name : ZPHS PEDAPADU
Head/Principal Name: PASUMARTI VENKATESWARA RAO","Address : NEAR WATER TANK ,PEDAPADU, PEDAPADU ,PEDAPADU MANDAL
Website : https://nadunedu.se.ap.gov.in/cbse/cbse/28152200916"
1110,"Aff. No. :120839
Sch. Code:58901","State : ANDHRA PRADESH
District : ELURU",Senior Secondary Level,"Name : KGBV VELAIRPADU
Head/Principal Name: P.Arunajyothi.","Address : KGBV VELAIRPADU MANDAL, WEST GODAVARI DI, KGBV VELAIRPADU MANDAL, WEST GODAVARI DI
Website : https://nadunedu.se.ap.gov.in/cbse/cbse/28154700215"
1111,"Aff. No. :120830
Sch. Code:58892","State : ANDHRA PRADESH
District : ELURU",Senior Secondary Level,"Name : APTWRSB KOTARAMACHANDRAPURAM
Head/Principal Name: G VENKAIAH","Address : OPPST I.T.D.A ,. K.R.PURAM, BUTTAIGUDEM, JANGAREDDYGUDEM
Website : https://nadunedu.se.ap.gov.in/cbse/cbse/28150205202"
1112,"Aff. No. :120831
Sch. Code:58893","State : ANDHRA PRADESH
District : ELURU",Senior Secondary Level,"Name : APSWREIS G JR. COLLEGE DWARAKA THIRUMALA
Head/Principal Name: B RANI","Address : DWARAKATIRUMALA, DWARAKATIRUMALA
Website : https://nadunedu.se.ap.gov.in/cbse/cbse/28151201112"
1113,"Aff. No. :120832
Sch. Code:58894","State : ANDHRA PRADESH
District : ELURU",Senior Secondary Level,"Name : GTW ASHRAM SCHOOLB NUTIRAMANNAPALEM
Head/Principal Name: B SYAMBABU","Address : NUTHIRAMANNAPALEM, BUTTAIGUDEM MANDAL
Website : https://nadunedu.se.ap.gov.in/cbse/cbse/28150203402"
1114,"Aff. No. :120944
Sch. Code:59063","State : ANDHRA PRADESH
District : ELURU",Senior Secondary Level,"Name : SESD MPL HS 35TH DIV ELURU
Head/Principal Name: P KUTUMBA RAO","Address : BALAYOGI VANTHENA ROAD, ELURU
Website : https://nadunedu.se.ap.gov.in/cbse/cbse/28152390290"
1115,"Aff. No. :120940
Sch. Code:58170","State : ANDHRA PRADESH
District : ELURU",Senior Secondary Level,"Name : APTWRSG BUSARAJUPALLI
Head/Principal Name: S VIJAYA LAKSHMI","Address : BUSARAJUPALLI, BUTTAYAGUDEM
Website : https://nadunedu.se.ap.gov.in/cbse/cbse/28150203103"
1116,"Aff. No. :120935
Sch. Code:58997","State : ANDHRA PRADESH
District : ELURU",Senior Secondary Level,"Name : APSWRSJR COLLEGE FOR GIRLS POLASANIPALLI
Head/Principal Name: MUKTEVI PADMAVATHI","Address : POLASANIPALLI, POLASANIPALLI, BHIMADOLU MANDAL
Website : https://nadunedu.se.ap.gov.in/cbse/cbse/28152000105"
1117,"Aff. No. :120876
Sch. Code:58938","State : ANDHRA PRADESH
District : ELURU",Senior Secondary Level,"Name : GHS GOPANNAPALEM
Head/Principal Name: SWARNALATHA","Address : GOPANNAPALEM , DENDULURU MANDAL
Website : https://nadunedu.se.ap.gov.in/cbse/cbse/28152401302"
1118,"Aff. No. :120683
Sch. Code:58745","State : ANDHRA PRADESH
District : ELURU",Senior Secondary Level,"Name : ZPHS KAMAYYAPALEM
Head/Principal Name: K SUBBALAKSHMI","Address : WATER TANK ROAD, KAMAYYAPALEM
Website : https://nadunedu.se.ap.gov.in/cbse/cbse/28150101102"
1119,"Aff. No. :120700
Sch. Code:58762","State : ANDHRA PRADESH
District : ELURU",Senior Secondary Level,"Name : ZPHS PANGIDIGUDEM
Head/Principal Name: KLEELA KUMAR","Address : BHIMADOLE -DWARAKA TIRUMALA ROAD, NIL
Website : https://nadunedu.se.ap.gov.in/cbse/cbse/28151202406"
1120,"Aff. No. :120672
Sch. Code:58734","State : ANDHRA PRADESH
District : ELURU",Senior Secondary Level,"Name : APSWREIS B JR. COLLEGE PEDAVEGI
Head/Principal Name: NAMBURI BHARATHI","Address : MRC COLONY, LAKSHMIPURAM VILLAGE,PEDAVEG, ELURU
Website : https://nadunedu.se.ap.gov.in/cbse/cbse/28152101329"
1121,"Aff. No. :120805
Sch. Code:58867","State : ANDHRA PRADESH
District : ELURU",Senior Secondary Level,"Name : APSWRSL FOR GIRL NUZVID
Head/Principal Name: R SRI LAKSHMI","Address : NEAR MR APPARAO COLONY ANNAVARAM NUZVID , NUZVID
Website : https://nadunedu.se.ap.gov.in/cbse/cbse/28162390533"
1122,"Aff. No. :120768
Sch. Code:58830","State : ANDHRA PRADESH
District : ELURU",Senior Secondary Level,"Name : APR SCHOOL BOYS APPALARAJU GUDEM
Head/Principal Name: DOMMETI SURYA BHAVANI SANKARA RAO","Address : APPALARAJUGUDEM , APPALARAJUGUDEM
Website : https://nadunedu.se.ap.gov.in/cbse/cbse/28150800404"
1123,"Aff. No. :120763
Sch. Code:58825","State : ANDHRA PRADESH
District : ELURU",Senior Secondary Level,"Name : AP RES SL G MUSUNURU
Head/Principal Name: K PRAVEENA","Address : THE PRINCIPAL,APRSCHOOL, MUSUNURU., APRSCHOOL,MUSUNURU.
Website : https://nadunedu.se.ap.gov.in/cbse/cbse/28162501010"
1124,"Aff. No. :120761
Sch. Code:58823","State : ANDHRA PRADESH
District : ELURU",Senior Secondary Level,"Name : KGBV KUKUNOOR
Head/Principal Name: S PARVATHI","Address : KUKUNOOR, KUKUNOOR
Website : https://nadunedu.se.ap.gov.in/cbse/cbse/28154801517"
1125,"Aff. No. :120758
Sch. Code:58820","State : ANDHRA PRADESH
District : ELURU",Senior Secondary Level,"Name : APR SCHOOL GIRLS NAGEREDDY GUDEM
Head/Principal Name: M SURESH BABU","Address : NAGIREDDIGUDEM , BESIDES SAI BABA TEMPL, CHINTHALAPUDI
Website : https://nadunedu.se.ap.gov.in/cbse/cbse/28150902824"
1126,"Aff. No. :121145
Sch. Code:59277","State : ANDHRA PRADESH
District : ELURU",Senior Secondary Level,"Name : ZPHS KAIKARAM
Head/Principal Name: G PRASADA RAO","Address : NAGAMMATHALLI TEMPLE, KAIKARAM,UNGUTURU MANDAL
Website : https://nadunedu.se.ap.gov.in/cbse/cbse/28151901211"
1127,"Aff. No. :121090
Sch. Code:59216","State : ANDHRA PRADESH
District : ELURU",Senior Secondary Level,"Name : ZPHS TADIKALAPUDI
Head/Principal Name: G RAMAKRISHNA","Address : TADIKALAPUDI, KAMAVARAPUKOTA MANDAL
Website : https://nadunedu.se.ap.gov.in/cbse/cbse/28151101615"
1128,"Aff. No. :121117
Sch. Code:59243","State : ANDHRA PRADESH
District : ELURU",Senior Secondary Level,"Name : ZPPHS BOYS JANGAREDDIGUDEM
Head/Principal Name: KONETY SATYA VENKATA LOVA KUMARI","Address : JANGAREDDIGUDEM , JANGAREDDIGUDEM
Website : https://nadunedu.se.ap.gov.in/cbse/cbse/28150701422"
1129,"Aff. No. :121112
Sch. Code:59238","State : ANDHRA PRADESH
District : ELURU",Senior Secondary Level,"Name : ZPHS KOPPAKA
Head/Principal Name: CH PRASANNA ANJINEYULU","Address : KOPPAKA, KOPPAKA, PEDAVEGI MANDAL
Website : https://nadunedu.se.ap.gov.in/cbse/cbse/28152102410"
1130,"Aff. No. :120958
Sch. Code:59077","State : ANDHRA PRADESH
District : ELURU",Senior Secondary Level,"Name : ZPHS PULLA
Head/Principal Name: P BHUVANESWARA RAO","Address : REDDY NAIDUPET, PULLA , BHIMADOLE MANDAL
Website : https://nadunedu.se.ap.gov.in/cbse/cbse/28152000712"
1131,"Aff. No. :120964
Sch. Code:59083","State : ANDHRA PRADESH
District : ELURU",Senior Secondary Level,"Name : SMSR ZPHS GUNDUGOLANU
Head/Principal Name: G K D SUNEETA","Address : GUNDUGOLANU , BHIMADOLE MANDAL
Website : https://nadunedu.se.ap.gov.in/cbse/cbse/28152000808"
1132,"Aff. No. :120962
Sch. Code:59081","State : ANDHRA PRADESH
District : ELURU",Senior Secondary Level,"Name : ZPHS BHIMADOLE
Head/Principal Name: B Srinivasa Rao","Address : BHIMADOLE , BHIMADOLE MANDAL
Website : https://nadunedu.se.ap.gov.in/cbse/cbse/28152000308"
1133,"Aff. No. :120978
Sch. Code:59097","State : ANDHRA PRADESH
District : ELURU",Senior Secondary Level,"Name : KGBV VELAIRU
Head/Principal Name: Songa Sunitha","Address : SRIDHARA VELERU, KUKUNOOR MANDAL
Website : https://nadunedu.se.ap.gov.in/cbse/cbse/28154802202"
1134,"Aff. No. :121011
Sch. Code:59130","State : ANDHRA PRADESH
District : ELURU",Senior Secondary Level,"Name : GTW ASHRAM SCHOOL G TELLAMVARIGUDEM
Head/Principal Name: MADE ARUNDATI","Address : GTWAS (G)TELLAMVARI GUDEM,DORAMAMIDI (PA, GTWASG TELLAMVARI GUDEM.MANI ROAD.
Website : https://nadunedu.se.ap.gov.in/cbse/cbse/28150200417"
1135,"Aff. No. :121021
Sch. Code:59140","State : ANDHRA PRADESH
District : ELURU",Senior Secondary Level,"Name : APTWR SCHOOL BOYS BARRINKALAPADU
Head/Principal Name: K.subramanyam","Address : BARRINKALAPADU,JEELUGUMILLIMANDAL, JANGAREDDYGUDEM
Website : https://nadunedu.se.ap.gov.in/cbse/cbse/28150101607"
1136,"Aff. No. :130824
Sch. Code:23877","State : ANDHRA PRADESH
District : ELURU",Secondary Level,"Name : ORCHID HIGH SCHOOL
Head/Principal Name: M P RUKMINI","Address : DR.NO.25-8/1, HANUMAN JUCTION ROAD ,OPP. SARASWATI , TEMPLE,NUZVID
Website : https://orchidschoolnuzvid.com/"
1137,"Aff. No. :130821
Sch. Code:23871","State : ANDHRA PRADESH
District : ELURU",Secondary Level,"Name : PIPPARA EM HIGH SCHOOL
Head/Principal Name: CH KRISHNARAO","Address : D NO 6-183, PIPPARA, GANAPAVARAM MANDAL
Website : https://www.gsrpipparaschool.com/"
1138,"Aff. No. :130761
Sch. Code:56937","State : ANDHRA PRADESH
District : ELURU",Secondary Level,"Name : MOULANA ABUL KALAM AZAD EM&UM HIGH SCHOOL
Head/Principal Name: GURUVELLI NAGARAJU","Address : 2-164/A, 7TH MILE, VIDYANAGARPOST, JOGANNAPALEM, VIA GOPANNAPALEM, ELURU TO JANGAREDDYGUDEM ROAD
Website : www.makacet.org"
1139,"Aff. No. :130790
Sch. Code:57303","State : ANDHRA PRADESH
District : NANDYAL",Secondary Level,"Name : ST.JOSEPH'S HIGH SCHOOL
Head/Principal Name: VIJAYA GEETHA GOLAMARI","Address : NANDYAL ROAD, KOILAKUNTLA (V & M), NANDYAL DISTRICT
Website : https://www.stjosephshighschool.in/"
1140,"Aff. No. :121031
Sch. Code:59150","State : ANDHRA PRADESH
District : NANDYAL",Senior Secondary Level,"Name : ZPHS RUDRAVARAM
Head/Principal Name: JV SUBBARAYUDU","Address : NEAR GOVT HOSPITAL , RUDRAVARAM , RUDRAVARAM
Website : https://nadunedu.se.ap.gov.in/cbse/cbse/28213701407"
1141,"Aff. No. :121032
Sch. Code:59151","State : ANDHRA PRADESH
District : NANDYAL",Senior Secondary Level,"Name : ZPHSGIRLS NANDIKOTKUR
Head/Principal Name: GUNTUMUKKULA PARVATHI","Address : GOVT JR COLLEGE ROAD, NANDIKOTKUR, NANDIKOTKUR
Website : https://nadunedu.se.ap.gov.in/cbse/cbse/28210800936"
1142,"Aff. No. :121045
Sch. Code:59164","State : ANDHRA PRADESH
District : NANDYAL",Senior Secondary Level,"Name : ZPHS GOPAVARAM
Head/Principal Name: KOKKU BHASKAR","Address : BESIDE THE CHURCH, GOPAVARAM VILLAGE MAHANANDI MANDAL
Website : https://nadunedu.se.ap.gov.in/cbse/cbse/28213500707"
1143,"Aff. No. :121046
Sch. Code:59165","State : ANDHRA PRADESH
District : NANDYAL",Senior Secondary Level,"Name : APSWRS DHONE
Head/Principal Name: M E GEETHA","Address : NEAR KOTLA STADIUM, UDUMULAPADU
Website : https://nadunedu.se.ap.gov.in/cbse/cbse/28214900639"
1144,"Aff. No. :120991
Sch. Code:59110","State : ANDHRA PRADESH
District : NANDYAL",Senior Secondary Level,"Name : APTWR S BALAPANUR
Head/Principal Name: DM MARY SALOMI","Address : NERAWADA METTA, B SIDE RGM COLLEGE
Website : https://nadunedu.se.ap.gov.in/cbse/cbse/28213100508"
1145,"Aff. No. :120985
Sch. Code:59104","State : ANDHRA PRADESH
District : NANDYAL",Senior Secondary Level,"Name : ZPHS JALADURGAM
Head/Principal Name: M RAVI KUMAR","Address : JALADURGAM, PEAPULLY MANDAL
Website : https://nadunedu.se.ap.gov.in/cbse/cbse/28214801008"
1146,"Aff. No. :121091
Sch. Code:59217","State : ANDHRA PRADESH
District : NANDYAL",Senior Secondary Level,"Name : ZPHSGIRLS DHONE
Head/Principal Name: B BABU","Address : NEAR EEDGA MASJIID. DHONE, DHONE
Website : https://nadunedu.se.ap.gov.in/cbse/cbse/28214900637"
1147,"Aff. No. :121139
Sch. Code:59271","State : ANDHRA PRADESH
District : NANDYAL",Senior Secondary Level,"Name : APSWRSG ALLAGADDA
Head/Principal Name: S FIRDOSE ANJUM","Address : NEAR VAKKILERU BRIDGE PADAKANDLA, ALLAGADDA
Website : https://nadunedu.se.ap.gov.in/cbse/cbse/28213800944"
1148,"Aff. No. :120751
Sch. Code:58813","State : ANDHRA PRADESH
District : NANDYAL",Senior Secondary Level,"Name : ZPHS CHAGALAMARRI
Head/Principal Name: M KOTAIAH","Address : NEAR AP TRANSCO, CHAGALAMARRI
Website : https://nadunedu.se.ap.gov.in/cbse/cbse/28213901517"
1149,"Aff. No. :120795
Sch. Code:58857","State : ANDHRA PRADESH
District : NANDYAL",Senior Secondary Level,"Name : GOVT HS SRISAILAM PROJECT
Head/Principal Name: ESWARAMMA BAI","Address : SUNDIPENTA, SUNDIPENTA
Website : https://nadunedu.se.ap.gov.in/cbse/cbse/28211290911"
1150,"Aff. No. :120693
Sch. Code:58755","State : ANDHRA PRADESH
District : NANDYAL",Senior Secondary Level,"Name : GOVT.HS KOIALKUNTLA
Head/Principal Name: Kadiri.Thimma Reddy","Address : GOVT HOSPITAL KOILKUNTLA, KOILKUNTLA
Website : https://nadunedu.se.ap.gov.in/cbse/cbse/28214301423"
1151,"Aff. No. :120894
Sch. Code:58956","State : ANDHRA PRADESH
District : NANDYAL",Senior Secondary Level,"Name : APSWRJR COLLEGEB J.BUNGLOW
Head/Principal Name: P SATYANARAYANA MURTHY","Address : JUPADU BUNGLOW MANDAL, NEAR GHS, J. BUNGLOW
Website : https://nadunedu.se.ap.gov.in/cbse/cbse/28211501201"
1152,"Aff. No. :120897
Sch. Code:58959","State : ANDHRA PRADESH
District : NANDYAL",Senior Secondary Level,"Name : APSWRSJR COLLEGEOPP.MRO OFFICE KKL
Head/Principal Name: S Firdose Anjum","Address : OPPOSITE TO MRO OFFICE, KOILAKUNTLA
Website : https://nadunedu.se.ap.gov.in/cbse/cbse/28214301425"
1153,"Aff. No. :120923
Sch. Code:58985","State : ANDHRA PRADESH
District : NANDYAL",Senior Secondary Level,"Name : MJPAPBCWRESGNERAWADA
Head/Principal Name: SUNKESULA JAYAMMA","Address : NERAWADA METTA, PANYAM MANDAL
Website : https://nadunedu.se.ap.gov.in/cbse/cbse/28213100905"
1154,"Aff. No. :120824
Sch. Code:58886","State : ANDHRA PRADESH
District : NANDYAL",Senior Secondary Level,"Name : GOVT.HS NANDIKOTKUR
Head/Principal Name: SUGURI RAMI REDDY","Address : NEAR GJC NANDIKOTKUR , GHS NANDIKOTKUR
Website : https://nadunedu.se.ap.gov.in/cbse/cbse/28210800937"
1155,"Aff. No. :120858
Sch. Code:58920","State : ANDHRA PRADESH
District : NANDYAL",Senior Secondary Level,"Name : ZPHS KOLIMIGUNDLA
Head/Principal Name: K BALA SUBBA REDDY","Address : NEAR POLICE STATION, KOLIMIGUNDLA (V&M), KOLIMIGUNDLA MANDAL
Website : https://nadunedu.se.ap.gov.in/cbse/cbse/28214600805"
1156,"Aff. No. :120583
Sch. Code:58644","State : ANDHRA PRADESH
District : NANDYAL",Senior Secondary Level,"Name : APSWRS ALLAGADDA
Head/Principal Name: CHK Sandhya Rani","Address : NEAR A.V GOWDOWNS, ALLAGADDA
Website : https://nadunedu.se.ap.gov.in/cbse/cbse/28213800932"
1157,"Aff. No. :120584
Sch. Code:58645","State : ANDHRA PRADESH
District : NANDYAL",Senior Secondary Level,"Name : A P S W R S LAXMAPUARM
Head/Principal Name: V VENKATA RAMANAMMA","Address : LAXMAPURAM, PAGIDYALA
Website : https://nadunedu.se.ap.gov.in/cbse/cbse/28210901006"
1158,"Aff. No. :120507
Sch. Code:58568","State : ANDHRA PRADESH
District : NANDYAL",Senior Secondary Level,"Name : APRIESBC SUNNIPENTA
Head/Principal Name: B JAWAHAR","Address : SUNNIPENTA VILLAGE, SRISAILAM
Website : https://nadunedu.se.ap.gov.in/cbse/cbse/28211290808"
1159,"Aff. No. :120479
Sch. Code:58540","State : ANDHRA PRADESH
District : NANDYAL",Senior Secondary Level,"Name : GOVT.HS ALLAGADDA
Head/Principal Name: P VEERARAGHAVAIAH","Address : NEAR MINI HALL, ALLAGADDA
Website : https://nadunedu.se.ap.gov.in/cbse/cbse/28213800931"
1160,"Aff. No. :120406
Sch. Code:58467","State : ANDHRA PRADESH
District : NANDYAL",Senior Secondary Level,"Name : ZPHSGIRLS PEAPULLY
Head/Principal Name: K Vijaya nirmala devi","Address : PEAPULLY, PEAPULLY MANDAL
Website : https://nadunedu.se.ap.gov.in/cbse/cbse/28214800711"
1161,"Aff. No. :120397
Sch. Code:58458","State : ANDHRA PRADESH
District : NANDYAL",Senior Secondary Level,"Name : A P MODEL SCHOOLDHONE
Head/Principal Name: P NAGA JASMINE","Address : UDUMULAPADU VILLAGE, DHONE
Website : https://nadunedu.se.ap.gov.in/cbse/cbse/28214900302"
1162,"Aff. No. :120426
Sch. Code:58487","State : ANDHRA PRADESH
District : NANDYAL",Senior Secondary Level,"Name : APTWRIESSTB SUNNIPENTA
Head/Principal Name: B. Venkateswarlu Naik","Address : NEAR ITDA OFFICE, SRISAILAM PROJECT , SUNNIPENTA, SRISAILAM PROJECT
Website : https://nadunedu.se.ap.gov.in/cbse/cbse/28211290809"
1163,"Aff. No. :120239
Sch. Code:58300","State : ANDHRA PRADESH
District : NANDYAL",Senior Secondary Level,"Name : A.P. MODEL SCHOOL VELGODE
Head/Principal Name: MALLESHWARA NALINI","Address : GUNTHKANADALA, NANDYAL
Website : https://nadunedu.se.ap.gov.in/cbse/cbse/28211300536"
1164,"Aff. No. :120242
Sch. Code:58303","State : ANDHRA PRADESH
District : NANDYAL",Senior Secondary Level,"Name : A.P MODEL SCHOOL KOTA KANDUKUR
Head/Principal Name: RAJU YARAMALA","Address : KOTAKANDUR , ALLAGADDA
Website : https://nadunedu.se.ap.gov.in/cbse/cbse/28213801805"
1165,"Aff. No. :120266
Sch. Code:58327","State : ANDHRA PRADESH
District : NANDYAL",Senior Secondary Level,"Name : AP MODEL SCHOOL UYYALAWADDA
Head/Principal Name: P NOORJAHAN","Address : NEAR MDO OFFICE, UYYALAWADA VILLAGE , UYYALAWADA MANDAL
Website : https://nadunedu.se.ap.gov.in/cbse/cbse/28214000811"
1166,"Aff. No. :120262
Sch. Code:58323","State : ANDHRA PRADESH
District : NANDYAL",Senior Secondary Level,"Name : A.P MODEL SCHOOL RAVVALAKONDA
Head/Principal Name: RAMALAKSHMI CH","Address : NEAR OWK METTA, BANAGANAPALLI
Website : https://nadunedu.se.ap.gov.in/cbse/cbse/28214403144"
1167,"Aff. No. :120263
Sch. Code:58324","State : ANDHRA PRADESH
District : NANDYAL",Senior Secondary Level,"Name : A.P MODEL SCHOOL GOSAPDU
Head/Principal Name: SHAIK KHAJA HUSSAIN","Address : BEHIND ZPHS GOSPADU, , GOSPADU, VILLAGE AND MANDAL
Website : https://nadunedu.se.ap.gov.in/cbse/cbse/28214200911"
1168,"Aff. No. :120269
Sch. Code:58330","State : ANDHRA PRADESH
District : NANDYAL",Senior Secondary Level,"Name : A.P. MODEL SCHOOL GADIVEMULA
Head/Principal Name: Z SAILAJA","Address : SRBC COLONY, GADIVEMULA, GADIVEMULA, KURNOOL DIST, AP
Website : https://nadunedu.se.ap.gov.in/cbse/cbse/28213200317"
1169,"Aff. No. :120324
Sch. Code:58385","State : ANDHRA PRADESH
District : NANDYAL",Senior Secondary Level,"Name : A.P MODEL SCHOOL KOLIMIGUNDLA
Head/Principal Name: K SANJEEVA REDDY","Address : NEAR MRO OFFICE, KOLIMIGUNDLA , KOLIMIGUNDLA
Website : https://nadunedu.se.ap.gov.in/cbse/cbse/28214600816"
1170,"Aff. No. :120370
Sch. Code:58431","State : ANDHRA PRADESH
District : NANDYAL",Senior Secondary Level,"Name : A.P. MODEL SCHOOL J-BUNGLOW
Head/Principal Name: RAMESH","Address : BESIDE GOVERNMENT HIGH SCHOOL, JUPADU BU, JUPADU BUNGLOW MANDAL
Website : https://nadunedu.se.ap.gov.in/cbse/cbse/28211501205"
1171,"Aff. No. :120157
Sch. Code:58218","State : ANDHRA PRADESH
District : NANDYAL",Senior Secondary Level,"Name : A.P MODEL SCHOOL SIRVEL
Head/Principal Name: DOCTOR ISHRATH BEGUM","Address : NEAR KHADARABADARA, RUDRAVARAM ROAD, NANDYAL
Website : https://nadunedu.se.ap.gov.in/cbse/cbse/28213600624"
1172,"Aff. No. :120153
Sch. Code:58215","State : ANDHRA PRADESH
District : NANDYAL",Senior Secondary Level,"Name : AP MODEL SCHOOLPANYAM
Head/Principal Name: B DINESH BABU","Address : PANYAM, KURNOOL
Website : https://nadunedu.se.ap.gov.in/cbse/cbse/28213100622"
1173,"Aff. No. :120159
Sch. Code:58220","State : ANDHRA PRADESH
District : NANDYAL",Senior Secondary Level,"Name : AP MODEL SCHOOL PAGIDYAL
Head/Principal Name: SUJANA KONIDE","Address : NEAR BUS STAND, OPPOSITE TO BC WELFARE HOSTEL
Website : https://nadunedu.se.ap.gov.in/cbse/cbse/28210900915"
1174,"Aff. No. :120206
Sch. Code:58267","State : ANDHRA PRADESH
District : NANDYAL",Senior Secondary Level,"Name : A.P MODEL SCHOOL B.ATMAKUR
Head/Principal Name: SYED ABDUR RAAFI","Address : KARIMADDELA ROAD, NANDYAL
Website : https://nadunedu.se.ap.gov.in/cbse/cbse/28213300825"
1175,"Aff. No. :120212
Sch. Code:58273","State : ANDHRA PRADESH
District : NANDYAL",Senior Secondary Level,"Name : GOVT HIGH SCHOOL PANYAM
Head/Principal Name: K MARY SUNITHA","Address : BESIDES NH 40, PANYAM , KURNOOL
Website : https://nadunedu.se.ap.gov.in/cbse/cbse/28213100609"
1176,"Aff. No. :120220
Sch. Code:58281","State : ANDHRA PRADESH
District : NANDYAL",Senior Secondary Level,"Name : AP MODEL SCHOOL OWK
Head/Principal Name: P NAGASUBBARAYUDU","Address : OWK POST AND VILLAGE,OWK MANDAL, OWK MANDAL, NANDYAL DIST
Website : https://nadunedu.se.ap.gov.in/cbse/cbse/28214701025"
1177,"Aff. No. :120217
Sch. Code:58278","State : ANDHRA PRADESH
District : NANDYAL",Senior Secondary Level,"Name : A.P. MODEL SCHOOL PAMULAPADU
Head/Principal Name: V NAGA RAVINDRA","Address : NEAR KGBV SCHOOL,MITTAKANDHALA ROAD,PAMU, NEAR KGBV SCHOOL,MITTAKANDHALA ROAD,PAMU
Website : https://nadunedu.se.ap.gov.in/cbse/cbse/28211400715"
1178,"Aff. No. :120198
Sch. Code:58259","State : ANDHRA PRADESH
District : NANDYAL",Senior Secondary Level,"Name : A.P.MODEL SCHOOL M.THIMMAPURAM
Head/Principal Name: LAKSHMANA RAO KURAPATI","Address : MAHANANDI MD, NANDYALA DIVISION
Website : https://nadunedu.se.ap.gov.in/cbse/cbse/28213500315"
1179,"Aff. No. :120176
Sch. Code:58237","State : ANDHRA PRADESH
District : NANDYAL",Senior Secondary Level,"Name : A.P MODEL SCHOOL MIDTHUR
Head/Principal Name: S Saleem Basha","Address : NEAR MPDO OFFICE, MIDTHUR (V&M) - 518405, KURNOOL (DT)
Website : https://nadunedu.se.ap.gov.in/cbse/cbse/28211600416"
1180,"Aff. No. :120155
Sch. Code:58216","State : ANDHRA PRADESH
District : NANDYAL",Senior Secondary Level,"Name : AP MODEL SCHOOLRUDRAVARAM
Head/Principal Name: NAGESWARA RAO SANGEPU","Address : NEAR PETROL BUNK, VELDURTHY
Website : https://nadunedu.se.ap.gov.in/cbse/cbse/28213701417"
1181,"Aff. No. :120164
Sch. Code:58225","State : ANDHRA PRADESH
District : NANDYAL",Senior Secondary Level,"Name : AP MODEL SCHOOL GORUMANUKONDA
Head/Principal Name: Dr GANGULA NAGARAJU","Address : GORUMANUKONDA, BETHAMCHERLA
Website : https://nadunedu.se.ap.gov.in/cbse/cbse/28213000409"
1182,"Aff. No. :120233
Sch. Code:58294","State : ANDHRA PRADESH
District : PARVATHIPURAM MANYAM",Senior Secondary Level,"Name : ZPHS BALJIPETA
Head/Principal Name: POTNURU JAYA PRASAD","Address : MAIN ROAD BALIJIPETA, BALIJIPETA
Website : https://nadunedu.se.ap.gov.in/cbse/cbse/28120901706"
1183,"Aff. No. :120005
Sch. Code:59355","State : ANDHRA PRADESH
District : PARVATHIPURAM MANYAM",Senior Secondary Level,"Name : EKALAVYA MODEL RESIDENTIAL SCHOOL - KURUPAM
Head/Principal Name: SUSANTA KUMAR SAHOO","Address : EKLAVYA MODEL RESIDENTIAL SCHOOL, SIVANNAPETA, KURUPAM MANDAL
Website : www.emrskurupam.in"
1184,"Aff. No. :120346
Sch. Code:58407","State : ANDHRA PRADESH
District : PARVATHIPURAM MANYAM",Senior Secondary Level,"Name : APTWRS MALLI
Head/Principal Name: R VASUDEVU","Address : NAIDU MALLI KUSUMI POST, SEETHAMPETA MANDAL
Website : https://nadunedu.se.ap.gov.in/cbse/cbse/28111309804"
1185,"Aff. No. :120339
Sch. Code:58400","State : ANDHRA PRADESH
District : PARVATHIPURAM MANYAM",Senior Secondary Level,"Name : KGBV JOGIMPETA
Head/Principal Name: Jonnada Sandhya","Address : MAIN ROAD, JOGIMPETA , NEAR BY APSWR JUNIOR COLLEGE, JOGIMPETA
Website : https://nadunedu.se.ap.gov.in/cbse/cbse/28120802210"
1186,"Aff. No. :120273
Sch. Code:58334","State : ANDHRA PRADESH
District : PARVATHIPURAM MANYAM",Senior Secondary Level,"Name : APMS MAKKUVAMULAKKAYALAVALASA
Head/Principal Name: N SWARNA LATHA","Address : KASIPATNAM, MAKKUVA MANDAL
Website : https://nadunedu.se.ap.gov.in/cbse/cbse/28120704504"
1187,"Aff. No. :120286
Sch. Code:58347","State : ANDHRA PRADESH
District : PARVATHIPURAM MANYAM",Senior Secondary Level,"Name : GTWAH SCHOOL MALLI
Head/Principal Name: PALAKA NARAYUDU","Address : NAIDUMALLI (VI), KUSIMI (POST), SEETHAM, NAIDUMALLI (VI), KUSIMI (POST), SEETHAM
Website : https://nadunedu.se.ap.gov.in/cbse/cbse/28111309805"
1188,"Aff. No. :120289
Sch. Code:58350","State : ANDHRA PRADESH
District : PARVATHIPURAM MANYAM",Senior Secondary Level,"Name : AP MODEL SCHOOLBHAMINI
Head/Principal Name: RAGHUPATRUNI SIVAKUMAR","Address : BHAMINI VILLAGE, BHAMINI MANDAL
Website : https://nadunedu.se.ap.gov.in/cbse/cbse/28111401521"
1189,"Aff. No. :120303
Sch. Code:58364","State : ANDHRA PRADESH
District : PARVATHIPURAM MANYAM",Senior Secondary Level,"Name : APMS KURUPAM
Head/Principal Name: ARIKA SUNDARA RAO","Address : KURUPAM MANDAL AND VILLAGE, NEW SOBHALATHA DEVI COLONY,KURUPAM
Website : https://nadunedu.se.ap.gov.in/cbse/cbse/28120305827"
1190,"Aff. No. :120261
Sch. Code:58322","State : ANDHRA PRADESH
District : PARVATHIPURAM MANYAM",Senior Secondary Level,"Name : ZPHS MAKKUVA
Head/Principal Name: MAJJI HEMALATHA","Address : MAIN ROAD MAKKUVA, MAKKUVA MANDAL
Website : https://nadunedu.se.ap.gov.in/cbse/cbse/28120704710"
1191,"Aff. No. :120237
Sch. Code:58298","State : ANDHRA PRADESH
District : PARVATHIPURAM MANYAM",Senior Secondary Level,"Name : APMS SALURPUROHITUNIVALASA
Head/Principal Name: S ANJILI DEVI","Address : SALUR, VIZIANAGARAM
Website : https://nadunedu.se.ap.gov.in/cbse/cbse/28121107202"
1192,"Aff. No. :120244
Sch. Code:58305","State : ANDHRA PRADESH
District : PARVATHIPURAM MANYAM",Senior Secondary Level,"Name : KGBV MAKKUVA
Head/Principal Name: G NAGA DURGA","Address : MULAKKAYAVALASA , MAKKUVA MANDAL
Website : https://nadunedu.se.ap.gov.in/cbse/cbse/28120704721"
1193,"Aff. No. :120421
Sch. Code:58482","State : ANDHRA PRADESH
District : PARVATHIPURAM MANYAM",Senior Secondary Level,"Name : APTWRS BOYS SEETHAMPETA
Head/Principal Name: S TIRUPATHI RAJU","Address : SEETHAMPETA, SEETHAMPETA
Website : https://nadunedu.se.ap.gov.in/cbse/cbse/28111304721"
1194,"Aff. No. :120445
Sch. Code:58506","State : ANDHRA PRADESH
District : PARVATHIPURAM MANYAM",Senior Secondary Level,"Name : KGBV SEETHAMPETA
Head/Principal Name: BIDDIKA ROOPA","Address : THURYAPUVALASA, SEETHAMPETA
Website : https://nadunedu.se.ap.gov.in/cbse/cbse/28111304718"
1195,"Aff. No. :120386
Sch. Code:58447","State : ANDHRA PRADESH
District : PARVATHIPURAM MANYAM",Senior Secondary Level,"Name : A.P. TW E I R. SCHOOL GI
Head/Principal Name: D ARUNA JYOTHI","Address : SEETHAMPETA, PALAKONDA
Website : https://nadunedu.se.ap.gov.in/cbse/cbse/28111304710"
1196,"Aff. No. :120408
Sch. Code:58469","State : ANDHRA PRADESH
District : PARVATHIPURAM MANYAM",Senior Secondary Level,"Name : KGBV BALJIPETA
Head/Principal Name: KILLADA MADHURAVANI","Address : VANTHARAM, VANTHARAM
Website : https://nadunedu.se.ap.gov.in/cbse/cbse/28120901710"
1197,"Aff. No. :120492
Sch. Code:58553","State : ANDHRA PRADESH
District : PARVATHIPURAM MANYAM",Senior Secondary Level,"Name : KGBV CHINAMERANGI
Head/Principal Name: MARADANA SRIDEVI","Address : PN COLONY, PN COLONY
Website : https://nadunedu.se.ap.gov.in/cbse/cbse/28120400708"
1198,"Aff. No. :120493
Sch. Code:58554","State : ANDHRA PRADESH
District : PARVATHIPURAM MANYAM",Senior Secondary Level,"Name : APTWRSGIRLS BHADRAGIRI
Head/Principal Name: NISTALA SUBRAHMANYAM","Address : MAINROAD, BHADRAGIRI
Website : https://nadunedu.se.ap.gov.in/cbse/cbse/28120207507"
1199,"Aff. No. :120466
Sch. Code:58527","State : ANDHRA PRADESH
District : PARVATHIPURAM MANYAM",Senior Secondary Level,"Name : KGBV BHAMINI
Head/Principal Name: BURADA SARADA","Address : BHAMINI , BHAMINI
Website : https://nadunedu.se.ap.gov.in/cbse/cbse/28111401520"
1200,"Aff. No. :120575
Sch. Code:58636","State : ANDHRA PRADESH
District : PARVATHIPURAM MANYAM",Senior Secondary Level,"Name : KGBV SALUR
Head/Principal Name: G PRASANTHI","Address : KGBV SALUR, KGBV SALUR
Website : https://nadunedu.se.ap.gov.in/cbse/cbse/28121191061"
1201,"Aff. No. :120544
Sch. Code:58605","State : ANDHRA PRADESH
District : PARVATHIPURAM MANYAM",Senior Secondary Level,"Name : APSWRS BHAMINI
Head/Principal Name: MATCHA VIJAYANIRMALA","Address : BESIDE ZPH SCHOOL, BHAMINI-VILL, BHAMINI-POST AND MANDAL
Website : https://nadunedu.se.ap.gov.in/cbse/cbse/28111401509"
1202,"Aff. No. :120617
Sch. Code:58678","State : ANDHRA PRADESH
District : PARVATHIPURAM MANYAM",Senior Secondary Level,"Name : KGBVKURUPAM
Head/Principal Name: I KIRAN KUMARI","Address : KURUPAM MANDAL AND VILLAGE, NEAR GOWDU STREET, OPPO MEO OFFICE,KURUP
Website : https://nadunedu.se.ap.gov.in/cbse/cbse/28120305823"
1203,"Aff. No. :120609
Sch. Code:58670","State : ANDHRA PRADESH
District : PARVATHIPURAM MANYAM",Senior Secondary Level,"Name : KGBV KAVITIBHADRA
Head/Principal Name: DOKALA MANI","Address : MAIN ROAD, KAVITIBHADRA
Website : https://nadunedu.se.ap.gov.in/cbse/cbse/28120601616"
1204,"Aff. No. :120650
Sch. Code:58712","State : ANDHRA PRADESH
District : PARVATHIPURAM MANYAM",Senior Secondary Level,"Name : KGBV G.L.PURAM
Head/Principal Name: SRIRANJANI CHUKKA","Address : MAINROAD, G L PURAM
Website : https://nadunedu.se.ap.gov.in/cbse/cbse/28120207607"
1205,"Aff. No. :120837
Sch. Code:58899","State : ANDHRA PRADESH
District : PARVATHIPURAM MANYAM",Senior Secondary Level,"Name : APTWRSBOYS P KONAVALASA
Head/Principal Name: SRINIVASARAO","Address : APTWRS P.KONAVALASA, P.KONAVALASA VILLAGE
Website : https://nadunedu.se.ap.gov.in/cbse/cbse/28121200702"
1206,"Aff. No. :120845
Sch. Code:58907","State : ANDHRA PRADESH
District : PARVATHIPURAM MANYAM",Senior Secondary Level,"Name : KGBV VEERAGHATTAM
Head/Principal Name: CHENNA ROHINI","Address : REGULAPADU, VEERAGHATTAM
Website : https://nadunedu.se.ap.gov.in/cbse/cbse/28110101816"
1207,"Aff. No. :120922
Sch. Code:58984","State : ANDHRA PRADESH
District : PARVATHIPURAM MANYAM",Senior Secondary Level,"Name : APSWRS PN BONDAVALSA
Head/Principal Name: VANGAPANDU SREE RAMULU","Address : APSWRS PN BONDAVALSA, APSWRS PN BONDAVALSA
Website : https://nadunedu.se.ap.gov.in/cbse/cbse/28121191048"
1208,"Aff. No. :120928
Sch. Code:58990","State : ANDHRA PRADESH
District : PARVATHIPURAM MANYAM",Senior Secondary Level,"Name : APTWRSBOYS BHADRAGIRI
Head/Principal Name: D VARAPRASAD BABU","Address : MAINROAD, BHADRAGIRI
Website : https://nadunedu.se.ap.gov.in/cbse/cbse/28120207506"
1209,"Aff. No. :120915
Sch. Code:58977","State : ANDHRA PRADESH
District : PARVATHIPURAM MANYAM",Senior Secondary Level,"Name : APTWRSGIRLS BELGAM
Head/Principal Name: A.Satyavathi","Address : KURUPAM, VIZIANAGARAM
Website : https://nadunedu.se.ap.gov.in/cbse/cbse/28120690962"
1210,"Aff. No. :120896
Sch. Code:58958","State : ANDHRA PRADESH
District : PARVATHIPURAM MANYAM",Senior Secondary Level,"Name : APSWRS JR COLLEGE
Head/Principal Name: Kunisetty Eswara Rao","Address : SEETHANAGARAM, VIZIANAGARAM
Website : https://nadunedu.se.ap.gov.in/cbse/cbse/28120802104"
1211,"Aff. No. :120911
Sch. Code:58973","State : ANDHRA PRADESH
District : PARVATHIPURAM MANYAM",Senior Secondary Level,"Name : GTWASGIRLS KOTHAVALASA
Head/Principal Name: GVM SANDHYA RANI","Address : GTWASGIRLS KOTHAVALASA, GTWASGIRLS KOTHAVALASA
Website : https://nadunedu.se.ap.gov.in/cbse/cbse/28121106203"
1212,"Aff. No. :120671
Sch. Code:58733","State : ANDHRA PRADESH
District : PARVATHIPURAM MANYAM",Senior Secondary Level,"Name : KGBV KOMARADA
Head/Principal Name: GUNTREDDI ARUNA","Address : MAINROAD, NEAR BY POLICE STATION
Website : https://nadunedu.se.ap.gov.in/cbse/cbse/28120105413"
1213,"Aff. No. :120714
Sch. Code:58776","State : ANDHRA PRADESH
District : PARVATHIPURAM MANYAM",Senior Secondary Level,"Name : APTWRSBOYS KOMARADA
Head/Principal Name: D Lakshmanarao","Address : MAINROAD, NEAR BY KGBV SCHOOL
Website : https://nadunedu.se.ap.gov.in/cbse/cbse/28120105411"
1214,"Aff. No. :121089
Sch. Code:59215","State : ANDHRA PRADESH
District : PARVATHIPURAM MANYAM",Senior Secondary Level,"Name : KGBV PACHIPENTA
Head/Principal Name: SHAIKNAZIA","Address : PACHIPENTA VILLAGE, VIZIANAGARAM
Website : https://nadunedu.se.ap.gov.in/cbse/cbse/28121200704"
1215,"Aff. No. :121118
Sch. Code:59244","State : ANDHRA PRADESH
District : PARVATHIPURAM MANYAM",Senior Secondary Level,"Name : KPMHS KOTTAVALSA
Head/Principal Name: YERRA APPALANAIDU","Address : KOTTAVALASA, PARVATHIPURAM
Website : https://nadunedu.se.ap.gov.in/cbse/cbse/28120690934"
1216,"Aff. No. :121100
Sch. Code:59226","State : ANDHRA PRADESH
District : PARVATHIPURAM MANYAM",Senior Secondary Level,"Name : GTWAS KOTHAGUDA
Head/Principal Name: LABUDU NAGARAJU","Address : MAINROAD, KOTHAGUDA
Website : https://nadunedu.se.ap.gov.in/cbse/cbse/28120201803"
1217,"Aff. No. :120979
Sch. Code:59098","State : ANDHRA PRADESH
District : PARVATHIPURAM MANYAM",Senior Secondary Level,"Name : APSWRS G GARUGUBILLI
Head/Principal Name: SANKILI SANDHYA RANI","Address : DR B R AMBEDKAR GURUKULAM, OPOSIT PEDDURU ROAD
Website : https://nadunedu.se.ap.gov.in/cbse/cbse/28120502805"
1218,"Aff. No. :121028
Sch. Code:59147","State : ANDHRA PRADESH
District : PARVATHIPURAM MANYAM",Senior Secondary Level,"Name : ZPHS PACHIPENTA
Head/Principal Name: BIRUSU ESWARARAO","Address : ZPHS PACHIPENTA, PACHIPENTA VILLAGE
Website : https://nadunedu.se.ap.gov.in/cbse/cbse/28121201406"
1219,"Aff. No. :121016
Sch. Code:59135","State : ANDHRA PRADESH
District : PARVATHIPURAM MANYAM",Senior Secondary Level,"Name : APSWRS KOMARADA
Head/Principal Name: Arasada Rajani Kumari","Address : KOMARADA, VIZIANAGARAM
Website : https://nadunedu.se.ap.gov.in/cbse/cbse/28120105410"
1220,"Aff. No. :121017
Sch. Code:59136","State : ANDHRA PRADESH
District : PARVATHIPURAM MANYAM",Senior Secondary Level,"Name : KGBV GARUGUBILLI
Head/Principal Name: NEDUNOORI CHAYA DEVI","Address : GARUGUBILLI, VIZIANAGARAM
Website : https://nadunedu.se.ap.gov.in/cbse/cbse/28120501709"
1221,"Aff. No. :121062
Sch. Code:59181","State : ANDHRA PRADESH
District : PARVATHIPURAM MANYAM",Senior Secondary Level,"Name : ZPHS M.R.NAGARAM
Head/Principal Name: DONAKA VIJAYA KUMAR","Address : PARVATHIPURAM, VIZIANAGARAM
Website : https://nadunedu.se.ap.gov.in/cbse/cbse/28120601008"
1222,"Aff. No. :121035
Sch. Code:59154","State : ANDHRA PRADESH
District : PARVATHIPURAM MANYAM",Senior Secondary Level,"Name : GTWAHS HADDABHANGI
Head/Principal Name: B UMAVANI","Address : HADDUBANGI, SEETHAMPETA
Website : https://nadunedu.se.ap.gov.in/cbse/cbse/28111304507"
1223,"Aff. No. :121081
Sch. Code:59200","State : ANDHRA PRADESH
District : TIRUPATI",Senior Secondary Level,"Name : ZPHS VENKATAGIRI
Head/Principal Name: DASARI VANEMMA","Address : ZPHS VENKATAGIRI, VENKATAGIRI
Website : https://nadunedu.se.ap.gov.in/cbse/cbse/28193504209"
1224,"Aff. No. :121063
Sch. Code:59182","State : ANDHRA PRADESH
District : TIRUPATI",Senior Secondary Level,"Name : APTW RESIDENTIAL SCHOOL GOTTIPROLU
Head/Principal Name: P RAVEENDRAIAH","Address : GOTTIPROLU , GOTTIPROLU
Website : https://nadunedu.se.ap.gov.in/cbse/cbse/28194203305"
1225,"Aff. No. :121065
Sch. Code:59184","State : ANDHRA PRADESH
District : TIRUPATI",Senior Secondary Level,"Name : APSWR SCHOOL NAIDUEPTA
Head/Principal Name: V MALLIKHARJUNA","Address : NAIDUPETA, NAIDUPETA
Website : https://nadunedu.se.ap.gov.in/cbse/cbse/28194202230"
1226,"Aff. No. :120996
Sch. Code:59115","State : ANDHRA PRADESH
District : TIRUPATI",Senior Secondary Level,"Name : APTWRS TGPO COLONYGIRLS
Head/Principal Name: M SESHAGIRI","Address : TELUGUGANGA COLONY, SRIKALAHASTHI , SRIKALAHASTHI
Website : https://nadunedu.se.ap.gov.in/cbse/cbse/28231491164"
1227,"Aff. No. :120997
Sch. Code:59116","State : ANDHRA PRADESH
District : TIRUPATI",Senior Secondary Level,"Name : A D RURAL PAVERTY PUDURU
Head/Principal Name: K RUTH RAMOLA","Address : JUVVALAPALEM POST, NAIDUPETA MANDAL
Website : https://nadunedu.se.ap.gov.in/cbse/cbse/28194202507"
1228,"Aff. No. :120998
Sch. Code:59117","State : ANDHRA PRADESH
District : TIRUPATI",Senior Secondary Level,"Name : ZPHS PALLAM
Head/Principal Name: T ANAND","Address : PALLAM, PALLAM
Website : https://nadunedu.se.ap.gov.in/cbse/cbse/28231300105"
1229,"Aff. No. :121105
Sch. Code:59231","State : ANDHRA PRADESH
District : TIRUPATI",Senior Secondary Level,"Name : APSWRS G.K.PURAMGIRLS
Head/Principal Name: B Sumithra Devi","Address : THOTUT POST, PUTTUR MANDAL
Website : https://nadunedu.se.ap.gov.in/cbse/cbse/28234400411"
1230,"Aff. No. :121094
Sch. Code:59220","State : ANDHRA PRADESH
District : TIRUPATI",Senior Secondary Level,"Name : APSWR SCHOOL JR C KOTA
Head/Principal Name: VENKATESWARLU","Address : NEAR CURRENT OFFICE, KOTA
Website : https://nadunedu.se.ap.gov.in/cbse/cbse/28193901221"
1231,"Aff. No. :120797
Sch. Code:58859","State : ANDHRA PRADESH
District : TIRUPATI",Senior Secondary Level,"Name : APMS TADA
Head/Principal Name: KOPPOLU SOWJANYA","Address : TADA KANDRIGA, TADA KANDRIGA
Website : https://nadunedu.se.ap.gov.in/cbse/cbse/28194601711"
1232,"Aff. No. :120780
Sch. Code:58842","State : ANDHRA PRADESH
District : TIRUPATI",Senior Secondary Level,"Name : KGBV TADA
Head/Principal Name: M Sreedevi","Address : TADA KANDRIGA, TADA KANDRIGA
Website : https://nadunedu.se.ap.gov.in/cbse/cbse/28194601605"
1233,"Aff. No. :120907
Sch. Code:58969","State : ANDHRA PRADESH
District : TIRUPATI",Senior Secondary Level,"Name : APSWRS CHILLAKUR
Head/Principal Name: N MEERA SAHEB","Address : CHILLAKUR, CHILLAKUR
Website : https://nadunedu.se.ap.gov.in/cbse/cbse/28193800106"
1234,"Aff. No. :120889
Sch. Code:58951","State : ANDHRA PRADESH
District : TIRUPATI",Senior Secondary Level,"Name : MJPAPBCWRS SATHYAVEDUBOYS
Head/Principal Name: N SREENIVASULU","Address : NEAR GOVERNMENT DEGREE COLLEGE, V.R.KAND, SATHYAVEDU
Website : https://nadunedu.se.ap.gov.in/cbse/cbse/28231802003"
1235,"Aff. No. :120917
Sch. Code:58979","State : ANDHRA PRADESH
District : TIRUPATI",Senior Secondary Level,"Name : APRS PERIYAVARAM
Head/Principal Name: MALLAMPATI RAJANI","Address : PERIYAVARAM, VENKATAGIRI
Website : https://nadunedu.se.ap.gov.in/cbse/cbse/28193504210"
1236,"Aff. No. :120925
Sch. Code:58987","State : ANDHRA PRADESH
District : TIRUPATI",Senior Secondary Level,"Name : MJPAPBCWRS JR COLLEGE YEKOLLU
Head/Principal Name: M THIRUPATHAIAH","Address : YEKOLLU, DORAVARISATRAM
Website : https://nadunedu.se.ap.gov.in/cbse/cbse/28194401709"
1237,"Aff. No. :120942
Sch. Code:59061","State : ANDHRA PRADESH
District : TIRUPATI",Senior Secondary Level,"Name : MJPAPBCWRSCHOOL BOYS KOTA
Head/Principal Name: K NARAYANA RAO","Address : OPOSIT MALLIKA LIFE LINE, KOTA
Website : https://nadunedu.se.ap.gov.in/cbse/cbse/28193901220"
1238,"Aff. No. :120841
Sch. Code:58903","State : ANDHRA PRADESH
District : TIRUPATI",Senior Secondary Level,"Name : A P S W RESIDENTIAL SCHOOL SULLURPETA
Head/Principal Name: PERAMSETTY GURUPRASUNA","Address : NEAR BY DEGREE COLLEGE, SULLURPET
Website : https://nadunedu.se.ap.gov.in/cbse/cbse/28194501324"
1239,"Aff. No. :120813
Sch. Code:58875","State : ANDHRA PRADESH
District : TIRUPATI",Senior Secondary Level,"Name : APRS CHILLAMANCHENU
Head/Principal Name: K ANATHAIAH","Address : CHILLAMANUCHENU, OZILI MANDAL
Website : https://nadunedu.se.ap.gov.in/cbse/cbse/28193702205"
1240,"Aff. No. :120847
Sch. Code:58909","State : ANDHRA PRADESH
District : TIRUPATI",Senior Secondary Level,"Name : APTWRS PADMAVATHI NAGARBOYS
Head/Principal Name: C HARI BABU","Address : PADMAVATHI NAGAR,NEAR BALAJI HOSPITAL,AI, RENIGUNTA
Website : https://nadunedu.se.ap.gov.in/cbse/cbse/28231201902"
1241,"Aff. No. :120867
Sch. Code:58929","State : ANDHRA PRADESH
District : TIRUPATI",Senior Secondary Level,"Name : ZPHS B.N.KANDRIGA
Head/Principal Name: K RAMANAIAH","Address : B.N.KANDRIGA, B.N.KANDRIGA
Website : https://nadunedu.se.ap.gov.in/cbse/cbse/28231601509"
1242,"Aff. No. :120547
Sch. Code:58608","State : ANDHRA PRADESH
District : TIRUPATI",Senior Secondary Level,"Name : KGBV VENKATAGIRI
Head/Principal Name: SHAIK SHAHINA BANU","Address : VALLIVEDU, VENKATAGIRI
Website : https://nadunedu.se.ap.gov.in/cbse/cbse/28193590532"
1243,"Aff. No. :120595
Sch. Code:58656","State : ANDHRA PRADESH
District : TIRUPATI",Senior Secondary Level,"Name : APSWRS KASAGARDENGIRLS
Head/Principal Name: S Sridevi","Address : APSWR SCHOOL (G), KASAGARDEN, SRIKALAHAS, APSWR SCHOOL (G), KASAGARDEN, SRIKALAHAS
Website : https://nadunedu.se.ap.gov.in/cbse/cbse/28231491163"
1244,"Aff. No. :120279
Sch. Code:58340","State : ANDHRA PRADESH
District : TIRUPATI",Senior Secondary Level,"Name : ZPHS TIRUCHANUR
Head/Principal Name: M MURALI","Address : TIRUCHANUR, TIRUCHANUR
Website : https://nadunedu.se.ap.gov.in/cbse/cbse/28232691225"
1245,"Aff. No. :120277
Sch. Code:58338","State : ANDHRA PRADESH
District : TIRUPATI",Senior Secondary Level,"Name : ZPHS S.N.PURAM
Head/Principal Name: RAMA DEVI","Address : SN PURAM, TIRUPATI
Website : https://nadunedu.se.ap.gov.in/cbse/cbse/28231190117"
1246,"Aff. No. :120330
Sch. Code:58391","State : ANDHRA PRADESH
District : TIRUPATI",Senior Secondary Level,"Name : KGBV YERRAVARIPALEM
Head/Principal Name: KGBV YERRAVARIPALEM","Address : YERRAVARIPALEM (V& M), NEAR BHAKARAPETA,, YERRAVARIPALEM (V& M), NEAR BHAKARAPETA,
Website : https://nadunedu.se.ap.gov.in/cbse/cbse/28231000809"
1247,"Aff. No. :120360
Sch. Code:58421","State : ANDHRA PRADESH
District : TIRUPATI",Senior Secondary Level,"Name : KGBV K.V.B. PURAM
Head/Principal Name: SUKANYA","Address : KVBPURAM(V), KVBPURAM
Website : https://nadunedu.se.ap.gov.in/cbse/cbse/28232302304"
1248,"Aff. No. :120361
Sch. Code:58422","State : ANDHRA PRADESH
District : TIRUPATI",Senior Secondary Level,"Name : KGBV DORAVARISATRAM
Head/Principal Name: B PARVATHI","Address : YEKOLLU ROAD, DORAVARISATRAM
Website : https://nadunedu.se.ap.gov.in/cbse/cbse/28194401713"
1249,"Aff. No. :120017
Sch. Code:59371","State : ANDHRA PRADESH
District : TIRUPATI",Senior Secondary Level,"Name : EKLAVYA MODEL RESIDENTIAL SCHOOL
Head/Principal Name: DHARMENDRA KUMAR SINGH","Address : (CO-EDN.) KANAMANAMBEDU (V), BUCHI NAIDU KANDRIGA (M), CHITTO DIST, ANDHRA PRADESH-517645
Website : https://emrsbnkandriga.org.in"
1250,"Aff. No. :120221
Sch. Code:58282","State : ANDHRA PRADESH
District : TIRUPATI",Senior Secondary Level,"Name : APMS K.V.B.PURAM
Head/Principal Name: P MOHAN REDDI","Address : OPPOSITE TO PHC KVB PURAM, KVB PURAM MANDAL
Website : https://nadunedu.se.ap.gov.in/cbse/cbse/28232302306"
1251,"Aff. No. :120193
Sch. Code:58254","State : ANDHRA PRADESH
District : TIRUPATI",Senior Secondary Level,"Name : AP MODEL SCHOOLVENKATAGIRI
Head/Principal Name: D TULASI JYOTHI","Address : PERIYAVARAM, VENKATAGIRI
Website : https://nadunedu.se.ap.gov.in/cbse/cbse/28193504214"
1252,"Aff. No. :120188
Sch. Code:58249","State : ANDHRA PRADESH
District : TIRUPATI",Senior Secondary Level,"Name : AP MODEL SCHOOLMAVILLAPADU
Head/Principal Name: CH SUMALATHA","Address : MAVILLPADU RAOD, DORAVARISATRAM
Website : https://nadunedu.se.ap.gov.in/cbse/cbse/28194402802"
1253,"Aff. No. :130788
Sch. Code:57283","State : ANDHRA PRADESH
District : TIRUPATI",Secondary Level,"Name : BGS VIJNATHAM SCHOOL
Head/Principal Name: SARITHA ARABBI","Address : SY NO 257/1, 257/2 ETC, KURUKALVA VILLAGE, RENIGUNTA
Website : https://bgsvstirupati.com/"
1254,"Aff. No. :130801
Sch. Code:57372","State : ANDHRA PRADESH
District : TIRUPATI",Secondary Level,"Name : ACCORD EM SCHOOL
Head/Principal Name: SATYA LAKSHMI SIKHARAM","Address : 22ND WARD, NO.9, SRINAGAR COLONY , AKKARAMPALLI, VILLIAGE, TIRUPATI URBAN
Website : https://www.theaccordschool.com/mangalam"
1255,"Aff. No. :130770
Sch. Code:56984","State : ANDHRA PRADESH
District : TIRUPATI",Secondary Level,"Name : SRI VATSAL GURUKUL VIDYALAYA
Head/Principal Name: K SATEESH KUMAR","Address : SY NO 74 NALLAMANIKALVA , KUNTRAPAKAM VILLAGE , TIRUPATHI RURAL
Website : http://WWW.SRIVATSALGURUKULVIDYALAYA.COM"
1256,"Aff. No. :130736
Sch. Code:56673","State : ANDHRA PRADESH
District : TIRUPATI",Secondary Level,"Name : PODAR INTERNATIONAL SCHOOL
Head/Principal Name: KURMA RAO REPAKA","Address : OPPOSITE RPR CONVENTION CENTRE, TIRUCHANOOR-KLM HOSPITAL ROAD, THANDALAM
Website : https://www.podareducation.org/school/tirupati"
1257,"Aff. No. :130808
Sch. Code:23825","State : ANDHRA PRADESH
District : TIRUPATI",Secondary Level,"Name : THINK INFINITY SCHOOL
Head/Principal Name: Chakravarthi Sandeep","Address : BAZAR STREET,PADIPETA VILLAGE&, POST , TIRUPATI RURAL MANDAL, 517503
Website : https://thinkinfinityschool.in/"
1258,"Aff. No. :130827
Sch. Code:23881","State : ANDHRA PRADESH
District : TIRUPATI",Secondary Level,"Name : BHASHYAM BLOOMS EM SCHOOL
Head/Principal Name: POOJA SARAVANAN","Address : SY. NO.106/B1B,105/2B,D.NO 7-220/2B, R C ROAD , AVILALA VILLAGE
Website : https://bhashyambloomstirupati.in/"
1259,"Aff. No. :130837
Sch. Code:23919","State : ANDHRA PRADESH
District : TIRUPATI",Secondary Level,"Name : ACADEMIC HEIGHTS EM HIGH SCHOOL
Head/Principal Name: S NANDANA","Address : SY.NO.201/1 AFTER SUBDIVISION 210/1B2, PUDIPATLA VILLAGE, PERUMALLAPALLI GP, TIRUPATHI
Website : https://ahpstirupati.com/"
1260,"Aff. No. :130833
Sch. Code:23909","State : ANDHRA PRADESH
District : TIRUPATI",Secondary Level,"Name : CHAMPION VIDYALAYA
Head/Principal Name: P JAYACHANDRA","Address : NEAR TOWER, KADALURU VILLAGE, TADA MANDAL
Website : https://championvidyalaya.in"
1261,"Aff. No. :130724
Sch. Code:56616","State : ANDHRA PRADESH
District : TIRUPATI",Secondary Level,"Name : ACCORD SCHOOL
Head/Principal Name: Brindha Thiagarajan","Address : CHITTOOR, BESIDE IIIT CAMPUS
Website : www.accordschoolsricity.com/"
1262,"Aff. No. :120015
Sch. Code:59354","State : ANDHRA PRADESH
District : ALLURI SITHARAMA RAJU",Senior Secondary Level,"Name : EKALAVYA MODEL RESIDENTIAL SCHOOL
Head/Principal Name: DR. SUMAN KUMAR SINGH","Address : VISAKHAPATNAM, DUMBRI, GUDA AT ARAKU VALLEY, ANDHRA PRADESH-531149
Website : https://twreis.apcfss.in/emrs-dumbriguda.edu"
1263,"Aff. No. :120338
Sch. Code:58399","State : ANDHRA PRADESH
District : ALLURI SITHARAMA RAJU",Senior Secondary Level,"Name : KGBV BHADRACHALAM
Head/Principal Name: Payam Kistamma","Address : YETAPAKA, YETAPAKA
Website : https://nadunedu.se.ap.gov.in/cbse/cbse/28146403118"
1264,"Aff. No. :120598
Sch. Code:58659","State : ANDHRA PRADESH
District : ALLURI SITHARAMA RAJU",Senior Secondary Level,"Name : KGBV KILAGADA
Head/Principal Name: KGBV","Address : KILAGADA VI, KILAGADAVI
Website : https://nadunedu.se.ap.gov.in/cbse/cbse/28130115706"
1265,"Aff. No. :120530
Sch. Code:58591","State : ANDHRA PRADESH
District : ALLURI SITHARAMA RAJU",Senior Secondary Level,"Name : KGBV IRLAPALLI
Head/Principal Name: KATAKAM V V NAGA SANTOSHI","Address : POWER STATION, RAJAMUNDRY
Website : https://nadunedu.se.ap.gov.in/cbse/cbse/28141305603"
1266,"Aff. No. :120669
Sch. Code:58731","State : ANDHRA PRADESH
District : ALLURI SITHARAMA RAJU",Senior Secondary Level,"Name : KGBV DUMBRIGUDA
Head/Principal Name: V SUJATHA","Address : DUMBRIGUDA, DUMBRIGUDA
Website : https://nadunedu.se.ap.gov.in/cbse/cbse/28130404607"
1267,"Aff. No. :120605
Sch. Code:58666","State : ANDHRA PRADESH
District : ALLURI SITHARAMA RAJU",Senior Secondary Level,"Name : APTWRS MAREDUMILLI
Head/Principal Name: SINGULURI SATYAVENI","Address : BHADRACHALAM ROAD, MAREDUMILLI
Website : https://nadunedu.se.ap.gov.in/cbse/cbse/28140104905"
1268,"Aff. No. :120614
Sch. Code:58675","State : ANDHRA PRADESH
District : ALLURI SITHARAMA RAJU",Senior Secondary Level,"Name : APTWRSB PEDABAYALU
Head/Principal Name: DALAI SURYA SANKARA RAO","Address : PEDABAYALU, PEDABAYALU MANDAL
Website : https://nadunedu.se.ap.gov.in/cbse/cbse/28130202705"
1269,"Aff. No. :120627
Sch. Code:58688","State : ANDHRA PRADESH
District : ALLURI SITHARAMA RAJU",Senior Secondary Level,"Name : KGBV REKAPALLI
Head/Principal Name: PENUBALLI VENKAMMA","Address : REKHAPALLI, VRPURAM
Website : https://nadunedu.se.ap.gov.in/cbse/cbse/28146103905"
1270,"Aff. No. :120468
Sch. Code:58529","State : ANDHRA PRADESH
District : ALLURI SITHARAMA RAJU",Senior Secondary Level,"Name : KGBV HUKUMPETA
Head/Principal Name: N JAYAPRADA","Address : HUKUMPETA, HUKUMPETA
Website : https://nadunedu.se.ap.gov.in/cbse/cbse/28130307404"
1271,"Aff. No. :120469
Sch. Code:58530","State : ANDHRA PRADESH
District : ALLURI SITHARAMA RAJU",Senior Secondary Level,"Name : APTWR SPORTS SCHOOL
Head/Principal Name: P SATYANARAYANA MURTY","Address : ARAKUVALLEY, ARAKUVALLEY MANDAL, , ARAKUVALLEY, ARAKUVALLEY MANDAL,
Website : https://nadunedu.se.ap.gov.in/cbse/cbse/28130506703"
1272,"Aff. No. :120476
Sch. Code:58537","State : ANDHRA PRADESH
District : ALLURI SITHARAMA RAJU",Senior Secondary Level,"Name : KGBV YENDAPALLI VALASA
Head/Principal Name: ARMA BUJJESWARI","Address : YANDAPALLIVALSA ARAKUVALLEY, YANDAPALLIVALSA, ARAKUVALLEY, VISAKHAPAT
Website : https://nadunedu.se.ap.gov.in/cbse/cbse/28130590512"
1273,"Aff. No. :120477
Sch. Code:58538","State : ANDHRA PRADESH
District : ALLURI SITHARAMA RAJU",Senior Secondary Level,"Name : GAHS IRLAPALLI
Head/Principal Name: S RAJESWARI","Address : GAHS IRLAPALLI RAMPACHODAVARAM, GAHS IRLAPALLI RAMPACHODAVARAM
Website : https://nadunedu.se.ap.gov.in/cbse/cbse/28141305602"
1274,"Aff. No. :120511
Sch. Code:58572","State : ANDHRA PRADESH
District : ALLURI SITHARAMA RAJU",Senior Secondary Level,"Name : KGBV LAGISHAPALLI
Head/Principal Name: N CHANDRAKALA","Address : PADERU, VISAKHAPATNAM
Website : https://nadunedu.se.ap.gov.in/cbse/cbse/28131003502"
1275,"Aff. No. :120528
Sch. Code:58589","State : ANDHRA PRADESH
District : ALLURI SITHARAMA RAJU",Senior Secondary Level,"Name : KGBV CHINTOOR
Head/Principal Name: DEVARAPALLI RAMADEVI","Address : CHINTOOR, CHINTOOR
Website : https://nadunedu.se.ap.gov.in/cbse/cbse/28146205320"
1276,"Aff. No. :120418
Sch. Code:58479","State : ANDHRA PRADESH
District : ALLURI SITHARAMA RAJU",Senior Secondary Level,"Name : APSWRS RAMPACHODAVARAM
Head/Principal Name: SHAIK AHAMED ALISHA","Address : RAMPACHODAVARAM, RAMPACHODAVARAM
Website : https://nadunedu.se.ap.gov.in/cbse/cbse/28141391111"
1277,"Aff. No. :120415
Sch. Code:58476","State : ANDHRA PRADESH
District : ALLURI SITHARAMA RAJU",Senior Secondary Level,"Name : KGBV KUNAVARAM
Head/Principal Name: SWARAJYAM","Address : KGBV-KUNAVARAM, KOTHULAGUTTA (VI), KUNAV, KUNAVARAM
Website : https://nadunedu.se.ap.gov.in/cbse/cbse/28146304611"
1278,"Aff. No. :120396
Sch. Code:58457","State : ANDHRA PRADESH
District : ALLURI SITHARAMA RAJU",Senior Secondary Level,"Name : KGBV MAREDUMILLI
Head/Principal Name: MAYURI LAXMI","Address : MAREDUMILLI VILLEGE , RAJAMUNDRY
Website : https://nadunedu.se.ap.gov.in/cbse/cbse/28140104906"
1279,"Aff. No. :120432
Sch. Code:58493","State : ANDHRA PRADESH
District : ALLURI SITHARAMA RAJU",Senior Secondary Level,"Name : ZPHS RAJAVOMMANGI
Head/Principal Name: DOMMETI VENKATA GOPALA KRISHNA","Address : BESIDE POST OFFICE, RAJAVOMMANGI
Website : https://nadunedu.se.ap.gov.in/cbse/cbse/28140402611"
1280,"Aff. No. :120853
Sch. Code:58915","State : ANDHRA PRADESH
District : ALLURI SITHARAMA RAJU",Senior Secondary Level,"Name : APTWRSB G.MADUGULA
Head/Principal Name: J VENUPRASADA RAO","Address : GANGARAJU MADUGULA , G MADUGULA
Website : https://nadunedu.se.ap.gov.in/cbse/cbse/28131112305"
1281,"Aff. No. :120829
Sch. Code:58891","State : ANDHRA PRADESH
District : ALLURI SITHARAMA RAJU",Senior Secondary Level,"Name : APTWRS ADDATEEGALA
Head/Principal Name: K V HARANADHA RAO","Address : NEAR MADDIGADDA, ADDATEEGALA
Website : https://nadunedu.se.ap.gov.in/cbse/cbse/28140306106"
1282,"Aff. No. :120802
Sch. Code:58864","State : ANDHRA PRADESH
District : ALLURI SITHARAMA RAJU",Senior Secondary Level,"Name : KGBV G.M .KOTHURU
Head/Principal Name: JALLI PARVATHI","Address : G.M.KOTHURU VILLAGE , G.MADUGULA
Website : https://nadunedu.se.ap.gov.in/cbse/cbse/28131112202"
1283,"Aff. No. :120806
Sch. Code:58868","State : ANDHRA PRADESH
District : ALLURI SITHARAMA RAJU",Senior Secondary Level,"Name : APTWRSG ARAKUVALLEY
Head/Principal Name: POLA VENKATI NAIDU","Address : YENDAPALIVASALASA, RS ARAKUVALLEY, YENDAPALIVASALASA,
Website : https://nadunedu.se.ap.gov.in/cbse/cbse/28130507503"
1284,"Aff. No. :120799
Sch. Code:58861","State : ANDHRA PRADESH
District : ALLURI SITHARAMA RAJU",Senior Secondary Level,"Name : APTWRS SEETHAPALLI
Head/Principal Name: MVLG PARVATHI","Address : BORNAGUDAM, RAMPA CHODAVARAM
Website : https://nadunedu.se.ap.gov.in/cbse/cbse/28141303611"
1285,"Aff. No. :120784
Sch. Code:58846","State : ANDHRA PRADESH
District : ALLURI SITHARAMA RAJU",Senior Secondary Level,"Name : KGBV SCHOOL
Head/Principal Name: M USHA","Address : APR JUNIOR COLLEGE(G), DERALA
Website : https://nadunedu.se.ap.gov.in/cbse/cbse/28131306709"
1286,"Aff. No. :120793
Sch. Code:58855","State : ANDHRA PRADESH
District : ALLURI SITHARAMA RAJU",Senior Secondary Level,"Name : APTWRSB ARAKUVALLEY
Head/Principal Name: CHANDAKA VENKATARAMANA","Address : ARAKU VALLEY, AREA HOSPITAL, ARAKU VALLY
Website : https://nadunedu.se.ap.gov.in/cbse/cbse/28130590509"
1287,"Aff. No. :120782
Sch. Code:58844","State : ANDHRA PRADESH
District : ALLURI SITHARAMA RAJU",Senior Secondary Level,"Name : KGBV NELLIPUDI
Head/Principal Name: K PADMAVATHI","Address : NEAR, ABHS, TEKULAVEEDI, KOTHADA, GANGAV, KGBV, NELIPUDI, GANGAVARAM (A)
Website : https://nadunedu.se.ap.gov.in/cbse/cbse/28141203808"
1288,"Aff. No. :120748
Sch. Code:58810","State : ANDHRA PRADESH
District : ALLURI SITHARAMA RAJU",Senior Secondary Level,"Name : GAHS MUSURUMILLI
Head/Principal Name: K R P KUMAR","Address : NEAR BORNAGUDEM , RAMPACHODAVARAM
Website : https://nadunedu.se.ap.gov.in/cbse/cbse/28141306402"
1289,"Aff. No. :120772
Sch. Code:58834","State : ANDHRA PRADESH
District : ALLURI SITHARAMA RAJU",Senior Secondary Level,"Name : KGBV KOYYURU
Head/Principal Name: S SANTHI KUMARI","Address : KGBV KOYYURU , RURAL
Website : https://nadunedu.se.ap.gov.in/cbse/cbse/28131404007"
1290,"Aff. No. :120673
Sch. Code:58735","State : ANDHRA PRADESH
District : ALLURI SITHARAMA RAJU",Senior Secondary Level,"Name : APTWRS G RAJAVOMMANGI
Head/Principal Name: SUBRAHMANYAM VASA","Address : APTWR SCHOOL (GIRLS), RAJAVOMMANGI, RAJAVOMMANGI
Website : https://nadunedu.se.ap.gov.in/cbse/cbse/28140402613"
1291,"Aff. No. :121149
Sch. Code:59281","State : ANDHRA PRADESH
District : ALLURI SITHARAMA RAJU",Senior Secondary Level,"Name : GTW ASHRAM SCHOOLG SRIKRISHNAPURAMPADERU
Head/Principal Name: M MANJULA","Address : NEAR ST ANN'S SCHOOL , PADERU , PADERU
Website : https://nadunedu.se.ap.gov.in/cbse/cbse/28131003707"
1292,"Aff. No. :121382
Sch. Code:59599","State : ANDHRA PRADESH
District : ALLURI SITHARAMA RAJU",Senior Secondary Level,"Name : EKALAVYA MODEL RESIDENTIAL SCHOOL (COED)
Head/Principal Name: ARUN PUROHIT","Address : VETAMAMIDI, ADDATEEGALA
Website : https://twreis.apcfss.in/aptwremrsco-edu-addateegala.edu"
1293,"Aff. No. :121383
Sch. Code:59601","State : ANDHRA PRADESH
District : ALLURI SITHARAMA RAJU",Senior Secondary Level,"Name : EKLAVYA MODEL RESIDENTIAL( CO- ED) SCHOOL PADERU
Head/Principal Name: D SRINIVASA RAO","Address : PADERU, PADERU
Website : https://emrschintalaveedhi.org.in/"
1294,"Aff. No. :121384
Sch. Code:59602","State : ANDHRA PRADESH
District : ALLURI SITHARAMA RAJU",Senior Secondary Level,"Name : EKALAVYA MODEL RESIDENTIAL SCHOOL
Head/Principal Name: DEVENDRA SHARMA","Address : GEDDADA, RAMPACHODAVARAM
Website : www.emrsrcvaram.org.in"
1295,"Aff. No. :121015
Sch. Code:59134","State : ANDHRA PRADESH
District : ALLURI SITHARAMA RAJU",Senior Secondary Level,"Name : APTWRS CHINTOOR
Head/Principal Name: K Subrahmanyam","Address : CHINTOOR, CHINTOOR
Website : https://nadunedu.se.ap.gov.in/cbse/cbse/28146205310"
1296,"Aff. No. :120954
Sch. Code:59073","State : ANDHRA PRADESH
District : ALLURI SITHARAMA RAJU",Senior Secondary Level,"Name : APTWRSB U.SILERU
Head/Principal Name: APTWRSBOYS SILERU","Address : GUDEM KOTHA VEEDI,UPPER SILERU, UPPER SILERU
Website : https://nadunedu.se.ap.gov.in/cbse/cbse/28131390704"
1297,"Aff. No. :121067
Sch. Code:59186","State : ANDHRA PRADESH
District : ALLURI SITHARAMA RAJU",Senior Secondary Level,"Name : A.P.T.W.R.SCHOOL(B)
Head/Principal Name: T V M MOHAN","Address : A.P.T.W.R.SCHOOL (B), KOYYURU , , ALLURI SEETHARAMARAJU DISTRICT.
Website : https://nadunedu.se.ap.gov.in/cbse/cbse/28131404005"
1298,"Aff. No. :121020
Sch. Code:59139","State : ANDHRA PRADESH
District : ALLURI SITHARAMA RAJU",Senior Secondary Level,"Name : KGBV CHAVITIDIBBALU
Head/Principal Name: KVV LAKSHMI","Address : THOTAKURAPALEM, Y RAMAVARAM
Website : https://nadunedu.se.ap.gov.in/cbse/cbse/28140211703"
1299,"Aff. No. :121047
Sch. Code:59166","State : ANDHRA PRADESH
District : ALLURI SITHARAMA RAJU",Senior Secondary Level,"Name : KGBV PEDABAYULU
Head/Principal Name: RASA RAMANAMMA","Address : PEDABAYALU VILLAGE@ MANDAL, ASR(PADERU) DIST
Website : https://nadunedu.se.ap.gov.in/cbse/cbse/28130202713"
1300,"Aff. No. :3640010
Sch. Code:59347","State : ANDHRA PRADESH
District : ALLURI SITHARAMA RAJU",Senior Secondary Level,"Name : JAWAHAR NAVODAYA VIDYALAYA II
Head/Principal Name: K T PRASAD","Address : VIA. GMR POLYTECHNIQUE, VIII. & MANDAL: YETAPAKA, SARAPAKA POST, EAST GODAVARI DIST. ANDHRA PRADESH- 507128
Website : https://www.navodaya.gov.in/nvs/nvs-school/EASTGODAVARI-2/en"
1301,"Aff. No. :121033
Sch. Code:59152","State : ANDHRA PRADESH
District : ANNAMAYYA",Senior Secondary Level,"Name : APSWRS HS ADAPUR
Head/Principal Name: L Madhavi latha","Address : APSWRS JC (G),ADAPUR(V), NANDALUR(M), AN, KADAPA
Website : https://nadunedu.se.ap.gov.in/cbse/cbse/28204001806"
1302,"Aff. No. :121034
Sch. Code:59153","State : ANDHRA PRADESH
District : ANNAMAYYA",Senior Secondary Level,"Name : AP MODEL SCHOOL JUNIOR COLLEGE RAMAPURAM
Head/Principal Name: NANDA SHYAMALA DEVI","Address : NEAR NALAGUTTAPALLI BC COLONY, RAMAPURAM MANDAL
Website : https://nadunedu.se.ap.gov.in/cbse/cbse/28203700914"
1303,"Aff. No. :121084
Sch. Code:59210","State : ANDHRA PRADESH
District : ANNAMAYYA",Senior Secondary Level,"Name : APRS HS MUKKAVARIPALLI
Head/Principal Name: PERISETLA PRASAD","Address : NER NEW MANGAMPETA,KADAPA TIRUPATHI BYPA, NER NEW MANGAMPETA,OBULAVARIPALLI MANDAL
Website : https://nadunedu.se.ap.gov.in/cbse/cbse/28204400910"
1304,"Aff. No. :121073
Sch. Code:59192","State : ANDHRA PRADESH
District : ANNAMAYYA",Senior Secondary Level,"Name : APRS VAYALPADMINORITY GIRLS
Head/Principal Name: bupathi","Address : OPP TO PETROL BUNK TARIGODA RD VAYALPAD, VAYALPAD
Website : https://nadunedu.se.ap.gov.in/cbse/cbse/28233301426"
1305,"Aff. No. :120953
Sch. Code:59072","State : ANDHRA PRADESH
District : ANNAMAYYA",Senior Secondary Level,"Name : K G B V PENAGALUR
Head/Principal Name: M SUCHARITHA","Address : KAMBALAKUNTA, PENAGALUR
Website : https://nadunedu.se.ap.gov.in/cbse/cbse/28204101306"
1306,"Aff. No. :120975
Sch. Code:59094","State : ANDHRA PRADESH
District : ANNAMAYYA",Senior Secondary Level,"Name : MJPAPBCWR SCHOOL GIRLS NANDALUR
Head/Principal Name: B MONIKA","Address : ALLWYN NAGAR, NANDALUR
Website : https://nadunedu.se.ap.gov.in/cbse/cbse/28204001914"
1307,"Aff. No. :120994
Sch. Code:59113","State : ANDHRA PRADESH
District : ANNAMAYYA",Senior Secondary Level,"Name : APTWR SCHOOLBOYS
Head/Principal Name: PSS RAMA MURTHY","Address : BESIDE GOVT. HIGH SCHOOL, MADANAPALLI
Website : https://nadunedu.se.ap.gov.in/cbse/cbse/28233591813"
1308,"Aff. No. :121135
Sch. Code:59267","State : ANDHRA PRADESH
District : ANNAMAYYA",Senior Secondary Level,"Name : APSWRS NG PALLE BOYS
Head/Principal Name: V V Vara Prasad","Address : RAMAPURAM, RAMAPURAM
Website : https://nadunedu.se.ap.gov.in/cbse/cbse/28203700609"
1309,"Aff. No. :121129
Sch. Code:59261","State : ANDHRA PRADESH
District : ANNAMAYYA",Senior Secondary Level,"Name : APSWRS LR PALLE
Head/Principal Name: TATIGUTLA VIJAYA","Address : NEAR ZPHS URDU SCHOOL BACK SIDE, LRPALLI MANDAL
Website : https://nadunedu.se.ap.gov.in/cbse/cbse/28203600530"
1310,"Aff. No. :121113
Sch. Code:59239","State : ANDHRA PRADESH
District : ANNAMAYYA",Senior Secondary Level,"Name : KGBV PULLAMPET
Head/Principal Name: M SUCHARITHA","Address : BEHIND AP MODEL SCHOOL , PULLAMPETA
Website : https://nadunedu.se.ap.gov.in/cbse/cbse/28204500619"
1311,"Aff. No. :120679
Sch. Code:58741","State : ANDHRA PRADESH
District : ANNAMAYYA",Senior Secondary Level,"Name : KGBV JUNIOR COLLEGE VEERABALLE
Head/Principal Name: MADITATI KUSUMA","Address : KKGBV JUNIOR COLLEGE VEERABALLI, VEERABA, KGBV JUNIOR COLLEGE VEERABALLI, VEERABAL
Website : https://nadunedu.se.ap.gov.in/cbse/cbse/28203800522"
1312,"Aff. No. :120701
Sch. Code:58763","State : ANDHRA PRADESH
District : ANNAMAYYA",Senior Secondary Level,"Name : AP MODEL SCHOOL PULLAMPET
Head/Principal Name: E LEELA SRIHARI","Address : PUTTANAVARIPALLI , PULLAMPETA
Website : https://nadunedu.se.ap.gov.in/cbse/cbse/28204500704"
1313,"Aff. No. :120716
Sch. Code:58778","State : ANDHRA PRADESH
District : ANNAMAYYA",Senior Secondary Level,"Name : AP MODEL SCHOOL SAMBEPALLI
Head/Principal Name: C DILEEP KUMAR","Address : SAMBEPALLI, SAMBEPALLI
Website : https://nadunedu.se.ap.gov.in/cbse/cbse/28204700709"
1314,"Aff. No. :120712
Sch. Code:58774","State : ANDHRA PRADESH
District : ANNAMAYYA",Senior Secondary Level,"Name : KGBV HS CHINNAMANDEM
Head/Principal Name: B ARUNAMMA","Address : JALLAVANDLAPALLI,DEVAGUDIPALLI, CHINNAMANDEM
Website : https://nadunedu.se.ap.gov.in/cbse/cbse/28204800726"
1315,"Aff. No. :120721
Sch. Code:58783","State : ANDHRA PRADESH
District : ANNAMAYYA",Senior Secondary Level,"Name : APSWRS MADANAPALLIGIRLSU
Head/Principal Name: M VASUNDARADEVI","Address : NEAR BYPASS ROAD, CHANDRA COLONY, MADANAPALLI
Website : https://nadunedu.se.ap.gov.in/cbse/cbse/28233590594"
1316,"Aff. No. :120755
Sch. Code:58817","State : ANDHRA PRADESH
District : ANNAMAYYA",Senior Secondary Level,"Name : APSWR SCHOOL GIRLS
Head/Principal Name: M KALPANA","Address : VALMIKIPURAM, VAYALPAD
Website : https://nadunedu.se.ap.gov.in/cbse/cbse/28233301433"
1317,"Aff. No. :120827
Sch. Code:58889","State : ANDHRA PRADESH
District : ANNAMAYYA",Senior Secondary Level,"Name : APSWRS BURAKAYALAKOTAGIRLS
Head/Principal Name: CSUBHASHINI","Address : BURAKAYALAKOTA, BURAKAYALAKOTA
Website : https://nadunedu.se.ap.gov.in/cbse/cbse/28230301309"
1318,"Aff. No. :120823
Sch. Code:58885","State : ANDHRA PRADESH
District : ANNAMAYYA",Senior Secondary Level,"Name : A.P.S.W.R.S SANJEEVAPURAM
Head/Principal Name: SHAIK MANSOOR ALI","Address : NEAR KORLAKUNTA CROSS KORLAKUNTA, KORLAKUNTA CROSS,KORLAKUNTA,OBULAVARIPAL
Website : https://nadunedu.se.ap.gov.in/cbse/cbse/28204400911"
1319,"Aff. No. :120918
Sch. Code:58980","State : ANDHRA PRADESH
District : ANNAMAYYA",Senior Secondary Level,"Name : APRS PILERGIRLS
Head/Principal Name: K LOKESWARI","Address : TIRUPATHI ROAD, PILER
Website : https://nadunedu.se.ap.gov.in/cbse/cbse/28233101005"
1320,"Aff. No. :120914
Sch. Code:58976","State : ANDHRA PRADESH
District : ANNAMAYYA",Senior Secondary Level,"Name : APRS GYARAMPALLIBOYS
Head/Principal Name: S V V S BRAHMAJEE","Address : G.KOTHAPALLI, PILER
Website : https://nadunedu.se.ap.gov.in/cbse/cbse/28230902108"
1321,"Aff. No. :120425
Sch. Code:58486","State : ANDHRA PRADESH
District : ANNAMAYYA",Senior Secondary Level,"Name : APMS MULAKALACHERUVU
Head/Principal Name: POPUDESU KAVITHA","Address : KADIRI ROAD,NEAR CHECK POST,MULAKALACHER, MULAKALACHERUVU-517390
Website : https://nadunedu.se.ap.gov.in/cbse/cbse/28230300624"
1322,"Aff. No. :120423
Sch. Code:58484","State : ANDHRA PRADESH
District : ANNAMAYYA",Senior Secondary Level,"Name : KGBV DINNIPALLI RAMASAMUDRAMMANDAL
Head/Principal Name: PATHAN MASTHAN BEE","Address : DINNEPALLI, RAMASAMUDRAM
Website : https://nadunedu.se.ap.gov.in/cbse/cbse/28233600408"
1323,"Aff. No. :120447
Sch. Code:58508","State : ANDHRA PRADESH
District : ANNAMAYYA",Senior Secondary Level,"Name : AP MODEL SCHOOL L R PALLI
Head/Principal Name: NEELI REKHA","Address : LAKKIREDDIAPALLI MANDAL, LAKKIREDDIPALLI
Website : https://nadunedu.se.ap.gov.in/cbse/cbse/28203600549"
1324,"Aff. No. :120455
Sch. Code:58516","State : ANDHRA PRADESH
District : ANNAMAYYA",Senior Secondary Level,"Name : KGBV THAMBALLAPALLE
Head/Principal Name: N S SREEMATHI","Address : NEAR GOLLAVALLAVARIPALLI, THAMBALLAPALLI, PEDDAMANDYAM ROAD
Website : https://nadunedu.se.ap.gov.in/cbse/cbse/28230200817"
1325,"Aff. No. :120394
Sch. Code:58455","State : ANDHRA PRADESH
District : ANNAMAYYA",Senior Secondary Level,"Name : KGBV KALAKADA
Head/Principal Name: A ANITHA","Address : KOTHAPALLI,KALAKADA , KALAKADA
Website : https://nadunedu.se.ap.gov.in/cbse/cbse/28230801543"
1326,"Aff. No. :120495
Sch. Code:58556","State : ANDHRA PRADESH
District : ANNAMAYYA",Senior Secondary Level,"Name : KGBV SIDDAVARAM PEDDAMANDYAMMANDAL
Head/Principal Name: P RANI KUMARI","Address : SIDDAVARAM, SIDDAVARAM
Website : https://nadunedu.se.ap.gov.in/cbse/cbse/28230100706"
1327,"Aff. No. :120489
Sch. Code:58550","State : ANDHRA PRADESH
District : ANNAMAYYA",Senior Secondary Level,"Name : KGBV MOLAKALACHERUVU
Head/Principal Name: SSILPA","Address : KADHIRINADHUNIKOTA ROAD, MULAKALACHERUVU
Website : https://nadunedu.se.ap.gov.in/cbse/cbse/28230300619"
1328,"Aff. No. :120482
Sch. Code:58543","State : ANDHRA PRADESH
District : ANNAMAYYA",Senior Secondary Level,"Name : KGBV PTM
Head/Principal Name: D SAILAJA","Address : ANKKI REDDY GARI PALLI ROAD, PTM
Website : https://nadunedu.se.ap.gov.in/cbse/cbse/28230401012"
1329,"Aff. No. :120615
Sch. Code:58676","State : ANDHRA PRADESH
District : ANNAMAYYA",Senior Secondary Level,"Name : KGBVS SAMBEPALLIE
Head/Principal Name: P PADMAVATHI","Address : NARAYANAREDDYPALLI, SAMBEPALLI
Website : https://nadunedu.se.ap.gov.in/cbse/cbse/28204700705"
1330,"Aff. No. :120655
Sch. Code:58717","State : ANDHRA PRADESH
District : ANNAMAYYA",Senior Secondary Level,"Name : AP MODEL SCHOOL PENAGALUR
Head/Principal Name: S SAHAJA BLESSI","Address : BESIDE GOVERNMENT JR COLLEGE PENAGALUR, PENAGALUR
Website : https://nadunedu.se.ap.gov.in/cbse/cbse/28204100812"
1331,"Aff. No. :120536
Sch. Code:58597","State : ANDHRA PRADESH
District : ANNAMAYYA",Senior Secondary Level,"Name : KGBVS RAMAPURAM
Head/Principal Name: GAJJA PUSHPALATHA","Address : GANGANER CROSS, RAMAPURAM , RAYACHOTY
Website : https://nadunedu.se.ap.gov.in/cbse/cbse/28203700613"
1332,"Aff. No. :120557
Sch. Code:58618","State : ANDHRA PRADESH
District : ANNAMAYYA",Senior Secondary Level,"Name : KGBV HS RAYACHOTY
Head/Principal Name: R SASIKALA","Address : SIBYALA, RAYACHOTY
Website : https://nadunedu.se.ap.gov.in/cbse/cbse/28204991607"
1333,"Aff. No. :120340
Sch. Code:58401","State : ANDHRA PRADESH
District : ANNAMAYYA",Senior Secondary Level,"Name : KGBV NIMMANAPALLE
Head/Principal Name: M MUNIVENKATAMMA","Address : MUSTTOOR, NIMMANAPALLE
Website : https://nadunedu.se.ap.gov.in/cbse/cbse/28233400816"
1334,"Aff. No. :120319
Sch. Code:58380","State : ANDHRA PRADESH
District : ANNAMAYYA",Senior Secondary Level,"Name : APMS KALAKADA
Head/Principal Name: KAMULURI MALAMSHA","Address : NEAR TOMATO MARKET , KALAKADA
Website : https://nadunedu.se.ap.gov.in/cbse/cbse/28230801548"
1335,"Aff. No. :120314
Sch. Code:58375","State : ANDHRA PRADESH
District : ANNAMAYYA",Senior Secondary Level,"Name : AP MODEL SCHOOL CHINNAMANDEM
Head/Principal Name: V RAMESH","Address : CHINNAMANDEM, RAYACHOTY
Website : https://nadunedu.se.ap.gov.in/cbse/cbse/28204800730"
1336,"Aff. No. :120310
Sch. Code:58371","State : ANDHRA PRADESH
District : ANNAMAYYA",Senior Secondary Level,"Name : APMS DINNEPALLE
Head/Principal Name: M MUNUSWAMY NAICK","Address : NEAR DINNEPALLI, RAMASAMUDRAM
Website : https://nadunedu.se.ap.gov.in/cbse/cbse/28233601006"
1337,"Aff. No. :120281
Sch. Code:58342","State : ANDHRA PRADESH
District : ANNAMAYYA",Senior Secondary Level,"Name : APMS REDDIVARIPALLE
Head/Principal Name: K S N MURTHY","Address : NIMMANAPALLI MANDAL , CHITTOOR DISTRICT
Website : https://nadunedu.se.ap.gov.in/cbse/cbse/28233400312"
1338,"Aff. No. :120300
Sch. Code:58361","State : ANDHRA PRADESH
District : ANNAMAYYA",Senior Secondary Level,"Name : ZPHS CHEMBAKUR
Head/Principal Name: BANDRA VISHNUPRIYA","Address : CHEMBAKUR , RAMASAMUDRAM MANDAL
Website : https://nadunedu.se.ap.gov.in/cbse/cbse/28233600107"
1339,"Aff. No. :120305
Sch. Code:58366","State : ANDHRA PRADESH
District : ANNAMAYYA",Senior Secondary Level,"Name : KGBV GALIVEEDU
Head/Principal Name: Devasetty Sowjannya","Address : GALIVEEDU, KADAPA
Website : https://nadunedu.se.ap.gov.in/cbse/cbse/28205001229"
1340,"Aff. No. :120297
Sch. Code:58358","State : ANDHRA PRADESH
District : ANNAMAYYA",Senior Secondary Level,"Name : KGBV VAGALLA
Head/Principal Name: M SRAVANI","Address : KV PALLI, PILER
Website : https://nadunedu.se.ap.gov.in/cbse/cbse/28230900913"
1341,"Aff. No. :120288
Sch. Code:58349","State : ANDHRA PRADESH
District : ANNAMAYYA",Senior Secondary Level,"Name : KGBV KURABALAKOTA
Head/Principal Name: S M RAFIYA PARVEEN","Address : NEAR ONTILLU, BESIDE MODEL SCHOOL, KURAB, KURABALAKOTA MANDAL.
Website : https://nadunedu.se.ap.gov.in/cbse/cbse/28230600422"
1342,"Aff. No. :120255
Sch. Code:58316","State : ANDHRA PRADESH
District : ANNAMAYYA",Senior Secondary Level,"Name : KGBV B.KOTHAKOTA
Head/Principal Name: M VISWALATHA","Address : B. KOTHAKOTA, B. KOTHAKOTA
Website : https://nadunedu.se.ap.gov.in/cbse/cbse/28230500246"
1343,"Aff. No. :120183
Sch. Code:58244","State : ANDHRA PRADESH
District : ANNAMAYYA",Senior Secondary Level,"Name : APMS K.V.PALLI
Head/Principal Name: M Reddi Pradeep","Address : K V PALLI, K V PALLI
Website : https://nadunedu.se.ap.gov.in/cbse/cbse/28230900915"
1344,"Aff. No. :120190
Sch. Code:58251","State : ANDHRA PRADESH
District : ANNAMAYYA",Senior Secondary Level,"Name : APMS THAMBALLAPALLI
Head/Principal Name: N HEMANTH KUMAR","Address : MOLAKALCHERUVU ROAD, THAMBALLAPALLI
Website : https://nadunedu.se.ap.gov.in/cbse/cbse/28230200823"
1345,"Aff. No. :120163
Sch. Code:58224","State : ANDHRA PRADESH
District : ANNAMAYYA",Senior Secondary Level,"Name : APMS B.KOTHAKOTA
Head/Principal Name: Dr M SEENU NAIK","Address : B.KOTHAKOTA, CHITTOOOR
Website : https://nadunedu.se.ap.gov.in/cbse/cbse/28230500253"
1346,"Aff. No. :120170
Sch. Code:58231","State : ANDHRA PRADESH
District : ANNAMAYYA",Senior Secondary Level,"Name : APMS PTM
Head/Principal Name: Settipalli Sivakumari","Address : NEAR GOVT HOSPITAL, PEDDATHIPPASAMUDRAM (M)
Website : https://nadunedu.se.ap.gov.in/cbse/cbse/28230401013"
1347,"Aff. No. :120204
Sch. Code:58265","State : ANDHRA PRADESH
District : ANNAMAYYA",Senior Secondary Level,"Name : AP MODEL SCHOOL RAYACHOTY
Head/Principal Name: GUTTI APARNA","Address : RAYACHOTY, RAYACHOTY,PIN 516269
Website : https://nadunedu.se.ap.gov.in/cbse/cbse/28204900715"
1348,"Aff. No. :130811
Sch. Code:23836","State : ANDHRA PRADESH
District : ANNAMAYYA",Secondary Level,"Name : OXFORD SCHOOL
Head/Principal Name: P SIDDA REDDY","Address : NAYANICHERUVUPALLI (V & P), VINAYAKA NAGAR , MULAKALACHERUVU MANDAL
Website : https://oxfordschoolcbse.in/"
1349,"Aff. No. :130755
Sch. Code:56833","State : ANDHRA PRADESH
District : ANNAMAYYA",Senior Secondary Level,"Name : SRI RAVICHANDRA ENGLISH MEDIUM HIGH SCHOOL
Head/Principal Name: LIJA JOY","Address : GALIVEEDU (V&M), GALIVEEDU , ANNAMAYYA
Website : https://sseduvision.in/"
1350,"Aff. No. :130759
Sch. Code:56885","State : ANDHRA PRADESH
District : ANNAMAYYA",Secondary Level,"Name : TAPASYA UP SCHOOL
Head/Principal Name: KRISHNAMSETTY VIJITHA","Address : S.NO 1359/5A JVR NAGAR, SADUM ROAD, PILER
Website : https://www.tapasyaschools.org/"
1351,"Aff. No. :130789
Sch. Code:57289","State : ANDHRA PRADESH
District : ANNAMAYYA",Secondary Level,"Name : GLOBAL ENGLISH MEDIUM HIGH SCHOOL
Head/Principal Name: C ESWARA REDDY","Address : KURAVAPALLE VILLAGE, POTHABOLU POST, MADANAPALLE MANDAL, ANNAMAYYA DISTRICT
Website : https://globalemhschool.com/"
1352,"Aff. No. :130774
Sch. Code:57228","State : ANDHRA PRADESH
District : DR. B.R. AMBEDKAR KONASEEMA",Secondary Level,"Name : SRI GOWTHAM EM HIGH SCHOOL
Head/Principal Name: Pentapati Kumari Parvathi","Address : D NO 3 456 MALIKIPURAM, MALIKIPURAM MANDAL, DR.B R AMBEDKAR KONASEEMA
Website : www.srigowtham.org"
1353,"Aff. No. :130840
Sch. Code:23947","State : ANDHRA PRADESH
District : DR. B.R. AMBEDKAR KONASEEMA",Senior Secondary Level,"Name : EDUCARE ENGLISH MEDIUM SCHOOL
Head/Principal Name: K SOMA SATYAVANI","Address : DOOR NUMBER 1-129/1, GEDDADA VILLAGE, MAMIDIKUDURU MANDAL
Website : www.educareglobalschool.com"
1354,"Aff. No. :120545
Sch. Code:58606","State : ANDHRA PRADESH
District : DR. B.R. AMBEDKAR KONASEEMA",Senior Secondary Level,"Name : APSWRS DORAGARITHOTA
Head/Principal Name: T LALITHA KUMARI","Address : SIVAKOTI , 18 ACRASS COLONY SIVAKODU
Website : https://nadunedu.se.ap.gov.in/cbse/cbse/28145700415"
1355,"Aff. No. :120663
Sch. Code:58725","State : ANDHRA PRADESH
District : DR. B.R. AMBEDKAR KONASEEMA",Senior Secondary Level,"Name : APSWR B HSS VELAMPALEM
Head/Principal Name: Y LAKSHMANA KUMAR","Address : DRAKSHARAMA, RAMACHANDRAPURAM MANDAL
Website : https://nadunedu.se.ap.gov.in/cbse/cbse/28143901513"
1356,"Aff. No. :120420
Sch. Code:58481","State : ANDHRA PRADESH
District : DR. B.R. AMBEDKAR KONASEEMA",Senior Secondary Level,"Name : APSWRS B GODI
Head/Principal Name: NETHALA SYAMPRASAD","Address : MOGALLAMURU ROAD, GODI, ALLAVARAM MANDA
Website : https://nadunedu.se.ap.gov.in/cbse/cbse/28145500809"
1357,"Aff. No. :120405
Sch. Code:58466","State : ANDHRA PRADESH
District : DR. B.R. AMBEDKAR KONASEEMA",Senior Secondary Level,"Name : APRES SAMANASA
Head/Principal Name: Y T S RAJU","Address : NEAR SBI SAMANASA, AMALAPURAM
Website : https://nadunedu.se.ap.gov.in/cbse/cbse/28145401710"
1358,"Aff. No. :120451
Sch. Code:58512","State : ANDHRA PRADESH
District : DR. B.R. AMBEDKAR KONASEEMA",Senior Secondary Level,"Name : ZPHS KESANAPALLI
Head/Principal Name: NATRA UMAMAHESWARARAO","Address : KESANAPALLI, KESANAPALLI MALIKIPURAM MANDAL. KONASEEM
Website : https://nadunedu.se.ap.gov.in/cbse/cbse/28145801015"
1359,"Aff. No. :120424
Sch. Code:58485","State : ANDHRA PRADESH
District : DR. B.R. AMBEDKAR KONASEEMA",Senior Secondary Level,"Name : APSWRS G GODI
Head/Principal Name: VEMULAKONDA UMA KAVITA","Address : GODI, GODI
Website : https://nadunedu.se.ap.gov.in/cbse/cbse/28145500807"
1360,"Aff. No. :120863
Sch. Code:58925","State : ANDHRA PRADESH
District : DR. B.R. AMBEDKAR KONASEEMA",Senior Secondary Level,"Name : ZPHS GOLLAVILLI
Head/Principal Name: LANKA RANI","Address : GOLLAVILLI CENTER, UPPALAGUPTAM (M)
Website : https://nadunedu.se.ap.gov.in/cbse/cbse/28145301007"
1361,"Aff. No. :120874
Sch. Code:58936","State : ANDHRA PRADESH
District : DR. B.R. AMBEDKAR KONASEEMA",Senior Secondary Level,"Name : ZPHS TAPESWARAM
Head/Principal Name: GUNNAM VEERANNA","Address : VELAGATHODU STREET, NEAR MANDAPETA TOWN
Website : https://nadunedu.se.ap.gov.in/cbse/cbse/28143201008"
1362,"Aff. No. :120744
Sch. Code:58806","State : ANDHRA PRADESH
District : DR. B.R. AMBEDKAR KONASEEMA",Senior Secondary Level,"Name : APSWR BOYS HS NARENDRAPURAM
Head/Principal Name: PUNNAM VENU","Address : BURUGUNTA ROAD,NARENDRAPURAM, NARENDRAPURAM (V),P.GANNAVARAM(M)
Website : https://nadunedu.se.ap.gov.in/cbse/cbse/28144700721"
1363,"Aff. No. :120807
Sch. Code:58869","State : ANDHRA PRADESH
District : DR. B.R. AMBEDKAR KONASEEMA",Senior Secondary Level,"Name : ZPHS ALLAVARAM
Head/Principal Name: NAINALA VENKATESWARA RAO","Address : ALLAVARAM, ALLAVARAM
Website : https://nadunedu.se.ap.gov.in/cbse/cbse/28145500212"
1364,"Aff. No. :120982
Sch. Code:59101","State : ANDHRA PRADESH
District : DR. B.R. AMBEDKAR KONASEEMA",Senior Secondary Level,"Name : APSWRS G MUMMIDIVARAM
Head/Principal Name: TAMADALA GANGA BHAVANI","Address : TANELANKA , MUMMIDIVARAM
Website : https://nadunedu.se.ap.gov.in/cbse/cbse/28145000727"
1365,"Aff. No. :120980
Sch. Code:59099","State : ANDHRA PRADESH
District : PALNADU",Senior Secondary Level,"Name : A.P.MODEL SCHOOLS KAREMPUDI
Head/Principal Name: K NAYOMI GETHSAMANI","Address : NEAR BHARATH GAS GOWDOWN, KAREMPUDI
Website : https://nadunedu.se.ap.gov.in/cbse/cbse/28171801028"
1366,"Aff. No. :120974
Sch. Code:59093","State : ANDHRA PRADESH
District : PALNADU",Senior Secondary Level,"Name : APSWR SCHOOLBOYS VANKAYALAPADU
Head/Principal Name: T HANUMANTHA RAO","Address : NEAR SANGAM GOPALAPURAM, EDLAPADU
Website : https://nadunedu.se.ap.gov.in/cbse/cbse/28173700408"
1367,"Aff. No. :120948
Sch. Code:59067","State : ANDHRA PRADESH
District : PALNADU",Senior Secondary Level,"Name : ZPHS IPUR
Head/Principal Name: N RAMA KRISHNA REDDY","Address : OPP:POLICE STATION, IPUR(POST&MANDAL)
Website : https://nadunedu.se.ap.gov.in/cbse/cbse/28174100507"
1368,"Aff. No. :120961
Sch. Code:59080","State : ANDHRA PRADESH
District : PALNADU",Senior Secondary Level,"Name : APSWRSGVINUKONDA
Head/Principal Name: Bandaru Venkatamma","Address : NEAR RAILWAY STATION, VINUKONDA
Website : https://nadunedu.se.ap.gov.in/cbse/cbse/28174301129"
1369,"Aff. No. :120987
Sch. Code:59106","State : ANDHRA PRADESH
District : PALNADU",Senior Secondary Level,"Name : AP RESIDENTIAL SCHOOL BOYS
Head/Principal Name: DUPATI USHA RANI","Address : CHILLAKALURIPET MANDAL, PALNADU
Website : https://nadunedu.se.ap.gov.in/cbse/cbse/28174590252"
1370,"Aff. No. :121072
Sch. Code:59191","State : ANDHRA PRADESH
District : PALNADU",Senior Secondary Level,"Name : APSWRSG R K PURAM
Head/Principal Name: SARANU SAILAJA","Address : OPOSIT NANDIGAMA CROSS ROAD,SATENAPALLI, SATTENAPALLI MADNAL,GUNTUR DISTRICT
Website : https://nadunedu.se.ap.gov.in/cbse/cbse/28171501406"
1371,"Aff. No. :121070
Sch. Code:59189","State : ANDHRA PRADESH
District : PALNADU",Senior Secondary Level,"Name : ZP HIGH SCHOOL
Head/Principal Name: MARRIPATI UMASREE","Address : PINNELLI, MACHAVARAM MANDAL
Website : http://zphspinnelli.com"
1372,"Aff. No. :121080
Sch. Code:59199","State : ANDHRA PRADESH
District : PALNADU",Senior Secondary Level,"Name : ZPHS PIDUGURALLA
Head/Principal Name: L DHANA LAKSHMI","Address : OPP JAYALAKSHMI HALL, PIDUGURALLA
Website : https://nadunedu.se.ap.gov.in/cbse/cbse/28171700321"
1373,"Aff. No. :121025
Sch. Code:59144","State : ANDHRA PRADESH
District : PALNADU",Senior Secondary Level,"Name : APTWRS V.P.SOUTH
Head/Principal Name: A JOHNSON","Address : VP SOUTH, MACHERLA
Website : https://nadunedu.se.ap.gov.in/cbse/cbse/28170100204"
1374,"Aff. No. :121023
Sch. Code:59142","State : ANDHRA PRADESH
District : PALNADU",Senior Secondary Level,"Name : ZPHS KROSURU
Head/Principal Name: A RAGHAVENDRA RAO","Address : KROSUR, KROSUR MANDAL
Website : https://nadunedu.se.ap.gov.in/cbse/cbse/28170800413"
1375,"Aff. No. :121114
Sch. Code:59240","State : ANDHRA PRADESH
District : PALNADU",Senior Secondary Level,"Name : ZPHS BHRUGUBANDA
Head/Principal Name: G SUDHAKAR","Address : BHRUGUBANDA VILLAGE SATTENAPALLI MANDAL, SATTENAPALLI MANDAL GUNTUR DISTRICT
Website : https://nadunedu.se.ap.gov.in/cbse/cbse/28171500104"
1376,"Aff. No. :121115
Sch. Code:59241","State : ANDHRA PRADESH
District : PALNADU",Senior Secondary Level,"Name : A P MODEL SCHOOL KANDLAKUNTA
Head/Principal Name: M SUJATHA","Address : NEAR HIGH SCHOOL, KANDLAKUNTA
Website : https://nadunedu.se.ap.gov.in/cbse/cbse/28172000109"
1377,"Aff. No. :121106
Sch. Code:59232","State : ANDHRA PRADESH
District : PALNADU",Senior Secondary Level,"Name : ZPHS SAVALYAPURAM
Head/Principal Name: B VIJAYA LAKSHMI","Address : OPP. BUS STANT, SAVALYAPURAM
Website : https://nadunedu.se.ap.gov.in/cbse/cbse/28174200508"
1378,"Aff. No. :121111
Sch. Code:59237","State : ANDHRA PRADESH
District : PALNADU",Senior Secondary Level,"Name : APSWRSBATCHAMPET
Head/Principal Name: TALLURI ARUNA KUMAR","Address : OPPOSITE TO KGBV SCHOOL, ATCHAMPET
Website : https://nadunedu.se.ap.gov.in/cbse/cbse/28170700809"
1379,"Aff. No. :121108
Sch. Code:59234","State : ANDHRA PRADESH
District : PALNADU",Senior Secondary Level,"Name : ZPHS GANAPAVARAM
Head/Principal Name: BANDI SUGUNA MANI","Address : MAIN ROAD GANAPAVARAM, RAJUPALEM
Website : https://nadunedu.se.ap.gov.in/cbse/cbse/28171600607"
1380,"Aff. No. :121109
Sch. Code:59235","State : ANDHRA PRADESH
District : PALNADU",Senior Secondary Level,"Name : ZPHS SB PURAM
Head/Principal Name: MOTA PARVATHI","Address : LINGAMGUNTLA AGRAHRAM, NARASARAOPET
Website : https://nadunedu.se.ap.gov.in/cbse/cbse/28173900805"
1381,"Aff. No. :121086
Sch. Code:59212","State : ANDHRA PRADESH
District : PALNADU",Senior Secondary Level,"Name : ZPHS ATCHAMPET
Head/Principal Name: CHIGURUPATI KALYANI","Address : NEAR LIBRARY, ATCHAMPET
Website : https://nadunedu.se.ap.gov.in/cbse/cbse/28170700808"
1382,"Aff. No. :121104
Sch. Code:59230","State : ANDHRA PRADESH
District : PALNADU",Senior Secondary Level,"Name : SVVR ZPHSCHOOL
Head/Principal Name: TURLAPATI NAGESH","Address : NEAR BANGALAGADDA , NEKARIKALLU VILLAGE, NEKARIKALLU MANDAL , NARASARAOPET
Website : https://nadunedu.se.ap.gov.in/cbse/cbse/28172200410"
1383,"Aff. No. :121128
Sch. Code:59260","State : ANDHRA PRADESH
District : PALNADU",Senior Secondary Level,"Name : ZPHS BRAHMANAPALLI
Head/Principal Name: S HANUMANTH SASTRY","Address : HIGH WAY BRAHMANAPALLI, PIDUGURALLA
Website : https://nadunedu.se.ap.gov.in/cbse/cbse/28171700206"
1384,"Aff. No. :121125
Sch. Code:59257","State : ANDHRA PRADESH
District : PALNADU",Senior Secondary Level,"Name : ZPHS GUNDLAPALLI
Head/Principal Name: P JACOB","Address : NEAR MPPS MAIN GUNDLAPALLI SCHOOL, GUNDLAPALLI,NEKARIKALLU MANDAL , NARASAR
Website : https://nadunedu.se.ap.gov.in/cbse/cbse/28172200106"
1385,"Aff. No. :121126
Sch. Code:59258","State : ANDHRA PRADESH
District : PALNADU",Senior Secondary Level,"Name : Z.PHS NAGULAVARAM
Head/Principal Name: N SHANMOHANA RAO","Address : NEAR SAI BABA TEMPLE, VINUKONDA
Website : https://nadunedu.se.ap.gov.in/cbse/cbse/28174302203"
1386,"Aff. No. :121122
Sch. Code:59248","State : ANDHRA PRADESH
District : PALNADU",Senior Secondary Level,"Name : ZPHS BELLAMKONDA
Head/Principal Name: N SANTHI","Address : BELLAMKONDA MANDAL POST, BELLAMKONDA
Website : https://nadunedu.se.ap.gov.in/cbse/cbse/28170600109"
1387,"Aff. No. :121123
Sch. Code:59249","State : ANDHRA PRADESH
District : PALNADU",Secondary Level,"Name : SKSZP HIGH SCHOOL
Head/Principal Name: D DHANA LAKSHMI","Address : CHILAKALURIPET, CHILAKALURIPET
Website : https://skszphsmurikipudi.com"
1388,"Aff. No. :121140
Sch. Code:59272","State : ANDHRA PRADESH
District : PALNADU",Senior Secondary Level,"Name : ZPHS KOMERAPUDI
Head/Principal Name: B VIJAYA","Address : KOMERAPUDI VILLAGE, SATTENAPALLI MANDAL
Website : https://nadunedu.se.ap.gov.in/cbse/cbse/28171501805"
1389,"Aff. No. :121141
Sch. Code:59273","State : ANDHRA PRADESH
District : PALNADU",Senior Secondary Level,"Name : ZPHS VELLATURU
Head/Principal Name: SHAIK ALLISHA","Address : BESIDE VETERNARY HOSPITAL, VELLATURU POST, BOLLAPALLI MANDAL
Website : https://nadunedu.se.ap.gov.in/cbse/cbse/28172101207"
1390,"Aff. No. :121143
Sch. Code:59275","State : ANDHRA PRADESH
District : PALNADU",Senior Secondary Level,"Name : APSWRS G V.P.SOUTH
Head/Principal Name: D MARY MANJULA","Address : VP SOUTH, MACHERLA
Website : https://nadunedu.se.ap.gov.in/cbse/cbse/28170100210"
1391,"Aff. No. :121144
Sch. Code:59276","State : ANDHRA PRADESH
District : PALNADU",Senior Secondary Level,"Name : GOVTHSBOYS
Head/Principal Name: HAVEELA","Address : SURESH MAHAL ROAD, VINUKONDA
Website : https://nadunedu.se.ap.gov.in/cbse/cbse/28174301128"
1392,"Aff. No. :120736
Sch. Code:58798","State : ANDHRA PRADESH
District : PALNADU",Senior Secondary Level,"Name : A.P.MODEL SCHOOL CHIRUMAMILLA
Head/Principal Name: Ch Jhansi Vani","Address : CHIRUMAMILLA , CHIRUMAMILLA
Website : https://nadunedu.se.ap.gov.in/cbse/cbse/28173800506"
1393,"Aff. No. :120720
Sch. Code:58782","State : ANDHRA PRADESH
District : PALNADU",Senior Secondary Level,"Name : KGBV GURAZALA
Head/Principal Name: Jjyothi","Address : GANGAVARAM VILLAGE GURAZALA MANDAL, GANGAVARAM VILLAGE GURAZALA MANDAL
Website : https://nadunedu.se.ap.gov.in/cbse/cbse/28170300837"
1394,"Aff. No. :120690
Sch. Code:58752","State : ANDHRA PRADESH
District : PALNADU",Senior Secondary Level,"Name : KGBVSGIRLS BOLLAPALLI
Head/Principal Name: V LEELAVATHI","Address : BACK SIDE OF ZPHS BOLLAPALLI, BOLLAPALLI VILLAGE POST & MANDAL
Website : https://nadunedu.se.ap.gov.in/cbse/cbse/28172100910"
1395,"Aff. No. :120687
Sch. Code:58749","State : ANDHRA PRADESH
District : PALNADU",Senior Secondary Level,"Name : APSWRSB KAREMPUDI
Head/Principal Name: M VANAPAL REDDY","Address : PWD COLONY KAREMPUDI, KAREMPUDI
Website : https://nadunedu.se.ap.gov.in/cbse/cbse/28171801009"
1396,"Aff. No. :120826
Sch. Code:58888","State : ANDHRA PRADESH
District : PALNADU",Senior Secondary Level,"Name : A.P.MODEL SCHOOL CHKT PALEM
Head/Principal Name: G VIJAYALAKSHMI","Address : CHEEKAEEGALAPALEM, VINUKONDA
Website : https://nadunedu.se.ap.gov.in/cbse/cbse/28174301004"
1397,"Aff. No. :120818
Sch. Code:58880","State : ANDHRA PRADESH
District : PALNADU",Senior Secondary Level,"Name : AP MODEL SCHOOL BOLLAPALLI
Head/Principal Name: VALLURI PADMAVATHI","Address : BESIDE ZPHS BOLLAPALLI, BOLLAPALLI POST, MANDAL, PALNADU DIST
Website : https://nadunedu.se.ap.gov.in/cbse/cbse/28172100913"
1398,"Aff. No. :120810
Sch. Code:58872","State : ANDHRA PRADESH
District : PALNADU",Senior Secondary Level,"Name : APSWRSGAMARAVATHI
Head/Principal Name: PITTA RANI INDIRA PRIYADARSHINI","Address : RWS WATER TANK, VIJAYASAGAR COLONY , NEAR RTC BUS STAND
Website : https://nadunedu.se.ap.gov.in/cbse/cbse/28170901014"
1399,"Aff. No. :120926
Sch. Code:58988","State : ANDHRA PRADESH
District : PALNADU",Senior Secondary Level,"Name : ZPHS SATTENAPALLIS
Head/Principal Name: K LATHA PRIYADARSINI","Address : NTR PARK, SATTENAPALLI MANDAL
Website : https://nadunedu.se.ap.gov.in/cbse/cbse/28171590930"
1400,"Aff. No. :120892
Sch. Code:58954","State : ANDHRA PRADESH
District : PALNADU",Senior Secondary Level,"Name : APSWRS GURAZALA
Head/Principal Name: I SREENIVASULU","Address : MADUGULA, GURAZALA
Website : https://nadunedu.se.ap.gov.in/cbse/cbse/28170300850"
1401,"Aff. No. :120912
Sch. Code:58974","State : ANDHRA PRADESH
District : PALNADU",Senior Secondary Level,"Name : AP MODEL SCHOOL KROSURU
Head/Principal Name: MYLABATHULA MARY SUSAN","Address : KROSURU , KROSURU
Website : https://nadunedu.se.ap.gov.in/cbse/cbse/28170800422"
1402,"Aff. No. :120913
Sch. Code:58975","State : ANDHRA PRADESH
District : PALNADU",Senior Secondary Level,"Name : APSWRSGUPPALAPADU
Head/Principal Name: N V RAMANAMMA","Address : GUNDLAKAMMA BRIDGE , NUZENDLA (MD),UPPALAPADU
Website : https://nadunedu.se.ap.gov.in/cbse/cbse/28174401105"
1403,"Aff. No. :120435
Sch. Code:58496","State : ANDHRA PRADESH
District : PALNADU",Senior Secondary Level,"Name : A.P.MODEL SCHOOL DURGI
Head/Principal Name: D REVATHI","Address : DURGI, DURGI
Website : https://nadunedu.se.ap.gov.in/cbse/cbse/28171900820"
1404,"Aff. No. :120452
Sch. Code:58513","State : ANDHRA PRADESH
District : PALNADU",Senior Secondary Level,"Name : A.P.MODEL SCHOOL NUZENDLA
Head/Principal Name: PADMAJA CHILLARA","Address : NUZENDLA , NUZENDLA
Website : https://nadunedu.se.ap.gov.in/cbse/cbse/28174401811"
1405,"Aff. No. :120365
Sch. Code:58426","State : ANDHRA PRADESH
District : PALNADU",Senior Secondary Level,"Name : APMS GURAZALA
Head/Principal Name: V USHASREE","Address : PALLEGUNTHA, GURAZALA
Website : https://nadunedu.se.ap.gov.in/cbse/cbse/28170300848"
1406,"Aff. No. :120503
Sch. Code:58564","State : ANDHRA PRADESH
District : PALNADU",Senior Secondary Level,"Name : KGBV MUPPALLA
Head/Principal Name: I JHANSY SUHURLATHA","Address : MAIN ROAD GOLLAPADU, MUPPALLA MD, PALNADU DT
Website : https://nadunedu.se.ap.gov.in/cbse/cbse/28172300614"
1407,"Aff. No. :120521
Sch. Code:58582","State : ANDHRA PRADESH
District : PALNADU",Senior Secondary Level,"Name : KGBV NUJENDLA
Head/Principal Name: Estharla Usha","Address : NEAR ELECTRICAL SUBSTATION,NUZENDLA., NUZENDLA
Website : https://nadunedu.se.ap.gov.in/cbse/cbse/28174401807"
1408,"Aff. No. :120517
Sch. Code:58578","State : ANDHRA PRADESH
District : PALNADU",Senior Secondary Level,"Name : KGBV NEKARIKALLU
Head/Principal Name: K LAKSHMI","Address : NEAR GOVT HOSPITAL ,KGBV NEKARIKALLU , NEAR GOVT HOSPITAL ,KGBV NEKARIKALLU
Website : https://nadunedu.se.ap.gov.in/cbse/cbse/28172200411"
1409,"Aff. No. :120665
Sch. Code:58727","State : ANDHRA PRADESH
District : PALNADU",Senior Secondary Level,"Name : KGBV HS KAREMPUDI
Head/Principal Name: Sk Afrin","Address : KAREMPUDI, KAREMPUDI
Website : https://nadunedu.se.ap.gov.in/cbse/cbse/28171801024"
1410,"Aff. No. :120656
Sch. Code:58718","State : ANDHRA PRADESH
District : PALNADU",Senior Secondary Level,"Name : KGBV DACHEPALLI
Head/Principal Name: N Santhi","Address : NEAR PETROL BUNK, KESANUPALLI,., DACHEPALLI
Website : https://nadunedu.se.ap.gov.in/cbse/cbse/28170400818"
1411,"Aff. No. :120657
Sch. Code:58719","State : ANDHRA PRADESH
District : PALNADU",Senior Secondary Level,"Name : K G B V S RAJUPALEM
Head/Principal Name: DASARI JYOTHIRMAI","Address : RAJUPALEM VILLAGE, RAJUPALEM
Website : https://nadunedu.se.ap.gov.in/cbse/cbse/28171600405"
1412,"Aff. No. :120645
Sch. Code:58707","State : ANDHRA PRADESH
District : PALNADU",Senior Secondary Level,"Name : KGBV SCHOOL KROSURU
Head/Principal Name: CH INDIRAPRIYADARSINI","Address : KROSUR, KROSUR
Website : https://nadunedu.se.ap.gov.in/cbse/cbse/28170800416"
1413,"Aff. No. :120633
Sch. Code:58694","State : ANDHRA PRADESH
District : PALNADU",Senior Secondary Level,"Name : KGBV PILLUTLA
Head/Principal Name: A SUNEETHA","Address : PILLUTLA, MACHAVARAM
Website : https://nadunedu.se.ap.gov.in/cbse/cbse/28170500612"
1414,"Aff. No. :120634
Sch. Code:58695","State : ANDHRA PRADESH
District : PALNADU",Senior Secondary Level,"Name : KGBV SATTEAPALLI
Head/Principal Name: M PRASANNA RANI","Address : NEAR NTR PARK, SATTENAPALLI MANDAL
Website : https://nadunedu.se.ap.gov.in/cbse/cbse/28171590986"
1415,"Aff. No. :120635
Sch. Code:58696","State : ANDHRA PRADESH
District : PALNADU",Senior Secondary Level,"Name : KGBV POTHAVARAM
Head/Principal Name: SK ASHARIFUEN","Address : KOTAPPAKONDA ROAD, CHILAKALURIPET
Website : https://nadunedu.se.ap.gov.in/cbse/cbse/28174590267"
1416,"Aff. No. :120636
Sch. Code:58697","State : ANDHRA PRADESH
District : PALNADU",Senior Secondary Level,"Name : KGBV PIDUGURALLA
Head/Principal Name: S BLESSY DAIVA SRUJANA","Address : INDIRAMMA COLONY, PIDUGURALLA-522413, INDIRAMMA COLONY, PIDUGURALLA-522413
Website : https://nadunedu.se.ap.gov.in/cbse/cbse/28171700363"
1417,"Aff. No. :120622
Sch. Code:58683","State : ANDHRA PRADESH
District : PALNADU",Senior Secondary Level,"Name : KGBV MACHERLA
Head/Principal Name: NALLI KARUNA PRASANNA KUMARI","Address : GAS GUDEM , MACHERLA
Website : https://nadunedu.se.ap.gov.in/cbse/cbse/28170102126"
1418,"Aff. No. :120626
Sch. Code:58687","State : ANDHRA PRADESH
District : PALNADU",Senior Secondary Level,"Name : KGBV VINUKONDA
Head/Principal Name: S RATNA SIROMANI","Address : NEAR RAILWAY STTION, VINUKONDA
Website : https://nadunedu.se.ap.gov.in/cbse/cbse/28174301160"
1419,"Aff. No. :120624
Sch. Code:58685","State : ANDHRA PRADESH
District : PALNADU",Senior Secondary Level,"Name : KGBV DURGI
Head/Principal Name: AAKULA ASHAJYOTHI","Address : DURGI NEAR PHC HOSPITAL , DURGI
Website : https://nadunedu.se.ap.gov.in/cbse/cbse/28171900814"
1420,"Aff. No. :120629
Sch. Code:58690","State : ANDHRA PRADESH
District : PALNADU",Senior Secondary Level,"Name : KGBV IPUR
Head/Principal Name: PAPPULA JYOTHI","Address : K.G.B.VIDYALAYAM, IPUR,BESIDE POLICE STA, K.G.B.VIDYALAYAM, IPUR,BESIDE POLICE STA
Website : https://nadunedu.se.ap.gov.in/cbse/cbse/28174100508"
1421,"Aff. No. :120631
Sch. Code:58692","State : ANDHRA PRADESH
District : PALNADU",Senior Secondary Level,"Name : KGBV VELDURTHI
Head/Principal Name: Sk Afrin","Address : NEAR POWER GREED, VELDURTHY
Website : https://nadunedu.se.ap.gov.in/cbse/cbse/28172000823"
1422,"Aff. No. :120606
Sch. Code:58667","State : ANDHRA PRADESH
District : PALNADU",Senior Secondary Level,"Name : KGBV NARASARAOPET
Head/Principal Name: M PRAMEELA RANI","Address : PEDDACHERUVU, , NEAR ANJANEYASWAMI TEMPLE
Website : https://nadunedu.se.ap.gov.in/cbse/cbse/28173990687"
1423,"Aff. No. :120526
Sch. Code:58587","State : ANDHRA PRADESH
District : PALNADU",Senior Secondary Level,"Name : KGBV RENTACHINTALA
Head/Principal Name: YARAMALA JAYANTHI","Address : MITTAGUDIPADU VILLAGE, RENTACHINTALA MANDAL
Website : https://nadunedu.se.ap.gov.in/cbse/cbse/28170200531"
1424,"Aff. No. :120596
Sch. Code:58657","State : ANDHRA PRADESH
District : PALNADU",Senior Secondary Level,"Name : KGBV NADENDLA
Head/Principal Name: P Madhavi latha","Address : NADENDLA,NADENDLA, NADENDLA
Website : https://nadunedu.se.ap.gov.in/cbse/cbse/28173801018"
1425,"Aff. No. :120594
Sch. Code:58655","State : ANDHRA PRADESH
District : PALNADU",Senior Secondary Level,"Name : KGBV S BELLAMKONDA
Head/Principal Name: T USHA RANI","Address : GANGIREDDYPALEM, KGBVBELLAMKONDA - GANGIREDDYPALEM (V) -
Website : https://nadunedu.se.ap.gov.in/cbse/cbse/28170601310"
1426,"Aff. No. :120591
Sch. Code:58652","State : ANDHRA PRADESH
District : PALNADU",Senior Secondary Level,"Name : KGBV SANTAGUDIPADU
Head/Principal Name: POLISETTY LOURDU BALA SHOWREELU","Address : NEAR ZPHS SGPADU, SANTHAGUDIPADU VILLAGE, NARASARAOPET
Website : https://nadunedu.se.ap.gov.in/cbse/cbse/28174000312"
1427,"Aff. No. :120587
Sch. Code:58648","State : ANDHRA PRADESH
District : PALNADU",Senior Secondary Level,"Name : KGBV ATCHAMPET
Head/Principal Name: G JYOSTNA DEEPTHI","Address : OPP.BR AMBEDKAR GURUKULAM BOYS, ATCHEMPE, CHAMARRU, ATCHEMPET,PALNADU DISTRICT
Website : https://nadunedu.se.ap.gov.in/cbse/cbse/28170700812"
1428,"Aff. No. :120184
Sch. Code:58245","State : ANDHRA PRADESH
District : PALNADU",Senior Secondary Level,"Name : A.P.MODEL SCHOOLS ROMPICHERLA
Head/Principal Name: BHUKYA RAVINAIK","Address : VIPPARLAREDDYPALEM, ROMPICHERLA MANDAL, NARASARAOPET
Website : https://nadunedu.se.ap.gov.in/cbse/cbse/28174000421"
1429,"Aff. No. :120154
Sch. Code:58217","State : ANDHRA PRADESH
District : PALNADU",Senior Secondary Level,"Name : A.P.MODEL SCHOOL DACHEPALLI
Head/Principal Name: SOMARAJU RAVI KUMAR","Address : SAME, DACHEPALLI
Website : https://nadunedu.se.ap.gov.in/cbse/cbse/28170400824"
1430,"Aff. No. :120257
Sch. Code:58318","State : ANDHRA PRADESH
District : PALNADU",Senior Secondary Level,"Name : APMS JETTIPALEM
Head/Principal Name: KARRA PAPAIAH","Address : NEAR MPPS JETTIPALEM,MAIN ROAD ,JETTIPAL, NEAR MPPS JETTIPALEM,MAIN ROAD ,JETTIPAL
Website : https://nadunedu.se.ap.gov.in/cbse/cbse/28170200309"
1431,"Aff. No. :120284
Sch. Code:58345","State : ANDHRA PRADESH
District : PALNADU",Senior Secondary Level,"Name : A.P.MODEL SCHOOL DECHAVARAM
Head/Principal Name: K VELANGANI MARY","Address : BESIDE POLERAMMA TEMPLE, DECHAVARAM, RUP, NEKARIKALLU MANDAL
Website : https://nadunedu.se.ap.gov.in/cbse/cbse/28172200808"
1432,"Aff. No. :130810
Sch. Code:23828","State : ANDHRA PRADESH
District : PALNADU",Secondary Level,"Name : VEENUS HIGH SCHOOL
Head/Principal Name: BOKKA RADHA KRISHNA","Address : 14 TH MILE LEMALLE , AMARAVATI MANDAL PALNADU DIST , ANDHRA PRADESH PIN 522016
Website : www.veenusschool.com"
1433,"Aff. No. :130842
Sch. Code:23953","State : ANDHRA PRADESH
District : PALNADU",Secondary Level,"Name : SAMSIDH SCHOOL
Head/Principal Name: SIMHAM SAGAR","Address : KANAMARLAPUDI(V), , SAVALYAPURAM (MANDAL), VINUKONDA
Website : https://samsidhvinukonda.in/"
1434,"Aff. No. :130782
Sch. Code:57272","State : ANDHRA PRADESH
District : PALNADU",Senior Secondary Level,"Name : INTERNATIONAL DELHI PUBLIC SCHOOL
Head/Principal Name: REKHA P","Address : NEAR MAM COLLEGE, KESANUPALLI VILLAGE, NARASARAOPET MANDAL, PALNADU DISTRICT 522601
Website : www.idpsnrt.com"
1435,"Aff. No. :130760
Sch. Code:56927","State : ANDHRA PRADESH
District : PALNADU",Secondary Level,"Name : BODHI PATHSHALA
Head/Principal Name: BULLAMMAYI N","Address : TUMMALACHERUVU VILLAGE, PIDUGURALLA MANDAL, PALNADU
Website : www.bodhipathshalacbse.com"
1436,"Aff. No. :130764
Sch. Code:56946","State : ANDHRA PRADESH
District : PALNADU",Secondary Level,"Name : K-RIDGE SCHOOL
Head/Principal Name: GUNDABATHINI BARNABAS","Address : JONNALAGADDA VILLAGE, NARASARAOPET MANDAL, PALANADU DIST
Website : https://kridgenrt.com/"
1437,"Aff. No. :130733
Sch. Code:56657","State : ANDHRA PRADESH
District : SRI SATHYA SAI",Senior Secondary Level,"Name : JAIN ENGLISH MEDIUM SCHOOL
Head/Principal Name: SYED FAROOQ BASHA","Address : BERIPALLI COLONY, , SRI SATYA SAI DISTRICT
Website : http://www.jemskadiri.com/"
1438,"Aff. No. :130776
Sch. Code:57263","State : ANDHRA PRADESH
District : SRI SATHYA SAI",Secondary Level,"Name : GLOBAL GEN ENGLISH MEDIUM HIGH SCHOOL
Head/Principal Name: U SREENIVASULU","Address : MADAKASIRA ROAD, PENUKONDA VILLAGE AND MANDAL, SRI SATYA SAI DISTRICT
Website : http://www.globalgenschool.in/"
1439,"Aff. No. :130772
Sch. Code:56993","State : ANDHRA PRADESH
District : SRI SATHYA SAI",Secondary Level,"Name : VAMSI KRISHNA NOBEL ENGLISH MEDIUM HIGH SCHOOL
Head/Principal Name: K POTHALAIAH","Address : PUTTAPARTI ROAD, DHARMAVARAM, DHARMAVARAM
Website : www.vamsikrishnanobelschool.com"
1440,"Aff. No. :130849
Sch. Code:23967","State : ANDHRA PRADESH
District : SRI SATHYA SAI",Secondary Level,"Name : AKSHARAMALA ENGLISH MEDIUM SCHOOL
Head/Principal Name: GOLLA CHANDRAPPA","Address : PULAKUNTA VILLAGE,, HINDUPUR MANDAL, SRI SATHYA SAI DISTRICT, ANDRAPRADESH
Website : www.aksharamala.in"
1441,"Aff. No. :130838
Sch. Code:23932","State : ANDHRA PRADESH
District : SRI SATHYA SAI",Secondary Level,"Name : SRI SAI YESU ENGLISH MEDIUM HIGH SCHOOL
Head/Principal Name: S OM PRAKASH REDDY","Address : CHENNAMPALLI CROSS, CHILAMATHUR VILLAGE AND MANDAL, SRI SATYA SAI DISTRICT
Website : https://ssyemhs.com/"
1442,"Aff. No. :130819
Sch. Code:23862","State : ANDHRA PRADESH
District : SRI SATHYA SAI",Secondary Level,"Name : SHRADDHA INTELLECTUAL ENGLISH MEDIUM HIGH SCHOOL
Head/Principal Name: J JAYA PRAKASH","Address : SYNO102-02, C.RANGAPURAM CROSS,, R ANANTHAPURAMU VILLAGE MADAKASIRA, MANDAL, SRI SATHYA SAI DISTRICT
Website : https://www.shraddhaschool.com/"
1443,"Aff. No. :130830
Sch. Code:23895","State : ANDHRA PRADESH
District : SRI SATHYA SAI",Secondary Level,"Name : YASODA ENGLISH MEDIUM HIGH SCHOOL
Head/Principal Name: M DHANALAKSHMI","Address : PEDDAIAH GARDENS, PUTTAPARTHI ROAD, DHARMAVARAM, SRI SATHYA SAI DISTRICT, ANDHRA PRADESH 515671
Website : https://www.yasodaschool.com/"
1444,"Aff. No. :120287
Sch. Code:58348","State : ANDHRA PRADESH
District : SRI SATHYA SAI",Senior Secondary Level,"Name : APMS AGALI
Head/Principal Name: Y CHAKRADHARI","Address : AGALI, AGALI
Website : https://nadunedu.se.ap.gov.in/cbse/cbse/28226200815"
1445,"Aff. No. :120282
Sch. Code:58343","State : ANDHRA PRADESH
District : SRI SATHYA SAI",Senior Secondary Level,"Name : APMS DHARMAVARAM
Head/Principal Name: R PADMASREE","Address : KS GOVT DEGREE COLLEGE, GUTTAKINDAPALLI, DHARMAVARAM
Website : https://nadunedu.se.ap.gov.in/cbse/cbse/28223790340"
1446,"Aff. No. :120274
Sch. Code:58335","State : ANDHRA PRADESH
District : SRI SATHYA SAI",Senior Secondary Level,"Name : APMS AMARAPURAM
Head/Principal Name: G OBULAPATHI","Address : HALUKURU, AMARAPURAM
Website : https://nadunedu.se.ap.gov.in/cbse/cbse/28226100325"
1447,"Aff. No. :120320
Sch. Code:58381","State : ANDHRA PRADESH
District : SRI SATHYA SAI",Senior Secondary Level,"Name : KGBV SIVANAGAR DMM
Head/Principal Name: A CHANDRAKALA","Address : MOTUMARLA (VI),NEAR HAINDAVI B.ED COLLEG, MOTUMARLA (VI)DHARMAVARAM MANDAL
Website : https://nadunedu.se.ap.gov.in/cbse/cbse/28223790296"
1448,"Aff. No. :120321
Sch. Code:58382","State : ANDHRA PRADESH
District : SRI SATHYA SAI",Senior Secondary Level,"Name : KGBVMIN KADIRI
Head/Principal Name: M S SREELAKSHMI","Address : HINDUPUR ROAD, KADIRI
Website : https://nadunedu.se.ap.gov.in/cbse/cbse/28224490699"
1449,"Aff. No. :120322
Sch. Code:58383","State : ANDHRA PRADESH
District : SRI SATHYA SAI",Senior Secondary Level,"Name : KGBV RODDAM
Head/Principal Name: U NAGARATHNAMMA","Address : R.MARUVAPALLI, RODDAM
Website : https://nadunedu.se.ap.gov.in/cbse/cbse/28225301121"
1450,"Aff. No. :120364
Sch. Code:58425","State : ANDHRA PRADESH
District : SRI SATHYA SAI",Senior Secondary Level,"Name : KGBV KANAGANAPALLI
Head/Principal Name: G NARASAMMA","Address : KANAGANAPALLI, KANAGANAPALLI
Website : https://nadunedu.se.ap.gov.in/cbse/cbse/28223300809"
1451,"Aff. No. :120199
Sch. Code:58260","State : ANDHRA PRADESH
District : SRI SATHYA SAI",Senior Secondary Level,"Name : KGBV ROLLA
Head/Principal Name: S MUNWARJAN","Address : ROLLA KGBV , ROLLA MANDAL
Website : https://nadunedu.se.ap.gov.in/cbse/cbse/28226300332"
1452,"Aff. No. :120573
Sch. Code:58634","State : ANDHRA PRADESH
District : SRI SATHYA SAI",Senior Secondary Level,"Name : KGBV RAMAGIRI
Head/Principal Name: M SOUMYALATHA","Address : RAMAGIRI, RAMAGIRI
Website : https://nadunedu.se.ap.gov.in/cbse/cbse/28223500609"
1453,"Aff. No. :120553
Sch. Code:58614","State : ANDHRA PRADESH
District : SRI SATHYA SAI",Senior Secondary Level,"Name : KGBV TADIMARRI
Head/Principal Name: APPIREDDY VANISREE","Address : TADIMARRI, ANANTAPURAMU
Website : https://nadunedu.se.ap.gov.in/cbse/cbse/28223000912"
1454,"Aff. No. :120546
Sch. Code:58607","State : ANDHRA PRADESH
District : SRI SATHYA SAI",Senior Secondary Level,"Name : APMS JAGARAJUPALLI
Head/Principal Name: A RAMESH BABU","Address : JAGARAJUPALLI , PUTTAPARTHI
Website : https://nadunedu.se.ap.gov.in/cbse/cbse/28224900905"
1455,"Aff. No. :120531
Sch. Code:58592","State : ANDHRA PRADESH
District : SRI SATHYA SAI",Senior Secondary Level,"Name : KGBV NALLAMADA CROSS
Head/Principal Name: RAMADEVI","Address : NEAR GOVERNMENT HOSPITAL, NALLAMADA
Website : https://nadunedu.se.ap.gov.in/cbse/cbse/28224700530"
1456,"Aff. No. :120625
Sch. Code:58686","State : ANDHRA PRADESH
District : SRI SATHYA SAI",Senior Secondary Level,"Name : KGBV PUTTAPARTHI
Head/Principal Name: J NAGA SUPRAJA","Address : APMS JAGARAJUPALLI, PUTTAPARTHI
Website : https://nadunedu.se.ap.gov.in/cbse/cbse/28224900128"
1457,"Aff. No. :120616
Sch. Code:58677","State : ANDHRA PRADESH
District : SRI SATHYA SAI",Senior Secondary Level,"Name : ST ASHRAM SCH NALLAMADA
Head/Principal Name: N SATHISH","Address : NALLAMADA, NALLAMADA
Website : https://nadunedu.se.ap.gov.in/cbse/cbse/28224700518"
1458,"Aff. No. :120639
Sch. Code:58700","State : ANDHRA PRADESH
District : SRI SATHYA SAI",Senior Secondary Level,"Name : APSWR SCHOOL BOYS
Head/Principal Name: R MYLARAPPA","Address : THE PRINCIPAL DR BRAMBEDKAR GURUKULAM FO, SRISATHYA SAI DISTRICT
Website : https://nadunedu.se.ap.gov.in/cbse/cbse/28226300333"
1459,"Aff. No. :120641
Sch. Code:58703","State : ANDHRA PRADESH
District : SRI SATHYA SAI",Senior Secondary Level,"Name : KGBV GUDIBANDA
Head/Principal Name: U NAGARATHNAMMA","Address : KARIKERA, GUDIBANDA
Website : https://nadunedu.se.ap.gov.in/cbse/cbse/28226000617"
1460,"Aff. No. :120664
Sch. Code:58726","State : ANDHRA PRADESH
District : SRI SATHYA SAI",Senior Secondary Level,"Name : KGBV LEPAKSHI
Head/Principal Name: M NEELIMA","Address : PILLIGUNDLA COLONY, LEPAKSHI
Website : https://nadunedu.se.ap.gov.in/cbse/cbse/28225600322"
1461,"Aff. No. :120519
Sch. Code:58580","State : ANDHRA PRADESH
District : SRI SATHYA SAI",Senior Secondary Level,"Name : KGBV TANAKAL
Head/Principal Name: K Ameedabee","Address : TANAKALLU , TANAKALLU
Website : https://nadunedu.se.ap.gov.in/cbse/cbse/28224100329"
1462,"Aff. No. :120501
Sch. Code:58562","State : ANDHRA PRADESH
District : SRI SATHYA SAI",Senior Secondary Level,"Name : APMS AMADAGUR
Head/Principal Name: C SREENIVASULU","Address : GAJULAPALLI, AMADAGUR
Website : https://nadunedu.se.ap.gov.in/cbse/cbse/28224500619"
1463,"Aff. No. :120525
Sch. Code:58586","State : ANDHRA PRADESH
District : SRI SATHYA SAI",Senior Secondary Level,"Name : KGBV NALLACHERUVU
Head/Principal Name: P SIREESHA","Address : NALLACHERUVU, NALLACHERUVU
Website : https://nadunedu.se.ap.gov.in/cbse/cbse/28224200420"
1464,"Aff. No. :120504
Sch. Code:58565","State : ANDHRA PRADESH
District : SRI SATHYA SAI",Senior Secondary Level,"Name : KGBV SCHOOL HINDUPUR
Head/Principal Name: M SUDHA RANI","Address : NEAR MARKETYARD, HINDUPUR, HINDUPUR
Website : https://nadunedu.se.ap.gov.in/cbse/cbse/28225791341"
1465,"Aff. No. :120483
Sch. Code:58544","State : ANDHRA PRADESH
District : SRI SATHYA SAI",Senior Secondary Level,"Name : KGBV PARIGI
Head/Principal Name: R L SUVARNAMMA","Address : PARIGI, PARIGI
Website : https://nadunedu.se.ap.gov.in/cbse/cbse/28225800922"
1466,"Aff. No. :120472
Sch. Code:58533","State : ANDHRA PRADESH
District : SRI SATHYA SAI",Senior Secondary Level,"Name : KGBV OBULADEVARACHERUVU
Head/Principal Name: P RASEKHAR","Address : VADDIVARIPALLI, ODCHERUVU
Website : https://nadunedu.se.ap.gov.in/cbse/cbse/28224600415"
1467,"Aff. No. :120410
Sch. Code:58471","State : ANDHRA PRADESH
District : SRI SATHYA SAI",Senior Secondary Level,"Name : APMS RAMAGIRI
Head/Principal Name: B SARVESWARI","Address : RAMAGIRI, RAMAGIRI
Website : https://nadunedu.se.ap.gov.in/cbse/cbse/28223500611"
1468,"Aff. No. :120411
Sch. Code:58472","State : ANDHRA PRADESH
District : SRI SATHYA SAI",Senior Secondary Level,"Name : APMS DEVIREDDYPALLI
Head/Principal Name: A RANA PRATAP NAIK","Address : NALLACHERUVU, KADIRI
Website : https://nadunedu.se.ap.gov.in/cbse/cbse/28224201013"
1469,"Aff. No. :120450
Sch. Code:58511","State : ANDHRA PRADESH
District : SRI SATHYA SAI",Senior Secondary Level,"Name : APSWRS CPI COL HINDUPUR
Head/Principal Name: K NAGAMANI","Address : HINDUPUR SRI SATHYA SAI DISTRICT, HINDUPUR
Website : https://nadunedu.se.ap.gov.in/cbse/cbse/28225790591"
1470,"Aff. No. :120436
Sch. Code:58497","State : ANDHRA PRADESH
District : SRI SATHYA SAI",Senior Secondary Level,"Name : KGBV TALUPULA
Head/Principal Name: Y MOHANAMMA","Address : TALUPULA , TALUPULA
Website : https://nadunedu.se.ap.gov.in/cbse/cbse/28223900526"
1471,"Aff. No. :120891
Sch. Code:58953","State : ANDHRA PRADESH
District : SRI SATHYA SAI",Senior Secondary Level,"Name : KGBV N P IKUNTA
Head/Principal Name: Manchuri Sunitha kumari","Address : BC HOSTEL BACK SIDE RAYACHOTY ROAD N.P.K, N.P.KUNTA
Website : https://nadunedu.se.ap.gov.in/cbse/cbse/28224000412"
1472,"Aff. No. :120916
Sch. Code:58978","State : ANDHRA PRADESH
District : SRI SATHYA SAI",Senior Secondary Level,"Name : KGBV MUDIGUBBA ST
Head/Principal Name: M FAKRUBI","Address : KGBV SCHOOL COLONY, ATP ROAD, MUDIGUBBA
Website : https://nadunedu.se.ap.gov.in/cbse/cbse/28223801523"
1473,"Aff. No. :120947
Sch. Code:59066","State : ANDHRA PRADESH
District : SRI SATHYA SAI",Senior Secondary Level,"Name : KGBV BATHALAPALLE
Head/Principal Name: B GULZAR BEGUM","Address : SANJEEVAPURAM, BATHALAPALLI (MANDAL)
Website : https://nadunedu.se.ap.gov.in/cbse/cbse/28223100417"
1474,"Aff. No. :120816
Sch. Code:58878","State : ANDHRA PRADESH
District : SRI SATHYA SAI",Senior Secondary Level,"Name : APRS K KODIGENAHALLI
Head/Principal Name: N V MURALIDHARA BABU","Address : A.P.R. SCHOOL OF EXCELLENCE, KODIGENAHAL, PARIGI MANDAL, HINDUPUR (THALUKA)
Website : https://nadunedu.se.ap.gov.in/cbse/cbse/28225801413"
1475,"Aff. No. :120822
Sch. Code:58884","State : ANDHRA PRADESH
District : SRI SATHYA SAI",Senior Secondary Level,"Name : APSWRS R RAMPURAM
Head/Principal Name: G SUJATHA","Address : NEAR RAMAPURAM, NALLAMADA MANDAL
Website : https://nadunedu.se.ap.gov.in/cbse/cbse/28224700520"
1476,"Aff. No. :120864
Sch. Code:58926","State : ANDHRA PRADESH
District : SRI SATHYA SAI",Senior Secondary Level,"Name : K.G.B.V. CHENNEKOTHAPALLI
Head/Principal Name: CHITRA SUVARNA","Address : NEAR MODEL SCHOOL, CKPALLI, NEAR CHENNEKOTHAPALLI
Website : https://nadunedu.se.ap.gov.in/cbse/cbse/28223600319"
1477,"Aff. No. :120854
Sch. Code:58916","State : ANDHRA PRADESH
District : SRI SATHYA SAI",Senior Secondary Level,"Name : KGBV MADAKASIRA
Head/Principal Name: CHANDHINI S H","Address : K. GUNDUMALA, MADAKASIRA, MADAKASIRA
Website : https://nadunedu.se.ap.gov.in/cbse/cbse/28225900832"
1478,"Aff. No. :120682
Sch. Code:58744","State : ANDHRA PRADESH
District : SRI SATHYA SAI",Senior Secondary Level,"Name : KGBV SOMANDEPALLI
Head/Principal Name: AMASA ANITHA","Address : SOMANDEPALLI , PENUKONDA
Website : https://nadunedu.se.ap.gov.in/cbse/cbse/28225400725"
1479,"Aff. No. :120676
Sch. Code:58738","State : ANDHRA PRADESH
District : SRI SATHYA SAI",Senior Secondary Level,"Name : APMS CHENNEKOTHAPALLI
Head/Principal Name: V SWARNALATHA","Address : NEAR KGBV, C.K PALLI, SRI SATYA SAI DIST
Website : https://nadunedu.se.ap.gov.in/cbse/cbse/28223600320"
1480,"Aff. No. :120737
Sch. Code:58799","State : ANDHRA PRADESH
District : SRI SATHYA SAI",Senior Secondary Level,"Name : KGBV CHILAMATHUR
Head/Principal Name: S RIHANA","Address : CHILAMATHUR , CHILAMATHUR
Website : https://nadunedu.se.ap.gov.in/cbse/cbse/28225501824"
1481,"Aff. No. :120725
Sch. Code:58787","State : ANDHRA PRADESH
District : SRI SATHYA SAI",Senior Secondary Level,"Name : KGBV GANDLAPENTA
Head/Principal Name: BILLA DURGA","Address : GAJJALAVARI PALLI, GANDLAPENTA
Website : https://nadunedu.se.ap.gov.in/cbse/cbse/28224300530"
1482,"Aff. No. :120779
Sch. Code:58841","State : ANDHRA PRADESH
District : SRI SATHYA SAI",Senior Secondary Level,"Name : APMS HINDUPUR
Head/Principal Name: P ASHOK NAIK","Address : C. CHERLOPALLI , HINDUPUR
Website : https://nadunedu.se.ap.gov.in/cbse/cbse/28225700109"
1483,"Aff. No. :120753
Sch. Code:58815","State : ANDHRA PRADESH
District : SRI SATHYA SAI",Senior Secondary Level,"Name : KGBV GORANTLA
Head/Principal Name: M SIRISHA","Address : MANDALAPALLI, ANANTAPUR
Website : https://nadunedu.se.ap.gov.in/cbse/cbse/28224801929"
1484,"Aff. No. :120759
Sch. Code:58821","State : ANDHRA PRADESH
District : SRI SATHYA SAI",Senior Secondary Level,"Name : APSWRS KALASAMUDRAM
Head/Principal Name: E DADAPEER","Address : KALASAMUDRAM, KADIRI
Website : https://nadunedu.se.ap.gov.in/cbse/cbse/28224400203"
1485,"Aff. No. :121121
Sch. Code:59247","State : ANDHRA PRADESH
District : SRI SATHYA SAI",Senior Secondary Level,"Name : KGBV AGALI
Head/Principal Name: J Nagarathnama","Address : RATHNAGIRI ROAD, AGALI , AGALI
Website : https://nadunedu.se.ap.gov.in/cbse/cbse/28226200813"
1486,"Aff. No. :121027
Sch. Code:59146","State : ANDHRA PRADESH
District : SRI SATHYA SAI",Senior Secondary Level,"Name : APRS PERUR DAM
Head/Principal Name: Obalesu","Address : PERUR DAM SITE, PERUR
Website : https://nadunedu.se.ap.gov.in/cbse/cbse/28223500114"
1487,"Aff. No. :121038
Sch. Code:59157","State : ANDHRA PRADESH
District : SRI SATHYA SAI",Senior Secondary Level,"Name : MJPAPBCWR SCHOOL AND JR COLLEGE
Head/Principal Name: P PRASAD","Address : HINDUPUR MAIN ROAD BESIDE MRO OFFICE , BESIDE NAVODAYA SCHOOL
Website : https://nadunedu.se.ap.gov.in/cbse/cbse/28225600316"
1488,"Aff. No. :121054
Sch. Code:59173","State : ANDHRA PRADESH
District : SRI SATHYA SAI",Senior Secondary Level,"Name : MJPAPBCWRSCHOOLGIRLSNASANAKOTA
Head/Principal Name: K MUNIRATHNAMMA","Address : NASANAKOTA (V), RAMAGIRI MANDAL
Website : https://nadunedu.se.ap.gov.in/cbse/cbse/28223500513"
1489,"Aff. No. :120984
Sch. Code:59103","State : ANDHRA PRADESH
District : SRI SATHYA SAI",Senior Secondary Level,"Name : APRS TEKULODU
Head/Principal Name: MJPAPBCWR SCHOOL AND JUNIOR COLLEGE FOR GIRLS TEKULODU","Address : TEKULODU CROSS, CHILAMATHUR MANDAL, , HINDUPUR TALUKA
Website : https://nadunedu.se.ap.gov.in/cbse/cbse/28225501305"
1490,"Aff. No. :120990
Sch. Code:59109","State : ANDHRA PRADESH
District : KAKINADA",Senior Secondary Level,"Name : ZPHS B GOLLAPROLU
Head/Principal Name: A RAMBABU","Address : GOLLAPROLU, GOLLAPROLU
Website : https://nadunedu.se.ap.gov.in/cbse/cbse/28140800913"
1491,"Aff. No. :120965
Sch. Code:59084","State : ANDHRA PRADESH
District : KAKINADA",Senior Secondary Level,"Name : APSWRS A.MALLAVARAM
Head/Principal Name: D PRASADANAM","Address : B BPATNAM VILLAGE, A.MALLAVARAM
Website : https://nadunedu.se.ap.gov.in/cbse/cbse/28146004202"
1492,"Aff. No. :121039
Sch. Code:59158","State : ANDHRA PRADESH
District : KAKINADA",Senior Secondary Level,"Name : ZPHS CHEBROLU
Head/Principal Name: CH V S S S PRAKASH","Address : KOTHAPETA, CHEBROLU
Website : https://nadunedu.se.ap.gov.in/cbse/cbse/28140800506"
1493,"Aff. No. :121131
Sch. Code:59263","State : ANDHRA PRADESH
District : KAKINADA",Senior Secondary Level,"Name : ZPHS G TUNI
Head/Principal Name: MOGILA NOOKARATNAM","Address : NEAR KANAKADURGA. TEMPLE, TUNI
Website : https://nadunedu.se.ap.gov.in/cbse/cbse/28140601701"
1494,"Aff. No. :130084
Sch. Code:57031","State : ANDHRA PRADESH
District : KAKINADA",Senior Secondary Level,"Name : ASHRAM PUBLIC SCHOOL
Head/Principal Name: TARALA AUGUSTINE","Address : PITHAPURAM ROAD OPP. BOAT CLUB KAKINADA ANDHRA PRADESH
Website : www://ashrampublicschool.edu.in"
1495,"Aff. No. :120757
Sch. Code:58819","State : ANDHRA PRADESH
District : KAKINADA",Senior Secondary Level,"Name : MPL HS GANDI NAGAR KKD
Head/Principal Name: N S S S VENKATESWARA RAO","Address : VONTI MAMIDI JUNCTION,OPP/GANDHI NAGAR P, GANDHI NAGAR,KAKINADA
Website : https://nadunedu.se.ap.gov.in/cbse/cbse/28142495473"
1496,"Aff. No. :120706
Sch. Code:58768","State : ANDHRA PRADESH
District : KAKINADA",Senior Secondary Level,"Name : APMS SANKHAVARAM
Head/Principal Name: K KRISHNA VENI","Address : SANKHAVARAM MANDAL , SANKHAVARAM MANDAL 533446
Website : https://nadunedu.se.ap.gov.in/cbse/cbse/28140903010"
1497,"Aff. No. :120431
Sch. Code:58492","State : ANDHRA PRADESH
District : KAKINADA",Senior Secondary Level,"Name : KGBV VKOTHURU
Head/Principal Name: BVS AMRUTHA VANI","Address : V KOTHURU, TUNI
Website : https://nadunedu.se.ap.gov.in/cbse/cbse/28140602307"
1498,"Aff. No. :120441
Sch. Code:58502","State : ANDHRA PRADESH
District : KAKINADA",Senior Secondary Level,"Name : ZPHS KATHIPUDI
Head/Principal Name: A SRINIVAS","Address : KATHIPUDI, KATHIPUDI
Website : https://nadunedu.se.ap.gov.in/cbse/cbse/28140904305"
1499,"Aff. No. :120442
Sch. Code:58503","State : ANDHRA PRADESH
District : KAKINADA",Senior Secondary Level,"Name : APSWRS G KAKINADA
Head/Principal Name: TANUKULA SUSEELA","Address : P.VENKATAPURAM,KAKINADA RURAL MANDAL, KAKINADA RURAL
Website : https://nadunedu.se.ap.gov.in/cbse/cbse/28142391024"
1500,"Aff. No. :120389
Sch. Code:58450","State : ANDHRA PRADESH
District : KAKINADA",Senior Secondary Level,"Name : APSWRS G KAKINADA
Head/Principal Name: V LALITHA KUMARI","Address : BESIDE DEAF AND DUMB SCHOOL, SAMBA MURTH, KAKINADA URBAB
Website : https://nadunedu.se.ap.gov.in/cbse/cbse/28142495220"
1501,"Aff. No. :120491
Sch. Code:58552","State : ANDHRA PRADESH
District : KAKINADA",Senior Secondary Level,"Name : MPL HS AYODHYARAMPURAM
Head/Principal Name: T SAI RAMAKRISHNA","Address : NEAR DURGA TEMPLE, SAMALKOT , SAMALKOT MUNICIPALITY
Website : https://nadunedu.se.ap.gov.in/cbse/cbse/28142591224"
1502,"Aff. No. :120470
Sch. Code:58531","State : ANDHRA PRADESH
District : KAKINADA",Senior Secondary Level,"Name : ZPHS MULAPETA
Head/Principal Name: G SrinivassRao","Address : OPP SIVALAYAM, BEHIND MARKET
Website : https://nadunedu.se.ap.gov.in/cbse/cbse/28142200505"
1503,"Aff. No. :120457
Sch. Code:58518","State : ANDHRA PRADESH
District : KAKINADA",Senior Secondary Level,"Name : A P S W RES SCHOOL BOYS V KOTHURU
Head/Principal Name: Raju Marapatla","Address : NANDI VOMPU CENTRE, L. KOTHURU
Website : https://nadunedu.se.ap.gov.in/cbse/cbse/28140601520"
1504,"Aff. No. :120500
Sch. Code:58561","State : ANDHRA PRADESH
District : KAKINADA",Senior Secondary Level,"Name : APSWRS G CHOLLANGIPETA
Head/Principal Name: PUJARI PADMAVATHI","Address : NEAR VIVEKANDA SCHOOL , CHOLLANGIPETA, TALLAREVU MANDAL, KAKINAD
Website : https://nadunedu.se.ap.gov.in/cbse/cbse/28143700204"
1505,"Aff. No. :120523
Sch. Code:58584","State : ANDHRA PRADESH
District : KAKINADA",Senior Secondary Level,"Name : SRGHS TUNI
Head/Principal Name: T SESHAGIRI","Address : OPPOSITE TO MUNICIPAL OFFICE, TUNI
Website : https://nadunedu.se.ap.gov.in/cbse/cbse/28140691430"
1506,"Aff. No. :120654
Sch. Code:58716","State : ANDHRA PRADESH
District : KAKINADA",Senior Secondary Level,"Name : MPL HS G SALIPETA KKD
Head/Principal Name: J SUBBALAKSHMI","Address : NEAR FIRE STATION, SALIPETA, KAKINADA
Website : https://nadunedu.se.ap.gov.in/cbse/cbse/28142495476"
1507,"Aff. No. :120647
Sch. Code:58709","State : ANDHRA PRADESH
District : KAKINADA",Senior Secondary Level,"Name : ZPHS DHARMAVARAM
Head/Principal Name: KARRI CHINA RAMA MURTY","Address : DHARMAVARAM, KAKINADA
Website : https://nadunedu.se.ap.gov.in/cbse/cbse/28141004006"
1508,"Aff. No. :120632
Sch. Code:58693","State : ANDHRA PRADESH
District : KAKINADA",Senior Secondary Level,"Name : APSWRS JAGGAMPETA
Head/Principal Name: G RAJA KUMARI","Address : GOKAVARAM ROAD, JAGGAMPETA
Website : https://nadunedu.se.ap.gov.in/cbse/cbse/28141801614"
1509,"Aff. No. :120613
Sch. Code:58674","State : ANDHRA PRADESH
District : KAKINADA",Senior Secondary Level,"Name : KGBV KOTANANDURU
Head/Principal Name: G Rajeswari","Address : ALLIPUDI, KOTANANDURU, KGBV, KOTANANDURU,EGDT,AP
Website : https://nadunedu.se.ap.gov.in/cbse/cbse/28140501112"
1510,"Aff. No. :120533
Sch. Code:58594","State : ANDHRA PRADESH
District : KAKINADA",Senior Secondary Level,"Name : KGBV SANKHAVARAM
Head/Principal Name: B BALAMANI KUMARI","Address : BESIDE MRO OFFICE ,SANKHAVAR, SANKHAVARAM,
Website : https://nadunedu.se.ap.gov.in/cbse/cbse/28140903008"
1511,"Aff. No. :120538
Sch. Code:58599","State : ANDHRA PRADESH
District : KAKINADA",Senior Secondary Level,"Name : ZPHS LAMPAKALOVA
Head/Principal Name: K V RAGHAVA KUMAR","Address : MAIN ROAD , LAMPAKALOVA, LAMPAKALOVA
Website : https://nadunedu.se.ap.gov.in/cbse/cbse/28141003203"
1512,"Aff. No. :120586
Sch. Code:58647","State : ANDHRA PRADESH
District : KAKINADA",Senior Secondary Level,"Name : APMS HAMSAVARAM
Head/Principal Name: PULLA PADMAJA","Address : NEAR BY ZPHS HAMSAVARAM, TUNI
Website : https://nadunedu.se.ap.gov.in/cbse/cbse/28140602309"
1513,"Aff. No. :120214
Sch. Code:58275","State : ANDHRA PRADESH
District : KAKINADA",Senior Secondary Level,"Name : ZPHS KONDEVARAM
Head/Principal Name: PJOHN","Address : CATENDORA OPPOSITE STREET, KAKINADA
Website : https://nadunedu.se.ap.gov.in/cbse/cbse/28142200905"
1514,"Aff. No. :120352
Sch. Code:58413","State : ANDHRA PRADESH
District : KAKINADA",Senior Secondary Level,"Name : APSWRS VKOTHURU
Head/Principal Name: PUTLA NIRMALA KUMARI","Address : APSWRS/ JR C NEAR POULTRY FARM, VELAMA K, TUNI
Website : https://nadunedu.se.ap.gov.in/cbse/cbse/28140601512"
1515,"Aff. No. :120374
Sch. Code:58435","State : ANDHRA PRADESH
District : KAKINADA",Senior Secondary Level,"Name : KGBV VAKADARIPETA
Head/Principal Name: MADDULA RAJESWARI","Address : VAKADARIPETA , THONDANGI
Website : https://nadunedu.se.ap.gov.in/cbse/cbse/28140700919"
1516,"Aff. No. :120384
Sch. Code:58445","State : ANDHRA PRADESH
District : KAKINADA",Senior Secondary Level,"Name : ZPHS MALLAM
Head/Principal Name: Gajula Murali Bhaskara Rao","Address : SIVALAYAM STREET, MALLAM, PITHAPURAM MANDAL
Website : https://nadunedu.se.ap.gov.in/cbse/cbse/28142101903"
1517,"Aff. No. :120379
Sch. Code:58440","State : ANDHRA PRADESH
District : KAKINADA",Senior Secondary Level,"Name : APSWRS G JAGGAYYA CHERUVU
Head/Principal Name: TRIVENI","Address : JAGGAYYA CHERUVU PITHAPURAM, JAGGAYYA CHERUVU PITHAPURAM
Website : https://nadunedu.se.ap.gov.in/cbse/cbse/28142190747"
1518,"Aff. No. :120333
Sch. Code:58394","State : ANDHRA PRADESH
District : KAKINADA",Senior Secondary Level,"Name : ZPHS DURGADA
Head/Principal Name: ERAJYALAKSHMI","Address : DURGADA, CHEBROLU POST GOLLAROLU MANDAL
Website : https://nadunedu.se.ap.gov.in/cbse/cbse/28140800306"
1519,"Aff. No. :120334
Sch. Code:58395","State : ANDHRA PRADESH
District : KAKINADA",Senior Secondary Level,"Name : SPSR ZPPHS G MEDAPADU
Head/Principal Name: GORRIPATI PANDAVULU","Address : G. KOTHURU ROAD G. MEDAPADU, SAME ABOVE
Website : https://nadunedu.se.ap.gov.in/cbse/cbse/28142500207"
1520,"Aff. No. :120336
Sch. Code:58397","State : ANDHRA PRADESH
District : KAKINADA",Senior Secondary Level,"Name : GHS KIRLAMPUDI
Head/Principal Name: AKULA SREENIVASA RAO","Address : OPPOSITE PHC , KIRLAMPUDI
Website : https://nadunedu.se.ap.gov.in/cbse/cbse/28141901606"
1521,"Aff. No. :120294
Sch. Code:58355","State : ANDHRA PRADESH
District : KAKINADA",Senior Secondary Level,"Name : ZPHS RAJAPUDI
Head/Principal Name: KUNDA JOHN SOLOMON RAJU","Address : OPP JAGADHANJANEYA RICE MILL, RAJAPUDI
Website : https://nadunedu.se.ap.gov.in/cbse/cbse/28141800706"
1522,"Aff. No. :120267
Sch. Code:58328","State : ANDHRA PRADESH
District : KAKINADA",Senior Secondary Level,"Name : ZPHS VELANGI
Head/Principal Name: KASI BHARATHI","Address : VELANGI, VELANGI
Website : https://nadunedu.se.ap.gov.in/cbse/cbse/28143601408"
1523,"Aff. No. :130818
Sch. Code:23860","State : ANDHRA PRADESH
District : KAKINADA",Secondary Level,"Name : BHASHYAM BLOOMS E.M SCHOOL
Head/Principal Name: KADIYAM DHRUVEENA","Address : ADB ROAD, ATCHAMPETA, SAMARLAKOTA MANDAL
Website : https://www.bhashyamblooms.in"
1524,"Aff. No. :130786
Sch. Code:57279","State : ANDHRA PRADESH
District : KAKINADA",Secondary Level,"Name : 3RD BN APSP EM HIGH SCHOOL
Head/Principal Name: K ESWARI DEVI","Address : 3APSP CAMPUS, RAMANAYYAPETA, KAKINADA
Website : https://3rdbnschool.com"
1525,"Aff. No. :130822
Sch. Code:23874","State : ANDHRA PRADESH
District : NTR",Secondary Level,"Name : DREAM INDIA SCHOOL
Head/Principal Name: YARLAGADDA LATA BABURAO","Address : D.NO.27-13-2 RAJUPETA, TIRUVURU MANDAL, NEAR ASHTHA LAKSHMI TEMPLE
Website : www.dreamindia.com"
1526,"Aff. No. :130832
Sch. Code:23905","State : ANDHRA PRADESH
District : NTR",Senior Secondary Level,"Name : EKATVA EM SCHOOL
Head/Principal Name: AISHWARYA SAMBASIVAN","Address : S NO 156/1, PONNAVARAM VILLAGE, VEERULLAPADU MANDAL
Website : https://ekatvaedu.in/"
1527,"Aff. No. :130835
Sch. Code:23917","State : ANDHRA PRADESH
District : NTR",Senior Secondary Level,"Name : CHITTURI VIDYALAYAM
Head/Principal Name: KUDITHIPUDI SUDHARANI","Address : H.NO. 21-122/15, GOLLAPUDI, VIJAYAWADA RURAL, NTR DISTRICT, ANDHRA PRADESH
Website : https://chv.ac.in/"
1528,"Aff. No. :130847
Sch. Code:23962","State : ANDHRA PRADESH
District : NTR",Secondary Level,"Name : ST JOSEPH'S ENGLISH MEDIUM HIGH SCHOOL
Head/Principal Name: PAMPLANY SHINY TOMS","Address : GUNADALA , VIJAYAWADA , KRISHNA DISTRICT
Website : https://www.stjosephemschool.com/"
1529,"Aff. No. :130009
Sch. Code:57010","State : ANDHRA PRADESH
District : NTR",Senior Secondary Level,"Name : V P SIDDHARTHA PUBLIC SCHOOL
Head/Principal Name: SEETHA RAMAIAH MEDA","Address : MOGALRAJAPURAM, VIJAYAWADA ANDHRA PRADESH
Website : www.vpspsvja.ac.in"
1530,"Aff. No. :130010
Sch. Code:57009","State : ANDHRA PRADESH
District : NTR",Secondary Level,"Name : N.ST.MATHEW'S PUBLIC SCHOOL
Head/Principal Name: RAYAPUREDDY SINGAREDDY","Address : PATAMATA VIJAYAWADA ANDHRA PRADESH
Website : www.nsmpublicschoolvijayawada.org"
1531,"Aff. No. :120022
Sch. Code:59554","State : TELANGANA
District : ADILABAD",Senior Secondary Level,"Name : EMRS UTNOOR GIRLS, HNTC BUILDING
Head/Principal Name: ARVINDER","Address : BESIDE RDO OFFICE, VIL & MAND: UTNOOR, DISTT. ADILABAD, TELANGANA-504311,
Website : http:tsemrs.telangana.gov.in"
1532,"Aff. No. :3630041
Sch. Code:","State : TELANGANA
District : ADILABAD",Secondary Level,"Name : YUVA SANGATHAN SCHOOL
Head/Principal Name: D USHA RANI","Address : POST OFFICE ROAD BELLAMPALLY ADILABAD ANDHRA PRADESH
Website :"
1533,"Aff. No. :3630087
Sch. Code:57604","State : TELANGANA
District : ADILABAD",Senior Secondary Level,"Name : CARMEL CONVENT SCHOOL
Head/Principal Name: SR REESAMMA A S","Address : ACC MANCHERIAL ADILABAD DT
Website : www.carmelcbsemancherial.com"
1534,"Aff. No. :3600020
Sch. Code:59543","State : TELANGANA
District : ADILABAD",Senior Secondary Level,"Name : KENDRIYA VIDYALAYA
Head/Principal Name: WAGHMARE VISHAKHA","Address : BHAGAT SINGH NAGAR NEAR DISTRICT POLICE, TRAINING CENTRE BEHIND ASHTHA LAXMI, SPINNING MILL ADILABAD
Website : https://adilabad.kvs.ac.in/"
1535,"Aff. No. :3620008
Sch. Code:58156","State : TELANGANA
District : ADILABAD",Senior Secondary Level,"Name : EKLAVYA MODEL RESIDENTIAL SCHOOL NARNOOR
Head/Principal Name: Anjaneyulu Karingu","Address : TELANGANA, ADILABAD 504311
Website : https://tsemrs.telangana.gov.in/schoolDet.php?s=EMRS%20Narno"
1536,"Aff. No. :3620014
Sch. Code:58160","State : TELANGANA
District : ADILABAD",Senior Secondary Level,"Name : EKLAVYA MODEL RESIDENTIAL SCHOOL ADILABAD,
Head/Principal Name: GUDURU RAMESH RAO","Address : TELANGANA-504296
Website : https://telanganaemrs.in/Sirpur/"
1537,"Aff. No. :3620108
Sch. Code:58208","State : TELANGANA
District : ADILABAD",Senior Secondary Level,"Name : TSEMRS INDRAVELLY
Head/Principal Name: SAURABH YADAV","Address : ANJI ROAD,INDRAVELLY, ADILABAD DISTRICT
Website : https://telanganaemrs.in/indervelly"
1538,"Aff. No. :130283
Sch. Code:57614","State : TELANGANA
District : ADILABAD",Secondary Level,"Name : CHAVARA ACADEMY MAVALA,
Head/Principal Name: JINS V THOMAS","Address : MAVALA PO ADILABAD, ANDHRA PRADESH
Website : www.chavaraacademycbse.com"
1539,"Aff. No. :3630231
Sch. Code:57724","State : TELANGANA
District : ADILABAD",Secondary Level,"Name : SRI USHODAYA HIGH SCHOOL
Head/Principal Name: YARLAGADDA BALAJI","Address : A.C.C.QUARRY ROAD,MANCHERIAL.ADILABAD DIST.TELANGANA
Website : www.sriushodayamncl.com"
1540,"Aff. No. :3630262
Sch. Code:57781","State : TELANGANA
District : ADILABAD",Secondary Level,"Name : ST. CLARET SCHOOL
Head/Principal Name: BIJU JOSEPH","Address : ST.CLARET SCHOOL KAGHAZNAGAR KAGHAZNAGAR P.O. PIN: 504296
Website : www.claretschoolskzr.com"
1541,"Aff. No. :3630323
Sch. Code:57847","State : TELANGANA
District : ADILABAD",Senior Secondary Level,"Name : ARYABHATTA HIGH SCHOOL
Head/Principal Name: Shishir Bera","Address : SY. NO. 26/1, MALLAPUR VILLAGE, BHEEMSARI GRAMPANCHAYAT, ADILABAD (RURAL) MANDAL, ADILABAD DISTRICT - 504001 (T.S.)
Website : www.aryabhattahighschool.com"
1542,"Aff. No. :3640004
Sch. Code:59525","State : TELANGANA
District : ADILABAD",Senior Secondary Level,"Name : JAWAHAR NAVODAYA VIDYALAYA
Head/Principal Name: REPALA KRISHNA","Address : SIRPUR-KAGAZ NAGAR R R O CAMP TRISHUL PAHAD ADILABAD DISTT.
Website : http://navodaya.gov.in/nvs/nvs-school/ADILABAD/en/home"
1543,"Aff. No. :3630569
Sch. Code:57335","State : TELANGANA
District : ADILABAD",Senior Secondary Level,"Name : OAKLEY HIGH SCHOOL
Head/Principal Name: VRISHI GUPTA","Address : CHANDA VILLAGE, ADILABAD RURAL, ADILABAD
Website : www.oakleyschool.in"
1544,"Aff. No. :3630579
Sch. Code:57374","State : TELANGANA
District : ADILABAD",Secondary Level,"Name : RESONANCE WORLD SCHOOL
Head/Principal Name: TULSI KUMARI","Address : ROAD NO. 09, DURGA NAGAR, MAVALA
Website : www.resonanceworldschool.com"
1545,"Aff. No. :3630322
Sch. Code:57860","State : TELANGANA
District : KARIMNAGAR",Secondary Level,"Name : PRAGNYA GLOBAL SCHOOL
Head/Principal Name: PONTURU ANIL KUMAR","Address : LAXMIPUR JAGTIYAL TELANGANA 505529
Website : http://pragnyaglobalschool.com/"
1546,"Aff. No. :3630296
Sch. Code:57821","State : TELANGANA
District : KARIMNAGAR",Senior Secondary Level,"Name : ST.GEORGE INTERNATIONAL SCHOOL
Head/Principal Name: NAINI HEPSIBAH PRIYADARSHINI","Address : BESIDE RAMALAYAM, KOTHAPALY VILLAGE & MANDAL, KARIMNAGAR TELANGANA-505451
Website : www.stgeorgeeducation.com"
1547,"Aff. No. :3630266
Sch. Code:57786","State : TELANGANA
District : KARIMNAGAR",Secondary Level,"Name : KGR PUBLIC SCHOOL
Head/Principal Name: T PURNA CHANDER","Address : KGR PUBLIC SCHOOL, MOTHE, GOLLAPALLY ROAD, NEAR GODAVARI VALLEY, JAGTIAL, TELANGANA 505327
Website : https://www.kgrps.com/"
1548,"Aff. No. :3630258
Sch. Code:57769","State : TELANGANA
District : KARIMNAGAR",Senior Secondary Level,"Name : PARAMITA HERITAGE SCHOOL
Head/Principal Name: PARANKUSHAM GOPIKRISHNA","Address : PADMANAGAR, KARIMNAGAR, TELANGANA-505002
Website : www.paramitaheritageschool.in"
1549,"Aff. No. :3630283
Sch. Code:57816","State : TELANGANA
District : KARIMNAGAR",Secondary Level,"Name : EKASHILA HIGH SCHOOL
Head/Principal Name: CHIDURALA DINESH REDDY","Address : H.NO 4-21/13-2 THUMMANAPALLY(V) HUZURABAD (M) KARIMNAGAR(D) PIN 505468
Website : https://ekashilaeduschool.com/"
1550,"Aff. No. :3630380
Sch. Code:56370","State : TELANGANA
District : KARIMNAGAR",Senior Secondary Level,"Name : SRI CHAITANYA HIGH SCHOOL
Head/Principal Name: Mahadevuni Ravi","Address : FERTILIZER CITY. RAMAGUNDAM FERTILIZERS AND CHEMICALS ESTATE R F C L TOWNSHIP
Website : www.srichaitanyaschoolramagundam.net"
1551,"Aff. No. :3630211
Sch. Code:57741","State : TELANGANA
District : KARIMNAGAR",Secondary Level,"Name : MANAIR HIGH SCHOOL
Head/Principal Name: K SUNTHA REDDY","Address : 2-59, PADMANAGAR, KARIMNAGAR
Website : http://manairschools.com/"
1552,"Aff. No. :3630162
Sch. Code:57671","State : TELANGANA
District : KARIMNAGAR",Senior Secondary Level,"Name : ALPHORES HIGH SCHOOL
Head/Principal Name: M ARUNA KUMARI","Address : KOTHAPALLY, KARIMNAGAR
Website : https://cbse.alphores.org/"
1553,"Aff. No. :130428
Sch. Code:57743","State : TELANGANA
District : KARIMNAGAR",Secondary Level,"Name : SRI CHAITANYA HIGH SCHOOL
Head/Principal Name: B RAMA KRISHNA MURTHY","Address : NEAR CHINNA GATTU
Website : https://schscbse.com/"
1554,"Aff. No. :3620050
Sch. Code:58150","State : TELANGANA
District : KARIMNAGAR",Senior Secondary Level,"Name : TSWR SAINIK SCHOOL
Head/Principal Name: V.LINGAIAH","Address : RUKMAPUR VILLAGE
Website : http://tgswreis.telangana.gov.in/sanik.php"
1555,"Aff. No. :3620051
Sch. Code:58151","State : TELANGANA
District : KARIMNAGAR",Senior Secondary Level,"Name : EMRS MARRIMADLA
Head/Principal Name: RAM SURAT YADAV","Address : VILL;MARRIMADLA,MDL:KONARAOPETA,DIST:SIRICILLA
Website : https://fastses.telangana.gov.in/EMRS/Marrimadla.h"
1556,"Aff. No. :3620007
Sch. Code:58163","State : TELANGANA
District : KARIMNAGAR",Senior Secondary Level,"Name : TTWEMRS(G) GANDUGULAPALLY, GANDUGULAPALLY (VILLAGE)(POST),
Head/Principal Name: SANJAY MALAKAR","Address : DAMMAPETA (MANDAL), BHADRADRI KOTHAGUDEM (DIST.) SATHUPALLY, KARIMNAGAR, TELANGANA-507306
Website : https://tsemrs.telangana.gov.in/"
1557,"Aff. No. :3620001
Sch. Code:58164","State : TELANGANA
District : KARIMNAGAR",Senior Secondary Level,"Name : TWEMRS(G) YELLAREDDYPET DUMALA VILLAGE,
Head/Principal Name: H. FATIMA","Address : YELLAREDDY PETA MANDAL, SIRICILLA (DIST) KARIMNAGAR, TELANGANA-505305.
Website : https://tsemrs.telangana.gov.in/Admin/login.php"
1558,"Aff. No. :3600025
Sch. Code:59546","State : TELANGANA
District : KARIMNAGAR",Senior Secondary Level,"Name : PM SHRI KENDRIYA VIDYALAYA
Head/Principal Name: PANKAJ KUMAR","Address : LMD ALUGUNO, KARIMNAGAR, KARIMNAGAR DISTRICT, TELENGANA- 505 527
Website : www.karimnagar.kvs.ac.in"
1559,"Aff. No. :3600026
Sch. Code:59550","State : TELANGANA
District : KARIMNAGAR",Secondary Level,"Name : PM SHRI KENDRIYA VIDYALAYA SIRCILLA
Head/Principal Name: SHESHA PRASAD NADUPALLI","Address : KENDRIYA VIDYALAYA C/O MPP SCHOOL SUBHASHNAGAR SIRCILLA
Website : www.sircilla.kvs.ac.in"
1560,"Aff. No. :3600008
Sch. Code:59510","State : TELANGANA
District : KARIMNAGAR",Senior Secondary Level,"Name : KENDRIYA VIDYALAYA
Head/Principal Name: SHAIK SARDAR BASHA","Address : NTPC JYOTHI NAGAR RAMAGUNDAM KARIMNAGAR DISTT. ANDHRA PRADESH
Website : https://ramagundamntpc.kvs.ac.in/"
1561,"Aff. No. :3630088
Sch. Code:","State : TELANGANA
District : KARIMNAGAR",Secondary Level,"Name : KENCREST INTERNATIONAL SCHOOL
Head/Principal Name: Joy Chakroborty","Address : JYOTHINAGAR, SHIVA THEATRE ROAD, KARIMNAGAR.
Website : http://www.kencrestinternationalschool.com"
1562,"Aff. No. :3630033
Sch. Code:57537","State : TELANGANA
District : KARIMNAGAR",Secondary Level,"Name : JYOTHISHMATI ACADEMY
Head/Principal Name: Y Venu Madhav","Address : 9/3 KM HYDERABAD ROAD NUSTULAPUR VILLAGE KARIM NAGAR DIST. ANDHRA PRADESH
Website : www.jyothishmathi.in"
1563,"Aff. No. :3630031
Sch. Code:57535","State : TELANGANA
District : KARIMNAGAR",Secondary Level,"Name : ENGLISH UNION SCHOOL
Head/Principal Name: PULYALA SAMPATH REDDY","Address : 2-10-853/1 JYOTHINAGAR BEHIND COURT KARIMNAGAR DIST. ANDHRA PRADESH
Website : www.englishunion.in"
1564,"Aff. No. :130052
Sch. Code:57511","State : TELANGANA
District : KARIMNAGAR",Senior Secondary Level,"Name : VIVEKANANDA RESIDENTIAL SCHOOL
Head/Principal Name: T LALITHA KUMARI","Address : VIVEKANANDAPURI KARIM NAGAR ANDHRA PRADESH
Website :"
1565,"Aff. No. :3630514
Sch. Code:56942","State : TELANGANA
District : KARIMNAGAR",Senior Secondary Level,"Name : BIRLA OPEN MINDS SCHOOL
Head/Principal Name: MONICA SHAH","Address : SURVEY NO 49 , 10-63/B/1 NEAR FLY OVERBOMMAKAL VILLAGE , KARIM NAGAR MANDAL
Website : www.bomiskmg.com"
1566,"Aff. No. :3630436
Sch. Code:56538","State : TELANGANA
District : KARIMNAGAR",Secondary Level,"Name : ACADEMIC HEIGHTS PUBLIC SCHOOL
Head/Principal Name: LAXMI DEEPTHI KORUKANTI","Address : JAYASHANKAR ESTATES, KOTHAPALLY
Website : https://www.academicheights.co.in"
1567,"Aff. No. :3630439
Sch. Code:56558","State : TELANGANA
District : KARIMNAGAR",Secondary Level,"Name : AKSHARA INTERNATIONAL SCHOOL
Head/Principal Name: SARASWATHI KALPAK","Address : THIMMAPUR MANDAL, KARIMNAGAR
Website : https://www.aksharakarimnagar.com/"
1568,"Aff. No. :3630442
Sch. Code:56562","State : TELANGANA
District : KARIMNAGAR",Senior Secondary Level,"Name : PARAMITA WORLD SCHOOL
Head/Principal Name: SRIKAR MOHARIR","Address : THIMMAPUR, KARIMNAGAR
Website : www.paramitaworldschool.in"
1569,"Aff. No. :3630451
Sch. Code:56623","State : TELANGANA
District : KARIMNAGAR",Secondary Level,"Name : ST CLAIRE HIGH SCHOOL
Head/Principal Name: ANTONYSAMY DOMINIC","Address : JYOTHINAGAR, RAMAGUNDAM
Website : https://www.stclairentpc.org"
1570,"Aff. No. :3630463
Sch. Code:56687","State : TELANGANA
District : KARIMNAGAR",Secondary Level,"Name : SRI KAKATIYA HIGH SCHOOL
Head/Principal Name: VARALA SRINIVAS","Address : JAMMIKUNTA, KARIMNAGAR
Website : https://srikakatiyahighschooljammikunta.com/"
1571,"Aff. No. :3640005
Sch. Code:59528","State : TELANGANA
District : KARIMNAGAR",Senior Secondary Level,"Name : JAWAHAR NAVODAYA VIDYALAYA
Head/Principal Name: K BRAHMANANDAREDDY","Address : CHOPPADANDI KARIM NAGAR DIST.
Website : www.navodaya.gov.in/nvs-school/KARIMNAGAR/en/home"
1572,"Aff. No. :3630619
Sch. Code:23866","State : TELANGANA
District : KARIMNAGAR",Secondary Level,"Name : IVY HIGH SCHOOL (E/M)
Head/Principal Name: Malathi Kola","Address : PLOT NO 16, SITARAMPUR, KOTHAPALLE
Website : www.ivyschool.co.in"
1573,"Aff. No. :3630631
Sch. Code:23896","State : TELANGANA
District : KARIMNAGAR",Secondary Level,"Name : SR PRIME SCHOOL
Head/Principal Name: S SRINIVAS","Address : H.NO 1-41, H.NO 1-41, H.NO 1-41
Website : www.srprimeschoolrangaraopalli.com"
1574,"Aff. No. :3630648
Sch. Code:23929","State : TELANGANA
District : KARIMNAGAR",Secondary Level,"Name : TRINITY THE SCHOOL OF LEARNING
Head/Principal Name: RATNAMALA BEHERA","Address : 15-3-27/2, SALEH NAGAR, KARIM NAGAR
Website : https://www.trinitysol.co.in/"
1575,"Aff. No. :130034
Sch. Code:59517","State : TELANGANA
District : KHAMMAM",Senior Secondary Level,"Name : ATOMIC ENERGY CENTRAL SCHOOL
Head/Principal Name: PERMOD KUMAR SINGH","Address : HEAVY WATER PLANT COLONY ASWAPURAM KHAMMAM DISTT. ANDHRA PRADESH
Website : www.aecsmanuguru.edu.in"
1576,"Aff. No. :130168
Sch. Code:57557","State : TELANGANA
District : KHAMMAM",Secondary Level,"Name : GORKEY PUBLIC SCHOOL
Head/Principal Name: MAYATHEVAR PANDIARAJAN","Address : MALLEMADUGU VILLAGE KAIKONDAI GUDEM GRAM PANCHYAT VIA COLLECTRATE KHAMMAM ANDHRA PRADESH
Website : www.gorkeypublicschool.in"
1577,"Aff. No. :3630032
Sch. Code:57536","State : TELANGANA
District : KHAMMAM",Senior Secondary Level,"Name : S V M CENTRAL PUBLIC SCHOOL
Head/Principal Name: M PRASAD","Address : SRINIVASA NAGAR KHAMMAM ANDHRA PRADESH
Website : www.svmcpsschool.com"
1578,"Aff. No. :3630047
Sch. Code:57559","State : TELANGANA
District : KHAMMAM",Secondary Level,"Name : BHARAT PUBLIC SCHOOL
Head/Principal Name: KALPAGIRI SRINU","Address : SUBHASH CHANDRA BOSE NAGAR RAMAVARAM KOTHAGUDAM ANDHRA PRADESH
Website : www.bharathpublicschoolktdm.com"
1579,"Aff. No. :3630058
Sch. Code:57574","State : TELANGANA
District : KHAMMAM",Senior Secondary Level,"Name : HARVEST PUBLIC SCHOOL
Head/Principal Name: R PARVATHI REDDY","Address : 5-7-200/11, NEAR MAMATA HOSPITAL, PAKABANDA BAZAR, KHAMMAM, A.P 507001
Website : www.harvestpublicschool.edu.in"
1580,"Aff. No. :3600018
Sch. Code:59541","State : TELANGANA
District : KHAMMAM",Senior Secondary Level,"Name : PM SHRI KENDRIYA VIDYALAYA
Head/Principal Name: KAVINDRA RAI","Address : VILLAGE POLPALLY, NEAR KARUNAGIRI, KHAMMAM, ANDHRA PRADESH
Website : https://khammam.kvs.ac.in"
1581,"Aff. No. :3620102
Sch. Code:58202","State : TELANGANA
District : KHAMMAM",Senior Secondary Level,"Name : EMRS MULKALAPALLY
Head/Principal Name: VIJAY KUMAR","Address : DAMMAPET MANDAL, BHADRADRI KOTHAGUDEM DIST
Website : https://telanganaemrs.in/Mulkalapalle/index.php"
1582,"Aff. No. :3620103
Sch. Code:58203","State : TELANGANA
District : KHAMMAM",Senior Secondary Level,"Name : EKALAVYA MODEL RESIDENTIAL SCHOOL CHERLA
Head/Principal Name: Vandana B. Dass","Address : ASHOK NAGAR, BHADRACHALAM
Website : https://fastses.telangana.gov.in/EMRS/Cherla.html"
1583,"Aff. No. :3620104
Sch. Code:58204","State : TELANGANA
District : KHAMMAM",Senior Secondary Level,"Name : TSEMRS DUMMUGUDEM
Head/Principal Name: VIJENDRA SINGH","Address : SEETHARAMPURAM, DUMMUGUDEM
Website : https://telanganaemrs.in/Dummugudem/"
1584,"Aff. No. :3620105
Sch. Code:58205","State : TELANGANA
District : KHAMMAM",Senior Secondary Level,"Name : EKALAVYA MODEL RESIDENTIAL SCHOOL, SINGARENI
Head/Principal Name: PRASHANT KUMAR","Address : NEAR RAILWAY GATE, KAREPALLI, SINGARENI MANDAL
Website : https://tsemrs.telangana.gov.in"
1585,"Aff. No. :3630006
Sch. Code:57512","State : TELANGANA
District : KHAMMAM",Senior Secondary Level,"Name : BHADRACHALAM PUBLIC SCHOOL & JR. COLLEGE
Head/Principal Name: PRASHANT U KITKULE","Address : SARAPAKA KHAMMAM DIST. ANDHRA PRADESH
Website : www.itcbps.org"
1586,"Aff. No. :3630011
Sch. Code:57513","State : TELANGANA
District : KHAMMAM",Secondary Level,"Name : NAVABHARAT PUBLIC SCHOOL
Head/Principal Name: NUKALA V K S N S R H PRASAD","Address : NAVA NAGAR SIIL POST PALONCHA KAMMAM DISTRICT ANDHRA PRADESH - 507 154
Website : www.nbps.in"
1587,"Aff. No. :3630019
Sch. Code:57529","State : TELANGANA
District : KHAMMAM",Secondary Level,"Name : S.E.S - V V CENTRAL PUBLIC SCHOOL
Head/Principal Name: M VIDYULLATHA","Address : SARADA NAGAR RAGUNADHAPALEM P.O KHAMMAM DIST. KHAMMAM DIST ANDHRA PRADESH
Website : https://vvcschool.blogspot.com/"
1588,"Aff. No. :3620013
Sch. Code:58162","State : TELANGANA
District : KHAMMAM",Senior Secondary Level,"Name : EKLAVYA MODEL RESIDENTIAL SCHOOL
Head/Principal Name: PRASENJIT GHOSAL","Address : RAMAVARAM, KHAMMAM TELANGANA-507101
Website : www.telanganaemrs.in/palvancha"
1589,"Aff. No. :3630143
Sch. Code:57661","State : TELANGANA
District : KHAMMAM",Senior Secondary Level,"Name : SAI SPURTHI D.A.V SCHOOL
Head/Principal Name: TANUKU SESHA SAI SREE","Address : B.GANGARAM (V), SATTUPALLY (M), KHAMMAM DISTRICT-507303
Website : www.davsaispurthi.org"
1590,"Aff. No. :3630104
Sch. Code:57711","State : TELANGANA
District : KHAMMAM",Senior Secondary Level,"Name : SRI CHAITANYA INTERNATIONAL SCHOOL
Head/Principal Name: NAGA PRAVEENA GOPISETTY","Address : NEAR MAMATHA MEDICAL COLLEGE, PAKABANDA BAZAR, KHAMMAM.
Website : www.srichaitanyainternationalkhammmam.com"
1591,"Aff. No. :3630115
Sch. Code:57631","State : TELANGANA
District : KHAMMAM",Senior Secondary Level,"Name : BLOOMING MINDS CENTRAL SCHOOL
Head/Principal Name: VAJRALA KIRAN KUMAR","Address : KAIKONDAIGUDEM POST, RURAL MANDAL, NEAR TRINITY PG COLLEGE, BALLEPALLI, KHAMMAM DT, ANDHRA PRADESH
Website : https://bloomingmindscentralschool.com/"
1592,"Aff. No. :3630408
Sch. Code:57863","State : TELANGANA
District : KHAMMAM",Secondary Level,"Name : ST. FRANCIS E.M. SCHOOL
Head/Principal Name: BABY THEKKINEIN DEVASSY KUTTY","Address : RAJEEV NAGAR, MADHIRA, KHAMMAM DIST. PIN: 507 203 . TELANGANA STATE
Website : www.stfrancismdr.in"
1593,"Aff. No. :3630426
Sch. Code:56415","State : TELANGANA
District : KHAMMAM",Secondary Level,"Name : MADHU VIDYALAYAM
Head/Principal Name: DURISETI VENKATARAMANA CHARI","Address : WYRA MANDAL, DISTRICT KHAMMAM
Website : http://www.madhuvidyalayam.com"
1594,"Aff. No. :3630271
Sch. Code:57789","State : TELANGANA
District : KHAMMAM",Senior Secondary Level,"Name : NEW LITTLE FLOWER E.M SCHOOL
Head/Principal Name: POTHINENI BHUMESHWARA RAO","Address : 7-427/C, LIONS VIDYA NAGAR, WYRA (MNDL), KHAMMAM (DIST)
Website : https://newlittleflowersschools.com/"
1595,"Aff. No. :3630291
Sch. Code:57800","State : TELANGANA
District : KHAMMAM",Secondary Level,"Name : ST.JOSEPHS HIGH SCHOOL
Head/Principal Name: Sr Arockia Mary","Address : ST.JOSEPHS HIGH SCHOOL, GUTTALA BAZAR, KHAMMAM, 507003
Website : https://stjosephscbsehighschool.com"
1596,"Aff. No. :3630269
Sch. Code:57790","State : TELANGANA
District : KHAMMAM",Senior Secondary Level,"Name : SREE VIDYANIKETHAN HIGH SCHOOL
Head/Principal Name: V VIJAY KUMAR","Address : GOPALAPURAM, 8TH DIVISION,KHAMMAM CITY,KHAMMAM DISTRICT.
Website :"
1597,"Aff. No. :3630581
Sch. Code:57366","State : TELANGANA
District : KHAMMAM",Senior Secondary Level,"Name : DELHI PUBLIC SCHOOL
Head/Principal Name: PANNERU VINEETHA","Address : VELUGUMATLA.KHAMMAM URABAN MANDAL., KHAMAMAM, DISTRICT
Website : https://dpskhammam.com"
1598,"Aff. No. :3630588
Sch. Code:57403","State : TELANGANA
District : KHAMMAM",Secondary Level,"Name : SRI CHAITANYA VISTA SCHOOL
Head/Principal Name: A JAYA SUDHA","Address : 66H2+M7, NEAR EENADU OFFICE, RUDRAMKOTA, VELUGUMATLA, KHAMMAM
Website : https://www.srichaitanyavistaschool.com/"
1599,"Aff. No. :3630593
Sch. Code:57405","State : TELANGANA
District : KHAMMAM",Secondary Level,"Name : SR HIGH SCHOOL
Head/Principal Name: V RAMACHANDRA MURTHY","Address : H.NO 15-8-682 SRI NAGAR COLONY, KHANAPURAM HAVELI (V), KHAMMAM URBAN (M)
Website : www.srhighschoolkhammam.com"
1600,"Aff. No. :3630590
Sch. Code:57402","State : TELANGANA
District : KHAMMAM",Senior Secondary Level,"Name : NEW ERA SCHOOL
Head/Principal Name: S Anand Kumar","Address : MAMATHA HOSPITAL ROAD,, KHAMMAM, KHAMMAM DISTRICT
Website : www.neweraschools.in"
1601,"Aff. No. :3630669
Sch. Code:23975","State : TELANGANA
District : KHAMMAM",Secondary Level,"Name : GRACE CHILDREN SCHOOL
Head/Principal Name: YELLABOINA SRIVENU","Address : H.NO 3-99/2, THANIKELLA VILL, KONIJERLA MANDAL
Website : http://www.gracechildrenschoolhyderabad.com/"
1602,"Aff. No. :3640002
Sch. Code:59522","State : TELANGANA
District : KHAMMAM",Senior Secondary Level,"Name : JAWAHAR NAVODAYA VIDYALAYA
Head/Principal Name: KAKUMANI SRINIVASULU","Address : PALAIR-POST VIL.PALERU KUSUMANCHI MA KHAMMAM DISTT.
Website : https://www.navodaya.gov.in/nvs/nvs-school/KHAMMAM/en/home/"
1603,"Aff. No. :3630498
Sch. Code:56858","State : TELANGANA
District : KHAMMAM",Secondary Level,"Name : HARVEST SPRING LEAF SCHOOL
Head/Principal Name: CH SNEHA","Address : H.N-7-300, NEAR RAJIV GRUHAKALPA, POLEPALLY
Website : http://www.harvestspringleafschool.com/"
1604,"Aff. No. :3630522
Sch. Code:56958","State : TELANGANA
District : KHAMMAM",Secondary Level,"Name : WINFIELD HIGH SCHOOL
Head/Principal Name: GADDE PULLA RAO","Address : H NO 16-8-26/4/A/1, MADHURANAGAR COLONY,, ROAD NO.4, , GOLLAGUDEM ROAD
Website : https://winfieldschool.com/"
1605,"Aff. No. :3630267
Sch. Code:57782","State : TELANGANA
District : MAHABUBNAGAR",Secondary Level,"Name : MOUNT BASIL HIGH SCHOOL
Head/Principal Name: M SOMASEKHAR","Address : HNO: 7-13, NEAR JOLLY HILLS, MALLEBOINAPALLY, JADCHERLA, MAHABUBNAGAR
Website :"
1606,"Aff. No. :3630248
Sch. Code:57758","State : TELANGANA
District : MAHABUBNAGAR",Senior Secondary Level,"Name : M.V.RAMAN HIGH SCHOOL
Head/Principal Name: ANCY SREEDHAR","Address : ATMAKUR,
Website : www.mvramanhighschool.in"
1607,"Aff. No. :3630251
Sch. Code:57761","State : TELANGANA
District : MAHABUBNAGAR",Secondary Level,"Name : SARASWATHI HIGH SCHOOL
Head/Principal Name: E Kalpana","Address : YERRAVALLY X ROADS, KONDAIR POST
Website : www.yerravallisaraswathischool.in"
1608,"Aff. No. :3630284
Sch. Code:57802","State : TELANGANA
District : MAHABUBNAGAR",Secondary Level,"Name : GEETHA SHRI HIGH SCHOOL
Head/Principal Name: DODLA BALRAJ","Address : BADEPALLY, MP JADCHERLA, JADCHERLA
Website : www.geethashrihighschool.com"
1609,"Aff. No. :3630378
Sch. Code:56368","State : TELANGANA
District : MAHABUBNAGAR",Senior Secondary Level,"Name : MONTESSORI HIGH SCHOOL
Head/Principal Name: KARRI SHIVA PRASAD","Address : D.NO:15-32, ALAMPUR VILLAGE & MANDAL JOGULAMBA GADWAL DIST
Website : www.msalp.org"
1610,"Aff. No. :3630346
Sch. Code:56208","State : TELANGANA
District : MAHABUBNAGAR",Secondary Level,"Name : EKASHILA INTERNATIONAL SCHOOL
Head/Principal Name: KATTEKOLA MADHU","Address : EKASHILA INTERNATIONAL SCHOOL HOUSE NO. 5-70, ERRAVALLY GRAM PANCHAYATH, THIMMAPUR SHIVAR, ITIKYAL MANDAL, ALAMPUR TQ, JOGULAMBA GADWAL DIST, TELANGANA. PIN- 509 128
Website : https://ekashilainternationalschools.com/"
1611,"Aff. No. :3630339
Sch. Code:56168","State : TELANGANA
District : MAHABUBNAGAR",Secondary Level,"Name : SR VIDYANIKETHAN INTERNATIONAL SCHOOL
Head/Principal Name: SUNITHA GONA","Address : NEAR VEERAPURAM, MP GADWAL, JOGULAMBA GADWAL DIST.
Website : www.srvidyanikethaninternationschool.com"
1612,"Aff. No. :3630137
Sch. Code:57646","State : TELANGANA
District : MAHABUBNAGAR",Senior Secondary Level,"Name : FORTUNE BUTTERFLY SCHOOL
Head/Principal Name: SANJEEV NAMPALLY","Address : KADTHAL VILLAGE, AMANGAL MANDAL
Website : www.fortunebutterflyschool.in"
1613,"Aff. No. :3630153
Sch. Code:57690","State : TELANGANA
District : MAHABUBNAGAR",Secondary Level,"Name : SHREE SWAMINARAYAN GURUKUL SCHOOL
Head/Principal Name: K HANUMANTHA REDDY","Address : CHENNAKESHAV NAGAR, NAGARKARNOOL RD, NAGASALA VILLAGE JADCHERLA,
Website : www.gurukul.org/jadcherla"
1614,"Aff. No. :3630201
Sch. Code:57715","State : TELANGANA
District : MAHABUBNAGAR",Secondary Level,"Name : DWARAKA SCHOOL
Head/Principal Name: RAVINDER G","Address : SINGARAM X ROAD
Website : www.dwarakacentralschool.com"
1615,"Aff. No. :3630229
Sch. Code:57830","State : TELANGANA
District : MAHABUBNAGAR",Secondary Level,"Name : SHASTRA SCHOOL
Head/Principal Name: N RAVITEJA","Address : KOTRA X ROAD, KOTRA (VILL), VELDANDA (MDL), MAHABUBNAGAR (DIST), TELANGANA
Website : www.shastraschool.academy"
1616,"Aff. No. :3630242
Sch. Code:57755","State : TELANGANA
District : MAHABUBNAGAR",Secondary Level,"Name : TAGORE HIGH SCHOOL
Head/Principal Name: ANJALI MOHANTY","Address : RAGHAVENDRA COLONY, SHADNAGAR, MEHBUBNAGAR DISTRICT, TELANGANA
Website : www.tagorehighschool.in"
1617,"Aff. No. :3630244
Sch. Code:57756","State : TELANGANA
District : MAHABUBNAGAR",Secondary Level,"Name : SHLOKA SCHOOL
Head/Principal Name: G. PRATIBHA","Address : SHLOKA SCHOOL, BUREDDYPALLY (VILLAGE), POST OFFICE: MALLEBOINAPLLY, JADCHERLA MANDAL, MAHBUBNAGAR _DIST PIN509301
Website : www.shlokacbseschool.com"
1618,"Aff. No. :3630245
Sch. Code:57763","State : TELANGANA
District : MAHABUBNAGAR",Secondary Level,"Name : KOTHAKOTA PUPILS HIGH SCHOOL
Head/Principal Name: A KRISHNA VEENI","Address : KOTHAKOTA
Website : www.kkps.edu.in"
1619,"Aff. No. :3630425
Sch. Code:56411","State : TELANGANA
District : MAHABUBNAGAR",Secondary Level,"Name : PRAYAG SCHOOL OF EXCELLENCE
Head/Principal Name: Eddiga Sushma","Address : ALAMPUR X- ROADS, UNDAVELLI (VILLAGE), UNDAVELLI (MANDAL)
Website : http://prayagsoe.com/"
1620,"Aff. No. :3630432
Sch. Code:56512","State : TELANGANA
District : MAHABUBNAGAR",Secondary Level,"Name : SURYA CHANDRA PALACE SCHOOL
Head/Principal Name: WAHEEDA REHMAN","Address : NAGAVARAM, WANAPARTHY
Website : http://suryachandrapalaceschool.com/"
1621,"Aff. No. :3620011
Sch. Code:58158","State : TELANGANA
District : MAHABUBNAGAR",Senior Secondary Level,"Name : EKLAVYA MODEL RESIDENTIAL SCHOOL
Head/Principal Name: Nitin Singh","Address : GUNDALA, TELANGANA-507111
Website : https://fastses.telangana.gov.in/EMRS/Gundala.html"
1622,"Aff. No. :3620012
Sch. Code:58159","State : TELANGANA
District : MAHABUBNAGAR",Senior Secondary Level,"Name : EKLAVYA MODEL RESIDENTIAL SCHOOL
Head/Principal Name: SUMAN KUMAR SUMAN","Address : KALWAKURTHY, MAHBUBNAGAR, TELANGANA-509301
Website : https://tsemrs.telangana.gov.in/schoolDet.php?s=EMRS%20Kalwa"
1623,"Aff. No. :3600019
Sch. Code:59544","State : TELANGANA
District : MAHABUBNAGAR",Senior Secondary Level,"Name : PM SHRI KENDRIYA VIDYALAYA
Head/Principal Name: SURENDER YERKALA","Address : MAHABUBNAGAR, RED CROSS BUILDING, YENUGONDA, MAHABUBNAGAR, ANDHRA PRADESH
Website : https://mahabubnagar.kvs.ac.in"
1624,"Aff. No. :3620003
Sch. Code:58157","State : TELANGANA
District : MAHABUBNAGAR",Senior Secondary Level,"Name : TTWEMRS(B) BALANAGAR (VILL)& (M), MAHBUBNAGAR
Head/Principal Name: Subhash Chandra Shukla","Address : GUNDED ROAD, NEAR SUBSTATION BALANAGA, TELANGANA-509202
Website : https://tsemrs.telangana.gov.in/schoolDet.php"
1625,"Aff. No. :130445
Sch. Code:57709","State : TELANGANA
District : MAHABUBNAGAR",Secondary Level,"Name : SAMARTHA SCHOOL
Head/Principal Name: Srikanth Kota","Address : H.NO 1-1/3/1 THIRUMALA HILLS APPANAPALLY NEAR MAYURI NURSERY MAHABUBNAGAR
Website : www.samarthaschool.co.in"
1626,"Aff. No. :130201
Sch. Code:57573","State : TELANGANA
District : MAHABUBNAGAR",Senior Secondary Level,"Name : IDEAL HIGH SCHOOL
Head/Principal Name: mohd ali jinnah","Address : LINGAREDDYGUDA M.P. FAROOQ NAGAR MEHABOOB NAGAR DISTT. ANDHRA PRADESH
Website :"
1627,"Aff. No. :130059
Sch. Code:57518","State : TELANGANA
District : MAHABUBNAGAR",Secondary Level,"Name : CHAITANYA CENTRAL SCHOOL
Head/Principal Name: K V SATWIK","Address : YENUGONDA MAHABUB NAGAR ANDHRA PRADESH
Website : www.ccsmbnr.org"
1628,"Aff. No. :3630576
Sch. Code:57367","State : TELANGANA
District : MAHABUBNAGAR",Secondary Level,"Name : FATHIMA VIDYALAYAM
Head/Principal Name: RAJAMMA GALI","Address : CHRISTIANPALLY(V),, MAHABUBNAGAR(M),, -
Website : https://fathimavidyalayam.com/"
1629,"Aff. No. :3630476
Sch. Code:56718","State : TELANGANA
District : MAHABUBNAGAR",Senior Secondary Level,"Name : SVKM SCHOOL
Head/Principal Name: DR B EBENEZAR","Address : PLOT NO. B 4, GREEN INDUSTRIAL PARK, , POLEPALLY SEZ, TSIIC, JADCHERLA,
Website : www.svkmschool.ac.in"
1630,"Aff. No. :3630446
Sch. Code:56598","State : TELANGANA
District : MAHABUBNAGAR",Secondary Level,"Name : ROCKWOODS SCHOOL
Head/Principal Name: BISTHI MAHESH KUMAR","Address : WANAPARTHY, WANAPARTHY
Website : https://bit.ly/3G6mWsW"
1631,"Aff. No. :3640009
Sch. Code:59533","State : TELANGANA
District : MAHABUBNAGAR",Senior Secondary Level,"Name : JAWAHAR NAVODAYA VIDYALAYA
Head/Principal Name: P BHASKARA KUMAR","Address : VATTEM DISTT MAHABUBNAGAR
Website : www.navodaya.gov.in/nvs/nvs-school/MAHABUBNAGAR/en/ho"
1632,"Aff. No. :3630644
Sch. Code:23922","State : TELANGANA
District : MAHABUBNAGAR",Senior Secondary Level,"Name : NARAYANA SCHOOL
Head/Principal Name: B RAJNI PRIYA DARSHINI","Address : BESIDE SVS HOSPITAL, YENUGONDA, MAHABUBNAGAR
Website : www.narayanaschools.in"
1633,"Aff. No. :130140
Sch. Code:","State : TELANGANA
District : MEDAK",Secondary Level,"Name : PATHANJALI RES SCHOOL
Head/Principal Name: T S R ANJANEYA SASTRY","Address : PONNAL SIDDIPET, MEDAK ANDHRA PRADESH
Website :"
1634,"Aff. No. :3600010
Sch. Code:59516","State : TELANGANA
District : MEDAK",Senior Secondary Level,"Name : PM SHRI KENDRIYA VIDYALAYA
Head/Principal Name: K BHARATI DEVI","Address : ORDNANCE FACTORY EDDUMAILARAM DIST. MEDAK ANDHRA PRADESH
Website : https://medakof.kvs.ac.in/"
1635,"Aff. No. :3630023
Sch. Code:57522","State : TELANGANA
District : MEDAK",Secondary Level,"Name : DAV BDL PUBLIC SCHOOL
Head/Principal Name: AGGUNNA BHARGAVA","Address : B D L TOWNSHIP BHANO MEDAK DISTT. ANDHRA PRADESH
Website : www.davbdl.in"
1636,"Aff. No. :3630009
Sch. Code:57505","State : TELANGANA
District : MEDAK",Secondary Level,"Name : BHARATIYA VIDYA BHAVANS PUBLIC SCHOO
Head/Principal Name: CHEBOLU UMA","Address : BHEL TOWNSHIP, R C PURAM, HYDERABAD
Website : www.bhavansbhelhyd.com"
1637,"Aff. No. :3630067
Sch. Code:57586","State : TELANGANA
District : MEDAK",Senior Secondary Level,"Name : THE JAIN INTERNATIONAL SCHOOL
Head/Principal Name: NAMANA SREELAKSHMI","Address : SURVEY NO. 349 & 364, VILLAGE KALLAKAL, MANDAL TOOPRAN, DISTRICT MEDAK, ANDHRA PRADESH-500003
Website : www.tjis.in"
1638,"Aff. No. :3630072
Sch. Code:57594","State : TELANGANA
District : MEDAK",Secondary Level,"Name : MNR SCHOOL OF EXCELLENCE
Head/Principal Name: C MARIA NATHAN","Address : MNR NAGAR, NARSAPUR ROAD, FASALWADI VILLAGE, SANGAREDDY MANDAL
Website : www.mnrsesrd.org"
1639,"Aff. No. :3630429
Sch. Code:56473","State : TELANGANA
District : MEDAK",Secondary Level,"Name : JOSHITHA SCHOOL
Head/Principal Name: M USHA RANI","Address : AND PANCHAYAT NEAR MEDICAL DEVICE PARK,, AMEENPUR MANDAL SANGAREDDY DISTRICT
Website : www.joshithaschool.com"
1640,"Aff. No. :3630200
Sch. Code:57729","State : TELANGANA
District : MEDAK",Secondary Level,"Name : ST. MARYS VIDYANIKETAN HIGH SCHOOL
Head/Principal Name: THANUGUNDLA VIJAYAPAL REDDY","Address : ST. MARYS VIDYANIKETAN HIGH SCHOOL, PREGNAPUR (POST), GAJWEL (MANDAL) MEDAK (DISTRICT) TELANGANA STATE PIN - 502311
Website : http://www.stmarysvidyaniketan.com/"
1641,"Aff. No. :3630216
Sch. Code:57391","State : TELANGANA
District : MEDAK",Middle Class,"Name : MONA PLAY SCHOOL
Head/Principal Name: Mrs.P L R Rani","Address : SR NO 165/36 SADASHIVPET TOWN
Website : http://www.monaplayschool.com"
1642,"Aff. No. :3630192
Sch. Code:57699","State : TELANGANA
District : MEDAK",Senior Secondary Level,"Name : RATNAPURI VIDYALAYAM
Head/Principal Name: K SATYAVATHI","Address : VILLAGE: THURUKALAKHANAPUR MANDAL: HATHNOORA DISTRICT: SANGAREDDY STATE : TELANGANA
Website : http://ratnapurividyalayam.com/"
1643,"Aff. No. :3630147
Sch. Code:57672","State : TELANGANA
District : MEDAK",Senior Secondary Level,"Name : BIRLA OPEN MINDS INTERNATIONAL SCHOOL
Head/Principal Name: SYAMALI CHOWDHURY","Address : SURVEY NO.192 & 193, KOLLUR,9TH KM OFF THE OUTER RING ROAD FROM GACHIBOWLI TO PATANCHERU,KOLLUR(V),RAMACHANDRAPURAM(M),MEDAK DISTRICT.
Website : www.openminds-hyderabad.com"
1644,"Aff. No. :3630194
Sch. Code:57759","State : TELANGANA
District : MEDAK",Senior Secondary Level,"Name : THE GAUDIUM SCHOOL
Head/Principal Name: VANGALA NAGA VEENA","Address : VELIMELA (VILLAGE), RAMACHANDRAPURAM, NEAR KOLLLUR ORR
Website : www.thegaudium.com"
1645,"Aff. No. :3630163
Sch. Code:57674","State : TELANGANA
District : MEDAK",Senior Secondary Level,"Name : PIONEERS SCHOOL
Head/Principal Name: Imrana Tamkanath","Address : 3-37/1, CHINTALAPALLY VILLAGE, SANGAREDDY MANDAL
Website : www.pioneersinternationalschool.com"
1646,"Aff. No. :3630173
Sch. Code:57687","State : TELANGANA
District : MEDAK",Senior Secondary Level,"Name : MANTHAN SCHOOL
Head/Principal Name: SURJEET SINGH","Address : SY NO 368/P & 369/P, TELLAPUR VILLAGE RAMACHANDRAPURAM MANDAL HYDERABAD
Website : www.manthanschool.com"
1647,"Aff. No. :3630129
Sch. Code:57653","State : TELANGANA
District : MEDAK",Senior Secondary Level,"Name : RAINBOW INTERNATIONAL SCHOOL
Head/Principal Name: S REKHA","Address : BESIDE RAGHAVENDRA COLONY, BEERAMGUDA, AMEENPUR (GP)
Website : www.rise-org.com"
1648,"Aff. No. :3630130
Sch. Code:57670","State : TELANGANA
District : MEDAK",Senior Secondary Level,"Name : SAMASHTI INTERNATIONAL SCHOOL
Head/Principal Name: MEERA ARORA","Address : SURVEY NO: 95 & 96, KOLLUR VILLAGE, RAMACHANDRAPURAM, MEDAK DISTRICT.
Website : www.samashti.in"
1649,"Aff. No. :3630121
Sch. Code:57638","State : TELANGANA
District : MEDAK",Secondary Level,"Name : SREE SWAMINARAYAN GURUKUL INTERNATIONAL SCHOOL
Head/Principal Name: ASHIS CHAKRABORTY","Address : PO. GANESHPUR, NYALKAL(M), MEDAK(D), AP, INDIA
Website : http://www.gurukul.org"
1650,"Aff. No. :3630350
Sch. Code:56227","State : TELANGANA
District : MEDAK",Senior Secondary Level,"Name : SRIVATSAL GURUKUL VIDYALAYA
Head/Principal Name: KETHIREDDY SRIDHAR REDDY","Address : SR. NO. 663/C, DUNDIGAL X ROADS, EXIT NO. 5, GANDIMAISAMMA MANDAL, MEDCHAL DISTRICT
Website : www.srivatsalgurukulvidyalaya.com"
1651,"Aff. No. :3630354
Sch. Code:56249","State : TELANGANA
District : MEDAK",Secondary Level,"Name : VIVEKANANDA HIGH SCHOOL
Head/Principal Name: Dr. CHIMMULA NANDINI SHATHPATHI","Address : GUMMADIDALA, JINNARAM (M), DIST. MEDAK
Website : www.vivekanandacbseschools.com"
1652,"Aff. No. :3630361
Sch. Code:56283","State : TELANGANA
District : MEDAK",Secondary Level,"Name : BHASHYAM BLOOMS SCHOOL
Head/Principal Name: MAHITHA BALINENI","Address : APR NAGAR, NEAR GMR FUNCTION HALL, PATANCHERU TOWN
Website : https://bloomspatancheru.in/"
1653,"Aff. No. :3630363
Sch. Code:56288","State : TELANGANA
District : MEDAK",Secondary Level,"Name : LYCEUM SCHOOL
Head/Principal Name: MARIATE NELSON THARKAN","Address : PLOT NO.72,73 VASANTHA VIHAR,ADARSH NAGAR, ZAHEERABAD
Website : www.lyceumschool.in"
1654,"Aff. No. :3630331
Sch. Code:57854","State : TELANGANA
District : MEDAK",Secondary Level,"Name : OLYMPIA SCHOOL
Head/Principal Name: CH VENKATAKRISHNA RAO","Address : SY NO:384 AND 384/E PART, ALLAPUR VILLAGE, TOOPRAN MANDAL, MEDAK DIST
Website : http://www.oischool.in"
1655,"Aff. No. :3630376
Sch. Code:56359","State : TELANGANA
District : MEDAK",Secondary Level,"Name : JYOTHI VIDYALAYA HIGH SCHOOL
Head/Principal Name: V UMA MAHESWARI","Address : JYOTHI VIDYALAYA HIGH SCHOOL ,BHEL TOWNSHIP, RAMACHANDRAPURAM, SANGA REDDY DISTRICT
Website : https://jyothividyalayahighschool.com/"
1656,"Aff. No. :3630404
Sch. Code:57812","State : TELANGANA
District : MEDAK",Secondary Level,"Name : GENESIS SCHOOL
Head/Principal Name: SWATHI REDDY","Address : SY.NO.782,785,787,792,BEERAMGUDA,AMEENPUR,SANGAREDDY-502032
Website : https://www.genesisintschool.org"
1657,"Aff. No. :3630405
Sch. Code:57813","State : TELANGANA
District : MEDAK",Senior Secondary Level,"Name : MERIDIAN HIGH SCHOOL
Head/Principal Name: V RAJENDER REDDY","Address : H NO 18-16-126/D BLOCKOFFICE TO ENSANPALLY ROAD NEAR KOMATICHERUVU PRASHANTH NAGAR, SIDDIPET - 502103 NEAR
Website : www.meridiansiddipet.com"
1658,"Aff. No. :3630406
Sch. Code:57865","State : TELANGANA
District : MEDAK",Secondary Level,"Name : ST PETERS HIGH SCHOOL
Head/Principal Name: J RAVI KUMAR","Address : GANESH NAGAR, SANGA REDDY, MEDAK DISTRICT
Website : https://stpeterscbsesangareddy.com/"
1659,"Aff. No. :3630382
Sch. Code:56379","State : TELANGANA
District : MEDAK",Senior Secondary Level,"Name : DAV SCHOOL
Head/Principal Name: SRIKAR BASAVA","Address : IITH CAMPUS, KANDI (V) SANGAREDDY DISTRICT PIN - 502285
Website : www.daviitcampus.org"
1660,"Aff. No. :3630384
Sch. Code:56387","State : TELANGANA
District : MEDAK",Secondary Level,"Name : SRI CHAITANYA HIGH SCHOOL
Head/Principal Name: K VINAYA SRI","Address : H.NO:7-166/1, SAI RAM NAGAR COLONY, GONEMMABASTHI, PATANCHERU V&M, SANGAREDDY DISTRICT
Website : www.SRICHAITANYASCHOOLPTC"
1661,"Aff. No. :3630288
Sch. Code:57804","State : TELANGANA
District : MEDAK",Secondary Level,"Name : ACADEMIC HEIGHTS PUBLIC SCHOOL
Head/Principal Name: D PARIMALA","Address : ACADEMIC HEIGHTS PUBLIC SCHOOL, KISTAREDDYPET VILLAGE,AMEENPUR MANDAL, SANGAREDDY DIST
Website : www.ahpsbeeramguda.com"
1662,"Aff. No. :3630318
Sch. Code:57841","State : TELANGANA
District : MEDAK",Secondary Level,"Name : SILVER OAKS INTERNATIONAL SCHOOL
Head/Principal Name: UMA DEVI GRANDHE","Address : SY.NO:88&89, NEAR BEERAMGUDA ORR, WADAKPALLY VILLAGE, AMEENPUR MANDAL, SANGAREDDY DISTRICT, TELANGANA
Website : https://www.silveroaks.co.in/home/oakdale/"
1663,"Aff. No. :3630329
Sch. Code:57852","State : TELANGANA
District : MEDAK",Secondary Level,"Name : DELHI WORLD PUBLIC SCHOOL
Head/Principal Name: Nasreen Syed","Address : 5-72/1 PATELGUDA (V), KISTAREDDYPET (G.P.), AMEENPUR (MANDAL)
Website : https://dwpsbeeramguda.in/"
1664,"Aff. No. :3640006
Sch. Code:59526","State : TELANGANA
District : MEDAK",Senior Secondary Level,"Name : JAWAHAR NAVODAYA VIDYALAYA
Head/Principal Name: DASI RAJENDER","Address : PAMALAPARTHY (POST) WARGAL MEDAK DIST. ANDHRA PRADESH
Website : https://www.navodaya.gov.in/nvs/nvs-school/MEDAK/"
1665,"Aff. No. :3630441
Sch. Code:56561","State : TELANGANA
District : MEDAK",Secondary Level,"Name : SANGHAMITRA HIGH SCHOOL
Head/Principal Name: Vanteru Sabitha Reddy","Address : ALGOLE ROAD, ZAHEERABAD
Website : www.sanghamitraschool.in"
1666,"Aff. No. :3630452
Sch. Code:56627","State : TELANGANA
District : MEDAK",Secondary Level,"Name : ST. JOSEPH'S HIGH SCHOOL
Head/Principal Name: PASALA JOSEPH BABU","Address : PATANCHERU(M),, SANGAREDDY DISTRICT
Website : www.stjosephinh.org"
1667,"Aff. No. :3630477
Sch. Code:56720","State : TELANGANA
District : MEDAK",Secondary Level,"Name : THE CREEK SCHOOL SR SEEDS CAMPUS
Head/Principal Name: Preeti Biswal","Address : AMEENPUR MANDAL, SANGAREDDY DISTRICT
Website : http://www.thecreekschool.com/srseeds"
1668,"Aff. No. :3630474
Sch. Code:56716","State : TELANGANA
District : MEDAK",Secondary Level,"Name : SRI VIVEKANANDA HIGH SCHOOL
Head/Principal Name: PUSHPALATHA CH","Address : GUMMADIDALA, SANGAREDDY DIST
Website : http://www.svhssmartkids.com"
1669,"Aff. No. :3630554
Sch. Code:57297","State : TELANGANA
District : MEDAK",Secondary Level,"Name : VISHNU HIGH SCHOOL
Head/Principal Name: P. Naga Jyothi","Address : NARSAPUR, NARSAPUR MANDAL, MEDAK DISTRICT
Website : www.vishnuhighschool.edu.in"
1670,"Aff. No. :3630313
Sch. Code:57839","State : TELANGANA
District : NALGONDA",Secondary Level,"Name : CARISBROOK SCHOOL
Head/Principal Name: MR. CH. HEMATH ASHER","Address : 2-99/1, SURVERY NO 43, VENKRIYALA VILLALGE, BIBINAGAR, YADADRI BHONGIR
Website : www.carisbrookschool.com"
1671,"Aff. No. :3630316
Sch. Code:57844","State : TELANGANA
District : NALGONDA",Secondary Level,"Name : VIPASYAA THE SCHOOL
Head/Principal Name: J SRIKANTH","Address : WARD NO-40 CHERLAPALLY
Website : http://vipasyaa.org/"
1672,"Aff. No. :3630304
Sch. Code:57829","State : TELANGANA
District : NALGONDA",Senior Secondary Level,"Name : BIRLA OPEN MINDS SCHOOL
Head/Principal Name: Solipuram Ramakrishna Reddy","Address : 4-166/2,GUDUR (V),BIBINAGAR(M), NALGONDA (DIST)
Website : www.birlaopenmindsschool.in"
1673,"Aff. No. :3630263
Sch. Code:57858","State : TELANGANA
District : NALGONDA",Secondary Level,"Name : M.S.R. CENTRAL SCHOOL
Head/Principal Name: T. LAXMIRAJAM","Address : SURVEY NO.:223,DURAJPALLY,CHIVEMLA(M),SURYAPET(DT)
Website : www.msrschool.in"
1674,"Aff. No. :3630383
Sch. Code:56386","State : TELANGANA
District : NALGONDA",Senior Secondary Level,"Name : PEARL INFINITY INTL HIGH SCHOOL
Head/Principal Name: MP Murugan","Address : DOOR NO 18-212/1/1/B, SURVEY NO 155, BEHIND SUB-REGISTRAR OFFICE, HUZURNAGAR, SURYAPET DISTRICT
Website : www.pearlinfinity.in"
1675,"Aff. No. :3630366
Sch. Code:56311","State : TELANGANA
District : NALGONDA",Secondary Level,"Name : ST. MARY UPPER PRIMARY SCHOOL
Head/Principal Name: BEERALA BALA CHANDRAWATHI","Address : ST. MARY UPPER PRIMARY SCHOOL, H.NO. 9-14-11/1, CHERLAPALLY, NALGONDA
Website : http://www.stmarysnalgonda.org"
1676,"Aff. No. :3630367
Sch. Code:56322","State : TELANGANA
District : NALGONDA",Secondary Level,"Name : ANNA MEMORIAL HIGH SCHOOL
Head/Principal Name: SUNITHA G","Address : CHOUTUPPAL(V & M) YADADRI - BHONGIR DISTRICT
Website : www.annamemorialschool.com"
1677,"Aff. No. :3630334
Sch. Code:57805","State : TELANGANA
District : NALGONDA",Secondary Level,"Name : CITY CENTRAL SCHOOL
Head/Principal Name: BANDI SOLOMON RAJU","Address : 3-124/1, GANDHI NAGAR, CHILLEPALLY VILLAGE, NEREDUCHERLA MANDAL, SURYAPET DISTRICT, TELANGANA STATE - 508218
Website : www.vvrCentralCity@hotmail.com"
1678,"Aff. No. :3630335
Sch. Code:57861","State : TELANGANA
District : NALGONDA",Secondary Level,"Name : MONFORT SCHOOL
Head/Principal Name: BANDANADHAM BALA INNAIAH","Address : 4 10 302 2 DVK ROAD NALGONDA DIST NALGONDA
Website : www.montfortnlg.com"
1679,"Aff. No. :3630102
Sch. Code:57618","State : TELANGANA
District : NALGONDA",Secondary Level,"Name : LITTLE FLOWER CBSE INNOVATIVE SCHOOL
Head/Principal Name: Sr U Shantha Mary","Address : SANJEEVAIAH NAGAR, NALGONDA,
Website : www.littleflowercbseinnovativeschool.com"
1680,"Aff. No. :3630174
Sch. Code:57686","State : TELANGANA
District : NALGONDA",Secondary Level,"Name : HRD SCHOOL OF EXCELLENCE
Head/Principal Name: JAYAPAUL GORANTLA","Address : DINDI ROAD, DEVARAKONDA
Website : http://www.hrdschools.com"
1681,"Aff. No. :3630158
Sch. Code:57668","State : TELANGANA
District : NALGONDA",Senior Secondary Level,"Name : GENIUS HIGH SCHOOL
Head/Principal Name: VANGALA SUCHARITHA","Address : OPP. AREA HOSPITAL, MAIN ROAD, THATHA NAGAR,
Website : www.geniusbhongir.com"
1682,"Aff. No. :3630180
Sch. Code:57717","State : TELANGANA
District : NALGONDA",Secondary Level,"Name : ACADEMIC HEIGHTS SCHOOL
Head/Principal Name: TEEGALA JAYALAXMI","Address : BACHPAN CAMPUS JAGADEEVPUR ROAD HANMAPUR BHONGIR
Website : http://www.bhongiri.academicheights.in"
1683,"Aff. No. :3630209
Sch. Code:56392","State : TELANGANA
District : NALGONDA",Secondary Level,"Name : DURGA BHAVANI SCHOOL
Head/Principal Name: PUTTAPAKA DASHARADHA","Address : NO.20-154/A, MATTAMPALLY ROAD
Website : www.durgabhavanischool.in"
1684,"Aff. No. :3630225
Sch. Code:57774","State : TELANGANA
District : NALGONDA",Secondary Level,"Name : MOUNT LITERA ZEE SCHOOL
Head/Principal Name: SUDHA P SRIDEVI","Address : SY NOS 658 & 660, CHERLAPALLY, NALGONDA, 508001, TELANGANA.
Website : www.mlzsnalgonda.edu.in"
1685,"Aff. No. :3630241
Sch. Code:57762","State : TELANGANA
District : NALGONDA",Secondary Level,"Name : ST. ELIZABETH CONVENT (E.M.) HIGH SCHOOL
Head/Principal Name: LALY CHITTINAPPILLY","Address : MOGDUMPALLY ROAD, TEACHRES COLONY,
Website : www.stelizabethbhongir.com"
1686,"Aff. No. :3630034
Sch. Code:57538","State : TELANGANA
District : NALGONDA",Secondary Level,"Name : AUROBINDO PUBLIC SCHOOL
Head/Principal Name: MUNAGALA MARREDDY","Address : RAVINDRA NAGAR NALGONDA ANDHRA PRADESH
Website : www.aurobindopublicschool.in"
1687,"Aff. No. :3630028
Sch. Code:57527","State : TELANGANA
District : NALGONDA",Senior Secondary Level,"Name : SREE VIDYA PEETH
Head/Principal Name: BITRA SUSMITHA","Address : SHREEPURAM NARKETPALLY (POST) NALGONDA DIST. ANDHRA PRADESH
Website : www.sreevidyapeeth.org"
1688,"Aff. No. :3630022
Sch. Code:57530","State : TELANGANA
District : NALGONDA",Secondary Level,"Name : THE NALGONDA PUBLIC SCHOOL
Head/Principal Name: G PARTHA SARADHI","Address : 6-2-34/5 MEERBAGH COLONY NALGONDA ANDHRA PRADESH
Website : https://npsnalgonda.edu.in/"
1689,"Aff. No. :3600022
Sch. Code:59545","State : TELANGANA
District : NALGONDA",Senior Secondary Level,"Name : PM SHRI KENDRIYA VIDYALAYA
Head/Principal Name: SRINIVASULU GUBBALA","Address : BESIDES YSR PART, RAMNAGAR NALGONDA, TELANGANA -508001
Website :"
1690,"Aff. No. :3600023
Sch. Code:59548","State : TELANGANA
District : NALGONDA",Senior Secondary Level,"Name : PM SHRI KENDRIYA VIDYALAYA
Head/Principal Name: KARRA NANI PRASAD","Address : SURVEY NO.35, ZAPTHIVEERAPPAGUDEM , NEAR KOTHURU VILLAGE , DILAWARPUR ROAD, MIRYALAGUDA
Website : https://miryalaguda.kvs.ac.in/"
1691,"Aff. No. :130099
Sch. Code:57526","State : TELANGANA
District : NALGONDA",Secondary Level,"Name : SRI PRAKASH RESIDENTIAL SCHOOL
Head/Principal Name: SARADA KOLIPAKA","Address : AVANTHIPURAM AMRUTHNAGAR POST MIRYALAGUDA NALGONDA DISTT. ANDHRA PRADESH
Website : www.sriprakashschool.com"
1692,"Aff. No. :3630470
Sch. Code:56704","State : TELANGANA
District : NALGONDA",Secondary Level,"Name : SHREE SWAMINARAYAN GURUKUL SCHOOL
Head/Principal Name: SRINIVAS ANAND","Address : UNDRUGONDA VILLAGE, CHIVVEMLA MANDAL, SURYAPET, TELANGANA - 508213
Website : www.gurukulworld.org/suryapet"
1693,"Aff. No. :3630502
Sch. Code:56868","State : TELANGANA
District : NALGONDA",Secondary Level,"Name : EKASHILA ADVANCED LEARNING SCHOOL
Head/Principal Name: SALINI SREEDEVI SOMAN","Address : H.NO 3-3, ISLAM NAGAR, CHERLA GOURARAM VILLAGE, KANAGAL MANDAL, NALGONDA
Website : https://ekashilainternationalschool.in/"
1694,"Aff. No. :3630487
Sch. Code:56782","State : TELANGANA
District : NALGONDA",Secondary Level,"Name : ST JOSEPH'S HIGH SCHOOL
Head/Principal Name: BASANI ELIZABETH RANI","Address : H.NO. 6-198/2, CHANDUR ROAD, MUNUGODE
Website : http://www.stjosephhighschoolmun.com"
1695,"Aff. No. :3630460
Sch. Code:56672","State : TELANGANA
District : NALGONDA",Secondary Level,"Name : DELHI WORLD SCHOOL
Head/Principal Name: K.R.Gowri","Address : THUNGAPAHAD (V), MIRYALAGUDA MANDAL
Website : www.delhiworldschoolmiryalaguda.com"
1696,"Aff. No. :3640003
Sch. Code:59524","State : TELANGANA
District : NALGONDA",Senior Secondary Level,"Name : PM SHRI SCHOOL JAWAHAR NAVODAYA VIDYALAYA
Head/Principal Name: D YEDUNANDANA","Address : CHALAKURTHY CAMP NALGONDA DISTT
Website : https://navodaya.gov.in/nvs/nvs-school/NALGONDA/en"
1697,"Aff. No. :3630670
Sch. Code:23976","State : TELANGANA
District : NALGONDA",Secondary Level,"Name : SR PRIME SCHOOL
Head/Principal Name: TURLAPATI ROOPA","Address : 9-18-70 CHERLAPALLY, CHERLAPALLY VILLAGE, NALGONDA MANDAL
Website : www.srprimeschoolnalgonda.com"
1698,"Aff. No. :3630638
Sch. Code:23907","State : TELANGANA
District : NALGONDA",Secondary Level,"Name : SRI SLOKA SCHOOL(E.M)
Head/Principal Name: SIDDIQUI FAKEHA SULTANA","Address : H.NO.4-1291 BEHIND CPM OFFICE, HALIYA (V), ANUMULA(M) NALGONDA (DIST)
Website : https://srislokaschool.com/"
1699,"Aff. No. :3620002
Sch. Code:58165","State : TELANGANA
District : NIZAMABAD",Senior Secondary Level,"Name : TTWEMRS (B) GANDHARI
Head/Principal Name: RAVINDRA KUMAR","Address : GANDHARI VILLAGE & MANDAL DIST. KAMAREDDY, NIZAMABAD, TELANGANA-503114
Website : https://tsemrs.telangana.gov.in/schoolDet.php?s=EMRS%20Gandh"
1700,"Aff. No. :3620006
Sch. Code:58167","State : TELANGANA
District : NIZAMABAD",Senior Secondary Level,"Name : TTWEMRS(G) INDALWAI
Head/Principal Name: Ramesh kumar","Address : AT DICHPALLY GANPUR, COMON, OLD SAI BLESING, SCHOOL, DICHPALLY, NIZAMABAD TELANGANA-503174
Website : https://tsemrs.telangana.gov.in/schoolDet.php?s=EMRS%20Indal"
1701,"Aff. No. :3600029
Sch. Code:59553","State : TELANGANA
District : NIZAMABAD",Secondary Level,"Name : PM SHRI KENDRIYA VIDYALAYA BODHAN
Head/Principal Name: M MALKI SAB","Address : C/O MADHUMALNCHA JURNIOR COLLEGE, BELLAL , SHAKKAR NAGAR POST , BELLAL , BODHAN DISTRICT : NIZAMABAD, TELANGANA - 503180
Website : https://bodhantown.kvs.ac.in"
1702,"Aff. No. :3600150
Sch. Code:59652","State : TELANGANA
District : NIZAMABAD",Secondary Level,"Name : PM SHRI KENDRIYA VIDYALAYA NIZAMABAD
Head/Principal Name: B VENKATESHWAR RAO","Address : CHAKRADHAR NAGAR , NAGARAM
Website : https://nizamabad.kvs.ac.in/"
1703,"Aff. No. :3630071
Sch. Code:57590","State : TELANGANA
District : NIZAMABAD",Senior Secondary Level,"Name : NAVYABHARATHI GLOBAL SCHOOL
Head/Principal Name: KATA ANTHONY","Address : H.NO: 4-167
Website : www.navyabharathi.co.in"
1704,"Aff. No. :3630236
Sch. Code:57738","State : TELANGANA
District : NIZAMABAD",Secondary Level,"Name : KNOWLEDGE PARK INTERNATIONAL SCHOOL, NIZAMABAD
Head/Principal Name: SYED IRFAN","Address : KNOWLEDGE PARK INTERNATIONAL SCHOOL, AUTO NAGAR, BODHAN ROAD, NIZAMABAD - 503 001 (T.S)
Website : www.kpisnzb.com"
1705,"Aff. No. :3630214
Sch. Code:57726","State : TELANGANA
District : NIZAMABAD",Secondary Level,"Name : SSR DISCOVERY ACADEMY
Head/Principal Name: NEERAJ SINGH","Address : MADAV NAGAR, NIZAMABAD.
Website : www.ssrdiscoveryschool.com"
1706,"Aff. No. :3630127
Sch. Code:57640","State : TELANGANA
District : NIZAMABAD",Senior Secondary Level,"Name : SSR CONCEPT SCHOOL
Head/Principal Name: BHASKARA RAO MERIGA","Address : JANNEPALLY VILLAGE NAVIPET MANDAL
Website :"
1707,"Aff. No. :3630372
Sch. Code:56349","State : TELANGANA
District : NIZAMABAD",Secondary Level,"Name : KSHATRIYA SCHOOL
Head/Principal Name: OGGU VIJAYA LAKSHMI","Address : SURVEY NO:- 367, 367/2 NH-63,CHEPUR ARMOOR BESIDE OF KSHATRIYA ENGINEERING COLLEGE ARMOOR.
Website : https://kshatriyaschool.in/"
1708,"Aff. No. :3630328
Sch. Code:57851","State : TELANGANA
District : NIZAMABAD",Senior Secondary Level,"Name : FROBELS HIGH SCHOOL
Head/Principal Name: N ARJUNA RAJ","Address : FROBELS HIGH SCHOOL 1-4-515/A ADLOOR ROAD KAMAREDDY(M) KAMAREDDY DISTRICT TELANGANA
Website : http://www.frobelsedu.com"
1709,"Aff. No. :3630430
Sch. Code:56478","State : TELANGANA
District : NIZAMABAD",Senior Secondary Level,"Name : ST. ANN'S ENGLISH MEDIUM SCHOOL
Head/Principal Name: JOSEPH SUMALATHA M","Address : VIDYA NAGAR PERKIT, ARMOOR
Website : www.stannscbseschoolarmoor.co.in"
1710,"Aff. No. :3640001
Sch. Code:59519","State : TELANGANA
District : NIZAMABAD",Senior Secondary Level,"Name : JAWAHAR NAVODAYA VIDYALAYA
Head/Principal Name: M S RAMBABU","Address : NIZAM SAGAR NIZAMABAD DISTT.
Website : https://www.navodaya.gov.in/nvs/nvs-school/NIZAMAB"
1711,"Aff. No. :3630643
Sch. Code:23921","State : TELANGANA
District : NIZAMABAD",Secondary Level,"Name : HPS
Head/Principal Name: T Swetha","Address : H.NO.11-1-8/2, KANTESHWAR,, NIZAMABAD NORTH (M), NIZAMABAD
Website : https://hpsnzb.in/"
1712,"Aff. No. :3630434
Sch. Code:56515","State : TELANGANA
District : NIZAMABAD",Secondary Level,"Name : PRESIDENCY HIGH SCHOOL
Head/Principal Name: PAVANA KUMAR RAJUPALEM","Address : SY NOS 355P2 355P3 OF MUGPAL GP, VILLAGE AND MANDAL MUGPAL
Website : https://presidencyhighschool.com"
1713,"Aff. No. :3630431
Sch. Code:56481","State : TELANGANA
District : RANGAREDDY",Secondary Level,"Name : GOWTHAM WORLD SCHOOL
Head/Principal Name: PRATHYUSHA GOBINATH","Address : VENKATESWARA COLONY, SAROOR NAGAR
Website : https://gowthamworldschool.com/"
1714,"Aff. No. :3630327
Sch. Code:56300","State : TELANGANA
District : RANGAREDDY",Secondary Level,"Name : SR PRIME SCHOOL
Head/Principal Name: BOLLEPALLY RADHIKA REDDY","Address : HNO: 4-159, SURVEY NO: 147/A, CHEERYAL VILLAGE, KEESARA MANDAL, MEDCHAL MALKAJGIRI DIST 501301
Website : www.srprimekeesara.com"
1715,"Aff. No. :3630330
Sch. Code:57857","State : TELANGANA
District : RANGAREDDY",Secondary Level,"Name : VIGNAN GLOBAL GEN SCHOOL
Head/Principal Name: SARITHA REDDY KASULA","Address : PLOT NO 3 SY NO.303 PART, NAGARAM,KEESARA, RANGAREDDY,HYDERBAD,500083
Website : www.vignanschools.org"
1716,"Aff. No. :3630324
Sch. Code:57846","State : TELANGANA
District : RANGAREDDY",Secondary Level,"Name : ELATE SCHOOL
Head/Principal Name: K SUPRIYA PRASAD","Address : DOOR.NO.6-1-24,VEKATESHWARA COLONY, NEKNAMPUR, GANDIPET MANDAL RANGAREDDY DISTRICT
Website : https://elateschool.com/"
1717,"Aff. No. :3630325
Sch. Code:57853","State : TELANGANA
District : RANGAREDDY",Senior Secondary Level,"Name : SADHANA INFINITY SCHOOL
Head/Principal Name: Shobhna Sirohi","Address : SURVEY NO 386, OPP: ADITYA EDEN PARK APTS, TELLAPUR ROAD, NALLAGANDLA, SHERILINGAMPALLY MANDAL, RANGA REDDY DISTRICT,HYDERABAD, TELANGANA 500019.
Website : www.sadhanainfinityschool.com/"
1718,"Aff. No. :3630314
Sch. Code:57838","State : TELANGANA
District : RANGAREDDY",Senior Secondary Level,"Name : OLIVEMOUNT GLOBAL SCHOOL
Head/Principal Name: UMA RAJENDRAN","Address : STREET NO.15, NALANDANAGAR,HYDERGUDA, ATTAPUR, RAJENDRANAGAR (M), RANGA REDDY DIST.
Website : www.olivemountglobalschool.com"
1719,"Aff. No. :3630315
Sch. Code:57840","State : TELANGANA
District : RANGAREDDY",Secondary Level,"Name : SANTINOS GLOBAL SCHOOL
Head/Principal Name: Dr. Sista Jayasree","Address : SURVEY # 24/E & 25/A/E, ROAD # 1, NEW NANDI HILLS COLONY, MEERPET
Website : www.santinosglobalschool.com"
1720,"Aff. No. :3630319
Sch. Code:57842","State : TELANGANA
District : RANGAREDDY",Secondary Level,"Name : DR.K.K.R GOWTHAM SCHOOL
Head/Principal Name: SADINENI HAREESHU","Address : SMR, ENCLAVE, PADMAVATHI COLONY, KUSHIGUDA, HYD-62
Website : www.kkrgowthamkushaiguda.com"
1721,"Aff. No. :3630321
Sch. Code:57843","State : TELANGANA
District : RANGAREDDY",Secondary Level,"Name : ACADEMIC HEIGHTS PUBLIC SCHOOL
Head/Principal Name: K KUMAR","Address : SY NO 78, VENAKATARAMANA COLONY, GOKUL PLOTS, HAFEEZPET, SERILINGAMPALLY MANDAL
Website : http://www.academicheightskphb.com"
1722,"Aff. No. :3630305
Sch. Code:57833","State : TELANGANA
District : RANGAREDDY",Secondary Level,"Name : PACE SCHOOL
Head/Principal Name: SINGAMSETTY RITIKA","Address : SR. NO. 500, RUKMINIPURI COLONY, A.S.RAO NAGAR,KAPRA MANDAL, HYDERABAD, TELANGANA
Website : www.paceschoolhyd.com"
1723,"Aff. No. :3630306
Sch. Code:57835","State : TELANGANA
District : RANGAREDDY",Secondary Level,"Name : JANAPRIYA SCHOOL
Head/Principal Name: Jagatha Sesha Srujanjali","Address : WESTCITY CAMPUS MAKTHA VILLAGE MIYAPUR SERLINGAMPALLY MANDAL
Website : https://westcity.janapriya.school/"
1724,"Aff. No. :3630297
Sch. Code:57822","State : TELANGANA
District : RANGAREDDY",Senior Secondary Level,"Name : DELHI PUBLIC SCHOOL
Head/Principal Name: RAINA BHATT","Address : SURVEY NO 861/1, BOWRAMPET VILLAGE & GRAMPANCHAYAT, RANGA REDDY DIST-500043
Website : https://dpsbowrampet-miyapur.in/"
1725,"Aff. No. :3630299
Sch. Code:57807","State : TELANGANA
District : RANGAREDDY",Senior Secondary Level,"Name : INDUS VALLEY SCHOOL
Head/Principal Name: Priya Darshini","Address : SY.NO.603,604 & 605, TURKAYAMJAL VILLAGE,NAGARJUNA SAGAR ROAD
Website : www.indusvalleyinternationalschool.com"
1726,"Aff. No. :3630300
Sch. Code:57828","State : TELANGANA
District : RANGAREDDY",Secondary Level,"Name : AVN VIDA SCHOOL
Head/Principal Name: Neeta Thakur","Address : SY NO.74(P)JOURNALISTS COLONY,GOPANPALLY SERILINGAMPALLY (M) RANGAREDDY DISTRICT
Website : www.avnvidainternationalschool.com"
1727,"Aff. No. :3630302
Sch. Code:57826","State : TELANGANA
District : RANGAREDDY",Secondary Level,"Name : OXFORD INTERNATIONAL SCHOOL
Head/Principal Name: JAYASHREE","Address : BAL REDDY NAGAR, DAMMAIGUDA, KEESARA MANDAL, MEDCHAL DIST,
Website : www.oxford-dammaiguda.com"
1728,"Aff. No. :3630303
Sch. Code:57827","State : TELANGANA
District : RANGAREDDY",Senior Secondary Level,"Name : HIPPOCAMPUS SCHOOL
Head/Principal Name: PARCHURU KIRAN MAYI","Address : SURVEY NO.354,355,358, RANGAPUR VILLAGE
Website : www.rangapur.hippocampus.in"
1729,"Aff. No. :3630261
Sch. Code:57780","State : TELANGANA
District : RANGAREDDY",Senior Secondary Level,"Name : CREEKSIDE SCHOOL
Head/Principal Name: HUSNA HASEEB","Address : CREEKSIDE SCHOOL, C/O MOHAMMED MISBAHUDDIN, D.NO.3-267, VIA CHAITANYA BHARATI, AZIZNAGAR VILLAGE, MOINABAD MANDAL, HYDERABAD - 500 075.
Website : https://creekside.edu.in"
1730,"Aff. No. :3630309
Sch. Code:57836","State : TELANGANA
District : RANGAREDDY",Senior Secondary Level,"Name : THE SHRI RAM UNIVERSAL SCHOOL
Head/Principal Name: Jyothi Reddy Ghanta","Address : NANAKRAMGUDA,SERILINGAMPALLY(M), RANGAREDDY
Website : https://www.tsushyderabad.com"
1731,"Aff. No. :3630310
Sch. Code:57855","State : TELANGANA
District : RANGAREDDY",Senior Secondary Level,"Name : KENNEDY HIGH - THE MAGNET SCHOOL
Head/Principal Name: PASUMALA SARITHA","Address : PLOT NO 14-22 MYTHRI NAGAR KUKATPALLY
Website : www.kennedymagnet.com"
1732,"Aff. No. :3630264
Sch. Code:57791","State : TELANGANA
District : RANGAREDDY",Secondary Level,"Name : SANKALP SCHOOL
Head/Principal Name: ALUWALA RAM REDDY","Address : MM KUNTA, RAGANNAGUDA,ABDULLPURMET(M),RANGA REDDY DISTRICT - 501510
Website : http://sankalpschools.org/"
1733,"Aff. No. :3630265
Sch. Code:57785","State : TELANGANA
District : RANGAREDDY",Senior Secondary Level,"Name : G PULLA REDDY MEMORIAL SCHOOL
Head/Principal Name: H JAYASREE","Address : 9-118/1, SAI BABA TEMPLE LANE, LALITHA NAGAR, DILSUKH NAGAR
Website : www.gprmschool.org"
1734,"Aff. No. :3630268
Sch. Code:57784","State : TELANGANA
District : RANGAREDDY",Secondary Level,"Name : KAIROS SCHOOL
Head/Principal Name: M SRILAKSHMI","Address : SURVEY NO.246/1, CHITRAPURI HILLS, MANIKONDA JAGIR VILLAGE, RAJENDRANAGAR MANDAL, RANGA REDDY DISTRICT
Website : www.kairosgs.com"
1735,"Aff. No. :3630270
Sch. Code:57792","State : TELANGANA
District : RANGAREDDY",Secondary Level,"Name : VIGNAN GLOBAL GEN SCHOOL
Head/Principal Name: A V LAKSHMI","Address : VIGNAN GLOBAL GEN SCHOOL NANDAREDDY SITE ATHEVELLI(V) NEAR SANTHA BIOTECH MEDCHAL,RR DIST.HYD
Website : www.vignanschools.org"
1736,"Aff. No. :3630253
Sch. Code:57770","State : TELANGANA
District : RANGAREDDY",Senior Secondary Level,"Name : UNICENT SCHOOL
Head/Principal Name: VADDI VENKATA SESHU","Address : 3-53/C, SURVEY NO. 506-510, BOWRAMPET VILLAGE
Website : http://unicent.in/bachupally/"
1737,"Aff. No. :3630254
Sch. Code:57779","State : TELANGANA
District : RANGAREDDY",Secondary Level,"Name : HRD SCHOOL OF EXCELLENCE
Head/Principal Name: Madhuri Gianchandani","Address : SITARAMPET(V) IBRAHIMPATNAM(M) RANGAREDDY(D) 501506
Website : https://hrdschools.co.in/Ibrahimpatnam/"
1738,"Aff. No. :3630255
Sch. Code:57771","State : TELANGANA
District : RANGAREDDY",Secondary Level,"Name : SANSKRITI THE SCHOOL
Head/Principal Name: Mamtha Singh","Address : 23-70/2, NETAJI NAGAR, SAROORNAGAR, HYDERABAD - 500035
Website : www.sanskritischools.com"
1739,"Aff. No. :3630249
Sch. Code:57798","State : TELANGANA
District : RANGAREDDY",Secondary Level,"Name : STAGNES HIGH SCHOOL
Head/Principal Name: C SWATHI","Address : GUNDLA POCHAMPALLY , SYN NO-104, BESIDE RAILWAY STATION, MEDCHAL RANGA REDDY DISTRICT
Website : http://stagneshighschool.com"
1740,"Aff. No. :3630259
Sch. Code:57773","State : TELANGANA
District : RANGAREDDY",Secondary Level,"Name : DIKSHA SCHOOL
Head/Principal Name: KAVITA TRIVEDI","Address : SURVEY NO 362 & 363 DOOR.NO 4-36/4
Website : www.dikshawaldorfschool.in"
1741,"Aff. No. :3630289
Sch. Code:57823","State : TELANGANA
District : RANGAREDDY",Senior Secondary Level,"Name : MERU SCHOOL
Head/Principal Name: RAKSHA LAPASHYA","Address : SY.NO. 97(P) & 98, MADEENAGUDA SERILINGAMPALLY,RANGA REDDY
Website : www.meruschool.in"
1742,"Aff. No. :3630290
Sch. Code:57801","State : TELANGANA
District : RANGAREDDY",Secondary Level,"Name : PALLAVI AWARE SCHOOL
Head/Principal Name: KIRANMAI DAHAGAM","Address : 16-1-11/1/A, SURVEY NO. 37 & 40, BAIRAMALGUDA, SAROORNAGAR MANDAL, RANGA REDDY DISTRICT
Website : http://www.pallaviawareschools.org/"
1743,"Aff. No. :3630272
Sch. Code:57788","State : TELANGANA
District : RANGAREDDY",Senior Secondary Level,"Name : ROCKWOODS SCHOOL
Head/Principal Name: N R PADMA","Address : ROCKWOODS INTERNATIONAL SCHOOL, YAMNAMPET (VILLAGE), (OPP) SNIST, GHATKESAR (MANDAL), MEDCHAL (DISTRICT), HYDERABAD
Website : www.rockwoodsschool.com"
1744,"Aff. No. :3630292
Sch. Code:57819","State : TELANGANA
District : RANGAREDDY",Senior Secondary Level,"Name : EPISTEMO VIKAS LEADERSHIP SCHOOL
Head/Principal Name: KOLLI PADMA","Address : PLOT#B4, NALLAGANDLA RESIDENTIAL COMPLEX, HUDA LAYOUT, NALLAGANDLA
Website : www.epistemo.in"
1745,"Aff. No. :3630285
Sch. Code:57794","State : TELANGANA
District : RANGAREDDY",Senior Secondary Level,"Name : DPS NADERGUL
Head/Principal Name: ANUPMA SAXENA","Address : SURVEY NO. 469/1, NADERGUL VILLAGE, BALAPUR MANDAL, RANGA REDDY DISTRICT - 501510
Website : www.dpsnadergul.in"
1746,"Aff. No. :3630286
Sch. Code:57799","State : TELANGANA
District : RANGAREDDY",Senior Secondary Level,"Name : SHANTINIKETAN SCHOOL
Head/Principal Name: Dr MONALISA DASH","Address : #35-25, G K COLONY, NEREDMET, MALKAJGIRI MANDAL, MEDCHAL DISTRICT, TELANGANA HYDERABAD -500094
Website : www.shantiniketanschool.org.in"
1747,"Aff. No. :3630287
Sch. Code:57864","State : TELANGANA
District : RANGAREDDY",Secondary Level,"Name : PALLAVI PROGRESSIVE HIGH SCHOOL
Head/Principal Name: V SWARNA LATHA","Address : SR. NO 174, THUMKUNTA, SHAMIRPET MANDAL, RANGA REDDY DIST
Website : www.pallaviprogressiveschool.in"
1748,"Aff. No. :3630274
Sch. Code:57796","State : TELANGANA
District : RANGAREDDY",Secondary Level,"Name : BHASHYAM BLOOMS THE SCHOOL
Head/Principal Name: MANDURI NAGESH BABU","Address : BHASHYAM BLOOMS THE SCHOOL, MOHABATH NAGAR, THUMMALURU (V), MAHESHWARAM (M), RANGAREDDY (D)
Website : www.bloomsmaheswaramcbse.in"
1749,"Aff. No. :3630365
Sch. Code:56310","State : TELANGANA
District : RANGAREDDY",Senior Secondary Level,"Name : SLOKA THE SCHOOL
Head/Principal Name: Patlori Krishna Reddy","Address : P.NO.6 AND 7, TRIVENI NAGAR, RCI ROAD, BALAPUR X ROAD
Website : www.slokatheschool.com"
1750,"Aff. No. :3630371
Sch. Code:56346","State : TELANGANA
District : RANGAREDDY",Senior Secondary Level,"Name : THE GLOBAL EDGE SCHOOL
Head/Principal Name: Seema Chauhan","Address : SY.NO.166&167 PART, OPP SRI KRISHNA GOSEVA MANDAL, NARSINGI (VILLAGE) RAJENDRANAGAR MANDAL, RANGA REDDY DISTRICT, TELANGANA, HYDERABAD: 500075
Website : www.theglobaledgeschool.com"
1751,"Aff. No. :3630368
Sch. Code:56329","State : TELANGANA
District : RANGAREDDY",Senior Secondary Level,"Name : CANARY THE SCHOOL
Head/Principal Name: LYDIA CHRISTINA SIMPSON","Address : 1-110/3/G,MADINAGUDA,MIYAPUR
Website : www.canarytheschool.com"
1752,"Aff. No. :3630369
Sch. Code:56330","State : TELANGANA
District : RANGAREDDY",Secondary Level,"Name : JIVA GURUKULAM
Head/Principal Name: M UMAVATHY","Address : H.NO. 2-23/B, PLOT NO. 139 TO 147, SAMATHA NAGAR, OPP. J.N.T.U., KUKATPALLY,
Website : www.jivagurukulam.com"
1753,"Aff. No. :3630374
Sch. Code:56353","State : TELANGANA
District : RANGAREDDY",Secondary Level,"Name : SRI SLOKA SCHOOL
Head/Principal Name: MOHD ABDUL FOUZIA FARHEEN","Address : GANDIMAISAMMA, DUNDIGAL (MDL.), MEDCHAL (DIST.)
Website : www.srisloka.in"
1754,"Aff. No. :3630375
Sch. Code:56356","State : TELANGANA
District : RANGAREDDY",Secondary Level,"Name : ACADEMIC HEIGHTS PUBLIC SCHOOL
Head/Principal Name: ARUNA GUMMALLA","Address : PLOT NO,1&2, OPP.VENKATESHWARA COLONY,INJAPUR, ABDULLAPURMET MDL, RANGA REDDY DIST
Website : https://ahpsinjapur.com"
1755,"Aff. No. :3630379
Sch. Code:56369","State : TELANGANA
District : RANGAREDDY",Senior Secondary Level,"Name : TNR EXCELLENCIA ACADEMY
Head/Principal Name: K AISHWARYA","Address : SURVEY NO:75, PIPELINE ROAD, OPP:NCL GODAVARI APT. SECUNDERABAD
Website : www.tnreaschool.com"
1756,"Aff. No. :3630381
Sch. Code:56372","State : TELANGANA
District : RANGAREDDY",Secondary Level,"Name : AKSHARA THE SCHOOL
Head/Principal Name: Lakshmi S Nair","Address : BHARATH NAGAR, KUSHAIGUDA, KAPRA MANDAL, MEDCHAL-MALKAJGIRI DIST
Website : https://aksharaasraonagar.com"
1757,"Aff. No. :3630400
Sch. Code:57806","State : TELANGANA
District : RANGAREDDY",Senior Secondary Level,"Name : MELUHA SCHOOL
Head/Principal Name: A NAGENDRA","Address : SY NO.4/20/2, HIMAYATHNAGAR VILLAGE, MOINABAD MANDAL, RANGA REDDY DISTRICT
Website : www.meluhaedu.com"
1758,"Aff. No. :3630401
Sch. Code:57814","State : TELANGANA
District : RANGAREDDY",Senior Secondary Level,"Name : HI TECH SCHOLARS RESIDENTIAL HIGH SCHOOL
Head/Principal Name: JAYANTHI A M","Address : SR. NO 268, ATHVELLY VILLAGE, MEDCHAL
Website : www.hitechscholars.com"
1759,"Aff. No. :3630402
Sch. Code:57862","State : TELANGANA
District : RANGAREDDY",Secondary Level,"Name : GOOD SHEPHERD HIGH SCHOOL
Head/Principal Name: Shipra Sanyal","Address : LOGOS BHAVAN, JEEDIMETLA VILLAGE, QUTHUBALLAPUR MANDAL, MEDCHAL MALKAJGIRI DISTRICT SUCHITRA POST, SECUNDERABAD, TALANGANA 500067
Website : http://jdm.gsschools.in/"
1760,"Aff. No. :3630403
Sch. Code:57808","State : TELANGANA
District : RANGAREDDY",Secondary Level,"Name : DELHI WORLD SCHOOL
Head/Principal Name: NAMINI THULASI","Address : TEACHERS COLONY, SHADNAGAR,FAROOQNAGAR MANDAL, RANGAREDDY DISTRICT, 509216, TELANGANA.
Website : www.delhiworldschool.com"
1761,"Aff. No. :3630427
Sch. Code:56423","State : TELANGANA
District : RANGAREDDY",Secondary Level,"Name : REVATHI HIGH SCHOOL
Head/Principal Name: SIDDIREDDY SWAMY VIJAYA SEKHAR","Address : BEHIND ELECTRICAL SUBSTATION, SHANKARPALLY
Website : https://WWW.REVATHIHIGHSCHOOL.COM"
1762,"Aff. No. :3630428
Sch. Code:56429","State : TELANGANA
District : RANGAREDDY",Secondary Level,"Name : BHASHYAM BLOOMS SCHOOL
Head/Principal Name: M.Aswini","Address : LECTURERS COLONY , HAYATHNAGAR, RANGAREDDY DISTRICT
Website : https://bloomshayathnagar.in/"
1763,"Aff. No. :3630424
Sch. Code:56404","State : TELANGANA
District : RANGAREDDY",Senior Secondary Level,"Name : HEARTFULNESS INTERNATIONAL SCHOOL
Head/Principal Name: N ANURADHA MURTHY","Address : Heartfulness International School, Kanha Shanthi Vanam, Nandigama Mandal
Website : https://his.edu.in/"
1764,"Aff. No. :3630336
Sch. Code:57809","State : TELANGANA
District : RANGAREDDY",Senior Secondary Level,"Name : EXCELLENCIA INFINITUM SCHOOL
Head/Principal Name: NEERAJA KAUSHIK","Address : H NO 6/39, SURVEY NO 1008 TO 10010, UPPERPALLY VILLAGE, SHAMIRPET MANDAL, MEDCHAL-MALKAJGIRI DISTIC-500078, TELANGANA.
Website : https://www.excellenciainfinitumschool.co.in/"
1765,"Aff. No. :3630333
Sch. Code:57859","State : TELANGANA
District : RANGAREDDY",Senior Secondary Level,"Name : PALLAVI SCHOOL
Head/Principal Name: HEMA MADABUSHI","Address : SURVEY NO. 786, HIMAYATHNAGAR (V), MOINABAD (M), RANGA REDDY DISTRICT, TELANGANA
Website : www.pallaviinternationalschool.org"
1766,"Aff. No. :3630347
Sch. Code:56211","State : TELANGANA
District : RANGAREDDY",Senior Secondary Level,"Name : THE CREEK PLANET SCHOOL, NEPTUNE CAMPUS
Head/Principal Name: SHAMPA GHOSH","Address : PLOT NO-21, SY NO-631,632,633,635 & 636, NEAR IDL CHERUVU,RAGHAVENDRA NAGAR,KUKATPALLY,MEDCHAL-MALKAJGIRI DISTRICT,HYDERABAD, TELANGANA-500072
Website : www.thecreekschoolschool.com/neptunecampus"
1767,"Aff. No. :3630348
Sch. Code:56215","State : TELANGANA
District : RANGAREDDY",Senior Secondary Level,"Name : QUANTUM LEAP SCHOOL
Head/Principal Name: PABBA SREELATHA","Address : SY NO 78, VENKATARAMANA COLONY, GOKUL PLOTS, HAFEEZPET, SERILINGAMPALLY MANDAL
Website : www.quantumleapschool.in"
1768,"Aff. No. :3630349
Sch. Code:56221","State : TELANGANA
District : RANGAREDDY",Senior Secondary Level,"Name : SRI VIDYA VIHAR SCHOOL
Head/Principal Name: Shuchi Bharadwaj","Address : ANNOJIGUDA, GHATKESAR, MEDCHAL-MALKAJGIRI, TELANGANA
Website : www.srividyaviharschool.com"
1769,"Aff. No. :3630342
Sch. Code:56201","State : TELANGANA
District : RANGAREDDY",Secondary Level,"Name : HI -TECH MODERN HIGH SCHOOL
Head/Principal Name: RAJANI PRABISH K","Address : HI-TECH MODERN HIGH SCHOOL PLOT 114, 115 SWARNADHAMA NAGAR OPP MILITARY DAIRY FARM OLD BOWENPALLY SECUNDERABAD
Website : http://hitechschools.in/Home.html"
1770,"Aff. No. :3630343
Sch. Code:56202","State : TELANGANA
District : RANGAREDDY",Senior Secondary Level,"Name : BHASHYAM BLOOMS SCHOOL
Head/Principal Name: Chandana Mudunuru","Address : J.J.COLONY, KAPRA, KAPRA MANDAL, MEDCHAL MALKAJIGIRI
Website : https://bloomsecil.in/"
1771,"Aff. No. :3630344
Sch. Code:56206","State : TELANGANA
District : RANGAREDDY",Senior Secondary Level,"Name : SRI CHAITANYA SCHOOL
Head/Principal Name: T SHARON JYOTHI","Address : PLOT NO. A-17/4PART,SY.NO.45 & 46,MALLAPUR ROAD,UPPAL(M),MEDCHAL DIST
Website : https://srichaitanyaschoolnacharam.net"
1772,"Aff. No. :3630345
Sch. Code:56207","State : TELANGANA
District : RANGAREDDY",Secondary Level,"Name : LOTUS LAP PUBLIC SCHOOL
Head/Principal Name: PERI USHA KIRAN","Address : SURVEY NO: 259,SRI SRI NAGAR COLONY, KAMMAGUDA ROAD TURKAYAMJAL R.R DIST 501510
Website : https://www.lotuslapschool.net"
1773,"Aff. No. :3630362
Sch. Code:56284","State : TELANGANA
District : RANGAREDDY",Secondary Level,"Name : BHASHYAM BLOOMS SCHOOL
Head/Principal Name: T SAMATHA","Address : MITHILANAGAR COLONY, PRAGATHINAGAR, GAJULARAMARAM VILLAGE, BACHUPALLY MANDAL
Website : https://bloomspragathinagar.in/"
1774,"Aff. No. :3630353
Sch. Code:56240","State : TELANGANA
District : RANGAREDDY",Secondary Level,"Name : ST RITA HIGH SCHOOL
Head/Principal Name: CH Anitha Rao","Address : D NO 2-3/122 F.C.I. WIDIA COLONY MIYAPUR SERILINGAMPALLY MANDAL HYDERABAD
Website : http://stritahighschool.in/stritahighschool.in"
1775,"Aff. No. :3630359
Sch. Code:56279","State : TELANGANA
District : RANGAREDDY",Secondary Level,"Name : THE CREEK PLANET SCHOOL, ORBIT CAMPUS
Head/Principal Name: SRAVANI KARRA","Address : PLOT NO 253, SY NO 245, 268 TO 273, ATHVELLY VILLAGE, MEDCHAL MANDAL, MEDCHAL MALKAJGIRI DISTRICT,
Website : https://www.thecreekschool.com/orbit/"
1776,"Aff. No. :3630355
Sch. Code:56252","State : TELANGANA
District : RANGAREDDY",Senior Secondary Level,"Name : BHAVISYAA SCHOOL
Head/Principal Name: LINGALA SAI SANTOSH","Address : SR NO 58/1, KAMRANGHAT VILLAGE, SAROOR NAGAR MANDAL, HASTHINAPURAM
Website : www.bhavishyaaschools.com"
1777,"Aff. No. :3630356
Sch. Code:56264","State : TELANGANA
District : RANGAREDDY",Senior Secondary Level,"Name : ARKA SCHOOL
Head/Principal Name: MARRU DIVYA","Address : ARKA SCHOOL, SY.NO.89 & 90, ALMASGUDA, BALAPUR(M),RANGA REDDY DISTRICT.
Website : www.arkaschool.in"
1778,"Aff. No. :3630128
Sch. Code:57643","State : TELANGANA
District : RANGAREDDY",Senior Secondary Level,"Name : GANGES VALLEY SCHOOL
Head/Principal Name: SUJATHA BHUPATHIRAJU","Address : BACHUPALLY, QUTUBULLAHPUR MANDAL, R.R DIST, HYDERABAD - 500090
Website : http://www.gangesvalleyschool.com"
1779,"Aff. No. :3630125
Sch. Code:57641","State : TELANGANA
District : RANGAREDDY",Senior Secondary Level,"Name : GAUTAMI VIDYA KSHETRA
Head/Principal Name: P SARADA ARAVIND","Address : 1-110/3/A, DEEPTHISRINAGAR MADINAGUDA SERILINGAMPALLY (M) R.R.DIST HYDERABAD-500049.
Website : www.gautamividyakshetra.com"
1780,"Aff. No. :3630123
Sch. Code:57639","State : TELANGANA
District : RANGAREDDY",Secondary Level,"Name : DELHI SCHOOL OF EXCELLENCE
Head/Principal Name: AUGUSTINE THOMAS","Address : BESIDE MORE SUPER MARKET, ATTAPUR(HYDERGUDA),RAJENDRANAGAR MANDAL
Website : www.dsehyd.com"
1781,"Aff. No. :3630131
Sch. Code:57654","State : TELANGANA
District : RANGAREDDY",Senior Secondary Level,"Name : NALLA MALLA REDDY FOUNDATION SCHOOL
Head/Principal Name: PULGAM NARESH","Address : 4-55, DIVYANAGAR, KACHIVANISINGARAM VILLAGE, GHATKESAR MANDAL, RANGA REDDY DISTRICT
Website : www.nmrfs.edu.in"
1782,"Aff. No. :3630132
Sch. Code:57644","State : TELANGANA
District : RANGAREDDY",Senior Secondary Level,"Name : UNICENT SCHOOL
Head/Principal Name: Rachna Bhattacharjee","Address : 25P, VANASTHALI HILLS, THATTIKHANA, THATTIANNARAM VILLAGE, HAYATHNAGAR MANDAL, RR DIST
Website : http://unicentnagole.in"
1783,"Aff. No. :3630138
Sch. Code:57658","State : TELANGANA
District : RANGAREDDY",Senior Secondary Level,"Name : MNR SCHOOL OF EXCELLENCE
Head/Principal Name: K KALYANI","Address : REDDY COLONY, CHANDANAGAR, OPP: BHEL
Website : www.mnrsebhel.org"
1784,"Aff. No. :3630139
Sch. Code:57645","State : TELANGANA
District : RANGAREDDY",Secondary Level,"Name : T.I.M.E SCHOOL
Head/Principal Name: PHANINDRA BORA","Address : SY.NO. 220(P), 221(P), KANDLAKOYA VILLAGE, MEDCHAL MANDAL.
Website : www.timeschools.com"
1785,"Aff. No. :3630103
Sch. Code:57625","State : TELANGANA
District : RANGAREDDY",Secondary Level,"Name : ST.MARTINS HIGH SCHOOL
Head/Principal Name: PREM KUMAR VUCHALA","Address : H.NO. 13-69/7 MADHUSUDHAN NAGAR, MALKAJGIRI, HYD
Website : http://www.stmartinsmalkajgiri.com/"
1786,"Aff. No. :3630105
Sch. Code:57621","State : TELANGANA
District : RANGAREDDY",Senior Secondary Level,"Name : OAKWOOD INTERNATIONAL SCHOOL
Head/Principal Name: T.V.U.N. SIRISHA","Address : 1-4-477, SATYANAGAR KAMMAN, NEWMARURHINAGAR,KOTHAPET, DILSUKNAGAR, HYDERABAD-35. A.P
Website : www.oakwoodinternationalschool.com"
1787,"Aff. No. :3630107
Sch. Code:57636","State : TELANGANA
District : RANGAREDDY",Senior Secondary Level,"Name : DARSH UNIVERSAL SCHOOL
Head/Principal Name: G SWAPNA DEEPIKA","Address : SURVEY NO. 58 & 59; YELLAREDDYGUDA, KEESARA MANDAL, KAPRA CIRCLE, SAINIKPURI, HYDERABAD, DISTRICT: RANGA REDDY, PIN: 500062
Website : www.darshschool.org"
1788,"Aff. No. :3630108
Sch. Code:57635","State : TELANGANA
District : RANGAREDDY",Senior Secondary Level,"Name : SRI CHAITANYA TECHNO SCHOOL
Head/Principal Name: SOMESWARA RAO KORADA","Address : GUNDLAPOCHAMPALLY (V), MEDCHAL (M), RANGA REDDY DISTRICT, ANDHRA PRADESH
Website : www.srichaitanyatechnoschoolkompally.net"
1789,"Aff. No. :3630109
Sch. Code:57626","State : TELANGANA
District : RANGAREDDY",Senior Secondary Level,"Name : PRERANA WALDORF SCHOOL
Head/Principal Name: FARHANA KHATOON","Address : PLOT NO:47/9,JANARDHAN HILLS
Website : https://www.preranawaldorf.org"
1790,"Aff. No. :3630116
Sch. Code:57655","State : TELANGANA
District : RANGAREDDY",Secondary Level,"Name : PRAGATHI CENTRAL SCHOOL
Head/Principal Name: V N CHAKRAVARTHY","Address : SY.NO. 167(P),168,169(P),176(P),177 AND 178(P), PRAGATHI NAGAR,QUTHBULLAPUR MANDAL
Website : www.pragathischools.com"
1791,"Aff. No. :3630118
Sch. Code:57657","State : TELANGANA
District : RANGAREDDY",Senior Secondary Level,"Name : SANSKRITI SCHOOL
Head/Principal Name: YAMINI RAJU","Address : PLOT NOS, 16, 16A & 17, GOLDEN TULIP ESTATES, NEAR MARUTI GEM MOTOR''''''''S WORK SHOP, SERILINGAMPALLY MANDAL, KONDAPUR
Website : www.sanskritieducation.com"
1792,"Aff. No. :3630119
Sch. Code:57634","State : TELANGANA
District : RANGAREDDY",Senior Secondary Level,"Name : PHOENIX GREENS SCHOOL OF LEARNING
Head/Principal Name: ANJU SHARMA","Address : SY.NO.122, KOKAPET (V)RAJENDRA NAGAR, HYDERABAD
Website : www.phoenixgreens.com"
1793,"Aff. No. :3630111
Sch. Code:57623","State : TELANGANA
District : RANGAREDDY",Senior Secondary Level,"Name : STMARTINS HIGH SCHOOL MIYAPUR
Head/Principal Name: K Indira Priyadarshini","Address : ST.MARTINS HIGH SCHOOL MIYAPUR PIN CODE NO 500049
Website : www.stmartinsmiyapur.in"
1794,"Aff. No. :3630113
Sch. Code:57630","State : TELANGANA
District : RANGAREDDY",Secondary Level,"Name : ST. PETERS HIGH SCHOOL
Head/Principal Name: NAMRATA SANDHU","Address : SY.NO. 623, ADJ. TO ST. PETERS ENGNEERING COLLEGE, MAISAMMAGUDA, DHULLAPALLY POST, MEDCHAL MANDAL, RANGAREDDY DIST. A.P
Website : www.stpetersirs.com"
1795,"Aff. No. :3630159
Sch. Code:57675","State : TELANGANA
District : RANGAREDDY",Senior Secondary Level,"Name : T.I.M.E SCHOOL
Head/Principal Name: Vijaya Sudhakar","Address : SY.NO. 30(P), BANDLAGUDA JAGIR VILLAGE, RAJENDAR NAGAR, RANGA REDDY DIST.,
Website : www.timeschools.com"
1796,"Aff. No. :3630160
Sch. Code:57750","State : TELANGANA
District : RANGAREDDY",Secondary Level,"Name : SRI CHAITANYA HIGH SCHOOL
Head/Principal Name: K NIROSHA","Address : SURVEY NO 28, HYDERSHAKOTE VILLAGE RAJENDRA NAGAR DISTT RANGAREDDY TELANGANA
Website : www.srichaitanyaschoolsuncity.net"
1797,"Aff. No. :3630161
Sch. Code:57680","State : TELANGANA
District : RANGAREDDY",Senior Secondary Level,"Name : THE GLOBAL EDGE SCHOOL
Head/Principal Name: ANJU MADAN","Address : SY NO. 1052, BEHIND PLOT NO. 303 TO 306, ROAD NO. 4, KPHB PHASE 1&2, KUKATPALLI, HYDERABAD - 500075
Website : www.globaledgeschool.com"
1798,"Aff. No. :3630175
Sch. Code:57689","State : TELANGANA
District : RANGAREDDY",Senior Secondary Level,"Name : CANDOR SHRINE I SCHOOL
Head/Principal Name: E MALLA REDDY","Address : SY.NO.612, LAXMAREDDY PALEM,PEDDAMBERPET NAGAR PANCHAYATH,HAYATH NAGAR MANDAL.R.R.DIST.
Website : www.candorshrineischool.com"
1799,"Aff. No. :3630164
Sch. Code:57676","State : TELANGANA
District : RANGAREDDY",Senior Secondary Level,"Name : SUPRABHAT MODEL HIGH SCHOOL
Head/Principal Name: G BHANU VISHAL GOUD","Address : PLOT NO. A, 1C, RD. NO. 1, NACHARAM X, ROADS
Website : www.suprabhat.ac.in"
1800,"Aff. No. :3630165
Sch. Code:57710","State : TELANGANA
District : RANGAREDDY",Secondary Level,"Name : EDIFY WORLD SCHOOL
Head/Principal Name: SAILAJA KANUGO","Address : SURVEY NO.90 BALAPUR RCI ROAD, BESIDE BALAJI TOWNSHIP
Website : www.edifyworldschoolbalapur.com"
1801,"Aff. No. :3630166
Sch. Code:57681","State : TELANGANA
District : RANGAREDDY",Senior Secondary Level,"Name : LEAD INDIA BHARAT RATNAS SCHOOL
Head/Principal Name: LAKKARAJU LAVANYA","Address : BANDLAGUDA VILLAGE, KEESARA MANDAL, RANGA REDDY DISTRICT, HYDERABAD.
Website : www.librs.in"
1802,"Aff. No. :3630167
Sch. Code:57685","State : TELANGANA
District : RANGAREDDY",Secondary Level,"Name : GATEWAY INTERNATIONAL HIGH SCHOOL
Head/Principal Name: AMBILI MURALIDHAR","Address : 1-2-13, BUDVEL RAJENDRANAGAR RANGAREDDY HYDERABAD
Website : www.gihshyd.com"
1803,"Aff. No. :3630168
Sch. Code:57683","State : TELANGANA
District : RANGAREDDY",Senior Secondary Level,"Name : GEETANJALI HIGH SCHOOL
Head/Principal Name: REKHA","Address : SY NO 88 PART GUNDLA POCHAMPALLY MEDCHAL MANDAL RR DIST
Website : www.gitanjaliinternationalschool.in"
1804,"Aff. No. :3630169
Sch. Code:57679","State : TELANGANA
District : RANGAREDDY",Secondary Level,"Name : MOUNT LITERA ZEE SCHOOL
Head/Principal Name: TENNETI INDIRA","Address : PLOT 199, ANJALI GARDENS,MANIKONDA, PUPPALAGUDA
Website : www.mlzsmanikonda.com"
1805,"Aff. No. :3630170
Sch. Code:57682","State : TELANGANA
District : RANGAREDDY",Senior Secondary Level,"Name : OASIS SCHOOL OF EXCELLENCE
Head/Principal Name: K Pravalika","Address : AMMAPALLY SHAMSHABAD RANGAREDDY AP
Website : www.oasisschoolofexcellence.com"
1806,"Aff. No. :3630171
Sch. Code:57698","State : TELANGANA
District : RANGAREDDY",Secondary Level,"Name : KIRAN INTERNATIONAL SCHOOL
Head/Principal Name: T KASTURI REDDY","Address : # 9-35/2, KESHAV NAGAR COLONY, BODUPPAL [V], GHATKESAR [M].
Website : www.kiraninternationalschool.com"
1807,"Aff. No. :3630154
Sch. Code:57677","State : TELANGANA
District : RANGAREDDY",Senior Secondary Level,"Name : JAIN HERITAGE-A CAMBRIDGE SCHOOL
Head/Principal Name: S Sumam Nair","Address : MASJIDPUR VILLAGE SHAMIRPET MANDAL SECUNDERABAD.
Website : www.jgischools.in"
1808,"Aff. No. :3630155
Sch. Code:57684","State : TELANGANA
District : RANGAREDDY",Senior Secondary Level,"Name : NARAYANA CONCEPT SCHOOL
Head/Principal Name: BHUVANESWARI VEMURI","Address : PLOT NO:26, SAHEB NAGAR KALAN (VILLAGE), HAYATHANAGAR (REVENUE MANDAL), RANGA REDDY (DISTRICT), UNDER GHMC, HYDERABAD
Website : https://www.narayanaschools.in/hyderabad/vanasthalipuram/"
1809,"Aff. No. :3630156
Sch. Code:57669","State : TELANGANA
District : RANGAREDDY",Secondary Level,"Name : UNICENT SCHOOL
Head/Principal Name: VAVILALA ANNAPURNA","Address : SY. NO - 155/156, DOOLAPALLY ROAD, KOMPALLY
Website : Https://unicent.in/kompally/"
1810,"Aff. No. :3630157
Sch. Code:57673","State : TELANGANA
District : RANGAREDDY",Senior Secondary Level,"Name : RADCLIFFE SCHOOL HYDERABAD
Head/Principal Name: K Lakshmi Madhavi","Address : 6-30, 31 & 32, OPP. IDPL R&D CENTRE, BALANAGAR
Website : https://radcliffehyderabad.in/"
1811,"Aff. No. :3630149
Sch. Code:57667","State : TELANGANA
District : RANGAREDDY",Senior Secondary Level,"Name : SAGE INTERNATIONAL SCHOOL
Head/Principal Name: G CHAITRA","Address : NH202, MEDIPALLY VILL, GHATKESHWAR.
Website : www.sageschool.edu.in"
1812,"Aff. No. :3630150
Sch. Code:57663","State : TELANGANA
District : RANGAREDDY",Senior Secondary Level,"Name : DON BOSCO SCHOOL
Head/Principal Name: B AROKIA NATHAN","Address : DON BOSCO NAGAR POST, BANDLAGUDA JAGIR, GANDIPET MANDAL, RANGA REDDY DISTRICT, TELANGANA
Website : www.donboscobandlaguda.org"
1813,"Aff. No. :3630151
Sch. Code:57703","State : TELANGANA
District : RANGAREDDY",Senior Secondary Level,"Name : ST.ANDREWS SCHOOL
Head/Principal Name: PADMALAYA SARMA CHAVALI","Address : SURVEY NO. 25/P, AHMEDGUDA VILLAGE, KEESARA MANDAL, RR DIST, PIN - 501 301
Website : https://www.sas-ks.com"
1814,"Aff. No. :3630144
Sch. Code:57662","State : TELANGANA
District : RANGAREDDY",Senior Secondary Level,"Name : GREENWICH ACADEMY THE SCHOOL
Head/Principal Name: FATIMA SATTAR","Address : BANDLAGUDA, 8-5-2/7 KATEDAN ROAD
Website : www.greenwichacademy.in"
1815,"Aff. No. :3630145
Sch. Code:57678","State : TELANGANA
District : RANGAREDDY",Senior Secondary Level,"Name : SRI CHAITANYA HIGH SCHOOL
Head/Principal Name: CH SRINIVASA PRABHU","Address : PLOT.NO.A-8,ELECTRONIC COMPLEX, KUSHAIGUDA,HYDERABAD,A.P.
Website : http://srichaitanyaschoolecil.net/"
1816,"Aff. No. :3630146
Sch. Code:57660","State : TELANGANA
District : RANGAREDDY",Senior Secondary Level,"Name : THE INDO ENGLISH HIGH SCHOOL
Head/Principal Name: T AJITHA","Address : SWARNAPURI, HMT IV VENTURE MIYAPUR RANGA REDDY DIST
Website : http://theindoenglishschool.com/index.html"
1817,"Aff. No. :3630134
Sch. Code:57649","State : TELANGANA
District : RANGAREDDY",Senior Secondary Level,"Name : REQELFORD INTERNATIONAL SCHOOL
Head/Principal Name: Vidya Sravanthi","Address : SY.NO: 417, RAMPALLY VILLAGE, KEESARA MANDAL, RANGA REDDY DIST., ANDHRA PRADESH.
Website : www.reqelfordinternationalschool.com"
1818,"Aff. No. :3630135
Sch. Code:57652","State : TELANGANA
District : RANGAREDDY",Senior Secondary Level,"Name : INFANT JESUS INTERNATIONAL SCHOOL
Head/Principal Name: Fr YERUVA AMAL KUMAR","Address : 4-224,VELLANKANNINAGAR, SHAMSHABAD, R.R(DT)
Website : www.infantjesusinternationalschool.com"
1819,"Aff. No. :3630136
Sch. Code:57642","State : TELANGANA
District : RANGAREDDY",Senior Secondary Level,"Name : MATRUSRI DAV PUBLIC SCHOOL
Head/Principal Name: K ANANDAVALLI","Address : MATRUSRI NAGAR COLONY,MIYAPUR
Website : http://davmiyapur.in"
1820,"Aff. No. :3630141
Sch. Code:57665","State : TELANGANA
District : RANGAREDDY",Secondary Level,"Name : BHASHYAM BROOKS UPS
Head/Principal Name: Sangeeta P","Address : BALAKRISHNA NAGAR, KUKATPALLY
Website : https://brooksschool.in"
1821,"Aff. No. :3630215
Sch. Code:57747","State : TELANGANA
District : RANGAREDDY",Secondary Level,"Name : NTR MODEL SCHOOL
Head/Principal Name: SINGAREDDY JOJI REDDY","Address : NTR MODEL SCHOOL HIMAYATH NAGAR VILLAGE - 500 075SURVEY NO.3 MOINABAD MANDAL RANGAREDDY DISTRICT TELANGANA STATE
Website : www.ntrmodelschool.com"
1822,"Aff. No. :3630210
Sch. Code:57720","State : TELANGANA
District : RANGAREDDY",Secondary Level,"Name : ACADEMIC HEIGHTS PUBLIC SCHOOL
Head/Principal Name: BH S NEELIMA DEVI","Address : SURVEY NO:51, VENKAT REDDY COLONY, BOLLIGUDEM ROAD, BODUPPAL
Website : www.ahpsboduppal.com"
1823,"Aff. No. :3630202
Sch. Code:57718","State : TELANGANA
District : RANGAREDDY",Senior Secondary Level,"Name : NARAYANA E-TECHNO SCHOOL
Head/Principal Name: S MANJU BHARGAVI","Address : A-9 ELECTRONIC COMPLEX KUSHAIGUDA ECIL
Website : http://www.narayanagroup.com"
1824,"Aff. No. :3630101
Sch. Code:57617","State : TELANGANA
District : RANGAREDDY",Senior Secondary Level,"Name : NEELKANTH VIDYAPEETH RESIDENTIAL SCHOOL
Head/Principal Name: K RAM KUMAR KASYAP","Address : MAJEEDPUR,P.O. BATASINGARAM, NEAR RAMOJI FILM CITY, HAYATHNAGAR, RANGAREDDY,
Website : www.nvrs.in"
1825,"Aff. No. :3630199
Sch. Code:57754","State : TELANGANA
District : RANGAREDDY",Secondary Level,"Name : MAHESH VIDYA BHAVAN HIGH SCHOOL
Head/Principal Name: L V RANGA REDDY","Address : 6-3-120/1, SHIVARAMPALLY
Website : www.maheshvidyabahvan.com"
1826,"Aff. No. :3630204
Sch. Code:57734","State : TELANGANA
District : RANGAREDDY",Secondary Level,"Name : MONTRIDGE SCHOOL
Head/Principal Name: SHARADA YADAV","Address : PLOT NO.S 144-146 MAHADEVAPURAM OPPOSITE BHARAT PETROL BUNK,GAJULARAMARAM QUTBULLAPUR MANDAL HYDERABAD 500055
Website : http://www.montridgeschool.com"
1827,"Aff. No. :3630205
Sch. Code:57725","State : TELANGANA
District : RANGAREDDY",Secondary Level,"Name : GITANJALI DEVAKUL
Head/Principal Name: V Sreelekha","Address : 5-3-416/A, SRIKRISHNA NAGAR, VV NAGAR EXT., KUKATPALLY
Website : http://www.gitanjalischools.com"
1828,"Aff. No. :3630206
Sch. Code:57238","State : TELANGANA
District : RANGAREDDY",Secondary Level,"Name : AMBITUS WORLD SCHOOL
Head/Principal Name: DR BHARGAVI MOTURI","Address : SURVEY NO: 473,MIYAPUR - MEDCHAL HIGHWAY ROAD,NEAR BACHUPALLY,BOWRAMPET,QUTHBULLAPUR MANDAL,RANGAREDDY DISTRICT
Website : www.ambitusworldschool.com/hyd/"
1829,"Aff. No. :3630207
Sch. Code:57390","State : TELANGANA
District : RANGAREDDY",Middle Class,"Name : ST. MARYS CENTRAL SCHOOL
Head/Principal Name: AAP BALAJI RAO","Address : ST. MARYS CENTRAL SCHOOL, KOLTUR ROAD, TURKAPALLY (POST), SHAMEERPET MANDAL, RANGAREDDY (DIST), TS, PIN - 500078
Website : http://www.stmaryes.com"
1830,"Aff. No. :3630208
Sch. Code:57728","State : TELANGANA
District : RANGAREDDY",Secondary Level,"Name : SANSKAR INNOVATIVE SCHOOL
Head/Principal Name: INDU MANRAI","Address : PLOT NO:889, SURVEY NO:341 NEAR RAILWAY COLONY,
Website : www.sanskarmedchal.com"
1831,"Aff. No. :3630182
Sch. Code:57691","State : TELANGANA
District : RANGAREDDY",Secondary Level,"Name : DELHI SCHOOL OF EXCELLENCE, MANIKONDA
Head/Principal Name: HEMALATHA SISTLA","Address : 1-13/14, BESIDE JAIHIND VALLEY, NEAR ANDHRA BANK, MANIKONDA,RAJENDRANAGAR MANDAL, HYDERABAD, TELANGANA
Website : www.dsehyd.com"
1832,"Aff. No. :3630178
Sch. Code:57706","State : TELANGANA
District : RANGAREDDY",Senior Secondary Level,"Name : SIDDHARHA PUBLIC SCHOOL
Head/Principal Name: DR VINAYASHREE C","Address : 9-21, HANUMAN NAGAR BODUPPAL GHATKESAR RANGAREDDY AP
Website : www.siddharthapublicschools.com"
1833,"Aff. No. :3630195
Sch. Code:57713","State : TELANGANA
District : RANGAREDDY",Secondary Level,"Name : VIDYANJALI GRAMMAR SCHOOL
Head/Principal Name: E Sunitha Paul","Address : H.NO.9/3/6 DOCTORS COLONY L.B.NAGAR
Website : www.vgsedu.com"
1834,"Aff. No. :3630196
Sch. Code:57764","State : TELANGANA
District : RANGAREDDY",Senior Secondary Level,"Name : SURYA ACADEMY THE GLOBAL SCHOOL
Head/Principal Name: A Lakshmi Dharithri","Address : SURVEY NO. 308 & 309
Website : www.suryatheglobalschool.com"
1835,"Aff. No. :3630197
Sch. Code:57749","State : TELANGANA
District : RANGAREDDY",Senior Secondary Level,"Name : SRI VAMSHIDHAR HIGH SCHOOL
Head/Principal Name: P GOPALA KRISHNA","Address : NADERGUL, SAROOR NAGAR , RR DISTRICT
Website : www.srivamshidharhighschool.com"
1836,"Aff. No. :3630184
Sch. Code:57701","State : TELANGANA
District : RANGAREDDY",Senior Secondary Level,"Name : SRI SRI ACADEMY
Head/Principal Name: CHANCHALA YELAMANCHI","Address : SRI SRI ACADEMY, DISCOVERY CITY, SARASWATHIGUDA ROAD, SRINAGAR VILLAGE, MAHESWARAM MANDAL, HYDERABAD. RANGA REDDY DIST.
Website : https://hyderabad.ssa.org.in/"
1837,"Aff. No. :3630186
Sch. Code:57745","State : TELANGANA
District : RANGAREDDY",Senior Secondary Level,"Name : ROTTERDAM SCHOOL
Head/Principal Name: K RUPA REDDY","Address : 2-97, NARAPALLY MAIN ROAD, CHOWDARYGUDA (V), GHATKESAR (M), R. R. DISTRICT, TELANGANA
Website : www.rotterdamis.com"
1838,"Aff. No. :3630188
Sch. Code:57695","State : TELANGANA
District : RANGAREDDY",Secondary Level,"Name : OAK VALLEY SCHOOL
Head/Principal Name: PANDYALA MAHENDER","Address : SY.NO 169, VAISHNAVI ENCLAVE, NEAR SAKET
Website : www.oakvalleyinternatIonalschool.org"
1839,"Aff. No. :3630189
Sch. Code:57696","State : TELANGANA
District : RANGAREDDY",Senior Secondary Level,"Name : CORNERSTONE SCHOOL
Head/Principal Name: SHILPA SETHI","Address : SURVEY NO. 49,ANNAPURNA ENCLAVE,BEHIND SWAGATH HOTEL,CHANDANAGAR
Website : https://www.cornerstoneschool.edu.in"
1840,"Aff. No. :3630238
Sch. Code:57767","State : TELANGANA
District : RANGAREDDY",Senior Secondary Level,"Name : MNR I EXCEED SCHOOL
Head/Principal Name: O VENKATA SUDHIR","Address : 2-23B/350, BHAGYANAGAR PHASE-III, OPP: JNTU, NEAR HMT HILLS COLONY, KUKATPALLY
Website : www.mnriexccedkp.edu.in"
1841,"Aff. No. :3630230
Sch. Code:57777","State : TELANGANA
District : RANGAREDDY",Senior Secondary Level,"Name : LAURUS - THE SCHOOL OF EXCELLENCE
Head/Principal Name: VAJPEYAYAJULA ANUPAMA","Address : MAIN ROAD, NIZAMPET VILLAGE, QUTHBULLAPUR MANDAL, RR DIST.
Website : www.laurustheschool.com"
1842,"Aff. No. :3630228
Sch. Code:57766","State : TELANGANA
District : RANGAREDDY",Senior Secondary Level,"Name : THE CREEK PLANET SCHOOL - VENUS CAMPUS
Head/Principal Name: K DAMARIS","Address : SY.NO:536/P, OPP: VNR VIGNAN JYOTHI ENGG. COLLEGE, BACHUPALLY,
Website : www.thecreekshool.com/venus/"
1843,"Aff. No. :3630235
Sch. Code:57803","State : TELANGANA
District : RANGAREDDY",Senior Secondary Level,"Name : BIRLA OPEN MINDS SCHOOL
Head/Principal Name: M J Thomas","Address : SURVEY NO. 23&24, SRIRAM NAGAR SAHARA ROAD, MANSOORABAD RANGAREDDY TELANGANA-500068
Website : http://bomis-lbnagar.com/index.php"
1844,"Aff. No. :3630240
Sch. Code:56345","State : TELANGANA
District : RANGAREDDY",Secondary Level,"Name : BRIGADE PUBLIC SCHOOL
Head/Principal Name: RUKMINI REDDY","Address : 4-1-100 NEAR PILLAR NO. 122, ATTAPUR,RAJENDRANAGAR CIRCLE, RANGAREDDY, TELANGANA-500048.
Website : www.brigadepublicschool.com"
1845,"Aff. No. :3630246
Sch. Code:57817","State : TELANGANA
District : RANGAREDDY",Senior Secondary Level,"Name : SLOKA SCHOOL
Head/Principal Name: MUTAKANA VISWANATHA REDDY","Address : MANNEGUDA
Website : www.slokainternational.com"
1846,"Aff. No. :3630247
Sch. Code:57757","State : TELANGANA
District : RANGAREDDY",Secondary Level,"Name : ALMAS HIGH SCHOOL
Head/Principal Name: BENAZEER","Address : 6-69,CHINCHOLI ROAD, ALLAHPUR
Website : www.almasschool.com"
1847,"Aff. No. :3630218
Sch. Code:57722","State : TELANGANA
District : RANGAREDDY",Senior Secondary Level,"Name : SCHOLARS ACADEMY
Head/Principal Name: T Sujatha Reddy","Address : PLOT NO 59&60, ALAKAAPOOR TOWNSHIP, NEKNAMPUR, RAJENDRANAGAR
Website : www.scholars.edu.in/sa"
1848,"Aff. No. :3630219
Sch. Code:57736","State : TELANGANA
District : RANGAREDDY",Secondary Level,"Name : GENESIS SCHOOL
Head/Principal Name: U RAJA REDDY","Address : 500072
Website : www.genesisintschool.org"
1849,"Aff. No. :3630223
Sch. Code:57778","State : TELANGANA
District : RANGAREDDY",Secondary Level,"Name : SUNFLOWER VEDIC SCHOOL
Head/Principal Name: KALPANA PASARA","Address : SURVEY NO:-686/B,SURYA VIKAS,DEVARYAMZAL,MEDCHAL,SHAMEERPET MANDAL
Website : www.sunflowervedicschool.org"
1850,"Aff. No. :3630224
Sch. Code:57719","State : TELANGANA
District : RANGAREDDY",Secondary Level,"Name : VIJETHA VIDYALAYA
Head/Principal Name: Padmaja Seethamraju","Address : 13-1-55,PANDURANGA NAGAR
Website : www.vijethavidyalaya.in"
1851,"Aff. No. :3630069
Sch. Code:57587","State : TELANGANA
District : RANGAREDDY",Secondary Level,"Name : LITTLE FLOWER SCHOOL
Head/Principal Name: JOJAPPA P","Address : UPPAL, HYDERABAD.
Website : www.lfshyd.org"
1852,"Aff. No. :3630073
Sch. Code:57601","State : TELANGANA
District : RANGAREDDY",Senior Secondary Level,"Name : ARCA GLOBAL INTERNATIONAL SCHOOL
Head/Principal Name: PANNURU PRABHAKAR","Address : SURVEY NO.8 & 9, PEERJADIGUDA VILLAGE GHATKESAR MANDAL
Website : www.arca.co.in"
1853,"Aff. No. :3630075
Sch. Code:57595","State : TELANGANA
District : RANGAREDDY",Senior Secondary Level,"Name : SREE VIDYANIKETHAN INTERNATIONAL SCHOOL
Head/Principal Name: N V K S N S R H PRASAD","Address : SANSKRUTI TOWNSHIP, POCHARAM, GHATKESAR (M)
Website : www.vidyanikethan.edu"
1854,"Aff. No. :3630077
Sch. Code:57596","State : TELANGANA
District : RANGAREDDY",Senior Secondary Level,"Name : SLOKA THE HYDERABAD WALDORF SCHOOL
Head/Principal Name: K PADMAJA","Address : SY.NO.21,HIMAYATNAGAR VILLAGE AND GRAMPANCHAYAT, MOINABAD MANDAL, RANGA REDDY DISTRCT
Website : www.slokawaldorf.org"
1855,"Aff. No. :3630078
Sch. Code:57600","State : TELANGANA
District : RANGAREDDY",Senior Secondary Level,"Name : BHARATIYA VIDYA BHAVANS ATMAKURI RAMA RAO SCHOOL
Head/Principal Name: SREELATHA NAIR","Address : ROAD NO.45 (END), JUBILEE HILLS, HYDERABAD
Website : www.bvbarrs.edu.in"
1856,"Aff. No. :3630080
Sch. Code:","State : TELANGANA
District : RANGAREDDY",Secondary Level,"Name : GURUKULA VIDYAPEETH HIGH SCHOOL
Head/Principal Name: D.Srinivasa Rao","Address : GURUKULA VIDYAPEETH HIGH SCHOOL,IBRAHIMAPATAN,RANGA REDDY DISTRICT
Website :"
1857,"Aff. No. :3630089
Sch. Code:57605","State : TELANGANA
District : RANGAREDDY",Secondary Level,"Name : GLOBAL EDGE SCHOOL
Head/Principal Name: Namrata Kaur","Address : 1-98/B/85/1, VITTALRAO NAGAR, MADHAPUR, HYDERABAD
Website : euroschoolhyd.com"
1858,"Aff. No. :3630090
Sch. Code:57598","State : TELANGANA
District : RANGAREDDY",Senior Secondary Level,"Name : OAKRIDGE INTERNATIONAL SCHOOL
Head/Principal Name: ANURADHA VARMA","Address : SURVEY NO166/6.BOWRAMPET,NEAR BACHUPALLY,QUTUBULLAPUR MANDAL,RANGAREDDY DISTRICT. PIN 500 043
Website : www.oakridgeinternational.com/bcp/"
1859,"Aff. No. :3630091
Sch. Code:57609","State : TELANGANA
District : RANGAREDDY",Senior Secondary Level,"Name : MERIDIAN SCHOOL
Head/Principal Name: KARANAM BHAVANI","Address : SY. NO.11/4 & 11/5 OPP. HITECH CITY, KUKATPALLY BYPASS ROAD, KHANAMET VILLAGE, SERLINGAMPALLY MANDAL, RANGA REDDY DISTRICT, HYDERABAD.
Website : https://www.meridianschool.in/madhapur/"
1860,"Aff. No. :3630092
Sch. Code:57610","State : TELANGANA
District : RANGAREDDY",Secondary Level,"Name : SCHOLARS INTERNATIONAL SCHOOL
Head/Principal Name: VIJAYA TIPPARAJU","Address : 89, ALAKAAPOOR TOWNSHIP, PUPPALAGUD(V), RAJENDRANAGAR(M), RANGA REDDY (DIST), AP-500089
Website : www.scholars.edu.in/sis"
1861,"Aff. No. :3630093
Sch. Code:57619","State : TELANGANA
District : RANGAREDDY",Secondary Level,"Name : LOTUS NATIONAL SCHOOL
Head/Principal Name: V.Krishnaveni","Address : SHILPA NAGAR LAYOUT, NAGARAM VILLAGE, KEESARA MANDAL, HYDERABAD - 500062
Website : www.lotusschool.in"
1862,"Aff. No. :3630094
Sch. Code:57612","State : TELANGANA
District : RANGAREDDY",Secondary Level,"Name : NIRAJ INTERNATIONAL SCHOOL
Head/Principal Name: Bolumpalli Raksha Reddy","Address : 132,133, KANDLAKOYA, MEDCHAL, R.R.DIST HYDERABAD MEDCHAL 501403
Website : www.nirajinternationalschool.com"
1863,"Aff. No. :3630095
Sch. Code:57613","State : TELANGANA
District : RANGAREDDY",Senior Secondary Level,"Name : PALLAVI MODEL SCHOOL
Head/Principal Name: A S VIDYADHARI","Address : 414/A,B,C&D; ALWAR CITY, NEAR PAKALAKUNTA,ALWAL, MALKAJGIRI(MANDAL), RANGA REDDY (DISTRICT)
Website : www.pallavimodelschools.org"
1864,"Aff. No. :3630082
Sch. Code:57627","State : TELANGANA
District : RANGAREDDY",Secondary Level,"Name : HAL HIGH SCHOOL
Head/Principal Name: M MANIK PRABHU","Address : HAL PO BALANAGAR,HYDERABAD-500042
Website : www.halsecondaryschoolhyderabad.in"
1865,"Aff. No. :3630083
Sch. Code:57607","State : TELANGANA
District : RANGAREDDY",Senior Secondary Level,"Name : ABHAYA SCHOOL
Head/Principal Name: AMEER KHAN","Address : GUNDLA POCHAMPALLY VILLAGE, NEAR APPAREL TEXTILE PARK, MEDCHAL MANDAL DIST, RANGAREDDY,
Website : www.abhayaschool.com"
1866,"Aff. No. :3630084
Sch. Code:57603","State : TELANGANA
District : RANGAREDDY",Senior Secondary Level,"Name : SADHU VASWANI INTERNATIONAL SCHOOL
Head/Principal Name: G ARPITHA","Address : 150-152 JAYABHERI PARK, BEHIND CINE PLANET, KOMPALLY, HYDERABAD
Website : http://www.svishyd.edu.in"
1867,"Aff. No. :3630085
Sch. Code:57606","State : TELANGANA
District : RANGAREDDY",Senior Secondary Level,"Name : GMR CHINMAYA VIDYALAYA
Head/Principal Name: R Sumathy","Address : SHAMSHABAD HYDERABAD, RANGAREDDY PIN - 501218
Website : www.gmrchinmayavidyalayahyd.org.in"
1868,"Aff. No. :3630097
Sch. Code:57615","State : TELANGANA
District : RANGAREDDY",Senior Secondary Level,"Name : PRACHIN GLOBAL SCHOOL
Head/Principal Name: Sreenivas Nagulapalli","Address : SY NO 468 & 471 KONDAKAL VILLAGE,SANKARPALLY MANDAL,R.R DIST, TELANGANA
Website : https://prachinglobalschool.com/"
1869,"Aff. No. :3630098
Sch. Code:57611","State : TELANGANA
District : RANGAREDDY",Senior Secondary Level,"Name : THE CREEK PLANET SCHOOL
Head/Principal Name: P HIMAJYOTHSNA","Address : BOWRAMPET, QUTUBULLAPUR MANDAL, RANGAREDDY DIST. AP
Website : https://www.thecreekschool.com"
1870,"Aff. No. :3630099
Sch. Code:57637","State : TELANGANA
District : RANGAREDDY",Senior Secondary Level,"Name : SUCHITRA ACADEMY
Head/Principal Name: DR. RADHIKA SRINIVASAN","Address : SUCHITRA JUNCTION, KOMPALLY, QUTUBULLAPUR (M), RANGA REDDY DIST. HYDERABAD
Website : www.suchitra.in"
1871,"Aff. No. :3630026
Sch. Code:57525","State : TELANGANA
District : RANGAREDDY",Senior Secondary Level,"Name : IVY LEAGUE ACADEMY
Head/Principal Name: PREM SHANKER DUBEY","Address : BOMMADALE BOMMARASIPET VILLAGE VIA HAKIMPET R.R.DIST ANDHRA PRADESH
Website : https://www.ivyleagueacademy.in/"
1872,"Aff. No. :3630049
Sch. Code:57560","State : TELANGANA
District : RANGAREDDY",Secondary Level,"Name : RISHI PUBLIC SCHOOL
Head/Principal Name: KAVITHA NARAYAN","Address : BAIRAGIGUDA RAJENDERNAGAR MANDAL RANGA REDDY DISTT HYDERABAD ANDHRA PRADESH
Website : www.therishipublicschool.org"
1873,"Aff. No. :3630050
Sch. Code:57561","State : TELANGANA
District : RANGAREDDY",Senior Secondary Level,"Name : D R S INTERNATIONAL SCHOOL
Head/Principal Name: IRAGAVARAPU VENUGOPAL","Address : 523, GUNDLAPOCHAMPALLY NEAR APPAREL PARK MEDCHAL MANDAL R R DISTT AP
Website : http://www.drsinternation"
1874,"Aff. No. :3630052
Sch. Code:57563","State : TELANGANA
District : RANGAREDDY",Senior Secondary Level,"Name : KENNEDY HIGH THE GLOBAL SCHOOL
Head/Principal Name: O.VIJAYAVANTHI","Address : BACHUPALLY (V) QUTUBULLAPUR (M) RANGA REDDY DISTT HYDERABAD, AP
Website : www.kennedyglobalschool.edu.in"
1875,"Aff. No. :3630046
Sch. Code:57555","State : TELANGANA
District : RANGAREDDY",Senior Secondary Level,"Name : SHANTINIKETAN VIDYALAYA
Head/Principal Name: GUNJAL DEEPAK RATAN","Address : BAMARASIPET POST SHAMIRPET MANDAL RANGAREDDY DISTT ANDHRA PRADESH
Website : www.shantiniketan.net"
1876,"Aff. No. :3630057
Sch. Code:57572","State : TELANGANA
District : RANGAREDDY",Senior Secondary Level,"Name : DELHI PUBLIC SCHOOL
Head/Principal Name: JYOTHI TURAGA","Address : PLOT NO- 44,42A, BEHIND NACHARAM DTELEPHONIC EXCHANGE, MALKAJGIRI MANDAL, RANGA REDDY DISTT.
Website : www.dpsnacharam.in"
1877,"Aff. No. :3630061
Sch. Code:57578","State : TELANGANA
District : RANGAREDDY",Senior Secondary Level,"Name : AKSHARA SCHOOL
Head/Principal Name: Ms. ANNAPURNA P","Address : PLOT NO.843/1, CHOWDHURYGUDA VILLAGE AND GP, GHATKESAR MANDAL
Website : https://aksharauppal.com/"
1878,"Aff. No. :3630062
Sch. Code:57581","State : TELANGANA
District : RANGAREDDY",Senior Secondary Level,"Name : LOTUS NATIONAL SCHOOL
Head/Principal Name: G Kamini","Address : HYDERGUDA RAJENDRA NAGAR MANDAL RANGAREDDY DIST.
Website : www.lotusschool.in"
1879,"Aff. No. :3630063
Sch. Code:57582","State : TELANGANA
District : RANGAREDDY",Senior Secondary Level,"Name : INDUS UNIVERSAL SCHOOL
Head/Principal Name: K V NEELIMA","Address : NEAR TULSI GARDENS, YAPRAL VILLAGE, J.J. NAGAR POST
Website : https://www.indusuniversalschool.com"
1880,"Aff. No. :3630064
Sch. Code:57593","State : TELANGANA
District : RANGAREDDY",Senior Secondary Level,"Name : ST. PETERS MODEL SCHOOL
Head/Principal Name: M SHEEBA PRITIKA","Address : 4-7-19/63-67, RAGHAVENDRA NAGAR, NACHARAM, KAPRA MUNICIPALITY, RANGAREDDY DISTT.
Website : www.stpetersmodelschool.co.in"
1881,"Aff. No. :3630065
Sch. Code:57588","State : TELANGANA
District : RANGAREDDY",Senior Secondary Level,"Name : SENTIA THE GLOBAL SCHOOL
Head/Principal Name: A Sunita","Address : BESIDE B K ENCLAVE ROAD NO 2, NEAR MIYAPUR BUS DEPOT MIYAPUR, R R DISTRICT
Website : www.sentia.in"
1882,"Aff. No. :3630066
Sch. Code:57583","State : TELANGANA
District : RANGAREDDY",Senior Secondary Level,"Name : JOHNSON GRAMMAR SCHOOL
Head/Principal Name: SOPHIA REENA LEO","Address : NACHARAM, RANGAREDDY DIST, ANDRA PRADESH.
Website : www.jgscbse.com"
1883,"Aff. No. :3600016
Sch. Code:59535","State : TELANGANA
District : RANGAREDDY",Senior Secondary Level,"Name : PM SHRI KENDRIYA VIDYALAYA
Head/Principal Name: N HARI PRASAD","Address : NFC NAGAR COLONY GHATKESAR R R DISTT ANDHRA PRADESH
Website : https://ghatkesarnfc.kvs.ac.in"
1884,"Aff. No. :3600006
Sch. Code:59515","State : TELANGANA
District : RANGAREDDY",Senior Secondary Level,"Name : PM SHRI KENDRIYA VIDYALAYA
Head/Principal Name: VEENA ANIL KUMAR ROTE","Address : BOLARUM ALLENBY LINES J J NAGAR (P.O) SECUNDERABAD ANDHRA PRADESH
Website : https://bolarum.kvs.ac.in"
1885,"Aff. No. :3630002
Sch. Code:57501","State : TELANGANA
District : RANGAREDDY",Senior Secondary Level,"Name : OASIS SCHOOL
Head/Principal Name: Usha Karumathil","Address : RAIDURG HYDERABAD ANDHRA PRADESH
Website : www.oasisschool.edu.in"
1886,"Aff. No. :3630003
Sch. Code:57515","State : TELANGANA
District : RANGAREDDY",Senior Secondary Level,"Name : BHARTIYA VIDYA BHAWAN, BHAVANS SRI RAMAKRISHNA VIDYALAYA
Head/Principal Name: VINITHA SURESH","Address : SAINIKPURI POST, MALKAJGIRI MANDAL, MEDCHAL DISTRICT, SECUNDERABAD PIN 500094 TELANGANA
Website : www.bsrkv.edu.in"
1887,"Aff. No. :130199
Sch. Code:57571","State : TELANGANA
District : RANGAREDDY",Senior Secondary Level,"Name : SILVER OAKS HIGH SCHOOL
Head/Principal Name: RAVI SEETHA DEVI","Address : BACHUPALLY QUTHBULLAPUR MANDOL, RANGA REDDY DISTT. HYDERABAD ANDHRA PRADESH
Website : www.silveroaks.co.in"
1888,"Aff. No. :130215
Sch. Code:57580","State : TELANGANA
District : RANGAREDDY",Senior Secondary Level,"Name : LOTUS NATIONAL SCHOOL
Head/Principal Name: G RAVI KUMAR","Address : MADINAGUDA, MIYAPUR, SERILINGAMPALLY MANDAL, RANGAREDDY DISTT.
Website : http://www.lotusnationalschool.com"
1889,"Aff. No. :130197
Sch. Code:57569","State : TELANGANA
District : RANGAREDDY",Senior Secondary Level,"Name : ST. ANDREWS HIGH SCHOOL
Head/Principal Name: SAROJA SINGULURI","Address : OLD BOWANPALLY BALANAGAR RANGA REDDY DISTT. HYDERABAD
Website : https://www.standrewssuchitra.com"
1890,"Aff. No. :130451
Sch. Code:57730","State : TELANGANA
District : RANGAREDDY",Senior Secondary Level,"Name : TATVA GLOBAL SCHOOL
Head/Principal Name: PAVANI DOKKA","Address : SURVEY NO 10,INSIDE BALAJI LAYOUT QUTHBULLAPUR(MANDAL)GAJULARAMARAM.
Website : www.tatvaglobalschool.com"
1891,"Aff. No. :130454
Sch. Code:57727","State : TELANGANA
District : RANGAREDDY",Secondary Level,"Name : RAINBOW PUBLIC SCHOOL
Head/Principal Name: DASARI GOURI","Address : 48-62, PAPAIAH YADAV NAGAR, BEHIND IDPL CLY, CHINTAL, HYDERABAD-500037.
Website : www.rainbowhighschool.com"
1892,"Aff. No. :130422
Sch. Code:57732","State : TELANGANA
District : RANGAREDDY",Senior Secondary Level,"Name : ARBOR INTERNATIONAL SCHOOL KONDAPUR HYDERABAD TL
Head/Principal Name: Shikha Trivedi","Address : SURVEY NO.92,MASEEDBANDS, KONDAPUR,HYDERABAD
Website : www.arborinternationalschool.com"
1893,"Aff. No. :130442
Sch. Code:57708","State : TELANGANA
District : RANGAREDDY",Secondary Level,"Name : SMP INTERNATIONAL SCHOOL
Head/Principal Name: JESUDASS","Address : H.NO.7-46, SAI RAM NAGAR, HYDERSHAKOTE, RAJENDRANAGAR, R.R.DIST - 91
Website : https://smpis.com"
1894,"Aff. No. :130437
Sch. Code:57707","State : TELANGANA
District : RANGAREDDY",Secondary Level,"Name : ORCHIDS THE SCHOOL
Head/Principal Name: M KAVITHA KUMARI","Address : MACHA BOLARUM, ALWAL MANDAL, DIST. MEDCHAL,TELANGANA-500010
Website : https://orchidstheschoolbolarum.com/#"
1895,"Aff. No. :130438
Sch. Code:57737","State : TELANGANA
District : RANGAREDDY",Secondary Level,"Name : JAN PETER MEMORIAL SCHOOL
Head/Principal Name: Mrs.Sylvia Reddy","Address : SURVEY NO 386,
Website :"
1896,"Aff. No. :130439
Sch. Code:57748","State : TELANGANA
District : RANGAREDDY",Secondary Level,"Name : WORLD ONE SCHOOL
Head/Principal Name: S VANDANA","Address : WORLD ONE SCHOOL NEW HAFIZPET, KONDAPUR, SERLINGAMPALLY MANDAL, HYDERABAD R.R.DIST
Website : www.worldoneschool.org"
1897,"Aff. No. :130482
Sch. Code:57787","State : TELANGANA
District : RANGAREDDY",Secondary Level,"Name : SADASHIVA HIGH SCHOOL
Head/Principal Name: VENKATARAMANA","Address : MALLIKARJUNA NAGAR, OLD BOWENPALLY,BALANAGAR(M), RANGAREDDY DISTRICT
Website : http://sadashivaschoololdbowenpally.com/"
1898,"Aff. No. :130142
Sch. Code:57545","State : TELANGANA
District : RANGAREDDY",Senior Secondary Level,"Name : KAMALA RANI SANGHI SCHOOL
Head/Principal Name: ANUSHA SURI","Address : HAYATNAGAR MANDAL MANDAL RANGAREDDY DISTT. ANDHRA PRADESH
Website : https://www.kamalaranisanghischool.edu.in/"
1899,"Aff. No. :130152
Sch. Code:57549","State : TELANGANA
District : RANGAREDDY",Senior Secondary Level,"Name : SHREE SWAMINARAYAN GURUKUL VIDYALAYA
Head/Principal Name: PRAVEEN KUMAR","Address : ENKEPALLY CHEVELA ROAD ENKAPALLY P.O MOINABAD MANDAL MOINABAD MANDAL RANGAREDDY DISTT., ANDHRA PRADESH
Website : www.gurukulworld.org/hyderabad"
1900,"Aff. No. :130079
Sch. Code:57521","State : TELANGANA
District : RANGAREDDY",Secondary Level,"Name : PRABODHANANDA PRASHANTI NIKETAN
Head/Principal Name: P UDAYA LAKSHMI","Address : KONDAPUR GHATKESAR RANGA REDDY DIST. ANDHRA PRADESH
Website : www.vignanschools.org"
1901,"Aff. No. :3630435
Sch. Code:56516","State : TELANGANA
District : RANGAREDDY",Senior Secondary Level,"Name : DELHI PUBLIC SCHOOL GHATKESAR
Head/Principal Name: Neetu Gupta Puri","Address : NEAR GHATKESAR RAILWAY GATE, OLD WARANGAL HIGHWAY, GHATKESAR
Website : www.dpsghatkesar.org.in"
1902,"Aff. No. :3630437
Sch. Code:56543","State : TELANGANA
District : RANGAREDDY",Senior Secondary Level,"Name : LAKSHYA SCHOOL
Head/Principal Name: NIDHI GERA","Address : THORRUR VILLAGE, ABDULLAPURMET MANDAL
Website : www.thelakshyaschool.com"
1903,"Aff. No. :3630438
Sch. Code:56552","State : TELANGANA
District : RANGAREDDY",Secondary Level,"Name : RAVEES SCHOOL
Head/Principal Name: A V NALINI JAYA","Address : KORREMULA X ROAD, GHATKESAR(MANDAL), MEDCHAL-MALKAJGIRI (DISTRICT)
Website : http://www.raveesschool.com"
1904,"Aff. No. :3630440
Sch. Code:56559","State : TELANGANA
District : RANGAREDDY",Secondary Level,"Name : SLOKA THE SCHOOL
Head/Principal Name: DR.TANUSREE BISWAS","Address : PUPPALAGUDA, MANIKONDA, BESIDE SKYILA GATD COMMUNITY
Website : www.slokatheschoolmanikonda.ac.in"
1905,"Aff. No. :3630447
Sch. Code:56606","State : TELANGANA
District : RANGAREDDY",Secondary Level,"Name : BROOK FIELD SCHOOL
Head/Principal Name: PERMILA SINGH","Address : SY NO 265 & 266 PMPR ENCLAVE SHAMSHBAD, RANGAREDDY DISTRICT
Website : https://brookfieldschoolshamshabad.com/"
1906,"Aff. No. :3630449
Sch. Code:56610","State : TELANGANA
District : RANGAREDDY",Senior Secondary Level,"Name : EDIFY WORLD SCHOOL
Head/Principal Name: ASHA RAJEEV NAIR","Address : RAJENDRA NAGAR MANDAL, ATTAPUR,
Website : https://www.edifyworldschoolattapur.com/"
1907,"Aff. No. :3630443
Sch. Code:56581","State : TELANGANA
District : RANGAREDDY",Senior Secondary Level,"Name : SRI VIDYARANYA INTERNATIONAL SCHOOL
Head/Principal Name: B Krishna Mohan","Address : BANDLAGUDA JAGIR,, GANDIPET MANDAL
Website : https://svis.ind.in"
1908,"Aff. No. :3630444
Sch. Code:56591","State : TELANGANA
District : RANGAREDDY",Secondary Level,"Name : PALLAVI SCHOOL
Head/Principal Name: CHANNAPRAGADA SRILATHA","Address : BANDLAGUDA, KEESARA MANDAL
Website : http://www.pallavischool.org/"
1909,"Aff. No. :3630445
Sch. Code:56595","State : TELANGANA
District : RANGAREDDY",Secondary Level,"Name : ACADEMIC HEIGHTS PUBLIC SCHOOL
Head/Principal Name: E MADHAVI REDDY","Address : BADANGPET, SAROOR NAGAR, RANGA REDDY DISTRICT
Website : https://badangpet.academicheights.in/"
1910,"Aff. No. :3630462
Sch. Code:56682","State : TELANGANA
District : RANGAREDDY",Secondary Level,"Name : ST. ANTHONY'S SCHOOL
Head/Principal Name: N P SUNDARA RAJU","Address : GUNDLAPOCHAMPALLY, MEDCHAL-MALKAJGIRI DISTRICT
Website : https://stanthonysgundlapochampally.in/"
1911,"Aff. No. :3630464
Sch. Code:56692","State : TELANGANA
District : RANGAREDDY",Senior Secondary Level,"Name : BIRLA OPEN MINDS SCHOOL
Head/Principal Name: NIshi Rana","Address : GANDAMGUDA(V),PEERAMCHERUVU,BANDLAGUDA, JAGIR,BANDLAGUDA,GANDIPET(M)
Website : http://www.bomis-bandlaguda.com/"
1912,"Aff. No. :3630465
Sch. Code:56693","State : TELANGANA
District : RANGAREDDY",Senior Secondary Level,"Name : MERIDIAN SCHOOL
Head/Principal Name: Shailaja Reddy","Address : CHENGICHERLA, MEDIPALLY
Website : www.meridianschooluppal.in"
1913,"Aff. No. :3630466
Sch. Code:56697","State : TELANGANA
District : RANGAREDDY",Secondary Level,"Name : MEDHA HIGH SCHOOL
Head/Principal Name: Vudagandla Parimala Reddy","Address : FAROOQNAGAR, SHADNAGAR
Website : http://www.medhainternational.wixsite.com"
1914,"Aff. No. :3630453
Sch. Code:56639","State : TELANGANA
District : RANGAREDDY",Secondary Level,"Name : ST.GREGORIOS PUBLIC SCHOOL
Head/Principal Name: ANTONY T U","Address : YACHARAM MANDAL, RANGA REDDY DISTRICT
Website : http://sgpsy.in/"
1915,"Aff. No. :3630454
Sch. Code:56642","State : TELANGANA
District : RANGAREDDY",Senior Secondary Level,"Name : SHIKHARA SCHOOL
Head/Principal Name: MEDARAMETLA HEMALATHA","Address : BOWRAMPET VILLAGE, DUNDIGAL-GANDIMAISAMMA MANDAL
Website : http://shikharaedu.com"
1916,"Aff. No. :3630455
Sch. Code:56647","State : TELANGANA
District : RANGAREDDY",Secondary Level,"Name : JAIN HERITAGE A CAMBRIDGE SCHOOL
Head/Principal Name: Mona Mehdi","Address : KONDAPUR (V) , SERILINGAMPALLY(M)
Website : www.jgischools.in"
1917,"Aff. No. :3630456
Sch. Code:56649","State : TELANGANA
District : RANGAREDDY",Secondary Level,"Name : BHASHYAM BLOOMS SCHOOL
Head/Principal Name: T. Salomi","Address : MEDIPALLY MANDAL, MEDCHAL MALKAJIGIRI DISTRICT
Website : https://bloomspeerzadiguda.in/"
1918,"Aff. No. :3630457
Sch. Code:56650","State : TELANGANA
District : RANGAREDDY",Secondary Level,"Name : DISCOVERI OAKS SCHOOL
Head/Principal Name: SARA ANJUM","Address : PEDDA AMBERPET, ABDULLAPURMET
Website : http://www.discoverioaks.com"
1919,"Aff. No. :3630458
Sch. Code:56658","State : TELANGANA
District : RANGAREDDY",Secondary Level,"Name : ACADEMIC HEIGHTS PUBLIC SCHOOL
Head/Principal Name: V SUNITA","Address : MALLAMPET VILLAGE DUNDIGAL, GANDIMAISAMMA (M)
Website : https://ahpsmallampet.com"
1920,"Aff. No. :3630459
Sch. Code:56666","State : TELANGANA
District : RANGAREDDY",Secondary Level,"Name : JOY LAND SCHOOL
Head/Principal Name: GONDI ANITHA LINCOLN","Address : GANDIPET MANDAL, RANGAREDDY DIST
Website : www.joylandschool.in"
1921,"Aff. No. :3630491
Sch. Code:56792","State : TELANGANA
District : RANGAREDDY",Secondary Level,"Name : AKSHARA HIGH SCHOOL
Head/Principal Name: S JANAKI","Address : CHINTHAL, QUTHBULLAPUR , GAJULA RAMARAM
Website : http://aksharaschool.ind.in/"
1922,"Aff. No. :3630492
Sch. Code:56797","State : TELANGANA
District : RANGAREDDY",Secondary Level,"Name : KALLAM ANJI REDDY VIDYALAYA
Head/Principal Name: K VIJAYALAXMI","Address : S.NO.83, MADINAGUDA, SERILINGAMPALLY, MIYAPUR
Website : https://karvschool.org/"
1923,"Aff. No. :3630503
Sch. Code:56870","State : TELANGANA
District : RANGAREDDY",Secondary Level,"Name : SRI CHAITANYA SCHOOL
Head/Principal Name: ROOPA JOSHI","Address : PLOT NO.9 TO 16, MIYAPUR X ROAD, MIYAPUR, SERILINGAMPALLY (M), RANGAREDDY DISTRICT
Website : www.srichaitanyaschoolmiyapur.net"
1924,"Aff. No. :3630495
Sch. Code:56839","State : TELANGANA
District : RANGAREDDY",Secondary Level,"Name : INFINITY WORLD SCHOOL
Head/Principal Name: MUTHUR KAVITHA","Address : SURVEY NO-278, , KSR ENCLAVE, CHANDANAGAR,, SERILINGAMPALLY, RANGA REDDY, HYD.
Website : https://www.infinityworldschool.com"
1925,"Aff. No. :3630496
Sch. Code:56846","State : TELANGANA
District : RANGAREDDY",Secondary Level,"Name : KESHAVA REDDY E-LEARNING SCHOOL
Head/Principal Name: SHAIK MAHABOOB UNNISA BEGUM","Address : BACHUPALLY - VILLAGE,, BACHUPALLY - M,, MEDCHALA - MALKAJGIRI,
Website : https://keshavareddycbse.com/"
1926,"Aff. No. :3630499
Sch. Code:56861","State : TELANGANA
District : RANGAREDDY",Secondary Level,"Name : SRI CHAITANYA SCHOOL
Head/Principal Name: B SASIKALA","Address : SY.NO.24/1 & 25/PART, WARD.NO.4, , BLOCK.NO. 3, HAYATHNAGAR, KHALSA, HAYATHNAGAR R.R DIST
Website : https://srichaitanyaschoolhayathnagar.net"
1927,"Aff. No. :3630500
Sch. Code:56864","State : TELANGANA
District : RANGAREDDY",Secondary Level,"Name : SPRINGDALES SCHOOL
Head/Principal Name: Luxmi Priyadarshini Bhattacharya","Address : S V COLONY MALLAPUR BALAPUR (M), RANGA REDDY DISTRICT, HYDERABAD
Website : http://www.springdaleshs.in"
1928,"Aff. No. :3630471
Sch. Code:56709","State : TELANGANA
District : RANGAREDDY",Secondary Level,"Name : AKSHARA SCHOOL
Head/Principal Name: Hymavathi Vatsava","Address : SRI KRISHNA NAGAR,NEAR CHITTARAMA TEMPLE, BESIDE VIVEKANANDA NAGAR, KUKATPALLY
Website : http://aksharaintl.com/"
1929,"Aff. No. :3630472
Sch. Code:56713","State : TELANGANA
District : RANGAREDDY",Senior Secondary Level,"Name : GD GOENKA SCHOOL
Head/Principal Name: JAGADISHWARI NATARAJ","Address : ROCK TOWN COLONY THUMMABOWLI L B NAGAR, HYDERABAD
Website : https://gdgoenkahyd.com/"
1930,"Aff. No. :3630478
Sch. Code:56725","State : TELANGANA
District : RANGAREDDY",Secondary Level,"Name : JRS SCHOOL
Head/Principal Name: VARSHA DANI","Address : NARAPALLY, GHATKESAR
Website : https://jrsinternationalschooluppal.com/"
1931,"Aff. No. :3630469
Sch. Code:56702","State : TELANGANA
District : RANGAREDDY",Senior Secondary Level,"Name : THE INDIAN PUBLIC SCHOOL
Head/Principal Name: Thondapu Anuradha","Address : VATTINAGULAPALLY, GANDIPET MANDAL
Website : https://www.tipshyderabad.com/"
1932,"Aff. No. :3630555
Sch. Code:57299","State : TELANGANA
District : RANGAREDDY",Secondary Level,"Name : INDIAN HEIGHTS SCHOOL
Head/Principal Name: S VISHVESHWAR","Address : KISHAN NAGAR, FAROOQ NAGAR MANADAL, SHADNAGAR
Website : https://indianheightsschool.com/"
1933,"Aff. No. :3630557
Sch. Code:57302","State : TELANGANA
District : RANGAREDDY",Senior Secondary Level,"Name : VIVEKANANDA SCHOOL
Head/Principal Name: ONGOLI KOUSHIK","Address : SY NO - 197/A, URELLA ROAD, ORELLA (V) CHEVELLA (M)
Website : www.vivekanandainternationalschool.in"
1934,"Aff. No. :3630543
Sch. Code:57258","State : TELANGANA
District : RANGAREDDY",Secondary Level,"Name : SREENIDHI SCHOOL
Head/Principal Name: KAVIRAJ KANNAYAN","Address : AZIZNAGAR, MOINABAD(M), RANGAREDDY
Website : httpd://sreenidhischool.edu.in"
1935,"Aff. No. :3630545
Sch. Code:57269","State : TELANGANA
District : RANGAREDDY",Secondary Level,"Name : GREEN GABLES SCHOOL
Head/Principal Name: JAYASREE KISHORE","Address : SURVEY NO.1997&204, MIRZAGUDA (V) JANWADA, SHANKARPALLY MANDAL
Website : https://greengablesschool.in/"
1936,"Aff. No. :3630568
Sch. Code:57332","State : TELANGANA
District : RANGAREDDY",Secondary Level,"Name : SANJOE PUBLIC SCHOOL
Head/Principal Name: REJI P C","Address : H NO 1-191 TOOPRA KHURD VILLAGE, AMEERPET POST, MAHESHWARAM MANDAL
Website : https://sanjoepublicschool.com/"
1937,"Aff. No. :3630561
Sch. Code:57313","State : TELANGANA
District : RANGAREDDY",Secondary Level,"Name : RAVINDRA BHARATHI GLOBAL SCHOOL
Head/Principal Name: CH.SARITHA","Address : 9-9-204 & 205, BESIDE MANDA YADAVA REDDY GARDENS , CHAMPAPET
Website : https://rbgschampapet.in/"
1938,"Aff. No. :3630562
Sch. Code:57316","State : TELANGANA
District : RANGAREDDY",Senior Secondary Level,"Name : AVN AGASTYA SCHOOL
Head/Principal Name: Nivedita Vasudeva","Address : SY .NO 237/A & 238/AA , BAGH HAYATNAGAR VILLAGE, HAYATH NAGAR MANDAL
Website : https://avnagastyainternationalschool.com/"
1939,"Aff. No. :3630565
Sch. Code:57325","State : TELANGANA
District : RANGAREDDY",Secondary Level,"Name : SRI SATHYA SAI GRAMMAR HIGH SCHOOL
Head/Principal Name: Arun Mony","Address : SY.NO. 34/2, H.NO. 1-45/7/8/4, TEMPLE HILLS COLONY, CHEVELLA (V & M)
Website : https://www.sssghs.co.in/"
1940,"Aff. No. :3630520
Sch. Code:56955","State : TELANGANA
District : RANGAREDDY",Secondary Level,"Name : DELHI PUBLIC SCHOOL
Head/Principal Name: Sharat Kumar Singh","Address : SURVEY NO 191/1,191/2,191/3 & 192,, RAJIV GANDHI INTERNATIONAL AIRPORT, SHAMSABAD
Website : https://www.dpsaerocity.in"
1941,"Aff. No. :3630521
Sch. Code:56957","State : TELANGANA
District : RANGAREDDY",Secondary Level,"Name : SRI CHAITANYA SCHOOL
Head/Principal Name: BOREDDY VIDYA RANI","Address : SY.NO.83(P),84&85, PLOT NO.338 TO 342,, ROAD NO.9,PHASEII, BHAGYALAKSHMI NAGAR,, SERILINGAMPALLY(M)
Website : http://www.srichaitanyaschoolgachibowli.net/"
1942,"Aff. No. :3630511
Sch. Code:56930","State : TELANGANA
District : RANGAREDDY",Secondary Level,"Name : BHASHYAM BLOOMS SCHOOL
Head/Principal Name: B. SIRISHA","Address : SY NO. 70, SAMA NAGAR, SAHEB NAGAR KALAN, HAYATH NAGAR MANDAL, RANGA REDDY DISTRICT
Website : https://bloomssamanagarcbse.in/"
1943,"Aff. No. :3630509
Sch. Code:56926","State : TELANGANA
District : RANGAREDDY",Senior Secondary Level,"Name : KAIROS SCHOOL
Head/Principal Name: MEENAKSHI JAIN","Address : H.NO.3-37, TNGO'S COLONY, GOPANPALLY, SERILINGAMPALLY, RANGAREDDY
Website : www.kairosschools.in"
1944,"Aff. No. :3630524
Sch. Code:56962","State : TELANGANA
District : RANGAREDDY",Senior Secondary Level,"Name : NARAYANA EM SCHOOL
Head/Principal Name: A VIJAYA JYOTHI","Address : 63/EE , , KONGARAKALAN , IBRAHIMPATNAM(M)
Website : https://www.narayanaschools.in/telan-gana/hyd"
1945,"Aff. No. :3630525
Sch. Code:56965","State : TELANGANA
District : RANGAREDDY",Secondary Level,"Name : BASIL WOODS SCHOOL
Head/Principal Name: Sanjana Varman","Address : SY NO 3 & 4, PASHAMBANDA VILLAGE, SATAM RAI, SHAMSHABAD MANDAL
Website : https://basilwoodshyd.in/"
1946,"Aff. No. :3630531
Sch. Code:56989","State : TELANGANA
District : RANGAREDDY",Secondary Level,"Name : MANCHESTER SCHOOL
Head/Principal Name: RUCHI RAWAT","Address : SURVEY NO 475, 476, 478, LEMOOR, BAIRAGIGUDA VILLAGE, KANDUKUR MANDAL
Website : www.manchester.education"
1947,"Aff. No. :3630535
Sch. Code:56996","State : TELANGANA
District : RANGAREDDY",Secondary Level,"Name : LAKSHYA SCHOOL
Head/Principal Name: Binita Roy","Address : SURVEY NO 38, SAMANAGAR, , SAHEBNAGAR KALAN VILLAGE, , HAYATHNAGAR MANDAL
Website : www.lakshyaschool.com"
1948,"Aff. No. :3630540
Sch. Code:57251","State : TELANGANA
District : RANGAREDDY",Secondary Level,"Name : AKSHARA SCHOOL
Head/Principal Name: KAVITHA ABBARAJU","Address : NADERGUL, BALAPUR MANDAL, RANGA REDDY DISTRICT
Website : https://aksharanadergul.com/"
1949,"Aff. No. :3630657
Sch. Code:23952","State : TELANGANA
District : RANGAREDDY",Secondary Level,"Name : SR PRIME SCHOOL
Head/Principal Name: GOPARAPU ARUN KUMAR","Address : H.NO 9-2, MANGALAPALLY VILLAGE, IBRAHIMPATNAM MANDAL, , RANGAREDDY DIST,
Website : https://www.srprimeschoolmangalapally.com/"
1950,"Aff. No. :3630666
Sch. Code:23971","State : TELANGANA
District : RANGAREDDY",Secondary Level,"Name : AKSHARA SCHOOL
Head/Principal Name: VATSAVAI HYMAVATHI","Address : SURVEY NO. 99/A,99/AA,99/E,100/2,100/1/2, KISMATPUR VILLAGE, GANDIPET MANDAL
Website : https://www.aksharakismatpur.com/"
1951,"Aff. No. :3640007
Sch. Code:59527","State : TELANGANA
District : RANGAREDDY",Senior Secondary Level,"Name : PM SHRI JAWAHAR NAVODAYA VIDYALAYA RANGAREDDY
Head/Principal Name: D VIJAYA BHASKER","Address : HCU CAMPUS GACHIBOWLI HYDERABAD R.R.DIST ANDHRA PRADESH
Website : https://www.navodaya.gov.in/nvs/nvs-school/RANGAREDDY/en/abo"
1952,"Aff. No. :3680006
Sch. Code:59536","State : TELANGANA
District : RANGAREDDY",Senior Secondary Level,"Name : CRPF PUBLIC SCHOOL
Head/Principal Name: DEVARAKONDA APARNA","Address : JAWAHAR NAGAR HAKEEMPET RANGA REDDY ANDHRA PRADESH
Website : www.crpfpublicschool.com"
1953,"Aff. No. :3630639
Sch. Code:23913","State : TELANGANA
District : RANGAREDDY",Secondary Level,"Name : NEW KOTHAKOTAE PUPILS HIGH SCHOOL
Head/Principal Name: ARUNDHATI ACHARYA","Address : 28-56/1,NAGULAPALLY ROAD, FAROOQ NAGAR,SHADNAGAR, RANGA REDDY DISTRICT
Website : www.nkpsschool.in"
1954,"Aff. No. :3630645
Sch. Code:23925","State : TELANGANA
District : RANGAREDDY",Secondary Level,"Name : INSIGNIS SCHOOL
Head/Principal Name: VARAHAGIRI RAMADEVI","Address : SY.NO 53, SHILPA ENCLAVE, CHANDANAGAR ,RANGAREDDY, HYDERABAD
Website : https://www.insignisschool.com"
1955,"Aff. No. :3630637
Sch. Code:23906","State : TELANGANA
District : RANGAREDDY",Secondary Level,"Name : GRACE CHILDRENS SCHOOL
Head/Principal Name: Allam Ratna Reddy","Address : H. NO 8-139, KOHEDA VILLAGE , ABDULLAPURMET MANDAL
Website : https://www.gracechildrensschool.com"
1956,"Aff. No. :3630628
Sch. Code:23890","State : TELANGANA
District : RANGAREDDY",Senior Secondary Level,"Name : NPS SCHOOL
Head/Principal Name: NISHAT HASAN KHATOON","Address : SY NO.238 &246, PUPPALA GUDA (V),, GANDIPET (MONDAL), HYDERABAD
Website : www.npshyderabad.com"
1957,"Aff. No. :3630621
Sch. Code:23870","State : TELANGANA
District : RANGAREDDY",Secondary Level,"Name : VIDYA BHARATI VIGNANA KENDRA
Head/Principal Name: KARUNAKAR DASARI","Address : SURVEY NO. 739, 740, NADERGUL, BADANGPET MUNICIPALITY, ASHOK REDDY COL., SAIRAM NAGAR PHASE 2
Website : https://vidyabharatisvp.com/"
1958,"Aff. No. :3630624
Sch. Code:23880","State : TELANGANA
District : RANGAREDDY",Senior Secondary Level,"Name : NARAYANA SCHOOL
Head/Principal Name: G JOSEPH SURESH KUMAR","Address : SY NO.36, 37/A, 37/AA, 37E, KISMATHPUR VILLAGE , GANDIPET MANDAL
Website : https://www.narayanaschools.in/"
1959,"Aff. No. :3630594
Sch. Code:57410","State : TELANGANA
District : RANGAREDDY",Senior Secondary Level,"Name : EXCELLENCIA AANANDINI
Head/Principal Name: ANEESHA L DAS","Address : ABDULLAHPUR, METTU MANDAL, R/O 3-47/5 , SY NO 118,119, NEAR EXCELLENCIA GIRL CAM, PASUMAMLA, HYDERABAD, TELANGANA 501505
Website : https://excellenciaaanandini.co.in/"
1960,"Aff. No. :3630595
Sch. Code:57411","State : TELANGANA
District : RANGAREDDY",Secondary Level,"Name : SAMSKRUTHI SCHOOL
Head/Principal Name: Trupti Vora","Address : JPN NAGAR, MIYAPUR, SERILINGAMPALLY MANDAL
Website : https://samskrutisot.com/miyapur/"
1961,"Aff. No. :3630596
Sch. Code:23816","State : TELANGANA
District : RANGAREDDY",Secondary Level,"Name : PALLAVI SCHOOL
Head/Principal Name: SIVAJI NEELAM","Address : H.NO 3-40, SURVEY NO 95/UU, , CHINTAPALLYGUDA VILLAGE, IBRAHIMPATNAM MANDAL
Website : https://www.pissagarroad.org/"
1962,"Aff. No. :3630597
Sch. Code:23817","State : TELANGANA
District : RANGAREDDY",Secondary Level,"Name : UNICENT SCHOOL
Head/Principal Name: Kameswari","Address : SY NO 105 TO 112, 113/PART AND 114/PART, SARADA NAGAR COLONY, HAFEEZPET, SERILINGAMPALLY
Website : www.unicent.in/kondapur"
1963,"Aff. No. :3630582
Sch. Code:57368","State : TELANGANA
District : RANGAREDDY",Senior Secondary Level,"Name : SLOKA SCHOOL
Head/Principal Name: DR SUMONA SINGH","Address : H.NO.3-168, SY.NO.292, 293, 294, TUKKUGUDA VILLAGE, MAHESHWARAM MANDAL
Website : https://slokainternational.com/"
1964,"Aff. No. :3630583
Sch. Code:57371","State : TELANGANA
District : RANGAREDDY",Secondary Level,"Name : RYAN SCHOOL
Head/Principal Name: Kiranmai Allu","Address : SY NO. 183, KALAJYOTHI ROAD,, MASZID BANDA, KONDAPUR(V), , SERILINGAMPALLY(M), RANGA REDDY DISTRICT
Website : https://shorturl.at/cTMt5"
1965,"Aff. No. :3630616
Sch. Code:23859","State : TELANGANA
District : RANGAREDDY",Senior Secondary Level,"Name : AVN LAKEFIELD SCHOOL
Head/Principal Name: BRITTOLINA MALARVIZHI S","Address : NAGARJUNA SAGAR HIGHWAY, IBRAHIMPATNAM, NEAR MLA CAMP OFFICE-ELIMINEDU ROAD
Website : www.avnlakefieldglobalschool.com"
1966,"Aff. No. :3630612
Sch. Code:23851","State : TELANGANA
District : RANGAREDDY",Secondary Level,"Name : IRIS FLORETS WORLD SCHOOL
Head/Principal Name: NEETA RANI","Address : SY.NO.244/I, 245/AA AND 245/E,, MANGALPALLI (V), , IBRAHIMPATNAM (M)
Website : https://ifwsbongloor.com/"
1967,"Aff. No. :3630601
Sch. Code:23826","State : TELANGANA
District : RANGAREDDY",Secondary Level,"Name : SRI BHARATHI VIDYALAYA THE MONTESSORI SCHOOL
Head/Principal Name: KAVETI SARITHA","Address : VINAYAKAHILLS, ALMASGUDA, BALAPUR MANDAL, RANGAREDDY
Website : www.sribharathividyalaya.com"
1968,"Aff. No. :3630602
Sch. Code:23829","State : TELANGANA
District : RANGAREDDY",Secondary Level,"Name : BHASHYAM BLOOMS SCHOOL
Head/Principal Name: P Kalyani","Address : SY NO. 223 TO 226, 232 TO 234 AND 240, APR GOLDEN LEAF, BRAHMANAPALLY, ABDULLAPURMET MANDAL
Website : https://www.bloomsbrahmanapally.in/"
1969,"Aff. No. :3630605
Sch. Code:23834","State : TELANGANA
District : RANGAREDDY",Secondary Level,"Name : GENESIS SCHOOL
Head/Principal Name: GADE KISHORE REDDY","Address : SURVEY NO. 53 PART 54 PART, MANNEGUDA, THURKYAMJAL(V), ABDULLAPURMET (M)
Website : www.genesisintschool.com"
1970,"Aff. No. :3630607
Sch. Code:23840","State : TELANGANA
District : RANGAREDDY",Secondary Level,"Name : DILSUKHNAGAR HIGH SCHOOL
Head/Principal Name: Vasam Ranjani","Address : H.NO 5-6-525,SRIKRISHN DEVARAYANAGAR, BN REDDY COLONY,, VANSTHALIPURAM,HYD
Website : https://www.dilsukhnagarpublicschool.in"
1971,"Aff. No. :130453
Sch. Code:57723","State : TELANGANA
District : WARANGAL",Secondary Level,"Name : SAGE SCHOOL
Head/Principal Name: VADHI REDDY ROHAN REDDY","Address : OPPT TO UDUMULA HOSPITAL JANGAON
Website : www.sagehighschool.org.in"
1972,"Aff. No. :130446
Sch. Code:57714","State : TELANGANA
District : WARANGAL",Secondary Level,"Name : GREENWOOD HIGH SCHOOL
Head/Principal Name: C MANJULA DEVI","Address : 23-6-144/1,HUNTER ROAD
Website : www.greenwoodschools.ac.in"
1973,"Aff. No. :130447
Sch. Code:57170","State : TELANGANA
District : WARANGAL",Secondary Level,"Name : JSM PUBLIC SCHOOL
Head/Principal Name: SHIVA KUMAR AKUTHOTA","Address : # 19-3-159, URSUGUTTA, WARANGAL.
Website : www.jsmschools.com"
1974,"Aff. No. :130376
Sch. Code:57700","State : TELANGANA
District : WARANGAL",Senior Secondary Level,"Name : DELHI PUBLIC SCHOOL
Head/Principal Name: VASA SIVA PRAKASH","Address : SY NO 357, 361 362 PEDDA PENDYAL (V) DHARMASAGAR (M) WARANGAL, AP
Website : www.dpswarangal.in"
1975,"Aff. No. :3620106
Sch. Code:58206","State : TELANGANA
District : WARANGAL",Senior Secondary Level,"Name : TS EKALAVYA MODEL RESIDENTIAL SCHOOL
Head/Principal Name: Ramesh Kumar","Address : GUDUR MAHABUBABAD , GUDUR MAHABUBABAD
Website : http:telanganaemrs.in/gudur"
1976,"Aff. No. :3620107
Sch. Code:58207","State : TELANGANA
District : WARANGAL",Senior Secondary Level,"Name : TELANGANA EKALAVYA MODEL RESIDENTIAL SCHOOL
Head/Principal Name: GOVIND RAO BASUTHKAR","Address : KOTHAGUDA, MAHABUBABAD
Website : http://fastses.telangana.gov.in/EMRS/Kothaguda.htm"
1977,"Aff. No. :3620052
Sch. Code:58154","State : TELANGANA
District : WARANGAL",Senior Secondary Level,"Name : TELANGANA TRIBAL WELFARE RESIDENTIAL SAINIK SCHOOL BOYS ASHOKNAGAR
Head/Principal Name: GATLA SURENDAR","Address : VILL:ASHOKNAGAR MANDAL:KHANAPUR
Website : https://www.tgtwrurukulam.telangana.gov.in"
1978,"Aff. No. :3630015
Sch. Code:57516","State : TELANGANA
District : WARANGAL",Secondary Level,"Name : WARANGAL PUBLIC SCHOOL
Head/Principal Name: Yellambatla Gouri Kalyani","Address : HUNTER ROAD SUBEDARI (P.O) HANAMKONDA WARANGAL DIST ANDHRA PRADESH
Website : www.warangalpublicschool.com"
1979,"Aff. No. :3630016
Sch. Code:57520","State : TELANGANA
District : WARANGAL",Senior Secondary Level,"Name : ST. PETER'S CENTRAL PUBLIC SCHOOL
Head/Principal Name: GOPU MATHYAS REDDY","Address : HANAMKONDA WARANGAL DISTT. ANDHRA PRADESH
Website : www.stpeterscentralpublicschool.com"
1980,"Aff. No. :3600017
Sch. Code:59542","State : TELANGANA
District : WARANGAL",Senior Secondary Level,"Name : PM SHRI KENDRIYA VIDYALAYA
Head/Principal Name: P SUBHASHINI","Address : WARANGAL, MADIKONDA, HANAMKONDA MANDAL, DISTT. WARANGAL, ANDHRA PRADESH
Website : https://warangal.kvs.ac.in/"
1981,"Aff. No. :3600024
Sch. Code:59547","State : TELANGANA
District : WARANGAL",Secondary Level,"Name : KENDRIYA VIDYALAYA
Head/Principal Name: MUKESH KUMAR","Address : NANDAMURI NAGAR COLONY, MAHABUDABAD WARANGAL DT. TELANGANA-506 101
Website : www.mahabubabad.kvs.ac.in"
1982,"Aff. No. :3620009
Sch. Code:58168","State : TELANGANA
District : WARANGAL",Senior Secondary Level,"Name : EKLAVYA MODEL RESIDENTIAL SCHOOL BAYYARAM
Head/Principal Name: Ashok kumar","Address : WARANGAL, TELANGANA-507211
Website : https://telanganaemrs.in/Bayyaram/"
1983,"Aff. No. :3620004
Sch. Code:58166","State : TELANGANA
District : WARANGAL",Senior Secondary Level,"Name : TTWEMRS (G) KURAVI,
Head/Principal Name: B.Lalu","Address : VILL & MANDAL KURAVI, MUHABUBABAD DIST. WARANGAL TELANGANA-506105
Website : http://www.telanganaemrs.in/Kuravi"
1984,"Aff. No. :3620005
Sch. Code:58161","State : TELANGANA
District : WARANGAL",Senior Secondary Level,"Name : TTWEMRS(G)SEEROLE (VILL)
Head/Principal Name: Santosh Soni","Address : KURAVI MANDAL, MAHABUBABAD, WARANGAL, DIST. TELANGANA-506102
Website : https://tinyurl.com/emrsseerole"
1985,"Aff. No. :3630081
Sch. Code:57599","State : TELANGANA
District : WARANGAL",Senior Secondary Level,"Name : GREENWOOD HIGH SCHOOL
Head/Principal Name: VEDA VITHAL VENKATA NAVEEN KUMAR","Address : #10-69/1,NEAR KITS,ERRAGATTUGUTTA
Website : www.greenwoodschools.ac.in"
1986,"Aff. No. :3630076
Sch. Code:57591","State : TELANGANA
District : WARANGAL",Senior Secondary Level,"Name : ST.PETER'S EDU SCHOOL
Head/Principal Name: N HARITHA","Address : H.NO. 2-4-1211, NEAR T.V. TOWER, VIDYANAGAR, HANAMKONDA, WARANGAL-506001.
Website : www.stpetershnk.ac.in"
1987,"Aff. No. :3630074
Sch. Code:57592","State : TELANGANA
District : WARANGAL",Senior Secondary Level,"Name : SPARKRILL INTERNATIONAL SCHOOL
Head/Principal Name: C RANDHIR REDDY","Address : ANANTHASAGAR(V), HASANPARTHY(M), WARANGAL.
Website : http://www.sparkrillintl.com"
1988,"Aff. No. :3630060
Sch. Code:57575","State : TELANGANA
District : WARANGAL",Secondary Level,"Name : LOTUS NATIONAL SCHOOL
Head/Principal Name: YERUVA JANAKI DEVI","Address : GAUTHAM NAGAR NEAR DOCTORS COLONY OPP: KOTI CHERUVU,MULUGU ROAD
Website : https://lotusschool.in"
1989,"Aff. No. :3630221
Sch. Code:57740","State : TELANGANA
District : WARANGAL",Secondary Level,"Name : BALAJI HIGH SCHOOL
Head/Principal Name: P RAJENDRA PRASAD","Address : LAKNEPALLY
Website : www.btswgl.in"
1990,"Aff. No. :3630227
Sch. Code:57752","State : TELANGANA
District : WARANGAL",Secondary Level,"Name : SRINIVASA RAMANUJAN HIGH SCHOOL
Head/Principal Name: NARAGUNTA SULOCHANA","Address : 26-3-314, SR NAGAR, UNIKICHERLA ROAD, HANAMKONDA
Website : www.srhshnk.com"
1991,"Aff. No. :3630232
Sch. Code:57760","State : TELANGANA
District : WARANGAL",Secondary Level,"Name : TEJASWI HIGH SCHOOL
Head/Principal Name: MARAGONI KRANTHI KUMAR","Address : 10-69/4, ERRAGATTU, HASANPARTHY, WARANGAL.
Website : https://tejaswierragattu.com/"
1992,"Aff. No. :3630233
Sch. Code:57735","State : TELANGANA
District : WARANGAL",Senior Secondary Level,"Name : SR PRIME SCHOOL
Head/Principal Name: RAJITHA","Address : HNO: 60-1-206/1, BATTUPALLY ROAD, SHYAMPET JAGIR, HANAMKONDA
Website : www.srprimeschool.com"
1993,"Aff. No. :3630243
Sch. Code:57765","State : TELANGANA
District : WARANGAL",Senior Secondary Level,"Name : SRI CHAITANYA SCHOOL
Head/Principal Name: P LAKSHMI","Address : 23-6-202/5, HUNTER ROAD,SHYAMPET, HANAMKONDA, WARANGAL (TS)
Website : www.srichaitanyacbse.in"
1994,"Aff. No. :3630198
Sch. Code:57712","State : TELANGANA
District : WARANGAL",Secondary Level,"Name : EKASHILA HIGH SCHOOL
Head/Principal Name: MD BABA","Address : KHAMMAM HIGHWAY ROAD, PUNNEL (V) WARDHANNAPET (M) WARANGAL (DIST) TELANGANA - 506310
Website : https://www.ekashilaetechnoschool.com"
1995,"Aff. No. :3630179
Sch. Code:57694","State : TELANGANA
District : WARANGAL",Secondary Level,"Name : ST.PETERS HIGH SCHOOL, CHURCH CAMPUS OLD
Head/Principal Name: GOPU JAYAPAL REDDY","Address : CHURCH CAMPUS, OLD BUS DEPOT HANAMKONDA
Website : www.stpeterscentralschool.com"
1996,"Aff. No. :3630203
Sch. Code:57739","State : TELANGANA
District : WARANGAL",Senior Secondary Level,"Name : EKASHILA HIGH SCHOOL
Head/Principal Name: M RAVINDER REDDY","Address : H.NO.: 3-81 KITS COLLEGE ROAD, PEMBARTHY (V) HASANPARTHY (M) WARANGAL (DIST) TELANGANA - 506371
Website : www.ekashilaschool.ac.in"
1997,"Aff. No. :3630176
Sch. Code:57688","State : TELANGANA
District : WARANGAL",Senior Secondary Level,"Name : MILLENNIUM HIGH SCHOOL
Head/Principal Name: NAGARAJ CHIRRA","Address : G P HOUSE NO 3-140/1 PO POST.MUCHERLA MDL;HASANPARTHY DIST.WARANGAL TEANGANA PIN-506015
Website : https://millenniumwarangal.com/"
1998,"Aff. No. :3630357
Sch. Code:56274","State : TELANGANA
District : WARANGAL",Senior Secondary Level,"Name : MONTFORT SCHOOL
Head/Principal Name: Gopu Vincent Reddy","Address : FATIMA NAGAR DARGA ROAD KAZIPETH
Website : https://montfortkazipet.com"
1999,"Aff. No. :3630358
Sch. Code:56278","State : TELANGANA
District : WARANGAL",Secondary Level,"Name : MASTERJI HIGH SCHOOL, MADIKONDA,HANAMKONDA, WARANGAL DIST
Head/Principal Name: PILLI KALYAN KUMAR","Address : 30-2-65 (NEW), 30-2-41/1 (OLD), MADIKONDA, KHAZIPET,WARANGAL (URBAN)-506142
Website : https://masterjischools.in/"
2000,"Aff. No. :3630340
Sch. Code:56192","State : TELANGANA
District : WARANGAL",Senior Secondary Level,"Name : SKILL STORK SCHOOL
Head/Principal Name: Sonal Nichat","Address : H.NO.55-1-219, SVS CAMPUS, BHEEMARAM, HASANPARTHY(M)
Website : www.skillstork.org"
2001,"Aff. No. :3630341
Sch. Code:56200","State : TELANGANA
District : WARANGAL",Secondary Level,"Name : EKASHILA ANGELS SCHOOL
Head/Principal Name: SALE NARASIMHA RAO","Address : H NO 1-3-73/8 SRINAGAR COLONY MAHABUBABAD(MANDAL& DISTRICT - 506101
Website : www.ekashilaangels.com"
2002,"Aff. No. :3630352
Sch. Code:56236","State : TELANGANA
District : WARANGAL",Secondary Level,"Name : EKASHILA HIGH SCHOOL
Head/Principal Name: K BIKSHAPATHI","Address : H.NO:30-1-471, MADIKONDA VILLAGE, KAZIPET MANDAL, WARANGAL DISTRICT, TELANGANA STATE.
Website : www.ekashilahighschoolmadikonda.com"
2003,"Aff. No. :3630338
Sch. Code:56164","State : TELANGANA
District : WARANGAL",Secondary Level,"Name : DAFFODILS HIGH SCHOOL
Head/Principal Name: MOHD AZIMUDDIN","Address : HO NO 8-98,NETAJI ROAD,
Website : www.daffodilsnarsampet.com"
2004,"Aff. No. :3630332
Sch. Code:57856","State : TELANGANA
District : WARANGAL",Secondary Level,"Name : ST.MARYS HIGH SCHOOL
Head/Principal Name: POLISHETTI SARAMMA","Address : ST.MARYS HIGH SCHOOL, MAHESHWARAM, NARSAMPET, WARANGAL, TELANGANA -506331
Website : www.stmaryshighschoolnspt.in"
2005,"Aff. No. :3630407
Sch. Code:57866","State : TELANGANA
District : WARANGAL",Secondary Level,"Name : INDIAN HIGH SCHOOL
Head/Principal Name: VIPPARAPALLY PRIYANKA","Address : # 4-32/1, PEMBARTHY,HASANPARTHY, WARANGAL URBAN-506371
Website : www.indianhighschoolcbse.com"
2006,"Aff. No. :3630385
Sch. Code:56396","State : TELANGANA
District : WARANGAL",Secondary Level,"Name : MAHARSHI VIDYALAYA
Head/Principal Name: GANGARAPU RATHAIAH","Address : # E.P ROAD MAHABUBABAD, WARANGAL TELANGANA
Website : http://www.maharshividyalaya.com/"
2007,"Aff. No. :3630370
Sch. Code:56333","State : TELANGANA
District : WARANGAL",Secondary Level,"Name : NSR HIGH SCHOOL
Head/Principal Name: D RAJ KUMAR JOSHI","Address : AREPALLY, KOTHAPETA X-ROAD WARANGAL
Website : www.nsrschools.ac.in"
2008,"Aff. No. :3630293
Sch. Code:57825","State : TELANGANA
District : WARANGAL",Secondary Level,"Name : EKASHILA HIGH SCHOOL
Head/Principal Name: B KONDAL REDDY","Address : H.NO: 6-191/1, DAMERA (V&M), WARANGAL
Website : https://ekashilahighschool.in/"
2009,"Aff. No. :3630260
Sch. Code:57776","State : TELANGANA
District : WARANGAL",Senior Secondary Level,"Name : NEW CREATION - A FREE PROGRESS SCHOOL
Head/Principal Name: Dr. VAMSHI SALIGANTI","Address : MATRIDARSHAN TRUST, CHAMPAK HILLS, VILLAGE PASARAMADLA
Website : https://www.newcreationschool.org"
2010,"Aff. No. :3630250
Sch. Code:57783","State : TELANGANA
District : WARANGAL",Senior Secondary Level,"Name : OASIS PUBLIC SCHOOL
Head/Principal Name: DR J S PARANJYOTHI","Address : 11-23-2356, DESHAIPET ROAD
Website : http://www.oasispublicschool.com"
2011,"Aff. No. :3630256
Sch. Code:57772","State : TELANGANA
District : WARANGAL",Secondary Level,"Name : GITANJALI PUBLIC SCHOOL
Head/Principal Name: Shilpa Rungta","Address : VIKAS NAGAR
Website : https://Gitanjalihighschool.in"
2012,"Aff. No. :3630311
Sch. Code:57837","State : TELANGANA
District : WARANGAL",Senior Secondary Level,"Name : SAN MARIA HIGH SCHOOL
Head/Principal Name: GATTU RADHAKRISHNA MURTHY","Address : 6-2-7/1-1C, HYDERABAD ROAD, JANGAON.
Website : www.sanmariahighschool.in"
2013,"Aff. No. :3630312
Sch. Code:56160","State : TELANGANA
District : WARANGAL",Secondary Level,"Name : TALLA PADMAVATHI SCHOOL
Head/Principal Name: RUDROJU LAXMI","Address : URUS KAREEMABAD
Website : www.tpswarangal.com"
2014,"Aff. No. :3630308
Sch. Code:57831","State : TELANGANA
District : WARANGAL",Senior Secondary Level,"Name : BIRLA OPEN MINDS SCHOOL
Head/Principal Name: JAY PRAKASH","Address : H.NO.33-7-187,THIMMAPOOR VILLAGE,FORT WARANGAL MANDAL,
Website : www.birlaopenmindswarangal.com"
2015,"Aff. No. :3630298
Sch. Code:57850","State : TELANGANA
District : WARANGAL",Senior Secondary Level,"Name : SPR SCHOOL OF EXCELLENCE
Head/Principal Name: P SESHAGIRI RAO","Address : SPR SCHOOL OF EXCELLENCE YELLAPUR VILLAGE HASANPARTHY ,WARANGAL URBAN DISTRICT
Website : https://www.sprresidentialschoolyellapur.com/"
2016,"Aff. No. :3630317
Sch. Code:57845","State : TELANGANA
District : WARANGAL",Secondary Level,"Name : TEJASWI PUBLIC SCHOOL
Head/Principal Name: SHAGANTI RAJU","Address : H.NO 23-6-128/35/25,DURGADEVI COLONY, HUNTER ROAD, HANAMKONDA, WARANGAL-506001
Website : https://tejaswischools.com/tejaswipublicschool/index.html"
2017,"Aff. No. :3630326
Sch. Code:57849","State : TELANGANA
District : WARANGAL",Secondary Level,"Name : ROSARY HIGH SCHOOL
Head/Principal Name: A SUNIL REDDY","Address : 3-9-52/12, REDDY COLONY, HANMAKONDA
Website : http://www.rosaryhshmk.com"
2018,"Aff. No. :3640008
Sch. Code:59531","State : TELANGANA
District : WARANGAL",Senior Secondary Level,"Name : JAWAHAR NAVODAYA VIDYALAYA
Head/Principal Name: BODHALE POORNIMA","Address : MAMNOOR WARANGAL ANDHRA PRADESH
Website : https://www.navodaya.gov.in/nvs/nvs-school/WARANGAL/en/about"
2019,"Aff. No. :3630516
Sch. Code:56949","State : TELANGANA
District : WARANGAL",Secondary Level,"Name : ALPHORES HIGH SCHOOL
Head/Principal Name: JANGA SIMHADRI","Address : WARDHANNAPET, WARANGAL, TELANGANA
Website : https://wardhannapet.alphores.org/"
2020,"Aff. No. :3630485
Sch. Code:56771","State : TELANGANA
District : WARANGAL",Senior Secondary Level,"Name : MONTESSORI PRIME SCHOOL
Head/Principal Name: Inagala Swetha","Address : 53-1-24/1, YELLAPUR, HASANPARTHY
Website : https://www.montessorijnprime.com"
2021,"Aff. No. :3630468
Sch. Code:56699","State : TELANGANA
District : WARANGAL",Secondary Level,"Name : SRI CHAITANYA HIGH SCHOOL
Head/Principal Name: RAJU PAKALA","Address : KADIPIKONDA, KAZIPET
Website : www.srichaitanyacbse.com"
2022,"Aff. No. :3630461
Sch. Code:56677","State : TELANGANA
District : WARANGAL",Secondary Level,"Name : THE HYDERABAD PUBLIC SCHOOL
Head/Principal Name: L SARITHA","Address : NEAR NAIDU PETROL PUMP JUNCTION, HUNTER ROAD, WARANGAL
Website : www.hpswarangal.org"
2023,"Aff. No. :3630320
Sch. Code:57848","State : TELANGANA
District : HYDERABAD",Senior Secondary Level,"Name : G PULLA REDDY HIGH SCHOOL
Head/Principal Name: Mrs Kottam Sangeethalakshmi","Address : H NO 12-2-822 MEHDIPATNAM
Website : www.gprhschool.com"
2024,"Aff. No. :3630301
Sch. Code:57832","State : TELANGANA
District : HYDERABAD",Senior Secondary Level,"Name : SPRINGFIELDS HIGH SCHOOL
Head/Principal Name: JNS Kiranmai","Address : SURVEY NO.169,(18-13) SITUATED AT MOGHAL CAMPUS, BANDLAGUDA KHALSA VILLAGE, CHARMINAR MANDAL, HYDERABAD DISTRICT, TELANGANA STATE.
Website : www.springfieldsschool.com"
2025,"Aff. No. :3630307
Sch. Code:57834","State : TELANGANA
District : HYDERABAD",Secondary Level,"Name : DELHI WORLD SCHOOL
Head/Principal Name: Shubhangi Chauhan","Address : PRATAP ESTATE, MANIKYA NAGAR,CHINTAL, QUTHBULLAPUR MANDAL MEDCHAL DIST, HYDERABAD 500054
Website : www.delhiworldschoolchintal.com"
2026,"Aff. No. :3630257
Sch. Code:57768","State : TELANGANA
District : HYDERABAD",Secondary Level,"Name : IQBALIA SCHOOL
Head/Principal Name: MUHAMMED RASHID","Address : PLOT NO 767, ROAD NO. 44, NEXT TO FERNANDEZ HOSPITAL, JUBILEE HILLS, HYDERABAD.
Website : www.iqbaliaschool.in"
2027,"Aff. No. :3630294
Sch. Code:57818","State : TELANGANA
District : HYDERABAD",Secondary Level,"Name : MONTFORT SCHOOL
Head/Principal Name: EDWARD RAJ","Address : H. NO. 19-2-75/76. JAHANUMA, PO FALAKNUMA,HYDERABAD
Website : www.montfortschoolhyd.co.in"
2028,"Aff. No. :3630295
Sch. Code:57820","State : TELANGANA
District : HYDERABAD",Secondary Level,"Name : AL - FALAH SCHOOL
Head/Principal Name: U K JUVERIA","Address : # 8-1-423/127, BEHIND SEVEN TOMBS DIAMOND HILLS COLONY,TOLICHOWKI HYDERABAD - 500008
Website : http://www.alfalahschool.co.in"
2029,"Aff. No. :3630273
Sch. Code:57797","State : TELANGANA
District : HYDERABAD",Secondary Level,"Name : BHASHYAM BLOOMS SCHOOL
Head/Principal Name: ARCHANA THAKUR","Address : SY.NO. 1/AA & I/EE, 1/PART, WARD NO. 12, BLOCK NO. 1, FATHULLAGUDA (V), UPPAL (M), L.B.NAGAR, RANGAREDDY DIST.
Website : https://bloomsnagole.in/"
2030,"Aff. No. :3630275
Sch. Code:59509","State : TELANGANA
District : HYDERABAD",Senior Secondary Level,"Name : ATOMIC ENERGY CENTRAL SCHOOL
Head/Principal Name: ROMA KACHHAP","Address : E C I L CAMPUS NEAR TIFR E.C.I.L. POST HYDERABAD ANDHRA PRADESH
Website : www.aecshyd1.edu.in"
2031,"Aff. No. :3630281
Sch. Code:59507","State : TELANGANA
District : HYDERABAD",Secondary Level,"Name : DEFENCE LABORATORIES SCHOOL
Head/Principal Name: SHEEJA MENON","Address : KANCHANBAGH PO HYDERABAD ANDHRA PRADESH
Website : https://dlskanchanbagh.com"
2032,"Aff. No. :3630282
Sch. Code:59532","State : TELANGANA
District : HYDERABAD",Secondary Level,"Name : DEFENCE LABORATORIES SCHOOL
Head/Principal Name: Mr. Yogesh Sharma","Address : VIGNYANKANCHA RESEARCH CENTRE IMARAT (RCI) HYDERABAD ANDHRA PRADESH
Website : https://dlsrci.in/"
2033,"Aff. No. :3630373
Sch. Code:56352","State : TELANGANA
District : HYDERABAD",Secondary Level,"Name : OCEAN THE ABM SCHOOL
Head/Principal Name: INDIRA S","Address : 16-2-39/A, 39/C1&C2 AKBAR BAGH, MALAKPET
Website : https://www.oceantheabmschool.com"
2034,"Aff. No. :3630377
Sch. Code:56363","State : TELANGANA
District : HYDERABAD",Secondary Level,"Name : THE LYCEUM
Head/Principal Name: PERUKULAMBIL RAVIKANTH","Address : 5-401, NEW BALAJI NAGR, SAROORNAGAR(MANDAL), HYDERABAD
Website : www.thelyceum.co.in"
2035,"Aff. No. :3630360
Sch. Code:56282","State : TELANGANA
District : HYDERABAD",Senior Secondary Level,"Name : DHATRAK MODEL SCHOOL
Head/Principal Name: VIDHYA MANIKANTAN","Address : SY.NO:48/2, JEEDIMETLA VILLAGE, MEDCHAL (DIST)
Website :"
2036,"Aff. No. :3630364
Sch. Code:56296","State : TELANGANA
District : HYDERABAD",Senior Secondary Level,"Name : JUBILEE HILLS PUBLIC SCHOOL, RAMPALLY
Head/Principal Name: M SANTOSH KUMAR","Address : RAMPALLY, DAYARA VILLAGE, KEESARA MANDAL
Website : www.jhpsrampally.com"
2037,"Aff. No. :3630351
Sch. Code:56228","State : TELANGANA
District : HYDERABAD",Senior Secondary Level,"Name : ST. THERESAS SECONDARY SCHOOL
Head/Principal Name: SUJATHA DASARI","Address : H.NO. 7-1-645/A, OPP. ERRAGADDA RYTHU BAZAR, SANATHNAGAR
Website : www.sttheresasschool.ac.in"
2038,"Aff. No. :3630177
Sch. Code:57705","State : TELANGANA
District : HYDERABAD",Secondary Level,"Name : PEARSON SCHOOL,
Head/Principal Name: ASMA SHAHEDA","Address : SURVEY NO. 149-150, KOMPALLY VILLAGE, QUTUBULLAPUR MANDAL, LANE ADJACENT TO CINE PLANET,
Website : www.pearsonschoolkompally.edu.in"
2039,"Aff. No. :3630172
Sch. Code:57692","State : TELANGANA
District : HYDERABAD",Senior Secondary Level,"Name : VISTA INTERNATIONAL SCHOOL
Head/Principal Name: Mary Shanti Priya","Address : NEXT TO WIPRO-GOPANAPALLI VILLAGE, VATTINAGULA PALLI, LINGAMPALLI - KHANAPUR ROAD, BEYOND GACHIBOWLI,
Website : www.vistaschool.edu.in"
2040,"Aff. No. :3630142
Sch. Code:57656","State : TELANGANA
District : HYDERABAD",Senior Secondary Level,"Name : EURO SCHOOL
Head/Principal Name: SHIBI K NAIR","Address : SURVEY NO-54, NEAR HOTEL QUALITY PEARL INN, HITECH CITY GACHIBOWLI LINK ROAD, GACHIBOWLI, HYDERABAD
Website : www.euroschoolindia.com"
2041,"Aff. No. :3630152
Sch. Code:57664","State : TELANGANA
District : HYDERABAD",Senior Secondary Level,"Name : ROCKWELL INTERNATIONAL SCHOOL
Head/Principal Name: MANIJA SUBRAHMANYAM","Address : SURVERY NO. 160(P) KOKAPET VILLAGE RAJENDRA NAGAR, MANDAL, RANGAREDDY, TELANGANA - 500075
Website : http://www.rockwellinternationalschool.com"
2042,"Aff. No. :3630114
Sch. Code:57622","State : TELANGANA
District : HYDERABAD",Senior Secondary Level,"Name : FOSTER BILLABONG HIGH INTERNATIONAL SCHOOL
Head/Principal Name: B JYOTHI APARNA","Address : SAKET, PHASE 2, KAPRA, ECIL, HYDERABAD, ANDHRA PRADESH.
Website : www.fosterbillabong.edu.in"
2043,"Aff. No. :3630112
Sch. Code:57624","State : TELANGANA
District : HYDERABAD",Secondary Level,"Name : SARITHA VIDYA NIKETAN
Head/Principal Name: JAGADEESH S","Address : D.NO. 4-7-266/N, BESIDE RTC BUS DEPOT, PADMAVATHI COLONY, HAYATHNAGAR
Website : http://sarithavidyaniketan.in"
2044,"Aff. No. :3630120
Sch. Code:57633","State : TELANGANA
District : HYDERABAD",Secondary Level,"Name : GENESIS INTERNATIONAL SCHOOL
Head/Principal Name: Nalini Dadi","Address : H.NO: 1-55/98/1, MADINAGUDA, MIYAPUR,HYDERABAD – 500 049.
Website : www.genesisintschool.org"
2045,"Aff. No. :3630117
Sch. Code:57632","State : TELANGANA
District : HYDERABAD",Secondary Level,"Name : SRI RAM SCHOOL
Head/Principal Name: KONNE SRIKANTH","Address : NIZAMPET, HYDERABAD, TELANGANA
Website : www.sriramschool.in"
2046,"Aff. No. :3630106
Sch. Code:57628","State : TELANGANA
District : HYDERABAD",Senior Secondary Level,"Name : AZAAN INTERNATIONAL SCHOOL
Head/Principal Name: SHABANA BEGUM","Address : 9-4-136, SEVEN TOMBS ROAD, TOLICHOWKI GOLKONDA, HYDERABAD
Website : www.azaanschool.com"
2047,"Aff. No. :3630140
Sch. Code:57650","State : TELANGANA
District : HYDERABAD",Secondary Level,"Name : DELHI SCHOOL OF EXCELLENCE,
Head/Principal Name: BHARTI PADULLAPARTI","Address : 8-2-404/1, ROAD NO 6, LANE OPP TO GVK, BANJARA HILLS
Website : www.dsehyd.com"
2048,"Aff. No. :3630133
Sch. Code:57659","State : TELANGANA
District : HYDERABAD",Secondary Level,"Name : MERIDIAN SCHOOL, KUKATPALLY
Head/Principal Name: Aakrusha Bellaney","Address : VI PHASE KPHB, KUKATPALLY, BALANAGR(M), RANGA REDDY DISTRICT
Website : http://meridiankukatpally.com"
2049,"Aff. No. :3630124
Sch. Code:57651","State : TELANGANA
District : HYDERABAD",Secondary Level,"Name : ST.MARTINS HIGH SCHOOL
Head/Principal Name: MANDHA SWAPNA","Address : SRI SAI COLONY,CHINTAL.
Website : http://www.stmartinschintal.com/"
2050,"Aff. No. :3630122
Sch. Code:57647","State : TELANGANA
District : HYDERABAD",Secondary Level,"Name : CMR INTERNATIONAL SCHOOL
Head/Principal Name: SUNEETHA DHULIPALA","Address : 173, PLASSEY LANE, BOWENPALLY SECUNDERABAD HYDERABAD BALANAGAR ANDHRA PRADESH
Website : www.cmrschools.com/in"
2051,"Aff. No. :3630126
Sch. Code:57648","State : TELANGANA
District : HYDERABAD",Secondary Level,"Name : CMR INTERNATIONAL THE SCHOOL
Head/Principal Name: SUMALATHA PUTCHAKAYALA","Address : 32-117, SHAPUR NAGAR, JEEDIMETLA, QUTHBULLAPUR, HYDERABAD, TELANGANA- 500 055
Website : www.cmrisshapur.com"
2052,"Aff. No. :3630212
Sch. Code:57733","State : TELANGANA
District : HYDERABAD",Secondary Level,"Name : PALLAVI MODEL SCHOOL
Head/Principal Name: T TANUJA","Address : PALLAVI MODEL SCHOOL, ADJ SRIKRISHNA TEMPLE, BODUPPAL-500092
Website : www.pmsboduppal.com/"
2053,"Aff. No. :3630213
Sch. Code:57751","State : TELANGANA
District : HYDERABAD",Secondary Level,"Name : HYDERABAD INSTITUTE OF EXCELLENCE HIGH SCHOOL
Head/Principal Name: TUMULURI VEENA MURTHY","Address : SY. NO. 195/P & 196/P, MADGUL, CHITTAMPALLI VILLAGE, RANGAREDDY DISTRICT, VIKARABAD-501102
Website : www.hieschool.edu.in"
2054,"Aff. No. :3630193
Sch. Code:57704","State : TELANGANA
District : HYDERABAD",Secondary Level,"Name : CGR INTERNATIONAL SCHOOL
Head/Principal Name: D JYOTSNA","Address : 99/100, AYYAPPA SOCIETY, MADHAPUR,HYDERABAD 500081.
Website : www.cgrinternationalschool.edu.in"
2055,"Aff. No. :3630148
Sch. Code:57666","State : TELANGANA
District : HYDERABAD",Senior Secondary Level,"Name : CMR INTERNATIONAL SCHOOL
Head/Principal Name: LINGAMANENI NAGAJYOTHI","Address : SY NO. 163/2 & 163 & 174, SURARAM COLONY, QUTHBULLAPUR(M), MEDCHAL DISTRICT
Website : www.cmrinternationalsuraram.com"
2056,"Aff. No. :3630183
Sch. Code:57775","State : TELANGANA
District : HYDERABAD",Senior Secondary Level,"Name : OCIMUM INTERNATIONAL SCHOOL
Head/Principal Name: PARIMAL MADHURA","Address : SURVEY NO: 72, HASMATHPET, BOWENPALLY, SECUNDERABAD
Website : www.ocimum.edu.in"
2057,"Aff. No. :3630181
Sch. Code:57389","State : TELANGANA
District : HYDERABAD",Middle Class,"Name : MATHIOLI VIDHYA BHAVAN
Head/Principal Name: MEENA KUMARI","Address : JBS PEACOCK VALLEY
Website :"
2058,"Aff. No. :3630190
Sch. Code:57697","State : TELANGANA
District : HYDERABAD",Secondary Level,"Name : MADINA HIGH SCHOOL
Head/Principal Name: ZULEQA PARVEEN","Address : 3-6-126, STREET NO 18, HIMAYATHNAGAR,
Website : https://madinahighschool.com/"
2059,"Aff. No. :3630187
Sch. Code:57693","State : TELANGANA
District : HYDERABAD",Senior Secondary Level,"Name : AKSHARA THE SCHOOL
Head/Principal Name: RAMANI C V V S","Address : PLOT NO.33 & 35, H.NO.7-3-221, SRI SAI RAM NAGAR, BAIRAMALGUDA, SAGAR RING ROAD, L.B.NAGAR, HYDERABAD.
Website : www.aksharalbnagar.com"
2060,"Aff. No. :3630239
Sch. Code:57746","State : TELANGANA
District : HYDERABAD",Senior Secondary Level,"Name : FUSION INTERNATIONAL SCHOOL
Head/Principal Name: A POORNIMA","Address : SURVEY NO. 383 AMEENPUR, HYDERABAD
Website : www.fusioninternationalschool.in"
2061,"Aff. No. :3630234
Sch. Code:57731","State : TELANGANA
District : HYDERABAD",Senior Secondary Level,"Name : ACADEMIC HEIGHTS PUBLIC SCHOOL
Head/Principal Name: Syeda Najmunisa Begum","Address : 18-4-42/A, ALIABAD SAHMSHERGUNJ
Website : www.ahpscharminar.in"
2062,"Aff. No. :3630226
Sch. Code:57553","State : TELANGANA
District : HYDERABAD",Senior Secondary Level,"Name : VRS & VJ RESIDENTIAL SCHOOL
Head/Principal Name: J ARUNA KUMARI","Address : BACHUPALLY, R R DT , HYDERABAD
Website : www.vrsandvjrs.com"
2063,"Aff. No. :3630222
Sch. Code:57742","State : TELANGANA
District : HYDERABAD",Secondary Level,"Name : MAHATMA GANDHI MEMORIAL HIGH SCHOOL
Head/Principal Name: MADHOOR MURLINATH NAIDU","Address : MCH NO. 8-3-250, YELAREDDUGUDDA, YOUSUFGUDA, HYDERABAD
Website : http://www.mgmhighschool.com"
2064,"Aff. No. :3630220
Sch. Code:57721","State : TELANGANA
District : HYDERABAD",Secondary Level,"Name : PRANAV INTERNATIONAL SCHOOL
Head/Principal Name: DR.ANJU PANDEY GUPTA","Address : PLOT NO-144,MARUTHI NAGAR,GANDHI NAGAR,BOWENPALLY
Website : https://www.pranavinternationalschool.com/"
2065,"Aff. No. :3630217
Sch. Code:57753","State : TELANGANA
District : HYDERABAD",Senior Secondary Level,"Name : NEO SCHOOL AIZZA
Head/Principal Name: SHAZIA TABASSUM","Address : 16-4-1, NEW MALAKPET, HYDERABAD,
Website : www.neoschoolaizza.com"
2066,"Aff. No. :3630070
Sch. Code:57589","State : TELANGANA
District : HYDERABAD",Secondary Level,"Name : VIDYA VINAYALAYA SCHOOL
Head/Principal Name: Rupa Kamathe","Address : 11-5-378, RED HILLS,
Website : www.vidyavinayalayaschool.com"
2067,"Aff. No. :3630068
Sch. Code:57585","State : TELANGANA
District : HYDERABAD",Secondary Level,"Name : DR K.K.R'S GOWTHAM CONCEPT SCHOOL,IIT FOUNDATION SCHOOL
Head/Principal Name: A.RATNA REDDY","Address : OPP.MANISHA GARDENS,MOULALI-ECIL X ROADS,
Website : http://www.gowthamconcept.net"
2068,"Aff. No. :3630059
Sch. Code:57579","State : TELANGANA
District : HYDERABAD",Secondary Level,"Name : MARICA HIGH SCHOOL
Head/Principal Name: NARSING RAO KATAREY","Address : NIZAM COLONY TOLICHOWKI
Website : www.maricaschools.org"
2069,"Aff. No. :3630079
Sch. Code:57608","State : TELANGANA
District : HYDERABAD",Senior Secondary Level,"Name : MOUNT CARMEL GLOBAL SCHOOL
Head/Principal Name: THARA PATTATHIL","Address : SURVEY NO - 138, BADANGPET
Website : www.mountcarmelhyd.com"
2070,"Aff. No. :3630100
Sch. Code:57616","State : TELANGANA
District : HYDERABAD",Secondary Level,"Name : OXFORD GRAMMAR SCHOOL
Head/Principal Name: CH REKHA RAO","Address : 3-6-743/2 ST.NO.12, HIMAYATNAGAR
Website : www.oxfordgrammarschool.com"
2071,"Aff. No. :3630086
Sch. Code:57602","State : TELANGANA
District : HYDERABAD",Senior Secondary Level,"Name : ST. PETERS HIGH SCHOOL
Head/Principal Name: Dr. K SUVARNA","Address : SY. NO. 2, SITARAMPUR, BOWENPALLY,
Website : www.stpetershighschool.edu.in"
2072,"Aff. No. :3630096
Sch. Code:57620","State : TELANGANA
District : HYDERABAD",Senior Secondary Level,"Name : VIGNAN VIDYALAYA
Head/Principal Name: R PADMAVATHI","Address : OPP JNTU NIZAMPET (V) QUTBULLAPUR (M)
Website : http://vignanvidyalaya.org/"
2073,"Aff. No. :3630056
Sch. Code:57565","State : TELANGANA
District : HYDERABAD",Secondary Level,"Name : SARTHI SCHOOL
Head/Principal Name: Ch L Prasanna","Address : HABSIGUDA X ROAD OPP CCMB HYDERABAD ANDHRA PRADESH
Website : www.sarathischool.org"
2074,"Aff. No. :3630053
Sch. Code:57564","State : TELANGANA
District : HYDERABAD",Secondary Level,"Name : ORCHIDS THE INTERNATIONAL SCHOOL
Head/Principal Name: Soundarya K","Address : 729 ROAD NO 36 JUBLIEE HILLS HYDERABAD ADHNRA PRADESH
Website : www.orchidsinternationalschool.com"
2075,"Aff. No. :3630054
Sch. Code:57566","State : TELANGANA
District : HYDERABAD",Senior Secondary Level,"Name : VIKAS THE CONCEPT SCHOOL
Head/Principal Name: Velampudi Sunita","Address : BACHUPALLY MIYARPUR HYDERABAD
Website : www.vikasconcept.com"
2076,"Aff. No. :3630051
Sch. Code:57562","State : TELANGANA
District : HYDERABAD",Senior Secondary Level,"Name : DELHI PUBLIC SCHOOL
Head/Principal Name: GHATTAMARAJU SANDHYA RANI","Address : 74, KHAJAGUDA VILLAGE GOLKONDA POST HYDERABAD AP
Website : www.dpshyderabad.com"
2077,"Aff. No. :3630048
Sch. Code:57556","State : TELANGANA
District : HYDERABAD",Senior Secondary Level,"Name : OAKRIDGE INTERNATIONAL SCHOOL
Head/Principal Name: RUKMANI KUMAR","Address : S NO 6 & 13 KHAJAGUDA NANAKRAMGUDA ROAD GOLCONDA POST SERILINGAMPALLY MANDAL CYBERABAD, HYDERABAD,AP
Website : www.oakridgeinternational.com/gcb"
2078,"Aff. No. :3630027
Sch. Code:57531","State : TELANGANA
District : HYDERABAD",Secondary Level,"Name : RAJADHANI RESIDENTIAL SCHOOL
Head/Principal Name: IPPAGUNTA DEEPIKA","Address : 1-89/2 KUKATPALLY HYDERABAD ANDHRA PRADESH
Website : www.rajadhanischool.in"
2079,"Aff. No. :3630029
Sch. Code:57532","State : TELANGANA
District : HYDERABAD",Senior Secondary Level,"Name : HINDU PUBLIC SCHOOL
Head/Principal Name: TUMMALA RADHIKA","Address : SANATH NAGAR HYDERABAD ANDHRA PRADESH
Website : www.hindupublicschool.com"
2080,"Aff. No. :3630030
Sch. Code:57533","State : TELANGANA
District : HYDERABAD",Secondary Level,"Name : BHARATIYA VIDYA BHAVAN'S VIDYASHRAM
Head/Principal Name: B RAVI KIRAN","Address : NIRD CAMPUS RAJENDRANAGAR HYDERABAD ANDHRA PRADESH
Website : https://www.bhavansnird.com"
2081,"Aff. No. :3630042
Sch. Code:57547","State : TELANGANA
District : HYDERABAD",Senior Secondary Level,"Name : CHINMAYA VIDYALAYA
Head/Principal Name: RAMAGIRI VIDYA SAGAR","Address : KUNDAN BAGH BEGUM PET HYDERABAD ANDHRA PRADESH
Website : www.chinmayavidyalayahyderabad.org"
2082,"Aff. No. :3630043
Sch. Code:57548","State : TELANGANA
District : HYDERABAD",Senior Secondary Level,"Name : DAV PUBLIC SCHOOL
Head/Principal Name: BINU JACOB","Address : VIVEKANAND NAGAR COLONY KUKATPALLY HYDERABAD ANDHRA PRADESH
Website : https://davkukatpally.org"
2083,"Aff. No. :3630044
Sch. Code:57552","State : TELANGANA
District : HYDERABAD",Senior Secondary Level,"Name : MERIDIAN SCHOOL FOR BOYS & GIRLS
Head/Principal Name: THERESA JOSE REBEIRO","Address : 8-2-541 ROAD NO-7 BANJARA HILLS HYDERABAD ANDHRA PRADESH
Website : https://www.meridianbanjara.com/#"
2084,"Aff. No. :3630045
Sch. Code:57554","State : TELANGANA
District : HYDERABAD",Senior Secondary Level,"Name : MAHARISHI VIDYA MANDIR
Head/Principal Name: VASANTHY PARASURAMAN","Address : GIRISH PARK KONDAPUR HYDERABAD DISTT, ANDHRA PRADESH
Website : www.mvmhyderabad.org"
2085,"Aff. No. :3630035
Sch. Code:57539","State : TELANGANA
District : HYDERABAD",Secondary Level,"Name : ROOTS MONTESSORI SCHOOL
Head/Principal Name: Mr K ESWAR DATHU","Address : ROAD NO.6 BANJARA HILLS HYDERABAD ANDHRA PRADESH
Website :"
2086,"Aff. No. :3630036
Sch. Code:57541","State : TELANGANA
District : HYDERABAD",Senior Secondary Level,"Name : C A L PUBLIC SCHOOL
Head/Principal Name: CHAGALAMARRI SRIKANTH","Address : 1-50 KAPRA MAIN ROAD KAPRA HYDERABAD ANDHRA PRADESH
Website : www.calps.in"
2087,"Aff. No. :3630037
Sch. Code:57540","State : TELANGANA
District : HYDERABAD",Senior Secondary Level,"Name : P OBUL REDDY PUBLIC SCHOOL
Head/Principal Name: Ms. K Vinitha","Address : ANDHRA MAHILA SABHA ROAD NO.25 JUBILEE HILLS HYDERABAD ANDHRA PRADESH
Website : www.amsporps.org"
2088,"Aff. No. :3630038
Sch. Code:57544","State : TELANGANA
District : HYDERABAD",Senior Secondary Level,"Name : SANGHAMITRA SCHOOL
Head/Principal Name: Ms. Kolli Swarupa Rani","Address : 2-32 NIZAMPET ROAD HYDERNAGAR VILLAGE KUKATPALLY RANGAREDDY DISTRICT ANDHRA PRADESH
Website : www.sanghamitraschool.edu.in"
2089,"Aff. No. :3630039
Sch. Code:57542","State : TELANGANA
District : HYDERABAD",Secondary Level,"Name : LITTLE SCHOLAR SCHOOL
Head/Principal Name: S G SUNITHA","Address : DOOR NO. 7-2-A5, SY. NO.54, WARD NO.7, BLOCK NO.2, SANATH NAGAR, HYDERABAD
Website : www.littlescholarschool.in"
2090,"Aff. No. :3630040
Sch. Code:57543","State : TELANGANA
District : HYDERABAD",Senior Secondary Level,"Name : SISTER NIVEDITA SCHOOL
Head/Principal Name: T LALITHA KUMARI","Address : 7-1-63 AMEERPET HYDERABAD ANDHRA PRADESH
Website : www.snschool.com"
2091,"Aff. No. :3600021
Sch. Code:59521","State : TELANGANA
District : HYDERABAD",Senior Secondary Level,"Name : KENDRIYA VIDYALAYA
Head/Principal Name: SARITA PUNIA","Address : UNIVERSITY OF HYDERABAD CAMPUS, C.R. RAO ROAD, GACHIBOWLI, HYDERABAD, ANDHRA PRADESH
Website : https://hyderabadcu.kvs.ac.in"
2092,"Aff. No. :3600007
Sch. Code:59504","State : TELANGANA
District : HYDERABAD",Senior Secondary Level,"Name : KENDRIYA VIDYALAYA NO.2
Head/Principal Name: L T GAYATHRI","Address : SURVEY OF INDIA UPPAL HYDERABAD ANDHRA PRADESH
Website : https://no2uppal.kvs.ac.in/"
2093,"Aff. No. :180017
Sch. Code:59538","State : TELANGANA
District : HYDERABAD",Senior Secondary Level,"Name : ARMY PUBLIC SCHOOL
Head/Principal Name: SMITHA GOVIND","Address : NEAR EAGLE CHOWK, OLD CDM COMPLEX, BOLARUM, RANGAREDDY, SECUNDERABAD, ANDHRA PRADESH-500010
Website : www.apsbolarum.edu.in"
2094,"Aff. No. :3600011
Sch. Code:59518","State : TELANGANA
District : HYDERABAD",Senior Secondary Level,"Name : PM SHRI KENDRIYA VIDYALAYA
Head/Principal Name: T A V SHARMA","Address : SARDAR VALLABHAI PATEL NATIONAL POLICE ACADEMY SHIVARAMPALLY HYDERABAD ANDHRA PRADESH
Website : https://npasvp.kvs.ac.in/"
2095,"Aff. No. :3600012
Sch. Code:59520","State : TELANGANA
District : HYDERABAD",Senior Secondary Level,"Name : PM SHRI KENDRIYA VIDYALAYA NO.2
Head/Principal Name: SUNEEL KUMAR","Address : NANAL NAGAR X ROADS GOLCONDA HYDERABAD ANDHRA PRADESH
Website : https://no2golconda.kvs.ac.in"
2096,"Aff. No. :3600014
Sch. Code:59523","State : TELANGANA
District : HYDERABAD",Senior Secondary Level,"Name : PM SHRI KENDRIYA VIDYALAYA
Head/Principal Name: JITENDRA KUMAR","Address : GACHIBOWLI HYDERABAD ANDHRA PRADESH
Website : https://gachibawli.kvs.ac.in"
2097,"Aff. No. :3600015
Sch. Code:59530","State : TELANGANA
District : HYDERABAD",Senior Secondary Level,"Name : PM SHRI KENDRIYA VIDYALAYA NO.2
Head/Principal Name: R SARITA RAO","Address : AIR FCE ACADEMY DUNDIGAL,HYDERABAD ANDHRA PRADESH
Website : https://no2dundigal.kvs.ac.in/"
2098,"Aff. No. :3630017
Sch. Code:57519","State : TELANGANA
District : HYDERABAD",Secondary Level,"Name : BRAHM PRAKASH D A V SCHOOL
Head/Principal Name: V S PRASHANTH","Address : MIDHANI TOWNSHIP KANCHANBAGH HYDERABAD ANDHRA PRADESH
Website : http://bpdav.edu.in/"
2099,"Aff. No. :3630020
Sch. Code:57528","State : TELANGANA
District : HYDERABAD",Senior Secondary Level,"Name : JUBILEE HILLS PUBLIC SCHOOL
Head/Principal Name: KANCHANAVALLI PRABHALA","Address : BLOCK - III ROAD NO. 71 JUBILEE HILLS HYDERABAD ANDHRA PRADESH
Website : www.jhpublicschool.com"
2100,"Aff. No. :3630021
Sch. Code:57524","State : TELANGANA
District : HYDERABAD",Secondary Level,"Name : VIGNANA JYOTHI PUBLIC SCHOOL
Head/Principal Name: K Gopal Rao","Address : G-16A MADHURANAGAR HYDERABAD ANDHRA PRADESH
Website : www.vjps.edu.in"
2101,"Aff. No. :3630024
Sch. Code:57534","State : TELANGANA
District : HYDERABAD",Secondary Level,"Name : AZRA PUBLIC SCHOOL
Head/Principal Name: FARZANA SAYEEDA","Address : 10-2-510/1 ASIF NAGAR MEHDIPATNAM MAIN ROAD HYDERABAD ANDHRA PRADESH
Website : www.azrapublicschool.com"
2102,"Aff. No. :3630025
Sch. Code:57523","State : TELANGANA
District : HYDERABAD",Secondary Level,"Name : HOWARD PUBLIC SCHOOL
Head/Principal Name: Dr T S SASHIKALA","Address : 3-6-568 HIMAYAT NAGAR HYDERABAD ANDHRA PRADESH
Website : https://howardpublicschool.in"
2103,"Aff. No. :3630010
Sch. Code:57504","State : TELANGANA
District : HYDERABAD",Secondary Level,"Name : VASAVI PUBLIC SCHOOL
Head/Principal Name: GARLAPATI SRINIVAS REDDY","Address : HIMAYAT NAGAR HYDERABAD ANDHRA PRADESH
Website : www.vpshyd.ac.in"
2104,"Aff. No. :3630007
Sch. Code:57506","State : TELANGANA
District : HYDERABAD",Senior Secondary Level,"Name : BHARATIYA VIDYA BHAVAN'S PUBLIC SCHOOL
Head/Principal Name: G ARUNASREE","Address : JUBILEE HILLS ROAD NO.71 HYDERABAD ANDHRA PRADESH
Website : www.bvbpsjh.net"
2105,"Aff. No. :3630008
Sch. Code:57503","State : TELANGANA
District : HYDERABAD",Secondary Level,"Name : SULTAN-UL-ULOOM PUBLIC SCHOOL
Head/Principal Name: Sameer Fatima","Address : MOUNT PLEASANT 8-2-249 ROAD NO.3 BANJARA HILLS HYDERABAD ANDHRA PRADESH
Website : http://www.sups-bh.ac.in"
2106,"Aff. No. :3630012
Sch. Code:57517","State : TELANGANA
District : HYDERABAD",Senior Secondary Level,"Name : D A V PUBLIC SCHOOL
Head/Principal Name: V.N.N.K.SESHADRI","Address : SANTOSHIMA NAGAR RAMAKRISHNAPURAM POST HYDERABAD ANDHRA PRADESH
Website : www.davsafilguda.edu.in"
2107,"Aff. No. :3630013
Sch. Code:57510","State : TELANGANA
District : HYDERABAD",Senior Secondary Level,"Name : SHIVAJI VIDYA PEETH HIGH SCHOOL
Head/Principal Name: MUSINI LOHITHA LAKSHMI","Address : ROAD NO.10 PLOT NO 270 L JUBILEE HILLS HYDERABAD ANDHRA PRADESH
Website : www.shivajividyapeeth.in"
2108,"Aff. No. :3630014
Sch. Code:57508","State : TELANGANA
District : HYDERABAD",Secondary Level,"Name : SHRI HANUMAN VYAYAM SHALA PUBLIC SCHOOL
Head/Principal Name: Payala Kavitha","Address : SULTAN BAZAAR HYDERABAD ANDHRA PRADESH
Website : www.hvshyd.com"
2109,"Aff. No. :3630004
Sch. Code:57507","State : TELANGANA
District : HYDERABAD",Secondary Level,"Name : SRI VIDYA SECONDARY SCHOOL
Head/Principal Name: B PADMAVATHY","Address : 2-2-1105/26 TILAK NAGAR NEW NALLAKUNTA HYDERABAD ANDHRA PRADESH
Website : www.srividyaschool.org"
2110,"Aff. No. :3630005
Sch. Code:57509","State : TELANGANA
District : HYDERABAD",Secondary Level,"Name : PANINEEYA MAHAVIDYALAYA PUBLIC SCHOOL
Head/Principal Name: D.VASUDHA RANI","Address : VIVEKANANDA NAGAR DILSUKHNAGAR HYDERABAD ANDHRA PRADESH
Website : www.panineeya.org"
2111,"Aff. No. :3620109
Sch. Code:56582","State : TELANGANA
District : HYDERABAD",Senior Secondary Level,"Name : UNIVERSITY OF HYDERABAD CAMPUS SCHOOL
Head/Principal Name: P Murali","Address : CENTRAL UNIVERSITY (PO) GACHIBOWLI HYDERABAD ANDHRA PRADESH
Website : www.uohyd.ac.in"
2112,"Aff. No. :3630001
Sch. Code:57502","State : TELANGANA
District : HYDERABAD",Senior Secondary Level,"Name : THE HYDERABAD PUBLIC SCHOOL
Head/Principal Name: DR. S. NARASIMHA REDDY","Address : RAMANTHAPUR HYDERABAD ANDHRA PRADESH
Website : www.hpsramanthapur.org"
2113,"Aff. No. :180010
Sch. Code:","State : TELANGANA
District : HYDERABAD",Senior Secondary Level,"Name : RAILWAY JUNIOR COLLEGE
Head/Principal Name: P GOPALAKRISHNA","Address : LALLAGUDA TARNAKA ROAD SECUNDERABAD ANDHRA PRADESH
Website :"
2114,"Aff. No. :3600001
Sch. Code:59502","State : TELANGANA
District : HYDERABAD",Senior Secondary Level,"Name : PM SHRI KENDRIYA VIDYALAYA NO.1
Head/Principal Name: SURESH KATOCH","Address : LANGER HOUSE GOLCONDA HYDERABAD ANDHRA PRADESH
Website : http://no1golconda.kvs.ac.in"
2115,"Aff. No. :3600002
Sch. Code:59505","State : TELANGANA
District : HYDERABAD",Senior Secondary Level,"Name : PM SHRI KENDRIYA VIDYALAYA NO.1
Head/Principal Name: E V RAMANA","Address : UPPAL HYDERABAD, ANDHRA PRADESH
Website : https://no1uppal.kvs.ac.in"
2116,"Aff. No. :3600003
Sch. Code:59508","State : TELANGANA
District : HYDERABAD",Senior Secondary Level,"Name : KENDRIYA VIDYALAYA
Head/Principal Name: SAVITA RANI","Address : KANCHAN BAGH HYDERABAD ANDHRA PRADESH
Website : www.drdokanchanbagh.kvs.ac.in"
2117,"Aff. No. :3600004
Sch. Code:59506","State : TELANGANA
District : HYDERABAD",Senior Secondary Level,"Name : PM SHRI KENDRIYA VIDYALAYA NO.1
Head/Principal Name: MARRIPATI REDDEPPA","Address : AIR FORCE ACADEMY DUNDIGAL HYDERABAD ANDHRA PRADESH
Website : http://kvkanchanbagh.ap.i"
2118,"Aff. No. :3600005
Sch. Code:59501","State : TELANGANA
District : HYDERABAD",Senior Secondary Level,"Name : PM SHRI KENDRIYA VIDYALAYA CRPF BARKAS
Head/Principal Name: G PRINCE DENNESS CHRISTY","Address : CRPF BARKAS CHANDRAYANGUTTA HYDERABAD ANDHRA PRADESH
Website : https://hyderabadcrpf.kvs.ac.in"
2119,"Aff. No. :130448
Sch. Code:57744","State : TELANGANA
District : HYDERABAD",Secondary Level,"Name : BHASHYAM BLOOMS THE GLOBAL SCHOOL
Head/Principal Name: HARSHA SOLANKI","Address : IMBRAHIMBAGH, GOLCONDA MANDAL, HHYDERABAD
Website : https://bloomsmanikonda.in/"
2120,"Aff. No. :130449
Sch. Code:57716","State : TELANGANA
District : HYDERABAD",Secondary Level,"Name : PEBBLE CREEK LIFE SCHOOL
Head/Principal Name: Shurobi Hindocha","Address : 4-43/1, OPP. MOGHULLA RAMAKRISHNA FUNCTION HALL,THUMKUNTA, SHAMIRPET MANDAL,
Website : https://pebblecreek.edu.in/thumkunta/"
2121,"Aff. No. :130195
Sch. Code:57570","State : TELANGANA
District : HYDERABAD",Senior Secondary Level,"Name : GLENDALE ACADEMY
Head/Principal Name: Trilok Singh Bist","Address : SURVEY NO. 96/6 BANDLAGUDA JAGIR RAJENDRA NAGAR MANDAL R R DISTT. HYDERABAD, ANDHRA PRADESH-500086
Website : www.glendale.edu.in"
2122,"Aff. No. :130190
Sch. Code:57567","State : TELANGANA
District : HYDERABAD",Senior Secondary Level,"Name : AMRITA VIDYALAYAM
Head/Principal Name: SREEKUMARI","Address : 844/1 MAHINDRA HILLS MARREDPALLY SECUNDERABAD ANDHRA PRADESH
Website : https://amritaschool.edu.in/secunderabad/mpd"
2123,"Aff. No. :130176
Sch. Code:57558","State : TELANGANA
District : HYDERABAD",Senior Secondary Level,"Name : ST MICHAEL'S SCHOOL
Head/Principal Name: SHITAL SHARMA","Address : 5-564/22 AMBEDKAR NAGAR OLD ALWAL SECUNDERABAD ANDHRA PRADESH
Website : https://stmichaelsalwal.com/"
2124,"Aff. No. :130200
Sch. Code:57576","State : TELANGANA
District : HYDERABAD",Senior Secondary Level,"Name : SECUNDERABAD PUBLIC SCHOOL
Head/Principal Name: M M AUGUSTINE","Address : WEST MARREDPALLY SECUNDERABAD ANDHRA PRADESH
Website : www.secunderabadpublicschool.in"
2125,"Aff. No. :130202
Sch. Code:57568","State : TELANGANA
District : HYDERABAD",Secondary Level,"Name : DELHI PUBLIC SCHOOL
Head/Principal Name: RENU CHAKRABORTY","Address : SAINIK PURI, SECUNDERABAD
Website : www.dps-secunderabad.in"
2126,"Aff. No. :130206
Sch. Code:57577","State : TELANGANA
District : HYDERABAD",Secondary Level,"Name : GITANJALI DEVASHRAY
Head/Principal Name: KASTURI CHATTERJEE","Address : 42, SAROJINI DEVI ROAD SECUNDERABAD
Website : https://www.gitanjalischools.com/schools/gitanjali-devashray"
2127,"Aff. No. :130323
Sch. Code:57702","State : TELANGANA
District : HYDERABAD",Secondary Level,"Name : AKSHARA VAAGDEVI INTERNATIONAL SCHOOL
Head/Principal Name: VANAJA","Address : SY.NO:703,BOLTON ROAD,OPP TIVOLI GARDENS
Website : https://www.avinternationalschool.in/"
2128,"Aff. No. :130230
Sch. Code:57584","State : TELANGANA
District : HYDERABAD",Secondary Level,"Name : SUNFLOWER SCHOOL
Head/Principal Name: Sangeetha Raghuram","Address : SY.NO: 157/4, DIAMOND POINT, SIKH ROAD
Website : www.sunflowerschooledu.org"
2129,"Aff. No. :130249
Sch. Code:57597","State : TELANGANA
District : HYDERABAD",Senior Secondary Level,"Name : BOLTON SCHOOL
Head/Principal Name: SUBHASHINI RAO T","Address : BOLTON ROAD, OPP.-TIVOLI GARDEN EXCLUSIVE, SECUNDRABAD
Website : www.boltonschools.in"
2130,"Aff. No. :130495
Sch. Code:57795","State : TELANGANA
District : HYDERABAD",Secondary Level,"Name : SADASHIVA SCHOOL
Head/Principal Name: VANI VENKATESH","Address : MACHABOLLARAM,ALWAL(M), MEDCHAL DISRICT.
Website : http://sadashivaschoolbollaram.org/"
2131,"Aff. No. :130045
Sch. Code:57514","State : TELANGANA
District : HYDERABAD",Senior Secondary Level,"Name : TAKSHASILA PUBLIC SCHOOL.
Head/Principal Name: TANUPREET KAUR","Address : SHANTI NAGAR LALLAGUDA SECUNDERABAD ANDHRA PRADESH
Website : www.takshasilapublicschool.com"
2132,"Aff. No. :130153
Sch. Code:59534","State : TELANGANA
District : HYDERABAD",Secondary Level,"Name : AIR FORCE SCHOOL
Head/Principal Name: BETHANAPUDI MAGDALENE NIRMAL ROY","Address : BEGUMPET AIR FORCE STATION BEGUMPET P.O HYDERABAD ANDHRA PRADESH
Website :"
2133,"Aff. No. :130156
Sch. Code:57550","State : TELANGANA
District : HYDERABAD",Senior Secondary Level,"Name : VIDYANJALI CO.EDU. ENGLISH MEDIUM HIGH SCHOOL
Head/Principal Name: N. BALA TRIPURA SUNDARI","Address : DOYENS TOWNSHIP SERI LINGAMPALLY HYDERABAD ANDHRA PRADESH
Website : www.vidyanjalihighschool.org"
2134,"Aff. No. :130169
Sch. Code:59537","State : TELANGANA
District : HYDERABAD",Secondary Level,"Name : ATOMIC ENERGY CENTRAL SCHOOL
Head/Principal Name: SANTOSH N JADHAV","Address : DAE COLONY ECIL PO HYDERABAD ANDHRA PRADESH
Website : www.aecshyd2.edu.in"
2135,"Aff. No. :130148
Sch. Code:57551","State : TELANGANA
District : HYDERABAD",Senior Secondary Level,"Name : CHIREC INTERNATIONAL SCHOOL
Head/Principal Name: KATYAYINI VKLT","Address : 1-55/12, KONDAPUR KOTHAGUDA [PO] RANGAREDDY DISTRICT HYDERABAD - 500084 TELANGANA
Website : http://www.cbse.chirec.ac.in"
2136,"Aff. No. :130145
Sch. Code:57546","State : TELANGANA
District : HYDERABAD",Senior Secondary Level,"Name : PALLAVI MODEL SCHOOL
Head/Principal Name: RAJESH GANDRAL","Address : HASMATHPET MAIN ROAD MANOVIKAS NAGAR PO SECUNDERABAD ANDHRA PRADESH
Website : www.pallavimodelschools.org"
2137,"Aff. No. :130112
Sch. Code:","State : TELANGANA
District : HYDERABAD",Secondary Level,"Name : CHAITANYA BHARATHI PUBLIC SCHOOL
Head/Principal Name: D DIVAKARA RAO","Address : GANDIPET HYDERABAD ANDHRA PRADESH
Website :"
2138,"Aff. No. :120001
Sch. Code:59540","State : TELANGANA
District : HYDERABAD",Senior Secondary Level,"Name : MANUU MODEL SCHOOL
Head/Principal Name: KAFIL AHMAD","Address : FATIMA NAGAR, FALAKNUMA, HYDERABAD, ANDHRA PRADESH
Website : http://www.manuu.ac.in/Eng-Php/modelschool_hyd.php"
2139,"Aff. No. :100038
Sch. Code:59529","State : TELANGANA
District : HYDERABAD",Senior Secondary Level,"Name : PM SHRI KENDRIYA VIDYALAYA
Head/Principal Name: KUSUM LATHA","Address : BOWENPALLY SECUNDERABAD ANDHRA PRADESH
Website : https://bowenpally.kvs.ac.in"
2140,"Aff. No. :100019
Sch. Code:59503","State : TELANGANA
District : HYDERABAD",Senior Secondary Level,"Name : PM SHRI KENDRIYA VIDYALAYA
Head/Principal Name: R VENKATESWER RAO","Address : A.F.S. BEGUMPET HYDERABAD ANDHRA PRADESH
Website : http://www.begumpetafs.kvs.ac.in"
2141,"Aff. No. :3630467
Sch. Code:56698","State : TELANGANA
District : HYDERABAD",Secondary Level,"Name : SHREE SWAMINARAYAN GURUKUL SCHOOL
Head/Principal Name: CHILLARIGE KRISHNA KISHORE","Address : CHEERIYAL VILLAGE, KEESARA MANDAL, MEDCHAL-MALKAJGIRI DIST, HYDERABAD
Website : www.gurukul.org"
2142,"Aff. No. :3630450
Sch. Code:56618","State : TELANGANA
District : HYDERABAD",Senior Secondary Level,"Name : ACADEMIC HEIGHTS SCHOOL
Head/Principal Name: Swati Srirangam","Address : MOOSARAMBAGH , DILSUKHNAGAR
Website : http://ahpsdilsukhnagar.com"
2143,"Aff. No. :3630448
Sch. Code:56609","State : TELANGANA
District : HYDERABAD",Secondary Level,"Name : DELHI PUBLIC SCHOOL MAHENDRA HILLS
Head/Principal Name: NANDITA SUNKARA","Address : SURVEY NO 74/9 EAST MARREDPALLY, SECUNDERABAD
Website : www.dpsmahendrahills.in"
2144,"Aff. No. :3630433
Sch. Code:56514","State : TELANGANA
District : HYDERABAD",Senior Secondary Level,"Name : THE PREMIA ACADEMY SCHOOL
Head/Principal Name: TRUPTI RAO","Address : PILLAR NO. 102, 501 KARWAN SAHU ROAD,, ATTAPUR, HYDERABAD, TELANGANA 500008
Website : https://www.thepremiaacademy.com/"
2145,"Aff. No. :3630482
Sch. Code:56750","State : TELANGANA
District : HYDERABAD",Secondary Level,"Name : ST ANTHONY'S GRAMMAR HIGH SCHOOL
Head/Principal Name: MEDAPATI SWARNA KUMARI","Address : 8 - 315, SY NO 412, DWARKAPURY COLONY, DAMMAIGUDA , DAMMAIGUDA MUNICIPALITY, KEESARA MANDAL
Website : www.saghs.in"
2146,"Aff. No. :3630479
Sch. Code:56733","State : TELANGANA
District : HYDERABAD",Secondary Level,"Name : WALKERTOWN SCHOOL
Head/Principal Name: VIMLA RAJPUROHIT","Address : PADMARAO NAGAR, SECUNDERABAD
Website : https://www.walkertownschool.com/"
2147,"Aff. No. :3630473
Sch. Code:56714","State : TELANGANA
District : HYDERABAD",Secondary Level,"Name : DECCAN SPRINGS SCHOOL
Head/Principal Name: SWARNA AKKINENI","Address : NACHARAM, UPPAL(M), MEDCHAL- MALKAJGIRI DISTRICT
Website : https://deccanspringsschool.com/"
2148,"Aff. No. :3630489
Sch. Code:56787","State : TELANGANA
District : HYDERABAD",Secondary Level,"Name : SADASHIVA SCHOOL
Head/Principal Name: POLSANI LAKSHMAN RAO","Address : KAWADIPALLY (V), ABDULLAPURMET MANDAL, RANGA REDDY DISTRICT
Website : http://www.sadashivakavadipally.org/index.html"
2149,"Aff. No. :3630510
Sch. Code:56929","State : TELANGANA
District : HYDERABAD",Secondary Level,"Name : DON BOSCO HIGH SCHOOL
Head/Principal Name: ASHA KUMARI","Address : D NO. 8-4-368 ,SULTHAN BAGH, ERRAGADDA, , HYDERABAD KHAIRTABAD ZONE
Website : https://www.donboscoschoolerragadda.in/"
2150,"Aff. No. :3630512
Sch. Code:56935","State : TELANGANA
District : HYDERABAD",Secondary Level,"Name : TVR MODEL HIGH SCHOOL
Head/Principal Name: MADANU JAYA RAJU","Address : PLOT NO 6S1 - 6S4, APUROOPA COLONY, IDA JEEDIMETLA
Website : http://www.tvrmodelhighschool.com"
2151,"Aff. No. :3630558
Sch. Code:57304","State : TELANGANA
District : HYDERABAD",Secondary Level,"Name : ST. FRANCIS DE SALES SCHOOL
Head/Principal Name: G SANDEEP REDDY","Address : SHANTHI NAGAR, NORTH LALAGUDA,, SECBAD, HYDERABAD M CORPORATION (V), MAREDPALLY (M), HYDERABAD (DIST)
Website : http://sfscbsesecbad.com"
2152,"Aff. No. :3680008
Sch. Code:59539","State : TELANGANA
District : HYDERABAD",Senior Secondary Level,"Name : ARMY PUBLIC SCHOOL
Head/Principal Name: ANITHA KARUNAKARAN","Address : GOLCONDA, ARTILLERY CENTRE, HYDERABAD, ANDHRA PRADESH
Website :"
2153,"Aff. No. :3630664
Sch. Code:23965","State : TELANGANA
District : HYDERABAD",Secondary Level,"Name : NARAYANA SCHOOL
Head/Principal Name: NOUSHEEN FATIMA","Address : D.NO. 18-4-789/1 ,NEW SURVEY NO 10, MUNICIPAL WARD NO 18, BLOCK NO 4, SULTAN BAGH, FALAKNUMA,BANDLAGUDA MANDAL
Website : www.narayanaschools.in"
2154,"Aff. No. :3630655
Sch. Code:23942","State : TELANGANA
District : HYDERABAD",Secondary Level,"Name : SMP UNIVERSAL SCHOOL
Head/Principal Name: VEENA REBBA","Address : 7-94 MAHARAJPET VILLAGE JANWADA RD, BESIDE SMP GOSHALA , NARSINGI
Website : www.smpuniversal.com"
2155,"Aff. No. :3630609
Sch. Code:23844","State : TELANGANA
District : HYDERABAD",Secondary Level,"Name : ORCHIDS THE SCHOOL
Head/Principal Name: NEERAJA YALLA","Address : 9-4-81 & 81/1/4,9-4-81 &81/1/7,9-4-81&81, NANAL NAGAR, BERBUN,, GOLCONDA ZONE,
Website : https://orchidsinternationalschoollangarhouz.com/"
2156,"Aff. No. :3630626
Sch. Code:23884","State : TELANGANA
District : HYDERABAD",Secondary Level,"Name : ROCKWELL SCHOOL
Head/Principal Name: NEETU KUMARI RAINA","Address : H.NO-1-2-605/A/1 TO 16, LOWER TANK BUND, KAVADIGUDA-90(V), MUSHEERABAD(M), HYDERABAD
Website : https://rockwelllowertankbund.com/"
2157,"Aff. No. :3630633
Sch. Code:23899","State : TELANGANA
District : HYDERABAD",Secondary Level,"Name : SRI CHAITANYA SCHOOL
Head/Principal Name: JYOTHI PHANI CHANDU","Address : SY.NO 67 TS.NO.70, WARD NO.7 BLOCK -N YOUSUFGUDA AMEERPET, KHAIRATABAD, HYDERABAD.
Website : https://srichaitanyaschoolameerpet.net/"
2158,"Aff. No. :3600031
Sch. Code:59600","State : TELANGANA
District : YADADRI BHUVANAGIRI",Senior Secondary Level,"Name : PM SHRI KENDRIYA VIDYALAYA BHONGIR
Head/Principal Name: N CHANDRAMOULI","Address : PM SHRI KENDRIYA VIDYALAYA BHONGIR, NEAR DISTRICT FOREST OFFICE , NH-163, SURVEY NO 26
Website : https://www.bhongir.kvs.ac.in/"
2159,"Aff. No. :3630110
Sch. Code:57629","State : TELANGANA
District : YADADRI BHUVANAGIRI",Senior Secondary Level,"Name : ZEE HIGH SCHOOL
Head/Principal Name: POORNA DEVI SRIVASTAVA","Address : SURVEY NO. 194-196/A;DOOR NO. 4-136;VILLAGE: DESHMUKH;POCHAMPALLY MANDAL;NEAR ANMAGAL;HAYATH NAGAR;DISTRICT: YADADRI BHUVANAGIRI (AP),PIN-501505.
Website : www.zeeschoolhyd.com"
2160,"Aff. No. :3630661
Sch. Code:23961","State : TELANGANA
District : YADADRI BHUVANAGIRI",Secondary Level,"Name : MUDGALA RISHIKULAM HIGH SCHOOL (EM)
Head/Principal Name: MAHENDER BOGA","Address : 5-43 NANDA GOKULAM, 5-43 NANDA GOKULAM, 5-43 NANDA GOKULAM
Website : http://mudgala.com"
2161,"Aff. No. :3630563
Sch. Code:57320","State : TELANGANA
District : YADADRI BHUVANAGIRI",Secondary Level,"Name : IRIS EDUVALLEY SCHOOL
Head/Principal Name: RUDRA LAKSHMI","Address : YAVAPUR, BOMMALARAMARAM, JALALPUR
Website : www.iriseduvalleyschool.com"
2162,"Aff. No. :3630481
Sch. Code:56747","State : TELANGANA
District : YADADRI BHUVANAGIRI",Secondary Level,"Name : JMJ HIGH SCHOOL
Head/Principal Name: JAYA BHARGAVI MADDINENI","Address : ALAIR(M), YADADRI BHUVANAGIRI DISTRICT
Website : www.jmjschoolalair.in"
2163,"Aff. No. :3630475
Sch. Code:56719","State : TELANGANA
District : YADADRI BHUVANAGIRI",Secondary Level,"Name : NEW DIMENSION HIGH SCHOOL
Head/Principal Name: ROOPALI S BIDARI","Address : SUVALI ESTATES, NALGONDA ROAD
Website : https://ndischools.com/"
2164,"Aff. No. :3600028
Sch. Code:59552","State : TELANGANA
District : SANGAREDDY",Senior Secondary Level,"Name : PM SHRI KENDRIYA VIDYALAYA JHARASANGAM
Head/Principal Name: MAHESH VASIKARLA","Address : KENDRIYA VIDAYALAYA JHARASANGAM , VILLAGE MACHANOOR SURVEY NO.100/2 &100/3, MANDAL JHARASANGAM DIST SANAGEREDDY
Website : https://jharasangam.kvs.ac.in"
2165,"Aff. No. :3630483
Sch. Code:56753","State : TELANGANA
District : SANGAREDDY",Secondary Level,"Name : SAMYUKTHA SCHOOL
Head/Principal Name: P SANTOSH KUMAR","Address : SY.NO. 451, MALKAPUR VILLAGE,, KONDAPUR MANDAL, GIRMAPUR
Website : HTTPS://WWW.SAMYUKTHASCHOOL.COM"
2166,"Aff. No. :3630480
Sch. Code:56745","State : TELANGANA
District : SANGAREDDY",Secondary Level,"Name : ST. ANTHONY'S HIGH SCHOOL
Head/Principal Name: ANANDA PRASHANTH REDDY","Address : SDASIVPET TOWN AND MANDAL, SANGAREDDY DISTRICT
Website : https://stanthonyssadasivpet.com/"
2167,"Aff. No. :3630493
Sch. Code:56832","State : TELANGANA
District : SANGAREDDY",Secondary Level,"Name : ORIGIN SCHOOL
Head/Principal Name: R Kavitha Rayi","Address : APR PRAVEEN'S LUXURIA , SCHOOL BUILDING 2, PATANCHERU
Website : https://www.originschools.com/"
2168,"Aff. No. :3630494
Sch. Code:56835","State : TELANGANA
District : SANGAREDDY",Secondary Level,"Name : DELHI PUBLIC SCHOOL
Head/Principal Name: C J VASANTHA","Address : SURVEY NO 305/A2, 305/A3,306/A1,306/A, KOLLUR, NEAR TELLAPUR, RAMACHANDRAPURAM
Website : https://dpskollur.in/"
2169,"Aff. No. :3630501
Sch. Code:56865","State : TELANGANA
District : SANGAREDDY",Secondary Level,"Name : RAO'S SCHOOL
Head/Principal Name: AARE VIJAYALAKSHMI","Address : SY.NO.184/PART, MYTHRI NAGAR, MALKAPUR , (V), KONDAPUR (M), , SANGAREDDY DISTRICT,
Website : https://raosinnoviousschool.com"
2170,"Aff. No. :3630550
Sch. Code:57287","State : TELANGANA
District : SANGAREDDY",Secondary Level,"Name : DELHI SECONDARY SCHOOL
Head/Principal Name: M MEENA KUMARI","Address : SY NO 239/A/1, KULABGOOR, SANGAREDDY
Website : https://dsssangareddy.com"
2171,"Aff. No. :3630546
Sch. Code:57270","State : TELANGANA
District : SANGAREDDY",Secondary Level,"Name : RAOS SCHOOL
Head/Principal Name: SWARGARI VEENADHARI","Address : SY NO. 69/2, 72/2, LEGENDS VALLEY, DIDGI (V), ZAHEERABAD (M)
Website : https://raosinternationalschool.com"
2172,"Aff. No. :3630506
Sch. Code:56887","State : TELANGANA
District : SANGAREDDY",Senior Secondary Level,"Name : MERU SCHOOL
Head/Principal Name: Ramesh TR","Address : SY.NO.475/PART & 476/PART, MANMOLE VILLAGE, TELLAPUR, RAMCHANDRAPURAM MANDAL
Website : https://meruschool.in"
2173,"Aff. No. :3630507
Sch. Code:56893","State : TELANGANA
District : SANGAREDDY",Secondary Level,"Name : INDUS UNIVERSAL SCHOOL
Head/Principal Name: Nidhi Chauhan","Address : PLOT NO 740, SY.NO 282 TO 297, 301 & 302, NAKSHATRA PARK (INDRA VIHAR), RANJOLE, ZAHEERABAD, SANGAREDDY DISTRICT
Website : https://www.iuszaheerabad.com"
2174,"Aff. No. :3630523
Sch. Code:56961","State : TELANGANA
District : SANGAREDDY",Senior Secondary Level,"Name : CANDIIDUS INTERNATIONAL SCHOOL
Head/Principal Name: Aruna Muddana","Address : SY. NO. 174 & 175, MUTHANGI VILLAGE,, PATANCHERU MANDAL,, SANGAREDDY DISTRICT,
Website : https://candiidusschool.com"
2175,"Aff. No. :3630527
Sch. Code:56970","State : TELANGANA
District : SANGAREDDY",Secondary Level,"Name : MANJEERA HIGH SCHOOL
Head/Principal Name: D REVATHI","Address : 10-31, RAJEEV NAGAR, MUTHANGI(V), PATANCHERU (M), SANGAREDDY DISTRICT
Website : http://www.manjeerahighschool.com"
2176,"Aff. No. :3630660
Sch. Code:23960","State : TELANGANA
District : SANGAREDDY",Secondary Level,"Name : JOY SCHOOL
Head/Principal Name: S DAKSHAYANI","Address : PLOT NO. - 41, 44 A , ANRICH INDUSTRIAL ESTATE, NEAR IDA BOLLARAM
Website : www.joyinternational.school"
2177,"Aff. No. :3630636
Sch. Code:23903","State : TELANGANA
District : SANGAREDDY",Secondary Level,"Name : VIGNAN VIDYALAYAM
Head/Principal Name: SISHTA PADMA VALLI","Address : SY NO.484/A,AA,E,EE, CHINNAKANJARLA , PATANCHERU,SANGAREDDY
Website : https://vignanschools.org/our-campuses/schools-in"
2178,"Aff. No. :3630623
Sch. Code:23873","State : TELANGANA
District : SANGAREDDY",Senior Secondary Level,"Name : NARAYANA SCHOOL
Head/Principal Name: DIGUMARTHI UDAYASREE","Address : SY NO. 19/A , VELIMALA VILLAGE, RAMACHANDRA PURAM MANDAL
Website : https://www.narayanaschools.in"
2179,"Aff. No. :3630653
Sch. Code:23939","State : TELANGANA
District : SANGAREDDY",Senior Secondary Level,"Name : THE CELESTIIA SCHOOL
Head/Principal Name: Hemavathi Satyavolu","Address : SY. NO. 573,446/AA1, 446/AA2, 446/AA3,, AMEENPUR VILLAGE & MANDAL, SANGAREDDY DISTRICT
Website : https://thecelestiiaschool.com/"
2180,"Aff. No. :3630604
Sch. Code:23833","State : TELANGANA
District : SANGAREDDY",Senior Secondary Level,"Name : ABODE SCHOOL
Head/Principal Name: Ratnamala Chaganti","Address : SY NO. 403/P, 404/P, TELLAPUR,, RC PURAM MANDAL
Website : www.abodeschool.in"
2181,"Aff. No. :3620010
Sch. Code:58155","State : TELANGANA
District : BHADRADRI KOTHAGUDEM",Senior Secondary Level,"Name : EKLAVYA MODEL RESIDENTIAL SCHOOL
Head/Principal Name: Nishant Kishnawa","Address : TGEMRS TEKULAPALLY ,BHADHU THANDA , BOAD ROAD, BHADRADRI KOTHAGUDEM DISTRICT
Website : https://tsemrs.telangana.gov.in/schoolDet.php?s=EMRS%20Tekul"
2182,"Aff. No. :3630650
Sch. Code:23935","State : TELANGANA
District : BHADRADRI KOTHAGUDEM",Secondary Level,"Name : MONTESSORI PRIME SCHOOL
Head/Principal Name: NISHA JOSE","Address : 14 BASTHI, YELLANDU,, MANDAL YELLANDU,, BHADRADRI KOTHAGUDEM
Website : https://yellandu.montessoriprimeschool.com/"
2183,"Aff. No. :3630530
Sch. Code:56977","State : TELANGANA
District : BHADRADRI KOTHAGUDEM",Secondary Level,"Name : DAV HIGH SCHOOL
Head/Principal Name: NICE SHAJI","Address : 39-2-48, BOMBAY COLONY, KTPS PALONCHA
Website : http://davktps.co.in/"
2184,"Aff. No. :3630497
Sch. Code:56847","State : TELANGANA
District : JAYASHANKAR BHUPALAPALLY",Secondary Level,"Name : DAV HIGH SCHOOL
Head/Principal Name: K SIVA PRASAD","Address : KTPP COLONY, TSGENCO CHELPUR, GHANPUR MANDAL
Website : htpp://davhsktpp.com"
2185,"Aff. No. :3630654
Sch. Code:23940","State : TELANGANA
District : JAYASHANKAR BHUPALAPALLY",Secondary Level,"Name : MONTESSORI HIGH SCHOOL
Head/Principal Name: BINU G UNNITHAN","Address : PULLURIRAMAIAHPALLY, BHUPAPALLY, JAYASHANKAR BHUPALPALLY
Website : https://bhupalapally.montessorigroups.com/"
2186,"Aff. No. :3630618
Sch. Code:23864","State : TELANGANA
District : JOGULAMBA GADWAL",Secondary Level,"Name : NOBLE HIGH SCHOOL
Head/Principal Name: B VIJAYA LAKSHMI","Address : SANGALA, JOGULAMBA GADWAL, GSADWAL, TELANGANA
Website : http://www.thenoblehighschool.com"
2187,"Aff. No. :3630615
Sch. Code:23857","State : TELANGANA
District : JOGULAMBA GADWAL",Secondary Level,"Name : DELHI WORLD SCHOOL
Head/Principal Name: POTLAPALLY MEENA","Address : SY.NO.291/KA/4 , PUDUR VILLAGE, VEERAPURAM, GADWAL MANDAL, , JOGULAMBA GADWAL DISTRICT
Website : https://delhiworldschoolgadwal.com/"
2188,"Aff. No. :3630667
Sch. Code:23972","State : TELANGANA
District : JOGULAMBA GADWAL",Secondary Level,"Name : BGR HIGH SCHOOL
Head/Principal Name: V VENKATESWARAO","Address : BHARATH NAGAR, IEEJA, JOGULAMBA GADWAL
Website : http://bgrhighschool.in"
2189,"Aff. No. :3630517
Sch. Code:56950","State : TELANGANA
District : KAMAREDDY",Secondary Level,"Name : VIDYA NIKETAN HIGH SCHOOL
Head/Principal Name: MOHAMMED ABDUL JUNAID BAHELMI","Address : PATHARAJAMPET, NARSANNAPALLY (VILLAGE), MANDAL KAMAREDDY
Website : https://vnhs.in/"
2190,"Aff. No. :3630662
Sch. Code:23963","State : TELANGANA
District : MAHABUBABAD",Secondary Level,"Name : ARYABHATTA HIGH SCHOOL
Head/Principal Name: N Madhukar Reddy","Address : 12-66/01, THORRUR - MANDAL & VILLAGE, MAHABUBABAD
Website : Http://www.aryabhattaschools.org"
2191,"Aff. No. :3630646
Sch. Code:23926","State : TELANGANA
District : MAHABUBABAD",Secondary Level,"Name : FATHIMA HIGH SCHOOL
Head/Principal Name: SR K AROGYA MARY","Address : MLA CAMP OFFICE, KANKARABOARD, MAHABUBABAD
Website : www.fathimaemedu.com"
2192,"Aff. No. :3600027
Sch. Code:59551","State : TELANGANA
District : MANCHERIAL",Senior Secondary Level,"Name : PM SHRI KENDRIYA VIDYALAYA MANCHERIAL
Head/Principal Name: LOKESH KUMAR YADAV","Address : KENDRIYA VIDYALAYA MANCHERIAL, ROAD NO 3, BESIDE MJPTBR SCHOOL, GUDIPET, HAJIPUR
Website : https://mancherial.kvs.ac.in/"
2193,"Aff. No. :3630632
Sch. Code:23898","State : TELANGANA
District : MANCHERIAL",Secondary Level,"Name : SLATE SCHOOL
Head/Principal Name: Shirin S.Khan","Address : 4-99, JANNARAM, MANCHERIAL DIST, TELANGANA
Website : www.slateexcellenceschool.com"
2194,"Aff. No. :3630538
Sch. Code:57241","State : TELANGANA
District : MANCHERIAL",Secondary Level,"Name : D.A.V. ORIENT GYAN MANDIR
Head/Principal Name: CH KIRAN KUMAR","Address : ORIENT CEMENT COLONY, DEVAPUR - VILLAGE, KASIPET - MANDAL, MANCHERIAL - DISTRICT
Website : www.davogmdevapur.org"
2195,"Aff. No. :3630559
Sch. Code:57308","State : TELANGANA
District : MANCHERIAL",Secondary Level,"Name : GREENWOOD HIGH SCHOOL
Head/Principal Name: R CHANDRA MOHAN","Address : H NO 1-123/75, THIMMAPUR(V), KYATHANPALLY, MANDAMARRI (M), MANCHERIAL(D)
Website : http://greenwoodmancherial.com"
2196,"Aff. No. :3630237
Sch. Code:57824","State : TELANGANA
District : MEDCHAL MALKAJGIRI",Secondary Level,"Name : DELHI WORLD PUBLIC SCHOOL
Head/Principal Name: N Jahnavi Reddy","Address : 3-50/1, Sy.No 116, Kompally Municipality, Dundigal/Gandimaisamma Mandal, Malakajgiri-Medchal Dist
Website : https://dwpskompally.edu.in/"
2197,"Aff. No. :3630542
Sch. Code:57255","State : TELANGANA
District : MEDCHAL MALKAJGIRI",Secondary Level,"Name : SR SCHOOL
Head/Principal Name: K RADHIKA REDDY","Address : 2-9-57/1/67, GSR ENCLAVE, BURTONGUDA, MACHABOLARUM, ALWAL MANDAL
Website : www.srschoolbolarum.com"
2198,"Aff. No. :3630544
Sch. Code:57259","State : TELANGANA
District : MEDCHAL MALKAJGIRI",Secondary Level,"Name : VIBHA SCHOOL
Head/Principal Name: SAMYUKTHA NAGOJU","Address : H NO 14-45/9/7, SY NO 535/P, KISTAPUR VILLAGE, MEDCHAL MALKAJGIRI DIST
Website : www.vibhainternationalschool.org"
2199,"Aff. No. :3630553
Sch. Code:57294","State : TELANGANA
District : MEDCHAL MALKAJGIRI",Secondary Level,"Name : CMR SCHOOL
Head/Principal Name: TANUJA PAIDI","Address : PHASE II , NJR KLR NAGAR, MEDHCAL
Website : www.cmrschool.in"
2200,"Aff. No. :3630567
Sch. Code:57330","State : TELANGANA
District : MEDCHAL MALKAJGIRI",Secondary Level,"Name : THE GLOBAL EDGE SCHOOL
Head/Principal Name: Roshni Ramachandran","Address : SY.NO 145, IDPL EMPLOYEES COOPERATIVE SOCIETY,, VASANTHNAGAR, KUKATPALLY
Website : https://vasanthnagar.theglobaledgeschool.com/"
2201,"Aff. No. :3630578
Sch. Code:57373","State : TELANGANA
District : MEDCHAL MALKAJGIRI",Secondary Level,"Name : PALLAVI SCHOOL
Head/Principal Name: Sudeshna Mairal","Address : SURVEY NO ARE 72/E/2,77, 73/ EE/2,71/A,, NEAR MALLAMPET ORR EXIT NO 4A MALLAMPET,, BACHUPALLY
Website : www.pisbachupally.org"
2202,"Aff. No. :3630580
Sch. Code:57378","State : TELANGANA
District : MEDCHAL MALKAJGIRI",Secondary Level,"Name : ST. MARTIN'S SCHOOL
Head/Principal Name: CH LAKSHMI SOUJANYA","Address : PLOT NO 196, SY NO 243, SHILPA NAGAR, NAGARAM, MEDCHAL MALKAJGIRI, HYDERABAD, TELANGANA
Website : www.stmartins.in"
2203,"Aff. No. :3630536
Sch. Code:56998","State : TELANGANA
District : MEDCHAL MALKAJGIRI",Secondary Level,"Name : LAURUS SCHOOL
Head/Principal Name: Brittolina Malarvizhi S","Address : SURVEY NO 165,, BOWRAMPET(V),, DUNDIGAL GANDIMAISAMMA(M),
Website : www.laurus.school"
2204,"Aff. No. :3630537
Sch. Code:57230","State : TELANGANA
District : MEDCHAL MALKAJGIRI",Secondary Level,"Name : CMR SCHOOL
Head/Principal Name: PURANAM GAYATRI","Address : SY.NO. 72 & 73, PETBASHEERABAD (V), QUTHBULLAPUR (M), MEDCHAL-MALKAJGIRI DISTRICT
Website : www.cmrschoolkompally.com"
2205,"Aff. No. :3630505
Sch. Code:56881","State : TELANGANA
District : MEDCHAL MALKAJGIRI",Secondary Level,"Name : BHASHYAM BLOOMS SCHOOL
Head/Principal Name: S SUSHMA","Address : SY NO. 579, ALWAL, ALWAL MANDAL, MEDCHAL MALKAJIGIRI DISTRICT, TELANGANA
Website : https://www.bloomsalwalcbse.in/"
2206,"Aff. No. :3630529
Sch. Code:56976","State : TELANGANA
District : MEDCHAL MALKAJGIRI",Secondary Level,"Name : ZENAS SCHOOL
Head/Principal Name: Devi Bhavani Nair","Address : 9-162, LAXMI NAGAR COLONY, BODUPPAL, MEDCHAL MALKAJIGIRI, HYDERABAD
Website : https://boduppal.zenasschool.com/"
2207,"Aff. No. :3630526
Sch. Code:56966","State : TELANGANA
District : MEDCHAL MALKAJGIRI",Secondary Level,"Name : INDIC SCHOOL
Head/Principal Name: MITHU NAG","Address : SURVEYNO.116 OPPSIDDH CONVENTION, KOMPALLY(V), DUNDIGAL GAMDIMAISAMMA(M) , MEDCHAL(DIST)
Website : https://indicschools.in"
2208,"Aff. No. :3630532
Sch. Code:56990","State : TELANGANA
District : MEDCHAL MALKAJGIRI",Secondary Level,"Name : WAXSAN SCHOOL
Head/Principal Name: RESHMA BEGUM","Address : SURVEY NO 257 & 258, HMT COLONY, SHAPURNAGAR, QUTBULLAPUR, MEDCHAL MALKAJGIRI
Website : www.waxsanschool.com"
2209,"Aff. No. :3630533
Sch. Code:56991","State : TELANGANA
District : MEDCHAL MALKAJGIRI",Secondary Level,"Name : AVE MARIA SCHOOL
Head/Principal Name: KURAPATI JAYA PRATHAP","Address : H.NO.3-4-97/FQ/3,4,5&6,, UPPAL(M), , RAMANTHAPUR,
Website : https://avemariaschool.in"
2210,"Aff. No. :3630534
Sch. Code:56995","State : TELANGANA
District : MEDCHAL MALKAJGIRI",Secondary Level,"Name : JOSHI'S VIDYA NIKETAN SCHOOL
Head/Principal Name: KUMARI RUPA","Address : H.NO 2-17-119, SBH COLONY, UPPAL
Website : https://joshisvidyaniketanschool.org/"
2211,"Aff. No. :3630518
Sch. Code:56953","State : TELANGANA
District : MEDCHAL MALKAJGIRI",Secondary Level,"Name : IRIS FLORETS WORLD SCHOOL
Head/Principal Name: Meenakshi Dashora","Address : PLOT NO. 21 TO 28, SRIRAM NAGAR COLONY,, GAJULARAMARAM, QUTHBULLAPUR(M), MEDCHAL, MALKAJGIRI(DT)
Website : http://www.irisfloretsworldschool.com"
2212,"Aff. No. :3630519
Sch. Code:56954","State : TELANGANA
District : MEDCHAL MALKAJGIRI",Secondary Level,"Name : EUROSCHOOL METRO CAMPUS KUKATPALLY
Head/Principal Name: K VISHNU VANDANA","Address : 5-5-33/9, PRASHANTI NAGAR, IDA KUKATPALLY, KUKATPALLY
Website : https://www.euroschoolindia.com/"
2213,"Aff. No. :3630508
Sch. Code:56922","State : TELANGANA
District : MEDCHAL MALKAJGIRI",Secondary Level,"Name : ORCHIDS THE SCHOOL
Head/Principal Name: Alluri Sumitha Rao","Address : SY. NO.369 ASHOK MANOJ NAGAR, BEHIND SAKET SRIYAM TOWERS, KAPRA
Website : https://orchidsinternationalschoolkapra.com/"
2214,"Aff. No. :3630513
Sch. Code:56939","State : TELANGANA
District : MEDCHAL MALKAJGIRI",Senior Secondary Level,"Name : SHANTINIKETAN SCHOOL
Head/Principal Name: SMITA BENUSKAR","Address : SURVEY NO 704, BOWRAMPET VILLAGE, DUNDIGAL MANDAL, GANDIMAISAMMA, MEDCHAL MALKAJGIRI
Website : https://shantiniketanbowrampet.in"
2215,"Aff. No. :3630515
Sch. Code:56943","State : TELANGANA
District : MEDCHAL MALKAJGIRI",Secondary Level,"Name : ORCHIDS THE SCHOOL
Head/Principal Name: TABASSUM ZAIDI","Address : H.NO.6-149/5/B, SY. NO.422, 422/1,, NEAR DOLLAR MEADOWS, BOWRAMPET (V),, DUNDIGAL-GANDIMAISAMMA MANDAL, MEDCHAL
Website : https://orchidsinternationalschoolbachupally.com/"
2216,"Aff. No. :3630490
Sch. Code:56790","State : TELANGANA
District : MEDCHAL MALKAJGIRI",Secondary Level,"Name : ACADEMIC HEIGHTS PUBLIC SCHOOL
Head/Principal Name: Moni Sonker","Address : PLOT NO. 5/B PART, NACHARAM CROSS ROAD, UPPAL MANDAL
Website : https://nacharam.academicheights.in/"
2217,"Aff. No. :3630488
Sch. Code:56784","State : TELANGANA
District : MEDCHAL MALKAJGIRI",Secondary Level,"Name : DELHI SCHOOL
Head/Principal Name: Sunir Nagi","Address : SURVEY NO. 107, NOBLE ENCLAVE, , ADJACENT TO NCL NORTH, KOMPALLY
Website : https://disdelhi.com"
2218,"Aff. No. :3630484
Sch. Code:56767","State : TELANGANA
District : MEDCHAL MALKAJGIRI",Secondary Level,"Name : HOLY ANGELS HIGH SCHOOL
Head/Principal Name: AMBATI PREMAVANI","Address : NEAR BOLARUM RAILWAY STATION, BOLARUM, SECUNDERABAD-500010
Website : http://holyangelshighschool.in/"
2219,"Aff. No. :3630486
Sch. Code:56776","State : TELANGANA
District : MEDCHAL MALKAJGIRI",Secondary Level,"Name : PALLAVI SCHOOL
Head/Principal Name: KORRAPATHI SUMAN","Address : 6-96/10/NR, KMG COLONY, MANIKYA NAGAR, QUTHBULLAPUR
Website : https://www.pallavischoolchintal.com/"
2220,"Aff. No. :3630630
Sch. Code:23894","State : TELANGANA
District : MEDCHAL MALKAJGIRI",Secondary Level,"Name : SKANDA THE SCHOOL
Head/Principal Name: ANITA KOTWANI","Address : 2-63, KACHAVANI SINGARAM, GATKESAR MANDAL
Website : http://www.skandatheschool.com/"
2221,"Aff. No. :3630634
Sch. Code:23901","State : TELANGANA
District : MEDCHAL MALKAJGIRI",Secondary Level,"Name : NARAYANA SCHOOL
Head/Principal Name: MOOD BHARGAVI","Address : SURVEY NO.148 , KOMPALLY VILLAGE, MEDCHAL MALKAJGIRI
Website : www.narayanaschools.in"
2222,"Aff. No. :3630635
Sch. Code:23902","State : TELANGANA
District : MEDCHAL MALKAJGIRI",Secondary Level,"Name : SHANTHI NIKETAN HIGH SCHOOL
Head/Principal Name: JERIPOTULA RAJU","Address : 4-4-A/B/C/D, SRINIVASA NAGAR COLONY, ISMAILKHANGUDA , KEESARA MEDCHAL MALKAJGIRI
Website : www.shantiniketanhighschool.com"
2223,"Aff. No. :3630622
Sch. Code:23872","State : TELANGANA
District : MEDCHAL MALKAJGIRI",Secondary Level,"Name : GITANJALI HIGH SCHOOL
Head/Principal Name: GAYATHRI GRANDHE SUDARSAN","Address : SURVEY NO. 710, BOWRAMPET, DUNDIGAL MANDAL, HYDERABAD, MEDCHAL MALKAJIGIRI DIST
Website : https://gisbowrampet.com/"
2224,"Aff. No. :3630627
Sch. Code:23888","State : TELANGANA
District : MEDCHAL MALKAJGIRI",Secondary Level,"Name : RAVEES SCHOOL
Head/Principal Name: J PUSHPA LATHA","Address : SY.NO.46/3/1/A/1/2 TO 52/A/2/2, KUNDANPALLI, KEESARA
Website : www.raveesschool.com/keesara"
2225,"Aff. No. :3630640
Sch. Code:23914","State : TELANGANA
District : MEDCHAL MALKAJGIRI",Secondary Level,"Name : ASTRA LUMINA SCHOOL
Head/Principal Name: Sridevi Aketi","Address : SURVEY NO - 83, BACHUPALLY, MEDCHAL-MALKAJGIRI DISTRICT, TELANGANA 500090
Website : https://astraluminaschool.com/"
2226,"Aff. No. :3630651
Sch. Code:23937","State : TELANGANA
District : MEDCHAL MALKAJGIRI",Secondary Level,"Name : CMR HIGH SCHOOL
Head/Principal Name: K UDAYA KRANTHI","Address : SY.NO. 219, GAJULARAMARAM, QUTHBULLAPUR
Website : https://cmrhighschool.in/"
2227,"Aff. No. :3630652
Sch. Code:23938","State : TELANGANA
District : MEDCHAL MALKAJGIRI",Secondary Level,"Name : SR DIGI HIGH SCHOOL
Head/Principal Name: B MARY ASHA LATHA","Address : 1-5-632/1/4 RAM REDDY ENCLAVE, AMBEDKAR NAGAR ALWAL2 VILLAGE, ALWAL MANDAL
Website : www.srdigihsalwal.com"
2228,"Aff. No. :3630649
Sch. Code:23933","State : TELANGANA
District : MEDCHAL MALKAJGIRI",Secondary Level,"Name : VIJAYARATNA HIGH SCHOOL
Head/Principal Name: K SHASHIDHAR REDDY","Address : H.NO. 7 - 103, SY.NO. 53/A/E AND 53/A&76, PEERZADIGUDA(V) MEDIPALLY(M), MEDCHAL-MALKAJGIRI DISTRICT
Website : https://site.vijayaratnaschool.com/"
2229,"Aff. No. :3630613
Sch. Code:23852","State : TELANGANA
District : MEDCHAL MALKAJGIRI",Secondary Level,"Name : GENESIS SCHOOL
Head/Principal Name: BEEREDDY SHOBHA REDDY","Address : 1-6-46 & 47, SY.NO. 11, THIRUMALA ENCLAVE, PENTAREDDY COLONY, ALWAL, MEDCHAL- MALKAJGIRI
Website : www.genesisintschool.com"
2230,"Aff. No. :3630614
Sch. Code:23853","State : TELANGANA
District : MEDCHAL MALKAJGIRI",Secondary Level,"Name : SRI CHAITANYA SCHOOL
Head/Principal Name: VINJAM KANTHI","Address : BEHIND KUKATPALLY BUS STOP, TOWARDS AMEERPET KUKATPALLY VILLAGE, BALANAGAR
Website : http://srichaitanyaschoolkukatpally.net"
2231,"Aff. No. :3630617
Sch. Code:23861","State : TELANGANA
District : MEDCHAL MALKAJGIRI",Secondary Level,"Name : ACADEMIC HEIGHTS PUBLIC SCHOOL
Head/Principal Name: HEPHZIBAH A R","Address : 9-405, TLN MARG, SV NAGAR, NAGARAM, KEERSARA (MANDAL)
Website : www.ahpsnagaram.com"
2232,"Aff. No. :3630610
Sch. Code:23848","State : TELANGANA
District : MEDCHAL MALKAJGIRI",Secondary Level,"Name : ORCHIDS THE SCHOOL
Head/Principal Name: BHAVANA PATHAK","Address : SY NO 75 & 76 PART,, SHANKER NAGAR, PEERZADIGUDA, VILLAGE, MEDIPALLY MANDAL,
Website : https://orchidsinternationalschooluppal.com/"
2233,"Aff. No. :3630611
Sch. Code:23849","State : TELANGANA
District : MEDCHAL MALKAJGIRI",Secondary Level,"Name : ST ANN'S LUZERN SCHOOL
Head/Principal Name: Jancy Kutty Jacob","Address : KOMPALLY WARD-1, DUNDIGAL GANDIMAISAMMA (M), HYDERABAD, TELANGANA
Website : https://stannsluzern.com"
2234,"Aff. No. :3630608
Sch. Code:23841","State : TELANGANA
District : MEDCHAL MALKAJGIRI",Secondary Level,"Name : VVYASA SCHOOL
Head/Principal Name: MANJUSHA TRIPATHI","Address : SURVEY NO 524/A/E, 525/A, 567, BOWRAMPET, DUNDIGAL GANDIMAISAMMA MANDAL
Website : https://vvyasaschool.com/"
2235,"Aff. No. :3630606
Sch. Code:23838","State : TELANGANA
District : MEDCHAL MALKAJGIRI",Secondary Level,"Name : PALLAVI SCHOOL
Head/Principal Name: Radhika Alahari","Address : 5-5-7/10/P1,P2, CH PADMARAO NAGAR, KUKATPALLY, KUKATPALLY MANDAL
Website : www.pallavischoolkukatpally.org"
2236,"Aff. No. :3630603
Sch. Code:23831","State : TELANGANA
District : MEDCHAL MALKAJGIRI",Secondary Level,"Name : ARSHA SCHOOL OF LEARNING
Head/Principal Name: CHITRA M BHATT","Address : 59, ROCK GARDEN, NEAR SHAILI GARDEN, YAPRAL
Website : https://arshaschooloflearning.com/"
2237,"Aff. No. :3630584
Sch. Code:57369","State : TELANGANA
District : MEDCHAL MALKAJGIRI",Secondary Level,"Name : PRAGATHI PATHWAYS SCHOOL
Head/Principal Name: DEVULAPALLY DEEPIKA RAMANI","Address : SY.NO.307/2/5 (OLD 307/E/5) MITHILANAGAR, GAJULARAMARAM, QUTHBULLAPUR MANDAL
Website : http://pragathipathwaysschool.com/"
2238,"Aff. No. :3630589
Sch. Code:57401","State : TELANGANA
District : MEDCHAL MALKAJGIRI",Secondary Level,"Name : PRAGATHI'S MELIORA WORLD SCHOOL
Head/Principal Name: NEETHA MARUTHI KAMATH","Address : SY NO 148/B, PRAGATHI NAGR, OPP JNTU, BACHUPALLY MANDAL
Website : https://pmws.in/"
2239,"Aff. No. :3630586
Sch. Code:57365","State : TELANGANA
District : MEDCHAL MALKAJGIRI",Secondary Level,"Name : ST. MICHAELS SCHOOL
Head/Principal Name: Minakshi Sailendra Kumar","Address : SURVEY NO 149, GAYATRI NAGAR, GODAVARI HOMES, JEEDIMETLA, MEDCHAL
Website : http://www.stmichaels-school.in"
2240,"Aff. No. :3630591
Sch. Code:57399","State : TELANGANA
District : MEDCHAL MALKAJGIRI",Secondary Level,"Name : FIVE ELEMENTS SCHOOL
Head/Principal Name: Ramya Katamneni","Address : SY.NO. 663/P, BOWRAMPET (V), DUNDIGAL GANDIMAISAMMA (M), MEDCHAL MALKAJGIRI DISTRICT
Website : https://fiveelementsschools.com/"
2241,"Aff. No. :3630592
Sch. Code:57400","State : TELANGANA
District : MEDCHAL MALKAJGIRI",Secondary Level,"Name : M B GRAMMAR HIGH SCHOOL
Head/Principal Name: VINAYA SHARMA","Address : SY.NO. 108, 108/B, 109,, SURARAM COLONY,, QUTHBULLAPUR
Website : www.mbgrammarschool.com"
2242,"Aff. No. :3630599
Sch. Code:23821","State : TELANGANA
District : MEDCHAL MALKAJGIRI",Secondary Level,"Name : INNOVIOUS SCHOOL
Head/Principal Name: MAMATHA PUTTAFCHETTY","Address : HNO 1-1/3 DHULAPALLY(V), DUNDIGAL-GANDIMAISAMMA(M), MEDCHAL(D)
Website : https://innoviousschool.com"
2243,"Aff. No. :3630600
Sch. Code:23822","State : TELANGANA
District : MEDCHAL MALKAJGIRI",Secondary Level,"Name : VIJAYARATNA HIGH SCHOOL
Head/Principal Name: K SHAILAJA","Address : SY NO. 758/E, , KORREMULA (V), CHOWDERIGUDA (M) , MEDCHAL-MALKAJGIRI DISTRICT
Website : https://vijayaratnaschool.org/"
2244,"Aff. No. :3630663
Sch. Code:23964","State : TELANGANA
District : MEDCHAL MALKAJGIRI",Secondary Level,"Name : SRI SAI MODEL HIGH SCHOOL
Head/Principal Name: Naveen Reddy","Address : H.NO. 2-1-7/2, PEDDACHERLAPALLY, KAPRA MANDAL, MEDCHAL - MALKAJGIRI
Website : www.srisaimodelhighschool.com"
2245,"Aff. No. :3630656
Sch. Code:23951","State : TELANGANA
District : MEDCHAL MALKAJGIRI",Secondary Level,"Name : SAMSKAR SCHOOL
Head/Principal Name: Narasimha Vamsi Mohan Aluri","Address : H.NO. 10-25/85, 10-25/5, PEERZADIGUDA, MEDIPALLY(M),, MEDCHAL - MALKAJGIRI
Website : www.samskarschools.com"
2246,"Aff. No. :3630658
Sch. Code:23954","State : TELANGANA
District : MEDCHAL MALKAJGIRI",Senior Secondary Level,"Name : CMR SCHOOL
Head/Principal Name: KOLLURI SWARUPA RANI","Address : SY.NO.176, KUNDANPALLY , KEESARA
Website : www.cmrschoolkundanpally.com"
2247,"Aff. No. :3630659
Sch. Code:23957","State : TELANGANA
District : MEDCHAL MALKAJGIRI",Secondary Level,"Name : HOLY SPIRIT SCHOOL
Head/Principal Name: SUSHEELA GATLA","Address : SY.NO. 49/2, PIPE LINE ROAD, SY.NO. 49/2, PIPE LINE ROAD, SY.NO. 49/2, PIPE LINE ROAD
Website : https://www.holyspiritschool.org"
2248,"Aff. No. :3630504
Sch. Code:56876","State : TELANGANA
District : NIRMAL",Secondary Level,"Name : VASAVI WORLD SCHOOL
Head/Principal Name: SHYLA K G","Address : THIRUMALA HILLS, THIMMAPUR COLONY, , YELLAPALLY VILLAGE, NIRMAL RURAL MANDAL
Website : www.vasaviworldschool.com"
2249,"Aff. No. :3630337
Sch. Code:56151","State : TELANGANA
District : PEDDAPALLI",Secondary Level,"Name : SRI AKSHARA VIDYALAYA HIGH SCHOOL
Head/Principal Name: Rangaraju Nikhil","Address : 5-3-74/1, NEAR CISF UNIT,, MALKAPUR SHIVAR, GODAVARIKHANI, RAMAGUNDAM
Website : https://www.sriaksharavidyalaya.com/"
2250,"Aff. No. :3630539
Sch. Code:57246","State : TELANGANA
District : PEDDAPALLI",Secondary Level,"Name : SRI CHAITANYA HIGH SCHOOL
Head/Principal Name: Nekkala Uday Kumar","Address : SY.NOS 270 & 272, NTPC, PTS LOCALITY, MEDIPALLY, RAMAGUNDAM
Website : http://www.srichaitanyaschoolntpc.com"
2251,"Aff. No. :3630566
Sch. Code:57327","State : TELANGANA
District : PEDDAPALLI",Secondary Level,"Name : PALLAVI SCHOOL
Head/Principal Name: N VANI","Address : NIMMANAPALLY VILLAGE, PEDDAPALLI, PEDDAPALLI MANDAL
Website : www.pallavischoolpdpl.com"
2252,"Aff. No. :3630560
Sch. Code:57311","State : TELANGANA
District : PEDDAPALLI",Secondary Level,"Name : SINGARENI COLLIERIES HIGH SCHOOL
Head/Principal Name: M.T. Swarna Latha","Address : SECTOR-III, 8 INCLINE COLONY, GODAVARIKHANI, RAMAGUNDAM (M) PEDDAPALLI (DT)
Website : https://schssec3.org"
2253,"Aff. No. :3630551
Sch. Code:57288","State : TELANGANA
District : PEDDAPALLI",Secondary Level,"Name : TRINITY THE SCHOOL OF LEARNING
Head/Principal Name: SARBARI MUKHERJEE","Address : PEDDAPALLY (V), PEDDAPALLE (M), PEDDAPALLI DISTRICT
Website : https://trinitycbseschools.in/"
2254,"Aff. No. :3630668
Sch. Code:23974","State : TELANGANA
District : PEDDAPALLI",Secondary Level,"Name : ALPHORES HIGH SCHOOL
Head/Principal Name: G SATHAIAH","Address : H.NO. 2-224/2/A, POOSALA ROAD, SULTHANABAD
Website : www.alphoresstbd.com"
2255,"Aff. No. :3600151
Sch. Code:59653","State : TELANGANA
District : SIDDIPET",Senior Secondary Level,"Name : PM SHRI KENDRIYA VIDYALAYA SIDDIPET
Head/Principal Name: S SURYA PRAKASH","Address : Survey No 54, Behind Government Medical College, Village Ensanpally
Website : https://siddipet.kvs.ac.in"
2256,"Aff. No. :3630620
Sch. Code:23867","State : TELANGANA
District : SIDDIPET",Secondary Level,"Name : ST JOSEPHS ENGLISH MEDIUM SCHOOL
Head/Principal Name: SUSHMA GARDIA","Address : 9-17, GAJWEL, (V),, GAJWEL, (M),, SIDDIPET(DIST)
Website : https://stjosephemschoolgajwel.com/"
2257,"Aff. No. :3630625
Sch. Code:23882","State : TELANGANA
District : SIDDIPET",Secondary Level,"Name : OAKLEY SCHOOL
Head/Principal Name: YADAGIRI BITTLA","Address : H.NO 21-37/9/C, NEAR GANDHI CHOWK, KADAVERG ROAD CHERIAL(M)
Website : https://oakleyinternationalschools.com/"
2258,"Aff. No. :3630548
Sch. Code:57284","State : TELANGANA
District : SIDDIPET",Secondary Level,"Name : GOLDSTONE HIGH SCHOOL
Head/Principal Name: Dhanalakshmi Harish","Address : 52,218/PART & 219/PART, THUNIKIBOLLARUM, MULUGU (T), DIST. SIDDIPET, TELENGANA
Website : http://www.goldstoneacademy.com"
2259,"Aff. No. :3630549
Sch. Code:57286","State : TELANGANA
District : SIDDIPET",Secondary Level,"Name : VIKAS HIGH SCHOOL
Head/Principal Name: Dr. Uma M","Address : PONAAL, SIDDIPET, SIDDIPET
Website : https://vikashighschool.in/"
2260,"Aff. No. :3630564
Sch. Code:57321","State : TELANGANA
District : SIDDIPET",Secondary Level,"Name : VERITAS SAINIK SCHOOL
Head/Principal Name: BARTHALOM KATA","Address : VANTIMAMADI, LAXMAKKAPALLY, MULUG
Website : https://www.veritassainikschoolhyderabad.com/"
2261,"Aff. No. :3630570
Sch. Code:57338","State : TELANGANA
District : SURYAPET",Secondary Level,"Name : MONTESSORI PRIME SCHOOL
Head/Principal Name: K J Leema Rose","Address : AKUPAMULA (V), MUNAGALA (M), SURYAPET
Website : https://kodada.montessoriprimeschool.com/"
2262,"Aff. No. :3630552
Sch. Code:57291","State : TELANGANA
District : SURYAPET",Secondary Level,"Name : GREENWOOD SCHOOL
Head/Principal Name: MELKIRAJU SALIBINDLA","Address : 1-112/4/1/A/3 NEAR VASAVI BHAVAN, , SAI BABA THEATER ROAD , HUZURNAGAR (V-M) SURYPET (DIST)
Website : https://greenwoodschools.com"
2263,"Aff. No. :3630541
Sch. Code:57254","State : TELANGANA
District : SURYAPET",Secondary Level,"Name : NEW VISION SCHOOL
Head/Principal Name: GOURU JAYA BHARATH REDDY","Address : 12-155/12/A, NH-65 BYPASS ROAD, KODAD, WARD NO 8, KODAD, SURYAPET DISTRICT
Website : http://newvisionschool.in"
2264,"Aff. No. :3630629
Sch. Code:23891","State : TELANGANA
District : SURYAPET",Secondary Level,"Name : DAV SRI VISHNU VIDYA NIKETAN HS (EM)
Head/Principal Name: KALAHASTI MADHAVI","Address : SEETHAPURAM COLONY, ZUARI CEMENT, DONDAPADU VILLAGE
Website : http://davsvvn.in/"
2265,"Aff. No. :3630642
Sch. Code:23920","State : TELANGANA
District : SURYAPET",Secondary Level,"Name : SR PRIME SCHOOL
Head/Principal Name: S LAVA KUMAR REDDY","Address : 3-266 DHURAJPALLY, CHIVVEMELA MANDAL, SURYAPET DISTRICT
Website : www.srprimeschoolsuryapet.com"
2266,"Aff. No. :3630665
Sch. Code:23968","State : TELANGANA
District : VIKARABAD",Secondary Level,"Name : BHRUNGY INTERNATIONAL SCHOOL
Head/Principal Name: K KUMARSWAMY","Address : OPPOSITE - VIKARABAD COLLECTORATE , VIKARABAD - PARGI ROAD , VIKARABAD
Website : https://www.bhrungyinternationalschool.com"
2267,"Aff. No. :3630528
Sch. Code:56974","State : TELANGANA
District : VIKARABAD",Secondary Level,"Name : ST MARKS JUBILEE SCHOOL
Head/Principal Name: REV FR MADANU JOSEPH","Address : CHINCHOLI ROAD TANDUR, VIKARABAD DISTRICT, TANDUR MANDAL
Website : https://stmarksjubileeschool.com"
2268,"Aff. No. :3630577
Sch. Code:57370","State : TELANGANA
District : WANAPARTHY",Secondary Level,"Name : DELHI WORLD SCHOOL
Head/Principal Name: CHANGANTI LEELAVATHI","Address : SY. NO 315, WANAPARTHY, WANAPARTHY(M)
Website : https://www.delhiworldschoolwanaparthy.com"
2269,"Aff. No. :3630556
Sch. Code:57301","State : TELANGANA
District : HANUMAKONDA",Secondary Level,"Name : VIHAN HIGH SCHOOL
Head/Principal Name: SRIDEVI BHERI","Address : 4-37, 4-38, PEMBARTHY VILLAGE, HASANPARTHY MANDAL
Website : www.vihanhighschool.com"
2270,"Aff. No. :3630547
Sch. Code:57278","State : TELANGANA
District : HANUMAKONDA",Secondary Level,"Name : RAMAN HIGH SCHOOL
Head/Principal Name: Maringanti Sravanthi","Address : H.NO 30-4-311, UNION BANK BESIDE LANE, MADIKONDA, KAZIPET
Website : www.ramanhighschool.com"
2271,"Aff. No. :3630641
Sch. Code:23916","State : TELANGANA
District : HANUMAKONDA",Secondary Level,"Name : TALLA PADMAVATHI SCHOOL
Head/Principal Name: M JAGADEESHWAR","Address : 64-4-2, TEKULAGUDEM(SOMIDI), KAZIPET
Website : www.tpschools.in"
2272,"Aff. No. :3630647
Sch. Code:23928","State : TELANGANA
District : HANUMAKONDA",Senior Secondary Level,"Name : SHINE HIGH SCHOOL
Head/Principal Name: JAKKULA SRINIVAS","Address : ERRAGATTUGUTTA, MUCHERLA, HASANPARTHY
Website : https://shinehanamkonda.in"
2273,"Aff. No. :3630598
Sch. Code:23818","State : TELANGANA
District : HANUMAKONDA",Secondary Level,"Name : TEJASWI HIGH SCHOOL
Head/Principal Name: Kalyani Talapaneni","Address : 1-1-60/3,, PRASHANTHNAGAR, HANUMAKONDA
Website : https://tejaswiprashanthnagar.com"
2274,"Aff. No. :3630587
Sch. Code:57406","State : TELANGANA
District : HANUMAKONDA",Secondary Level,"Name : SR PRIME SCHOOL
Head/Principal Name: KASULA VIDYA SAGAR","Address : H.NO 1-1/1, PUNNEL (V), INAVOLE (M)
Website : www.srprimeschoolpunnel.com"
2275,"Aff. No. :3630585
Sch. Code:57375","State : TELANGANA
District : HANUMAKONDA",Secondary Level,"Name : SAKETHA HIGH SCHOOL
Head/Principal Name: MANJULA DEVULAPALLI","Address : H.NO 7-66, AMBALA VILLAGE, KAMBALAPUR MANDAL
Website : www.sakethaschool.com"
