sno,aff_no_school_code,state_district,school_head_name,address,website
1,"Aff. No. :1100001
Sch. Code:34002","State : MAHARASHTRA
District : AHMEDNAGAR",Senior Secondary Level,"Name : PM SHRI KENDRIYA VIDYALAYA NO.1
Head/Principal Name: POOJA","Address : KARIAPPA ROAD (NEAR FT) AHMEDNAGAR DISTT, MAHARASHTRA
Website : https://no1ahmednagar.kvs.ac.in/"
2,"Aff. No. :1100044
Sch. Code:34060","State : MAHARASHTRA
District : AHMEDNAGAR",Senior Secondary Level,"Name : PM SHRI KV MIRC AHMEDNAGAR
Head/Principal Name: PRAVEEN KUMAR","Address : M.I.R.C SOLAPUR ROAD AHMEDNAGAR MAHARASHTRA
Website :"
3,"Aff. No. :1100048
Sch. Code:34081","State : MAHARASHTRA
District : AHMEDNAGAR",Senior Secondary Level,"Name : PM SHRI KENDRIYA VIDYALAYA VRDE NO III AHILYANAGAR
Head/Principal Name: BALASAHEB ANTON LONDHE","Address : V.R.D.E AHMEDNAGAR MAHARASHTRA
Website : http://no3ahmednagar.kvs.ac.in"
4,"Aff. No. :1120013
Sch. Code:32011","State : MAHARASHTRA
District : AHMEDNAGAR",Senior Secondary Level,"Name : EKLAVYA RESIDENTIAL SCHOOL
Head/Principal Name: Devanand Sampatrao Thool","Address : MAVESHI. TAL. AKOLE, DIST- AHMEDNAGAR, MAHARASHTRA- 422 604
Website : https://emrsmaveshi.emrsmaharashtra.com/"
5,"Aff. No. :1130083
Sch. Code:30053","State : MAHARASHTRA
District : AHMEDNAGAR",Senior Secondary Level,"Name : SANT JANARDAN SWAMI (MOUNGIRI) MAHARAJ MAHARISHI SCHOOL
Head/Principal Name: RAJENDRA BABANRAO PANSARE","Address : KOKAMTHAN TAL KOPARGAON AHMED NAGAR MAHARASHTRA
Website : https://www.santjanardanswamischool.edu.in"
6,"Aff. No. :1130177
Sch. Code:30126","State : MAHARASHTRA
District : AHMEDNAGAR",Senior Secondary Level,"Name : PRAVARA CENTRAL PUBLIC SCHOOL PRAVARANAGAR
Head/Principal Name: Mr. Mahesh Rameshrao Gaurkhede","Address : PRAVARANAGAR, RAHATA,
Website : https://pravara.in/pravara-central-public-school/"
7,"Aff. No. :1130187
Sch. Code:30127","State : MAHARASHTRA
District : AHMEDNAGAR",Senior Secondary Level,"Name : DHRUV GLOBAL SCHOOL
Head/Principal Name: ARCHANA UDAYSINH GHORPADE","Address : MALPANI CAMPUS, DHANDHARPHAL, AKOLE ROAD, SANGAMNER, DISTT AHMEDNAGAR, MAHARASHTRA
Website : https://dhruv.edu.in/"
8,"Aff. No. :1130223
Sch. Code:30157","State : MAHARASHTRA
District : AHMEDNAGAR",Senior Secondary Level,"Name : LITTLE FLOWER SCHOOL LONI
Head/Principal Name: SAVITA SHANKAR RUPWATE","Address : NEAR B. PED. COLLEGE, SADATPUR ROAD, LONI (KD) TALUKA RAHATA, DISTRICT AHMEDNAGAR
Website : www.lfsloni.org"
9,"Aff. No. :1130265
Sch. Code:30220","State : MAHARASHTRA
District : AHMEDNAGAR",Senior Secondary Level,"Name : YASHSHREE ACADEMY
Head/Principal Name: Pranita Mendsure","Address : SCHOOL: BABAESTATE,VILLAGE DHANGARWADI,AHMEDNAGAR-AURANGABAD ROAD,AHMEDNAGAR.
Website : www.yashedu.org"
10,"Aff. No. :1130308
Sch. Code:30240","State : MAHARASHTRA
District : AHMEDNAGAR",Senior Secondary Level,"Name : TAKSHILA SCHOOL AHMEDNAGAR
Head/Principal Name: JAYSHREE ANAND MEHETRE","Address : JAMKHED ROAD, NEAR ARMOURED CENTRE VILLAGE - BHINGAR, AHMEDNAGAR
Website : www.takshilaschools.com/takshilaahmednagar"
11,"Aff. No. :1130314
Sch. Code:30246","State : MAHARASHTRA
District : AHMEDNAGAR",Senior Secondary Level,"Name : PARIKRAMA PUBLIC SCHOOL
Head/Principal Name: ROSEMIN BELIM","Address : A/P KASHTI, TAL. SHRIGONDA, DIST AHMEDNAGAR.
Website : www.pearlsacademy.co.in"
12,"Aff. No. :1130341
Sch. Code:30320","State : MAHARASHTRA
District : AHMEDNAGAR",Senior Secondary Level,"Name : STRAWBERRY ENGLISH MEDIUM SCHOOL
Head/Principal Name: Ramesh Raghunath Dighe","Address : OPP, SUGAR FACTORY GATE, VELHALE VILLAGERD ,GHULEWADI,SANGAMNER
Website : www.mystrawberryschool.com"
13,"Aff. No. :1130346
Sch. Code:30264","State : MAHARASHTRA
District : AHMEDNAGAR",Senior Secondary Level,"Name : CHITRAKOOT INTERNATIONAL SCHOOL
Head/Principal Name: ASHOK SHRICHAND SACHDEV","Address : DAREWADI-NARAYANDOHO ROAD, NEAR MIRC GREEN, GAT NO.201, AT PO. NIMBODI,
Website : www.chitrakootinternationalschool.org"
14,"Aff. No. :1130358
Sch. Code:30420","State : MAHARASHTRA
District : AHMEDNAGAR",Senior Secondary Level,"Name : NIRMAL BRIGHT FUTURE SCHOOL
Head/Principal Name: DATTATRAYA KRISHNA MORE","Address : NIRMALNAGAR
Website : https://nbfs.org.in/"
15,"Aff. No. :1130394
Sch. Code:30307","State : MAHARASHTRA
District : AHMEDNAGAR",Secondary Level,"Name : ST MICHAEL'S SCHOOL
Head/Principal Name: NONDITA DSOUZA","Address : RALLI VILLA, SHOLAPUR ROAD, AHMEDNAGAR, MAHARASHTRA PIN CODE 414001
Website : http://stmichaels-ahmednagar.org"
16,"Aff. No. :1130412
Sch. Code:30482","State : MAHARASHTRA
District : AHMEDNAGAR",Secondary Level,"Name : VIDYANIKETAN ACADEMY
Head/Principal Name: VARSHA BALASAHEB DHAMORE","Address : MAHADEV MALA, WARD NO.7 SHRIRAMPUR DIST.AHMEDNAGAR
Website : www.vidyaniketanacademy.com"
17,"Aff. No. :1130418
Sch. Code:30374","State : MAHARASHTRA
District : AHMEDNAGAR",Secondary Level,"Name : AMRUTVAHINI INTERNATIONAL SCHOOL
Head/Principal Name: Sethi Jaswinderkaur B.S.","Address : AMRUTVAHINI INTERNATIONAL SCHOOL BEHIND MAZE GHAR HOUSING SOCIETY, GHULEWADI,TAL-SANGAMNER,DIST-AHMEDNAGAR.
Website : www.amrutvahiniinternationalschool.org"
18,"Aff. No. :1130444
Sch. Code:30396","State : MAHARASHTRA
District : AHMEDNAGAR",Senior Secondary Level,"Name : ATMA MALIK INTERNATIONAL SCHOOL, KOKAMTHAN
Head/Principal Name: DANGE NAMDEV DNYANESHWAR","Address : VISHWATMAK JANGLI MAHARAJ ASHRAM TRUST KOKAMTHAN SHIRDI - KOPARGAON ROAD POST JEUR KUMBHARI TAL.- KOPARGAON DIST.- AHMEDNAGAR (MAHARASHTRA)- 423601
Website : https://cbse.atmamalikonline.com/index.php"
19,"Aff. No. :1130497
Sch. Code:30421","State : MAHARASHTRA
District : AHMEDNAGAR",Senior Secondary Level,"Name : SADHVI PREETISUDHAJI INTERNATIONAL SCHOOL
Head/Principal Name: PURVI MAHESHKUMAR HALPATI","Address : AT - PIMPLAS, TALUKA - RAHATA, DISTRICT- AHMEDNAGAR, STATE - MAHARASHTRA.
Website : http://spcbseschoolrahata.org"
20,"Aff. No. :1130501
Sch. Code:30449","State : MAHARASHTRA
District : AHMEDNAGAR",Senior Secondary Level,"Name : SAMATA INTERNATIONAL SCHOOL
Head/Principal Name: Samirkhan Gulabkhan Attar","Address : AT/POST - KOKAMTHAN, TAL- KOPARGAON, DIST- AHMEDNAGAR, MAHARASHTRA
Website : www.samataschool.in"
21,"Aff. No. :1130504
Sch. Code:30441","State : MAHARASHTRA
District : AHMEDNAGAR",Senior Secondary Level,"Name : SHRI BALASAHEB WANI CENTRAL SCHOOL
Head/Principal Name: SONIYA ANTONY JOSEPH","Address : GANEGAON, RAHURI, AHMEDNAGAR, MAHARASHTRA
Website : HTTPS://PRASADGRAMIN.COM"
22,"Aff. No. :1130516
Sch. Code:30434","State : MAHARASHTRA
District : AHMEDNAGAR",Secondary Level,"Name : RAINBOW INTERNATIONAL SCHOOL
Head/Principal Name: VIDHYA VISHWANATHAN","Address : A/P -JEUR KUMBHARI, SHIRDI MANMAD ROAD, TEL. KOPARGAON,
Website : www.rainbowschools.in"
23,"Aff. No. :1130596
Sch. Code:30529","State : MAHARASHTRA
District : AHMEDNAGAR",Senior Secondary Level,"Name : SANJIVANI ACADEMY
Head/Principal Name: Anushrita Singh","Address : AT&POST-KHIRDIGANESH TAL-KOPARGAON DIST-AHMEDNAGAR (MAHARASHTRA)
Website : www.sanjivaniacademy.org.in"
24,"Aff. No. :1130600
Sch. Code:30713","State : MAHARASHTRA
District : AHMEDNAGAR",Secondary Level,"Name : VIDYA NIKETAN INTERNATIONAL ACADEMY
Head/Principal Name: Sunitha kadapa","Address : VIDYANAGARI,PUNE-NASHIK HIGHWAY,NEAR ALEPHATA, A/P:BOTA, TAL-SANGAMNER, DIST-A.NAGAR, 422602
Website : https://vidyaniketanglobal.com/vnia/"
25,"Aff. No. :1130604
Sch. Code:30534","State : MAHARASHTRA
District : AHMEDNAGAR",Secondary Level,"Name : NORTHSTAR GLOBAL SCHOOL
Head/Principal Name: Pankaj Arun Malegaonkar","Address : BEHIND VIKHE PATIL MEMORIAL HOSPITAL, KEKTAI ROAD, WADGAON GUPTA, AHMEDNAGAR
Website : www.northstarglobalschool.in"
26,"Aff. No. :1130608
Sch. Code:30724","State : MAHARASHTRA
District : AHMEDNAGAR",Secondary Level,"Name : YASH ACADEMY,SONAI
Head/Principal Name: Shailesh Dagadu Darekar","Address : YASH ACADEMY
Website : www.yashacademysonai.org.in"
27,"Aff. No. :1130616
Sch. Code:30538","State : MAHARASHTRA
District : AHMEDNAGAR",Senior Secondary Level,"Name : THE ICON PUBLIC SCHOOL
Head/Principal Name: DIPIKA NAGARWALLA","Address : 46/2 STATION ROAD AHMEDNAGAR
Website : www.iconpublicschools.org"
28,"Aff. No. :1130620
Sch. Code:30718","State : MAHARASHTRA
District : AHMEDNAGAR",Secondary Level,"Name : SHRIRAM ACADEMY
Head/Principal Name: Potghan Jayashree Arun","Address : A/P BHAIRAVNATHNAGAR (GONDHAWANI), DIGHI ROAD, SHRIRAMPUR 413 709.
Website : www.shriramacademy.in"
29,"Aff. No. :1130635
Sch. Code:30573","State : MAHARASHTRA
District : AHMEDNAGAR",Secondary Level,"Name : SAI ANGELS INTERNATIONAL SCHOOL
Head/Principal Name: Sandhya Sitaram Dhulgande","Address : SURVEY NO.69/A,TAVALE NAGAR,AURANGABAD ROAD
Website : www.saiangel.org"
30,"Aff. No. :1130637
Sch. Code:30623","State : MAHARASHTRA
District : AHMEDNAGAR",Senior Secondary Level,"Name : ABHINAV EDUCATION SOCIETYS VASUNDHARA ACADEMY, AKOLE
Head/Principal Name: Dr. Jayashri Rajiv Deshmukh","Address : DHAMANGAON AWARI ROAD, AKOLE
Website : www.vasundharaacademy.org"
31,"Aff. No. :1130645
Sch. Code:30574","State : MAHARASHTRA
District : AHMEDNAGAR",Secondary Level,"Name : HARMONY INTERNATIONAL SCHOOL
Head/Principal Name: ASHOK MANIKRAO BERAD","Address : AT POST-VADGAONGUPTA, NEAR DENTAL COLLEGE, PIMPLEGAON MALVI ROAD, AHMEDNAGAR
Website : https://cbseahmednagar.harmonygroups.in/"
32,"Aff. No. :1130659
Sch. Code:30591","State : MAHARASHTRA
District : AHMEDNAGAR",Secondary Level,"Name : DNYANESHWAR INTERNATIONAL SCHOOL
Head/Principal Name: Walhekar Kakasaheb Babasaheb","Address : BHANASHIWRA,NEWASA PHATA
Website : www.disnewasa.org"
33,"Aff. No. :1130696
Sch. Code:30853","State : MAHARASHTRA
District : AHMEDNAGAR",Senior Secondary Level,"Name : DR. VITHALRAO VIKHE PATIL FOUNDATIONS ENGLISH MEDIUM SCHOOL
Head/Principal Name: NAMRITA OHRI","Address : AT- VADGAON GUPTA, POST- MIDC, VILAD GHAT, AHMEDNAGAR- 414111
Website : www.vpsnagar.in"
34,"Aff. No. :1130698
Sch. Code:30616","State : MAHARASHTRA
District : AHMEDNAGAR",Secondary Level,"Name : SANSKRUTI FOUNDATION, RAHURI
Head/Principal Name: Lahare Shekhar Madan","Address : A/P : RAHURI TAL. RAHURI DIST. AHMEDNAGAR
Website : http://sanskrutifoundation.org.in"
35,"Aff. No. :1130702
Sch. Code:30652","State : MAHARASHTRA
District : AHMEDNAGAR",Secondary Level,"Name : LOTUS ENGLISH MEDIUM SCHOOL, WADGAONPAN
Head/Principal Name: PRATAP CHANDRA PALEI","Address : A/P: WADGAONPAN TAL.SANGAMNER DIST. AHMEDNAGAR
Website : www.lotusems.in"
36,"Aff. No. :1130704
Sch. Code:30684","State : MAHARASHTRA
District : AHMEDNAGAR",Secondary Level,"Name : OASIS ENGLISH MEDIUM SCHOOL
Head/Principal Name: Kalpana Bhagwan Darkunde","Address : MARAHTA NAGAR, NEPTI ROAD, KEDGAON DEVI
Website : www.oasisschoolahmednagar.com"
37,"Aff. No. :1130711
Sch. Code:31504","State : MAHARASHTRA
District : AHMEDNAGAR",Middle Class,"Name : PHOENIX ACADEMY
Head/Principal Name: Mrs.RUHIYA RAMIN HOSSEIN","Address : 12/1-A, STATION ROAD
Website :"
38,"Aff. No. :1130730
Sch. Code:30639","State : MAHARASHTRA
District : AHMEDNAGAR",Senior Secondary Level,"Name : KISSAN INTERNATIONAL SCHOOL
Head/Principal Name: Manoj Sukhlal Rathor","Address : CHEDEMALA , ALKUTI ROAD , BEHIND KISSAN CHILLING PLANT.
Website : www.kissanacademy.org"
39,"Aff. No. :1130805
Sch. Code:30775","State : MAHARASHTRA
District : AHMEDNAGAR",Secondary Level,"Name : PHOENIX ACADEMY
Head/Principal Name: Mitali Satish Bajpai","Address : A/P ARANGAON TAL.NAGAR DIST. AHMEDNAGAR
Website : www.phoenixacademyschool.in"
40,"Aff. No. :1130840
Sch. Code:30760","State : MAHARASHTRA
District : AHMEDNAGAR",Secondary Level,"Name : GALAXY NATIONAL SCHOOL
Head/Principal Name: KSHITIJA RUTURAJ HADAP","Address : GAT NO 33/2/2, VADGAO GUPTA, AHMEDNAGAR 414 111
Website : www.ourgns.com"
41,"Aff. No. :1130857
Sch. Code:30774","State : MAHARASHTRA
District : AHMEDNAGAR",Secondary Level,"Name : MONTFORT SCHOOL
Head/Principal Name: JOGAIAH BANDHANADHAM","Address : SAWALIVIHIR BK, RUI ROAD, TAL. RAHATA, DIST. AHMEDNAGAR
Website : www.montfortschoolshirdi.org"
42,"Aff. No. :1130858
Sch. Code:30789","State : MAHARASHTRA
District : AHMEDNAGAR",Secondary Level,"Name : NALANDA
Head/Principal Name: Pallavi Gautam Bahadurge","Address : YASHODIN FARMS, VILLAGE- WALUNJ, SOLAPUR ROAD, AT POST - BABURDI GHUMAT
Website : www.nalandaschool.co.in"
43,"Aff. No. :1130870
Sch. Code:30817","State : MAHARASHTRA
District : AHMEDNAGAR",Secondary Level,"Name : LOKSEVA YUVA VIKAS PRATISHTHAN, AGNEY GURUKUL
Head/Principal Name: SHAILAJA SUNIL LOTAKE","Address : GAT NO. 328 ARANGAON DAUND ROAD AHMEDNAGAR
Website : https://mlzsdaundroad.in/mandatory-public-disclosure"
44,"Aff. No. :1130876
Sch. Code:30801","State : MAHARASHTRA
District : AHMEDNAGAR",Secondary Level,"Name : UDDHAV ACADEMY ENGLISH MEDIUM SCHOOL
Head/Principal Name: Ancy Kakumanu","Address : JADHAVNAGAR, KALYAN ROAD, NALEGAON AHMEDNAGAR
Website : www.uddhavacademy.com"
45,"Aff. No. :1130882
Sch. Code:30845","State : MAHARASHTRA
District : AHMEDNAGAR",Secondary Level,"Name : SRI SRI RAVISHANKAR VIDYA MANDIR ENGLISH MEDIUM SCHOOL
Head/Principal Name: Arti Shivkumar Spara","Address : NEAR SIDDHAKALA HOSPITAL, DEVGAON ROAD, SANGAMNER KD, TAL. SANGAMNER, DIST. AHMEDNAGAR
Website : https://www.ssrvmsangamner.org/"
46,"Aff. No. :1130893
Sch. Code:30953","State : MAHARASHTRA
District : AHMEDNAGAR",Secondary Level,"Name : KIDS KINGDOM ACADEMY
Head/Principal Name: Kirti Sachin Bang","Address : AT/PO : SONAI TAL. NEWASA DIST. AHMEDNAGAR
Website : https://kidskingdomacademysonai.com/"
47,"Aff. No. :1130913
Sch. Code:30875","State : MAHARASHTRA
District : AHMEDNAGAR",Senior Secondary Level,"Name : DNYANVARDHINI CENTRAL SCHOOL
Head/Principal Name: Parkhe Arun Rangnath","Address : AT/PO : GUHA TAL.RAHURI DIST.AHMEDNAGAR
Website : https://www.dnyanvardhinischool.com/"
48,"Aff. No. :1130923
Sch. Code:30916","State : MAHARASHTRA
District : AHMEDNAGAR",Senior Secondary Level,"Name : INNOVATORS PUBLIC SCHOOL
Head/Principal Name: Rahane Manisha Gorakshanath","Address : A/P CHANDANAPURI TAL.SANGAMNER DIST. AHMEDNAGAR-422603
Website : http://innovatorsps.in/"
49,"Aff. No. :1130954
Sch. Code:30929","State : MAHARASHTRA
District : AHMEDNAGAR",Secondary Level,"Name : SILVER OAK ACADEMY
Head/Principal Name: Mohini Ramesh Jagtap","Address : SILVER OAK ACADEMY GAT NO.461/ 462 PIMPALWADI ROAD,SHIRDI TAL: RAHATA DIST:AHMEDNAGAR
Website : www.silveroakacademy.co.in"
50,"Aff. No. :1130976
Sch. Code:30944","State : MAHARASHTRA
District : AHMEDNAGAR",Secondary Level,"Name : DE PAUL PUBLIC SCHOOL AGASHENAGAR
Head/Principal Name: Shijo Joseph Mandaniyil","Address : AGASHENAGAR SANGAMNER ROAD TAL SHRIRAMPUR
Website : http://depaulschoolshrirampur.org"
51,"Aff. No. :1131021
Sch. Code:30996","State : MAHARASHTRA
District : AHMEDNAGAR",Secondary Level,"Name : PODAR INTERNATIONAL SCHOOL
Head/Principal Name: MANGESH SONA JAGTAP","Address : SURVEY NO. 47/2A, BHUSHAN NAGAR, BESIDES HOTEL RANGOLI ROAD, KEDGAON.
Website : www.podareducation.org/school/ahmednagar/"
52,"Aff. No. :1131027
Sch. Code:31001","State : MAHARASHTRA
District : AHMEDNAGAR",Secondary Level,"Name : ARMY PUBLIC SCHOOL (MIC AND S) , AHMEDNAGAR
Head/Principal Name: Rashmi Vinay Kuwatada","Address : Gate No. 3, MICS, SOLAPUR Road, Ahmednagar-414110 Maharashtra
Website : https://apsmicsahmednagar.com/"
53,"Aff. No. :1131045
Sch. Code:31021","State : MAHARASHTRA
District : AHMEDNAGAR",Secondary Level,"Name : SHIVAJIRAO NAGAWADE DAFFODILS SCHOOL SHRIGONDA
Head/Principal Name: Neetu Jagdish Dulani","Address : A:BALAJINAGAR, P:SHRIGONDA, DIST:AHMEDNAGAR
Website : http://www.sndsshrigonda.org/"
54,"Aff. No. :1131098
Sch. Code:31086","State : MAHARASHTRA
District : AHMEDNAGAR",Secondary Level,"Name : PRAVARA HIGH SCHOOL
Head/Principal Name: PARAMOD JANARDAN KALE","Address : PRAVARA HIGH SCHOOL, OPP- ZUMBERSHET KUNKULOL COMPLEX, BELAPUR ROAD, KOLHAR BK, TAL- RAHATA, DIST- AHMEDNAGAR (MS)
Website : www.pravara.in/emskolhar"
55,"Aff. No. :1131112
Sch. Code:31097","State : MAHARASHTRA
District : AHMEDNAGAR",Senior Secondary Level,"Name : TRIMURTI INTERNATIONAL SCHOOL
Head/Principal Name: Sreedevi C K","Address : AT/PO : KHADAKA, TRIMURTINAGAR TAL.NEWASA DIST.AHMEDNAGAR
Website : www.trimurtiinternationalschool.com"
56,"Aff. No. :1131115
Sch. Code:31100","State : MAHARASHTRA
District : AHMEDNAGAR",Secondary Level,"Name : SACRED HEART CONVENT SCHOOL,KOLGAON
Head/Principal Name: Sister Divya Jose","Address : SHANTI NAGAR,NAGAR- DAUND ROAD,KOLGAON,TAL-SHRIGONDA, DIST -AHMEDNAGAR
Website : www.sacredheartconventschool.com"
57,"Aff. No. :1131126
Sch. Code:31114","State : MAHARASHTRA
District : AHMEDNAGAR",Secondary Level,"Name : DR.BALASAHEB VIKHE PATIL INTERNATIONAL SCHOOL
Head/Principal Name: NIRMAL KISHOR BABASAHEB","Address : A/P- PIMPALAS, TAL.RAHATA, DIST.AHMEDNAGAR
Website : www.dbvpis.in"
58,"Aff. No. :1131131
Sch. Code:31081","State : MAHARASHTRA
District : AHMEDNAGAR",Secondary Level,"Name : DRONA ACADEMY
Head/Principal Name: ROHOM ANITA SHRIKANT","Address : AT/PO : SAKURI TAL.RAHATA DIST.AHMEDNAGAR
Website : www.dronaacademy.co.in"
59,"Aff. No. :1131166
Sch. Code:31152","State : MAHARASHTRA
District : AHMEDNAGAR",Secondary Level,"Name : ASHOK IDEAL SCHOOL
Head/Principal Name: Shaikh Rais Jabirahmed","Address : A/P SHIRASGAON, TAL.SHRIRAMPUR DIST AHMEDNAGAR
Website : http://ashokschools.org"
60,"Aff. No. :1131169
Sch. Code:31155","State : MAHARASHTRA
District : AHMEDNAGAR",Secondary Level,"Name : FLYING BIRDS ACADEMY ENGLISH MEDIUM SCHOOL
Head/Principal Name: MANOJKUMAR MAHADEV GOLHAR","Address : MALIBABHULGAON , PATHARDI AHMEDNAGAR
Website : https://fbap.in/"
61,"Aff. No. :1131185
Sch. Code:31172","State : MAHARASHTRA
District : AHMEDNAGAR",Senior Secondary Level,"Name : DR. BALASAHEB VIKHE PATIL (CBSE) SCHOOL
Head/Principal Name: Varsha Anil Darkunde","Address : TAL.SHEVGAON, DIST.AHMEDNAGAR
Website : http://pmtcbseschool.com/"
62,"Aff. No. :1131197
Sch. Code:31184","State : MAHARASHTRA
District : AHMEDNAGAR",Secondary Level,"Name : CAMBRIDGE HIGH INTERNATIONAL SCHOOL & JR COLLEGE
Head/Principal Name: Pawar Dattatraya Rangnath","Address : TAL SHRIRAMPUR, DIST AHMEDNAGAR
Website : https://chischoolshrirampur.co.in"
63,"Aff. No. :1131207
Sch. Code:31194","State : MAHARASHTRA
District : AHMEDNAGAR",Secondary Level,"Name : SANJIVANI INTERNATIONAL SCHOOL
Head/Principal Name: Shaila Harish Dube","Address : PIMPALWADI RUI SHIV ROAD , AT PIMPALWADI SHIRDI
Website : http://sanjivaniinternational.org.in/"
64,"Aff. No. :1131223
Sch. Code:31210","State : MAHARASHTRA
District : AHMEDNAGAR",Secondary Level,"Name : MAHALE PODAR LEARN SCHOOL
Head/Principal Name: Shweta Subhash Gulati","Address : TAL.SHRIRAMPUR, DIST.AHMEDNAGAR
Website : http://mahalepodarschool.org"
65,"Aff. No. :1131239
Sch. Code:31226","State : MAHARASHTRA
District : AHMEDNAGAR",Senior Secondary Level,"Name : KALIKA PODAR LEARN SCHOOL
Head/Principal Name: Kundan Nemade","Address : PATODA ROAD,, DHOTRE
Website : www.kalikapodarlearnschool.in"
66,"Aff. No. :1131269
Sch. Code:31256","State : MAHARASHTRA
District : AHMEDNAGAR",Secondary Level,"Name : MAURYA ACADEMY ENGLISH MEDIUM SCHOOL
Head/Principal Name: NAYANA ARUN HARDE","Address : RAHURI, TAL- RAHURI
Website : https://www.mauryaacademyrahuri.com"
67,"Aff. No. :1131296
Sch. Code:31283","State : MAHARASHTRA
District : AHMEDNAGAR",Secondary Level,"Name : NYATI SAMATA INTERNATIONAL SCHOOL
Head/Principal Name: DIPALI MAHESH WAGARKAR","Address : EKLAHARE, TAL.SHRIRAMPUR DIST.AHMEDNAGAR
Website : www.nyatisamataschool.in"
68,"Aff. No. :1131300
Sch. Code:31287","State : MAHARASHTRA
District : AHMEDNAGAR",Secondary Level,"Name : STELLA MARIS CONVENT SCHOOL
Head/Principal Name: SR ADARSH MARIA VEZHAPARAMBAN","Address : TAL. PARNER, DIST. AHMEDNAGAR
Website : www.smhanga.org"
69,"Aff. No. :1131340
Sch. Code:31329","State : MAHARASHTRA
District : AHMEDNAGAR",Secondary Level,"Name : PODAR INTERNATIONAL SCHOOL
Head/Principal Name: Meenakshi Mishra","Address : SURVEY NO.185/9/12/1,185/9/12/2,185/9/16, SUKEWADI, TAL. SANGAMNER
Website : https://www.podareducation.org/school/sangamner"
70,"Aff. No. :1131414
Sch. Code:31403","State : MAHARASHTRA
District : AHMEDNAGAR",Secondary Level,"Name : PERFECT INTERNATIONAL SCHOOL
Head/Principal Name: Meena Vilas Nawale","Address : NEAR I.T.I, AKOLE, TAL. AKOLE DIST. AHMEDNAGAR
Website : https://perfectschools.in/"
71,"Aff. No. :1131505
Sch. Code:31494","State : MAHARASHTRA
District : AHMEDNAGAR",Secondary Level,"Name : ST. JOSEPHS HIGHER SECONDARY SCHOOL
Head/Principal Name: Perpetua Sucorrina Joaquim Rebello","Address : HANDINIMGAON, NEWASA, NEWASA, HANDINIMGAON , AHMEDNAGAR, HANDINIMGAON, NEWASA, AHMEDNAGAR 414603.
Website : https://sjhssnewasa.in"
72,"Aff. No. :1131509
Sch. Code:31498","State : MAHARASHTRA
District : AHMEDNAGAR",Secondary Level,"Name : URJA GURUKUL
Head/Principal Name: Shraddha Ganesh Rathod","Address : KEDGAON, DEVI, AHILYANAGAR
Website : https://urjagurukulacademy.in/"
73,"Aff. No. :1131512
Sch. Code:31509","State : MAHARASHTRA
District : AHMEDNAGAR",Secondary Level,"Name : VENKATESH PODAR LEARN SCHOOL
Head/Principal Name: Anand Hiralal Shah","Address : 826/2 WADALI ROAD, SHRIGONDA, DIST- AHILYANAGAR
Website : https://venkateshpodarlearnschool.com"
74,"Aff. No. :1131530
Sch. Code:31527","State : MAHARASHTRA
District : AHMEDNAGAR",Secondary Level,"Name : JIJAMATA ENGLISH MEDIUM SCHOOL
Head/Principal Name: Jidnyasa Amit Kulkarni","Address : SANGAMNER BUDRUK, TAL - SANGAMNER, DIST - AHILYANAGAR
Website : https://jijamataschool.com/"
75,"Aff. No. :1131531
Sch. Code:31528","State : MAHARASHTRA
District : AHMEDNAGAR",Secondary Level,"Name : MATOSHRI GLOBAL SCHOOL & JR. COLLEGE
Head/Principal Name: Sattar Bashirbhai Shaikh","Address : VITTHAL NAGAR, KOKATE WASTI, , KARJULE HARYA, TAL. PARNER, NAGAR KALYAN HIGHWAY
Website : www.matoshri.org.in"
76,"Aff. No. :1140021
Sch. Code:34070","State : MAHARASHTRA
District : AHMEDNAGAR",Senior Secondary Level,"Name : PM SHRI SCHOOL JAWAHAR NAVODAYA VIDYALAYA
Head/Principal Name: SHWETA GAJANAN MUNNARWAR","Address : TAKLI DHOKESHWAR TAHSI-PARNER AHMEDNAGAR MAHARASHTRA
Website : https://navodaya.gov.in/nvs/nvs-school/Ahmednagar/en/home"
77,"Aff. No. :1180007
Sch. Code:34001","State : MAHARASHTRA
District : AHMEDNAGAR",Senior Secondary Level,"Name : ARMY PUBLIC SCHOOL, AHMEDNAGAR
Head/Principal Name: Nutan Mishra","Address : C/O ARMED CORPS CENTRE & SCHOOL AHMEDNAGAR MAHARASHTRA
Website : www.apsahmednagar.com"
78,"Aff. No. :1140030
Sch. Code:34094","State : MAHARASHTRA
District : AKOLA",Senior Secondary Level,"Name : PM SHRI SCHOOL JAWAHAR NAVODAYA VIDYALAYA
Head/Principal Name: Dnyaneshwar Prakash Tayade","Address : BABULGAOL (JAHAL)AKOLA MAHARASHTRA
Website : https://www.navodaya.gov.in/nvs/nvs-school/AKOLA/e"
79,"Aff. No. :1131609
Sch. Code:31608","State : MAHARASHTRA
District : AKOLA",Senior Secondary Level,"Name : NARAYANA E-TECHNO SCHOOL
Head/Principal Name: RAJESHREE RAMDAS SHINDE","Address : SURVEY NO.29/1 & 29/2, KHADKI , MANGRULPIR ROAD, TAL.AKOLA
Website : https://www.narayanaschools.in/maharashtra/akola"
80,"Aff. No. :1131289
Sch. Code:31276","State : MAHARASHTRA
District : AKOLA",Secondary Level,"Name : ACADEMIC HEIGHTS PUBLIC SCHOOL
Head/Principal Name: PRASHANT MADHUKAR MAHURKAR","Address : TAL. MURTIZAPUR, DISTRICT AKOLA
Website : http://ahpsmurtizapur.edu.in/Index.html"
81,"Aff. No. :1131265
Sch. Code:31252","State : MAHARASHTRA
District : AKOLA",Secondary Level,"Name : SAINT PAUL'S PUBLIC SCHOOL
Head/Principal Name: Dwarika Prasad Baser","Address : AKOT, TAH. AKOT, DIST. AKOLA
Website : https://sppsakot.in/"
82,"Aff. No. :1131178
Sch. Code:31163","State : MAHARASHTRA
District : AKOLA",Secondary Level,"Name : KOTHARI CONVENT
Head/Principal Name: ANJALI GAJANAN WADE","Address : GORAKSHAN ROAD, NEAR KIRTI NAGAR
Website : www.nnkc.in"
83,"Aff. No. :1130879
Sch. Code:30816","State : MAHARASHTRA
District : AKOLA",Senior Secondary Level,"Name : SHREE SAMARTHA PUBLIC SCHOOL & JUNIOR COLLEGE
Head/Principal Name: DR. USHALATA S. WANKHEDE","Address : NH6 NEAR SATISH MOTORS, OPP. ANNAPURNA MATA MANDIR AT POST : RIDHORA TQ. BALAPUR, DIST AKOLA PIN CODE:444302 (MAHARASHTRA)
Website : https://sspscjakola.edu.in/"
84,"Aff. No. :1130676
Sch. Code:30600","State : MAHARASHTRA
District : AKOLA",Senior Secondary Level,"Name : VIDYANCHAL THE SCHOOL
Head/Principal Name: SHAILAJA TRIVEDI","Address : DATT MANDIR, AKOLA ROAD
Website : www.vidyanchal.in"
85,"Aff. No. :1130658
Sch. Code:30737","State : MAHARASHTRA
District : AKOLA",Secondary Level,"Name : RDG PUBLIC SCHOOL
Head/Principal Name: Chiramel Pappachan Kuriachan","Address : BESIDE AKASHWANI,CIVIL LINES
Website : www.rdgpsakola.ac.in"
86,"Aff. No. :1130490
Sch. Code:30405","State : MAHARASHTRA
District : AKOLA",Secondary Level,"Name : NOEL SCHOOL,
Head/Principal Name: RUPALI SHIRISH KUKADE","Address : BEHIND S.T. WORKSHOP, KAULKHED ROAD, AKOLA
Website : www.cbse.noelschool.org.in"
87,"Aff. No. :1130436
Sch. Code:30419","State : MAHARASHTRA
District : AKOLA",Secondary Level,"Name : PODAR INTERNATIONAL SCHOOL
Head/Principal Name: Neeta Nair","Address : SURVEY NO. 50/1, UMRI, AKOLA MAHARASHTRA.
Website : https://www.podareducation.org/school/akola"
88,"Aff. No. :1130426
Sch. Code:30323","State : MAHARASHTRA
District : AKOLA",Senior Secondary Level,"Name : PRABHAT KIDS SCHOOL, AKOLA
Head/Principal Name: Vrushali Nilesh Waghmare","Address : WASHIM ROAD, OPP. HOTEL AMBIKA, AKOLA 444001
Website : www.prabhatkids.edu.in"
89,"Aff. No. :1130214
Sch. Code:30190","State : MAHARASHTRA
District : AKOLA",Secondary Level,"Name : JUBLI ENGLISH HIGH SCHOOL
Head/Principal Name: Rama Sanjay Sarap","Address : NEAR BABULGAON BUS STOP,AT KUMBHARI,AKOLA
Website : http://jubileecbse.com"
90,"Aff. No. :1130166
Sch. Code:30143","State : MAHARASHTRA
District : AKOLA",Senior Secondary Level,"Name : SCHOOL OF SCHOLARS
Head/Principal Name: Dr Atul Runthala","Address : MOUZA, KOULKHED, HINGNA ROAD, DIST. AKOLA, MAHARASHTRA
Website : http://www.sosakolakk.edu.in"
91,"Aff. No. :1130121
Sch. Code:30233","State : MAHARASHTRA
District : AKOLA",Senior Secondary Level,"Name : EMERALD HEIGHTS SCHOOL
Head/Principal Name: PRIYA BOSE","Address : BEHIND GEETA NAGAR BYE PASS AKOLA MAHARASHTRA
Website : www.emeraldakola.com"
92,"Aff. No. :1130134
Sch. Code:30113","State : MAHARASHTRA
District : AMRAVATI",Senior Secondary Level,"Name : INDO PUBLIC SCHOOL
Head/Principal Name: VIJAYA BAGADDEO","Address : BEHIND AMRAVATI UNIVERSITY, MARDI ROAD, VILLAGE INDLA, DISTT AMRAVATI, MAHARASHTRA
Website : www.indopublicschool.com"
93,"Aff. No. :1130173
Sch. Code:30136","State : MAHARASHTRA
District : AMRAVATI",Senior Secondary Level,"Name : SCHOOL OF SCHOLARS
Head/Principal Name: N SANTHOSH KUMAR","Address : MOUZA MIMBORA (KHURD), NEAR SIPNA ENGG. COLLEGE, BADNERA ROAD, TEH & DISTT. AMRAVATI
Website : http://www.sosamravati.edu.in"
94,"Aff. No. :1130179
Sch. Code:30181","State : MAHARASHTRA
District : AMRAVATI",Senior Secondary Level,"Name : P R POTE PATIL INTERNATIONAL SCHOOL
Head/Principal Name: SACHIN MAHADEORAO DURGE","Address : KATHORA RAOD, GANJANAN TOWNSHIP AMRAVATI
Website : www.prppis.org"
95,"Aff. No. :1120004
Sch. Code:32004","State : MAHARASHTRA
District : AMRAVATI",Senior Secondary Level,"Name : EKLAVAYA RESIDENTIAL SCHOOL
Head/Principal Name: DHANASHRI SUKRACHARYA DARNE","Address : CHIKHALDARA TAL CHIKHALDARA, NEAR RANJERS COLLEGES, DISTT AMRAVATI MAHARASHTRA
Website : www.emrschikhaldara.emrsmaharashtra.com"
96,"Aff. No. :1120126
Sch. Code:32127","State : MAHARASHTRA
District : AMRAVATI",Senior Secondary Level,"Name : EKLAVYA MODEL RESIDENTIAL SCHOOL DHARNI TAHSIL DHARNI DISTRICT AMRAVATI
Head/Principal Name: SUJATA LAXMANRAO ARJUNE","Address : SITU AT GOVT. ASHRAM SCHOOL WAI KHURD , AT WAI KHURD , POST WAI KHURD TAHSIL WARUD
Website : https://emrsdharni.emrsmaharashtra.com/"
97,"Aff. No. :1130263
Sch. Code:30277","State : MAHARASHTRA
District : AMRAVATI",Senior Secondary Level,"Name : MAHARISHI PUBLIC SCHOOL
Head/Principal Name: Dr.ABIN CHELLAPPAN RAJ","Address : NEW RING ROAD, OPP.HOTEL RAJPUT, NAVSARI, AMRAVATI, MAHARASHTRA
Website : www.maharishipublicschool.com"
98,"Aff. No. :1130482
Sch. Code:30440","State : MAHARASHTRA
District : AMRAVATI",Secondary Level,"Name : PODAR INTERNATIONAL SCHOOL
Head/Principal Name: Manisha Nawalkishor Sangar","Address : SURVEY NO. 84/2, KATHORA, OPPOSITE POTE FARM, KATHORA ROAD,
Website : https://www.podareducation.org/school/amravati"
99,"Aff. No. :1130487
Sch. Code:30402","State : MAHARASHTRA
District : AMRAVATI",Senior Secondary Level,"Name : ABHYASA ENGLISH SCHOOL
Head/Principal Name: Kanchanmala Patil","Address : PANCHAVATI,NAGPUR ROAD. AMRAVATI
Website : www.abhyasa.ac.in"
100,"Aff. No. :1130374
Sch. Code:30354","State : MAHARASHTRA
District : AMRAVATI",Senior Secondary Level,"Name : NEW ORANGE CITY CONVENT
Head/Principal Name: MADHURI GANESH BHONDE","Address : NEAR S.T. STAND, WARUD, DISTT. AMRAVATI
Website : www.noccwarud.com"
101,"Aff. No. :1130381
Sch. Code:30443","State : MAHARASHTRA
District : AMRAVATI",Secondary Level,"Name : SCHOLARS CONVENT
Head/Principal Name: Meenal Pratik Damke","Address : NEAR DASARA MAIDAN, BADNERA ROAD, AMRAVATI
Website : www.scholarsconvent.ac.in"
102,"Aff. No. :1130595
Sch. Code:30527","State : MAHARASHTRA
District : AMRAVATI",Secondary Level,"Name : VISHWABHARATI PUBLIC SCHOOL
Head/Principal Name: Priti Pawade","Address : NEAR ACHYUT MAHARAJ HEART HOSPITAL,MARDI ROAD,AMRAVATI
Website : www.vishwabharatischool.ac.in"
103,"Aff. No. :1130576
Sch. Code:30495","State : MAHARASHTRA
District : AMRAVATI",Secondary Level,"Name : EKVIRA SCHOOL OF BRILLIANTS
Head/Principal Name: Lijeesh P Ramakrishnan","Address : EKVIRA SCHOOL OF BRILLIANTS, DARYAPUR, JAHANPUR ROAD, DISTRICT AMRAVATI.
Website : https://esobdaryapur.com/"
104,"Aff. No. :1130695
Sch. Code:30606","State : MAHARASHTRA
District : AMRAVATI",Secondary Level,"Name : JAGDAMBA PUBLIC SCHOOL
Head/Principal Name: KIRTI D. THAKARE","Address : JAGDAMBA PUBLIC SCHOOL, BELORA ROAD, CHANDURBAJAR,DIST-AMRAVATI-444704
Website : www.jagdambapublicschool.in"
105,"Aff. No. :1130732
Sch. Code:30638","State : MAHARASHTRA
District : AMRAVATI",Senior Secondary Level,"Name : EDIFY SCHOOL AMRAVATI
Head/Principal Name: JACOB DAS","Address : SURVEY NO:112, KATHORA, CHANDURBAZAR ROAD. AMRAVATI
Website : www.edifyschoolamravati.com"
106,"Aff. No. :1130701
Sch. Code:30617","State : MAHARASHTRA
District : AMRAVATI",Secondary Level,"Name : EKVIRA SCHOOL OF BRILLIANTS, MORSHI
Head/Principal Name: MANGESH B WANKHADE","Address : CHANDUR BAJAR ROAD, NEAR TALUKA AGRICULTURE OFFICE, MORSHI,DIST-AMRAVATI,MAHARASHTRA.
Website : http://www.esob.co.in/Morshi"
107,"Aff. No. :1130896
Sch. Code:30863","State : MAHARASHTRA
District : AMRAVATI",Secondary Level,"Name : K.K.CAMBRIDGE INTERNATIONAL SCHOOL
Head/Principal Name: KISHORE KUMAR YERRAGURAVAGARI","Address : SURVEY NO. 39/2, AHEAD OF AMARAWATI UNIVERSITY, MAUJE RAJURA, MARDI ROAD, AMRAVATI
Website : www.kkcambridgeschool.org"
108,"Aff. No. :1130906
Sch. Code:30872","State : MAHARASHTRA
District : AMRAVATI",Secondary Level,"Name : ST. XAVIERS CATHEDRAL SCHOOL, AMRAVATI
Head/Principal Name: Nelson Vargheese","Address : BISHOPS HOUSE CAMPUS, AMRAVATI CAMP,
Website : http://stxavierscathedralschoolamravati.org/StXaviers/"
109,"Aff. No. :1130850
Sch. Code:30793","State : MAHARASHTRA
District : AMRAVATI",Secondary Level,"Name : ST. FRANCIS DE SALES SR. SEC. SCHOOL
Head/Principal Name: NOBIT BABY","Address : SFS SQUARE, NEW TOWN BADNERA AMRAVATI 444701
Website : www.sfsbadnera.com"
110,"Aff. No. :1130830
Sch. Code:30799","State : MAHARASHTRA
District : AMRAVATI",Senior Secondary Level,"Name : NARAYANA VIDYALAYAM
Head/Principal Name: Sachin Murlidhar Bhelkar","Address : BEHIND MIDC POLICE CHOWKY, OLD BYPASS ROAD, NIMBHORA (KHURD), AMRAVATI.
Website : https://narayanavidyalayam.org/narayana-vidyalayam-amravati/"
111,"Aff. No. :1130771
Sch. Code:30686","State : MAHARASHTRA
District : AMRAVATI",Senior Secondary Level,"Name : TITANS PUBLIC SCHOOL
Head/Principal Name: AJAY S CHOWBE","Address : NEW EXPRESS HIGHWAY, OPPOSITE RAM MEGHE COLLEGE OF ENGINEERING, AMRAVATI - BADNERA ROAD, BADNERA
Website : www.titanspublicschoolamravati.com"
112,"Aff. No. :1130780
Sch. Code:30753","State : MAHARASHTRA
District : AMRAVATI",Secondary Level,"Name : SANSKAR INTERNATIONAL SCHOOL
Head/Principal Name: PRADNYA NITIN AGAWANE","Address : AMRAVATI ROAD, NEAR ASTAMASIDHI TEMPLE, PARATWADA, DISTRICT AMRAVATI 444805
Website : www.sanskarparatwada.com"
113,"Aff. No. :1131049
Sch. Code:31025","State : MAHARASHTRA
District : AMRAVATI",Secondary Level,"Name : SCHOOL OF SCHOLARS
Head/Principal Name: PRACHITEE DHARMADHIKARI","Address : MOUJA : DUTTAPUR, TAL. DHAMANGAON (RAILWAY, DIST. AMRAVATI
Website : https://sosdhamangaon.edu.in/"
114,"Aff. No. :1130990
Sch. Code:30952","State : MAHARASHTRA
District : AMRAVATI",Secondary Level,"Name : SCHOOL OF SCHOLARS
Head/Principal Name: Sunit Kumar Dubey","Address : SURVEY NO. 477/1/A, MOUJA : WARUD, TAH. WARUD, DIST. AMRAVATI
Website : https://schoolofscholars.co.in/sos/sos_warud/"
115,"Aff. No. :1130943
Sch. Code:30895","State : MAHARASHTRA
District : AMRAVATI",Senior Secondary Level,"Name : DELHI PUBLIC SCHOOL
Head/Principal Name: HIMADRI SEKHAR DESAI","Address : 49/2 SATURNA, KRANTI COLONY ROAD, NEAR AAYARKAR BHAVAN
Website : www.dpsamravati.com"
116,"Aff. No. :1130944
Sch. Code:30899","State : MAHARASHTRA
District : AMRAVATI",Secondary Level,"Name : HARIKISAN MALOO INTERNATIONAL SCHOOL
Head/Principal Name: Lokesh Vilasrao Mate","Address : OPP. DESHMUKH LAWNS, SHEGAON-RAHATGAON ROAD, AMRAVATI
Website : www.maloointernationalschool.org"
117,"Aff. No. :1131182
Sch. Code:31169","State : MAHARASHTRA
District : AMRAVATI",Secondary Level,"Name : PODAR INTERNATIONAL SCHOOL
Head/Principal Name: Atul Kashinath Patil","Address : CHIKHALDARA ROAD, NARSALA (PARATWADA)
Website : https://www.podareducation.org/school/paratwada"
118,"Aff. No. :1131188
Sch. Code:31175","State : MAHARASHTRA
District : AMRAVATI",Secondary Level,"Name : VIJAYA SCHOOL FOR EXCELLENCE
Head/Principal Name: PADMASHREE SHIVAJIRAO DESHMUKH","Address : AADARSH NAGAR, AANCHAL VIHAR, NEW AMRAVATI RAILWAY STATION ROAD
Website : www.vsfeamravati.com"
119,"Aff. No. :1131163
Sch. Code:31148","State : MAHARASHTRA
District : AMRAVATI",Senior Secondary Level,"Name : VIDYANIKETAN ,CBSE SCHOOL
Head/Principal Name: Ravi Anandrao Deshmukh","Address : DHAMANGAON RLY , AMRAVATI
Website : www.vidyaniketancbseschool.in"
120,"Aff. No. :1131226
Sch. Code:31213","State : MAHARASHTRA
District : AMRAVATI",Secondary Level,"Name : ORCHID CITY INTERNATIONAL SCHOOL
Head/Principal Name: Varsha Vasantrao Punwatkar","Address : MOUJA NAVSARI, AMRAVATI
Website : https://www.orchidcis.org"
121,"Aff. No. :1131118
Sch. Code:31103","State : MAHARASHTRA
District : AMRAVATI",Secondary Level,"Name : VINAYAKA GURUKUL
Head/Principal Name: ARTI DILIPRAO NIRMAL","Address : NEW EXPRESS HIGHWAY, NEAR CHHATRI TALAV BAGICHA, AMRAVATI
Website : www.vinayakagurukul.org"
122,"Aff. No. :1131253
Sch. Code:31240","State : MAHARASHTRA
District : AMRAVATI",Secondary Level,"Name : PODAR INTERNATIONAL SCHOOL
Head/Principal Name: NITIN ADHAR KOLI","Address : NIMBHORA, TAL-AMRAVATI
Website : https://www.podareducation.org"
123,"Aff. No. :1140001
Sch. Code:34042","State : MAHARASHTRA
District : AMRAVATI",Senior Secondary Level,"Name : PM SHRI SCHOOL JAWAHAR NAVODAYA VIDYALAYA
Head/Principal Name: R.S.CHANDANSHIV","Address : NAVSARI AMRAVATI MAHARASHTRA
Website : https://www.navodaya.gov.in/nvs/nvs-school/AMRAVAT"
124,"Aff. No. :1131534
Sch. Code:31531","State : MAHARASHTRA
District : AMRAVATI",Secondary Level,"Name : SHANTINIKETAN INTERNATIONAL SCHOOL
Head/Principal Name: POONAM ATUL WANKHADE","Address : NEW GANESH COLONY, GADGADESHWAR TEMPLE AREA,, BHATKULI DP ROAD, SHIKSHAK COLONY,
Website : www.shantiniketan.co"
125,"Aff. No. :1131561
Sch. Code:31558","State : MAHARASHTRA
District : AMRAVATI",Secondary Level,"Name : A. R. PATIL PUBLIC SCHOOL, MORSHI
Head/Principal Name: Vijaya Rajesh Kakade","Address : NEAR BALAJI TEMPLE , PATIL COLONY , YERLA ROAD MORSHI
Website : https://www.arpatil.in/"
126,"Aff. No. :1131529
Sch. Code:31526","State : MAHARASHTRA
District : AMRAVATI",Secondary Level,"Name : BIRLA OPEN MINDS INTERNATIONAL SCHOOL
Head/Principal Name: SUNEETHA SUNILKUMAR KALLA","Address : SURVEY NO 281/1/326,, MOUJE REWSA, , TQ AMRAVATI DIST AMRAVATI,
Website : https://bomisamravati.com"
127,"Aff. No. :1131487
Sch. Code:31476","State : MAHARASHTRA
District : AMRAVATI",Senior Secondary Level,"Name : P.R.POTE PATIL INTERNATIONAL SCHOOL,AMRAVATI
Head/Principal Name: Sonal Mahavir Nistane","Address : SHRI.GAJANAN TOWNSHIP, KATHORA ROAD, AMRAVATI, AMRAVATI MAHARASHTRA
Website : www.prppis.in"
128,"Aff. No. :1131479
Sch. Code:31468","State : MAHARASHTRA
District : AMRAVATI",Secondary Level,"Name : PAWAR SCHOOL OF EXCELLENCE
Head/Principal Name: Mohammad S Ujjainwala","Address : ANJANSINGI ROAD, , NEAR JUNA DHAMANGAON BUS STAND, TAL. DHAMANGAON RAILWAY
Website : https://psoe.in/"
129,"Aff. No. :1131453
Sch. Code:31442","State : MAHARASHTRA
District : CHHATRAPATI SAMBHAJINAGAR",Secondary Level,"Name : SARVODAYA INTERNATIONAL SCHOOL
Head/Principal Name: JOTISH MAJINDRA PRASAD","Address : G.NO.96, SHENDRA MIDC ROAD,WARUD-KAZI, CHH.SAMBHAJINAGAR , MAHARASHTRA 431007, DIST- CHH.SAMBHAJINAGAR
Website : www.sarvodayainternationalschool.org"
130,"Aff. No. :1131380
Sch. Code:31369","State : MAHARASHTRA
District : CHHATRAPATI SAMBHAJINAGAR",Secondary Level,"Name : ANJANA SCHOOL OF EXCELLENCE
Head/Principal Name: Sneha Yuvraj Pawar","Address : GUT NO 6, TALESAMAN , , FATIYABAD ASEGAON RD, ASEGAON, GANGAPUR, CHHATRAPATI SAMBHAJINAGAR
Website : https://www.apase.in/"
131,"Aff. No. :1131405
Sch. Code:31394","State : MAHARASHTRA
District : CHHATRAPATI SAMBHAJINAGAR",Senior Secondary Level,"Name : NARAYANA E-TECHNO SCHOOL
Head/Principal Name: PATAN SYED KHAN","Address : SURVEY NO.42, NEAR KAMALNAYAN BAJAJ HOSPITAL,, SATARA PARISAR
Website : https://www.narayanaschools.in/maharashtra/auranga"
132,"Aff. No. :1131568
Sch. Code:31565","State : MAHARASHTRA
District : CHHATRAPATI SAMBHAJINAGAR",Secondary Level,"Name : DR. DESARDA PUBLIC SCHOOL
Head/Principal Name: GAJANAND KULKARNI","Address : PARASON GROUND, BAIJIPURA, , OPP APEX HOSPITAL, JALNA ROAD , CHH. SAMBHAJINAGAR
Website : https://drdesarda.edu.in/"
133,"Aff. No. :1140010
Sch. Code:34078","State : MAHARASHTRA
District : CHHATRAPATI SAMBHAJINAGAR",Senior Secondary Level,"Name : PM SHRI SCHOOL JAWAHAR NAVODAYA VIDYALAYA
Head/Principal Name: BHOOLAN C. SAROJ Vice Principal and Principal In charge","Address : KANNAD KANNAD TQ , DISTT AURANGABAD, MAHARASHTRA
Website : www.navodaya.gov.in/nvs/nvs-school/Aurangabad/en/home"
134,"Aff. No. :1131620
Sch. Code:31619","State : MAHARASHTRA
District : CHHATRAPATI SAMBHAJINAGAR",Secondary Level,"Name : QUEEN'S SCHOOL SINDON
Head/Principal Name: IRAM KASHMIRA KHAN","Address : GUT O. 35, SATARA PARISAR, SINDON
Website : www.queensschool.in"
135,"Aff. No. :1131622
Sch. Code:31621","State : MAHARASHTRA
District : CHHATRAPATI SAMBHAJINAGAR",Secondary Level,"Name : DIVINE CHILD CONVENT SENIOR SECONDARY SCHOOL
Head/Principal Name: JEENAMOL CHACKO","Address : GUT NO.1026, RANJANGAO KHURI ROAD, , POST.BIDKIN,, TAL.PAITHAN
Website : www.divinechildschoolbidkin.in"
136,"Aff. No. :1131254
Sch. Code:31241","State : MAHARASHTRA
District : CHHATRAPATI SAMBHAJINAGAR",Secondary Level,"Name : S B E S CENTENARY SCHOOL
Head/Principal Name: RAHUL A MOHANPURKAR","Address : OPP CITIBANK NIRALA BAZAR ROAD, AURANGAPURA
Website : www.sbcentenaryschool.com"
137,"Aff. No. :1131256
Sch. Code:31243","State : MAHARASHTRA
District : CHHATRAPATI SAMBHAJINAGAR",Senior Secondary Level,"Name : THE WORLD SCHOOL
Head/Principal Name: Roshni Naladiga","Address : N-6 ,CIDCO , NEAR BAJRANG CHOWK, AURANGABAD
Website : www.theworldschool.online"
138,"Aff. No. :1131240
Sch. Code:31227","State : MAHARASHTRA
District : CHHATRAPATI SAMBHAJINAGAR",Secondary Level,"Name : PYRAMID INTERNATIONAL SCHOOL
Head/Principal Name: KHAN ALMAS BAKHTIYAR KHAN","Address : HARSUL , AURANGABAD
Website : www.pyramidschool.org"
139,"Aff. No. :1131351
Sch. Code:31340","State : MAHARASHTRA
District : CHHATRAPATI SAMBHAJINAGAR",Secondary Level,"Name : BRILLIANT KIDS ENGLISH SCHOOL
Head/Principal Name: Maithili Jitendra Bhale","Address : GANGAPUR JAHANGIR,, TAL - AURANGABAD, DIST- AURANGABAD
Website : http://www.brilliantkidsenglishschool.org"
140,"Aff. No. :1131365
Sch. Code:31354","State : MAHARASHTRA
District : CHHATRAPATI SAMBHAJINAGAR",Senior Secondary Level,"Name : GURUKUL OLYMPIAD SCHOOL
Head/Principal Name: SATISH TAMBAT","Address : GAT 584, BEHIND AIRPORT, OLD BEED ROAD, CHATRAPATI SAMBHAJINAGAR, AURANGABAD
Website : https://www.gurukulschool.net/"
141,"Aff. No. :1131313
Sch. Code:31300","State : MAHARASHTRA
District : CHHATRAPATI SAMBHAJINAGAR",Secondary Level,"Name : THE MGM SCHOOL
Head/Principal Name: RAVI O. BALADKAR","Address : PADEGAON,, AURANGABAD, MAHARASHTRA- 431002
Website : http://www.themgmschool.in"
142,"Aff. No. :1131315
Sch. Code:31302","State : MAHARASHTRA
District : CHHATRAPATI SAMBHAJINAGAR",Secondary Level,"Name : MAEER'S VISHWASHANTI GURUKUL SCHOOL AURANGABAD
Head/Principal Name: ADITYA SHAMSUNDAR JOSHI","Address : CHIKALTHANA, AURANGABAD
Website : https://mitvgschools.edu.in/aurangabad-home/"
143,"Aff. No. :1131329
Sch. Code:31316","State : MAHARASHTRA
District : CHHATRAPATI SAMBHAJINAGAR",Secondary Level,"Name : ROYAL OAKS WORLD SCHOOL
Head/Principal Name: Ruma Biswas","Address : BEED BY PASS,, AURANGABAD
Website : http://royaloaks.in/"
144,"Aff. No. :1131119
Sch. Code:31104","State : MAHARASHTRA
District : CHHATRAPATI SAMBHAJINAGAR",Secondary Level,"Name : SEETAI PRIDE SCHOOL
Head/Principal Name: Mohini Vithhal Edake","Address : SUNDERWADI ZALTA CHOWK JALNA ROAD AURANGABAD
Website : seetaiprideschool@gmail.com"
145,"Aff. No. :1131125
Sch. Code:31113","State : MAHARASHTRA
District : CHHATRAPATI SAMBHAJINAGAR",Secondary Level,"Name : ANGEL KIDS INTERNATIONAL SCHOOL
Head/Principal Name: Tukaram Dadarao Mundhe","Address : SATARA PARISAR AURANGABAD
Website : www.angelkidsschool.com"
146,"Aff. No. :1131081
Sch. Code:31061","State : MAHARASHTRA
District : CHHATRAPATI SAMBHAJINAGAR",Secondary Level,"Name : PODAR INTERNATIONAL SCHOOL, WALUJ
Head/Principal Name: LOUIS RODRIGUES","Address : GUT NO. 78, DHONDRE PATIL PARK, GOLWADI, WALUJ, MAHANAGAR-2, AURANGABAD.
Website : www.podareducation.org/school/waluj"
147,"Aff. No. :1131090
Sch. Code:31075","State : MAHARASHTRA
District : CHHATRAPATI SAMBHAJINAGAR",Secondary Level,"Name : WINCHESTER INTERNATIONAL ENGLISH
Head/Principal Name: AFSAR KHAN","Address : 221/P OPP SARA VAIBHAV, JATWADA ROAD, AURANGABAD 431008
Website : http://www.wiesawb.com/"
148,"Aff. No. :1131092
Sch. Code:31078","State : MAHARASHTRA
District : CHHATRAPATI SAMBHAJINAGAR",Secondary Level,"Name : BHONDAWE PATIL PUBLIC SCHOOL
Head/Principal Name: Sarmishta Dutta","Address : GUT NO. 49 & 52/2, WADGAON KO., BAJAJNAGAR, AURANGABAD.
Website : www.bhondawepatilpublicschool.com"
149,"Aff. No. :1131212
Sch. Code:31199","State : MAHARASHTRA
District : CHHATRAPATI SAMBHAJINAGAR",Senior Secondary Level,"Name : FRANSALIAN SCHOOL OF EXCELLENCE
Head/Principal Name: ANIL GEORGE","Address : SEVEN HILLS, JALNA ROAD
Website : www.fransalianschool.com"
150,"Aff. No. :1131201
Sch. Code:31188","State : MAHARASHTRA
District : CHHATRAPATI SAMBHAJINAGAR",Secondary Level,"Name : V. R. SCHOLARDEN SCHOOL
Head/Principal Name: SUDHA GHODKE","Address : N-9 CIDCO, AURANGABAD
Website : www.vrscholarden.com"
151,"Aff. No. :1131192
Sch. Code:31179","State : MAHARASHTRA
District : CHHATRAPATI SAMBHAJINAGAR",Secondary Level,"Name : HIMALAYA PUBLIC SCHOOL
Head/Principal Name: GAZALA AZAM SHAIKH","Address : BEED BY PASS, AURANGABAD
Website : https://himalayapublicschool.co.in"
152,"Aff. No. :1131195
Sch. Code:31182","State : MAHARASHTRA
District : CHHATRAPATI SAMBHAJINAGAR",Secondary Level,"Name : SANJIVANI ACADEMY
Head/Principal Name: PRAVIN MANIKRAO SHELKE","Address : OLD GHAYAGAON ROAD NAG- MUMBAI HIGHWAY, OLD GHAYAGAON ROAD NAG- MUMBAI HIGHWAY
Website : https://sanjivanischool.org.in/"
153,"Aff. No. :1131187
Sch. Code:31174","State : MAHARASHTRA
District : CHHATRAPATI SAMBHAJINAGAR",Secondary Level,"Name : PODAR INTERNATIONAL SCHOOL SUNDARWADI
Head/Principal Name: VAISHALI JOSHI","Address : SUNDARWADI, JALNA ROAD , AURANGABAD
Website : https://www.podareducation.org/school/aurangabad-s"
154,"Aff. No. :1130945
Sch. Code:30951","State : MAHARASHTRA
District : CHHATRAPATI SAMBHAJINAGAR",Senior Secondary Level,"Name : WOCKHARDT GLOBAL SCHOOL
Head/Principal Name: Abhijit Dive","Address : DR. HABIL KHORAKIWALA EDUCATION AND HEALTH FOUNDATION, E1-NP1, SEZ, FIVE STAR INDUSTRIAL ESTATE, MIDC SHENDRA
Website : www.wockhardtschools.com"
155,"Aff. No. :1130912
Sch. Code:30966","State : MAHARASHTRA
District : CHHATRAPATI SAMBHAJINAGAR",Senior Secondary Level,"Name : AB INTERNATIONAL PRIMARY, SECONDARY,AND HIGHER SECONDARY ENGLISH SCHOOL
Head/Principal Name: Mini Antony Marotickal","Address : GUT NO. 107, SAWANHI-CHIKALTANA BYPASS, (NEAR PISADEVI), POKHARI, AURANGABAD
Website : www.abinternationalschools.in"
156,"Aff. No. :1130963
Sch. Code:30924","State : MAHARASHTRA
District : CHHATRAPATI SAMBHAJINAGAR",Secondary Level,"Name : SAINT MONICA INTERNATIONAL SCHOOL
Head/Principal Name: AMOL VISHWANATH DHAMNE","Address : STATION ROAD, VAIJAPUR, DIST AURANGABAD
Website : www.saintmonicainternationalschool.com"
157,"Aff. No. :1130993
Sch. Code:30973","State : MAHARASHTRA
District : CHHATRAPATI SAMBHAJINAGAR",Secondary Level,"Name : SAHYADRI SCHOOL
Head/Principal Name: Nilesh P Mhaske","Address : GUT NO 26, PATODA, TAL. & DIST. AURANGABAD
Website : sahyadrischools.com"
158,"Aff. No. :1130985
Sch. Code:30931","State : MAHARASHTRA
District : CHHATRAPATI SAMBHAJINAGAR",Secondary Level,"Name : GAUTALA VALLEY SCHOOL KANNAD
Head/Principal Name: RAJKUMAR PADAMNATH KSHIRSAGAR","Address : SHIVAJI COLLEGE CAMPUS KANNAD, DIST. AURANGABAD.
Website : www.gautalavalleyschool.com"
159,"Aff. No. :1131000
Sch. Code:31106","State : MAHARASHTRA
District : CHHATRAPATI SAMBHAJINAGAR",Secondary Level,"Name : CHAITANYA VALLEY INTERNATIONAL SCHOOL
Head/Principal Name: SHENBAGADEVI.J","Address : CHAITANYA VALLEY INTERNATIONAL SCHOOL,GUT NO.224,PIMPARY ROAD-KARMAD,AURANGABAD
Website : www.chaitanyavalley.com"
160,"Aff. No. :1131009
Sch. Code:30972","State : MAHARASHTRA
District : CHHATRAPATI SAMBHAJINAGAR",Senior Secondary Level,"Name : AGRAGANYA PUBLIC SCHOOL
Head/Principal Name: CHANDRAKALA SHARMA","Address : RAJA SHIVAJI ENGLISH SCHOOL, BAJAJNAGAR, M.I.D.C., AURANGABAD.
Website : www.apscbse.com"
161,"Aff. No. :1131053
Sch. Code:31030","State : MAHARASHTRA
District : CHHATRAPATI SAMBHAJINAGAR",Senior Secondary Level,"Name : HAP INTERNATIONAL SCHOOL
Head/Principal Name: Annapurna Dilip Hulamajage","Address : GUT NO.508, CHIKALTHANA, AURANGABAD-431001, MAHARASHTRA.
Website : www.hapinternationalschool.org"
162,"Aff. No. :1131028
Sch. Code:31002","State : MAHARASHTRA
District : CHHATRAPATI SAMBHAJINAGAR",Secondary Level,"Name : KRISHNA INTERNATIONAL SCHOOL, KANNAD
Head/Principal Name: SAVITA DEVIDAS DESHMUKH","Address : 74,KRUSHNAKUNJ, SUVARNA PALESHOWER COLONY, PISHORROAD
Website : krishnainternationschoolkannad.com"
163,"Aff. No. :1130786
Sch. Code:30734","State : MAHARASHTRA
District : CHHATRAPATI SAMBHAJINAGAR",Secondary Level,"Name : SWAMI VIVEKANAND PUBLIC SCHOOL
Head/Principal Name: Vassuda Sunjjoy Paatil","Address : GUT NO. 24, BHANSIMATA ROAD, SHARNAPUR, AURANGABAD
Website : https://swamivivekians.in/"
164,"Aff. No. :1130837
Sch. Code:30792","State : MAHARASHTRA
District : CHHATRAPATI SAMBHAJINAGAR",Senior Secondary Level,"Name : UJWALATAI PAWAR PRIMARY, SECONDARY AND HIGHER SECONDARY ENGLISH SCHOOL
Head/Principal Name: SHRADDHA SINGH SHEKHAWAT","Address : AT POST NIPANI, TQ & DIST. AURANGABAD
Website : www.upscbse.in"
165,"Aff. No. :1130819
Sch. Code:30749","State : MAHARASHTRA
District : CHHATRAPATI SAMBHAJINAGAR",Secondary Level,"Name : GURUKUL OLYMPIAD SCHOOL
Head/Principal Name: GANESH AMBADAS SALUNKE","Address : SHAHANOORWADI, BEED BY-PASS ROAD, AURANGABAD
Website : www.gurukulschool.net"
166,"Aff. No. :1130872
Sch. Code:30795","State : MAHARASHTRA
District : CHHATRAPATI SAMBHAJINAGAR",Secondary Level,"Name : ERA INTERNATIONAL SCHOOL
Head/Principal Name: Satish S Gore","Address : BHALGAON , TQ. AURANGABAD, DIST. AURANGABAD.
Website : www.eraschool.in"
167,"Aff. No. :1130738
Sch. Code:30664","State : MAHARASHTRA
District : CHHATRAPATI SAMBHAJINAGAR",Senior Secondary Level,"Name : PEARLS ACADEMY
Head/Principal Name: ROSEMIN BELIM","Address : PEARLS ACADEMY, HARSUL SAWANGI GUT NO:81/82
Website : www.pearlsacademy.co.in"
168,"Aff. No. :1130739
Sch. Code:30666","State : MAHARASHTRA
District : CHHATRAPATI SAMBHAJINAGAR",Secondary Level,"Name : TANWANI ENGLISH SCHOOL
Head/Principal Name: PRASHANT PRALHAD ADHAGALE","Address : 431136
Website : www.tanwanischool.com"
169,"Aff. No. :1130750
Sch. Code:30657","State : MAHARASHTRA
District : CHHATRAPATI SAMBHAJINAGAR",Secondary Level,"Name : UNIVERSAL HIGH SCHOOL
Head/Principal Name: SEEMA A GUPTA","Address : PLOT NO. T-1/1, MIDC CHIKALTHANA, NEAR GARWARE STADIUM, AURANGABAD
Website : https://chhatrapatisambhajinagar.universalhigh.edu.in/"
170,"Aff. No. :1130751
Sch. Code:30658","State : MAHARASHTRA
District : CHHATRAPATI SAMBHAJINAGAR",Secondary Level,"Name : AJANTA LEARNING HUB ENGLISH MEDIUM SCHOOL
Head/Principal Name: VIDYA SANDU GAWALI","Address : GUT NO 152, AT/POST-AJANTA, TAL.-SILLOD, DIST.-AURANGABAD
Website :"
171,"Aff. No. :1130748
Sch. Code:30648","State : MAHARASHTRA
District : CHHATRAPATI SAMBHAJINAGAR",Senior Secondary Level,"Name : JITO DELHI PUBLIC SCHOOL
Head/Principal Name: SAVITRI DAKARE","Address : BHANGSI MATA ROAD SHARNAPUR
Website : www.dpsaurangabad.org"
172,"Aff. No. :1130765
Sch. Code:30675","State : MAHARASHTRA
District : CHHATRAPATI SAMBHAJINAGAR",Secondary Level,"Name : SHAMIT SCHOOL
Head/Principal Name: KIRAN HRIBHAU CHAVAN","Address : SHAMIT OCTOZONE, NAKSHATRAWADI, AURANGABAD
Website : https://shamitschool.in"
173,"Aff. No. :1130729
Sch. Code:30665","State : MAHARASHTRA
District : CHHATRAPATI SAMBHAJINAGAR",Senior Secondary Level,"Name : DEFENCE CAREER ACADEMY SAINIK SCHOOL
Head/Principal Name: SHRIKANT RATILAL WARUDE","Address : SHAHAPUR BANJAR, TAL. GANGAPUR DISTT AURANGABAD, MAHARASHTRA- 431002
Website : www.dcass.org"
174,"Aff. No. :1130668
Sch. Code:30611","State : MAHARASHTRA
District : CHHATRAPATI SAMBHAJINAGAR",Secondary Level,"Name : GREENFIELD INTERNATIONAL
Head/Principal Name: Sharmistha Arya","Address : SHARANAPUR GUT NO 72/1 BEHIND ESSAR PETROL PUMP
Website : www.mygreenfieldschool.com"
175,"Aff. No. :1130664
Sch. Code:30558","State : MAHARASHTRA
District : CHHATRAPATI SAMBHAJINAGAR",Secondary Level,"Name : DEOGIRI GLOBAL ACADEMY
Head/Principal Name: Dattatraya S Chavan","Address : BHAGIRATH NAGAR ,PADAMPURA, RAILWAY STATION ROAD AURANGABAD
Website : www.dga.edu.in"
176,"Aff. No. :1130639
Sch. Code:30691","State : MAHARASHTRA
District : CHHATRAPATI SAMBHAJINAGAR",Senior Secondary Level,"Name : WOODRIDGE HIGH
Head/Principal Name: SRIHARI BABU SUDHANAGUNTA","Address : GUT NO 12, ANAND VILAR COLONY, OPPOSITE TO DHOOT BUNGALOW, KANCHANWADI, PAITHAN ROAD
Website : https://woodridgehigh.com/"
177,"Aff. No. :1130646
Sch. Code:30621","State : MAHARASHTRA
District : CHHATRAPATI SAMBHAJINAGAR",Secondary Level,"Name : NEW BEGINNING INTERNATIONAL SCHOOL
Head/Principal Name: BABAN TUPLONDHE","Address : GUT NO 231/1,SHAVANGI SHIVAR, NAIGAON,AURANGABAD
Website : www.nbis.edu.in"
178,"Aff. No. :1130631
Sch. Code:30576","State : MAHARASHTRA
District : CHHATRAPATI SAMBHAJINAGAR",Secondary Level,"Name : ORCHID TECHNO SCHOOL
Head/Principal Name: Shaikh Anjum Bano","Address : 14/140 CIDCO, WALUJ MAHANAGAR, WALUJ
Website : http://www.orchidschool.co.in"
179,"Aff. No. :1130579
Sch. Code:30497","State : MAHARASHTRA
District : CHHATRAPATI SAMBHAJINAGAR",Secondary Level,"Name : EVEREST SECONDARY SCHOOL
Head/Principal Name: ABIDI SYEDA TILATH","Address : OHAR, JATWADA ROAD AURANGABAD
Website : www.everestgroupofschools.org"
180,"Aff. No. :1130624
Sch. Code:30543","State : MAHARASHTRA
District : CHHATRAPATI SAMBHAJINAGAR",Secondary Level,"Name : MODERN INTERNATIONAL SCHOOL, GANGAPUR
Head/Principal Name: SATISH PRALHAD JAMNIK","Address : MANJARI PHATA, VAIJAPUR ROAD,GANGAPUR
Website : www.misgangapur.org"
181,"Aff. No. :1130496
Sch. Code:30445","State : MAHARASHTRA
District : CHHATRAPATI SAMBHAJINAGAR",Secondary Level,"Name : AROHAN ACADEMY ENGLISH SCHOOL
Head/Principal Name: BAHAR BASHIR KHAN","Address : VAIJAPUR GRAMIN-1, TQ VAIJAPUR
Website : www.arohanacademy.com"
182,"Aff. No. :1130524
Sch. Code:30461","State : MAHARASHTRA
District : CHHATRAPATI SAMBHAJINAGAR",Senior Secondary Level,"Name : MAHARASHTRA PUBLIC SCHOOL
Head/Principal Name: Pravin Ashokrao Bhale","Address : DAULATABAT, T POINT, NASIK ROAD
Website : https://mps-india.org/"
183,"Aff. No. :1130532
Sch. Code:30464","State : MAHARASHTRA
District : CHHATRAPATI SAMBHAJINAGAR",Secondary Level,"Name : GAIKWAD GLOBAL SCHOOL
Head/Principal Name: DR SULEKHA SATISH DHAGE","Address : GUT NO. 131, VILLAGE NIPANI, AURANGABAD
Website : www.gaikwadglobalschool.in"
184,"Aff. No. :1130369
Sch. Code:30294","State : MAHARASHTRA
District : CHHATRAPATI SAMBHAJINAGAR",Senior Secondary Level,"Name : THE JAIN INTERNATIONAL SCHOOL
Head/Principal Name: SHIKHA SRIVASTAVA","Address : JABINDA TOWN, SURVEY NO: 29 & 30/2, SAHANUR WADI RAILWAY CROSSING, NEAR BEED BY PASS
Website : www.jgischools.in"
185,"Aff. No. :1130422
Sch. Code:30450","State : MAHARASHTRA
District : CHHATRAPATI SAMBHAJINAGAR",Senior Secondary Level,"Name : ACE ACADEMY
Head/Principal Name: GANESH ROHIDAS TARATE","Address : C-7/8, OPPO. BOMBAY FORGING, CHIKALTHANA MIDC
Website : www.aceacademy.org.in"
186,"Aff. No. :1130437
Sch. Code:30360","State : MAHARASHTRA
District : CHHATRAPATI SAMBHAJINAGAR",Secondary Level,"Name : SCHOLARS VALLEY SCHOOL
Head/Principal Name: Rupali Santosh Pawar","Address : AT & POST DEVLAI, SATARA PARISAR, DIST. AURANGABAD
Website : www.scholarsvalleyschool.edu.in"
187,"Aff. No. :1130438
Sch. Code:30470","State : MAHARASHTRA
District : CHHATRAPATI SAMBHAJINAGAR",Secondary Level,"Name : DNYANADA ENGLISH SCHOOL
Head/Principal Name: MAMTA RAMANLAL JAISWAL","Address : GUT NO. 76, POKHARI, AURANGBAAD
Website : www.dnyanada.net"
188,"Aff. No. :1130240
Sch. Code:30168","State : MAHARASHTRA
District : CHHATRAPATI SAMBHAJINAGAR",Senior Secondary Level,"Name : JAIN INTERNATIONAL SCHOOL
Head/Principal Name: K PRASANTHA KUMAR","Address : VILLAGE MALIWADA, BOMBAY NASIK ROAD, AURANGABAD.
Website : www.jisa.ac.in"
189,"Aff. No. :1130201
Sch. Code:30163","State : MAHARASHTRA
District : CHHATRAPATI SAMBHAJINAGAR",Senior Secondary Level,"Name : LITTLE WONDERS ENGLISH SCHOOL
Head/Principal Name: RAHUL RAMCHANDRA MORE","Address : SR NO: 373, JALGAON ROAD, SILLOD, DISTRICT: AURANGABAD-431112
Website : www.littlewonderss.in"
190,"Aff. No. :1130202
Sch. Code:30177","State : MAHARASHTRA
District : CHHATRAPATI SAMBHAJINAGAR",Senior Secondary Level,"Name : CHATE SCHOOL
Head/Principal Name: SANTOSH TUKARAM MHASKE","Address : GUT NO 98 SATARA PARISAR AURANGABAD
Website : www.chateschool.org"
191,"Aff. No. :1130339
Sch. Code:30298","State : MAHARASHTRA
District : CHHATRAPATI SAMBHAJINAGAR",Secondary Level,"Name : MAHATMA GANDHI MISSION'S CLOVER DALE SCHOOL
Head/Principal Name: Ritesh Mehta","Address : N-6 CIDCO, AURANGABAD
Website : www.cloverdaleschool.com"
192,"Aff. No. :1130316
Sch. Code:30425","State : MAHARASHTRA
District : CHHATRAPATI SAMBHAJINAGAR",Secondary Level,"Name : SRI CHAITANYA TECHNO SCHOOL
Head/Principal Name: SHAILA SANTOSH KULKARNI","Address : GUT NO.71, SATARA PARISAR, NEAR MIT COLLEGE,BEED BYPASS ROAD ,AURANGABAD
Website : www.agppublicschool.net"
193,"Aff. No. :1130318
Sch. Code:30249","State : MAHARASHTRA
District : CHHATRAPATI SAMBHAJINAGAR",Senior Secondary Level,"Name : PODAR INTERNATIONAL SCHOOL
Head/Principal Name: RAVINDER RANA","Address : JABINDA PARK OPP. CHANAKYAPURI, AURANGABAD,
Website : http://www.podareducation.org/school/aurangabad"
194,"Aff. No. :1130294
Sch. Code:30228","State : MAHARASHTRA
District : CHHATRAPATI SAMBHAJINAGAR",Secondary Level,"Name : AGRASEN VIDYA MANDIR
Head/Principal Name: SANTOSH KUMAR KARWA","Address : ITKHEDA, PAITHAN ROAD
Website : www.agrasenvidyamandir.ac.in"
195,"Aff. No. :1130030
Sch. Code:30013","State : MAHARASHTRA
District : CHHATRAPATI SAMBHAJINAGAR",Senior Secondary Level,"Name : NATH VALLEY SCHOOL
Head/Principal Name: SWARUP DUTTA","Address : SATARA VILLAGE P.B.NO.567 CANTONMENT PO AURANGABAD MAHARASHTRA
Website : http://www.nathvalleyscho"
196,"Aff. No. :1100026
Sch. Code:34003","State : MAHARASHTRA
District : CHHATRAPATI SAMBHAJINAGAR",Senior Secondary Level,"Name : PM SHRI KENDRIYA VIDYALAYA
Head/Principal Name: ANIL YADAV","Address : NEAR NAGAR NAKA AURANGABAD CANTONMENT MAHARASHTRA
Website : http://kvsecljamuna.com"
197,"Aff. No. :1130189
Sch. Code:30178","State : MAHARASHTRA
District : CHHATRAPATI SAMBHAJINAGAR",Senior Secondary Level,"Name : PADAMSHRI SHANKAR BAPU APEGAONKAR ENGLISH SCHOOL
Head/Principal Name: Archana Santosh Ijardar","Address : GATE NO. 46, HIRAPUR, SHIVAR, AURANGABAD, MAHARASHTRA
Website : www.psbaschool.com"
198,"Aff. No. :1130130
Sch. Code:30083","State : MAHARASHTRA
District : CHHATRAPATI SAMBHAJINAGAR",Senior Secondary Level,"Name : RIVERDALE HIGH SCHOOL
Head/Principal Name: AGNEL SYLVESTER DCUNHA","Address : GUT NO 345/P SATARA AREA BEHIND BAJAJ HOSPITAL AURANGABAD MAHARASHTRA
Website : www.riverdale.ac.in"
199,"Aff. No. :1130126
Sch. Code:30114","State : MAHARASHTRA
District : CHHATRAPATI SAMBHAJINAGAR",Senior Secondary Level,"Name : TCH ORCHIDS THE INTERNATIONAL SCHOOL
Head/Principal Name: PHILOMENA NIRMAL","Address : Gat No. 35, Opposite to HP Petrol Pump, Adgaon Budruk
Website : https://orchidsinternationalschooladgaon.com/"
200,"Aff. No. :1130141
Sch. Code:30101","State : MAHARASHTRA
District : CHHATRAPATI SAMBHAJINAGAR",Secondary Level,"Name : GA SHASH ENGLISH PRIMARY SCHOOL
Head/Principal Name: Manoj Suryawanshi","Address : PIMPRI PHATA, JALNA ROAD, SILLOD DISTT. AURANGABAD
Website :"
201,"Aff. No. :1130082
Sch. Code:30054","State : MAHARASHTRA
District : CHHATRAPATI SAMBHAJINAGAR",Senior Secondary Level,"Name : OYSTER ENGLISH HIGH SCHOOL
Head/Principal Name: Manpreet Singh Johar","Address : GUT NO 15 FATEHPUR JALNA ROAD AURANGABAD MAHARASHTRA
Website : www.oyster.ac.in"
202,"Aff. No. :1130089
Sch. Code:30071","State : MAHARASHTRA
District : CHHATRAPATI SAMBHAJINAGAR",Senior Secondary Level,"Name : DR.Y.S.KHEDKAR - SRI CHAITANYA TECHNO SCHOOL
Head/Principal Name: Deepa Balasunder","Address : N-6 CIDCO AURANGABAD MAHARASHTRA
Website : www.dryskschool.org"
203,"Aff. No. :1130106
Sch. Code:30086","State : MAHARASHTRA
District : CHHATRAPATI SAMBHAJINAGAR",Senior Secondary Level,"Name : STEPPING STONES HIGH SCHOOL
Head/Principal Name: SANDEEP MALU","Address : GUT NO 48 HARSUL SAWANGI JALGAON ROAD, DISTT AURANGABAD, MAHARASHTRA
Website : www.steppingstoneshighschool.org"
204,"Aff. No. :1130056
Sch. Code:30032","State : MAHARASHTRA
District : CHHATRAPATI SAMBHAJINAGAR",Senior Secondary Level,"Name : AL-IRFAN SCHOOL
Head/Principal Name: Mohammad Khalid","Address : SULI BHANJAN TQ KHULDABAD DISTRICT AURANGABAD MAHARASHTRA
Website : www.alirfanschool.com"
205,"Aff. No. :1130210
Sch. Code:30176","State : MAHARASHTRA
District : BEED",Senior Secondary Level,"Name : NEW VISION PUBLIC SCHOOL
Head/Principal Name: PANDURANG KADU PATIL","Address : NEW VISION PUBLIC SCHOOL, RING ROAD, AMBAJOGAI
Website : www.nvpsa.edu.in"
206,"Aff. No. :1130211
Sch. Code:30179","State : MAHARASHTRA
District : BEED",Senior Secondary Level,"Name : GURUKUL ENGLISH SCHOOL
Head/Principal Name: Shital Shashikant Sarwdnya","Address : GURUKUL ENGLISH SCHOOL,GURUKUL NAGAR,BEHIND INDIA BANK COLONY,JALNA ROAD,BEED.
Website : www.gurukulenglishschoolbeed.com"
207,"Aff. No. :1130528
Sch. Code:30457","State : MAHARASHTRA
District : BEED",Secondary Level,"Name : BHEL SECONDARY SCHOOL
Head/Principal Name: Girish Singh Thakur","Address : TPS COLONY PARLI BEED
Website : www.bssparali.com"
208,"Aff. No. :1130503
Sch. Code:30433","State : MAHARASHTRA
District : BEED",Senior Secondary Level,"Name : SINDPHANA PUBLIC SCHOOL, MAJALGAON
Head/Principal Name: ANWAR KHAJAMIYA SHAIKH","Address : AP- PHULE PIMPALGAON, TAL-MAJALGAON, DIST-BEED.
Website : www.sindphanapublicschool.com"
209,"Aff. No. :1130521
Sch. Code:30454","State : MAHARASHTRA
District : BEED",Secondary Level,"Name : SHARDA ENGLISH SCHOOL, KAIJ
Head/Principal Name: Mishra Sonal Mahendra","Address : BEED PARALI STATE HIGHWAY, KAIJ TQ. KAIJ DIST. BEED.
Website : www.shardaenglishschoolkaij.co.in"
210,"Aff. No. :1130619
Sch. Code:30605","State : MAHARASHTRA
District : BEED",Secondary Level,"Name : PODAR INTERNATIONAL SCHOOL
Head/Principal Name: Ganesh Vijay Kakade","Address : BEHIND NAVGAN PLAZA, NAVGAN NAGARI, JALNA ROAD, BEED
Website : http://podareducation.org/school/beed"
211,"Aff. No. :1130657
Sch. Code:30697","State : MAHARASHTRA
District : BEED",Senior Secondary Level,"Name : SYNERGY NATIONAL SCHOOL
Head/Principal Name: BHAVIKA SHAH","Address : SYNERGY NATIONAL SCHOOL, REDDY EDUCATIONAL PARK,AMBEJOGAI-LATUR ROAD,WAGHALA AMBEJOGAI
Website : http://synergynationalschool.com/"
212,"Aff. No. :1130705
Sch. Code:30628","State : MAHARASHTRA
District : BEED",Secondary Level,"Name : MAHAVIR ENGLISH SCHOOL
Head/Principal Name: Abhilash K K","Address : ASHTI
Website : www.mahavirenglishschool.in"
213,"Aff. No. :1130731
Sch. Code:31053","State : MAHARASHTRA
District : BEED",Secondary Level,"Name : YASH INTERNATIONAL SCHOOL AND JUNIOR COLLEGE
Head/Principal Name: SOMNATH LATPATE","Address : POST DINDRUD (SANGAM)
Website : http://www.yisdindrud.com/"
214,"Aff. No. :1130890
Sch. Code:30855","State : MAHARASHTRA
District : BEED",Secondary Level,"Name : EAGLEWOOD ENGLISH SCHOOL
Head/Principal Name: Satyajit Kamajirao Kanjalkar","Address : AT PHULEPIMPALGAON, POST - KESAPURI, TAL- MAJALGAON, DIST- BEED
Website : http://www.eaglewoodenglishschool.co.in"
215,"Aff. No. :1130829
Sch. Code:30754","State : MAHARASHTRA
District : BEED",Secondary Level,"Name : DNYANESHWAR PUBLIC SCHOOL
Head/Principal Name: DESHMUKH BHALCHANDARA LAXMANRAO","Address : NEAR SOMESHWAR TEMPLE BARSHI ROAD BEED
Website : www.dpsbeed.com"
216,"Aff. No. :1130863
Sch. Code:30784","State : MAHARASHTRA
District : BEED",Senior Secondary Level,"Name : DELHI PUBLIC WORLD SCHOOL
Head/Principal Name: Mr. SHRIKANT VASANT PATIL","Address : TALEGOAN, PARLI-BEED HIGHWAY, TQ. PARLI VAIJNATH, DIST. BEED
Website : http://www.dwpsparliv.com/"
217,"Aff. No. :1130864
Sch. Code:30813","State : MAHARASHTRA
District : BEED",Secondary Level,"Name : SHRI PIMPALESHWAR MAHADEV DEVASTHANS ANISHA GLOBAL SCHOOL
Head/Principal Name: Avinash Raut","Address : S NO.472 AND 473, JAMGAON ROAD
Website : https://anishaglobalashti.in/"
218,"Aff. No. :1130808
Sch. Code:30736","State : MAHARASHTRA
District : BEED",Secondary Level,"Name : RAJASTHANIS PODAR LEARN SCHOOL
Head/Principal Name: Mangesh Kashid","Address : MAHESH NAGAR, GANGAKHED ROAD, PARLI-VAIJNATH
Website : www.rplsparli.in"
219,"Aff. No. :1130991
Sch. Code:30948","State : MAHARASHTRA
District : BEED",Senior Secondary Level,"Name : MAEER MIT PUNES SHREE SARASWATI PUBLIC SCHOOL
Head/Principal Name: Sagar Raut","Address : M.I.T. CAMPUS,NAGZARI AREA, SHEPWADI
Website : www.mitssps.com"
220,"Aff. No. :1131209
Sch. Code:31196","State : MAHARASHTRA
District : BEED",Secondary Level,"Name : SHIV SHARDA PUBLIC SCHOOL
Head/Principal Name: Vishal Ji Dubey","Address : MAHARSHTRA, MAHARSHTRA
Website : https://shivshardapublicschool.com"
221,"Aff. No. :1131064
Sch. Code:31041","State : MAHARASHTRA
District : BEED",Secondary Level,"Name : CHHATRAPATI SAMBHAJI RAJE GLOBAL SCHOOL & JR. COLLEGE JOGAIWADI, AMBAJOGAI
Head/Principal Name: Gangane Shashikala Nagorao","Address : MAULI NAGAR, POKHARI ROAD,JOGAIWADI
Website : www.csrgs.org"
222,"Aff. No. :1131068
Sch. Code:31045","State : MAHARASHTRA
District : BEED",Secondary Level,"Name : INDO-BRITISH GLOBAL SCHOOL
Head/Principal Name: Arvind Anil Zambare","Address : VIDYA VALLY GLOBAL SCHOOL,POST-JOGIEWADI,TALUKA AMBAJOGAI,DIST.BEED
Website : http://indo-british.com"
223,"Aff. No. :1131069
Sch. Code:31046","State : MAHARASHTRA
District : BEED",Senior Secondary Level,"Name : RK PUBLIC SCHOOL AND JR.COLLAGE
Head/Principal Name: Chalak Ganesh Asaram","Address : AT TAKADGAON ROAD GEORAI TQ GEORAI DIST BEED
Website : www.rkpstakadgaon.org"
224,"Aff. No. :1131123
Sch. Code:31110","State : MAHARASHTRA
District : BEED",Secondary Level,"Name : PODAR INTERNATIONAL SCHOOL
Head/Principal Name: Kirtikumar Deshmukh","Address : SHRI VINAYAK NAGAR OPPOSITE SADHANA MANGAL KARYAALAYA LATUR ROAD
Website : https://www.podareducation.org/school/ambejogai"
225,"Aff. No. :1131100
Sch. Code:31072","State : MAHARASHTRA
District : BEED",Secondary Level,"Name : TWINKLING STAR SCHOOL
Head/Principal Name: KRISHNA KUMAR C S","Address : SARASWATI VIHAR, BEHIND UTTAMNAGAR, CANAL ROAD, BEED
Website : www.twinklingstarschool.in"
226,"Aff. No. :1131304
Sch. Code:31291","State : MAHARASHTRA
District : BEED",Secondary Level,"Name : GURUKUL PUBLIC SCHOOL
Head/Principal Name: Rutuja Vishwas Gadiwan","Address : AT BEED BYPASS, JALNA ROAD, BEED
Website : www.gurukulpublicschoolbeed.com"
227,"Aff. No. :1131231
Sch. Code:31218","State : MAHARASHTRA
District : BEED",Secondary Level,"Name : THE CAMBRIDGE VALLEY INTERNATIONAL SCHOOL
Head/Principal Name: Pramod Prabhuappa Gourshete","Address : BEHIND INDANI COMPLEX, AURANGABAD HIGHWAY
Website : www.cambridgegeorai.com"
228,"Aff. No. :1131595
Sch. Code:31592","State : MAHARASHTRA
District : BEED",Secondary Level,"Name : CHANDRABHAGA PODAR LEARN SCHOOL, DINDRUD
Head/Principal Name: Nilesh Papalal Nindane","Address : GUT.NO.299 BELURA ROAD DINDRUD, TQ.MAJALGAON, DIST.BEED
Website : https://chandrabhagapodar.com"
229,"Aff. No. :1140014
Sch. Code:34067","State : MAHARASHTRA
District : BEED",Senior Secondary Level,"Name : PM SHRI SCHOOL JAWAHAR NAVODAYA VIDYALAYA
Head/Principal Name: VIJAYKUMAR SHIVAJIRAO BHOS","Address : RAJANI POST AT GADHI TAL - GEORAI BEED DISTT MAHARASHTRA
Website : https://www.navodaya.gov.in/nvs/nvs-school/Beed/en"
230,"Aff. No. :1131577
Sch. Code:31574","State : MAHARASHTRA
District : BEED",Secondary Level,"Name : FOUNDATION SCHOOL
Head/Principal Name: RITU RAVIKUMAR TOTLA","Address : TOTLA GROUND, NATH ROAD, PARLI
Website : www.foundationschool.org.in"
231,"Aff. No. :1131436
Sch. Code:31425","State : MAHARASHTRA
District : BEED",Senior Secondary Level,"Name : NARAYANA E-TECHNO SCHOOL
Head/Principal Name: PRANJALI GOPALRAO BAND","Address : SURVEY NO.98, TARAF GIRAM, TAL.BEED
Website : https://www.narayanaschools.in/maharashtra/beed"
232,"Aff. No. :1131466
Sch. Code:31455","State : MAHARASHTRA
District : BEED",Secondary Level,"Name : BHARTI BANGAR INTERNATIONAL SCHOOL
Head/Principal Name: PRAMODKUMAR RAMRAO BHUKTAR","Address : SURVEY NO 542, MATEGAON ROAD, GEORAI
Website : www.bhartibangarschool.com"
233,"Aff. No. :1131486
Sch. Code:31475","State : MAHARASHTRA
District : BEED",Secondary Level,"Name : VIKRAMRAO MUNDE PODAR LEARN SCHOOL
Head/Principal Name: JAIS JOSEPH","Address : SALEGAON, TQ. KAIJ, DIST. BEED
Website : https://www.vmpls.in/index.html"
234,"Aff. No. :1131449
Sch. Code:31438","State : MAHARASHTRA
District : BHANDARA",Secondary Level,"Name : LOTUS INTERNATIONAL PUBLIC SCHOOL
Head/Principal Name: Mrs. Swati Gavin","Address : DONGARGAON, DONGARGAON, MOHADI
Website : https://lotusintlpublicschoolmohadi.com/"
235,"Aff. No. :1131261
Sch. Code:31248","State : MAHARASHTRA
District : BHANDARA",Secondary Level,"Name : THE LORD'S PUBLIC SCHOOL,BHANDARA
Head/Principal Name: SUNANDA GOPAL SATHE","Address : BHANDARA , BHANDARA
Website : www.lpseducation.com"
236,"Aff. No. :1131301
Sch. Code:31288","State : MAHARASHTRA
District : BHANDARA",Senior Secondary Level,"Name : THE ROYAL GONDWANA PUBLIC SCHOOL BHANDARA
Head/Principal Name: ANKUSH ANANTRAO MULEY","Address : GURUNANAK WARD, BHANDARA
Website : https://dreamdalepublicschool.com/"
237,"Aff. No. :1131174
Sch. Code:31159","State : MAHARASHTRA
District : BHANDARA",Secondary Level,"Name : ACADEMIC HEIGHTS PUBLIC SCHOOL
Head/Principal Name: Sanchita Brahmachari","Address : SAKOLI JAMNAPUR PANDAN ROAD, OPP. ASHIRWAD LAWN , AT SAKOLI
Website : https://sakoli.academicheights.in"
238,"Aff. No. :1140034
Sch. Code:30960","State : MAHARASHTRA
District : BHANDARA",Senior Secondary Level,"Name : JAWAHAR NAVODAYA VIDYALAYA PANCHGAON BHANDARA
Head/Principal Name: SUNIL S. PATODE","Address : JAWAHAR NAVODAYA VIDYALAYA PANCHGAON POST NERI TAHSIL MOHADI DISTRICT BHANDARA MAHARASHTRA PIN 441905
Website : www.jnvbhandara.org"
239,"Aff. No. :1130996
Sch. Code:31082","State : MAHARASHTRA
District : BHANDARA",Senior Secondary Level,"Name : MDN FUTURE SCHOOL
Head/Principal Name: RAJESH DASHARATH NINAWE","Address : TAL. LAKHANI, DIST. - BHANDARA, STATE-MAHARASHTRA
Website : https://mdnfutureschoollakhani.com/"
240,"Aff. No. :1130792
Sch. Code:30722","State : MAHARASHTRA
District : BHANDARA",Senior Secondary Level,"Name : SKYWARDS INTERNATIONAL SCHOOL
Head/Principal Name: Mrunalinee Anil Mate","Address : AT- PO : PIMPALGAON/S SAMEWADA ROAD
Website : http://skywardsinternationalschool.in"
241,"Aff. No. :1130654
Sch. Code:30581","State : MAHARASHTRA
District : BHANDARA",Senior Secondary Level,"Name : DAV MOIL PUBLIC SCHOOL
Head/Principal Name: MANASWINI TAWDE","Address : CHIKLA MINES OFFICERS TOWNSHIP, AT SITASAONGI VILLAGE
Website : www.davmoilpublicschool.com"
242,"Aff. No. :1130641
Sch. Code:30550","State : MAHARASHTRA
District : BHANDARA",Secondary Level,"Name : NAVJEEVAN CONVENT & ENGLISH PRIMARY SCHOOL
Head/Principal Name: Bharti Sanjay Vyas","Address : NEAR POWER HOUSE,NAGZIRA ROAD,JAMNAPUR/SAKOLI 441802
Website : www.navjeevanschool.edu.in"
243,"Aff. No. :1130697
Sch. Code:30614","State : MAHARASHTRA
District : BHANDARA",Secondary Level,"Name : MANOSUMAN PUBLIC SCHOOL
Head/Principal Name: ABHIJIT DEORAO SANEKAR","Address : KORAMBHI ROAD PAUNI
Website : www.manosuman.in"
244,"Aff. No. :1130627
Sch. Code:30699","State : MAHARASHTRA
District : BHANDARA",Secondary Level,"Name : GONDIA PUBLIC SCHOOL, LAKHANDUR- PIN CODE- 441803, DIST. BHANDARA (M.S)
Head/Principal Name: JOSE P THOMAS","Address : T-POINT ROAD, LAKHANDUR
Website :"
245,"Aff. No. :1130584
Sch. Code:30512","State : MAHARASHTRA
District : BHANDARA",Secondary Level,"Name : PODAR INTERNATIONAL SCHOOL
Head/Principal Name: Mukund B Ingle","Address : 17, SURVEY NO.16/14, NERA OLD RTO OFFICE KARDHA, BHANDARA
Website : http://www.podareducation.org/school/bhandara"
246,"Aff. No. :1130570
Sch. Code:30498","State : MAHARASHTRA
District : BHANDARA",Secondary Level,"Name : ST. MARYS SCHOOL BHANDARA
Head/Principal Name: JYOTI VIJAYKUMAR DUBEY","Address : ST. MARYS NAGAR, KHAT ROAD, BHANDARA
Website : http://stmaryschoolbhandara.co.in"
247,"Aff. No. :1130227
Sch. Code:30221","State : MAHARASHTRA
District : BHANDARA",Senior Secondary Level,"Name : USA VIDYA NIKETAN
Head/Principal Name: Vinodkumar Pillai","Address : SHREE RAM BHAWAN, TUMSAR, BHANDARA,
Website : www.usavn.in"
248,"Aff. No. :1130268
Sch. Code:30205","State : MAHARASHTRA
District : BHANDARA",Senior Secondary Level,"Name : SUNNY'S SPRING DALE SCHOOL
Head/Principal Name: Shephali Pal","Address : KRISHNA NAGARI, KHAT ROAD, BHANDARA,
Website : www.sunnysspringdale.org.in"
249,"Aff. No. :1130331
Sch. Code:30282","State : MAHARASHTRA
District : BHANDARA",Secondary Level,"Name : FR. AGNEL SCHOOL
Head/Principal Name: PRAKASH MINJ","Address : TUDKA-TUMSAR STATION ROAD DIST. BHANDARA TUMSAR
Website : www.fragnelschooltumsar.com"
250,"Aff. No. :1130403
Sch. Code:30321","State : MAHARASHTRA
District : BHANDARA",Secondary Level,"Name : SCHOOL OF SCHOLARS
Head/Principal Name: VANDANA AASHISH AMBOLKAR","Address : SURVEY NO. 212/1/2 & 231/3, MOUZA : KHOKARLA, KHAT ROAD, BHANDARA
Website : http://www.sosbhandara.edu.in"
251,"Aff. No. :1130079
Sch. Code:30059","State : MAHARASHTRA
District : BHANDARA",Secondary Level,"Name : MAHARISHI VIDYA MANDIR
Head/Principal Name: HARIOM DUBEY","Address : MAHARISHI VIDYA MANDIR, KHAPA DEWHADI BYPASS ROAD, TUDKA - TUMSAR
Website : www.maharishividyamandir.com"
252,"Aff. No. :1130092
Sch. Code:30062","State : MAHARASHTRA
District : BHANDARA",Senior Secondary Level,"Name : MAHARISHI VIDYA MANDIR
Head/Principal Name: SHRUTI SANJAY OHALE","Address : BELA, DISTT BHANDARA, MAHARASHTRA
Website : www.mvmbhandara.org"
253,"Aff. No. :1130140
Sch. Code:30102","State : MAHARASHTRA
District : BHANDARA",Secondary Level,"Name : ST. PETERS SCHOOL
Head/Principal Name: JOLY AUGUSTINE","Address : BELA,BHANDARA
Website : www.stpetersbela.in"
254,"Aff. No. :1130162
Sch. Code:30111","State : MAHARASHTRA
District : BHANDARA",Secondary Level,"Name : ROYAL PUBLIC SCHOOL
Head/Principal Name: OMANA SAMUEL","Address : VIDYA NAGAR, BHANDARA, MAHARASHTRA
Website : www.royalpublicschoolbhandara.edu.in"
255,"Aff. No. :1100021
Sch. Code:34004","State : MAHARASHTRA
District : BHANDARA",Senior Secondary Level,"Name : PM SHRI KENDRIYA VIDYALAYA
Head/Principal Name: NEELAM MESHRAM","Address : ORDNANCE FACTORY JAWAHAR NAGAR BHANDARA MAHARASHTRA
Website : https://bhandaraof.kvs.ac.in/"
256,"Aff. No. :1130022
Sch. Code:30009","State : MAHARASHTRA
District : BHANDARA",Senior Secondary Level,"Name : SUNFLAG SCHOOL
Head/Principal Name: Sumit Pandey","Address : BHANDARA ROAD WARTHI, BHANDARA DIST., MAHARASHTRA
Website : www.sunflagschool.com"
257,"Aff. No. :1130005
Sch. Code:30001","State : MAHARASHTRA
District : BHANDARA",Senior Secondary Level,"Name : SHIRINBAI NETERWALA SCHOOL
Head/Principal Name: BIMAL PRABHAKARAN","Address : MANECK NAGAR POST BOX NO.2 TUMSAR BHANDARA DIST. MAHARASHTRA
Website : www.snsedu.co.in"
258,"Aff. No. :1130373
Sch. Code:30270","State : MAHARASHTRA
District : BULDHANA",Senior Secondary Level,"Name : SCHOOL OF SCHOLARS,
Head/Principal Name: SUDIPTA SARKAR","Address : MALKAPUR MUKTAI NAGAR ROAD, TAL. MALKAPUR, DISTT : BULDHANA
Website :"
259,"Aff. No. :1130387
Sch. Code:30289","State : MAHARASHTRA
District : BULDHANA",Senior Secondary Level,"Name : YASHODHAM PUBLIC SCHOOL
Head/Principal Name: USHA PAPPU","Address : YASHODHAM, BULDHANA ROAD, DISTT BULDHANA, MALKAPUR, MAHARASHTRA-443101
Website : www.ypsmalkapur.in"
260,"Aff. No. :1130389
Sch. Code:30301","State : MAHARASHTRA
District : BULDHANA",Senior Secondary Level,"Name : M.S.M. ENGLISH SCHOOL AND JR. COLLEGE
Head/Principal Name: PRAVIN DUBEY","Address : NANDURA ROAD, MALKAPUR BULDHANA
Website : www.msmschool.org"
261,"Aff. No. :1130459
Sch. Code:30377","State : MAHARASHTRA
District : BULDHANA",Senior Secondary Level,"Name : SAHAKAR VIDYA MANDIR
Head/Principal Name: MOHINI SATISH SASE","Address : VIDYA NAGARI, CHIKHALI ROAD, YELGAON, BULDANA
Website : www.sahakarvidyamandir.com"
262,"Aff. No. :1130335
Sch. Code:30300","State : MAHARASHTRA
District : BULDHANA",Senior Secondary Level,"Name : SATYAJEET INTERNATIONAL ENGLISH SCHOOL
Head/Principal Name: RAVINDRA LAXMAN MALI","Address : KHANDALA, MEHKAR
Website : www.satyajeetiesmehkar.in"
263,"Aff. No. :1130336
Sch. Code:30291","State : MAHARASHTRA
District : BULDHANA",Secondary Level,"Name : RAJLAXMI INTERNATIONAL ENGLISH SCHOOL
Head/Principal Name: Dr Minal Ramprasad Shelke","Address : SINDHKHEDRAJA ROAD, DEULGAONRAJA DISTRICT- BULDHANA 443204
Website : www.rajlaxmiinternationalschool.com"
264,"Aff. No. :1130324
Sch. Code:30361","State : MAHARASHTRA
District : BULDHANA",Secondary Level,"Name : DR R N LAHOTI CONVENT SCHOOL
Head/Principal Name: SHEKH RASHID SHEKH RIYAZ","Address : JALNA ROAD, AT POST:SULTANPUR
Website : http://rnlahoticbseschool.org"
265,"Aff. No. :1130238
Sch. Code:30167","State : MAHARASHTRA
District : BULDHANA",Senior Secondary Level,"Name : CENTRAL PUBLIC SCHOOL
Head/Principal Name: GAJANAN EKNATH NIKAS","Address : MEKHAR, JANEPHAL ROAD, DISTT. BULDHANA, MAHARASHTRA-443301
Website : www.centralpublicschools.in"
266,"Aff. No. :1130239
Sch. Code:30155","State : MAHARASHTRA
District : BULDHANA",Secondary Level,"Name : SMT SAROJBEN DAMJIBHI VIKAMSHI DNYANPEETH
Head/Principal Name: Edmend Dantise","Address : SHEGAON ROAD, VARKHED, KHAMGAON, DISTT. BULDHANA
Website : www.ssdvdnyanpeeth.com"
267,"Aff. No. :1130209
Sch. Code:30152","State : MAHARASHTRA
District : BULDHANA",Senior Secondary Level,"Name : SMT. TULSIBAI RANGLALJI ZAMBAD VIDYANIKETAN , NANDURA
Head/Principal Name: Hitendra Nath Chaubey","Address : ANAND NAGAR , BULDANA ROAD ,
Website : www.trzambad.in"
268,"Aff. No. :1130590
Sch. Code:30708","State : MAHARASHTRA
District : BULDHANA",Secondary Level,"Name : BULDANA CAMBRIDGE SCHOOL
Head/Principal Name: MUKESH SURESH JAGTAP","Address : LINGADE KNOWLEDGE PARK CHIKHLI ROAD YELGAON
Website : www.buldanacambridge.in"
269,"Aff. No. :1130617
Sch. Code:30540","State : MAHARASHTRA
District : BULDHANA",Secondary Level,"Name : LONAR CENTRAL PUBLIC SCHOOL
Head/Principal Name: DATTATRAY GANPATRAO KULKARNI","Address : LONAR CENTRAL PUBLIC SCHOOL, HIRDAV ROAD
Website : http://www.lcpschool.org"
270,"Aff. No. :1130602
Sch. Code:30530","State : MAHARASHTRA
District : BULDHANA",Secondary Level,"Name : ST.JOSEPHS ENGLISH HIGH SCHOOL
Head/Principal Name: Sr Amutha P","Address : BADOLA ROAD SUNDERKHED BULDANA
Website : www.stjosephbuldana.in"
271,"Aff. No. :1130598
Sch. Code:30522","State : MAHARASHTRA
District : BULDHANA",Secondary Level,"Name : SANSKAR DNYANPEETH
Head/Principal Name: Milind Ambadas More","Address : ADARSH NAGAR
Website : http://sdk.ac.in/"
272,"Aff. No. :1130688
Sch. Code:30693","State : MAHARASHTRA
District : BULDHANA",Secondary Level,"Name : THE CHIKHLI URBAN VIDYANIKETAN, CHIKHLI
Head/Principal Name: GAURAV VANDANKUMAR SHETE","Address : SURVEY NO 218, NEAR RANWARA HOTEL, GUPTA GARDEN, JAFRABAD ROAD CHIKHLI
Website : www.Vidyaniketanchikhli.com"
273,"Aff. No. :1130671
Sch. Code:30602","State : MAHARASHTRA
District : BULDHANA",Secondary Level,"Name : N.V. CHINMAYA VIDYALAYA, SHEGAON
Head/Principal Name: Kishor Ramakant Kulkarni","Address : N.V. CHINMAYA VIDYALAYA, GAT NO. 9B, KANARKHED ROAD, VILLAGGE KANARKHED, TALUKA AND POST SHEGAON - 444203, DIST BULDHANA.
Website : www.nvchinmayavidyalaya.com"
274,"Aff. No. :1130721
Sch. Code:30810","State : MAHARASHTRA
District : BULDHANA",Secondary Level,"Name : GURUKUL DNYANPEETH SCHOOL
Head/Principal Name: Jitendra Jagannath Marathe","Address : ULHAS CHAUK, DHAD ROAD,SAGWAN
Website : www.gurukulbuldana.in"
275,"Aff. No. :1130754
Sch. Code:30717","State : MAHARASHTRA
District : BULDHANA",Secondary Level,"Name : YUGDHARMA PUBLIC SCHOOL
Head/Principal Name: ANIRUDDHA BABANRAO AVACHAR","Address : GAT NO. 13, RISHI SANKUL, SAJANPURI, KHAMGAON, DIST. BULDHANA
Website : www.ydpsedu.in"
276,"Aff. No. :1130816
Sch. Code:30751","State : MAHARASHTRA
District : BULDHANA",Senior Secondary Level,"Name : SWAMI VIVEKANAND RASHTRIYA DNYANPEETH
Head/Principal Name: Sandip Dinesh Ghate","Address : RENUKA NAGAR, BEHIND BUSTAND
Website : https://svrd.school/"
277,"Aff. No. :1130855
Sch. Code:30776","State : MAHARASHTRA
District : BULDHANA",Secondary Level,"Name : ANURADHA ENGLISH MEDIUM SCHOOL
Head/Principal Name: BALIRAM M JADHAV","Address : SAKEGAON ROAD, ANURADHA NAGAR, CHIKHLLI
Website : http://aemschikhli.org/"
278,"Aff. No. :1130965
Sch. Code:30910","State : MAHARASHTRA
District : BULDHANA",Secondary Level,"Name : PODAR INTERNATIONAL SCHOOL
Head/Principal Name: Ajay Balkishor Ingle","Address : GAT NO.67, MOUZA MALVIHIR, KHAMGAON ROAD, BULDHANA
Website : https://www.podareducation.org/school/buldhana"
279,"Aff. No. :1130958
Sch. Code:30941","State : MAHARASHTRA
District : BULDHANA",Secondary Level,"Name : TOMOAE ENGLISH SCHOOL
Head/Principal Name: AJIT TULSHIDAS JAWANJAL","Address : TOMOAE ENGLISH SCHOOL JAMBHRUN, AT JAMBHRUN, TQ. DIST. BULDANA
Website : HTTP://WWW.TOMOAEENGLISHSCHOOL.COM"
280,"Aff. No. :1140020
Sch. Code:34059","State : MAHARASHTRA
District : BULDHANA",Senior Secondary Level,"Name : PM SHRI SCHOOL JAWAHAR NAVODAYA VIDYALAYA
Head/Principal Name: R R KASAR","Address : SHEGAON BULDANA DISTT MAHARASHTRA
Website : https://navodaya.gov.in/nvs/nvs-school/Buldhana/en/home"
281,"Aff. No. :1131117
Sch. Code:31102","State : MAHARASHTRA
District : BULDHANA",Secondary Level,"Name : RAM PUBLIC INTERNATIONAL SCHOOL (CBSE), ANJANI BK.
Head/Principal Name: Amol Shatrughna Shelke","Address : AT POST. ANJANI BK TQ. MEHKAR DIST. BULDANA 443301
Website : https://www.rampublicinternationalschool.in/"
282,"Aff. No. :1131391
Sch. Code:31380","State : MAHARASHTRA
District : BULDHANA",Secondary Level,"Name : SHARDA DNYANPEETH
Head/Principal Name: ULKA GAJANAN ANTARKAR","Address : NEAR AIDED HIGH SCHOOL, CHIKHALI ROAD, BULDHANA
Website : www.shardadnyanpeethbuldhana.in"
283,"Aff. No. :1131571
Sch. Code:31568","State : MAHARASHTRA
District : BULDHANA",Secondary Level,"Name : MAHESH INTERNATIONAL SCHOOL
Head/Principal Name: JYOTI PAWAN MANTRI","Address : COTTON MARKET ROAD, AT MEHKAR, DIST BULDHANA
Website : www.maheshinternationalschool.com"
284,"Aff. No. :1131566
Sch. Code:31563","State : MAHARASHTRA
District : BULDHANA",Secondary Level,"Name : DR. RAMESHCHAND BEGANI INTERNATIONAL SCHOOL AND JUNIOR COLLEGE
Head/Principal Name: Vinod Ashruji Borate","Address : SAI PARK, DIGRAS ROAD, DEULGAON MAHI
Website : www.drbinternational.in"
285,"Aff. No. :1131523
Sch. Code:31520","State : MAHARASHTRA
District : BULDHANA",Secondary Level,"Name : ST. ANN'S ENGLISH MEDIUM HIGH SCHOOL & JUNIOR COLLEGE
Head/Principal Name: Sr Amala Mary","Address : 116/4,, MALKAPUR ROAD, , NANDURA
Website : https://stannsnandura.com"
286,"Aff. No. :1131621
Sch. Code:31620","State : MAHARASHTRA
District : BULDHANA",Secondary Level,"Name : MOUNT LITERA ZEE SCHOOL
Head/Principal Name: Dnyaneshwar Nayabrao Wagh","Address : GUT NO.65, 66 ,67 KOLARA, TALUKA CHIKHALI, DISTRICT BULDHANA
Website : http://mountliterachikhali.com"
287,"Aff. No. :1140015
Sch. Code:34068","State : MAHARASHTRA
District : CHANDRAPUR",Senior Secondary Level,"Name : PM SHRI SCHOOL JAWAHAR NAVODAYA VIDYALAYA
Head/Principal Name: MANOJ WANKHADE","Address : TALODHI (BALARPUR) CHANDRAPUR DISTT MAHARASHTRA
Website : http://www.navodaya.gov.in/nvs_school/Chandrapur/en/home"
288,"Aff. No. :1131536
Sch. Code:31533","State : MAHARASHTRA
District : CHANDRAPUR",Secondary Level,"Name : G D GOENKA LLOYDS PUBLIC SCHOOL
Head/Principal Name: JESSY ROY","Address : MHATARDEVI, CHANDRAPUR, MAHARASHTRA, GHUGUS, CHANDRAPUR, MAHARASHTRA, GHUGUS, CHANDRAPUR, MAHARASHTRA
Website : www.gdglloyds.edu.in"
289,"Aff. No. :1131397
Sch. Code:31386","State : MAHARASHTRA
District : CHANDRAPUR",Secondary Level,"Name : VIDYA VIHAR CONVENT HIGH SCHOOL
Head/Principal Name: R SHOBHA REDDY","Address : OPP S T WORKSHOP, TADOBA ROAD, TUKUM CHANDRAPUR
Website : www.vvchschandrapur.in"
290,"Aff. No. :1131502
Sch. Code:31491","State : MAHARASHTRA
District : CHANDRAPUR",Secondary Level,"Name : STEM PODAR LEARN SCHOOL BRAMHAPURI
Head/Principal Name: DR. SURENDER SINGH PUNDIR","Address : SURVEY NO. 14 & 21, TUMDI MENDHA,, NAGBHID ROAD, BRAMHAPURI
Website : www.stempodarschool.com"
291,"Aff. No. :1131077
Sch. Code:31057","State : MAHARASHTRA
District : CHANDRAPUR",Secondary Level,"Name : TWINKLE ENGLISH SCHOOL
Head/Principal Name: SHUBHANGI NARENDRA POHEKAR","Address : OM NAGAR, CHANDRAPUR ROAD, NAGBHID, DIST-CHANDRAPUR
Website : https://twinkleenglishschool.in/"
292,"Aff. No. :1131171
Sch. Code:31157","State : MAHARASHTRA
District : CHANDRAPUR",Senior Secondary Level,"Name : MOUNT LITERA ZEE SCHOOL
Head/Principal Name: SHOBHA LAXMINARAYAN SONI","Address : TAL CHANDRAPUR, DIST CHANDRAPUR
Website : http://mlzschandrapur.edu.in"
293,"Aff. No. :1131262
Sch. Code:31249","State : MAHARASHTRA
District : CHANDRAPUR",Secondary Level,"Name : STELLA MARIS CONVENT AND JUNIOR COLLEGE
Head/Principal Name: JOLLIMMA PHILIP","Address : TAHSIL KORPANA, DISTRICT CHANDRAPUR
Website : http://www.stellamariskorpana.org"
294,"Aff. No. :1131369
Sch. Code:31358","State : MAHARASHTRA
District : CHANDRAPUR",Secondary Level,"Name : PODAR INTERNATIONAL SCHOOL
Head/Principal Name: SREESHA NAIR","Address : GAT NO 66, DAHELI, TALUKA BALLARPUR
Website : https://www.podareducation.org/school/ballarpur"
295,"Aff. No. :1180031
Sch. Code:30988","State : MAHARASHTRA
District : CHANDRAPUR",Senior Secondary Level,"Name : SAINIK SCHOOL CHANDRAPUR
Head/Principal Name: CAPTAIN ASHWIN ANUPDEV","Address : VILLAGE-BHIVKUND POST-VISAPUR BALLARPUR TALUKA DIST-CHANDRAPUR
Website : htts://sainikschoolchandrapur.com"
296,"Aff. No. :1130992
Sch. Code:30939","State : MAHARASHTRA
District : CHANDRAPUR",Secondary Level,"Name : ST.ANNES PUBLIC SCHOOL,MUL
Head/Principal Name: DALY VARGHESE","Address : BEHIND SBI,WARD NO.14,MUL,TA: MUL, DIS: CHANDRAPUR, MAHARASHTRA
Website : https://sapscbsemul.in/"
297,"Aff. No. :1130892
Sch. Code:30857","State : MAHARASHTRA
District : CHANDRAPUR",Secondary Level,"Name : BAJAJ VIDYA BHAVAN
Head/Principal Name: Mamta Bharat Bajaj","Address : BY PASS ROAD, BABUPETH,
Website : www.bajajvidyabhavan.com"
298,"Aff. No. :1130772
Sch. Code:30798","State : MAHARASHTRA
District : CHANDRAPUR",Secondary Level,"Name : PODAR INTERNATIONAL SCHOOL,CHANDRAPUR
Head/Principal Name: Eera Sharma","Address : C.R.PUGLIA NAGAR, ROSHAN BAGH, DATALA
Website : www.podareducation.org"
299,"Aff. No. :1130752
Sch. Code:30663","State : MAHARASHTRA
District : CHANDRAPUR",Secondary Level,"Name : ST. PAUL SCHOOL
Head/Principal Name: Menka Bhandula","Address : BEHIND GURUNANAK COLLEGE,ALAPALLI ROAD
Website : www.stpaulballarpurcbse.com"
300,"Aff. No. :1130720
Sch. Code:30631","State : MAHARASHTRA
District : CHANDRAPUR",Secondary Level,"Name : SHREE SAI CONVENT
Head/Principal Name: ATUL ARUN BADKELWAR","Address : SHREE SAI CONVENT NEAR KUNADA VIJASAN RAOD BHADRAWATI
Website : https://www.shreesaiconvent.co.in"
301,"Aff. No. :1130674
Sch. Code:30586","State : MAHARASHTRA
District : CHANDRAPUR",Senior Secondary Level,"Name : LATE MADANGOPALJI BHAIYA PUBLIC SCHOOL
Head/Principal Name: KADIR WAHAB QURESHI","Address : NEAR N H COLLEGE GIRLS HOSTEL, WADSA ROAD
Website : www.lmbpschool.com"
302,"Aff. No. :1130498
Sch. Code:30416","State : MAHARASHTRA
District : CHANDRAPUR",Secondary Level,"Name : ST. CLARET ENGLISH MEDIUM SCHOOL
Head/Principal Name: ROBIN PAUL","Address : NERI ROAD-WADALA PAIKU,CHANDRAPUR
Website : www.stclaretemschoolchimur.edu.in"
303,"Aff. No. :1130542
Sch. Code:30475","State : MAHARASHTRA
District : CHANDRAPUR",Secondary Level,"Name : HOLY FAMILY CONVENT SCHOOL
Head/Principal Name: VALSAMMA MATHEW","Address : THUTRA PO. GADCHANDUR, CORPAN TALUKA, CHANDRAPUR
Website : https://holyfamilygadchandur.com/"
304,"Aff. No. :1130553
Sch. Code:30548","State : MAHARASHTRA
District : CHANDRAPUR",Secondary Level,"Name : BALLARPUR PUBLIC SCHOOL
Head/Principal Name: JYOTSANA AJAY BABULKAR","Address : YENBODI
Website : www.bpsschool.com"
305,"Aff. No. :1130195
Sch. Code:30129","State : MAHARASHTRA
District : CHANDRAPUR",Senior Secondary Level,"Name : SHREE MAHARISHI VIDYA MANDIR
Head/Principal Name: SREE LAKSHMI ACHANTA","Address : 72/4,MAUJA DATALA, AT:DATALA ROAD, DISTT CHANDRAPUR, MAHARASHTRA
Website : www.smvmchandrapur.com"
306,"Aff. No. :1130225
Sch. Code:30173","State : MAHARASHTRA
District : CHANDRAPUR",Secondary Level,"Name : DILSAGRAM CONVENT ENGLISH MEDIUM SCHOOL
Head/Principal Name: SHAIBY VARIATH THELAKKATT","Address : BALLARPUR POST, CHANDRAPUR DISTT
Website : www.dilasagramcbse.ac.in"
307,"Aff. No. :1130233
Sch. Code:30185","State : MAHARASHTRA
District : CHANDRAPUR",Senior Secondary Level,"Name : SANJO CONVENT SCHOOL
Head/Principal Name: Sr GREETI CSC","Address : AT POST GONDPIPRI, CHANDRAPUR
Website : www.sanjocscbse.com"
308,"Aff. No. :1130246
Sch. Code:30213","State : MAHARASHTRA
District : CHANDRAPUR",Secondary Level,"Name : STELLA MARIS SCHOOL, RAJURA
Head/Principal Name: SINDHU JOSEPH","Address : BAMANWADA, RAJURA:TQ, CHANDRAPUR (DIST)
Website : https://stellamarisschool.in/"
309,"Aff. No. :1130313
Sch. Code:30244","State : MAHARASHTRA
District : CHANDRAPUR",Secondary Level,"Name : ST. MARY HIGH SCHOOL DURGAPUR
Head/Principal Name: SISTER TOMCY","Address : TADOBA ROAD, DURGAPUR, CHANDRAPUR
Website : https://www.stmarydurgapur.org"
310,"Aff. No. :1130291
Sch. Code:30225","State : MAHARASHTRA
District : CHANDRAPUR",Senior Secondary Level,"Name : INDIRA GANDHI GARDEN SCHOOL
Head/Principal Name: SEEMA MAJO JOSEPH","Address : RAJIV GANDHI MARG (DATALA ROAD), RAMNAGAR, CHANDRAPUR
Website : www.iggs.co.in"
311,"Aff. No. :1130276
Sch. Code:30272","State : MAHARASHTRA
District : CHANDRAPUR",Secondary Level,"Name : FAIRYLAND SCHOOL
Head/Principal Name: VARSHA SAMBHAJI JIWANE","Address : NEAR GANESH TEMPLE,BHADRAWATI,DIST CHANDRAPUR
Website : www.fairylandschool.in"
312,"Aff. No. :1130284
Sch. Code:30222","State : MAHARASHTRA
District : CHANDRAPUR",Secondary Level,"Name : MOUNT CARMEL CONVENT HIGH SCHOOL
Head/Principal Name: SISTER CATHERINE","Address : MUL ROAD, SHASTRI NAGAR, CHANDRAPUR. P.O.
Website : www.mcchsedu.in"
313,"Aff. No. :1130286
Sch. Code:30219","State : MAHARASHTRA
District : CHANDRAPUR",Secondary Level,"Name : ST. MICHAELS ENGLISH SCHOOL
Head/Principal Name: PRANALI VIKAS KOLHEKAR","Address : NAGINABAGH, MISSION COMPOUND, RAM NAGAR, CHANDRAPUR
Website : http://stmichaelcbseschool.in"
314,"Aff. No. :1130473
Sch. Code:30390","State : MAHARASHTRA
District : CHANDRAPUR",Senior Secondary Level,"Name : DEVYANEE INTERNATIONAL SCHOOL
Head/Principal Name: Ashishkumar Khule","Address : MUL ROAD, SINDEWAHI, DISTRICT CHANDRAPUR, MAHARASHTRA
Website : www.devyaneeinternationalschool.in"
315,"Aff. No. :1130435
Sch. Code:30341","State : MAHARASHTRA
District : CHANDRAPUR",Secondary Level,"Name : INFANT JESUS ENGLISH PUBLIC HIGH SCHOOL
Head/Principal Name: MANJUSHA SANJAY ALONE","Address : SHIWAJI WARD
Website : www.infantschool.in"
316,"Aff. No. :1130424
Sch. Code:30351","State : MAHARASHTRA
District : CHANDRAPUR",Secondary Level,"Name : GRACE EMMANUEL SCHOOL
Head/Principal Name: Tillotama S. Patil","Address : GRACE HOUSE, PO.CEMENT NAGAR, DT.CHANDRAPUR
Website : graceemmanuelschool123@gmail.com"
317,"Aff. No. :1130428
Sch. Code:30345","State : MAHARASHTRA
District : CHANDRAPUR",Secondary Level,"Name : VIDYA NIKETAN SCHOOL
Head/Principal Name: SAPNA PITTALWAR","Address : DADAWADI PARISAR,NAGPUR ROAD, CHANDRAPUR, MAHARASHTRA
Website : www.vidyaniketancbse.com"
318,"Aff. No. :1130401
Sch. Code:30326","State : MAHARASHTRA
District : CHANDRAPUR",Senior Secondary Level,"Name : VIDYA NIKETAN SCHOOL
Head/Principal Name: Ruchira Shubham Bagade","Address : NAVEGAO MAKTA,WADSA ROAD
Website : www.vidyaniketanschool.com"
319,"Aff. No. :1130376
Sch. Code:30355","State : MAHARASHTRA
District : CHANDRAPUR",Senior Secondary Level,"Name : VISHWA JYOTI CONVENT SCHOOL
Head/Principal Name: DEEPA V A","Address : TALODHI BALAPUR, DISTT. CHANDRAPUR
Website : https://vishwajyoticonventschool.in/"
320,"Aff. No. :1130017
Sch. Code:30004","State : MAHARASHTRA
District : CHANDRAPUR",Senior Secondary Level,"Name : MOUNT CARMEL CONVENT HIGH SCHOOL
Head/Principal Name: Queena Fernando","Address : CEMENT NAGAR P.O CHANDRAPUR DISTT. MAHARASHTRA
Website : www.mountcarmelschoolcementnagar.com"
321,"Aff. No. :1120139
Sch. Code:32159","State : MAHARASHTRA
District : CHANDRAPUR",Senior Secondary Level,"Name : ORDNANCE FACTORY HIGHER SECONDARY SCHOOL, CHANDA
Head/Principal Name: V GANESH KUMAR S","Address : NEAR HEMA MAJUMDAR HALL, SECTOR 3,, ORDNANCE FACTORY ESTATE, CHANDA, TAH. BHADRAWATI
Website : https://ddpdoo.gov.in/units/ofsofch"
322,"Aff. No. :1130038
Sch. Code:30023","State : MAHARASHTRA
District : CHANDRAPUR",Senior Secondary Level,"Name : MONTFORT HIGHER SECONDARY SCHOOL
Head/Principal Name: CHINNABATHINI RAVI KUMAR","Address : BHAMMI BAMINI P.O BALLAPUR DT.CHANDRAPUR MAHARASHTRA
Website : www.montfortcbseschool.in"
323,"Aff. No. :1100023
Sch. Code:34014","State : MAHARASHTRA
District : CHANDRAPUR",Senior Secondary Level,"Name : PM SHRI KENDRIYA VIDYALAYA
Head/Principal Name: Swati Deepak Vishwakarma","Address : ORDNANCE FACTORY CHANDA CHANDRAPUR DIST. MAHARASHTRA
Website : https://chandaof.kvs.ac.in"
324,"Aff. No. :1100035
Sch. Code:34044","State : MAHARASHTRA
District : CHANDRAPUR",Senior Secondary Level,"Name : KENDRIYA VIDYALAYA
Head/Principal Name: AMIR HUSAIN","Address : W C L. DURGAPUR DIST CHANDRAPUR MAHARASTRA
Website : http://wclchandrapur.kvs.ac.in"
325,"Aff. No. :1120012
Sch. Code:32014","State : MAHARASHTRA
District : CHANDRAPUR",Senior Secondary Level,"Name : EKLAVYA RESIDENTIAL SCHOOL,
Head/Principal Name: Pankaj Sharan","Address : DEWADA, TQ , RAJURA, DIST. CHANDRAPUR, MAHARASHTRA -442 905.
Website : https://emrsdewada.emrsmaharashtra.com"
326,"Aff. No. :1100050
Sch. Code:34077","State : MAHARASHTRA
District : CHANDRAPUR",Senior Secondary Level,"Name : KENDRIYA VIDYALAYA
Head/Principal Name: MANOJ KUMAR YADAV","Address : WCL NEW MAJRI,PO KUCHANA, DISTT. CHANDRAPUR, MAHARASHTRA
Website : www.newmajari.kvs.ac.in"
327,"Aff. No. :1130157
Sch. Code:30125","State : MAHARASHTRA
District : CHANDRAPUR",Senior Secondary Level,"Name : ST. ANNES PUBLIC SCHOOL , WARORA
Head/Principal Name: SHEEJA T L","Address : DWARAKANAGARI, BORDA, ANDAWAN POST, DIST CHANDRAPUR.
Website : www.annechristschool.com"
328,"Aff. No. :1130168
Sch. Code:30137","State : MAHARASHTRA
District : CHANDRAPUR",Senior Secondary Level,"Name : THE ADITYA BIRLA PUBLIC SCHOOL
Head/Principal Name: C R K MOHAN","Address : POST GADCHANDUR, TALUKA KORPANA, DIST. CHANDRAPUR, MAHARASHTRA
Website : https://adityabirlaschools.co.in/"
329,"Aff. No. :1130148
Sch. Code:30110","State : MAHARASHTRA
District : CHANDRAPUR",Senior Secondary Level,"Name : SANSKAR BHARATI PUBLIC SCHOOL
Head/Principal Name: ANURAG JIWAN MASIH","Address : MARDA ROAD, TAL. WARORA, DIST. CHANDRAPUR, MAHARASHTRA
Website : www.sbpswarora.in"
330,"Aff. No. :1130127
Sch. Code:30103","State : MAHARASHTRA
District : CHANDRAPUR",Secondary Level,"Name : CHANDA PUBLIC SCHOOL
Head/Principal Name: Amrapali Pravin Padole","Address : DATALA ROAD RAM NAGAR CHANDRAPUR MAHARASHTRA
Website : www.chandapublicschool.com"
331,"Aff. No. :1130110
Sch. Code:30074","State : MAHARASHTRA
District : CHANDRAPUR",Senior Secondary Level,"Name : AMBUJA VIDYA NIKETAN
Head/Principal Name: RAJESH SHARMA","Address : AT & PO UPPERWAHI TAL KORPANA DISTT CHANDRAPUR MAHARASHTRA
Website : www.avnupparwahi.edu.in"
332,"Aff. No. :1130096
Sch. Code:30079","State : MAHARASHTRA
District : CHANDRAPUR",Secondary Level,"Name : MACAROON STUDENT'S ACADEMY
Head/Principal Name: FAIYAZ AHMED SUBHANKHA PATHAN","Address : WADGAON MANDAL PATHANPURA WARD NO 2 C/O P S AMBETKAR CHANDRAPUR MAHARASHTRA
Website : www.macaroonacademy.com"
333,"Aff. No. :1130120
Sch. Code:30104","State : MAHARASHTRA
District : CHANDRAPUR",Senior Secondary Level,"Name : NARAYANA VIDYALAYAM
Head/Principal Name: SHRABONI BANERJEE","Address : GHUGGUS ROAD AT PADOLI CHANDRAPUR MAHARASHTRA
Website : www.nesnv.com"
334,"Aff. No. :1130049
Sch. Code:30034","State : MAHARASHTRA
District : CHANDRAPUR",Senior Secondary Level,"Name : THE ADITYA BIRLA PUBLIC SCHOOL
Head/Principal Name: SANJEET SONI","Address : C/O ULTRATECH CEMENT LTD. AWARPUR CEMENT WORKS PO. AWARPUR, DISTT CHANDRAPUR MAHARASTRA
Website : https://adityabirlaschools.co.in/abps-awarpur/"
335,"Aff. No. :1130053
Sch. Code:30033","State : MAHARASHTRA
District : CHANDRAPUR",Senior Secondary Level,"Name : B J M CARMEL ACADEMY
Head/Principal Name: JILSON VARGHESE","Address : D O C ROAD TUKUM CHANDRAPUR P B NO. 106 CHANDRAPUR HPO MAHARASTRA
Website : www.bjmcarmelacademy.com"
336,"Aff. No. :1130153
Sch. Code:30148","State : MAHARASHTRA
District : DHULE",Senior Secondary Level,"Name : CHHATRAPATI SHIVAJI PUBLIC SCHOOL
Head/Principal Name: ASHISH SURYAKANT KATE","Address : VILLAGE - HARNAMAL HILLS, P.O. MORANE, LALING, TAL. & DIST. DHULE.
Website : https://cspscbsedhule.in/"
337,"Aff. No. :1100054
Sch. Code:34108","State : MAHARASHTRA
District : DHULE",Senior Secondary Level,"Name : PM SHRI KENDRIYA VIDYALAYA
Head/Principal Name: PRADIP B PARKHI","Address : DHULE,OSWAL NAGAR , NEAR MSEB SUBSTATION, NAGAONBARI, DEOPUR, MAHARASHTRA
Website : https://dhule.kvs.ac.in/"
338,"Aff. No. :1120011
Sch. Code:32012","State : MAHARASHTRA
District : DHULE",Senior Secondary Level,"Name : EKLAVYA RESIDENTIAL SCHOOL
Head/Principal Name: ASHOK MOTHABHAU BACHHAV","Address : Lauki, Tal Shirpur , Near Govt Ashram School Lauki
Website : https://emrspimpalner.emrsmaharashtra.com/"
339,"Aff. No. :1120127
Sch. Code:32128","State : MAHARASHTRA
District : DHULE",Senior Secondary Level,"Name : EKLAVYA MODEL RESIDENTIAL SCHOOL, BHADANE
Head/Principal Name: Dr. Devidas Ganpat Rajgire","Address : TAL SAKRI , DIST DHULE, NEAR GOVT TECHNICAL SCHOOL BHADANE
Website : https://emrsbhadane.emrsmaharashtra.com/"
340,"Aff. No. :1130430
Sch. Code:30380","State : MAHARASHTRA
District : DHULE",Secondary Level,"Name : PODAR INTERNATIONAL SCHOOL
Head/Principal Name: BHUSHAN GAJANAN UPASANI","Address : GATE 304/2/2 NAGAON BUDRUK TAL DHULE, MAHARASHTRA
Website : http://www.podareducation.org/school/dhule"
341,"Aff. No. :1130461
Sch. Code:30448","State : MAHARASHTRA
District : DHULE",Senior Secondary Level,"Name : AMRISHBHAI R PATEL SCHOOL
Head/Principal Name: Smita Ugale","Address : KARVAND ROAD SHIRPUR,DIST DHULE,MAHARASHTRA,425405
Website : www.arpcbseschool.org"
342,"Aff. No. :1130298
Sch. Code:30234","State : MAHARASHTRA
District : DHULE",Senior Secondary Level,"Name : ROTARY ENGLISH SCHOOL
Head/Principal Name: SRUTIRANJAN BARIK","Address : S.NO. 356/2, MALPUR ROAD, DONDAICHA, SHINDKHDA, DHULE,
Website : www.smtres.in"
343,"Aff. No. :1130241
Sch. Code:30164","State : MAHARASHTRA
District : DHULE",Senior Secondary Level,"Name : SMITA PATIL PUBLIC SCHOOL
Head/Principal Name: KAVITHA N KARUN","Address : SMITH NAGAR,SHIVAJI NAGAR,AT/POST DAHIWAD, SHIRPUR, DHULE
Website : http://www.smitapatilpublicschool.com"
344,"Aff. No. :1130530
Sch. Code:30624","State : MAHARASHTRA
District : DHULE",Senior Secondary Level,"Name : MUKESH R PATEL SCHOOL
Head/Principal Name: MANJU SINGH","Address : SHIRPUR CHOPDA ROAD, OPP PRIYADARSHINI SPINNING MILL, TANDE SHIRPUR DIST DHULE 425405
Website : http://mrpschoolshirpur.com/"
345,"Aff. No. :1130505
Sch. Code:30426","State : MAHARASHTRA
District : DHULE",Secondary Level,"Name : SANT SHRI ASHARAMJI GURUKUL
Head/Principal Name: KISHOR SHALIGRAM AHIRE","Address : DHULE MAHINDALE SHIVAR, SURAT BYPASS RAVER ROAD DHULE
Website : www.gurukuldhulecbse.org.in"
346,"Aff. No. :1130573
Sch. Code:30504","State : MAHARASHTRA
District : DHULE",Secondary Level,"Name : AHINSA INTERNATIONAL SCHOOL
Head/Principal Name: USHA ASHOK MANORE","Address : SURVEY NO. 190/1A/1, 190/1A/2, DHULE ROAD
Website : www.ahinsaschool.in"
347,"Aff. No. :1130758
Sch. Code:30669","State : MAHARASHTRA
District : DHULE",Secondary Level,"Name : PRACHITI INTERNATIONAL SCHOOL
Head/Principal Name: Vaishali Gangaram Lade","Address : AT POST KAWATHE, TALUKA: SAKRI, DISTRICT: DHULE
Website : www.prachitiinternationalschool.com"
348,"Aff. No. :1130793
Sch. Code:30716","State : MAHARASHTRA
District : DHULE",Senior Secondary Level,"Name : SEYAN INTERNATIONAL SCHOOL
Head/Principal Name: Sridhar Jhuria Badhei","Address : G. NO. 508/2B 2A2, 508/2B 2B2, PIMPALNER, TA. SAKRI, DIST. DHULE
Website : https://seyanschool.com"
349,"Aff. No. :1130791
Sch. Code:30811","State : MAHARASHTRA
District : DHULE",Secondary Level,"Name : R.C.PATEL ENGLISH MEDIUM PRIMARY SCHOOL, AJANDE (BU), HOLNANTHE
Head/Principal Name: Bhoomika Garg Ramteke","Address : AJANDE BK, HOLNANTHE, P.O.- AJANDE BK, HOLNANTHE, TAL-SHIRPUR, DIST-DHULE
Website : http://rcph.co.in"
350,"Aff. No. :1130801
Sch. Code:30726","State : MAHARASHTRA
District : DHULE",Secondary Level,"Name : CHAVARA PUBLIC SCHOOL
Head/Principal Name: Sijo Johny","Address : A/P WALWADI,NEAR GONDUR AIRPORT
Website : www.chavaracbsedhule.org"
351,"Aff. No. :1130877
Sch. Code:30815","State : MAHARASHTRA
District : DHULE",Secondary Level,"Name : SADASHIVSHETH R. BAVISKAR INTERNATIONAL SCHOOL
Head/Principal Name: Subhashnath Patle","Address : CHOPDA FATA, DAHIWAD
Website : www.srbinternational.org"
352,"Aff. No. :1130842
Sch. Code:30762","State : MAHARASHTRA
District : DHULE",Senior Secondary Level,"Name : SVKM SCHOOL
Head/Principal Name: SUNANDA MENON","Address : BESIDE GURUDWARA, MUMBAI AGRA ROAD, DHULE
Website : www.svkmschooldhule.edu.in"
353,"Aff. No. :1131022
Sch. Code:30998","State : MAHARASHTRA
District : DHULE",Secondary Level,"Name : KARMAVEER VYANKATRAO TANAJI RANDHIR ENGLISH MEDIUM SCHOOL,SHINGAVE
Head/Principal Name: Surekha Pravin Mistry","Address : SURVEY NO. 123/5/B,SPDM COLLEGE CAMPUS,SHINGAVE SHIVAR,TAL.-SHIRPUR,DIST.-DHULE PIN.-425405,STATE-MAHARASHTRA
Website : https://kvtrcbse.com/"
354,"Aff. No. :1140032
Sch. Code:34106","State : MAHARASHTRA
District : DHULE",Senior Secondary Level,"Name : JAWAHAR NAVODAYA VIDYALAYA
Head/Principal Name: USHA VASANT MANE","Address : DHULE, NAKANE, AT- MEHERGAON, TAL & DISTT., DHULE
Website : https://navodaya.gov.in/nvs/nvs-school/Dhule/en/about_us/"
355,"Aff. No. :1131272
Sch. Code:31259","State : MAHARASHTRA
District : DHULE",Secondary Level,"Name : V.K.PATIL INTERNATIONAL SCHOOL
Head/Principal Name: MANOJ PUNAJI PATIL","Address : KUMREJ TALUKA SINDKHEDA , DISTRICT DHULE
Website : www.vkpis.com"
356,"Aff. No. :1131062
Sch. Code:31039","State : MAHARASHTRA
District : DHULE",Secondary Level,"Name : SMT. D.G AGRAWAL MEMORIAL ENGLISH MEDIUM SCHOOL
Head/Principal Name: Rajni Biju Abraham","Address : INDIRA NAGAR, PIMPALNER, TAL. SAKRI, DIST.DHULE, MAHARASHTRA.
Website : www.dgagrawalschool.com"
357,"Aff. No. :1131108
Sch. Code:31093","State : MAHARASHTRA
District : DHULE",Secondary Level,"Name : YESHWANT ENGLISH MEDIUM SCHOOL
Head/Principal Name: Rajendra Prabhakar Ghongade","Address : LONKHEDI PHATA, DHULE ROAD
Website : www.mpbsner"
358,"Aff. No. :1131450
Sch. Code:31439","State : MAHARASHTRA
District : DHULE",Middle Class,"Name : JAYSHREEBEN AMRISHBHAI PATEL SCHOOL,WAGHADI
Head/Principal Name: Megha Vijay Mungse","Address : AT POST WAGHADI, NEAR ASHRAM SCHOOL,, ARTHE ROAD,SHAHADA HIGHWAY
Website : www.japschool.co.in"
359,"Aff. No. :1131550
Sch. Code:31547","State : MAHARASHTRA
District : DHULE",Secondary Level,"Name : HASTI WORLD SCHOOL, DONDAICHA
Head/Principal Name: JIVAN RAMESH SAPKALE","Address : DAUL SHIVAR, SHAHADA ROAD, TALUKA SHINDKHEDA, DONDAICHA
Website : www.hastiworldschool.com"
360,"Aff. No. :1131639
Sch. Code:31639","State : MAHARASHTRA
District : GADCHIROLI",Senior Secondary Level,"Name : LLOYDS RAJ VIDYA NIKETAN
Head/Principal Name: ARCHANA JOSHI","Address : LIF COMPLEX, LIF COMPLEX, LIF COMPLEX
Website : www.lrvnhedri.com"
361,"Aff. No. :1140005
Sch. Code:34046","State : MAHARASHTRA
District : GADCHIROLI",Senior Secondary Level,"Name : PM SHRI SCHOOL JAWAHAR NAVODAYA VIDYALAYA
Head/Principal Name: MAMTA R. LANJEWAR","Address : GHOT TQ: CHAMORSHI DIST. GADCHIROLI MAHARASHTRA
Website : www.navodaya.gov.in/nvs/nvs-school/Gadchiroli/en/h"
362,"Aff. No. :1131604
Sch. Code:31603","State : MAHARASHTRA
District : GADCHIROLI",Secondary Level,"Name : VIDYA VIHAR CONVENT HIGH SCHOOL
Head/Principal Name: SHEEBA NAIR","Address : MURKHADA, NAVEGAON, GADCHIROLI
Website : www.vvchsgadchiroli.in"
363,"Aff. No. :1131474
Sch. Code:31463","State : MAHARASHTRA
District : GADCHIROLI",Secondary Level,"Name : VIDARBHA INTERNATIONAL SCHOOL
Head/Principal Name: NEHARIKA PRADIP MANDARE","Address : GAT NO. 432, GADCHIROLI, GADCHIROLI
Website : www.visgadchiroli.in"
364,"Aff. No. :1131441
Sch. Code:31430","State : MAHARASHTRA
District : GADCHIROLI",Secondary Level,"Name : CARMEL ACADEMY ARMORI
Head/Principal Name: GEORGE CHACKO CHACKALACKAL","Address : GADCHIROLI ROAD, ARMORI, TA. ARMORI DIST. GADCHIROLI, MAHARASHTRA
Website : https://carmelacademyarmori.com"
365,"Aff. No. :1131310
Sch. Code:31297","State : MAHARASHTRA
District : GADCHIROLI",Secondary Level,"Name : CARMEL ACADEMY
Head/Principal Name: SHEENA V A","Address : DIST. GADCHIROLI, MAHARASHTRA
Website : https://carmelacademysironcha.com"
366,"Aff. No. :1220017
Sch. Code:32050","State : MAHARASHTRA
District : GADCHIROLI",Senior Secondary Level,"Name : EKLAVYA MODEL RESIDETIAL SCHOOL CHAMORSHI
Head/Principal Name: Parshuram K. Wangdare","Address : C/O GOVT ENGLISH MEDIUM ASHRAM SCHOOL SEMANA BYPASS ROAD NAVEGAON COMPLEX GADCHIROLI 442605
Website : https://emrscharmoshi.emrsmaharashtra.com/"
367,"Aff. No. :1130264
Sch. Code:30203","State : MAHARASHTRA
District : GADCHIROLI",Senior Secondary Level,"Name : CARMEL HIGH SCHOOL
Head/Principal Name: FR. MELJO P. CHERIAN","Address : DANORA ROAD, DISTT GADCHIROLI - 442605 (M.S)
Website : www.carmelcbsegad.org"
368,"Aff. No. :1130467
Sch. Code:30436","State : MAHARASHTRA
District : GADCHIROLI",Secondary Level,"Name : CARMEL ACADEMY
Head/Principal Name: SHYAMA SADASHIVAN NAIR","Address : AMGAON, WADSA, DIST- GACHIROLI
Website : https://carmelacademywadsa.in"
369,"Aff. No. :1120124
Sch. Code:32125","State : MAHARASHTRA
District : GADCHIROLI",Senior Secondary Level,"Name : EKLAVYA MODEL RESIDENTIAL SCHOOL KORCHI
Head/Principal Name: Dharmendra Singh Thakur","Address : NEAR RURAL HOSPITAL, AT POST & TAH-KORCHI DIST-GADCHIROLI
Website : https://emrskorchi.emrsmaharashtra.com"
370,"Aff. No. :1120125
Sch. Code:32126","State : MAHARASHTRA
District : GADCHIROLI",Senior Secondary Level,"Name : EKLAVYA MODEL RESIDENTIAL SCHOOL DHANORA TAHSIL DHANORA DISTRICT GADCHIROLI
Head/Principal Name: MUKUND S BALVIR","Address : SITU AT GOVT ASHRAM SCHOOL SAWARGAON, AT POST SAWARGAON, TAHSIL DHANORA
Website : https://emrsdhanora.emrsmaharashtra.com/"
371,"Aff. No. :1120120
Sch. Code:32121","State : MAHARASHTRA
District : GADCHIROLI",Senior Secondary Level,"Name : EKLAVYA MODEL RESIDENTIAL SCHOOL ETAPALLI
Head/Principal Name: BHOOPENDRA NAVADYA","Address : NEAR POLICE STATION KASANSUR, SITU AT GOVERNMENT ASHRAMSCHOOL KASANSUR
Website : https://emrsetapalli.emrsmaharashtra.com/"
372,"Aff. No. :1120122
Sch. Code:32123","State : MAHARASHTRA
District : GADCHIROLI",Senior Secondary Level,"Name : EKLAVYA MODEL RESIDENTAIL SCHOOL
Head/Principal Name: Shankar S. Waghmare","Address : AT. PO. TADGAON, TQ. BHAMRAGAD
Website : www.emrsbhamragad.emrsmaharashtra.com"
373,"Aff. No. :1120100
Sch. Code:32100","State : MAHARASHTRA
District : GADCHIROLI",Senior Secondary Level,"Name : EKLAVYA MODEL RESIDENTIAL SCHOOL GEWARDHA
Head/Principal Name: Dharmendra Singh Thakur","Address : C/O GOVT ENGLISH MEDIUM ASHRAMSCHOOL , GADCHIROLI
Website : https://emrsgevardha.emrsmaharashtra.com"
374,"Aff. No. :1120006
Sch. Code:32007","State : MAHARASHTRA
District : GADCHIROLI",Senior Secondary Level,"Name : EKLAVYA RESIDENTIAL PUBLIC SCHOOL
Head/Principal Name: REKHA JIYALAL PARDHI","Address : TUMARGUNDA, TAL. ETAPALLI, DISTRICT GADCHIROLI, MAHARASHTRA
Website : https://emrstumargunda.emrsmaharashtra.com/index.html"
375,"Aff. No. :1031149
Sch. Code:30967","State : MAHARASHTRA
District : GADCHIROLI",Senior Secondary Level,"Name : PLATINUM JUBILEE SCHOOL & JR COLLEGE
Head/Principal Name: RAHIM RAMJANALI AMLANI","Address : AT POST GADCHIROLI
Website : https://platinumjubilee.org"
376,"Aff. No. :1130171
Sch. Code:30132","State : MAHARASHTRA
District : GADCHIROLI",Senior Secondary Level,"Name : SCHOOL OF SCHOLAR'S
Head/Principal Name: AJAY SHIVAJIRAO LANDGE","Address : MOUZA, LANGEDR, DHANA ROAD, TEH & DISTT. GADCHIROLI
Website : http://www.sosgadchiroli.edu.in"
377,"Aff. No. :1130163
Sch. Code:30120","State : MAHARASHTRA
District : JALGAON",Senior Secondary Level,"Name : RUSTOMJIE INTERNATIONAL SCHOOL
Head/Principal Name: VIRAF PESUNA","Address : GHAT NO. 99/1, MOHADI SHIVAR, JALGAON, MAHARASHTRA
Website : www.rustomjieinternational.edu.in"
378,"Aff. No. :1130185
Sch. Code:30134","State : MAHARASHTRA
District : JALGAON",Secondary Level,"Name : ST.JOSEPH CONVENT SCHOOL
Head/Principal Name: Lainy M.A.","Address : BILAKHED,BELGANGA(VIA) JALGAON, MAHARASHTRA
Website : https://sjcschalis.com/"
379,"Aff. No. :1130183
Sch. Code:30236","State : MAHARASHTRA
District : JALGAON",Senior Secondary Level,"Name : MACRO VISION ACADEMY SCHOOL
Head/Principal Name: JANARDAN DAMODAR DHANGAR","Address : VIVARA SHIVAR, RAVER, JALGAON
Website : http://macrovisionraver.org/"
380,"Aff. No. :1130156
Sch. Code:30106","State : MAHARASHTRA
District : JALGAON",Senior Secondary Level,"Name : ST. JOSEPH'S CONVENT SCHOOL
Head/Principal Name: MYRTLE REGEENA B","Address : SUOG COLONY JALGAON
Website : www.stjosephconventjalgaon.org"
381,"Aff. No. :1130144
Sch. Code:31499","State : MAHARASHTRA
District : JALGAON",Middle Class,"Name : PARAM POOJYA SHREE RAMKRISHNA SARASWATI GURUKUL
Head/Principal Name: SHUKLA R. N.","Address : AT-UMALE, POST-DHANWAD,
Website :"
382,"Aff. No. :1130104
Sch. Code:30115","State : MAHARASHTRA
District : JALGAON",Senior Secondary Level,"Name : KASHINATH PALOD PUBLIC SCHOOL
Head/Principal Name: Pravin Bhimrao Sonavane","Address : SHRI GURU NAGAR BEHIND KOLHE HILLS JALEGAON MAHARASHTRA
Website : www.vpjal.org"
383,"Aff. No. :1100036
Sch. Code:34048","State : MAHARASHTRA
District : JALGAON",Senior Secondary Level,"Name : PM SHRI KENDRIYA VIDYALAYA
Head/Principal Name: D S NANDESHWAR","Address : ORDNANCE FACTORY ESTATE BHUSAWAL JALGAON DIST. MAHARASHTRA
Website : https://no1bhusawal.kvs.ac.in"
384,"Aff. No. :1100030
Sch. Code:34018","State : MAHARASHTRA
District : JALGAON",Senior Secondary Level,"Name : PM SHRI KENDRIYA VIDYALAYA
Head/Principal Name: RAGINI GAJBHIYE","Address : ORDNANCE FACTORY VARANGAON JALGAON DISTT, MAHARASHTRA
Website : HTTPS://OFVARANGAON.KVS.AC.IN"
385,"Aff. No. :1100052
Sch. Code:34091","State : MAHARASHTRA
District : JALGAON",Senior Secondary Level,"Name : PM SHRI KENDRIYA VIDYALAYA
Head/Principal Name: SONA KUMAR","Address : UMAVI NAGAR PB NO 80 JALGAON MAHARASHTRA
Website : http://kvsecljamuna.com"
386,"Aff. No. :1130364
Sch. Code:30316","State : MAHARASHTRA
District : JALGAON",Senior Secondary Level,"Name : L.H. PATIL ENGLISH MEDIUM SCHOOL
Head/Principal Name: Jayashri Sachin Salunkhe","Address : GAT NO 116/1/1 ,AT POST WAVADADE,TAL/DIST:JALGAON
Website : www.lhpatilenglishmediumschool.com"
387,"Aff. No. :1130360
Sch. Code:30346","State : MAHARASHTRA
District : JALGAON",Senior Secondary Level,"Name : PODAR INTERNATIONAL SCHOOL
Head/Principal Name: Rachana Chavan","Address : SURVERY NO. 335/1, OPP: BAMBHORI OCTRAI NAKA, MUMBAI - NAGPUR HIGHWAY, JALGAON 425002
Website : www.podareducation.org/school/jalgaon"
388,"Aff. No. :1130347
Sch. Code:30340","State : MAHARASHTRA
District : JALGAON",Secondary Level,"Name : JAIN INTERNATIONAL ENGLISH MEDIUM SCHOOL
Head/Principal Name: Ferozabano Akil Khan","Address : AT POST:PALASKHEDE (BK)TAL:JAMNER.DIST:JALGAON
Website : http://jaininternationalschool.org"
389,"Aff. No. :1130405
Sch. Code:30376","State : MAHARASHTRA
District : JALGAON",Secondary Level,"Name : PODAR INTERNATIONAL SCHOOL, CHALISGAON
Head/Principal Name: AJAY MACHHINDRA GHORPADE","Address : SURVEY NO307/1,308/1,501/1, 501/2/1, CHHAYADIGRAM,OPP. KADIKARKHANA, RING ROAD, CHALISGAON
Website : http://www.podareducation.org/school/chalisgaon"
390,"Aff. No. :1130267
Sch. Code:30235","State : MAHARASHTRA
District : JALGAON",Senior Secondary Level,"Name : DR. ULHAS PATIL ENGLISH MEDIUM SCHOOL
Head/Principal Name: BHARTI KIRANKANT MAHAJAN","Address : MIDC AREA, SAVDA, VIJAY TYRES, SAVDA-FAIZPUR, JALGAON, MAHARASHTRA
Website : www.gfdupemss.com"
391,"Aff. No. :1130250
Sch. Code:30196","State : MAHARASHTRA
District : JALGAON",Senior Secondary Level,"Name : DR. ULHAS PATIL ENGLISH MEDIUM SCHOOL,
Head/Principal Name: Anagha Dattatraya Patil","Address : DR. ULHAS PATIL ENGLISH MEDIUM SCHOOL, GAT NO. 190/2B, MAHESH NAGAR, BHUSAWAL, DIST JALGAON,
Website : www.drulhaspatilschool.org"
392,"Aff. No. :1130259
Sch. Code:30202","State : MAHARASHTRA
District : JALGAON",Senior Secondary Level,"Name : GODAVARI FOUNDATIONS GODAVARI ENGLISH MEDIUM SCHOOL
Head/Principal Name: Nilima Rajendra Chaudhari","Address : NEAR BHARAT PETROLEUM, ADDI. MIDC IN FRONT OF UJWAL AUTOMOBILE, NATIONAL HIGHWAY 6, BHUSAWAL ROAD JALGAON.
Website : www.godavarischool.edu.in"
393,"Aff. No. :1130243
Sch. Code:30358","State : MAHARASHTRA
District : JALGAON",Senior Secondary Level,"Name : BOHRA CENTRAL SCHOOL,PAROLA.
Head/Principal Name: SHOBHA LAXMINARAYAN SONI","Address : SHRINATHJI NAGAR, PAROIA, TAL:-PAROLA, DIST:- JALGAON
Website : https://www.bohracentralschool.com/"
394,"Aff. No. :1130196
Sch. Code:30135","State : MAHARASHTRA
District : JALGAON",Senior Secondary Level,"Name : ORION ENGLISH MEDIUM SCHOOL
Head/Principal Name: SUSHMA SRINATH KANCHI","Address : JALGAON BAHINAI, VIDAGAN, DISTT JALGAON, MAHARASHTRA
Website : www.orioncbse.kces.in"
395,"Aff. No. :1130342
Sch. Code:30331","State : MAHARASHTRA
District : JALGAON",Senior Secondary Level,"Name : NIRMAL INTERNATIONAL SCHOOL
Head/Principal Name: GANESH KARANSING RAJPUT","Address : NEAR NIRMAL SEEDS PVT LTD, ANTURLI PHATA, BHADGAON ROAD, PACHORA 424201
Website : www.nirmalschool.org"
396,"Aff. No. :1130283
Sch. Code:30207","State : MAHARASHTRA
District : JALGAON",Senior Secondary Level,"Name : TAPTI PUBLIC SCHOOL
Head/Principal Name: NEENA MOSES CUTLER","Address : JAMNER ROAD, BHUSAWAL, JALGAON MAHARASHTRA
Website : www.tpsbsl.org"
397,"Aff. No. :1130995
Sch. Code:30956","State : MAHARASHTRA
District : JALGAON",Senior Secondary Level,"Name : BOHARA CENTRAL SCHOOL
Head/Principal Name: VAISHALI DEEPAK MORE","Address : OM SHANTI NAGAR, WAKI KHURD, JALGAON ROAD, JAMNER
Website : www.bcsjamner.in"
398,"Aff. No. :1130887
Sch. Code:30865","State : MAHARASHTRA
District : JALGAON",Senior Secondary Level,"Name : L.H.PATIL ENGLISH MEDIUM SCHOOL, JALGAON
Head/Principal Name: SHILPA AJIT MALARA","Address : GAT.NO.357/A, NEAR HOTEL ADINATH, MEHRUN SHIWAR, SHIRSOLI ROAD, JALGAON
Website : www.lhpems.in"
399,"Aff. No. :1130889
Sch. Code:30859","State : MAHARASHTRA
District : JALGAON",Secondary Level,"Name : VIVEKANAND ENGLISH MEDIUM SCHOOL
Head/Principal Name: Bharati Manish Punjabi","Address : YAWAL ROAD, NEAR KARGIL CHOWK, CHOPDA DIST. JALGAON MAHARASHTRA
Website : www.vemschopda.com"
400,"Aff. No. :1130799
Sch. Code:30721","State : MAHARASHTRA
District : JALGAON",Senior Secondary Level,"Name : VARDHAMAN UNIVERSE ACADEMY ENGLISH SCHOOL JALGAON
Head/Principal Name: Dr ASHISH CHANDRAKANT AJMERA","Address : 150/2 SAVKHEDA SHIVAR GIRNA PUMPING ROAD JALGAON
Website : https://vardhamanuniverseacademy.in/"
401,"Aff. No. :1130778
Sch. Code:30703","State : MAHARASHTRA
District : JALGAON",Secondary Level,"Name : SWAMI VIVEKANANDA INTERNATIONAL SCHOOL
Head/Principal Name: VINOD PRABHAKAR AMRUTKAR","Address : PRATAP MILL COMPOUND,GALVADE ROAD, AMALNER
Website : www.svis.co.in"
402,"Aff. No. :1130785
Sch. Code:30714","State : MAHARASHTRA
District : JALGAON",Senior Secondary Level,"Name : BARDIYA INTERNATIONAL SCHOOL
Head/Principal Name: SAGAR ULHAS PATIL","Address : GAT NO. 97, JAMNER ROAD
Website : www.bardiyainternationalschool.co.in"
403,"Aff. No. :1130834
Sch. Code:30767","State : MAHARASHTRA
District : JALGAON",Secondary Level,"Name : SRI. SURESHCHAND B.SANGHVI INTERNATIONAL SCHOOL
Head/Principal Name: VAISHALI DNYANESHWAR PANDIT","Address : UTRAN. GH. TAL. ERANDOL. DIST. JALGAON
Website : www.sanghvinternational.in"
404,"Aff. No. :1130734
Sch. Code:30678","State : MAHARASHTRA
District : JALGAON",Senior Secondary Level,"Name : SHINDE INTERNATIONAL SCHOOL
Head/Principal Name: VIJAY GORAKH PATIL","Address : BHADGAON ROAD
Website : www.shindeinternational.com"
405,"Aff. No. :1130716
Sch. Code:30626","State : MAHARASHTRA
District : JALGAON",Senior Secondary Level,"Name : LORD GANESHA ENGLISH SCHOOL JAMNER
Head/Principal Name: Laishram Dhananjoy Singha","Address : KESHAR KASTURI PARK, FATTEPUR ROAD, JAMNER
Website : www.lordganeshaenglishschool.org.in"
406,"Aff. No. :1130706
Sch. Code:30685","State : MAHARASHTRA
District : JALGAON",Senior Secondary Level,"Name : SHREE EKNATHRAO KHADSE TALENT SCHOOL
Head/Principal Name: ANIL YUVARAJ PATIL","Address : NEAR KHADSE FARMS
Website : www.sektschool.co.in"
407,"Aff. No. :1130686
Sch. Code:30604","State : MAHARASHTRA
District : JALGAON",Secondary Level,"Name : IMPERIAL INTERNATIONAL SCHOOL
Head/Principal Name: VIVEK RAMBHAU RUPNAR","Address : GAT NO. 382/2, SAVDA ROAD PALDHI, JALGAON
Website : www.imperialschool.co.in"
408,"Aff. No. :1130575
Sch. Code:30514","State : MAHARASHTRA
District : JALGAON",Senior Secondary Level,"Name : PODAR INTERNATIONAL SCHOOL
Head/Principal Name: Sachin Bansode","Address : PRINCIPAL, PODAR INTERNATIONAL SCHOOL,BHUSAVAL, 68 /1 AKLUD , YAWAL ROAD ,P.O.- PADALSE , MAHARASHTRA, INDIA
Website : www.podareducation.org/school/bhusawal"
409,"Aff. No. :1130606
Sch. Code:30603","State : MAHARASHTRA
District : JALGAON",Secondary Level,"Name : DR. JAGDISH PATIL ENGLISH MEDIUM SCHOOL
Head/Principal Name: YOGESH TULSHIRAM SONAWANE","Address : SATOD SIVAR, NEW MUKTAI TEMPLE,MUKATAINAGAR DIST JALGAON
Website : www.drjpemcbseschool.org"
410,"Aff. No. :1130618
Sch. Code:30599","State : MAHARASHTRA
District : JALGAON",Senior Secondary Level,"Name : MAHATMA GANDHI SHIKSHAN MANDAL SANCHALIT OXFORD ENGLISH MEDIUM SCHOOL
Head/Principal Name: Arun Ambu Patil","Address : ARTS, SCIENCE AND COMMERCE COLLEGE CAMPUS,YAWAL ROAD
Website : https://www.mgsmoxford.ac.in"
411,"Aff. No. :1130506
Sch. Code:30424","State : MAHARASHTRA
District : JALGAON",Senior Secondary Level,"Name : PANKAJ GLOBAL PUBLIC SCHOOL
Head/Principal Name: MILIND PATIL","Address : DHARANGAON RD, CHOPDA, JALGAON,MH
Website : www.pankajglobal.in"
412,"Aff. No. :1130502
Sch. Code:31502","State : MAHARASHTRA
District : JALGAON",Middle Class,"Name : BOHARA CENTRAL SCHOOL JAMNER
Head/Principal Name: Mrs.Haripriya Sapkale","Address : OM SHANTI NAGAR WAKI KHURD JALGAON ROAD JAMNER
Website : http://www.osjamner.org"
413,"Aff. No. :1130492
Sch. Code:30407","State : MAHARASHTRA
District : JALGAON",Senior Secondary Level,"Name : SHREE SWAMINARAYAN ENGLISH MEDIUM SCHOOL
Head/Principal Name: Waghulade Sanjay Beniram","Address : AT POST SAVDA TAL RAVER DIST JALGAON
Website : www.swaminarayaneducation.org"
414,"Aff. No. :1130518
Sch. Code:30447","State : MAHARASHTRA
District : JALGAON",Senior Secondary Level,"Name : ADV.LALITA PATIL INTERNATIONAL SCHOOL
Head/Principal Name: NIRAJ VINAYAKRAO CHAVAN","Address : NEAR GOSHALA,CHOPDA ROAD AMALNER
Website : www.lalitapatilischool.com"
415,"Aff. No. :1180025
Sch. Code:34017","State : MAHARASHTRA
District : JALGAON",Senior Secondary Level,"Name : CENTRAL RAILWAY SR.SECONDARY SCHOOL
Head/Principal Name: SATYA NARAYAN CHHAWAL","Address : JALGAON BHUSAWAL JALGAON DIST. MAHARASHTRA
Website : www.crssembsl.in"
416,"Aff. No. :1131290
Sch. Code:31277","State : MAHARASHTRA
District : JALGAON",Senior Secondary Level,"Name : G H RAISONI PUBLIC SCHOOL
Head/Principal Name: CHRISTABEL PEREIRA","Address : NEAR MATOSHRI RUDHHASHRAM , TAL AND DISTRICT JALGAON.
Website : www.ghrpsjal.raisoni.net"
417,"Aff. No. :1131191
Sch. Code:31178","State : MAHARASHTRA
District : JALGAON",Secondary Level,"Name : KIDS GURUKUL INTERNATIONAL SCHOOL
Head/Principal Name: GUNJAN PANKAJ DAULTANI","Address : P.NO.111 PARSHVAPURAM APARTMENT JALGAON., P.NO.111 PARSHVAPURAM APARTMENT JALGAON.
Website : www.kidsgurukul.com"
418,"Aff. No. :1131194
Sch. Code:31181","State : MAHARASHTRA
District : JALGAON",Secondary Level,"Name : SAYARDEVI BOHRA CENTRAL SCHOOL
Head/Principal Name: Jitendra Raghunath Singh","Address : NEAR MSEB SUB-STATION,, DHULE ROAD, MANGRUL
Website : www.sbcschoolmh.org"
419,"Aff. No. :1131481
Sch. Code:31470","State : MAHARASHTRA
District : JALGAON",Secondary Level,"Name : SHRI.N.T.MUNDADA GLOBAL VIEW SCHOOL
Head/Principal Name: LAKSHMAN LAJAPATHY","Address : NEAR WATER TANK AMALNER, BEHIND CIVIL COURT, NEW PLOT
Website : www.mundadaglobal.com"
420,"Aff. No. :1131463
Sch. Code:31452","State : MAHARASHTRA
District : JALGAON",Secondary Level,"Name : AAGNES INTERNATIONAL SCHOOL
Head/Principal Name: Rajkumar Mayaram Barayya","Address : BYE PASS T POINT , KANNAD ROAD, CHALISGAON
Website : www.aagnesschool.com"
421,"Aff. No. :1131510
Sch. Code:31507","State : MAHARASHTRA
District : JALGAON",Secondary Level,"Name : SAMYAK ENGLISH MEDIUM SCHOOL
Head/Principal Name: NITA SANDIP PATIL","Address : SURVEY NO. 653/2, AT POST AND TALUKA ERANDOL, DISTRICT JALGAON
Website : www.samyakschool.com"
422,"Aff. No. :1131610
Sch. Code:31609","State : MAHARASHTRA
District : JALGAON",Secondary Level,"Name : PROGRESSIVE ENGLISH MEDIUM SCHOOL
Head/Principal Name: SMITA GHORMODE","Address : NEAR KRUSHI UTAPANNA BAZAR SAMITI, NEAR KRUSHI UTAPANNA BAZAR SAMITI, NEAR KRUSHI UTAPANNA BAZAR SAMITI
Website : https://pemserandol.com"
423,"Aff. No. :1131598
Sch. Code:31596","State : MAHARASHTRA
District : JALGAON",Secondary Level,"Name : RA.KA. INTERNATIONAL CBSE ENGLISH MEDIUM SCHOOL,
Head/Principal Name: RAMAN KUMAR","Address : SURVEY NO 842/3, AJANDA ROAD RAVER , TAL.-RAVER, DIST.- JALGAON
Website : http://rakainternational.in"
424,"Aff. No. :1131591
Sch. Code:31588","State : MAHARASHTRA
District : JALGAON",Secondary Level,"Name : THE WORLD SCHOOL INDIA
Head/Principal Name: Girish Madhukar Dabhade","Address : PACHORA, TEH PACHORA, DISTRICT JALGAON, MAHARASHTRA
Website : http://www.theworldinternationalschool.in/"
425,"Aff. No. :1131630
Sch. Code:31629","State : MAHARASHTRA
District : JALGAON",Secondary Level,"Name : PRATAP VIDYA MANDIR ENGLISH MEDIUM SCHOOL
Head/Principal Name: RAJEESH B","Address : NEAR B.ED COLLEGE, ARUNODAY COLONY, OLD SHIRPUR ROAD
Website : https://pvmemschopda.in/"
426,"Aff. No. :1140009
Sch. Code:34063","State : MAHARASHTRA
District : JALGAON",Senior Secondary Level,"Name : PM SHRI SCHOOL JAWAHAR NAVODAYA VIDYALAYA
Head/Principal Name: AMITABH BHUKTAR","Address : BHUSAWAL SAKGAON DIST. JALGAON MAHARASHTRA
Website : https://navodaya.gov.in/nvs/nvs-school/Jalgaon/en/home/"
427,"Aff. No. :1131522
Sch. Code:31519","State : MAHARASHTRA
District : JALGAON",Secondary Level,"Name : GENIUS INTERNATIONAL SCHOOL
Head/Principal Name: DEEPAK CHANDRAKANT GOSAVI","Address : NEAR DARSHAN PARK , WAKI KH., JAMNER
Website : https://www.geniusinternationalschooljamner.com"
428,"Aff. No. :1131580
Sch. Code:31577","State : MAHARASHTRA
District : JALGAON",Secondary Level,"Name : PARAS PODAR LEARN SCHOOL
Head/Principal Name: JATIN HINDUJA","Address : SURVEY NO. 772/2, , AJANDA ROAD, RAVER, JALGAON
Website : https://paraspodar.org/contact.html"
429,"Aff. No. :1131585
Sch. Code:31582","State : MAHARASHTRA
District : JALGAON",Secondary Level,"Name : THE WORLD INTERNATIONAL SCHOOL
Head/Principal Name: Shyam Vijay Bajpeyi","Address : PIMPALGAON HARE., TAL., PACHORA, DISTRICT JALGAON
Website : https://www.twischoolpimpalgaon.in/"
430,"Aff. No. :1131565
Sch. Code:31562","State : MAHARASHTRA
District : JALNA",Secondary Level,"Name : DNYANLATA PUBLIC SCHOOL
Head/Principal Name: SANJAY VYAVAHARE","Address : S.NO. 143/3, PARTUR, TAL. PARTUR, DIST. JALNA
Website : www.dnyanlatapublicschool.com"
431,"Aff. No. :1140013
Sch. Code:34065","State : MAHARASHTRA
District : JALNA",Senior Secondary Level,"Name : PM SHRI SCHOOL JAWAHAR NAVODAYA VIDYALAYA
Head/Principal Name: S G PAWAR","Address : AMBA - PARTUR JALNA DISTT MAHARASHTRA
Website : www.navodaya.gov.in/nvs/nvs-school/Jalna/en/home/"
432,"Aff. No. :1131460
Sch. Code:31449","State : MAHARASHTRA
District : JALNA",Secondary Level,"Name : VSS SCHOOL
Head/Principal Name: POOJA PRASAD MADAN","Address : GUT NO 101 104, CHHATRAPATI SAMBHAJI NAGAR ROAD, BADNAPUR
Website : www.vssschool.org"
433,"Aff. No. :1131439
Sch. Code:31428","State : MAHARASHTRA
District : JALNA",Secondary Level,"Name : INFINITY PODAR LEARN SCHOOL
Head/Principal Name: Manjunatha S","Address : GAT NO 196, MALKHEDA, TAL.-BHOKARDAN, DIST. JALNA, MAHARASHTRA
Website : https://www.infinitypodarlearnschool.com/"
434,"Aff. No. :1131422
Sch. Code:31411","State : MAHARASHTRA
District : JALNA",Senior Secondary Level,"Name : NARAYANA E-TECHNO SCHOOL
Head/Principal Name: WESLY JOHN KOSHY","Address : SURVEY NO.241, JALNA, ..
Website : https://www.narayanaschools.in/maharastra/jalna"
435,"Aff. No. :1131190
Sch. Code:31177","State : MAHARASHTRA
District : JALNA",Secondary Level,"Name : R P INTERNATIONAL SCHOOL
Head/Principal Name: CHANDRASHEKHAR PANDHARINATH JAGTAP","Address : PACHOD ROAD, AMBAD TAL. AMBAD, DIST JALNA
Website : https://rpisambad.in/"
436,"Aff. No. :1131306
Sch. Code:31293","State : MAHARASHTRA
District : JALNA",Secondary Level,"Name : KOTHARI INTERNATIONAL DREAM SCHOOL
Head/Principal Name: SAROJ PANDITRAO KORE","Address : DEULGAON RAJA ROAD, JALNA
Website : www.kotharidreamschool.com"
437,"Aff. No. :1130526
Sch. Code:30567","State : MAHARASHTRA
District : JALNA",Secondary Level,"Name : ANIL JINDAL WORLD SCHOOL
Head/Principal Name: Shilpa Anand Lokhande","Address : GUT NO.171, NIDHONA ROAD, MOJE : NAGEWADI, TQ & DIST. JALNA 431203
Website : www.aniljindalworldschool.com"
438,"Aff. No. :1130540
Sch. Code:31119","State : MAHARASHTRA
District : JALNA",Senior Secondary Level,"Name : RAJMATA JIJAU ENGLISH SCHOOL
Head/Principal Name: SANJAY RAJARAM FALTANKAR","Address : TEMBHURNI TAL.JAFRABAD DIST.JALNA 431 206
Website : www.rjestembhurni.in"
439,"Aff. No. :1130612
Sch. Code:30542","State : MAHARASHTRA
District : JALNA",Secondary Level,"Name : PIONEER INTERNATIONAL CBSE SCHOOL
Head/Principal Name: GANESH BHANUDAS ALHAT","Address : AT.JOMALA
Website : https://pioneerinternationalschool.co.in/"
440,"Aff. No. :1130634
Sch. Code:31118","State : MAHARASHTRA
District : JALNA",Senior Secondary Level,"Name : JIJAYU INTERNATIONAL ENGLISH MEDIUM SCHOOL
Head/Principal Name: YOGESH RAJENDRA SHIMPI","Address : JIJAMATA GRAMIN VIKAS VA SHIKSHAN SANSTHA AT JAFRABAD TALUKA JAFRABAD DIST JALNA
Website : www.rjes.in"
441,"Aff. No. :1130736
Sch. Code:30654","State : MAHARASHTRA
District : JALNA",Secondary Level,"Name : VIVEKANANDA ENGLISH SCHOOL
Head/Principal Name: Bhalchandra Subhashrao Mahajan","Address : SELU ROAD, PARTUR
Website : https://vivekanandsevakendra.org"
442,"Aff. No. :1130768
Sch. Code:30720","State : MAHARASHTRA
District : JALNA",Senior Secondary Level,"Name : RISHI VIDYA EDUCATIONAL SCHOOL
Head/Principal Name: Hema Maheshwar Sontakke","Address : RAJGADH, MANTHA ROAD, AT.POST. KHARPUDI, TQ. DIST. JALNA
Website : https://rishividyaschool.com/"
443,"Aff. No. :1130846
Sch. Code:30791","State : MAHARASHTRA
District : JALNA",Secondary Level,"Name : TWINKLE STAR ENGLISH SCHOOL
Head/Principal Name: Nishigandha Popatrao Deshmukh","Address : AURANGABAD- JALNA HIGHWAY NO -06 OPPOSITE AGRICULTURE COLLEGE, BADNAPUR, DIST- JALNA
Website : http://nkspt.org/twinklestar/"
444,"Aff. No. :1130853
Sch. Code:30818","State : MAHARASHTRA
District : JALNA",Secondary Level,"Name : ST. MARYS HIGH SCHOOL
Head/Principal Name: PATRAS TIRKEY","Address : DEVALGAON RAJA ROAD, JALNA
Website : www.stmaryshighschooljalna.com"
445,"Aff. No. :1130859
Sch. Code:30790","State : MAHARASHTRA
District : JALNA",Secondary Level,"Name : PODAR INTERNATIONAL SCHOOL
Head/Principal Name: J HENRY DAVID","Address : PODAR INTERNATIONAL SCHOOL, GAT NO.264, DEVMURTI VILLAGE TAL. DIST.JALNA.
Website : https://www.podareducation.org/school/jalna2"
446,"Aff. No. :1130861
Sch. Code:30782","State : MAHARASHTRA
District : JALNA",Secondary Level,"Name : R.P.ENGLISH MEDIUM SCHOOL BADNAPUR
Head/Principal Name: Bijaya Kumar Mallik","Address : NEAR RAILWAY STATION BADNAPUR
Website : www.rpemschool.in"
447,"Aff. No. :1130941
Sch. Code:30890","State : MAHARASHTRA
District : JALNA",Secondary Level,"Name : GLOBAL GURUKUL
Head/Principal Name: RAMAN REGHUNATH","Address : SURVEY 345, RING ROAD MANTHA AMBAD BYPASS BELOW RAILWAY FLYOVER BRIDGE, JALNA 431203 MAHARASHTRA
Website : www.theglobalgurukul.com"
448,"Aff. No. :1130113
Sch. Code:30094","State : MAHARASHTRA
District : JALNA",Secondary Level,"Name : PODAR SCHOOL
Head/Principal Name: MRS RANI MARIA XAVIER","Address : SHIVAJI STATUE NEAR MADHUBAN HOTEL OPP OM HOSPITAL JALNA AURANGABAD MAHARASHTRA
Website : https://www.podareducation.org/school/jalna"
449,"Aff. No. :1130061
Sch. Code:30039","State : MAHARASHTRA
District : JALNA",Senior Secondary Level,"Name : GOLDEN JUBILEE SCHOOL
Head/Principal Name: PRIYA PETER","Address : DEVALGAON RAJA MANTHA ROAD JALNA MAHARASHTRA
Website : www.goldenjubileeschool.in"
450,"Aff. No. :1130145
Sch. Code:30107","State : MAHARASHTRA
District : JALNA",Secondary Level,"Name : RAYAN INTERNATIONAL SCHOOL
Head/Principal Name: POONAM NARWADE","Address : BEHIND S.R.P.F. MANTHA RING ROAD, SAI NAGAR JALNA
Website : https://bit.ly/RIS_Jalna"
451,"Aff. No. :1130143
Sch. Code:","State : MAHARASHTRA
District : JALNA",Secondary Level,"Name : RYAN INTERNATIONAL SCHOOL
Head/Principal Name: RUBAN FRANK","Address : BEHIND S.R.P.F. MANTHA RING ROAD, SAI NAGAR
Website :"
452,"Aff. No. :1130152
Sch. Code:30156","State : MAHARASHTRA
District : KOLHAPUR",Senior Secondary Level,"Name : LATE MRS HOUSABAI JAYAPAL MAGDUM PUBLIC SCHOOL, NIMSHIRGAON
Head/Principal Name: Sonal Rajendra Rajmane","Address : AT/POST.: NIMSHIRGAON, TAL.; SHIROL,DIST.: KOLHAPUR [M.S.]
Website : www.hjmpublicschool.com"
453,"Aff. No. :1130132
Sch. Code:30082","State : MAHARASHTRA
District : KOLHAPUR",Senior Secondary Level,"Name : SHANTI NIKETAN,
Head/Principal Name: JAYSHREE NITIN JADHAV","Address : R.S. NO. 134, 'E' WARD, NEAR SHIVAJI UNIVERSITY, KOLHAPUR MAHARASHTRA
Website : www.shantiniketankop.edu.in"
454,"Aff. No. :1130172
Sch. Code:30128","State : MAHARASHTRA
District : KOLHAPUR",Senior Secondary Level,"Name : SANJEEVAN PUBLIC SCHOOL
Head/Principal Name: BABASAHEB RAJARAM BELEKAR","Address : A/P. SOMWAR PETH, PANHALA, DIST KOLHAPUR
Website : www.sanjeevanpublicschool.org"
455,"Aff. No. :1130076
Sch. Code:30057","State : MAHARASHTRA
District : KOLHAPUR",Senior Secondary Level,"Name : BUDS INTERNATIONAL SCHOOL, KOLHAPUR
Head/Principal Name: ASHA BALKRISHNA ANAND","Address : 576 E RAJENDRA NAGAR WATAR TANK KOLHAPUR, MAHARASHTRA
Website : www.budsinternationalschool.org"
456,"Aff. No. :1130098
Sch. Code:30072","State : MAHARASHTRA
District : KOLHAPUR",Senior Secondary Level,"Name : FORT INTERNATIONAL ACADEMY
Head/Principal Name: SHILPA SACHIN VANKUDRE","Address : PANHALA VIDYANAGRI VAGHABIL TAL PANHALA DISTT KOLHAPUR MAHARASHTRA
Website : www.mohiteinternationalschool.com"
457,"Aff. No. :1130312
Sch. Code:30332","State : MAHARASHTRA
District : KOLHAPUR",Secondary Level,"Name : NEW HORIZON SCHOOL, AURNAL
Head/Principal Name: Sunita Dattaram Patil","Address : SHENDRI ROAD. A/P- AURNAL, TAL- GADHINGLAJ
Website : www.newhorizon.edu.in"
458,"Aff. No. :1130334
Sch. Code:30258","State : MAHARASHTRA
District : KOLHAPUR",Senior Secondary Level,"Name : SANJAY GHODAWAT INTERNATIONAL SCHOOL
Head/Principal Name: SASMITA BALASAHEB MOHANTY","Address : GAT NO. 555, SANGLI-KOLHAPUR HIGHWAY
Website : www.sgischool.in"
459,"Aff. No. :1130328
Sch. Code:30299","State : MAHARASHTRA
District : KOLHAPUR",Secondary Level,"Name : LITERA VALLEY ZEE SCHOOL
Head/Principal Name: VRUSHALI SHRENIK CHOUGULE","Address : SURVEY NO 1133, RAMLING ROAD AT POST ALATE
Website : https://www.lvzeeschool.org/"
460,"Aff. No. :1130302
Sch. Code:30317","State : MAHARASHTRA
District : KOLHAPUR",Secondary Level,"Name : YASHWANT INTERNATIONAL ENGLISH ACADEMY, KODOLI
Head/Principal Name: PROF MANDAR PRABHAKAR PASARNIKAR","Address : A/P - KODOLI TAL - PANHALA DIST - KOLHAPUR
Website : www.yiea.org"
461,"Aff. No. :1130303
Sch. Code:30388","State : MAHARASHTRA
District : KOLHAPUR",Senior Secondary Level,"Name : PODAR INTERNATIONAL SCHOOL, KOLHAPUR
Head/Principal Name: Shilpa Kapoor","Address : GAT NO 1032 A WARD, KASBA KARVEER RADHANAGARI ROAD, NEAR MHADA COLONY, KOLHAPUR, 416012
Website : www.podareducation.org/school/kolhapur"
462,"Aff. No. :1130275
Sch. Code:30227","State : MAHARASHTRA
District : KOLHAPUR",Secondary Level,"Name : EKLAVYA PUBLIC SCHOOL
Head/Principal Name: S.VALLERY VIJAY","Address : WAGHABILL -DANEWADI, PANHALA, KOHAPUR
Website : https://www.eklavyapublicschool.com/"
463,"Aff. No. :1130220
Sch. Code:30231","State : MAHARASHTRA
District : KOLHAPUR",Secondary Level,"Name : DEEP PUBLIC SCHOOL
Head/Principal Name: Namita Sunil Jain","Address : GAT NO. 118 SHIROL - KOLHAPUR BYE PASS ROAD
Website : www.deepschool.org"
464,"Aff. No. :1130414
Sch. Code:30476","State : MAHARASHTRA
District : KOLHAPUR",Secondary Level,"Name : SHRI BALAJI PUBLIC SCHOOL
Head/Principal Name: SNEHAL VINAY DANDGE","Address : A/P TAKAWADE, TAL- SHIROL, DIST- KOLHAPUR
Website : www.shribalajipublicschool.edu.in"
465,"Aff. No. :1130396
Sch. Code:30318","State : MAHARASHTRA
District : KOLHAPUR",Secondary Level,"Name : CHHATRAPATI SHAHU VIDYALAYA
Head/Principal Name: Jayanti Amar Indulkar","Address : NEW PALACE AREA
Website : www.csvcbse.net"
466,"Aff. No. :1130398
Sch. Code:30322","State : MAHARASHTRA
District : KOLHAPUR",Senior Secondary Level,"Name : VIBGYOR HIGH
Head/Principal Name: Praveen Sharma","Address : RS 301, PO- UCHGAON, TALUKA - KARVIR, MUDSHINGI ROAD, NEAR OM SAI PETROL PUMP, KOLHAPUR
Website : www.vibgyorhigh.com"
467,"Aff. No. :1130443
Sch. Code:30518","State : MAHARASHTRA
District : KOLHAPUR",Secondary Level,"Name : D.K.T.E. SOCIETY'S INTERNATIONAL SCHOOL,
Head/Principal Name: MALA SOOD","Address : A/P :- TARDAL,ICHALKARANJI, KOLHAPUR
Website : www.dkteis.com"
468,"Aff. No. :1130439
Sch. Code:30349","State : MAHARASHTRA
District : KOLHAPUR",Senior Secondary Level,"Name : DR. CYRUS POONAWALLA INTERNATIONAL SCHOOL
Head/Principal Name: SHIVANI SAMADHAN CHAVAN","Address : NEAR MUNICIPAL COUNCIL, DISTT KOLHAPUR, MAHARASHTRA
Website : https://dcpis.edu.in/"
469,"Aff. No. :1130451
Sch. Code:30490","State : MAHARASHTRA
District : KOLHAPUR",Senior Secondary Level,"Name : SAI INTERNATIONAL SCHOOL
Head/Principal Name: Sujata Annasaheb Nagarale","Address : AT POST SHENDRI, POST BADYACHI WADI, NEAR GADHINGLAJ MIDC, TALUKA GADHINGLAJ, DISTRICT KOLHAPUR
Website : http://saieducationsociety.org"
470,"Aff. No. :1130997
Sch. Code:30971","State : MAHARASHTRA
District : KOLHAPUR",Secondary Level,"Name : RSEMS GLOBAL SCHOOL
Head/Principal Name: JOYDEV ROY","Address : CSIBER CAMPUS SHIVAJI UNIVERSITY ROAD KOLHAPUR
Website : http://www.rgsk.in/global/default.aspx"
471,"Aff. No. :1131052
Sch. Code:31029","State : MAHARASHTRA
District : KOLHAPUR",Secondary Level,"Name : DR. D. Y. PATIL VIDYANIKETAN SCHOOL
Head/Principal Name: Shanthi Krishnamoorthy","Address : 865 A WARD, SALOKHENAGAR, KOLHAPUR.
Website : https://dypvidyaniketan.org.in/"
472,"Aff. No. :1130868
Sch. Code:30794","State : MAHARASHTRA
District : KOLHAPUR",Secondary Level,"Name : PODAR INTERNATIONAL SCHOOL, VILLAGE YADRAV, TALUK SHIROL, DISTRICT KOLHAPUR 416146
Head/Principal Name: ISHWAR PATIL","Address : VILLAGE YADRAV BEHIND TVS 2-WHEELER SHOWROOM, ICHALKARANJI- SANGLI ROAD, ICHALKARANJI 416 115
Website : https://www.podareducation.org/school/ichalkaranji"
473,"Aff. No. :1130787
Sch. Code:30771","State : MAHARASHTRA
District : KOLHAPUR",Secondary Level,"Name : PANCHSHIL SHIKSHAN SANSTHA
Head/Principal Name: Rahul H Kotagi","Address : HOLYDEN ENGLISH MEDIUM SCHOOL SHREE GAHININATH GAIBI PIR NAGAR SANGOAN ROAD AT POST KAGAL TAL KAGAL DIST KOLHAPUR MAHARASHTRA 416216
Website : www.holydenkagal.com"
474,"Aff. No. :1130832
Sch. Code:30768","State : MAHARASHTRA
District : KOLHAPUR",Senior Secondary Level,"Name : CHATE SCHOOL AND JR COLLEGE OF SCIENCE
Head/Principal Name: BHARAT RAMKRISHNA KHARATE","Address : SURVEY NO.382
Website : www.chateschoolkatyayani"
475,"Aff. No. :1130810
Sch. Code:30738","State : MAHARASHTRA
District : KOLHAPUR",Senior Secondary Level,"Name : SYMBOLIC INTERNATIONAL SCHOOL
Head/Principal Name: Geeta Ganpatrao Patil","Address : SHIROLI(P), TAL: HATKANANGALE, DIST:KOLHAPUR
Website : https://siscbse.in/"
476,"Aff. No. :1130746
Sch. Code:30646","State : MAHARASHTRA
District : KOLHAPUR",Secondary Level,"Name : ANNASAHEB BALASAHEB CHAKOTE ENGLISH SCHOOL
Head/Principal Name: VIJAY TUKARAM NIKAM","Address : A/P. NANDANI-JAYSINGPUR ROAD, DHARANGUTTI, TAL.SHIROL, DIST.KOLHAPUR.
Website : www.abcenglishschool.com"
477,"Aff. No. :1130733
Sch. Code:30640","State : MAHARASHTRA
District : KOLHAPUR",Secondary Level,"Name : SRI SAIS NEW GENERATION INNOVATIVE SCHOOL
Head/Principal Name: DR VIJAYA MOHAN","Address : 4269 SHIVNAGAR (DHANGAR MAL), GANGANAGAR POST
Website : www.ngiskorochi.in"
478,"Aff. No. :1130649
Sch. Code:30554","State : MAHARASHTRA
District : KOLHAPUR",Senior Secondary Level,"Name : MY SCHOOL
Head/Principal Name: Prashant Shriram Homkar","Address : NEAR CHOUNDESHWARI COTTON MILL, SANGLI-KOLHAPUR HIGHWAY CHIPRI. TAL SHIROL DIST.KOLHAPUR
Website : www.myschool.edu.in"
479,"Aff. No. :1130559
Sch. Code:30483","State : MAHARASHTRA
District : KOLHAPUR",Secondary Level,"Name : FR. AGNEL SCHOOL
Head/Principal Name: AUGUSTINE ABRAHAM SANTOSH D SOUZA","Address : TAL. CHANDGAD, DIST. KOLHAPUR MAHARASHTRA-416509
Website : www.fragnelschoolchandgad.org"
480,"Aff. No. :1130548
Sch. Code:30508","State : MAHARASHTRA
District : KOLHAPUR",Secondary Level,"Name : SARVODAYA VIVEK JEEVAN VIDYA PUBLIC SCHOOL
Head/Principal Name: Sumaiya Azaruddin Khalifa","Address : 545/2A, SHENDRI ROAD BADYACHIWADI GANDHINGLAJ KOLHAPUR
Website : www.sarvodayacbseschool.com"
481,"Aff. No. :1131238
Sch. Code:31225","State : MAHARASHTRA
District : KOLHAPUR",Senior Secondary Level,"Name : A.D.MANE INTERNATIONAL ACADEMY
Head/Principal Name: VILAS BHANUDAS SASMILE","Address : SANGAON ROAD , KAGAL
Website : www.admiakagal.edu.in"
482,"Aff. No. :1131177
Sch. Code:31162","State : MAHARASHTRA
District : KOLHAPUR",Secondary Level,"Name : SHRADDHA PUBLIC SCHOOL
Head/Principal Name: MUJAWAR SALIM ISMAIL","Address : OPPOSITE NAVODAYA VIDYALAYA SANGAON ROAD, KAGAL
Website : http://shraddhaschool.edu.in"
483,"Aff. No. :1131076
Sch. Code:31056","State : MAHARASHTRA
District : KOLHAPUR",Secondary Level,"Name : SANJEEVAN ENGLISH MEDIUM SCHOOL
Head/Principal Name: APURVA AMAR SARNAIK","Address : 1363 A WARD KHARADE COMPLEX SHIVAJI PETH NEAR SANDHYA MATH RANKALA ROAD KOLHAPUR
Website : https://www.jjsems.in"
484,"Aff. No. :1131514
Sch. Code:31511","State : MAHARASHTRA
District : KOLHAPUR",Secondary Level,"Name : NEW MODEL ENGLISH SCHOOL
Head/Principal Name: ASIF MAHAMAD KOTWAL","Address : 2130, E, , TARABAI PAK, KOLHAPUR
Website : http://newmodelkop.org"
485,"Aff. No. :1140023
Sch. Code:34082","State : MAHARASHTRA
District : KOLHAPUR",Senior Secondary Level,"Name : PM SHRI SCHOOL JAWAHAR NAVODAYA VIDYALAYA
Head/Principal Name: D RAVI DAMODAR","Address : C/0 ALKA SHETI FARM KAGAL DISTT KOLHAPUR MAHARASHTRA
Website : https://navodaya.gov.in/nvs/nvs-school/Kolhapur/en/home/"
486,"Aff. No. :1131601
Sch. Code:31599","State : MAHARASHTRA
District : KOLHAPUR",Secondary Level,"Name : ANEKANT ENGLISH MEDIUM SCHOOL,JAYSINGPUR
Head/Principal Name: Balkrishna Appasaheb Patil","Address : JAYSINGPUR, JAYSINGPUR, JAYSINGPUR
Website : www.anekantjsp.in"
487,"Aff. No. :1131613
Sch. Code:31612","State : MAHARASHTRA
District : KOLHAPUR",Senior Secondary Level,"Name : ROYAL ENGLISH MEDIUM SCHOOL, TILAWANI
Head/Principal Name: Padmashri Abhay Purant","Address : GAT NO 12, NEAR SARASWATI PETROL, GAT NO 12, NEAR SARASWATI PETROL, GAT NO 12, NEAR SARASWATI PETROL
Website : https://royalenglishmediumschool.in/"
488,"Aff. No. :1131618
Sch. Code:31617","State : MAHARASHTRA
District : KOLHAPUR",Secondary Level,"Name : VILASRAO KORE INTERNATIONAL SCHOOL
Head/Principal Name: Suhas Mahadev Rokade","Address : TATYASAHEB KORE NAGAR, AMRUTNAGAR, HATKANANGALE
Website : http://vkis.in"
489,"Aff. No. :1131599
Sch. Code:31597","State : MAHARASHTRA
District : LATUR",Senior Secondary Level,"Name : LORD SHRIKRISHNA ENGLISH SCHOOL
Head/Principal Name: RUPALI NANDKUMAR KULKARNI","Address : KAVITA EDUCATIONAL CAMPUS, NEXT TO BIDVE ENGINEERING COLLEGE, NEAR MSEB SUB-STATION, HARANGUL (BK)
Website : www.lordshrikrishnaenglishschool.com"
490,"Aff. No. :1131633
Sch. Code:31633","State : MAHARASHTRA
District : LATUR",Senior Secondary Level,"Name : NARAYANA E-TECHNO SCHOOL
Head/Principal Name: RAVIKANT BHAURAO SHINDE","Address : SURVEY NO.226, NEAR KRUSHNKUNJ SHOPPING MALL, TAL.LATUR
Website : https://www.narayanaschools.in/maharashtra/latur"
491,"Aff. No. :1140002
Sch. Code:34045","State : MAHARASHTRA
District : LATUR",Senior Secondary Level,"Name : PM SHRI SCHOOL JAWAHAR NAVODAYA VIDYALAYA
Head/Principal Name: GANPATI PANDITRAO MASKE","Address : VILASNAGAR PO: MANJARA SUGAR FACTORY (TQ.&DISTT) LATUR MAHARASHTRA
Website : https://navodaya.gov.in/nvs/nvs-school/Latur/en/ho"
492,"Aff. No. :1131418
Sch. Code:31407","State : MAHARASHTRA
District : LATUR",Senior Secondary Level,"Name : MOUNT LITERA ZEE SCHOOL, UDGIR
Head/Principal Name: SURYAKANT VINAYAK CHAWALE","Address : S.NO/69/B, YENKI-MANKI ROAD, VILLAGE-MADLAPUR, TALUKA-UDGIR
Website : www.mlzsudgir.com"
493,"Aff. No. :1131385
Sch. Code:31374","State : MAHARASHTRA
District : LATUR",Secondary Level,"Name : FATIMA CONVENT SCHOOL
Head/Principal Name: SR. PRATIBHA KOTWAL","Address : GAZI PURA, NATH NAGAR, NEW NANDED NAKA
Website : https://fatimaconventschoollatur.com/"
494,"Aff. No. :1131205
Sch. Code:31192","State : MAHARASHTRA
District : LATUR",Secondary Level,"Name : KILBIL NATIONAL SCHOOL
Head/Principal Name: SANTOSH BHARAT PATIL","Address : JAWALGA ROAD JAWALGA, TALUKA AHMEDPUR
Website : http://kilbilnationalschool.org.in/"
495,"Aff. No. :1131232
Sch. Code:31219","State : MAHARASHTRA
District : LATUR",Senior Secondary Level,"Name : MDA ROYAL INTERNATIONAL SCHOOL
Head/Principal Name: DEVIDAS SITARAM RATHOD","Address : KOLPA, LATUR
Website : www.mdaeducation.com"
496,"Aff. No. :1131276
Sch. Code:31263","State : MAHARASHTRA
District : LATUR",Secondary Level,"Name : MARIA'S PODAR LEARN SCHOOL
Head/Principal Name: RAJESH RAJU","Address : BESIDE INDIAN OIL PETROL PUMP,, NILANGA, LATUR
Website : https://www.mariapodar.com"
497,"Aff. No. :1131364
Sch. Code:31353","State : MAHARASHTRA
District : LATUR",Secondary Level,"Name : LITTLE ANGEL PODAR LEARN SCHOOL
Head/Principal Name: Baiju Chavhan","Address : SURVEY NO.282/2 283/2, THODGA, AHMEDPUR
Website : http://lapls.org"
498,"Aff. No. :1131357
Sch. Code:31346","State : MAHARASHTRA
District : LATUR",Secondary Level,"Name : GLOBAL KNOWLEDGE INTERNATIONAL SCHOOL, UDGIR
Head/Principal Name: Santhosh Kumar","Address : SARVE NO 90, PUDALE NAGAR, SHELHAL ROAD, NIDEBAN,, UDGIR
Website : https://www.gkpslatur.com/udgir/"
499,"Aff. No. :1131360
Sch. Code:31349","State : MAHARASHTRA
District : LATUR",Secondary Level,"Name : SAHYADRI PODAR LEARN SCHOOL,MURUD
Head/Principal Name: VIRAJ UTTAMRAO MAKNIKAR","Address : GUT NO. 729, MURUD BYPASS, MURUD, GUT NO. 729, MURUD BYPASS, MURUD, GUT NO. 729, MURUD BYPASS, MURUD
Website : www.sahyadripodarlearnschool.com"
500,"Aff. No. :1131338
Sch. Code:31326","State : MAHARASHTRA
District : LATUR",Secondary Level,"Name : BIRLA OPEN MINDS INTERNATIONAL SCHOOL
Head/Principal Name: Ram Shrimant Nikam","Address : NEAR BUS STAND NO-2 , , PAPVINASH ROAD VENKATESH NAGAR , LATUR - MAHARASTHTRA
Website : http://bomischoollatur.in/"
501,"Aff. No. :1131339
Sch. Code:31327","State : MAHARASHTRA
District : LATUR",Senior Secondary Level,"Name : P. S. KHUBBA C.B.S.E SCHOOL
Head/Principal Name: SUCHITA YUVRAJ KATU","Address : A/P LATUR, TAL. LATUR, DIST. LATUR
Website : https://pskhubba.com"
502,"Aff. No. :1130555
Sch. Code:30492","State : MAHARASHTRA
District : LATUR",Senior Secondary Level,"Name : GLOBAL KNOWLEDGE PUBLIC SCHOOL
Head/Principal Name: Sarwade Amrapali","Address : OPP. GOVT. COLONY, BARSHI ROAD, LATUR
Website : www.gkpslatur.com"
503,"Aff. No. :1130499
Sch. Code:30414","State : MAHARASHTRA
District : LATUR",Senior Secondary Level,"Name : CHRIST INTERNATIONAL SCHOLL
Head/Principal Name: JEBABERLA PRAPEEN NADAR","Address : SURVEY NO. 41, TALEGOAN VILLAGE, LATUR - NANDED HIGH WAY, AHMEDPUR,
Website : www.christinternationalschool.in"
504,"Aff. No. :1130594
Sch. Code:30539","State : MAHARASHTRA
District : LATUR",Senior Secondary Level,"Name : SHARADA INTERNATIONAL SCHOOL
Head/Principal Name: GHARGE DATTATRAY MAROTI","Address : COCSIT CAMPUS, AMBAJOGAI ROAD, LATUR, MAHARASHTRA
Website : www.sislatur.org.in"
505,"Aff. No. :1130660
Sch. Code:30565","State : MAHARASHTRA
District : LATUR",Secondary Level,"Name : SHRI BANKATLAL LAHOTI ENGLISH SCHOOL
Head/Principal Name: RICHA TIWARI DIWAN","Address : SHRI BANKATLAL LAHOTI ENGLISH SCHOOL, VIDYA NAGAR, SIGNAL CAMP
Website : www.sbles.edu.in"
506,"Aff. No. :1130724
Sch. Code:30634","State : MAHARASHTRA
District : LATUR",Secondary Level,"Name : MAHATMA GANDHI ENGLISH SCHOOL
Head/Principal Name: AshaRani Pavan Oza","Address : AT POST UJANI
Website : www.mgesujani.in"
507,"Aff. No. :1130747
Sch. Code:30651","State : MAHARASHTRA
District : LATUR",Secondary Level,"Name : SRI SRI RAVISHANKAR ENGLISH PRIMARY SCHOOL
Head/Principal Name: Vinaya Chandrashekhar Marathe","Address : GOPAL NAGAR, AUSA-BARSHI ROAD, LATUR
Website : www.latur.ssrvm.org"
508,"Aff. No. :1130814
Sch. Code:30741","State : MAHARASHTRA
District : LATUR",Senior Secondary Level,"Name : SHREE SHANTINIKETAN ENGLISH SCHOOL LATUR
Head/Principal Name: Janardhan Reddy Beeram","Address : BHAGYA NAGAR OPP. MIMSR MEDICAL COLLEGE AMBEJOGAI ROAD LATUR MAHARASHTRA
Website : www.shreeshantiniketan.com"
509,"Aff. No. :1130821
Sch. Code:30743","State : MAHARASHTRA
District : LATUR",Secondary Level,"Name : KIDEES INFO PARK
Head/Principal Name: PREETI DEVANG SHAH","Address : AT POST PETH TAL LATUR DIST LATUR
Website : www.kideesinfoparkpeth.com"
510,"Aff. No. :1130775
Sch. Code:30694","State : MAHARASHTRA
District : LATUR",Secondary Level,"Name : SUMMIT INTERNATIONAL SCHOOL LATUR
Head/Principal Name: Binu Jacob","Address : MOUNT LITERA ZEE SCHOOL, DILIPRAO MANE EDUCATION SOCIETY, 39/2/B KHADGAON RING ROAD, NEAR P.V.R CHOWK
Website : https://summitinternational.in/"
511,"Aff. No. :1130885
Sch. Code:30918","State : MAHARASHTRA
District : LATUR",Secondary Level,"Name : SABARMATI THE GLOBAL SCHOOL
Head/Principal Name: SEEMA BAIJANATH SAROJ","Address : ALMALA ROAD, NEAR POULTRY FARM, BUDHODA, AUSA
Website :"
512,"Aff. No. :1131038
Sch. Code:31014","State : MAHARASHTRA
District : LATUR",Secondary Level,"Name : ANANDI PUBLIC SCHOOL
Head/Principal Name: SACHIN VAMAN KAKADE","Address : NALEGOAN ROAD,OPPOSITE NEW REST HOUSE, MALKAPUR, UDGIR, DIST- LATUR, MAHARASHTRA
Website : www.anandipublicschool.in"
513,"Aff. No. :1131017
Sch. Code:30980","State : MAHARASHTRA
District : LATUR",Senior Secondary Level,"Name : DR. VISHWANATH KARAD WORLD PEACE SCHOOL
Head/Principal Name: Manoj Ashok Savale","Address : SURBEY NO. 35, AT. POST ARVI, TALUKA LATUR, DISTRICT LATUR,
Website : https://latur.worldpeaceschool.com/"
514,"Aff. No. :1130968
Sch. Code:30936","State : MAHARASHTRA
District : LATUR",Secondary Level,"Name : POSTE PODAR LEARN SCHOOL
Head/Principal Name: DIGAMBAR JAGGANATH SHEKAPURE","Address : MALKAPUR TA, UDGIR DIST, LATUR
Website : www.postepodar.com"
515,"Aff. No. :1130411
Sch. Code:30352","State : MAHARASHTRA
District : LATUR",Senior Secondary Level,"Name : JAIHIND SCHOOL, UDGIR
Head/Principal Name: Jyoti Ganpatrao Swami","Address : SURVEY NO. 184, BODHAN NAGAR, JALKOT ROAD, LATUR, MAHARASHTRA
Website : www.jhps.edu.in"
516,"Aff. No. :1130348
Sch. Code:30375","State : MAHARASHTRA
District : LATUR",Senior Secondary Level,"Name : PODAR INTERNATIONAL SCHOOL,LATUR
Head/Principal Name: Badala Giridhar Reddy","Address : DILIP MANE NAGAR, KHADGAON RING ROAD, BEHIND GOPAL NAGAR
Website : http://www.podareducation.org/school/latur"
517,"Aff. No. :1130231
Sch. Code:30189","State : MAHARASHTRA
District : LATUR",Senior Secondary Level,"Name : SWAMI VIVEKANAND INTEGRATION ENGLISH SCHOOL
Head/Principal Name: VARSHA VIKAS LABADE","Address : P-74,M.I.D.C.,KALAMB ROAD,LATUR
Website : www.svies.in"
518,"Aff. No. :1130272
Sch. Code:30230","State : MAHARASHTRA
District : LATUR",Senior Secondary Level,"Name : SANT TUKARAM NATIONAL MODEL SCHOOL
Head/Principal Name: VINA NAGESH GOSAVI","Address : EXTENDED MIDC, BARSHI ROAD, LATUR, MAHARASHTRA-413512
Website : www.stnms.in"
519,"Aff. No. :1130332
Sch. Code:30283","State : MAHARASHTRA
District : LATUR",Senior Secondary Level,"Name : RAJA NARAYANLAL LAHOTI ENGLISH SCHOOL
Head/Principal Name: COL SOMANCHI SRINIVASULU","Address : SIGNAL CAMP, LATUR
Website : www.rnles.edu.in"
520,"Aff. No. :1100056
Sch. Code:34110","State : MAHARASHTRA
District : LATUR",Senior Secondary Level,"Name : PM SHRI KENDRIYA VIDYALAYA
Head/Principal Name: KATARIA HARISH BHASKAROY","Address : STC, BSF, CHAKUR, DISTT. LATUR, MAHARASHTRA
Website : https://bsfchakur.kvs.ac.in/"
521,"Aff. No. :1100047
Sch. Code:34072","State : MAHARASHTRA
District : MUMBAI",Senior Secondary Level,"Name : PM SHRI KENDRIYA VIDYALAYA
Head/Principal Name: PAWAN KHANDAL","Address : B CAMP MANKHURD MUMBAI MAHARASHTRA
Website : https://mankhurd.kvs.ac.in/"
522,"Aff. No. :1100041
Sch. Code:34053","State : MAHARASHTRA
District : MUMBAI",Senior Secondary Level,"Name : PM SHRI KENDRIYA VIDYALAYA
Head/Principal Name: AMAR CHANDRA RAJPUT","Address : N C H COLONY BHANDUP KANJUR MARG (W) MUMBAI MAHARASHTRA
Website : https://bhandup.kvs.ac.in/"
523,"Aff. No. :1100039
Sch. Code:34051","State : MAHARASHTRA
District : MUMBAI",Senior Secondary Level,"Name : KENDRIYA VIDYALAYA
Head/Principal Name: VIJAY KUMAR GARG","Address : O N G C COMPLEX PANVEL, NAVI MUMBAI,MAHARASHTRA
Website : https://ongcpanvel.kvs.ac.in/"
524,"Aff. No. :1100024
Sch. Code:34008","State : MAHARASHTRA
District : MUMBAI",Senior Secondary Level,"Name : PM SHRI KENDRIYA VIDYALAYA NO 3
Head/Principal Name: SURESH YADAV","Address : I N S KUNJALI, NEAR R C CHURCH, COLABA, MUMBAI, MAHARASHTRA
Website : www.no3colaba.kvs.ac.in"
525,"Aff. No. :1100025
Sch. Code:34005","State : MAHARASHTRA
District : MUMBAI",Senior Secondary Level,"Name : PM SHRI KENDRIYA VIDYALAYA NO.2
Head/Principal Name: SAVITA YADAV","Address : NEW NAVY NAGAR COLABA MUMBAI MAHARASHTRA
Website : https://no2colaba.kvs.ac.in"
526,"Aff. No. :1100003
Sch. Code:34006","State : MAHARASHTRA
District : MUMBAI",Senior Secondary Level,"Name : PM SHRI KENDRIYA VIDYALAYA NO 1
Head/Principal Name: VIVEK SHRIVASTAVA","Address : NAVY NAGAR COLOBA MUMBAI MAHARASHTRA
Website : https://no1colaba.kvs.ac.in"
527,"Aff. No. :1100004
Sch. Code:34011","State : MAHARASHTRA
District : MUMBAI",Senior Secondary Level,"Name : PM SHRI KENDRIYA VIDYALAYA
Head/Principal Name: V S WANKHADE","Address : I I T POWAI MUMBAI MAHARASHTRA
Website : https://iitpowai.kvs.ac.in"
528,"Aff. No. :1100005
Sch. Code:34009","State : MAHARASHTRA
District : MUMBAI",Senior Secondary Level,"Name : KENDRIYA VIDYALAYA
Head/Principal Name: ALKA A GAIKWAD","Address : CGS COLONY KOLIOWADA ANTOP HILL MUMBAI MAHARASHTRA
Website : https://koliwada.kvs.ac.in"
529,"Aff. No. :1100006
Sch. Code:34010","State : MAHARASHTRA
District : MUMBAI",Senior Secondary Level,"Name : PM SHRI KENDRIYA VIDYALAYA INS HAMLA
Head/Principal Name: Madhulika Mitra Misra","Address : I N S HAMLA MALAD WEST MUMBAI MAHARASHTRA
Website : www.hamlains.kvs.ac.in"
530,"Aff. No. :1120113
Sch. Code:32113","State : MAHARASHTRA
District : MUMBAI",Secondary Level,"Name : MPS KANE NAGAR CBSE SCHOOL
Head/Principal Name: CHARANJIT KAUR","Address : KANE NAGAR SECTOR 3, ANTOPHILL
Website : https://kanenagar.mumbaipublicschools.in"
531,"Aff. No. :1120115
Sch. Code:32115","State : MAHARASHTRA
District : MUMBAI",Secondary Level,"Name : MPS BHAVANI SHANKAR CBSE SCHOOL
Head/Principal Name: Deepak Santosh Vekhande","Address : DADAR-WEST,, MUMBAI-400028
Website : https://bhavanishankar.mumbaipublicschools.in/"
532,"Aff. No. :1130031
Sch. Code:30014","State : MAHARASHTRA
District : MUMBAI",Senior Secondary Level,"Name : RAJHANS VIDYALAYA
Head/Principal Name: RITU HEMANT DUBEY","Address : H M P SCHOOL CAMPUS ANDHERI WEST, DISTT MUMBAI, MAHARASHTRA
Website : www.bkhm.edu.in/rajhans"
533,"Aff. No. :1130002
Sch. Code:30002","State : MAHARASHTRA
District : MUMBAI",Senior Secondary Level,"Name : GOPI BIRLA MEMORIAL SCHOOL
Head/Principal Name: SUCHITA MALAKAR","Address : 68 WALKESHWAR ROAD MUMBAI MAHARASHTRA
Website : https://gbmschool.co.in"
534,"Aff. No. :1130003
Sch. Code:30003","State : MAHARASHTRA
District : MUMBAI",Secondary Level,"Name : P E S CENTRAL SCHOOL
Head/Principal Name: BHASKAR BHAURAO PAWAR","Address : SECTOR-I APARANT C B D KONKAN BHAVAN NEW MUMBAI MAHARASHTRA
Website : www.pescschool.org"
535,"Aff. No. :1130018
Sch. Code:30742","State : MAHARASHTRA
District : MUMBAI",Secondary Level,"Name : K.M.S. ENGLISH MEDIUM SCHOOL
Head/Principal Name: SUSHAMA SUDHIR JANGAM","Address : 142/49 DR.BORGES ROAD PAREL MUMBAI MAHARASHTRA
Website : https://kmsenglishmediumcbse.com/"
536,"Aff. No. :1130008
Sch. Code:34012","State : MAHARASHTRA
District : MUMBAI",Senior Secondary Level,"Name : ATOMIC ENERGY CENTRAL SCHOOL - 4
Head/Principal Name: V VENU","Address : ANUSHAKTINAGAR MUMBAI MAHARASHTRA
Website : www.aecsmum4.ac.in"
537,"Aff. No. :1130085
Sch. Code:30092","State : MAHARASHTRA
District : MUMBAI",Secondary Level,"Name : SHETH KARAMSHI KANJI ENGLISH SCHOOL
Head/Principal Name: Mrs.Varsha Deshpande","Address : V P ROAD, MULUND WEST MUMBAI MAHARASHTRA
Website : www.skkeschool.com"
538,"Aff. No. :1130112
Sch. Code:34095","State : MAHARASHTRA
District : MUMBAI",Secondary Level,"Name : ATOMIC ENERGY CENTRAL SCHOOL - 5
Head/Principal Name: SANJIB GHOSH","Address : NEW MANDALA MUMBAI MAHARASHTRA
Website : https://www.aecsmum5.ac.in/"
539,"Aff. No. :1130118
Sch. Code:34100","State : MAHARASHTRA
District : MUMBAI",Secondary Level,"Name : ATOMIC ENERGY CENTRAL SCHOOL NO 2
Head/Principal Name: INU BANSAL","Address : ANUSHAKTI NAGAR MUMBAI MAHARASHTRA
Website : www.aecsmum2.ac.in"
540,"Aff. No. :1130055
Sch. Code:30031","State : MAHARASHTRA
District : MUMBAI",Senior Secondary Level,"Name : R.N. PODAR SCHOOL
Head/Principal Name: Avnita Bir","Address : JAIN DERASER ROAD SANTACRUZ(WEST) MUMBAI MAHARASHTRA
Website : www.rnpodarschool.com"
541,"Aff. No. :1130062
Sch. Code:30041","State : MAHARASHTRA
District : MUMBAI",Senior Secondary Level,"Name : MATOSHREE KASHIBEN VRAJLAL VALIA INTERNATIONAL VIDYALAYA
Head/Principal Name: NIMISHA SINGH","Address : SHETH M K HIGH SCHOOL COMPLEX FACTORY LANE BORIVLI WEST MUMBAI MAHARASHTRA
Website : www.mkvvivschool.in"
542,"Aff. No. :1130188
Sch. Code:","State : MAHARASHTRA
District : MUMBAI",Secondary Level,"Name : VISHWAJYOT HIGH SCHOOL
Head/Principal Name: Sushma Dhumal","Address : PLOT NO. 77, SECTOR- 20, KHARGHAR, NAVI MUMBAI, MAHARASHTRA
Website :"
543,"Aff. No. :1130122
Sch. Code:34098","State : MAHARASHTRA
District : MUMBAI",Secondary Level,"Name : ATOMIC ENERGY CENTRAL SCHOOL NO 3
Head/Principal Name: VIJAY KUMAR SHUKLA","Address : ANUSHAKTI NAGAR MUMBAI MAHARASHTRA
Website : HTTPS://aecsmum3.ac.in"
544,"Aff. No. :1130123
Sch. Code:34096","State : MAHARASHTRA
District : MUMBAI",Secondary Level,"Name : ATOMIC ENERGY CENTRAL SCHOOL NO 1
Head/Principal Name: RAMDAS VASUDEVAN","Address : ANUSHAKTI NAGAR MUMBAI MAHARASHTRA
Website : http://www.aecsmum1.ac.in/"
545,"Aff. No. :1130147
Sch. Code:30109","State : MAHARASHTRA
District : MUMBAI",Senior Secondary Level,"Name : RYAN INTERNATIONAL SCHOOL
Head/Principal Name: BIJAL JETHWA","Address : ASHA NAGAR OPP. KANAKIA SANSKRUTI 90 FEET ROAD KANDIVLI EAST, DISTT MUMBAI, MAHARASHTRA
Website : http://www.ryaninternational.org/riskandivalicbse/"
546,"Aff. No. :1130273
Sch. Code:30226","State : MAHARASHTRA
District : MUMBAI",Secondary Level,"Name : V.P.MS B.R.TOL ENGLISH HIGH SCHOOL
Head/Principal Name: Ajitha K. Nair","Address : MITHAGAR ROAD, MULUND(E)
Website : http://www.vpmbrtol.co.in"
547,"Aff. No. :1130305
Sch. Code:30250","State : MAHARASHTRA
District : MUMBAI",Secondary Level,"Name : SSPM'S SRI SRI RAVISHANKAR VIDYA MANDIR
Head/Principal Name: SHREYA KADAM","Address : CTS-559-C/1, NEAR RAHEJA ESTATE, KULUPWADI, BORIVALI(EAST)
Website : http://www.borivalieast.ssrvm.org"
548,"Aff. No. :1130199
Sch. Code:30154","State : MAHARASHTRA
District : MUMBAI",Senior Secondary Level,"Name : RAIGAD MILITARY SCHOOL
Head/Principal Name: Arti Jha","Address : NEW LINK ROAD, BEHRAM BAUG, OSHIWARA. JOGESHWARI(W)
Website : www.raigadmilitaryschool.in"
549,"Aff. No. :1130253
Sch. Code:30215","State : MAHARASHTRA
District : MUMBAI",Secondary Level,"Name : MAHAPRAGYA PUBLIC SCHOOL
Head/Principal Name: Saroj Machado","Address : 32, DADI SETH AGAYARI LANE,
Website : http://mahapragyapublicschool.com/"
550,"Aff. No. :1130234
Sch. Code:34103","State : MAHARASHTRA
District : MUMBAI",Secondary Level,"Name : ATOMIC ENERGY CENTRAL SCHOOL NO 6
Head/Principal Name: NEERAJ KUMAR BLAHATIA","Address : ATOMIC ENERGY CENTRAL SCHOOL NO6, WESTERNSECTOR, ANUSHAKTINAGAR, MUMBAI, 400094
Website : https://www.aecsmum6.ac.in/"
551,"Aff. No. :1130261
Sch. Code:30198","State : MAHARASHTRA
District : MUMBAI",Secondary Level,"Name : NALANDA PUBLIC SCHOOL
Head/Principal Name: Dr. SUSHMA NARENDRA GODIYAL","Address : HARI OM NAGAR, EASTERN EXPRESS HIGHWAY,MULUND (EAST)
Website : www.nalandapublicschool.org"
552,"Aff. No. :1130249
Sch. Code:30192","State : MAHARASHTRA
District : MUMBAI",Secondary Level,"Name : MAHATMA INTERNATIONAL SCHOOL
Head/Principal Name: JOMON MATHEW","Address : PLOT NO.1, SECTOR- 8,KHANDA COLONY, NEW PANVEL,RAIGAD
Website : www.mahatmainternational.ac.in"
553,"Aff. No. :1130361
Sch. Code:30311","State : MAHARASHTRA
District : MUMBAI",Senior Secondary Level,"Name : BILLABONG HIGH INTERNATIONAL SCHOOL, MALAD ( WEST )
Head/Principal Name: KAVITA SADANAND PANIKAR","Address : BHOOMI PARK, BAFHIRA NAGAR, OFF MARVE ROAD, NEAR MALVANI FIRE BRIGADE, MALAD ( W ), MUMBAI
Website : www.billabonghighschool.com"
554,"Aff. No. :1130375
Sch. Code:30252","State : MAHARASHTRA
District : MUMBAI",Secondary Level,"Name : AL BARKAAT MALIK MUHAMMAD ISLAM ENGLISH SCHOOL
Head/Principal Name: Shamina Irfan Shaikh","Address : VINOBA BHAVE NAGAR, KURLA (W), MUMBAI - 400070.
Website : https://www.albarkaatmumbai.edu.in"
555,"Aff. No. :1130977
Sch. Code:30922","State : MAHARASHTRA
District : MUMBAI",Secondary Level,"Name : THE MODERN SCHOOL
Head/Principal Name: SWATI VINAYAK SHIRALKAR","Address : THE MODERN SCHOOL, SICKA NAGAR, V.P. ROAD, GIRGAUM,
Website : www.themodernschool.com"
556,"Aff. No. :1130982
Sch. Code:30940","State : MAHARASHTRA
District : MUMBAI",Secondary Level,"Name : MUMBAI HIGH WORLD SCHOOL
Head/Principal Name: Asha Kumari","Address : SAIBABA NAGAR,BORIVALI WEST.
Website : www.jayainternationalschool.in"
557,"Aff. No. :1130960
Sch. Code:30914","State : MAHARASHTRA
District : MUMBAI",Secondary Level,"Name : SHRI HARSHAD C VALIA INTERNATIONAL SCHOOL
Head/Principal Name: PRATIBHA MISHRA","Address : COSMOPOLITAN EDUCATION SOCIETY ROAD D N NAGAR ANDHERI WEST
Website : HTTP://shcvaliaintschool.in"
558,"Aff. No. :1130911
Sch. Code:30874","State : MAHARASHTRA
District : MUMBAI",Secondary Level,"Name : SSL ENGLISH SCHOOL
Head/Principal Name: APEKSHA PARAG CHAUDHARI","Address : N.M. JOSHI VIDYA SANKUL, MAFATLAL BUILDING, 1ST FLOOR, DAMODAR NATYA GRIHA PARISAR, DR. AMBEDKAR MARG, PAREL, MUMBAI-400012.
Website : www.sslschool.in"
559,"Aff. No. :1131018
Sch. Code:30992","State : MAHARASHTRA
District : MUMBAI",Senior Secondary Level,"Name : DNYANPUSHPA VIDYA NIKETAN CBSE BOARD
Head/Principal Name: ASHU BHUPINDER RANA","Address : DNYANPUSHPA VIDYA NIKETAN CBSE BOARD SECTOR 04 OPPOSITE YMCA CBD BELAPUR NAVI MUMBAI
Website : www.dpvncbse.com"
560,"Aff. No. :1131011
Sch. Code:30979","State : MAHARASHTRA
District : MUMBAI",Secondary Level,"Name : VIBGYOR RISE SCHOOL
Head/Principal Name: Neha Vasudev","Address : NEXT TO GRAND HOMTEL, BEHIND INORBIT MALL, CHINCHOLI BUNDER ROAD, MALAD WEST, MUMBAI; 400064, MAHARASHTRA.
Website : https://www.vibgyorrise.com/"
561,"Aff. No. :1131008
Sch. Code:30978","State : MAHARASHTRA
District : MUMBAI",Senior Secondary Level,"Name : VIBGYOR HIGH SCHOOL
Head/Principal Name: Shijitha Trivedi","Address : HOLY CROSS ROAD, I.C.COLONY, BORIVALI WEST.
Website : https://www.vibgyorhigh.com/mumbai-borivali.php"
562,"Aff. No. :1131006
Sch. Code:30981","State : MAHARASHTRA
District : MUMBAI",Senior Secondary Level,"Name : MVM INTERNATIONAL SCHOOL
Head/Principal Name: MAHUA CHAKRABORTY","Address : MVM EDUCATION CAMPUS MARG, OFF VEERA DESAI ROAD, ANDHERI WEST MUMBAI MAHARASHTRA ,MUMBAI , 400058
Website : www.mvmeducation.com"
563,"Aff. No. :1131039
Sch. Code:31015","State : MAHARASHTRA
District : MUMBAI",Senior Secondary Level,"Name : RYAN INTERNATIONAL SCHOOL
Head/Principal Name: SONAL NAIK","Address : PLO NO.27 , NEAR STATE BANK OF INDIA, EVERSHINE NAGAR, MALAD WEST
Website : www.ryangroup.org"
564,"Aff. No. :1131051
Sch. Code:31027","State : MAHARASHTRA
District : MUMBAI",Senior Secondary Level,"Name : BALMOHAN VIDYAMANDIR
Head/Principal Name: RUPA ROY","Address : SHIVAJI PARK, DADAR, MUMBAI 400028
Website : www.balmohan.in"
565,"Aff. No. :1130871
Sch. Code:30806","State : MAHARASHTRA
District : MUMBAI",Senior Secondary Level,"Name : NARAYANA E-TECHNO SCHOOL
Head/Principal Name: AYYELLA MADHURI","Address : CTS NO 418B, MAROL VILLAGE, MAROL- MAROSHI ROAD, NEXT TO K.P. AURUM,
Website : https://www.narayanaschools.in/mumbai/andheri/"
566,"Aff. No. :1130753
Sch. Code:30659","State : MAHARASHTRA
District : MUMBAI",Senior Secondary Level,"Name : ST. JOHN INTERNATIONAL SCHOOL
Head/Principal Name: Sr. Veena Monteiro","Address : ST. JOHN EDUCATIONAL CAMPUS, VEVOOR, MANOR ROAD, PALGHAR(E),DIST. PALGHAR
Website : www.sjis.edu.in"
567,"Aff. No. :1130694
Sch. Code:30688","State : MAHARASHTRA
District : MUMBAI",Secondary Level,"Name : ORCHIDS THE INTERNATIONAL SCHOOL
Head/Principal Name: Dr.Baldeep Kaur Oberoi","Address : SG BURVE ROAD, NEAR KURLA NAGRIK BANK,KURLA (WEST), MUMBAI 400070.
Website : www.orchidsinternationalschool.com/mumbai-branches"
568,"Aff. No. :1130670
Sch. Code:30705","State : MAHARASHTRA
District : MUMBAI",Secondary Level,"Name : ORCHIDS THE INTERNATIONAL SCHOOL
Head/Principal Name: Swati Rahatekar","Address : MARVE ROAD, OPP. HDFC BANK,BEHIND GARDEN COURT RESTAURANT, ORLEM, MALAD(W),MUMBAI- 400 064
Website : www.orchidsinternationalschool.com"
569,"Aff. No. :1130667
Sch. Code:30560","State : MAHARASHTRA
District : MUMBAI",Secondary Level,"Name : PODAR INTERNATIONAL SCHOOL
Head/Principal Name: PRIYA RAJWADE","Address : PODAR EDUCATION COMPLEX, HIRANANDANI KNOWLEDGE PARK, OPPOSITE DR. L.H.HIRANANDANI HOSPITAL, POWAI
Website : http://www.podareducation.org/school/powai"
570,"Aff. No. :1130678
Sch. Code:30695","State : MAHARASHTRA
District : MUMBAI",Secondary Level,"Name : ORCHIDS THE INTERNATIONAL SCHOOL
Head/Principal Name: Dr. Aanchal Shanbhag","Address : PLOT NO. 23, SECTOR 1, KOPARKHAIRANE NAVI MUMBAI – 400709
Website : www.oiskkh.edu.in"
571,"Aff. No. :1130581
Sch. Code:30507","State : MAHARASHTRA
District : MUMBAI",Senior Secondary Level,"Name : ORCHIDS THE INTERNATIONAL SCHOOL
Head/Principal Name: SANGITA GAJBHARE","Address : COSMOS ARCADE, AZAD NAGAR,OPPOSITE BRAHMAND PHASE 4,BESIDE TMC WATER TANK, KOLSHET,THANE (WEST), 400607.
Website : www.orchidsinternationalschool.com"
572,"Aff. No. :1130566
Sch. Code:30485","State : MAHARASHTRA
District : MUMBAI",Secondary Level,"Name : ORHCIDS THE INTERNATINAL SCHOOL
Head/Principal Name: Dr.Rajeev Singh","Address : C.V.O.D. JAIN PATHSHALA, SVP ROAD, # 84, SAMUEL STREET (PALAGALY),MASJID BUNDER, MUMBAI 400 009
Website : https://orchidsinternationalschoolmasjid.com"
573,"Aff. No. :1130571
Sch. Code:30502","State : MAHARASHTRA
District : MUMBAI",Secondary Level,"Name : GOPALS GARDEN HIGH SCHOOL
Head/Principal Name: RAJAS SARDESAI BHOSALE","Address : PLOT NO.1 ,OPPOSITE MANGALAM BUILDING,NEAR NATIONAL PARK, KULUPWADI, BORIVALI EAST, MUMBAI 400066
Website : www.gopalsgarden.com"
574,"Aff. No. :1130611
Sch. Code:30533","State : MAHARASHTRA
District : MUMBAI",Secondary Level,"Name : NARAYANA E TECHNO SCHOOL
Head/Principal Name: VIDYA BALASUBRAMANIAM","Address : SURVEY NO 104, BEHIND SHANTI ASHRAM BUS DEPOT, IC COLONY, OFF NEW LINK ROAD,BORIVALI WEST
Website : www.narayanagroup.com"
575,"Aff. No. :1130493
Sch. Code:30429","State : MAHARASHTRA
District : MUMBAI",Secondary Level,"Name : MANAV MANDIRS SMT. NANDKUMAR RASIKLAL P. SETH MULTIPURPOSE HIGH SCHOOL
Head/Principal Name: ANURADHA SINHA","Address : 10 MANAV MANDIR ROAD, MALABAR HILL
Website : www.manavmandirhighschool.com"
576,"Aff. No. :1130517
Sch. Code:30442","State : MAHARASHTRA
District : MUMBAI",Senior Secondary Level,"Name : RIZVI SPRINGFIELD SCHOOL
Head/Principal Name: Aaisha Ziaulhaq Shaikh","Address : CTS NO. D/514, D/519 & D/520, GOVIND PATIL MARG, KHAR DANDA, KHAR WEST, MUMBAI - 400 052.
Website : www.rizvispringfieldcbse.edu.in"
577,"Aff. No. :1130557
Sch. Code:30493","State : MAHARASHTRA
District : MUMBAI",Senior Secondary Level,"Name : THE SOMAIYA SCHOOL
Head/Principal Name: Jyothi Malhotra","Address : VIDYANAGAR, SOMAIYA CAMPUS, VIDYAVIHAR (E),
Website : http://www.tss.somaiya.edu"
578,"Aff. No. :1131341
Sch. Code:31330","State : MAHARASHTRA
District : MUMBAI",Secondary Level,"Name : KANAKIA INTERNATIONAL SCHOOL
Head/Principal Name: Sunayana R Awasthi","Address : CTS NO-2/7 VILLAGE BORLA OPPO INDIAN OIL, NAGAR , GHATKOPAR MANKHURD LINK ROAD, CHEMBUR ,MUMBAI 400088
Website : https://kanakiaschools.org/kanakia-international-school-chem"
579,"Aff. No. :1131114
Sch. Code:31099","State : MAHARASHTRA
District : MUMBAI",Secondary Level,"Name : ORCHIDS THE INTERNATIONAL SCHOOL, VIKHROLI
Head/Principal Name: Esha Guru Datta","Address : 4-83, SM MANDIR MARG, RAJIV GANDHI NAGAR , VIKHROLI EAST, MUMBAI , MAHARASHTRA - 400083
Website : www.orchidsinternationalschool.com"
580,"Aff. No. :1131121
Sch. Code:31108","State : MAHARASHTRA
District : MUMBAI",Secondary Level,"Name : HVPS INTERNATIONAL SCHOOL
Head/Principal Name: Mrs.Manju Borkar","Address : PLOT NO. A-21, NEAR INCOME TAX QUARTERS, OPP. MIRA SOCIETY, OSHIWARA, ANDHERI WEST
Website : http://www.hvpsinschool.com"
581,"Aff. No. :1131485
Sch. Code:31474","State : MAHARASHTRA
District : MUMBAI",Secondary Level,"Name : SMES SCHOOL
Head/Principal Name: Salima Sharief","Address : 369, TPS - III, SENAPATI BAPAT MARG, MAHIM, MUMBAI 400016
Website : https://www.smesschoolmahim.edu.in/"
582,"Aff. No. :1131603
Sch. Code:31601","State : MAHARASHTRA
District : MUMBAI",Secondary Level,"Name : BUNTS SANGHA'S S M SHETTY HIGH SCHOOL & JUNIOR COLLEGE
Head/Principal Name: RESHMA BHAGWANDAS RAO","Address : OPPOSITE JALVAYU VIHAR, HIRANANDANI GARDENS, POWAI, MUMBAI
Website : https://bssmsstateboard.org/bs_highschool"
583,"Aff. No. :1131612
Sch. Code:31611","State : MAHARASHTRA
District : MUMBAI",Secondary Level,"Name : CHILDREN WELFARE CENTRE ORCHIDS THE INTERNATIONAL SCHOOL
Head/Principal Name: Anuradha Premnath","Address : SURVEY NO. 1121/A, VERSOVA, ANDHERI, MUMBAI
Website : https://orchidsinternationalschoolyariroad.com"
584,"Aff. No. :1131578
Sch. Code:31575","State : MAHARASHTRA
District : MUMBAI",Secondary Level,"Name : GEI'S CHHABILDAS ENGLISH MEDIUM SCHOOL
Head/Principal Name: KOMAL PRATIK KADVE","Address : AKSHIKAR STREET , DADAR WEST , MUMBAI -400028
Website : https://www.chhabildasems.com/"
585,"Aff. No. :1180008
Sch. Code:34076","State : MAHARASHTRA
District : MUMBAI",Senior Secondary Level,"Name : NAVY CHILDREN SCHOOL
Head/Principal Name: Dr.Nandana Khare","Address : BLOCK VII AREA BEHIND KV II NEW NAVY NAGAR COLABA MUMBAI MAHARASHTRA
Website : https://ncsmumbai.nesnavy.in/"
586,"Aff. No. :1180006
Sch. Code:34007","State : MAHARASHTRA
District : MUMBAI",Senior Secondary Level,"Name : ARMY PUBLIC SCHOOL
Head/Principal Name: LAKSHMI MADHURI CHATTI","Address : NEAR INHS ASHVINI DR NANA BHOY MOOS ROAD COLABA MUMBAI MAHARASHTRA
Website : www.apsmumbai.com"
587,"Aff. No. :1180021
Sch. Code:34102","State : MAHARASHTRA
District : NAGPUR",Senior Secondary Level,"Name : ARMY PUBLIC SCHOOL
Head/Principal Name: Nilima Rai","Address : THE MALL ROAD, KAMPTEE CANTT., KAMPTEE
Website : www.apskamptee.in"
588,"Aff. No. :1131520
Sch. Code:31517","State : MAHARASHTRA
District : NAGPUR",Secondary Level,"Name : ROYAL INTERNATIONAL SCHOOL
Head/Principal Name: PREETI MAHESH KALBANDE","Address : SURVEY NO 160/1/A,, MOUJE GUJARKHEDI, TA. SAONER, DIST. NAGPUR
Website : https://rissaoner.com/"
589,"Aff. No. :1131525
Sch. Code:31522","State : MAHARASHTRA
District : NAGPUR",Secondary Level,"Name : BAPS SWAMINARAYAN VIDYA MANDIR
Head/Principal Name: DUDHAGARA VIVEK ASHWINBHAI","Address : BAPS SWAMINARAYAN MANDIR CAMPUS, WATHODA RING ROAD, NAGPUR
Website : https://www.BAPSSVM.ORG/"
590,"Aff. No. :1131535
Sch. Code:31532","State : MAHARASHTRA
District : NAGPUR",Senior Secondary Level,"Name : K JOHN PUBLIC SCHOOL
Head/Principal Name: Joby M J","Address : PIPLA, BESA ROAD, NAGPUR
Website : https://www.kjohnpipla.org"
591,"Aff. No. :1131548
Sch. Code:31545","State : MAHARASHTRA
District : NAGPUR",Secondary Level,"Name : BALPANDE PUBLIC SCHOOL
Head/Principal Name: PRIYA ANKUR ATKARE","Address : NEAR SWAMI SAMARTH DHAM MANDIR, BESA ROAD, BESA
Website : https://balpandepublicschool.edu.in/"
592,"Aff. No. :1131538
Sch. Code:31535","State : MAHARASHTRA
District : NAGPUR",Secondary Level,"Name : CENTRAL PROVINCIAL SCHOOL
Head/Principal Name: MEGHA JAGDISH BAWANGADE","Address : 38, VELAHARI, OUTER RING ROAD, NAGPUR
Website : http://www.cpschool.edu.in"
593,"Aff. No. :1131614
Sch. Code:31613","State : MAHARASHTRA
District : NAGPUR",Senior Secondary Level,"Name : SOMALWAR SCHOOL NIKALAS
Head/Principal Name: DAMODAR THOMBRE","Address : KHASRA NO. 67, KHAMLA, NAGPUR
Website : https://somalwarnikalas.org/"
594,"Aff. No. :1131593
Sch. Code:31590","State : MAHARASHTRA
District : NAGPUR",Secondary Level,"Name : THE RADIANCE SCHOOL
Head/Principal Name: Prajakta Mogre","Address : S.NO.95/1, ,, MOUJE KINHI, TAL. HINGANA
Website : www.theradianceschools.in"
595,"Aff. No. :1131637
Sch. Code:31637","State : MAHARASHTRA
District : NAGPUR",Secondary Level,"Name : DAV RAO HARISHCHANDRA ARYA PUBLIC SCHOOL
Head/Principal Name: Tulsi Saxena","Address : PLOT NO. 20, KATOL ROAD, FETRI, NAGPUR
Website : www.davrhanagpur.com"
596,"Aff. No. :1140017
Sch. Code:34056","State : MAHARASHTRA
District : NAGPUR",Senior Secondary Level,"Name : PM SHRI SCHOOL JAWAHAR NAVODAYA VIDYALAYA
Head/Principal Name: YASHODHARA M","Address : NAVEGAON KHAIRI POST TAL-PARSEONI NAGPUR MAHARASHTRA
Website : www.navodaya.gov.in/nvs/nvs-school/Nagpur/en/home"
597,"Aff. No. :1131499
Sch. Code:31488","State : MAHARASHTRA
District : NAGPUR",Senior Secondary Level,"Name : GLOBAL INDIAN INTERNATIONAL SCHOOL
Head/Principal Name: Nidhi Gupta","Address : C/O INNOVATIVE EDUCATION TRUST 215&216, PH NO. 04, NEAR CANARA BANK , POST OFFICE LAVA, NAGPUR
Website : https://globalindianschool.org/nagpur"
598,"Aff. No. :1131444
Sch. Code:31433","State : MAHARASHTRA
District : NAGPUR",Secondary Level,"Name : MOUNT LITERA ZEE SCHOOL
Head/Principal Name: VANDANA PAUL","Address : S.NO. 28/3/B, MAUZA GHOGALI (RURAL), , TAL. NAGPUR RURAL, DIST. NAGPUR
Website : http://www.mountliterabesa.edu.in"
599,"Aff. No. :1131127
Sch. Code:31123","State : MAHARASHTRA
District : NAGPUR",Secondary Level,"Name : ARVIND INDO PUBLIC SCHOOL, NARKHED
Head/Principal Name: Ashutosh Shyamkant Londhe","Address : NARKHED
Website : www.narkhedaips.co.in"
600,"Aff. No. :1131067
Sch. Code:31044","State : MAHARASHTRA
District : NAGPUR",Senior Secondary Level,"Name : ST. PAUL INTERNATIONAL SCHOOL
Head/Principal Name: Rita Tushar Hedau","Address : KHASRA NO. 15, DHAMNA, TAHSIL & DIST. NAGPUR
Website : www.stpaulpublicschooldhamna.com"
601,"Aff. No. :1131087
Sch. Code:31067","State : MAHARASHTRA
District : NAGPUR",Secondary Level,"Name : RAJKUMAR KHIYANI SUNRISE PUBLIC SCHOOL
Head/Principal Name: Kirti Soni","Address : PRABHAG KRAMANK 1, NARA ROAD, JARIPATKA
Website : www.rkspublicschool.org"
602,"Aff. No. :1131088
Sch. Code:31069","State : MAHARASHTRA
District : NAGPUR",Secondary Level,"Name : SOMALWAR SCHOOL, WADDHAMNA
Head/Principal Name: MEENA CHOUHAN","Address : KHASRA NO. 80, WADDHAMNA, AMRAVATI ROAD,
Website : http://somalwarwadd.org"
603,"Aff. No. :1131216
Sch. Code:31203","State : MAHARASHTRA
District : NAGPUR",Secondary Level,"Name : ST. FRANCIS ASSISI SCHOOL
Head/Principal Name: SISTER MARIAM TIRKEY","Address : PLOT NO.162/2, RAJURWADI P.O UDASA UMRED, PLOT NO.162/2, RAJURWADI P.O UDASA UMRED
Website : www.stfrancisudasa.org"
604,"Aff. No. :1131138
Sch. Code:31126","State : MAHARASHTRA
District : NAGPUR",Secondary Level,"Name : SHANGRILA ENGLISH HIGH SCHOOL
Head/Principal Name: Swati Purshottam Damle","Address : AT.SANGAM, POST. WADDHAMNA, TQ. HINGNA
Website : www.Theshangrilaschool.in"
605,"Aff. No. :1131346
Sch. Code:31335","State : MAHARASHTRA
District : NAGPUR",Secondary Level,"Name : TIRPUDE CENTRAL SCHOOL
Head/Principal Name: AFRIN SOHEL SAYANI","Address : SURVEY NO. 103/1 & 104/1, CHALKA COLONY, INDORA KAMPTEE ROAD
Website : www.tirpudecentralschool.com"
606,"Aff. No. :1131348
Sch. Code:31337","State : MAHARASHTRA
District : NAGPUR",Secondary Level,"Name : ST. FRANCIS DE SALES SCHOOL
Head/Principal Name: PALIMALA ANITHA","Address : SURVEY NO 619/1,, MOHDI (DALVI) ROAD,, NARKHED
Website : www.sfsnarkhed.in"
607,"Aff. No. :1131362
Sch. Code:31351","State : MAHARASHTRA
District : NAGPUR",Senior Secondary Level,"Name : ASPIRE INTERNATIONAL SCHOOL
Head/Principal Name: Nutan Jamil","Address : SURVEY NO 56/3 & 56/4, PLOT NO 73, KHASARMARI, NH7, WARDHA ROAD, NAGPUR
Website : http://www.aspireschools.in"
608,"Aff. No. :1131359
Sch. Code:31348","State : MAHARASHTRA
District : NAGPUR",Secondary Level,"Name : SANSKAR VIDYA SAGAR
Head/Principal Name: HEMALATHA RITESH AMBADWAR","Address : GONHI P.H.N 35, TAH - NAGPUR (RURAL), -
Website : www.svsdighori.edu.in"
609,"Aff. No. :1131370
Sch. Code:31359","State : MAHARASHTRA
District : NAGPUR",Secondary Level,"Name : DIVINE PROVIDENCE SCHOOL
Head/Principal Name: JITHEESH T J","Address : BEHIND BANK OF INDIA, KATOL ROAD, FETRI
Website : www.divineprovidenceschoolfetri.in"
610,"Aff. No. :1131282
Sch. Code:31269","State : MAHARASHTRA
District : NAGPUR",Secondary Level,"Name : ST. JOSEPH SCHOOL, GODHANI
Head/Principal Name: THRESSIA P J","Address : PITESUR ROAD, GODHANI, NAGPUR.
Website : https://www.sjsgodhninagpur.com"
611,"Aff. No. :1131273
Sch. Code:31260","State : MAHARASHTRA
District : NAGPUR",Senior Secondary Level,"Name : JAGAT PUBLIC SCHOOL
Head/Principal Name: VANI VENKAT RAMANA VRUDDHULA","Address : NEAR GAS GODOWN, RING ROAD, WATHODA, NAGPUR
Website : https://jagatpublicschoolnagpur.com/"
612,"Aff. No. :1131229
Sch. Code:31216","State : MAHARASHTRA
District : NAGPUR",Secondary Level,"Name : THE SOUTH PUBLIC SCHOOL
Head/Principal Name: DR MRUNALINI DASTURE","Address : OMKAR NAGAR, MANEWADA RING ROAD
Website : http://www.thesouthpublicschool.co.in/"
613,"Aff. No. :1131236
Sch. Code:31223","State : MAHARASHTRA
District : NAGPUR",Senior Secondary Level,"Name : NARAYANA E-TECHNO SCHOOL
Head/Principal Name: Dr SULAKSHANA AJABRAO BHUYAR","Address : CHANDMARI ROAD, NEAR SARJU TOWNSHIP,, WATHODA, NAGPUR-440008
Website : https://www.narayanaschools.in/"
614,"Aff. No. :1131244
Sch. Code:31231","State : MAHARASHTRA
District : NAGPUR",Secondary Level,"Name : BHAVAN'S BHAGWANDAS PUROHIT VIDYA MANDIR
Head/Principal Name: Raji Srinivasan","Address : WARDHA ROAD,, NAGPUR
Website : www.bvmchb.edu.in"
615,"Aff. No. :1131263
Sch. Code:31250","State : MAHARASHTRA
District : NAGPUR",Secondary Level,"Name : D Y PATIL INTERNATIONAL SCHOOL
Head/Principal Name: KIRAN KOMBE","Address : KHAPRI (RAILWAY), WARDHA ROAD NAGPUR
Website : www.dypisnagpur.in"
616,"Aff. No. :1130554
Sch. Code:30525","State : MAHARASHTRA
District : NAGPUR",Secondary Level,"Name : SAONER PUBLIC SCHOOL
Head/Principal Name: MAMTA ANIL AGRAWAL","Address : GUJARKHEDI NAGPUR ROAD SAONER
Website : www.saonerpublicschools.in"
617,"Aff. No. :1130552
Sch. Code:30505","State : MAHARASHTRA
District : NAGPUR",Senior Secondary Level,"Name : PRIYADARSHINI NAGPUR PUBLIC SCHOOL
Head/Principal Name: BHAKTI SANTOSH BOBDE","Address : OLD BAGADGANJ, BHANDARA ROAD,
Website : www.pnpsedu.in"
618,"Aff. No. :1130520
Sch. Code:30578","State : MAHARASHTRA
District : NAGPUR",Senior Secondary Level,"Name : BHAVANS BHAGWANDAS PUROHIT VIDYA MANDIR,
Head/Principal Name: PARWATI GOPAL IYER","Address : BHANGE LAYOUT, BHAMTI, TRIMURTI NAGAR
Website : www.bvmtrmn.edu.in"
619,"Aff. No. :1130509
Sch. Code:30431","State : MAHARASHTRA
District : NAGPUR",Secondary Level,"Name : ARVIND INDO PUBLIC SCHOOL
Head/Principal Name: Anuradha Ravindra Deshmukh","Address : KHUTAMBA ROAD, NEAR KATOL RAILWAY STATION
Website : www.aipscbsekatol.edu.in"
620,"Aff. No. :1130513
Sch. Code:30615","State : MAHARASHTRA
District : NAGPUR",Senior Secondary Level,"Name : BISHOP COTTON SCHOOL
Head/Principal Name: Soniya Singh","Address : BISHOP COTTON SCHOOL CBSE,OPP JAIKA MOTORS, CIVIL LINES, NAGPUR.
Website : http://bishopcottonschoolcbse.in/"
621,"Aff. No. :1130514
Sch. Code:30463","State : MAHARASHTRA
District : NAGPUR",Senior Secondary Level,"Name : JAIN HERITAGE A CAMBRIDGE SCHOOL
Head/Principal Name: Moonika Ratanparj","Address : VILLAGE MOUZA, CHICHOLI TEHSIL, NAGPUR
Website : http://www.jgi.ac.in"
622,"Aff. No. :1130605
Sch. Code:30531","State : MAHARASHTRA
District : NAGPUR",Senior Secondary Level,"Name : BRIGHT SCHOLARS SCHOOL , KORADI
Head/Principal Name: MINAKSHI KALE","Address : DEVI MANDIR ROAD, BEHIND SEVANAND SCHOOL KORADI,DIST. NAGPUR PIN:441111
Website : www.brightscholarskindergarten.com"
623,"Aff. No. :1130601
Sch. Code:30568","State : MAHARASHTRA
District : NAGPUR",Senior Secondary Level,"Name : BHAVANS NTPC VIDYA MANDIR, MOUDA
Head/Principal Name: JANAKI MANI","Address : UTKARSH NAGAR, NTPC TOWNSHIP, RAMTEK ROAD, MOUDA
Website : https://bvb-ntpc.edu.in"
624,"Aff. No. :1130622
Sch. Code:30569","State : MAHARASHTRA
District : NAGPUR",Secondary Level,"Name : DIVINE PROVIDENCE SCHOOL
Head/Principal Name: Jincy mol Jacob","Address : DIVINE PROVIDENCE SCHOOL, PADRI THANA P. O., BUTIBORI-UMRER ROAD
Website : www.divineprovidenceschoolpadrithana.in"
625,"Aff. No. :1130623
Sch. Code:30544","State : MAHARASHTRA
District : NAGPUR",Secondary Level,"Name : EPATHSHALA VIHIRGAON
Head/Principal Name: Shilpa Mohan Joshi","Address : NEW OUTER RING ROAD, NEAR UMRED ROAD BRIDGE, VIHIRGAON
Website : https://epathshalaonline.com/"
626,"Aff. No. :1130567
Sch. Code:30496","State : MAHARASHTRA
District : NAGPUR",Senior Secondary Level,"Name : SARASWAT CENTRAL PUBLIC SCHOOL
Head/Principal Name: SHIMLA YOGESHWAR SINGH","Address : AT AJANI
Website : www.saraswatschools.com"
627,"Aff. No. :1130561
Sch. Code:30510","State : MAHARASHTRA
District : NAGPUR",Senior Secondary Level,"Name : SCHOOL OF SCHOLARS
Head/Principal Name: SHILPA NEWASKAR","Address : ATREY LAYOUT, NAGPUR
Website : www.sosatrey.edu.in"
628,"Aff. No. :1130578
Sch. Code:30503","State : MAHARASHTRA
District : NAGPUR",Secondary Level,"Name : KIDS WORLD SCHOOL
Head/Principal Name: JAYATI AVINASH VASUDEO","Address : PLOT NO. 247, BEHIND POLICE LINE, BEHIND EKTA & BASERA APARTMENT , NAGPUR
Website : www.kidsworldschoolnagpur.com"
629,"Aff. No. :1130588
Sch. Code:30528","State : MAHARASHTRA
District : NAGPUR",Secondary Level,"Name : HILLFORT PUBLIC SCHOOL
Head/Principal Name: PREETI KISHOR VAIRAGADE","Address : 12, AMBAZARI HILL TOP,FUKE PATIL MARG,RAMNAGAR, NAGPUR - 440010
Website : www.hillfortpublicschool.edu.in"
630,"Aff. No. :1130677
Sch. Code:30681","State : MAHARASHTRA
District : NAGPUR",Secondary Level,"Name : THE ACHIEVERS SCHOOL
Head/Principal Name: Pooja Mahawadiwar","Address : KH. NO. 8, WARODA VILLAGE, WARDHA ROAD, VIA LE MERIDIEN HOTEL, ON OUTER RING ROAD
Website : www.theachieversschool.com"
631,"Aff. No. :1130682
Sch. Code:30593","State : MAHARASHTRA
District : NAGPUR",Senior Secondary Level,"Name : ORCHID PUBLIC SCHOOL
Head/Principal Name: Sujata Rajesh Gandhi","Address : DHANTOLI, KATOL
Website : www.orchidpublicschool.edu.in"
632,"Aff. No. :1130666
Sch. Code:30577","State : MAHARASHTRA
District : NAGPUR",Senior Secondary Level,"Name : KARMANEYA SCHOOL OF EXCELLENCE
Head/Principal Name: UNNATI HARSHAD DATAR","Address : P-16, MIDC, AREA BUTIBORI, NAGPUR
Website : www.ksenagpur.edu.in"
633,"Aff. No. :1130691
Sch. Code:30608","State : MAHARASHTRA
District : NAGPUR",Senior Secondary Level,"Name : PRATIBHASTHALI GYANODAYA VIDYAPEETH RAMTEK
Head/Principal Name: RAJNI JAIN","Address : BHAGWAN SHANTINATH JAIN MANDIR MOUZA KAWADAK RAMTEK NAGPUR
Website : https://ramtek.pratibhasthali.org"
634,"Aff. No. :1130662
Sch. Code:30592","State : MAHARASHTRA
District : NAGPUR",Senior Secondary Level,"Name : M.K.H. SANCHETI PUBLIC SCHOOL
Head/Principal Name: HIMADYUTI SHRIVASTAVA","Address : KHASARA NO. 50/3, 50/7 GOTAR PANJARI, BESA, NAGPUR MAHARASHTRA- 440037
Website : https://mkhsancheti.com/"
635,"Aff. No. :1130633
Sch. Code:30551","State : MAHARASHTRA
District : NAGPUR",Senior Secondary Level,"Name : MOUNT LITERA ZEE SCHOOL
Head/Principal Name: Abhaykumar Sontakke","Address : 199, SANGAL ESTATE, KAWTHA ROAD, JAKAT NAKA NO. 2, KAMPTEE ROAD, BHILGAON, DIST. NAGPUR - 440026,
Website : http://www.mlzsnagpur.edu.in"
636,"Aff. No. :1130642
Sch. Code:31049","State : MAHARASHTRA
District : NAGPUR",Secondary Level,"Name : HADAS CBSE SCHOOL
Head/Principal Name: Prajakta Gangakhedkar","Address : NORTH AMBAZARI ROAD, NAGPUR
Website : www.hadascbseschool.com"
637,"Aff. No. :1130743
Sch. Code:30851","State : MAHARASHTRA
District : NAGPUR",Secondary Level,"Name : JINDAL VIDYA MANDIR
Head/Principal Name: Pallavi Chakkilala","Address : JSW HOUSING COLONY, MIDC ROAD KALMESHWAR
Website : www.jvm.in"
638,"Aff. No. :1130760
Sch. Code:30677","State : MAHARASHTRA
District : NAGPUR",Secondary Level,"Name : EAST POINT SCHOOL
Head/Principal Name: Shailaja Patil","Address : SHANTI PARK JAISWAL ESTATE
Website : www.eastpointschools.in"
639,"Aff. No. :1130761
Sch. Code:30670","State : MAHARASHTRA
District : NAGPUR",Secondary Level,"Name : SHREE SWAMINARAYAN GURUKUL INTERNATIONAL SCHOOL
Head/Principal Name: RAHUL NOEL AMBATI","Address : BHANDARA RD., OPP. MURLI PAPER MILL, PO. WADODA
Website : www.gurukulworld.org/nagpur"
640,"Aff. No. :1130726
Sch. Code:30653","State : MAHARASHTRA
District : NAGPUR",Senior Secondary Level,"Name : PODAR INTERNATIONAL SCHOOL
Head/Principal Name: LUCKY HARIDAS SADRANI","Address : NEAR ASARAM BAPU ASHRAM, KATOL ROAD, FETRI SQUARE, FETRI
Website : https://www.podareducation.org/school/nagpurkatol"
641,"Aff. No. :1130708
Sch. Code:30620","State : MAHARASHTRA
District : NAGPUR",Senior Secondary Level,"Name : ST.GIANELLI CONVENT SCHOOL
Head/Principal Name: SHANTY PHILIP","Address : ST. GIANELLI CONVENT SCHOOL GUMTHALA ROAD AJANI VILLAGE, KAMPTEE NAGPUR . POST PIPRI KANHAN 441001
Website : www.gianelliconventschool.com"
642,"Aff. No. :1130862
Sch. Code:30955","State : MAHARASHTRA
District : NAGPUR",Secondary Level,"Name : RUKMIN SCHOOL
Head/Principal Name: PRAVIN DASHARATH NINAWE","Address : RUKMIN SCHOOL, POST- KAPSI AT SHIRPUR, TAHSIL KAMPTEE, DISTRICT NAGPUR
Website : www.rukminschoolnagpur.com"
643,"Aff. No. :1130860
Sch. Code:34116","State : MAHARASHTRA
District : NAGPUR",Senior Secondary Level,"Name : AIR FORCE SCHOOL
Head/Principal Name: BHUPENDRA BONDRE","Address : VSN, NAGPUR, HQMC(U), VAYUSENA NAGAR, NAGPUR- 440007
Website : www.airforceschoolvsnnagpur.org"
644,"Aff. No. :1130848
Sch. Code:30950","State : MAHARASHTRA
District : NAGPUR",Senior Secondary Level,"Name : DELHI PUBLIC SCHOOL LAVA
Head/Principal Name: ATUL DEO","Address : OFF DABHA RING ROAD LAVA
Website : https://dpsnagpurcity.com"
645,"Aff. No. :1130839
Sch. Code:31076","State : MAHARASHTRA
District : NAGPUR",Secondary Level,"Name : DRAGON INTERNATIONAL SCHOOL
Head/Principal Name: Ambrin Fatema","Address : DRAGON PALACE CAMPUS, DADASAHEB KUMBHARE PREMISES, KAMPTEE
Website : www.dragonschool.in"
646,"Aff. No. :1130888
Sch. Code:30867","State : MAHARASHTRA
District : NAGPUR",Secondary Level,"Name : DEORAOJI ITANKAR PUBLIC SCHOOL
Head/Principal Name: PALLAVI SHEKHAR WANKHEDE","Address : BUDWARI PETH UMRED WARD NO 4 TAL UMRED DIST NAGPUR
Website : www.dipsumred.org"
647,"Aff. No. :1130878
Sch. Code:30849","State : MAHARASHTRA
District : NAGPUR",Secondary Level,"Name : LATE M. L. MANKAR SCHOOL
Head/Principal Name: Apeksha Gotmare","Address : SURVEY NO. 46/1, P.H. NO. 40-A, MOUZA – SALAI (GODHANI), NAGPUR, DIST. NAGPUR
Website : www.gurukulschools.in"
648,"Aff. No. :1130874
Sch. Code:30800","State : MAHARASHTRA
District : NAGPUR",Secondary Level,"Name : PODAR INTERNATIONAL SCHOOL,GODHANI NAGPUR
Head/Principal Name: Mini Pramod Deshmukh","Address : SURVEY NO 381,MOUZE GODHANI NAGPUR ( RURAL)DIST: NAGPUR 441203
Website : https://www.podareducation.org/school/nagpurkoradi"
649,"Aff. No. :1130895
Sch. Code:30864","State : MAHARASHTRA
District : NAGPUR",Secondary Level,"Name : ST JOHNS PUBLIC SCHOOL
Head/Principal Name: Arun Poulose","Address : BEHIND ST JOHNS HIGH SCHOOL MOHAN NAGAR
Website : www.stjohnspublicschool.in"
650,"Aff. No. :1130901
Sch. Code:31009","State : MAHARASHTRA
District : NAGPUR",Senior Secondary Level,"Name : BLOSSOM SCHOOL
Head/Principal Name: PRIYANKA GANDHI","Address : KHASRA NO. 12/1,P.H. NO. 18 MOUZA- PAWANGAON
Website : www.blossomschool.edu.in"
651,"Aff. No. :1130774
Sch. Code:30689","State : MAHARASHTRA
District : NAGPUR",Senior Secondary Level,"Name : ST. VINCENT PALLOTTI SCHOOL
Head/Principal Name: TRESA ANILA XAVIER","Address : OPP. INDIAN OIL PETROL PUMP, KAMPTEE-KALAMANA ROAD
Website : http://svpskamptee.co.in"
652,"Aff. No. :1130800
Sch. Code:30733","State : MAHARASHTRA
District : NAGPUR",Secondary Level,"Name : SCHOOL OF SCHOLARS
Head/Principal Name: Arti Choubey","Address : HUDKESHWAR, NAGPUR
Website : http://www.soshudkeshwar.edu.in"
653,"Aff. No. :1130802
Sch. Code:30764","State : MAHARASHTRA
District : NAGPUR",Senior Secondary Level,"Name : BHAVANS BHAGWANDAS PUROHIT VIDYA MANDIR, KORADI
Head/Principal Name: SARBANI BOSE","Address : NANDA PHATA,KHAPARKHEDA ROAD, KORADI
Website : www.bvmkoradi.edu.in"
654,"Aff. No. :1130807
Sch. Code:30739","State : MAHARASHTRA
District : NAGPUR",Secondary Level,"Name : SILVER OAK INTERNATIONAL SCHOOL
Head/Principal Name: PRIYANKA PANDE","Address : BHAPSI (SEO), TARNA ROAD, UMRED
Website : www.sois.in"
655,"Aff. No. :1130826
Sch. Code:30779","State : MAHARASHTRA
District : NAGPUR",Secondary Level,"Name : SEVASADAN SAKSHAM SCHOOL
Head/Principal Name: Padmaja Ganesh Marathe","Address : SEVASADAN SAKSHAM SCHOOL NORTH AMBAZARI ROAD, SITABULDI
Website : www.sakshamschool.edu.in"
656,"Aff. No. :1130798
Sch. Code:30758","State : MAHARASHTRA
District : NAGPUR",Secondary Level,"Name : SUNRISE INTERNATIONAL SCHOOL
Head/Principal Name: APARNA DADARAO GHATBANDHE","Address : AT.CHARGAON POST.KHARI-BHIJEWADA TA.RAMTEK DIST.NAGPUR
Website : https://sunriseinternationalschool.org/"
657,"Aff. No. :1130804
Sch. Code:30735","State : MAHARASHTRA
District : NAGPUR",Senior Secondary Level,"Name : INDIAN OLYMPIAD SCHOOL
Head/Principal Name: IFAT PARVEZ ANJUM KHAN","Address : 61/1,BHILGAON, RANALA KAMPTEE ROAD, DIST NAGPUR
Website : www.indianolympiadschool.in"
658,"Aff. No. :1131050
Sch. Code:31026","State : MAHARASHTRA
District : NAGPUR",Secondary Level,"Name : ERA INTERNATIONAL SCHOOL, REVATI NAGAR ,BESA
Head/Principal Name: Priya Ronghe","Address : PLOT NO.57,REVATI NAGAR, BESA ,NAGPUR
Website : www.erabesa.co.in"
659,"Aff. No. :1131047
Sch. Code:31023","State : MAHARASHTRA
District : NAGPUR",Senior Secondary Level,"Name : ST. VINCENT PALLOTTI SCHOOL
Head/Principal Name: Joseph Koovely","Address : PALLOTTI AVENUE, BESA-PIPLA ROAD,
Website : www.pallottischoolbesa.com"
660,"Aff. No. :1131035
Sch. Code:31010","State : MAHARASHTRA
District : NAGPUR",Secondary Level,"Name : ST. THOMAS PUBLIC SCHOOL
Head/Principal Name: SHEETAL BULARAM BHANDARE","Address : SURVEY NO. 330 KALMESHWAR BYPASS KATOL ROAD GHORAD
Website : https://stpsnagpur.edu.in/"
661,"Aff. No. :1131004
Sch. Code:30975","State : MAHARASHTRA
District : NAGPUR",Secondary Level,"Name : TAYWADE PUBLIC SCHOOL
Head/Principal Name: PRERNA RAVINDRA JHA","Address : MAHADULA KORADI, TAL. KAMTHI, DIST. NAGPUR
Website : www.taywadepublicschool.edu.in"
662,"Aff. No. :1131014
Sch. Code:30987","State : MAHARASHTRA
District : NAGPUR",Secondary Level,"Name : SHRINIVAS PUBLIC SCHOOL
Head/Principal Name: Rupali Sandeep Jalan","Address : C/O LAD COLLEGE CAMPUS SEMINARY HILLS NAGPUR
Website : www.shrinivaspubsch.edu.in"
663,"Aff. No. :1130904
Sch. Code:31071","State : MAHARASHTRA
District : NAGPUR",Senior Secondary Level,"Name : NARAYANA VIDYALAYAM
Head/Principal Name: Shanthi Menon","Address : NEAR OLD OCTROI NAKA KORADI ROAD, BOKHARA, NAGPUR
Website : www.narayanavidyalayam.org/narayana-vidyalayam-koradiroad/"
664,"Aff. No. :1130946
Sch. Code:30897","State : MAHARASHTRA
District : NAGPUR",Secondary Level,"Name : TIRUPATI INTERNATIONAL PUBLIC SCHOOL, KATOL
Head/Principal Name: Ganesh Ghate","Address : 43/1 SAGAMA NAGAR,NEAR RAILWAY FLY OVER, NAGPUR ROAD, KATOL,DIST-NAGPUR
Website : www.tipskatol.com"
665,"Aff. No. :1130933
Sch. Code:31068","State : MAHARASHTRA
District : NAGPUR",Senior Secondary Level,"Name : DELHI PUBLIC SCHOOL MIHAN NAGPUR
Head/Principal Name: NIDHI YADAV","Address : PLOT NO 07,SECTOR 21, OPP.IIM & AIIMS, MIHAN PARISAR WARDHA ROAD NAGPUR
Website : www.dpsmihan.edu.in"
666,"Aff. No. :1130980
Sch. Code:30933","State : MAHARASHTRA
District : NAGPUR",Secondary Level,"Name : BUTY PUBLIC SCHOOL
Head/Principal Name: ARUNA NIRAJ CHOUBE","Address : PLOT NO 1764-D OLD KAMPTEE ROAD KALAMANA
Website : https://www.butypublicschool.com"
667,"Aff. No. :1130978
Sch. Code:30926","State : MAHARASHTRA
District : NAGPUR",Secondary Level,"Name : GAIKWAD-PATIL INTERNATIONAL SCHOOL
Head/Principal Name: Ms Shabih Chaurasia","Address : DHUTI, DONGARGOAN, WARDHA ROAD, NAGPUR
Website : www.gpis-edu.org"
668,"Aff. No. :1130367
Sch. Code:30444","State : MAHARASHTRA
District : NAGPUR",Secondary Level,"Name : SCHOLARS CONVENT
Head/Principal Name: Shilpa Nilesh Kasture","Address : CENTRAL BAZAR ROAD, OPP. KRUSHI KUNJ, RAMDASPETH, NAGPUR
Website : http://scholarsconvent.ac.in/nagpur/contactus.htm"
669,"Aff. No. :1130368
Sch. Code:30286","State : MAHARASHTRA
District : NAGPUR",Senior Secondary Level,"Name : K JOHN PUBLIC SCHOOL
Head/Principal Name: SHYLA JOHN","Address : DIGORI(KALE) POST, VIA-KUHI,BHANDARA ROAD, ASSOLI, NAGPUR
Website : www.kjohnpublicschool.org"
670,"Aff. No. :1130350
Sch. Code:30389","State : MAHARASHTRA
District : NAGPUR",Secondary Level,"Name : SOMALWAR SCHOOL, MAA UMIYA BRANCH
Head/Principal Name: RAJSHREE DUTTA","Address : KAPSI (KHURD),PARDI,BHANDARA ROAD
Website : www.somalwarcbse.org"
671,"Aff. No. :1130353
Sch. Code:30314","State : MAHARASHTRA
District : NAGPUR",Secondary Level,"Name : ARVIND INDO PUBLIC SCHOOL
Head/Principal Name: GANESH M. THAWARE","Address : MIDC AREA HETI SURLA SAONER NAGPUR
Website : www.aipssaoner.edu.com"
672,"Aff. No. :1130354
Sch. Code:30261","State : MAHARASHTRA
District : NAGPUR",Secondary Level,"Name : SWAMI AWADHESHANAND PUBLIC SCHOOL, KAMPTEE
Head/Principal Name: ESHA RUPESH MUDALIAR","Address : BEHIND RAILWAY STATION , NEW KAMPTEE
Website : https://sapskamptee.com"
673,"Aff. No. :1130410
Sch. Code:30393","State : MAHARASHTRA
District : NAGPUR",Senior Secondary Level,"Name : PODAR INTERNATIONAL SCHOOL
Head/Principal Name: SHYAM NARAYAN SAHU","Address : SURVEY NO. PH.-38/A, MOUZA WELAHARI TAL. NAGPUR, MAHARASHTRA
Website : https://www.podareducation.org/school/nagpurbesa"
674,"Aff. No. :1130380
Sch. Code:30269","State : MAHARASHTRA
District : NAGPUR",Secondary Level,"Name : MOUNT CARMEL CONVENT SCHOOL
Head/Principal Name: SR. LIZBETH","Address : DHARTHI MURTHI ROAD, KATOL P.O. PIN:441302
Website : www.mountcarmelkatol.info"
675,"Aff. No. :1130420
Sch. Code:30334","State : MAHARASHTRA
District : NAGPUR",Secondary Level,"Name : KURVEYS NEW MODEL PUBLIC SCHOOL
Head/Principal Name: Sunita Trivedi","Address : NEAR DIKSHA BHOOMI SQUARE,SHRADDHANAND PETH
Website : www.kurveysschool.in"
676,"Aff. No. :1130465
Sch. Code:30579","State : MAHARASHTRA
District : NAGPUR",Secondary Level,"Name : LAKHOTIYA BHUTADA HIGH SCHOOL KONDHALI
Head/Principal Name: ASHUTOSH KEDARPAWAR","Address : NEAR BUS STAND, AMRAVATI ROAD, KONDHALI
Website : http://lakhotiyabhutadacbse.com"
677,"Aff. No. :1130466
Sch. Code:30435","State : MAHARASHTRA
District : NAGPUR",Secondary Level,"Name : ST. JOSEPH'S CONVENT SENIOR SECONDERY SCHOOL
Head/Principal Name: CLAUDIA MENDES","Address : CHICHOLI VILLAGE, KATOL ROAD, FETRI POST,
Website : www.sjcsfetrinagpur.edu.in"
678,"Aff. No. :1130457
Sch. Code:30386","State : MAHARASHTRA
District : NAGPUR",Secondary Level,"Name : OM VIDYANIKETAN SCHOOL,UMRER
Head/Principal Name: SHAILESH LAKHANLAL RAHANGDALE","Address : OMKARNAGAR, BAHINBAI NAGAR ROAD, PARSODI, UMRER, NAGPUR.
Website : www.omvidyaniketan.in"
679,"Aff. No. :1130458
Sch. Code:30545","State : MAHARASHTRA
District : NAGPUR",Senior Secondary Level,"Name : ADARSH SANSKAR VIDYALAYA CBSE
Head/Principal Name: PRIYA MOHAN BELSARE","Address : PIPALA, HUDKESHWAR ROAD, NAGPUR
Website : www.adarshsanskar.org"
680,"Aff. No. :1130475
Sch. Code:30511","State : MAHARASHTRA
District : NAGPUR",Senior Secondary Level,"Name : ESSENCE INTERNATIONAL SCHOOL
Head/Principal Name: Beena Menon","Address : 84/1 NAGALWADI NEAR GAJANAN MAHARAJ TEMPLE, NAGPUR.
Website : www.eisngp.in"
681,"Aff. No. :1130476
Sch. Code:30415","State : MAHARASHTRA
District : NAGPUR",Secondary Level,"Name : ST. FRANCIS DE SALES ENGLISH MEDIUM SCHOOL NIMKHEDA
Head/Principal Name: SILBESTER KULLU","Address : NIMKHEDA, TAL. MOUDA, NAGPUR
Website : www.sfsnimkheda.org"
682,"Aff. No. :1130479
Sch. Code:30392","State : MAHARASHTRA
District : NAGPUR",Secondary Level,"Name : SCHOOL OF SCHOLARS
Head/Principal Name: DR UMA BHALERAO","Address : BELTARODI, TAL. & DISTT : NAGPUR
Website : https://schoolofscholars.co.in"
683,"Aff. No. :1130480
Sch. Code:30412","State : MAHARASHTRA
District : NAGPUR",Senior Secondary Level,"Name : PODAR WORLD SCHOOL NAGPUR
Head/Principal Name: WESLY JOHN KOSHY","Address : KORADI ROAD, BEHIND OCTROI CHECK POST, NAGPUR
Website : http://www.podar.org/nagpurkoradi"
684,"Aff. No. :1130257
Sch. Code:30200","State : MAHARASHTRA
District : NAGPUR",Senior Secondary Level,"Name : K.JOHN PUBLIC SCHOOL
Head/Principal Name: Paul Varghese","Address : AJNI, KHAPA ROAD, SAONER
Website : www.kjohnsaoner.org"
685,"Aff. No. :1130242
Sch. Code:30204","State : MAHARASHTRA
District : NAGPUR",Secondary Level,"Name : ST.ANNS SCHOOL
Head/Principal Name: SAHAYA GLAYPAS VINCENT","Address : RANALA, KHAPERKHEDA VILLAGE, DAHEGAON ROAD, NAGPUR DIST. MAHARASHTRA PIN - 441113
Website : www.stannsschool.co.in"
686,"Aff. No. :1130204
Sch. Code:30149","State : MAHARASHTRA
District : NAGPUR",Secondary Level,"Name : NEERI MODERN SCHOOL
Head/Principal Name: BIJI GEORGE","Address : NEERI, NEHRU MARG, NAGPUR
Website : www.neerimodernschoolnagpur.edu.in"
687,"Aff. No. :1130232
Sch. Code:30260","State : MAHARASHTRA
District : NAGPUR",Secondary Level,"Name : SANSKAR VIDYA SAGAR
Head/Principal Name: USHA RAJESH SHUKLA","Address : NR. KRUSHI UTPANNA BAZAR SAMITI, BHIVAPUR ROAD, UMRER
Website : www.svsumrer.edu.in"
688,"Aff. No. :1130228
Sch. Code:30183","State : MAHARASHTRA
District : NAGPUR",Senior Secondary Level,"Name : G H RAISONI PUBLIC SCHOOL
Head/Principal Name: MEENAKSHI BHATIA","Address : KHASRA NO 145,MOUZA SUKALI(GUPCHUP) TEHSIL HINGNA
Website : https://ghrvnag.raisoni.net/"
689,"Aff. No. :1130215
Sch. Code:30165","State : MAHARASHTRA
District : NAGPUR",Senior Secondary Level,"Name : PRERNA INTERNATIONAL SCHOOL
Head/Principal Name: DIMPLE ASHOK SAKHARE","Address : VIHIRGAON, UMRER ROAD, TAHSIL AND DISTRICT NAGPUR
Website : www.ppsngp.edu.in"
690,"Aff. No. :1130292
Sch. Code:30229","State : MAHARASHTRA
District : NAGPUR",Secondary Level,"Name : CARMEL ACADEMY
Head/Principal Name: JINESH MATHEW","Address : CARMEL ACADEMY, WADDHAMNA, OPP. HIGHLAND PARK, NAGPUR, 440023, M.S. INDIA
Website : www.carmelacademywaddhamna.com"
691,"Aff. No. :1130274
Sch. Code:30206","State : MAHARASHTRA
District : NAGPUR",Secondary Level,"Name : CENTRAL INDIA PUBLIC SCHOOL
Head/Principal Name: Tushar V. Rewatkar","Address : OPP. BARADWARI TALAB,KAPSI(KHURD),NEAR PARDI NAKA,BHANDARA ROAD,NAGPUR.
Website : www.cipskapsi.in"
692,"Aff. No. :1130270
Sch. Code:30218","State : MAHARASHTRA
District : NAGPUR",Secondary Level,"Name : SACRED HEART ACADEMY
Head/Principal Name: Regina Tirkey","Address : PIPLA D.B, PATANSAONGI, NAGPUR
Website : www.shanagpur.com"
693,"Aff. No. :1130285
Sch. Code:30365","State : MAHARASHTRA
District : NAGPUR",Secondary Level,"Name : ST. ROSSELLOS SCHOOL
Head/Principal Name: SUBY P JOSE","Address : MATHNI POST, MOUDA TEH. NAGPUR DIST. MAHARASHTRA
Website : www.strossellosschool.org"
694,"Aff. No. :1130329
Sch. Code:30337","State : MAHARASHTRA
District : NAGPUR",Senior Secondary Level,"Name : BASE SCHOOL (BASE - BRILLIANT ACADEMY OF SCHOLARS FOR EXCELLENCE)
Head/Principal Name: Gauraw Mahule","Address : 21,VIDYA NAGAR,KORADI ROAD
Website : www.baseschool.org.in"
695,"Aff. No. :1130327
Sch. Code:30339","State : MAHARASHTRA
District : NAGPUR",Senior Secondary Level,"Name : EDIFY SCHOOL
Head/Principal Name: SMITA DEV","Address : KHASRA NO. 50, MOUZA-KHAIRI,
Website : www.edifyschoolnagpur.com"
696,"Aff. No. :1130338
Sch. Code:30287","State : MAHARASHTRA
District : NAGPUR",Secondary Level,"Name : ST. CLARET SCHOOL
Head/Principal Name: Martin Roshan D Souza","Address : NEW BUTI-BORI WARDHA ROAD NAGPUR
Website : www.stclaretschool.edu.in"
697,"Aff. No. :1130343
Sch. Code:30324","State : MAHARASHTRA
District : NAGPUR",Secondary Level,"Name : CARMEL ACADEMY
Head/Principal Name: AISTEEN GEORGE V","Address : KALMESHAWAR, WARODA P.O
Website : www.carmelacademies.com"
698,"Aff. No. :1130344
Sch. Code:30373","State : MAHARASHTRA
District : NAGPUR",Secondary Level,"Name : THE CENTRAL COUNTY SCHOOL
Head/Principal Name: AMITA BODAD","Address : RAJENDRA NAGAR, POST-JAITALA, NAGPUR-16
Website : www.tccsngp.org"
699,"Aff. No. :1130345
Sch. Code:30259","State : MAHARASHTRA
District : NAGPUR",Senior Secondary Level,"Name : VIVEKSHEEL MITRA PARIWAR INSTITUTION
Head/Principal Name: DEWAGANA PUNDE","Address : ST.PAUL SCHOOL, HUDKESWAR ROAD, NEAR BRIDZE
Website : www.stpaulnagpur.ac.in"
700,"Aff. No. :1130320
Sch. Code:30297","State : MAHARASHTRA
District : NAGPUR",Senior Secondary Level,"Name : CENTRAL INDIA PUBLIC SCHOOL
Head/Principal Name: ARUNA RAO","Address : SUMAN VIHAR, NERAR M H K S PETROL PUMP, KAMPTEE ROAD, NAGPUR
Website : www.cipskamptee.in"
701,"Aff. No. :1130151
Sch. Code:30169","State : MAHARASHTRA
District : NAGPUR",Secondary Level,"Name : BHARATIYA VIDYA BHAVAN'S BHAGWANDAS PUROHIT VIDYA MANDIR,
Head/Principal Name: VANDANA KAMLESHWAR BISEN","Address : AT- ASHTI (KHURD) PO-WALNI DISTT NAGPUR, MAHARASHTRA
Website : www.bvmashti.edu.in"
702,"Aff. No. :1130149
Sch. Code:30097","State : MAHARASHTRA
District : NAGPUR",Senior Secondary Level,"Name : THE JAIN INTERNATIONAL SCHOOL
Head/Principal Name: ANMOL ABHAY MUKHERJEE","Address : YERLA VILLAGE NEAR ASARAM BAPU ASHRAM, FETRI, NAGPUR, MAHARASHTRA
Website : www.jaininternationalnagpur.edu.in"
703,"Aff. No. :1130124
Sch. Code:30096","State : MAHARASHTRA
District : NAGPUR",Senior Secondary Level,"Name : SANDIPANI SCHOOL
Head/Principal Name: Bharti Bijwe","Address : HAZARIPANAD FRIENDS COLONY AMRAVATI KATOL BYE PASS ROAD NAGPUR MAHARASHTRA
Website : www.sandipanischool.edu.in"
704,"Aff. No. :1130125
Sch. Code:30099","State : MAHARASHTRA
District : NAGPUR",Senior Secondary Level,"Name : ST VINCENT PALLOTTI SCHOOL
Head/Principal Name: SHINE AUGUSTINE","Address : PALLOTTI NAGAR ANAND NAGPUR P B NO 18 NAGPUR MAHARASHTRA
Website : www.pallottischoolnagpur.edu.in"
705,"Aff. No. :1130138
Sch. Code:30098","State : MAHARASHTRA
District : NAGPUR",Secondary Level,"Name : SANJUBA HIGH SCHOOL
Head/Principal Name: PRIYA MOHAN BELSARE","Address : MOUZA- GONHI, UMRER ROAD, BAHADURA, NAGPUR, MAHARASHTRA
Website :"
706,"Aff. No. :1130192
Sch. Code:30130","State : MAHARASHTRA
District : NAGPUR",Secondary Level,"Name : KHUBCHAND BAJAJ CENTRAL PUBLIC SCHOOL
Head/Principal Name: SONIA WALIA","Address : JARIPATKA NEAR HEMU KALANI CHOWK, NAGPUR, MAHARASHTRA
Website : https://kbcps.in/"
707,"Aff. No. :1130184
Sch. Code:30124","State : MAHARASHTRA
District : NAGPUR",Senior Secondary Level,"Name : CENTRE POINT SCHOOL
Head/Principal Name: PERVEEN CASSAD","Address : AMRAVATI ROAD BY PASS, BIVSEN KHORI, DABHA NAGAR, NAGPUR, MAHARASHTRA
Website : www.centrepointschools.com"
708,"Aff. No. :1130165
Sch. Code:30170","State : MAHARASHTRA
District : NAGPUR",Secondary Level,"Name : SANSKAR VIDYA SAGAR
Head/Principal Name: Shweta Rahul Deshpande","Address : KDK COLLEGE OF ENGG. CAMPUS, NANDANVAN, NAGPUR, MAHARASHTRA
Website : www.svsnagpur.edu.in"
709,"Aff. No. :1130169
Sch. Code:30122","State : MAHARASHTRA
District : NAGPUR",Senior Secondary Level,"Name : DELHI PUBLIC SCHOOL
Head/Principal Name: YOGEETA SANTOSH UMALKAR","Address : OPP. 11 KM MILE STONE, VILLAGE-KHAIRI, KAMPTEE ROAD
Website : www.dpsnagpur.edu.in"
710,"Aff. No. :1130167
Sch. Code:30281","State : MAHARASHTRA
District : NAGPUR",Senior Secondary Level,"Name : LALITHA PUBLIC SCHOOL
Head/Principal Name: MANJIRI JOSHI","Address : WARDHAMAN NAGAR, RING ROAD, NAGPUR.
Website : www.lalitapublicschool.com"
711,"Aff. No. :1130064
Sch. Code:30046","State : MAHARASHTRA
District : NAGPUR",Senior Secondary Level,"Name : CENTRE POINT SCHOOL
Head/Principal Name: KANCHAN UKEY","Address : WARDHMANN NAGAR NAGPUR MAHARASHTRA
Website : www.centrepointschools.com"
712,"Aff. No. :1130057
Sch. Code:30036","State : MAHARASHTRA
District : NAGPUR",Senior Secondary Level,"Name : ST. XAVIER'S HIGH SCHOOL
Head/Principal Name: SNEHA PAULSUDHAKAR JETTI","Address : 22 MIDDLE RING ROAD WARDHAMAN NAGAR, DISTT NAGPUR MAHARASHTRA
Website : www.ryangroup.org"
713,"Aff. No. :1130059
Sch. Code:30045","State : MAHARASHTRA
District : NAGPUR",Senior Secondary Level,"Name : BHAVANS BHAGWANDASS PUROHIT VIDYA MANDIR
Head/Principal Name: Lalit Dinkar Joshi","Address : SRIKRISHNA NAGAR WATHODA
Website : www.bvmskn.edu.in"
714,"Aff. No. :1130046
Sch. Code:30035","State : MAHARASHTRA
District : NAGPUR",Secondary Level,"Name : SHRI GURU HARKISHAN PUBLIC SCHOOL
Head/Principal Name: Vinita Bansal","Address : BEZON BAGH NAGPUR MAHARASTRA
Website : www.sghps.ac.in"
715,"Aff. No. :1130078
Sch. Code:30075","State : MAHARASHTRA
District : NAGPUR",Senior Secondary Level,"Name : TULI PUBLIC SCHOOL
Head/Principal Name: ANJU CHOPRA","Address : NEAR KARADI NAKA BOKHARA ROAD NAGPUR MAHARASHTRA
Website : http://www.eduattuli.com"
716,"Aff. No. :1130070
Sch. Code:30048","State : MAHARASHTRA
District : NAGPUR",Senior Secondary Level,"Name : MONTFORT SCHOOL
Head/Principal Name: JOMON JOY","Address : GAVSHI MANAPUR, ASHOKWAN,WARDHA ROAD ,POST RUIE, DIST . NAGPUR
Website : www.montfortnagpur.ac.in"
717,"Aff. No. :1130071
Sch. Code:30055","State : MAHARASHTRA
District : NAGPUR",Senior Secondary Level,"Name : SCHOOL OF SCHOLARS
Head/Principal Name: RITA PANSE","Address : AT YCCE CAMPUS WANADONGRI TAL HINGNA DISTT NAGPUR MAHARASHTRA
Website : www.schoolofscholars.edu.in"
718,"Aff. No. :1130097
Sch. Code:30093","State : MAHARASHTRA
District : NAGPUR",Senior Secondary Level,"Name : NARAYANA VIDYALAYAM
Head/Principal Name: REKHA NAIR","Address : CHINCH BHUVAN WARDHA ROAD NAGPUR MAHARASHTRA
Website : https://narayanavidyalayam.org/"
719,"Aff. No. :1130107
Sch. Code:30073","State : MAHARASHTRA
District : NAGPUR",Senior Secondary Level,"Name : ST XAVIER'S HIGH SCHOOL
Head/Principal Name: ASHLESHA TARAS PARKHI","Address : X 21 MIDC HINGNA ROAD NAGPUR MAHARASHTRA
Website : https://www.ryangroup.org/site/sxhsnagpurmidc/"
720,"Aff. No. :1130081
Sch. Code:30078","State : MAHARASHTRA
District : NAGPUR",Senior Secondary Level,"Name : ROYAL GONDWANA PUBLIC SCHOOL
Head/Principal Name: TUSHAR SURESHRAO CHAVHAN","Address : VILLAGE SHANKARPUR WARDHA ROAD, PO KHAPRI NAGPUR MAHARASHTRA
Website : http://www.royalgpschool.edu.in"
721,"Aff. No. :1130084
Sch. Code:30077","State : MAHARASHTRA
District : NAGPUR",Secondary Level,"Name : ORCHIDS THE INTERNATIONAL SCHOOL
Head/Principal Name: Mehnaz Patel","Address : BOKHARA ROAD OPP KORADI NAKA NAGPUR MAHARASHTRA
Website : www.orchidsinternationalschoolkoradiroad.com"
722,"Aff. No. :1130099
Sch. Code:30070","State : MAHARASHTRA
District : NAGPUR",Senior Secondary Level,"Name : THE SWAMINARAYAN SCHOOL
Head/Principal Name: SHWETA NILESH KHANDELWAL","Address : 245 EAST WARDHMAN NAGAR SWAMINARAYAN MARG NAGPUR MAHARASHTRA
Website : www.bapsschoolngp.org"
723,"Aff. No. :1130021
Sch. Code:30012","State : MAHARASHTRA
District : NAGPUR",Senior Secondary Level,"Name : CENTRE POINT SCHOOL
Head/Principal Name: SHILPEE ALOK GANGULY","Address : KATOL ROAD, NEAR SEMINARY HILLS, NAGPUR (MAHARASHTRA)
Website : www.centrepointschools.com"
724,"Aff. No. :1130016
Sch. Code:30005","State : MAHARASHTRA
District : NAGPUR",Senior Secondary Level,"Name : BHAVANS BHAGWANDAS PUROHIT VIDYA MANDIR
Head/Principal Name: Smt. Leena Ashish Varghese","Address : LALA LAJPATRAI MARG, CIVIL LINES, NAGPUR MAHARASHTRA
Website : www.bvmcl.edu.in"
725,"Aff. No. :1130026
Sch. Code:30011","State : MAHARASHTRA
District : NAGPUR",Senior Secondary Level,"Name : MODERN SCHOOL
Head/Principal Name: Rupali Dey","Address : VIDYA NAGAR, 8TH KM. STONE, KORADI ROAD, OPPOSITE SUNDER BISCUIT FACTORY, NAGPUR, MAHARASHTRA
Website : www.modernschoolnagpur.edu.in."
726,"Aff. No. :1130040
Sch. Code:30021","State : MAHARASHTRA
District : NAGPUR",Senior Secondary Level,"Name : IRA INTERNATIONAL SCHOOL
Head/Principal Name: MANISHA SATHE","Address : PLOT NO 15 BUTIBORI NAGPUR BUTIBORI NAGPUR MAHARASHTRA
Website : www.irainternationalschool.ac.in"
727,"Aff. No. :1130036
Sch. Code:30019","State : MAHARASHTRA
District : NAGPUR",Senior Secondary Level,"Name : BHARTI KRISHNA VIDYA VIHAR
Head/Principal Name: Chhaya Chaturvedi","Address : RAVAL BHAVAN NEAR TELANKHEDI GARDEN TELENKHEDI, DISTT NAGPUR, MAHARASHTRA
Website : www.bkvvngp.org"
728,"Aff. No. :1130037
Sch. Code:30022","State : MAHARASHTRA
District : NAGPUR",Senior Secondary Level,"Name : RELIANCE FOUNDATION SCHOOL
Head/Principal Name: HARI PRASAD VAISHNAV","Address : C I P L VILLAGE DAHALI MOUDA POST DISTT. NAGPUR MAHARASHTRA
Website : www.rfs.edu.in/mouda"
729,"Aff. No. :1100018
Sch. Code:34019","State : MAHARASHTRA
District : NAGPUR",Senior Secondary Level,"Name : PM SHRI KENDRIYA VIDYALAYA
Head/Principal Name: ARVIND SINGH THAKUR","Address : VAYUSENA NAGAR NAGPUR MAHARASHTRA
Website : https://vsnnagpur.kvs.ac.in/"
730,"Aff. No. :1100019
Sch. Code:34022","State : MAHARASHTRA
District : NAGPUR",Senior Secondary Level,"Name : PM SHRI KENDRIYA VIDYALAYA ORDNANCE FACTORY AMBAJHARI NAGPUR
Head/Principal Name: PRAKASH KOMBADE","Address : ORDINANCE FACTORY AMBAJHARI NAGPUR MAHARASHTRA
Website : https://ambajhari.kvs.ac.in/"
731,"Aff. No. :1100020
Sch. Code:34023","State : MAHARASHTRA
District : NAGPUR",Senior Secondary Level,"Name : PM SHRI KENDRIYA VIDYALAYA
Head/Principal Name: J K RAMTEKE","Address : S M LINES KAMPTEE CANTONTMENT AREA KAMPTEE DISTT NAGPUR, MAHARASHTRA
Website : https://kamptee.kvs.ac.in/"
732,"Aff. No. :1100029
Sch. Code:34020","State : MAHARASHTRA
District : NAGPUR",Senior Secondary Level,"Name : PM SHRI KENDRIYA VIDYALAYA
Head/Principal Name: ANIL GHOLPE","Address : C R P F HINGNA ROAD NAGPUR MAHARASHTRA
Website : https://crpfnagpur.kvs.ac.in"
733,"Aff. No. :1100049
Sch. Code:34088","State : MAHARASHTRA
District : NAGPUR",Senior Secondary Level,"Name : PM SHRI KENDRIYA VIDYALAYA
Head/Principal Name: FEROZ KHAN","Address : AJNI NAGPUR RE CAMPUS NAGPUR MAHARASHTRA
Website : https://ajni.kvs.ac.in"
734,"Aff. No. :1120001
Sch. Code:32002","State : MAHARASHTRA
District : NAGPUR",Senior Secondary Level,"Name : EKLAVYA RESIDENTIAL SCHOOL
Head/Principal Name: RUPA SUDHAKAR BOREKAR","Address : KAIRI PARSODA NEAR RAMTEK DISTT NAGPUR MAHARASHTRA
Website : www.mahatribal.gov.in"
735,"Aff. No. :1120015
Sch. Code:32010","State : MAHARASHTRA
District : NANDED",Senior Secondary Level,"Name : EKLAVYA RESIDENTIAL SCHOOL
Head/Principal Name: RADHIKA RAJIV GOLATKAR","Address : SAHASTRAKUND, TAL: KINWAT, DIST- NANDED, MAHARASHTRA- 431 803
Website : www.emrssahastrakund.emrsmaharashtra.com"
736,"Aff. No. :1100055
Sch. Code:34109","State : MAHARASHTRA
District : NANDED",Senior Secondary Level,"Name : PM SHRI KENDRIYA VIDYALAYA
Head/Principal Name: ASHOK KUMAR VISHWAKARMA","Address : SCR NANDED, D R M CAMPUS, AIRPORT ROAD, PO TARODA, DIST. NANDED, MAHARASHTRA
Website : http://scrnanded.kvs.ac.in/"
737,"Aff. No. :1100051
Sch. Code:34090","State : MAHARASHTRA
District : NANDED",Senior Secondary Level,"Name : PM SHRI KENDRIYA VIDYALAYA CRPF MUDKHED
Head/Principal Name: AJAY S CHAUKIKAR","Address : CRPF MUDKHED DISTT NANDED MAHRASHTRA
Website : https://crpfmudkhed.kvs.ac.in/"
738,"Aff. No. :1130310
Sch. Code:30255","State : MAHARASHTRA
District : NANDED",Secondary Level,"Name : NAGARJUNA PUBLIC SCHOOL
Head/Principal Name: Mitali Nilesh Deshpande","Address : KAUTHA, NANDED
Website : www.npsnanded.edu.in"
739,"Aff. No. :1130330
Sch. Code:30391","State : MAHARASHTRA
District : NANDED",Senior Secondary Level,"Name : PODAR INTERNATIONAL SCHOOL
Head/Principal Name: DR MALINI SEN","Address : SHANTAI PARK, SEVEN HILLS, PURNA ROAD
Website : www.podareducation.org/school/nanded"
740,"Aff. No. :1130203
Sch. Code:30146","State : MAHARASHTRA
District : NANDED",Senior Secondary Level,"Name : KIDS KINGDOM PUBLIC SCHOOL
Head/Principal Name: BINDHYA RAJU R","Address : GUT NO. 100, AT KHURGAON, NANDUS ROAD, MALEGAON ROAD
Website : www.kidskingdomnanded.com"
741,"Aff. No. :1130194
Sch. Code:30141","State : MAHARASHTRA
District : NANDED",Senior Secondary Level,"Name : GYAN MATA VIDYA VIHAR
Head/Principal Name: IGNATHI KSHIRSAGAR","Address : NEAR AIRPORT, KAMTA ROAD , NASRATPUR NANDED, MAHARASHTRA 431605
Website : www.gyanmatananded.com"
742,"Aff. No. :1130468
Sch. Code:30432","State : MAHARASHTRA
District : NANDED",Senior Secondary Level,"Name : HIZON DISCOVERY ACADEMY
Head/Principal Name: CHAKSHU KOHLI","Address : BESIDE SRTM UNIVERSITY, OFF LATUR ROAD, VISHNUPURI
Website : www.horizondiscoveryacademy.org"
743,"Aff. No. :1130386
Sch. Code:30381","State : MAHARASHTRA
District : NANDED",Secondary Level,"Name : OXFORD INTERNATIONAL SCHOOL
Head/Principal Name: Anuradha Nallan Chakravartula","Address : SURVEY NO. 76,PAWDE WADI ROAD
Website : www.oxfordn.org.in"
744,"Aff. No. :1130967
Sch. Code:30912","State : MAHARASHTRA
District : NANDED",Secondary Level,"Name : PINNACLE INTERNATIONAL ENGLISH MEDIUM SCHOOL
Head/Principal Name: KAPSE AVINASH DHARNIDHAR","Address : KAKANDI TARFE PASADGAON, NEAR SAI LAWNS, MALEGAON ROAD, TQ. DIST- NANDED
Website : www.pinnacleschoolnanded.org"
745,"Aff. No. :1131032
Sch. Code:31006","State : MAHARASHTRA
District : NANDED",Secondary Level,"Name : SAPTAGIRI PODAR LEARN SCHOOL
Head/Principal Name: Abhinav Shukla","Address : GUT NO-709, HOTTAL ROAD, DEGLUR
Website : www.splsdegloor.com"
746,"Aff. No. :1130815
Sch. Code:30752","State : MAHARASHTRA
District : NANDED",Secondary Level,"Name : WELLINGTON INTERNATIONAL SCHOOL
Head/Principal Name: TUMULURI VENKATA CHALAPATHIRAO","Address : NILKANTHRAO PAWDE CAMPUS, PURNA ROAD,WADI BK. NANDED.
Website : www.wellingtoninternationalschool.in"
747,"Aff. No. :1130790
Sch. Code:30715","State : MAHARASHTRA
District : NANDED",Senior Secondary Level,"Name : SUSHMANJALI YODDHAA SCHOOL OF EXCELLENCE, JANAPURI, NANDED
Head/Principal Name: RUTH CHAKRANARAYAN","Address : JANAPURI,NANDED LATUR ROAD, NANDED, MH 431606
Website : https://www.yoddhaaschool.com/"
748,"Aff. No. :1130727
Sch. Code:30633","State : MAHARASHTRA
District : NANDED",Secondary Level,"Name : SANA INTERNATIONAL SCHOOL
Head/Principal Name: NAZIA SHAIKH","Address : SHA-RE-ZAINAB, JAMIYA COLONY, BRAHMAPURI,OPP INDIAN OIL PETROL PUMP, WAJEGAON BY-PASS ROAD.
Website : www.sisnanded.com"
749,"Aff. No. :1130737
Sch. Code:30673","State : MAHARASHTRA
District : NANDED",Secondary Level,"Name : OXFORD THE GLOBAL SCHOOL
Head/Principal Name: Benny Thomas","Address : 431605
Website : https://oxfordtheglobalschool.com"
750,"Aff. No. :1131173
Sch. Code:31158","State : MAHARASHTRA
District : NANDED",Secondary Level,"Name : GYANJYOTI PODAR LEARN SCHOOL BENDI KINWAT
Head/Principal Name: Bineesh K S","Address : AT POST BENDI KINWAT DIST NANDED , AT POST BENDI KINWAT DIST NANDED
Website : http://www.gyanjyotipls.com"
751,"Aff. No. :1131071
Sch. Code:31050","State : MAHARASHTRA
District : NANDED",Secondary Level,"Name : SANDEEPANI INTERNATIONAL SCHOOL
Head/Principal Name: SABA SALIM BAIG","Address : MUDKHED ROAD, NEAR KAMTHA CHOWK , GADEGAON TQ NANDED DIST NANDED
Website : https://sandeepani.org"
752,"Aff. No. :1131116
Sch. Code:31101","State : MAHARASHTRA
District : NANDED",Secondary Level,"Name : GROW-N-GLOW PUBLIC SCHOOL KANDHAR
Head/Principal Name: Balaji Govindrao Kalne","Address : RAM-RAHIM NAGAR
Website : www.grownglowedu.org"
753,"Aff. No. :1131109
Sch. Code:31094","State : MAHARASHTRA
District : NANDED",Secondary Level,"Name : SHAKUNTAL SCHOOL FOR EXCELLENCE
Head/Principal Name: SADASHIV RAJENDRA TAKALE","Address : MALEGAON ROAD, PASADGAON
Website : www.shankuntalschoolforexcellence.com"
754,"Aff. No. :1131437
Sch. Code:31426","State : MAHARASHTRA
District : NANDED",Secondary Level,"Name : DAR AL ARQAM PUBLIC SCHOOL
Head/Principal Name: UMME BUTOOL MOHD IFTEKHAR ALI","Address : GAT NO 237, SANGAVI BK, NANDED
Website : www.dapsnanded.com"
755,"Aff. No. :1131376
Sch. Code:31365","State : MAHARASHTRA
District : NANDED",Secondary Level,"Name : OLIVE TREE ENGLISH PRIMARY TO HIGHER SECONDARY SCHOOL, GADEGAON, T.& D. NANDED
Head/Principal Name: Mohd Azharuddin Mohd Ziauddin","Address : GADEGAON, TALUKA NANDED, DISTRICT NANDED
Website : www.olivetreeschool.in"
756,"Aff. No. :1131396
Sch. Code:31385","State : MAHARASHTRA
District : NANDED",Secondary Level,"Name : RAJARAM KAKANI SAHAKAR VIDYA MANDIR & JUNIOR COLLEGE, DHARMABAD
Head/Principal Name: SMITA SHARMA","Address : YELWAT ROAD, AT POST DHARMABAD, TQ. DHARMABAD, DIST. NANDED
Website : http://www.rksvm.com"
757,"Aff. No. :1131393
Sch. Code:31382","State : MAHARASHTRA
District : NANDED",Secondary Level,"Name : GURUKUL PUBLIC SCHOOL
Head/Principal Name: NEELIMA DATTAKUMAR MISAL","Address : GURUKUL CAMPUS, GURUJI CHOWK, PAWDEWADI ROAD, PAWDEWADI (BK), NANDED
Website : https://indo-british.com/ibgs-pawdewadi/"
758,"Aff. No. :1131435
Sch. Code:31424","State : MAHARASHTRA
District : NANDED",Senior Secondary Level,"Name : NARAYANA E-TECHNO SCHOOL
Head/Principal Name: CHITTOJI SASIKALA","Address : SURVEY NO. 212/A, WADI (BK) , TAL.NANDED
Website : https://narayanaschools.in/maharashtra/nanded/"
759,"Aff. No. :1131632
Sch. Code:31632","State : MAHARASHTRA
District : NANDED",Secondary Level,"Name : RASHTRASADHANA PUBLIC SCHOOL
Head/Principal Name: SOMAGARI ARJUN","Address : UMARKHED ROAD, GHARAPUR FATA, HIMAYATNAGAR
Website : https://rashtrasadhanaschool.com/cbse-2/"
760,"Aff. No. :1140006
Sch. Code:34047","State : MAHARASHTRA
District : NANDED",Senior Secondary Level,"Name : PM SHRI SCHOOL JAWAHAR NAVODAYA VIDYALAYA
Head/Principal Name: SUHAS G MANDLE","Address : SHANKAR NAGAR TAL - BILOLI NANDED DISTT. MAHARASHTRA
Website : https://navodaya.gov.in/nvs/nvs-school/Nanded/en/h"
761,"Aff. No. :1131617
Sch. Code:31616","State : MAHARASHTRA
District : NANDED",Secondary Level,"Name : INDIRA INTERNATIONAL PUBLIC SCHOOL
Head/Principal Name: RAJABHAU VITTHAL RATHOD","Address : SAHAYOG EDUCATIONAL CAMPUS, VISHNUPURI, NANDED
Website : www.iipsnanded.com"
762,"Aff. No. :1131619
Sch. Code:31618","State : MAHARASHTRA
District : NASHIK",Secondary Level,"Name : MOUNT LITERA ZEE SCHOOL NASHIK
Head/Principal Name: MALAVIKA PRABHAT CHAKRABORTHY","Address : PLOT NO. 891, SHERTATI ROAD, MALODE VASTI, ADGAON
Website : www.mountliteranashik.com"
763,"Aff. No. :1131608
Sch. Code:31607","State : MAHARASHTRA
District : NASHIK",Secondary Level,"Name : MOTHER'S TOUCH ACADEMIC SCHOOL
Head/Principal Name: Rupali Vivek Bhagwat","Address : SURVEY NO 357/5, VILLAGE NASHIK-2, NASHIK-2, NASHIK
Website : https://www.motherstouchacademicschool.com"
764,"Aff. No. :1131594
Sch. Code:31591","State : MAHARASHTRA
District : NASHIK",Senior Secondary Level,"Name : BAGLAN EDUCATION SOCITY'S ENGLISH MEDIUM SCOOL
Head/Principal Name: PRIYANKA RAMKRISHNA KHAIRNAR","Address : AT POST ARAI, TAL BAGLAN, SATANA - DEOLA ROAD
Website : www.bestschoolbaglan.com"
765,"Aff. No. :1131596
Sch. Code:31593","State : MAHARASHTRA
District : NASHIK",Senior Secondary Level,"Name : WISDOM HIGH INTERNATIONAL SCHOOL, NASHIK
Head/Principal Name: Kalpana Jalali","Address : SURVEY NO 48/1/3/A/2, 48/1/3/B, SURVEY NO 48/1/3/A/2, 48/1/3/B, SURVEY NO 48/1/3/A/2, 48/1/3/B
Website : www.wisdomhighcbse.in"
766,"Aff. No. :1140019
Sch. Code:34058","State : MAHARASHTRA
District : NASHIK",Senior Secondary Level,"Name : PM SHRI SCHOOL JAWAHAR NAVODAYA VIDYALAYA
Head/Principal Name: SHIVRUDRA VISHWANATH SWAMI","Address : KHEDGAON SHINDVAD ROAD TQ: DINDORI DIST. NASHIK MAHARASHTRA
Website : https://navodaya.gov.in/nvs/nvs-school/Nashik/en/h"
767,"Aff. No. :1131640
Sch. Code:31640","State : MAHARASHTRA
District : NASHIK",Secondary Level,"Name : VALMIKEE TOTS INTERNATIONAL SCHOOL
Head/Principal Name: ANUYA VISHAL SALVE","Address : GANGAPUR ROAD,, NEAR KBT CIRCLE,, NASHIK TALUKA
Website : www.valmikitotsnashik.com"
768,"Aff. No. :1131545
Sch. Code:31542","State : MAHARASHTRA
District : NASHIK",Senior Secondary Level,"Name : MEENA BHUJBAL SCHOOL OF EXCELLENCE
Head/Principal Name: Shubhra Varma","Address : MEENA BHUJBAL SCHOOL OF EXCELLENCE, BHUJBAL KNOWLEDGE CITY, NEAR GRAMIN POLICE STATION HEAD QURTER
Website : http://www.metmbse.ac.in"
769,"Aff. No. :1131546
Sch. Code:31543","State : MAHARASHTRA
District : NASHIK",Secondary Level,"Name : SACRED HEART PUBLIC SCHOOL
Head/Principal Name: Fr Jilesh PL","Address : DHONDVIR NAGAR, MANEGAON , TAL. SINNAR, DIST. NASHIK, MAHARASHTRA
Website : https://shpssinnar.com/cbse/"
770,"Aff. No. :1131552
Sch. Code:31549","State : MAHARASHTRA
District : NASHIK",Secondary Level,"Name : HORIZON ACADEMY
Head/Principal Name: SNEHAL RAJENDRA SONAWANE","Address : SURVEY NO. 7/1 , & 9/1, NIPHAD, TAL - NIPHAD, DIST - NASHIK
Website : https://horizonacademyniphad.ac.in/"
771,"Aff. No. :1131524
Sch. Code:31521","State : MAHARASHTRA
District : NASHIK",Secondary Level,"Name : MATOSHRI ACADEMY
Head/Principal Name: SHEETAL YOGESH GARUD","Address : MHASRUL, NASHIK, NASHIK
Website : https://matoshriacademy.com"
772,"Aff. No. :1131526
Sch. Code:31523","State : MAHARASHTRA
District : NASHIK",Secondary Level,"Name : BIRLA OPEN MINDS INTERNATIONAL SCHOOL
Head/Principal Name: PRIYANKA RISHI CHOUBE","Address : RAJSHRI SHAHU CHATRAPATI MARG, NEAR SHIKREWADI GROUND, NASHIK ROAD, NASHIK, MAHARASHTRA
Website : https://www.birlaopenminds.com"
773,"Aff. No. :1131519
Sch. Code:31516","State : MAHARASHTRA
District : NASHIK",Secondary Level,"Name : NEW GRACE ACADEMY
Head/Principal Name: SMITA ARUP MAJUMDAR","Address : EKTA NAGAR, NEAR ANKAY SOCIETY, BORGAD, EKTA NAGAR, NEAR ANKAY SOCIETY, BORGAD, EKTA NAGAR, NEAR ANKAY SOCIETY, BORGAD,
Website : https://newgraceacademy.in/"
774,"Aff. No. :1131572
Sch. Code:31569","State : MAHARASHTRA
District : NASHIK",Senior Secondary Level,"Name : LATE SHRI DHANRAJJI MISHRILALJI BHANSALI ENGLISH MEDIUM SCHOOL
Head/Principal Name: Chandra Amit Roy","Address : NEMINAGAR, CHANDWAD, TALUKA - CHANDWAD, DISTRICT- NASHIK
Website : https://www.snjb.org/english-medium/"
775,"Aff. No. :1131574
Sch. Code:31571","State : MAHARASHTRA
District : NASHIK",Secondary Level,"Name : SAI SIDDHI PODAR LEARN SCHOOL
Head/Principal Name: SHITAL VISHALKUMAR MAHAJAN","Address : PAREGAON YEOLA ROAD, POST PAREGAON, YEOLA
Website : www.saisiddhipls.com"
776,"Aff. No. :1131560
Sch. Code:31557","State : MAHARASHTRA
District : NASHIK",Secondary Level,"Name : HORIZON ACADEMY
Head/Principal Name: Anita Gyaneshwar Naidu","Address : SURVEY NO.401/2, PIMPALGAON BASAVANT, TAL - NIPHAD, DIST - NASHIK
Website : https://horizonpimpalgaon.edu.in/"
777,"Aff. No. :1131562
Sch. Code:31559","State : MAHARASHTRA
District : NASHIK",Secondary Level,"Name : HORIZON ACADEMY
Head/Principal Name: BHAGYASHRI VISHAL LADOLE","Address : SURVEY NO. 248/2/1/1,, 248/2/2A,, MAKHMALABAD, DIST NASHIK
Website : https://horizonm.edu.in"
778,"Aff. No. :1131558
Sch. Code:31555","State : MAHARASHTRA
District : NASHIK",Secondary Level,"Name : WHIZKIDS INTERNATIONAL SCHOOL AND JUNIOR COLLEGE
Head/Principal Name: MADHUMITA SHAMBHU PRASAD","Address : SURVEY NO . 629/A-2 & 629/A-3, MADSANGVI, NASHIK, LANE NO 6, PEKHALE MALA MADSANGVI
Website : www.whizkidsinternational.co.in"
779,"Aff. No. :1131446
Sch. Code:31435","State : MAHARASHTRA
District : NASHIK",Secondary Level,"Name : CAMBRIDGE SCHOOL
Head/Principal Name: NEHA JASMINE RODRIGUES","Address : 31/1/2 MHASRUL, DINDORI ROAD, NASHIK
Website : HTTP://WWW.CAMBRIDGESCHOOLNASHIK.COM"
780,"Aff. No. :1131454
Sch. Code:31443","State : MAHARASHTRA
District : NASHIK",Secondary Level,"Name : KIDS LEARNING SCHOOL
Head/Principal Name: MANISHA WAMAN WAGH","Address : BHENDI, TAL. KALWAN, DIST. NASHIK
Website : https://kidslearningschool.in/"
781,"Aff. No. :1131455
Sch. Code:31444","State : MAHARASHTRA
District : NASHIK",Secondary Level,"Name : GURU GOBIND SINGH PUBLIC SCHOOL & JUNIOR COLLEGE
Head/Principal Name: JAYASUDHA RAGHUNATHAN NAIDU","Address : KHALSA EDUCATIONAL COMPLEX,, GURU GOBIND SINGH MARG, INDIRA NAGAR, WADALA-PATHADI ROAD, NASHIK
Website : https://ggspsjc.com/other_page_view.php?fld_page_n"
782,"Aff. No. :1131482
Sch. Code:31471","State : MAHARASHTRA
District : NASHIK",Secondary Level,"Name : PADMABHUSHAN DR. BALASAHEB VIKHE PATIL ENGLISH MEDIUM SCHOOL
Head/Principal Name: Sunita Devidas Bari","Address : A/P CHINCHOLI, TAL SINNAR, DIST NASHIK
Website : https://pravara.in/pdbvpems"
783,"Aff. No. :1131511
Sch. Code:31508","State : MAHARASHTRA
District : NASHIK",Senior Secondary Level,"Name : GOLDEN DAYS UNIVERSAL SCHOOL
Head/Principal Name: Dhanashree Sanjay Vispute","Address : 367/3/1, PAWAR MALA, , AURANGABAD TAKALI LINK ROAD, , NASHIK
Website : https://goldendaysschoolnashik.in/"
784,"Aff. No. :1131406
Sch. Code:31395","State : MAHARASHTRA
District : NASHIK",Secondary Level,"Name : UDOJI HORIZON SCHOOL
Head/Principal Name: NEHA SHRIKANT SONAWANE","Address : UDOJI MARATHA BOARDING CAMPUS, GANGAPUR ROAD, NASHIK
Website : https://mvpuhs.in/"
785,"Aff. No. :1131407
Sch. Code:31396","State : MAHARASHTRA
District : NASHIK",Secondary Level,"Name : HORIZON INTERNATIONAL ACADEMY
Head/Principal Name: Poonam Singh","Address : 24 SSC SHRAVAN SECTOR , NEAR SAMBHAJI STADIUM, NEW CIDCO
Website : https://mvphia.in/"
786,"Aff. No. :1131382
Sch. Code:31371","State : MAHARASHTRA
District : NASHIK",Senior Secondary Level,"Name : VIBGYOR RISE SCHOOL
Head/Principal Name: Richa Viraj Pekhale","Address : PLOT NO. 03, SURVEY NO. 75/2, NASHIK, , NEAR A.P.M.C. MARKET, SAMARTH NAGAR, , MAKHAMALABAD, NASHIK
Website : https://www.vibgyorise.com/school/nashik/cbse"
787,"Aff. No. :1131420
Sch. Code:31409","State : MAHARASHTRA
District : NASHIK",Secondary Level,"Name : CLIFFORD INTERNATIONAL SCHOOL
Head/Principal Name: BEENA SINGH","Address : LAXMAN SHRUSTI, PAWAR MALA,, SHIVNAGAR, AURANGABAD ROAD, NASHIK
Website : https://www.cliffordinternationalschool.com/"
788,"Aff. No. :1131416
Sch. Code:31405","State : MAHARASHTRA
District : NASHIK",Secondary Level,"Name : EXCEL PUBLIC SCHOOL
Head/Principal Name: Somu Chellappan Nadar","Address : GUT NO. 1112, ADGAON, JUNA PAZAR TALAV ROAD, TAL. NASHIK, DIS. NASHIK
Website : www.excelpublicschool.co.in"
789,"Aff. No. :1131113
Sch. Code:31098","State : MAHARASHTRA
District : NASHIK",Secondary Level,"Name : PRIYADARSHANI INTERNATIONAL SCHOOL
Head/Principal Name: Parag Agrawal","Address : OPPOSITE SMBT CAMPUS BHARVIR KHURD
Website : https://priyadarshaniinternationalschool.org"
790,"Aff. No. :1131102
Sch. Code:31073","State : MAHARASHTRA
District : NASHIK",Secondary Level,"Name : LITTLE ANGELS ENGLISH MEDIUM SCHOOL
Head/Principal Name: Jalis Naeem Shad","Address : LITTLE ANGELS SCHOOL
Website : https://www.littleangelsmalegaon.com/"
791,"Aff. No. :1131120
Sch. Code:31107","State : MAHARASHTRA
District : NASHIK",Secondary Level,"Name : LITTLE BLOSSOMS SCHOOL, IGATPURI, NASHIK
Head/Principal Name: SUSHMITA JAGDISH MANTRI","Address : SURVEY NO. 356, AWALKHED ROAD, BESIDE MUKHBADIR ASHRAM, OPP. DHAMMAGIRI, IGATPURI, DIST. NASHIK.
Website : www.littleblossomsschool.com"
792,"Aff. No. :1131095
Sch. Code:31083","State : MAHARASHTRA
District : NASHIK",Secondary Level,"Name : SHRIMAHIMAN INTERNATIONAL SCHOOL
Head/Principal Name: Sonal Sujay Gite","Address : OPP. B.S.N. L OFFICE, JALGAON PHATA ,KOTHUR SINNERR ROAD ,RASALPUR NIPHAD NASHIK
Website : www.smisniphad.org"
793,"Aff. No. :1131096
Sch. Code:31084","State : MAHARASHTRA
District : NASHIK",Secondary Level,"Name : MATOSHRI ACADEMY EKLAHARE TAL & DIST NASHIK
Head/Principal Name: Sonawane Dhanshri Avinash","Address : EKLAHARE NEAR ODHAGAON AURANGABAD HIGHWAY NASHIK 422105
Website : www.academyeklahare.matoshri.edu.in"
794,"Aff. No. :1131097
Sch. Code:31085","State : MAHARASHTRA
District : NASHIK",Secondary Level,"Name : BANKAR PATIL PUBLIC SCHOOL
Head/Principal Name: PANKAJ CHANDRAKANT NIKAM","Address : YEOLA- NASHIK HIGHWAY, A/P-ANGANGAON TAL. YEOLA DIST NASHIK MAHARASHTRA PIN- 4230401
Website : www.bppsyeola.com"
795,"Aff. No. :1131168
Sch. Code:31154","State : MAHARASHTRA
District : NASHIK",Secondary Level,"Name : PODAR INTERNATIONAL SCHOOL
Head/Principal Name: Niti Jonathan","Address : PATHARDI SHIWAR, BEHIND EXPRESS INN HOTEL
Website : https://www.podareducation.org/school/pathardi"
796,"Aff. No. :1131134
Sch. Code:31121","State : MAHARASHTRA
District : NASHIK",Middle Class,"Name : DIVINE ENGLISH MEDIUM SCHOOL
Head/Principal Name: MR. AVINASH PRABHAKAR PAWAR","Address : DIVINE ENGLISH MEDIUM SCHOOL, DIVINE CAMPUS, NAMPUR ROAD, TAL- SATANA, DIST- NASHIK-423301
Website : shrishaktiss.org.in"
797,"Aff. No. :1131181
Sch. Code:31168","State : MAHARASHTRA
District : NASHIK",Secondary Level,"Name : PODAR INTERNATIONAL SCHOOL
Head/Principal Name: Jasintha Manuel Parke","Address : MUMBAI AGRA NATIONAL HIGHWAY NO. 3, OJHAR, TALUKA NIPHAD
Website : https://www.podareducation.org/school/ojhar"
798,"Aff. No. :1131184
Sch. Code:31171","State : MAHARASHTRA
District : NASHIK",Secondary Level,"Name : PODAR INTERNATIONAL SCHOOL
Head/Principal Name: Avinash N Lohar","Address : GOVARDHAN SHIVAR GANGAPUR ROAD, TAL NASHIK DIST NASHIK
Website : https://www.podareducation.org/school/gangapur"
799,"Aff. No. :1131198
Sch. Code:31185","State : MAHARASHTRA
District : NASHIK",Secondary Level,"Name : PODAR INTERNATIONAL SCHOOL
Head/Principal Name: Bhavisha Hirani","Address : BEHIND KHUSHRU GARDEN, DEOLALI CAMP, NASHIK
Website : www.podareducation.org/school/deolali"
800,"Aff. No. :1131259
Sch. Code:31246","State : MAHARASHTRA
District : NASHIK",Secondary Level,"Name : MARATHA VIDYA PRASARAK SAMAJ'S HORIZON ACADEMY SINNAR
Head/Principal Name: Nair Nithish Sasidharan","Address : NAIGAON ROAD, SINNAR
Website : www.horizonacademysinnar.edu.in"
801,"Aff. No. :1131250
Sch. Code:31237","State : MAHARASHTRA
District : NASHIK",Senior Secondary Level,"Name : JT KASLIWAL ENGLISH MEDOUM SCHOOL
Head/Principal Name: MANI CHAWLA","Address : GURUKRUPA NAGAR, NANDGAON,
Website : http://www.jtkems.in"
802,"Aff. No. :1131271
Sch. Code:31258","State : MAHARASHTRA
District : NASHIK",Secondary Level,"Name : MARATHA VIDYA PRASARAK SAMAJS HORIZON ACADEMY OZAR
Head/Principal Name: Meera Krishna Pandey","Address : OZAR MIG , TAL NIPHAD
Website : www.horizonojhar.in"
803,"Aff. No. :1131266
Sch. Code:31253","State : MAHARASHTRA
District : NASHIK",Secondary Level,"Name : TAKSHILA SCHOOL
Head/Principal Name: Vandana R. Shukla","Address : SANGMESHWER, MALEGAON, DIST. NASIK, MAHARASHTRA, PIN-423203
Website : http://takshilaschool.in"
804,"Aff. No. :1131277
Sch. Code:31264","State : MAHARASHTRA
District : NASHIK",Secondary Level,"Name : ST. THOMAS MALANKARA CATHOLIC SCHOOL
Head/Principal Name: NIKITA MAHESH KHAROTE","Address : WASALIGAON ROAD, TRIMBAK VIDYAMANDIR, NASHIK
Website : https://stthomasschoolnashik.com"
805,"Aff. No. :1131275
Sch. Code:31262","State : MAHARASHTRA
District : NASHIK",Secondary Level,"Name : FLYING COLOURS THE UNIVERSAL SCHOOL
Head/Principal Name: MAREENA VIJI KURISINKAL","Address : PIMPALGAON KHAMB, TAL.DIST.NASHIK
Website : www.fcuschool.com"
806,"Aff. No. :1131355
Sch. Code:31344","State : MAHARASHTRA
District : NASHIK",Secondary Level,"Name : SHREE KISANLALJI BORA ENGLISH MEDIUM SCHOOL VANI
Head/Principal Name: YOGITA CHINCHOLE","Address : AT. POST- KASBE VANI , PIMPALGAON ROAD , KASBE VANI ,TALUKA-DINDORI
Website : www.skbschoolvani.com"
807,"Aff. No. :1131312
Sch. Code:31299","State : MAHARASHTRA
District : NASHIK",Secondary Level,"Name : PODAR INTERNATIONAL SCHOOL, IGATPURI
Head/Principal Name: SANDESH HANMANT KHATAL","Address : NEAR KPG COLLEGE, MUMBAI NASHIK HIGHWAY, IGATPURI
Website : https://www.podareducation.org/school/igatpuri"
808,"Aff. No. :1180011
Sch. Code:34089","State : MAHARASHTRA
District : NASHIK",Senior Secondary Level,"Name : ARMY PUBLIC SCHOOL
Head/Principal Name: MEDHA GODE","Address : CANNAUGHT ROAD DEVLALI CAMP NASIK DISTT MAHARASTRA
Website : www.apsdevlali.in"
809,"Aff. No. :1130744
Sch. Code:30879","State : MAHARASHTRA
District : NASHIK",Secondary Level,"Name : MVP SUNRISE SCHOOL
Head/Principal Name: DNYANESHWAR BABURAO DHIKALE","Address : NEAR SHIRWADE VANI PHATA
Website : https://mvpsunriseschool.edu.in/"
810,"Aff. No. :1130710
Sch. Code:30655","State : MAHARASHTRA
District : NASHIK",Secondary Level,"Name : RASBIHARI INTERNATIONAL SCHOOL
Head/Principal Name: BINDU VIJAYKUMAR","Address : VRINDAVAN, NASHIK-OZAR ROAD, NEAR HANUMAN NAGAR, PANCHAVATI
Website : www.rasbihari.org"
811,"Aff. No. :1130715
Sch. Code:30650","State : MAHARASHTRA
District : NASHIK",Secondary Level,"Name : K. K. WAGH UNIVERSAL SCHOOL
Head/Principal Name: AMRIT ADITYA RAO","Address : SURVEY NO. 21/2/1, VADALA SHIVAR, DGP NAGAR,NASHIK
Website : https://cbse-dgp.kkwagh.edu.in"
812,"Aff. No. :1130700
Sch. Code:30647","State : MAHARASHTRA
District : NASHIK",Secondary Level,"Name : GOLDEN DAYS UNIVERSAL SCHOOL
Head/Principal Name: KADALI SRIDEVI SUDARSHAN","Address : AIR FORCE ROAD, OZAR
Website : www.goldendaysschools.in"
813,"Aff. No. :1130650
Sch. Code:30704","State : MAHARASHTRA
District : NASHIK",Senior Secondary Level,"Name : GEMS ENGLISH MEDIUM SCHOOL
Head/Principal Name: ROHINI DATTATRAY JOSHI","Address : KAMAL NAGAR, HIRAWADI, PANCHAVATI
Website : www.gemsschool.co.in"
814,"Aff. No. :1130652
Sch. Code:30661","State : MAHARASHTRA
District : NASHIK",Secondary Level,"Name : K. K. WAGH UNIVERSAL SCHOOL
Head/Principal Name: Nisha Suresh Endait","Address : SURVEY NO.240/1, SARASWATINAGAR, PANCHAVATI, NASHIK
Website : www.cbse-snagar.kkwagh.edu.in"
815,"Aff. No. :1130687
Sch. Code:30595","State : MAHARASHTRA
District : NASHIK",Senior Secondary Level,"Name : SKD INTERNATIONAL SCHOOL
Head/Principal Name: Sunil Narayan Patil","Address : GATNO-104/2
Website : www.skdinternationalschool.org"
816,"Aff. No. :1130511
Sch. Code:30458","State : MAHARASHTRA
District : NASHIK",Secondary Level,"Name : PANCHVATI ENGLISH MEDIUM SCHOOL,
Head/Principal Name: TOSHA P. TIWARI","Address : TAKEGHOTI, IGATPURI, DIST.NASIK
Website : www.panchvatischool.com"
817,"Aff. No. :1130519
Sch. Code:30451","State : MAHARASHTRA
District : NASHIK",Senior Secondary Level,"Name : DELHI PUBLIC SCHOOL
Head/Principal Name: Shilpa Ahiray","Address : VILLAGE MANORI, BEHIND MAHARASHTRA UNIVERSITY OF HEALTH SCIENCES, DINDORI ROAD, NASIK
Website : www.dpsnashik.in"
818,"Aff. No. :1130527
Sch. Code:30478","State : MAHARASHTRA
District : NASHIK",Secondary Level,"Name : VIDYA VIKAS INTERNATIONAL SCHOOL
Head/Principal Name: PALLAVI VILENDRA THAKARE","Address : MALEGAON DIST. NASHIK - 423105
Website : https://www.vidyavikasintnlschool.com/"
819,"Aff. No. :1130803
Sch. Code:30781","State : MAHARASHTRA
District : NASHIK",Secondary Level,"Name : EBENEZER INTERNATION SCHOOL
Head/Principal Name: Sangeeta Kapoor","Address : PLOT NO. 585/1, 586, NANDANVAN HILLS, ANANDVALLI, CHANDSI,
Website : www.eisnashik.edu.in"
820,"Aff. No. :1130897
Sch. Code:30862","State : MAHARASHTRA
District : NASHIK",Secondary Level,"Name : RYAN INTERNATIONAL SCHOOL
Head/Principal Name: LATA SAMEER GUNJAL","Address : NEAR TTC BUILDING, AIRFORCE STATION ROAD, OJHAR, 422221
Website : https://www.ryaninternational.org/site/risojhar/"
821,"Aff. No. :1130854
Sch. Code:30788","State : MAHARASHTRA
District : NASHIK",Senior Secondary Level,"Name : BLOSSOM INTERNATIONAL SCHOOL,DARHANE
Head/Principal Name: RUPALI RAVINDRA SONAWANE","Address : AT/PO - DARHANE, TALUKA- BAGLAN DIST - NASIK MAHARASHTRA
Website : https://www.bisindia.co.in/"
822,"Aff. No. :1131033
Sch. Code:31007","State : MAHARASHTRA
District : NASHIK",Secondary Level,"Name : HORIZON ACADEMY
Head/Principal Name: Shruti Vilas Deshmukh","Address : GANGAPUR ROAD
Website : https://mvphan.in/"
823,"Aff. No. :1130972
Sch. Code:30945","State : MAHARASHTRA
District : NASHIK",Senior Secondary Level,"Name : GLOBAL INTERNATIONAL SCHOOL & JR. COLLEGE
Head/Principal Name: AKSHATA PRADEEP DUBEY","Address : GLOBAL CAMPUS NEXT TO MUHS DINDORI ROAD
Website : https://www.globalinternationalschool.in"
824,"Aff. No. :1130952
Sch. Code:30957","State : MAHARASHTRA
District : NASHIK",Secondary Level,"Name : ESPALIER HERITAGE SCHOOL
Head/Principal Name: Ankita Rautela Kurya","Address : NEAR TRIMBAK VIDYA MANDIR, BELGAON DHAGA,NASHIK
Website : https://www.espalierschool.com/heritage/school/"
825,"Aff. No. :1130915
Sch. Code:30878","State : MAHARASHTRA
District : NASHIK",Secondary Level,"Name : ST. VINCENT PALLOTTI SCHOOL
Head/Principal Name: Linchu Paul Choorackal","Address : TRIMBAK VIDHYA MANDIR, BELGAON DHAGA, VASALI ROAD
Website : www.vincentpallottischoolnashik.com"
826,"Aff. No. :1130392
Sch. Code:30302","State : MAHARASHTRA
District : NASHIK",Senior Secondary Level,"Name : RAJIV GANDHI INTERNATIONAL SCHOOL
Head/Principal Name: SHABNAM TAZAMMUL SHAIKH","Address : SATANA ROAD, DABHADH, MALEGAON, DIST:- NASIK
Website : www.rgischool.com"
827,"Aff. No. :1130356
Sch. Code:30268","State : MAHARASHTRA
District : NASHIK",Secondary Level,"Name : S.N.D. ENGLISH MEDIUM PUBLIC SCHOOL
Head/Principal Name: PATEL PRACHI SARANG","Address : AT/PO. BABHULGAON, TAL.- YEOLA, DIST.- NASHIK.
Website : www.sndcbse.co.in"
828,"Aff. No. :1130455
Sch. Code:30641","State : MAHARASHTRA
District : NASHIK",Secondary Level,"Name : DAULATI INTERNATIONAL ENGLISH MEDIUM SCHOOL
Head/Principal Name: Ketan Natthu Suryavanshi","Address : GUT NO- 730 A/P DABHADI, MALEGAON,
Website : www.daulatischool.org"
829,"Aff. No. :1130258
Sch. Code:30195","State : MAHARASHTRA
District : NASHIK",Senior Secondary Level,"Name : VIDYA PRABODHINI PRASHALA (ENG)
Head/Principal Name: Govind Waman Borade","Address : DR. B.S. MOONJE MARG, RAMBHOOMI, NASIK,
Website : www.vppcbse.com"
830,"Aff. No. :1130304
Sch. Code:30247","State : MAHARASHTRA
District : NASHIK",Secondary Level,"Name : LOKNETE V.HIRAY E.M.S(OLD NAME)LOKNETEVYANKATRAO HIRAY ACADEMY(NEW NAME)
Head/Principal Name: PRATIBHA UDDHAV KUDASE","Address : L.V.H.ENGLISH MED.SSHOOL
Website : https://mgvlvhcbse.kbhgroup.in/"
831,"Aff. No. :1100042
Sch. Code:34066","State : MAHARASHTRA
District : NASHIK",Senior Secondary Level,"Name : PM SHRI KENDRIYA VIDYALAYA NO II ISP NASHIK ROAD
Head/Principal Name: DEEPAK AHIRE","Address : I.S.P NEHRU NAGAR ESTATE NASIK PUNE HIGH ROAD NASIK ROAD MAHARASHTRA
Website : https://no2nasikisp.kvs.ac.in"
832,"Aff. No. :1120016
Sch. Code:30969","State : MAHARASHTRA
District : NASHIK",Senior Secondary Level,"Name : EKLAVYA RESIDENTIAL SCHOOL TITVE TAL DINDORI DIST NASHIK MAHARASHTRA
Head/Principal Name: GIRISH PRATAPRAO PAGARE","Address : EKLAVYA RESIDENTIAL SCHOOL TITVE TAL DINDORI DIST NASHIK
Website : https://emrstitavensk.emrsmaharashtra.com/"
833,"Aff. No. :1120009
Sch. Code:32005","State : MAHARASHTRA
District : NASHIK",Senior Secondary Level,"Name : EKLAVYA RESIDENTIAL SCHOOL
Head/Principal Name: Santosh Dukale","Address : PIMPRI- SARDRODDIN, POST- BHAVLI, TAL:- LGATPURI, DIST- NASHIK, MAHARASHTRA- 422 403
Website : https://emrspimprisadroddin.emrsmaharashtra.in"
834,"Aff. No. :1120010
Sch. Code:32009","State : MAHARASHTRA
District : NASHIK",Senior Secondary Level,"Name : EKLAVYA MODEL RESIDENTIAL SCHOOL
Head/Principal Name: SURESH NILKANTH DEORE","Address : AJMER SAUDANE, TAL. SATANA, DIST. NASHIK, MAHARASHTRA
Website : www.emrsajmer.emrsmaharashtra.com"
835,"Aff. No. :1120002
Sch. Code:32003","State : MAHARASHTRA
District : NASHIK",Senior Secondary Level,"Name : EKLAVYA RESIDENTIAL SCHOOL
Head/Principal Name: SADANAND GONA GAVIT","Address : MUNDHEGAON TAL IGATPURI DISTT NASHIK MAHARASHTRA
Website : https://www.emrspethroadnsk.emrsmaharashtra.com/"
836,"Aff. No. :1100028
Sch. Code:34016","State : MAHARASHTRA
District : NASHIK",Senior Secondary Level,"Name : PM SHRI KENDRIYA VIDYALAYA NO.2
Head/Principal Name: VIMLA SRINIVASAN","Address : AIR FCE STATION DEVLALI NASHIK DIST. MAHARASHTRA
Website : https://no2afsdevlali.kvs.ac.in"
837,"Aff. No. :1100022
Sch. Code:34015","State : MAHARASHTRA
District : NASHIK",Senior Secondary Level,"Name : PM SHRI KENDRIYA VIDYALAYA NO 1
Head/Principal Name: SONIA JAIN","Address : REST CAMP ROAD NEAR DEVI MANDIR DEVLALI MAHARASHTRA
Website : https://no1devlali.kvs.ac.in"
838,"Aff. No. :1100040
Sch. Code:34052","State : MAHARASHTRA
District : NASHIK",Secondary Level,"Name : PM SHRI KENDRIYA VIDYALAYA CR MANAMD
Head/Principal Name: GANGADHAR G. BHAGAT","Address : CENTRAL RAILWAY MANMAD MAHARASHTRA
Website : https://manmad.kvs.ac.in/"
839,"Aff. No. :1100014
Sch. Code:34013","State : MAHARASHTRA
District : NASHIK",Senior Secondary Level,"Name : PM SHRI KENDRIYA VIDYALAYA
Head/Principal Name: GAJRAJ MEENA","Address : ARTILLERY CENTRE NASIK ROAD CAMP, DISTT NASIK, MAHARASHTRA
Website : https://no1nashikcamp.kvs.ac.in"
840,"Aff. No. :1100015
Sch. Code:34024","State : MAHARASHTRA
District : NASHIK",Senior Secondary Level,"Name : PM SHRI KENDRIYA VIDYALAYA
Head/Principal Name: PUSPENDRA SINGH","Address : AIR FORCE STATION OJHAR NASIK DIST. MAHARASHTRA
Website : https://afsojhar.kvs.ac.in/"
841,"Aff. No. :1120103
Sch. Code:32103","State : MAHARASHTRA
District : NASHIK",Senior Secondary Level,"Name : EKLAVYA MODEL RESIDENTIAL SCHOOL CHANKAPUR
Head/Principal Name: DEEPAK RAJARAM SONAWANE","Address : EKLAVYA MODEL RESIDENTIAL SCHOOL , CHANKAPUR TAL.KALWAN, CHANKAPUR DAM ROAD TAL KALWAN
Website : www.emrschankapur.emrsmaharashtra.com"
842,"Aff. No. :1120129
Sch. Code:32139","State : MAHARASHTRA
District : NASHIK",Senior Secondary Level,"Name : EKLAVYA MODEL RESIDENTIAL SCHOOL BORIPADA
Head/Principal Name: RAJESH DIGAMBARRAO SONKAMBLE","Address : C/O-GOVT. ENGLISH MEDIUM RESI SCHOOL, AT-POST MUNDHEGAON , TAL- IGATPURI DIST - NASHIK
Website : https://www.emrsboripada.emrsmaharashtra.com"
843,"Aff. No. :1120119
Sch. Code:32119","State : MAHARASHTRA
District : NASHIK",Senior Secondary Level,"Name : EKLAVYA MODEL RESIDENTIAL SCHOOL, SHINDE DIGAR
Head/Principal Name: PRASHANT DEVIDAS SAVALE","Address : AJMER SAUNDANE, TAL - SATANA
Website : https://emrsshindedigar.emrsmaharashtra.com/"
844,"Aff. No. :1120132
Sch. Code:32148","State : MAHARASHTRA
District : NASHIK",Secondary Level,"Name : EKLAVYA MODEL RESIDENTIAL SCHOOL, DEVGAON
Head/Principal Name: NILESH CHINTAMAN KULKARNI","Address : EMRS Devgaon Tal- Peth Dist- Nashik, C/O EMRS Pimpri Sado Tal-Igatpuri , Dist- Nashik
Website : https://emrsdevgaon.emrsmaharashtra.com"
845,"Aff. No. :1130105
Sch. Code:30080","State : MAHARASHTRA
District : NASHIK",Senior Secondary Level,"Name : NASHIK CAMBRIDGE SCHOOL
Head/Principal Name: SHUNMUGASUNDER THANGAVEL","Address : WADALA PATHARDI ROAD OPP ST GEORGE CHURCH INDIRA NAGAR NASIK MAHARASHTRA
Website : www.nashikcambridgeschool.com"
846,"Aff. No. :1130072
Sch. Code:30064","State : MAHARASHTRA
District : NASHIK",Senior Secondary Level,"Name : HON'BLE SHARAD PAWAR PUBLIC SCHOOL
Head/Principal Name: SHINDE BHAUSAHEB NANASAHEB","Address : A/P MANUR KALWAN DISTT NASIK MAHARASHTRA
Website : www.spiskalwan.org"
847,"Aff. No. :1130063
Sch. Code:30049","State : MAHARASHTRA
District : NASHIK",Senior Secondary Level,"Name : SYMBOSIS SCHOOL
Head/Principal Name: Swekshana Mitra","Address : PLOT NO 53 SSA NH SHRAVAN NEAR TAJ RESIDENCY, DISTT NASIK, MAHARASHTRA
Website : www.symbischools.ac.in"
848,"Aff. No. :1130160
Sch. Code:30133","State : MAHARASHTRA
District : NASHIK",Senior Secondary Level,"Name : KISHOR SURYAWANSHI INTERNATIONAL SCHOOL
Head/Principal Name: PRATIKSHA RATANSEN SINGH","Address : POST BOX 608; PANCHAVATI POST OFFICE; NASHIK - 422 003
Website : https://ksis-edu.net"
849,"Aff. No. :1120134
Sch. Code:32150","State : MAHARASHTRA
District : DHARASHIV",Senior Secondary Level,"Name : SHRI TULJABHAVANI SAINIKI VIDYALAYA TULJAPUR
Head/Principal Name: Ghodke V B","Address : S T.COLONY ENGINEERING COLLEGE CAMPUS, NALDURG ROAD TULJAPUR, TQ TULJAPUR
Website : http://www.sainikividyalayatuljapur1.online"
850,"Aff. No. :1130351
Sch. Code:30284","State : MAHARASHTRA
District : DHARASHIV",Senior Secondary Level,"Name : FLYING KIDS INTERNATIONAL ENGLISH SCHOOL C.B.S.E.PATTERN
Head/Principal Name: CHANDRAMAN CHATURVEDI","Address : JADHAVWADI ROAD,NEAR K.T.PATIL COLLEGE OF ENGINEERING AND TECHNOLOGY,OSMANABAD
Website : www.flyingkidscampus.in"
851,"Aff. No. :1130406
Sch. Code:30308","State : MAHARASHTRA
District : DHARASHIV",Secondary Level,"Name : TERNA PUBLIC SCHOOL
Head/Principal Name: MORE VILAS MALOJI","Address : TERNA PUBLIC SCHOOL, GHUGADI CAMPUS, OSMANABAD, MAHARASTRA.
Website : www.ternapublicschool.org"
852,"Aff. No. :1130934
Sch. Code:30942","State : MAHARASHTRA
District : DHARASHIV",Secondary Level,"Name : LOTUS PODAR LEARN SCHOOL, OMERGA
Head/Principal Name: B.P. Singh","Address : SAMARTH NAGAR, SHIVPURI ROAD, OMERGA
Website : www.lotuspodarlearnschool.com"
853,"Aff. No. :1131029
Sch. Code:31003","State : MAHARASHTRA
District : DHARASHIV",Senior Secondary Level,"Name : DR. KUSHABA DHONDIBA SHENDGE CBSE SCHOOL
Head/Principal Name: Asha Mahendra Chokada","Address : AT. OMERGA, DIST. OSMANABAD
Website : http://www.drkdshendgecbseschool.com/"
854,"Aff. No. :1130856
Sch. Code:30805","State : MAHARASHTRA
District : DHARASHIV",Secondary Level,"Name : PODAR INTERNATIONAL SCHOOL
Head/Principal Name: Valmik Eknath Somase","Address : R.D. NAGAR, NEXT TO VIKAS NAGAR, SOLAPUR BYPASS ROAD, OSMANABAD
Website : https://www.podareducation.org/school/osmanabad"
855,"Aff. No. :1130684
Sch. Code:30970","State : MAHARASHTRA
District : DHARASHIV",Senior Secondary Level,"Name : GREEN LAND SCHOOL
Head/Principal Name: ANANTHALAKSHMI","Address : ANAND NAGER , GREENLAND LANE
Website : http://greenlandschool.co.in"
856,"Aff. No. :1131308
Sch. Code:31295","State : MAHARASHTRA
District : DHARASHIV",Secondary Level,"Name : SRI SRI RAVISHANKAR VIDYAMANDIR
Head/Principal Name: Pallavi Kadam","Address : JADHAVWADI ROAD, OSMANABAD
Website : https://osmanabad.ssrvm.org"
857,"Aff. No. :1131433
Sch. Code:31422","State : MAHARASHTRA
District : DHARASHIV",Secondary Level,"Name : CANVAS INTERNATIONAL SMART SCHOOL
Head/Principal Name: Pavankumar Kulkarni","Address : GAT NO. 205, TANDULWADI, KALAMB., -, -
Website : www.canvas.school"
858,"Aff. No. :1131470
Sch. Code:31459","State : MAHARASHTRA
District : DHARASHIV",Secondary Level,"Name : MAULI INTERNATIONAL SCHOOL AND JUNIOR COLLEGE
Head/Principal Name: Shreeshail Mulage","Address : AT/PO OMARGA, TAL. OMARGA, DIST DHARASHIV
Website : https://maulicbse.in/"
859,"Aff. No. :1140011
Sch. Code:34055","State : MAHARASHTRA
District : DHARASHIV",Senior Secondary Level,"Name : PM SHRI SCHOOL JAWAHAR NAVODAYA VIDYALAYA
Head/Principal Name: D V BADE","Address : TULJAPUR NALDURG ROAD TULJAPUR DISTT OSMABABAD MAHARASHTRA
Website : https://www.navodaya.gov.in/nvs/nvs-school/"
860,"Aff. No. :1131549
Sch. Code:31546","State : MAHARASHTRA
District : PARBHANI",Secondary Level,"Name : BAHETI BIHANI NUTAN ENGLISH SCHOOL, SELU
Head/Principal Name: NARENDRA PANDURANGRAO PATIL","Address : NUTAN COLLEGE ROAD,SELU, NEAR JAYAKWADI VASAHAT , TQ. SELU
Website : www.bbnes.in"
861,"Aff. No. :1131379
Sch. Code:31368","State : MAHARASHTRA
District : PARBHANI",Secondary Level,"Name : ALFALAH INTERNATIONAL SCHOOL
Head/Principal Name: FATIMA KHAN","Address : NOMANIYA CAMPUS, PATHRI ROAD, PARBHANI
Website : www.alfalahschools.com"
862,"Aff. No. :1131319
Sch. Code:31306","State : MAHARASHTRA
District : PARBHANI",Secondary Level,"Name : BORDIKAR'S PODAR LEARN SCHOOL
Head/Principal Name: Renu Mishra","Address : DIGRAS KHURD TQ.SELU, DIST.PARBHANI, DEVGAV PHATA ROAD SELU
Website : https://www.bordikarspodarschoolselu.in"
863,"Aff. No. :1131321
Sch. Code:31308","State : MAHARASHTRA
District : PARBHANI",Secondary Level,"Name : BORDIKAR'S PODAR LEARN SCHOOL
Head/Principal Name: HOPPY MOL VARGHESE","Address : INFRONT OF KADE PETROL PUMP, PARBHANI ROAD JINTUR
Website : www.bordikarpodarschool.in"
864,"Aff. No. :1131349
Sch. Code:31338","State : MAHARASHTRA
District : PARBHANI",Secondary Level,"Name : ST. AUGUSTINE ENGLISH SCHOOL
Head/Principal Name: FR. BENNY AUGUSTINE KALLIKATT","Address : PATHRI ROAD, PARBHANI, PATHRI ROAD, PARBHANI, MAHARASHTRA
Website : http://sasparbhani.com"
865,"Aff. No. :1131279
Sch. Code:31266","State : MAHARASHTRA
District : PARBHANI",Secondary Level,"Name : ROYAL CLIFF WORLD SCHOOL
Head/Principal Name: PREM BHARDWAJ","Address : TAL. MANWAT, DIST.PARBHANI
Website : https://www.royalcliffworldschool.com/"
866,"Aff. No. :1140031
Sch. Code:34101","State : MAHARASHTRA
District : PARBHANI",Senior Secondary Level,"Name : PM SHRI SCHOOL JAWAHAR NAVODAYA VIDYALAYA
Head/Principal Name: RAJENDRA MADHAVRAO THORAT","Address : BALSA MAU CAMPUS DISTT PARBHANI MAHARASHTRA
Website : www.jnvparbhani.gov.in"
867,"Aff. No. :1130689
Sch. Code:30679","State : MAHARASHTRA
District : PARBHANI",Secondary Level,"Name : NEW ERA ENGLISH SCHOOL
Head/Principal Name: KAMBLE SANJAY PANDITRAO","Address : NEMGIRI PARISAR, JINTUR, TAL JAINTUR, DIST PARBHANI
Website : https://neweraeducation.org.in"
868,"Aff. No. :1130713
Sch. Code:30629","State : MAHARASHTRA
District : PARBHANI",Secondary Level,"Name : VISION PUBLIC SCHOOL
Head/Principal Name: Pappu Shankar Pawar","Address : A/P SONPETH TAL SONPETH DIST. PARBHANI
Website : www.vpschool.co.in"
869,"Aff. No. :1130714
Sch. Code:30627","State : MAHARASHTRA
District : PARBHANI",Secondary Level,"Name : HON. RATNAKARRAO GUTTE INTERNATIONAL SCHOOL
Head/Principal Name: KRISHNA B TAYADE","Address : GANGAKHED ROAD
Website : www.hrgis.in"
870,"Aff. No. :1130535
Sch. Code:30467","State : MAHARASHTRA
District : PARBHANI",Senior Secondary Level,"Name : PODAR INTERNATIONAL SCHOOL
Head/Principal Name: Sudarshan Narsinha Khanage","Address : JINTUR ROAD, NEAR UTTAMRAO DESHMUKH PHARMACY COLLEGE, OPP. SAI GAJANAN NAGARI, DHARMAPURI, PARBHANI. 431401
Website : http://www.podareducation.org/school/parbhani"
871,"Aff. No. :1130582
Sch. Code:30513","State : MAHARASHTRA
District : PARBHANI",Senior Secondary Level,"Name : LKRR PRINCE ENGLISH SCHOOL SELU
Head/Principal Name: Pragati Kshirsagar","Address : VIDYA VIHAR SANKUL RAWALGAON ROAD SELU
Website : http://lkrrprinceenglishschool.com/"
872,"Aff. No. :1130920
Sch. Code:30882","State : MAHARASHTRA
District : PARBHANI",Secondary Level,"Name : ADVAITA SCHOOL OF EXCELLENCE
Head/Principal Name: Ivy Brown","Address : GANGAKHED ROAD, BRAHMANGAO, TAL. & DIST. PARBHANI
Website : www.advaitaschool.com"
873,"Aff. No. :1130379
Sch. Code:30382","State : MAHARASHTRA
District : PARBHANI",Secondary Level,"Name : SCOTTISH ACADEMY
Head/Principal Name: Netaji Latari Warhate","Address : NEAR WATER FILTER PLANT, VASMAT ROAD BLOCK NO 104
Website : www.scottishacademy.co.in"
874,"Aff. No. :1130377
Sch. Code:30279","State : MAHARASHTRA
District : PARBHANI",Senior Secondary Level,"Name : QUEENS SCHOOL
Head/Principal Name: SYEDA MEARAJ ARSHIA","Address : NANDKHERA ROAD, PARBHANI, MAHARASHTRA,
Website : www.queensschoolparbhani.org.in"
875,"Aff. No. :1100150
Sch. Code:34200","State : MAHARASHTRA
District : PARBHANI",Secondary Level,"Name : KENDRIYA VIDYALAYA PARBHANI
Head/Principal Name: RAHUL P. NITNAWARE","Address : POLICE HEAD QUATER , BEHIND POLICE PETROL PUMP PARBHANI
Website : https://parbhani.kvs.ac.in"
876,"Aff. No. :1120005
Sch. Code:30363","State : MAHARASHTRA
District : PUNE",Secondary Level,"Name : RAJIV GANDHI ACADEMY OF E- SCHOOL
Head/Principal Name: JAMBUWANT RUSHINATH MASALKAR","Address : PARVATI INDUSTRIES ESTATE, PLOT NO.478, SHIVDARSHAN, PUNE CITY HAVELI, PUNE-411009, MAHARASHTRA
Website :"
877,"Aff. No. :1100043
Sch. Code:34061","State : MAHARASHTRA
District : PUNE",Senior Secondary Level,"Name : PM SHRI KENDRIYA VIDYALAYA NO.2
Head/Principal Name: SHRI C S CHAUHAN","Address : ORDNANCE FACTORY ESTATE DEHU ROAD PUNE MAHARASHTRA
Website : https://no2dehuroad.kvs.ac.in/"
878,"Aff. No. :1100038
Sch. Code:34050","State : MAHARASHTRA
District : PUNE",Senior Secondary Level,"Name : PM SHRI KENDRIYA VIDYALAYA
Head/Principal Name: Malvika Malik","Address : ARMY AREA D A D COMPLEX WANWARI RANGE PUNE MAHARASHTRA
Website : http://armyareapune.kvs.ac.in"
879,"Aff. No. :1100057
Sch. Code:34113","State : MAHARASHTRA
District : PUNE",Secondary Level,"Name : PM SHRI KENDRIYA VIDYALAYA CRPF TALEGAON
Head/Principal Name: S V LAWANDE","Address : CRPF TALEGAON, PUNE, MAHARASHTRA
Website : https://crpfteligaon.kvs.ac.in/"
880,"Aff. No. :1100007
Sch. Code:34035","State : MAHARASHTRA
District : PUNE",Senior Secondary Level,"Name : PM SHRI KENDRIYA VIDYALAYA NO.1
Head/Principal Name: PRAMILA PAL","Address : DEHU ROAD PUNE MAHARASHTRA
Website : www.no1dehuroad.kvs.ac.in"
881,"Aff. No. :1100008
Sch. Code:34030","State : MAHARASHTRA
District : PUNE",Senior Secondary Level,"Name : PM SHRI KENDRIYA VIDYALAYA
Head/Principal Name: JAYA P RAJAPPAN","Address : N D A KHADAKVASLA PUNE MAHARASHTRA
Website : https://ndakhadakvasla.kvs.ac.in"
882,"Aff. No. :1100009
Sch. Code:34027","State : MAHARASHTRA
District : PUNE",Senior Secondary Level,"Name : PM SHRI KENDRIYA VIDYALAYA
Head/Principal Name: BHUPENDRA SINGH","Address : B.E.G DECCAN COLLEGE ROAD YERWADA PUNE MAHARASHTRA
Website : https://begpune.kvs.ac.in/"
883,"Aff. No. :1100010
Sch. Code:34033","State : MAHARASHTRA
District : PUNE",Senior Secondary Level,"Name : PM SHRI KENDRIYA VIDYALAYA NO 1
Head/Principal Name: RAJENDRA NIVRUTTI WADALKAR","Address : AIR FORCE STATION NEW PROJECT AREA, LOHEGAON, PUNE MAHARASHTRA
Website : https://no1afspune.kvs.ac.in/"
884,"Aff. No. :1100011
Sch. Code:34025","State : MAHARASHTRA
District : PUNE",Senior Secondary Level,"Name : PM SHRI KENDRIYA VIDYALAYA
Head/Principal Name: SHABANA KHAN","Address : I N S SHIVAJI LONAVLA PUNE MAHARASHTRA
Website : https://lonavala.kvs.ac.in"
885,"Aff. No. :1100012
Sch. Code:34026","State : MAHARASHTRA
District : PUNE",Senior Secondary Level,"Name : PM SHRI KENDRIYA VIDYALAYA SOUTHERN COMMAND
Head/Principal Name: GURMEET SINGH","Address : SOUTHERN COMMOND 3 LT COL TARAPORE ROAD P.B.NO.4 PUNE MAHARASHTRA
Website : https://scpune.kvs.ac.in/"
886,"Aff. No. :1100013
Sch. Code:34029","State : MAHARASHTRA
District : PUNE",Senior Secondary Level,"Name : PM SHRI KENDRIYA VIDYALAYA GANESHKHIND
Head/Principal Name: AVIJIT PANDA","Address : GANESHKHIND PUNE MAHARASHTRA
Website : https://ganeshkhind.kvs.ac.in"
887,"Aff. No. :1100031
Sch. Code:34032","State : MAHARASHTRA
District : PUNE",Senior Secondary Level,"Name : PM SHRI KENDRIYA VIDYALAYA NO 2
Head/Principal Name: BHARAT BHUSHAN","Address : A F STATION AKASH NAGAR PUNE MAHARASHTRA
Website : https://no2puneafs.kvs.ac.in"
888,"Aff. No. :1100032
Sch. Code:34036","State : MAHARASHTRA
District : PUNE",Senior Secondary Level,"Name : PM SHRI KENDRIYA VIDYALAYA
Head/Principal Name: KAILASH GIRI","Address : R H E. KIRKEE PUNE MAHARASHTRA
Website : https://rhepune.kvs.ac.in/"
889,"Aff. No. :1100033
Sch. Code:34021","State : MAHARASHTRA
District : PUNE",Senior Secondary Level,"Name : PM SHRI KENDRIYA VIDYALAYA
Head/Principal Name: VIVEK SHRIVASTAVA","Address : D I A T GIRINAGAR PUNE MAHARASHTRA
Website : https://iatgirinagar.kvs.ac.in"
890,"Aff. No. :1100034
Sch. Code:34043","State : MAHARASHTRA
District : PUNE",Senior Secondary Level,"Name : PM SHRI KENDRIYA VIDYALAYA NO 3
Head/Principal Name: AMOL PHILIP PAGARE","Address : 9 B R D. A F STATION PUNE MAHARASHTRA
Website : www.no3pune.kvs.ac.in"
891,"Aff. No. :1100027
Sch. Code:34031","State : MAHARASHTRA
District : PUNE",Senior Secondary Level,"Name : PM SHRI KENDRIYA VIDYALAYA
Head/Principal Name: LALIT TANWAR","Address : C M E PUNE MAHARASHTRA
Website : https://cmepune.kvs.ac.in/"
892,"Aff. No. :1120131
Sch. Code:32147","State : MAHARASHTRA
District : PUNE",Senior Secondary Level,"Name : JAGADGURU SANT TUKARAM MAHARAJ SANTPITH SCHOOL & JR COLLEGE
Head/Principal Name: DNYANESHWAR KISAN GADAGE","Address : GAT NO 1653,PATILNAGAR , TAALGAON CHIKHALI, PIMPRI CHICHWAD
Website : www.santpithpcmc.com"
893,"Aff. No. :1130025
Sch. Code:","State : MAHARASHTRA
District : PUNE",Senior Secondary Level,"Name : M E S BOYS HIGH SCHOOL & JR COLLEGE
Head/Principal Name: GOSAVI MENINATH GORAKHNATH","Address : 1214/1215 SADASHIVPETH, DISTT PUNE, MAHARASHTRA
Website :"
894,"Aff. No. :1130001
Sch. Code:30008","State : MAHARASHTRA
District : PUNE",Secondary Level,"Name : JNANA PRABODHINI PRASHALA
Head/Principal Name: MILIND MANDAR NAIK","Address : 510 SADASHIV PETH
Website : https://www.prashala.jnanaprabodhini.org"
895,"Aff. No. :1130161
Sch. Code:30186","State : MAHARASHTRA
District : PUNE",Senior Secondary Level,"Name : KUKADI VALLEY PUBLIC SCHOOL
Head/Principal Name: PRIYA MENON","Address : AT POST YEDGAON , TAL.-JUNNAR, DIST.-PUNE-410504
Website : http://www.kukadivalley.in"
896,"Aff. No. :1130175
Sch. Code:30140","State : MAHARASHTRA
District : PUNE",Senior Secondary Level,"Name : SINHGAD SPRING DALE PUBLIC SCHOOL
Head/Principal Name: Smita Savant","Address : 44/1, VADGAON (BK.), OFF SINHGAD ROAD
Website : http://ssdps.sinhgad.edu/"
897,"Aff. No. :1130176
Sch. Code:30142","State : MAHARASHTRA
District : PUNE",Senior Secondary Level,"Name : BHARATI VIDYAPEETH ENGLISH MEDIUM SCHOOL,BALEWADI
Head/Principal Name: BHAVANA RAI","Address : AT: POST BALEWADI,TAL: HAWELI
Website : http://bvems.bharatividyapeeth.edu/"
898,"Aff. No. :1130182
Sch. Code:30161","State : MAHARASHTRA
District : PUNE",Senior Secondary Level,"Name : INDIRA NATIONAL SCHOOL
Head/Principal Name: Aarti Chandrashekhar Garampalli","Address : S.NO.111 NEAR WAKAD POLICE CHOWKEY OFF. MUMBAI PUNE EXPRESS WAY, PUNE- 411033
Website : www.indiranationalschool.ac.in"
899,"Aff. No. :1130180
Sch. Code:30211","State : MAHARASHTRA
District : PUNE",Senior Secondary Level,"Name : CITY PRIDE SCHOOL
Head/Principal Name: Dr Kanchan Pravin Deshpande","Address : HS-2, SECTOR 27A PRADHIKARAN , NIGADI
Website : http://www.cityprideschoolnigdi.org"
900,"Aff. No. :1130193
Sch. Code:30237","State : MAHARASHTRA
District : PUNE",Senior Secondary Level,"Name : PRODIGY PUBLIC SCHOOL
Head/Principal Name: Harsha Sudhir Mateti","Address : GAT.NO. 720(1&2), PUNE -NAGAR ROAD, WAGHOLI, DISTT PUNE, MAHARASHTRA
Website : https://jspmpps.edu.in"
901,"Aff. No. :1130135
Sch. Code:30119","State : MAHARASHTRA
District : PUNE",Senior Secondary Level,"Name : CITY INTERNATIONAL SCHOOL
Head/Principal Name: ARCHANA VINAYAK KSHIRSAGAR","Address : DNYAN GANGA COMPLEX, OPP. SHIVARKAR GARDEN, FATIMANAGAR ROAD, WANOWIRE, PUNE, MAHARASHTRA
Website : www.cityinternationalschoolwanowrie.com"
902,"Aff. No. :1130133
Sch. Code:30150","State : MAHARASHTRA
District : PUNE",Senior Secondary Level,"Name : SHIVNERI SCHOOL
Head/Principal Name: Sanjay Mishra","Address : KHANAPUR, TAL. JUNNAR, DISTT PUNE, MAHARASHTRA
Website : www.shivnerischool.com"
903,"Aff. No. :1130131
Sch. Code:30116","State : MAHARASHTRA
District : PUNE",Secondary Level,"Name : CITY INTERNATIONAL SCHOOL
Head/Principal Name: PALLAVI VIGHNESHWAR HEGDE","Address : SUKHWANI ELITE MOREWADI ROAD PIMPRI PUNE MAHARASHTRA
Website : www.cispimpri.org"
904,"Aff. No. :1130128
Sch. Code:30117","State : MAHARASHTRA
District : PUNE",Secondary Level,"Name : CITY INTERNATIONAL SCHOOL
Head/Principal Name: Apurva Vikas Patil","Address : DIVINE PUNE MUMBAI HIGHWAY NEAR RAJIV GANDHI BRIDGE D P ROAD ADJACENT TO COSMOS BANK AUNDH PUNE, MAHARASHTRA
Website : www.cityinternationalschoolaundh.com"
905,"Aff. No. :1130155
Sch. Code:30304","State : MAHARASHTRA
District : PUNE",Secondary Level,"Name : SARHAD SCHOOL
Head/Principal Name: KAVITA AJAY WANKHEDE","Address : SR.NO. 79-81-80-76/4(NEW), OPP.RAJARAM GAS AGENCIES, BEHIND BHARATHI VIDHYAPETH, KATRAJ,PUNE 411046
Website : https://sarhadschool.education"
906,"Aff. No. :1130142
Sch. Code:30100","State : MAHARASHTRA
District : PUNE",Senior Secondary Level,"Name : BLOSSOM PUBLIC SCHOOL
Head/Principal Name: SWATI ARU","Address : S.NO. 82/2 , MUMBAI -PUNE BYPASS HIGHWAY, TATHAWADE, PUNE, MAHARASHTRA - 411033
Website : www.jspmbps.edu.in"
907,"Aff. No. :1130045
Sch. Code:30025","State : MAHARASHTRA
District : PUNE",Senior Secondary Level,"Name : VIDYA PRATISHTHANS ENGLISH MEDIUM SCHOOL
Head/Principal Name: Radha Prakash Kore","Address : MIDC BHIGWAN ROAD BHIGWAN ROAD BARAMATI DISTT PUNE, MAHARASHTRA
Website : www.vpemscbsebaramati.ac.in"
908,"Aff. No. :1130050
Sch. Code:30030","State : MAHARASHTRA
District : PUNE",Secondary Level,"Name : GURUKUL SCHOOL
Head/Principal Name: MANISHA S JOSHI","Address : S.NO. 136, OFF UNIVERSITY ROAD, BEHIND E-SQUARE MULTIPLEX, NEAR VIJAY CO.HSG.SOC., ASHOKNAGAR
Website : www.gurukulpune.edu.in"
909,"Aff. No. :1130051
Sch. Code:30029","State : MAHARASHTRA
District : PUNE",Senior Secondary Level,"Name : B K BIRLA CENTRE FOR EDN.
Head/Principal Name: DR RAJEEV KUMAR CHAUHAN","Address : P B NO.1 DISTT TALEGAON DABHADE DISTT PUNE MAHARASTRA
Website : www.bkbirlacentre.com"
910,"Aff. No. :1130066
Sch. Code:30056","State : MAHARASHTRA
District : PUNE",Senior Secondary Level,"Name : DELHI PUBLIC SCHOOL
Head/Principal Name: AMITA SINGH","Address : NYATI COUNTY MAHAMMEDWADI VILLAGE KONDWA PUNE MAHARASHTRA
Website : www.dpspune.com"
911,"Aff. No. :1130077
Sch. Code:30058","State : MAHARASHTRA
District : PUNE",Senior Secondary Level,"Name : DAV PUBLIC SCHOOL
Head/Principal Name: JAYASHREE KHANDEKAR","Address : PLOT NO 31 SURVEY NO 157 D P ROAD AUNDH, DISTT PUNE, MAHRASHTRA
Website : www.davaundhpune.org"
912,"Aff. No. :1130119
Sch. Code:30085","State : MAHARASHTRA
District : PUNE",Senior Secondary Level,"Name : VIKHE PATIL MEMORIAL SCHOOL
Head/Principal Name: MRINALINI LAZARUS FERNANDES","Address : OPP SENAPATI BAPAT ROAD PATRAKARNAGAR PUNE MAHARASHTRA
Website : www.vpmspune.org"
913,"Aff. No. :1130117
Sch. Code:","State : MAHARASHTRA
District : PUNE",Secondary Level,"Name : B G ACADEMY (PRATHAM)
Head/Principal Name: MS DEVYANI MUNGALI","Address : AUNDH CHEST HOSPITAL ROAD OPP WALKED TELEPHONE EXCHANGE WAKAD PUNE MAHARASHTRA
Website :"
914,"Aff. No. :1130095
Sch. Code:30066","State : MAHARASHTRA
District : PUNE",Secondary Level,"Name : SHRI PARSHWA PRADNYALAYA
Head/Principal Name: SANDIP JALINDAR KISAVE","Address : DNYAN SANSKAR MANDIR OLD MUMBAI PUNE HIGH WAY NEAR CRPF TALEGAON DABHADE MAHARASHTRA
Website : http://prarshwapradnyalay.edu.in"
915,"Aff. No. :1130100
Sch. Code:30068","State : MAHARASHTRA
District : PUNE",Senior Secondary Level,"Name : SINHGAD PUBLIC SCHOOL
Head/Principal Name: NIRMAL KUMAR MISHRA","Address : LONAVALA PUNE MAHARASHTRA
Website : http://sinhgadpublicschool.com"
916,"Aff. No. :1130378
Sch. Code:30312","State : MAHARASHTRA
District : PUNE",Secondary Level,"Name : R&DE(ENGRS.) SCHOOL
Head/Principal Name: LATHA C K","Address : KALAS HAVELI PUNE
Website : www.rdeeschool.in"
917,"Aff. No. :1130365
Sch. Code:30256","State : MAHARASHTRA
District : PUNE",Senior Secondary Level,"Name : DR. CYRUS POONAWALLA ENGLISH MEDIUM SCHOOL
Head/Principal Name: Rajikumari L","Address : GANESH NAGAR, A/P: URULI KANCHAN, TEH: HAVELI, DIST: PUNE
Website : www.dcpems.com"
918,"Aff. No. :1130371
Sch. Code:30395","State : MAHARASHTRA
District : PUNE",Senior Secondary Level,"Name : KAIVALYA VIDYA NIKETAN
Head/Principal Name: Bharati Kawade","Address : KAIVALYADHAMA ASHRAM
Website : www.kvn.edu.in"
919,"Aff. No. :1130372
Sch. Code:30280","State : MAHARASHTRA
District : PUNE",Senior Secondary Level,"Name : MOUNT ST. ANN HIGH SCHOOL
Head/Principal Name: Shareena Pinto","Address : VISHNUPURI P.O. TELEGAON DABHADE, MAVAL PUNE
Website : www.mtstannschool.in"
920,"Aff. No. :1130352
Sch. Code:30848","State : MAHARASHTRA
District : PUNE",Senior Secondary Level,"Name : NEW PUNE PUBLIC SCHOOL
Head/Principal Name: Patralekha Mukherjee","Address : SECTOR-28, NIGDI PRADHIKARAN, PUNE-44
Website : http://newpunepublicschool.com"
921,"Aff. No. :1130349
Sch. Code:30465","State : MAHARASHTRA
District : PUNE",Secondary Level,"Name : ASCENT INTERNATIONAL SCHOOL
Head/Principal Name: SAMEER SHAIKH","Address : KHED SHIVAPUR, PUNE BANGLORE HIGHWAY, HAWELI, PUNE
Website : www.ascentinternationalschool.in"
922,"Aff. No. :1130362
Sch. Code:30399","State : MAHARASHTRA
District : PUNE",Secondary Level,"Name : VIKHE PATIL MEMIAL SCHOOL
Head/Principal Name: CANDICE BRAGANZA","Address : SURVEY NO.44/6,VIKHE PATIL NAGAR,LOHEGAON
Website : www.vpmslohegaon.org"
923,"Aff. No. :1130385
Sch. Code:30285","State : MAHARASHTRA
District : PUNE",Senior Secondary Level,"Name : RADIANCE INTERNATIONAL SCHOOL
Head/Principal Name: Mary Angleena Devdass","Address : SAIVIDYANAGRI , PUNE NASHIK HIGHWAY, OPP. INDIAN OIL PETROL PUMP
Website : www.radianceschool.org"
924,"Aff. No. :1130390
Sch. Code:30456","State : MAHARASHTRA
District : PUNE",Senior Secondary Level,"Name : THE ORBIS SCHOOL
Head/Principal Name: Farida Harianawala","Address : KESHAVNAGAR, MUNDHWA, HAVELI PUNE
Website : www.theorbisschool.com"
925,"Aff. No. :1130393
Sch. Code:30305","State : MAHARASHTRA
District : PUNE",Secondary Level,"Name : SRI SRI RAVISHANKAR VIDYA MANDIR
Head/Principal Name: Sangeeta Aloke Das","Address : FOREST TRAILS TOWNSHIP, MATALWADI ROAD, NEAR MANAS LAKE MOUJE- BHUGAON, TAL-MULSHI
Website : https://bhugaon.ssrvm.org"
926,"Aff. No. :1130395
Sch. Code:30306","State : MAHARASHTRA
District : PUNE",Senior Secondary Level,"Name : STERLING SCHOOL
Head/Principal Name: NAINA RAJIV SHITOLE","Address : SEC. NO. 1 INDRAYANINAGAR, OFF PUNE NASIK ROAD, BHOSARI.
Website : http://www.sterlingschoolbhosari.org"
927,"Aff. No. :1130400
Sch. Code:30417","State : MAHARASHTRA
District : PUNE",Secondary Level,"Name : DNYANVARDHINI ENGLISH MEDIUM SCHOOL
Head/Principal Name: Vandana Rohidas Rokade","Address : AT POST MAHALUNGE,TAL KHED,DIST PUNE 410501
Website : www.dnyanvardhini.edu.in"
928,"Aff. No. :1130408
Sch. Code:30309","State : MAHARASHTRA
District : PUNE",Secondary Level,"Name : PODAR INTERNATIONAL SCHOOL,AMBEGAON
Head/Principal Name: ANAGHA GHOLAP","Address : SR.NO 1, NEAR ASHOK LEYLAND WORKSHOP, KATRAJ-AMBEGAON ROAD, PUNE, MAHARASHTRA
Website : www.podareducation.org/school/ambegaon"
929,"Aff. No. :1130402
Sch. Code:30362","State : MAHARASHTRA
District : PUNE",Secondary Level,"Name : THE DWARKA SCHOOL
Head/Principal Name: Reshma Dhanavi","Address : GAT NO. 128, CHAKAN-TALEGAON ROAD, MHALUNGE (INGALE), TAL -KHED, CHAKAN
Website : www.dwarkaschool.edu.in"
930,"Aff. No. :1130413
Sch. Code:30372","State : MAHARASHTRA
District : PUNE",Senior Secondary Level,"Name : LOKSEVA ESCHOOL
Head/Principal Name: SHAPHYMON P H","Address : SURVEY NO. 129/2+148/1A, PASHAN SUS ROAD, BEHIND SWAMI SAMARTHA SOCIETY.
Website : https://lses.loksevaeschool.ac.in"
931,"Aff. No. :1130417
Sch. Code:30406","State : MAHARASHTRA
District : PUNE",Secondary Level,"Name : SHIVA VALLEY SCHOOL
Head/Principal Name: Kiran Singh","Address : GAT NO-419/1, DEULGAON GADA, SUPA ROAD.
Website : https://www.shivavalleyschool.com"
932,"Aff. No. :1130415
Sch. Code:30469","State : MAHARASHTRA
District : PUNE",Senior Secondary Level,"Name : SNBP INTERNATIONAL SCHOOL
Head/Principal Name: JAYSHREE VENKATRAMAN","Address : SURVEY NO. 29/2, OFF PIMPLE SAUDAGAR- RAHATANI LINK ROAD, NEAR AKASHGANGA SOCIETY, RAHATANI
Website : www.snbpinstitutes.com"
933,"Aff. No. :1130463
Sch. Code:30387","State : MAHARASHTRA
District : PUNE",Senior Secondary Level,"Name : ST. ARNOLDS CENTRAL SCHOOL
Head/Principal Name: JOSEPH SUNIL MENEZES","Address : SVD CAMPUS, NEAR SUN CITY, WADGAONSHERI, PUNE
Website : www.arnoldcentralschool.org"
934,"Aff. No. :1130478
Sch. Code:30446","State : MAHARASHTRA
District : PUNE",Senior Secondary Level,"Name : BLOSSOM PUBLIC SCHOOL (NEW)
Head/Principal Name: SHILPA INDURKAR","Address : SR. NO. 12/2/2, PUNE - SATARA BYPASS HIGHWAY, NARHE, TAL- HAVELI, PUNE 411041
Website : www.jspmbpsn.edu.in"
935,"Aff. No. :1130489
Sch. Code:30462","State : MAHARASHTRA
District : PUNE",Senior Secondary Level,"Name : PRIYADARSHINI SCHOOL
Head/Principal Name: Dr GAITRI SUHAS JADHAV","Address : SR NO. 45/2, INDRAYANINAGAR, BHOSARI
Website : https://priyadarshanischools.org/"
936,"Aff. No. :1130485
Sch. Code:30404","State : MAHARASHTRA
District : PUNE",Senior Secondary Level,"Name : HIGH VISION INTERNATIONAL SCHOOL
Head/Principal Name: RAMYA RAJABALAKUMAR","Address : 303/1/A, SOMATNE PHATA, TALEGAON DABHADE, NEAR TOLL NAKA, TEL. MAVAL, DISTT. PUNE.MAHARASHTRA-410507
Website : www.highvisioninternational.com"
937,"Aff. No. :1130423
Sch. Code:30427","State : MAHARASHTRA
District : PUNE",Senior Secondary Level,"Name : MODERN ENGLISH SCHOOL
Head/Principal Name: VIDYA GADGE","Address : VIDYANAGARI, POST-BELHE, TAL-JUNNAR, DIST-PUNE
Website : https://mesb.co.in/"
938,"Aff. No. :1130427
Sch. Code:30338","State : MAHARASHTRA
District : PUNE",Senior Secondary Level,"Name : ELPRO INTERNATIONAL SCHOOL
Head/Principal Name: Amrita Vohra","Address : ELPRO COMPOUND, ENTRANCE FROM SHRIDHAR NAGAR ROAD,PUNE. 411 033
Website : https://www.elproschools.edu.in/"
939,"Aff. No. :1130452
Sch. Code:30369","State : MAHARASHTRA
District : PUNE",Senior Secondary Level,"Name : AMANORA SCHOOL
Head/Principal Name: Meera Nair","Address : AMANORA SCHOOL, AMANORA PARK TOWN, NO.194, VILLAGE SADESATARANALI, MALWADI ROAD, HADAPSAR-KHARADI BYPASS, PUNE -411028
Website : www.amanoraschool.edu.in"
940,"Aff. No. :1130453
Sch. Code:30541","State : MAHARASHTRA
District : PUNE",Senior Secondary Level,"Name : GURUKUL ENGLISH MEDIUM SCHOOL
Head/Principal Name: ZAGADE BB","Address : SVY NO. 810, KUMBHARKARWADI, JEJURI, PURANDHAR, PUNE.
Website : www.jsgurukulschool.in"
941,"Aff. No. :1130445
Sch. Code:30366","State : MAHARASHTRA
District : PUNE",Senior Secondary Level,"Name : MANSUKHBHAI KOTHARI NATIONAL SCHOOL
Head/Principal Name: VARSHA KOKIL","Address : SURVEY NO. 19, H&M ROYAL, KONDHWA BK.,
Website : www.mknspune.com"
942,"Aff. No. :1130446
Sch. Code:30367","State : MAHARASHTRA
District : PUNE",Senior Secondary Level,"Name : GLORY ENGLISH MEDIUM SCHOOL
Head/Principal Name: ANJUM KASAM MOMIN","Address : SHARAD CAMPUS , PIMPLE JAGTAP ROAD ,AT POST KOREGAON BHIMA
Website : http://gloryenglishmediumschool.com"
943,"Aff. No. :1130442
Sch. Code:30575","State : MAHARASHTRA
District : PUNE",Senior Secondary Level,"Name : P.K. INTERNATIONAL ENGLISH SCHOOL
Head/Principal Name: Prof. Dr. Dhanshri Amar Sonawane","Address : V.H.B.P.PANDURANG KATE PRATISHATAN NEAR GOVIND GARDAN PIMPALE SAUDAGAR TAL.HAVELI DIST.PUNE
Website : www.mypkschool.com"
944,"Aff. No. :1130293
Sch. Code:30357","State : MAHARASHTRA
District : PUNE",Secondary Level,"Name : DATTAKALA SHIKSHAN SANSTHA
Head/Principal Name: NANDA ARUN TATE","Address : GAT NO.541/2,OFF.PUNE-SOLAPUR HIGHWAY,SWAMI-CHINCHOLI,TAL-DAUND, DIST-PUNE,PIN-413130
Website : www.dattakala.edu.in"
945,"Aff. No. :1130309
Sch. Code:30347","State : MAHARASHTRA
District : PUNE",Secondary Level,"Name : PODAR INTERNATIONAL SCHOOL CHAKAN
Head/Principal Name: Simran S Kaur","Address : AMBE THAN,TALUKA KHED
Website : http://www.podareducation.org/school/chakan"
946,"Aff. No. :1130282
Sch. Code:30303","State : MAHARASHTRA
District : PUNE",Senior Secondary Level,"Name : THE LEXICON INTERNATIONAL SCHOOL
Head/Principal Name: MANISHA NAVAYATH","Address : LEXICON ESTATE, GUT NO 726, WAGHOLI
Website : https://lexiconedu.in/"
947,"Aff. No. :1130277
Sch. Code:30224","State : MAHARASHTRA
District : PUNE",Secondary Level,"Name : CITY INTERNATIONAL SCHOOL
Head/Principal Name: VAIJAYANTA SUNIL PATIL","Address : OFF SATARA ROAD, NEAR KAKA HALWAI INDUSTRIAL ESTATE,
Website : www.cityinternationalschoolsatararoad.com"
948,"Aff. No. :1130279
Sch. Code:30212","State : MAHARASHTRA
District : PUNE",Senior Secondary Level,"Name : THE ORCHID SCHOOL
Head/Principal Name: NAMRATA MAJHAIL","Address : S.NO 80/1/2/1 BANER MAHALUNGE ROAD BANER PUNE
Website : www.theorchidschool.org"
949,"Aff. No. :1130280
Sch. Code:30274","State : MAHARASHTRA
District : PUNE",Senior Secondary Level,"Name : VIDYASHILP PUBLIC SCHOOL
Head/Principal Name: Sahana Arif","Address : S.NO 9/2, YEVALEWADI, KONDHWA BUDRUK, TAL- HAVELI
Website : www.vidyashilp.in"
950,"Aff. No. :1130340
Sch. Code:30275","State : MAHARASHTRA
District : PUNE",Senior Secondary Level,"Name : ABHINAV ENGLISH SCHOOL
Head/Principal Name: AARTI PRASHANT GANGURDE","Address : SR. NO.23/2/3, A/P. NARHE, TAL.HAVELI, DIST. PUNE-41.
Website : www.abhinavcbse.org"
951,"Aff. No. :1130311
Sch. Code:30253","State : MAHARASHTRA
District : PUNE",Senior Secondary Level,"Name : FAZLANI INTERNATIONAL SCHOOL
Head/Principal Name: AJITHA. P. NAIR","Address : SOEX COMPLEX, TAKWE (BK), TALUKA MAVAL DIST. PUNE
Website : www.Fazlanischool.org"
952,"Aff. No. :1130317
Sch. Code:30290","State : MAHARASHTRA
District : PUNE",Senior Secondary Level,"Name : PRIYADARSHANI SCHOOL
Head/Principal Name: ASHA REDDY","Address : GAT NO. 195,BORATEWASTI,DEHU-ALANDI ROAD,MOSHI.
Website : https://www.priyadarshanischoolmoshi.in/"
953,"Aff. No. :1130251
Sch. Code:30194","State : MAHARASHTRA
District : PUNE",Secondary Level,"Name : CITY INTERNATIONAL SCHOOL KOTHRUD
Head/Principal Name: PADMAJA CHAVALI","Address : D.P. ROAD, KUMREPARK, KOTHRUD
Website : www.cisk.in"
954,"Aff. No. :1130252
Sch. Code:30193","State : MAHARASHTRA
District : PUNE",Senior Secondary Level,"Name : PODAR INTERNATIONAL SCHOOL,
Head/Principal Name: SHEHANAZ SATHAR COTTAR","Address : KAKADE PARK, NEAR TALERA HOSPITAL,TANAJI NAGAR,CHINCHWAD, PUNE - 411033
Website : www.podar.org"
955,"Aff. No. :1130266
Sch. Code:30217","State : MAHARASHTRA
District : PUNE",Senior Secondary Level,"Name : AKSHARA INTERNATIONAL SCHOOL
Head/Principal Name: Mrudula Mahajan","Address : S. NO. 109, WAKAD, PUNE, MAHARASHTRA
Website : www.akshara.in"
956,"Aff. No. :1130236
Sch. Code:30276","State : MAHARASHTRA
District : PUNE",Senior Secondary Level,"Name : ST. JOSEPHS ENGLISH MEDIUM SCHOOL
Head/Principal Name: Anuradha Prashant Pore","Address : SASWAD, KHALAD, PUNE.
Website : www.stjosephpune.in"
957,"Aff. No. :1130206
Sch. Code:30151","State : MAHARASHTRA
District : PUNE",Senior Secondary Level,"Name : NALANDA ENGLISH MEDIUM SCHOOL
Head/Principal Name: KARUNA SANDEEP MANUJA","Address : AT. POST. MANIPUR, MANCHAR, TAL. AMBEGAON, DIST. PUNE.
Website : www.nalandamanchar.com"
958,"Aff. No. :1130208
Sch. Code:30159","State : MAHARASHTRA
District : PUNE",Senior Secondary Level,"Name : SANSKRITI SCHOOL
Head/Principal Name: DAMINI JOSHI","Address : GAT NO - 1164, VILLAGE - LAVALE
Website : http://sanskriti-bhukum.com"
959,"Aff. No. :1130198
Sch. Code:30144","State : MAHARASHTRA
District : PUNE",Senior Secondary Level,"Name : G G INTERNATIONAL SCHOOL
Head/Principal Name: Bharti Bhagwani","Address : S.NO 174-177,SWARGANGA,VALLABHNAGAR,PIMPRI
Website : www.myggis.org"
960,"Aff. No. :1130218
Sch. Code:30175","State : MAHARASHTRA
District : PUNE",Secondary Level,"Name : AARYANS SCHOOL
Head/Principal Name: Krupa Iyer","Address : S.NO.12/15,BHILAREWADI, TALUKA-HAVELI, DIST. PUNE
Website : www.aaryansworldschool.com"
961,"Aff. No. :1130221
Sch. Code:30160","State : MAHARASHTRA
District : PUNE",Senior Secondary Level,"Name : BHARATI VIDYAPPETH ENGLISH MEDIUM HIGH SCHOOL,
Head/Principal Name: Madhavi K","Address : DHANKAWADI PUNE
Website : https://bvemsdhan.bharatividyapeeth.edu"
962,"Aff. No. :1130921
Sch. Code:30883","State : MAHARASHTRA
District : PUNE",Senior Secondary Level,"Name : G.K. GURUKUL
Head/Principal Name: SHWETA RAO","Address : 68(P),69(P),70(P), OPP. HOTEL GOVIND GARDEN, PIMPLE SAUDAGAR,
Website : www.gkgurukul.in"
963,"Aff. No. :1130918
Sch. Code:30876","State : MAHARASHTRA
District : PUNE",Senior Secondary Level,"Name : KADAM PATIL ENGLISH MEDIUM SCHOOL PILANWADI
Head/Principal Name: Martha Dipsikha Anthony","Address : A/P-PILANWADI,TAL-DAUND,DIST-PUNE
Website : http://kadampatilenglishmediumschool.in/"
964,"Aff. No. :1130919
Sch. Code:30884","State : MAHARASHTRA
District : PUNE",Secondary Level,"Name : PODAR INTERNATIONAL SCHOOL
Head/Principal Name: Sudhanshu S Nayak","Address : SURVEY NO. 103/1 & 105/1-3, BEHIND VISHAL LAWNS, GENERAL MOTORS ROAD, MIDC
Website : https://www.podareducation.org/school/talegaon"
965,"Aff. No. :1130916
Sch. Code:30881","State : MAHARASHTRA
District : PUNE",Senior Secondary Level,"Name : HILLGREEN HIGH SCHOOL & JR COLLEGE
Head/Principal Name: Varsha Phukane","Address : SR. NO. 44/4/1, NIBM-UNDRI LINK ROAD, PISOLI
Website : www.hillgreenhighschool.in"
966,"Aff. No. :1130914
Sch. Code:30880","State : MAHARASHTRA
District : PUNE",Senior Secondary Level,"Name : CRIMSON ANISHA GLOBAL SCHOOL MH
Head/Principal Name: RANI THOMAS","Address : S.NO. 13/1/1, KADNAGAR UNDRI, PUNE
Website : www.cagschool.com"
967,"Aff. No. :1130903
Sch. Code:30861","State : MAHARASHTRA
District : PUNE",Senior Secondary Level,"Name : NEW WISDOM INTERNATIONAL SCHOOL
Head/Principal Name: Sujata Dattatrya Ransing","Address : Wadebolhai (Shiraswadi) Taluka Haweli District Pune
Website : www.newwisdomschool.com"
968,"Aff. No. :1130936
Sch. Code:30894","State : MAHARASHTRA
District : PUNE",Senior Secondary Level,"Name : DHRUV GLOBAL SCHOOL
Head/Principal Name: Sangeeta Rautji","Address : SUS HILLS, SYMBIOSIS-LAVALE ROAD, NANDE, TAL. MULSHI,
Website : www.dhruv.edu.in"
969,"Aff. No. :1130928
Sch. Code:30889","State : MAHARASHTRA
District : PUNE",Senior Secondary Level,"Name : MIS INTERNATIONAL SCHOOL
Head/Principal Name: Dr Monika Chhabra","Address : SR. NO.33/1, OPPOSITE CHATRAPATI SHIVAJI SPORTS COMPLEX, BALEWADI,
Website : www.mis.edu.in"
970,"Aff. No. :1130930
Sch. Code:30903","State : MAHARASHTRA
District : PUNE",Senior Secondary Level,"Name : VIBGYOR HIGH SCHOOL
Head/Principal Name: PRIYADARSHANI MANE","Address : SUS VILLAGE, BEHIND KIRLOSKAR BROTHERS CORPORATE OFFICE, MUMBAI-BANGLORE HIGHWAY, BALEWADI,PUNE-411045
Website : www.vibgyorhigh.com/"
971,"Aff. No. :1130947
Sch. Code:30946","State : MAHARASHTRA
District : PUNE",Secondary Level,"Name : SANSKRITI SCHOOL
Head/Principal Name: Suvarna Deshpande","Address : WAGHOLI TALUKA: HAVELI DISTRICT : PUNE
Website : https://sanskriti-wagholi.com"
972,"Aff. No. :1130948
Sch. Code:30919","State : MAHARASHTRA
District : PUNE",Secondary Level,"Name : C M INTERNATIONAL SCHOOL
Head/Principal Name: Iqbal Kaur Rana","Address : SKP CAMPUS, SURVEY NO. 4/2, 4/3, BALEWADI
Website : www.cminternationalschool.com"
973,"Aff. No. :1130939
Sch. Code:30893","State : MAHARASHTRA
District : PUNE",Senior Secondary Level,"Name : SPM PUBLIC ENGLISH MEDIUM SCHOOL
Head/Principal Name: Aparna Sunil Morris","Address : SPM PUBLIC ENGLISH MEDIUM SCHOOL S P COLLEGE CAMPUS PUNE 30
Website : www.spmpublicschool.com"
974,"Aff. No. :1130932
Sch. Code:30902","State : MAHARASHTRA
District : PUNE",Senior Secondary Level,"Name : ABHINAV PUBLIC SCHOOL
Head/Principal Name: Ashwini Pansare","Address : SR. NO 659/660, MANJARI THEUR ROAD KOLWADI PUNE 412110
Website : www.abhinavcbseschool.com"
975,"Aff. No. :1130951
Sch. Code:30923","State : MAHARASHTRA
District : PUNE",Senior Secondary Level,"Name : CHALLENGER PUBLIC SCHOOL
Head/Principal Name: Jyotika Malkani","Address : CHALLENER PUBLIC SCHOOL,SR.NO. 167, OPP. POORVA RESIDENCY, PIMPLE SAUDAGAR, PUNE
Website : https://challengerpublicschool.org/"
976,"Aff. No. :1130961
Sch. Code:30904","State : MAHARASHTRA
District : PUNE",Senior Secondary Level,"Name : DR.VISHWANATH KARAD WORLD PEACE SCHOOL
Head/Principal Name: Shikha Tripathi","Address : DR.VISHWANATH KARAD VISHWASHANTI GURUKUL, GAT NO 149/150,VILLAGE HANUMANWADI KELGAON, ALANDI, PUNE -412105
Website : http://worldpeaceschoolalandi.com"
977,"Aff. No. :1130962
Sch. Code:30906","State : MAHARASHTRA
District : PUNE",Senior Secondary Level,"Name : PUNE INTERNATIONAL SCHOOL
Head/Principal Name: PRANITA VIKAS SHELKE","Address : A/P CHARHOLI BK TAL.HAVELI, PCMC, PUNE
Website : www.puneintschool.com"
978,"Aff. No. :1130959
Sch. Code:30905","State : MAHARASHTRA
District : PUNE",Senior Secondary Level,"Name : GLOBAL INDIAN INTERNATIONAL SCHOOL
Head/Principal Name: Munmun Chakraborty","Address : GLOBAL INDIAN INTERNATIONAL SCHOOL KUL ECHOLOCH , NEAR BALEWADI SPORTS COMPLEX, NANDE-BALEWADI ROAD MAHALUNGE , PUNE-411045
Website : https://balewadi.globalindianschool.org/"
979,"Aff. No. :1130964
Sch. Code:30915","State : MAHARASHTRA
District : PUNE",Secondary Level,"Name : ANEKANT ENGLISH MEDIUM SCHOOL
Head/Principal Name: Pranali G Wader","Address : T.C.COLLEGE CAMPUS , BARAMATI, DIST- PUNE 413102
Website : www.anekantems.org"
980,"Aff. No. :1130973
Sch. Code:30974","State : MAHARASHTRA
District : PUNE",Secondary Level,"Name : OLYMPUS SCHOOL FOR EXCELLENCE
Head/Principal Name: Vidya Rude","Address : AT POST BHANDGAON
Website : www.olympusedu.com"
981,"Aff. No. :1130957
Sch. Code:30947","State : MAHARASHTRA
District : PUNE",Secondary Level,"Name : SANSKRITI SCHOOL
Head/Principal Name: Anagha Rahul Phadke","Address : UNDIR TALUKA : HAVELI DISTRICT : PUNE
Website : https://sanskriti-undri.com"
982,"Aff. No. :1130983
Sch. Code:30935","State : MAHARASHTRA
District : PUNE",Senior Secondary Level,"Name : A.S.MS EMPROS INTERNATIONAL SCHOOL
Head/Principal Name: SNEHAL SAHASRABUDDHE","Address : TAL. MAVAL, DIST. PUNE
Website : http://www.asmempros.com"
983,"Aff. No. :1130984
Sch. Code:30934","State : MAHARASHTRA
District : PUNE",Senior Secondary Level,"Name : A.S.MS EMPROS INTERNATIONAL SCHOOL, CHINCHWAD
Head/Principal Name: Vaishali Girish Chavan","Address : CHINCHWAD PUNE
Website : https://www.asmempros.com"
984,"Aff. No. :1131030
Sch. Code:31004","State : MAHARASHTRA
District : PUNE",Senior Secondary Level,"Name : KUNJIR PUBLIC SCHOOL
Head/Principal Name: Pragati Prashant Salvekar","Address : SY NO 7-2-2 KUNJIR VASTI MANJARI VILLAGE HADAPSAR PUNE TAL HAVELI DIST PUNE
Website : http://www.kunjirschool.com/"
985,"Aff. No. :1131024
Sch. Code:22551","State : MAHARASHTRA
District : PUNE",Senior Secondary Level,"Name : VENUS WORLD SCHOOLS
Head/Principal Name: Mrunmai Mahendra Vaidya","Address : A/P : MANJARI BK TAL.HAVELI DIST.PUNE
Website : https://venusworldschools.org/"
986,"Aff. No. :1131025
Sch. Code:30983","State : MAHARASHTRA
District : PUNE",Senior Secondary Level,"Name : M.C.E.SOCIETYS PAI PUBLIC SCHOOL
Head/Principal Name: Saltanat Ayaz Patel","Address : 2390-B K.B HIDAYATULLAH ROAD,AZAM CAMPUS, NEW MODIKHANA. PUNE-411001
Website : www.paipublicschoolpune.com"
987,"Aff. No. :1131026
Sch. Code:31000","State : MAHARASHTRA
District : PUNE",Secondary Level,"Name : PIONEER PUBLIC SCHOOL
Head/Principal Name: Nidhika Sharma","Address : SR. NO. 111, NEAR NEW SERUM INSTITUTE, MANJARI ROAD, GHULEWASTI MANJARI
Website : www.pioneerpublicschool.edu.in"
988,"Aff. No. :1131036
Sch. Code:31012","State : MAHARASHTRA
District : PUNE",Secondary Level,"Name : ARISE INTERNATIONAL SCHOOL
Head/Principal Name: Dr. Supriya Mangesh Jadhav","Address : ANANDRAO LANDE ROAD INDRAYANI NAGAR, SECTOR-7
Website : https://bhosari.ariseinternational.in/"
989,"Aff. No. :1131041
Sch. Code:31017","State : MAHARASHTRA
District : PUNE",Secondary Level,"Name : UJWAL INTERNATIONAL SCHOOL
Head/Principal Name: Dr. Urmila Shivnath Tilekar","Address : GAT NO: 1028, OLD BHAMBARDE ROAD, NEAR KHANDOBA TEMPLE AND GOVT HOSPITAL, RANJANGAON GANPATI TAL:SHIRUR, DIST:PUNE PIN CODE-412209
Website : www.ujwalinternationalschools.com"
990,"Aff. No. :1131042
Sch. Code:31018","State : MAHARASHTRA
District : PUNE",Secondary Level,"Name : D Y PATIL DNYANSHANTI SCHOOL
Head/Principal Name: Geeta P Pillai","Address : SEC.NO 29,AKURDI,RAVET,PUNE-44.
Website : https://dypdss.edu.in/"
991,"Aff. No. :1131048
Sch. Code:31024","State : MAHARASHTRA
District : PUNE",Senior Secondary Level,"Name : SRI CHAITANYA TECHNO SCHOOL
Head/Principal Name: RAMYA R","Address : SR NO 267 1 264 2 263 3 NEAR CRYSTAL HONDA SHOWROOM MUMBAI PUNE HIGHWAY BAVDHAN BK
Website : http://sctsbavdhan.net/"
992,"Aff. No. :1131012
Sch. Code:30976","State : MAHARASHTRA
District : PUNE",Secondary Level,"Name : DR. DADA GUJAR ENGLISH MEDIUM SCHOOL
Head/Principal Name: Soyla Ajit Shah","Address : DR. DADA GUJAR ENGLISH MEDIUM SCHOOL, MOHAMMADWADI, HADAPSAR, PUNE- 411060 (MAHARASHTRA)
Website : www.drdadagujarschool.in"
993,"Aff. No. :1131013
Sch. Code:30986","State : MAHARASHTRA
District : PUNE",Secondary Level,"Name : SHIVAJI ENGLISH MEDIUM SCHOOL, SASWAD
Head/Principal Name: Anil Bhausaheb Patil","Address : NEAR TRISHUL HOU.SOC.SASWAD
Website : www.semscbsesaswad.in"
994,"Aff. No. :1131016
Sch. Code:30994","State : MAHARASHTRA
District : PUNE",Senior Secondary Level,"Name : D Y PATIL HIGH SCHOOL
Head/Principal Name: SHILPA RAMLING GUJARE","Address : SR. NO. 124 & 126, A/P: AMBI, TAL-MAVAL, TALEGAON DABHADE,
Website : www.dypatilhighschool.com"
995,"Aff. No. :1131020
Sch. Code:30989","State : MAHARASHTRA
District : PUNE",Secondary Level,"Name : BHARATI VIDYAPEETH ENGLISH MEDIUM SCHOOL
Head/Principal Name: GEORGE P S","Address : SR.NO-35,MAUJE LOHEGAON, VADGAON SHINDE ROAD, LOHEGAON, PUNE-411047
Website : http://bvemslohegaon.bharatividyapeeth.edu"
996,"Aff. No. :1130999
Sch. Code:30997","State : MAHARASHTRA
District : PUNE",Secondary Level,"Name : INDUSCHAMPS SCHOOL
Head/Principal Name: NAMRATA A JIANI","Address : IIEBM CAMPUS, SR. NO 114/1/3, MUMBAI-BANGALORE HIGHWAY, DANGE CHOWK, HINJWADI ROAD, BHUMKAR CHOWK, WAKAD
Website : https://induschampsschool.edu.in"
997,"Aff. No. :1130986
Sch. Code:30949","State : MAHARASHTRA
District : PUNE",Senior Secondary Level,"Name : CAMBRIDGE INTERNATIONAL SCHOOL
Head/Principal Name: sarabjeet kaur mahal","Address : SR. NO. 170/3/B/B AKURDI, PUNE
Website : www.cambridgeinternationalschool.in"
998,"Aff. No. :1130988
Sch. Code:30925","State : MAHARASHTRA
District : PUNE",Senior Secondary Level,"Name : SIDDHANT INTERNATIONAL SCHOOL
Head/Principal Name: Supriya Chandrashekhar Salunke","Address : AT POST-SUDUMBARE,TAL-MAVAL,DIST-PUNE
Website : www.siddhantischool.com"
999,"Aff. No. :1130849
Sch. Code:30786","State : MAHARASHTRA
District : PUNE",Senior Secondary Level,"Name : KOTHARI INTERNATIONAL SCHOOL
Head/Principal Name: Petronella Eates","Address : SR NO. 54/2/1 (PART) & OTHERS, FOUNTAIN ROAD, KHARADI, PUNE 411 014
Website : www.kispune.com"
1000,"Aff. No. :1130847
Sch. Code:30777","State : MAHARASHTRA
District : PUNE",Senior Secondary Level,"Name : AMRUTWEL GLOBAL SCHOOL
Head/Principal Name: MANMEET CHOUREY","Address : A/P SHIKRAPUR TAL.SHIRUR DIST.PUNE
Website : www.amrutwelglobalschool.co.in"
1001,"Aff. No. :1130845
Sch. Code:30773","State : MAHARASHTRA
District : PUNE",Secondary Level,"Name : NOVEL INTERNATIONAL SCHOOL
Head/Principal Name: MRUDULA GAIKWAD","Address : PLOT NO.GP-193,G BLOCK, MIDC,CHINCHWAD
Website : www.novelinternationalschool.com"
1002,"Aff. No. :1130867
Sch. Code:30796","State : MAHARASHTRA
District : PUNE",Senior Secondary Level,"Name : THE KNOWLEDGE HABITAT
Head/Principal Name: Amruta Prabhu","Address : SR NO. 238-241,PLANET IT ,ADJACENT TO TCS,BEHIND KALYAN JEWELLERS,MAGARPATTA ROAD,HADAPSAR,PUNE -411028
Website : https://theknowledgehabitat.com/schools/pune"
1003,"Aff. No. :1130891
Sch. Code:30854","State : MAHARASHTRA
District : PUNE",Secondary Level,"Name : RASIKLAL M. DHARIWAL INTERNATIONAL SCHOOL
Head/Principal Name: MANISHA KALE","Address : RASIKLAL M. DHARIWAL INTERNATIONAL SCHOOL, CHINCHWAD, TAL HAVELI, DIST-PUNE
Website : www.rmdis.org"
1004,"Aff. No. :1130899
Sch. Code:30860","State : MAHARASHTRA
District : PUNE",Secondary Level,"Name : CHAITANYA INTERNATIONAL SCHOOL
Head/Principal Name: Shruti Atre","Address : A/P-: INDORI, TAL-: MAVAL, DIST-: PUNE, 410507
Website : http://chaitanyainternationalschool.com"
1005,"Aff. No. :1130907
Sch. Code:30870","State : MAHARASHTRA
District : PUNE",Senior Secondary Level,"Name : MAEERS VISHWASHANTI GURUKUL SCHOOL
Head/Principal Name: Jitendra Shivaji Khairnar","Address : 127 1A PAUD ROAD KOTHRUD PUNE
Website : http://mitvgschools.edu.in/kothrud"
1006,"Aff. No. :1130908
Sch. Code:30868","State : MAHARASHTRA
District : PUNE",Secondary Level,"Name : SAHYADRI VALLEY PUBLIC SCHOOL
Head/Principal Name: Amol Ramchandra Jagadale","Address : A/P- RAJURI ON KALYAN NAGAR HIGH WAY TAL- JUNNAR DIST- PUNE
Website : www.sahyadrivalleyschool.com"
1007,"Aff. No. :1130909
Sch. Code:31074","State : MAHARASHTRA
District : PUNE",Secondary Level,"Name : SHRI SWAMI SAMARTH CBSE SCHOOL
Head/Principal Name: Maria Suresh Varma","Address : SECTOR NO.2, INDRAYANI NAGAR, BHOSARI,PIMPRI CHINCHWAD, PUNE
Website : http://www.shriswamisamarthcbseschool.com"
1008,"Aff. No. :1130910
Sch. Code:30873","State : MAHARASHTRA
District : PUNE",Senior Secondary Level,"Name : SRI CHAITANYA TECHNO SCHOOL WAGHOLI PUNE
Head/Principal Name: Pratima Philips Joseph","Address : SRI CHAITANYA TECHNO SCHOOL, KONARK ORCHID,GATE NO.905,906,926,1085, OPP SATAV ENTERPRISES,BESIDES SEEMA WAREHOUSE,KESNAND ROAD,WAGHOLI,PUNE
Website : www.srichaitanyaschool.net"
1009,"Aff. No. :1130873
Sch. Code:30804","State : MAHARASHTRA
District : PUNE",Secondary Level,"Name : ACADEMIC HEIGHTS PUBLIC SCHOOL
Head/Principal Name: Snehal Shrigondekar","Address : GAT NO. 1660 / 2, PATIL NAGAR, NEAR INDRAPRASTH MANGAL KARYALAY, BHAGWASTI, CHIKHALI
Website : www.ahpspuneschool.com"
1010,"Aff. No. :1130880
Sch. Code:30819","State : MAHARASHTRA
District : PUNE",Secondary Level,"Name : INNOVATIVE INTERNATIONAL SCHOOL
Head/Principal Name: Abha Parmar","Address : 94/1, CHAKRESHWAR NAGAR, TAL. KHED, PUNE
Website : www.iischool.co.in"
1011,"Aff. No. :1130884
Sch. Code:30850","State : MAHARASHTRA
District : PUNE",Secondary Level,"Name : WALNUT SCHOOL
Head/Principal Name: Rajashree Vyenkatesh","Address : BAJIRAO DANGAT CAMPUS NDA ROAD SHIVANE
Website : https://walnut.school"
1012,"Aff. No. :1130796
Sch. Code:30723","State : MAHARASHTRA
District : PUNE",Secondary Level,"Name : VISHWAKALYAN ENGLISH MEDIUM SCHOOL
Head/Principal Name: DEEPALI SHIRGAVE","Address : GAT NUMBER 1207,SONAVANE VASTI,CHIKHALI
Website : www.vishwakalyanschool.in"
1013,"Aff. No. :1130788
Sch. Code:30729","State : MAHARASHTRA
District : PUNE",Senior Secondary Level,"Name : VIDYAVALLEY INTERNATIONAL SCHOOL
Head/Principal Name: SWATI SUNIL RANDIVE","Address : AT POST : CHAKAN, TALUKA: KHED DISTRICT: PUNE
Website : www.vidyavalleyschool.org"
1014,"Aff. No. :1130789
Sch. Code:30732","State : MAHARASHTRA
District : PUNE",Senior Secondary Level,"Name : CYGNET PUBLIC SCHOOL, HADAPSAR
Head/Principal Name: KALPANA NILAKHE","Address : INDRAYANI NAGAR, HADAPSAR,PUNE
Website : www.jspmcps.edu.in"
1015,"Aff. No. :1130794
Sch. Code:30746","State : MAHARASHTRA
District : PUNE",Senior Secondary Level,"Name : CYGNET PUBLIC SCHOOL NEW NARHE
Head/Principal Name: AJITA SUNDARAM PARBAT","Address : S.NO 12/1/2,PUNE SATARA BAYPASS HIGHWAY,NARHE,
Website : www.tssmcpsn.edu.in"
1016,"Aff. No. :1130773
Sch. Code:30690","State : MAHARASHTRA
District : PUNE",Secondary Level,"Name : RIMS INTERNATIONAL SCHOOL
Head/Principal Name: Mona Surya Dey","Address : SURVEY NO. 44/1, WADACHI ROAD, NEAR OCTROI NAKA, UNDRI, PUNE
Website : www.rimsinternationalschool.com"
1017,"Aff. No. :1130777
Sch. Code:30712","State : MAHARASHTRA
District : PUNE",Senior Secondary Level,"Name : MAEERS VISHWASHANTI GURUKUL SCHOOL LONI KALBHOR
Head/Principal Name: Aruna Celestine Anthony","Address : MIT CAMPUR,RAJBAUG, LONI KALBHOR, PUNE SOLAPUR ROAD, PUNE-412201.
Website : www.mitvgschools.edu.in"
1018,"Aff. No. :1130781
Sch. Code:30706","State : MAHARASHTRA
District : PUNE",Secondary Level,"Name : ST. JOSEPH ENGLISH MEDIUM SCHOOL
Head/Principal Name: BEBIN THOMAS","Address : RAMLING ROAD, SHIRUR,
Website : http://www.stjosephshirur.in"
1019,"Aff. No. :1130782
Sch. Code:30710","State : MAHARASHTRA
District : PUNE",Senior Secondary Level,"Name : HIND ENGLISH MEDIUM SCHOOL
Head/Principal Name: Preeti Diwakar Manekar","Address : OFF AIRPORT ROAD, NEAR GANAPATI MANDIR SQUARE VIMAN NAGAR
Website : www.hemgurukoolschool.com"
1020,"Aff. No. :1130817
Sch. Code:30748","State : MAHARASHTRA
District : PUNE",Senior Secondary Level,"Name : VIDYA PRATISHTHANS SOMESHWAR ENGLISH MEDIUM SCHOOL
Head/Principal Name: Sachin Arvind Pathak","Address : A/P- WAGHALWADI- SOMESHWAR, TAL-BARAMATI, DIST- PUNE
Website : www.vpsomeshwar.org"
1021,"Aff. No. :1130818
Sch. Code:30740","State : MAHARASHTRA
District : PUNE",Senior Secondary Level,"Name : GAYATRI ENGLISH MEDIUM SCHOOL
Head/Principal Name: Jotiba Kisan Surawase","Address : GANDHARVNAGARI PUNE NASHIK HIGHWAY OPP KENDRIYA VIHAR MOSHI PUNE 412105
Website : www.gayatrischoolpune.com"
1022,"Aff. No. :1130820
Sch. Code:30747","State : MAHARASHTRA
District : PUNE",Senior Secondary Level,"Name : S.N.B.PS INTERNATIONAL SCHOOL
Head/Principal Name: Medha Jogalekar","Address : 126/2A,NEAR SHIVKRUSHN MANGAL KARYALAY,MANJRI,KESHAV NAGAR
Website : www.snbpschool.co.in"
1023,"Aff. No. :1130827
Sch. Code:30750","State : MAHARASHTRA
District : PUNE",Secondary Level,"Name : VIDYA PRATISHTHANS NEW BAL VIKAS MANDIR, PIMPLI, BARAMATI, DIST-PUNE
Head/Principal Name: TANUSHREE SAHIL GORE","Address : A/P - PIMPLI, TAL - BARAMATI, DIST - PUNE 413102
Website : www.vpnbvm.ac.in"
1024,"Aff. No. :1130828
Sch. Code:30766","State : MAHARASHTRA
District : PUNE",Secondary Level,"Name : VIDYA PRATISHTHANS INDAPUR ENGLISH MEDIUM SCHOOL
Head/Principal Name: JYOTI SUNIL JAGTAP","Address : VIDYANAGARI INDAPUR AKLUJ LINK ROAD TAL INDAPUR DIST PUNE
Website : www.vpiems.org"
1025,"Aff. No. :1130825
Sch. Code:30802","State : MAHARASHTRA
District : PUNE",Secondary Level,"Name : ORCHIDS THE INTERNATIONAL SCHOOL
Head/Principal Name: Nayana Chowre","Address : SECTOR 27, NEXT TO RAM MANDIR, NIGDI – PRADHIKARAN,
Website : https://orchidsinternationalschoolnigdi.com/"
1026,"Aff. No. :1130823
Sch. Code:30886","State : MAHARASHTRA
District : PUNE",Senior Secondary Level,"Name : VIDYA PRATISHTHANS DR. CYRUS POONAWALLA SCHOOL
Head/Principal Name: YASHASWINI TRIMBAKRAO NIGADE","Address : VIDYA PRATISHTHANS DR. CYRUS POONAWALLA SCHOOL, RUI, VIDYANAGARI,
Website : www.vpdcps.com"
1027,"Aff. No. :1130833
Sch. Code:30770","State : MAHARASHTRA
District : PUNE",Secondary Level,"Name : DR KALMADI SHAMRAO HIGHSCHOOL
Head/Principal Name: ANJALI SAMEER KULKARNI","Address : SURVEY NO 36 GANESH NAGAR ERANDWANE PUNE
Website : www.kaveri.edu.in/khsg"
1028,"Aff. No. :1130831
Sch. Code:30756","State : MAHARASHTRA
District : PUNE",Senior Secondary Level,"Name : ADITYA ENGLISH MEDIUM SCHOOL
Head/Principal Name: Rekha Kale","Address : SR. NO. 70, DHANKUDE NAGAR, BANER, PUNE - 411045
Website : www.adityaschool.co.in"
1029,"Aff. No. :1130835
Sch. Code:30901","State : MAHARASHTRA
District : PUNE",Senior Secondary Level,"Name : PICT MODEL SCHOOL
Head/Principal Name: Abira Mishra","Address : SURVEY NO.6, BEHIND HOLIDAY INN, BESIDE BALEWADI STADIUM, MHALUNGE
Website : www.pictmodelschool.edu.in"
1030,"Aff. No. :1130583
Sch. Code:30597","State : MAHARASHTRA
District : PUNE",Senior Secondary Level,"Name : THE LEXICON SCHOOL
Head/Principal Name: Priyanka Samudre","Address : SR.NO. 208, PUNE -SASWAD ROAD, NEXT TO SP. INFOCITY, HADAPSAR
Website : http://hadapsar.lexiconedu.in/"
1031,"Aff. No. :1130586
Sch. Code:30515","State : MAHARASHTRA
District : PUNE",Senior Secondary Level,"Name : ALARD PUBLIC SCHOOL
Head/Principal Name: SHUBHRA SHRIVASTAVA","Address : S.NO 50, NEAR RAJIV GANDHI IT PARK, HINJEWADI
Website : www.alardpublicschool.com"
1032,"Aff. No. :1130560
Sch. Code:30526","State : MAHARASHTRA
District : PUNE",Senior Secondary Level,"Name : SINHGAD CITY SCHOOL
Head/Principal Name: JOYA ADHIKARI","Address : S. NO.50/1, SAMGIR PLOT TILEKAR NAGAR KONDHWA- SASWAD ROAD, KONDHWA BK), PUNE
Website : http://scsk.sinhgad.edu"
1033,"Aff. No. :1130563
Sch. Code:30487","State : MAHARASHTRA
District : PUNE",Secondary Level,"Name : BAL SEVA ENGLISH MEDIUM SCHOOL
Head/Principal Name: Deepali Upendra Jugoolkar","Address : SWAMI VIVEKANANDA NAGAR, KALAKHADAK, WAKAD
Website : https://balsevaenglishmediumschool.in/"
1034,"Aff. No. :1130564
Sch. Code:30506","State : MAHARASHTRA
District : PUNE",Senior Secondary Level,"Name : SARASWATI VISHWA - VIDYALAYA NATIONAL SCHOOL
Head/Principal Name: KSHAMA MANISH GARGE","Address : GAT NO - 169, GANESH NAGAR, TALAWADE NIGDI MAVAL PUNE
Website : http://svvns-talawade.org"
1035,"Aff. No. :1130565
Sch. Code:30486","State : MAHARASHTRA
District : PUNE",Secondary Level,"Name : PAWAR PUBLIC SCHOOL,
Head/Principal Name: DEEPA SHANBHAG","Address : MEGAPOLIS,PLOT NO.R1/1,RAJIV GANDHI INFOTECH PARK,PHASE 3,MIDC,HINJEWADI
Website : www.ppshinjewadi.com"
1036,"Aff. No. :1130572
Sch. Code:30509","State : MAHARASHTRA
District : PUNE",Senior Secondary Level,"Name : SURYADATTA NATIONAL SCHOOL
Head/Principal Name: Dr. Anupama Nevrekar","Address : SURYABHAVAN, WING A,S.NO. 342, PATIL NAGAR,NEAR DSK RANWARA, CHANDANI CHOWK - PASHAN ROAD,BAVDHAN (BK)
Website : www.suryadattaschool.org"
1037,"Aff. No. :1130569
Sch. Code:30637","State : MAHARASHTRA
District : PUNE",Senior Secondary Level,"Name : ZAINABIA ENGLISH MEDIUM SCHOOL
Head/Principal Name: Insia Murtaza Nasikwala","Address : GAT NO. 19, RUI- KATPHAL- PATAS ROAD, KATPHAL, BARAMATI
Website : www.zainabiaschool.com"
1038,"Aff. No. :1130577
Sch. Code:30499","State : MAHARASHTRA
District : PUNE",Secondary Level,"Name : PODAR INTERNATIONAL SCHOOL- WAGHOLI
Head/Principal Name: Munish Sharma","Address : SR .NO 22/70,UBALE NAGAR,WAGHOLI,PUNE
Website : www.podareducation.org/school/wagholi"
1039,"Aff. No. :1130625
Sch. Code:30622","State : MAHARASHTRA
District : PUNE",Senior Secondary Level,"Name : BEACON HIGH SCHOOL
Head/Principal Name: VISHAKHA GUPTA","Address : PLOT NO 2, SECTOR 11, BEHIND TULSI LAND MARK PCNDTA, BHOSARI
Website : www.beaconhighschool.in"
1040,"Aff. No. :1130628
Sch. Code:30546","State : MAHARASHTRA
District : PUNE",Senior Secondary Level,"Name : PRATIBHA INTERNATIONAL SCHOOL
Head/Principal Name: Vrinda Multani Joshi","Address : BLOCK D-III, BEHIND MEHTA HOSPITAL, CHINCHWAD
Website : https://pratibhaintschool.org/chinchwad-branch/#"
1041,"Aff. No. :1130630
Sch. Code:30547","State : MAHARASHTRA
District : PUNE",Secondary Level,"Name : P K INTERNATIONAL SCHOOL
Head/Principal Name: SUVARNA SACHIN TIKONE","Address : GAT NO. 714, KADACHIWADI, TALUKA: KHED, DISTRICT: PUNE - 410501
Website : www.pkischakan.com"
1042,"Aff. No. :1130613
Sch. Code:30557","State : MAHARASHTRA
District : PUNE",Secondary Level,"Name : PAWAR PUBLIC SCHOOL
Head/Principal Name: DR ANJALI GURJAR","Address : NANDED CITY, SINHAGAD ROAD
Website : www.ppsnandedcity.com"
1043,"Aff. No. :1130614
Sch. Code:30536","State : MAHARASHTRA
District : PUNE",Senior Secondary Level,"Name : RMD SINHGAD SPRING DALE SCHOOL
Head/Principal Name: ASHA DHORE","Address : S.NO.111/1, WARJE
Website : http://WWW.SINHGAD.EDU"
1044,"Aff. No. :1130599
Sch. Code:30520","State : MAHARASHTRA
District : PUNE",Senior Secondary Level,"Name : SADHU VASWANI INTERNATIONAL SCHOOL, PUNE
Head/Principal Name: AARTI PATIL","Address : SADHU VASWANI MISSIONS EDUCATIONAL COMPLEX, SECTOR 6, SPINE ROAD, SANT NAGAR, MOSHI-PRADHIKARAN, NEAR PCNTDA TRAFFIC PARK, PUNE
Website :"
1045,"Aff. No. :1130607
Sch. Code:30590","State : MAHARASHTRA
District : PUNE",Senior Secondary Level,"Name : JAYAWANT PUBLIC SCHOOL
Head/Principal Name: Moushumi Chowdhury","Address : S.NO.27/7, URULI DEVACHI
Website : www.jspm.edu.in/jps"
1046,"Aff. No. :1130609
Sch. Code:30582","State : MAHARASHTRA
District : PUNE",Senior Secondary Level,"Name : THE LEXICON INTERNATIONAL SCHOOL KALYANINAGAR
Head/Principal Name: Aparna Khairnar","Address : S NO 212/1, PLOT NO 59, CENTRAL AVENUE, KALYANINAGAR
Website : www.lexiconedu.in"
1047,"Aff. No. :1130610
Sch. Code:30532","State : MAHARASHTRA
District : PUNE",Senior Secondary Level,"Name : SINHGAD SPRING DALE SCHOOL
Head/Principal Name: SHEETAL NIRANJAN SAPKAL","Address : S. NO. 10 HISSA NO.1, AMBEGAON(BK.), PUNE
Website : https://ssdsa.sinhgad.edu/"
1048,"Aff. No. :1130534
Sch. Code:30471","State : MAHARASHTRA
District : PUNE",Senior Secondary Level,"Name : S.B. PATIL PUBLIC SCHOOL
Head/Principal Name: Dr. Bindu Saini","Address : S.NO.110,GAT NO 1, RAVET, PUNE
Website : www.sbpatilschool.com"
1049,"Aff. No. :1130546
Sch. Code:30587","State : MAHARASHTRA
District : PUNE",Senior Secondary Level,"Name : BUDS INTERNATIONAL SCHOOL
Head/Principal Name: Suvarna SharadKumar Khot","Address : 1031 NEWALE VASTI, AT POST- CHIKHALI, TAL- HAVELI, DIST. PUNE
Website : www.budsinternationalschools.com"
1050,"Aff. No. :1130547
Sch. Code:30480","State : MAHARASHTRA
District : PUNE",Senior Secondary Level,"Name : MILLENNIUM NATIONAL SCHOOL
Head/Principal Name: Swati Sardesai","Address : 18 -HILLSIDE KARVENAGAR, NEAR VANADEVI MANDIR
Website : www.myshala.com"
1051,"Aff. No. :1130549
Sch. Code:30500","State : MAHARASHTRA
District : PUNE",Secondary Level,"Name : PODAR INTERNATIONAL SCHOOL-SHIRUR
Head/Principal Name: NEERAJ RAI","Address : BEHIND RELIANCE PETROL PUMP,MAHAJAN MALA, SHIRUR, NAGAR ROAD
Website : www.podar.org/shirur"
1052,"Aff. No. :1130550
Sch. Code:30555","State : MAHARASHTRA
District : PUNE",Secondary Level,"Name : MAMASAHEB KHANDGE ENGLISH MEDIUM SCHOOL
Head/Principal Name: Pranali Sunil Gurav","Address : VISHNUPURI, NEAR NUTAN MAHARASHTRA VIDYA POLYTECHNIC, TALEGAON DABHADE
Website : www.maksedu.in"
1053,"Aff. No. :1130522
Sch. Code:30455","State : MAHARASHTRA
District : PUNE",Senior Secondary Level,"Name : SNBP INTERNATIONAL SCHOOL
Head/Principal Name: Priyanka Agrahari","Address : SANT DNYANESHWAR NAGAR, MAHADA COLONY , MORWADI , PIMPRI
Website : http://morwadi.cbse.snbpinstitutes.com/"
1054,"Aff. No. :1130512
Sch. Code:30437","State : MAHARASHTRA
District : PUNE",Senior Secondary Level,"Name : HOLY SPIRIT CONVENT SCHOOL
Head/Principal Name: Parambi Lilly Souru","Address : LONIKAND P.O, HAVELI.TQ. PUNE-412 216
Website : www.holyspiritlonikand.com"
1055,"Aff. No. :1130703
Sch. Code:30809","State : MAHARASHTRA
District : PUNE",Senior Secondary Level,"Name : SNBP INTERNATIONAL SCHOOL
Head/Principal Name: Dr.Rashmirekha Saha","Address : RIVER RESIDENCY, GAT NO: 90, DEHU ALANDI ROAD, CHIKLI MOSHI
Website : www.snbpinstitutes.com"
1056,"Aff. No. :1130707
Sch. Code:30618","State : MAHARASHTRA
District : PUNE",Senior Secondary Level,"Name : TRINITY INTERNATIONAL SCHOOL
Head/Principal Name: RUPALI DHAMDHERE","Address : SR NO 25 7 27, KONDHWA ANNEXE ROAD, NEAR BOPDEV GHAT
Website : www.trinityinternationalschool.in/pune"
1057,"Aff. No. :1130718
Sch. Code:30649","State : MAHARASHTRA
District : PUNE",Senior Secondary Level,"Name : ANGEL HIGH SCHOOL
Head/Principal Name: Khushboo Singh","Address : SHAMBHAJI NAGAR, KADAMWAK WASTI,TAL - HAVELI, LONI KALBHOR,PUNE - 412201
Website : www.angelschoolpune.com"
1058,"Aff. No. :1130741
Sch. Code:30644","State : MAHARASHTRA
District : PUNE",Senior Secondary Level,"Name : SPG INTERNATIONAL PUBLIC SCHOOL
Head/Principal Name: Pravin Hiraman Gaikwad","Address : NEAR DURVANKUR LAWNS MANGAL KARYALAYA, ALANDI ROAD,
Website : www.spgschool.co.in"
1059,"Aff. No. :1130742
Sch. Code:31505","State : MAHARASHTRA
District : PUNE",Middle Class,"Name : MASTER MIND GLOBAL ENGLISH SCHOOL
Head/Principal Name: Dr.Pradeepa.P","Address : SURVERY NO-203,ALANDI ROAD,BHOSARI
Website : http://www.mastermindglobalschool.com"
1060,"Aff. No. :1130762
Sch. Code:30671","State : MAHARASHTRA
District : PUNE",Secondary Level,"Name : HERITAGE INTERNATIONAL SCHOOL
Head/Principal Name: NAMRATA ASHISH ZAGADE","Address : PIRANGUT, KASAR AMBOLI, MULSHI.
Website : www.heritageinternationalschoolpune.in"
1061,"Aff. No. :1130763
Sch. Code:30676","State : MAHARASHTRA
District : PUNE",Secondary Level,"Name : SAMARTH DNYANPEETHS SAHYADRI PUBLIC SCHOOL
Head/Principal Name: Waghmare Ajit Arjunrao","Address : AP WAGHALWADI SOMESHWARNAGR TAL BARAMATI DIST PUNE
Website : www.sahyadrisps.com"
1062,"Aff. No. :1130756
Sch. Code:30667","State : MAHARASHTRA
District : PUNE",Secondary Level,"Name : BALAJI ENGLISH MEDIUM SCHOOL SHIRUR
Head/Principal Name: Vitthal Kisan Tupe","Address : A/P- SHIRUR TEL-SHIUR DIST- PUNE
Website : www.balajienglishschoolshirur.in"
1063,"Aff. No. :1130749
Sch. Code:30656","State : MAHARASHTRA
District : PUNE",Senior Secondary Level,"Name : THE ORBIS SCHOOL
Head/Principal Name: Smita Pendharkar","Address : 35, 2D/1, MUNDHWA- MANJARI ROAD, KESHAVNAGAR
Website : www.theorbisschool.com"
1064,"Aff. No. :1130690
Sch. Code:30596","State : MAHARASHTRA
District : PUNE",Senior Secondary Level,"Name : SEVASADAN ENGLISH MEDIUM SCHOOL
Head/Principal Name: Jyoti Vijay Rokde","Address : 1410, PATWARDHAN BAUG, ERANDAWANE, SURVEY NO. 8 & 13, NEAR VAKIL NAGAR
Website : www.sevasadanschool.in"
1065,"Aff. No. :1130693
Sch. Code:30607","State : MAHARASHTRA
District : PUNE",Secondary Level,"Name : NEW ENGLISH SCHOOL
Head/Principal Name: SHABNAM SALIM MOMIN","Address : AT-POST - LANDEWADI - CHINCHODI, TAL - AMBEGAON, DIST - PUNE
Website : www.newenglishschool.in"
1066,"Aff. No. :1130699
Sch. Code:30613","State : MAHARASHTRA
District : PUNE",Senior Secondary Level,"Name : EON GYANANKUR ENGLISH SCHOOL
Head/Principal Name: Sunita Rai","Address : NEXT TO ZENSAR IT PARK,NEAR SSR TOWER KHARADI
Website : www.pdeaeonschool.edu.in"
1067,"Aff. No. :1130669
Sch. Code:30580","State : MAHARASHTRA
District : PUNE",Secondary Level,"Name : INNOVERA SCHOOL
Head/Principal Name: SUPRIYA SRIVASTAVA","Address : NEAR SANSKRIT RESORT , BEHIND SAMRUDHI TACTOR SHOWROOM , KADAM WAK VASTI, PUNE-SOLAPUR ROAD PUNE.
Website : www.innoveraschool.com"
1068,"Aff. No. :1130672
Sch. Code:31503","State : MAHARASHTRA
District : PUNE",Middle Class,"Name : DOLPHINS INTERNATIONAL SCHOOL
Head/Principal Name: Mrs.Florence Joseph Anthony","Address : MADHUBAN SOCIETY ,S.NO.15/1/7 OLD SANGAVI PUNE 411027
Website : http://www.dolphins.com"
1069,"Aff. No. :1130673
Sch. Code:30683","State : MAHARASHTRA
District : PUNE",Secondary Level,"Name : SWAMI VIVEKANAND ACADEMY
Head/Principal Name: Sumit Bishwanath Das","Address : PUNE-SHOLAPUR ROAD, IN-FRONT OF SAKHARE PETROL PUMP,
Website : www.svauk.in"
1070,"Aff. No. :1130683
Sch. Code:30594","State : MAHARASHTRA
District : PUNE",Senior Secondary Level,"Name : NEW TIMES INTERNATIONAL SCHOOL
Head/Principal Name: RITIKA SUDHIR NAIDU","Address : GET NO.351/333/1LONIKAND,TAL- HAVELI, DIST-PUNE, PUNE -NAGAR ROAD PUNE
Website : http://www.ntischoolpune.org/"
1071,"Aff. No. :1130679
Sch. Code:30668","State : MAHARASHTRA
District : PUNE",Secondary Level,"Name : DR. D. Y. PATIL PUBLIC SCHOOL
Head/Principal Name: Vineeta Pandey","Address : D.Y PATIL VIDHAPEETH, SANT TUKARAM NAGAR, PIMPRI.
Website : www.publicschool.dypvp.edu.in."
1072,"Aff. No. :1130651
Sch. Code:30585","State : MAHARASHTRA
District : PUNE",Senior Secondary Level,"Name : DR.KADAM GURUKUL, INDAPUR.
Head/Principal Name: Madhuri Madhav Gokhale","Address : DR.KADAM GURUKUL , 229 , PUNE - SOLAPUR BYPASS CORNER INDAPUR DIST- PUNE 413106 MAHARASHTRA [ INDIA ]
Website : www.kadamgurukul.com"
1073,"Aff. No. :1130665
Sch. Code:30730","State : MAHARASHTRA
District : PUNE",Senior Secondary Level,"Name : PHOENIX WORLD SCHOOL
Head/Principal Name: POURUSHASP KARKARIA","Address : SR.NO 57,GAT NO.1344,KARADI-WAGHOLI.TAL-HAVELI,DIST- PUNE
Website : http://phoenixworldschool.in"
1074,"Aff. No. :1130643
Sch. Code:30588","State : MAHARASHTRA
District : PUNE",Senior Secondary Level,"Name : THE KALYANI SCHOOL
Head/Principal Name: NIRMAL WADDAN","Address : SR.NO12, MANJARI BUDRUK, NEAR HADAPSAR,PUNE 412307
Website : www.thekalyanischool.com"
1075,"Aff. No. :1130644
Sch. Code:30566","State : MAHARASHTRA
District : PUNE",Senior Secondary Level,"Name : DARSHAN ACADEMY, PUNE
Head/Principal Name: VINITA SETH","Address : CTS NO.4510/1 EMPIRE ESTATE,NEAR PUNJAB SIND BANK, CHINCHWAD PUNE.
Website : www.pune.darshanacademy.org"
1076,"Aff. No. :1130647
Sch. Code:30572","State : MAHARASHTRA
District : PUNE",Senior Secondary Level,"Name : CRIMSON ANISHA GLOBAL SCHOOL MARUNJI MULSHI PUNE MR
Head/Principal Name: TOSHIMA SINGH RAJPUT","Address : LIFE REPUBLIC,S.NO.74,MARUNJI-HINJEWADI-KASARSAI ROAD,MARUNJI
Website : www.cagschool.com"
1077,"Aff. No. :1130632
Sch. Code:30570","State : MAHARASHTRA
District : PUNE",Senior Secondary Level,"Name : GANESH INTERNATIONAL SCHOOL, CHIKHALI
Head/Principal Name: ABHA SINGH","Address : NEWALE VASTI GAT NUMBER 1157-1160, CHIKHALI
Website : https://ganeshinternationalschool.com"
1078,"Aff. No. :1130636
Sch. Code:30564","State : MAHARASHTRA
District : PUNE",Senior Secondary Level,"Name : PODAR INTERNATIONAL SCHOOL, BARAMATI
Head/Principal Name: Tushar Gangadhar Kulkarni","Address : GAT NO. 612, BANDALWADI (GUNAWADI), INDAPUR ROAD, BARAMATI
Website : http://www.podareducation.org/school/baramati"
1079,"Aff. No. :1140029
Sch. Code:34092","State : MAHARASHTRA
District : PUNE",Senior Secondary Level,"Name : PM SHRI SCHOOL JAWAHAR NAVODAYA VIDYALAYA
Head/Principal Name: BALASAHEB RAOSAHEB KHEDKAR","Address : PIMPALE JAGTAP TAHSIL SHIRUR PUNE MAHARASHTRA
Website : https://navodaya.gov.in/nvs/nvs-school/PUNE/en/hom"
1080,"Aff. No. :1180012
Sch. Code:31506","State : MAHARASHTRA
District : PUNE",Middle Class,"Name : NAVY CHILDREN SCHOOL
Head/Principal Name: CDR P S GAHLOT","Address : INS SHIVAJI LONAVLA MAHARASTRA
Website :"
1081,"Aff. No. :1180014
Sch. Code:34104","State : MAHARASHTRA
District : PUNE",Senior Secondary Level,"Name : ARMY PUBLIC SCHOOL
Head/Principal Name: PARAMITA NANDY","Address : DEHU ROAD, DISTT PUNE, MAHARASHTRA
Website : www.apsdehuroad.in"
1082,"Aff. No. :1180004
Sch. Code:34034","State : MAHARASHTRA
District : PUNE",Senior Secondary Level,"Name : AIR FORCE SCHOOL
Head/Principal Name: ASHWINI RAVINDRA MODHAVE","Address : AIR FORCE STATION VIMAN NAGAR PUNE MAHARASHTRA
Website : www.airforceschoolpune.ac.in"
1083,"Aff. No. :1180005
Sch. Code:34028","State : MAHARASHTRA
District : PUNE",Senior Secondary Level,"Name : ARMY PUBLIC SCHOOL
Head/Principal Name: ANSHU ANAND","Address : NEAR SIGNAL REGIMENT SOUTHERN COMMAN SOUTHERN COMMAND PUNE MAHARASHTRA
Website : www.apspune.com"
1084,"Aff. No. :1180009
Sch. Code:34075","State : MAHARASHTRA
District : PUNE",Senior Secondary Level,"Name : BALNIKETAN AIR FORCE SCHOOL
Head/Principal Name: SEEMA TIWARI","Address : 9-BRD AIR FORCE STATION NAGAR ROAD PUNE MAHARASHTRA
Website : www.afscn.in"
1085,"Aff. No. :1180010
Sch. Code:34084","State : MAHARASHTRA
District : PUNE",Senior Secondary Level,"Name : ARMY PUBLIC SCHOOL
Head/Principal Name: RUPAN JASWAL","Address : KIRKEE, DISTT PUNE MAHARASTRA
Website : https://armypublicschoolkirkee.in"
1086,"Aff. No. :1180023
Sch. Code:34105","State : MAHARASHTRA
District : PUNE",Senior Secondary Level,"Name : ARMY PUBLIC SCHOOL DIGHI
Head/Principal Name: Kavita Kadam","Address : C/O TRAINING BATTALION-2 BEG & CENTRE DIGHI CAMP
Website : www.apsdighi.com"
1087,"Aff. No. :1180026
Sch. Code:34114","State : MAHARASHTRA
District : PUNE",Senior Secondary Level,"Name : ARMY PUBLIC SCHOOL
Head/Principal Name: Dr Yasmin Kaur Bains","Address : KHADAKWASLA, BARRACK NO.3, NEAR GOLE MARKET, NATIONAL DEFENCE ACADEMY, PUNE
Website : www.apskhadakwasla.in"
1088,"Aff. No. :1131280
Sch. Code:31267","State : MAHARASHTRA
District : PUNE",Secondary Level,"Name : V J INTERNATIONAL SCHOOL
Head/Principal Name: JAYASHRI VISHNU TANGTODE","Address : TAL - JUNNAR , DIST-PUNE
Website : www.vjinternationalschool.com"
1089,"Aff. No. :1131270
Sch. Code:31257","State : MAHARASHTRA
District : PUNE",Secondary Level,"Name : J.J. INTERNATIONAL SCHOOL
Head/Principal Name: Laxmikant Jagannath Aher","Address : TAL-SHIRUR, DIST-PUNE
Website : www.jjinternationalschool.com"
1090,"Aff. No. :1131268
Sch. Code:31255","State : MAHARASHTRA
District : PUNE",Senior Secondary Level,"Name : GLOBAL INDIAN INTERNATIONAL SCHOOL
Head/Principal Name: Dr. Vijay Singh Parihar","Address : BEHIND AMANORA FIRE STATION ,MALWADI, HADAPSAR
Website : https://pune.globalindianschool.org/"
1091,"Aff. No. :1131287
Sch. Code:31274","State : MAHARASHTRA
District : PUNE",Secondary Level,"Name : C.S.BHUJBAL GLOBAL SCHOOL
Head/Principal Name: AMAR VASANTRAO KSHIRSAGAR","Address : TAI.SHIRUR, DIST.PUNE
Website : https://www.csbschool.com/"
1092,"Aff. No. :1131298
Sch. Code:31285","State : MAHARASHTRA
District : PUNE",Secondary Level,"Name : SHRI MAHAGANPATI GLOBAL SCHOOL
Head/Principal Name: Padminee Uttam Kavthekar","Address : TAL.SHIRUR, DIST.PUNE
Website : https://www.mahaganpatischool.org"
1093,"Aff. No. :1131294
Sch. Code:31281","State : MAHARASHTRA
District : PUNE",Secondary Level,"Name : FORTUNE HIGH SCHOOL
Head/Principal Name: SUZANNE JUBI THOMAS","Address : TALUKA HAVELI, DISTRICT PUNE
Website : http://www.fortunehighschool.com/"
1094,"Aff. No. :1131255
Sch. Code:31242","State : MAHARASHTRA
District : PUNE",Secondary Level,"Name : MENTOR INTERNATIONAL SCHOOL
Head/Principal Name: Deepika Thawani","Address : NEAR WEST GATE, VIBGYOR SCHOOL RD, , HADAPSAR, PUNE, MAHARASHTRA
Website : https://www.mentorinternationalschool.com"
1095,"Aff. No. :1131264
Sch. Code:31251","State : MAHARASHTRA
District : PUNE",Secondary Level,"Name : GLOBAL TALENT INTERNATIONAL SCHOOL
Head/Principal Name: ALPANA MOHANTA","Address : CHIKHALI PRADHIKARAN TAL. HAVELI, DIST PUNE
Website : https://gtispuneschool.in"
1096,"Aff. No. :1131245
Sch. Code:31232","State : MAHARASHTRA
District : PUNE",Senior Secondary Level,"Name : BILLABONG HIGH INTERNATINAL SCHOOL
Head/Principal Name: ADITI MUKHERJEE","Address : SADE STARA NALLI , HADAPSAR , TALUKA HAVELI
Website : https://www.billabonghighschool.com"
1097,"Aff. No. :1131237
Sch. Code:31224","State : MAHARASHTRA
District : PUNE",Secondary Level,"Name : SANSKAR PUBLIC SCHOOL
Head/Principal Name: Siddhi Rakesh Mittal","Address : WADGAON SHINDE ROAD, LOHEGAON
Website : https://sanskarpublicschoolcbse.com"
1098,"Aff. No. :1131233
Sch. Code:31220","State : MAHARASHTRA
District : PUNE",Secondary Level,"Name : AARYANS WORLD SCHOOL
Head/Principal Name: Pramodini Gulhane","Address : TAPODHAM ROAD, WARJE OLD JAKAT NAKA, WARJE, PUNE
Website : www.aaryansworldschool.com"
1099,"Aff. No. :1131234
Sch. Code:31221","State : MAHARASHTRA
District : PUNE",Senior Secondary Level,"Name : MAHAVIR ENGLISH MEDIUM SCHOOL AND JUNIOR COLLEGE
Head/Principal Name: PALLAVI SOMAN","Address : POLICE STATION , GULTEKADI
Website : www.mahaveerschool.org"
1100,"Aff. No. :1131347
Sch. Code:31336","State : MAHARASHTRA
District : PUNE",Senior Secondary Level,"Name : EUROSCHOOL KHARADI
Head/Principal Name: Afreen Irfan Shaikh","Address : SURVEY NO - 66, NEAR EON FREE ZONE , OPP-BARCLAYS, KHARADI, PUNE, MAHARASHTRA
Website : https://www.euroschoolindia.com/pune/school-in-kha"
1101,"Aff. No. :1131343
Sch. Code:31332","State : MAHARASHTRA
District : PUNE",Senior Secondary Level,"Name : DHEERAJ INTERNATIONAL SCHOOL
Head/Principal Name: Suvidha Mahale","Address : 1, ATAL BIHARI VAJPAYEE MARG, SECTOR 10,CHIKHALI , PRADHIKARAN, PCMC
Website : https://www.dispune.edu.in/"
1102,"Aff. No. :1131358
Sch. Code:31347","State : MAHARASHTRA
District : PUNE",Secondary Level,"Name : KANTILAL SHAH VIDYAALAYA
Head/Principal Name: ANNANYA ANAND KULKARNI","Address : CHAKAN ROAD , TALEGAON DABHADE , TAL MAVAL DIST PUNE
Website : https://kantilalshahvidyalaya.in/"
1103,"Aff. No. :1131363
Sch. Code:31352","State : MAHARASHTRA
District : PUNE",Senior Secondary Level,"Name : INTELLIGENT CADET INTERNATIONAL SCHOOL
Head/Principal Name: SHIBI RAJU PULINTHAZHA","Address : PLOT NO.1, SECTOR NO.3, , PCNTDA, INDRAYANI NAGAR,, BHOSARI PUNE
Website : https://icischool.edu.in/home"
1104,"Aff. No. :1131367
Sch. Code:31356","State : MAHARASHTRA
District : PUNE",Senior Secondary Level,"Name : HELIOS INTERNATIONAL SCHOOL
Head/Principal Name: DIVYA PURI","Address : S.NO.7/1B/ 27B, SUN CITY ROAD, , ANAND NAGAR , WADGAON BK, TAL..HAVELI DIST.PUNE
Website : https://www.heliosedu.in"
1105,"Aff. No. :1131368
Sch. Code:31357","State : MAHARASHTRA
District : PUNE",Senior Secondary Level,"Name : DHRUV GLOBAL SCHOOL
Head/Principal Name: Sharada Rao","Address : SURVEY NO. 26/2, UNDRI, TAL. HAVELI, DIST. PUNE
Website : https://dhruv.edu.in/Undri/"
1106,"Aff. No. :1131323
Sch. Code:31310","State : MAHARASHTRA
District : PUNE",Senior Secondary Level,"Name : EUROSCHOOL
Head/Principal Name: Gursimran Kaur","Address : SURVEY NO. 81 (PART), WAKAD MARUNJI ROAD, BHUMKAR NAGAR, CHOWK, PIMPRI
Website : www.euroschoolindia.com/best-schools-in-pune/cbse-wakad/"
1107,"Aff. No. :1131336
Sch. Code:31323","State : MAHARASHTRA
District : PUNE",Senior Secondary Level,"Name : VISION INTERNATIONAL SCHOOL
Head/Principal Name: PASQUEEN SANTAN KASI","Address : S.NO.1155, 26/5 A, GUJAR MALA, SHIRUR
Website : http://visionshirur.com/"
1108,"Aff. No. :1131337
Sch. Code:31324","State : MAHARASHTRA
District : PUNE",Secondary Level,"Name : CITY PRIDE SCHOOL RAVET
Head/Principal Name: SUMEDHA KIRAN PHADKE","Address : SR.NO 77/7, 77/8, SANTOSH BHONDAVE NAGAR, NEAR CELESTIAL CITY PHASE 1, BEHIND CHANDRABHAGA CORNER
Website : http://www.cityprideschoolravet.org"
1109,"Aff. No. :1131331
Sch. Code:31318","State : MAHARASHTRA
District : PUNE",Secondary Level,"Name : INNOVATIVE INTERNATIONAL SCHOOL
Head/Principal Name: RESHMA CHAVAN","Address : MOHAMMADWADI ROAD, HADAPSAR, PUNE
Website : https://www.iishadapsar.co.in"
1110,"Aff. No. :1131332
Sch. Code:31319","State : MAHARASHTRA
District : PUNE",Secondary Level,"Name : INNOVATIVE WORLD SCHOOL
Head/Principal Name: MAYUR GAJANAN DESHPANDE","Address : CHIKHALI, PUNE
Website : http://innovativeworldschool.in"
1111,"Aff. No. :1131333
Sch. Code:31320","State : MAHARASHTRA
District : PUNE",Secondary Level,"Name : RYAN INTERNATIONAL ACADEMY
Head/Principal Name: Ruchi Masih","Address : SURVEY NO 51 & 52/1,, ADITYA SHAGUN NISARG, BAVDHAN BK, MUMBAI BANGALORE BY PASS HIGHWAY
Website : https://www.ryangroup.org/ryaninternationalacademy"
1112,"Aff. No. :1131311
Sch. Code:31298","State : MAHARASHTRA
District : PUNE",Secondary Level,"Name : GURUKUL ENGLISH MEDIUM SCHOOL
Head/Principal Name: Vikas Shivaji Shelke","Address : TAL.SHIRUR, DIST.PUNE
Website : https://gurukulpune.in/"
1113,"Aff. No. :1131305
Sch. Code:31292","State : MAHARASHTRA
District : PUNE",Senior Secondary Level,"Name : RISING STAR ENGLISH MEDIUM SCHOOL
Head/Principal Name: RAJNEE SUTHAR","Address : TAL. HAVELI,, DIST. PUNE-412207
Website : www.risingstarworld.com"
1114,"Aff. No. :1131303
Sch. Code:31290","State : MAHARASHTRA
District : PUNE",Secondary Level,"Name : JAGADGURU INTERNATIONAL SCHOOL
Head/Principal Name: Vikas Chaudhari","Address : TAL.HAVELI, DIST.PUNE
Website : https://www.jispune.com"
1115,"Aff. No. :1131199
Sch. Code:31186","State : MAHARASHTRA
District : PUNE",Secondary Level,"Name : ANGELS PUBLIC SCHOOL
Head/Principal Name: SHUBHANGI MACHHINDRA TARAS","Address : TAL HAVELI , DIST PUNE
Website : www.apsjc.co.in"
1116,"Aff. No. :1131202
Sch. Code:31189","State : MAHARASHTRA
District : PUNE",Senior Secondary Level,"Name : VIBGYOR RISE SCHOOL
Head/Principal Name: Meenakshi Atul Mestry","Address : HISSA NO 1-5 CITY SURVEY 594,595,597, PIMPLE SAUDAGAR
Website : www.vibgyorrise.com/pimple-saudagar-pune.php"
1117,"Aff. No. :1131203
Sch. Code:31190","State : MAHARASHTRA
District : PUNE",Senior Secondary Level,"Name : VIBGYOR RISE
Head/Principal Name: Ravindra Jadhav","Address : OPP.SHIVSHANKAR MANGAL KARYALAY, BHEKRAI NAGAR, FURSUNGI,
Website : www.vibgyorrise.com"
1118,"Aff. No. :1131217
Sch. Code:31204","State : MAHARASHTRA
District : PUNE",Secondary Level,"Name : PODAR INTERNATIONAL SCHOOL
Head/Principal Name: Archana P Karande","Address : TAL-KHED, DIST-PUNE
Website : http://www.podareducation.org/school/saracity"
1119,"Aff. No. :1131218
Sch. Code:31205","State : MAHARASHTRA
District : PUNE",Secondary Level,"Name : MOTILAL TALERA ENG. MEDIUM PRIMARY & SEC. SCHOOL
Head/Principal Name: Seema Shadbar","Address : SANT NAGAR, OPPOSITE TRAFFIC PARK , MOSHI PRADHIKARAN, PUNE-412105
Website : www.cesmotilaltaleraschool.com"
1120,"Aff. No. :1131219
Sch. Code:31206","State : MAHARASHTRA
District : PUNE",Secondary Level,"Name : DR.CYRUS S.POONAWALLA ENG. MED. HIGH SCH & JR. COL
Head/Principal Name: KAJAL SOMAI","Address : OPPOSITE TARACHAND HOSPITAL, PUNE (MAHARASHTRA) PIN - 411011
Website : https://www.cpesr.org"
1121,"Aff. No. :1131220
Sch. Code:31207","State : MAHARASHTRA
District : PUNE",Secondary Level,"Name : VISTARA WORLD SCHOOL
Head/Principal Name: Swaleha Sayed","Address : FURSUNGI ROAD, FURSUNGI, HADAPSAR
Website : www.vistaraworldschool.org"
1122,"Aff. No. :1131221
Sch. Code:31208","State : MAHARASHTRA
District : PUNE",Secondary Level,"Name : ORCHIDS THE INTERNATIONAL SCHOOL
Head/Principal Name: Ashwini Mannari","Address : TAL. MULSHI, DIST.PUNE
Website : https://www.orchidsinternationalschool.com/pune-branches/hin"
1123,"Aff. No. :1131222
Sch. Code:31209","State : MAHARASHTRA
District : PUNE",Secondary Level,"Name : DHANIRAJ ENGLISH MEDIUM SCHOOL
Head/Principal Name: MANJULATA VERMA","Address : TAL. MULSHI, PUNE
Website : https://dhaniraj.com/"
1124,"Aff. No. :1131214
Sch. Code:31201","State : MAHARASHTRA
District : PUNE",Senior Secondary Level,"Name : VIBGYOR RISE
Head/Principal Name: Rashmi Vasudevan","Address : OPPOSITE HOTEL HILTON DOUBLE TREE, , VILLAGE AKURDI TALUKA HAVELI, PUNE
Website : https://www.vibgyorrise.com/school/Pune/cbse/chinchwad"
1125,"Aff. No. :1131215
Sch. Code:31202","State : MAHARASHTRA
District : PUNE",Secondary Level,"Name : SAMEER WORLD SCHOOL
Head/Principal Name: VAISHALI KISAN MOHITE","Address : NIRA ROAD, NEAR TOLL NAKA, BARAMATI. , TALUKA- BARAMATI DIST.-PUNE
Website : www.sameerworldschool.in"
1126,"Aff. No. :1131186
Sch. Code:31173","State : MAHARASHTRA
District : PUNE",Secondary Level,"Name : PODAR INTERNATIONAL SCHOOL
Head/Principal Name: SWATI AVINASH KANASE","Address : TAL.DAUND, , DIST.PUNE.
Website : https://www.podareducation.org/school/daund"
1127,"Aff. No. :1131189
Sch. Code:31176","State : MAHARASHTRA
District : PUNE",Secondary Level,"Name : CITY PRIDE SCHOOL
Head/Principal Name: Suja Rajesh","Address : GAT NO 112 & 113, DEHU ALANDI ROAD
Website : www.cityprideschoolmoshi.org"
1128,"Aff. No. :1131137
Sch. Code:31125","State : MAHARASHTRA
District : PUNE",Senior Secondary Level,"Name : SHRI VASANTRAO DAVKHARE MEMORIAL SCHOOL
Head/Principal Name: SUHAS NAMDEV JADHAV","Address : S. NO. 60, PLOT NO.6, VILLAGE PIMPALE JAGTAP, CHAKAN-SHIKRAPUR ROAD, TALUKA - SHIRUR, DISTRICT - PUNE
Website : www.svdmemorialschool.org"
1129,"Aff. No. :1131172
Sch. Code:31151","State : MAHARASHTRA
District : PUNE",Secondary Level,"Name : NEURON LABS SCHOOL
Head/Principal Name: Chitra Kumar","Address : DHANORI- LOHEGAON, PUNE MAHARASHTRA 411015
Website : www.neuronlabsschool.org"
1130,"Aff. No. :1131170
Sch. Code:31156","State : MAHARASHTRA
District : PUNE",Secondary Level,"Name : OXFORD WORLD SCHOOL
Head/Principal Name: KAVITA K ROY","Address : TAL.HAVELI , DIST. PUNE
Website : http://www.oxfordworldschool.com"
1131,"Aff. No. :1131167
Sch. Code:31153","State : MAHARASHTRA
District : PUNE",Senior Secondary Level,"Name : DHOLE PATIL SCHOOL FOR EXCELLENCE
Head/Principal Name: Dr Anuradha S Iyer","Address : WAGHOLI, PUNE
Website : https://www.dholepatilschool.com"
1132,"Aff. No. :1131089
Sch. Code:31070","State : MAHARASHTRA
District : PUNE",Senior Secondary Level,"Name : GARGI TITHI INTERNATIONAL SCHOOL
Head/Principal Name: Smt Meena Gaikwad","Address : GAT NO. 32,34 KETKAVANE TALUKA: VELHE DIST.:PUNE MAHARASHTRA (INDIA)
Website : www.gtis.education"
1133,"Aff. No. :1131078
Sch. Code:31058","State : MAHARASHTRA
District : PUNE",Senior Secondary Level,"Name : VIBGYOR HIGH SCHOOL
Head/Principal Name: NIRMALA TOMAR","Address : BHUMKAR DAS GUGRE ROAD NEW MIDC ROAD, NEAR HDFC BANK HINJEWADI, PHASE 1, PUNE, MAHARASHTRA 411057
Website : https://www.vibgyorhigh.com/school/pune/cbse/hinjewadi"
1134,"Aff. No. :1131080
Sch. Code:31060","State : MAHARASHTRA
District : PUNE",Secondary Level,"Name : WALNUT SCHOOL
Head/Principal Name: Prachiti Tajne","Address : PURVA CAMPUS NEXT TO FURSUNGI BUS STOP, FURSUNGI PUNE – 412308
Website : https://walnut.school"
1135,"Aff. No. :1131082
Sch. Code:31062","State : MAHARASHTRA
District : PUNE",Secondary Level,"Name : MODAK INTERNATIONAL SCHOOL
Head/Principal Name: Dr. Aarti Jadhav","Address : GAT NO. 1988, LONI KALBHOR, B-VADKI, TAL- HAVELI, DIST-PUNE-412201
Website : www.modakschool.com"
1136,"Aff. No. :1131083
Sch. Code:31063","State : MAHARASHTRA
District : PUNE",Secondary Level,"Name : S.B PATIL INTERNATIONAL SCHOOL
Head/Principal Name: Ganesh Dange","Address : VANGALI TAL. INDAPUR DIST.PUNE
Website : http://sbpatilschool.in"
1137,"Aff. No. :1131084
Sch. Code:31064","State : MAHARASHTRA
District : PUNE",Secondary Level,"Name : RKL GALAXY INTERNATIONAL SCHOOL
Head/Principal Name: MITAL MILIND SHAH","Address : BUILDING ON S NO 149 5 AT WADMUKHWADI TAL HAVELI DIST PUNE 412105
Website : https://www.rklintschool.org"
1138,"Aff. No. :1131070
Sch. Code:31048","State : MAHARASHTRA
District : PUNE",Secondary Level,"Name : PODAR INTERNATIONAL SCHOOL
Head/Principal Name: Agnel Carvalho","Address : SURVEY NO. 55/1, VILLAGE TATHAWADE, NEAR AKSHAR ELEMENTA SOCIETY, BHUMKAR CHOWK ROAD TATHAWADE, WAKAD, PUNE, MAHARASHTRA 411033
Website : www.podareducation.org/school/wakad"
1139,"Aff. No. :1131073
Sch. Code:31052","State : MAHARASHTRA
District : PUNE",Senior Secondary Level,"Name : GLADIOLUS ENGLISH MEDIUM SCHOOL
Head/Principal Name: Anamika Sinha","Address : GAT NO 599 1 EKTA NAGAR CHAKAN TAL KHED DIST PUNE 410501
Website : http://www.rssp.org.in/index.html"
1140,"Aff. No. :1131063
Sch. Code:31040","State : MAHARASHTRA
District : PUNE",Senior Secondary Level,"Name : INDRAYANI INTERNATIONAL SCHOOL
Head/Principal Name: NIKITA NILESH DAMLE","Address : SURVEY NO. 4, MUMBAI - BANGALORE HIGHWAY, AMBEGAON BUDRUK
Website : https://www.indrayanischool.edu.in/"
1141,"Aff. No. :1131060
Sch. Code:31037","State : MAHARASHTRA
District : PUNE",Secondary Level,"Name : FLORA VALLEY SCHOOL AND JUNIOR COLLEGE
Head/Principal Name: PRADEEP KUMAR SAMAL","Address : 49/1, KHOPI, NEAR KHED-SHIVAPUR TOLL PLAZA, OFF N. H. 4, PUNE 412205
Website : http://www.flora.ac.in"
1142,"Aff. No. :1131061
Sch. Code:31038","State : MAHARASHTRA
District : PUNE",Senior Secondary Level,"Name : S.N.B.P. INTERNATIONAL SCHOOL
Head/Principal Name: Shweta Vakil","Address : GATE NO. 687, LANE E-B , IVY ESTATE WAGHOLI
Website : www.snbpinstitutes.com"
1143,"Aff. No. :1131122
Sch. Code:31109","State : MAHARASHTRA
District : PUNE",Secondary Level,"Name : GALAXY SCHOOL
Head/Principal Name: Manisha Sachin Chaudhary","Address : S.NO.78, GAJANAN MAHARAJ NAGAR, NR.MAGZINE CHOUK, BHOSARI-ALANDI ROAD, DIGHI
Website : http://www.galaxyschooldighi.com"
1144,"Aff. No. :1131128
Sch. Code:31115","State : MAHARASHTRA
District : PUNE",Senior Secondary Level,"Name : PUNE INTERNATIONAL SCHOOL & JR.COLLEGE
Head/Principal Name: SMITA S LONDHE","Address : PUNE INTERNATIONAL SCHOOL & JR.COLLEGE, SR NO-33/2, LANE NO-14, VIDYANAGAR, PUNE-32
Website : www.puneinternationalschool.in"
1145,"Aff. No. :1131129
Sch. Code:30995","State : MAHARASHTRA
District : PUNE",Senior Secondary Level,"Name : MASTER MIND GLOBAL ENGLISH SCHOOL
Head/Principal Name: PRADEEPA NAIR","Address : SURVERY NO-203,ALANDI ROAD,BHOSARI
Website : www.mastermindglobalschool.com"
1146,"Aff. No. :1131132
Sch. Code:31120","State : MAHARASHTRA
District : PUNE",Secondary Level,"Name : RADCLIFFE SCHOOL
Head/Principal Name: Dr. Priyadarshini Deoghare","Address : SR. NO. 38/2 CHARHOLI PHATA, NEAR RIDDHI SIDDHI TOWERS, ALANDI ROAD, BIKANER SWEET, PUNE 412105
Website : www.radcliffedighi.in"
1147,"Aff. No. :1131103
Sch. Code:31088","State : MAHARASHTRA
District : PUNE",Secondary Level,"Name : LATE SHRI P.B. JOG ENGLISH MEDIUM PRIMARY SCHOOL
Head/Principal Name: AMRUT PATIL","Address : MAYUR COLONY, KOTHRUD
Website : www.jogedu.in/cbse"
1148,"Aff. No. :1131094
Sch. Code:31080","State : MAHARASHTRA
District : PUNE",Senior Secondary Level,"Name : CLARA GLOBAL SCHOOL
Head/Principal Name: Anita Kaul","Address : SR.NO 50, NEXT TO YELLOW BLOSSOM SOCIETY,B T KAWADE ROAD,PUNE-411036
Website : www.claraschool.com"
1149,"Aff. No. :1131099
Sch. Code:31087","State : MAHARASHTRA
District : PUNE",Secondary Level,"Name : ABHISHEK INTERNATIONAL SCHOOL
Head/Principal Name: Sudha Narsimha Bhat","Address : PLOT NO.2 SECTOR NO.6, MOSHI PRADHIKARAN, MOSHI TAL.HAVELI DIST.PUNE
Website : http://abhishekinternationalschool.com"
1150,"Aff. No. :1131111
Sch. Code:31096","State : MAHARASHTRA
District : PUNE",Senior Secondary Level,"Name : SAMARTH GURUKUL
Head/Principal Name: SATISH NARAYAN KURHE","Address : AT: BANGARWADI POST: BELHE, TAL:JUNNAR, DIST: PUNE
Website : www.gurukul.sreir.org"
1151,"Aff. No. :1131381
Sch. Code:31370","State : MAHARASHTRA
District : PUNE",Secondary Level,"Name : TILAK MAHARASHTRA VIDYALAYA
Head/Principal Name: Shraddha Sharad Yerolkar","Address : MUKUND NAGAR, GULTEKDI, PUNE 411037
Website : http://www.tmvidyalaya.edu.in"
1152,"Aff. No. :1131377
Sch. Code:31366","State : MAHARASHTRA
District : PUNE",Senior Secondary Level,"Name : MOUNT LITERA ZEE SCHOOL
Head/Principal Name: IMRAN D NAYKUDE","Address : SURVEY NUMBER 866/1/2/3 WAGHOLI , (AVHALWADI) KESHANAND ROAD , TALUKA - HAVELI DISTRICT - PUNE
Website : https://mountliterazeepune.com"
1153,"Aff. No. :1131373
Sch. Code:31362","State : MAHARASHTRA
District : PUNE",Secondary Level,"Name : SHREE SIDDHIVINAYAK PUBLIC SCHOOL
Head/Principal Name: NEETA BABURAO SHILVANT","Address : SAYKARMALA, MALTHAN PHATA, SHIKRAPUR, TAL.SHIRUR DIST.PUNE
Website : https://www.shreesiddhivinayakpublicschool.com/"
1154,"Aff. No. :1131374
Sch. Code:31363","State : MAHARASHTRA
District : PUNE",Secondary Level,"Name : EVOLVE HIGH SCHOOL
Head/Principal Name: Rachana Xavier","Address : PLOT NO 572 A, PARVATI SINGHAD RD, OPP PARVATI WATER PUMPING STATION
Website : www.evolvehighschool.com"
1155,"Aff. No. :1131386
Sch. Code:31375","State : MAHARASHTRA
District : PUNE",Senior Secondary Level,"Name : VIDYA PRATISHTHAN'S ANANTRAO PAWAR ENGLISH MEDIUM SCHOOL
Head/Principal Name: Sarita Pandurang Shinde","Address : A/P- CHINCHOLI, TAL- DAUND, DIST-PUNE, A/P- CHINCHOLI, TAL- DAUND, DIST-PUNE, A/P- CHINCHOLI, TAL- DAUND, DIST-PUNE
Website : https://www.vpapemschincholi.org"
1156,"Aff. No. :1131388
Sch. Code:31377","State : MAHARASHTRA
District : PUNE",Secondary Level,"Name : PODAR INTERNATIONAL SCHOOL
Head/Principal Name: Vishal Bhagavan Jadhav","Address : S.NO.86,ROHKAL,, NEAR BALAJI FACTORY,ROHKAL VILLAGE ROAD,, CHAKAN,TAL.KHED.
Website : www.podareducation.org/school/chakan-rohkal"
1157,"Aff. No. :1131384
Sch. Code:31373","State : MAHARASHTRA
District : PUNE",Secondary Level,"Name : BLOOMFIELD HOUSE OF KNOWLEDGE
Head/Principal Name: SHRILAXMI SHRIDHAR DESHPANDE","Address : RAJ VIHAR SOCIETY, SR. NO - 50/2/1, , JAGADAMBA BHAWAN ROAD, OPPOSITE SUNSHINE HILLS, UNDRI
Website : www.bloomfieldschool.co.in"
1158,"Aff. No. :1131408
Sch. Code:31397","State : MAHARASHTRA
District : PUNE",Secondary Level,"Name : LITTLE FLOWERS ENGLISH MEDIUM SCHOOL
Head/Principal Name: SUSHMA SAMPAT BORAWAKE","Address : SR.NO. 178/35 BHOSALE VILLAGE , BHEKRAINAGAR, PHURSUNGI, TAL.HAVELI DIST.PUNE
Website : https://www.littleflowersbhosalevillage.com/"
1159,"Aff. No. :1131402
Sch. Code:31391","State : MAHARASHTRA
District : PUNE",Secondary Level,"Name : THE BRILLIANT SCHOOL
Head/Principal Name: ASHWINI MANOJ SHINDE","Address : TUKARAM TUPE NAGAR, MANJARI ROAD, MANJARI BK, TALUKA HAVELI
Website : https://tltupe-thebrilliantschool.in/"
1160,"Aff. No. :1131434
Sch. Code:31423","State : MAHARASHTRA
District : PUNE",Secondary Level,"Name : DR KALMADI SHAMARAO HIGH SCHOOL
Head/Principal Name: Madhuri Abhijit Chittewan","Address : PRATHAMESH PARK, NEAR JUPITER HOSPITAL, PARK MARINA ROAD, BANER, PUNE
Website : www.kaveri.edu.in"
1161,"Aff. No. :1131431
Sch. Code:31420","State : MAHARASHTRA
District : PUNE",Secondary Level,"Name : SUCCESS ENGLISH MEDIUM SCHOOL
Head/Principal Name: Neelam Dehulia","Address : HADAPSAR , TAL HAVELI , DIST PUNE
Website : https://successscbseschool.com/"
1162,"Aff. No. :1131432
Sch. Code:31421","State : MAHARASHTRA
District : PUNE",Secondary Level,"Name : BRILLIANT INTERNATIONAL SCHOOL
Head/Principal Name: Shashikant Rangnath Pradhan","Address : PROPERTY NO. 1019, LOHEGAON, PUNE
Website : https://www.brilliantinternationalschool.org/"
1163,"Aff. No. :1131428
Sch. Code:31417","State : MAHARASHTRA
District : PUNE",Secondary Level,"Name : HOLY ANGELS CONVENT SCHOOL
Head/Principal Name: SR ALKA D SOUZA","Address : A/P MANJARI KHURD, TAL HAVELI, DIST PUNE
Website : https://www.holyangelsconventschoolpune.com"
1164,"Aff. No. :1131438
Sch. Code:31427","State : MAHARASHTRA
District : PUNE",Secondary Level,"Name : PRESIDENCY INTERNATIONAL SCHOOL
Head/Principal Name: Rajendra Hanumant Sargar","Address : AT/PO- LAKHEWADI TAL- INDAPUR DIST- PUNE, AT/PO- LAKHEWADI TAL- INDAPUR DIST- PUNE, AT/PO- LAKHEWADI TAL- INDAPUR DIST- PUNE
Website : www.jbvpeducation.org"
1165,"Aff. No. :1131442
Sch. Code:31431","State : MAHARASHTRA
District : PUNE",Secondary Level,"Name : VEDH VALLEY WORLD SCHOOL
Head/Principal Name: CHETANA SAMIT NAIK","Address : SURVEY NO.29/1/2, MARUNJI ROAD, TAL.MULSHI, DIST.PUNE, PUNE
Website : www.vedhvalleywakad.com"
1166,"Aff. No. :1131410
Sch. Code:31399","State : MAHARASHTRA
District : PUNE",Senior Secondary Level,"Name : ADHIRA INTERNATIONALSCHOOL
Head/Principal Name: PRACHI HRUSHIKESH PANDE","Address : SURVEY NO. 37/1/1 AND SURVEY NO. 38/5/1, PUNAWALE, MULSHI, PUNE.
Website : https://www.adhirainternationalschool.co.in/"
1167,"Aff. No. :1131411
Sch. Code:31400","State : MAHARASHTRA
District : PUNE",Secondary Level,"Name : ARISE INTERNATIONAL SCHOOL
Head/Principal Name: Salome Rakesh Agarwal","Address : SECTOR NO 29, SURVEY NO 195, RAVET, TALUKA- HAVELI ,DISTRICT -PUNE
Website : https://www.ariseinternational.in/ravet/"
1168,"Aff. No. :1131412
Sch. Code:31401","State : MAHARASHTRA
District : PUNE",Senior Secondary Level,"Name : DNYANBHAKTI INTERNATIONAL SCHOOL
Head/Principal Name: Urmila Jadhav","Address : GAT NO.101, DUDULGAON, MOSHI, TAL HAVELI
Website : http://rjspmdnyanbhakti.com/"
1169,"Aff. No. :1131413
Sch. Code:31402","State : MAHARASHTRA
District : PUNE",Secondary Level,"Name : ADITYA INTERNATIONAL SCHOOL
Head/Principal Name: SHITAL PATIL","Address : MOUJE DUDULGAON, POST. ALANDI DEVACHI, TAL. HAVELI
Website : www.aditya-school.com"
1170,"Aff. No. :1131423
Sch. Code:31412","State : MAHARASHTRA
District : PUNE",Secondary Level,"Name : DR. ASMITA INTERNATIONAL ENGLISH MEDIUM SCHOOL
Head/Principal Name: YOGINI RAJESH DHARWADKAR","Address : URULIKANCHAN, TAL-HAVELI, DIST-PUNE., MAHADEV BAUG, DATAR MALA, BAIF ROAD, URULI KANCHAN
Website : www.asmitaiems.com"
1171,"Aff. No. :1131424
Sch. Code:31413","State : MAHARASHTRA
District : PUNE",Senior Secondary Level,"Name : INDO SCOTS GLOBAL SCHOOL
Head/Principal Name: Chitra Venkatesan","Address : PLOT NO. 1218, NEAR KANCHAPURAM SOCIETY, BAIF ROAD, WAGHOLI
Website : www.indoscotspune.com"
1172,"Aff. No. :1131425
Sch. Code:31414","State : MAHARASHTRA
District : PUNE",Secondary Level,"Name : SHARADABAI PAWAR ENGLISH MEDIUM SCHOOL
Head/Principal Name: Avishek Kumar singh","Address : SURVEY NO. 92/1/A/2, SHARADANAGR,, MALEGAON COLONY, TAL- BARAMATI, DIST-PUNE
Website : https://adtbaramaticbse.org"
1173,"Aff. No. :1131426
Sch. Code:31415","State : MAHARASHTRA
District : PUNE",Secondary Level,"Name : GLOBAL ACHIEVERS SCHOOL
Head/Principal Name: Madhuri Sadashiv Yesugade","Address : SURVEY NO. 272, BORAHADEWADI, MOSHI, TAL HAVELI DIST PUNE
Website : https://globalachieversschool.com"
1174,"Aff. No. :1131471
Sch. Code:31460","State : MAHARASHTRA
District : PUNE",Secondary Level,"Name : RYAN INTERNATIONAL ACADEMY
Head/Principal Name: SURINDER KAUR SAYAN","Address : S. NO. 286/4/1, , MAAN, TAL- MULSHI, DIST- PUNE
Website : https://www.ryangroup.org/ryaninternationalacademy"
1175,"Aff. No. :1131472
Sch. Code:31461","State : MAHARASHTRA
District : PUNE",Secondary Level,"Name : DNYANSAGAR ENGLISH MEDIUM SCHOOL
Head/Principal Name: DATTATRAY BHARAT SHINDE","Address : TUKAI NAGAR SAWAL, SAWAL KANHERI ROAD, SAWAL TAL BARAMATI DIST PUNE
Website : www.dnyansagargurukul.in"
1176,"Aff. No. :1131476
Sch. Code:31465","State : MAHARASHTRA
District : PUNE",Secondary Level,"Name : ST. XAVIER'S SCHOOL
Head/Principal Name: THADDEUS KOHLI","Address : SURVEY NO. 39,, GULTEKDI, SHANKAR SHETH ROAD
Website : https://stxavierspune.com/"
1177,"Aff. No. :1131456
Sch. Code:31445","State : MAHARASHTRA
District : PUNE",Senior Secondary Level,"Name : RASIKLAL M. DHARIWAL ENGLISH MEDIUM SCHOOL AND JUNIOR COLLEGE
Head/Principal Name: Dr. Sandhya Nadgouda","Address : SR.NO.66, , NEAR SHATRUNJAY MANDIR, KATRAJ KONDHWA ROAD
Website : https://rmdschoolandcollege.com/"
1178,"Aff. No. :1131457
Sch. Code:31446","State : MAHARASHTRA
District : PUNE",Secondary Level,"Name : PUSHPA INTERNATIONAL SCHOOL
Head/Principal Name: Dr. Monika Gupta","Address : S NO 661/8 , OPP MAHAVIR GARDEN , SUKHSAGARNAGAR
Website : http://www.pischool.in/"
1179,"Aff. No. :1131458
Sch. Code:31447","State : MAHARASHTRA
District : PUNE",Secondary Level,"Name : UNATTI KANYA VIDHYALAYA
Head/Principal Name: Padmadevi Yadagiri Vidap","Address : GAT NO.617/4/5/2,, URULI KANCHAN,, PUNE
Website : https://unattikanyavidhyalaya.com/"
1180,"Aff. No. :1131459
Sch. Code:31448","State : MAHARASHTRA
District : PUNE",Secondary Level,"Name : GANESH INTERNATIONAL SCHOOL
Head/Principal Name: SIONA A TRIBHUVAN","Address : DAPODI , HAVELI , PUNE
Website : https://ganeshinternationaldapodi.com/"
1181,"Aff. No. :1131447
Sch. Code:31436","State : MAHARASHTRA
District : PUNE",Secondary Level,"Name : ORCHIDS THE INTERNATIONAL SCHOOL
Head/Principal Name: USHA SREENIVAS MURTHY GUNDLAPUDI","Address : SURVEY NO 9/1,TATHAWADE,TAL-MULSHI, TAL-MULSHI, DISTRICT-PUNE
Website : https://orchidsinternationalschooltathawade.com/"
1182,"Aff. No. :1131448
Sch. Code:31437","State : MAHARASHTRA
District : PUNE",Secondary Level,"Name : ORCHIDS THE INTERNATIONAL SCHOOL
Head/Principal Name: Varsha Mishra","Address : SURVEY NO.91/2,MANJARI BK., TAL-HAVELI, DISTRICT-PUNE
Website : https://orchidsinternationalschoolmanjiri.com/"
1183,"Aff. No. :1131452
Sch. Code:31441","State : MAHARASHTRA
District : PUNE",Secondary Level,"Name : PGKM SCHOOL
Head/Principal Name: Prajakta Bhide","Address : NEW S.NO. 63, HISSA NO. 2 , PLOT NO. 1, KONDHWA BK TAL HAVELI
Website : www.pgkmschool.org"
1184,"Aff. No. :1131462
Sch. Code:31451","State : MAHARASHTRA
District : PUNE",Secondary Level,"Name : PUNE CAMBRIDGE PUBLIC SCHOOL AND JUNIOR COLLEGE
Head/Principal Name: CYRIL AUGUSTINE PANDIT","Address : S.NO 28/6, 28/1/3, 28/1/4, 28/1/5, 28/4 , NEAR JIJAMATA CHOWK, AMBEGAON BK PUNE 411046
Website : www.punecambridge.org"
1185,"Aff. No. :1131513
Sch. Code:31510","State : MAHARASHTRA
District : PUNE",Secondary Level,"Name : BBS INTERNATIONAL SCHOOL AND JUNIOR COLLEGE
Head/Principal Name: Varsha Narayan Patil","Address : GAT NO 1078, WAGHOLI, TAL.HAVELI DIST. PUNE
Website : https://bbsinternationalschool.org/"
1186,"Aff. No. :1131515
Sch. Code:31512","State : MAHARASHTRA
District : PUNE",Secondary Level,"Name : SANKALP VALLEY SCHOOL
Head/Principal Name: Mikita Vivek Kale","Address : GAT NO 306/A, LAVASA ROAD, URAWADE, TAL-MULSHI, DIST-PUNE
Website : www.sankalpvalleyschool.com"
1187,"Aff. No. :1131516
Sch. Code:31513","State : MAHARASHTRA
District : PUNE",Secondary Level,"Name : VIBGYOR RISE SCHOOL
Head/Principal Name: VINEETA SATI","Address : GAT NO 625(P) WAGHOLI KESNAND, WADGOAN ROAD NEAR VTP PURVANCHAL, HAVELI PUNE
Website : www.vibgyorrise.com/school/pune/cbse/wagholi"
1188,"Aff. No. :1131517
Sch. Code:31514","State : MAHARASHTRA
District : PUNE",Secondary Level,"Name : PODAR INTERNATIONAL SCHOOL
Head/Principal Name: Arvind Kumar Singh","Address : SR NO 50/10/11/2/2, GANESH COLONY , KALEPADAL BEHIND MAYUR GEMINUS , HADAPSAR, PUNE
Website : https://www.podareducation.org/school/hadapsar"
1189,"Aff. No. :1131501
Sch. Code:31490","State : MAHARASHTRA
District : PUNE",Senior Secondary Level,"Name : DNYANGANGA INTERNATIONAL SCHOOL
Head/Principal Name: GAURAV VITTHAL KHUTAL","Address : TARDOBACHI WADI, GAT NO. 779, SHIRUR
Website : www.dnyangangainternationalschool.com"
1190,"Aff. No. :1131504
Sch. Code:31493","State : MAHARASHTRA
District : PUNE",Secondary Level,"Name : PODAR INTERNATIONAL SCHOOL
Head/Principal Name: MINAL NINAD VAIDYA","Address : SR. NO.91/4, BEHIND KUMAR MEADOWS,, MANJRI FARM, SOLAPUR ROAD PUNE MANJRI BK, TAL. HAVELI PUNE.
Website : https://www.podareducation.org/school/manjri"
1191,"Aff. No. :1131507
Sch. Code:31496","State : MAHARASHTRA
District : PUNE",Secondary Level,"Name : BLOOMINGDALE INTERNATIONAL SCHOOL
Head/Principal Name: HITESH NATWARLAL SHARMA","Address : AT POST BHORWADI , (YEDGAON), TAL- JUNNAR, DIST- PUNE, PIN. 410504
Website : www.bisjunnar.com"
1192,"Aff. No. :1131508
Sch. Code:31497","State : MAHARASHTRA
District : PUNE",Secondary Level,"Name : EUREKA INTERNATIONAL SCHOOL
Head/Principal Name: SHEETAL SHAILESH GHADGE","Address : EUREKA INTERNATIONAL SCHOOL, SINHAGAD ROAD DHAYARI, TAL HAVELI
Website : https://eurekainternationalschool.in"
1193,"Aff. No. :1131492
Sch. Code:31481","State : MAHARASHTRA
District : PUNE",Secondary Level,"Name : JAYWANT PUBLIC SCHOOL
Head/Principal Name: JUNE RYAN FERNANDES","Address : GUT NO. 266, SANASWADI, TAL.SHIRUR, DIST.PUNE
Website : http://jaywantpublicschool.com/"
1194,"Aff. No. :1131495
Sch. Code:31484","State : MAHARASHTRA
District : PUNE",Secondary Level,"Name : SADHU VASWANI GURUKUL
Head/Principal Name: Ruby Karna","Address : GAT NO. 191,193, OPP INDIA OIL PETROL , MANJARI KHURD,, HAVELI PUNE
Website : www.sadhuvaswanigurukul.in"
1195,"Aff. No. :1131469
Sch. Code:31458","State : MAHARASHTRA
District : PUNE",Secondary Level,"Name : G.G. INTERNATIONAL SCHOOL
Head/Principal Name: Sukhvinder Kaur","Address : SURVEY NO 305, 306, 339, BAVDHAN BK, TAL.MULASHI DIST.PUNE
Website : https://myggis.org/ggisbavdhan/"
1196,"Aff. No. :1131489
Sch. Code:31478","State : MAHARASHTRA
District : PUNE",Senior Secondary Level,"Name : G H RAISONI PUBLIC SCHOOL
Head/Principal Name: DIVENAA SHARDUL","Address : GAT NO. 1200, DOMKHEL ROAD, WAGHOLI PUNE
Website : https://ghrpspune.raisoni.net"
1197,"Aff. No. :1131553
Sch. Code:31550","State : MAHARASHTRA
District : PUNE",Secondary Level,"Name : DELHI PUBLIC SCHOOL HINJAWADI
Head/Principal Name: Jaya Parekh","Address : SURVEY NO 24, NANDE - BALEWADI ROAD, PUNE
Website : https://dpshinjawadi.com/"
1198,"Aff. No. :1131551
Sch. Code:31548","State : MAHARASHTRA
District : PUNE",Secondary Level,"Name : ELPRO INTERNATIONAL SCHOOL
Head/Principal Name: Pallavi Mukherjee","Address : SURVEY NO. 221/A-7, AMENITY SPACE -2, HINJEWADI PHASE 1 BEHIND WIPRO COMPANY , HINJEWADI
Website : https://elproschools.edu.in/eis-hinjewadi"
1199,"Aff. No. :1131539
Sch. Code:31536","State : MAHARASHTRA
District : PUNE",Secondary Level,"Name : KARBHARI ANNA CHARITABLE FOUNDATION PRIMARY SCHOOL
Head/Principal Name: JAYA MADHUSUDAN SHARMA","Address : KASABA , TAL - BARAMATI , DIST - PUNE
Website : Http://kacfschool.com"
1200,"Aff. No. :1131540
Sch. Code:31537","State : MAHARASHTRA
District : PUNE",Secondary Level,"Name : GURUKUL INTERNATIONAL ENGLISH MEDIUM SCHOOL
Head/Principal Name: RESHMA VASANT PAGARE","Address : VILLAGE ADHALE BK, TALUKA MAVAL, DISTRICT PUNE
Website : https://gissapune.com/"
1201,"Aff. No. :1131541
Sch. Code:31538","State : MAHARASHTRA
District : PUNE",Secondary Level,"Name : PARADISE INTERNATIONAL SCHOOL
Head/Principal Name: PRADNYA BHIVAJI RAKSHE","Address : (CHOWISAWADI) ,KALEWADI, CHARHOLI BK., TAL. HAVELI, DIST. PUNE
Website : https://paradiseschool.co.in/"
1202,"Aff. No. :1131543
Sch. Code:31540","State : MAHARASHTRA
District : PUNE",Secondary Level,"Name : ERA INTERNATIONAL SCHOOL
Head/Principal Name: Vrushali Ranjit Jagtap","Address : GUNWADI ROAD , BARAMATI, BARAMATI
Website : www.erainternationalschool.org"
1203,"Aff. No. :1131521
Sch. Code:31518","State : MAHARASHTRA
District : PUNE",Senior Secondary Level,"Name : APEX INTERNATIONAL SCHOOL
Head/Principal Name: Manasi Paramdeep Singh Gill","Address : 501/3, CHARHOLI BK, TAL.HAVELI, DIST. PUNE
Website : https://www.theapexschool.in/"
1204,"Aff. No. :1131527
Sch. Code:31524","State : MAHARASHTRA
District : PUNE",Secondary Level,"Name : VIBGYOR HIGH SCHOOL
Head/Principal Name: CHAITALI ABHIJEET PISE","Address : SURVEY NO 130, MAGARPATTA CITY, HADAPSAR
Website : www.vibgyorhigh.com/school/pune/cbse/magarpatta"
1205,"Aff. No. :1131532
Sch. Code:31529","State : MAHARASHTRA
District : PUNE",Secondary Level,"Name : ST. JOSEPH INTERNATIONAL SCHOOL,
Head/Principal Name: Nancy Pais","Address : GADEKAR PARK, RAMLING ROAD, , TAL. SHIRUR. DIST. PUNE., MAHARASHTRA STATE
Website : https://www.stjosephinternationalschool.com"
1206,"Aff. No. :1131533
Sch. Code:31530","State : MAHARASHTRA
District : PUNE",Secondary Level,"Name : D Y PATIL WORLD SCHOOL
Head/Principal Name: Kshitija Dinesh Misal","Address : SURVEY NO 9/1, CTS NO 218, NIGDI, PUNE
Website : https://www.dypws.in/"
1207,"Aff. No. :1131559
Sch. Code:31556","State : MAHARASHTRA
District : PUNE",Secondary Level,"Name : NORTH STAR INTERNATIONAL ACADEMY
Head/Principal Name: JIJI JAMES","Address : JSPM COLLEGE ROAD, NEAR NYATI ELLAN PHASE 1, WAGHOLI
Website : https://nsiacademy.org/"
1208,"Aff. No. :1131555
Sch. Code:31552","State : MAHARASHTRA
District : PUNE",Secondary Level,"Name : THE KAKAS INTERNATIONAL SCHOOL
Head/Principal Name: KALPALATA JOHN DCRUZ","Address : SR NO 70/1, RAHATANI, TAPKIRNAGAR, KALEWADI, PIMPRI- PUNE
Website : https://kakainternationalschool.com/"
1209,"Aff. No. :1131556
Sch. Code:31553","State : MAHARASHTRA
District : PUNE",Senior Secondary Level,"Name : SNBP INTERNATIONAL SCHOOL
Head/Principal Name: NEENA BHALLA","Address : SR NO 76/1/B, PLOT NO 47/1, AMENITYSPACE/1, BAVDHAN, TALUKA MULSHI
Website : https://bavdhan.snbpinstitutes.com/"
1210,"Aff. No. :1131563
Sch. Code:31560","State : MAHARASHTRA
District : PUNE",Secondary Level,"Name : VIBGYOR HIGH SCHOOL
Head/Principal Name: Suvarna Kondetti","Address : AMENITY BUILDING, SURVEY NO 144 & 145, , SAMRAT ASHOK PATH, YERWADA, TAL- HAVELI, DIST- PUNE
Website : www.vibgyorhigh.com/school/pune/cbse/yerwada"
1211,"Aff. No. :1131564
Sch. Code:31561","State : MAHARASHTRA
District : PUNE",Secondary Level,"Name : VIBGYOR HIGH SCHOOL
Head/Principal Name: ARUNA JEERI","Address : OFF CORIANTHIAN CLUB ROAD, NIBM ROAD,, S.NO. 25/1/1/1, 25/5/1/4 TO 25/5/1/14,, MOHAMMEDWADI, HADAPSAR,
Website : https://www.vibgyorhigh.com/school/pune/cbse/nibm"
1212,"Aff. No. :1131570
Sch. Code:31567","State : MAHARASHTRA
District : PUNE",Secondary Level,"Name : GURUVARYA ACADEMY SCHOOL
Head/Principal Name: JYOTSNA BHUSHAN MAVLE","Address : GAT NO1187 , AT POST CHIKHALI, PIMARI CHINCHWAD
Website : https://guruvaryaaschool.in/"
1213,"Aff. No. :1131575
Sch. Code:31572","State : MAHARASHTRA
District : PUNE",Secondary Level,"Name : SARASWATI VIDYA ACADEMY
Head/Principal Name: Koppuravuri Venkata Naga Ganesh Kumar","Address : SHILATANE,, MAVAL TALUKA, PUNE DISTRICT
Website : www.saraswatividya.academy"
1214,"Aff. No. :1131576
Sch. Code:31573","State : MAHARASHTRA
District : PUNE",Secondary Level,"Name : WALNUT SCHOOL
Head/Principal Name: Avantee Siddharth Joshi","Address : SHRI CHATRAPATI SHIVAJI MAHARAJ ROAD, NEXT TO PRATHAM REFLECTIONS SOCIETY,, WAKAD, PIMPRI-CHINCHWAD, PUNE
Website : http://walnut.school"
1215,"Aff. No. :1131573
Sch. Code:31570","State : MAHARASHTRA
District : PUNE",Secondary Level,"Name : BLOSSOM ENGLISH MEDIUM SCHOOL
Head/Principal Name: POOJA SARNOT","Address : SERVEY NO.71/1/B/, PLA/104, MOUJE-LINGALI, , TALUKA. DAUND, DISTRICT-PUNE
Website : www.bemsdaund.org.in"
1216,"Aff. No. :1131582
Sch. Code:31579","State : MAHARASHTRA
District : PUNE",Senior Secondary Level,"Name : NARAYANA E-TECHNO SCHOOL
Head/Principal Name: DEEPA DANGWAL","Address : GAT NO.916,917/2,919,, BAIF ROAD,, AWHALWADI WAGHOLI , TAL.HAVELI
Website : https://www.narayanaschools.in"
1217,"Aff. No. :1131587
Sch. Code:31584","State : MAHARASHTRA
District : PUNE",Senior Secondary Level,"Name : NARAYANA E-TECHNO SCHOOL
Head/Principal Name: SHARMISTHA SEN","Address : SURVEY NO 40/1/1/2/40/1/2 TO 6,, PLOT NO.52,UNDRI, TAL.HAVELI
Website : https://www.narayanaschools.in/maharashtra/pune-un"
1218,"Aff. No. :1131588
Sch. Code:31585","State : MAHARASHTRA
District : PUNE",Secondary Level,"Name : ORCHIDS THE INTERNATIONAL SCHOOL
Head/Principal Name: ANNAPURNALILLY BIPINRAJ","Address : SURVEY NO.50, HISSA NO.6/2+50/11/1/1+50/9+50/8,, NAGAR ROAD,WADGAONSHERI,TAL-HAVELI,PUNE
Website : https://orchidsinternationalschoolwadgaonsheri.com"
1219,"Aff. No. :1131589
Sch. Code:31586","State : MAHARASHTRA
District : PUNE",Senior Secondary Level,"Name : INDIAN MODEL INTERNATIONAL SCHOOL
Head/Principal Name: Sujata Girish Butte","Address : SURVEY NO 35/1/48/2/A/8(OLD SN 35/1/1/B), MAUJE BAVDHAN KHURD, TALUKA MULSHI, OPP NYATI EQUINOX, PUNE
Website : www.imispune.com"
1220,"Aff. No. :1131636
Sch. Code:31636","State : MAHARASHTRA
District : PUNE",Secondary Level,"Name : NARAYANA E-TECHNO SCHOOL
Head/Principal Name: SHALINI DUBEY","Address : SURVEY NO. 201/16B & 201/22/23B,, HADAPSAR, SADESTRA NALI, , TAL.HAVELI,
Website : https://www.narayanaschools.in/maharashtra/pune-am"
1221,"Aff. No. :1131629
Sch. Code:31628","State : MAHARASHTRA
District : PUNE",Secondary Level,"Name : ANANT NIRMAL GLOBAL HIGH SCHOOL
Head/Principal Name: Sabiha Abubaker Shaikh","Address : GAT NO. 237, DHANGAWADI, TALUKA- BHOR, DISTRICT- PUNE
Website : http://angs.in/"
1222,"Aff. No. :1131631
Sch. Code:31630","State : MAHARASHTRA
District : PUNE",Senior Secondary Level,"Name : ALL SAINT'S HIGHSCHOOL
Head/Principal Name: Jessie Jeyasingh","Address : 1, CHURCH ROAD, , MUMBAI PUNE HIGHWAY, KHADKI
Website : www.allsaintshighschool.com"
1223,"Aff. No. :1131638
Sch. Code:31638","State : MAHARASHTRA
District : PUNE",Senior Secondary Level,"Name : OXFORD INTERNATIONAL SCHOOL
Head/Principal Name: UMESH B SONAWALE","Address : KIKVI (MORWADI),, SATARA - PUNE HIGHWAY, TAL. BHOR,
Website : https://oxfordinternational.in/"
1224,"Aff. No. :1131634
Sch. Code:31634","State : MAHARASHTRA
District : PUNE",Senior Secondary Level,"Name : SERI INTERNATIONAL SCHOOL
Head/Principal Name: MARIA DESAI","Address : 93/1/3, NEAR MAYURI VAJAN KATA, HANDEWADI, UNDRI
Website : https://seriinternationalschool.com/"
1225,"Aff. No. :1131597
Sch. Code:31595","State : MAHARASHTRA
District : PUNE",Secondary Level,"Name : EMINENCE INTERNATIONAL SCHOOL
Head/Principal Name: Varsha Pravin Shelar","Address : A/P BAKORI, TAL.HAVELI , DIST.PUNE
Website : https://www.eminencesociety.in/"
1226,"Aff. No. :1131600
Sch. Code:31598","State : MAHARASHTRA
District : PUNE",Senior Secondary Level,"Name : VENKATESHWAR WORLD SCHOOL
Head/Principal Name: Dr. Kovleen Sahni","Address : GAT NO- 191/ 2 & 3 NAYGAON , TAL- MAWAL, NEAR KAMSHET DIST- PUNE
Website : www.vwspune.com"
1227,"Aff. No. :1131607
Sch. Code:31606","State : MAHARASHTRA
District : PUNE",Secondary Level,"Name : ORCHIDS THE INTERNATIONAL SCHOOL
Head/Principal Name: Prerna Shrivastava","Address : SURVEY NO. 263/1, , CTS NO. 1178, 1179, 1180, CHINCHWAD, TALUKA - HAVELI
Website : https://orchidsinternationalschoolchinchwad.com"
1228,"Aff. No. :1131616
Sch. Code:31615","State : MAHARASHTRA
District : PUNE",Secondary Level,"Name : ORCHIDS THE INTERNATIONAL SCHOOL
Head/Principal Name: Noopur Bhati","Address : SURVEY NO. 5/6/1/2A/2, SURVEY NO. 6/2/6/ AMBEGAON (BUDRUK), TALUKA HAVELI
Website : https://orchidsinternationalschoolambegaon.com"
1229,"Aff. No. :1131625
Sch. Code:31624","State : MAHARASHTRA
District : PUNE",Secondary Level,"Name : PRIYADARSHANI SCHOOL
Head/Principal Name: Capt. Christudass Pillai","Address : WAKI KHURD CHAKAN, TALUKA KHED, DISTRICT PUNE
Website : www.priyadarshanischools.org"
1230,"Aff. No. :1131628
Sch. Code:31627","State : MAHARASHTRA
District : RAIGAD",Senior Secondary Level,"Name : HAJI LIYAKAT ENGLISH HIGH SCHOOL & JUNIOR COLLEGE
Head/Principal Name: UMMEAYMAN LAHERI RAJKOTWALA","Address : KARJAT-KALYAN HIGHWAY, BORLE-NERAL, TA. KARJAT
Website : www.hajiliyakatschools.com"
1231,"Aff. No. :1131590
Sch. Code:31587","State : MAHARASHTRA
District : RAIGAD",Secondary Level,"Name : C P GOENKA INTERNATIONAL SCHOOL
Head/Principal Name: SMITA GANDHI","Address : PLOT NO 18 SECTOR 5, ULWE, NAVI MUMBAI
Website : https://tinyurl.com/442jtmb8"
1232,"Aff. No. :1131528
Sch. Code:31525","State : MAHARASHTRA
District : RAIGAD",Secondary Level,"Name : WESTERN HILLS HIGH SCHOOL
Head/Principal Name: MEENAL DESHMUKH","Address : PLOT NO. 10, SECTOR 24, KAMOTHE NAVI MUMBAI, 410209
Website : www.westernhillshighschool.in"
1233,"Aff. No. :1131488
Sch. Code:31477","State : MAHARASHTRA
District : RAIGAD",Senior Secondary Level,"Name : ST. ANDREWS INTERNATIONAL SCHOOL & JR. COLLEGE
Head/Principal Name: PRIYANKA VISHAL PANDEY","Address : GATA NO 24, AKURLI, NEW PANVEL
Website : https://www.standrewsintschool.com"
1234,"Aff. No. :1131493
Sch. Code:31482","State : MAHARASHTRA
District : RAIGAD",Senior Secondary Level,"Name : S. S. NIKAM ENGLISH SCHOOL AND JR. COLLEGE
Head/Principal Name: DR SANGITA ANUP KOKATE","Address : BHADAV ROAD , TAL MANGAON , DIST RAIGAD
Website : http://www.ssnikamenglishschoolmangaon.in/"
1235,"Aff. No. :1131497
Sch. Code:31486","State : MAHARASHTRA
District : RAIGAD",Senior Secondary Level,"Name : SNG INTERNATIONAL SCHOOL
Head/Principal Name: DEBALEENA ROY","Address : PLOT NO 01 SECTOR -21 ULWE , TALUKA PANVEL NAVI MUMBAI, DIST RAIGAD MAHARASHTRA
Website : https://sngintlulwe.com/web/"
1236,"Aff. No. :1131477
Sch. Code:31466","State : MAHARASHTRA
District : RAIGAD",Secondary Level,"Name : SAU. SHAKUNTALA RAMSHETH THAKUR SCHOOL
Head/Principal Name: Mukta Khatavkar","Address : PLOT NO. 240, 241, SECTOR-24, PUSHPAK NODE,, ULWE, TAL-PANVEL
Website : https://www.ssrtcbseulwe.com"
1237,"Aff. No. :1131483
Sch. Code:31472","State : MAHARASHTRA
District : RAIGAD",Secondary Level,"Name : RAMSHETH THAKUR PUBLIC SCHOOL, ULWE
Head/Principal Name: KIRAN KUMAR SUTHAR","Address : PLOT NO.01, PLOT NO.02, SECTOR-12, , ULWE, , TAL-PANVEL
Website : https://rtpsulwe.com"
1238,"Aff. No. :1131467
Sch. Code:31456","State : MAHARASHTRA
District : RAIGAD",Secondary Level,"Name : ST. MARY'S SCHOOL AND JUNIOR COLLEGE
Head/Principal Name: Jini Ebin Samuel","Address : SURVEY NO..55/1, 55/6/A, KHARSUNDI, TAL KHALAPUR, DIST- RAIGAD
Website : https://sites.google.com/view/smsjc/home"
1239,"Aff. No. :1131401
Sch. Code:31390","State : MAHARASHTRA
District : RAIGAD",Secondary Level,"Name : SHARWIL SCHOOL OF EXCELLENCE
Head/Principal Name: Meena Ajay Kumar","Address : GAT. NO..- 94/2, NERAL , TAL KARJAT
Website : https://sharwilschool.in/"
1240,"Aff. No. :1131395
Sch. Code:31384","State : MAHARASHTRA
District : RAIGAD",Secondary Level,"Name : P. P. GAGANGIRI MAHARAJ INTERNATIONAL SCHOOL
Head/Principal Name: Gaurav N Tiwari","Address : CBSE WING, KTSP CAMPUS, KHOPOLI, RAIGAD
Website : www.ppgmis.com"
1241,"Aff. No. :1131106
Sch. Code:31091","State : MAHARASHTRA
District : RAIGAD",Senior Secondary Level,"Name : VIBGYOR HIGH
Head/Principal Name: Rajni Bakshi","Address : PLOT.NO 35, SECTOR 15,KHARGHAR,NAVI MUMBAI.410210
Website : www.vibgyorhigh.com"
1242,"Aff. No. :1131074
Sch. Code:31054","State : MAHARASHTRA
District : RAIGAD",Senior Secondary Level,"Name : RADCLIFFE SCHOOL, ULWE
Head/Principal Name: SUNDARI PRADEEPKANT DUBE","Address : PLOT NO.2,SECTOR-20, NEAR BAMANDONGRI RAILWAY STATION, ULWE
Website : www.radcliffe.in"
1243,"Aff. No. :1131091
Sch. Code:31077","State : MAHARASHTRA
District : RAIGAD",Secondary Level,"Name : LEAD SCHOOL
Head/Principal Name: BASWARAJ RAMRAO JAGAYE","Address : SY NO 103/1/A MUGAWALI TAL MANAGAON DIST RAIGAD
Website : www.leadschoolmangaon.com"
1244,"Aff. No. :1131093
Sch. Code:31079","State : MAHARASHTRA
District : RAIGAD",Senior Secondary Level,"Name : DSP INTERNATIONAL SCHOOL, KAMOTHE
Head/Principal Name: Vimmi Kapoor","Address : PLOT NO-23, SECTOR-9, KAMOTHE. NAVI MUMBAI
Website : https://dspinternationalschool.org"
1245,"Aff. No. :1131139
Sch. Code:31127","State : MAHARASHTRA
District : RAIGAD",Senior Secondary Level,"Name : CONNAISSANCE SCHOOL
Head/Principal Name: SUPRIYA RAJENDRA VIKHANKAR","Address : AT- PEN-BORGAON ROAD, BORGAON, PEN
Website : www.connaissanceschool.in"
1246,"Aff. No. :1131206
Sch. Code:31193","State : MAHARASHTRA
District : RAIGAD",Secondary Level,"Name : INDIAN MODEL SCHOOL & JUNIOR COLLEGE
Head/Principal Name: KOLI SIDDHARAM KATTEPPA","Address : SECTOR 19, NAVI MUMBAI, ULWE
Website : http://www.imsulwenavimumbai.com"
1247,"Aff. No. :1131317
Sch. Code:31304","State : MAHARASHTRA
District : RAIGAD",Senior Secondary Level,"Name : ST. XAVIERS SCHOOL AND JUNIOR COLLEGE
Head/Principal Name: ISABELLA JOHNSON DSOUZA","Address : MAHAD VINHERE ROAD SHIRGAON, SHIRGAON
Website : https://www.stxaviersmahad.com/"
1248,"Aff. No. :1131328
Sch. Code:31315","State : MAHARASHTRA
District : RAIGAD",Secondary Level,"Name : SHREE BALAJI INTERNATIONAL SCHOOL
Head/Principal Name: Lily Roy","Address : ROADPALI ROAD, KALAMBOLI
Website : www.sbischool.org"
1249,"Aff. No. :1131352
Sch. Code:31341","State : MAHARASHTRA
District : RAIGAD",Secondary Level,"Name : TREE HOUSE HIGH SCHOOL
Head/Principal Name: ARCHANA VINAY CHAVAN","Address : PLOT NO 454, CANAL ROAD,, PEN, DIST- RAIGAD 402107
Website : www.treehousehighschoolpen.in"
1250,"Aff. No. :1131353
Sch. Code:31342","State : MAHARASHTRA
District : RAIGAD",Secondary Level,"Name : K.P.C. PUBLIC SCHOOL
Head/Principal Name: CHHAYA CHHEDA","Address : PLOT NO 10 & 11, SECTOR - 16, KHARGHAR
Website : www.kpcedu.in"
1251,"Aff. No. :1131260
Sch. Code:31247","State : MAHARASHTRA
District : RAIGAD",Senior Secondary Level,"Name : ST. VINCENT PALLOTTI SCHOOL
Head/Principal Name: Andrew Alva","Address : VISHWADEEP SOCIETY, REESWADI, MOHOPADA
Website : www.svpsrasayani.com"
1252,"Aff. No. :1131243
Sch. Code:31230","State : MAHARASHTRA
District : RAIGAD",Secondary Level,"Name : HOLY CHILD CBSE SCHOOL
Head/Principal Name: M VELLAIAMMAL","Address : TAL ALIBAG, DIST RAIGAD
Website : www.pnpholychildschool.in"
1253,"Aff. No. :1131291
Sch. Code:31278","State : MAHARASHTRA
District : RAIGAD",Secondary Level,"Name : INDO SCOTS GLOBAL SCHOOL
Head/Principal Name: MAYMOL JITESH","Address : SECTOR 17, KAMOTHE
Website : www.indoscotsglobalschool.com"
1254,"Aff. No. :1131267
Sch. Code:31254","State : MAHARASHTRA
District : RAIGAD",Senior Secondary Level,"Name : HARMONY SCHOOL
Head/Principal Name: Archana Singh","Address : SECTOR-36, KHARGHAR
Website : https://www.harmonygroups.in/cbsekharghar/"
1255,"Aff. No. :1131281
Sch. Code:31268","State : MAHARASHTRA
District : RAIGAD",Secondary Level,"Name : LOKNETE RAMSHETH THAKUR PUBLIC SCHOOL
Head/Principal Name: Avinash Shrinivasrao Kulkarni","Address : SECTOR-6A , CAMOTHE MAHARASHTRA DISTRICT RAIGAD
Website : https://www.lrtpskamothe.com/"
1256,"Aff. No. :1180029
Sch. Code:34115","State : MAHARASHTRA
District : RAIGAD",Senior Secondary Level,"Name : NAVY CHILDREN SCHOOL,
Head/Principal Name: PAYAL SWARUP","Address : NAVAL STATION KARANJA NAD- 400 704
Website : https://ncskaranja.nesnavy.in"
1257,"Aff. No. :1140026
Sch. Code:34083","State : MAHARASHTRA
District : RAIGAD",Senior Secondary Level,"Name : JAWAHAR NAVODAYA VIDYALAYA
Head/Principal Name: PRASHANTKUMAR DIGAMBERRAO RAGHAMWAR","Address : NIZAMPUR TAL MANGON DIST. RAIGAD MAHARASHTRA
Website : https://navodaya.gov.in/nvs/nvs-school/Raigad/en/h"
1258,"Aff. No. :1130653
Sch. Code:30692","State : MAHARASHTRA
District : RAIGAD",Secondary Level,"Name : MDN INTERNATIONAL SCHOOL
Head/Principal Name: YOGINI DESHMUKH","Address : WARASGAON,BHIRA ROAD,TALUKA ROHA,DIST - RAIGAD
Website : www.mdnfsroha.com"
1259,"Aff. No. :1130675
Sch. Code:30707","State : MAHARASHTRA
District : RAIGAD",Secondary Level,"Name : SHREE SWAMINARAYAN GURUKUL INTERNATIONAL SCHOOL
Head/Principal Name: HARI BABU PULIMI","Address : NH-4, KANDROLI VILLAGE, ASAREVADI ROAD, CHOWK POST, KHALAPUR TALUQA, RAIGAD DIST., PIN-410206, MAHARASHTRA
Website : https://gurukulworld.org/navi-mumbai/"
1260,"Aff. No. :1130767
Sch. Code:30696","State : MAHARASHTRA
District : RAIGAD",Senior Secondary Level,"Name : THE ELITE PUBLIC SCHOOL, TALOJA, NAVI MUMBAI
Head/Principal Name: ARTHPRIYA VINOD KAKA","Address : THE ELITE PUBLIC SCHOOL, PLOT NO-29, SECTOR - 11, TALOJA PANCHNAND
Website : www.theelitepublicschool.com"
1261,"Aff. No. :1130740
Sch. Code:30643","State : MAHARASHTRA
District : RAIGAD",Secondary Level,"Name : M E S PUBLIC SCHOOL
Head/Principal Name: MEENAKSHI SANJAY JOSHI","Address : SECTOR NO 14
Website : https://publicschoolkalamboli.mespune.in/"
1262,"Aff. No. :1130717
Sch. Code:30662","State : MAHARASHTRA
District : RAIGAD",Senior Secondary Level,"Name : DELHI PUBLIC SCHOOL PANVEL
Head/Principal Name: Sakshi Gautam Mishra","Address : PLOT NO 27, SANGURLI, TAL-PANVEL, DIST: RAIGAD
Website : www.dpspanvel.com"
1263,"Aff. No. :1130494
Sch. Code:30466","State : MAHARASHTRA
District : RAIGAD",Secondary Level,"Name : GREGORIAN PUBLIC SCHOOL
Head/Principal Name: FR. BEJOY GEORGE KOLLASSERIL","Address : KILLA, DHATAV P.O. ROHA, DIST. RAIGAD
Website : www.gregorianpublicschool.in"
1264,"Aff. No. :1130543
Sch. Code:30778","State : MAHARASHTRA
District : RAIGAD",Secondary Level,"Name : BAPUSAHEB D.D. VISPUTE PRIMARY ENGLISH SCHOOL
Head/Principal Name: Dr Aarefa S Shaikh","Address : GUT NO 104 DEVAD VICHUMBE ADJECENT MUMBAI PUNE EXPRESS HIGHWAY AT DEVAD VICHUMBE TAL PANVEL DIST RAIGAD
Website : www.bddvispute.co.in"
1265,"Aff. No. :1130538
Sch. Code:30473","State : MAHARASHTRA
District : RAIGAD",Senior Secondary Level,"Name : YAK PUBLIC SCHOOL
Head/Principal Name: Vidhya Ayyappan","Address : AT. HAL BUDRUK, POST KHALAPUR
Website : www.yakschool.com"
1266,"Aff. No. :1130585
Sch. Code:30516","State : MAHARASHTRA
District : RAIGAD",Senior Secondary Level,"Name : RADCLIFFE SCHOOL NAVI MUMBAI
Head/Principal Name: DEBLINA SAHA","Address : PLOT NO.3, SECTOR-8, KHARGHAR, NAVI MUMBAI
Website : www.radcliffe.in"
1267,"Aff. No. :1130822
Sch. Code:30787","State : MAHARASHTRA
District : RAIGAD",Senior Secondary Level,"Name : MNR INTERNATIONAL SCHOOL
Head/Principal Name: SHANTI AMAR POLAMREDDY","Address : VILLAGE PALASPE, MUMBAI-GOA HIGHWAY, TALUKA PANVEL, NAVI MUMBAI, DIST.RAIGAD, MAHARASHTRA
Website : https://mnrisp.mnrindia.org/"
1268,"Aff. No. :1130806
Sch. Code:30759","State : MAHARASHTRA
District : RAIGAD",Senior Secondary Level,"Name : J M RATHI ENGLISH SCHOOL AND JUNIOR COLLEGE
Head/Principal Name: Mr Prashant Muley","Address : J M RATHI ENGLISH SCHOOL AND JUNIOR COLLEGE SUDARSHAN NAGAR
Website : https://www.jmreschool.com/"
1269,"Aff. No. :1130795
Sch. Code:30728","State : MAHARASHTRA
District : RAIGAD",Secondary Level,"Name : NAVYUG ENGLISH MEDIUM SCHOOL
Head/Principal Name: ASHWINIRAJE RANJITSINH JADHAVRAO","Address : AT LADAVALI, POST TETGHAR, TALUKA MAHAD, DISTRICT RAIGAD
Website : www.navyugenglishschool.org"
1270,"Aff. No. :1131019
Sch. Code:30982","State : MAHARASHTRA
District : RAIGAD",Secondary Level,"Name : SUNDAR ENGLISH MEDIUM SCHOOL
Head/Principal Name: ASHIWINI SATISH VIBHUTE","Address : AT POSARI, TAL. KARJAT, DIST RAIGAD. 410201
Website : www.sundarenglishmediumschool.com"
1271,"Aff. No. :1130981
Sch. Code:30928","State : MAHARASHTRA
District : RAIGAD",Secondary Level,"Name : DHARMAVEER ANAND DIGHE VIDHYALAYA
Head/Principal Name: K R Vijay","Address : GANESH NAGAR, BIRWADI
Website : www.dadvidhyalayamahad.in"
1272,"Aff. No. :1130950
Sch. Code:30913","State : MAHARASHTRA
District : RAIGAD",Senior Secondary Level,"Name : EMPYREAN SCHOOL
Head/Principal Name: Soumyabrata Mukherjee","Address : PLOT NO 2 SECTOR 35G KHARGHAR, NAVI MUMBAI MAHARASHTRA, 410210
Website : www.empyreanschool.com"
1273,"Aff. No. :1130230
Sch. Code:30182","State : MAHARASHTRA
District : RAIGAD",Senior Secondary Level,"Name : MNR SCHOOL OF EXCELLENCE
Head/Principal Name: PRASHANT SUDHAKAR BUKKAWAR","Address : PLOT NO.28, SECTOR - 6, NAVI MUMBAI
Website : https://mnrsek.mnrindia.org"
1274,"Aff. No. :1130254
Sch. Code:30243","State : MAHARASHTRA
District : RAIGAD",Senior Secondary Level,"Name : HOCL SCHOOL
Head/Principal Name: REEMA UTTAM NIKALJE","Address : H.O.C.L. SCHOOL, RASAYANI, RAIGAD, MAHARASHTRA
Website : www.hoclschool.ac.in"
1275,"Aff. No. :1130319
Sch. Code:30348","State : MAHARASHTRA
District : RAIGAD",Senior Secondary Level,"Name : SHANTINIKETAN PUBLIC SCHOOL
Head/Principal Name: PAIKER SEEMAV","Address : SECTOR 2, PLOT NO. 27, NEW PANVEL, DISTT RAIGAD.
Website : www.theshantiniketanschool.com"
1276,"Aff. No. :1130299
Sch. Code:30310","State : MAHARASHTRA
District : RAIGAD",Senior Secondary Level,"Name : RAMSHETH THAKUR PUBLIC SCHOOL
Head/Principal Name: RAJ ALONI","Address : PLOT NO-11, SECTOR-19, KHARGHAR, NAVI MUMBAI
Website : www.rtpsk.in"
1277,"Aff. No. :1130488
Sch. Code:30413","State : MAHARASHTRA
District : RAIGAD",Secondary Level,"Name : YADAVRAO TASGAONKAR PUBLIC SCHOOL
Head/Principal Name: S.ILAMATHI","Address : DR. N.Y.TASGAONKAR EDUCATION COMPLEX, BHIVPURI ROAD STATION
Website : www.ytps.edu.in"
1278,"Aff. No. :1130474
Sch. Code:30411","State : MAHARASHTRA
District : RAIGAD",Senior Secondary Level,"Name : ST. WILFRED EDUCATION SCHOOL
Head/Principal Name: Preeti Singh","Address : SHEDUNG TOLL NAKA, OPP. AAYUSH RESORT, BOMBAY PUNA HIGHWAY, PANVEL
Website : www.stwilfredsschool.in"
1279,"Aff. No. :1130450
Sch. Code:30484","State : MAHARASHTRA
District : RAIGAD",Secondary Level,"Name : DAVID ENGLISH MEDIUM SCHOOL
Head/Principal Name: Sharmila Sadanand Khamkar","Address : AT - NARVEKAR WADI, CHONDHI, BAMANSURE, TALUKA - ALIBAG
Website : www.davidenglishmediumschool.com"
1280,"Aff. No. :1130363
Sch. Code:30263","State : MAHARASHTRA
District : RAIGAD",Senior Secondary Level,"Name : JINDAL MOUNT LITERA ZEE SCHOOL
Head/Principal Name: SWAGATIKA SAHU","Address : PIPE NAGAR; BKG ROAD (NH- 17); VILLAGE: SUKELI; TALUKA: ROHA; NEAR NAGOTHANE; DISTRICT: RAIGAD ; MAHARASHTRA STATE; PIN-402126
Website : www.jmlzsnagothane.edu.in"
1281,"Aff. No. :1130102
Sch. Code:30088","State : MAHARASHTRA
District : RAIGAD",Senior Secondary Level,"Name : DAV INTERNATIONAL SCHOOL
Head/Principal Name: SEEMA MAINDIRATTA","Address : PLOT 31, SECTOR 15 KHARGHAR NAVI MUMBAI MAHARASHTRA
Website : https://davkharghar.org.in/"
1282,"Aff. No. :1130103
Sch. Code:30087","State : MAHARASHTRA
District : RAIGAD",Senior Secondary Level,"Name : BAL BHARATI PUBLIC SCHOOL
Head/Principal Name: KALPANA DWIVEDI","Address : PLOT NO 5, SECTOR 4 KHARGHAR NAVI MUMBAI MAHARASHTRA
Website : www.bbpsnavimum.balbharati.org"
1283,"Aff. No. :1130093
Sch. Code:30063","State : MAHARASHTRA
District : RAIGAD",Senior Secondary Level,"Name : RELIANCE FOUNDATION SCHOOL
Head/Principal Name: Anop Shukla","Address : P.O. PETROCHEMICALS TOWNSHIP, NAGOTHANE, DIST. RAIGAD, MAHARASHTRA- 402125
Website : https://www.rfs.edu.in/Nagothane-EM/"
1284,"Aff. No. :1130094
Sch. Code:30065","State : MAHARASHTRA
District : RAIGAD",Senior Secondary Level,"Name : ST JOSEPH HIGH SCHOOL
Head/Principal Name: LEENA VERMA","Address : PLOT NO 8 SECTOR 7 NEW PANVEL NAVI MUMBAI DISTT RAIGAD MAHARSHTRA
Website : https://bit.ly/ryan-stjosephhighschool-panvel"
1285,"Aff. No. :1130075
Sch. Code:30050","State : MAHARASHTRA
District : RAIGAD",Senior Secondary Level,"Name : APEEJAY SCHOOL
Head/Principal Name: Sonali Vishwanath Balwatkar","Address : PLOT NO 34, 38 SECTOR 21 KHARGHAR NAVI MUMBAI MAHARASHTRA
Website : www.apeejay.edu/kharghar"
1286,"Aff. No. :1130065
Sch. Code:30042","State : MAHARASHTRA
District : RAIGAD",Senior Secondary Level,"Name : DAV PUBLIC SCHOOL
Head/Principal Name: Sumanth Ghosh","Address : 267-268 SECTOR 10 NEW PANVEL NAVI MUMBAI MAHARASHTRA
Website : https://davnewpanvel.com"
1287,"Aff. No. :1130181
Sch. Code:30158","State : MAHARASHTRA
District : RAIGAD",Senior Secondary Level,"Name : GREENFINGERS GLOBAL SCHOOL
Head/Principal Name: Anju Vedi","Address : PLOT NO 9, SECTOR 12, NEAR SHILP CHOWK
Website : http://www.greenfingersglobalschool.com/"
1288,"Aff. No. :1130164
Sch. Code:30180","State : MAHARASHTRA
District : RAIGAD",Senior Secondary Level,"Name : NEW HORIZON PUBLIC SCHOOL
Head/Principal Name: AMITA DUTTA","Address : SECTOR 13,KHANDA COLONY, NEW PANVEL WEST.
Website : www.nhpspanvel.com"
1289,"Aff. No. :1130035
Sch. Code:30016","State : MAHARASHTRA
District : RAIGAD",Senior Secondary Level,"Name : JINDAL VIDYA MANDIR
Head/Principal Name: MUKESH THAKUR","Address : VILLAGE SALAV P.O. REVDANDA MURUD TALUK RAIGAD DIST MAHARASHTRA
Website : www.jvm.in"
1290,"Aff. No. :1130041
Sch. Code:30028","State : MAHARASHTRA
District : RAIGAD",Senior Secondary Level,"Name : LADY KHATUN MARIUM SCHOOL
Head/Principal Name: DAISAMMA PAUL","Address : S M Y SEAMEN WELFARE FOUNDATION TALUK PANVEL RAIGAD DT DT RAIGAD MAHARASHTRA
Website : https://www.lkmschool.edu.in"
1291,"Aff. No. :1130027
Sch. Code:","State : MAHARASHTRA
District : RAIGAD",Senior Secondary Level,"Name : RAIGAD MILITARY SCHOOL & JUNIOR COLLEGE
Head/Principal Name: SRIPRAKASH C ADHIKARI","Address : AT : ACHALOLI TAL. MAHAD DIST. RAIGAD, MAHARASHTRA
Website :"
1292,"Aff. No. :1130033
Sch. Code:30015","State : MAHARASHTRA
District : RAIGAD",Senior Secondary Level,"Name : RELIANCE FOUNDATION SCHOOL
Head/Principal Name: AATISH KRUSHNARAO KSHIRSAGAR","Address : BOMBAY PUNE HIGHWAY, LODHIVALI, DIST. RAIGAD, MAHARASHTRA- 410207
Website : https://www.rfs.edu.in/Lodhivali-EM/"
1293,"Aff. No. :1100017
Sch. Code:34037","State : MAHARASHTRA
District : RAIGAD",Senior Secondary Level,"Name : PM SHRI KV NAD KARANJA
Head/Principal Name: RAJESH KUMAR PATIL","Address : N A D KARANJA POST TAL-URAN RAIGAD DIST. MAHARASHTRA
Website : https://nadkaranja.kvs.ac.in"
1294,"Aff. No. :1130158
Sch. Code:30105","State : MAHARASHTRA
District : RATNAGIRI",Senior Secondary Level,"Name : BAL BHARATI PUBLIC SCHOOL
Head/Principal Name: SURAJIT CHATTERJEE","Address : RGPPL, POST ANJANWEL, TALUK, GUHAGAR, DISTT RATNAGIRI
Website : https://bbpsratnagiri.balbharati.org"
1295,"Aff. No. :1130416
Sch. Code:30329","State : MAHARASHTRA
District : RATNAGIRI",Senior Secondary Level,"Name : SARASWATI VIDYAMANDIR ENGLISH MEDIUM SCHOOL, DAPOLI
Head/Principal Name: SARIKA SAMEER GUJARATHI","Address : AT JALGAON (PANGARWADI), POST & TALUKA : DAPOLI, DIST.: RATNAGIRI
Website : www.svems.in"
1296,"Aff. No. :1130464
Sch. Code:30481","State : MAHARASHTRA
District : RATNAGIRI",Senior Secondary Level,"Name : JINDAL VIDYA MANDIR
Head/Principal Name: SONIA SETHI","Address : JSWEL TOWNSHIP ZONE-I VILLAGE CHEFERI POST JAIGAD DISTT RATNAGIRI
Website : www.jvm.in"
1297,"Aff. No. :1130433
Sch. Code:30378","State : MAHARASHTRA
District : RATNAGIRI",Senior Secondary Level,"Name : NAVNIRMAN HIGH ENGLISH MEDIUM SCHOOL
Head/Principal Name: ULHAS SHRINIVAS SAPRE","Address : P-63, MIDC, AT. MIRJOLE, RATNAGIRI
Website : www.navnirmanhigh.in"
1298,"Aff. No. :1130244
Sch. Code:30188","State : MAHARASHTRA
District : RATNAGIRI",Senior Secondary Level,"Name : ROTARY ENGLISH MEDIUM SCHOOL KHED
Head/Principal Name: BHUMITA JAYESH PATEL","Address : AT POST- KHED
Website : www.rotaryems.in"
1299,"Aff. No. :1130929
Sch. Code:30896","State : MAHARASHTRA
District : RATNAGIRI",Secondary Level,"Name : PODAR INTERNATIONAL SCHOOL
Head/Principal Name: PRAJAKTI RAJENDRA GAIKWAD","Address : PODAR INTERNATIONAL SCHOOL RATNAGIRI SIDDHIVINAYAK REGALIA KUWARBAV KARWANCIWADI RAVINDRA NAGAR
Website : https://www.podareducation.org/school/ratnagiri"
1300,"Aff. No. :1131046
Sch. Code:31022","State : MAHARASHTRA
District : RATNAGIRI",Senior Secondary Level,"Name : SHRI VITHALRAO JOSHI CHARITIES TRUSTS ENGLISH MEDIUM SCHOOL AND JUNIOR COLLEGE OF SCIENCE
Head/Principal Name: Pradnya Chandrakant Parkar","Address : AT KASARWADI, POST SAWARDE, TAL. CHIPLUN
Website : www.svjctemschool.com"
1301,"Aff. No. :1130797
Sch. Code:30725","State : MAHARASHTRA
District : RATNAGIRI",Secondary Level,"Name : SAROJ MEHTA INTENATIONAL SCHOOL
Head/Principal Name: RITU SUJAY MEHTA","Address : SAROJ MEHTA INTERNATIONAL SCHOOL
Website : www.smisk.in"
1302,"Aff. No. :1130809
Sch. Code:30761","State : MAHARASHTRA
District : RATNAGIRI",Secondary Level,"Name : P.S.BANE INTERNATIONAL SCHOOL
Head/Principal Name: MITKARI SOMINATH RAJABHAU","Address : A/P. SADAVLI, RATNSINDHU NAGAR
Website : https://psbane-ischool.com"
1303,"Aff. No. :1130841
Sch. Code:30871","State : MAHARASHTRA
District : RATNAGIRI",Senior Secondary Level,"Name : REGAL PUBLIC SCHOOL
Head/Principal Name: Tilekar Snehal Rajesh","Address : AT KONDHE GUHAGAR ROAD
Website : www.rpublicschool.in"
1304,"Aff. No. :1130851
Sch. Code:30780","State : MAHARASHTRA
District : RATNAGIRI",Senior Secondary Level,"Name : SHREE SAMARTH KRUPA ENGLISH MEDIUM SCHOOL
Head/Principal Name: SYED SHAHED ALI MUJAHED ALI","Address : SHREE SAMARTH KRUPA VISHWA, VERAL, NEAR KHED RAILWAY STATION, TALUKA - KHED, DIST-RATNAGIRI,415709
Website : www.sskemschool.com"
1305,"Aff. No. :1130580
Sch. Code:30814","State : MAHARASHTRA
District : RATNAGIRI",Senior Secondary Level,"Name : YASH ENGLISH ACADEMY
Head/Principal Name: Radha Sanjay Mhaddalkar","Address : DHAMNAVNE-KAPILA PARK
Website : www.shree-sesorg.com"
1306,"Aff. No. :1130603
Sch. Code:30535","State : MAHARASHTRA
District : RATNAGIRI",Secondary Level,"Name : RAMRAJE INTERNATIONAL SCHOOL
Head/Principal Name: Shekhar Ramchandra Patil","Address : BHAGVAN MAHAVEER VIDYA SANKUL, NEAR PRANT OFFICE, DAPOLI
Website : www.ramrajeintschool.in"
1307,"Aff. No. :1130544
Sch. Code:30561","State : MAHARASHTRA
District : RATNAGIRI",Secondary Level,"Name : UMME KHADIJA ENGLISH MEDIUM SCHOOL
Head/Principal Name: Abdul Gafoor PM","Address : AT AND POST VISAPUR TALUKA DAPOLI DISTRICT RATNAGIRI
Website : https://ummekhadija.school"
1308,"Aff. No. :1130491
Sch. Code:30479","State : MAHARASHTRA
District : RATNAGIRI",Senior Secondary Level,"Name : MANES INTERNATIONAL SCHOOL
Head/Principal Name: SUMAN ARORA","Address : CHAITANYANAGAR, A/P KUWARBAV, TAL & DIST. RATNAGIRI-415639
Website : www.manesinternational.in"
1309,"Aff. No. :1131293
Sch. Code:31280","State : MAHARASHTRA
District : RATNAGIRI",Secondary Level,"Name : ACB INTERNATIONAL SCHOOL
Head/Principal Name: FATIMA KHALID AHMED MUKADAM","Address : TAL CHIPLUN, DIST RATNAGIRI
Website : https://acbinternationalschool.com/"
1310,"Aff. No. :1131345
Sch. Code:31334","State : MAHARASHTRA
District : RATNAGIRI",Senior Secondary Level,"Name : JAGADGURU NARENDRACHARYAJI MAHARAJ EDUCATIONAL INSTITUTE, NANIJ
Head/Principal Name: Patil Abolee Ravindrakumar","Address : POST- NANIJ,, TAL- RATNAGIRI, , DIST-RATNAGIRI
Website : https://jnmei.jnms.org/"
1311,"Aff. No. :1131213
Sch. Code:31200","State : MAHARASHTRA
District : RATNAGIRI",Senior Secondary Level,"Name : DNYANDEEP ENGLISH MEDIUM SCHOOL
Head/Principal Name: Bharat Shridhar More","Address : TAL KHED, DIST RATNAGIRI
Website : http://www.dnyandeepems.org"
1312,"Aff. No. :1131136
Sch. Code:31124","State : MAHARASHTRA
District : RATNAGIRI",Senior Secondary Level,"Name : SPM ENGLISH MEDIUM SCHOOL
Head/Principal Name: AARTI VISHWAS KHADILKAR","Address : JOSHI BAUG SHREE KSHETRA PARSHURAM CHIPLUN
Website : https://spmenglishschoolparshuram.in"
1313,"Aff. No. :1131107
Sch. Code:31092","State : MAHARASHTRA
District : RATNAGIRI",Senior Secondary Level,"Name : SARVANKASH VIDYA MANDIR
Head/Principal Name: MONICA JAISWAL","Address : SURVEY NO 138(30), NEAR KOHINOOR SAMUDRA RESORT, ATPOST KASOP, TALUKA AND DISTRICT - RATNAGIRI
Website : http://sarvankashvidyamandir.in/"
1314,"Aff. No. :1131394
Sch. Code:31383","State : MAHARASHTRA
District : RATNAGIRI",Secondary Level,"Name : MARATHA MANDIR GLOBAL SCHOOL
Head/Principal Name: Advika Abhjeet Kamerkar","Address : MARATHA MANDIR EDUCATIONAL CAMPUS, JUNA MALNAKA, BEHIND A.K DESAI HIGHSCHOOL
Website : www.mmglobalschool.com"
1315,"Aff. No. :1131400
Sch. Code:31389","State : MAHARASHTRA
District : RATNAGIRI",Senior Secondary Level,"Name : NATIONAL ENGLISH MEDIUM SCHOOL & JR. COLLEGE
Head/Principal Name: SHABNAM J FAREEDY","Address : MIRJOLI, TAL. CHIPLUN, DIST. RATNAGIRI
Website : http://nationalschoolchiplun.edu.in/"
1316,"Aff. No. :1131404
Sch. Code:31393","State : MAHARASHTRA
District : RATNAGIRI",Senior Secondary Level,"Name : FATIMA CONVENT SCHOOL
Head/Principal Name: SILVIYA MINGEL KHAVRI","Address : M.I.D.C, UDYAMNAGAR, NEAR ULTRATECH CEMENT, TA- RATNAGIRI
Website : https://fatimaconventschoolcbse.com"
1317,"Aff. No. :1140024
Sch. Code:34079","State : MAHARASHTRA
District : RATNAGIRI",Senior Secondary Level,"Name : PM SHRI SCHOOL JAWAHAR NAVODAYA VIDYALAYA
Head/Principal Name: S BASAVRAJ","Address : AT. PADVE, TALUK RAJAPUR, DISTT. RATNAGIRI, MAHARASHTRA
Website : https://navodaya.gov.in/nvs/nvs-school/Ratnagiri/en/home/"
1318,"Aff. No. :1140007
Sch. Code:34073","State : MAHARASHTRA
District : SANGLI",Senior Secondary Level,"Name : PM SHRI SCHOOL JAWAHAR NAVODAYA VIDYALAYA
Head/Principal Name: ANIL SAVALARAM KAMBLE","Address : PALUS TASGAON SANGLI DIST. MAHARASHTRA
Website : www.jnvsangli.com"
1319,"Aff. No. :1131624
Sch. Code:31623","State : MAHARASHTRA
District : SANGLI",Secondary Level,"Name : BHARATI VIDYAPEETH ENGLISH MEDIUM SCHOOL, VITA
Head/Principal Name: Arvind Govind Patil","Address : VITA - KHANAPUR ROAD, OPPOSITE BALWANT COLLEGE, VITA
Website : http://bvemsvita.bharatividyapeeth.edu/"
1320,"Aff. No. :1131443
Sch. Code:31432","State : MAHARASHTRA
District : SANGLI",Secondary Level,"Name : IDEAL SMART SCHOOL
Head/Principal Name: MAMATA KUNAL BHOKARE","Address : GAT NO 102 OFF RATNAGIRI-NAGPUR HIGHWAY , TAKALI ROAD, TAKALI, TAL-MIRAJ, DIST SANGLI. 416410
Website : http://idealsmartschool.org.in/home"
1321,"Aff. No. :1131427
Sch. Code:31416","State : MAHARASHTRA
District : SANGLI",Secondary Level,"Name : SUBHADRA INTERNATIONAL SCHOOL,ASHTA
Head/Principal Name: AKHIL MATHEW","Address : ANNASAHEB DANGE EDUCATIONAL CAMPUS, ASHTA, TAL-WALWA, DIST-SANGLI
Website : https://www.sisa.edu.in/"
1322,"Aff. No. :1131506
Sch. Code:31495","State : MAHARASHTRA
District : SANGLI",Secondary Level,"Name : RAJARAMBAPU PATIL MILITARY SCHOOL AND SPORTS ACADEMY ISLAMPUR
Head/Principal Name: Ashok Dattu Kare","Address : RAJEBAGESWAR NAGAR SAKHRALE, ISLAMPUR, TAL WALWA
Website : www.rbpms.org"
1323,"Aff. No. :1131086
Sch. Code:31066","State : MAHARASHTRA
District : SANGLI",Secondary Level,"Name : MAEERS VISHWASHANTI GURUKUL SCHOOL
Head/Principal Name: CHETAN SONAWANE","Address : MAEERS VISHWASHANTI GURUKUL SCHOOL, SURVEY NO. 624A, MAUJE DIGRAJ ROAD, NEAR DHANUNJAY GARDEN, BHORA MHASOBA CHOWK, KARNAL, SANGLI
Website : https://mitvgschools.edu.in/sangli-home/"
1324,"Aff. No. :1131075
Sch. Code:31055","State : MAHARASHTRA
District : SANGLI",Secondary Level,"Name : M.T.E.S. ENGLISH SCHOOL
Head/Principal Name: Indira","Address : M.T.E.S CAMPUS SANGLI-MIRAJ ROAD,VISHRAMBAG,SANGLI 416415
Website : http://www.mteses.ac.in"
1325,"Aff. No. :1131175
Sch. Code:31160","State : MAHARASHTRA
District : SANGLI",Secondary Level,"Name : DIVINE INTERNATIONAL SCHOOL, VITA
Head/Principal Name: SACHIN SUBHASH GAIKWAD","Address : KUNDAL ROAD, VITA
Website : https://www.divineinternationalschool.edu.in"
1326,"Aff. No. :1131307
Sch. Code:31294","State : MAHARASHTRA
District : SANGLI",Secondary Level,"Name : VIDYANIKETAN ENGLISH MEDIUM SCHOOL
Head/Principal Name: AJIT BABURAO MALI","Address : AT POST - ISLAMPUR (KAPUSKHED NAKA), AT POST - ISLAMPUR (KAPUSKHED NAKA)
Website : https://vemsislampur.com/"
1327,"Aff. No. :1131309
Sch. Code:31296","State : MAHARASHTRA
District : SANGLI",Secondary Level,"Name : MAHAVEER STATE ACADEMY
Head/Principal Name: Jayshree Gajanan Patil","Address : TAL.MIRAJ, DIST.SANGLI
Website : www.mahaveerstateacademy.org.in"
1328,"Aff. No. :1131292
Sch. Code:31279","State : MAHARASHTRA
District : SANGLI",Secondary Level,"Name : ZEAL INTERNATIONAL SCHOOL BAMNOLI
Head/Principal Name: MEGHALI DEEPAK NARGACCHE","Address : KUPWAD-KAWALAPUR ROAD, BAMNOLI, TAL- MIRAJ DIST- SANGLI
Website : https://zealinternational.edu.in/"
1329,"Aff. No. :1131295
Sch. Code:31282","State : MAHARASHTRA
District : SANGLI",Secondary Level,"Name : CLAREMONT INTERNATIONAL SCHOOL
Head/Principal Name: CHANDANAGOUDA MALIPATIL","Address : TAL WALWA, DIST SANGLI
Website : https://www.claremontschools.in/"
1330,"Aff. No. :1131274
Sch. Code:31261","State : MAHARASHTRA
District : SANGLI",Secondary Level,"Name : S K INTERNATIONAL SAINIK SCHOOL
Head/Principal Name: BASAVARAJA H","Address : PETH SHIRALA ROAD RETHRE DHARAN , PETH SHIRALA ROAD RETHRE DHARAN
Website : www.skis.org.in"
1331,"Aff. No. :1131241
Sch. Code:31228","State : MAHARASHTRA
District : SANGLI",Secondary Level,"Name : J. M. SHIKSHAN SANSTHA'S LILLIPUT CONVENT SCHOOL
Head/Principal Name: JAYAVANT PANDURANG KADAM","Address : JATH SANGALI ROAD, TAL JATH DIST SANGLI
Website : www.jaimalhar.in"
1332,"Aff. No. :1130500
Sch. Code:30428","State : MAHARASHTRA
District : SANGLI",Secondary Level,"Name : IDEAL ENGLISH SCHOOL
Head/Principal Name: Guljar Firojkhan Pathan","Address : TASGAON MANERAJURI ROAD, CHINCHNI
Website : www.iestasgaon.org.in"
1333,"Aff. No. :1130515
Sch. Code:30559","State : MAHARASHTRA
District : SANGLI",Senior Secondary Level,"Name : DNYANDEEP INTERNATIONAL SCHOOL
Head/Principal Name: Dipali Rahul Korade","Address : MANDALE MALA, TAKARI ROAD, URNU ISLAMPUR, WALWA SANGLI,
Website : www.dnyandeepinternationalschool.org"
1334,"Aff. No. :1130723
Sch. Code:30785","State : MAHARASHTRA
District : SANGLI",Secondary Level,"Name : HON. ANNASAHEB DANGE INTERNATIONAL SCHOOL , ISLAMPUR
Head/Principal Name: Thirupathi Oddeti","Address : AT.PO. ISLAMPUR, TQ. WALWA, DIST. SANGLI
Website : www.adis.org.in"
1335,"Aff. No. :1130759
Sch. Code:30674","State : MAHARASHTRA
District : SANGLI",Secondary Level,"Name : WARANA VALLEY SCHOOL SAGAON
Head/Principal Name: Mugdha Bhagawan Patil","Address : SAGAON SARUD ROAD SAGAON
Website :"
1336,"Aff. No. :1130685
Sch. Code:30701","State : MAHARASHTRA
District : SANGLI",Secondary Level,"Name : NOOTAN INTERNATIONAL ENGLISH SCHOOL
Head/Principal Name: Rohini R Patil","Address : AT LANDGEWADI TAL KAVATHEMAHANKAL DIST SANGLI
Website :"
1337,"Aff. No. :1130663
Sch. Code:30700","State : MAHARASHTRA
District : SANGLI",Secondary Level,"Name : SIDDHARTH PUBLIC SCHOOL JATH
Head/Principal Name: Shyamsundar Tanaji Koli","Address : VALASANG ROAD, TANGADI MALA JATH. TAL JATH
Website : https://siddharthpublicschooljath.org.in"
1338,"Aff. No. :1130638
Sch. Code:30563","State : MAHARASHTRA
District : SANGLI",Secondary Level,"Name : NAV KRISHNA VALLEY SCHOOL
Head/Principal Name: Sangeeta Mahesh Pagnis","Address : KRISHNA VALLEY COMPLEX, PLOT NO.P-36, MIDC KUPWAD SANGLI
Website : www.surajfoundation.org.in"
1339,"Aff. No. :1130881
Sch. Code:30846","State : MAHARASHTRA
District : SANGLI",Senior Secondary Level,"Name : MOHAN MALI INTERNATIONAL SCHOOL
Head/Principal Name: SAM JOSEPH","Address : MOHAN MALI INTERNATIONAL SCHOOL,NEAR KAVATHEMAHANKAL RAILWAY STATION, ALKUD (S), DIST. SANGLI, MAHARASHTRA. PINCODE:416411
Website : www.mmischoolkm.com"
1340,"Aff. No. :1130783
Sch. Code:30757","State : MAHARASHTRA
District : SANGLI",Senior Secondary Level,"Name : KRANTI INTERNATIONAL PUBLIC SCHOOL,KUNDAL
Head/Principal Name: Rupali Pradip Shaha","Address : A/P KUNDAL KRANTI SUGAR FACTORY SITE VITA ROAD KUNDAL.TAL.PALUS.DIST.SANGLI
Website : www.kipseducation.com"
1341,"Aff. No. :1131003
Sch. Code:30959","State : MAHARASHTRA
District : SANGLI",Senior Secondary Level,"Name : ACADEMIC HIGH & JUNIOR COLLEGE
Head/Principal Name: Namita Vinayak Gavade","Address : KUNDAL - KIRLOSKARVADI ROAD,
Website : www.ahjc.in"
1342,"Aff. No. :1130931
Sch. Code:30920","State : MAHARASHTRA
District : SANGLI",Secondary Level,"Name : RAJEEV KORE BRIGHT FUTURE PUBLIC SCHOOL
Head/Principal Name: Pooja Raghvendra Kulkarni","Address : C/O,ARWADE HIGH SCHOOL HARBAT ROAD
Website : https://rkbfpssangli.org/"
1343,"Aff. No. :1130937
Sch. Code:30892","State : MAHARASHTRA
District : SANGLI",Secondary Level,"Name : SARASWATI GLOBAL SCHOOL, KADEPUR
Head/Principal Name: Suryavanshi Sumita Amol","Address : A/P- KADEPUR, TALUKA-KADEGAON, DIST- SANGLI
Website : www.sgkadepur.com"
1344,"Aff. No. :1130306
Sch. Code:30418","State : MAHARASHTRA
District : SANGLI",Senior Secondary Level,"Name : ANANDSAGAR PUBLIC SCHOOL
Head/Principal Name: Mrs. Archana Ramesh Shinde","Address : MANERAJURI ROAD,CHINCHANI, TASGAON
Website : www.anandsagarpublicschool.edu.in"
1345,"Aff. No. :1130281
Sch. Code:30319","State : MAHARASHTRA
District : SANGLI",Senior Secondary Level,"Name : PRAKASH PUBLIC SCHOOL
Head/Principal Name: Madhukumar A Nair","Address : PRAKASH SHAIKSHANIK SANKUL, URUN ISLAMPUR
Website : www.ppssankul.com"
1346,"Aff. No. :1130271
Sch. Code:30232","State : MAHARASHTRA
District : SANGLI",Senior Secondary Level,"Name : ADARSH PUBLIC SCHOOL.VITA
Head/Principal Name: Latif I. Maner","Address : ADARSH PUBLIC SCHOOL KUNDAL ROAD
Website : www.adarshcbsevita.org"
1347,"Aff. No. :1130431
Sch. Code:30330","State : MAHARASHTRA
District : SANGLI",Senior Secondary Level,"Name : TAKSHILA SCHOOL
Head/Principal Name: PADMAVATI PALASE","Address : SURVEY NO. 412/5, 412/3A AND 412/3B, SOUTH OF SHREE DUTTA SAI MANDIR, 100 FT ROAD, DISTT SANGLI, MAHARASHTRA
Website : http://www.takshilaschools.in"
1348,"Aff. No. :1130462
Sch. Code:30422","State : MAHARASHTRA
District : SANGLI",Secondary Level,"Name : D.K.PATIL ENGLISH MEDIUM SCHOOL
Head/Principal Name: RIHANA KHALID PATHAN","Address : SURVEY NO308,CHICHANI,TAL.-TASGAON,DIST.SANGLI
Website : http://dkpatilengschool.in"
1349,"Aff. No. :1130477
Sch. Code:30549","State : MAHARASHTRA
District : SANGLI",Secondary Level,"Name : VENKATESHWARA PUBLIC SCHOOL
Head/Principal Name: ALAKNANDA PRAKASH SHINDE","Address : GAT NO 2665 PUNE BANGALORE HIGHWAY A/P PETH TAL-WALWA DIST-SANGLI.
Website : www.venkateshwarapublicschool.in"
1350,"Aff. No. :1130472
Sch. Code:30394","State : MAHARASHTRA
District : SANGLI",Secondary Level,"Name : CAMBRIDGE SCHOOL, MIRAJ
Head/Principal Name: CHRISTINA RAJEEV MARTIN","Address : 795, GULABRAO PATIL EDUCATIONAL CAMPUS NEAR GOVT. MILK DAIRY, MIRAJ
Website : www.cambridgeschoolmiraj.org"
1351,"Aff. No. :1130484
Sch. Code:30401","State : MAHARASHTRA
District : SANGLI",Secondary Level,"Name : SHRI A.B. PATIL ENGLISH SCHOOL
Head/Principal Name: SANJAYKUMAR BHIMRAO SHINDE","Address : INAM DHAMNI KOLHAPUR ROAD, SANGLI
Website : www.abpatilschool.org"
1352,"Aff. No. :1130366
Sch. Code:30333","State : MAHARASHTRA
District : SANGLI",Senior Secondary Level,"Name : PODAR INTERNATIONAL SCHOOL - SANGLI
Head/Principal Name: GAJANAN PATIL","Address : NEAR LAXMI TEMPLE, KUPWAD MIDC ROAD, SANGLI
Website : https://www.podareducation.org/school/sangli"
1353,"Aff. No. :1130074
Sch. Code:30051","State : MAHARASHTRA
District : SANGLI",Senior Secondary Level,"Name : APPASAHEB BIRNALE PUBLIC SCHOOL
Head/Principal Name: SHARADA APPASAHEB KHOT","Address : SHINDE MALA SANGLI MAHARASHTRA
Website : www.abpssangli.edu.in"
1354,"Aff. No. :1130150
Sch. Code:30112","State : MAHARASHTRA
District : SATARA",Senior Secondary Level,"Name : BHARATI VIDYAPEETH GOD'S VALLEY INTERNATIONAL SCHOOL
Head/Principal Name: ARUN BABURAO YADAV","Address : BHARATI VIDYAPEETH GODS VALLEY INTERNATIONAL SCHOOL
Website : http://gvis.bharatividyapeeth.edu/"
1355,"Aff. No. :1130032
Sch. Code:30017","State : MAHARASHTRA
District : SATARA",Senior Secondary Level,"Name : SANJEEWAN VIDYALAYA
Head/Principal Name: Dhananjay Satalingappa Sirur","Address : PANCHGANI SATARA MAHARASHTRA - 412 805
Website : www.sanjeewanvidyalaya.org"
1356,"Aff. No. :1130006
Sch. Code:30007","State : MAHARASHTRA
District : SATARA",Senior Secondary Level,"Name : BILLIMORIA HIGH SCHOOL
Head/Principal Name: Satish Kumar Gupta","Address : PANCHGANI SATARA DISTT MAHARASHTRA
Website : www.billimoriahighschool.com"
1357,"Aff. No. :1130007
Sch. Code:34038","State : MAHARASHTRA
District : SATARA",Senior Secondary Level,"Name : SAINIK SCHOOL
Head/Principal Name: Capt K Srinavasan","Address : DISTT SATARA, MAHARASHTRA 415001
Website : www.sainiksatara.org"
1358,"Aff. No. :1130004
Sch. Code:30006","State : MAHARASHTRA
District : SATARA",Senior Secondary Level,"Name : NEW ERA HIGH SCHOOL
Head/Principal Name: AARASH JAVANMARDI SHAHIN","Address : CHESSON ROAD PANCHGANI SATARA DISTT. MAHARASHTRA
Website : www.nehsindia.org"
1359,"Aff. No. :1130382
Sch. Code:30400","State : MAHARASHTRA
District : SATARA",Senior Secondary Level,"Name : KRISHNA SCHOOL,
Head/Principal Name: Snehal Atul Nikumbh","Address : P.O. MALKAPUR ,KARAD
Website : www.kctks.com"
1360,"Aff. No. :1130409
Sch. Code:30328","State : MAHARASHTRA
District : SATARA",Secondary Level,"Name : SUNSHINE ENGLISH MEDIUM SCHOOL
Head/Principal Name: PRAMILA DATTATRAY TODKAR","Address : AT/POST KHATAV, TAL. KHATAV, DISTT SATARA
Website : www.sunshineems.org"
1361,"Aff. No. :1130407
Sch. Code:30343","State : MAHARASHTRA
District : SATARA",Senior Secondary Level,"Name : SHREEMANT SHIVAJIRAJE ENGLISH MEDIUM SCHOOL
Head/Principal Name: MINAL SUNIL DIXIT","Address : A/P JADHAVWADI TALIKA PHALTAN DISTRIK SATARA
Website : https://www.pesssemscbse.org"
1362,"Aff. No. :1130486
Sch. Code:30403","State : MAHARASHTRA
District : SATARA",Senior Secondary Level,"Name : VIDYA NIKETAN SCHOOL
Head/Principal Name: Manoj G. Pillai","Address : S. NO. 242 B , MAIN ROAD, PANCHGANI, SATARA,
Website : www.vidyaniketanschool.com"
1363,"Aff. No. :1130483
Sch. Code:30397","State : MAHARASHTRA
District : SATARA",Secondary Level,"Name : SWEET MEMORIES SCHOOL,RUIGHAR,
Head/Principal Name: AJAY BHAGAWAT SONAVANE","Address : P.O.BOX 70 RUIGHAR GANESHPETH PANCHGANI-412805 TAL :MAHABALESHWAR DIST;SATARA
Website : www.smhspch.in"
1364,"Aff. No. :1130419
Sch. Code:30342","State : MAHARASHTRA
District : SATARA",Senior Secondary Level,"Name : PODAR INTERNATIONAL SCHOOL
Head/Principal Name: ANWAY ARUN CHIKATE","Address : SURVEY NO.1695, KARAD-MASUR ROAD, KOPARDE HAVELI, DISTT SATARA, MAHARASHTRA
Website : www.podareducation.org/school/karad"
1365,"Aff. No. :1130287
Sch. Code:30267","State : MAHARASHTRA
District : SATARA",Senior Secondary Level,"Name : PODAR INTERNATIONAL SCHOOL SATARA
Head/Principal Name: Sunil Singh Rawat","Address : 43/1B PANDIT PARK, TAMJAI NAGAR, KARANJE
Website : www.podareducation.org/school/satara"
1366,"Aff. No. :1130289
Sch. Code:30239","State : MAHARASHTRA
District : SATARA",Secondary Level,"Name : UNIVERSAL KNOWLEDGE SCHOOL
Head/Principal Name: SIRI AKKALA","Address : VARYE, SATARA.
Website : www.ukschool.in"
1367,"Aff. No. :1130300
Sch. Code:30238","State : MAHARASHTRA
District : SATARA",Secondary Level,"Name : DR.P.V. SUKHATME ENGLISH MEDIUM SCHOOL
Head/Principal Name: Ghanshyam Chandrakant Chavan","Address : GOURISHANKAR EDUCATION SOCIETY, GRAHAK SANGH, MARKET YARD, SATARA 415001
Website : www.gourishankarsukhatmeschool.in"
1368,"Aff. No. :1130966
Sch. Code:30921","State : MAHARASHTRA
District : SATARA",Secondary Level,"Name : MARY MATHA ENGLISH MEDIUM SCHOOL
Head/Principal Name: JINO THOMAS","Address : AT POST- PINGLI (BK), DAHIWADI, TA. MAN DIST- SATARA -415506
Website : www.marymathadahiwadi.edu.in"
1369,"Aff. No. :1131010
Sch. Code:30984","State : MAHARASHTRA
District : SATARA",Senior Secondary Level,"Name : RAYAT ENGLISH MEDIUM SCHOOL , SAIDAPUR , KARAD.
Head/Principal Name: ROHINI NANASO PAWAR","Address : S.G.M COLLEGE CAMPUS,VIDYANAGAR ,SAIDAPUR ,KARAD.TAL-KARAD ,DIST - SATARA.PIN - 415315
Website : http://www.remskarad.in/"
1370,"Aff. No. :1130852
Sch. Code:30783","State : MAHARASHTRA
District : SATARA",Senior Secondary Level,"Name : ACADEMIC HEIGHTS PUBLIC SCHOOL
Head/Principal Name: Jagdeepkumar A. Gade","Address : A/P NANDLAPUR, KARAD
Website : www.karad@academicheights.in"
1371,"Aff. No. :1130558
Sch. Code:30731","State : MAHARASHTRA
District : SATARA",Secondary Level,"Name : JAYWANT INTERNATIONAL SCHOOL
Head/Principal Name: Mithari Dattaprasad Baliram","Address : A/P-WATHAR KARAD SATARA
Website : www.kfjis.in"
1372,"Aff. No. :1130615
Sch. Code:30598","State : MAHARASHTRA
District : SATARA",Senior Secondary Level,"Name : YASHODA PUBLIC SCHOOL, SATARA
Head/Principal Name: AMITA DOGRA","Address : NH-4, WADHE PHATA
Website : www.ypssatara.com"
1373,"Aff. No. :1130587
Sch. Code:30552","State : MAHARASHTRA
District : SATARA",Senior Secondary Level,"Name : VISHWAJYOT INTERNATIONAL SCHOOL
Head/Principal Name: Ramona Anthony DSouza","Address : SURVEY NO. 22/1, PHARANDWADI
Website : www.vishwajyot.com"
1374,"Aff. No. :1130593
Sch. Code:30521","State : MAHARASHTRA
District : SATARA",Secondary Level,"Name : VIVEKANANDA ACADEMY OF HUMAN EXCELLENCE
Head/Principal Name: ASHOK SIDDAYYA SALI","Address : AT/POST-CHIMANGAON,TAL-KOREGAON,DIST-SATARA,MAHARASHTRA STATE.
Website : www.vahecbseschool.org"
1375,"Aff. No. :1131235
Sch. Code:31222","State : MAHARASHTRA
District : SATARA",Secondary Level,"Name : VISHWAJYOT INTERNATIONAL SCHOOL
Head/Principal Name: VIJAY GILBILE","Address : PADEGAON , TALUKA KHANDALA
Website : http://www.vishwajyot.com/lonand"
1376,"Aff. No. :1131288
Sch. Code:31275","State : MAHARASHTRA
District : SATARA",Secondary Level,"Name : KRANTIVEER ENGLISH MEDIUM SCHOOL
Head/Principal Name: VINCENT JOHN","Address : INJABAV ROAD, NEAR WATER TANK, TALUKA-MAN
Website : www.krantiveerschool.com"
1377,"Aff. No. :1131361
Sch. Code:31350","State : MAHARASHTRA
District : SATARA",Secondary Level,"Name : CAMBRIDGE INTERNATIONAL ENGLISH MEDIUM SCHOOL
Head/Principal Name: ROHINI RAJENDRA CHAVAN","Address : 406/9, WADHE, WADHE
Website : www.cambridgeschoolsatara.com"
1378,"Aff. No. :1131179
Sch. Code:31165","State : MAHARASHTRA
District : SATARA",Secondary Level,"Name : MOUNT CARMEL CONVENT SCHOOL
Head/Principal Name: STELLA MARIA","Address : LONAND, LONAND
Website : www.mountcarmels.in"
1379,"Aff. No. :1131130
Sch. Code:31116","State : MAHARASHTRA
District : SATARA",Secondary Level,"Name : APPASAHEB BHAURAO PATIL ENGLISH MEDIUM SCHOOL
Head/Principal Name: MEGHA SANDEEP PAWAR","Address : 534 A & B, D.G.COLLEGE CAMPUS SADARBAZAR,SATARA.
Website : http://abpems.edu.in/"
1380,"Aff. No. :1131430
Sch. Code:31419","State : MAHARASHTRA
District : SATARA",Senior Secondary Level,"Name : MARY MATHA HIGH SCHOOL & JR. COLLEGE
Head/Principal Name: SANU K U","Address : MHASWAD, TALUKA - MAN, SATARA
Website : https://www.marymathamhaswad.com"
1381,"Aff. No. :1131635
Sch. Code:31635","State : MAHARASHTRA
District : SATARA",Senior Secondary Level,"Name : TRINITY INTERNATIONAL SCHOOL
Head/Principal Name: MRIDULA BANERJEE","Address : GAT NO. 727, SATEWADI, KHATAV, VADUJ
Website : https://trinityinternationalschool.in/Vaduj"
1382,"Aff. No. :1140025
Sch. Code:34085","State : MAHARASHTRA
District : SATARA",Senior Secondary Level,"Name : PM SHRI SCHOOL JAWAHAR NAVODAYA VIDYALAYA
Head/Principal Name: ANCY A J","Address : KHAWALI, KSHETRA MAHULI ,DISTT SATARA MAHARASTRA
Website : https://www.navodaya.gov.in/nvs/nvs-school/Satara/"
1383,"Aff. No. :1131544
Sch. Code:31541","State : MAHARASHTRA
District : SOLAPUR",Secondary Level,"Name : VIVEKANAND PUBLIC SCHOOL
Head/Principal Name: AYESHA INAMDAR","Address : BARSHI ROAD, SOLAPUR, SOLAPUR
Website : www.vivekanandpublicschool.co.in"
1384,"Aff. No. :1131547
Sch. Code:31544","State : MAHARASHTRA
District : SOLAPUR",Secondary Level,"Name : KARANDE INTERNATIONAL SCHOOL AND JUNIOR COLLEGE
Head/Principal Name: SHRIDHAR SHIVAJI KARANDE","Address : A/P-KARANDENAGAR(JUJARPUR), TAL-SANGOLA, DIST-SOLAPUR
Website : www.dnyankunjvidyapeeth.org"
1385,"Aff. No. :1131419
Sch. Code:31408","State : MAHARASHTRA
District : SOLAPUR",Secondary Level,"Name : C. B. KHEDGI INTERNATIONAL SCHOOL
Head/Principal Name: VYANKATESH MALHARRAO BAKSHI","Address : NEAR C. B. KHEDGI COLLEGE, NEAR NEW PALACE, BYPASS ROAD
Website : https://cbkischool.in/"
1386,"Aff. No. :1131409
Sch. Code:31398","State : MAHARASHTRA
District : SOLAPUR",Secondary Level,"Name : SND INTERNATIONAL SCHOOL NATEPUTE
Head/Principal Name: SANDIP SADASHIV PANSARE","Address : PUNE- PANDHARPUR ROAD, NATEPUTE, TAL. MALSHIRAS
Website : www.sndinternationalschool.com"
1387,"Aff. No. :1131383
Sch. Code:31372","State : MAHARASHTRA
District : SOLAPUR",Senior Secondary Level,"Name : INDIAN MODEL INTERNATIONAL SCHOOL
Head/Principal Name: MANASI MAHESH JOSHI","Address : S.NO.99/7 ,NEAR VIVEKANAND KENDRA, JULE SOLAPUR , SOLAPUR
Website : www.indianmodelinternationalschool.com"
1388,"Aff. No. :1131498
Sch. Code:31487","State : MAHARASHTRA
District : SOLAPUR",Secondary Level,"Name : NOTRE DAME ACADEMY
Head/Principal Name: RANJANA JOSEPH","Address : SIDDESHWAR VIDYUT NAGAR, NTPC TOWNSHIP, FATATEWADI, P.O. HOTGI STATION, TAL. SOUTH SOLAPUR, DIST. SOLAPUR
Website : https://www.notredameacademyntpcsolapur.com"
1389,"Aff. No. :1131133
Sch. Code:30993","State : MAHARASHTRA
District : SOLAPUR",Secondary Level,"Name : ARIHANT PUBLIC SCHOOL
Head/Principal Name: Supriya Sanjeev Bahirat","Address : MANISHA NAGAR, NEAR DESHMUKH PETROL PUMP, PANDHARPUR
Website : www.cbse.arihantps.com"
1390,"Aff. No. :1131105
Sch. Code:31090","State : MAHARASHTRA
District : SOLAPUR",Secondary Level,"Name : FABTECH PUBLIC SCHOOL,SANGOLA
Head/Principal Name: Sikandar D. Patil","Address : FABTECH PUBLIC SCHOOL,SANGOLA,PANDHARPUR ROAD,GAT.NO.565/1,TAL. SANGOLA,DIST. SOLAPUR,P.O.BOX NO.04
Website : www.fabtecheducation.com"
1391,"Aff. No. :1131164
Sch. Code:31149","State : MAHARASHTRA
District : SOLAPUR",Secondary Level,"Name : PHOENIX PODAR LEARN SCHOOL
Head/Principal Name: RAVI BANDAPPA BELURE","Address : ALIPUR, TALUKA BARSHI
Website : http://podarlearnschoolbarshi.in/"
1392,"Aff. No. :1131316
Sch. Code:31303","State : MAHARASHTRA
District : SOLAPUR",Secondary Level,"Name : ADARSH PUBLIC SCHOOL AKULGAON (KURDUWADI)
Head/Principal Name: Bhartte Dilip Mehta","Address : NEAR WATER TANK , POST AKULGAON TAL MADHA
Website : http://www.adarshpublic.com"
1393,"Aff. No. :1140027
Sch. Code:34086","State : MAHARASHTRA
District : SOLAPUR",Senior Secondary Level,"Name : PM SHRI SCHOOL JAWAHAR NAVODAYA VIDYALAYA
Head/Principal Name: S C KOTHADI","Address : MOHOL TQ SOLAPUR DIST. MAHARASTRA
Website : https://www.navodaya.gov.in/nvs/nvs-school/Solapur"
1394,"Aff. No. :1130592
Sch. Code:30523","State : MAHARASHTRA
District : SOLAPUR",Secondary Level,"Name : SHREE SWAMINARAYAN GURUKUL INTERNATIONAL SCHOOL
Head/Principal Name: MANOHAR LINGAM","Address : AKKALKOT ROAD, PO. KUMBHARI,
Website : www.gurukulworld.org/solapur"
1395,"Aff. No. :1130568
Sch. Code:30491","State : MAHARASHTRA
District : SOLAPUR",Secondary Level,"Name : THE GREENFINGERS SCHOOL
Head/Principal Name: UMAKANT BARAL","Address : PO YESHWANTNAGAR
Website : www.gfsakluj.com"
1396,"Aff. No. :1130597
Sch. Code:30584","State : MAHARASHTRA
District : SOLAPUR",Secondary Level,"Name : VISHWASHANTI GURUKUL SCHOOL
Head/Principal Name: Rekha Dilip Patil","Address : OPP. DUDH PANDHARI, KEGAON, NORTH SOLAPUR, SOLAPUR.
Website : https://mitvgschools.edu.in/solapur-home/"
1397,"Aff. No. :1130510
Sch. Code:30438","State : MAHARASHTRA
District : SOLAPUR",Senior Secondary Level,"Name : SINHGAD PUBLIC SCHOOL
Head/Principal Name: Cheatali Sunil Marathe","Address : GAT NO. 273/2/A, KAMLAPUR, TAL. SANGOLA DIST. SOLAPUR, PIN CODE: 413307
Website : http://www.spsk.org.in"
1398,"Aff. No. :1130648
Sch. Code:30583","State : MAHARASHTRA
District : SOLAPUR",Secondary Level,"Name : AARYA PUBLIC SCHOOL
Head/Principal Name: Ravindra Radhakrishna Lokhande","Address : AT GANGAMAINAGAR, POST PIMPALNER, TALUKA MADHA
Website : www.aaryaps.com"
1399,"Aff. No. :1130757
Sch. Code:30660","State : MAHARASHTRA
District : SOLAPUR",Secondary Level,"Name : NAGESH KARAJAGI ORCHID SCHOOL, SOLAPUR.
Head/Principal Name: Rupali Mahesh Hajare","Address : 125/2, MURARJI PETH, SOLAPUR, DIST. SOLAPUR- STATE-MAHARASHTRA 413001
Website : www.nkorchidschool.com"
1400,"Aff. No. :1130883
Sch. Code:30844","State : MAHARASHTRA
District : SOLAPUR",Senior Secondary Level,"Name : SANGAMESHWAR PUBLIC SCHOOL
Head/Principal Name: TOJI JOSE","Address : SAT RASTA, OPPO.BIG BAZAR, SOLAPUR
Website : www.sanps.in"
1401,"Aff. No. :1130900
Sch. Code:30869","State : MAHARASHTRA
District : SOLAPUR",Secondary Level,"Name : LEAD SCHOOL
Head/Principal Name: KAMINI JOSHI","Address : CHORIYA TOWNSHIP OPPOSITE HP PETROLIUM AHMEDNAGAR ROAD KARMALA
Website : www.leadschoolkarmala.com"
1402,"Aff. No. :1130770
Sch. Code:30682","State : MAHARASHTRA
District : SOLAPUR",Secondary Level,"Name : LEAD SCHOOL, AKKALKOT
Head/Principal Name: Kumar Magadum","Address : GAT NO. 630, KANTHOLI ROAD, NEAR MIDC, AKKALKOT, SOLAPUR 413216
Website : https://leadschoolakkalkot.leadschool.in"
1403,"Aff. No. :1130811
Sch. Code:30755","State : MAHARASHTRA
District : SOLAPUR",Secondary Level,"Name : AARYA PUBLIC SCHOOL, MADHA
Head/Principal Name: Sagar Jivraj Thorat","Address : NEAR SUNANDA SPINNING MILL, SOLAPUR ROAD, MADHA
Website : https://www.apsmadha.com"
1404,"Aff. No. :1130836
Sch. Code:30772","State : MAHARASHTRA
District : SOLAPUR",Secondary Level,"Name : LEAD SCHOOL, KURDUWADI
Head/Principal Name: SATISH RAMESH GOSAVI","Address : CHHORIYA TOWNSHIP, GAT NO.301A-B-C, PANDHARPUR BARSHI BYPASS, KURDUWADI, SOLAPUR- 413208
Website : https://leadschool.in/leadschoolkurduwadi/"
1405,"Aff. No. :1131015
Sch. Code:30990","State : MAHARASHTRA
District : SOLAPUR",Secondary Level,"Name : GLOBAL INTERNATIONAL SCHOOL MOROCHI
Head/Principal Name: Laxman Anandappa Patil","Address : AT/POST MOROCHI TAL MALSHIRAS DIST SOLAPUR 413109
Website : https://gismorochi.in/"
1406,"Aff. No. :1130975
Sch. Code:30938","State : MAHARASHTRA
District : SOLAPUR",Secondary Level,"Name : KARMAYOGI PUBLIC SCHOOL
Head/Principal Name: Siba Narayan Dash","Address : GAT NO 231/1/2,213 AT POST SHELVE TAL PANDHARPUR DIST SOLAPUR
Website : https://karmayogi.school.in"
1407,"Aff. No. :1131058
Sch. Code:31035","State : MAHARASHTRA
District : SOLAPUR",Secondary Level,"Name : SHREE SHARDEYA GURUKUL PUBLIC SCHOOL
Head/Principal Name: Sanjay Ingole","Address : SURLI ROAD, TEMBHURNI, TAL: MADHA, DIST: SOLAPUR.
Website : www.shreeshardeyagurukul.com"
1408,"Aff. No. :1131023
Sch. Code:30991","State : MAHARASHTRA
District : SOLAPUR",Secondary Level,"Name : SUNRISE ENGLISH MEDIUM SCHOOL
Head/Principal Name: SHAHIDA ASLAM PATHAN","Address : NAGORLI ROAD, TEMBHURNI TAL:- MADHA DIST:- SOLAPUR - 413211
Website : http://sunriseenglishmediumschool.com"
1409,"Aff. No. :1130956
Sch. Code:30909","State : MAHARASHTRA
District : SOLAPUR",Secondary Level,"Name : SHIVRATNA SCHOOL
Head/Principal Name: BINO K PAULOSE","Address : YESHWANTNAGAR-POST, MALSHIRAS-TAL, SOLAPUR-DIST.
Website : https://shivratnaschool.in/index.html"
1410,"Aff. No. :1130935
Sch. Code:30888","State : MAHARASHTRA
District : SOLAPUR",Secondary Level,"Name : GLOBAL VILLAGE PUBLIC SCHOOL, BORAMANI
Head/Principal Name: ASMA MAULA NADAF","Address : SURVEY NO 503, B/2, MAHATMA GANDHI GLOBAL VILLAGE, NEAR PRIMARY AROGYA KENDRA, BORAMANI, TAL. SOLAPUR, DIST. SOLAPUR - 413002
Website : http://globalvillagesolapur.com/global-village-pub"
1411,"Aff. No. :1130942
Sch. Code:30898","State : MAHARASHTRA
District : SOLAPUR",Secondary Level,"Name : KLE ENGLISH MEDIUM SCHOOL
Head/Principal Name: Ranjana Joseph","Address : NTPC,FATATEWADI, TAL-SOUTH-SOLAPUR. DIST-SOLAPUR.
Website : http://www.klesociety.org"
1412,"Aff. No. :1130295
Sch. Code:30210","State : MAHARASHTRA
District : SOLAPUR",Senior Secondary Level,"Name : SINHGAD PUBLIC SCHOOL
Head/Principal Name: Smita Dadasaheb Navale","Address : PANDHARPUR-KARAD ROAD, KORTI
Website : http://spsp.spspm.org.in/"
1413,"Aff. No. :1130307
Sch. Code:30245","State : MAHARASHTRA
District : SOLAPUR",Senior Secondary Level,"Name : SINHGAD PUBLIC SCHOOL
Head/Principal Name: Shaheen R. Shaikh","Address : PUNE-SHOLAPUR ROAD, OPP. SHOLAPUR UNIVERSITY.
Website : http://www.sinhgad.edu"
1414,"Aff. No. :1130321
Sch. Code:30248","State : MAHARASHTRA
District : SOLAPUR",Senior Secondary Level,"Name : SAINT JOSEPH'S ENGLISH MEDIUM SCHOOL,BARSHI
Head/Principal Name: VARGHESE AUGUSTHY","Address : 66,GATTACHI WADI,AGALEGAON ROAD,BARSHI
Website : www.stjosephschoolbarshi.com"
1415,"Aff. No. :1130245
Sch. Code:30191","State : MAHARASHTRA
District : SOLAPUR",Senior Secondary Level,"Name : SUYASH CENTRAL SCHOOL
Head/Principal Name: VIDYA KESHAV SHINDE","Address : BIJAPUR ROAD, NEAR SRP CAMP, SHOLAPUR
Website : www.suyashcentralschool.org.in"
1416,"Aff. No. :1130269
Sch. Code:30223","State : MAHARASHTRA
District : SOLAPUR",Secondary Level,"Name : INDIAN MODEL SCHOOL
Head/Principal Name: APARNA SANTOSH KULKARNI","Address : JULE SOLAPUR, NEAR JULE SOLAPUR WATER TANK, SOLAPUR
Website : www.imscbse.com"
1417,"Aff. No. :1130191
Sch. Code:30174","State : MAHARASHTRA
District : SOLAPUR",Senior Secondary Level,"Name : KLE ENGLISH MEDIUM SCHOOL
Head/Principal Name: Madiwalayya S Hiremath","Address : NARSIMHA NAGAR, JULE-SHOLAPUR, MAHARASHTRA
Website : https://kleschoolsolapur.com/"
1418,"Aff. No. :1130434
Sch. Code:30344","State : MAHARASHTRA
District : SOLAPUR",Secondary Level,"Name : MAEERS VISHWASHANTI GURUKUL NIVASI SCHOOL
Head/Principal Name: SHIVAJI BHARAT GAVALI","Address : AT.POST WAKHARI,AKLUJ-PANDHARPUR ROAD,DIST SOLAPUR
Website : http://www.mitvgschools.edu.in/"
1419,"Aff. No. :1130481
Sch. Code:30524","State : MAHARASHTRA
District : SOLAPUR",Senior Secondary Level,"Name : LOTUS ENGLISH SCHOOL
Head/Principal Name: Dr. Jayshree Rahul Bhosale","Address : OLD KASEGAON ROAD,KASEGAON,PANDHARPUR,MAHARASHTRA,PIN CODE-413304.
Website : http://www.les.svipe.edu.in"
1420,"Aff. No. :1130397
Sch. Code:30408","State : MAHARASHTRA
District : SOLAPUR",Secondary Level,"Name : PODAR INTERNATIONAL SCHOOL
Head/Principal Name: SAMARENDRA PANIGRAHI","Address : SURVEY NO:16/9,OM GARDENS, NEXT TO RAJASWA NAGAR.VIJAPUR ROAD.SHOLAPUR
Website : https://www.podareducation.org/school/solapur"
1421,"Aff. No. :1130383
Sch. Code:30288","State : MAHARASHTRA
District : SOLAPUR",Secondary Level,"Name : SMT. PRAYAG KARAD ENGLISH MEDIUM HIGH SCHOOL,
Head/Principal Name: Aneesh Nadh EM","Address : INDUSTRIAL ESTATE NO.3, LATUR ROAD, JAMGAON(A) TAL. BARSHI. DIST. SOLAPUR.
Website : http://mitvgschools.edu.in/barshi"
1422,"Aff. No. :1100045
Sch. Code:34074","State : MAHARASHTRA
District : SOLAPUR",Senior Secondary Level,"Name : PM SHRI KENDRIYA VIDYALAYA
Head/Principal Name: UMAKANT JOSHI","Address : NEAR SOLAPUR CENTRAL RAILWAY INSTITUTE BHAYYA CHOWK SOLAPUR MAHARASHTRA
Website : www.kvcrlysolapur.com"
1423,"Aff. No. :1130925
Sch. Code:30885","State : MAHARASHTRA
District : SINDHUDURG",Senior Secondary Level,"Name : BR NATH PAI CENTRAL SCHOOL KUDAL
Head/Principal Name: CHAITALI SIDDHESH BANDEKAR","Address : BR NATH PAI SHAIKSHANIK BHAWAN, PLOT NO 4, MIDC, A/S PINGULI, TAL - KUDAL, DIST - SINDHUDURG
Website : www.bnpcbse.com"
1424,"Aff. No. :1130979
Sch. Code:30932","State : MAHARASHTRA
District : SINDHUDURG",Secondary Level,"Name : YASHWANTRAO BHONSALE SAINIK SCHOOL
Head/Principal Name: Priyanka Shashikant Desai","Address : BHONSALE KNOWLEDGE CITY,A/P CHARATHE VAZARWADI
Website : www.ybischool.com"
1425,"Aff. No. :1131248
Sch. Code:31235","State : MAHARASHTRA
District : SINDHUDURG",Secondary Level,"Name : PODAR INTERNATIONAL SCHOOL
Head/Principal Name: Rani Maaria Xavier","Address : VARCHI WADI, KANKAVLI
Website : https://www.podareducation.org/school/kankavli/"
1426,"Aff. No. :1140022
Sch. Code:34080","State : MAHARASHTRA
District : SINDHUDURG",Senior Secondary Level,"Name : PM SHRI SCHOOL JAWAHAR NAVODAYA VIDYALAYA
Head/Principal Name: A G KAMBLE","Address : A/P SANGELI-SAVARWAD TAL SAWANTWADI DIST SINDHUDURG MAHARASHTRA
Website : https://www.navodaya.gov.in/nvs/nvs-school/Sindhud"
1427,"Aff. No. :1140003
Sch. Code:34054","State : MAHARASHTRA
District : THANE",Senior Secondary Level,"Name : PM SHRI SCHOOL JAWAHAR NAVODAYA VIDYALAYA
Head/Principal Name: P John David William","Address : MAHIM TAL: PALGHAR THANE DISTT MAHARASHTRA
Website : http://www.navodaya.gov.in/NVS/nvs-school/PALGHAR/"
1428,"Aff. No. :1131626
Sch. Code:31625","State : MAHARASHTRA
District : THANE",Secondary Level,"Name : WESTERN RIDGE INTERNATIONAL SCHOOL
Head/Principal Name: Vasantha Rajpurohit","Address : 90FT ROAD, BEHIND SAKET COLLEGE, KALYAN EAST
Website : https://westernridgeintschool.in"
1429,"Aff. No. :1131623
Sch. Code:31622","State : MAHARASHTRA
District : THANE",Senior Secondary Level,"Name : ST. XAVIER'S INTERNATIONAL SCHOOL
Head/Principal Name: Laxmi Pichandi Gounder","Address : SURVEY NO 82/4 B, 84/1, 84/2, 82/10/6, SURVEY NO 82/4 B, 84/1, 84/2, 82/10/6, SURVEY NO 82/4 B, 84/1, 84/2, 82/10/6
Website : www.stxaviersinternationalschool.com"
1430,"Aff. No. :1131615
Sch. Code:31614","State : MAHARASHTRA
District : THANE",Secondary Level,"Name : ORCHIDS THE INTERNATIONAL SCHOOL
Head/Principal Name: Swapna Utpal Torane","Address : PLOT NO.59, SECTOR 14 KOPARKHAIRANE, NAVI MUMBAI DIST THANE.
Website : https://orchidsinternationalschoolkkh14.com"
1431,"Aff. No. :1131602
Sch. Code:31600","State : MAHARASHTRA
District : THANE",Senior Secondary Level,"Name : DRT KNOWLEDGE HUB INTERNATIONAL SCHOOL
Head/Principal Name: SHAHEEN SAMEER SHAIKH","Address : SURVEY NO. 101 HISSA NO. 7 , OPP A.E. KALSEKAR DEGREE COLLEGE, GHC HOSPITAL LANE, KAUSA, MUMBRA,THANE
Website : http://drtkhis.com"
1432,"Aff. No. :1131605
Sch. Code:31604","State : MAHARASHTRA
District : THANE",Senior Secondary Level,"Name : SEVEN SQUARE ACADEMY
Head/Principal Name: SUSHMA V SHARMA","Address : GHODBUBDER ROAD, OPPOSITE VIHAN VALLEY , PHASE-1, SAINAGAR, KASARVADAVALI, THANE, TALUKA- THANE
Website : https://www.thane.sevensquareacademy.org"
1433,"Aff. No. :1131592
Sch. Code:31589","State : MAHARASHTRA
District : THANE",Secondary Level,"Name : THANEKAR INTERNATIONAL SCHOOL
Head/Principal Name: SWARUPA PARTHA CHAKRABORTI","Address : SURVEY NO 2/1, SAPE VILLAGE, KARJAT- BADLAPUR ROAD, , SAPE, TAL-AMBARNATH
Website : www.tisbadlapur.edu.in"
1434,"Aff. No. :1131537
Sch. Code:31534","State : MAHARASHTRA
District : THANE",Secondary Level,"Name : VIBGYOR HIGH SCHOOL
Head/Principal Name: Tejaswini Katdare","Address : PLOT NO 114, SECTOR 8A, , AIROLI, NAVI MUMBAI
Website : https://www.vibgyorhigh.com/school/navi-mumbai/cbse/airoli"
1435,"Aff. No. :1131542
Sch. Code:31539","State : MAHARASHTRA
District : THANE",Secondary Level,"Name : EUROSCHOOL
Head/Principal Name: JIMMY PURUSHOTTAM AGRAWAL","Address : DOSTI WEST COUNTY, BHIWANDI WADA ROAD, OLD MUMBAI-AGRA NATIONAL HIGHWAY, BALKUM PADA, THANE WEST
Website : https://www.euroschoolindia.com/balkum-thane/"
1436,"Aff. No. :1131583
Sch. Code:31580","State : MAHARASHTRA
District : THANE",Senior Secondary Level,"Name : EUROSCHOOL
Head/Principal Name: JYOTI RAVI SHANKAR NAIR","Address : SURVEY NO'S 55/8, 55/9, 55/10, LODHA UPPER THANE TOWNSHIP, MANKOLI, BHIWANDI, THANE
Website : https://www.euroschoolindia.com/upper-thane/"
1437,"Aff. No. :1131584
Sch. Code:31581","State : MAHARASHTRA
District : THANE",Secondary Level,"Name : EUROSCHOOL
Head/Principal Name: Manmit Sukhdev Singh Behel","Address : S NO. 19, 44/1, 49,, RUNWAL GARDEN,, MANPADA, GHARIWALI, KALYAN
Website : https://www.euroschoolindia.com/dombivli/"
1438,"Aff. No. :1131579
Sch. Code:31576","State : MAHARASHTRA
District : THANE",Secondary Level,"Name : ORCHIDS THE INTERNATIONAL SCHOOL
Head/Principal Name: Binny Kaur","Address : PLOT NO 05 & PLOT NO 06,, SECTOR 40,NERUL, NAVI MUMBAI ,THANE
Website : https://orchidsinternationalschoolseawoods.com"
1439,"Aff. No. :1131581
Sch. Code:31578","State : MAHARASHTRA
District : THANE",Secondary Level,"Name : PES GLOBAL SCHOOL
Head/Principal Name: ALHAD DATTATRAYA JOSHI","Address : MITHBUNDER ROAD, , KOPRI, THANE EAST
Website : https://pesglobalschool.com/"
1440,"Aff. No. :1131569
Sch. Code:31566","State : MAHARASHTRA
District : THANE",Secondary Level,"Name : ORCHIDS THE INTERNATIONAL SCHOOL
Head/Principal Name: Sharmila Thakur","Address : DNC MULTIPURPOSE CAMPUS,, DNC RD, SUDAM WADI, DOMBIVLI EAST, DOMBIVLI,
Website : https://orchidsinternationalschooldombivli.com/"
1441,"Aff. No. :1131496
Sch. Code:31485","State : MAHARASHTRA
District : THANE",Secondary Level,"Name : SARASWATI ENGLISH MEDIUM SCHOOL
Head/Principal Name: GAURI YATIN NAIK","Address : M.G.ROAD, NAUPADA, THANE WEST
Website : http://www.smtthane.org"
1442,"Aff. No. :1131503
Sch. Code:31492","State : MAHARASHTRA
District : THANE",Secondary Level,"Name : SARDAR VALLABHBHAI PATEL VIDYALAYA
Head/Principal Name: SABINA KESHWANI","Address : BEHIND SHIVAR GARDEN,, OPP. VARDHMAN FANTASY, MIRA ROAD EAST
Website : www.svpv.in/cbse"
1443,"Aff. No. :1131518
Sch. Code:31515","State : MAHARASHTRA
District : THANE",Senior Secondary Level,"Name : BBRT INTERNATIONAL SCHOOL
Head/Principal Name: GUNVANT BHANGALE","Address : OPPOSITE ROYAL GARDEN LAWNS, KALYAN MURBAD ROAD, KAMBA VILLAGE KALYAN
Website : https://bbrtintschool.com/"
1444,"Aff. No. :1131473
Sch. Code:31462","State : MAHARASHTRA
District : THANE",Secondary Level,"Name : GEI'S BLOSSOM ENGLISH SCHOOL
Head/Principal Name: Kajol Girishdatta Shukla","Address : SHIVAJI PATH , THANE (WEST), THANE
Website : www.geiblossomenglishschool.com"
1445,"Aff. No. :1131478
Sch. Code:31467","State : MAHARASHTRA
District : THANE",Secondary Level,"Name : ST WILFRED SCHOOL
Head/Principal Name: Parvinder Kaur Bakshi","Address : OPP, HATKESH RD, SANGHVI NAGAR,, MIRA ROAD, MIRA BHAYANDAR, MAHARASHTRA, MAHARASHTRA
Website : https://wilfredsschool.in/"
1446,"Aff. No. :1131465
Sch. Code:31454","State : MAHARASHTRA
District : THANE",Secondary Level,"Name : RYAN INTERNATIONAL SCHOOL
Head/Principal Name: Sandeepa Kumar","Address : SURVEY NO. 108/1, , USARGHAR DOMBIVLI EAST, THANE
Website : https://shorturl.at/FZvn2"
1447,"Aff. No. :1131451
Sch. Code:31440","State : MAHARASHTRA
District : THANE",Senior Secondary Level,"Name : NARAYANA E-TECHNO SCHOOL
Head/Principal Name: MANNEM LATHA","Address : S. NO 47,1,6,8,9, AND 48/1B,1C,1D,1E, DHOKALI , THANE WEST
Website : https://www.narayanaschools.in/mumbai/thane/"
1448,"Aff. No. :1131387
Sch. Code:31376","State : MAHARASHTRA
District : THANE",Secondary Level,"Name : MAEERS DR VISHWANATH KARAD VISHWAJYOTI INTERNATIONAL SCHOOL
Head/Principal Name: SANGEETA MISHRA","Address : NEAR GREEN VALLEY STUDIOS , MIRA ROAD EAST, MUMBAI
Website : www.mitvis.co.in"
1449,"Aff. No. :1131390
Sch. Code:31379","State : MAHARASHTRA
District : THANE",Secondary Level,"Name : SARASWATI VIDYALAYA
Head/Principal Name: RENUKA MEHTA","Address : KAVESAR, GHODBUNDER ROAD, THANE (W)
Website : http://WWW.GB.SVPTSARASWATI.COM"
1450,"Aff. No. :1131403
Sch. Code:31392","State : MAHARASHTRA
District : THANE",Senior Secondary Level,"Name : VIBGYOR RISE
Head/Principal Name: Dushyant Bafna","Address : OPP MOHAN ALTEZZA THARWANI CIRCLE, VASANT VALLEY ROAD KALYAN WEST 421301, NEAR D MART
Website : https://www.vibgyorrise.com/schools/kalyan"
1451,"Aff. No. :1131392
Sch. Code:31381","State : MAHARASHTRA
District : THANE",Senior Secondary Level,"Name : KENT VALLEY INTERNATIONAL SCHOOL
Head/Principal Name: REENA PANDEY","Address : AT POST ANKHAR TITWALA (E) KALYAN , THANE , THANE
Website : www.kviscbseboard.com"
1452,"Aff. No. :1131398
Sch. Code:31387","State : MAHARASHTRA
District : THANE",Secondary Level,"Name : M.E.S. VIDYA MANDIR
Head/Principal Name: SHUBHANGI RAJENDRA SHINDE","Address : SECTOR 21/22, PLOT NO. 09, INCOME TAX COLONY, C.B.D. BELAPUR
Website : https://vidyamandirbelapur.mespune.in"
1453,"Aff. No. :1131417
Sch. Code:31406","State : MAHARASHTRA
District : THANE",Senior Secondary Level,"Name : CORAL BELLS INTERNATIONAL SCHOOL AND JUNIOR COLLEGE
Head/Principal Name: THANALAXMI SANDIL KUMAR NADAR","Address : PLOT NO.- 90,, NEAR SHIV SHANKAR TOWER, SECTOR 20 B,
Website : http://coralbellsairoli.in/"
1454,"Aff. No. :1131440
Sch. Code:31429","State : MAHARASHTRA
District : THANE",Secondary Level,"Name : B.S.BANE INTERNATIONAL SCHOOL
Head/Principal Name: Rupali Mandlik","Address : OLD MHADA COLONY, , SWAMI VIVEKANAND NAGAR,, NEAR VASANT VIHAR THANE WEST
Website : www.bsbis.in"
1455,"Aff. No. :1131249
Sch. Code:31236","State : MAHARASHTRA
District : THANE",Senior Secondary Level,"Name : NEW HORIZON SCHOLARS SCHOOL
Head/Principal Name: Mrs. Mani Srivastava","Address : KOLSHET, THANE WEST
Website : https://www.nhssrodas.com"
1456,"Aff. No. :1131251
Sch. Code:31238","State : MAHARASHTRA
District : THANE",Senior Secondary Level,"Name : INDO SCOT GLOBAL SCHOOL
Head/Principal Name: Nikita Kothari","Address : RAM MARUTI ROAD, THANE (WEST)
Website : https://www.indoscotsthane.com"
1457,"Aff. No. :1131252
Sch. Code:31239","State : MAHARASHTRA
District : THANE",Senior Secondary Level,"Name : NARAYANA E-TECHNO SCHOOL
Head/Principal Name: SAVITA RATHI","Address : NEAR KDMC BUS DEPOT, GHANDHARE ROAD, KALYAN WEST
Website : https://www.narayanaschools.in/mumbai/kalyan/"
1458,"Aff. No. :1131257
Sch. Code:31244","State : MAHARASHTRA
District : THANE",Senior Secondary Level,"Name : NARAYANA E-TECHNO SCHOOL
Head/Principal Name: VIJAYA LAKSHMI MUNAMARTHI","Address : OLD SEEMA RESORTS, KALYAN-MURBAD ROAD, VARAP GAON
Website : https://www.narayanaschools.in/mumbai/"
1459,"Aff. No. :1131242
Sch. Code:31229","State : MAHARASHTRA
District : THANE",Secondary Level,"Name : ROSARY HIGH SCHOOL
Head/Principal Name: SUMITA WADE","Address : BADLAPUR GAON ROAD, BADLAPUR WEST
Website : www.rosaryedu.org.in"
1460,"Aff. No. :1131246
Sch. Code:31233","State : MAHARASHTRA
District : THANE",Secondary Level,"Name : TAPOVAN VIDHYALAY
Head/Principal Name: Priyada Churi","Address : NEW KAMATGHAR ROAD, ANJUR PHATA, BHIWANDI
Website : https://www.tapovanvidhyalay.in"
1461,"Aff. No. :1131247
Sch. Code:31234","State : MAHARASHTRA
District : THANE",Senior Secondary Level,"Name : IDEAL ENGLISH SCHOOL
Head/Principal Name: MUKUNDA SAWALE","Address : KALYAN (E), DIST. THANE, , MAHARASHTRA - 421306
Website : https://theidealschool.in/"
1462,"Aff. No. :1131297
Sch. Code:31284","State : MAHARASHTRA
District : THANE",Secondary Level,"Name : GUARDIAN SCHOOL & JR COLLEGE
Head/Principal Name: Deepali Gawde","Address : PADALE, MAHARASHTRA
Website : https://guardiancbse.org"
1463,"Aff. No. :1131299
Sch. Code:31286","State : MAHARASHTRA
District : THANE",Secondary Level,"Name : GREATER VALLEY INTERNATIONAL SCHOOL
Head/Principal Name: DIPTI SATISH TIWARI","Address : TITWALA RAILWAY STATION GHOTSAI ROAD, NEAR A T NAGAR
Website : https://greatervalleyinternational.com"
1464,"Aff. No. :1131283
Sch. Code:31270","State : MAHARASHTRA
District : THANE",Senior Secondary Level,"Name : PHOENIX INTERNATIONAL & THE LILLIPUTS
Head/Principal Name: Rahel Sachin Khandagale","Address : SHREE RAM SANSTHA, AIROLI
Website : https://phoenixinternationalschoolandthelilliputs.com/"
1465,"Aff. No. :1131285
Sch. Code:31272","State : MAHARASHTRA
District : THANE",Secondary Level,"Name : SACRED HEART CONVENT SCHOOL
Head/Principal Name: Nimmy Baby","Address : P.O. - RAYTE , TALUKA - KALYAN, DISTRICT - THANE - 421301
Website : www.shnalimbi.in"
1466,"Aff. No. :1131286
Sch. Code:31273","State : MAHARASHTRA
District : THANE",Secondary Level,"Name : R. S. DAMANI SCHOOL
Head/Principal Name: SWEETY SUBODH BURSE","Address : SAWROLI ROAD, , TEHSIL - SHAHPUR
Website : https://rsdschool.org/"
1467,"Aff. No. :1131318
Sch. Code:31305","State : MAHARASHTRA
District : THANE",Secondary Level,"Name : PODAR INTERNATIONAL SCHOOL
Head/Principal Name: Tamali Lahiri","Address : NEAR CHAVINDRA OCTROI NAKA, TALUKA BHIWANDI
Website : https://www.podareducation.org/school/bhiwandi"
1468,"Aff. No. :1131334
Sch. Code:31321","State : MAHARASHTRA
District : THANE",Secondary Level,"Name : SWAMI DEVPRAKASH SCHOOL
Head/Principal Name: HEER VISHAL KUNDNANI","Address : SECTION 36 , NEAR RADHESHYAM GAUSHALA, ULHASNAGAR
Website : https://swamidevprakashschool.com"
1469,"Aff. No. :1131335
Sch. Code:31322","State : MAHARASHTRA
District : THANE",Senior Secondary Level,"Name : ZENITH INTERNATIONAL AND PETITE KIDS
Head/Principal Name: Ruby Verghese","Address : PLOT NO 13 AND 14, SECTOR-5, AIROLI
Website : https://zenithinternational.co.in"
1470,"Aff. No. :1131330
Sch. Code:31317","State : MAHARASHTRA
District : THANE",Secondary Level,"Name : OM PUBLIC SCHOOL
Head/Principal Name: VIJETA SINHA","Address : VILLAGE GONDE GHARTAL S.NO. 120/6, DIST. THANE 421204
Website : www.ompublicschool.org"
1471,"Aff. No. :1131324
Sch. Code:31311","State : MAHARASHTRA
District : THANE",Senior Secondary Level,"Name : NARAYANA E-TECHNO SCHOOL
Head/Principal Name: G BHAGHYASHRI","Address : GOLAVLI, DOMBIVALI
Website : https://www.narayanaschools.in/mumbai/dombivli"
1472,"Aff. No. :1131327
Sch. Code:31314","State : MAHARASHTRA
District : THANE",Senior Secondary Level,"Name : CENTRAL PUBLIC SCHOOL
Head/Principal Name: SABIHA NAAZ","Address : TAL BHIWANDI, THANE
Website : http://www.cpsbhiwandi.in"
1473,"Aff. No. :1131356
Sch. Code:31345","State : MAHARASHTRA
District : THANE",Senior Secondary Level,"Name : TILAK GLOBAL SCHOOL
Head/Principal Name: SANDHYA RAJESH NAIR","Address : PLOT NO 21 AND 22, SECTOR 5, GHANSOLI, NEAR GHANSOLI RAILWAY STATION
Website : www.tgsghansoli.in"
1474,"Aff. No. :1131366
Sch. Code:31355","State : MAHARASHTRA
District : THANE",Secondary Level,"Name : PODAR INTERNATIONAL SCHOOL
Head/Principal Name: POONAM THAKUR","Address : SURVEY NO 21/2B , 24/3, GHODBUNDER, MIRA ROAD, DISTRICT, THANE - 401107
Website : https://www.podareducation.org/school/miraroad"
1475,"Aff. No. :1131344
Sch. Code:31333","State : MAHARASHTRA
District : THANE",Senior Secondary Level,"Name : AMITY INTERNATIONAL SCHOOL
Head/Principal Name: NIVEDITA SINHA","Address : PLOT NO. 81, SECTOR 15, OPP. MAHAVI ICON, CBD BELAPUR, NAVI MUMBAI
Website : https://amityschools.in/navimumbai/"
1476,"Aff. No. :1131350
Sch. Code:31339","State : MAHARASHTRA
District : THANE",Secondary Level,"Name : RYAN INTERNATIONAL SCHOOL, AMBARNATH
Head/Principal Name: Mercy Ravikumar","Address : PRASADAM, NEAR GOLDEN PUNJAB HOTEL, , MIDC PIPELINE ROAD, CHIKHOLI VILLAGE , AMBARNATH EAST
Website : https://www.ryangroup.org/ryaninternational/cbse/m"
1477,"Aff. No. :1131165
Sch. Code:31150","State : MAHARASHTRA
District : THANE",Senior Secondary Level,"Name : LODHA WORLD SCHOOL
Head/Principal Name: Sonika Kochhar Girotra","Address : OFF TALOJA BYPASS ROAD,, PALAVA, DOMBIVLI (E)
Website : https://www.lodhaworldschool.com/lsgpalava/"
1478,"Aff. No. :1131135
Sch. Code:31122","State : MAHARASHTRA
District : THANE",Senior Secondary Level,"Name : BRIGHTON WORLD SCHOOL, KALYAN
Head/Principal Name: RITU SINGH","Address : BRIGHTON WORLD SCHOOL,S.S.P.M.EDUCATIOANAL COMPLEX,OPP.GAURIPAD TALAV,MILINDNAGAR, KALYAN{W},DIST THANE,MAHARASHTRA, INDIA.
Website : www.brightonworldschool.in"
1479,"Aff. No. :1131180
Sch. Code:31167","State : MAHARASHTRA
District : THANE",Senior Secondary Level,"Name : SHRI HALARI VISA OSHWAL ENGLISH ACADEMY
Head/Principal Name: ANITH SHREEKUMAR","Address : KAMATGHAR ANJURFATA, BHIWANDI
Website : www.shvoeacademy.in"
1480,"Aff. No. :1131227
Sch. Code:31214","State : MAHARASHTRA
District : THANE",Senior Secondary Level,"Name : DR SHIVAJIRAO S JONDHLE INTERNATIONAL SCHOOL
Head/Principal Name: VIDYA PATIL","Address : OPP ASANGAON RAILWAY STATION EAST , NEAR GURUDWARA
Website : https://www.drssjischool.org"
1481,"Aff. No. :1131200
Sch. Code:31187","State : MAHARASHTRA
District : THANE",Senior Secondary Level,"Name : R. B. T. VIDYALAYA
Head/Principal Name: Chanda Gaur","Address : KANCHNGAON, KHAMBALPADA
Website : www.dombivli.rbtvidyalaya.edu.in"
1482,"Aff. No. :1131104
Sch. Code:31089","State : MAHARASHTRA
District : THANE",Senior Secondary Level,"Name : MERIDIAN SCHOOL
Head/Principal Name: BHAGYASHRI PISOLKAR","Address : REGENCY SARVAM, MANDA-TITWALA EAST.
Website : www.meridian.school"
1483,"Aff. No. :1131124
Sch. Code:31112","State : MAHARASHTRA
District : THANE",Senior Secondary Level,"Name : NEW HORIZON SCHOLARS SCHOOL
Head/Principal Name: Lata Raman","Address : VASANT LAWNS, SUBHASH NAGAR, OPP TCS/DP ROAD, THANE (WEST) -400601
Website : www.nhssvlvasantlawns.com"
1484,"Aff. No. :1131066
Sch. Code:31043","State : MAHARASHTRA
District : THANE",Senior Secondary Level,"Name : DELHI WORLD PUBLIC SCHOOL
Head/Principal Name: Asmaa Abdul Razak Sayyed","Address : PLOT NO7A/7B,SECTOR-12,OPP POONAM TOWER,NERUL (WEST)
Website : www.dwpsnerul.com"
1485,"Aff. No. :1131079
Sch. Code:31059","State : MAHARASHTRA
District : THANE",Senior Secondary Level,"Name : G.E.IS BLOSSOM INTERNATIONAL SCHOOL
Head/Principal Name: Nilaja Pramod Patil","Address : S.V.JOSHI VIDYASANKUL, NEHRU ROAD, DOMBIVLI EAST
Website : www.blossominternationalschool.in"
1486,"Aff. No. :1131085
Sch. Code:31065","State : MAHARASHTRA
District : THANE",Secondary Level,"Name : VIVEKANAND INTERNATIONAL SCHOOL
Head/Principal Name: Parui Santu Pradyut","Address : PLOT NO. 6A, KOPARI, MAFCO ROAD, SECTOR 26, BESIDE SWAMI VIVEKANAND SCHOOL, VASHI, NAVI MUMBAI, MAHARASHTRA - 400703
Website : https://vischool.in/"
1487,"Aff. No. :1130955
Sch. Code:30930","State : MAHARASHTRA
District : THANE",Secondary Level,"Name : ST. JOSEPHS HIGH SCHOOL
Head/Principal Name: Archana Joseph Rodrigues","Address : X-6, MILAP NAGAR, M.I.D.C. DOMBIVLI (EAST)
Website : www.stjosephshighschooldombivli.in"
1488,"Aff. No. :1130926
Sch. Code:30964","State : MAHARASHTRA
District : THANE",Senior Secondary Level,"Name : RAHUL INTERNATIONAL SCHOOL
Head/Principal Name: YIGAL BANKER","Address : KANAKIA PARK, MIRA ROAD
Website : www.ris.education/campuses/mumbai/mira-road-cbse/"
1489,"Aff. No. :1130940
Sch. Code:30891","State : MAHARASHTRA
District : THANE",Secondary Level,"Name : RYAN INTERNATIONAL SCHOOL
Head/Principal Name: VARSHA MILIND NAIK","Address : PATANKAR PARK, NEAR IPMERIOR TOWER, NALASOPARA WEST
Website :"
1490,"Aff. No. :1130938
Sch. Code:30900","State : MAHARASHTRA
District : THANE",Senior Secondary Level,"Name : SANSKAR PUBLIC SCHOOL
Head/Principal Name: SADHANA VIJAY KAMBLE","Address : SHIVAI NAGAR CIRCLE,SHIVAI NAGAR,POKHRAN RD NO 1,THANE(W) 400606
Website : www.svpmsps.in"
1491,"Aff. No. :1131043
Sch. Code:31019","State : MAHARASHTRA
District : THANE",Senior Secondary Level,"Name : ST. XAVIERS GLOBAL ACADEMY,
Head/Principal Name: NEETA ASHOK RAMANI","Address : RAI MASTER CAMPUS,CHITALSAR MANPADA, THANE WEST
Website : www.stxaviersglobal.com"
1492,"Aff. No. :1131059
Sch. Code:31036","State : MAHARASHTRA
District : THANE",Senior Secondary Level,"Name : EVA WORLD SCHOOL
Head/Principal Name: RENITA DSOUZA","Address : ANTRALI HIRA NAGAR,OPP PALAVA-2,BADLAPUR PIPELINE ROAD,HEDUTNE,DOMBIVALI (EAST)
Website : www.evaworldschool.in"
1493,"Aff. No. :1131054
Sch. Code:31031","State : MAHARASHTRA
District : THANE",Senior Secondary Level,"Name : JAN GAN MAN ENGLISH SECONDARY SCHOOL
Head/Principal Name: JYOTHI VENKETRAMAN","Address : SANSKRUTI VIHAR DR NEMADE MARG OLD DOMBIVALI TAL KALYAN DIST THANE
Website : www.jgmschool.in"
1494,"Aff. No. :1131040
Sch. Code:31016","State : MAHARASHTRA
District : THANE",Secondary Level,"Name : PODAR INTERNATIONAL SCHOOL
Head/Principal Name: SONIYA KHATRI","Address : KOLSHET GAON, HIRANANDANI ESTATE, THANE
Website : www.podareducation.org"
1495,"Aff. No. :1130838
Sch. Code:30765","State : MAHARASHTRA
District : THANE",Senior Secondary Level,"Name : LOKMANYA TILAK INTERNATIONAL SCHOOL
Head/Principal Name: RITU KAPUR","Address : PLOT NO.93-98, VIKAS NAGAR, SECTOR-4, KOPARKHAIRANE, NAVI MUMBAI
Website : http://ltis.edu.in/"
1496,"Aff. No. :1130824
Sch. Code:30744","State : MAHARASHTRA
District : THANE",Senior Secondary Level,"Name : ROYAL INTERNATIONAL SCHOOL
Head/Principal Name: DR RAKHI SINGH","Address : P&T COLONY,GANDHINAGAR,DOMBIVLI EAST
Website : www.royalinternationalschool.co.in"
1497,"Aff. No. :1130776
Sch. Code:30698","State : MAHARASHTRA
District : THANE",Secondary Level,"Name : PODAR INTERNATIONAL SCHOOL, KALYAN
Head/Principal Name: JYOTI SHARMA","Address : PODAR INTERNATIONAL SCHOOL, (CBSE) WYALE NAGAR, GANDHAR VILLAGE, NEAR MOHAN PRIDE HIGH LIFE, KALYAN (WEST) - 421301
Website : https://www.podareducation.org/school/kalyancbse"
1498,"Aff. No. :1130769
Sch. Code:30680","State : MAHARASHTRA
District : THANE",Senior Secondary Level,"Name : SRI MA VIDYALAYA CBSE
Head/Principal Name: MINI NAIR","Address : OFF GHODBUNDER ROAD, PATLIPADA,
Website : http://smvthane.srima.edu.in"
1499,"Aff. No. :1130779
Sch. Code:30727","State : MAHARASHTRA
District : THANE",Senior Secondary Level,"Name : ASHEVILLE WORLD SCHOOL
Head/Principal Name: UMA INDERRAJ BHAKHER","Address : SURVEY NO. 227, 232 VILLAGE - MOHAP, OFF NH-222, NEAR SHIVLE PETROL PUMP
Website : www.ashevilleworldschool.in"
1500,"Aff. No. :1130894
Sch. Code:30858","State : MAHARASHTRA
District : THANE",Senior Secondary Level,"Name : SACRED HEART SCHOOL
Head/Principal Name: Yasin Khatri","Address : VARAPGAON KALYAN MURBAD ROAD KALYAN TALUKA THANE DIST.
Website : www.shkalyan.in"
1501,"Aff. No. :1130898
Sch. Code:30866","State : MAHARASHTRA
District : THANE",Senior Secondary Level,"Name : CREDO WORLD SCHOOL DAHANU
Head/Principal Name: NISCHAL NAIR","Address : CREDO WORLD SCHOOL DAHANU, MAIN ROAD, NEAR SAVATA BUS STOP, SAVATA, DAHANU EAST, PALGHAR
Website : www.cwsdahanu.com"
1502,"Aff. No. :1130875
Sch. Code:30803","State : MAHARASHTRA
District : THANE",Senior Secondary Level,"Name : ST. THOMAS SCHOOL
Head/Principal Name: Rahima Ashok Salve","Address : RUNDE
Website : www.stthomasschoolrunde.com"
1503,"Aff. No. :1130844
Sch. Code:30769","State : MAHARASHTRA
District : THANE",Senior Secondary Level,"Name : YASHWANTRAO CHAVAN ENGLISH MEDIUM SCHOOL
Head/Principal Name: Lakshmi Arun Panikeveetil","Address : PLOT 23 , SECTOR 15
Website : www.ycems.edu.in"
1504,"Aff. No. :1130869
Sch. Code:30797","State : MAHARASHTRA
District : THANE",Secondary Level,"Name : PODAR INTERNATIONAL SCHOOL
Head/Principal Name: Zeenat Syed","Address : MOHAN SUBURBIA, NAVRE PARK, CHINCHPADA, AMBERNATH WEST
Website : https://www.podareducation.org/school/ambernath"
1505,"Aff. No. :1130865
Sch. Code:30856","State : MAHARASHTRA
District : THANE",Middle Class,"Name : RAHUL INTERNATIONAL SCHOOL
Head/Principal Name: MR. YIGAL S BANKER","Address : KANAKIA PARK, NEAR SHREE L R TIWARI ENGINEERING COLLEGE OF ENGINEERING, MIRA ROAD (EAST)
Website : http://rahulinternational.org"
1506,"Aff. No. :1130866
Sch. Code:30808","State : MAHARASHTRA
District : THANE",Senior Secondary Level,"Name : NARAYANA E-TECHNO SCHOOL
Head/Principal Name: Supriti Katkar","Address : BEHIND MAXUS MALL, SATYANANDJI MAHARAJ MARG, NEAR GARDEN COURT, OPP. KAILASH MANSAROVAR, BHAYANDAR (WEST), THANE - 401101
Website : https://www.narayanaschools.in/mumbai/bhayandar/"
1507,"Aff. No. :1130764
Sch. Code:30672","State : MAHARASHTRA
District : THANE",Secondary Level,"Name : MAR THOMA VIDYAPEETH
Head/Principal Name: AARTI SANJEEV KAPOOR","Address : NEAR GOVT. HOSPITAL, GOVELI, TITWALA-GOVELI ROAD, TAL. KALYAN, DIST. THANE, MAHARASHTRA
Website : www.marthomavidyapeeth.com"
1508,"Aff. No. :1130722
Sch. Code:30632","State : MAHARASHTRA
District : THANE",Senior Secondary Level,"Name : PODAR INTERNATIONAL SCHOOL,NERUL
Head/Principal Name: SOMA CHATTERJEE","Address : PALM BEACH ROAD,PLOT NO.-30,SEC-36,SEAWOODS,NERUL(W)
Website : http://www.podareducation.org/school/nerulcbse"
1509,"Aff. No. :1130719
Sch. Code:30630","State : MAHARASHTRA
District : THANE",Senior Secondary Level,"Name : AIRSON ENGLISH SCHOOL
Head/Principal Name: Bindu Anil Pillai","Address : DUBEY BAUGH , HENDREPADA
Website : http://www.airsonschool.com/"
1510,"Aff. No. :1130725
Sch. Code:30812","State : MAHARASHTRA
District : THANE",Secondary Level,"Name : ST. LAWRENCE INTERNATIONAL SCHOOL
Head/Principal Name: Cordelia Dsouza","Address : ST. LAWRENCE INTERNATIONAL SCHOOL, UMBARDA RD., KOLIVALI
Website : www.stlawrenceinternational.com"
1511,"Aff. No. :1130709
Sch. Code:30619","State : MAHARASHTRA
District : THANE",Secondary Level,"Name : TAPOVAN VIDHYALAY
Head/Principal Name: CLOTHILDA DON BAPTISTA","Address : INDRALOK PHASE IV, OPP. SAI RAM TOWER,NEW GOLDEN NEST RD,BHAYANDER(EAST)
Website : www.tapovanvidhyalay.in"
1512,"Aff. No. :1130712
Sch. Code:30625","State : MAHARASHTRA
District : THANE",Senior Secondary Level,"Name : ATMA MALIK INTERNATIONAL SCHOOL
Head/Principal Name: KAILAS MANOHAR THORAT","Address : ATMA MALIK INTERNATIONAL SCHOOL, MOHILI, POAT-AGHAI
Website : www.amishahapur.in"
1513,"Aff. No. :1130661
Sch. Code:30562","State : MAHARASHTRA
District : THANE",Senior Secondary Level,"Name : RAINBOW INTERNATIONAL SCHOOL
Head/Principal Name: Vimlesh Sindhu","Address : BRAHMAND, PHASE4,NEAR TMC WATERTANK,KOLSHET
Website : www.rainbowinternationalschool.in"
1514,"Aff. No. :1130655
Sch. Code:30556","State : MAHARASHTRA
District : THANE",Senior Secondary Level,"Name : ST. FRANCIS SCHOOL, GUNDLE
Head/Principal Name: SHANTI GRACE","Address : ST.FRANCIS SCHOOL, GUNDLE, P.O. MAHAGAON, BOISAR EAST.MAHARASTRA 401501
Website : www.stfrancisschoolboisar.com"
1515,"Aff. No. :1130656
Sch. Code:30601","State : MAHARASHTRA
District : THANE",Secondary Level,"Name : HOLY FAITH ENGLISH SCHOOL
Head/Principal Name: ANITA KENGAR","Address : NEAR ANANDNAGAR MIDC, BEHIND PIPELINE POLICE CHOWKI, PHANSIPADA ROAD
Website : www.holyfaithenglishschool.com"
1516,"Aff. No. :1130640
Sch. Code:30571","State : MAHARASHTRA
District : THANE",Senior Secondary Level,"Name : AMBER INTERNATIONAL SCHOOL
Head/Principal Name: Preetika Nitin Das","Address : OPP.HIGHLAND PARK, DHOKALI THANE (W)
Website : www.amberinternationalschool.com"
1517,"Aff. No. :1130680
Sch. Code:30610","State : MAHARASHTRA
District : THANE",Senior Secondary Level,"Name : PODDAR BRIO INTERNATIONAL SCHOOL
Head/Principal Name: RASHMI P SINGH","Address : VILLAGE SAPE, BADLAPUR EAST. DIST. THANE, MAHARASHTRA-421 503
Website : http://www.poddarbrioschool.com/"
1518,"Aff. No. :1130523
Sch. Code:30453","State : MAHARASHTRA
District : THANE",Senior Secondary Level,"Name : RELIANCE FOUNDATION SCHOOL
Head/Principal Name: DHIRENDRA HARBOLA","Address : PLOT NO 60 - 61, SECTOR 14, KOPARKHAIRANE
Website : www.rfs.edu.in/koparkhairane"
1519,"Aff. No. :1130508
Sch. Code:30439","State : MAHARASHTRA
District : THANE",Senior Secondary Level,"Name : OMKAR ENGLISH MEDIUM SCHOOL
Head/Principal Name: Dr. Anuja Chandra Naik","Address : P-74, NEAR MAMATA HOSPITAL MIDC RESIDENTIAL ZONE DOMBIVLI EAST
Website : www.omkarcbse.in"
1520,"Aff. No. :1130525
Sch. Code:30459","State : MAHARASHTRA
District : THANE",Senior Secondary Level,"Name : VIRAJ INTERNATIONAL SCHOOL
Head/Principal Name: SUKHJEET SINGH","Address : SURVEY NO. 27, NEAR KURGAON GRAM PANCHAYAT OFFICE, BOISAR-TARAPUR ROAD
Website : https://virajinternationalschool.com/"
1521,"Aff. No. :1130529
Sch. Code:30460","State : MAHARASHTRA
District : THANE",Secondary Level,"Name : INFANT JESUS INTERNATIONAL SCHOOL
Head/Principal Name: Shanti Sudhakar Rao","Address : PLOT NO 92 SURVEY NO 9356 NARVE NAGAR MHADA COLONY BEHIND ROYAL PARK MORIVALI AMBERNATH(E) THANE MAHARASHTRA
Website : www.infantjesusschool.co.in"
1522,"Aff. No. :1130621
Sch. Code:30537","State : MAHARASHTRA
District : THANE",Senior Secondary Level,"Name : NEW BOMBAY CITY SCHOOL, CBSE
Head/Principal Name: AVNEET KAUR","Address : PLOT NO 8, SECTOR - 9, GHANSOLI, NEW MUMBAI, MAHARASHTRA- 400701
Website : www.nbcscbse.in"
1523,"Aff. No. :1130629
Sch. Code:30612","State : MAHARASHTRA
District : THANE",Senior Secondary Level,"Name : TREE HOUSE HIGH SCHOOL
Head/Principal Name: MANISHA MEHTA","Address : YASHWANT NAGAR,VIRAR(WEST)
Website : http://www.treehousehighschool.com/"
1524,"Aff. No. :1130562
Sch. Code:30636","State : MAHARASHTRA
District : THANE",Senior Secondary Level,"Name : Z.A.MEMON ENGLISH SCHOOL
Head/Principal Name: Meenakshi Sunil","Address : CHINCHGHAR(KUDUS),TAL. WADA, DIST. THANE PIN 421312
Website : http://www.zamschool.com"
1525,"Aff. No. :1130574
Sch. Code:30494","State : MAHARASHTRA
District : THANE",Secondary Level,"Name : KANAKIA INTERNATIONAL SCHOOL
Head/Principal Name: SHITALA PRABHU","Address : INDRALOK PHASE VI, BHAYANDER EAST,
Website : https://rbkei.org/our-schools/rbk-global-school-cbse/"
1526,"Aff. No. :1120003
Sch. Code:32001","State : MAHARASHTRA
District : THANE",Senior Secondary Level,"Name : EKLAVYA RESIDENTIAL SCHOOL
Head/Principal Name: DAYANAND RAMNATH VIDHATE","Address : KAMBALGAON, BOISAR (E), POST MAAN, TAL & DIST. PALGHAR, MAHARASHTRA
Website : www.emrskambalgaon.emrsmaharashtra.com"
1527,"Aff. No. :1120014
Sch. Code:32013","State : MAHARASHTRA
District : THANE",Senior Secondary Level,"Name : EKLAVYA RESIDENTIAL SCHOOL
Head/Principal Name: ARUN ZIPRUSA MASKAR","Address : SHENDEGAON- BHATASANAGAR, TAL: SAHAPUR, DIST-THANE, MAHARASHTRA- 421 601.
Website : www.emrsshendegaon.emrsmaharashtra.com"
1528,"Aff. No. :1100002
Sch. Code:34039","State : MAHARASHTRA
District : THANE",Senior Secondary Level,"Name : PM SHRI KENDRIYA VIDYALAYA
Head/Principal Name: MUKESH KUMAR SINGH","Address : ORDNANCE ESTATE AMBARNATH POST THANE DISTT. MAHARASHTRA
Website : www.ofambarnath.kvs.ac.in"
1529,"Aff. No. :1100037
Sch. Code:34049","State : MAHARASHTRA
District : THANE",Senior Secondary Level,"Name : PM SHRI KENDRIYA VIDYALAYA
Head/Principal Name: VED PRAKASH GOUTAM","Address : A.F. STATION KOLSHET ROAD SANDOZ BAUG POST THANE MAHARASHTRA
Website : www.afsthane.kvs.ac.in"
1530,"Aff. No. :1120136
Sch. Code:32153","State : MAHARASHTRA
District : THANE",Secondary Level,"Name : NAVI MUMBAI MUNICIPAL CORPORATION SCHOOL NO.93 (CBSE), NERUL
Head/Principal Name: DIANA ISABEL","Address : PLOT NO. 54B, SECTOR 50 OLD, NERUL
Website : https://nmmcschool93.com/"
1531,"Aff. No. :1120137
Sch. Code:32154","State : MAHARASHTRA
District : THANE",Secondary Level,"Name : PM SHRI NMMC CBSE SCHOOL NO.94
Head/Principal Name: AMITA BHATT","Address : NMMC CBSE SCHOOL NO.94, PLOT NO. 18, SECTOR 11, KOPARKHARIANE, NEAR AYAPPA MANDIR
Website : www.nmmcschool94cbse.com"
1532,"Aff. No. :1120138
Sch. Code:32157","State : MAHARASHTRA
District : THANE",Secondary Level,"Name : PMSHRI ORDNANCE FACTORY SCHOOL,AMBARNATH
Head/Principal Name: Kalpana Vilas Kakade","Address : ORDNANCE FACTORY AMBARNATH ESTATE, ORDNANCE ESTATE, AMBARNATH
Website : https://www.ordnanceschool.in/"
1533,"Aff. No. :1130034
Sch. Code:30018","State : MAHARASHTRA
District : THANE",Secondary Level,"Name : LOK PURAM PUBLIC SCHOOL
Head/Principal Name: MANJUSHA BAPAT","Address : LOK PURAM PHOKRAN NO.2 SMT. GLADY'S ALVARES ROAD MAJIWADE THANE WEST MAHARASHTRA
Website : www.lpps.co.in"
1534,"Aff. No. :1130023
Sch. Code:30010","State : MAHARASHTRA
District : THANE",Senior Secondary Level,"Name : APEEJAY SCHOOL
Head/Principal Name: SUBHASH PEZHUMKATTIL","Address : SECTOR-15 NERUL, DISTT. NEW MUMBAI, MAHARASHTRA
Website : www.apeejay.edu/nerul"
1535,"Aff. No. :1130044
Sch. Code:30026","State : MAHARASHTRA
District : THANE",Senior Secondary Level,"Name : RAM RATNA VIDYA MANDIR
Head/Principal Name: KAVITA SINGH","Address : KESHAV SRUSHTI UTTAN-BHAYANDAR(W) SANKUL UTTAN DISTT THANE, MAHARASHTRA
Website : www.ramratnavidyamandir.org"
1536,"Aff. No. :1120133
Sch. Code:32149","State : MAHARASHTRA
District : THANE",Secondary Level,"Name : THANE POLICE SCHOOL
Head/Principal Name: Elizabeth Poppins Vitus","Address : LATE AIR MARSHAL HEMANT CHITNIS MARG, KHARKAR ALI, THANE(W)
Website : www.tps.ac.in"
1537,"Aff. No. :1130159
Sch. Code:30118","State : MAHARASHTRA
District : THANE",Senior Secondary Level,"Name : TILAK PUBLIC SCHOOL
Head/Principal Name: BHUVANESWARI RAJSHEKAR","Address : PLOT 31,SECTOR 25,NERUL(E),NEAR SEAWOODS STATION,NAVI MUMBAI
Website : https://www.tilakschoolcbsenerul.com/"
1538,"Aff. No. :1130174
Sch. Code:30147","State : MAHARASHTRA
District : THANE",Senior Secondary Level,"Name : MULJIBHAI MEHTA INTERNATIONAL SCHOOL
Head/Principal Name: MANISHA SUDHIR KAREKAR","Address : GOKUL TOWNSHIP, BOLINJ VIRAR WEST, DISTT. PALGHAR
Website : www.muljibhaimehtainternationalschool.in"
1539,"Aff. No. :1130178
Sch. Code:30216","State : MAHARASHTRA
District : THANE",Secondary Level,"Name : SMT. TARAMAI VARTAK MEMORIAL ACADEMY
Head/Principal Name: Rachna Samir Sharma","Address : NEAR PAANCH PAYARI, NARINGI,
Website : www.taramaimemorial.com"
1540,"Aff. No. :1130190
Sch. Code:30123","State : MAHARASHTRA
District : THANE",Senior Secondary Level,"Name : AMRITA VIDYALAYAM
Head/Principal Name: REKHA.N","Address : PLOT NO-4, SANPADA JUINAGAR NODE, SECTOR-25, JUINAGAR (WEST), DISTT NEW MUMBAI, MAHARASHTRA
Website : https://amritaschool.edu.in/navi-mumbai"
1541,"Aff. No. :1130186
Sch. Code:30139","State : MAHARASHTRA
District : THANE",Senior Secondary Level,"Name : ARYA GURUKUL VIDYA NAGRAI
Head/Principal Name: DIVYA MANOHAR BORSE","Address : NANDIVALI VILL-HAJ MALANG ROAD, KALYAN E, THANE, MAHARASHTRA
Website : https://aryagurukul.in/"
1542,"Aff. No. :1130067
Sch. Code:30044","State : MAHARASHTRA
District : THANE",Senior Secondary Level,"Name : DAV PUBLIC SCHOOL
Head/Principal Name: MUKTA BAURAI","Address : PLOT NO 34 SECTOR 48 NERUL NAVI MUMBAI MAHARASHTRA
Website : www.davnerul.com"
1543,"Aff. No. :1130068
Sch. Code:30047","State : MAHARASHTRA
District : THANE",Senior Secondary Level,"Name : DELHI PUBLIC SCHOOL
Head/Principal Name: TEJASWINI KATDARE","Address : PALM BEACH MARG SECTOR 58 NERUL NAVI MUMBAI
Website : www.dpsnavimumbai.edu.in"
1544,"Aff. No. :1130069
Sch. Code:30043","State : MAHARASHTRA
District : THANE",Senior Secondary Level,"Name : DAV PUBLIC SCHOOL
Head/Principal Name: SUMAN PRADHAN","Address : PLOT NO 11 SECT 10 AIROLI NAVI MUMBAI, MAHARASHTRA
Website : www.davairoli.ac.in"
1545,"Aff. No. :1130073
Sch. Code:34093","State : MAHARASHTRA
District : THANE",Senior Secondary Level,"Name : CENTRAL RAILWAY SECONDARY ENGLISH MEDIUM SCHOOL
Head/Principal Name: JYOTI SHRIVASTAVA","Address : SCHOOL & JUNIOR COLLEGE KALYAN MURBAD ROAD KALYAN, DISTT THANE MAHARASHTRA
Website : http://www.crskyn.org"
1546,"Aff. No. :1130054
Sch. Code:30037","State : MAHARASHTRA
District : THANE",Senior Secondary Level,"Name : B.K. BIRLA PUBLIC SCHOOL
Head/Principal Name: RANJNA JANGRA","Address : BIRLA COLLEGE ROAD, KALYAN,DISTT. THANE , MAHARASHTRA-421 304
Website : www.bkbirlaschoolkalyan.com"
1547,"Aff. No. :1130048
Sch. Code:30024","State : MAHARASHTRA
District : THANE",Senior Secondary Level,"Name : DRB DAV PUBLIC SCHOOL
Head/Principal Name: SIMMI JUNEJA","Address : PADA NO 3 BALKUM THANE WEST MAHARASHTRA
Website : www.davschoolthane.com"
1548,"Aff. No. :1130090
Sch. Code:30076","State : MAHARASHTRA
District : THANE",Senior Secondary Level,"Name : JINDAL VIDYA MANDIR
Head/Principal Name: TEJESH HUKUMCHAND TURKAR","Address : VILLAGE VASIND TAL SHAHPUR DISTT THANE MAHARASHTRA
Website : https://jvm.in/jvmvasind/"
1549,"Aff. No. :1130091
Sch. Code:30061","State : MAHARASHTRA
District : THANE",Senior Secondary Level,"Name : VAGAD GLOBAL SCHOOL
Head/Principal Name: SHWETA MISHRA","Address : VILLAGE SAKWAR TALUKA VASAI DISTT THANE MAHARASHTRA
Website : www.vagadglobalschool.com"
1550,"Aff. No. :1130086
Sch. Code:30081","State : MAHARASHTRA
District : THANE",Senior Secondary Level,"Name : NEW HORIZON PUBLIC SCHOOL
Head/Principal Name: Monalisa Basu","Address : SECTOR 19 AIROLI, DISTT NAVI MUMBAI MAHARASHTRA
Website : www.nhpsairoli.com"
1551,"Aff. No. :1130087
Sch. Code:30052","State : MAHARASHTRA
District : THANE",Senior Secondary Level,"Name : ALL SAINTS HIGH SCHOOL
Head/Principal Name: Dr POONAM S PANDEY","Address : BHAWALE VILLAGE PISA DAM CROSS RD PANJR POLE, TAL BHIWANDI DISTT THANE MAHRASHTRA
Website : www.allsaintshighschool.in"
1552,"Aff. No. :1130088
Sch. Code:30067","State : MAHARASHTRA
District : THANE",Senior Secondary Level,"Name : ARUNODAYA PUBLIC SCHOOL
Head/Principal Name: DR. ALICE SWAMY","Address : VIJAY PARK, KASARVADAVLI THANE MAHRASHTRA
Website : www.arunodayapublicschool.in"
1553,"Aff. No. :1130111
Sch. Code:30069","State : MAHARASHTRA
District : THANE",Senior Secondary Level,"Name : RYAN INTERNATIONAL SCHOOL
Head/Principal Name: MURIEL MATHEW FERNANDES","Address : PLOT NO 34 SECTOR 10 SONPADA NAVI MUMBAI MAHARASHTRA
Website : https://www.ryaninternational.org/site/rissanpada"
1554,"Aff. No. :1130357
Sch. Code:30296","State : MAHARASHTRA
District : THANE",Senior Secondary Level,"Name : HOLY WRIT HIGH SCHOOL & JR. COLLEGE
Head/Principal Name: VIKAS DALAL VP","Address : PIMPLOLI VILLAGE, NR. BARVI DAM, BADLAPUR, DIST - THANE
Website : https://holywritschool.in"
1555,"Aff. No. :1130388
Sch. Code:30293","State : MAHARASHTRA
District : THANE",Senior Secondary Level,"Name : STERLING SCHOOL
Head/Principal Name: BEENA MARTIN","Address : SHRI D.G.WALSE PATIL MARG PLOT NO 43, SECTOR 19 NERUL
Website : www.sterlingschoolnerul.org"
1556,"Aff. No. :1130470
Sch. Code:30385","State : MAHARASHTRA
District : THANE",Senior Secondary Level,"Name : NEW HORIZON SCHOLARS SCHOOL
Head/Principal Name: POONAM ARORA","Address : VILLAGE KAVESAR, GHODBUNDER ROAD, THANE (W) 400607
Website : www.nhssthane.com"
1557,"Aff. No. :1130421
Sch. Code:30430","State : MAHARASHTRA
District : THANE",Secondary Level,"Name : P.S. DESHMUKH MEMORIAL ACADEMY,
Head/Principal Name: Anil Madhukar Thakare","Address : AT- POST TAL -SHAHAPUR DIST - THANE MAHARASHTRA PIN CODE - 421601
Website : http://www.psdeshmukhmemorialacademy.in"
1558,"Aff. No. :1130441
Sch. Code:30371","State : MAHARASHTRA
District : THANE",Senior Secondary Level,"Name : NOTRE DAME SCHOOL
Head/Principal Name: SISTER MARY SHYLAJA","Address : TARKHAD, VASAI (W) THANE,
Website : www.notredameschoolvasai.com"
1559,"Aff. No. :1130454
Sch. Code:30370","State : MAHARASHTRA
District : THANE",Secondary Level,"Name : SANTHOME PUBLIC SCHOOL
Head/Principal Name: BINOY JACOB","Address : PLOT NO:270,KANAKIA ROAD, MIRA ROAD, EAST, BAHAYANDER, THANE
Website : www.santhomemiraroad.edu.in"
1560,"Aff. No. :1130200
Sch. Code:30145","State : MAHARASHTRA
District : THANE",Secondary Level,"Name : SHETH VIDYA MANDIR
Head/Principal Name: SWAPNA SINGH","Address : VASANT NAGRI, VASAI (E), THANE, MAHARASHTRA
Website : www.shethvidyamandir.com"
1561,"Aff. No. :1130205
Sch. Code:30171","State : MAHARASHTRA
District : THANE",Senior Secondary Level,"Name : U S ENGLISH ACADEMY
Head/Principal Name: MANPREET G SOHAL","Address : SURVEY NO. 109 B, SARAVALI
Website : www.boisar.usoes.org"
1562,"Aff. No. :1130229
Sch. Code:30166","State : MAHARASHTRA
District : THANE",Secondary Level,"Name : HOLY ANGELS SCHOOL & JR. COLLEGE.
Head/Principal Name: BIJOY OOMMEN","Address : P &T COLONY, GANDHINAGAR, DOMBIVLI (E) THANE, MAHARASHTRA
Website : www.holyangels.ac.in"
1563,"Aff. No. :1130222
Sch. Code:30273","State : MAHARASHTRA
District : THANE",Senior Secondary Level,"Name : RAHUL INTERNATIONAL SCHOOL
Head/Principal Name: MOHUA KUNTAL ROY","Address : PATANKAR PARK,NEXT TO ASHWINI HOSPITAL,
Website : https://www.ris.education/campuses/mumbai/patankar"
1564,"Aff. No. :1130224
Sch. Code:30313","State : MAHARASHTRA
District : THANE",Senior Secondary Level,"Name : SETH HIRACHAND MUTHA SCHOOL,
Head/Principal Name: SAPANA GADIYA","Address : ADHARWADI JAIL ROAD, UMBARADE GAON, KOLIVALI, KALYAN(W), THANE, MAHARASHTRA-421 301
Website : www.shmschool.in"
1565,"Aff. No. :1130219
Sch. Code:30208","State : MAHARASHTRA
District : THANE",Senior Secondary Level,"Name : SEVEN SQUARE ACADEMY
Head/Principal Name: SUPRIYA MANOJ MASTUD","Address : IDEAL PARK, DEEPAK HOSPITAL LANE, MIRA BHAYANDAR CROSS ROAD, MIRA ROAD EAST, THANE-401107
Website : https://sevensquareacademy.org/"
1566,"Aff. No. :1130260
Sch. Code:30199","State : MAHARASHTRA
District : THANE",Senior Secondary Level,"Name : DON BOSCO SENIOR SECONDARY SCHOOL
Head/Principal Name: KALYANI CHAUDHURI","Address : PLOT NO. 8, SECTOR - 42A, NERUL(W), DISTT NEW MUMBAI, MAHARASHTRA
Website : www.donbosconerul.edu.in"
1567,"Aff. No. :1130247
Sch. Code:30187","State : MAHARASHTRA
District : THANE",Senior Secondary Level,"Name : SUNDARAM CENTRAL SCHOOL
Head/Principal Name: AJI VARGHESE","Address : PLOT NO. 168, VALAN NAKA, MAHIM ROAD, PALGHAR, TAL. PALGHAR, DIST. THANE
Website : www.sundaramcentralschool.com"
1568,"Aff. No. :1130255
Sch. Code:30197","State : MAHARASHTRA
District : THANE",Senior Secondary Level,"Name : JAIPURIAR SCHOOL
Head/Principal Name: NEELU ASHISH SHASTRI","Address : PLOT NO. 12,SECTOR-18,SANPADA
Website : www.jaipuriarschool.org"
1569,"Aff. No. :1130256
Sch. Code:30201","State : MAHARASHTRA
District : THANE",Senior Secondary Level,"Name : TEENS WORLD CORPORATE SCHOOL
Head/Principal Name: Mrs. Hetal Devashish Vakil","Address : PLOT NO. 117, KHIRAPADA, BOISAR, EAST- 401501
Website : www.teensworldschool.in"
1570,"Aff. No. :1130237
Sch. Code:30172","State : MAHARASHTRA
District : THANE",Senior Secondary Level,"Name : BHARATI VIDYAPEETH ENGLISH MEDIUM SCHOOL
Head/Principal Name: ALOK SHARMA","Address : SEC 3 C.B.D. NAVI MUMBAI. PIN 400614
Website : www.bvemsnm.edu.in"
1571,"Aff. No. :1130325
Sch. Code:30251","State : MAHARASHTRA
District : THANE",Senior Secondary Level,"Name : NEW HIZON SCHOLARS SCHOOL
Head/Principal Name: Godhuly Chakraborty","Address : PLOT-05, SAECT-13, AIROLI, NAVI MUMBAI
Website : www.nhssairoli.com"
1572,"Aff. No. :1130333
Sch. Code:30262","State : MAHARASHTRA
District : THANE",Senior Secondary Level,"Name : MAHATMA GANDHI MISSION SCHOOL PRIMARY & SECONDARY SCHOOL
Head/Principal Name: AVINASH MALUNJKAR","Address : SECTOR 8, PHASE II NERUL WEST, NAVI MUMBAI
Website : www.mgmcbseschoolnerul.org"
1573,"Aff. No. :1130337
Sch. Code:30384","State : MAHARASHTRA
District : THANE",Senior Secondary Level,"Name : DATTA MEGHE WLD ACADEMY
Head/Principal Name: Rajeev Kumar","Address : AIROLI, CIDCO, SECT 16, NAVI MUMBAI, DIST. THANE
Website : http://www.dmworldacademy.edu.in"
1574,"Aff. No. :1130296
Sch. Code:30209","State : MAHARASHTRA
District : THANE",Senior Secondary Level,"Name : MATRIX ACADEMY SCHOOL
Head/Principal Name: SEEMA SHIVKUMAR BEHAL","Address : GULMOHAR HERITAGE KHARODI NAKA, BOLINJ
Website : www.matrixacademyschool.com"
1575,"Aff. No. :1130301
Sch. Code:30295","State : MAHARASHTRA
District : WARDHA",Secondary Level,"Name : NEW ENGLISH ACADEMY OF GENIUS
Head/Principal Name: Dr.Devendra N. Gujarkar","Address : MAHADEOPURA
Website : http://newenglishacademy.org/"
1576,"Aff. No. :1130290
Sch. Code:30353","State : MAHARASHTRA
District : WARDHA",Secondary Level,"Name : MOUNT CARMEL CONVENT SCHOOL
Head/Principal Name: SHEENA PAUL K","Address : MASTER COLONY,P.O. SAMUDRAPUR
Website : www.mountcarmelsamudrapur.com"
1577,"Aff. No. :1130278
Sch. Code:30315","State : MAHARASHTRA
District : WARDHA",Senior Secondary Level,"Name : BHARATIYA VIDYA BHAVAN
Head/Principal Name: DHARATI TAMGIRE","Address : GIRDHARDAS MOHOTA VIDYA MANDIR POST : NANDGAON TAH : HINGANGHAT
Website : www.bhavansgvm.edu.in"
1578,"Aff. No. :1130322
Sch. Code:30257","State : MAHARASHTRA
District : WARDHA",Secondary Level,"Name : SWAMI VIVEKANAND INTERNATIONAL SCHOOL
Head/Principal Name: SUNIL BHOYAR","Address : NEAR CHINMAY MISSION, CANAL ROAD, PAWNAR
Website : www.svispawnar.com"
1579,"Aff. No. :1130226
Sch. Code:30184","State : MAHARASHTRA
District : WARDHA",Secondary Level,"Name : ST. JOHN'S HIGH SCHOOL
Head/Principal Name: PREETHI GEORGE","Address : HINGANGHAT, DIST WARDHA.
Website : www.stjohnshs.in"
1580,"Aff. No. :1130217
Sch. Code:30271","State : MAHARASHTRA
District : WARDHA",Secondary Level,"Name : AGRAGAMI CONVENT SCHOOL
Head/Principal Name: Jessy Joseph","Address : NALWADI ROAD, MHASALA, WARDHA.
Website : www.agragamiconventschool.org"
1581,"Aff. No. :1130425
Sch. Code:30325","State : MAHARASHTRA
District : WARDHA",Secondary Level,"Name : RAMABAI DESHMUKH PUBLIC SCHOOL
Head/Principal Name: SMITHA BOSE","Address : BESIDE DISTRICT SOCIAL WELFARE OFFICE, LAXMI NAGAR, SEVAGRAM ROAD, DISTT WARDHA, MAHARASHTRA
Website : www.rdpswardha.ac.in"
1582,"Aff. No. :1130469
Sch. Code:30709","State : MAHARASHTRA
District : WARDHA",Secondary Level,"Name : GANDHI CITY PUBLIC SCHOOL
Head/Principal Name: DHANANJAY S SHINGANJUDE","Address : JAHWAHAR COLONY, NR. RADHIKA LAWN, NACHANGAON ROAD, PULGAON, WARDHA
Website : www.gcpspulgaon.com"
1583,"Aff. No. :1130384
Sch. Code:31501","State : MAHARASHTRA
District : WARDHA",Middle Class,"Name : KINKAR INTERNATIONAL SCHOOL,SELOO
Head/Principal Name: Mr.Harish Meshram","Address : REHKI ROAD, SELOO DIST-WARDHA
Website : http://www.kinkareducation.com"
1584,"Aff. No. :1130080
Sch. Code:30060","State : MAHARASHTRA
District : WARDHA",Senior Secondary Level,"Name : GANDHI CITY PUBLIC SCHOOL
Head/Principal Name: Priya Abhishek Mishra","Address : AGNIHOTRI COLLEGE CAMPUS BAPUJI WADI RAM NAGAR WARDHA MAHARASHTRA
Website : www.gandhicitypublicschool.com"
1585,"Aff. No. :1130129
Sch. Code:30089","State : MAHARASHTRA
District : WARDHA",Senior Secondary Level,"Name : ALPHONSA HIGH SCHOOL
Head/Principal Name: NAVYA VARGHESE KAVALAKATTU","Address : SAWANGI MEGHE WARDHA DISTT MAHARASHTRA
Website : www.alphonsahighschoolsawangi.com"
1586,"Aff. No. :1130139
Sch. Code:30131","State : MAHARASHTRA
District : WARDHA",Secondary Level,"Name : SCHOOL OF SCHOLARS, WARDHA
Head/Principal Name: SURESH RAMDAS LAKDE","Address : AT : SAWANGI (MEGHE) TAHSIL & DISTT : WARDHA
Website : https://schoolofscholars.edu.in/wardha/"
1587,"Aff. No. :1130039
Sch. Code:30020","State : MAHARASHTRA
District : WARDHA",Senior Secondary Level,"Name : B V BHAVANS LLOYDS VIDYA NIKETAN
Head/Principal Name: KIRTI MISHRA","Address : VIDYA NIKETAN BHUGAON WARDHA WARDHA MAHARASHTRA
Website : www.blvn.edu.in"
1588,"Aff. No. :1100016
Sch. Code:34041","State : MAHARASHTRA
District : WARDHA",Senior Secondary Level,"Name : KENDRIYA VIDYALAYA
Head/Principal Name: SUNIL PARDESHI","Address : CARIAPPA ROAD PULGAON CAMP WARDHA DISTT. MAHARASHTRA
Website : www.pulgaoncamp.kvs.ac.in"
1589,"Aff. No. :1100058
Sch. Code:34953","State : MAHARASHTRA
District : WARDHA",Secondary Level,"Name : KENDRIYA VIDYALAYA WARDHA (MGAHV)
Head/Principal Name: YATENDRA KUMAR","Address : KENDRIYA VIDYALAYA WARDHA, GANDHI HILLS, MAHATMA GANDHI ANTARRASHTRIYA HINDI VISHWVIDYALAYA, WARDHA
Website : www.kvwardha.org"
1590,"Aff. No. :1130589
Sch. Code:30553","State : MAHARASHTRA
District : WARDHA",Secondary Level,"Name : TAPASYA PUBLIC SCHOOL
Head/Principal Name: SHIVANI NITIN DESHPANDE","Address : PANDURANG WARD, TALEGAON ROAD.ARVI, DIST. WARDHA, MAHARASHTRA- 442 201
Website : https://tapasyapublicschoolarvi.com/"
1591,"Aff. No. :1130539
Sch. Code:30501","State : MAHARASHTRA
District : WARDHA",Secondary Level,"Name : CHANNAWARS E VIDYAMANDIR
Head/Principal Name: Apurva Pande","Address : NEAR VENKETESH POLYTECHNIC ARVI ROAD YELAKELI
Website : www.cevidyamandir.com"
1592,"Aff. No. :1130507
Sch. Code:30452","State : MAHARASHTRA
District : WARDHA",Secondary Level,"Name : INNOVATIVE MINDS SCHOOL OF EXCELLENCE
Head/Principal Name: Dr. Sandeep Rambhau Nimbhorkar","Address : INSTITUTE OF SPORT,7 POINT,NH NO.6
Website : http://innovativemindsschool.org/"
1593,"Aff. No. :1130902
Sch. Code:30999","State : MAHARASHTRA
District : WARDHA",Secondary Level,"Name : SAKSHAM SCHOOL
Head/Principal Name: MANGESHKUMAR B AWARI","Address : OPP GRAMOPAYOGI VIDNAYAN KENDRA WARDHA NAGPUR HIGHWAY DATTAPUR WARDHA
Website : www.sakshamschoolwardha.com"
1594,"Aff. No. :1131044
Sch. Code:31020","State : MAHARASHTRA
District : WARDHA",Secondary Level,"Name : SCHOOL OF SCHOLARS
Head/Principal Name: SHILPA CHAVAN","Address : MOUJA : PIMPALGAON, TAH. HINGANGHAT, DIST. WARDHA
Website : www.soshinganghat.edu.in"
1595,"Aff. No. :1130998
Sch. Code:30963","State : MAHARASHTRA
District : WARDHA",Secondary Level,"Name : A.R.C. PUBLIC SCHOOL
Head/Principal Name: Pradeep Narayanrao Ukey","Address : A.R.C. PUBLIC SCHOOL, NARA ROAD, KARANJA GHADAGE, DIST-WARDHA
Website : http://www.arcpublicschool.edu.in"
1596,"Aff. No. :1130927
Sch. Code:31011","State : MAHARASHTRA
District : WARDHA",Secondary Level,"Name : SANT CHAVARA SCHOOL, SALOD(H), WARDHA
Head/Principal Name: Fr Harish P Jose","Address : OPP. NERI PUNARVASAN, SALOD(HI), WARDHA
Website : http://www.scswardha.org"
1597,"Aff. No. :1131072
Sch. Code:31051","State : MAHARASHTRA
District : WARDHA",Secondary Level,"Name : PODAR INTERNATIONAL SCHOOL, WARDHA
Head/Principal Name: Medha Nair","Address : NEAR NAGTHANA, BESIDES AGNIHOTRI COLLEGE, SINDHI MEGHE, NAGPUR YAVATMAL BYPASS. WARDHA- 442001
Website : https://www.podareducation.org/school/wardha"
1598,"Aff. No. :1131378
Sch. Code:31367","State : MAHARASHTRA
District : WARDHA",Secondary Level,"Name : MOUNT CARMEL CONVENT SCHOOL
Head/Principal Name: Namitha","Address : ADEGAON , TAL- ARVI, DIST- WARDHA
Website : http://mccsaedu.in"
1599,"Aff. No. :1131494
Sch. Code:31483","State : MAHARASHTRA
District : WARDHA",Secondary Level,"Name : BALPANDE PUBLIC SCHOOL
Head/Principal Name: PRATISH SURESHWAR SIDDHAMSHETTIWAR","Address : SURVEY NO. 184/1, AT POST GIRAD TAHSIL SAMUDRAPUR, DISTRICT WARDHA
Website : https://bpsgirad.edu.in/"
1600,"Aff. No. :1140008
Sch. Code:34062","State : MAHARASHTRA
District : WARDHA",Senior Secondary Level,"Name : PM SHRI SCHOOL JAWAHAR NAVODAYA VIDYALAYA
Head/Principal Name: SHAILESH KISAN NAGDEOTE","Address : SELU KATE WARDHA DISTT MAHARASHTRA
Website : www.jnvwardha.org"
1601,"Aff. No. :1140012
Sch. Code:34064","State : MAHARASHTRA
District : YAVATMAL",Senior Secondary Level,"Name : PM SHRI SCHOOL JAWAHAR NAVODAYA VIDYALAYA
Head/Principal Name: KAMLAKAR DEVIDAS DHOPTE","Address : BELORA TQ: GHATANJI DIST. YAVATMAL MAHARASHTRA
Website : www.jnvyavatmal.com"
1602,"Aff. No. :1131554
Sch. Code:31551","State : MAHARASHTRA
District : YAVATMAL",Senior Secondary Level,"Name : NARAYANA E-TECHNO SCHOOL
Head/Principal Name: ASHWINI KHUSHAL THANVI","Address : CTS NO.1/A/2, , PLOT NO.2,, DHAMANGAON ROAD,
Website : https://www.narayanaschools.in/maharashtra/yavatma"
1603,"Aff. No. :1131421
Sch. Code:31410","State : MAHARASHTRA
District : YAVATMAL",Secondary Level,"Name : MARKANDEY PODAR LEARN SCHOOL
Head/Principal Name: BHUSHAN MANOHARRAO ALONE","Address : WANI- SHIRPUR ROAD, MOUZA- MANDAR, TALUKA- WANI
Website : https://markandeypodarlearnschool.com/"
1604,"Aff. No. :1131193
Sch. Code:31180","State : MAHARASHTRA
District : YAVATMAL",Secondary Level,"Name : VIDYALANKAR'S PODAR LEARN SCHOOL
Head/Principal Name: Radha Dhagamwar","Address : KARLA ROAD, WADSAD, TAL- PUSAD DIST-YAVATMAL
Website : www.vplspusad.com"
1605,"Aff. No. :1131204
Sch. Code:31191","State : MAHARASHTRA
District : YAVATMAL",Secondary Level,"Name : VEENADEVI DARDA SCHOOL
Head/Principal Name: SANDHYA SANJAYKUMAR SUBRAMANIAN","Address : LOHARA, YAVATMAL
Website : www.vdds.in"
1606,"Aff. No. :1131210
Sch. Code:31197","State : MAHARASHTRA
District : YAVATMAL",Secondary Level,"Name : MOUNT LITERA ZEE SCHOOL
Head/Principal Name: MANJU JOSHI","Address : TALUKA PUSAD UMARKHED BYPASS ROAD, DISTRICT YAVATMAL
Website : www.mlzspusad.com"
1607,"Aff. No. :1131342
Sch. Code:31331","State : MAHARASHTRA
District : YAVATMAL",Secondary Level,"Name : JAJOO INTERNATIONAL SCHOOL
Head/Principal Name: SHILPA JAJOO","Address : SURVEY NO 24/2 NAGPUR-DHAMANGAON- BYPASS, MAUJA DORLI TQ, YAVATMAL 445001
Website : www.jis.hjes.in"
1608,"Aff. No. :1131322
Sch. Code:31309","State : MAHARASHTRA
District : YAVATMAL",Secondary Level,"Name : MODERN PUBLIC SCHOOL
Head/Principal Name: Dipali Sandip Chede","Address : NAGAPUR (N), TAL.UMARKHED DIST.YAVATMAL
Website : http://mpsumarkhed.edu.in/"
1609,"Aff. No. :1131320
Sch. Code:31307","State : MAHARASHTRA
District : YAVATMAL",Secondary Level,"Name : SANSKAR PODAR LEARN SCHOOL
Head/Principal Name: BHAIROBA VISHWAMBHAR MUNJALL","Address : NAGAPUR(U), UMARKHED TQ
Website : www.podarlearn.com"
1610,"Aff. No. :1131002
Sch. Code:30962","State : MAHARASHTRA
District : YAVATMAL",Secondary Level,"Name : MAHARISHI VIDYA MANDIR
Head/Principal Name: ARCHANA TIWARI","Address : BORGAON DAN ROAD, MAHARISHI NAGAR, NOHA, YAVATMAL, MAHARASHTRA
Website : www.mvmyavatmal.org"
1611,"Aff. No. :1131037
Sch. Code:31013","State : MAHARASHTRA
District : YAVATMAL",Secondary Level,"Name : ERA ENGLISH MEDIUM SCHOOL
Head/Principal Name: Vinoj Vijayan krishnan","Address : CHALBARDI RAOD, PANDHARKAWADA
Website : http://www.eraschoolpkd.org/"
1612,"Aff. No. :1130812
Sch. Code:30763","State : MAHARASHTRA
District : YAVATMAL",Secondary Level,"Name : SCHOLARS INTERNATIONAL SCHOOL, MAREGAON
Head/Principal Name: Manu Ramachandran Nair","Address : MARDI ROAD, MAREGAON
Website : www.sismaregaon.org"
1613,"Aff. No. :1130536
Sch. Code:30477","State : MAHARASHTRA
District : YAVATMAL",Senior Secondary Level,"Name : MARKANDEYA PUBLIC SCHOOL
Head/Principal Name: SHITAL GAJANAN BALLEWAR","Address : AT : BARADGAON, POST : GUJARI RALEGAON YAVAT MAL MAHARASHTRA
Website : www.markandeyapublicschool.com"
1614,"Aff. No. :1130591
Sch. Code:30519","State : MAHARASHTRA
District : YAVATMAL",Senior Secondary Level,"Name : PODAR INTERNATIONAL SCHOOL
Head/Principal Name: PRAFULL S CHAPATE","Address : SURVEY NO. 30/4/2, BESIDE DHARIWAL GREENS, DHAMNGAON-NAGPUR BYE PASS ROAD
Website : www.podareducation.org/school/yavatmal"
1615,"Aff. No. :1130626
Sch. Code:30645","State : MAHARASHTRA
District : YAVATMAL",Secondary Level,"Name : SUSHGANGA PUBLIC SCHOOL
Head/Principal Name: DEBOSHRI TAPAS SAHA","Address : WANI-WARORA ROAD,NAIGAON
Website : www.sushgangapublicschool.edu.in"
1616,"Aff. No. :1130728
Sch. Code:30635","State : MAHARASHTRA
District : YAVATMAL",Secondary Level,"Name : JAWAHARLAL DARDA ENGLISH MEDIUM SCHOOL YAVATMAL
Head/Principal Name: Mini Raju Chackuparambil","Address : GODANI ROAD NEAR WATER SUPPLY YAVATMAL
Website : www.jdems.ac.in"
1617,"Aff. No. :1130735
Sch. Code:30642","State : MAHARASHTRA
District : YAVATMAL",Secondary Level,"Name : SWAMI VIVEKANAND PUBLIC SCHOOL
Head/Principal Name: Dr Prashant","Address : AT.PO- HARDADA,
Website : www.svpshardada.net"
1618,"Aff. No. :1100053
Sch. Code:34107","State : MAHARASHTRA
District : YAVATMAL",Senior Secondary Level,"Name : KENDRIYA VIDYALAYA
Head/Principal Name: KIRAN K MENDHE","Address : GODHNI ROAD, OPP. AAKASHWANI, YAVATMAL,MAHARASHTRA
Website : www.yawatmal.kvs.ac.in"
1619,"Aff. No. :1120106
Sch. Code:32106","State : MAHARASHTRA
District : YAVATMAL",Senior Secondary Level,"Name : EKLAVYA MODEL RESIDENTIAL SCHOOL BOTONI
Head/Principal Name: RAVINDRA BALWANTRAO RAUT","Address : TQ. MAREGAON DIST.YAVATMAL, PIN CODE 445303
Website : https://emrsbotoni.emrsmaharashtra.com"
1620,"Aff. No. :1130137
Sch. Code:30121","State : MAHARASHTRA
District : YAVATMAL",Senior Secondary Level,"Name : YAVAT MAL PUBLIC SCHOOL
Head/Principal Name: ARCHANA KADHAO","Address : C/O MATOSHRI VEENADEVI DARDA ENGLISH MED. SCHOOL, WADGAON ROAD DARDA NAGAR
Website : http://yps.ac.in/"
1621,"Aff. No. :1130146
Sch. Code:30138","State : MAHARASHTRA
District : YAVATMAL",Senior Secondary Level,"Name : SWARNLEELA INTERNATIONAL SCHOOL
Head/Principal Name: J Annapurna","Address : NANDEPERA ROAD, NR. MAHARASHTRA SOYA PLANT,AT-WANJRI TALUKA WANI,DISTRICT- YAVATMAL, MAHARASHTRA
Website : www.swarnleelainternationalschool.com"
1622,"Aff. No. :1130060
Sch. Code:30038","State : MAHARASHTRA
District : YAVATMAL",Senior Secondary Level,"Name : DAV PUBLIC SCHOOL
Head/Principal Name: Manoj S. Karemore","Address : NEELJAY COLLIERY TOWNSHIP WANI AREA PO PUNAVAT DISTT YAVATMAL MAHARASHTRA
Website : www.davneeljay.in"
1623,"Aff. No. :1130359
Sch. Code:30292","State : MAHARASHTRA
District : YAVATMAL",Secondary Level,"Name : SCHOOL OF BRILLIANT (CO.ED.)
Head/Principal Name: CH Ramesh","Address : WARD NO. 4 CHHATRAPATI CHOWK VITTHAL MANDIR WARD AT.PO. TQ. RALEGAON DIST. YAVATMAL 445402 MAHARASHTRA
Website : www.schoolofbrilliant.com"
1624,"Aff. No. :1130404
Sch. Code:30327","State : MAHARASHTRA
District : YAVATMAL",Secondary Level,"Name : GURUKUL ENGLISH MEDIUM SCHOOL
Head/Principal Name: SARASWATICHANDRA NILKANTH KULKARNI","Address : KELAPUR ROAD, PANDHARKAWADA, KELAPUR,
Website : www.gurukulems.edu.in"
1625,"Aff. No. :1130456
Sch. Code:30379","State : MAHARASHTRA
District : YAVATMAL",Secondary Level,"Name : ST. ALOYSIUS ENGLISH MED. SCHOOL
Head/Principal Name: Fatima Fernandes","Address : MAHAPHATA DHAMANGAON ROAD, YAVATMAL
Website : http://www.staloysiusytl.com"
1626,"Aff. No. :1130429
Sch. Code:30350","State : MAHARASHTRA
District : YAVATMAL",Senior Secondary Level,"Name : GURUKUL ENGLISH MEDIUM SCHOOL
Head/Principal Name: Shaik Abeda Begum","Address : PUSAD BY PASS ROAD, DIGRAS, YAVATMAL
Website : http://www.gurukuldigras.com/"
1627,"Aff. No. :1130440
Sch. Code:30398","State : MAHARASHTRA
District : YAVATMAL",Secondary Level,"Name : JET KIDS INTERNATIONAL SCHOOL, PUSAD
Head/Principal Name: K G MINI KURUP","Address : SANDWA MANDWA ROAD BORI KHURD PUSAD, DISTT YAVATMAL, MAHARASHTRA
Website : https://jetkidsschool.com"
1628,"Aff. No. :1130213
Sch. Code:30162","State : MAHARASHTRA
District : YAVATMAL",Senior Secondary Level,"Name : SCHOOL OF SCHOLARS, YAVATMAL
Head/Principal Name: Rina Kale","Address : MOUZA : BHOYAR, MIDC AREA, DARVA ROAD, YAVATMAL
Website : http://www.sosyavatmal.edu.in"
1629,"Aff. No. :1130262
Sch. Code:30242","State : MAHARASHTRA
District : YAVATMAL",Secondary Level,"Name : MACAROON STUDENTS ACADEMY
Head/Principal Name: SHOBHANA MESHRAM","Address : WANI, MAUZA-WADAGAON VILLEGE, TAL WANI, DIST-YAVATMAL.
Website : www.macaroonacademywani.in"
1630,"Aff. No. :1130315
Sch. Code:30265","State : MAHARASHTRA
District : YAVATMAL",Senior Secondary Level,"Name : SAINIK PUBLIC SCHOOL
Head/Principal Name: SHEKHAR ASHOK NANDURKAR","Address : AT&PO-WADKI TAH-RALEGAON, DIST-YAVATMAL(M.S.)
Website : https://spswadki.in"
1631,"Aff. No. :1130216
Sch. Code:30278","State : MAHARASHTRA
District : WASHIM",Senior Secondary Level,"Name : BHAVANA PUBLIC SCHOOL
Head/Principal Name: Anand Ravindra Maralgoikar","Address : PUNDLIK NAGAR, DEGAON, POST LINGA KOTWAL, TQ. RISOD, DISTRICT WASHIM, PIN CODE - 444504, MAHARASHTRA
Website : www.bhavanapublicschool.com"
1632,"Aff. No. :1130460
Sch. Code:30383","State : MAHARASHTRA
District : WASHIM",Senior Secondary Level,"Name : HAPPY FACES THE CONCEPT SCHOOL, WASHIM
Head/Principal Name: PRAVIN M. NASKARI","Address : SHELU ROAD, WASHIM
Website : www.happyfaces.edu.in"
1633,"Aff. No. :1130370
Sch. Code:31500","State : MAHARASHTRA
District : WASHIM",Middle Class,"Name : P.D. JAIN PUBLIC SCHOOL
Head/Principal Name: Mr.Adityakumar H. Walli","Address : NEAR NEW BUS STAND (ANSING) MOUZA KHADSING, TQ. DIST. WASHIM, MH
Website :"
1634,"Aff. No. :1100151
Sch. Code:34201","State : MAHARASHTRA
District : WASHIM",Senior Secondary Level,"Name : KENDRIYA VIDYALAYA WASHIM
Head/Principal Name: ATUL S MOON","Address : RISOD RAOD, LAKHALA
Website : https://washim.kvs.ac.in/"
1635,"Aff. No. :1130745
Sch. Code:30958","State : MAHARASHTRA
District : WASHIM",Senior Secondary Level,"Name : YASHWANTRAO CHAVHAN PRIMARY ENGLISH SCHOOL MANGRULPIR
Head/Principal Name: SANJEEV KUMAR","Address : AT.MANGRULPIR DIST.WASHIM
Website : www.shrimtspm.org"
1636,"Aff. No. :1130533
Sch. Code:30474","State : MAHARASHTRA
District : WASHIM",Senior Secondary Level,"Name : SUNRISE ENGLISH SCHOOL,
Head/Principal Name: ROSE MARY JOSE","Address : LONI PHATA RISOD DIST-WASHIM
Website : www.SUNRISEENGLISHSCHOOL.COM"
1637,"Aff. No. :1130813
Sch. Code:30745","State : MAHARASHTRA
District : WASHIM",Secondary Level,"Name : VIDYARAMBH SCHOOL
Head/Principal Name: YOGESH HAGE","Address : SURVEY NO 138/2 KALI KARANJA
Website : www.vidyarambhschool.org"
1638,"Aff. No. :1130987
Sch. Code:30927","State : MAHARASHTRA
District : WASHIM",Secondary Level,"Name : VIDARBHA PUBLIC SCHOOL
Head/Principal Name: VIDYA JAGDISH KALE","Address : GAT NO. 225, SHELU FATA, MALEGAON, DIST. WASHIM, PIN 444503
Website : https://vidarbhapublicschool.edu.in/"
1639,"Aff. No. :1130953
Sch. Code:30907","State : MAHARASHTRA
District : WASHIM",Secondary Level,"Name : PODAR INTERNATIONAL SCHOOL
Head/Principal Name: Arti Domkulwar","Address : PODAR INTERNATIONAL SCHOOL, SURVEY NO. 116, ZAKALWADI, AKOLA ROAD, WASHIM DIST. WASHIM
Website : www.podareducation.org/school/washim"
1640,"Aff. No. :1130970
Sch. Code:30908","State : MAHARASHTRA
District : WASHIM",Secondary Level,"Name : THE WORLD SCHOOL,WASHIM
Head/Principal Name: BHAVANA MANOJKUMAR SUTWANE","Address : THE WORLD SCHOOL WASHIM CAMPUS, SONKHAS ROAD,NEAR JADHAV COLLEGE,LAKHALA,WASHIM
Website : www.theworldschoolwashim.com"
1641,"Aff. No. :1131314
Sch. Code:31301","State : MAHARASHTRA
District : WASHIM",Senior Secondary Level,"Name : KANADE INTERNATIONAL SCHOOL WASHIM
Head/Principal Name: NITIN VILASRAO MASKE","Address : INFRONT OF HANUMAN MANDIR , WASHIM TQ. DIST. WASHIM
Website : www.kanadeinternationalschool.edu.in"
1642,"Aff. No. :1131491
Sch. Code:31480","State : MAHARASHTRA
District : WASHIM",Secondary Level,"Name : GLOBAL INTERNATIONAL ENGLISH SCHOOL
Head/Principal Name: SUJATA ABHIJIT HIWALE","Address : GAT NO 59, WASHIM ROAD, AMANI
Website : https://giesschoolmalegaon.com"
1643,"Aff. No. :1131611
Sch. Code:31610","State : MAHARASHTRA
District : WASHIM",Secondary Level,"Name : SUNRISE ENGLISH SCHOOL, NAGARDAS
Head/Principal Name: MANOJ RAMDAS NIKAM","Address : AKOLA- NANDED BYPASS,, AT- NAGARDAS, TAH- MALEGAON, DIST- WASHIM
Website : http://www.sunriseschoolnagardas.in"
1644,"Aff. No. :1140028
Sch. Code:34087","State : MAHARASHTRA
District : WASHIM",Senior Secondary Level,"Name : PM SHRI SCHOOL JAWAHAR NAVODAYA VIDYALAYA
Head/Principal Name: SACHIN DATTATRAY KHARAT","Address : KATA ROAD WASHIM MAHARASTRA
Website : https://www.navodaya.gov.in/nvs/nvs-school/Washim/en/home/"
1645,"Aff. No. :1140018
Sch. Code:34057","State : MAHARASHTRA
District : GONDIA",Senior Secondary Level,"Name : PM SHRI SCHOOL JAWAHAR NAVODAYA VIDYALAYA
Head/Principal Name: USHA P DHARGAWE","Address : NAVEGAONBANDH TEH ARJUNI MORGAON DISTT GONDIA MAHARASHTRA
Website : https://www.navodaya.gov.in/nvs/nvs-school/Gondia/"
1646,"Aff. No. :1131586
Sch. Code:31583","State : MAHARASHTRA
District : GONDIA",Secondary Level,"Name : LITTLE FLOWERS SCHOOL
Head/Principal Name: SHEELA TEJSINGH BISEN","Address : LITTLE FLOWERS COLONY, NEAR MAMA CHOWK, GONDIA
Website : https://www.littleflowersgondia.com/"
1647,"Aff. No. :1131211
Sch. Code:31198","State : MAHARASHTRA
District : GONDIA",Senior Secondary Level,"Name : MOUNT CAMET PUBLIC SCHOOL
Head/Principal Name: Linta J Lokhande","Address : GOREGAON , TALUKA GOREGAON
Website : www.mcpsgoregaon.edu.in/"
1648,"Aff. No. :1131228
Sch. Code:31215","State : MAHARASHTRA
District : GONDIA",Secondary Level,"Name : K K ENGLISH PRIMARY SCHOOL AMGAON DISTT GONDIA
Head/Principal Name: REENA SANDIP MENDHE","Address : AT PO AMGAON TAH AMGAON DISTT GONDIA, AT PO AMGAON TAH AMGAON DISTT GONDIA
Website : www.kkenglishschool.com"
1649,"Aff. No. :1131225
Sch. Code:31212","State : MAHARASHTRA
District : GONDIA",Senior Secondary Level,"Name : ADARSH BHARAT PUBLIC SCHOOL
Head/Principal Name: Harshvardhan Bhagwanrao Kamble","Address : TAL GONDIA, DIST GONDIA
Website : www.abpshiwara.edu.in"
1650,"Aff. No. :1131065
Sch. Code:31042","State : MAHARASHTRA
District : GONDIA",Senior Secondary Level,"Name : MOUNT LITERA ZEE SCHOOL
Head/Principal Name: JEETENDRA TALREJA","Address : MOUNT LITERA ZEE SCHOOL NEAR BHAGAWAT TOLA, MIDC ROAD PO- DHAMANI TAHASIL & DISTRICT- GONDIA MAHARASHTRA PIN- 441614
Website : www.mlzsgondia.com"
1651,"Aff. No. :1130917
Sch. Code:30877","State : MAHARASHTRA
District : GONDIA",Secondary Level,"Name : C.S. ENGLISH PUBLIC SCHOOL
Head/Principal Name: ASHMIT MADHUKAR PILLAI","Address : SHIVAJI CAMPUS, CHICHGADH ROAD, BEHIND POLICE STATION
Website : www.csepsdeori.org"
1652,"Aff. No. :1131005
Sch. Code:30977","State : MAHARASHTRA
District : GONDIA",Senior Secondary Level,"Name : SHREE SWAMI VIVEKANAND PUBLIC SCHOOL
Head/Principal Name: Smriti R. Chapariya","Address : SHREE SWAMI VIVKANAND PUBLIC SCHOOL, IN FRONT OF MAHAKALI PETROL PUMP, GONDIA ROAD RISAMA (AMGAON)
Website : http://www.ssvpsra.in"
1653,"Aff. No. :1131007
Sch. Code:30965","State : MAHARASHTRA
District : GONDIA",Senior Secondary Level,"Name : SDB VIDYALAY KHAIRBODI
Head/Principal Name: Jaishree Yadvendra Tembhare","Address : NEAR PRAGATI NAGAR,TIRORA AT KHAIRBODI TIRORA MAHARASHTRA ,GONDIA, 441911
Website : http://www.sdbvidyalay.in"
1654,"Aff. No. :1131055
Sch. Code:31032","State : MAHARASHTRA
District : GONDIA",Senior Secondary Level,"Name : LITTLE WOODS INTERNATIONAL SCHOOL
Head/Principal Name: Javed Sheikh","Address : MOUZA NANGPURA MURRI
Website : www.lwisgondia.com"
1655,"Aff. No. :1130886
Sch. Code:30852","State : MAHARASHTRA
District : GONDIA",Senior Secondary Level,"Name : STAR INTERNATIONAL SCHOOL, KUDWA, GONDIA
Head/Principal Name: RATNA KHANNA","Address : MIET CAMPUS, KUDWA,GONDIA 441614 (MAHARASHTRA)
Website : www.sisgondia.in"
1656,"Aff. No. :1130537
Sch. Code:30468","State : MAHARASHTRA
District : GONDIA",Secondary Level,"Name : VIVEK MANDIR
Head/Principal Name: NEETA KARWAT","Address : HARIOM COLONY NEAR RAILWAY CROSSING GONDIA MAHARASHTRA
Website : www.vivekmandir.in"
1657,"Aff. No. :1130531
Sch. Code:30517","State : MAHARASHTRA
District : GONDIA",Secondary Level,"Name : PODAR INTERNATIONAL SCHOOL
Head/Principal Name: JYOTI NIM","Address : MOUZA: HIWARA, TIRODA ROAD, NEAR MIET COLLEGE
Website : http://www.podareducation.org/school/gondia"
1658,"Aff. No. :1130545
Sch. Code:30489","State : MAHARASHTRA
District : GONDIA",Secondary Level,"Name : ASIM SARAF CENTRAL ACADEMY
Head/Principal Name: VARSHA SONI","Address : CHURDI,TIRODA
Website : www.asimacademy.com"
1659,"Aff. No. :1130495
Sch. Code:30409","State : MAHARASHTRA
District : GONDIA",Senior Secondary Level,"Name : NEW SEETA PUBLIC SCHOOL DEORI
Head/Principal Name: ASHOK SURAJLAL UIKEY","Address : BEHIND POLICE STATION PARASTOLA ROAD DEORI.
Website : https://www.nspsdeori.in"
1660,"Aff. No. :1130692
Sch. Code:30609","State : MAHARASHTRA
District : GONDIA",Senior Secondary Level,"Name : KIRSAN INTERNATIONAL PUBLIC SCHOOL
Head/Principal Name: Anil Kumar Bhandaram","Address : AT- GANKHAIRA TAH.- GOREGAON DISTT. GONDIA (MAHARASHTRA)
Website : www.kipscbse.in"
1661,"Aff. No. :1120007
Sch. Code:32006","State : MAHARASHTRA
District : GONDIA",Senior Secondary Level,"Name : EKLAVYA RESIDENTIAL PUBLIC SCHOOL
Head/Principal Name: GANESH KUMAR TODKAR","Address : BOARGAON, (BAZAR), PO-FUTANA, TAL. DEI, DIST. GONDIA, MAHARASHTRA
Website : https://emrsborgaonbazar.emrsmaharashtra.com"
1662,"Aff. No. :1130047
Sch. Code:30027","State : MAHARASHTRA
District : GONDIA",Senior Secondary Level,"Name : GONDIA PUBLIC SCHOOL
Head/Principal Name: TUSHAR YERPUDE","Address : GONDIA KHURD, RIVER ROAD, DISTT GONDIA, MAHARASHTRA
Website : www.gondiapublicschool.com"
1663,"Aff. No. :1130109
Sch. Code:30084","State : MAHARASHTRA
District : GONDIA",Senior Secondary Level,"Name : SAKET PUBLIC SCHOOL
Head/Principal Name: Shankarprasad Upadhye","Address : BAJAJ NAGAR FULCHUR ROAD GONDIA MAHARASHTRA
Website : www.saketpublicschool.com"
1664,"Aff. No. :1130136
Sch. Code:30095","State : MAHARASHTRA
District : GONDIA",Senior Secondary Level,"Name : ST. XAVIER'S HIGH SCHOOL
Head/Principal Name: RENU VIKAS MISHRA","Address : VIJAYNAGAR, KATANGIKALA, BALAGHAT, BALAGHAT ROAD, GONDIYA
Website : https://www.ryangroup.org/ryaninternational/cbse/gondia"
1665,"Aff. No. :1130355
Sch. Code:30266","State : MAHARASHTRA
District : GONDIA",Senior Secondary Level,"Name : PROGRESSIVE ENGLISH SCHOOL
Head/Principal Name: Minakshi Mahapatra","Address : CHULOD ROAD, CHULOD, GONDIYA,
Website : www.progressiveenglishschool.in"
1666,"Aff. No. :1130391
Sch. Code:30364","State : MAHARASHTRA
District : GONDIA",Secondary Level,"Name : S.CHANDRA PUBLIC SCHOOL SADAK ARJUNI DIST GONDIA
Head/Principal Name: MALTA R PUSTODE","Address : SADAK ARJUNI, DIST. GONDIYA
Website : www.scp-school.in"
1667,"Aff. No. :1130447
Sch. Code:30423","State : MAHARASHTRA
District : GONDIA",Secondary Level,"Name : POORTI PUBLIC SCHOOL SALEKASA
Head/Principal Name: PRASHANT VASANTRAO BANSOD","Address : 23 SALEKASA DISTT GONDIA PIN NO 441916
Website : http://poortipublicschoolsalekasa.justdial.com"
1668,"Aff. No. :1130448
Sch. Code:30488","State : MAHARASHTRA
District : GONDIA",Senior Secondary Level,"Name : MERITORIOUS PUBLIC SCHOOL
Head/Principal Name: Praful Tiwari","Address : 267, LODHITOLA ROAD, TIRORA DIST. GONDIYA
Website : www.mpstirora.edu.in"
1669,"Aff. No. :1130449
Sch. Code:30368","State : MAHARASHTRA
District : GONDIA",Senior Secondary Level,"Name : RIVERDALE WORLD SCHOOL
Head/Principal Name: Sanyukta Joshi","Address : SAWARI V & P-AMBHORA TAH & DISTT.-GONDIA,, MAHARASHTRA
Website : https://riverdaleworldschool.com/"
1670,"Aff. No. :1130323
Sch. Code:30719","State : MAHARASHTRA
District : GONDIA",Senior Secondary Level,"Name : SIDDHIVINAYAK PUBLIC SCHOOL
Head/Principal Name: DURYODHAN NAMDEO BAGMARE","Address : AT- TADGAON PO.- ZARPADA, TAH,- ARJUNI/MOR
Website : www.spstadgaon.org.in"
1671,"Aff. No. :1130326
Sch. Code:30356","State : MAHARASHTRA
District : GONDIA",Secondary Level,"Name : K P ASATI PUBLIC SCHOOL
Head/Principal Name: Suresh Ashokkumar Upadhyay","Address : AT : PALDONGRI, POST : KARTI,
Website : www.kpasatipublicschool.org"
1672,"Aff. No. :1130766
Sch. Code:30702","State : MAHARASHTRA
District : HINGOLI",Secondary Level,"Name : SARASWATI INTERNATIONAL SCHOOL
Head/Principal Name: Mr.ANURAG KUMAR UPADHYAY","Address : AT. KURTADI, TQ. KALAMNURI, DIST. HINGOLI.
Website :"
1673,"Aff. No. :1130784
Sch. Code:30711","State : MAHARASHTRA
District : HINGOLI",Secondary Level,"Name : PODAR INTERNATIONAL SCHOOL
Head/Principal Name: Archana Deshpande","Address : PLOT NO.12, BALSOND, AKOLA ROAD ,OPPOSITE KHURANA SAWANT ENGINEERING COLLEGE,HINGOLI
Website : https://www.podareducation.org/school/hingoli"
1674,"Aff. No. :1131031
Sch. Code:31005","State : MAHARASHTRA
District : HINGOLI",Secondary Level,"Name : A.B.M. ENGLISH HIGH SCHOOL
Head/Principal Name: JOSEPH K J","Address : HINGOLI
Website : www.abmenglishschool.com"
1675,"Aff. No. :1130924
Sch. Code:30887","State : MAHARASHTRA
District : HINGOLI",Secondary Level,"Name : SWISS ACADEMY PRIMARY ENGLISH SCHOOL
Head/Principal Name: Vilas Ramdas Chavan","Address : KATKHALI PARISAR HINGOLI
Website : https://www.swisscbse.com/"
1676,"Aff. No. :1130971
Sch. Code:30917","State : MAHARASHTRA
District : HINGOLI",Secondary Level,"Name : LATE MANIKS PODAR LEARN SCHOOL
Head/Principal Name: HARSHAL BHASKAR WASEWAL","Address : WADHONA,RISOD SENGAON ROAD,TAL.SENGAON,DIST.HINGOLI.
Website : www.latemanikspodarlearnschool.com"
1677,"Aff. No. :1131057
Sch. Code:31034","State : MAHARASHTRA
District : HINGOLI",Secondary Level,"Name : ANNAPURNA INTERNATIONAL SCHOOL OF SCHOLARS
Head/Principal Name: Sahadev Das","Address : AKOLA ROAD, HINGOLI, TQ./ DIST. HINGOLI-431513 (MH)
Website : www.annapurnapariwar.com"
1678,"Aff. No. :1131278
Sch. Code:31265","State : MAHARASHTRA
District : HINGOLI",Secondary Level,"Name : PODAR INTAENATIONAL SCHOOL
Head/Principal Name: Archana Deshpande","Address : JAWALA PALASHI ROAD, NEAR SIDDHARTH NAGAR, HINGOLI
Website : https://www.podareducation.org"
1679,"Aff. No. :1131230
Sch. Code:31217","State : MAHARASHTRA
District : HINGOLI",Secondary Level,"Name : INDURA ENGLISH SCHOOL INJANGAON (EAST)
Head/Principal Name: BHAIRAVNATH MANIKRAO TAMBARE","Address : TQ. VASMAT, , DIST. HINGOLI
Website : http://www.induraenglishschool.in"
1680,"Aff. No. :1131567
Sch. Code:31564","State : MAHARASHTRA
District : HINGOLI",Senior Secondary Level,"Name : NARAYANA E-TECHNO SCHOOL
Head/Principal Name: TASLIMA MOHAMAD SADIK ASHRAFIWALA","Address : S.NO.6/2,, GANESHWADI,, TAL.HINGOLI
Website : https://www.narayanaschools.in/maharashtra/hingoli"
1681,"Aff. No. :1140004
Sch. Code:34071","State : MAHARASHTRA
District : HINGOLI",Senior Secondary Level,"Name : PM SHRI SCHOOL JAWAHAR NAVODAYA VIDYALAYA
Head/Principal Name: S J GAWAI","Address : BASMATH NAGAR DISTT HINGOLI MAHARASHTRA
Website : https://navodaya.gov.in/nvs/nvs-school/Hingoli/en/"
1682,"Aff. No. :1131480
Sch. Code:31469","State : MAHARASHTRA
District : HINGOLI",Secondary Level,"Name : BIYANI INTERNATIONAL SCHOOL
Head/Principal Name: NAMRATA NITIN BELE","Address : GUT NO. 167, KARWADI, NEAR OLD AKOLA BYPASS, KARWADI, HINGOLI
Website : https://bishingoli.in/"
1683,"Aff. No. :1131484
Sch. Code:31473","State : MAHARASHTRA
District : HINGOLI",Secondary Level,"Name : LAL BAHADUR SHASTRI VIDYALAYA
Head/Principal Name: Gajanan Prabhatrao More","Address : GAT NO. 170/1/A, BASMATH TAL. BASMATH, DIST. HINGOLI, JAY NAGAR PARBHANI ROAD, BASMATH
Website : https://lbsschoolbasmath.com"
1684,"Aff. No. :1131372
Sch. Code:31361","State : MAHARASHTRA
District : HINGOLI",Secondary Level,"Name : MOUNT LITERA ZEE SCHOOL
Head/Principal Name: AnuRatheesh","Address : GAT NO. 63, SASEWADI, HINGOLI
Website : www.mountliterahingoli.com"
1685,"Aff. No. :1131389
Sch. Code:31378","State : MAHARASHTRA
District : NANDURBAR",Secondary Level,"Name : S.A. MISSION ENGLISH MEDIUM HIGH SCHOOL, NANDURBAR
Head/Principal Name: Parag Jayawant Pol","Address : NEAR BABA GARIB DAS NAGAR,, PARSHURAM CHOWK, , NALVA ROAD, NANDURBAR
Website : https://www.samenglishmediumschool.com/"
1686,"Aff. No. :1140016
Sch. Code:34069","State : MAHARASHTRA
District : NANDURBAR",Senior Secondary Level,"Name : PM SHRI SCHOOL JAWAHAR NAVODAYA VIDYALAYA
Head/Principal Name: VILAS MACHHINDRA PATIL","Address : AKKALKUWA NANDURBAR DISTT. MAHARASHTRA
Website : www.jnvnandurbar.com"
1687,"Aff. No. :1131557
Sch. Code:31554","State : MAHARASHTRA
District : NANDURBAR",Secondary Level,"Name : M K D ENGLISH MEDIUM SCHOOL
Head/Principal Name: JINESH K U","Address : WAGHALE PHATA VIRCHAK, NAVAPUR ROAD, TAL NANDURBAR DIST NANDURBAR MAHARASHTRA
Website : https://www.mkdcbsenandurbar.co.in/"
1688,"Aff. No. :1131258
Sch. Code:31245","State : MAHARASHTRA
District : NANDURBAR",Secondary Level,"Name : CREATIVE INTERNATIONAL SCHOOL
Head/Principal Name: Anita Hiralal Chaudhari","Address : DONGARGAON, TAL. SHAHADA, DIST. NANDURBAR
Website : http://creativeinternational.org"
1689,"Aff. No. :1131302
Sch. Code:31289","State : MAHARASHTRA
District : NANDURBAR",Secondary Level,"Name : JAGMA WORLD SCHOOL
Head/Principal Name: GANESH CHAUDHARI","Address : TAL. SHAHADA, DIST. NANDURBAR
Website : https://jagmaworldschool.com"
1690,"Aff. No. :1131101
Sch. Code:31047","State : MAHARASHTRA
District : NANDURBAR",Secondary Level,"Name : AHINSA INTERNATIONAL SCHOOL
Head/Principal Name: PRASHANT KUMAR","Address : SURVEY NO. 313/2B/2, NEAR GOVT. AGRICULTURE COLLEGE, DHULE ROAD
Website : www.nandurbar.ahinsaschool.in"
1691,"Aff. No. :1140033
Sch. Code:34111","State : MAHARASHTRA
District : NANDURBAR",Senior Secondary Level,"Name : PM SHRI SCHOOL JAWAHAR NAVODAYA VIDYALAYA
Head/Principal Name: P R KOSE","Address : PM SHRI JAWAHAR NAVODAYA VIDYALAYA , AT POST SHRAWANI , TAL NAVAPUR
Website : https://www.navodaya.gov.in/nvs/nvs-school/NANDURBAR-2/en/ab"
1692,"Aff. No. :1130551
Sch. Code:30589","State : MAHARASHTRA
District : NANDURBAR",Secondary Level,"Name : ACHIEVERS HEIGHTS INTERNATIONAL SCHOOL
Head/Principal Name: Mr Rohit Krishna Shinde","Address : 195/1 OLD MOHIDA ROAD SHAHADA, NANDURBAR
Website : www.ahisshahada.com"
1693,"Aff. No. :1130541
Sch. Code:30472","State : MAHARASHTRA
District : NANDURBAR",Secondary Level,"Name : PODAR INTERNATIONAL SCHOOL
Head/Principal Name: Ajay Vaman Pharande","Address : NEAR HIRA GARDEN, NEXT TO SINDHI COLONY, TALODA-NIZAR ROAD
Website : www.podareducation.org/school/nandurbar"
1694,"Aff. No. :1130288
Sch. Code:30214","State : MAHARASHTRA
District : NANDURBAR",Senior Secondary Level,"Name : KANAIYALAL RAOJIBHAI PUBLIC SCHOOL
Head/Principal Name: CHAYA KAMALKISHORE SHARMA","Address : PRATIBHA NAGAR, CHAUPALE, NANDURBAR,
Website : www.krps.in"
1695,"Aff. No. :1130297
Sch. Code:30254","State : MAHARASHTRA
District : NANDURBAR",Secondary Level,"Name : SHRI MAHAVIR ENGLISH MEDIUM SCHOOL
Head/Principal Name: AMBALAL MAGAN PATIL","Address : DONGARGAON ROAD, SHAHADA, NANDURBAR
Website : www.shrimahavirschool.com"
1696,"Aff. No. :1130197
Sch. Code:30153","State : MAHARASHTRA
District : NANDURBAR",Senior Secondary Level,"Name : DG AGRAWAL MEMORIAL NATIONAL PUBLIC SCHOOL , VARADIPADA
Head/Principal Name: Biju K Abraham","Address : AT : VARADIPADA POST : CHINCHPADA TAL. NAVAPUR DIST NANDURBAR, MAHARASHTRA
Website : www.dgagrawalschoolcpd.in"
1697,"Aff. No. :1130248
Sch. Code:30335","State : MAHARASHTRA
District : NANDURBAR",Secondary Level,"Name : SMT. SAVITABEN MANGALDAS CHOKHAWALA LITTLE ANGELS ACADEMY
Head/Principal Name: SIMRAN AMOL DIVATE","Address : BEHIND SARVAJANIK GUJARATI HIGH SCHOOL, NEAR SHEETAL SOCIETY
Website : www.smcacademy.in"
1698,"Aff. No. :1130154
Sch. Code:30108","State : MAHARASHTRA
District : NANDURBAR",Senior Secondary Level,"Name : SHRI P. G. PUBLIC SCHOOL
Head/Principal Name: Sunita Sahebrao Ahire","Address : CHAUPALE
Website : https://www.pgpublicschool.com/"
1699,"Aff. No. :1120008
Sch. Code:32008","State : MAHARASHTRA
District : NANDURBAR",Senior Secondary Level,"Name : EKLAVYA RESIDENTIAL SCHOOL
Head/Principal Name: ANIL JAGANNATH MANGALE","Address : NANDURBAR, TAL: DIST: NANDURBAR, MAHARASHTRA- 425 412
Website : www.emrsnandurbar.emrsmaharashtra.com"
1700,"Aff. No. :1120104
Sch. Code:32104","State : MAHARASHTRA
District : NANDURBAR",Senior Secondary Level,"Name : EKLAVYA MODEL RESIDENTIAL SCHOOL, DHONGSAGALI
Head/Principal Name: ANIL JAGANNATH MANGALE","Address : AHEAD OF KRIDA SANKUL, NANDURBAR, TQ NANDURBAR
Website : https://emrsdhonsangli.emrsmaharashtra.com/"
1701,"Aff. No. :1120101
Sch. Code:32101","State : MAHARASHTRA
District : NANDURBAR",Senior Secondary Level,"Name : EKLAVYA MODEL RESIDENTIAL SCHOOL DHADGAON
Head/Principal Name: VIDYA S JOSHI","Address : POST MOHIDE,TAL.TALODA,, DIST. NANDURBAR
Website : www.emrsdhadgaon.emrsmaharashtra.com"
1702,"Aff. No. :1120102
Sch. Code:32102","State : MAHARASHTRA
District : NANDURBAR",Senior Secondary Level,"Name : EKLAVYA MODEL RESIDENTIAL SCHOOL, AKKALKUWA
Head/Principal Name: HEMANT POPAT GANGODE","Address : TALAMBA, TQ. AKKALKUWA
Website : https://emrsakkalkuva.emrsmaharashtra.com/"
1703,"Aff. No. :1120130
Sch. Code:32144","State : MAHARASHTRA
District : NANDURBAR",Secondary Level,"Name : EMRS KHARWAD
Head/Principal Name: AMIT KUMAR SINGH","Address : C/O GOVT. SEC. ASHRAM SCHOOL ALIVIHIR, POST. SHIRVE, TAL.AKKALKUWA
Website : https://emrskharwad.emrsmaharashtra.com"
1704,"Aff. No. :1120128
Sch. Code:32131","State : MAHARASHTRA
District : NANDURBAR",Senior Secondary Level,"Name : EKLAVYA MODEL RESIDENTIAL SCHOOL SHAHADA (MOHIDA)
Head/Principal Name: Satish Gangaram Shrirao","Address : AT GOVERNMENT ASHRAM SCHOOL,, KHETIA ROAD, SULTANPUR FATA, SULTANPUR TAL SHAHADA
Website : https://emrsmohida.emrsmaharashtra.com/index.html"
1705,"Aff. No. :1120135
Sch. Code:32152","State : MAHARASHTRA
District : MUMBAI SUBURBAN",Middle Class,"Name : MUMBAI PUBLIC SCHOOL JIJAMATA NAGAR (CBSE)
Head/Principal Name: PREETI PRASHANT JADHAV","Address : JIJAMATA NAGAR, NEAR EASTERN EXPRESS , FREE WAY, DULEEP SINGH ROAD, , CHEMBUR (EAST), MUMBAI
Website : https://mpsjijamatanagar.mumbaipublicschools.in/"
1706,"Aff. No. :1120108
Sch. Code:32108","State : MAHARASHTRA
District : MUMBAI SUBURBAN",Secondary Level,"Name : MPS AZIZBAUG CBSE SCHOOL
Head/Principal Name: PRATIBHA MAHESH DHOLE","Address : CHEMBUR R.C.ROAD, CHEMBUR EAST
Website : http://www.mcgm.gov.in"
1707,"Aff. No. :1120109
Sch. Code:32109","State : MAHARASHTRA
District : MUMBAI SUBURBAN",Secondary Level,"Name : JANKALYAN NAGAR MPS CBSE SCHOOL
Head/Principal Name: Chaitali Manoj Shah","Address : NEAR MIRAJ RESIDENCY , MALAD WEST MUMBAI
Website : http://www.mcgm.gov.in"
1708,"Aff. No. :1120110
Sch. Code:32110","State : MAHARASHTRA
District : MUMBAI SUBURBAN",Secondary Level,"Name : MPS HARIYALI VILLAGE CBSE SCHOOL
Head/Principal Name: Srinivas Venkatesh Gollapelli","Address : TAGORE NAGAR GROUP NO 6, VIKHROLI EAST...
Website : www.mcgm.gov.in"
1709,"Aff. No. :1120111
Sch. Code:32111","State : MAHARASHTRA
District : MUMBAI SUBURBAN",Secondary Level,"Name : POONAM NAGAR MUMBAI PUBLIC SCHOOL (CBSE), ANDHERI
Head/Principal Name: Reema Ritvik Patil","Address : OPP. MMRDA COLONY, POONAM NAGAR, ANDHERI (EAST)
Website : www.mcgm.gov.in"
1710,"Aff. No. :1120112
Sch. Code:32112","State : MAHARASHTRA
District : MUMBAI SUBURBAN",Secondary Level,"Name : PRATIKSHA NAGAR MPS CBSE SCHOOL
Head/Principal Name: Rupal Desai","Address : PATLIPUTRA NAGAR , JOGESHWARI WEST
Website : www.mcgm.gov.in"
1711,"Aff. No. :1120114
Sch. Code:32114","State : MAHARASHTRA
District : MUMBAI SUBURBAN",Secondary Level,"Name : MPS CBSE MITHAGAR
Head/Principal Name: Shambhunath Kisangir Gosavi","Address : MITHAGAR MARG NEAR VPM SCHOOL,, MULUND EAST, MUMBAI
Website : https://mithagar.mumbaipublicschools.in/"
1712,"Aff. No. :1120116
Sch. Code:32116","State : MAHARASHTRA
District : MUMBAI SUBURBAN",Secondary Level,"Name : MUMBAI PUBLIC SCHOOL CHIKUWADI CBSE SCHOOL
Head/Principal Name: Aasunta Vikas Kastya","Address : PADMA NAGAR, CHIKUWADI, BORIVALI WEST
Website : www.mcgm.gov.in"
1713,"Aff. No. :1120117
Sch. Code:32117","State : MAHARASHTRA
District : MUMBAI SUBURBAN",Secondary Level,"Name : TUNGA VILLAGE CBSE SCHOOL
Head/Principal Name: SUDAM SAMPAT DURGADE","Address : MILITARY ROAD, TUNGA GAON
Website : https://tungavillage.mumbaipublicschools.in/"
1714,"Aff. No. :1120118
Sch. Code:32118","State : MAHARASHTRA
District : MUMBAI SUBURBAN",Secondary Level,"Name : RAJAWADI MPS CBSE SCHOOL
Head/Principal Name: SANJAY SADASHIVRAO CHAVAN","Address : ENG SCHOOL , VIDYAVIHAR EAST , N WARD, MUMBAI - 77
Website : https://rajawadi.mumbaipublicschools.in"
1715,"Aff. No. :1120140
Sch. Code:32160","State : MAHARASHTRA
District : MUMBAI SUBURBAN",Secondary Level,"Name : MUMBAI PUBLIC SCHOOL M.G.CROSS ROAD NO.1 CBSE
Head/Principal Name: Sandipan Kondiba Ghule","Address : SAI NAGAR, PAREKH NAGAR, NEAR SAMTA KRIDA SANKUL, KANDIVALI ( WEST )
Website : https://mgcrossroadno1.mumbaipublicschools.in/"
1716,"Aff. No. :1120141
Sch. Code:32161","State : MAHARASHTRA
District : MUMBAI SUBURBAN",Secondary Level,"Name : MUMBAI PUBLIC SCHOOL CBSE SHANTINAGAR
Head/Principal Name: HANSHI ANANDSINGH KHATI","Address : SHANTINAGAR SCHOOL ,, SANT GADGE MAHARAJ MONO RAIL STATION, SANE GURUJI MARG, MUMBAI 400011
Website : https://shantinagar.mumbaipublicschools.in/"
1717,"Aff. No. :1120142
Sch. Code:32162","State : MAHARASHTRA
District : MUMBAI SUBURBAN",Secondary Level,"Name : MUMBAI PUBLIC SCHOOL CBSE NATWAR PAREKH COMPOUND
Head/Principal Name: MOHAMMAD ZEESHAN MOHAMMAD SABIR","Address : NATWAR PAREKH COMPOUND,MHADA, BEHIND SHIVAJI NAGAR POLICE STATION, GHATKOPAR MANKHURD LINK ROAD
Website : https://www.mpscbsenpc.in/"
1718,"Aff. No. :1120143
Sch. Code:32163","State : MAHARASHTRA
District : MUMBAI SUBURBAN",Secondary Level,"Name : MPS VEER SAVARKAR MARG CBSE
Head/Principal Name: PARMESHWAR G KADAM","Address : VEER SAVARKAR MARG, OPPOSITE POPTATES HOTEL , VIKHROLI WEST
Website : https://vsmarg.mumbaipublicschools.in/"
1719,"Aff. No. :1130994
Sch. Code:30954","State : MAHARASHTRA
District : MUMBAI SUBURBAN",Secondary Level,"Name : DIVINE CHILD SENIOR SECONDARY SCHOOL (CBSE)
Head/Principal Name: SR VERONICA WINNIE DSOUZA","Address : SIR M.V.ROAD, ANDHERI (EAST), MUMBAI -400093, MAHARASHTRA
Website : http://www.divinechildcbse.org"
1720,"Aff. No. :1131208
Sch. Code:31195","State : MAHARASHTRA
District : MUMBAI SUBURBAN",Secondary Level,"Name : UTPAL SHANGHVI GLOBAL SCHOOL
Head/Principal Name: Anita Sharma","Address : BORIVALI WEST, MUMBAI 400103
Website : https://utpalshanghviglobalschool.org/"
1721,"Aff. No. :1131326
Sch. Code:31313","State : MAHARASHTRA
District : MUMBAI SUBURBAN",Secondary Level,"Name : AFAC ENGLISH SCHOOL AND JUNIOR COLLEGE
Head/Principal Name: LAKSHMI KRISHNAN IYER","Address : M.L.DUDHAT CHOWK, SUBHASH NAGAR, CHEMBUR, MUMBAI
Website : www.cbseacademy.org"
1722,"Aff. No. :1131375
Sch. Code:31364","State : MAHARASHTRA
District : MUMBAI SUBURBAN",Secondary Level,"Name : SHRI INDRADEO SINGH INTERNATIONAL SCHOOL
Head/Principal Name: SANGEETA MEHROTRA","Address : LAXMINARAYAN MANDIR ROAD , GHATKOPAR-KIROL (OPP. GHATKOPAR STATION), GHATKOPAR WEST
Website : https://idsisghatkopar.in/"
1723,"Aff. No. :1131399
Sch. Code:31388","State : MAHARASHTRA
District : MUMBAI SUBURBAN",Secondary Level,"Name : YASHODHAM HIGH SCHOOL
Head/Principal Name: MEENAKSHI DEEPAK MANCHANDA","Address : GEN. A. K. VAIDYA MARG, YASHODHAM , GOREGAON EAST
Website : http://yhs.edu.in"
1724,"Aff. No. :1131445
Sch. Code:31434","State : MAHARASHTRA
District : MUMBAI SUBURBAN",Senior Secondary Level,"Name : D G KHETAN INTERNATIONAL SCHOOL
Head/Principal Name: Aditee Manoj Saigal","Address : 210 SNEHAL,, BEHIND SUNDAR NAGAR, MALAD WEST
Website : https://dgkismalad.in/"
1725,"Aff. No. :1131429
Sch. Code:31418","State : MAHARASHTRA
District : MUMBAI SUBURBAN",Secondary Level,"Name : SREE NARAYANA GURU CENTRAL SCHOOL
Head/Principal Name: DEEPA JAYAROY","Address : SREE NARAYANA NAGAR P L LOKHANDE MARG, CHEMBUR WEST, MUMBAI
Website : www.sngcentralschool.org"
1726,"Aff. No. :1131468
Sch. Code:31457","State : MAHARASHTRA
District : MUMBAI SUBURBAN",Secondary Level,"Name : SSVSS ORCHIDS THE INTERNATIONAL SCHOOL
Head/Principal Name: Shincy Peter Uruvath","Address : PLOT 3/3A, R.S.C. , OPP SHREE DARSHAN SOCIETY SHIMPOLI ROAD,, NEAR GANESH DURGA TEMPLE
Website : https://ssvssorchidsinternationalschoolborivali.co"
1727,"Aff. No. :1131475
Sch. Code:31464","State : MAHARASHTRA
District : MUMBAI SUBURBAN",Secondary Level,"Name : NCWA'S DHANVALLABH ENGLISH HIGH SCHOOL
Head/Principal Name: PARASHABHATHINI SHYAMALA VENKATESHWARRAO","Address : NCWA EDUCATIONAL COMPLEX , P.K. ROAD , MULUND WEST, MUMBAI
Website : www.dhanvallabh.com"
1728,"Aff. No. :1131464
Sch. Code:31453","State : MAHARASHTRA
District : MUMBAI SUBURBAN",Senior Secondary Level,"Name : AIILSG ORCHIDS THE INTERNATIONAL SCHOOL
Head/Principal Name: Rachana Kamath","Address : SAGAR PRASAD SOCIETY, MAHAKALI NAGAR, MULUND EAST, MUMBAI,, 400081
Website : https://orchidsinternationalschoolmulundeast.com/"
1729,"Aff. No. :1131490
Sch. Code:31479","State : MAHARASHTRA
District : MUMBAI SUBURBAN",Secondary Level,"Name : DON BOSCO SCHOOL
Head/Principal Name: Neelam Rodrigues","Address : VAZIRA NAKA, L.T. ROAD, BORIVLI (W.)
Website : https://cbse.donboscoborivli.org/"
1730,"Aff. No. :1131500
Sch. Code:31489","State : MAHARASHTRA
District : MUMBAI SUBURBAN",Secondary Level,"Name : OXFORD PUBLIC SCHOOL
Head/Principal Name: DR. SHEPHALI CHITRE","Address : PLOT NO. 9, SECTOR NO. 5,, CHARKOP, KANDIVALI WEST
Website : www.oxford.org.in"
1731,"Aff. No. :1131461
Sch. Code:31450","State : MAHARASHTRA
District : PALGHAR",Secondary Level,"Name : THEEM GLOBAL SCHOOL AND JUNIOR COLLEGE
Head/Principal Name: Snehlata P Baria","Address : VILL - BETEGAON, , BOISAR CHILHAR ROAD, , BOISAR (EAST), DIST - PALGHAR
Website : www.school.theemedu.org"
1732,"Aff. No. :1131415
Sch. Code:31404","State : MAHARASHTRA
District : PALGHAR",Secondary Level,"Name : PRARTHANA ENGLISH SCHOOL
Head/Principal Name: Jacqueline Ramesh Mahadik","Address : AT DHANIV, POST PELHAR, TALUKA VASAI
Website : https://www.prarthanaedu.com"
1733,"Aff. No. :1131606
Sch. Code:31605","State : MAHARASHTRA
District : PALGHAR",Secondary Level,"Name : J.D.S. PAL ENGLISH HIGH SCHOOL
Head/Principal Name: SUSHMA SUNIL PAL","Address : CHHATRAPATI SHIVAJI NAGAR, MAHIM, PALGHAR (WEST)
Website : https://jdspalenglishhighschool.in/"
1734,"Aff. No. :1131627
Sch. Code:31626","State : MAHARASHTRA
District : PALGHAR",Secondary Level,"Name : CANOSSA SCHOOL CBSE
Head/Principal Name: SR PHILOMINA JOSEPH ASAMPARAMBIL","Address : MANICKPUR, NEAR TALAV, VASAI, PALGHAR
Website : https://www.canossacbsevasai.com"
1735,"Aff. No. :1131325
Sch. Code:31312","State : MAHARASHTRA
District : PALGHAR",Senior Secondary Level,"Name : NARAYANA E-TECHNO SCHOOL
Head/Principal Name: M V N S L JYOTHIRMAI","Address : ACHOLE, TAL.VASAI
Website : https://www.narayanaschools.in/mumbai/nalasopara/"
1736,"Aff. No. :1131354
Sch. Code:31343","State : MAHARASHTRA
District : PALGHAR",Secondary Level,"Name : PODAR INTERNATIONAL SCHOOL
Head/Principal Name: RAJEEV KUMAR SAXENA","Address : SANDOR VILLAGE, SURVE NO. 252 A, 255 A, 256/4 AND 257/3 VASAI, TAL. VASAI, DIST. PALGHAR
Website : https://www.podareducation.org/school/vasai"
1737,"Aff. No. :1131371
Sch. Code:31360","State : MAHARASHTRA
District : PALGHAR",Secondary Level,"Name : SPARKLE KIDS INTERNATIONAL SCHOOL
Head/Principal Name: Neha Avinash Singh","Address : DHANIV BAG, NALASOPARA (E), VASAI
Website : https://skisnlasoparaeast.in/"
1738,"Aff. No. :1131284
Sch. Code:31271","State : MAHARASHTRA
District : PALGHAR",Secondary Level,"Name : SHRI S. T. KADAM VIDYALAYA, PALGHAR
Head/Principal Name: PRADEEP MURLIDHAR PANIGRAHI","Address : PALGHAR BOISAR ROAD, TALUKA - PALGHAR
Website : HTTP://WWW.STKVEM.COM"
1739,"Aff. No. :1131196
Sch. Code:31183","State : MAHARASHTRA
District : PALGHAR",Secondary Level,"Name : ISAAC NEWTON GLOBAL SCHOOL
Head/Principal Name: DR. SOPHIA LOYID DABREO","Address : DHOVALI VILLAGE, REMEDY
Website : www.isaacnewtonglobalschool.com"
1740,"Aff. No. :1131224
Sch. Code:31211","State : MAHARASHTRA
District : PALGHAR",Senior Secondary Level,"Name : MS BHAVNADEVI BHAGWAN SAMBARE INTERNATIONAL SCHOOL
Head/Principal Name: YOGESH BHIMRAO SONAWANE","Address : POST- ONDE , TAL- VIKRAMGAD
Website : https://www.mbbsis.com"
1741,"Aff. No. :1131176
Sch. Code:31161","State : MAHARASHTRA
District : PALGHAR",Senior Secondary Level,"Name : IRIS INTERNATIONAL SCHOOL
Head/Principal Name: MANGESH YADAV","Address : DHANIV BAUG, PELHAR ROAD NALLASOPARA
Website : http://www.irisinternationalschool.org/"
1742,"Aff. No. :1131183
Sch. Code:31170","State : MAHARASHTRA
District : PALGHAR",Senior Secondary Level,"Name : SPARKLE KIDS INTERNATIONAL SCHOOL
Head/Principal Name: Aradhana Singh","Address : NALASOPARA (W), VASAI
Website : www.skisnalasopara.in"
1743,"Aff. No. :1131110
Sch. Code:31095","State : MAHARASHTRA
District : PALGHAR",Senior Secondary Level,"Name : TANSA GLOBAL SCHOOL
Head/Principal Name: Dipali Nilesh Ghanwat","Address : SAYALI RICE MILL COMPOUND, AT. GHONSAI, POST. MET, TAL. WADA, DIST PALGHAR
Website : http://www.tansaglobalschool.com/"
1744,"Aff. No. :1130989
Sch. Code:30943","State : MAHARASHTRA
District : PALGHAR",Secondary Level,"Name : YASH VIDYA NIKETAN
Head/Principal Name: Shweta Durgesh Vaidya","Address : MOREGAON, MANVELPADA ROAD, VIRAR EAST
Website : www.yashvidyaniketan.org"
1745,"Aff. No. :1131001
Sch. Code:30961","State : MAHARASHTRA
District : PALGHAR",Senior Secondary Level,"Name : SEVEN SQUARE ACADEMY
Head/Principal Name: DEEPINDER CHADHA","Address : TIVRI ROAD, NEAR STAR CITY, JUCHANDRA, NAIGAON (E)
Website : https://naigaon.sevensquareacademy.org"
1746,"Aff. No. :1131034
Sch. Code:31008","State : MAHARASHTRA
District : PALGHAR",Senior Secondary Level,"Name : VIDYA VARIDHI VIDYALAYA
Head/Principal Name: INDU SARVESH TIWARI","Address : VALAI PADA ROAD, SANTOSH BHUVAN, NALLASOPARA (E), PALGARH
Website : http://vidyavaridhividyalaya.in/"
1747,"Aff. No. :1131056
Sch. Code:31033","State : MAHARASHTRA
District : PALGHAR",Senior Secondary Level,"Name : SANSKRUTI WORLD SCHOOL
Head/Principal Name: RICHA KUMAR","Address : SANSKRUTI WORLD SCHOOL AT LALONDE, POST- NIHE, CHILHAR - BOISAR MIDC ROAD , NEAR ADHIKARI LIFELINE HOSPITAL, TAL & DIST- PALGHAR -401 404
Website : www.sanskrutividyasankul.com"
1748,"Aff. No. :1130974
Sch. Code:30937","State : MAHARASHTRA
District : PALGHAR",Secondary Level,"Name : DEEP GLOBAL SCHOOL
Head/Principal Name: Vrinda Sachin Kulkarni","Address : DEEP EDUCATION CAMPUS, OPP. GR ENGINEERING, SARAVALI, BOISAR, TAL & DIST PALGHAR, PIN 401501
Website : https://www.deepglobalschool.com/"
1749,"Aff. No. :1130969
Sch. Code:30911","State : MAHARASHTRA
District : PALGHAR",Senior Secondary Level,"Name : RAHUL INTERNATIONAL SCHOOL
Head/Principal Name: MUKESH SHARMA","Address : YESHWANTH SHRUSTI, NEAR ANDHRA BANK, BOISAR WEST.
Website : www.ris.education/campuses/mumbai/boisar-cbse/"
1750,"Aff. No. :1130949
Sch. Code:30968","State : MAHARASHTRA
District : PALGHAR",Secondary Level,"Name : GURUKUL GLOBAL SCHOOL
Head/Principal Name: RASIK PATIL","Address : WADA PARALI ROAD, AT HAROSALE, POST DAHE, TALUKA WADA, DISTRICT PALGHAR
Website : www.gurukulglobalschool.in"
1751,"Aff. No. :1130755
Sch. Code:30687","State : MAHARASHTRA
District : PALGHAR",Senior Secondary Level,"Name : IDEAL SCHOOL
Head/Principal Name: Hemlatha Gopalkrishna Nair","Address : 40, VILLAGE- POSHERI , TAL- WADA.
Website : www.idealschoolwada"
1752,"Aff. No. :1130681
Sch. Code:30985","State : MAHARASHTRA
District : PALGHAR",Senior Secondary Level,"Name : MEHERNOSH BOMAN BURJOR IRANI EDUCATIONAL ACADEMY
Head/Principal Name: Bhawana Nandan Nigdikar","Address : POST : VEVJI, TALUKA : TALASARI, DIST : PALGHAR, VIA UMARGAON
Website : www.cschool.mbbiacademy.com"
1753,"Aff. No. :1130009
Sch. Code:34040","State : MAHARASHTRA
District : PALGHAR",Senior Secondary Level,"Name : ATOMIC ENERGY CENTRAL SCHOOL
Head/Principal Name: GUNVANT V KHOBRAGADE","Address : T A P S COLONY TARAPUR BOISAR (W/RLY) THANE DISTT. MAHARASHTRA
Website : www.aecstar1.edu.in"
1754,"Aff. No. :1120107
Sch. Code:32107","State : MAHARASHTRA
District : PALGHAR",Senior Secondary Level,"Name : EKLAVYA MODEL RESIDENTIAL SCHOOL SAVANE
Head/Principal Name: Gajanan Sahebrao Payghan","Address : SAVANE, TALASARI
Website : https://emrssavne.emrsmaharashtra.com/"
1755,"Aff. No. :1120105
Sch. Code:32105","State : MAHARASHTRA
District : PALGHAR",Senior Secondary Level,"Name : EKLAVYA MODEL RESIDENTIAL SCHOOL, PALSUNDE
Head/Principal Name: Sunil Bhaurao Dethe","Address : TAL MOKHADA, MOKHADA
Website : https://emrspalsunde.emrsmaharashtra.com/"
1756,"Aff. No. :1120123
Sch. Code:32124","State : MAHARASHTRA
District : PALGHAR",Senior Secondary Level,"Name : EKLAVYA MODEL RESIDENTIAL SCHOOL DAHANU TAL. DAHANU DIST PALGHAR
Head/Principal Name: ASHOK SONAWANE","Address : TAL DAHANU, DIST PALGHAR
Website : www.emrsdahanu.emrsmaharashra.com"
1757,"Aff. No. :1120121
Sch. Code:32122","State : MAHARASHTRA
District : PALGHAR",Senior Secondary Level,"Name : EKLAVYA MODEL RESIDENTIAL SCHOOL
Head/Principal Name: Madhukar Vishwanath Sarode","Address : TAL. MOKHADA, DIST. PALGHAR
Website : https://emrsmokhda.emrsmaharashtra.com"
1758,"Aff. No. :1130114
Sch. Code:34099","State : MAHARASHTRA
District : PALGHAR",Secondary Level,"Name : ATOMIC ENERGY CENTRAL SCHOOL - 2
Head/Principal Name: SANGEETHA NAIR","Address : TARAPUR, BARC COLONY PO TAPP TAL PALGHAR DISTT THANE MAHARASHTRA
Website : http://aecstar2.edu.in/"
1759,"Aff. No. :1130115
Sch. Code:34097","State : MAHARASHTRA
District : PALGHAR",Senior Secondary Level,"Name : ATOMIC ENERGY CENTRAL SCHOOL - 3
Head/Principal Name: ASHEESH MISHRA","Address : 3 & 4 TOWNSHIP - TAPP POST BOISAR VIA THANE DISTT MAHARASHTRA
Website : www.aecstar3.ac.in"
1760,"Aff. No. :1130058
Sch. Code:30040","State : MAHARASHTRA
District : PALGHAR",Senior Secondary Level,"Name : CHINMAYA VIDYALAYA
Head/Principal Name: DIMPLE ASHISH MISTRY","Address : TARAPUR P 201 MIDC INDUSTRIAL AREA VIDYA NAGAR POST SARAVALI VIA BOISER DISTT THANE MAHARASHTRA
Website : www.cvtarapur.com"
1761,"Aff. No. :1130432
Sch. Code:30336","State : MAHARASHTRA
District : PALGHAR",Secondary Level,"Name : JOHN XXIII SCHOOL
Head/Principal Name: SR NAMRATA NICOLAS MACWAN","Address : JOHN XXIII SCHOOL,DONGARPADA RD.,NEXT TO YASHWANTDEEP BUILDING,VIRAR(W) VASAI THANE
Website : www.johnxxiii.ac.in"
1762,"Aff. No. :2800002
Sch. Code:34802","State : GOA
District : GOA NORTH",Senior Secondary Level,"Name : PM SHRI KENDRIYA VIDYALAYA
Head/Principal Name: S.B. NIKUM","Address : INS MANDOVI NAVAL BASE VEREM GOA GOA
Website : https://insmandovi.kvs.ac.in"
1763,"Aff. No. :2800003
Sch. Code:34803","State : GOA
District : GOA NORTH",Senior Secondary Level,"Name : PM SHRI KENDRIYA VIDYALAYA
Head/Principal Name: BIDHAN CHANDRA SINGH","Address : BAMBOLIM CAMP PANAJI GOA
Website : https://bambolim.kvs.ac.in/"
1764,"Aff. No. :2830008
Sch. Code:31808","State : GOA
District : GOA NORTH",Senior Secondary Level,"Name : FR. AGNEL CENTRAL SCHOOL
Head/Principal Name: Jacob Shally V","Address : KANTIA BHATT, PILAR GOA.
Website : www.fragnelcentralschool.org"
1765,"Aff. No. :2830004
Sch. Code:31802","State : GOA
District : GOA NORTH",Senior Secondary Level,"Name : SUNSHINE WLDWIDE SECONDARY SCHOOL
Head/Principal Name: ANIL KUMAR KASHYAP","Address : 20/1-B, BAINGUINIM, OFF NH4A BYPASS KADAMBA ROAD, OLD GOA, TISWADI, GOA(NTH)
Website : www.sunshineworldwideschool.com"
1766,"Aff. No. :2830005
Sch. Code:31806","State : GOA
District : GOA NORTH",Senior Secondary Level,"Name : GREEN MEADOWS SCHOOL
Head/Principal Name: KIRANJEET SODHI","Address : 165/166, ARRIAS VADDO, NAGOA, BARDEZ, GOA
Website : http://www.greenmeadowsschool.in/"
1767,"Aff. No. :2840002
Sch. Code:34807","State : GOA
District : GOA NORTH",Senior Secondary Level,"Name : JAWAHAR NAVODAYA VIDYALAYA
Head/Principal Name: V RAMAKRISHNAIAH","Address : VALPOI NORTH GOA GOA
Website : https://www.navodaya.gov.in/nvs/nvs-school/NORTHGO"
1768,"Aff. No. :2830059
Sch. Code:31325","State : GOA
District : GOA NORTH",Secondary Level,"Name : PODAR INTERNATIONAL SCHOOL
Head/Principal Name: Shilpa Stanley Hirekoppa","Address : PLOT - III, 13/1-C, VILLAGE - BAINGUIUIM, KADAMBA PLATEAU, PANELIUM, TAL - TISWADI, PANJIM, OLD GOA
Website : https://www.podareducation.org/school/panelim"
1769,"Aff. No. :2840001
Sch. Code:34804","State : GOA
District : GOA SOUTH",Senior Secondary Level,"Name : PM SHRI SCHOOL JAWAHAR NAVODAYA VIDYALAYA
Head/Principal Name: BENNY VARGHESE","Address : CANACONA SOUTH GOA GOA
Website : https://navodaya.gov.in/nvs/nvs-school/SOUTHGOA/en/home/"
1770,"Aff. No. :2880001
Sch. Code:34808","State : GOA
District : GOA SOUTH",Senior Secondary Level,"Name : NAVY CHILDREN SCHOOL
Head/Principal Name: ANUPAMA MEHRA","Address : AIRPORT ROAD NOFRA-I DABOLIM GOA
Website : www.ncsgoa.in"
1771,"Aff. No. :2830006
Sch. Code:31805","State : GOA
District : GOA SOUTH",Senior Secondary Level,"Name : MOUNT LITERA ZEE SCHOOL
Head/Principal Name: Laveena Rajput","Address : BEHIND BITS PILANI, NH 17 BYPASS, ZUARINAGAR, VASCO, GOA
Website : www.mlzsgoa.edu.in"
1772,"Aff. No. :2830007
Sch. Code:31804","State : GOA
District : GOA SOUTH",Secondary Level,"Name : BHARATIYA VIDYA BHAVANS NARAYAN BANDEKAR SCHOOL
Head/Principal Name: Bhakti Harish Seedani","Address : GOA HOUSING BOARD COLONY, UPASNAGAR, ZUARINAGAR, MURMUGOA
Website : www.bhavansnbs.com"
1773,"Aff. No. :2830009
Sch. Code:31807","State : GOA
District : GOA SOUTH",Senior Secondary Level,"Name : BLOOMZ INTERNATIONAL SCHOOL
Head/Principal Name: ANJU ANAND","Address : BAIDA,NUVEM,SALCETE,SOUTH GOA -403604 SOUTH GOA GOA ,GOA (SOUTH) , 403604
Website : http://bloomzinternationalschool.com/"
1774,"Aff. No. :2800001
Sch. Code:34801","State : GOA
District : GOA SOUTH",Senior Secondary Level,"Name : KENDRIYA VIDYALAYA NO.1
Head/Principal Name: MAHESH GOURA","Address : MANGOOR HILLS VASCO-DA-GAMA GOA
Website : https://no1vascodagama.kvs.ac.in"
1775,"Aff. No. :2800004
Sch. Code:34805","State : GOA
District : GOA SOUTH",Senior Secondary Level,"Name : PM SHRI KENDRIYA VIDYALAYA
Head/Principal Name: SANGEETA GUTAIN","Address : PONDA GOA 403 401
Website : https://ponda.kvs.ac.in"
1776,"Aff. No. :2800005
Sch. Code:34806","State : GOA
District : GOA SOUTH",Senior Secondary Level,"Name : PM SHRI KENDRIYA VIDYALAYA NO.2
Head/Principal Name: NARENDRA SINGH RATHORE","Address : AIRPORT ROAD, SHANTI NAGAR VASCO-DA-GAMA GOA
Website : https://no2vascodagama.kvs.ac.in/"
1777,"Aff. No. :2830002
Sch. Code:31801","State : GOA
District : GOA SOUTH",Senior Secondary Level,"Name : THE KINGS SCHOOL
Head/Principal Name: TANUJA VINAYAK NAIK DESSAI","Address : 854, MUGALLI SAO JOSE DE AREAL, MARGAO, SALCETTE GOA
Website : www.thekingschool.in"
1778,"Aff. No. :2830003
Sch. Code:31803","State : GOA
District : GOA SOUTH",Senior Secondary Level,"Name : VIDYA VIKAS ACADEMY
Head/Principal Name: Joble Bijoy","Address : VVM CAMPUS, G.R. KARE ROAD, TANSOR - COMBA
Website : www.vidyavikasacademy.edu.in"
1779,"Aff. No. :3000001
Sch. Code:34952","State : DADAR & NAGAR HAVELI
District : DADRA AND NAGAR HAVELI",Senior Secondary Level,"Name : KENDRIYA VIDYALAYA SAYLI SILVASSA
Head/Principal Name: MRIKANK PRASAD MISHRA","Address : KENDRIYA VIDYALAYA SAYLI SILVASSA, OPPOSITE NAMO MEDICAL COLLEGE, SAYLI
Website : https://silvassa.kvs.ac.in"
1780,"Aff. No. :3020051
Sch. Code:32120","State : DADAR & NAGAR HAVELI
District : DADRA AND NAGAR HAVELI",Senior Secondary Level,"Name : EKLAVYA MODEL RESIDENTIAL SCHOOL SHELTI
Head/Principal Name: RAKESH KUMAR","Address : GOVT. HIGHER SECONDARY SCHOOL DAPADA, GOVT. HIGHER SECONDARY SCHOOL DAPADA
Website : https://emrsshelti.in"
1781,"Aff. No. :3020052
Sch. Code:32130","State : DADAR & NAGAR HAVELI
District : DADRA AND NAGAR HAVELI",Senior Secondary Level,"Name : GOVERNMENT HIGHER SECONDARY SCHOOL KHANVEL (GM/EM)
Head/Principal Name: HASMUKHBHAI LAXMANBHAI PATEL","Address : SURVEY NO. 169/2, DUDHANI ROAD, KHANVEL, BIRSA MUNDA SCHOOL BUILDING, CAMPUS, THIRD FLOOR
Website : https://ghsskem.org.in/"
1782,"Aff. No. :3020053
Sch. Code:32132","State : DADAR & NAGAR HAVELI
District : DADRA AND NAGAR HAVELI",Senior Secondary Level,"Name : GOVT. HIGHER SECONDARY SCHOOL, NAROLI (GM AND EM)
Head/Principal Name: FULJIBHAI K PATEL","Address : AT. POST. NAROLI , VIA- BHILAD , NAROLI
Website : https://dnh.gov.in/govt-higher-secondary-school-naroli-gm-em"
1783,"Aff. No. :3020054
Sch. Code:32136","State : DADAR & NAGAR HAVELI
District : DADRA AND NAGAR HAVELI",Senior Secondary Level,"Name : GOVERNMENT HIGHER SECONDARY SCHOOL (HINDI MEDIUM)
Head/Principal Name: ANJANABEN NATVARSINH SOLANKI","Address : TOKARKHADA, NEAR BSNL TELEPHONE EXCHANGE, SILVASSA
Website : https://ghssthindi.org.in/"
1784,"Aff. No. :3020055
Sch. Code:32140","State : DADAR & NAGAR HAVELI
District : DADRA AND NAGAR HAVELI",Senior Secondary Level,"Name : GOVERNMENT HIGHER SECONDARY SCHOOL RAKHOLI, ENGLISH MEDIUM
Head/Principal Name: AYYANCHIRA MADHAVAN SHAIJA","Address : SCHOOL FALIYA, KHANVEL ROAD, RAKHOLI
Website : www,ghssrakholiem.org"
1785,"Aff. No. :3020056
Sch. Code:32141","State : DADAR & NAGAR HAVELI
District : DADRA AND NAGAR HAVELI",Senior Secondary Level,"Name : GOVT. HIGHER SECONDARY SCHOOL, DADRA
Head/Principal Name: ISHWARCHANDRA V PANDEY","Address : NAVA KUVA FALIYA,, DEMNI ROAD,, DADRA
Website : https://www.ghssdadra.com/"
1786,"Aff. No. :3020057
Sch. Code:32142","State : DADAR & NAGAR HAVELI
District : DADRA AND NAGAR HAVELI",Senior Secondary Level,"Name : GOVT. HIGHER SECONDARY SCHOOL, ENGLISH MEDIUM
Head/Principal Name: MANISHA P DARU","Address : TOKARKHADA SCHOOL CAMPUS, BEHIND TELEPHONE EXCHANGE, SILVASSA
Website : http://www.ghsstokarkhadaem.com"
1787,"Aff. No. :3020058
Sch. Code:32145","State : DADAR & NAGAR HAVELI
District : DADRA AND NAGAR HAVELI",Secondary Level,"Name : PRIMARY ENGLISH MEDIUM SCHOOL DUDHANI
Head/Principal Name: Lakshmi R Nair","Address : GOVT SCHOOL CAMPUS , CHOKIPADA, DUDHANI
Website : https://sites.google.com/view/cpsdudhani/home"
1788,"Aff. No. :3020059
Sch. Code:32146","State : DADAR & NAGAR HAVELI
District : DADRA AND NAGAR HAVELI",Secondary Level,"Name : CPS GALONDA (ENGLISH MEDIUM)
Head/Principal Name: Karenina Jesus","Address : RAUTPADA, GALONDA U.T. OF D.N.H, RAUTPADA, GALONDA U.T. OF D.N.H, RAUTPADA, GALONDA U.T. OF D.N.H
Website : https://sites.google.com/view/hscgalonda/home"
1789,"Aff. No. :3030001
Sch. Code:31951","State : DADAR & NAGAR HAVELI
District : DADRA AND NAGAR HAVELI",Senior Secondary Level,"Name : LIONS ENGLISH SCHOOL
Head/Principal Name: PAREKH NIRALI SURESH","Address : SAYLI ROAD SILVASSA DADAR & NAGAR HAVELI
Website : www.lionsenglishschool.edu.in"
1790,"Aff. No. :3030002
Sch. Code:31955","State : DADAR & NAGAR HAVELI
District : DADRA AND NAGAR HAVELI",Senior Secondary Level,"Name : BAPS SWAMINARAYAN VIDYAMANDIR
Head/Principal Name: RIYANKA ALOK ARZARE","Address : SWAMINARAYAN CULTURAL COMPLEX, VILLAGE ATHAL, NAROLI ROAD,
Website : https://svmsilvassa.in"
1791,"Aff. No. :3030003
Sch. Code:31952","State : DADAR & NAGAR HAVELI
District : DADRA AND NAGAR HAVELI",Senior Secondary Level,"Name : NEW ERA ENGLISH MEDIUM SCHOOL
Head/Principal Name: KIRTI S SHUKLA","Address : PARMAR STREET, MORIFALIA,VILLAGE NAROLI,U.T OF D&N.H
Website :"
1792,"Aff. No. :3030004
Sch. Code:31953","State : DADAR & NAGAR HAVELI
District : DADRA AND NAGAR HAVELI",Senior Secondary Level,"Name : JIWRAJKA INTERNATIONAL SCHOOL
Head/Principal Name: Smriti Singh","Address : 491/1/P, BHOYAPADA, NEAR ALOK CITY, SAYLI
Website : www.jiwrajkainternationalschool.com"
1793,"Aff. No. :3030005
Sch. Code:31954","State : DADAR & NAGAR HAVELI
District : DADRA AND NAGAR HAVELI",Senior Secondary Level,"Name : SHIVPRAKASH MEMORIAL SCHOOL
Head/Principal Name: Dr .PRAMILA S UPDHAYAY","Address : SURVEY NO. 263, UMARKUI ROAD, ATHOLA, SILVASSA, DISTT & STATE DADAR AND NAGAR HAVELI-396230
Website : www.shivprakashschool.in"
1794,"Aff. No. :3030006
Sch. Code:31956","State : DADAR & NAGAR HAVELI
District : DADRA AND NAGAR HAVELI",Senior Secondary Level,"Name : ST. XAVIERS SCHOOL, SILVASSA
Head/Principal Name: RONALD EZAK D SOUZA","Address : BHURKUD FALIA, TOKARKHADA
Website : http://stxavierssilvassa.com"
1795,"Aff. No. :3030007
Sch. Code:31957","State : DADAR & NAGAR HAVELI
District : DADRA AND NAGAR HAVELI",Senior Secondary Level,"Name : MOUNT LITERA ZEE SCHOOL
Head/Principal Name: Santhi. V","Address : LATE SMT MANJULABA BALWANTSINHJI CHAUHAN EDUCATIONAL CAMPUS, ,PRUTHVIRAJ CHAUHAN MARG, HAVELI FALIYA, NAROLI( U.T.OF DADRA & NAGAR HAVELI)
Website : http://www.zeeschoolsilvassa.com/"
1796,"Aff. No. :3030008
Sch. Code:31958","State : DADAR & NAGAR HAVELI
District : DADRA AND NAGAR HAVELI",Senior Secondary Level,"Name : OUR LADY OF HELP ENGLISH SCHOOL
Head/Principal Name: Tricia Assunta Teles Pereira Nunes","Address : OUR LADY OF HELP ENGLISH SCHOOL, CLAUDIO NUNES AREA, SAMARVARNI.
Website : www.ourladyofhelp.com"
1797,"Aff. No. :3030009
Sch. Code:31959","State : DADAR & NAGAR HAVELI
District : DADRA AND NAGAR HAVELI",Senior Secondary Level,"Name : ADVAITA GURUKUL
Head/Principal Name: RAJESHWARY NAIR","Address : NEAR RAMCO INDUSTRIES; SILI PHATAK; PO: SILI; SILVASSA; UNION TERRITORY OF DADRA AND NAGAR HAVELI
Website : www.advaitagurukul.org"
1798,"Aff. No. :3030050
Sch. Code:31028","State : DADAR & NAGAR HAVELI
District : DADRA AND NAGAR HAVELI",Secondary Level,"Name : ANAND INTERNATIONAL PUBLIC SCHOOL
Head/Principal Name: Sunija George","Address : SURVEY NO. 23/1, 23/2, NEAR RAM MANDIR, DADRA
Website : www.aips.ac.in"
1799,"Aff. No. :3030101
Sch. Code:31328","State : DADAR & NAGAR HAVELI
District : DADRA AND NAGAR HAVELI",Senior Secondary Level,"Name : OMKAR VIDYAMANDIR
Head/Principal Name: Sulochana Rameshchandra Solanki","Address : BESIDE RAJPUT SAMAJ NI VADI, HAVELI FALIYA, NAROLI, U.T. OF DNH & DD
Website : https://www.ovmnaroli.com/"
1800,"Aff. No. :3030102
Sch. Code:31602","State : DADAR & NAGAR HAVELI
District : DADRA AND NAGAR HAVELI",Secondary Level,"Name : NETAJI SUBHASH CHANDRA BOSE MILITARY ACADEMY
Head/Principal Name: Capt GAJENDRA SINGH","Address : DIST. SILAVASSA, AT. MOTA RANDHA, AT. MOTA RANDHA
Website : https://vbgnma.in/"
1801,"Aff. No. :3040001
Sch. Code:34951","State : DADAR & NAGAR HAVELI
District : DADRA AND NAGAR HAVELI",Senior Secondary Level,"Name : PM SHRI SCHOOL JAWAHAR NAVODAYA VIDYALAYA
Head/Principal Name: MANOJ KUMAR JOSHI","Address : SILI DIST & POST SILI DADRA & NAGAR HAVELI
Website : https://navodaya.gov.in/nvs/nvs-school/DADRAANDNAGARHAVELI"
1802,"Aff. No. :3120051
Sch. Code:32129","State : DAMAN & DIU
District : DAMAN",Senior Secondary Level,"Name : GOVERNMENT HIGH SCHOOL (E/M) NANI DAMAN
Head/Principal Name: KSHITIJA R SHARMA","Address : RINGANWADA, NANI DAMAN, DAMAN
Website : https://www.schooldetails.org/daman-and-diu/daman/"
1803,"Aff. No. :3120052
Sch. Code:32133","State : DAMAN & DIU
District : DAMAN",Secondary Level,"Name : GOVERNMENT HIGHER SECONDARY SCHOOL, ZARI
Head/Principal Name: B.Kannan","Address : ASHRAMSHALA , ZARI, MOTI DAMAN
Website : https://sites.google.com/view/ghsszari-motidaman"
1804,"Aff. No. :3120053
Sch. Code:32134","State : DAMAN & DIU
District : DAMAN",Senior Secondary Level,"Name : GOVERNMENT HIGH SCHOOL, DALWADA(H/M)
Head/Principal Name: SEEMA NARENDRAKUMAR UPADHYAY","Address : SCHOOL FALIYA,DALWADA, DAMAN, PATALIYA, MAIN ROAD, NANI DAMAN
Website : https://sites.google.com/view/gupsdalwada/home"
1805,"Aff. No. :3120054
Sch. Code:32135","State : DAMAN & DIU
District : DAMAN",Senior Secondary Level,"Name : GOVERNMENT HIGHER SECONDARY SCHOOL DABHEL
Head/Principal Name: Devyani M Patel","Address : VAPI MAIN ROAD, AMALIYA, NANI DAMAN
Website : https://sites.google.com/view/ghss-dabhel/home"
1806,"Aff. No. :3120055
Sch. Code:32137","State : DAMAN & DIU
District : DAMAN",Senior Secondary Level,"Name : GOVT. HIGH SCHOOL, BHIMPORE, ENGLISH MEDIUM
Head/Principal Name: ASHWINKUMAR RAMUBHAI PATEL","Address : BHIMPORE, OPPO. DAMAN & DIU CO-OPERATIVE BANK LTD., MAIN ROAD, BHIMPORE
Website : https://sites.google.com/view/ghssbhimpore/about-u"
1807,"Aff. No. :3120056
Sch. Code:32138","State : DAMAN & DIU
District : DAMAN",Senior Secondary Level,"Name : GOVT.HIGH SCHOOL, KACHIGAM,NANI DAMAN
Head/Principal Name: Umeshbhai Naranbhai Halpati","Address : DESAI FALIYA , KACHIGAM , NANI DAMAN
Website : https://sites.google.com/d/15HlByFzr48nvlEzX3lGu2Q"
1808,"Aff. No. :3120057
Sch. Code:32143","State : DAMAN & DIU
District : DAMAN",Senior Secondary Level,"Name : GOVT. HIGHER SECONDARY SCHOOL (E/M) DAMANWADA
Head/Principal Name: HARENDRAKUMAR C PATHAK","Address : NAVA JAMPORE, MANGELWAD, MOTI DAMAN
Website : https://sites.google.com/view/ghssdamanwada/home"
1809,"Aff. No. :3120061
Sch. Code:32158","State : DAMAN & DIU
District : DAMAN",Senior Secondary Level,"Name : SARVAJANIK VIDYALAYA, DAMAN
Head/Principal Name: DIPAK N MISTRY","Address : P.O.BOX NO. 24, OPP. RAJIV GANDHI SETU , BEHIND CNG PUMP, KHARIWAD, NANI DAMAN
Website : www.sarvajanikvidyalayadaman.org"
1810,"Aff. No. :3130001
Sch. Code:31901","State : DAMAN & DIU
District : DAMAN",Senior Secondary Level,"Name : COAST GUARD PUBLIC SCHOOL
Head/Principal Name: ANNE MARY GONSALVES","Address : AIRPORT ROAD, DISTT DAMAN, DAMAN & DIU (U.T)-396210
Website : www.cgpsdaman.co.in"
1811,"Aff. No. :3130002
Sch. Code:31902","State : DAMAN & DIU
District : DAMAN",Senior Secondary Level,"Name : GALAXY ENGLISH MEDIUM SCHOOL
Head/Principal Name: JOBIN K GEORGE","Address : FUDAM DIU, VANAKBARA DIU MAIN ROAD
Website : https://galaxyschooldiu.in"
1812,"Aff. No. :3130003
Sch. Code:31903","State : DAMAN & DIU
District : DAMAN",Senior Secondary Level,"Name : FR. AGNELO SCHOOL
Head/Principal Name: FR. JOHN ALMEIDA","Address : BHARWAD FALIA, MAGARWADA, MOTI DAMAN
Website : www.fragneloschool.com"
1813,"Aff. No. :3130004
Sch. Code:30807","State : DAMAN & DIU
District : DAMAN",Senior Secondary Level,"Name : VAATSALYA SCHOOL
Head/Principal Name: Akella Subbarao","Address : KAKRAKHADI, LODHA FALIYA ROAD, VILLAGE MAGARWADA, MOTI DAMAN
Website : www.vaatsalyaschooldaman.in"
1814,"Aff. No. :3130100
Sch. Code:31594","State : DAMAN & DIU
District : DAMAN",Secondary Level,"Name : SHEMFORD FUTURISTIC SCHOOL
Head/Principal Name: Dimpalben Maheshkumar","Address : SURVEY NO -81/1-B(1), BHAMTI ,MOTI DAMAN, DAMAN , DAMAN & DIU ,396220
Website : www.shemford.com"
1815,"Aff. No. :3130101
Sch. Code:31631","State : DAMAN & DIU
District : DAMAN",Secondary Level,"Name : AMAN VIDYANIKETAN
Head/Principal Name: Ruchi Purandare","Address : AT INTER CONNECTING ROAD, BETWEEN DEVKA, NEAR HOTEL SILVER , VILLAGE MARWAD, NANI DAMAN
Website : www.amanvidyaniketan.com"
1816,"Aff. No. :3140002
Sch. Code:34902","State : DAMAN & DIU
District : DAMAN",Senior Secondary Level,"Name : PM SHRI SCHOOL JAWAHAR NAVODAYA VIDYALAYA
Head/Principal Name: SURYKANT H. GAIKWAD","Address : VILLAGE DUNETHA DAMAN (U.T.) 396210 DAMAN & DIU
Website : www.jnvdaman.in"
1817,"Aff. No. :3140001
Sch. Code:34901","State : DAMAN & DIU
District : DIU",Senior Secondary Level,"Name : JAWAHAR NAVODAYA VIDYALAYA
Head/Principal Name: PRASHANT CHAFLE","Address : BUCHARWADA DIU DAMAN & DIU
Website : http://www.jnvdiu.org/"
1818,"Aff. No. :3120058
Sch. Code:32151","State : DAMAN & DIU
District : DIU",Senior Secondary Level,"Name : JETHI BAI GOVT. HIGHER SECONDARY SCHOOL ENGLISH MEDIUM PANJARAPOR GHOGHLA DIU
Head/Principal Name: RAMJI NARAN VAJA","Address : MAIN ROAD, PANJARAPOR , GHOGHLA - DIU
Website : www.ghssemghoghladiu.com"
1819,"Aff. No. :3120059
Sch. Code:32155","State : DAMAN & DIU
District : DIU",Secondary Level,"Name : GOVERNMENT HIGH SCHOOL SAUDWADI DIU
Head/Principal Name: SOLANKI NANJI KARSAN","Address : NEAR VILLAGE PANCHAYAT , SAUDWADI, SAUDWADI
Website : https://diu.gov.in/government-high-school-saudwadi"
1820,"Aff. No. :3120060
Sch. Code:32156","State : DAMAN & DIU
District : DIU",Secondary Level,"Name : NIRMALA MATA HIGH SCHOOL DIU
Head/Principal Name: EDMUND AGNELO MASCARENHAS","Address : NEAR CHURCH MUSEUM, FIRANGIWADA ROAD, FIRANGIWADA
Website : www.nirmalamataschooldiu.com"
1821,"Aff. No. :3100001
Sch. Code:34903","State : DAMAN & DIU
District : DIU",Senior Secondary Level,"Name : KENDRIYA VIDYALAYA
Head/Principal Name: KUSUM LATA MEENA","Address : DIU GOVT HIGH SCHOOL CAMPUS FUDAM-DIU (U.T) DAMAN & DIU
Website : https://diu.kvs.ac.in/"
