sno,aff_no_school_code,state_district,school_head_name,address,website
1,"Aff. No. :200054
Sch. Code:39307","State : ASSAM
District : BARPETA",Senior Secondary Level,"Name : PM SHRI KENDRIYA VIDYALAYA BARPETA
Head/Principal Name: RAJESH KUMAR DUBEY","Address : KRISHNA NAGAR P O BARPETA DISTT BARPETA ASSAM
Website : https://barpeta.kvs.ac.in/"
2,"Aff. No. :220005
Sch. Code:37190","State : ASSAM
District : BARPETA",Senior Secondary Level,"Name : ADARSH VIDYALAYA
Head/Principal Name: HAFIZUR RAHMAN KHAN","Address : MANDIA, VILLAGE 2 NO. BDALANI,P.O. MANDIA, P.S. BAGHBAR, DISTT. BARPETA ASSAM-781308
Website : www.avmandia.org"
3,"Aff. No. :220002
Sch. Code:37192","State : ASSAM
District : BARPETA",Senior Secondary Level,"Name : ADARSH VIDYALAYA DAHALAPARA
Head/Principal Name: JAYANTA KUMAR SARMA","Address : RUPSI-PT. VILLAGE DAHALAPARA, P.O. BHULUKADABA, DISTT. BARPETA-781317
Website : https://adarshvidyalayadahalapara.godaddysites.com"
4,"Aff. No. :220010
Sch. Code:37200","State : ASSAM
District : BARPETA",Senior Secondary Level,"Name : ADARSH VIDYALAYA,
Head/Principal Name: ABDUS SAHID","Address : GANAKKUCHI, BARPETA, VILLAGE & P.O. GANAKKUCHI, DISTT. BARPETA, ASSAM-781314
Website : www.avgb2014.co.in"
5,"Aff. No. :220013
Sch. Code:37196","State : ASSAM
District : BARPETA",Senior Secondary Level,"Name : ADARSH VIDYALAYA,
Head/Principal Name: Bubul Chandra Sarmah","Address : CHENGA VILLAGE CHENGA MUSALMAN GAON, P.O. CHENGA, P.S. TARABARI, DISTT. BARPETA, ASSAM-781305
Website : www.avchenga.in"
6,"Aff. No. :220014
Sch. Code:37191","State : ASSAM
District : BARPETA",Senior Secondary Level,"Name : ADARSH VIDYALAYA
Head/Principal Name: KERAMAT ALI SHEIKH","Address : PAKABETBARI , VILLAGE PHULARGURI, P.O. KAYAKUCHI,DISTT. BARPETA, ASSAM-781352
Website : www.avpb.in"
7,"Aff. No. :220158
Sch. Code:37682","State : ASSAM
District : BARPETA",Secondary Level,"Name : ADARSHA VIDYALAYA GOMAFULBARI
Head/Principal Name: CHANDANA SARMA","Address : P.S BARPETA, PIN 781309
Website : http://avgomafulbari.in/"
8,"Aff. No. :220181
Sch. Code:37724","State : ASSAM
District : BARPETA",Secondary Level,"Name : ADARSHA VIDYALAYA GOBARDHANA
Head/Principal Name: Tony Basumatary","Address : VILL. GAMARIGURI, P.O. GOBARDHANA, P.S. BARPETA ROAD
Website : https://avs.assam.gov.in/schools/adarsha-vidyalaya"
9,"Aff. No. :230107
Sch. Code:35199","State : ASSAM
District : BARPETA",Senior Secondary Level,"Name : MANAS VALLEY ACADEMY
Head/Principal Name: SANJEET MUDOI","Address : P.O - SIMLAGURI DIST - BASKA (BTC) ASSAM
Website : www.manasvalleyacademy.org.in"
10,"Aff. No. :230125
Sch. Code:35210","State : ASSAM
District : BARPETA",Senior Secondary Level,"Name : SREERAM ACADEMY
Head/Principal Name: DULAL TALUKDAR","Address : CHANDRA NAGAR, WORD NO: 3, HOWLY ROAD, PO: PATHSALA, DIST.: BARPETA, ASSAM
Website : www.sreeramacademy.net"
11,"Aff. No. :230184
Sch. Code:35427","State : ASSAM
District : BARPETA",Senior Secondary Level,"Name : PATHSALA PUBLIC SCHOOL
Head/Principal Name: BARNALI DEVI BARMAN","Address : SEUJ NAGAR PATHSALA - 781325 DIST:BARPETA ASSAM
Website : http://ppspathsala.com/"
12,"Aff. No. :230324
Sch. Code:35586","State : ASSAM
District : BARPETA",Secondary Level,"Name : DON BOSCO SCHOOL
Head/Principal Name: FR M.C. GEORGE","Address : P.O. BARPETA ROAD , P.S. BARPETA ROAD
Website : http://www.donboscobarpeta.com"
13,"Aff. No. :230328
Sch. Code:35591","State : ASSAM
District : BARPETA",Senior Secondary Level,"Name : CHRIST JYOTI SCHOOL
Head/Principal Name: SR. JOICE MARIA","Address : P.O GOBINDAPUR, PATHSALA
Website : https://christjyotipathsala.com/"
14,"Aff. No. :240015
Sch. Code:39247","State : ASSAM
District : BARPETA",Senior Secondary Level,"Name : JAWAHAR NAVODAYA VIDYALAYA
Head/Principal Name: Jeetendra Nath Patel","Address : PO- HOWLY DT- BORPETA ASSAM
Website : https://navodaya.gov.in/nvs/nvs-school/BARPETA/en/"
15,"Aff. No. :240009
Sch. Code:39239","State : ASSAM
District : CACHAR",Senior Secondary Level,"Name : PM SHRI SCHOOL JAWAHAR NAVODAYA VIDYALAYA, CACHAR, ASSAM
Head/Principal Name: Vishwas Kumar","Address : PAILAPOOL PO- PAILAPOOL DT-CACHAR ASSAM
Website : www.navodaya.gov.in/nvs/nvs-school/CACHAR/en/home"
16,"Aff. No. :230326
Sch. Code:35588","State : ASSAM
District : CACHAR",Secondary Level,"Name : AUXILIUM SCHOOL
Head/Principal Name: Beautiful Lamare","Address : NEAR BNMP SCHOOL, DHOLAI
Website : www.auxiliumdholai.org"
17,"Aff. No. :230348
Sch. Code:35657","State : ASSAM
District : CACHAR",Senior Secondary Level,"Name : SAI VIKASH VIDYA NIKETAN
Head/Principal Name: ARIVUKKARASU P","Address : KANAKPUR PART-I, SONAI ROAD, SILCHAR
Website : https://saivikashsilchar.com"
18,"Aff. No. :230255
Sch. Code:35509","State : ASSAM
District : CACHAR",Senior Secondary Level,"Name : ST. VINCENTS SCHOOL
Head/Principal Name: Sangram Senapati","Address : PAILAPOOL, CACHAR, ASSAM
Website : www.stvincentschoolpailapool.com"
19,"Aff. No. :230256
Sch. Code:35510","State : ASSAM
District : CACHAR",Senior Secondary Level,"Name : DELHI PUBLIC SCHOOL
Head/Principal Name: DR. IYENGAR RAMAMANI GOVINDARAJAN","Address : BUDURAIL, KATHAL ROAD
Website : www.dpssilchar.in"
20,"Aff. No. :230258
Sch. Code:35512","State : ASSAM
District : CACHAR",Senior Secondary Level,"Name : SPRING DALES ACADEMY: BHANGARPAR
Head/Principal Name: LAXMI NATH","Address : HOSPITAL ROAD,BHANGARPAR PART -I, P.O. BHANGARPAR BORKHOLA, CACHAR, ASSAM
Website : www.springdalesacademy.co.in"
21,"Aff. No. :230263
Sch. Code:35518","State : ASSAM
District : CACHAR",Senior Secondary Level,"Name : HOLY CROWN SCHOOL
Head/Principal Name: SURAJIT CHANDA","Address : HOLY CROWN SCHOOL MASIMPUR, ARUNACHAL, SILCHAR, ASSAM. PIN: 788025
Website : www.holycrownsilchar.in"
22,"Aff. No. :230264
Sch. Code:35519","State : ASSAM
District : CACHAR",Secondary Level,"Name : PRERANA VIDYAMANDIR
Head/Principal Name: Biswadip Dhar","Address : CHINCOORI ROAD, KALINJAR,P.O-SINGARI SILCHAR-7
Website : www.Preranavidyamandir.in"
23,"Aff. No. :230267
Sch. Code:35522","State : ASSAM
District : CACHAR",Senior Secondary Level,"Name : SARALA BIRLA GYAN JYOTI (SR. SEC. SCHOOL)
Head/Principal Name: Arpana Philip","Address : MMG ROAD, SUN CITY, MEHERPUR, SILCHAR, CACHAR - 788015
Website : www.sbgjsilchar.co.in"
24,"Aff. No. :220172
Sch. Code:37711","State : ASSAM
District : CACHAR",Secondary Level,"Name : ADARSHA VIDYALAYA DEWAN TE
Head/Principal Name: RUPRAJ DEY","Address : VILL- DEWAN TEA ESTATE, P.O. DEWAN, LAKHIPUR
Website : https://avs.assam.gov.in/schools/adarsha-vidyalaya-dewan-te"
25,"Aff. No. :230045
Sch. Code:35129","State : ASSAM
District : CACHAR",Senior Secondary Level,"Name : MAHARISHI VIDYA MANDIR
Head/Principal Name: SAMITA DUTTA","Address : KATHAL ROAD, PO BAKHATPUR, DIST CACHAR, SILCHAR ASSAM
Website : www.mvmsilchar.org"
26,"Aff. No. :230080
Sch. Code:35166","State : ASSAM
District : CACHAR",Senior Secondary Level,"Name : SAINT CAPITANIO SCHOOL
Head/Principal Name: SR ARPITA KOONTHANAM","Address : KUARPAR PO REGIONAL ENGINEERING COLLEGE, DISTT. COCHAR, SILCHAR
Website : www.saintcapitaniosilchar.in"
27,"Aff. No. :230095
Sch. Code:35195","State : ASSAM
District : CACHAR",Senior Secondary Level,"Name : VIVEKANANDA KENDRA VIDYALAYA
Head/Principal Name: Bijan Saha","Address : P.O.- TARAPUR,P.S.- TARPUR, PIN- 788003,DIST- CACHAR, ASSAM
Website : https://silchar.vkv.in/"
28,"Aff. No. :230103
Sch. Code:35186","State : ASSAM
District : CACHAR",Senior Secondary Level,"Name : DON BOSCO SCHOOL
Head/Principal Name: FR SURJIT TIGGA","Address : TARAPUR, KHELMA, SILCHAR, CACHAR, ASSAM
Website : www.donboscoschoolsilchar.org"
29,"Aff. No. :200059
Sch. Code:39312","State : ASSAM
District : CACHAR",Senior Secondary Level,"Name : KENDRIYA VIDYALAYA
Head/Principal Name: SUNEEL GUPTA","Address : NIT CAMPUS, SILCHAR DISTT CACHAR, ASSAM
Website : https://nitsilchar.kvs.ac.in"
30,"Aff. No. :200063
Sch. Code:39619","State : ASSAM
District : CACHAR",Secondary Level,"Name : KENDRIYA VIDYALAYA,
Head/Principal Name: Dr Ravindra Pratap Singh","Address : ASSAM UNIVERSITY, SILCHAR, 788011
Website :"
31,"Aff. No. :200031
Sch. Code:39289","State : ASSAM
District : CACHAR",Senior Secondary Level,"Name : PM SHRI KENDRIYA VIDYALAYA
Head/Principal Name: ABDUL HAMID AHMED","Address : DHOLCHERA JARAILTOLA BAZAR DT- CACHAR ASSAM
Website : http://bsfdholchera.kvs.ac.in"
32,"Aff. No. :200041
Sch. Code:39295","State : ASSAM
District : CACHAR",Senior Secondary Level,"Name : KENDRIYA VIDYALAYA
Head/Principal Name: PRANAB SARKAR","Address : ONGC SRIKONA SILCHAR DT- CACHAR ASSAM
Website : https://ongcsilchar.kvs.ac.in/"
33,"Aff. No. :200011
Sch. Code:39279","State : ASSAM
District : CACHAR",Senior Secondary Level,"Name : PM SHRI KENDRIYA VIDYALAYA
Head/Principal Name: KALYANI CHOWDHURY","Address : MASIMPUR PO- ARUNACHAL DT- CACHAR ASSAM
Website : http://kvmasimpur.org.in"
34,"Aff. No. :200021
Sch. Code:39261","State : ASSAM
District : CACHAR",Senior Secondary Level,"Name : PM SHRI KENDRIYA VIDYALAYA
Head/Principal Name: RAKESH KUMAR","Address : AIR FORCE STATION KUMBHIRGRAM DT- CACHAR ASSAM
Website :"
35,"Aff. No. :200023
Sch. Code:39262","State : ASSAM
District : CACHAR",Senior Secondary Level,"Name : PM SHRI KENDRIYA VIDYALAYA
Head/Principal Name: KISHOR KUMAR PANDAY","Address : SILCHAR TARAPUR SILCHAR DT- CACHAR ASSAM
Website : https://silchar.kvs.ac.in"
36,"Aff. No. :200051
Sch. Code:39304","State : ASSAM
District : DARRANG",Senior Secondary Level,"Name : PM SHRI KENDRIYA VIDYALAYA
Head/Principal Name: JOGINDAR SINGH","Address : MANGALDAI DISTT DARRANG ASSAM
Website : https://mangaldoi.kvs.ac.in"
37,"Aff. No. :200151
Sch. Code:39705","State : ASSAM
District : DARRANG",Senior Secondary Level,"Name : PM SHRI KENDRIYA VIDYALAYA TWO HUNDRED TEN COBRA CRPF DALGAON
Head/Principal Name: RINJU MANI KALITA","Address : POST OFFICE- DALGAON, POLICE STATION- DALGAON
Website : https://210cobracrpf.kvs.ac.in/"
38,"Aff. No. :200062
Sch. Code:39314","State : ASSAM
District : DARRANG",Senior Secondary Level,"Name : PM SHRI KENDRIYA VIDYALAYA
Head/Principal Name: BIKRAM JEET PAUL CHOUDHURY","Address : WARD NO -4, NEAR HANUMAN RICE MILL, UDALGURI, DISTT UDALGURI, ASSAM
Website : https://udalguri.kvs.ac.in"
39,"Aff. No. :230078
Sch. Code:35165","State : ASSAM
District : DARRANG",Senior Secondary Level,"Name : MAHARISHI VIDYA MANDIR
Head/Principal Name: SAMUJJAL SARMAH","Address : P.O. TANGLA, DIST: UDALGURI (BTAD) PIN-784521 (ASSAM)
Website : www.tangala.maharishividyamandir.com"
40,"Aff. No. :230064
Sch. Code:35151","State : ASSAM
District : DARRANG",Senior Secondary Level,"Name : MANGALDAI MAHARSHREE VIDYALAYA, MANGALDAI
Head/Principal Name: HEMANTA PAYENG","Address : GERIMARI MAHARISHI NAGAR MANGALDAI, DISTT DARANG ASSAM
Website : www.mangaldaimvm.org"
41,"Aff. No. :220151
Sch. Code:37567","State : ASSAM
District : DARRANG",Senior Secondary Level,"Name : ADARSHA VIDYALAYA, PUB MANGALDAI
Head/Principal Name: KULDEEP KALITA","Address : PO- DHULA, CHARKAR CHOWK
Website : https://avs.assam.gov.in/schools/av-pub-mangaldai"
42,"Aff. No. :220153
Sch. Code:37605","State : ASSAM
District : DARRANG",Senior Secondary Level,"Name : ADARSHA VIDYALAYA BECHIMARI
Head/Principal Name: KRITIKA KALITA","Address : PIN 784116 POLICE STATION DALGAON , DISTRICT DARRANG
Website : https://avs.assam.gov.in/schools/adarsha-vidyalaya-bechimari"
43,"Aff. No. :220154
Sch. Code:37611","State : ASSAM
District : DARRANG",Senior Secondary Level,"Name : ADARSHA VIDYALAYA, DALGAON
Head/Principal Name: MAKHAN BORAH","Address : PO DALGAON , PS DALGAON
Website : www.avdalgaon.in"
44,"Aff. No. :230188
Sch. Code:35432","State : ASSAM
District : DARRANG",Senior Secondary Level,"Name : NORTH EAST PUBLIC SCHOOL, ROWTA
Head/Principal Name: JOJI JOSEPH","Address : VILL - BHALUKMARI PO - ROWTA CHARIALI UDALGURI, BTAD , ASSAM - 784508
Website : www.nepsrowta.org"
45,"Aff. No. :230192
Sch. Code:35422","State : ASSAM
District : DARRANG",Senior Secondary Level,"Name : GURUKUL GROUP OF EDUCATIONAL WING
Head/Principal Name: SANGEETA ADHIKARI SARKAR","Address : NA-HOWLY P.O JANARAM CHOWKA , MANGALDOI, DARRANG DISTRICT, ASSAM
Website : www.gurukulgroup.in"
46,"Aff. No. :230137
Sch. Code:35222","State : ASSAM
District : DARRANG",Senior Secondary Level,"Name : HOLY CHILD PUBLIC SCHOOL
Head/Principal Name: Shyamoli Das","Address : BHEBARGHAT, MANGALDAI
Website : www.holychildmld.in"
47,"Aff. No. :230161
Sch. Code:35249","State : ASSAM
District : DARRANG",Secondary Level,"Name : UDALGURI MAHARISHI VIDYALAYA
Head/Principal Name: Khagendra Nath Sarmah","Address : VILL- HARPUR, P.O. UDALGURI DIST. UDALGURI(EARLIER DARRANG) BTAD, ASSAM PIN- 784509
Website : www.udalgurimaharishi.co.in"
48,"Aff. No. :230163
Sch. Code:35250","State : ASSAM
District : DARRANG",Senior Secondary Level,"Name : RADIANCE SCHOOL, DIMAKUCHI
Head/Principal Name: PAPU MANI SAHARIA","Address : DIMAKUCHI, UDALGURI BTAD
Website : www.radianceschooldmk.in"
49,"Aff. No. :240007
Sch. Code:39243","State : ASSAM
District : DARRANG",Senior Secondary Level,"Name : JAWAHAR NAVODAYA VIDYALAYA
Head/Principal Name: MAYAVAN GANDHI","Address : PO- KALAIGAON DT- DARRANG ASSAM
Website : https://navodaya.gov.in/nvs/nvs-school/DARRANG/en/"
50,"Aff. No. :240026
Sch. Code:39259","State : ASSAM
District : DHUBRI",Senior Secondary Level,"Name : JAWAHAR NAVODAYA VIDYALAYA
Head/Principal Name: BUDHIRAM SHARMA","Address : VILLAGE & PO- ALOMGANJ PARTIX DHUBRI ASSAM 78339
Website : www.jnvdhubri.gov.in"
51,"Aff. No. :230158
Sch. Code:35246","State : ASSAM
District : DHUBRI",Senior Secondary Level,"Name : SOUTH POINT ENGLISH SCHOOL
Head/Principal Name: BHAWANI SUR","Address : W/NO-IV, SAPATGRAM, PO- SAPATGRAM, DIST- DHUBRI, ASSAM
Website : https://www.southpointenglishschool.in/"
52,"Aff. No. :230251
Sch. Code:35504","State : ASSAM
District : DHUBRI",Senior Secondary Level,"Name : NORTH EAST GLOBAL SCHOOL
Head/Principal Name: Abu Taher Ali","Address : JHAGRARPAR PT:III, MAGURMARI,BEHIND DHUBRI CIVIL HOSPITAL, P.O:JHAGRARPAR, DIST:DHUBRI, ASSAM, PIN:783325
Website : www.negs.in"
53,"Aff. No. :230031
Sch. Code:35118","State : ASSAM
District : DHUBRI",Secondary Level,"Name : HAPPY CONVENT SCHOOL
Head/Principal Name: MONIKA DALAL","Address : G T B ROAD DHUBRI ASSAM
Website : www.hcs.edu.in"
54,"Aff. No. :200047
Sch. Code:39300","State : ASSAM
District : DHUBRI",Senior Secondary Level,"Name : PM SHRI KENDRIYA VIDYALAYA PANBARI
Head/Principal Name: RAKESH KUMAR","Address : PANBARI PO ALOMGANJ BSF CAMPUS DISTT DHUBRI ASSAM
Website : www.bsfpanbari.kvs.ac.in"
55,"Aff. No. :200043
Sch. Code:39297","State : ASSAM
District : DIBRUGARH",Senior Secondary Level,"Name : PM SHRI KENDRIYA VIDYALAYA
Head/Principal Name: AJAY SHANKAR SHUKLA","Address : MOHANBARI PO- MOHANBARI AIR FIELD DT- DIBRUGARH ASSAM
Website : https://mohanbari.kvs.ac.in/"
56,"Aff. No. :200053
Sch. Code:39306","State : ASSAM
District : DIBRUGARH",Senior Secondary Level,"Name : KENDRIYA VIDYALAYA
Head/Principal Name: JYOTIRMAYA JOSHI","Address : NEAR D. C.'S OFFICE, P.O C R BUILDING, DIBRUGARH, ASSAM
Website : https://dibrugarh.kvs.ac.in"
57,"Aff. No. :200022
Sch. Code:39265","State : ASSAM
District : DIBRUGARH",Senior Secondary Level,"Name : KENDRIYA VIDYALAYA
Head/Principal Name: SHIVANGI GAURAV PATHAK","Address : NAMRUP PO- PARBATPUR DT- DIBRUGARH ASSAM
Website : https://namrupbvfcl.kvs.ac.in/"
58,"Aff. No. :200018
Sch. Code:39263","State : ASSAM
District : DIBRUGARH",Senior Secondary Level,"Name : PM SHRI KENDRIYA VIDYALAYA
Head/Principal Name: SUSHIL GURJAR","Address : CHABUA AIR FIELD DT- DIBRUGARH ASSAM
Website : https://chabua.kvs.ac.in"
59,"Aff. No. :200012
Sch. Code:39266","State : ASSAM
District : DIBRUGARH",Senior Secondary Level,"Name : KENDRIYA VIDYALAYA
Head/Principal Name: MANOJ KUMAR SADRANI","Address : OIL INDIA LIMITED DULIAJAN DT- DIBRUGARH ASSAM
Website : http://duliajan.kvs.ac.in"
60,"Aff. No. :200008
Sch. Code:39264","State : ASSAM
District : DIBRUGARH",Senior Secondary Level,"Name : PM SHRI KENDRIYA VIDYALAYA
Head/Principal Name: NATHU RAM JANGIR","Address : DINJAN VIA- PANITOLA DT - DIBRUGARH ASSAM
Website : https://dinjan.kvs.ac.in/"
61,"Aff. No. :230040
Sch. Code:35125","State : ASSAM
District : DIBRUGARH",Senior Secondary Level,"Name : DELHI PUBLIC SCHOOL
Head/Principal Name: RUPJYOTI SAIKIA","Address : OIL INDIA LTD PO DULIAJAM DIBRUGARH ASSAM
Website : www.dpsduliajan.in"
62,"Aff. No. :230050
Sch. Code:35135","State : ASSAM
District : DIBRUGARH",Secondary Level,"Name : VIVEKANANDA KENDRA VIDYALAYA
Head/Principal Name: PRAHLAD GOGOI","Address : NEEPCO BOKULONI DIBURGARH ASSAM
Website : https://bokuloni.vkv.in"
63,"Aff. No. :230075
Sch. Code:35162","State : ASSAM
District : DIBRUGARH",Secondary Level,"Name : VIVEKANANDA KENDRA VIDYALAYA TINGRAI
Head/Principal Name: SANCHAYITA CHAKRABORTY","Address : P.O. : DULIAJAN, DIST. : DIBRUGARH, ASSAM,
Website : https://tingrai.vkv.in/"
64,"Aff. No. :230077
Sch. Code:35164","State : ASSAM
District : DIBRUGARH",Secondary Level,"Name : SHREE AGRASEN ACADEMY
Head/Principal Name: Rajib Prasad","Address : MHH SCHOOL ROAD JHALKPARA
Website : www.agrasenacademydbr.com"
65,"Aff. No. :230015
Sch. Code:35100","State : ASSAM
District : DIBRUGARH",Senior Secondary Level,"Name : VIVEKANANDA KENDRA VIDYALAYA
Head/Principal Name: ACHINTYA GOSWAMI","Address : EAST CHOWKIDINGEE DIBRUGARH ASSAM
Website : www.dibrugarh.vkv.in"
66,"Aff. No. :230253
Sch. Code:35507","State : ASSAM
District : DIBRUGARH",Senior Secondary Level,"Name : DELHI PUBLIC SCHOOL DIBRUGARH
Head/Principal Name: PROBHATI BISWAS","Address : AIR FORCE ROAD, MOHANBARI NEAR AIR FORCE ROAD, MOHANBARI
Website : www.dpsdibrugarh.org"
67,"Aff. No. :230259
Sch. Code:35513","State : ASSAM
District : DIBRUGARH",Middle Class,"Name : AIR FORCE SCHOOL CHABUA
Head/Principal Name: Nuran Hussain","Address : AIR FORCE SCHOOOL CHABUA AIR FORCE STATION CHABUA CHABUA
Website : http://afschoolchabua.in"
68,"Aff. No. :230187
Sch. Code:35431","State : ASSAM
District : DIBRUGARH",Secondary Level,"Name : NURTURE INTERNATIONAL SCHOOL
Head/Principal Name: BISWANATH CHOWDHURY","Address : K.C. GOGOI PATH, KODOMONI, DIBRUGARH
Website : http://nurtureinternational.in/Nisdibrugarh"
69,"Aff. No. :230345
Sch. Code:35652","State : ASSAM
District : DIBRUGARH",Secondary Level,"Name : MANTHAN VIDYA NIKETAN
Head/Principal Name: JAI PRASAD JAISHI","Address : BOKUL MAJGAON, LAHOWAL, DIBRUGARH
Website : www.manthanvidyaniketan.in"
70,"Aff. No. :230162
Sch. Code:35248","State : ASSAM
District : DIBRUGARH",Senior Secondary Level,"Name : SWAMI VIVEKANANDA KENDRIYA VIDYALAYA
Head/Principal Name: SABINA NAFISA AHMED","Address : TILOI
Website : www.svkv.in"
71,"Aff. No. :230175
Sch. Code:35262","State : ASSAM
District : DIBRUGARH",Senior Secondary Level,"Name : OIL VALLEY GIRLS & BOYS SCHOOL
Head/Principal Name: NITYA SANDHYA SAIKIA","Address : PO BANIPUR DIST DIBRUGARH
Website : www.ovgbs.org"
72,"Aff. No. :230176
Sch. Code:39605","State : ASSAM
District : DIBRUGARH",Senior Secondary Level,"Name : SHIKSHA VALLEY SCHOOL
Head/Principal Name: SP Suresh","Address : KHANIKAR,P.O.SESSA ,DIST DIBRUGARH. 786003
Website : www.shikshavalleyschool.org"
73,"Aff. No. :230142
Sch. Code:35227","State : ASSAM
District : DIBRUGARH",Senior Secondary Level,"Name : ASSAM PUBLIC SCHOOL
Head/Principal Name: Rita Kamalapuri","Address : NEAR BACHELOR QR. ANANDOPARA, THAPA BASTI
Website : www.assampublicschool.in"
74,"Aff. No. :230119
Sch. Code:35203","State : ASSAM
District : DIBRUGARH",Senior Secondary Level,"Name : SAMPOORNA KENDRA VIDYALAYA
Head/Principal Name: MUTYALA NAIDU BEESETTI","Address : K.C.GOGOI PATH,DIBRUGARH
Website : www.sampoornakendravidyalaya.com"
75,"Aff. No. :240014
Sch. Code:39245","State : ASSAM
District : DIBRUGARH",Senior Secondary Level,"Name : JAWAHAR NAVODAYA VIDYALAYA
Head/Principal Name: ANIL D. DHAWANE","Address : DOOMARDALLONG PO- BAMUNBARI DT- DIBRUGARH ASSAM
Website : www.navodaya.gov.in/nvs/nvs-school/DIBRUGARH/en/home/"
76,"Aff. No. :280005
Sch. Code:35107","State : ASSAM
District : DIBRUGARH",Senior Secondary Level,"Name : ARMY PUBLIC SCHOOL
Head/Principal Name: KRISHNA BARUAH","Address : C/O HQ 2 MTN DIV C/O 99 APO, DISTT DIBRUGARH, ASSAM
Website : www.apsdjn.in"
77,"Aff. No. :240017
Sch. Code:39250","State : ASSAM
District : GOALPARA",Senior Secondary Level,"Name : JAWAHAR NAVODAYA VIDYALAYA
Head/Principal Name: KARTIK CHANDRA BAISHYA","Address : DUDHNOI GOLPARA ASSAM
Website : https://navodaya.gov.in/nvs/nvs-school/GOALPARA/en"
78,"Aff. No. :230114
Sch. Code:35196","State : ASSAM
District : GOALPARA",Senior Secondary Level,"Name : ST. PETER'S NATIONAL ACADEMY
Head/Principal Name: SHINE K J","Address : DUDHNOI(P.O) DUDHNOI(P.S) GOALPARA (DIST) ASSAM
Website : www.spnad.in"
79,"Aff. No. :230343
Sch. Code:35647","State : ASSAM
District : GOALPARA",Secondary Level,"Name : ST. JOSEPH SCHOOL
Head/Principal Name: Santo C T","Address : PAIKAN, TURA ROAD, KRISHNAI
Website : http://www.stjosephschoolpaikan.org/"
80,"Aff. No. :230001
Sch. Code:35090","State : ASSAM
District : GOALPARA",Senior Secondary Level,"Name : SAINIK SCHOOL
Head/Principal Name: COL DHEERAJ KUMAR VISHWAKARMA","Address : GOALPARA PO- RAJAPARA DT- GOALPARA ASSAM
Website : www.sainikschoolgoalpara.org"
81,"Aff. No. :230072
Sch. Code:35158","State : ASSAM
District : GOALPARA",Senior Secondary Level,"Name : ST. XAVIER'S SCHOOL
Head/Principal Name: Yambem Homendra Singh","Address : GANDHI NAGAR, P.O. KRISHNAI, TEH-MATTIA, DISTT GOALPARA, ASSAM
Website : www.sxskrishnai.in"
82,"Aff. No. :230082
Sch. Code:35168","State : ASSAM
District : GOALPARA",Senior Secondary Level,"Name : GOALPARA ENGLISH SCHOOL
Head/Principal Name: DHRUBA KALITA","Address : PO BHALUKDUBI, TEHSIL-BALIJANA, DISTT. GOALPARA
Website : www.goalparaenglishschool.com"
83,"Aff. No. :220004
Sch. Code:37189","State : ASSAM
District : GOALPARA",Senior Secondary Level,"Name : ADARSH VIDYALAYA
Head/Principal Name: ONKAR","Address : VILLAGE KADAMTOLA GOPALPUR, P.O. DALGOMA,P.S. MATIA, DISTT. GOALPARA, ASSAM-783125
Website : www.avmgoalpara.in"
84,"Aff. No. :220184
Sch. Code:37728","State : ASSAM
District : GOALPARA",Secondary Level,"Name : ADARSHA VIDYALAYA,LAKHIPUR
Head/Principal Name: MOBARAK HUSSAIN","Address : VILL-CHATABARI, PO-JURIGAON, PS-LAKHIPUR
Website : https://avs.assam.gov.in/schools/adarsha-vidyalaya"
85,"Aff. No. :200057
Sch. Code:39310","State : ASSAM
District : GOALPARA",Senior Secondary Level,"Name : PM SHRI KENDRIYA VIDYALAYA GOALPARA
Head/Principal Name: SHIV PRAKASH SHARMA","Address : GOALPARA, JTS BUILDING, BELTOLA, BALADMARI, GOALPARA, ASSAM-783121
Website : https://www.goalpara.kvs.ac.in"
86,"Aff. No. :200042
Sch. Code:39296","State : ASSAM
District : JORHAT",Senior Secondary Level,"Name : KENDRIYA VIDYALAYA
Head/Principal Name: LAKHBIR SINGH","Address : ONGC CINNAMARA, PO- JORHAT ASSAM
Website : https://no2jorhatongc.kvs.ac.in"
87,"Aff. No. :200049
Sch. Code:39302","State : ASSAM
District : JORHAT",Senior Secondary Level,"Name : KENDRIYA VIDYALAYA
Head/Principal Name: KRISHAN KUMAR MOTLA","Address : R R L JORHAT PO RRL JORHAT ASSAM
Website : https://no3jorhat.kvs.ac.in"
88,"Aff. No. :200004
Sch. Code:39272","State : ASSAM
District : JORHAT",Senior Secondary Level,"Name : PM SHRI KENDRIYA VIDYALAYA
Head/Principal Name: RAHUL KUMAR","Address : JORHAT AIR FORCE STATION PO- JORHAT DT- ASSAM
Website : www.no1afsjorhat.kvs.ac.in"
89,"Aff. No. :230071
Sch. Code:35156","State : ASSAM
District : JORHAT",Senior Secondary Level,"Name : MAHARISHI VIDYA MANDIR
Head/Principal Name: MALABIKA BORDOLOI","Address : NA- ALI, M.G. ROAD, JORHAT-785001, ASSAM
Website : https://mvmjorhat.org"
90,"Aff. No. :230084
Sch. Code:35169","State : ASSAM
District : JORHAT",Senior Secondary Level,"Name : HEMLATA HANDIQUI MEMORIAL INSTITUTE
Head/Principal Name: PITCHI GOHAIN GOGOI","Address : BAGHCHONG, JORHAT, ASSAM
Website : www.hhmi.edu.in"
91,"Aff. No. :230067
Sch. Code:35154","State : ASSAM
District : JORHAT",Secondary Level,"Name : VIVEKANAND KENDRA VIDYALAYA
Head/Principal Name: HITESH DAS","Address : MAJULI KAMALA BASI MAJULU DISTT JORHAT ASSAM
Website : http://majuli.vkv.in"
92,"Aff. No. :230316
Sch. Code:35574","State : ASSAM
District : JORHAT",Senior Secondary Level,"Name : SHEMFORD FUTURISTIC SCHOOL JORHAT
Head/Principal Name: Surojit Chaliha","Address : DULIA GAON, GARAMUR
Website : https://www.shemford-jorhat.in"
93,"Aff. No. :230123
Sch. Code:35208","State : ASSAM
District : JORHAT",Senior Secondary Level,"Name : HOLY FLOWER HIGH SCHOOL
Head/Principal Name: NONGTHOMBAM ELIZABETH","Address : HOSPITAL ROAD, TEOK, JORHAT, ASSAM
Website : www.holyflowerschool.com"
94,"Aff. No. :230127
Sch. Code:35212","State : ASSAM
District : JORHAT",Senior Secondary Level,"Name : SPRINGDALE HIGH SCHOOL
Head/Principal Name: SOFIA KHAN","Address : CINNAMARA, JORHAT, ASSAM
Website : www.springdaleschool.co"
95,"Aff. No. :230177
Sch. Code:39608","State : ASSAM
District : JORHAT",Senior Secondary Level,"Name : DELHI PUBLIC SCHOOL JORHAT
Head/Principal Name: MONALISA BORTHAKUR SINGH","Address : BORBHETI NAMGHAR ROAD, OPP. HAROOCHARAI TEA ESTATE,ROWRIAHJAAN, P.O CHARINGIA, P.S PULIBOR
Website : www.dpsjorhat.in"
96,"Aff. No. :280003
Sch. Code:35103","State : ASSAM
District : JORHAT",Senior Secondary Level,"Name : AIR FORCE SCHOOL
Head/Principal Name: MOUSHUMI BORBORA","Address : JORHAT DT- JORHAT ASSAM
Website : https://www.afsjorhat.in/"
97,"Aff. No. :280007
Sch. Code:35119","State : ASSAM
District : JORHAT",Senior Secondary Level,"Name : ARMY PUBLIC SCHOOL
Head/Principal Name: SONIA GHAI","Address : JORHAT NEAR ROWRIAH MES GATE PO CHALIHA JORHAT ASSAM
Website : www.apsjorhat.org"
98,"Aff. No. :280010
Sch. Code:35106","State : ASSAM
District : JORHAT",Senior Secondary Level,"Name : ASSAM RIFLES PUBLIC SCHOOL
Head/Principal Name: RINKU BORGOHAIN BARMAN","Address : NEFABARI NEAR CIVIL AIRPORT, ROWRIAH, JORHAT-5, ASSAM
Website : www.arpsjorhat.in"
99,"Aff. No. :240006
Sch. Code:39240","State : ASSAM
District : JORHAT",Senior Secondary Level,"Name : JAWAHAR NAVODAYA VIDYALAYA
Head/Principal Name: MANOHAR SINGH NEGI","Address : PURANA TITABAR DT- JORHAT ASSAM
Website : https://navodaya.gov.in/nvs/nvs-school/JORHAT/en/"
100,"Aff. No. :230352
Sch. Code:35664","State : ASSAM
District : JORHAT",Senior Secondary Level,"Name : RASHTRA BHASHA VIDYALAYA SENIOR SECONDARY SCHOOL
Head/Principal Name: MONUARA BEGUM","Address : RAJAMAIDAM ROAD, JORHAT, JORHAT
Website : www.rashtrabhashavidyalaya.org.in"
101,"Aff. No. :240008
Sch. Code:39242","State : ASSAM
District : KARBI ANGLONG",Senior Secondary Level,"Name : JAWAHAR NAVODAYA VIDYALAYA
Head/Principal Name: DIPAK KUMAR PAUL","Address : PO- DIPHU DT- KARBI ANGLONG ASSAM
Website : http://karbianglong.jnv.academy/"
102,"Aff. No. :240027
Sch. Code:39260","State : ASSAM
District : KARBI ANGLONG",Senior Secondary Level,"Name : JAWAHAR NAVODAYA VIDYALAYA
Head/Principal Name: DIMPU KAMAL PHUKAN","Address : LONGJHAP, HONKRAM, BAITHALANGSO, DISTT KARBIANGLONG, ASSAM-782450
Website : https://navodaya.gov.in/nvs/nvs-school/West-K"
103,"Aff. No. :230165
Sch. Code:35252","State : ASSAM
District : KARBI ANGLONG",Senior Secondary Level,"Name : ERUDITE ACADEMY
Head/Principal Name: SWARNA JYOTI KHATANIAR","Address : DIPHU TOWN, P.O & P.S - DIPHU, KARBI ANGLONG, ASSAM
Website : www.erudite.ac.in"
104,"Aff. No. :230122
Sch. Code:35206","State : ASSAM
District : KARBI ANGLONG",Secondary Level,"Name : ATURKIMI ACADEMY
Head/Principal Name: DIPAK CHETRY","Address : AMALAPATY, RUKASEN
Website : www.aturkimiacademy.org"
105,"Aff. No. :230182
Sch. Code:35425","State : ASSAM
District : KARBI ANGLONG",Secondary Level,"Name : MAHASHAY DHARAMPAL (MDH) DAYANAND ARYA VIDYA NIKETAN
Head/Principal Name: RAKESH TIWARI","Address : VILLAGE DISAGISM P.O.DHANSIRI PAR P.S.DIPHU
Website : http://mdhdavnassam.in"
106,"Aff. No. :230265
Sch. Code:35520","State : ASSAM
District : KARBI ANGLONG",Secondary Level,"Name : ST. DOMINIC SAVIO CBSE SCHOOL
Head/Principal Name: Biju Jacob","Address : LUMDING ROAD DIPHU KARBI ANGLONG
Website : wwwstdominicsavio.in"
107,"Aff. No. :230025
Sch. Code:35132","State : ASSAM
District : KARBI ANGLONG",Secondary Level,"Name : ASSAM RIFLES SCHOOL
Head/Principal Name: Rupjyoti pator","Address : DIPHU PO KARBI ANGLONG DISTT ASSAM
Website : www.arpsdiphu.in"
108,"Aff. No. :220188
Sch. Code:37734","State : ASSAM
District : KARBI ANGLONG",Secondary Level,"Name : ADARSHA VIDYALAYA LUMBAJONG
Head/Principal Name: HARI PRASANNA NATH","Address : VILL-LONGKAM BEY GAON (CHUTIANALA), 5TH MILE, DIPHU-MANJA ROAD, PO-KHERONI GAON, PS-DIPHU
Website : www.avlumbajong.in"
109,"Aff. No. :220179
Sch. Code:37721","State : ASSAM
District : KARBI ANGLONG",Secondary Level,"Name : ADARSHA VIDYALAYA RONGMONGVE
Head/Principal Name: ABDUL MANNAN PRODHANI","Address : VILL - GOBIN RONGPHAR GAON, PO - KAT TERON, PO - RONGMONGVE
Website : https://avs.assam.gov.in/schools/adarsha-vidyalaya"
110,"Aff. No. :220169
Sch. Code:37701","State : ASSAM
District : KARBI ANGLONG",Senior Secondary Level,"Name : ADARSHA VIDYALAYA SAMELANGSO
Head/Principal Name: RAJESH SONAR","Address : RASINJA AKLAM , BIRENSING ENGTI GAON, DOKMOKA
Website : http://www.avsamelangso.com"
111,"Aff. No. :220170
Sch. Code:37703","State : ASSAM
District : KARBI ANGLONG",Senior Secondary Level,"Name : ADARSHA VIDYALAYA LANGSOMEPI
Head/Principal Name: SAMIRAN KALITA","Address : LONGSEKJAN, RAJAPATHAR, BAKALIA
Website : https://avlangsomepi.in"
112,"Aff. No. :220006
Sch. Code:37194","State : ASSAM
District : KARBI ANGLONG",Senior Secondary Level,"Name : ADARSH VIDYALAYA DALIMBARI
Head/Principal Name: MANOJ KUMAR ROY","Address : VILLAGE DALIMBARI, P.O. GOSHPARA, DISTT. WEST KARBI ANGLONG-782425
Website : https://www.facebook.com/profile.php?id=100069267851265"
113,"Aff. No. :200019
Sch. Code:39274","State : ASSAM
District : KARBI ANGLONG",Senior Secondary Level,"Name : PM SHRI KENDRIYA VIDYALAYA DIPHU
Head/Principal Name: Surender Singh","Address : DIPHU DT- KARBI ANGLONG ASSAM
Website : https://diphu.kvs.ac.in"
114,"Aff. No. :200033
Sch. Code:39291","State : ASSAM
District : KARBI ANGLONG",Secondary Level,"Name : KENDRIYA VIDYALAYA
Head/Principal Name: Kumit Khakhlary","Address : CCI BOKAJAN, P O BOKAJAN DISTT KARBI ANGLONG, ASSAM
Website : http://ccibokajan.kvs.ac.in"
115,"Aff. No. :200046
Sch. Code:39299","State : ASSAM
District : KARBI ANGLONG",Senior Secondary Level,"Name : PM SHRI KENDRIYA VIDYALAYA KHATKHATI
Head/Principal Name: Shaitan Singh Meena","Address : GC CRPF KHATKHATI DT- KARBI ANGLONG ASSAM
Website : https://khatkhaticrpf.kvs.ac.in/"
116,"Aff. No. :200060
Sch. Code:39313","State : ASSAM
District : KAMRUP",Senior Secondary Level,"Name : PM SHRI KENDRIYA VIDYALAYA
Head/Principal Name: Seshanooj Sarkar","Address : N F RAILWAY, RANGIA, DISTT. KAMRUP, ASSAM
Website : https://rangiya.kvs.ac.in/"
117,"Aff. No. :200050
Sch. Code:39303","State : ASSAM
District : KAMRUP",Senior Secondary Level,"Name : KENDRIYA VIDYALAYA
Head/Principal Name: VIVEK KUMAR","Address : IIT KAMRUP GUWAHATI ASSAM
Website : https://iitguwahati.kvs.ac.in"
118,"Aff. No. :200025
Sch. Code:39284","State : ASSAM
District : KAMRUP",Senior Secondary Level,"Name : KENDRIYA VIDYALAYA
Head/Principal Name: DEEPA DEVI NATH","Address : IOC NOONMATI GUWAHATI ASSAM
Website :"
119,"Aff. No. :200009
Sch. Code:39273","State : ASSAM
District : KAMRUP",Senior Secondary Level,"Name : PM SHRI KENDRIYA VIDYALAYA
Head/Principal Name: GURUPAD TALUKDAR","Address : DIGARU PO- SONAPUR DT- KAMRUP ASSAM
Website : https://afsdigaru.kvs.ac.in"
120,"Aff. No. :200016
Sch. Code:39271","State : ASSAM
District : KAMRUP",Senior Secondary Level,"Name : KENDRIYA VIDYALAYA
Head/Principal Name: KANJA LOCHAN PATHAK","Address : MALIGAON GUWAHATI DT-KAMRUP ASSAM
Website : https://maligaon.kvs.ac.in"
121,"Aff. No. :200017
Sch. Code:39269","State : ASSAM
District : KAMRUP",Senior Secondary Level,"Name : PM SHRI KENDRIYA VIDYALAYA
Head/Principal Name: INDIRA SAIKIA BURAGOHAIN","Address : CRPF AMREIGOG GUWAHATI ASSAM
Website : https://amerigogcrpf.kvs.ac.in"
122,"Aff. No. :200001
Sch. Code:39267","State : ASSAM
District : KAMRUP",Senior Secondary Level,"Name : PM SHRI KENDRIYA VIDYALAYA
Head/Principal Name: GEETESH SINGH","Address : BORJHAR AZARA GUWAHATI ASSAM
Website : https://borjhar.kvs.ac.in"
123,"Aff. No. :200002
Sch. Code:39270","State : ASSAM
District : KAMRUP",Senior Secondary Level,"Name : PM SHRI KENDRIYA VIDYALAYA
Head/Principal Name: SUBHASH SHARMA","Address : NARANGI SATGAON GUWAHATI ASSAM
Website : https://narangi.kvs.ac.in"
124,"Aff. No. :200003
Sch. Code:39268","State : ASSAM
District : KAMRUP",Senior Secondary Level,"Name : PM SHRI KENDRIYA VIDYALAYA
Head/Principal Name: PURUSHOTTAM SINHA","Address : KHANAPARA GUWAHATI DT- KAMRUP ASSAM
Website : https://khanapara.kvs.ac.in"
125,"Aff. No. :220011
Sch. Code:37198","State : ASSAM
District : KAMRUP",Senior Secondary Level,"Name : ADARSH VIDYALAYA,
Head/Principal Name: Ramen Kumar Bayan","Address : DOKUCHI, VILLAGE PALAHATARI, P.O. NAGARBERA, P.S. NAGARBEG, DISTT. KAMRUP(RURAL), ASSAM-781127
Website : www.avchamari.in"
126,"Aff. No. :220173
Sch. Code:37712","State : ASSAM
District : KAMRUP",Secondary Level,"Name : ADARSHA VIDYALAYA JALUKBARI
Head/Principal Name: PRAKRITI TALUKDAR","Address : RANGMAHAL, NORTH GUWAHATI, MOUZA SILA XENDURIGHOPA
Website : https://avs.assam.gov.in/schools/adarsha-vidyalaya-jalukbari"
127,"Aff. No. :220175
Sch. Code:37714","State : ASSAM
District : KAMRUP",Secondary Level,"Name : ADARSHA VIDYALAYA HAJO TOKRADIA
Head/Principal Name: Dr Pallabi Das","Address : VILL TOKRADIA PS HAJO, PO TOKRADIA , HAJO
Website : https://avs.assam.gov.in/schools/adarsha-vidyalaya"
128,"Aff. No. :220182
Sch. Code:37726","State : ASSAM
District : KAMRUP",Secondary Level,"Name : ADARSHA VIDYALAYA CHAYGAON
Head/Principal Name: MUSTAK AHMED","Address : VILL - MAJORTOP, PO - TUKRAPARA, , PS- GOROIMARI, CHHAYGAON
Website : https://avs.assam.gov.in/schools/av-chaygaon"
129,"Aff. No. :220191
Sch. Code:37738","State : ASSAM
District : KAMRUP",Secondary Level,"Name : ADARSHA VIDYALAYA KAMALPUR
Head/Principal Name: MEENAKSHI DEKA","Address : VILL-BAIHATA PO-BAIHATA, PS-KAMALPUR , DIST-KAMRUP ASSAM PIN-781380
Website : https://avs.assam.gov.in"
130,"Aff. No. :230023
Sch. Code:35112","State : ASSAM
District : KAMRUP",Senior Secondary Level,"Name : SHRIMANTA SHANKAR ACADEMY
Head/Principal Name: DR GEETA DUTTA BARUAH","Address : DISPUR GUWAHATI DT- KAMRUP ASSAM
Website : www.ssa-school.org"
131,"Aff. No. :230014
Sch. Code:35102","State : ASSAM
District : KAMRUP",Senior Secondary Level,"Name : HINDUSTANI KENDRIYA VIDYALAYA
Head/Principal Name: SHALINI MATHUR","Address : DINESH OJHA PATH BHANGAGARH GUWAHATI, DISTT KAMRUP ASSAM
Website : www.hindustanikv.org"
132,"Aff. No. :230030
Sch. Code:35117","State : ASSAM
District : KAMRUP",Senior Secondary Level,"Name : GURUKUL GRAMMAR SCHOOL
Head/Principal Name: NIKHILESH GOSWAMI","Address : PUB-GITA NAGAR ZOO NARENGI ROAD. GUWAHATI, DISTT KAMRUP ASSAM
Website : www.gurukulgrammarschool.in"
133,"Aff. No. :230020
Sch. Code:35105","State : ASSAM
District : KAMRUP",Senior Secondary Level,"Name : MAHARISHI VIDYA MANDIR
Head/Principal Name: NIJUSREE SARMA","Address : SILPUKHURI GUWAHATI DT- KAMRUP ASSAM
Website : https://mvmguwahati-1.org/"
134,"Aff. No. :230005
Sch. Code:35092","State : ASSAM
District : KAMRUP",Senior Secondary Level,"Name : GUWAHATI PUBLIC SCHOOL
Head/Principal Name: SANGEETA CHATTERJEE","Address : PANJABARI GUWAHATI DT- KAMRUP ASSAM
Website : https://www.guwahatipublicschool.com/"
135,"Aff. No. :230007
Sch. Code:35091","State : ASSAM
District : KAMRUP",Senior Secondary Level,"Name : FACULTY HR SEC SCHOOL
Head/Principal Name: JUGAL CHANDRA BORAH","Address : G.N.B. ROAD, AMBARI, NORTH GUWAHATI ASSAM
Website : www.facultyschool.org"
136,"Aff. No. :230068
Sch. Code:35153","State : ASSAM
District : KAMRUP",Senior Secondary Level,"Name : ST CLARES CONVENT HIGH SCHOOL
Head/Principal Name: R MALAR KODI","Address : BORJHAR DISTT KAMRUP GUWAHATI ASSAM
Website : https://www.stclaresguwahati.in"
137,"Aff. No. :230069
Sch. Code:35155","State : ASSAM
District : KAMRUP",Senior Secondary Level,"Name : SARALA BIRLA GYAN JYOTI
Head/Principal Name: DIGANTA HALDER","Address : N H 37, AMINGOAN GUWAHATI, DISTT KAMRUP, ASSAM
Website : www.saralabirlagyanjyoti.com"
138,"Aff. No. :230070
Sch. Code:35157","State : ASSAM
District : KAMRUP",Senior Secondary Level,"Name : MONTFORT SCHOOL
Head/Principal Name: BRO DR JAMES P K","Address : 10TH MILE G S ROAD GUWAHATI, DISTT KAMRUP, ASSAM
Website : http://montfortguwahati.org"
139,"Aff. No. :230048
Sch. Code:35133","State : ASSAM
District : KAMRUP",Senior Secondary Level,"Name : KAZIRANGA ENG ACADEMY
Head/Principal Name: SURAJIT SARMAH","Address : GAROO-GHULI ; P.O.- GARCHUK, GUWAHATI, DISTT KAMRUP ASSAM
Website : www.kazirangaenglishacademy.org"
140,"Aff. No. :230049
Sch. Code:35134","State : ASSAM
District : KAMRUP",Senior Secondary Level,"Name : DELHI PUBLIC SCHOOL
Head/Principal Name: Rajeeb Purkayastha","Address : AHOMGAON ROAD TRUPATI BALAJI TEMPLE, GUWAHATI, DISTT KAMRUP, ASSAM
Website : www.dpsguwahati.org"
141,"Aff. No. :230062
Sch. Code:35148","State : ASSAM
District : KAMRUP",Senior Secondary Level,"Name : GYAN EDUCATIONAL INSTITUTION
Head/Principal Name: SUMITA ADHIKARI","Address : LOKHRA ROAD JYOTI KUCHI GUWAHATI, DISTT KAMRUP ASSAM
Website : www.geighy.co.in"
142,"Aff. No. :230054
Sch. Code:35140","State : ASSAM
District : KAMRUP",Secondary Level,"Name : CAMBRIDGE PUBLIC SCHOOL
Head/Principal Name: SAHARA BEGUM","Address : BARIPARA MALIGAON GUWAHATI ASSAM
Website : www.cpsassam.com"
143,"Aff. No. :230055
Sch. Code:35141","State : ASSAM
District : KAMRUP",Senior Secondary Level,"Name : NPS INTERNATIONAL SCHOOL
Head/Principal Name: GAUTAM GUHA","Address : NH-37, NEAR LAKHRA CHARIALI,P.O. SAUKUCHI, GUWAHATI, DISTT KAMRUP, ASSAM
Website : www.npsis.in"
144,"Aff. No. :230056
Sch. Code:35143","State : ASSAM
District : KAMRUP",Senior Secondary Level,"Name : ST CLARET SCHOOL
Head/Principal Name: Dr Fr JOHN JOSEPH","Address : N H 37 BORJHAR PO GUWAHATI, DISTT KAMRUP ASSAM
Website : https://stclaretguwahati.in"
145,"Aff. No. :230057
Sch. Code:35142","State : ASSAM
District : KAMRUP",Senior Secondary Level,"Name : DON BOSCO SCHOOL
Head/Principal Name: FR. ALEX MATHEW SDB","Address : PAN BAZAR GUWAHATI, DISTT KAMRUP, ASSAM
Website : www.donboscoguwahat.net"
146,"Aff. No. :230058
Sch. Code:35145","State : ASSAM
District : KAMRUP",Senior Secondary Level,"Name : MODERN ENGLISH SCHOOL
Head/Principal Name: Jonali Das","Address : KAHILIPARA KAMRUP GUWAHATI ASSAM
Website : www.mhs.ac.in"
147,"Aff. No. :230059
Sch. Code:35146","State : ASSAM
District : KAMRUP",Senior Secondary Level,"Name : ST FRANCIS D' ASSISI HIGH SCHOOL
Head/Principal Name: XAVIER MUNDA","Address : PUB BORAGAON PO GURCHUK GUWAHATI, DISTT KAMRUP ASSAM
Website : http:sfsguwahati.edu.in"
148,"Aff. No. :230051
Sch. Code:35136","State : ASSAM
District : KAMRUP",Senior Secondary Level,"Name : SAI RNS ACADEMY
Head/Principal Name: Debjanee Zaman","Address : SAI COMPLEX, BEHIND DPI OFFCIE ADARSHPUR PATH, I/B, P.O. KAHILIPARA GUWAHATI, DISTT KAMRUP
Website : www.sairnsacademy.com"
149,"Aff. No. :230043
Sch. Code:35127","State : ASSAM
District : KAMRUP",Senior Secondary Level,"Name : MAHARISHI VIDYAMANDIR
Head/Principal Name: PANCHALI ROY","Address : BARSAJAI LALMATI GUWAHATI DISTT KAMRUP ASSAM
Website : www.guwahati4.maharishividyamandir.com"
150,"Aff. No. :230044
Sch. Code:35128","State : ASSAM
District : KAMRUP",Senior Secondary Level,"Name : SOUTH POINT SCHOOL
Head/Principal Name: KRISHNANJAN CHANDA","Address : 21, BARSAPARA ROAD CITY GUWAHATI, ASSAM
Website :"
151,"Aff. No. :230036
Sch. Code:35122","State : ASSAM
District : KAMRUP",Senior Secondary Level,"Name : SBOA PUBLIC SCHOOL
Head/Principal Name: MRINALI CHOWDHARY","Address : NH 37 GORCHUK GUWAHATI DISTT KAMRUP ASSAM
Website : www.sboaschool.edu.in"
152,"Aff. No. :230037
Sch. Code:35110","State : ASSAM
District : KAMRUP",Senior Secondary Level,"Name : MARIA'S PUBLIC SCHOOL
Head/Principal Name: MAUSUMI MAHANTA","Address : BIRKUCHI NARANGI GUWAHATI DISTT KAMRUP ASSAM
Website : www.mariaspublicschool.org"
153,"Aff. No. :230032
Sch. Code:35116","State : ASSAM
District : KAMRUP",Senior Secondary Level,"Name : THE MILES BRONSON RESIDENTIAL SCHOOL
Head/Principal Name: NRIPEN KUMAR DUTTA","Address : KAHIKUCHI BORJHAR GUWAHATI, DISTT KAMRUP ASSAM
Website : www.mbrs.edu.in"
154,"Aff. No. :230085
Sch. Code:35172","State : ASSAM
District : KAMRUP",Senior Secondary Level,"Name : LITTLE FLOWER SCHOOL
Head/Principal Name: SHEEBA JOSEPH","Address : HATIGAON, DISPUR, GUWAHATI - 781038, ASSAM
Website : www.lfsguwahati.ac.in"
155,"Aff. No. :230086
Sch. Code:35171","State : ASSAM
District : KAMRUP",Senior Secondary Level,"Name : GODWINS SCHOOL
Head/Principal Name: BALRAJ SINGHA","Address : NEAR RADIANT MOTORS, GOROLIA, SARUSAJAI, BELTOLA, NH-37, GUWAHATI. ASSAM, PIN-781034
Website : http://www.godwinsschool.in"
156,"Aff. No. :230076
Sch. Code:35163","State : ASSAM
District : KAMRUP",Senior Secondary Level,"Name : ST. FRANCIS DE SALES SCHOOL
Head/Principal Name: MELVIN P K","Address : SATGAON-NARANGI, UDYAN VIHAR, GUWAHATI, DISTT KAMRUP, ASSAM
Website : www.sfsguwahati.ac.in"
157,"Aff. No. :230065
Sch. Code:35144","State : ASSAM
District : KAMRUP",Senior Secondary Level,"Name : RAJDHANI PUBLIC SCHOOL
Head/Principal Name: AMRIT CHANDRA NATH","Address : NAZIRAKHAT SONAPUR, GUWAHATI, DISTT KAMRUP, ASSAM
Website : www.rajdhanipublicschool.in"
158,"Aff. No. :230083
Sch. Code:35170","State : ASSAM
District : KAMRUP",Senior Secondary Level,"Name : PRAGJYOTISH SCHOOL
Head/Principal Name: MRITUNJAY SHUKLA","Address : P.O. GOTANAGAR, WEST BAGAON GUWAHATI-781033
Website : www.pragjyotishschool.in"
159,"Aff. No. :230093
Sch. Code:35179","State : ASSAM
District : KAMRUP",Senior Secondary Level,"Name : MODERN HIGH SCHOOL
Head/Principal Name: MUKUL SARKAR","Address : MOTHER TERESSA ROAD GUWAHATI
Website : www.mhsguwahati.in"
160,"Aff. No. :230105
Sch. Code:35189","State : ASSAM
District : KAMRUP",Senior Secondary Level,"Name : ST.MARY'S ENGLISH HIGH SCHOOL
Head/Principal Name: SR. YAMCHINGNAO RIYAO GRACE PEMMILA","Address : MALIGAON, GUWAHATI 781011, ASSAM
Website : www.stmarysmaligaon.in"
161,"Aff. No. :230101
Sch. Code:35185","State : ASSAM
District : KAMRUP",Senior Secondary Level,"Name : NOONMATI PUBLIC SCHOOL
Head/Principal Name: Achankunhi Trevar George","Address : CHOONSHALI,NOONMATI, GUWAHATI-781020
Website : www.noonmatipublicschool.com"
162,"Aff. No. :230102
Sch. Code:35187","State : ASSAM
District : KAMRUP",Senior Secondary Level,"Name : AXEL PUBLIC SCHOOL, LOKHRA,GUWAHATI, ASSAM
Head/Principal Name: MONTI GOGOI","Address : AXEL PUBLIC SCHOOL,PO-LOKHRA, VILL- LOKHRA, PS-BASISTHA
Website : www.axelpublicschool.org"
163,"Aff. No. :230179
Sch. Code:35418","State : ASSAM
District : KAMRUP",Senior Secondary Level,"Name : SAI VIKASH VIDYANIKETAN
Head/Principal Name: NIRANJAN KALITA","Address : SAI VIKASH VIDYANIKETAN, MANASA MANDIR PATH, AHOMGAON, KOTOKYPARA 781040
Website : https://www.saivikashvidyaniketan.co.in"
164,"Aff. No. :230174
Sch. Code:35261","State : ASSAM
District : KAMRUP",Secondary Level,"Name : INTERNATIONAL SCHOOL GUWAHATI
Head/Principal Name: SANJAY KUMAR","Address : OPPOSITE RADIANT MOTORS, KALI MANDIR PATH, NALAPARA ROAD, SARUSAJAI
Website : https://internationalschoolguwahati.com/"
165,"Aff. No. :230250
Sch. Code:35502","State : ASSAM
District : KAMRUP",Senior Secondary Level,"Name : CARMEL SCHOOL
Head/Principal Name: LAVINA MARIA DSOUZA","Address : CARMEL COVENT
Website : www.carmelschoolguwahati.in"
166,"Aff. No. :230320
Sch. Code:35582","State : ASSAM
District : KAMRUP",Secondary Level,"Name : WISDOM PUBLIC SCHOOL
Head/Principal Name: NEETY CHOUDHURY SHARMA","Address : NEAR NATCO PHARMA, MIRZA
Website : http://wisdompublicschools.com/"
167,"Aff. No. :230329
Sch. Code:35619","State : ASSAM
District : KAMRUP",Senior Secondary Level,"Name : VANDYA INTERNATIONAL SCHOOL
Head/Principal Name: Tushar Bharadwaj","Address : GUWAHATI, ASSAM
Website : https://www.vandya.com"
168,"Aff. No. :230344
Sch. Code:35648","State : ASSAM
District : KAMRUP",Secondary Level,"Name : GRAMEEN JYOTI ACADEMY
Head/Principal Name: TRIDIP DEY","Address : VILL - DUBJENI, KULSI ROAD, CHHAYGAON, KAMRUP
Website : https://grameenjyotiacademy.com/"
169,"Aff. No. :230335
Sch. Code:35632","State : ASSAM
District : KAMRUP",Secondary Level,"Name : ST JOSEPH'S PUBLIC SCHOOL
Head/Principal Name: BIDHIN ANTONY P.A","Address : MAZGAON, P.O PINGLESWAR, BAIHATA CHARIALI
Website : www.sjpsguwahati.com"
170,"Aff. No. :230341
Sch. Code:35645","State : ASSAM
District : KAMRUP",Senior Secondary Level,"Name : MODERN PUBLIC ACADEMY PAKARKONA
Head/Principal Name: SULIPI HALDER","Address : PAKARKONA , HAJO ROAD, ALIKASH
Website : https://www.modernpublicacademypakorkona.com"
171,"Aff. No. :230128
Sch. Code:35213","State : ASSAM
District : KAMRUP",Senior Secondary Level,"Name : BRAHMAPUTRA VALLEY ENGLISH ACADEMY
Head/Principal Name: DIPIKA DEKA","Address : VILL : PANCHANIAPARA , P.O : BONGARA, DIST : KAMRUP (M) , P.S. : AZARA
Website : www.bvea.co.in"
172,"Aff. No. :230132
Sch. Code:35217","State : ASSAM
District : KAMRUP",Senior Secondary Level,"Name : SERS PUBLIC SCHOOL, RANGIA
Head/Principal Name: SANDIP SEN","Address : NAKUL, RANGIA
Website : www.serspublicschool.com"
173,"Aff. No. :230136
Sch. Code:35221","State : ASSAM
District : KAMRUP",Secondary Level,"Name : NABAROON PUBLIC SCHOOL
Head/Principal Name: Mridul Hazarika","Address : VILL. & PO. BATARHAT,MIRZA
Website : www.npsassam.in"
174,"Aff. No. :230138
Sch. Code:35223","State : ASSAM
District : KAMRUP",Senior Secondary Level,"Name : FATIMA CONVENT SCHOOL
Head/Principal Name: SR BERNADETTE DCOSTA","Address : FATIMA NAGAR, BONGAON, RANGIA-781354, KAMRUP DIST, ASSAM
Website : www.fatimaschoolrangia.com"
175,"Aff. No. :230139
Sch. Code:35224","State : ASSAM
District : KAMRUP",Senior Secondary Level,"Name : GREEN VALLEY PUBLIC SCHOOL
Head/Principal Name: RAHENA HAQUE","Address : KHANAMUKH, WEST JALUKBARI
Website : http://www.gvps.co.in"
176,"Aff. No. :230140
Sch. Code:35225","State : ASSAM
District : KAMRUP",Senior Secondary Level,"Name : HERITAGE PUBLIC SCHOOL
Head/Principal Name: DEBA KUMAR SAIKIA","Address : P.N.G.B. ROAD, GOTANAGAR, MALIGAON
Website : www.hpsguwahati.com"
177,"Aff. No. :230124
Sch. Code:35209","State : ASSAM
District : KAMRUP",Senior Secondary Level,"Name : HOLY HOME SECONDARY SCHOOL
Head/Principal Name: DAVID BARMAN","Address : PAMOHI, MAGHUAPARA, GORCHUK, KAMRUP
Website : http://holyhomeschool.edu.in/"
178,"Aff. No. :230120
Sch. Code:35204","State : ASSAM
District : KAMRUP",Senior Secondary Level,"Name : HOLY CHILD H.S.SCHOOL
Head/Principal Name: MARGARET PANMEI","Address : KRISHNANAGAR, CHANDMARI, GUWAHATI.
Website : https://www.holychildguwahati.in"
179,"Aff. No. :230121
Sch. Code:35205","State : ASSAM
District : KAMRUP",Senior Secondary Level,"Name : ROYAL GLOBAL SCHOOL
Head/Principal Name: BINITA JAIN","Address : ROYAL GLOBAL SCHOOL, OPPOSITE TIRUPATI BALAJI TEMPLE / ISBT, NATIONAL HIGHWAY - 37, BETKUCHI, GUWHATI - 781035
Website : www.rgs.edu.in"
180,"Aff. No. :230115
Sch. Code:35198","State : ASSAM
District : KAMRUP",Senior Secondary Level,"Name : MAHARISHI VIDYA MANDIR PUBLIC SCHOOL
Head/Principal Name: SANJEEB KUMAR SARMA","Address : PANIKHAITI, GUWAHATI-26 PIN-781026
Website : www.mvmguwahati-2.org"
181,"Aff. No. :230157
Sch. Code:35242","State : ASSAM
District : KAMRUP",Senior Secondary Level,"Name : ST. ANTHONYS SCHOOL
Head/Principal Name: PASALA SHOWRI RAJU","Address : ABHOYPUR VILLAGE, COLLEGE NAGAR, NORTH GUWAHATI, ASSAM, INDIA.
Website : www.stanthonysnorthghy.org"
182,"Aff. No. :230168
Sch. Code:35255","State : ASSAM
District : KAMRUP",Senior Secondary Level,"Name : DELHI PUBLIC SCHOOL KAMRUP
Head/Principal Name: SIMI NATH","Address : DELHI PUBLIC SCHOOL KAMRUP, VILLAGE-NAGAON, KARARA, BAIHATA CHARIALI KAMRUP,ASSAM,PIN-781381
Website : https://dpskamrup.com/"
183,"Aff. No. :230170
Sch. Code:35257","State : ASSAM
District : KAMRUP",Senior Secondary Level,"Name : ICON ENGLISH SCHOOL
Head/Principal Name: ROSELLE BARUA","Address : ICON SCHOOL, HOUSE NO-263, RAJGARH ROAD, BYELANE-3
Website : www.iconenglishschool.co.in"
184,"Aff. No. :230172
Sch. Code:35259","State : ASSAM
District : KAMRUP",Senior Secondary Level,"Name : MODERN PUBLIC ACADEMY
Head/Principal Name: Dr. Shivani Johri","Address : BAJIRIPARA, RAMPUR, KAMRUP (RURAL),ASSAM
Website : www.modernpublicacademy.com"
185,"Aff. No. :230159
Sch. Code:35245","State : ASSAM
District : KAMRUP",Senior Secondary Level,"Name : SPRING DALE INTERNATIONAL SCHOOL
Head/Principal Name: RUPA PAUL","Address : BY LANE 3, SONKUCHI PATH, BEHARBARI CHARALI, NH 37
Website : http://www.sdis.in"
186,"Aff. No. :230154
Sch. Code:35239","State : ASSAM
District : KAMRUP",Secondary Level,"Name : GREEN MEADOWS SCHOOL
Head/Principal Name: Mridusmita Talukdar","Address : HOMEOPATHIC COLLAGE ROAD, BAGHARBARI , DIST. KAMRUP, ASSAM- 781 037
Website : www.greenmeadowsguwahati.in"
187,"Aff. No. :230146
Sch. Code:35231","State : ASSAM
District : KAMRUP",Senior Secondary Level,"Name : ST JOSEPHS SCHOOL
Head/Principal Name: Swaraj Sebastian","Address : AZARA, BORBORI, RAM CHAYANI KAMRUP GUWAHATI
Website : https://sjsazara.com/"
188,"Aff. No. :230150
Sch. Code:35235","State : ASSAM
District : KAMRUP",Senior Secondary Level,"Name : FACULTY SENIOR SECONDARY SCHOOL
Head/Principal Name: Nabanita Borpuzari","Address : MOTHER TERESA ROAD GUWAHATI, KAMRUP, ASSAM - 781024
Website : https://fsss.co.in"
189,"Aff. No. :230151
Sch. Code:35236","State : ASSAM
District : KAMRUP",Senior Secondary Level,"Name : GYAN EDUCATIONAL INSTITUTION,
Head/Principal Name: SANJAY SHAH","Address : HURMUTTY,ASSAM KATHANI ROAD.PO :MERBIL.
Website : www.gyanharmutty.in"
190,"Aff. No. :280006
Sch. Code:35123","State : ASSAM
District : KAMRUP",Senior Secondary Level,"Name : ARMY PUBLIC SCHOOL
Head/Principal Name: Pooja Bhargava","Address : BASISTHA 151 BASE HOSPITAL C/O 99APO, DISTT KAMRUP, ASSAM
Website : www.apsbasistha.org"
191,"Aff. No. :280002
Sch. Code:35093","State : ASSAM
District : KAMRUP",Senior Secondary Level,"Name : ARMY SCHOOL
Head/Principal Name: DR BANDANA BARUAH","Address : NARANGI PO- SATGAON GUWAHATI, ASSAM
Website : www.apsnarangi.com"
192,"Aff. No. :240002
Sch. Code:39235","State : ASSAM
District : KAMRUP",Senior Secondary Level,"Name : JAWAHAR NAVODAYA VIDYALAYA
Head/Principal Name: ANJANA","Address : RANGIA,PO JAMTOLA, DT- KAMRUP ASSAM
Website : www.navodaya.gov.in/nvs/nvs-school/KAMRUP/en/about_us/"
193,"Aff. No. :240001
Sch. Code:39234","State : ASSAM
District : KARIMGANJ",Senior Secondary Level,"Name : JAWAHAR NAVODAYA VIDYALAYA
Head/Principal Name: YOGESH KUMAR","Address : HARI NAGAR, KARIMGANJ ASSAM
Website : https://navodaya.gov.in/nvs/nvs-school/KARIMGANJ/en/about_us"
194,"Aff. No. :280014
Sch. Code:35243","State : ASSAM
District : KARIMGANJ",Senior Secondary Level,"Name : RAILWAY HIGHER SECONDARY SCHOOL
Head/Principal Name: Brajesh kumar Mishra","Address : BADARPUR, N.F RAILWAY, P.O. BADARPUR, DISTT. KARIMGANJ ASSAM- 788806
Website : www.railwayhsschoolbpb.in"
195,"Aff. No. :230111
Sch. Code:35207","State : ASSAM
District : KARIMGANJ",Senior Secondary Level,"Name : CENTRAL PUBLIC SCHOOL,BADARPUR
Head/Principal Name: Yeasmin Sultana Choudhury","Address : UMARPUR, BADARPUR, KARIMGANJ, ASSAM
Website : www.cpsbadarpur.org"
196,"Aff. No. :230117
Sch. Code:35202","State : ASSAM
District : KARIMGANJ",Senior Secondary Level,"Name : ABANTI KUMAR MAHANTA EDUCATIONAL INSTITUTION
Head/Principal Name: RAJASHREE DAS","Address : LAXMI BAZAR ROAD
Website : www.akmeischool.com"
197,"Aff. No. :230098
Sch. Code:35183","State : ASSAM
District : KARIMGANJ",Senior Secondary Level,"Name : TAGORE SCHOOL OF STUDIES
Head/Principal Name: Susmita Dey Nandy","Address : P.O:BADARPURGHAT, KARIMGANJ PIN- 788803.
Website : www.tssbpb.edu.in"
198,"Aff. No. :230104
Sch. Code:35188","State : ASSAM
District : KARIMGANJ",Senior Secondary Level,"Name : MAHARISHI VIDYA MANDIR
Head/Principal Name: Dibakar Das","Address : LAXMI BAZAR ROAD. P.O. & DISTT. KARIMGANJ. ASSAM. PIN-788710
Website : https://mvmkarimganj.org/index.mvm"
199,"Aff. No. :230087
Sch. Code:35174","State : ASSAM
District : KARIMGANJ",Senior Secondary Level,"Name : CENTRAL PUBLIC SCHOOL
Head/Principal Name: KHEM NARAYAN PAUDYAL","Address : GYAN VILLAGE, HAITHARKHA, PATHARKANDI PT-IV, DISTT KARIMGANJ, ASSAM
Website : www.cpspatharkandi.org"
200,"Aff. No. :220012
Sch. Code:37197","State : ASSAM
District : KARIMGANJ",Senior Secondary Level,"Name : ADARSH VIDYALAYA,
Head/Principal Name: DR. BIPLAB KARMAKAR","Address : LOWAIRPOA, VILLAGE & P.O.CHANDKHIRA, DISTT. KARIMGANJ, ASSAM-788725
Website : www.avlowairpoa.in"
201,"Aff. No. :200045
Sch. Code:39298","State : ASSAM
District : KARIMGANJ",Senior Secondary Level,"Name : PM SHRI KENDRIYA VIDYALAYA
Head/Principal Name: MAHENDRA SINGH","Address : NILMANI ROAD KARIMGANJ DT- KARIMGANJ ASSAM
Website : https://karimganj.kvs.ac.in"
202,"Aff. No. :200028
Sch. Code:39285","State : ASSAM
District : KOKRAJHAR",Senior Secondary Level,"Name : PM SHRI KENDRIYA VIDYALAYA KOKRAJHAR
Head/Principal Name: DR. JAYA PANDEY MISHRA","Address : HATHIMATHA WARD NO 8 KOKRAJHAR ASSAM
Website : www.kvkokrajhar.org"
203,"Aff. No. :220163
Sch. Code:37690","State : ASSAM
District : KOKRAJHAR",Senior Secondary Level,"Name : ADARSHA VIDYALAYA (MS), TITAGURI
Head/Principal Name: MAIKHUM BASUMATARY","Address : P.O- CHARAIKHOLA, P.S- KOKRAJHAR
Website : www.avtitaguri.in"
204,"Aff. No. :220150
Sch. Code:37565","State : ASSAM
District : KOKRAJHAR",Senior Secondary Level,"Name : ADARSHA VIDYALAYA (MS), KACHUGAON
Head/Principal Name: Arup Kumar Moshahari","Address : PS. - GOSSAIGAON, PIN - 783360, , SUB - DIVISION - GOSSAIGAON
Website : https://avs.assam.gov.in/schools/adarsha-vidyalaya-kachugaon"
205,"Aff. No. :230027
Sch. Code:35114","State : ASSAM
District : KOKRAJHAR",Senior Secondary Level,"Name : DON BOSCO SCHOOL
Head/Principal Name: EMMANUEL MARNGAR","Address : KOKRAJHAR DT- KOKRAJHAR ASSAM
Website :"
206,"Aff. No. :230118
Sch. Code:35201","State : ASSAM
District : KOKRAJHAR",Senior Secondary Level,"Name : DON BOSCO SCHOOL
Head/Principal Name: JUSTIN NARZARY","Address : RARNFALBIL, SERFANGURI P.O.
Website : www.dbramfalbil.org"
207,"Aff. No. :230113
Sch. Code:35200","State : ASSAM
District : KOKRAJHAR",Secondary Level,"Name : DE-PAUL'S PUBLIC SCHOOL
Head/Principal Name: Bijo scaria","Address : P.O DOTMA, DIST - KOKRAJHAR B.T. A. D ASSAM 783347
Website : www.depaulsdotma.in"
208,"Aff. No. :230131
Sch. Code:35216","State : ASSAM
District : KOKRAJHAR",Secondary Level,"Name : ST. XAVIER'S PUBLIC SCHOOL
Head/Principal Name: SR SARITA","Address : NICHINAPARA,BASUGAON, CHIRANG DISTRICT, BTAD, ASSAM
Website : https://stxaviersbasugaon.in/documents.html"
209,"Aff. No. :230133
Sch. Code:35218","State : ASSAM
District : KOKRAJHAR",Senior Secondary Level,"Name : THE REALITY PUBLIC SCHOOL
Head/Principal Name: KIRAN KUNDU","Address : VILL-CHANDAMARI, PO-CHANDRAPARA, PS-KOKRAJHAR BTC,
Website : www.realitypublicschool.in"
210,"Aff. No. :230147
Sch. Code:35232","State : ASSAM
District : KOKRAJHAR",Secondary Level,"Name : CENTRE FOR NEW LEARNING
Head/Principal Name: ALONGKAR HAJOARY","Address : P.O : BENGTOL, DIST : CHIRANG PIN : 783394, BTC, ASSAM
Website : www.cnlbengtol.org"
211,"Aff. No. :230334
Sch. Code:35631","State : ASSAM
District : KOKRAJHAR",Secondary Level,"Name : NOTRE DAME ACADEMY
Head/Principal Name: Sr Manju Joseph","Address : NTPC, SALAKATI,P.O. SALAKATI,, PIN NO- 783369, DISTRICT -KOKRAJAHR
Website : https://notredameacademyntpc.in"
212,"Aff. No. :230270
Sch. Code:35529","State : ASSAM
District : KOKRAJHAR",Senior Secondary Level,"Name : BRAHMA BABA TECHNO SCHOOL
Head/Principal Name: NILAKSHI DOIMARY","Address : JANAGAON, TITAGURI (PART-II)
Website : https://brahmababats.in/"
213,"Aff. No. :230257
Sch. Code:35511","State : ASSAM
District : KOKRAJHAR",Secondary Level,"Name : BODOLAND PUBLIC SCHOOL
Head/Principal Name: BADAL BASAK","Address : NO.2 GOSSAIGAON
Website : https://www.bps.birsociety.org/"
214,"Aff. No. :230254
Sch. Code:35508","State : ASSAM
District : KOKRAJHAR",Secondary Level,"Name : BLOOMING BUDS SCHOOL
Head/Principal Name: MICHAEL STEN","Address : PADMABIL,GOSSAIGAON,BTR, ASSAM
Website : www.bbsg.in"
215,"Aff. No. :240011
Sch. Code:39241","State : ASSAM
District : KOKRAJHAR",Senior Secondary Level,"Name : JAWAHAR NAVODAYA VIDYALAYA
Head/Principal Name: NURUL ALAM BARBHUIYA","Address : RANCHIDHAM VIA- BASUGAON DT- KOKRAJHAR ASSAM
Website : https://navodaya.gov.in/nvs/nvs-school/Kokrajhar/en/home"
216,"Aff. No. :240016
Sch. Code:39249","State : ASSAM
District : LAKHIMPUR",Senior Secondary Level,"Name : JAWAHAR NAVODAYA VIDYALAYA
Head/Principal Name: SYED MOHAMMAD NASIR ALI","Address : LAKHIMPURI DISTT PO BIHPURIA ASSAM
Website : https://www.bing.com/search?q=JNV+LAKHIMPUR+ASSAM+WEBSITE&fo"
217,"Aff. No. :230183
Sch. Code:35426","State : ASSAM
District : LAKHIMPUR",Senior Secondary Level,"Name : ST. THOMAS SCHOOL, DHAKUAKHANA
Head/Principal Name: Seby M Baby","Address : ST. THOMAS SCHOOL DHAKUAKHANA LAKHIMPUR
Website : www.stthomasschooldhakuakhana.org"
218,"Aff. No. :230145
Sch. Code:35230","State : ASSAM
District : LAKHIMPUR",Senior Secondary Level,"Name : JOHN FIRTH CHRISTIAN ENGLISH HIGH SCHOOL
Head/Principal Name: Susan Oliver Basumatary","Address : NAKARI, WARD NO:1, P.O. LAKHIMPUR, P.S LAKHIMPUR, DIST LAKHIMPUR, ASSAM
Website : www.jfcehs.in"
219,"Aff. No. :230156
Sch. Code:35241","State : ASSAM
District : LAKHIMPUR",Senior Secondary Level,"Name : VALLEY VIEW SCHOOL
Head/Principal Name: NILAM BORUAH","Address : WARD NO-8, NORTH LAKHIMPUR
Website : https://www.valleyviewschool.edu.in"
220,"Aff. No. :230010
Sch. Code:35094","State : ASSAM
District : LAKHIMPUR",Senior Secondary Level,"Name : ST. XAVIER'S SCHOOL
Head/Principal Name: FR. PG JOSHUA SDB","Address : HARMUTTY MERBIL DT- LAKHIMPUR ASSAM
Website : www.stxaviersscgoolharmutty.org"
221,"Aff. No. :230099
Sch. Code:35182","State : ASSAM
District : LAKHIMPUR",Senior Secondary Level,"Name : ASIAN PUBLIC SCHOOL
Head/Principal Name: Hemanta Bhuyan","Address : WARD NO.14, P.O: NORTH LAKHIMPUR, ASSAM, 787001
Website : http://asianpublicschoolnlp.in"
222,"Aff. No. :230047
Sch. Code:35131","State : ASSAM
District : LAKHIMPUR",Senior Secondary Level,"Name : SANGAM ACADEMY
Head/Principal Name: LEENA MAHANTA","Address : VILL. BORBOCHA, P.O. MOIDOMIA, DIST.LAKHIMPUR, NORTH LAKHIMPUR ASSAM
Website : www.sangamacademy.edu.in"
223,"Aff. No. :220183
Sch. Code:37727","State : ASSAM
District : LAKHIMPUR",Secondary Level,"Name : ADARSHA VIDYALAYA GHILAMARA
Head/Principal Name: Lakhayajit Hazarika","Address : BALIYANI , GHILAMARA, DHAKUAKHANA
Website : https://avs.assam.gov.in/schools/adarsha-vidyalaya-ghilamora"
224,"Aff. No. :200055
Sch. Code:39308","State : ASSAM
District : LAKHIMPUR",Senior Secondary Level,"Name : PM SHRI KENDRIYA VIDYALAYA
Head/Principal Name: MANOJ KUMAR VERMA","Address : PM SHRI KENDRIYA VIDYALAYA, LILABARI, PUTA PUKHURI
Website : https://lakhimpur.kvs.ac.in"
225,"Aff. No. :200048
Sch. Code:39301","State : ASSAM
District : NAGAON",Senior Secondary Level,"Name : KENDRIYA VIDYALAYA
Head/Principal Name: PRAVEEN KUMAR SHARMA","Address : MISSA CANTT NAGAON ASSAM
Website : https://misacantt.kvs.ac.in/"
226,"Aff. No. :200030
Sch. Code:39288","State : ASSAM
District : NAGAON",Senior Secondary Level,"Name : KENDRIYA VIDYALAYA
Head/Principal Name: SURENDER KUMAR","Address : N F RAILWAY LUMDING DT- NAGAON ASSAM
Website : www.lumding.kvs.ac.in"
227,"Aff. No. :200014
Sch. Code:39276","State : ASSAM
District : NAGAON",Senior Secondary Level,"Name : PM SHRI KENDRIYA VIDYALAYA
Head/Principal Name: APURBA DAS","Address : NAGAON DT- NAGAON,PO ITACHALI, ASSAM
Website : https://nagaon.kvs.ac.in/"
228,"Aff. No. :220152
Sch. Code:37569","State : ASSAM
District : NAGAON",Senior Secondary Level,"Name : ADARSHA VIDYALAYA JURIA
Head/Principal Name: Rashmi Konwar","Address : JURIA, NAGAON
Website : https://www.avjuria.in/"
229,"Aff. No. :220165
Sch. Code:37693","State : ASSAM
District : NAGAON",Secondary Level,"Name : ADARSHA VIDYALAYA, LAOKHOWA
Head/Principal Name: Priyanka Bordoloi","Address : KASOKHAITY, LAOWKHOWA BLOCK, NAGAON
Website : www.adarshavidyalayalaokhowa.in"
230,"Aff. No. :220007
Sch. Code:37199","State : ASSAM
District : NAGAON",Senior Secondary Level,"Name : ADARSH VIDYALAYA,
Head/Principal Name: RANJIT POKHREL","Address : BATADRAVA, VILLAGE SAHARIA, P.O. SONARIGAON, DISTT. NAGAON, ASSAM-782123
Website : www.avbatadrava.in"
231,"Aff. No. :230100
Sch. Code:35184","State : ASSAM
District : NAGAON",Senior Secondary Level,"Name : CHRIST JYOTI SCHOOL
Head/Principal Name: SOLY THOMAS","Address : PREMNAGAR, DHING ROAD, NAGAON, ASSAM.
Website : www.cjsnagaon.com"
232,"Aff. No. :230073
Sch. Code:35160","State : ASSAM
District : NAGAON",Senior Secondary Level,"Name : PRANABANANDA VIDYAMANDIR
Head/Principal Name: SHEKHAR CHAKRABORTY","Address : BHARAT SEVASHRAM SANGHA, JORANGDISHA G.P., LUMDING.
Website : www.pvmlumding.com"
233,"Aff. No. :230109
Sch. Code:35193","State : ASSAM
District : NAGAON",Senior Secondary Level,"Name : SANDIPANI VIDYA MANDIR
Head/Principal Name: LAKSHMI NARAYAN RIJAL","Address : L.B ROAD,SENCHOWA, NAGAON, ASSAM
Website : http://www.sandipaninagaon.co.in"
234,"Aff. No. :230116
Sch. Code:35197","State : ASSAM
District : NAGAON",Secondary Level,"Name : NATIONAL ACADEMY
Head/Principal Name: KUMKUM HAZARIKA","Address : RAIDONGIA, AIBHETI, NAGAON
Website : www.nationalacademy.com"
235,"Aff. No. :230191
Sch. Code:35436","State : ASSAM
District : NAGAON",Senior Secondary Level,"Name : BIMALA ACADEMY
Head/Principal Name: PRABIN BHUYAN","Address : BAGHJAN, JAKHALABANDHA,NAGAON, ASSAM
Website : www.bimalaacademy.com"
236,"Aff. No. :230340
Sch. Code:35644","State : ASSAM
District : NAGAON",Secondary Level,"Name : DELHI PUBLIC SCHOOL
Head/Principal Name: RITU RAJNISH","Address : NIZ SADAR, DEODHAR, NAGAON
Website : https://dpsnagaon.com/"
237,"Aff. No. :240024
Sch. Code:39255","State : ASSAM
District : NAGAON",Senior Secondary Level,"Name : JAWAHAR NAVODAYA VIDYALAYA
Head/Principal Name: ABHA SHUKLA","Address : PAPER MILL CAMPUS,P.O. DHING, DISTT. NAGAON, ASSAM
Website : www.navodaya.gov.in/nvs/nvs-school/NAGAON/en/home"
238,"Aff. No. :240003
Sch. Code:39237","State : ASSAM
District : SIVASAGAR",Senior Secondary Level,"Name : JAWAHAR NAVODAYA VIDYALAYA
Head/Principal Name: PRASANTA KUMAR PARHI","Address : TOM-TOM TOLA PO- CHAKIMUKH DT- SIBSAGAR ASSAM
Website : https://navodaya.gov.in/nvs/nvs-school/SIVASAGAR/en/about_us"
239,"Aff. No. :230181
Sch. Code:35424","State : ASSAM
District : SIVASAGAR",Secondary Level,"Name : VIVEKANANDA KENDRA VIDYALAYA, SIVASAGAR
Head/Principal Name: SANTANU NANDI PURKAYASTHA","Address : MOTHIACHIGA. GOHAIN GAON. PO RAJMOW
Website : http://sivasagar.vkv.in/"
240,"Aff. No. :230130
Sch. Code:35215","State : ASSAM
District : SIVASAGAR",Senior Secondary Level,"Name : PURNA VIKASH CENTRAL SCHOOL
Head/Principal Name: ASHIS KUMAR PANDA","Address : DEMOW PATHAR, JOYSAGAR SIVASAGAR,
Website : https://purnavikashcentralschool.com"
241,"Aff. No. :230171
Sch. Code:35258","State : ASSAM
District : SIVASAGAR",Senior Secondary Level,"Name : BRAHMAPUTRA VALLEY SCHOOL SIVASAGAR
Head/Principal Name: NITU RAJKUMARI CHUTIA","Address : BETBARI ALIMUR SIVASAGAR ASSAM
Website : www.brahmaputravalleyschool.com"
242,"Aff. No. :230169
Sch. Code:35256","State : ASSAM
District : SIVASAGAR",Senior Secondary Level,"Name : TEMPLE TOWN EURO SCHOOL
Head/Principal Name: KAKOLI DAS","Address : JUNAKI NAGAR, P.O. DHULIAPAR, DIST. SIVASAGAR
Website : www.templetowneuroschool.in"
243,"Aff. No. :230167
Sch. Code:35254","State : ASSAM
District : SIVASAGAR",Senior Secondary Level,"Name : DOON PUBLIC SCHOOL, SIVASAGAR
Head/Principal Name: Pallav Jyoti Buragohain","Address : NO-1 CHOULKARA GAON
Website : https://doonspublicschoolsivasagar.com/"
244,"Aff. No. :230089
Sch. Code:35175","State : ASSAM
District : SIVASAGAR",Senior Secondary Level,"Name : POLESTAR ACADEMY
Head/Principal Name: TAPATI BHATTACHARYA","Address : COURT ROAD RAJADHAP SONAR, SIBSAGAR
Website : www.polestaracademy.com"
245,"Aff. No. :230033
Sch. Code:35121","State : ASSAM
District : SIVASAGAR",Senior Secondary Level,"Name : DELHI PUBLIC SCHOOL
Head/Principal Name: PARTHA SARATHI SARKAR","Address : O N G C NAZIRA, DISTT SIBSAGAR, ASSAM
Website : http://www.dpsnazira.net"
246,"Aff. No. :220009
Sch. Code:37188","State : ASSAM
District : SIVASAGAR",Senior Secondary Level,"Name : ADARSH VIDYALAYA,
Head/Principal Name: ANINDITA GOHAIN","Address : RANGAPATHER , VILLAGE RANGAPATHER,P.O. SUFFRY, DISTT. CHARAIDEO
Website : www.mssvr.in"
247,"Aff. No. :220176
Sch. Code:37715","State : ASSAM
District : SIVASAGAR",Secondary Level,"Name : ADARSHA VIDYALAYA DEMOW
Head/Principal Name: SUMMY BORA","Address : RAICHAI, DEMOW, SIVASAGAR
Website : https://avs.assam.gov.in/schools/adarsha-vidyalaya"
248,"Aff. No. :200020
Sch. Code:39277","State : ASSAM
District : SIVASAGAR",Senior Secondary Level,"Name : KENDRIYA VIDYALAYA
Head/Principal Name: NITESH JAIN","Address : ONGC NAZIRA DT- SIBSAGAR ASSAM
Website : https://no2sibsagar.kvs.ac.in"
249,"Aff. No. :200005
Sch. Code:39278","State : ASSAM
District : SIVASAGAR",Senior Secondary Level,"Name : KENDRIYA VIDYALAYA
Head/Principal Name: AJIT SINGH","Address : ONGC SIVASAGAR ASSAM
Website : https://no1sibsagar.kvs.ac.in"
250,"Aff. No. :200006
Sch. Code:39283","State : ASSAM
District : SONITPUR",Senior Secondary Level,"Name : PM SHRI KENDRIYA NO ONE TEZPUR
Head/Principal Name: ANIL KUMAR","Address : TEZPUR DEKARGAON DT- SONITPUR ASSAM
Website : http://no1tezpur.kvs.ac.in"
251,"Aff. No. :200007
Sch. Code:39281","State : ASSAM
District : SONITPUR",Senior Secondary Level,"Name : PM SHRI KENDRIYA VIDYALAYA NO 2
Head/Principal Name: SANJAY SARKAR","Address : AIR FORCE STATION TEZPUR SALONIBARI DT- SONITPUR ASSAM
Website : www.no2afstezpur.kvs.ac.in"
252,"Aff. No. :200015
Sch. Code:39282","State : ASSAM
District : SONITPUR",Senior Secondary Level,"Name : PM SHRI KENDRIYA VIDYALAYA
Head/Principal Name: KANA RAM","Address : LOKRA DT- SONITPUR ASSAM
Website : http://www.kvlokra.in"
253,"Aff. No. :200013
Sch. Code:39280","State : ASSAM
District : SONITPUR",Senior Secondary Level,"Name : PM SHRI KENDRIYA VIDYALAYA NO 1
Head/Principal Name: UMESHCHANDRA SEVAKDAS MESHRAM","Address : MISSAMARI DT- SONITPUR ASSAM
Website : https://missamari.kvs.ac.in/"
254,"Aff. No. :200058
Sch. Code:39311","State : ASSAM
District : SONITPUR",Senior Secondary Level,"Name : PM SHRI KENDRIYA VIDYALAYA
Head/Principal Name: KEDAR SINGH","Address : CENTRAL UNIVERSITY, TEZPUR, P.O. NAPAAM, DISTT. SONITPUR, ASSAM
Website : https://no4tezpur.kvs.ac.in"
255,"Aff. No. :200150
Sch. Code:39702","State : ASSAM
District : SONITPUR",Senior Secondary Level,"Name : PM SHRI KENDRIYA VIDYALAYA NFR RANGAPARA
Head/Principal Name: RAKESH KUMAR SAHU","Address : RANGAPARA, RANGAPARA
Website : https://rangapara.kvs.ac.in"
256,"Aff. No. :220177
Sch. Code:37718","State : ASSAM
District : SONITPUR",Secondary Level,"Name : ADARSHA VIDYALAYA, JAMUGURI
Head/Principal Name: SOBHAN CHOWDHURY","Address : KANYAKA ROAD, SOLOGURI,JAMUGURIHAT, DIST - SONITPUR (ASSAM)
Website : https://avjamuguri.in/"
257,"Aff. No. :220167
Sch. Code:37695","State : ASSAM
District : SONITPUR",Senior Secondary Level,"Name : ADARSHA VIDYALAYA, RANGAPARA
Head/Principal Name: BIDYUT DEKA","Address : 1NO. MOINAJULI, PHULAGURI, RANGAPARA
Website : https://avs.assam.gov.in/schools/av-rangapara"
258,"Aff. No. :220162
Sch. Code:37689","State : ASSAM
District : SONITPUR",Senior Secondary Level,"Name : ADARSHA VIDYALAYA, SAKOMATHA
Head/Principal Name: NABANITA SARMAH","Address : PAVOI, BISWANATH
Website : https://avsakomatha.in/"
259,"Aff. No. :230052
Sch. Code:35137","State : ASSAM
District : SONITPUR",Secondary Level,"Name : ASSAM RIFLES MIDDLE SCHOOL
Head/Principal Name: TEJ NARAYAN SHARMA","Address : C/O 99 APO LOKRA PO LOKRA DISTT SONITPUR ASSAM
Website : https://www.arslokra.in/"
260,"Aff. No. :230060
Sch. Code:35147","State : ASSAM
District : SONITPUR",Senior Secondary Level,"Name : TEJPUR GURUKUL CHATAI CHAPORI
Head/Principal Name: Bipul Choudhury","Address : 4TH MILE TEZPUR DISTT SONITPUR ASSAM
Website : www.tezpur-gurukul.com"
261,"Aff. No. :230061
Sch. Code:35149","State : ASSAM
District : SONITPUR",Secondary Level,"Name : GYAN BHARTI ACADEMY
Head/Principal Name: PABITRA BHUYAN","Address : SWAHIDBAKERI TEJPUR SONITPUR ASSAM
Website : www.gbatezpur.com"
262,"Aff. No. :230096
Sch. Code:35180","State : ASSAM
District : SONITPUR",Senior Secondary Level,"Name : BISWANATH JNAN BHARATI SCHOOL
Head/Principal Name: KIRAN BALA DEVI","Address : MADHUPUR BISWANATH CHARIALI, SONITPUR
Website : www.bjbschool.in"
263,"Aff. No. :230088
Sch. Code:35173","State : ASSAM
District : SONITPUR",Senior Secondary Level,"Name : GREEN DALE SCHOOL
Head/Principal Name: Rony Jacob","Address : THAKURBARI ROAD RANGAPARA DIST SONITPUR
Website : www.greendaleschools.in"
264,"Aff. No. :230166
Sch. Code:35253","State : ASSAM
District : SONITPUR",Senior Secondary Level,"Name : HOLY CHILD SCHOOL
Head/Principal Name: BABLY SAHA","Address : DUBLAPADUNG GAON, THAKURBARI, SONITPUR, ASSAM
Website : www.hcschool.in"
265,"Aff. No. :230173
Sch. Code:35260","State : ASSAM
District : SONITPUR",Senior Secondary Level,"Name : HINDUSTANI KENDRIYA VIDYALAYA
Head/Principal Name: Uttam Kumar Puzari","Address : TEZPUR UNIVERSITY ROAD BHITAR PARUAH , PO-NIKAMUL SATRA
Website : www.hkvtezpur.org"
266,"Aff. No. :230149
Sch. Code:35234","State : ASSAM
District : SONITPUR",Senior Secondary Level,"Name : HOLY CHILD ENGLISH SCHOOL
Head/Principal Name: SANJAY KUMAR NEWAR","Address : GOPALPUR JAMUGURIHAT PUB BORBHAGIA SONITPUR ASSAM
Website : www.hcesjmg.com"
267,"Aff. No. :230155
Sch. Code:35240","State : ASSAM
District : SONITPUR",Secondary Level,"Name : ELITE ACADEMY
Head/Principal Name: SAMSAD BEGUM","Address : C/O-ELITE ACADEMY P.O.--BALIPARA, P.S.--RANGAPARA, DIST.--SONITPUR ASSAM
Website : www.eliteacademybalipara.in"
268,"Aff. No. :230144
Sch. Code:35229","State : ASSAM
District : SONITPUR",Senior Secondary Level,"Name : THE EAST INDIAN SCHOOL
Head/Principal Name: GEETA NATH","Address : NABAPUR, BISWANATH CHARIALI
Website : www.theeis.org"
269,"Aff. No. :230134
Sch. Code:35219","State : ASSAM
District : SONITPUR",Secondary Level,"Name : MAHARISHI VIDYA MANDIR PUBLIC SCHOOL
Head/Principal Name: REKHA JAISWAL","Address : PARUA GAON, PO MAHAVAIRAB
Website : www.mvmtezpur.org"
270,"Aff. No. :230112
Sch. Code:35194","State : ASSAM
District : SONITPUR",Senior Secondary Level,"Name : ST. MARYS SCHOOL
Head/Principal Name: SHERLY M","Address : TEENMILE, KHALIA BHOMA P.O SONITPUR DIST. TEZPUR 784004
Website : https://www.stmarysteenmile.org/"
271,"Aff. No. :230185
Sch. Code:35428","State : ASSAM
District : SONITPUR",Secondary Level,"Name : SARASWATI PUBLIC SCHOOL
Head/Principal Name: Abanti Choudhury","Address : VILL NATUN SIRAJULI, PO NATUN SIRAJULI, DIST SONITPUR, ASSAM
Website : www.saraswatipublicschools.in"
272,"Aff. No. :230194
Sch. Code:35323","State : ASSAM
District : SONITPUR",Senior Secondary Level,"Name : VIVEKANANDA KENDRA VIDYALAYA, TEZPUR
Head/Principal Name: Rupanjoli Borthakur","Address : NA-ALI, UHANIPATHAR,DIPOTA-784150,DISTRICT-SONITPUR,ASSAM,INDIA
Website : https://tezpur.vkv.in/"
273,"Aff. No. :230252
Sch. Code:35506","State : ASSAM
District : SONITPUR",Secondary Level,"Name : GYAN BHARATI PUBLIC SCHOOL
Head/Principal Name: ATUL CHANDRA BORAH","Address : SARALABARUAH CHUCK SOOTEA 784175
Website : http://gbpssootea.com/"
274,"Aff. No. :230261
Sch. Code:35516","State : ASSAM
District : SONITPUR",Secondary Level,"Name : ALL SAINTS DIOCESAN SCHOOL
Head/Principal Name: PRERONA AMOUNGE MAHALIA","Address : WARD NO- 8, OLD MISSION COMPOUND
Website : www.asdstezpur.org"
275,"Aff. No. :230331
Sch. Code:35623","State : ASSAM
District : SONITPUR",Senior Secondary Level,"Name : DELHI PUBLIC SCHOOL, TEZPUR
Head/Principal Name: PANKAJ YADAV","Address : BORJHARGAON, P.O. DEKARGAON
Website : https://dpstezpur.com/"
276,"Aff. No. :240010
Sch. Code:39238","State : ASSAM
District : SONITPUR",Senior Secondary Level,"Name : JAWAHAR NAVODAYA VIDYALAYA
Head/Principal Name: RAJESH KUMAR VERMA","Address : PO BISHWANATH, CHARIALI, DT- SONITPUR ASSAM
Website : https://navodaya.gov.in/nvs/nvs-school/Biswanath/en/home/"
277,"Aff. No. :270051
Sch. Code:39700","State : ASSAM
District : SONITPUR",Secondary Level,"Name : AIR FORCE SCHOOL TEZPUR
Head/Principal Name: MONIDEEPA DAS","Address : POST- SALONIBARI, TEZPUR
Website : http://www.airforceschooltezpur.in"
278,"Aff. No. :280004
Sch. Code:35108","State : ASSAM
District : SONITPUR",Senior Secondary Level,"Name : ARMY SCHOOL
Head/Principal Name: BANANI S HAZARIKA","Address : SOLMARA TEZPUR DT- SONITPUR ASSAM
Website : www.apstezpur.org"
279,"Aff. No. :280011
Sch. Code:35192","State : ASSAM
District : SONITPUR",Secondary Level,"Name : ASSAM RIFLES SCHOOL, BALIPARA, SONITPUR, ASSAM
Head/Principal Name: SUMITRA JAISHI","Address : BALIPARA, CHARIDUAR, SONITPUR ASSAM PIN - 784 103
Website : https://arpschariduar.in"
280,"Aff. No. :280008
Sch. Code:35126","State : ASSAM
District : SONITPUR",Senior Secondary Level,"Name : ARMY PUBLIC SCHOOL
Head/Principal Name: DINESH PANDEY","Address : MISSAMARI DT SONITPUR ASSAM
Website : www.apsmissamari.co.in"
281,"Aff. No. :280009
Sch. Code:230094","State : ASSAM
District : SONITPUR",Middle Class,"Name : AIR FORCE SCHOOL TEZPUR
Head/Principal Name: SHVETA S RATTANI","Address : NO. 11 WING C/O 99 A P O
Website :"
282,"Aff. No. :240013
Sch. Code:39246","State : ASSAM
District : TINSUKIA",Senior Secondary Level,"Name : JAWAHAR NAVODAYA VIDYALAYA
Head/Principal Name: AJAY KUMAR CHAND","Address : WOMENS ITI CAMPUS PO- BORGURI DT- TINSUKIA ASSAM
Website : https://navodaya.gov.in/nvs/nvs-school/TINSUKIA/en/about_us/"
283,"Aff. No. :230330
Sch. Code:35622","State : ASSAM
District : TINSUKIA",Senior Secondary Level,"Name : VIDYA BHARATI INTERNATIONAL SCHOOL
Head/Principal Name: RAJA RAM PRASAD","Address : NEAR DANGARIA BABA MANDIR, BALUGADA
Website : www.vbistinsukia.com"
284,"Aff. No. :230325
Sch. Code:35587","State : ASSAM
District : TINSUKIA",Senior Secondary Level,"Name : ASSAM HEIGHTS PUBLIC SCHOOL
Head/Principal Name: E. SEENIVASAN","Address : MAKUM ROAD, TINSUKIA
Website : www.assamheightspublicschool.com"
285,"Aff. No. :230323
Sch. Code:35585","State : ASSAM
District : TINSUKIA",Secondary Level,"Name : GYANNPITH- THE ABODE OF KNOWLEDGE
Head/Principal Name: Baldeep Kour","Address : NOONPURIA KAIBOTRA GOAN, P.O. & P.S. TINSUKIA
Website : www.gyannpith.org"
286,"Aff. No. :230190
Sch. Code:35437","State : ASSAM
District : TINSUKIA",Secondary Level,"Name : VIVEKANANDA KENDRA VIDYALAYA, SADIYA
Head/Principal Name: Basudev Upadhayaya","Address : VIVEKANANDA KENDRA VIDYALAYA,SADIYA SHANTIPUR NO - 1 CHAPAKHOWA 786157,TINSUKIA
Website : http://sadiya.vkv.in"
287,"Aff. No. :230108
Sch. Code:35191","State : ASSAM
District : TINSUKIA",Senior Secondary Level,"Name : BLUE BIRD SCHOOL
Head/Principal Name: RATNA BHOWMIK","Address : BARAGOLAI MARGHERITA TINSUKHIA ASSAM
Website : www.bbsbaragolai.com"
288,"Aff. No. :230143
Sch. Code:35228","State : ASSAM
District : TINSUKIA",Senior Secondary Level,"Name : HOLY BROOK SCHOOL
Head/Principal Name: SHAMIM MUMTAZ HAZARIKA","Address : PAKHARIJIAN GAON NEAR ST LUKES HOSPITAL, TINSUKIA ASSAM
Website : www.hbstinsukia.com"
289,"Aff. No. :230148
Sch. Code:35233","State : ASSAM
District : TINSUKIA",Senior Secondary Level,"Name : KIDZEE AND SUNSHINE HIGH SCHOOL
Head/Principal Name: Madhuchanda Roychoudhury","Address : NAMDANG GAON BARAGOLAI P.O.- MARGHERITA DIST.- TINSUKHIA PIN NO. - 786181 A ASSAM
Website : www.kidzeeandsunshinehigh.co.in"
290,"Aff. No. :230160
Sch. Code:35247","State : ASSAM
District : TINSUKIA",Senior Secondary Level,"Name : B.B. MEMORIAL PUBLIC SCHOOL
Head/Principal Name: DR CARINA AHMED","Address : GOBINDOPUR, TINSUKIA
Website : www.bns.edu.in"
291,"Aff. No. :230081
Sch. Code:35167","State : ASSAM
District : TINSUKIA",Senior Secondary Level,"Name : PINEWOOD RESIDENTIAL SCHOOL
Head/Principal Name: PRANJAL CHUTIA","Address : SWAHID MONIRAM DEWAN NAGAR, PINEWOOD ROAD, TINSUKIA, ASSAM.
Website : www.pinewoodtinsukia.in"
292,"Aff. No. :230097
Sch. Code:35181","State : ASSAM
District : TINSUKIA",Senior Secondary Level,"Name : OUR ABC ACADEMY
Head/Principal Name: NARAYAN UPADHYAYA","Address : BORGURI COURT TINALI
Website : www.oabca.edu.in"
293,"Aff. No. :230092
Sch. Code:35178","State : ASSAM
District : TINSUKIA",Senior Secondary Level,"Name : PRABHAT TARA CHILDREN ENGLISH ACADEMY
Head/Principal Name: RAMESH PRASAD GUPTA","Address : HIJUGURI, NEW COURT ROAD, TINSUKHIA, P.O.,P.S. & DIST. TINSUKIA
Website : www.prabhatara.co.in"
294,"Aff. No. :230106
Sch. Code:35190","State : ASSAM
District : TINSUKIA",Senior Secondary Level,"Name : HINDUSTANI KENDRIYA VIDYALAYA
Head/Principal Name: SUSMITA PURKAYASTHA","Address : N.H.-37, LAIPULI, HIJUGURI, TINSUKIA(ASSAM)
Website : www.hkvtinsukia.org"
295,"Aff. No. :230063
Sch. Code:35150","State : ASSAM
District : TINSUKIA",Senior Secondary Level,"Name : LOTUS ACADEMY
Head/Principal Name: Manash Kumar De","Address : DOOMDOONA DISTT TINSUKIA ASSAM
Website : www.doomdoomalotus.org.in"
296,"Aff. No. :230039
Sch. Code:35124","State : ASSAM
District : TINSUKIA",Senior Secondary Level,"Name : GURU TEG BAHADUR ACADEMY
Head/Principal Name: PRATAP CHANDRA PADHIARY","Address : AT/PO/DISTT TINSUKHIA ASSAM
Website : www.gtbatsk.com"
297,"Aff. No. :230034
Sch. Code:35120","State : ASSAM
District : TINSUKIA",Senior Secondary Level,"Name : OIL VALLEY SCHOOL
Head/Principal Name: BIJOY SANKAR BARUAH","Address : BOGAPANI COLONY P O BOGAPANI P S DIGBOI, DISTT TINSUKIA ASSAM
Website : www.oilvalleyschool.org"
298,"Aff. No. :230035
Sch. Code:35096","State : ASSAM
District : TINSUKIA",Senior Secondary Level,"Name : VIVEKANANDA KENDRA VIDYALAYA (NEC)
Head/Principal Name: GURU CHARAN DAS","Address : BARAGOLAI PO MARGHERITA DISTT TINSUKHIA ASSAM
Website : http://baragolai.vkv.in"
299,"Aff. No. :230011
Sch. Code:35099","State : ASSAM
District : TINSUKIA",Senior Secondary Level,"Name : TINSUKIA ENGLISH ACADEMY
Head/Principal Name: KONGKONA HAZARIKA","Address : MANAV KALYAN NAMGHAR ROAD CHEERPATTY TINSUKIA ASSAM
Website : https://teacademy.org.in"
300,"Aff. No. :230012
Sch. Code:35101","State : ASSAM
District : TINSUKIA",Senior Secondary Level,"Name : THE LITTLE STARS SCHOOL
Head/Principal Name: DEBA JYOTI NEOG","Address : BORBIL NO I DIGBOI ASSAM
Website : https://www.littlestarsdigboi.com/"
301,"Aff. No. :230021
Sch. Code:35109","State : ASSAM
District : TINSUKIA",Senior Secondary Level,"Name : DELHI PUBLIC SCHOOL
Head/Principal Name: VIJAY KUMAR CHANDEL","Address : IOCL TOWNSHIP PO- DIGBOI DT- TINSUKIA ASSAM
Website : www.dpsdigboi.in"
302,"Aff. No. :230016
Sch. Code:35104","State : ASSAM
District : TINSUKIA",Senior Secondary Level,"Name : BUDDING BUDS SCHOOL
Head/Principal Name: SAMIRAN GOGOI","Address : D M LOHIA ROAD TINSUKIA ASSAM
Website : www.buddingbuds.com"
303,"Aff. No. :230009
Sch. Code:35095","State : ASSAM
District : TINSUKIA",Senior Secondary Level,"Name : VIVEKANANDA KENDRA VIDYALAYA
Head/Principal Name: Ravindranath D Savdeykar","Address : PO- LAIPULI VIA PANITOLA TINSUKIA ASSAM
Website : www.tinsukia.vkv.in"
304,"Aff. No. :220174
Sch. Code:37713","State : ASSAM
District : TINSUKIA",Secondary Level,"Name : ADARSHA VIDYALAYA ITAKHULI
Head/Principal Name: Pratity Borpujari","Address : BOZALONI VILL. LANGKASHI , MAKUM, DIST TINSUKIA ASSAM
Website : https://adarshavidyalayaitakhuli.in"
305,"Aff. No. :200032
Sch. Code:39290","State : ASSAM
District : TINSUKIA",Senior Secondary Level,"Name : KENDRIYA VIDYALAYA
Head/Principal Name: ASHOK KUMAR BHUKAL","Address : ARC DOOMDOMA DT- TINSUKIA ASSAM
Website : https://doomdoomaarc.kvs.ac.in/"
306,"Aff. No. :200037
Sch. Code:39293","State : ASSAM
District : TINSUKIA",Senior Secondary Level,"Name : PM SHRI KENDRIYA VIDYALAYA
Head/Principal Name: DELIP SINGH BHATI","Address : RAJA ALI ROAD NAW-PUKHURI, TINSUKIA ASSAM
Website : https://tinsukia.kvs.ac.in/"
307,"Aff. No. :200039
Sch. Code:39294","State : ASSAM
District : TINSUKIA",Senior Secondary Level,"Name : PM SHRI KENDRIYA VIDYALAYA
Head/Principal Name: KUSH PRATAP SINGH","Address : LEKHAPANI DT- TINSUKIA ASSAM
Website : https://lekhapani.kvs.ac.in/"
308,"Aff. No. :220008
Sch. Code:37195","State : ASSAM
District : NALBARI",Senior Secondary Level,"Name : ADARSH VIDYALAYA, BARAKHETRI
Head/Principal Name: NILAKSHI BORAH","Address : VILLAGE KALDI, P.O. BARTALA, DISTT. NALBARI ASSAM-781138
Website : www.adarshvidyalayabarkhetri.in"
309,"Aff. No. :230079
Sch. Code:35176","State : ASSAM
District : NALBARI",Senior Secondary Level,"Name : VIVEKANANDA KENDRA VIDYALAYA
Head/Principal Name: Ritwik Chakravarty","Address : P.O. SANDHELI VIA : GOPAL BAZAR DIST. NALBARI (ASSAM) PIN-781353
Website : www.nalbari.vkv.in"
310,"Aff. No. :230129
Sch. Code:35214","State : ASSAM
District : NALBARI",Secondary Level,"Name : NALANDA PUBLIC SCHOOL
Head/Principal Name: Ajay Kumar Jain","Address : KOMAR SUBURI PATH JAPARKUCHI, NALBARI DISTT.
Website : www.npsnalbari.com"
311,"Aff. No. :230193
Sch. Code:35438","State : ASSAM
District : NALBARI",Senior Secondary Level,"Name : ST. MARYS ENGLISH SCHOOL
Head/Principal Name: Baiju Sebastian","Address : VILL-PANIGAON, P.O.-PANIGAON, P.S.-BELSOR
Website : www.stmarysnalbari.in"
312,"Aff. No. :230262
Sch. Code:35517","State : ASSAM
District : NALBARI",Secondary Level,"Name : VIDYANCHAL THE SCHOOL
Head/Principal Name: JITENDRA KUMAR JAIN","Address : OPPOSITE BARKURA RAIL GATE; VILL- HARIPUR, N.H-27(OLD N.H 31) NALBARI
Website : www.vidyanchalnalbari.in"
313,"Aff. No. :240025
Sch. Code:39257","State : ASSAM
District : NALBARI",Senior Secondary Level,"Name : PM SHRI SCHOOL JAWAHAR NAVODAYA VIDYALAYA UDALGURI
Head/Principal Name: RAM NATH","Address : NALBARI, WARD NO.2, UDALGURI TOWN, P.O. & DISTT. UDALGURI, ASSAM
Website : https://navodaya.gov.in/nvs/nvs-school/UDALGURI/en"
314,"Aff. No. :240004
Sch. Code:39236","State : ASSAM
District : NALBARI",Senior Secondary Level,"Name : JAWAHAR NAVODAYA VIDYALAYA
Head/Principal Name: Mintu Chakraborty","Address : BANEKUCHI P.O., NALBARI DISTT. ASSAM
Website : https://www.navodaya.gov.in/nvs/nvs-school/NALBARI"
315,"Aff. No. :230350
Sch. Code:35662","State : ASSAM
District : BONGAIGAON",Senior Secondary Level,"Name : INTERNATIONAL ACADEMY OF SCHOLARS
Head/Principal Name: TAPAN KUMAR CHAKRABORTY","Address : KISHAN BAZAR, KHARIJA DOLAIGAON, PART-I
Website : www.internationalacademyofscholars.com"
316,"Aff. No. :240021
Sch. Code:39254","State : ASSAM
District : BONGAIGAON",Senior Secondary Level,"Name : JAWAHAR NAVODAYA VIDYALAYA
Head/Principal Name: MUKUL TALUKDAR","Address : DISTT. BONGAIGAON, P.O. MULAGAON, ASSAM
Website : https://navodaya.gov.in/nvs/nvs-school/BONGAIGAON/"
317,"Aff. No. :240019
Sch. Code:39252","State : ASSAM
District : BONGAIGAON",Senior Secondary Level,"Name : JAWAHAR NAVODAYA VIDYALAYA
Head/Principal Name: RAKESH CHATURVEDI","Address : KHAMARGURI BIJNI DISTT BONGAIGAON ASSAM
Website : https://navodaya.gov.in/nvs/nvs-school/CHIRANG/hi/home/"
318,"Aff. No. :230260
Sch. Code:35515","State : ASSAM
District : BONGAIGAON",Secondary Level,"Name : SRI SRI RAVISHANKAR VIDYA MANDIR
Head/Principal Name: Prabir Barman","Address : VILL-AMTOLA, PO-NORTH SALMARA, DIST-BONGAIGAON,ASSAM,PIN-783383
Website : www.bongaigaon.ssrvm.org"
319,"Aff. No. :230347
Sch. Code:35655","State : ASSAM
District : BONGAIGAON",Secondary Level,"Name : MARRY'S CONVENT PUBLIC SCHOOL
Head/Principal Name: BANKE LAL SHARMA","Address : GOURAB NAGAR, T.R. PHUKAN ROAD, WARD NO-24, DIST- BONGAIGAON
Website : https://mcpsbongaigaon.com/index.php"
320,"Aff. No. :230135
Sch. Code:35220","State : ASSAM
District : BONGAIGAON",Senior Secondary Level,"Name : MONTFORT SCHOOL
Head/Principal Name: BRO. TYNGSHAILIN NONGSIEJ","Address : VILL BATABARI P.O ABHAYAPURI, DIST BONGAIGAON, PIN 783384
Website : https://montfortabhayapuri.org/"
321,"Aff. No. :230126
Sch. Code:35211","State : ASSAM
District : BONGAIGAON",Secondary Level,"Name : MARRYS PUBLIC SCHOOL
Head/Principal Name: AWANISH MISHRA","Address : KABAITARI, P.O.JOGIGHOPA,DIST-BONGAIGAON, ASSAM
Website : www.marryspublicschool.org"
322,"Aff. No. :230178
Sch. Code:35419","State : ASSAM
District : BONGAIGAON",Senior Secondary Level,"Name : PRETTIFY KNOWLEDGE MODEL ENGLISH MEDIUM SCHOOL
Head/Principal Name: KUMAR BHASKAR BARMAN","Address : VILL & P.O:DHALIGAON, P.S: DHALIGAON,DIST: BONGAIGAON, ASSAM-783385.
Website : https://www.pkmemschool.com"
323,"Aff. No. :230090
Sch. Code:35177","State : ASSAM
District : BONGAIGAON",Secondary Level,"Name : JESUS MARY SCHOOL
Head/Principal Name: Paresh Chandra Brahma","Address : JESUS MARY SCHOOL, BHETAGAON, BIJNI -783390
Website : www.jesusmaryschoolbijni.org"
324,"Aff. No. :230046
Sch. Code:35130","State : ASSAM
District : BONGAIGAON",Senior Secondary Level,"Name : ST XAVIERS PUBLIC SCHOOL
Head/Principal Name: John Joseph","Address : PO CHALANTAPARA BONGAIGAON ASSAM
Website : https://www.stxavierschalantapara.in"
325,"Aff. No. :230053
Sch. Code:35139","State : ASSAM
District : BONGAIGAON",Senior Secondary Level,"Name : LITTLE FLOWER SCHOOL
Head/Principal Name: SR. JANCY THOMAS","Address : POST BOX 39 BONGAIGAON DISTT ASSAM
Website : www.littleflowerschool.info"
326,"Aff. No. :230024
Sch. Code:35111","State : ASSAM
District : BONGAIGAON",Senior Secondary Level,"Name : DELHI PUBLIC SCHOOL
Head/Principal Name: DR RAKESH KUMAR MISHRA","Address : PO- DHALIGAON DT- BONGAIGAON ASSAM
Website : www.dpsdhaligaon.com"
327,"Aff. No. :220159
Sch. Code:37683","State : ASSAM
District : BONGAIGAON",Secondary Level,"Name : ADARSHA VIDYALAYA TAPATTARY
Head/Principal Name: MOHD HARUN AR RASHID BEPARI","Address : PIRADHARA, ABHAYAPURI
Website : www.dte.gov.in"
328,"Aff. No. :200038
Sch. Code:39275","State : ASSAM
District : BONGAIGAON",Senior Secondary Level,"Name : PM SHRI KENDRIYA VIDYALAYA
Head/Principal Name: VISHAL KHARE","Address : N F RAILWAY NEW BONGAIGAON DT- BONGAIGAON ASSAM
Website : https://newbongaigaon.kvs.ac.in"
329,"Aff. No. :200052
Sch. Code:39305","State : ASSAM
District : DHEMAJI",Senior Secondary Level,"Name : KENDRIYA VIDYALAYA
Head/Principal Name: ASHOK KUMAR MACHIWAL","Address : NHPC SUBANSIRI LOWER H E PROJECT GERU KA MUKH DISTT DHEMAJI ASSAM
Website : https://gerukamukh.kvs.ac.in/"
330,"Aff. No. :220161
Sch. Code:37686","State : ASSAM
District : DHEMAJI",Secondary Level,"Name : ADARSHA VIDYALAYA MURKONGSELEK
Head/Principal Name: Sudarson Bhattarai","Address : P.O. LAIMEKURI , P S. JONAI
Website : https://avmurkongselek.in/"
331,"Aff. No. :230074
Sch. Code:35161","State : ASSAM
District : DHEMAJI",Secondary Level,"Name : VIVEKANANDA KENDRA VIDYALAYA
Head/Principal Name: MONOJ SARMA","Address : HATIGARH, DIST. DHEMAJI, ASSAM
Website : www.dhemajivkv.in"
332,"Aff. No. :230141
Sch. Code:35226","State : ASSAM
District : DHEMAJI",Senior Secondary Level,"Name : GYANJYOTI ACADEMY
Head/Principal Name: RINA PRADHAN","Address : D.K. ROAD, GOGAMUKH, P.O. GOGAMUKH, DIST.- DHEMAJI, ASSAM.
Website : www.gyanjyotiacademy.com"
333,"Aff. No. :230332
Sch. Code:35624","State : ASSAM
District : DHEMAJI",Senior Secondary Level,"Name : SAINT FRANCIS DE SALES SCHOOL, SILAPATHAR
Head/Principal Name: JOBINS MATHEW","Address : AMRITPUR , SILAPATHAR (PO) , LIKABALI ROAD
Website : www.sfssilapathar.in"
334,"Aff. No. :230189
Sch. Code:35434","State : ASSAM
District : DHEMAJI",Secondary Level,"Name : MOTHERS PRIDE SCHOOL, DHEMAJI
Head/Principal Name: P J THOMAS","Address : VILLAGE - NO.1 NARENG SURVEY VILLAGE P.O. - ARADHAL DISTRICT - DHEMAJI STATE - ASSAM
Website : www.mpsdhemaji.in"
335,"Aff. No. :240020
Sch. Code:39253","State : ASSAM
District : DHEMAJI",Senior Secondary Level,"Name : JAWAHAR NAVODAYA VIDYALAYA
Head/Principal Name: CHANDRA KUMAR DUTTA","Address : BISHUNPUR DHEMAJI DHEMAJI DISTT ASSAM
Website : https://navodaya.gov.in/nvs/nvs-school/DHEMAJI/en/"
336,"Aff. No. :240018
Sch. Code:39251","State : ASSAM
District : HAILAKANDI",Senior Secondary Level,"Name : JAWAHAR NAVODAYA VIDYALAYA
Head/Principal Name: MANOJ KUMAR SINGH","Address : MONACHERRA, DISTT. HAILAKANDI ASSAM
Website : https://navodaya.gov.in/nvs/nvs-school/HAILAKANDI/"
337,"Aff. No. :230351
Sch. Code:35663","State : ASSAM
District : HAILAKANDI",Secondary Level,"Name : LALA CENTRAL SCHOOL
Head/Principal Name: G SHYAM SINGH","Address : VILLAGE- DHANIPUR, P.O-LALA, P.S-LALA
Website : https://www.lcs.rdfedu.in"
338,"Aff. No. :230152
Sch. Code:35237","State : ASSAM
District : HAILAKANDI",Senior Secondary Level,"Name : GLOBAL PUBLIC CENTRAL SCHOOL
Head/Principal Name: MAYASHREE BARUAH","Address : W/NO.- 16, PO- LAKSHMISAHAR, HAILAKANDI
Website : www.gpcshkd.org"
339,"Aff. No. :230153
Sch. Code:35238","State : ASSAM
District : HAILAKANDI",Senior Secondary Level,"Name : SPRING VALLEY CENTRAL SCHOOL
Head/Principal Name: PARVEEN SULTANA BARBHUIYA","Address : LALA ROAD(NH-154), VILL-NISCHINTAPUR(PART-II), P.O.-MONACHERRA
Website : www.svcshailakandi.ac.in"
340,"Aff. No. :220003
Sch. Code:37187","State : ASSAM
District : HAILAKANDI",Senior Secondary Level,"Name : ADARSH VIDYALAYA
Head/Principal Name: Shahina Begom Mozumder","Address : VILLAGE ALOICHERRA, P.O. MANIPUR BAGAN, DISTT. HAILAKANDI-788165
Website : www.avs.assam.gov.in/schools/adarsha-vidyalaya-aloicherra"
341,"Aff. No. :230091
Sch. Code:35159","State : ASSAM
District : GOLAGHAT",Senior Secondary Level,"Name : SRI SATYA SAI VIDIYA VIHAR
Head/Principal Name: SUBHASIS RAJKHOWA","Address : THANA BACK ROAD, GOLAGHAT
Website : http://vidyavihar.org.in/"
342,"Aff. No. :230026
Sch. Code:35113","State : ASSAM
District : GOLAGHAT",Senior Secondary Level,"Name : VIVEKANANDA KENDRA VIDYALAYA
Head/Principal Name: LAKHINARAYAN GOSWAMI","Address : MISSION ROAD GOLAGHAT ASSAM
Website : www.golaghat.vkv.in"
343,"Aff. No. :230029
Sch. Code:35115","State : ASSAM
District : GOLAGHAT",Senior Secondary Level,"Name : DELHI PUBLIC SCHOOL
Head/Principal Name: UMESH CHANDRA HARBOLA","Address : NUMALIGARH DISTT GOLAGHAT ASSAM
Website : www.dpsnumaligarh.in"
344,"Aff. No. :200056
Sch. Code:39309","State : ASSAM
District : GOLAGHAT",Senior Secondary Level,"Name : PM SHRI KENDRIYA VIDYALAYA
Head/Principal Name: RAVI SHANKAR KHAKHLARY","Address : GOLAGHAT, DISTT GOLAGHAT, ASSAM-782561
Website : www.kvgolaghat.org"
345,"Aff. No. :230268
Sch. Code:35523","State : ASSAM
District : GOLAGHAT",Senior Secondary Level,"Name : AMRIT INTERNATIONAL SCHOOL
Head/Principal Name: DINESH CHUTIA","Address : SINGIMARI, PO : BARPATHAR, PS : BARPATHAR, ASSAM, PIN : 785602
Website : https://www.aisbarpathar.com/"
346,"Aff. No. :230321
Sch. Code:35583","State : ASSAM
District : GOLAGHAT",Senior Secondary Level,"Name : GURUKUL GLOBAL ACADEMY
Head/Principal Name: GAUTAM BORAH","Address : DAGAON, GOLAGHAT
Website : www.gurukulglobalacademy.com"
347,"Aff. No. :230338
Sch. Code:35641","State : ASSAM
District : GOLAGHAT",Secondary Level,"Name : DHANSIRI VALLEY PUBLIC SCHOOL
Head/Principal Name: PRAHABJOTE KOUR","Address : 2 NO, PARGHAT, NUMALIGARH, P.O NUMALIGARH, P.S KAMARGAON
Website : https://www.dvpsnumaligarh.com"
348,"Aff. No. :240005
Sch. Code:39244","State : ASSAM
District : GOLAGHAT",Senior Secondary Level,"Name : JAWAHAR NAVODAYA VIDYALAYA
Head/Principal Name: JANG BAHADUR","Address : SENSOWA NO 2 PO- CHINATOLLY DT- GOLAGHAT ASSAM
Website : http://navodaya.gov.in/nvs/nvs-school/GOLAGHAT/en/"
349,"Aff. No. :240012
Sch. Code:39248","State : ASSAM
District : MARIGAON",Senior Secondary Level,"Name : JAWAHAR NAVODAYA VIDYALAYA
Head/Principal Name: Apurba Kumar Roy","Address : MORIGAON ASSAM
Website : https://navodaya.gov.in/nvs/nvs-school/MORIGAON/en"
350,"Aff. No. :230164
Sch. Code:35251","State : ASSAM
District : MARIGAON",Senior Secondary Level,"Name : RADHAKRISHNAN CENTRAL ACADEMY
Head/Principal Name: NEELAKSHI BORA","Address : WARD NO. 8, PHULBARI, P.O. MORIGAON
Website : https://rcamorigaon.edu.in/"
351,"Aff. No. :200026
Sch. Code:39286","State : ASSAM
District : MARIGAON",Senior Secondary Level,"Name : KENDRIYA VIDYALAYA
Head/Principal Name: DOLLY DAS","Address : JAGIROAD HPC DT- MORIGAON ASSAM
Website : https://jagiroadhpcl.kvs.ac.in/"
352,"Aff. No. :230066
Sch. Code:35152","State : ASSAM
District : MARIGAON",Senior Secondary Level,"Name : INDUS ACADEMY
Head/Principal Name: NAMITA SHARMA","Address : JAGIROAD DISTT MIGAON ASSAM
Website : https://indusacademyjagiroad.co.in"
353,"Aff. No. :220015
Sch. Code:37193","State : ASSAM
District : MARIGAON",Senior Secondary Level,"Name : ADARSH VIDYALAYA
Head/Principal Name: LUTFUR RAHMAN","Address : MOIRABARI, VILLAGE MOIRABARI TOWN KISAMAT, P.O. + P.S.MOIRABARI, DISTT. MIGAON ASSAM-782126
Website : http:avmoirabari.in"
354,"Aff. No. :220001
Sch. Code:35244","State : ASSAM
District : BAKSA",Senior Secondary Level,"Name : EKLAVYA MODEL RESIDENTIAL SCHOOL DALBARI
Head/Principal Name: ANGELUS BAXLA","Address : P.O. DALBARI, DISTT. BAKSA (BTAD), ASSAM-781333
Website : www.eklavyadalbari.edu.in"
355,"Aff. No. :220160
Sch. Code:37685","State : ASSAM
District : BAKSA",Secondary Level,"Name : ADARSHA VIDYALAYA NAGRIJULI
Head/Principal Name: Jesika Goswami","Address : PO NAGRIJULI, PS TAMULPUR , DIST BAKSA
Website : https://dte.assam.gov.in"
356,"Aff. No. :220164
Sch. Code:37691","State : ASSAM
District : BAKSA",Secondary Level,"Name : ADARSHA VIDYALAYA, TAMULPUR
Head/Principal Name: Riktika Baruah","Address : P.O- KUMARIKATA, P.S- TAMULPUR
Website : https://www.avtamulpur.in/"
357,"Aff. No. :200061
Sch. Code:39315","State : ASSAM
District : BAKSA",Senior Secondary Level,"Name : PM SHRI KENDRIYA VIDYALAYA
Head/Principal Name: RAJU KUMAR DAS","Address : TAMULPUR, AT /PO TAMULPUR, DISTT. BAKSA, ASSAM
Website : https://tamulpur.kvs.ac.in/"
358,"Aff. No. :230349
Sch. Code:35659","State : ASSAM
District : BAKSA",Secondary Level,"Name : SIJOU ACADEMY, MUSHALPUR
Head/Principal Name: DWIMALU BASUMATARY","Address : VILL- AMBARI, PO- MUSHALPUR, PS- MUSHALPUR
Website : www.sijouac.in"
359,"Aff. No. :240022
Sch. Code:39258","State : ASSAM
District : BAKSA",Senior Secondary Level,"Name : JAWAHAR NAVODAYA VIDYALAYA
Head/Principal Name: Mr. Sidananda Chutia","Address : ADALBARI, DISTT.BAKSA, P.O. ADALBARI, ASSAM
Website : https://navodaya.gov.in/nvs/nvs-school/BAKSA/en/home/"
360,"Aff. No. :240023
Sch. Code:39256","State : ASSAM
District : DIMA HASAO",Senior Secondary Level,"Name : PM SHRI SCHOOL JAWAHAR NAVODAYA VIDYALAYA
Head/Principal Name: PRAVEEN CHOUDHARY","Address : SONTILA, N.C. HILLS (ITI COMPLEX HAFLONG), DISTT N C HILLS, ASSAM SONTILA (HAFLONG),DIMA HASAO(N.C.HILLS),ASSAM
Website : https://navodaya.gov.in/nvs/nvs-school/NC-HILLS/en"
361,"Aff. No. :230333
Sch. Code:35628","State : ASSAM
District : DIMA HASAO",Senior Secondary Level,"Name : ST. XAVIER'S SCHOOL
Head/Principal Name: REMO SAVIO T SHIMRAY","Address : GIDINGPUR, MAIBANG, DIMA HASAO
Website : https://stxaviersmaibang.edu.in/"
362,"Aff. No. :200036
Sch. Code:39292","State : ASSAM
District : DIMA HASAO",Senior Secondary Level,"Name : PM SHRI KENDRIYA VIDYALAYA
Head/Principal Name: DR LOKESH KUMAR GUPTA","Address : S S B HAFLONG, N C HILLS ASSAM
Website : www.haflongssb.ac.in"
363,"Aff. No. :220180
Sch. Code:37723","State : ASSAM
District : DIMA HASAO",Secondary Level,"Name : ADARSHA VIDYALAYA DIYUNGBRA
Head/Principal Name: Stephan Islary","Address : BLOCK DIYUNGBRA, P.O. DIYUNGBRA P.S. DIYUNG MUKH, PRABDISA
Website : https://avdiyungbra.com/"
364,"Aff. No. :220187
Sch. Code:37732","State : ASSAM
District : DIMA HASAO",Secondary Level,"Name : ADARSHA VIDYALAYA NEW SANGBAR
Head/Principal Name: ROWELSON RONGPI","Address : NEW SANGBAR, PO UMRANGSO, PS UMRANGSO
Website : https://avs.assam.gov.in/schools/adarsha-vidyalaya"
365,"Aff. No. :230038
Sch. Code:35098","State : ASSAM
District : DIMA HASAO",Senior Secondary Level,"Name : VIVEKANANDA KENDRA VIDYALAYA (NEEPCO)
Head/Principal Name: Sri Digesh chandra Nath","Address : P.O: UMRANGSO DIST: DIMA HASAO, ASSAM
Website : https://umrangso.vkv.in"
366,"Aff. No. :220157
Sch. Code:37681","State : ASSAM
District : CHIRANG",Secondary Level,"Name : ADARSHA VIDYALAYA BOROBAZAR, BHUMKIPARA
Head/Principal Name: ARUN KUMAR PODDAR","Address : PO - BALLAMGURI , PS - BIJNI
Website : www.avbchirang.in"
367,"Aff. No. :220155
Sch. Code:37679","State : ASSAM
District : CHIRANG",Secondary Level,"Name : ADARSHA VIDYALAYA SIDLI CHIRANG DOLOGAON
Head/Principal Name: ARJUN KUMAR BARMAN","Address : P.O.- GARUBHASA, P.S.- SIDLI
Website : www.avdologaon.in"
368,"Aff. No. :230266
Sch. Code:35521","State : ASSAM
District : CHIRANG",Secondary Level,"Name : GURUKUL NATIONAL SCHOOL
Head/Principal Name: BIJIT NATH","Address : THURIBARI, THANA ROAD BASUGAON TOWN PO PS BASUGAON DIST CHIRANG( BTAD, ASSAM) PIN 783372
Website : www.gnsbasugaon.in"
369,"Aff. No. :230336
Sch. Code:35635","State : ASSAM
District : CHARAIDEO",Secondary Level,"Name : DOWN TOWN GURUKUL
Head/Principal Name: IVAN JOHN FIDJERN VAS","Address : ABHOYPUR, OPPOSIT PARIJAT NURSERY, MORANHAT
Website : https://dtgmoran.in"
370,"Aff. No. :220186
Sch. Code:37731","State : ASSAM
District : CHARAIDEO",Secondary Level,"Name : ADARSHA VIDYALAYA, MAHMORA
Head/Principal Name: Bandana Bharadwaj","Address : DUWARI GAON, MAHMORA BALIJAN, BHARALIPUKHURI
Website : https://avs.assam.gov.in/schools/adarsha-vidyalaya"
371,"Aff. No. :230186
Sch. Code:35429","State : ASSAM
District : HOJAI",Senior Secondary Level,"Name : NRI PUBLIC SCHOOL
Head/Principal Name: BENNY THOMAS","Address : MR BISWANATH CHOWDHURY
Website : www.nripublicschool.com"
372,"Aff. No. :280102
Sch. Code:39717","State : ASSAM
District : HOJAI",Senior Secondary Level,"Name : RAILWAY HIGHER SECONDARY SCHOOL, LUMDING, NORTH EASTERN FRONTIER RAILWAY
Head/Principal Name: RAM KRISHNA MAJUMDER","Address : OFFICER'S COLONY ROAD, P.O. LUMDING, P.S.LUMDING
Website : https://www.railwayhsschoollumding.in"
373,"Aff. No. :280100
Sch. Code:39712","State : ASSAM
District : KAMRUP METROPOLITAN",Senior Secondary Level,"Name : RAILWAY HIGHER SECONDARY SCHOOL, MALIGAON
Head/Principal Name: BHUMIDHAR KACHARI","Address : GATE NO.1, NEAR N F RAILWAY HEADQUARTER, MALIGAON
Website : www.rhssmlg.org.in"
374,"Aff. No. :280101
Sch. Code:39713","State : ASSAM
District : KAMRUP METROPOLITAN",Senior Secondary Level,"Name : NETAJI VIDYAPITH RAILWAY HIGHER SECONDARY SCHOOL, MALIGAON
Head/Principal Name: SARBANI BHOWMICK","Address : PNGB ROAD, MALIGAON, NEAR 33KV
Website : https://nvprlyhsschoolmaligaon.co.in"
375,"Aff. No. :230180
Sch. Code:35420","State : ASSAM
District : KAMRUP METROPOLITAN",Senior Secondary Level,"Name : NARAYANA SCHOOL
Head/Principal Name: MONIMALA CHAKROBORTY","Address : SONAIGHULI, DAKHINGAON ROAD (NR DON BOSCO SCHOOL)
Website : www.narayanaschools.in"
376,"Aff. No. :230269
Sch. Code:35525","State : ASSAM
District : KAMRUP METROPOLITAN",Senior Secondary Level,"Name : RADIANT INTERNATIONAL SCHOOL
Head/Principal Name: RANJIT ROY CHOUDHURY","Address : G.B TAMULI COMMERCIAL COMPLEX, SONAPUR, OLD MARKET
Website : http://www.radiantinternationalschool.in"
377,"Aff. No. :230339
Sch. Code:35643","State : ASSAM
District : KAMRUP METROPOLITAN",Secondary Level,"Name : THE DOWN TOWN SCHOOL
Head/Principal Name: Maya Alfred Fernandes","Address : HATHISILA, CHANDRAPUR ROAD, KHANKAR, OPPOSITE SARIAGHAT PRESS,, GUWAHATI KAMRUP (M)
Website : https://dtsguwahati.in/"
378,"Aff. No. :230342
Sch. Code:35646","State : ASSAM
District : KAMRUP METROPOLITAN",Secondary Level,"Name : MAHARISHI VIDYA MANDIR-V
Head/Principal Name: PURNIMA PHUKAN BISWAS","Address : GOTANAGAR, JALUKBARI, GUWAHATI
Website : https://mvmguwahati5.org/"
379,"Aff. No. :230346
Sch. Code:35654","State : ASSAM
District : KAMRUP METROPOLITAN",Senior Secondary Level,"Name : SWADESHI SENIOR SECONDARY SCHOOL
Head/Principal Name: HIMANI TAHBILDAR BORA","Address : BARBARI VIP ROAD KARBI PATH, PO HENGRABARI, GUWAHATI
Website : http://swadeshissschool.co.in/"
380,"Aff. No. :230327
Sch. Code:35589","State : ASSAM
District : KAMRUP METROPOLITAN",Senior Secondary Level,"Name : LITTLE ANGEL ENGLISH HIGH SCHOOL, SONAPUR
Head/Principal Name: ASHIM KR. BANIK","Address : BARKHAT N. C. , SONAPUR
Website : www.littleangelehs.in"
381,"Aff. No. :230322
Sch. Code:35584","State : ASSAM
District : KAMRUP METROPOLITAN",Secondary Level,"Name : MAHARISHI VIDYA MANDIR
Head/Principal Name: Amlan Kumar Dey","Address : LALMATI BIKASH NAGAR, GUWAHATI
Website : www.mvmguwahati-3.org"
382,"Aff. No. :230317
Sch. Code:35575","State : ASSAM
District : KAMRUP METROPOLITAN",Senior Secondary Level,"Name : THE GREEN SCHOOL INTERNATIONAL
Head/Principal Name: MOUSUMI GANGULY","Address : NEAR ITI, NALAPARA, SARUSAJAI, GUWAHATI 781040
Website : https://greenschoolguwahati.com"
383,"Aff. No. :230318
Sch. Code:35578","State : ASSAM
District : KAMRUP METROPOLITAN",Senior Secondary Level,"Name : SRI SATYAM SENIOR SECONDARY SCHOOL
Head/Principal Name: Dharam Chand Gupta","Address : NEAR 35 NO. MAJIRGAON PANCHAYAT OFFICE, P.O. BHATTAPARA, P.S. AZARA
Website : www.srisatyamschool.in"
384,"Aff. No. :230319
Sch. Code:35581","State : ASSAM
District : KAMRUP METROPOLITAN",Secondary Level,"Name : THE SCHOLAR SCHOOL
Head/Principal Name: NEMCHA LHOUVUM","Address : SATGAON, UDAYAN VIHAR
Website : www.thescholarschool.in"
385,"Aff. No. :220178
Sch. Code:37719","State : ASSAM
District : KAMRUP METROPOLITAN",Secondary Level,"Name : PUB GUWAHATI SRI AUROBINDO ADARSHA VIDYALAYA
Head/Principal Name: Luizee Baruah","Address : RAMKRISHNA MISSION ROAD, , ULUBARI,, GUWAHATI
Website : https://avs.assam.gov.in/schools"
386,"Aff. No. :220166
Sch. Code:37694","State : ASSAM
District : UDALGURI",Secondary Level,"Name : ADARSHA VIDYALAYA MAZBAT
Head/Principal Name: ARVIND KUMAR SINGH","Address : VILL-NICHILAMARI PO+PS ORANG, NEAR H S SCHOOL. ORANG, PIN 784114
Website : www.adarshavidyalayamazbat.com"
387,"Aff. No. :220168
Sch. Code:37699","State : ASSAM
District : UDALGURI",Secondary Level,"Name : ADARSHA VIDYALAYA ROWTA
Head/Principal Name: Julfikar Rahman","Address : KAJIAMATI, UDALGURI, BTR
Website : https://adarshavidyalayarowta.com/"
388,"Aff. No. :220171
Sch. Code:37706","State : ASSAM
District : UDALGURI",Secondary Level,"Name : ADARSHA VIDYALAYA BHERGAON
Head/Principal Name: Pankaj Saikia","Address : NEAR UDALGURI TAMULPUR ROAD, DIMAKUCHI, PO DIMAKUCHI, PS DIMAKUCHI
Website : https://avbhergaon.com/"
389,"Aff. No. :220185
Sch. Code:37729","State : ASSAM
District : WEST KARBI ANGLONG",Secondary Level,"Name : ADARSHA VIDYALAYA, CHINTHONG
Head/Principal Name: ANISHA ROY","Address : VILL - TIRKIM, PO - HAMREN, DIST - WEST KARBI ANGLONG
Website : https://avs.assam.gov.in/schools/adarsha-vidyalaya"
390,"Aff. No. :220156
Sch. Code:37680","State : ASSAM
District : WEST KARBI ANGLONG",Senior Secondary Level,"Name : ADARSHA VIDYALAYA RONGKHANG
Head/Principal Name: Dhan Bahadur Pradhan","Address : WEST KARBI ANGLONG, DIST- HAMREN
Website : https://avrongkhang.in"
391,"Aff. No. :220190
Sch. Code:37736","State : ASSAM
District : WEST KARBI ANGLONG",Secondary Level,"Name : ADARSHA VIDYALAY SOCHENG
Head/Principal Name: PRANAB JYOTI DEKA","Address : VILL - MOKOILUM, PO AND PS - JIRIKINDENG, DIST -WEST KARBI ANGLONG
Website : https://avs.assam.gov.in/schools/adarsha-vidyalaya-socheng"
392,"Aff. No. :230337
Sch. Code:35636","State : ASSAM
District : WEST KARBI ANGLONG",Secondary Level,"Name : ATURKIMI ACADEMY
Head/Principal Name: RINI MOUNGKHOM","Address : THEPLI ARAM JENGKHA, P0 JENGKHA, PS KHERONI
Website : https://aturkimiacademy.com"
393,"Aff. No. :1240006
Sch. Code:39336","State : MANIPUR
District : BISHNUPUR",Senior Secondary Level,"Name : JAWAHAR NAVODAYA VIDYALAYA
Head/Principal Name: NONGMAITHEM PREMILA DEVI","Address : LOKTAK DT- BISHUNPUR MANIPUR
Website : www.navodaya.gov.in/nvs/nvs-school/Bishnupur/en/home"
394,"Aff. No. :1240004
Sch. Code:39342","State : MANIPUR
District : CHANDEL",Senior Secondary Level,"Name : JAWAHAR NAVODAYA VIDYALAYA
Head/Principal Name: AMARSON SANKHIL","Address : LIWA KHULLEN SARAI CHANDEL MANIPUR
Website : https://www.navodaya.gov.in/nvs/nvs-school/Chandel"
395,"Aff. No. :1200150
Sch. Code:39701","State : MANIPUR
District : CHANDEL",Secondary Level,"Name : KENDRIYA VIDYALAYA CHAKPIKARONG
Head/Principal Name: ANIL KUMAR","Address : GOV HIGHER SEC BUILDING, CHAKPIKARONG
Website : https://chakpikarong.kvs.ac.in"
396,"Aff. No. :1280004
Sch. Code:35312","State : MANIPUR
District : CHANDEL",Senior Secondary Level,"Name : ASSAM RIFLES PUBLIC SCHOOL (HIGH SCHOOL) PALLEL
Head/Principal Name: Bhakti","Address : CARE OF HQ 26 SEC. ASSAM RIFLES, PALLEI DISTT. CHANDEL, MANIPUR- 795 135
Website : www.arpspallel.in"
397,"Aff. No. :1200002
Sch. Code:39348","State : MANIPUR
District : CHURACHANDPUR",Senior Secondary Level,"Name : KENDRIYA VIDYALAYA
Head/Principal Name: WAHENGBAM KUMARJIT SINGH","Address : H E PROJECT, VIDYUT VIHAR,KOM KEIRAP, LOKTAK MANIPUR
Website : https://nhpcloktak.kvs.ac.in"
398,"Aff. No. :1200005
Sch. Code:39351","State : MANIPUR
District : CHURACHANDPUR",Senior Secondary Level,"Name : PM SHRI KENDRIYA VIDYALAYA
Head/Principal Name: ROSELYN KHAWBUNG","Address : BSF CAMPUS CHURACHANDPUR MANIPUR
Website : www.bsfchurachandpur.kvs.ac.in"
399,"Aff. No. :1230018
Sch. Code:35287","State : MANIPUR
District : CHURACHANDPUR",Senior Secondary Level,"Name : ST PAULS INSTITUTE
Head/Principal Name: D L MUON","Address : NEW LAMKA (G) CHURACHANDPUR DISTRICT MANIPUR
Website : www.stpaulsinstitute.in"
400,"Aff. No. :1230154
Sch. Code:35594","State : MANIPUR
District : CHURACHANDPUR",Secondary Level,"Name : SOIKHOLAL IDEAL HIGH SCHOOL
Head/Principal Name: Limlenlal Mate","Address : TUIBONG, LAMKA
Website : https://idealschool.co.in/"
401,"Aff. No. :1240002
Sch. Code:39338","State : MANIPUR
District : CHURACHANDPUR",Senior Secondary Level,"Name : JAWAHAR NAVODAYA VIDYALAYA
Head/Principal Name: VIKRAM SINGH","Address : CHURACHANDPUR TUINOM MANIPUR
Website : https://navodaya.gov.in/nvs/nvs-school/Churachandpur/en/home"
402,"Aff. No. :1230041
Sch. Code:35308","State : MANIPUR
District : CHURACHANDPUR",Senior Secondary Level,"Name : RAYBURN HIGH
Head/Principal Name: PAUKHENTHANG TOMBING","Address : NEW LAMKA(H), P.O. BOX-32
Website : http://rayburnhigh.org/"
403,"Aff. No. :1230043
Sch. Code:35310","State : MANIPUR
District : IMPHAL-EAST",Senior Secondary Level,"Name : UNACCO SCHOOL
Head/Principal Name: GEETA RANI","Address : KHONGMAN ZONE-III (WEST), IMPHAL EAST DISTRICT, MANIPUR
Website : http://www.unaccoschool.in/"
404,"Aff. No. :1230050
Sch. Code:35320","State : MANIPUR
District : IMPHAL-EAST",Senior Secondary Level,"Name : IMPHAL VALLEY SCHOOL, NURTURING TOMORROW
Head/Principal Name: LAISHRAM LISA DEVI","Address : KHABAM CHUMBREITHONG, MANTRIPUKHRI
Website : www.ivs.ac.in"
405,"Aff. No. :1230179
Sch. Code:35653","State : MANIPUR
District : IMPHAL-EAST",Secondary Level,"Name : UNACCO SCHOOL, EXCELLENCE IN EDUCATION
Head/Principal Name: P SURACHANDRA SINGH","Address : CHANUNG, IMPHAL EAST, MANIPUR
Website : https://chanung.unaccoschool.in/"
406,"Aff. No. :1230151
Sch. Code:35573","State : MANIPUR
District : IMPHAL-EAST",Secondary Level,"Name : SHISHU NISTHA NIKETAN
Head/Principal Name: ARUNA MOIRANGTHEM","Address : IMPHAL, EAST
Website : HTTP://WWW.SHISHUNISTHANIKETAN-IE.ORG"
407,"Aff. No. :1240150
Sch. Code:39711","State : MANIPUR
District : IMPHAL-EAST",Senior Secondary Level,"Name : JAWAHAR NAVODAYA VIDYALAYA
Head/Principal Name: M NANDAGOPAL","Address : YARALPAT POROMPAT, TOP DUSARA, IMPHAL EAST
Website : https://navodaya.gov.in/nvs/nvs-school/Imphal-East"
408,"Aff. No. :1230035
Sch. Code:35302","State : MANIPUR
District : IMPHAL-EAST",Senior Secondary Level,"Name : S.V.GETWELL SCHOOL
Head/Principal Name: LAISHRAM DINAMANI SINGH","Address : HAOTAL,THANGJAM KHUNOU,B.P.O-PANGEI
Website : www.svgetwellschool.com"
409,"Aff. No. :1200008
Sch. Code:39612","State : MANIPUR
District : IMPHAL-EAST",Secondary Level,"Name : KENDRIYA VIDYALAYA AKAMPAT
Head/Principal Name: BINA YUMNAM","Address : KHURAI LAMLONG BAZAR IMPHAL EAST
Website : https://akampat.kvs.ac.in"
410,"Aff. No. :1200001
Sch. Code:39347","State : MANIPUR
District : IMPHAL-WEST",Senior Secondary Level,"Name : KENDRIYA VIDYALAYA
Head/Principal Name: VISHWANATH NAMARAM","Address : LAMPHELPET IMPHAL MANIPUR
Website : https://no1imphal.kvs.ac.in"
411,"Aff. No. :1200003
Sch. Code:39349","State : MANIPUR
District : IMPHAL-WEST",Senior Secondary Level,"Name : KENDRIYA VIDYALAYA
Head/Principal Name: ASHUTOSH SINGH","Address : CRPF GROUP CENTRE LANGJING IMPHAL MANIPUR
Website : https://no2imphal.kvs.ac.in"
412,"Aff. No. :1200004
Sch. Code:39350","State : MANIPUR
District : IMPHAL-WEST",Senior Secondary Level,"Name : KENDRIYA VIDYALAYA
Head/Principal Name: ROHITASH GHINTALA","Address : LEIMAKHONG FIELD POST OFFICE MANTIRI PUKHRI BPO KARAKHUL, IMPHAL MANIPUR
Website : https://no3imphal.kvs.ac.in"
413,"Aff. No. :1230002
Sch. Code:35271","State : MANIPUR
District : IMPHAL-WEST",Senior Secondary Level,"Name : MANIPUR PUBLIC SCHOOL
Head/Principal Name: RK IMOCHA SINGH","Address : KOIRENGEI MANTRIPUKHRI IMPHAL MANIPUR
Website : www.mpsimphal.com"
414,"Aff. No. :1230003
Sch. Code:35272","State : MANIPUR
District : IMPHAL-WEST",Senior Secondary Level,"Name : KANAN DEVI MEMORIAL SCHOOL
Head/Principal Name: LAISHRAM MONIKA DEVI","Address : PANGEI IMPHAL EAST MANIPUR
Website : www.kdmschool.com"
415,"Aff. No. :1230004
Sch. Code:35273","State : MANIPUR
District : IMPHAL-WEST",Senior Secondary Level,"Name : DAV PUBLIC SCHOOL
Head/Principal Name: SALAM YAIMA SINGH","Address : DISTT IMPHAL, MANIPUR
Website : www.davschoolmanipur.com"
416,"Aff. No. :1230005
Sch. Code:35274","State : MANIPUR
District : IMPHAL-WEST",Senior Secondary Level,"Name : MARIA MONTESSORI SCHOOL
Head/Principal Name: SIDDHESHWAR IROM","Address : KOIRENGEI MANTRI PUKHRI IMPHAL MANIPUR
Website : https://www.mariamanipur.in/"
417,"Aff. No. :1230006
Sch. Code:35275","State : MANIPUR
District : IMPHAL-WEST",Senior Secondary Level,"Name : HUNDRED FLOWERS HIGHER SECONDARY SCHOOL
Head/Principal Name: MOHAMMAD JABIR RAHMAN","Address : KOUBOK HOUBI PUKHAO ROAD BPO PANGEI IMPHAL MANIPUR
Website : www.hundredflowers.in"
418,"Aff. No. :1230007
Sch. Code:35276","State : MANIPUR
District : IMPHAL-WEST",Senior Secondary Level,"Name : RAJKUMARI SANATOMBI DEVI VIDYALAYA
Head/Principal Name: Wahengbam Sarda Devi","Address : HAOTAL PO- PANGEI DT- IMPHAL MANIPUR
Website : http://www.iisbenin.com"
419,"Aff. No. :1230009
Sch. Code:35278","State : MANIPUR
District : IMPHAL-WEST",Senior Secondary Level,"Name : TRINITY PUBLIC SCHOOL
Head/Principal Name: GONGCHAM PAMEI","Address : TAMENG LONG DISTT IMPHAL MANIPUR
Website : http://WEB.GOSCHOOL.IN"
420,"Aff. No. :1230013
Sch. Code:35281","State : MANIPUR
District : IMPHAL-WEST",Senior Secondary Level,"Name : NORTH POINT HIGHER SECONDARY SCHOOL
Head/Principal Name: WAHENGBAM PRIYOKUMAR SINGH","Address : KHABAM LAMKHAI MANTRI PUKHRI IMPHAL
Website : https://northpointimphal.in"
421,"Aff. No. :1230032
Sch. Code:35300","State : MANIPUR
District : IMPHAL-WEST",Senior Secondary Level,"Name : ZENITH ACADEMY
Head/Principal Name: Hijam Meerina Devi","Address : SANGAIPROU, IMPHAL WEST, MANIPUR
Website :"
422,"Aff. No. :1230033
Sch. Code:35299","State : MANIPUR
District : IMPHAL-WEST",Senior Secondary Level,"Name : MEGA MANIPUR SCHOOL
Head/Principal Name: AHONGSHANGBAM SUKUMAR sINGH","Address : YARALPAT TINSEED ROAD, POROMPAT, IMPHAL EAST
Website : www.megamanipurschool.in"
423,"Aff. No. :1230034
Sch. Code:35301","State : MANIPUR
District : IMPHAL-WEST",Secondary Level,"Name : SUNSHINE ACADEMY
Head/Principal Name: Sharadkumar Longjam","Address : MOIDANGPOK, IMPHAL WEST, LANGJING,
Website :"
424,"Aff. No. :1230027
Sch. Code:35294","State : MANIPUR
District : IMPHAL-WEST",Senior Secondary Level,"Name : THE LODESTAR PUBLIC SCHOOL
Head/Principal Name: KIMCHA KHONGSAI","Address : KHONGSAI VENG LAIPHAM KHUNORE, IMPHAL
Website : www.lodestarpublicschool.com"
425,"Aff. No. :1230028
Sch. Code:35296","State : MANIPUR
District : IMPHAL-WEST",Senior Secondary Level,"Name : THE EDEN PUBLIC SCHOOL
Head/Principal Name: KSHETRIMAYUM BINODKUMAR","Address : WANG KHEI AYANGPALLI ROAD, DISTT IMPHAL, MANIPUR
Website : www.theedenpublicschool.com"
426,"Aff. No. :1230021
Sch. Code:35288","State : MANIPUR
District : IMPHAL-WEST",Senior Secondary Level,"Name : CAMPS ENGLISH ACADEMY
Head/Principal Name: DR. A DANESHWARI DEVI","Address : KHAFAM LAMKHAI PO MANTRIPUKRI, DISTT IMPHAL MANIPUR
Website :"
427,"Aff. No. :1230016
Sch. Code:35285","State : MANIPUR
District : IMPHAL-WEST",Senior Secondary Level,"Name : BHAKTIVEDANTS INSITUTE MISSION HIGHER SECONDARY SCHOOL
Head/Principal Name: MD KHUSNOOR ALAM","Address : AIRPORT ROAD SANGAIPROU IMPHAL MANIPUR
Website : www.bimhrsecschool.net"
428,"Aff. No. :1230017
Sch. Code:35286","State : MANIPUR
District : IMPHAL-WEST",Senior Secondary Level,"Name : SHISHU NISTHA NIKETAN
Head/Principal Name: Sushili Laishram","Address : KWAKEITHEL MAYAIKOIBI IMPHAL MANIPUR CENTRAL, MANIPUR
Website : www.shishunisthaniketan.org"
429,"Aff. No. :1230023
Sch. Code:35290","State : MANIPUR
District : IMPHAL-WEST",Senior Secondary Level,"Name : THE MADHUMANGOL MEMORIAL HIGHER SECONDARY SCHOOL
Head/Principal Name: THOKCHOM MOHON SINGH","Address : YAIRIPOK ROAD WANGKHEI, IMPHAL EAST MANIPUR
Website : www.mmhrsecschool.in"
430,"Aff. No. :1230025
Sch. Code:35292","State : MANIPUR
District : IMPHAL-WEST",Senior Secondary Level,"Name : CENTRAL ACADEMY
Head/Principal Name: ARIBAM GOPESHWAR SHARMA","Address : KHABAM
Website : www.cetralacademyimphal.org"
431,"Aff. No. :1280001
Sch. Code:39334","State : MANIPUR
District : IMPHAL-WEST",Senior Secondary Level,"Name : SAINIK SCHOOL
Head/Principal Name: COL A RAJIV","Address : IMPHAL P B NO 21 IMPHAL MANIPUR
Website : www.ssimphal.nic.in"
432,"Aff. No. :1240009
Sch. Code:39344","State : MANIPUR
District : IMPHAL-WEST",Senior Secondary Level,"Name : JAWAHAR NAVODAYA VIDYALAYA
Head/Principal Name: LUNGSHIM HORAM","Address : YARALPAT PO POROMPAT BPO MOIRANG KAMPU DISTT IMPHAL EAST MANIPUR
Website : https://navodaya.gov.in/nvs/nvs-school/Imphal-East"
433,"Aff. No. :1240005
Sch. Code:39341","State : MANIPUR
District : IMPHAL-WEST",Senior Secondary Level,"Name : JAWAHAR NAVODAYA VIDYALAYA
Head/Principal Name: ELLORE GOLMEI","Address : KHUMBONG VIA- LANGJING IMPHAL MANIPUR
Website : https://navodaya.gov.in/nvs/nvs-school/Imphal-West"
434,"Aff. No. :1230051
Sch. Code:35321","State : MANIPUR
District : IMPHAL-WEST",Secondary Level,"Name : HUMAN RESOURCE DEVELOPEMENT, PHAYENG, IMPHAL WEST.
Head/Principal Name: SANJENBAM MANORANJAN SINGH","Address : PHAYENG BPO PHAYENG, PO. LAMSANG, 795146
Website : www.shrd.org.in"
435,"Aff. No. :1230052
Sch. Code:35322","State : MANIPUR
District : IMPHAL-WEST",Senior Secondary Level,"Name : CITY MONTESSORI HIGHER SECONDARY SCHOOL
Head/Principal Name: OINAM KUMAR MEITEI","Address : LAMBOIKHONGANGKHONG IMPHAL
Website : https://citymontessoriimphal.in"
436,"Aff. No. :1230053
Sch. Code:39606","State : MANIPUR
District : IMPHAL-WEST",Senior Secondary Level,"Name : TOLCHOU IBETON MEMORIAL ACADEMY
Head/Principal Name: NGANGOM SURJIT SINGH","Address : HIYANGTHANG MAYAI LAMBI ROAD PO CANCHIPUR PS SINGJAMEI
Website : http://timaedu.in/"
437,"Aff. No. :1230056
Sch. Code:35442","State : MANIPUR
District : IMPHAL-WEST",Secondary Level,"Name : RAMAKRISHNA MISSION SCHOOL
Head/Principal Name: Swami Atmavikasananda","Address : URIPOK BACHASPATI LEIKAI PO/PS/DIST.- IMPHAL WEST MANIPUR-795001
Website : https://imphal.rkmm.org/"
438,"Aff. No. :1230045
Sch. Code:35313","State : MANIPUR
District : IMPHAL-WEST",Senior Secondary Level,"Name : MANNU ENGLISH SCHOOL
Head/Principal Name: Dr YENGKOKPAM RANJAN SINGH","Address : NEW LAMBULANE, NEW CHECKON, IMPHAL,
Website : www.mannuenglishschool.org"
439,"Aff. No. :1230047
Sch. Code:35315","State : MANIPUR
District : IMPHAL-WEST",Senior Secondary Level,"Name : KINDERGARTEN MONTESSORI SCHOOL
Head/Principal Name: Dr Longjam Dhaneshor Singh","Address : SAGOLBAND TAKYEL KOLOM LEIKAI, IMPHAL WEST - 1
Website : www.kindergartenmontessorischool.in"
440,"Aff. No. :1230049
Sch. Code:35319","State : MANIPUR
District : IMPHAL-WEST",Senior Secondary Level,"Name : KIDS FOUNDATION
Head/Principal Name: Wahengbam Nishant","Address : AIRPORT ROAD, GHARI
Website : www.kidsfoundationimphal.com"
441,"Aff. No. :1230101
Sch. Code:35524","State : MANIPUR
District : IMPHAL-WEST",Senior Secondary Level,"Name : UNACCO SCHOOL, EXCELLENCE IN EDUCATION
Head/Principal Name: KONJENGBAM HELENTHOI DEVI","Address : MEITRAM MAKHA LEIKAI, IMPHAL WEST, MANIPUR
Website : www.unaccoschool.in"
442,"Aff. No. :1230042
Sch. Code:35309","State : MANIPUR
District : IMPHAL-WEST",Senior Secondary Level,"Name : ALPHA BCI MEMORIAL ACADEMY
Head/Principal Name: Dr. ROMILA SHIJA","Address : THANGMEIBAND HIJAM DEWAN LEIKAI
Website : www.alphabcimemorialacademy.in"
443,"Aff. No. :1230037
Sch. Code:35304","State : MANIPUR
District : IMPHAL-WEST",Senior Secondary Level,"Name : RK SANATOMBI VIDYALAYA,
Head/Principal Name: S Maniton Singh","Address : JIRIBAM, BAPUPARA, IMPHAL EAST
Website : www.rksanatombividyalaya.com"
444,"Aff. No. :1230038
Sch. Code:35305","State : MANIPUR
District : IMPHAL-WEST",Senior Secondary Level,"Name : RADIANT-STAR EDUCATION CENTRE
Head/Principal Name: JAGDISH CHANDRA PATNI","Address : KANGLATONGBI P.O KANGLATONGBI 795151
Website : www.radiantstareducationcentre.in"
445,"Aff. No. :1230039
Sch. Code:35306","State : MANIPUR
District : IMPHAL-WEST",Senior Secondary Level,"Name : ARECA SCHOOL
Head/Principal Name: Khanghemmeiru Gangmei","Address : NEAR 2ND M.R., NORTH AOC
Website : www.arecaschool.com"
446,"Aff. No. :1230040
Sch. Code:35307","State : MANIPUR
District : IMPHAL-WEST",Senior Secondary Level,"Name : ST. ANTHONY'S HIGH SCHOOL
Head/Principal Name: Suchitra Devi Potsangbam","Address : HEINGANG ROAD, POUMAI COLONY, CHINGMEIRONG
Website : https://stanthonymanipur.org/"
447,"Aff. No. :1280006
Sch. Code:35280","State : MANIPUR
District : IMPHAL-WEST",Secondary Level,"Name : JWALAMUKHI PUBLIC SCHOOL
Head/Principal Name: K Elizabeth","Address : C/O 21 ASSAM RIFLES C/O 99 APO MANIPUR
Website : www.arhighschoollairouching.com"
448,"Aff. No. :1280007
Sch. Code:35279","State : MANIPUR
District : IMPHAL-WEST",Senior Secondary Level,"Name : ASSAM RIFLES PUBLIC SCHOOL
Head/Principal Name: Sanjay Kumar","Address : KEITHELMANBI, BPO NEW KEITHAL, MAMBI, PO LANGJING, IMPHAL, WEST MANIPUR
Website : www.arpskeithelmanbi.org"
449,"Aff. No. :1280003
Sch. Code:39335","State : MANIPUR
District : IMPHAL-WEST",Senior Secondary Level,"Name : ASSAM RIFFLES PUBLIC SCHOOL
Head/Principal Name: DR ALKA JAIN","Address : MANTRIPUKHRI IMPHAL MANIPUR
Website : www.arpsmantripukhri.com"
450,"Aff. No. :1280009
Sch. Code:35318","State : MANIPUR
District : IMPHAL-WEST",Senior Secondary Level,"Name : NATIONAL SPORTS ACADEMY,
Head/Principal Name: Ranbir Sarangthem","Address : KHUMAN, LAMPAK, SPORTS COMPLEX, IMPHAL- 795 001
Website : www.nsaimphal.com"
451,"Aff. No. :1230048
Sch. Code:35317","State : MANIPUR
District : SENAPATI",Senior Secondary Level,"Name : MT EVEREST HIGHER SECONDARY SCHOOL, SENAPATI, MANIPUR
Head/Principal Name: ARJUN PRADHAN","Address : SENAPATI, TAPHOU PHYAMEI, MANIPUR
Website : http://www.mehssspt.com/"
452,"Aff. No. :1230100
Sch. Code:35503","State : MANIPUR
District : SENAPATI",Senior Secondary Level,"Name : ASUFÜ CHRISTIAN SCHOOL
Head/Principal Name: K LOHRII","Address : PUNANAMEI VILLAGE PO MAO GATE
Website : http://www.acsmaoedu.in/"
453,"Aff. No. :1240003
Sch. Code:39339","State : MANIPUR
District : SENAPATI",Senior Secondary Level,"Name : JAWAHAR NAVODAYA VIDYALAYA
Head/Principal Name: MANDHATA SINGH SISODIYA","Address : PFUKHRO MAO PO- MAO DT- SENAPATHI MANIPUR
Website : https://www.navodaya.gov.in/nvs/nvs-school/Senapati-1/en/hom"
454,"Aff. No. :1230026
Sch. Code:35293","State : MANIPUR
District : SENAPATI",Secondary Level,"Name : SAKLIM CHRISTIAN ENGLISH SCHOOL
Head/Principal Name: L V Makinei","Address : KATOMEI SENAPATI
Website : www.saklim.com"
455,"Aff. No. :1230030
Sch. Code:35297","State : MANIPUR
District : SENAPATI",Secondary Level,"Name : ASSAM RIFLE SCHOOL
Head/Principal Name: L SANI KHRASI","Address : 22, ASSAM RIFLES, C/O 99 APO, SENAPATI, MARAM, MANIPUR-795105
Website : www.arsmaram.org"
456,"Aff. No. :1230015
Sch. Code:35284","State : MANIPUR
District : SENAPATI",Senior Secondary Level,"Name : MT ZION ENGLISH SCHOOL
Head/Principal Name: SIBA LOHRII","Address : KATHIKHO KARONG SENAPATI DISTT MANIPUR
Website : www.mtzioncbsekarong.in"
457,"Aff. No. :1230008
Sch. Code:35277","State : MANIPUR
District : SENAPATI",Senior Secondary Level,"Name : NAZRETH RESIDENTIAL SCHOOL
Head/Principal Name: PURNIMA KAYINA","Address : OKHRO-IKHRO MAO GATE DISTT. SENAPATI, MANIPUR
Website : www.nrsmao.com"
458,"Aff. No. :1220001
Sch. Code:39616","State : MANIPUR
District : TAMENGLONG",Senior Secondary Level,"Name : EKLAVYA MODEL RESIDENTIAL SCHOOL TAMENGLONG
Head/Principal Name: Shaganglung Pamei","Address : FARMLAND, TAMENGLONG
Website : www.goschool.in/EMRSTML/"
459,"Aff. No. :1200006
Sch. Code:39352","State : MANIPUR
District : TAMENGLONG",Secondary Level,"Name : KENDRIYA VIDYALAYA
Head/Principal Name: BHALLAM ANIL RAJU","Address : TAMENGLONG, (TAMENGLONG HR. SEC. SECHOOL COMPLEX), TAMENGLONG, MANIPUR
Website : http://www.kvnhpclok.org"
460,"Aff. No. :1240008
Sch. Code:39343","State : MANIPUR
District : TAMENGLONG",Senior Secondary Level,"Name : JAWAHAR NAVODAYA VIDYALAYA
Head/Principal Name: KHIUCHUI ALEX PANMEI","Address : DUIGAILONG KHENJAREN- II PO- TAMENGLON MANIPUR
Website : https://navodaya.gov.in/nvs/nvs-school/Tamenglong/en/home/"
461,"Aff. No. :1280008
Sch. Code:35316","State : MANIPUR
District : THOUBAL",Secondary Level,"Name : ASSAM RIFLES JR HIGH SCHOOL
Head/Principal Name: YENGKHOM RAHUL SINGH","Address : P.S.- KAKCHING, DISTT. THOUBAL, MANIPUR
Website : www.arpskakching.com"
462,"Aff. No. :1230031
Sch. Code:35298","State : MANIPUR
District : THOUBAL",Secondary Level,"Name : GRACE COTTAGE CULTURAL & EDUCATIONAL DEVELOPMENT FOUNDATION
Head/Principal Name: Kshetrimayum Chaoba Singh","Address : KAKCHING MAKHA LEIKAI WARD NO. 11
Website : www.gracecottage.co.in"
463,"Aff. No. :1230036
Sch. Code:35303","State : MANIPUR
District : THOUBAL",Senior Secondary Level,"Name : RUDA ACADEMY
Head/Principal Name: ELANGBAM ROMIO SINGH","Address : THOUBAL WANGMATABA, WARD NO. 2, P.O. & P.S. THOUBAL, MANIPUR-795138
Website : www.rudaacademy.com"
464,"Aff. No. :1230022
Sch. Code:35289","State : MANIPUR
District : THOUBAL",Senior Secondary Level,"Name : SLOPE LAND PUBLIC SCHOOL
Head/Principal Name: NAHAKPAM CHINGLEMBA MEITEI","Address : SALT VILLAGE KHONGJOM MANIPUR
Website : https://slopelandpublicschool.com/"
465,"Aff. No. :1240001
Sch. Code:39337","State : MANIPUR
District : THOUBAL",Senior Secondary Level,"Name : JAWAHAR NAVODAYA VIDYALAYA
Head/Principal Name: ATOM KIRANKUMAR","Address : SANDUMBE ACHOUBA KAKCHING DT- THOUBAL MANIPUR
Website : https://navodaya.gov.in/nvs/nvs-school/Thoubal/en/"
466,"Aff. No. :1230152
Sch. Code:35577","State : MANIPUR
District : THOUBAL",Senior Secondary Level,"Name : BRIGHT FOUNDATION SCHOOL
Head/Principal Name: Dr. JOY SINGH OINAM","Address : KSHETRILEIKAI , PO & PS THOUBAL
Website : www.brightfoundationschool.com"
467,"Aff. No. :1240007
Sch. Code:39340","State : MANIPUR
District : UKHRUL",Senior Secondary Level,"Name : JAWAHAR NAVODAYA VIDYALAYA
Head/Principal Name: ASIT KUMAR PATTANAIK","Address : RAMVA VILL PO LAMLONG BAZAR DISTT UKHRUL MANIPUR
Website : https://navodaya.gov.in/nvs/nvs-school/Ukhrul-1/en/home/"
468,"Aff. No. :1240010
Sch. Code:39345","State : MANIPUR
District : UKHRUL",Senior Secondary Level,"Name : JAWAHAR NAVODYA VIDYALAYA JESSAMI UKHRUL II DIST, MANIPUR
Head/Principal Name: ARIBAM SURJEET SHARMA","Address : UKHRUL II DIST, MANIPUR
Website : https://www.navodaya.gov.in/nvs/nvs-school/Ukhrul"
469,"Aff. No. :1280002
Sch. Code:35282","State : MANIPUR
District : UKHRUL",Secondary Level,"Name : ASSAM RIFLES HIGH SCHOOL
Head/Principal Name: Surjeet Kumar","Address : SOMSAI UKHRUL DISTT MANIPUR
Website :"
470,"Aff. No. :1230024
Sch. Code:35291","State : MANIPUR
District : UKHRUL",Senior Secondary Level,"Name : LITTLE ANGLE'S ENGLISH SCHOOL
Head/Principal Name: SOSO SHAIZA","Address : TANGREI UKHRUL MANIPUR
Website : www.laesukhrul.com"
471,"Aff. No. :1200007
Sch. Code:39353","State : MANIPUR
District : UKHRUL",Senior Secondary Level,"Name : KENDRIYA VIDYALAYA
Head/Principal Name: CHIHANSO SHINGNAISUI","Address : NEAR TNL GROUND, WINO BAZAAR, UKHRUL, MANIPUR-795142
Website : https://ukhrul.kvs.ac.in/"
472,"Aff. No. :1220000
Sch. Code:39613","State : MANIPUR
District : KANGPOKPI",Senior Secondary Level,"Name : EKLAVYA MODEL RESIDENTIAL SCHOOL, GAMNOM SAPORMEINA
Head/Principal Name: DR. NGAMKHOHAO HAOKIP","Address : GAMNOM SAPORMEINA PO. MOTBUNG KANGPOKPI DISTRICT, MANIPUR
Website : www.emrsgamnom.in"
473,"Aff. No. :1230029
Sch. Code:35295","State : MANIPUR
District : KANGPOKPI",Senior Secondary Level,"Name : IDEAL ENGLISH SCHOOL
Head/Principal Name: Dr. Robert Safiur Rahman","Address : P.O. MOTBUNG DIST: KANGPOKPI
Website : www.idealschoolmanipur.in"
474,"Aff. No. :1240011
Sch. Code:39346","State : MANIPUR
District : KANGPOKPI",Senior Secondary Level,"Name : JAWAHAR NAVODYA VIDYALAYA
Head/Principal Name: PREM SHANKER YADAV","Address : SENAPATI II KANGPOKNI SADAR HILLS SENAPATI DIST, MANIPUR 795129
Website : https://navodaya.gov.in/nvs/nvs-school/Senapati-2/"
475,"Aff. No. :1230176
Sch. Code:35616","State : MANIPUR
District : KANGPOKPI",Secondary Level,"Name : APPLE BUDS ACADEMY
Head/Principal Name: Lhingneineng Kipgen","Address : SAPORMEINA, SAITU GAMPHAZOL
Website : https://applebudsacademy.com"
476,"Aff. No. :1230044
Sch. Code:35311","State : MANIPUR
District : KANGPOKPI",Secondary Level,"Name : J.N PUBLIC SCHOOL
Head/Principal Name: Mangnu Haokip","Address : KANGPOKPI ,SADAR HILLS, MANIPUR
Website : www.jnpschool.com"
477,"Aff. No. :1220150
Sch. Code:37562","State : MANIPUR
District : TENGNOUPAL",Senior Secondary Level,"Name : EKLAVYA MODEL RESIDENTIAL SCHOOL, MOREH
Head/Principal Name: Henkholun Touthang","Address : MOREH, PO/PS MOREH
Website : www.emrsmoreh.com"
478,"Aff. No. :1320051
Sch. Code:37740","State : MEGHALAYA
District : EAST GARO HILLS",Secondary Level,"Name : EKLAVYA MODEL RESIDENTIAL SCHOOL
Head/Principal Name: MURUGESAN NANDAGOPAL","Address : SAMANDA,EAST GARO HILLS,MEGHALAYA-794111, RIKWARENGGRE, CHIANG-PS,SAMANDA,794111, EMRS,SAMANDA,EAST GARO HILLS-794111
Website : www.tribal.nic.in"
479,"Aff. No. :1340001
Sch. Code:39319","State : MEGHALAYA
District : EAST GARO HILLS",Senior Secondary Level,"Name : JAWAHAR NAVODAYA VIDYALAYA
Head/Principal Name: RAVI KANT","Address : WILLIAM NAGAR EAST GARO HILLS MEGHALAYA
Website : https://navodaya.gov.in/nvs/nvs-school/East-Garo-Hills"
480,"Aff. No. :1340002
Sch. Code:39321","State : MEGHALAYA
District : EAST KHASI HILLS",Senior Secondary Level,"Name : JAWAHAR NAVODAYA VIDYALAYA
Head/Principal Name: SHANTTI KUMAR","Address : NIYANGBARI EAST KHASI HILLS MEGHALAYA
Website : https://navodaya.gov.in/nvs/nvs-school/Ri-Bhoi/en/"
481,"Aff. No. :1330100
Sch. Code:35590","State : MEGHALAYA
District : EAST KHASI HILLS",Senior Secondary Level,"Name : BDW INTERNATIONAL SCHOOL
Head/Principal Name: Roshan Kerketta","Address : NONGMENSONG, SHILLONG
Website : www.bdwinternationalschool.com"
482,"Aff. No. :1340007
Sch. Code:39325","State : MEGHALAYA
District : EAST KHASI HILLS",Senior Secondary Level,"Name : JAWAHAR NAVODAYA VIDYALAYA
Head/Principal Name: NEELAM SHARMA","Address : MAWPHLONG, EAST KHASI HILLS(1), DISTT. MEGHALAYA- 793121
Website : www.navodaya.gov.in/nvs/nvs-school/East-Khasi-Hills-1/en/hom"
483,"Aff. No. :1340008
Sch. Code:39326","State : MEGHALAYA
District : EAST KHASI HILLS",Senior Secondary Level,"Name : JAWAHAR NAVODAYA VIDYALAYA
Head/Principal Name: VILAS TAYDE","Address : MAWSYN RAM, DISTT. EAST KHASI HILLS-II, MEGHALAYA
Website : https://navodaya.gov.in/nvs/nvs-school/East-Khasi-Hills-2/en"
484,"Aff. No. :1330001
Sch. Code:35263","State : MEGHALAYA
District : EAST KHASI HILLS",Senior Secondary Level,"Name : B S F SR SEC SCHOOL
Head/Principal Name: SARLA MISHRA","Address : UMPLING SHILLONG MEGHALAYA
Website : www.bsfshshillong.org"
485,"Aff. No. :1330003
Sch. Code:35264","State : MEGHALAYA
District : EAST KHASI HILLS",Senior Secondary Level,"Name : B K BAJORIA SCHOOL
Head/Principal Name: VANDANA GUPTA","Address : BOYCE ROAD SHILLONG MEGHALAYA
Website : www.bkbajoriaschool.in"
486,"Aff. No. :1300002
Sch. Code:39327","State : MEGHALAYA
District : EAST KHASI HILLS",Senior Secondary Level,"Name : PM SHRI KENDRIYA VIDYALAYA
Head/Principal Name: DHIRENDRA BAHADUR SINGH","Address : HAPPY VALLEY SHILLONG MEGHALAYA
Website : https://happyvalley.kvs.ac.in/"
487,"Aff. No. :1300003
Sch. Code:39328","State : MEGHALAYA
District : EAST KHASI HILLS",Senior Secondary Level,"Name : PM SHRI KENDRIYA VIDYALAYA
Head/Principal Name: NAVINA KUMAR SRIVASTAVA","Address : EASTERN AIR COMMAND NONGLYER UPPER SHILLONG SHILLONG MEGHALAYA
Website : https://eacuppershillong.kvs.ac.in"
488,"Aff. No. :1300004
Sch. Code:39330","State : MEGHALAYA
District : EAST KHASI HILLS",Senior Secondary Level,"Name : KENDRIYA VIDYALAYA
Head/Principal Name: K ALUNG KHUMBA","Address : N E H U PERMANENT CAMPUS UMSHING SHILLONG MEGHALAYA
Website : www.nehushillong.kvs.ac.in"
489,"Aff. No. :1300005
Sch. Code:39331","State : MEGHALAYA
District : EAST KHASI HILLS",Senior Secondary Level,"Name : PM SHRI KENDRIYA VIDYALAYA AFS LAITKOR PEAK SHILLONG
Head/Principal Name: MON BAHADUR CHETTRI","Address : LAITKOR PEAK SHILLONG MEGHALAYA
Website : https://afsshillong.kvs.ac.in/"
490,"Aff. No. :1380001
Sch. Code:39316","State : MEGHALAYA
District : EAST KHASI HILLS",Senior Secondary Level,"Name : ARMY PUBLIC SCHOOL
Head/Principal Name: RAJEEVAN P","Address : SHILLONG CANTONMENT HEAD QRS 101 AREA C/O 99 APO, DISTT EAST KHASI HILLS, MEGHALAYA
Website : www.apsshillong.in"
491,"Aff. No. :1380003
Sch. Code:39318","State : MEGHALAYA
District : EAST KHASI HILLS",Secondary Level,"Name : ARMY PUBLIC SCHOOL HAPPY VALLEY
Head/Principal Name: DALIMI BARUAH","Address : ARMY SCHOOL HAPPY VALLEY 58 GORKHA TRAINING CENTRE HAPPY VALLEY SHILLONG, MEGHALAYA-793007
Website : www.apshappyvalley.co.in"
492,"Aff. No. :1380004
Sch. Code:35265","State : MEGHALAYA
District : EAST KHASI HILLS",Senior Secondary Level,"Name : ASSAM RIFLES PUBLIC SCHOOL
Head/Principal Name: SHAJU ACHANDY","Address : LAITKOR SHILLONG EAST KHASI HILLS 793010
Website : www.arpsshillong.com"
493,"Aff. No. :1340009
Sch. Code:39615","State : MEGHALAYA
District : EAST JAINTIA HILLS",Senior Secondary Level,"Name : JAWAHAR NAVODAYA VIDYALAYA
Head/Principal Name: Dr Raj Kumar","Address : VILL: RYMBAI, PO: LAD RYMBAI, DIST: EAST JAINTIA HILLS
Website : www.navodaya.gov.in/nvs/nvs-school/EAST-JAINTIA-HILLS/"
494,"Aff. No. :1330101
Sch. Code:35637","State : MEGHALAYA
District : EAST JAINTIA HILLS",Senior Secondary Level,"Name : SARASWATI VIDYA MANDIR
Head/Principal Name: Jandashisha sungoh","Address : KONGONG, WAPUNGSHNONG, NEAR NH-6
Website : www.sewtmeghalaya.in"
495,"Aff. No. :1330008
Sch. Code:35267","State : MEGHALAYA
District : EAST JAINTIA HILLS",Senior Secondary Level,"Name : STAR PUBLIC SCHOOL
Head/Principal Name: Dilip Kumar","Address : CEMENT MANUFACTURING COMPANY LIMITED, LUMSHNONG JAINTIA HILLS, KHLIEHRIAT, MEGHALAYA
Website : https://starpublicschool.co.in/mandatory-disclosure.php"
496,"Aff. No. :1340004
Sch. Code:39322","State : MEGHALAYA
District : EAST JAINTIA HILLS",Senior Secondary Level,"Name : PM SHRI SCHOOL JAWAHAR NAVODAYA VIDYALAYA
Head/Principal Name: NEERAJ KUMAR","Address : MUKHLA, DT- JAYANTIA HILLS, P.O. THADLASKEIN, MEGHALAYA
Website : https://navodaya.gov.in/nvs/nvs-school/WEST-JAINTIA-HILLS/en"
497,"Aff. No. :1330011
Sch. Code:35269","State : MEGHALAYA
District : RI BHOI",Senior Secondary Level,"Name : DELHI PUBLIC SCHOOL KHANAPARA
Head/Principal Name: MONMOYUREE BORKOTOKY","Address : KLING ROAD, 9TH MILE, OPP CRPF GATE CAMP, BARIDUA, MEGHALAYA-793101
Website : www.dpskhanapara.com"
498,"Aff. No. :1300006
Sch. Code:39332","State : MEGHALAYA
District : RI BHOI",Senior Secondary Level,"Name : PM SHRI KENDRIYA VIDYALAYA NEPA BARAPANI
Head/Principal Name: PRAVEEN KUMAR MISHRA","Address : NEPA BARAPANI MEGHALAYA
Website : https://nepabarapani.kvs.ac.in/"
499,"Aff. No. :1300007
Sch. Code:39333","State : MEGHALAYA
District : RI BHOI",Senior Secondary Level,"Name : PM SHRI KENDRIYA VIDYALAYA UMROI CANTT
Head/Principal Name: DEEPAK KUMAR BEDI","Address : UMROI CANTONMENT BARAPANI, RI-BHOI DISTT, MEGHALAYA
Website : https://umroicantt.kvs.ac.in/"
500,"Aff. No. :1330007
Sch. Code:35266","State : MEGHALAYA
District : RI BHOI",Senior Secondary Level,"Name : CHRIST SCHOOL
Head/Principal Name: Samantha","Address : CHRIST SCHOOL NONGSDER, UMIAM P.O., BARAPANI, MEGHALAYA
Website : www.christschoolshillong.in"
501,"Aff. No. :1320052
Sch. Code:37747","State : MEGHALAYA
District : RI BHOI",Secondary Level,"Name : EMRS PAHAMSYIEM, RI BHOI DISTRICT
Head/Principal Name: EKTA GUPTA","Address : VILLAGE- PAHAMSYIEM, POST OFFICE - NONGPOH, BLOCK- UMLING, POLICE STATION- NONGPOH
Website : https://emrsribhoi.in"
502,"Aff. No. :1380002
Sch. Code:39317","State : MEGHALAYA
District : RI BHOI",Secondary Level,"Name : ARMY PUBLIC SCHOOL
Head/Principal Name: Dr. Shipra Basu","Address : UMROI MILITARY STATION MEGHALAYA
Website : https://apsumroimilstn.com"
503,"Aff. No. :1300001
Sch. Code:39329","State : MEGHALAYA
District : WEST GARO HILLS",Senior Secondary Level,"Name : PM SHRI KENDRIYA VIDYALAYA TURA MEGHALAYA
Head/Principal Name: SUBHRAJIT BISWAS","Address : TURA WEST GARO HILLS MEGHALAYA
Website : https://tura.kvs.ac.in"
504,"Aff. No. :1340006
Sch. Code:39324","State : MEGHALAYA
District : WEST GARO HILLS",Senior Secondary Level,"Name : JAWAHAR NAVODAYA VIDYALAYA
Head/Principal Name: ABDUL GANI","Address : KENRIKONA, PO MAHEDERGANJ DISTT SOUTH WEST GARO HILLS MEGHALAYA
Website : https://navodaya.gov.in/nvs/nvs-school/South-West-Garo-Hills"
505,"Aff. No. :1340102
Sch. Code:39715","State : MEGHALAYA
District : WEST GARO HILLS",Secondary Level,"Name : JAWAHAR NAVODAYA VIDYALAYA WEST GARO HILLS
Head/Principal Name: DR. DIPAK CHANDRA DAS","Address : VILLAGE BANDUKLMALI, RMSA BUILDING, P.O. PHOTAMATI, BLOCK TIKRIKILLA , PERMANENT SITE SADOLPARA DADENGGRE
Website : https://navodaya.gov.in/nvs/ML/West-Garo-Hills"
506,"Aff. No. :1340003
Sch. Code:39320","State : MEGHALAYA
District : WEST GARO HILLS",Senior Secondary Level,"Name : JAWAHAR NAVODAYA VIDYALAYA
Head/Principal Name: PRAKASH KUMAR GUPTA","Address : BAGHMARA WEST GARO HILLS MEGHALAYA
Website : https://navodaya.gov.in/nvs/nvs-school/SOUTH-GARO-HILLS/en/a"
507,"Aff. No. :1330009
Sch. Code:35268","State : MEGHALAYA
District : WEST GARO HILLS",Senior Secondary Level,"Name : CAPT. WILLIAMS SCHOOL
Head/Principal Name: DEBZANIE MOMIN","Address : MATCHAKOLGRE OPP-SHERWOOD SCHOOL
Website : www.captwilliamsschooltura.com"
508,"Aff. No. :1330010
Sch. Code:35270","State : MEGHALAYA
District : WEST GARO HILLS",Senior Secondary Level,"Name : NOKREK HEIGHTS SCHOOL
Head/Principal Name: NENGSE M MARAK","Address : WALBAKGRE, NEAR BSF CAMP, TURA - 794101, WEST GARO HILLS, MEGHALAYA
Website : https://nokrekheightstura.com/"
509,"Aff. No. :1340005
Sch. Code:39323","State : MEGHALAYA
District : WEST KHASI HILLS",Senior Secondary Level,"Name : JAWAHAR NAVODAYA VIDYALAYA
Head/Principal Name: BRAJESH SINGH","Address : NONGPYNDENG PO- NONGSTOIN DT- WEST KHASI HILLS MEGHALAYA
Website : https://navodaya.gov.in/nvs/nvs-school/WEST-KHASI-HILLS/en/"
510,"Aff. No. :1340101
Sch. Code:39714","State : MEGHALAYA
District : NORTH GARO HILLS",Secondary Level,"Name : JAWAHAR NAVODAYA VIDYALAYA
Head/Principal Name: RAVI KANT","Address : RAJA APAL, POST BAJENGDOBA, NORTH GARO HILLS
Website : https://navodaya.gov.in/nvs/ML/North-Garo-Hills"
511,"Aff. No. :1340100
Sch. Code:39706","State : MEGHALAYA
District : SOUTH WEST KHASI HILLS",Senior Secondary Level,"Name : JAWAHAR NAVODAYA VIDYALAYA SOUTH WEST KHASI HILLS
Head/Principal Name: NILESH DANAPPAJI HINGMIRE","Address : MAWKYRWAT, SOUTH WEST KHASI HILLS
Website : https://navodaya.gov.in/nvs/nvs-school/South-West-Khasi-Hill"
512,"Aff. No. :1400002
Sch. Code:39380","State : NAGALAND
District : DIMAPUR",Senior Secondary Level,"Name : PM SHRI KENDRIYA VIDYALAYA
Head/Principal Name: M H SHIMRAY","Address : PROJECT SEWAK C/O 99 APO, DIMAPUR, NAGALAND
Website : www.dimapur.kvs.ac.in"
513,"Aff. No. :1400005
Sch. Code:39383","State : NAGALAND
District : DIMAPUR",Senior Secondary Level,"Name : KENDRIYA VIDYALAYA
Head/Principal Name: Vimal Kumar","Address : RANGAPAHAR CANTT. HQ 3 CORPS 939 (FPO) C/O 99 APO DIMAPUR NAGALAND
Website : https://rangapahar.kvs.ac.in"
514,"Aff. No. :1410008
Sch. Code:39375","State : NAGALAND
District : DIMAPUR",Senior Secondary Level,"Name : JAWAHAR NAVODAYA VIDYALAYA
Head/Principal Name: KHOLI DIKHO","Address : NIHOKHU, DIMAPUR, NAGALAND
Website : https://navodaya.gov.in/nvs/nvs-school/Dimapur/en/"
515,"Aff. No. :1430008
Sch. Code:35331","State : NAGALAND
District : DIMAPUR",Senior Secondary Level,"Name : DELHI PUBLIC SCHOOL
Head/Principal Name: G MALA","Address : 2 1/2 MILE DAROGAPATHAR DIMAPUR NAGALAND
Website : www.dpsdimapur.org"
516,"Aff. No. :1430012
Sch. Code:35334","State : NAGALAND
District : DIMAPUR",Senior Secondary Level,"Name : HOLLOTOLI SCHOOL
Head/Principal Name: CHUBAMENLA JAMIR","Address : N.H. 39, PADAMPUKHIRI, PURANA BAZAR
Website : https://hollotolischool.com"
517,"Aff. No. :1430017
Sch. Code:35341","State : NAGALAND
District : DIMAPUR",Secondary Level,"Name : CHARIS HIGH ACADEMY
Head/Principal Name: HRIIYIA KAYINA","Address : WARD-3,CHUMUKEDIMA,NEAR UCO BANK
Website : www.charishighacademy.edu.in"
518,"Aff. No. :1430018
Sch. Code:35342","State : NAGALAND
District : DIMAPUR",Senior Secondary Level,"Name : DMI ST. JOSEPH GLOBAL SCHOOL
Head/Principal Name: T ROSA MARY","Address : 414, VIRGIN TOWN, IKISHE MODEL VILLAGE,
Website : www.dmisjgs.org"
519,"Aff. No. :1430019
Sch. Code:35343","State : NAGALAND
District : DIMAPUR",Senior Secondary Level,"Name : HOPE ACADEMY
Head/Principal Name: RAJESH KUMAR DEY","Address : SEITHEKE BASA VILLAGE, DIMAPUR
Website : www.hopeacademydimapur.com"
520,"Aff. No. :1430021
Sch. Code:35447","State : NAGALAND
District : DIMAPUR",Senior Secondary Level,"Name : ST MARYS HIGHER SECONDARY SCHOOL
Head/Principal Name: NEENA DUTTA","Address : LATIKLA COMPLEX, NYAMO LOTHA ROAD, DIMAPUR
Website : www.stmarysdimapur.com"
521,"Aff. No. :1430023
Sch. Code:35443","State : NAGALAND
District : DIMAPUR",Secondary Level,"Name : SPRING VALLEY SCHOOL
Head/Principal Name: ZAKALI K YEPTHOMI","Address : SPRING VALLEY SCHOOL 3RD MILE ,HOUSE NO.216 ,CHEKIYE VILLAGE BLOCK 2
Website : www.thespringvalleyschool.com"
522,"Aff. No. :1430024
Sch. Code:35433","State : NAGALAND
District : DIMAPUR",Secondary Level,"Name : SHALOM PUBLIC SCHOOL
Head/Principal Name: MERENLA LONGCHAR","Address : SHALOM PUBLIC SCHOOL, NAGA CEMETERY ROAD, KIKHRURUZHA COLONY CHUMUKEDIMA DIMAPUR NAGALAND 797103
Website : www.spschumukedima.simplesite.com"
523,"Aff. No. :1430014
Sch. Code:35336","State : NAGALAND
District : DIMAPUR",Senior Secondary Level,"Name : LIVINGSTONE FOUNDATION INTERNATIONAL
Head/Principal Name: ANDREW AHOTO SEMA","Address : THAHEKHU/ KEVIJAU
Website : www.livingstonenagaland.com"
524,"Aff. No. :1430015
Sch. Code:35338","State : NAGALAND
District : DIMAPUR",Senior Secondary Level,"Name : MAPLE TREE SCHOOL
Head/Principal Name: PRITAM GHOSH","Address : 208, KASHIRAM RANGAPAHAR CANTONMENT ROAD DIMAPUR NAGALAND
Website : www.mapletreeschool.org"
525,"Aff. No. :1430026
Sch. Code:35528","State : NAGALAND
District : DIMAPUR",Secondary Level,"Name : SPRING BLOSSOMS ACADEMY
Head/Principal Name: Ram Shanker Singh","Address : BLOCK-7 THAHEKHU VILLAGE, DIMAPUR, NAGALAND- 797112
Website : www.springblossomsacademy.co.in"
526,"Aff. No. :1430076
Sch. Code:35638","State : NAGALAND
District : DIMAPUR",Secondary Level,"Name : THE SYLVAN SCHOOL
Head/Principal Name: SUZZANNE AYEMI","Address : HOLLOHON COLONY , P.O. ERALIBILL, DIMAPUR
Website : www.thesylvanschool.com"
527,"Aff. No. :1430077
Sch. Code:35651","State : NAGALAND
District : DIMAPUR",Secondary Level,"Name : BEANSTALK SCHOOL
Head/Principal Name: SUNGJEMONGLA","Address : H/NO. 200, SECTOR 4 - LANE 1 (A), LENGRIJAN, DIMAPUR
Website : https://beanstalkschooldimapur.com"
528,"Aff. No. :1480007
Sch. Code:39366","State : NAGALAND
District : DIMAPUR",Senior Secondary Level,"Name : ASSAM RIFLES TRAINING CENTRE HIGH
Head/Principal Name: KENEINGUNUO VIZO","Address : SCHOOL ARTC&S 3RD MILE DIMAPUR NAGALAND
Website : http://www.arpsdimapur.com"
529,"Aff. No. :1480001
Sch. Code:39367","State : NAGALAND
District : DIMAPUR",Senior Secondary Level,"Name : ARMY PUBLIC SCHOOL
Head/Principal Name: HIRA MANI SAIKIA","Address : RANGAPAHAR MILITARY STATION DIMAPUR NAGALAND
Website : www.apsrangapahar.org.in"
530,"Aff. No. :1480003
Sch. Code:35330","State : NAGALAND
District : DIMAPUR",Secondary Level,"Name : ASSAM RIFLES PUBLIC SCHOOL
Head/Principal Name: RAJESH KUMAR","Address : WOKHA, NAGALAND-797111
Website : www.arps-wokha.com"
531,"Aff. No. :1480004
Sch. Code:39368","State : NAGALAND
District : DIMAPUR",Secondary Level,"Name : ASSAM RIFLES PUBLIC SCHOOL (HIGH),
Head/Principal Name: Meera Rai","Address : MEDZIPHEMA, 9 ASSAM RIFLES, C/O 99 APO DISTT. DIMAPUR, NAGALAND-797106
Website : www.arsmedziphema.com"
532,"Aff. No. :1440010
Sch. Code:39378","State : NAGALAND
District : KIPHIRE",Secondary Level,"Name : JAWAHAR NAVODAYA VIDYALAYA
Head/Principal Name: Srinivasa Rao Dudipalli","Address : KIPHIRE, NAGALAND
Website : https://navodaya.gov.in/nvs/nvs-school/Kiphire/en/"
533,"Aff. No. :1440001
Sch. Code:39370","State : NAGALAND
District : KOHIMA",Senior Secondary Level,"Name : JAWAHAR NAVODAYA VIDYALAYA
Head/Principal Name: MAHESH PRASAD SHIVHARE","Address : YAKUKIE P B NO 172 KOHIMA NAGALAND
Website : https://navodaya.gov.in/nvs/nvs-school/Kohima/en/home/"
534,"Aff. No. :1430016
Sch. Code:35339","State : NAGALAND
District : KOHIMA",Senior Secondary Level,"Name : G RIO SCHOOL
Head/Principal Name: Temsu Waten","Address : POB 702, HIGH SCHOOL AREA, KOHIMA
Website : www.grskohima.com"
535,"Aff. No. :1430005
Sch. Code:35329","State : NAGALAND
District : KOHIMA",Secondary Level,"Name : ASSAM RIFLES SCHOOL
Head/Principal Name: MHOZIENUO KENGURUSE","Address : C/O 99 APO KOHIMA NAGALAND
Website : www.arhskohima.com"
536,"Aff. No. :1400006
Sch. Code:39384","State : NAGALAND
District : KOHIMA",Secondary Level,"Name : KENDRIYA VIDYALAYA
Head/Principal Name: UMESH CHANDRA","Address : CRPF CAMP LERIE HILL KOHIMA NAGALAND
Website : https://crpfkohima.kvs.ac.in/"
537,"Aff. No. :1400001
Sch. Code:39381","State : NAGALAND
District : MOKOKCHUNG",Senior Secondary Level,"Name : KENDRIYA VIDYALAYA
Head/Principal Name: V NANDKIRAN NAIK","Address : PAPER NAGAR TULI NAGALAND
Website : http://tuli.kvs.ac.in"
538,"Aff. No. :1430025
Sch. Code:35421","State : NAGALAND
District : MOKOKCHUNG",Secondary Level,"Name : RAJESHWARI KARUNA SCHOOL
Head/Principal Name: DR. MOAKUMLA AO","Address : RAJESHWARI KARUNA SCHOOL, TULI WATIYONGPANG AREA, WAMEKEN VALLEY, TULI SUBDIVISION, P.O. BOX 01 MOKOKCHUNG, NAGALAND- 798618
Website : http://rajeshwarikarunaschooltuli.org/about_us.asp"
539,"Aff. No. :1440005
Sch. Code:39373","State : NAGALAND
District : MOKOKCHUNG",Senior Secondary Level,"Name : JAWAHAR NAVODAYA VIDYALAYA LONGNAK
Head/Principal Name: SAGAR JANGID","Address : JAWAHAR NAVODAYA VIDYALAYA LONGNAK, BPO LONGNAK, PO MANGKOLEMBA
Website : https://navodaya.gov.in/nvs/nvs-school/Mokokchung/en/home/"
540,"Aff. No. :1480005
Sch. Code:35333","State : NAGALAND
District : MOKOKCHUNG",Secondary Level,"Name : ASSAM RIFLES SCHOOL
Head/Principal Name: Lovina Joute","Address : MOKOKCHUNG, NAGALAND
Website : www.arhs-mkg.in"
541,"Aff. No. :1440009
Sch. Code:39377","State : NAGALAND
District : MOKOKCHUNG",Senior Secondary Level,"Name : JAWAHAR NAVODAYA VIDYALAYA
Head/Principal Name: KIRAN DANGI","Address : LUMAMI ZUNHEDOTO P O MOKAKCHUNG BOX NO.12 NAGALAND UNIVERSITY LUMANI
Website : www.zunheboto.jnv.academy"
542,"Aff. No. :1480009
Sch. Code:35327","State : NAGALAND
District : MON",Secondary Level,"Name : ASSAM RIFLES HIGH SCHOOL
Head/Principal Name: TEJ KRISHAN","Address : PO NAGINIMA DISTT MON NAGALAND
Website : www.arhsnaginimora.com"
543,"Aff. No. :1440006
Sch. Code:39374","State : NAGALAND
District : MON",Senior Secondary Level,"Name : PM SHRI SCHOOL JAWAHAR NAVODAYA VIDYALAYA
Head/Principal Name: TAJBER SINGH","Address : WAKCHING P.O, DISTT MON NAGALAND
Website : https://navodaya.gov.in/nvs/nvs-school/Mon/en/about_us/About"
544,"Aff. No. :1420053
Sch. Code:37746","State : NAGALAND
District : MON",Secondary Level,"Name : EKLAVYA MODEL RESIDENTIAL SCHOOL, TIZIT
Head/Principal Name: BENDANGLA AO","Address : NEAR ASSAM RIFLES CHECK GATE, TIZIT, NGANGTING VILLAGE, TIZIT, NGANGTING VILLAGE, TIZIT 798602, MON
Website : https://www.emrstizit.com"
545,"Aff. No. :1430013
Sch. Code:35335","State : NAGALAND
District : PEREN",Senior Secondary Level,"Name : SAINIK SCHOOL
Head/Principal Name: COL DR SMITA MISRA","Address : PUNGLWA P.O., PEREN DISTRICT
Website : https://sainikschoolpunglwa.nic.in"
546,"Aff. No. :1440007
Sch. Code:39376","State : NAGALAND
District : PEREN",Senior Secondary Level,"Name : JAWAHAR NAVODAYA VIDYALAYA
Head/Principal Name: Kewelhilo Kapfo","Address : JALUKIE-B, PEREN, NAGALAND
Website : www.navodaya.gov.in/nvs/nvs-school/Peren/en/home"
547,"Aff. No. :1480010
Sch. Code:35340","State : NAGALAND
District : PEREN",Secondary Level,"Name : ASSAM RIFLES SCHOOL
Head/Principal Name: METSISENO KROSE","Address : JALUKIE,P.B.NO.24, DISTT.PEREN, NAGALAND-797110
Website : www.arpsjalukie.com"
548,"Aff. No. :1440004
Sch. Code:39372","State : NAGALAND
District : PHEK",Senior Secondary Level,"Name : JAWAHAR NAVODAYA VIDYALAYA
Head/Principal Name: BESII KOLLO","Address : PHEK ZUKETSA VIL- FUTSERO DT - PHEK NAGALAND
Website : https://navodaya.gov.in/nvs/nvs-school/Phek/en/home/"
549,"Aff. No. :1420051
Sch. Code:37733","State : NAGALAND
District : PHEK",Middle Class,"Name : ASSAM RIFLES PUBLIC SCHOOL, PHEK (NAGALAND)
Head/Principal Name: ARLEEN KAUR","Address : ASSAM RIFLES CAMP GATE 1, ASSAM RIFLES CAMP GATE 1, ASSAM RIFLES CAMP GATE 1
Website : https://www.arps.phek.com"
550,"Aff. No. :1420052
Sch. Code:37742","State : NAGALAND
District : TUENSANG",Secondary Level,"Name : EKLAVYA MODEL RESIDENTIAL SCHOOL TUENSANG
Head/Principal Name: Arenjungla","Address : SAKSI, 3RD NAP, TUENSANG, NAGALAND
Website : https://emrstuensang.com"
551,"Aff. No. :1430006
Sch. Code:35328","State : NAGALAND
District : TUENSANG",Secondary Level,"Name : ASSAM RIFLES SCHOOL
Head/Principal Name: Richa Mudgal","Address : TUENSANG 4 ASSAM RIFLES C/O 99 APO
Website : www.arhstuensang.com"
552,"Aff. No. :1440003
Sch. Code:39369","State : NAGALAND
District : TUENSANG",Secondary Level,"Name : PM SHRI SCHOOL JAWAHAR NAVODAYA VIDYALAYA
Head/Principal Name: HUKAM SINGH","Address : B P O CHARE VIA- MOKOKCHUNG DT - TUENSANG NAGALAND
Website : www.navodaya.gov.in/nvs/nvs-school/Tuensang/en"
553,"Aff. No. :1440002
Sch. Code:39371","State : NAGALAND
District : WOKHA",Senior Secondary Level,"Name : PM SHRI SCHOOL JAWAHAR NAVODAYA VIDYALAYA
Head/Principal Name: BIJAY KUMAR GUPTA","Address : PO- CHUKITONG DT- WOKHA NAGALAND
Website : http://www.navodaya.gov.in/nvs/nvs-school/wokha/en"
554,"Aff. No. :1430001
Sch. Code:35326","State : NAGALAND
District : WOKHA",Secondary Level,"Name : VIVEKANAND KENDRA VIDYALAYA
Head/Principal Name: TANMAY SARKAR","Address : (NEEPCO) DOYANG POST DOYANG DISTT WOKHA PB NO 29 POST GOLAGHAT NAGALAND
Website : https://doyang.vkv.in/"
555,"Aff. No. :1400007
Sch. Code:39620","State : NAGALAND
District : ZUNHEBOTO",Secondary Level,"Name : KV LUMAMI NU
Head/Principal Name: AMIT KUMAR GUPTA","Address : KV LUMAMI NU, LUMAMI DIST ZUNHEBOTO PIN 798627
Website : https://lumaminu.kvs.ac.in/"
556,"Aff. No. :1480006
Sch. Code:35337","State : NAGALAND
District : ZUNHEBOTO",Secondary Level,"Name : ASSAM RIFLES SCHOOL, ZUNHEBOTO
Head/Principal Name: AMRENDRA KUMAR","Address : 32 ASSAM RIFLES, C/O, 99 APO- 932032, ZUNHEBOTO, NAGALAND
Website : www.assamriflesschoolzunheboto.com"
557,"Aff. No. :1440011
Sch. Code:39379","State : NAGALAND
District : LONGLENG",Senior Secondary Level,"Name : JAWAHAR NAVODAYA VIDYALAYA
Head/Principal Name: MOMI KOLITA","Address : TANGHA VILLAGE, DISTT & P.O. LONGLENG, NAGALAND
Website : https://navodaya.gov.in/nvs/nvs-school/Longleng/en/home/"
558,"Aff. No. :1430074
Sch. Code:35621","State : NAGALAND
District : CHUMOUKEDIMA",Secondary Level,"Name : SHEMROCK SCHOOL
Head/Principal Name: KHRIEKERHENUO KEHIE","Address : 4TH MILE, CHUMOUKEDIMA
Website : https://shemrockdimapur.in"
559,"Aff. No. :1430075
Sch. Code:35633","State : NAGALAND
District : CHUMOUKEDIMA",Secondary Level,"Name : TUYITU FOUNDATION SCHOOL
Head/Principal Name: JINTHUIBO","Address : 4TH MILE,, DIPHUPAR, CHUMOUKEDIMA
Website : https://tuyitufoundationschool.in/"
560,"Aff. No. :1820007
Sch. Code:37204","State : SIKKIM
District : EAST SIKKIM",Senior Secondary Level,"Name : GOVT SR SEC SCHOOL
Head/Principal Name: LEKHRAJ POKHREL","Address : CENTRAL PENDAM VIA- RANGPO DUGA EAST SIKKIM
Website : https://sites.google.com/cbseshiksha.in/cpsss"
561,"Aff. No. :1800001
Sch. Code:39584","State : SIKKIM
District : EAST SIKKIM",Senior Secondary Level,"Name : KENDRIYA VIDYALAYA
Head/Principal Name: BIKASH KUMAR MURMU","Address : TADONG GANGTOK EAST SIKKIM
Website : https://gangtok.kvs.ac.in"
562,"Aff. No. :1800002
Sch. Code:39585","State : SIKKIM
District : EAST SIKKIM",Senior Secondary Level,"Name : KENDRIYA VIDYALAYA
Head/Principal Name: YOGESH SWAMI","Address : NHPC SINGTAM EAST SIKKIM
Website : https://nhpcsingtam.kvs.ac.in/"
563,"Aff. No. :180185
Sch. Code:","State : SIKKIM
District : EAST SIKKIM",Secondary Level,"Name : GOVT SEC SCHOOL
Head/Principal Name: SH DHARNI PRASAD NEOPANEY","Address : TAREYPHANG, EAST SIKKIM, PO BERING,
Website :"
564,"Aff. No. :1820001
Sch. Code:37222","State : SIKKIM
District : EAST SIKKIM",Senior Secondary Level,"Name : GOVT. SIR T N SR. SEC. SCHOOL,
Head/Principal Name: SAROJA PRADHAN","Address : GANGTOK EAST SIKKIM
Website : www.sirtnsss.in"
565,"Aff. No. :1820002
Sch. Code:37221","State : SIKKIM
District : EAST SIKKIM",Senior Secondary Level,"Name : PALJOR NAMGYAL GIRLS SR SEC SCHOOL
Head/Principal Name: IVAN DORJEE LEPCHA","Address : GANGTOK EAST SIKKIM
Website : www.pngschool.edu.in"
566,"Aff. No. :1820003
Sch. Code:37224","State : SIKKIM
District : EAST SIKKIM",Senior Secondary Level,"Name : GOVT. SR. SEC. SCHOOL,
Head/Principal Name: KARMA SONAM BHUTIA","Address : ENCHEY EAST SIKKIM
Website : https://sites.google.com/view/encheyssschool"
567,"Aff. No. :1820004
Sch. Code:37205","State : SIKKIM
District : EAST SIKKIM",Senior Secondary Level,"Name : GOVT WEST POINT SR.SEC. SCHOOL,
Head/Principal Name: Jagan Nath Bhattarai","Address : GANGTOK, EAST SIKKIM
Website : https://westpointgangtok.wixsite.com/main"
568,"Aff. No. :1820005
Sch. Code:37220","State : SIKKIM
District : EAST SIKKIM",Senior Secondary Level,"Name : MODERN GOVT. SEC SCHOOL
Head/Principal Name: MALA JIGDAL DORJEE","Address : GANGTOK SIKKIM
Website : https://www.modernsss.com"
569,"Aff. No. :1820011
Sch. Code:37207","State : SIKKIM
District : EAST SIKKIM",Senior Secondary Level,"Name : GOVT. SR SEC SCHOOL
Head/Principal Name: PRADEEP SHARMA","Address : SAMDONG EAST SIKKIM
Website : https://samdongsss.blogspot.com/"
570,"Aff. No. :1820012
Sch. Code:37214","State : SIKKIM
District : EAST SIKKIM",Senior Secondary Level,"Name : GOVT. SR SEC SCHOOL
Head/Principal Name: TSHERING DOMA BHUTIA","Address : SONG VIA- SINGTAM EAST SIKKIM
Website : www.sangsss.com"
571,"Aff. No. :1820015
Sch. Code:37203","State : SIKKIM
District : EAST SIKKIM",Senior Secondary Level,"Name : PM SHRI GOVERNMENT SENIOR SECONDARY SCHOOL SINGTAM
Head/Principal Name: SURESH KUMAR PRADHAN","Address : SINGTAM EAST SIKKIM
Website : www.singtamsss.com"
572,"Aff. No. :1820016
Sch. Code:37213","State : SIKKIM
District : EAST SIKKIM",Senior Secondary Level,"Name : PM SHRI GOVERNMENT SENIOR SECONDARY SCHOOL, RHENOCK
Head/Principal Name: HOM NATH SHARMA","Address : RHENOCK EAST SIKKIM
Website : HTTPS://rhenocksss.blogspot.com"
573,"Aff. No. :1820018
Sch. Code:37219","State : SIKKIM
District : EAST SIKKIM",Senior Secondary Level,"Name : GOVT SR SEC SCHOOL
Head/Principal Name: DEEPAK SHARMA","Address : DIKLING PAKYONG EAST SIKKIM
Website : www.diklingsss.com"
574,"Aff. No. :1820022
Sch. Code:37211","State : SIKKIM
District : EAST SIKKIM",Senior Secondary Level,"Name : PM SHRI CHANDRALAL SHARMA GOVERNEMNT SENIOR SECONDARY SCHOOL CHUJACHEN
Head/Principal Name: SUMAN CHETTRI","Address : RONGLI CHUJACHEN EAST SIKKIM
Website : Hhttps://academycalendar.school.blog"
575,"Aff. No. :1820023
Sch. Code:37210","State : SIKKIM
District : EAST SIKKIM",Senior Secondary Level,"Name : GOVT SR. SEC SCHOOL
Head/Principal Name: RAJENDRA POKHREL","Address : SMC RANGPO EAST SIKKIM
Website : www.govtsssrangpo.blogspot.com"
576,"Aff. No. :1820024
Sch. Code:37265","State : SIKKIM
District : EAST SIKKIM",Secondary Level,"Name : GOVT SECONDARY SCHOOL
Head/Principal Name: Bhuwan Sapkota","Address : LINKEY PO - BIRING VIA- RANIPOOL EAST SIKKIM
Website : www.linkeyschool1952.blogspot.com"
577,"Aff. No. :1820025
Sch. Code:37217","State : SIKKIM
District : EAST SIKKIM",Senior Secondary Level,"Name : PM SHRI BIRASPATI PARSAI GOVT. SR. SEC. SCHOOL
Head/Principal Name: SANDHYA SHARMA","Address : RANIPOOL EAST SIKKIM
Website : www.biraspatiss.blogspot.com"
578,"Aff. No. :1820026
Sch. Code:37223","State : SIKKIM
District : EAST SIKKIM",Senior Secondary Level,"Name : PM SHRI GOVERNMENT GIRLS SENIOR SECONDARY SCHOOL DEORALI
Head/Principal Name: ANITA KAPHLEY","Address : DEORALI GANGTOK SIKKIM
Website : https://sites.google.com/view/deoraligirlsss/home"
579,"Aff. No. :1820027
Sch. Code:37225","State : SIKKIM
District : EAST SIKKIM",Senior Secondary Level,"Name : GOVT SR SEC SCHOOL
Head/Principal Name: KESHAV GAUTAM","Address : ASSAM LINGZEY GANGTOK EAST SIKKIM
Website : www.sites.google.com/view/assamlingzeysss/home"
580,"Aff. No. :1820040
Sch. Code:37202","State : SIKKIM
District : EAST SIKKIM",Senior Secondary Level,"Name : PM SHRI SONAMATI MEMORIAL GOVERNMENT SENIOR SECONDARY SCHOOL
Head/Principal Name: Choden Kazi","Address : KHAMDONG, EAST SIKKIM,
Website : www.smgsss.com"
581,"Aff. No. :1820045
Sch. Code:37218","State : SIKKIM
District : EAST SIKKIM",Secondary Level,"Name : GOVT SEC SCHOOL
Head/Principal Name: SOVAN PRADHAN","Address : MIDDLE CAMP EAST SIKKIM
Website : www.middlecampss.wordpress.com"
582,"Aff. No. :1820047
Sch. Code:37208","State : SIKKIM
District : EAST SIKKIM",Senior Secondary Level,"Name : GOVT SR. SEC SCHOOL
Head/Principal Name: SANTOSH KUMAR CHHETRI","Address : DIKCHU EAST SIKKIM
Website : http://www.dikchusss.com"
583,"Aff. No. :1820055
Sch. Code:37216","State : SIKKIM
District : EAST SIKKIM",Senior Secondary Level,"Name : GOVT SR SEC SCHOOL
Head/Principal Name: DECHEN ONGMO BHUTIA","Address : RUMTEK RAWTEY EAST SIKKIM
Website : www.rumteksss.com"
584,"Aff. No. :1820056
Sch. Code:37248","State : SIKKIM
District : EAST SIKKIM",Senior Secondary Level,"Name : GOVT SR SEC SCHOOL
Head/Principal Name: Bhavana Gurung","Address : LINGDOK VIA- GANGTOK SIKKIM
Website : https://www.lingdoksss.info"
585,"Aff. No. :1820057
Sch. Code:37206","State : SIKKIM
District : EAST SIKKIM",Senior Secondary Level,"Name : GOVT SR SEC SCHOOL
Head/Principal Name: ASHIS THAPA","Address : RANKA DHAJEY GANGTOK EAST SIKKIM
Website : https://sites.google.com/view/rankassschool"
586,"Aff. No. :1820066
Sch. Code:37267","State : SIKKIM
District : EAST SIKKIM",Senior Secondary Level,"Name : GOVT. SR. SEC. SCHOOL
Head/Principal Name: SEKHAR CHETTRI","Address : KITAM SOUTH SIKKIM
Website : https://www.blogger.com/blog/posts/7113374259502506"
587,"Aff. No. :1820067
Sch. Code:37266","State : SIKKIM
District : EAST SIKKIM",Secondary Level,"Name : GOVT. SEC SCHOOL
Head/Principal Name: KARMA CHIMEE BHUTIA","Address : PENLONG EAST SIKKIM
Website : www.penlongsecondaryschool.wordpress.com"
588,"Aff. No. :1820063
Sch. Code:37212","State : SIKKIM
District : EAST SIKKIM",Secondary Level,"Name : GOVT SEC SCHOOL
Head/Principal Name: SURJA KUMAR RAI","Address : PHADAMCHEN VIA- RONGLI EAST SIKKIM
Website : www.phadamchenss.sikedu.org"
589,"Aff. No. :1820064
Sch. Code:37209","State : SIKKIM
District : EAST SIKKIM",Senior Secondary Level,"Name : GOVT SR SEC SCHOOL
Head/Principal Name: RADHA SHARMA","Address : MAMRING BIRING EAST SIKKIM
Website : www.mamringsss.com"
590,"Aff. No. :1820071
Sch. Code:37271","State : SIKKIM
District : EAST SIKKIM",Senior Secondary Level,"Name : GOVT. SR. SEC. SCHOOL
Head/Principal Name: SANGEETA KHARGA","Address : TADONG EAST SIKKIM
Website : https://sikkimschools.com/tadong"
591,"Aff. No. :1820074
Sch. Code:37272","State : SIKKIM
District : EAST SIKKIM",Secondary Level,"Name : GOVT SECONDARY SCHOOL
Head/Principal Name: YANGKILA LAMA","Address : DUGA VIA- RANGPO EAST SIKKIM
Website : https://dugaschool.wordpress.com/"
592,"Aff. No. :1820078
Sch. Code:37282","State : SIKKIM
District : EAST SIKKIM",Secondary Level,"Name : TATHANGCHEN SECONDARY SCHOOL
Head/Principal Name: YANGCHEN LHAMU BHUTIA","Address : TATHANGCHEN PO- RAJBHAWAN GANGTOK SIKKIM
Website :"
593,"Aff. No. :1820079
Sch. Code:37280","State : SIKKIM
District : EAST SIKKIM",Senior Secondary Level,"Name : GOVT SR.SEC SCHOOL
Head/Principal Name: Sushma Tewari","Address : MACHONG PO- LINKEY EAST SIKKIM
Website : https://www.machonggovtsss.com"
594,"Aff. No. :1820080
Sch. Code:37279","State : SIKKIM
District : EAST SIKKIM",Secondary Level,"Name : GOVT SEC SCHOOL
Head/Principal Name: KARMA CHOPEL BHUTIA","Address : NANDOK PO- RANIPOOL EAST SIKKIM
Website : https://sites.google.com/view/nandoksschool"
595,"Aff. No. :1820083
Sch. Code:37283","State : SIKKIM
District : EAST SIKKIM",Senior Secondary Level,"Name : KHY DE KHANG SEC SCHOOL
Head/Principal Name: KARMA DOMA GYATSO","Address : KYI-DE-KHANG PO- GANGTOK SIKKIM
Website : https://kyidekhangschool.in"
596,"Aff. No. :1820090
Sch. Code:37297","State : SIKKIM
District : EAST SIKKIM",Secondary Level,"Name : GOVT. SEC SCHOOL
Head/Principal Name: Durga D Dahal","Address : TARPIN PO- RHENOCK EAST SIKKIM
Website : https://tarpinsecondaryschool.wordpress.com"
597,"Aff. No. :1820093
Sch. Code:37290","State : SIKKIM
District : EAST SIKKIM",Senior Secondary Level,"Name : GOVT. SEC SCHOOL
Head/Principal Name: ROSHAN CHANDRA DAHAL","Address : LUING EAST SIKKIM
Website : https://emmis.sikkim.gov.in/web/luingsss"
598,"Aff. No. :1820104
Sch. Code:37307","State : SIKKIM
District : EAST SIKKIM",Secondary Level,"Name : GOVT SECONDARY SCHOOL
Head/Principal Name: Tek Nath Poudyal","Address : ARITAR EAST SIKKIM
Website : https://sites.google.com/view/aritarss/home"
599,"Aff. No. :1820105
Sch. Code:37308","State : SIKKIM
District : EAST SIKKIM",Senior Secondary Level,"Name : GOVT. SR. SEC. SCHOOL,
Head/Principal Name: SARITA PRADHAN","Address : MAKHA EAST SIKKIM
Website : wwwsssmakha.com"
600,"Aff. No. :1820106
Sch. Code:37304","State : SIKKIM
District : EAST SIKKIM",Secondary Level,"Name : GOVT SEC SCHOOL
Head/Principal Name: GANESH KUMAR CHETTRI","Address : SUDUNGLAKHA EAST SIKKIM
Website : www.sudunglakhass.blogspot.com"
601,"Aff. No. :1820109
Sch. Code:37305","State : SIKKIM
District : EAST SIKKIM",Secondary Level,"Name : GOVT SEC SCHOOL
Head/Principal Name: ISAAC LEPCHA","Address : AHO SHANTI PO EAST SIKKIM
Website : https://emmis.sikkim.gov.in/web/aho-shanti-ss"
602,"Aff. No. :1820110
Sch. Code:37309","State : SIKKIM
District : EAST SIKKIM",Secondary Level,"Name : GOVT SECONDARY SCHOOL
Head/Principal Name: DIKI BHUTIA","Address : DALAPCHAND EAST SIKKIM
Website : https://sites.google.com/view/dalapchandss"
603,"Aff. No. :1820113
Sch. Code:37310","State : SIKKIM
District : EAST SIKKIM",Secondary Level,"Name : GOVT SEC SCHOOL NAZITAM
Head/Principal Name: Tseten Dolma Bhutia","Address : MARTAM EAST SIKKAM
Website : https://sites.google.com/view/govt-secondaryschoolnazitam-co"
604,"Aff. No. :1820114
Sch. Code:37311","State : SIKKIM
District : EAST SIKKIM",Secondary Level,"Name : GOVT SEC SCHOOL
Head/Principal Name: JAI KUMAR SHARMA","Address : LINGTAM VIA RONGLI EAST SIKKIM
Website : www.lingtamss.in"
605,"Aff. No. :1820097
Sch. Code:37289","State : SIKKIM
District : EAST SIKKIM",Senior Secondary Level,"Name : GOVERNMENT SR. SECONDARY SCHOOL
Head/Principal Name: Dr. Jag Maya Chettri","Address : NAMCHEYBONG PAKYONG EAST SIKKIM-737 106
Website : https://namcheybongsss.com/"
606,"Aff. No. :1820126
Sch. Code:37325","State : SIKKIM
District : EAST SIKKIM",Senior Secondary Level,"Name : GOVERNMENT SECONDARY SCHOOL
Head/Principal Name: KARNA BAHADUR LIMBOO","Address : P.O. PABYUIK, NAITAM EAST SIKKIM-737 102
Website : http://www.sites.google.com/view/pabyuiksc"
607,"Aff. No. :1820127
Sch. Code:37326","State : SIKKIM
District : EAST SIKKIM",Senior Secondary Level,"Name : GOVERNMENT SENIOR SECONDARY SCHOOL SICHEY
Head/Principal Name: YANGCHUK DONKA","Address : SICHEY PO GANGTOK EAST SIKKIM
Website : www.sicheyss.sikedu.org"
608,"Aff. No. :1820128
Sch. Code:37327","State : SIKKIM
District : EAST SIKKIM",Secondary Level,"Name : GOVT SECONDARY SCHOOL
Head/Principal Name: PRIYADARSHANI PRADHAN","Address : SIRWANI PO SINGTAM EAST SIKKIM
Website : www.sirwaniss.wordpress.com"
609,"Aff. No. :1820129
Sch. Code:37328","State : SIKKIM
District : EAST SIKKIM",Secondary Level,"Name : GOVT SEC SCHOOL
Head/Principal Name: TIKA DAS KOIRALA","Address : TUMIN PO TUMIN EAST SIKKIM
Website : www.tuminss.blogspot.com"
610,"Aff. No. :1820134
Sch. Code:37330","State : SIKKIM
District : EAST SIKKIM",Secondary Level,"Name : GOVT SECONDARY SCHOOL
Head/Principal Name: AMBIKA TAMANG","Address : LOWER SUMIN EAST SIKKIM
Website : https://governmentsecondaryschoollowersumin.wordpr"
611,"Aff. No. :1820135
Sch. Code:37329","State : SIKKIM
District : EAST SIKKIM",Secondary Level,"Name : GOVT SEC SCHOOL
Head/Principal Name: MAHENDRA SHARMA","Address : PADAMCHEY PO PACHAK EAST SIKKIM
Website : https://padamcheyss.wordpress.com"
612,"Aff. No. :1820136
Sch. Code:37399","State : SIKKIM
District : EAST SIKKIM",Senior Secondary Level,"Name : GREEN DALE SCHOOL
Head/Principal Name: TABITA PRADHAN","Address : NEAR ICAR COMPLEX PO TADANG GANGTOK SIKKIM
Website : www.greendaleschool.org.in"
613,"Aff. No. :1820137
Sch. Code:37400","State : SIKKIM
District : EAST SIKKIM",Senior Secondary Level,"Name : LITTLE ANGEL SCHOOL
Head/Principal Name: LUKE SUNWAR","Address : NANDOK PO RANIPOOL EAST SIKKIM
Website : https://sites.google.com/view/littleangelschool97/home"
614,"Aff. No. :1840004
Sch. Code:39583","State : SIKKIM
District : EAST SIKKIM",Senior Secondary Level,"Name : JAWAHAR NAVODAYA VIDYALAYA
Head/Principal Name: Updesh Chandra","Address : P.O. PAKYONG, EAST SIKKIM
Website : https://navodaya.gov.in/nvs/nvs-school/EAST-SIKKIM"
615,"Aff. No. :1880001
Sch. Code:39494","State : SIKKIM
District : EAST SIKKIM",Senior Secondary Level,"Name : ARMY PUBLIC SCHOOL
Head/Principal Name: SANJOK LAMA","Address : LIBING POST TADONG GANGTOK SIKKIM
Website : www.apsgangtok.com"
616,"Aff. No. :1820216
Sch. Code:37452","State : SIKKIM
District : EAST SIKKIM",Secondary Level,"Name : GOVERNMENT SECONDARY SCHOOL RALEY
Head/Principal Name: KARMA NAMGYAL BHUTIA","Address : RALEY EAST SIKKIM
Website : https://raleyss.blogspot.com"
617,"Aff. No. :1820217
Sch. Code:37453","State : SIKKIM
District : EAST SIKKIM",Secondary Level,"Name : GOVERNMENT SECONDARY SCHOOL, RONGLI
Head/Principal Name: SHABNUM GOLAY","Address : RONGLI BAZAR EAST SIKKIM
Website : https://emmis.sikkim.gov.in/web/kptgssr"
618,"Aff. No. :1820219
Sch. Code:37455","State : SIKKIM
District : EAST SIKKIM",Senior Secondary Level,"Name : GOVERNMENT SECONDARY SCHOOL BERING
Head/Principal Name: PADAM BDR. SUBBA","Address : P O PAKYONG PS PAKYONG EAST SIKKIM
Website : www.sikkimschools.com/beringss"
619,"Aff. No. :1820221
Sch. Code:37457","State : SIKKIM
District : EAST SIKKIM",Secondary Level,"Name : GOVERNMENT SECONDARY SCHOOL CHANATAR RANGPO
Head/Principal Name: KARMA CHODEN PALJOR","Address : GOVERNMENT SECONDARY SCHOOL CHANATAR RANGPO EAST SIKKIM
Website : www.chanatarss.com"
620,"Aff. No. :1820222
Sch. Code:37458","State : SIKKIM
District : EAST SIKKIM",Secondary Level,"Name : GOVT.SEC.SCHOOL MULUKEY
Head/Principal Name: ARUN SHARMA","Address : LOWER MULUKEY,RHENOCK POST OFFICE,737133
Website : https://govtsecschool.wixsite.com/govtsecschool"
621,"Aff. No. :1820223
Sch. Code:37459","State : SIKKIM
District : EAST SIKKIM",Secondary Level,"Name : C.S. RAI SECONDARY SCHOOL
Head/Principal Name: Ganesh Kumar Bista","Address : C.S. RAI GOVT. SECONDARY SCHOOL, ARITHANG, GANGTOK, EAST SIKKIM-737101
Website : www.csraigovtsecschoolarithang.wordpress.com"
622,"Aff. No. :1820225
Sch. Code:35627","State : SIKKIM
District : EAST SIKKIM",Secondary Level,"Name : GREENWOOD ACADEMY
Head/Principal Name: MAMATA CHHETRI","Address : RUNGDUNG, RHENOCK, PAKYONG
Website : http://greenwoodacademysikkim.com"
623,"Aff. No. :1820351
Sch. Code:37646","State : SIKKIM
District : EAST SIKKIM",Secondary Level,"Name : GOVT. SECONDARY SCHOOL,UPPER BURTUK
Head/Principal Name: CHABBI PRADHAN","Address : EAST SIKKIM, GANGTOK
Website : http://burtuk.org"
624,"Aff. No. :1820352
Sch. Code:37648","State : SIKKIM
District : EAST SIKKIM",Secondary Level,"Name : LUMSEY SECONDARY SCHOOL
Head/Principal Name: Tenzing Tshedame Bhutia","Address : TADONG, GANGTOK , EAST SIKKIM
Website : https://lumseysecondarysch.wixsite.com/website"
625,"Aff. No. :1820353
Sch. Code:37684","State : SIKKIM
District : EAST SIKKIM",Senior Secondary Level,"Name : EKLAVYA MODEL RESIDENTIAL SCHOOL PARKHA
Head/Principal Name: USHA SHARMA","Address : LINKEY, PAKYONG
Website : www.emrsparkha.com"
626,"Aff. No. :1820228
Sch. Code:35658","State : SIKKIM
District : EAST SIKKIM",Secondary Level,"Name : DELHI PUBLIC SCHOOL
Head/Principal Name: Ravindra Varma","Address : FIFTH MILE LUMSEY, NEAR SOCIAL WELFARE OFFICE, GANGTOK
Website : www.dpsgangtok.com"
627,"Aff. No. :1820229
Sch. Code:35661","State : SIKKIM
District : EAST SIKKIM",Secondary Level,"Name : ARK ACADEMY
Head/Principal Name: Manisha Koirala","Address : UPPER NAMCHEYBONG, PAKYONG, PAKYONG DISTRICT, SIKKIM
Website : https://www.arkacademypakyong.com/home"
628,"Aff. No. :1820355
Sch. Code:37704","State : SIKKIM
District : EAST SIKKIM",Secondary Level,"Name : GOVERNMENT SECONDARY SCHOOL, RONGNECK
Head/Principal Name: TASHI ONGMU BHUTIA","Address : DECHENLING, CHANDMARI, BHUSUK ROAD, GANGTOK
Website : www.rongneckschool.com"
629,"Aff. No. :1830001
Sch. Code:35344","State : SIKKIM
District : EAST SIKKIM",Senior Secondary Level,"Name : BAHAI'S SCHOOL
Head/Principal Name: RUPA DEVI SHARMA","Address : TADONG GANGTOK SIKKIM
Website : www.bahaischooltadong.com"
630,"Aff. No. :1830002
Sch. Code:35345","State : SIKKIM
District : EAST SIKKIM",Senior Secondary Level,"Name : HOLY CROSS SCHOOL
Head/Principal Name: SISTER CATHERINA BHUTIA","Address : TADONG GANGTOK SIKKIM
Website : www.holycrosstadong.com"
631,"Aff. No. :1830006
Sch. Code:35352","State : SIKKIM
District : EAST SIKKIM",Secondary Level,"Name : PADMA ODZER CHOELING
Head/Principal Name: Tshering Donka Bhutia","Address : GRBA ROAD CHOGNEY TAR GPO RAJ BHAWAN GANGTOK SIKKIM
Website : www.padmaodzerchoeling.in"
632,"Aff. No. :1830011
Sch. Code:35369","State : SIKKIM
District : EAST SIKKIM",Senior Secondary Level,"Name : MANJUSRI PUBLIC SCHOOL
Head/Principal Name: Rajat Bose","Address : UPPER TANAK BLOCK TEMI TARKUM, SOUTH SIKKIM
Website : www.mpssikkim.edu.in"
633,"Aff. No. :1830012
Sch. Code:35348","State : SIKKIM
District : EAST SIKKIM",Senior Secondary Level,"Name : EAST POINT SENIOR SECONDARY SCHOOL
Head/Principal Name: Nishant Subba","Address : GOHITAR, P.O. SINGTAM, EAST SIKKIM
Website : https://www.eastpointschool.info/"
634,"Aff. No. :1830013
Sch. Code:35370","State : SIKKIM
District : EAST SIKKIM",Senior Secondary Level,"Name : MOUNTZIONSCHOOL
Head/Principal Name: PREZA GURUNG","Address : M.P. GOLAI, TADONG
Website : www.mtzion.edu.in"
635,"Aff. No. :1830016
Sch. Code:39484","State : SIKKIM
District : EAST SIKKIM",Senior Secondary Level,"Name : BAHAI SR. SEC. SCHOOL
Head/Principal Name: KAILASH SHARMA","Address : SARAMSA EAST SIKKIM
Website : www.bahaischoolsaramsa.com"
636,"Aff. No. :1820139
Sch. Code:37322","State : SIKKIM
District : EAST SIKKIM",Secondary Level,"Name : GOVT SEC SCHOOL
Head/Principal Name: TIKA RAM POUDYAL","Address : PACHEYKHANI PO PACHEYKHANI DISTT EAST SIKKIM SIKKIM
Website : khanisirbongwestsikkim.in"
637,"Aff. No. :1820140
Sch. Code:37398","State : SIKKIM
District : EAST SIKKIM",Secondary Level,"Name : GOVT. LOWER SYARI SEC. SCHOOL,
Head/Principal Name: Prerna Lama","Address : TADONG GANGTOK EAST SIKKIM
Website : https://govtlowersyarisecschool.blogspot.com/?m=1"
638,"Aff. No. :1820143
Sch. Code:37334","State : SIKKIM
District : EAST SIKKIM",Secondary Level,"Name : GOVT SECONDARY SCHOOL
Head/Principal Name: BHANU BHAKTA BHATTARAI","Address : LOWER SAMDONG EAST SIKKIM SIKKIM
Website : khanisirbongwestsikkim.in"
639,"Aff. No. :1820147
Sch. Code:37403","State : SIKKIM
District : EAST SIKKIM",Secondary Level,"Name : DAFFODIL'S HOME SEC. SCHOOL
Head/Principal Name: SANDHYA LAMA GURUNG","Address : DEVELOPMENT AREA,
Website : www.daffodilshomesecondaryschool.com"
640,"Aff. No. :1820148
Sch. Code:37404","State : SIKKIM
District : EAST SIKKIM",Secondary Level,"Name : PUSPANJALI VIDYALAYA
Head/Principal Name: JANUKA SHARMA","Address : PO PAKONG EAST SIKKIM SIKKIM
Website : www.pvsikkim.in"
641,"Aff. No. :1820149
Sch. Code:37405","State : SIKKIM
District : EAST SIKKIM",Secondary Level,"Name : PRASHANTI VIDYA MANDIR GOVERNMENT SECONDARY SCHOOL
Head/Principal Name: Vishwa.V. Limbu","Address : MIDDLE SICHEY, GANGTOK, EAST SIKKIM
Website : www.pvmss.com"
642,"Aff. No. :1820160
Sch. Code:37349","State : SIKKIM
District : EAST SIKKIM",Secondary Level,"Name : GOVERNMENT SECONDARY SCHOOL
Head/Principal Name: Woeser Doma Bhutia","Address : LINGCHEG, P.O. SINGTAM BAZAR, EAST SIKKIM
Website : https://sites.google.com/view/sumin1975"
643,"Aff. No. :1820166
Sch. Code:37348","State : SIKKIM
District : EAST SIKKIM",Senior Secondary Level,"Name : GOVERNMENT SECONDARY SCHOOL
Head/Principal Name: M T Sherpa","Address : P.O. ROLEP, VIA RONGLI, EAST SIKKIM
Website : https://govt-sen-sec-rolep.com"
644,"Aff. No. :1820167
Sch. Code:37357","State : SIKKIM
District : EAST SIKKIM",Secondary Level,"Name : GOVT. SECONDARY SCHOOL
Head/Principal Name: SURAJ KUMAR SHARMA","Address : SANG TSHALAMTHANG, P.O.SANGKHOLA, EAST SIKKIM, SIKKIM-737134
Website : www.sangtshalamthangss.blogspot.com"
645,"Aff. No. :1820163
Sch. Code:37352","State : SIKKIM
District : EAST SIKKIM",Senior Secondary Level,"Name : GOVERNMENT SR. SECONDARY SCHOOL
Head/Principal Name: SHARAD PAUDYAL","Address : P.O. BOJOGHRI, EAST SIKKIM
Website : www.bojogharisss.sikedu.org"
646,"Aff. No. :1820174
Sch. Code:37359","State : SIKKIM
District : EAST SIKKIM",Senior Secondary Level,"Name : GOVT. SEC. SCHOOL
Head/Principal Name: HOM NATH SHARMA","Address : RORATHANG, PO RHENOCK, EAST SIKKIM, SIKKIM
Website : www.rorathang.skiedu.org"
647,"Aff. No. :1820179
Sch. Code:37362","State : SIKKIM
District : EAST SIKKIM",Secondary Level,"Name : GOVT. SECONDARY SCHOOL
Head/Principal Name: TSETEN DOLMA BHUTIA","Address : PACHAK, PO PACHAK, EAST SIKKIM
Website : www.pachakss.com"
648,"Aff. No. :1820180
Sch. Code:37363","State : SIKKIM
District : EAST SIKKIM",Secondary Level,"Name : PM SHRI GOVERNMENT SECONDARY SCHOOL RALAP
Head/Principal Name: NORBU DOLMA LASSOPA","Address : RALAP, PO MAKHA, EAST SIKKIM
Website : www.ralap37363.wordpress.com"
649,"Aff. No. :1820181
Sch. Code:37365","State : SIKKIM
District : EAST SIKKIM",Secondary Level,"Name : GOVT SEC SCHOOL
Head/Principal Name: KARMA TENZING BHUTIA","Address : AMBA, EAST SIKKIM, SIKKIM
Website : https://ambaschool35.wordpress.com/"
650,"Aff. No. :1820185
Sch. Code:37369","State : SIKKIM
District : EAST SIKKIM",Secondary Level,"Name : GOVT. SECONDARY SCHOOL
Head/Principal Name: D K Nepal","Address : TAREYTHANG, EAST SIKKIM, PO BERING , SIKKIM-737106
Website : www.tarengss"
651,"Aff. No. :1820188
Sch. Code:37372","State : SIKKIM
District : EAST SIKKIM",Secondary Level,"Name : GOVT SEC SCHOOL
Head/Principal Name: DANDY SHERPA","Address : AHOPULKISHAN, PO RANIPOOL, EAST SIKKIM
Website :"
652,"Aff. No. :1820189
Sch. Code:37373","State : SIKKIM
District : EAST SIKKIM",Senior Secondary Level,"Name : GOVERNMENT SR. SECONDARY SCHOOL
Head/Principal Name: PARSU RAM SHARMA","Address : PACHEY, EAST SIKKIM- 737106
Website : https://pacheysss.blogspot.com/"
653,"Aff. No. :1820191
Sch. Code:37375","State : SIKKIM
District : EAST SIKKIM",Secondary Level,"Name : GOVERNMENT SECONDARY SCHOOL
Head/Principal Name: YOGESH CHETTRI","Address : MAGHJHI, EAST SIKKIM
Website : www.majhitarsse.wixsite.com"
654,"Aff. No. :1820200
Sch. Code:37384","State : SIKKIM
District : EAST SIKKIM",Secondary Level,"Name : GOVT. SEC. SCHOOL LINGI PAYONG,
Head/Principal Name: GHANASHYAM REGMI","Address : SOUTH SIKKIM- 737134
Website : www.govtsslingipayong.com"
655,"Aff. No. :1820201
Sch. Code:37386","State : SIKKIM
District : EAST SIKKIM",Secondary Level,"Name : GOVT. SECONDARY SCHOOL,
Head/Principal Name: KONGCHEN LUCKSOM","Address : SAMALINGDUM, P.O. DHAJAY, RANKA, EAST SIKKIM
Website : https://samalingdumsecschool.wordpress.com"
656,"Aff. No. :1820202
Sch. Code:37387","State : SIKKIM
District : EAST SIKKIM",Secondary Level,"Name : GOVT. SECONDARY SCHOOL
Head/Principal Name: Arjun Gurung","Address : P.O YANGANG, SOUTH SIKKIM-737134
Website : www.karongthangschool.blogspot.com"
657,"Aff. No. :1820204
Sch. Code:37388","State : SIKKIM
District : EAST SIKKIM",Secondary Level,"Name : GOVT SECONDARY SCHOOL
Head/Principal Name: B S DAHAL","Address : MANGZING BLOCK-YANGANG, VIA-SINGTAM, SOUTH SIKKIM-737 134
Website : www.mangzingschool@blogs.in"
658,"Aff. No. :1820206
Sch. Code:37390","State : SIKKIM
District : EAST SIKKIM",Secondary Level,"Name : GOVT. SECONDARY SCHOOL,
Head/Principal Name: Bishal Chettri","Address : BORDANG, PO BARDANG BO, EAST SIKKIM- 737 134
Website : https://govt-secondary-school-bordang.b12sites.com/"
659,"Aff. No. :1820208
Sch. Code:37392","State : SIKKIM
District : EAST SIKKIM",Secondary Level,"Name : GOVERNMENT SEC. SCHOOL
Head/Principal Name: KIRAN RAI","Address : SOUTH REGU, VIA- RONGLI, EAST SIKKIM- 737131
Website : www.sites.google.com/view/southreguss"
660,"Aff. No. :1820214
Sch. Code:39604","State : SIKKIM
District : EAST SIKKIM",Secondary Level,"Name : GOVERNMENT SECONDARY SCHOOL
Head/Principal Name: UDITA PRADHAN","Address : BARAPATHING, EAST SIKKIM
Website : https://barapathingsecondaryschool.blogspot.com/"
661,"Aff. No. :1820193
Sch. Code:37377","State : SIKKIM
District : NORTH SIKKIM",Secondary Level,"Name : GOVT SEC SCHOOL
Head/Principal Name: DHIRAJ RAI","Address : TINGCHIM, NTH SIKKIM
Website : www.tingchimss.blogspot.com"
662,"Aff. No. :1820173
Sch. Code:37407","State : SIKKIM
District : NORTH SIKKIM",Senior Secondary Level,"Name : EKLAVYA MODEL RESIDENTIAL SCHOOL
Head/Principal Name: SONAM YANGZUM BHUTIA","Address : NORTH DIST.SWAYAM, NORTH SIKKIM, SIKKIM-737116
Website : http://emrsswayem.in/"
663,"Aff. No. :1820151
Sch. Code:37340","State : SIKKIM
District : NORTH SIKKIM",Secondary Level,"Name : GOVERNMENT JUNIOR SECONDARY SCHOOL
Head/Principal Name: KARMA CHOMU BHUTIA","Address : MANUL NORTH SIKKIM
Website : https://sikkimschools.com/manulss"
664,"Aff. No. :1820144
Sch. Code:37335","State : SIKKIM
District : NORTH SIKKIM",Secondary Level,"Name : GOVT SECONDARY SCHOOL
Head/Principal Name: YANGDUP LEPCHA In Charge","Address : GOR NORTH SIKKIM
Website : https://sites.google.com/d/1OqDnho3KzQi5YDoaWZ4P5OQDFf2riTDP"
665,"Aff. No. :1820350
Sch. Code:37563","State : SIKKIM
District : NORTH SIKKIM",Secondary Level,"Name : GOVERNMENT GIRLS' SECONDARY SCHOOL MANGAN
Head/Principal Name: Karma Doma Bhutia","Address : MANGAN, NORTH SIKKIM
Website : https://www.wix.com/mysite"
666,"Aff. No. :1820199
Sch. Code:37382","State : SIKKIM
District : NORTH SIKKIM",Secondary Level,"Name : GOVT. SEC. SCHOOL RINGHIM, MANGAM,
Head/Principal Name: RANU RAI","Address : NTH SIKKIM-737116
Website : https://sites.google.com/view/ringhimss"
667,"Aff. No. :1820227
Sch. Code:35639","State : SIKKIM
District : NORTH SIKKIM",Secondary Level,"Name : ST. JOSEPH'S SCHOOL
Head/Principal Name: CECILIA RAI","Address : PAKSHEP, MANGAN DISTRICT, SIKKIM, PAKSHEP, MANGAN DISTRICT, SIKKIM, PAKSHEP, MANGAN DISTRICT, SIKKIM
Website : https://sjsmangan.in/"
668,"Aff. No. :1820224
Sch. Code:37460","State : SIKKIM
District : NORTH SIKKIM",Secondary Level,"Name : GOVT. SECONDARY SCHOOL
Head/Principal Name: SONAM ZIGMEE LEPCHA","Address : NAGA, NTH SIKKIM-737120
Website : https://sikkimschools.com/nagagss/"
669,"Aff. No. :1840002
Sch. Code:39581","State : SIKKIM
District : NORTH SIKKIM",Senior Secondary Level,"Name : PM SHRI SCHOOL JAWAHAR NAVODAYA VIDYALAYA
Head/Principal Name: GAURAV SINGH RAWAT","Address : PO- PHODONG NORTH SIKKIM
Website : https://navodaya.gov.in/nvs/nvs-school/NORTH-SIKKIM/en/home/"
670,"Aff. No. :1820120
Sch. Code:37317","State : SIKKIM
District : NORTH SIKKIM",Senior Secondary Level,"Name : GOVT. SR. SEC. SCHOOL
Head/Principal Name: Paritosh Pathak","Address : KALZANG, GYATSO NORTH SIKKIM
Website : https://emmis.sikkim.gov.in/web/kabisss"
671,"Aff. No. :1820111
Sch. Code:37395","State : SIKKIM
District : NORTH SIKKIM",Senior Secondary Level,"Name : NORTH SIKKIM ACADEMY
Head/Principal Name: RAJESH SHARMA","Address : PENTOK HILL MANGAN SIKKIM
Website : www.northsikkimacademy.org"
672,"Aff. No. :1820099
Sch. Code:37291","State : SIKKIM
District : NORTH SIKKIM",Secondary Level,"Name : GOVT. SEC SCHOOL
Head/Principal Name: NAMGAY LEPCHA","Address : PASSINGDONG NORTH SIKKIM
Website : www.passingdang.blogspot.com"
673,"Aff. No. :1820086
Sch. Code:37294","State : SIKKIM
District : NORTH SIKKIM",Secondary Level,"Name : GOVT. SEC SCHOOL
Head/Principal Name: Pintso Dorjee Bhutia","Address : PO- LACHUNG NORTH SIKKIM
Website : https://lachungss.blogspot.com"
674,"Aff. No. :1820087
Sch. Code:37300","State : SIKKIM
District : NORTH SIKKIM",Secondary Level,"Name : GOVT. SEC SCHOOL
Head/Principal Name: SHYAM GURUNG","Address : LACHEN NORTH SIKKIM
Website : www.sikkimschools.com/lachenss/"
675,"Aff. No. :1820076
Sch. Code:37277","State : SIKKIM
District : NORTH SIKKIM",Secondary Level,"Name : PM SHRI SONAM CHODA LEPCHA MEMORIAL SECONDARY SCHOOL LINGDONG
Head/Principal Name: SAMTEN LEPCHA","Address : PO - LINGDONG VIA- MANGAN NORTH SIKKIM
Website : www.gsslingdong.wordpress.com"
676,"Aff. No. :1820081
Sch. Code:37281","State : SIKKIM
District : NORTH SIKKIM",Secondary Level,"Name : GOVT SEC SCHOOL
Head/Principal Name: Sonam Dorjee Bhutia","Address : SINGHIK VIA- MANGAN NORTH SIKKIM
Website : http://singhik.blogspot.com"
677,"Aff. No. :1820073
Sch. Code:37274","State : SIKKIM
District : NORTH SIKKIM",Senior Secondary Level,"Name : GOVT.SR. SEC. SCHOOL,
Head/Principal Name: KUMARI RAI","Address : MANGSHILA NORTH SIKKIM
Website : https://sites.google.com/view/govtsrsecschoolmangs"
678,"Aff. No. :1820048
Sch. Code:37229","State : SIKKIM
District : NORTH SIKKIM",Secondary Level,"Name : GOVT SEC SCHOOL
Head/Principal Name: Passang Bhutia","Address : TINGBOONG NORTH SIKKIM
Website : https://emmis.sikkim.gov.in/web/tingvong-sss"
679,"Aff. No. :1820046
Sch. Code:37226","State : SIKKIM
District : NORTH SIKKIM",Senior Secondary Level,"Name : GOVT SEC SCHOOL
Head/Principal Name: TSETEN LHAMU LEPCHA","Address : CHUNGTHANG DT- MANGAN NORTH SIKKIM
Website : www.ttgssschungthang.com"
680,"Aff. No. :1820014
Sch. Code:37231","State : SIKKIM
District : NORTH SIKKIM",Senior Secondary Level,"Name : GOVT SR SEC SCHOOL
Head/Principal Name: Leezum Chokie Lepcha","Address : PHODONG NORTH SIKKIM
Website : https://phodongsss.wixsite.com/my-site"
681,"Aff. No. :1820020
Sch. Code:37228","State : SIKKIM
District : NORTH SIKKIM",Senior Secondary Level,"Name : PM SHRI MANGAN SENIOR SECONDARY SCHOOL
Head/Principal Name: KARMA TEMPO ETHENPA","Address : MANGAN NORTH SIKKIM
Website : https://mangansss.netlify.app"
682,"Aff. No. :1820021
Sch. Code:37230","State : SIKKIM
District : NORTH SIKKIM",Secondary Level,"Name : GOVT SEC SCHOOL
Head/Principal Name: Priyanka Portel","Address : PHENSANG NORTH SIKKIM
Website : https://phensongsecschool.wordpress.com"
683,"Aff. No. :1820008
Sch. Code:37227","State : SIKKIM
District : NORTH SIKKIM",Senior Secondary Level,"Name : GOVT SEC SCHOOL
Head/Principal Name: Munna Tamang","Address : HEEGYATHANG DT- MANGAN NORTH SIKKIM
Website : www.heegyathangschool.in"
684,"Aff. No. :1820019
Sch. Code:37286","State : SIKKIM
District : SOUTH SIKKIM",Secondary Level,"Name : GOVT SEC SCHOOL
Head/Principal Name: L P PRADHAN","Address : MANIRAM VIA NAMCHI SOUTH SIKKIM
Website : www.maniramss.sikedu.org"
685,"Aff. No. :1820017
Sch. Code:37233","State : SIKKIM
District : SOUTH SIKKIM",Senior Secondary Level,"Name : GOVT SR SEC SCHOOL
Head/Principal Name: HARI PRASAD MANGER","Address : NAMCHI SOUTH SIKKIM
Website : https://namchinsss1934.blogspot.com"
686,"Aff. No. :1820013
Sch. Code:37242","State : SIKKIM
District : SOUTH SIKKIM",Senior Secondary Level,"Name : GOVT. SR SEC SCHOOL
Head/Principal Name: JYOTHSNA BHUTIA","Address : TEMI VIA- SINGTAM SOUTH SIKKIM
Website : www.temisss.co.in"
687,"Aff. No. :1820010
Sch. Code:37234","State : SIKKIM
District : SOUTH SIKKIM",Senior Secondary Level,"Name : GOVT SR SEC SCHOOL
Head/Principal Name: Durga Prasad Chettri","Address : SADAM VIA- MELLI SOUTH SIKKIM
Website : www.sadamschool.in"
688,"Aff. No. :1820038
Sch. Code:37232","State : SIKKIM
District : SOUTH SIKKIM",Senior Secondary Level,"Name : GOVT SR. SEC SCHOOL
Head/Principal Name: PRAHLAD SHARMA","Address : LINGEE SOUTH SIKKIM
Website : www.lingeess.blogspot.com"
689,"Aff. No. :1820039
Sch. Code:37241","State : SIKKIM
District : SOUTH SIKKIM",Senior Secondary Level,"Name : GOVT SEC SCHOOL
Head/Principal Name: NISHA RAI","Address : JORETHANG SOUTH SIKKIM
Website : www.jsss.in"
690,"Aff. No. :1820034
Sch. Code:37244","State : SIKKIM
District : SOUTH SIKKIM",Senior Secondary Level,"Name : PM SHRI GOVT SENIOR SECONDARY SCHOOL, YANGANG
Head/Principal Name: PUSHPA RAJ DHUNGEL","Address : YANGANG VIA- SINGTAM SOUTH SIKKIM
Website : www.yangangschool.com"
691,"Aff. No. :1820035
Sch. Code:37243","State : SIKKIM
District : SOUTH SIKKIM",Senior Secondary Level,"Name : GOVT SR SEC SCHOOL
Head/Principal Name: Devi Lal Chettri","Address : RAVANGLA SOUTH SIKKIM
Website : www.govtsrsecschool.blogspot.com"
692,"Aff. No. :1820036
Sch. Code:37245","State : SIKKIM
District : SOUTH SIKKIM",Senior Secondary Level,"Name : PM SHRI BAL KRISHNA KASAJU GOVERNMENT SENIOR SECONDARY SCHOOL NAMTHANG
Head/Principal Name: UDSHONI KHATIWARA","Address : NAMTHANG VIA- RANGPO SOUTH SIKKIM
Website : https://sites.google.com/view/namthang-gsss"
693,"Aff. No. :1820044
Sch. Code:37239","State : SIKKIM
District : SOUTH SIKKIM",Senior Secondary Level,"Name : GOVT SEC SCHOOL
Head/Principal Name: INDU GYALTSEN GURUNG","Address : SUMBUK VIA- MELLI SOUTH SIKKIM
Website : www.sumbukschool.in"
694,"Aff. No. :1820041
Sch. Code:37235","State : SIKKIM
District : SOUTH SIKKIM",Senior Secondary Level,"Name : PM SHRI GOVT. GIRLS SR. SEC. SCHOOL NAMCHI
Head/Principal Name: BANDANA RAI","Address : NAMCHI SOUTH SIKKIM
Website : www.namchigirlssss.wordpress.com"
695,"Aff. No. :1820049
Sch. Code:37237","State : SIKKIM
District : SOUTH SIKKIM",Senior Secondary Level,"Name : GOVT SEC SCHOOL
Head/Principal Name: LATA SHARMA","Address : BIKMAT RATEYPANI VIA- MELLI SOUTH SIKKIM
Website : https://www.bikmatgovtsss.com"
696,"Aff. No. :1820050
Sch. Code:37246","State : SIKKIM
District : SOUTH SIKKIM",Senior Secondary Level,"Name : GOVT. SR. SEC. SCHOOL
Head/Principal Name: Bishnu Kant Sharma","Address : NANDUGAON SOUTH SIKKIM
Website : https://sites.google.com/view/nandugaonsss"
697,"Aff. No. :1820051
Sch. Code:37215","State : SIKKIM
District : SOUTH SIKKIM",Senior Secondary Level,"Name : GOVT SR. SEC SCHOOL
Head/Principal Name: BIR MANI PRADHAN","Address : KEWZING SOUTH SIKKIM
Website : www.kewzingsss.blogspot.com"
698,"Aff. No. :1820052
Sch. Code:37247","State : SIKKIM
District : SOUTH SIKKIM",Senior Secondary Level,"Name : PM SHRI GOVERNMENT SENIOR SECONDARY SCHOOL, LINGMOO KOLTHANG
Head/Principal Name: TILAK SINGH RAI","Address : LINGMO KOLTHANG SOUTH SIKKIM
Website : lingmoossschool@blogspot.com"
699,"Aff. No. :1820053
Sch. Code:37236","State : SIKKIM
District : SOUTH SIKKIM",Secondary Level,"Name : GOVT SEC SCHOOL
Head/Principal Name: DIKILA DOLKAR","Address : DAMTHANG SOUTH SIKKIM
Website : www.govtschooldamthang.wordpress.com"
700,"Aff. No. :1820054
Sch. Code:37238","State : SIKKIM
District : SOUTH SIKKIM",Senior Secondary Level,"Name : NTL GOVT SR SEC SCHOOL
Head/Principal Name: ROLAND SUBBA","Address : VOK VIA- NAMCHI SOUTH SIKKIM
Website : http://ntlvokgovtsss.blogspot.com/"
701,"Aff. No. :1820070
Sch. Code:37270","State : SIKKIM
District : SOUTH SIKKIM",Secondary Level,"Name : GOVT. SEC SCHOOL
Head/Principal Name: NIRMALA DAHAL","Address : BORONG SOUTH SIKKIM
Website : https://gssborong.blogspot.com"
702,"Aff. No. :1820075
Sch. Code:37276","State : SIKKIM
District : SOUTH SIKKIM",Senior Secondary Level,"Name : GOVT. SR. SEC. SCHOOL,
Head/Principal Name: Daya Nanda Sapkota","Address : PERBING SOUTH SIKKIM
Website : https://emmis.sikkim.gov.in/home/dashboard"
703,"Aff. No. :1820065
Sch. Code:37240","State : SIKKIM
District : SOUTH SIKKIM",Senior Secondary Level,"Name : GOVT. SR SEC SCHOOL
Head/Principal Name: Bhim Shamser Chettri","Address : BERMIOK TOKAL SOUTH SIKKIM
Website : https://btsss1935.wixsite.com/bermioktokalsss"
704,"Aff. No. :1820068
Sch. Code:37268","State : SIKKIM
District : SOUTH SIKKIM",Senior Secondary Level,"Name : GOVT. CO-EDN. SEC SCHOOL
Head/Principal Name: SANJOY ACHARYYA","Address : MELLI DARA SOUTH SIKKIM
Website :"
705,"Aff. No. :1820084
Sch. Code:37284","State : SIKKIM
District : SOUTH SIKKIM",Senior Secondary Level,"Name : GOVT SEC SCHOOL
Head/Principal Name: Pramod Pradhan","Address : MELLI BAZAR PO MELLI BAZAR SOUTH SIKKIM
Website : http://gsssmellibazar.blogspot.com"
706,"Aff. No. :1820085
Sch. Code:37285","State : SIKKIM
District : SOUTH SIKKIM",Secondary Level,"Name : GOVT SEC SCHOOL
Head/Principal Name: Linesh Sherpa","Address : GOVT. SEC. SCHOOL, SYAPLAY SARDARAY, EAST SIKKIM, P.O WEST PENDAM, VIA SINGTAM, EAST SIKKIM, SIKKIM-737134
Website : https://emmis.sikkim.gov.in/web/govt-ss-syaplay-sardaray"
707,"Aff. No. :1820091
Sch. Code:37293","State : SIKKIM
District : SOUTH SIKKIM",Secondary Level,"Name : GOVT. SEC SCHOOL
Head/Principal Name: Raju Pariyar","Address : NAMPHOK SOUTH SIKKIM
Website : https://nampok.blogspot.com/"
708,"Aff. No. :1820092
Sch. Code:37298","State : SIKKIM
District : SOUTH SIKKIM",Secondary Level,"Name : GOVT SECONDARY SCHOOL
Head/Principal Name: BHUWAN CHETTRI","Address : NEW NAMCHI PO- NAMCHI SOUTH SIKKIM
Website : https://nss1981.blogspot.com/"
709,"Aff. No. :1820095
Sch. Code:37288","State : SIKKIM
District : SOUTH SIKKIM",Secondary Level,"Name : PM SHRI GOVERNMENT SECONDARY SCHOOL TURUNG
Head/Principal Name: TIKA RAM CHHETRI","Address : TURUNG VIA- RANGPO SOUTH SIKKIM
Website : https://www.turungsec.com/home"
710,"Aff. No. :1820096
Sch. Code:37296","State : SIKKIM
District : SOUTH SIKKIM",Secondary Level,"Name : GOVT. SEC SCHOOL
Head/Principal Name: Mahesh Nepal","Address : TARKU SOUTH SIKKIM
Website : https://sites.google.com/view/tarkusecondaryschool/bio"
711,"Aff. No. :1820112
Sch. Code:37396","State : SIKKIM
District : SOUTH SIKKIM",Senior Secondary Level,"Name : NEW LIGHT ACADEMY
Head/Principal Name: LOPSONG LAMA","Address : GOVT SEC SCHOOL NAMCHI SIKKIM
Website :"
712,"Aff. No. :1820107
Sch. Code:37306","State : SIKKIM
District : SOUTH SIKKIM",Senior Secondary Level,"Name : TILAK PRADHAN MEMORIAL SENIOR SECONDARY SCHOOL RATEYPNAI
Head/Principal Name: BIDHYAPATI DHUNGEL","Address : RATEYPANI SOUTH SIKKIM
Website :"
713,"Aff. No. :1820098
Sch. Code:37299","State : SIKKIM
District : SOUTH SIKKIM",Secondary Level,"Name : GOVT. SEC SCHOOL
Head/Principal Name: PINGKILA LEPCHA","Address : JORRONG PO- RAVANGLA SOUTH SIKKIM
Website : www.govtschooljarrong.wordpress.com"
714,"Aff. No. :1820118
Sch. Code:37315","State : SIKKIM
District : SOUTH SIKKIM",Secondary Level,"Name : GOVT SEC SCHOOL
Head/Principal Name: Dinesh Rai","Address : SANGANATH SOUTH SIKKIM
Website : www.sanganathss.com"
715,"Aff. No. :1820119
Sch. Code:37316","State : SIKKIM
District : SOUTH SIKKIM",Secondary Level,"Name : GOVT SEC SCHOOL
Head/Principal Name: BINOD TAMANG","Address : TURUK SOUTH SIKKIM
Website : www.turukschool.in"
716,"Aff. No. :1820121
Sch. Code:37318","State : SIKKIM
District : SOUTH SIKKIM",Secondary Level,"Name : GOVT RANGCHANG SEC SCHOOL
Head/Principal Name: SANKEY DOMA BHUTIA","Address : RALONG SOUTH SIKKIM
Website : https://www.blogger.com/blog/posts/630353109946444"
717,"Aff. No. :1820122
Sch. Code:37319","State : SIKKIM
District : SOUTH SIKKIM",Secondary Level,"Name : GOVT SEC SCHOOL
Head/Principal Name: UPASANA GURUNG","Address : RONG SOUTH SIKKIM
Website : https://sites.google.com/cbseshiksha.in/rongs/home"
718,"Aff. No. :1820123
Sch. Code:37320","State : SIKKIM
District : SOUTH SIKKIM",Senior Secondary Level,"Name : GOVT SEC SCHOOL
Head/Principal Name: Diwas Gautam","Address : BEN SOUTH SIKKIM
Website : www.bengsss.com"
719,"Aff. No. :1820124
Sch. Code:37397","State : SIKKIM
District : SOUTH SIKKIM",Secondary Level,"Name : TENDONG EDUCATIONAL INSTITUTE
Head/Principal Name: Lanam Sereng","Address : PO NAMCHI SOUTH SIKKIM
Website : www.teinamchi.com"
720,"Aff. No. :1820125
Sch. Code:37323","State : SIKKIM
District : SOUTH SIKKIM",Secondary Level,"Name : GOVT SEC SCHOOL
Head/Principal Name: Jina Manger","Address : PABONG PO PABONG BASTY SOUTH SIKKIM
Website : https://sites.google.com/view/pabongss"
721,"Aff. No. :1820138
Sch. Code:37321","State : SIKKIM
District : SOUTH SIKKIM",Secondary Level,"Name : GOVT SEC SCHOOL
Head/Principal Name: AJIT KUMAR CHETTRI","Address : NEHBROOM PO NEHBROOM VIA MAKHA SOUTH SIKKIM
Website : https://sites.google.com/view/nbsss/home"
722,"Aff. No. :1820130
Sch. Code:37324","State : SIKKIM
District : SOUTH SIKKIM",Secondary Level,"Name : GOVT SEC SCHOOL
Head/Principal Name: Karam kumar Chettri","Address : TINGMOO PO TINGMO VIA KEWZING SOUTH SIKKIM
Website : http://tingmoosecondaryschool.wordpress.com/79-/"
723,"Aff. No. :1840003
Sch. Code:39582","State : SIKKIM
District : SOUTH SIKKIM",Senior Secondary Level,"Name : PM SHRI SCHOOL JAWAHAR NAVODAYA VIDYALAYA
Head/Principal Name: ASHOK DATT SHARMA","Address : PO RAVANGLA SOUTH SIKKIM SIKKIM
Website : nhttps://naavodaya.gov.in/nvs/nvs-school/SOUTH-SIKKIM/en/hom"
724,"Aff. No. :1820226
Sch. Code:35630","State : SIKKIM
District : SOUTH SIKKIM",Secondary Level,"Name : BHAWANA EDUCATIONAL ACADEMY
Head/Principal Name: RAJIV MAJHI","Address : MAMRING, NAMTHANG ROAD, SOUTH SIKKIM
Website : www.bhawanaeducationalacademy.com"
725,"Aff. No. :1820354
Sch. Code:37688","State : SIKKIM
District : SOUTH SIKKIM",Senior Secondary Level,"Name : EKLAVYA MODEL RESIDENTIAL SCHOOL, SUNTOLEY, SIKKIM
Head/Principal Name: Amar Kanti Jana","Address : SUNTOLEY, NEAR MELLI, P/O SADAM SUNTOLEY, SOUTH SIKKIM
Website : www.emrssuntoley.com"
726,"Aff. No. :1820356
Sch. Code:37708","State : SIKKIM
District : SOUTH SIKKIM",Secondary Level,"Name : GOVERNMENT PAMPHOK SECONDARY SCHOOL
Head/Principal Name: Lawrence Lepcha","Address : LOWER PAMPHOK, NAMTHANG, NAMCHI DIST, NA, NA
Website : www.pamphokschool.com"
727,"Aff. No. :1830003
Sch. Code:35347","State : SIKKIM
District : SOUTH SIKKIM",Senior Secondary Level,"Name : DAV PUBLIC SCHOOL
Head/Principal Name: SHANTANU BHATTACHARJEE","Address : RANGIT H E PROJECT RANGIT NAGAR SOUTH SIKKIM
Website : www.davsikim.org"
728,"Aff. No. :1820358
Sch. Code:37745","State : SIKKIM
District : SOUTH SIKKIM",Secondary Level,"Name : LOWER RAYONG SECONDARY SCHOOL
Head/Principal Name: Tshering Dawa Bhutia","Address : LOWER RAYONG, TINKITAM, NAMCHI DISTRICT
Website : https://lower-rayong-secondary-school.b12sites.com"
729,"Aff. No. :1830010
Sch. Code:35366","State : SIKKIM
District : SOUTH SIKKIM",Secondary Level,"Name : NABIL'S MEMORIAL SCHOOL
Head/Principal Name: RANJANA PRADHAN","Address : SHANTI NAGAR, P.W.D COLONY, JORETHANG SOUTH SIKKIM
Website : www.nabilmemorialsecondaryschool.com"
730,"Aff. No. :1830014
Sch. Code:35371","State : SIKKIM
District : SOUTH SIKKIM",Senior Secondary Level,"Name : SIKKIM PUBLIC SCHOOL
Head/Principal Name: MAN BIR GURUNG","Address : RABONGLA
Website : www.spsravangla.in"
731,"Aff. No. :1820089
Sch. Code:37292","State : SIKKIM
District : SOUTH SIKKIM",Senior Secondary Level,"Name : GOVT. SEC SCHOOL
Head/Principal Name: LAXMI PRASAD GURUNG","Address : SAKYONG BHALUTHANG PO- MANGLEY SINCHU THANG VIA- SINGTAM SOUTH SIKKIM
Website : https://sakyongschool.blogspot.com"
732,"Aff. No. :1820146
Sch. Code:37337","State : SIKKIM
District : SOUTH SIKKIM",Secondary Level,"Name : GOVT SECONDARY SCHOOL
Head/Principal Name: BIR BAHADUR CHETTRI","Address : SALGHARI SOUTH SIKKIM SIKKAM
Website : https://sites.google.com/view/salghariss/home"
733,"Aff. No. :1820154
Sch. Code:37338","State : SIKKIM
District : SOUTH SIKKIM",Secondary Level,"Name : GOVERNMENT SECONDARY SCHOOL
Head/Principal Name: KAMAL RAI","Address : TINGLEY, P.O. BERBING, NAMCHI, SOUTH SIKKIM
Website : www.tingleysecschool.blogspot.com"
734,"Aff. No. :1820155
Sch. Code:37346","State : SIKKIM
District : SOUTH SIKKIM",Secondary Level,"Name : GOVERNMENT SECONDARY SCHOOL
Head/Principal Name: PRIYA LAMA","Address : KAMRANG, P.O. NAMCHI, DISTT. SOUTH SIKKIM
Website : www.kamrangsecondaryschool.wordpress.com"
735,"Aff. No. :1820150
Sch. Code:37343","State : SIKKIM
District : SOUTH SIKKIM",Secondary Level,"Name : GOVERNMENT SECONDARY SCHOOL
Head/Principal Name: RICHARD CHETTRI","Address : KABRAY, P.O. NAMTHANG BAZAAR, SOUTH SIKKIM
Website : www.kabreyss.wordpress.com"
736,"Aff. No. :1820176
Sch. Code:37360","State : SIKKIM
District : SOUTH SIKKIM",Secondary Level,"Name : GOVT. SECONDARY SCHOOL
Head/Principal Name: Norbu Tshering Tamang","Address : PO KATANG, SOUTH SIKKIM, SIKKIM
Website : https://katenggss.wixsite.com/my-site"
737,"Aff. No. :1820171
Sch. Code:37409","State : SIKKIM
District : SOUTH SIKKIM",Secondary Level,"Name : GOVT. BARUL SECONDARY SCHOOL
Head/Principal Name: UMA PATI DHAKAL","Address : BARUL SOUTH SIKKIM
Website : https://SikkimSchools.com/burulss/"
738,"Aff. No. :1820168
Sch. Code:37356","State : SIKKIM
District : SOUTH SIKKIM",Secondary Level,"Name : GOVT. SECONDARY SCHOOL
Head/Principal Name: LAXUMAN TAMANG","Address : PABONG DARING, P.O. NAMPHING (BERMOIK), SOUTH SIKKIM, SIKKIM-737134
Website : https://bit.ly/4dhHlvD"
739,"Aff. No. :1820169
Sch. Code:37355","State : SIKKIM
District : SOUTH SIKKIM",Secondary Level,"Name : GOVT. SECONDARY SCHOOL
Head/Principal Name: BALA RAM SUBBA","Address : NAMPHING, P.O. NAMPHING ,SOUTH SIKKIM, SIKKIM-737134
Website : https://namphingschool.blogspot.com/"
740,"Aff. No. :1820157
Sch. Code:37339","State : SIKKIM
District : SOUTH SIKKIM",Secondary Level,"Name : GOVT. C M RAI GOVT. SEC SCHOOL,
Head/Principal Name: Prabin Pradhan","Address : OMCHU SOUTH SIKKIM
Website : www.omchuschool.wordpress.com"
741,"Aff. No. :1820178
Sch. Code:37364","State : SIKKIM
District : SOUTH SIKKIM",Secondary Level,"Name : GOVT. SECONDARY SCHOOL
Head/Principal Name: Devan Sapkotta","Address : PHONG, PO RAMTHANG, VIA RANGPO, SOUTH SIKKIM
Website : www.phongsecschool.blogspot.com"
742,"Aff. No. :1820186
Sch. Code:37370","State : SIKKIM
District : SOUTH SIKKIM",Secondary Level,"Name : GOVERNMENT SECONDARY SCHOOL
Head/Principal Name: SURESH KUMAR SUBBA","Address : CHUBA, PO PERBING, SOUTH SIKKIM
Website : https://www.chubasecschool.in/"
743,"Aff. No. :1820215
Sch. Code:37451","State : SIKKIM
District : SOUTH SIKKIM",Secondary Level,"Name : GOVERNMENT SECONDARY SCHOOL, RABITAR
Head/Principal Name: KHUS KUMAR BASNET","Address : RABITAR, SOUTH SIKKIM 737126
Website : https://rabitarschool.com"
744,"Aff. No. :1820211
Sch. Code:39601","State : SIKKIM
District : SOUTH SIKKIM",Secondary Level,"Name : GOVT. SECONDARY SCHOOL
Head/Principal Name: DEO KUMAR CHETTRI","Address : MICKKHOLA, P.O.MICKKHOLA, NAMCHI, SOUTH SIKKIM- 737 126.
Website : www.mickkholasecschool.com"
745,"Aff. No. :1820184
Sch. Code:37368","State : SIKKIM
District : SOUTH SIKKIM",Secondary Level,"Name : GOVT SEC SCHOOL
Head/Principal Name: Tshering Doma Bhutia","Address : SANGMOO, SOUTHN SIKKIM
Website : http://www.sangmooss.blogspot.com"
746,"Aff. No. :1820198
Sch. Code:37381","State : SIKKIM
District : SOUTH SIKKIM",Secondary Level,"Name : GOVT. JR. HIGH SCHOOL,
Head/Principal Name: ROSHAN THAPA","Address : ASSANGTHANG, NAMCHI, SOUTH SIKKIM-737126
Website : http://assangthangssgov.wordpress.com"
747,"Aff. No. :1820205
Sch. Code:37389","State : SIKKIM
District : WEST SIKKIM",Secondary Level,"Name : GOVT SECONDARY SCHOOL
Head/Principal Name: Kashi Raj Rai","Address : DEYTHANG, P.O. SREE BADAM, WEST SIKKIM- 737 121
Website : https://sites.google.com/view/deythangss"
748,"Aff. No. :1820203
Sch. Code:37385","State : SIKKIM
District : WEST SIKKIM",Secondary Level,"Name : GOVT. SECONDARY SCHOOL,
Head/Principal Name: TILAK SHARMA","Address : SAWALIGAON , P.O.PIPALEY, VIA-NAYABAZAR, WEST SIKKIM - 737 121
Website : https://sites.google.com/view/gsssawaligaon"
749,"Aff. No. :1820212
Sch. Code:39602","State : SIKKIM
District : WEST SIKKIM",Secondary Level,"Name : GOVT. SECONDARY SCHOOL
Head/Principal Name: PAWAN KUMAR SHARMA","Address : PELLING- CHUMPONG, WEST SIKKIM-737 113.
Website : 39602@cbseshiksha.in"
750,"Aff. No. :1820213
Sch. Code:39610","State : SIKKIM
District : WEST SIKKIM",Secondary Level,"Name : GOVT. SECONDARY SCHOOL
Head/Principal Name: ANTIM BISWAKARMA","Address : MANGSARI, WEST SIKKIM
Website : www.mangsariss.wordpress.com"
751,"Aff. No. :1820209
Sch. Code:37393","State : SIKKIM
District : WEST SIKKIM",Secondary Level,"Name : GOVT SECONDARY SCHOOL
Head/Principal Name: B B Limboo","Address : SARDONG,WEST SIKKIM-737 111
Website : https://emmis.sikkim.gov.in/web/govt-sec-school-sardong"
752,"Aff. No. :1820210
Sch. Code:37394","State : SIKKIM
District : WEST SIKKIM",Secondary Level,"Name : GOVT. SECONDARY SCHOOL,
Head/Principal Name: BHIM RAJ GURUNG","Address : BEGHA, P.O. DENTAM WEST SIKKIM
Website : beghass1962@gmail.com"
753,"Aff. No. :1820207
Sch. Code:37391","State : SIKKIM
District : WEST SIKKIM",Secondary Level,"Name : MILLING GOVT. SECONDARY SCHOOL,
Head/Principal Name: Wangchuk Sherpa","Address : DENTAM, DISTRICT. GYALSHING, WEST SIKKIM
Website : https://emis.sikkimedutech.in/web/govt-sec-school-"
754,"Aff. No. :1820187
Sch. Code:37371","State : SIKKIM
District : WEST SIKKIM",Secondary Level,"Name : GOVT SEC SCHOOL
Head/Principal Name: Arjun Kumar Gurung","Address : LABDANG, PO TASHIDING, DIST, GYALSHING, WEST SIKKIM
Website : https://sites.google.com/view/labdangss/home"
755,"Aff. No. :1820182
Sch. Code:37366","State : SIKKIM
District : WEST SIKKIM",Secondary Level,"Name : GOVT SEC SCHOOL
Head/Principal Name: ARUN KUMAR SUBBA","Address : GANGYAP, PO ARITHANG, KHONGRONG,TASHIDING, WEST SIKKIM
Website : www.gangyapss.org"
756,"Aff. No. :1820183
Sch. Code:37367","State : SIKKIM
District : WEST SIKKIM",Secondary Level,"Name : GOVERNMENT SECONDARY SCHOOL
Head/Principal Name: LAKH HANG SUBBA","Address : LUNGCHOK, WEST SIKKIM
Website : http://lungchokss.blogspot.com/"
757,"Aff. No. :1820194
Sch. Code:37378","State : SIKKIM
District : WEST SIKKIM",Senior Secondary Level,"Name : GOVT SEC SCHOOL
Head/Principal Name: Prakash Sharma","Address : CHOTASAMDONG, WEST SIKKIM, PO AUROBOTAY
Website : hhtps://chotasamdongssscoin.wordpress.com"
758,"Aff. No. :1820195
Sch. Code:37379","State : SIKKIM
District : WEST SIKKIM",Senior Secondary Level,"Name : PM SHRI KASTURBA GANDHI BALIKA VIDHYALAYA
Head/Principal Name: Usha Pradhan","Address : LABING GERETHANG, WEST SIKKIM
Website : www.kgbvlabing.wordpress.com"
759,"Aff. No. :1820196
Sch. Code:37380","State : SIKKIM
District : WEST SIKKIM",Secondary Level,"Name : GOVT. SEC. SCHOOL
Head/Principal Name: KHEM RAJ GURUNG","Address : RINCHENPONG, WEST SIKKIM, P.O. RINCHENPONG, PS KALUK, DISTT. GEYZING (WEST)73711, SIKKIM
Website : www.sikkimschools.com/rinchenpongss/"
760,"Aff. No. :1820197
Sch. Code:37383","State : SIKKIM
District : WEST SIKKIM",Secondary Level,"Name : GOVT. SEC. SCHOOL,
Head/Principal Name: DHANAPATI SHARMA","Address : LOWER BERMIOK, PO BERMIOK, WEST SIKKIM-737113
Website : https://emmis.sikkim.gov.in/web/govt-sec-school-lo"
761,"Aff. No. :1820192
Sch. Code:37376","State : SIKKIM
District : WEST SIKKIM",Secondary Level,"Name : GOVT SEC SCHOOL
Head/Principal Name: SANDEEP LIMBOO","Address : SOPAKHA, BUSTY, PO UTTAREY, DIST-GYALSHING, WEST SIKKIM
Website : https://sopakhasecondarysc.wixsite.com/-sss"
762,"Aff. No. :1820190
Sch. Code:37374","State : SIKKIM
District : WEST SIKKIM",Secondary Level,"Name : GOVERNMENT SECONDARY SCHOOL
Head/Principal Name: SONAM YOUNGDA BHUTIA","Address : HATHIDHUNGH, WEST SIKKIM
Website : https://emmis.sikkim.gov.in/web/government-seconda"
763,"Aff. No. :1820158
Sch. Code:37345","State : SIKKIM
District : WEST SIKKIM",Secondary Level,"Name : GOVERNMENT SECONDARY SCHOOL
Head/Principal Name: Manju Tamang","Address : PAKKIGAON, P.O. MALBASEY, WEST SIKKIM
Website : http://sites.google.com/view/pakkigaonss"
764,"Aff. No. :1820159
Sch. Code:37347","State : SIKKIM
District : WEST SIKKIM",Secondary Level,"Name : PM SHRI GOVERNMENT SECONDARY SCHOOL TIKPUR
Head/Principal Name: JAI NARAYAN CHETTRI","Address : TIKPUR, P.O. SAMBARIA, WEST SIKKIM
Website : https://sikkimSchools.com/tikpur"
765,"Aff. No. :1820161
Sch. Code:37350","State : SIKKIM
District : WEST SIKKIM",Secondary Level,"Name : GOVERNMENT SECONDARY SCHOOL
Head/Principal Name: LEELA HANG SUBBA","Address : MUKURUNG, P.O. DENTAM BAZAR, WEST SIKKIM
Website :"
766,"Aff. No. :1820162
Sch. Code:37351","State : SIKKIM
District : WEST SIKKIM",Secondary Level,"Name : GOVERNMENT SECONDARY SCHOOL
Head/Principal Name: Sonam Dadul Bhutia","Address : MIDDLE GEYZING P.O., WEST SIKKIM
Website : https://emmis.sikkim.gov.in/web/mgss"
767,"Aff. No. :1820170
Sch. Code:37408","State : SIKKIM
District : WEST SIKKIM",Secondary Level,"Name : GOVT. KARZI SEC SCHOOL,
Head/Principal Name: TSHERING LEPCHA","Address : LARZI WEST SIKKIM
Website : http://www.karjeess.sikedu.org"
768,"Aff. No. :1820172
Sch. Code:37406","State : SIKKIM
District : WEST SIKKIM",Senior Secondary Level,"Name : EKLAVYA MODEL RESIDENTIAL SCHOOL
Head/Principal Name: SIDHARTH YONZONE","Address : GANGYAP, WEST SIKKIM, SIKKIM
Website : www.emrsgangyap.in"
769,"Aff. No. :1820164
Sch. Code:37354","State : SIKKIM
District : WEST SIKKIM",Senior Secondary Level,"Name : GOVERNMENT SECONDARY SCHOOL
Head/Principal Name: Rudra Mani Sharma","Address : P.O. PELLING, WEST SIKKIM
Website : www.sikedu.org"
770,"Aff. No. :1820165
Sch. Code:37353","State : SIKKIM
District : WEST SIKKIM",Secondary Level,"Name : GOVERNMENT SECONDARY SCHOOL
Head/Principal Name: Ayup Rai","Address : MELLI ACHING P.O., VIA GYALSHING, WEST SIKKIM
Website : www.sikkimschools.org"
771,"Aff. No. :1820177
Sch. Code:37361","State : SIKKIM
District : WEST SIKKIM",Secondary Level,"Name : GOVT. SECONDARY SCHOOL
Head/Principal Name: Gambir Man Limboo","Address : RIMBIK, WEST SIKKIM, PO NAMBU, WEST SIKKIM
Website : www.rimbikgss.com"
772,"Aff. No. :1820175
Sch. Code:37358","State : SIKKIM
District : WEST SIKKIM",Secondary Level,"Name : GOVT. SECONDARY SCHOOL
Head/Principal Name: Binita Subba","Address : LANGANG, PO LALGANJ, GEYZENG, WEST SIKKIM
Website : www.langangss.wordpress.com"
773,"Aff. No. :1820156
Sch. Code:37344","State : SIKKIM
District : WEST SIKKIM",Senior Secondary Level,"Name : GOVT. SR. SEC. SCHOOL,
Head/Principal Name: JAMUNA GURUNG","Address : LEGSHIP, WEST SIKKIM,
Website : https://sikkimschool.com/legship/"
774,"Aff. No. :1820152
Sch. Code:37342","State : SIKKIM
District : WEST SIKKIM",Secondary Level,"Name : GOVT. RESHI SEC. SCHOOL,
Head/Principal Name: DAWA TSHERING SHERPA","Address : WEST RESHI BAZAR WEST SIKKIM
Website : www.govtsecschoolreshi.in"
775,"Aff. No. :1820153
Sch. Code:37341","State : SIKKIM
District : WEST SIKKIM",Secondary Level,"Name : GOVT. SEC. SCHOOL,
Head/Principal Name: Namrata Gurung","Address : PIPALAY NAYA BAZAR, WEST SIKKIM
Website : https://pipalaysecschool.com"
776,"Aff. No. :1820145
Sch. Code:37336","State : SIKKIM
District : WEST SIKKIM",Senior Secondary Level,"Name : GOVT SEC SCHOOL
Head/Principal Name: Suman Singh","Address : RIBDI WEST SIKKIM SIKKIM
Website : http://sites.google.com/view/nsmgsssribdi"
777,"Aff. No. :1820141
Sch. Code:37402","State : SIKKIM
District : WEST SIKKIM",Secondary Level,"Name : NOBEL ENGLISH SCHOOL
Head/Principal Name: EVA CHAMLING","Address : TAKUTHANG MANGAL BARIA WEST SIKKIM
Website : www.nobleschools.in"
778,"Aff. No. :1820142
Sch. Code:37401","State : SIKKIM
District : WEST SIKKIM",Secondary Level,"Name : PHUL MOTI MEMORIAL UNIVERSAL SMART
Head/Principal Name: SHANGREIWON KEISHING","Address : ACADEMY BANDUKEY UTTAREY WEST SIKKIM
Website : www.pmmusa.in"
779,"Aff. No. :1830015
Sch. Code:39603","State : SIKKIM
District : WEST SIKKIM",Senior Secondary Level,"Name : MOUNT KANCHAN ACADEMY
Head/Principal Name: CHANDRA CHETTRI","Address : DENTAM, WEST SIKKIM
Website :"
780,"Aff. No. :1840001
Sch. Code:39580","State : SIKKIM
District : WEST SIKKIM",Senior Secondary Level,"Name : PM SHRI SCHOOL JAWAHAR NAVODAYA VIDYALAYA
Head/Principal Name: Navaneet Kumar Jha","Address : ROTHAK NAYA BAZAR WEST SIKKIM
Website : https://navodaya.gov.in/nvs/nvs-school/WEST-SIKKIM/en/home/"
781,"Aff. No. :1830008
Sch. Code:35364","State : SIKKIM
District : WEST SIKKIM",Secondary Level,"Name : WOOD STOCK SCHOOL
Head/Principal Name: HANG JIT LIMBOO","Address : SHRI. UMESH MOKTAN, PRINCIPAL, WOOD STOCK SCHOOL, DALAM, UPPER THAMBONG, P.O. SOMBAREY - 737 122, WEST SIKKIM.
Website : http://www.woodstockschoolsikkim.com/"
782,"Aff. No. :1830009
Sch. Code:35365","State : SIKKIM
District : WEST SIKKIM",Secondary Level,"Name : HIMALAYAN ACADEMY
Head/Principal Name: BUNU CHETTRI","Address : PO SORENG WEST SIKKIM
Website : www.himalayanacademysoreng.org"
783,"Aff. No. :1820357
Sch. Code:37717","State : SIKKIM
District : WEST SIKKIM",Secondary Level,"Name : ASHRAM MODEL RESIDENTIAL SCHOOL
Head/Principal Name: Phurba Tshering Bhutia","Address : JHUSINGTHANG, PARENGAON GPU, MANGALBAREY BLOCK, RENCHENPHONG ASSEMBLY CONSTITUENCY
Website : https://ashrammodelresidentialschool.in/"
784,"Aff. No. :1820220
Sch. Code:37456","State : SIKKIM
District : WEST SIKKIM",Secondary Level,"Name : CENTRAL MARTAM SEC. SCHOOL
Head/Principal Name: Tulshi Ram Sharma","Address : CENTRAL MARTAM SEC. SCHOOL NEAR GVK MARTAM P/O BERMIOK BAZAR
Website : https://centralmartamschool.com"
785,"Aff. No. :1820218
Sch. Code:37454","State : SIKKIM
District : WEST SIKKIM",Secondary Level,"Name : GOVERNMENT SECONDARY SCHOOL RUMBUK, WEST SIKKIM
Head/Principal Name: Santa Kumar Lepcha","Address : P.O/P.S SOMBARIA, WEST SIKKIM PIN CODE-737121
Website : www.rumbukss.com"
786,"Aff. No. :1820131
Sch. Code:37333","State : SIKKIM
District : WEST SIKKIM",Secondary Level,"Name : GOVT SEC SCHOOL
Head/Principal Name: REEZA TAMANG","Address : KHANDU PO DENTAM BAZAR WEST SIKKIM
Website : www.sites.google.com/view/khanduss"
787,"Aff. No. :1820132
Sch. Code:37331","State : SIKKIM
District : WEST SIKKIM",Senior Secondary Level,"Name : GOVT SEC SCHOOL GELLING
Head/Principal Name: Thupden Lepcha","Address : GELLING O CHAKUNG DISTT WEST SIKKIM
Website : https://emmis.sikkim.gov.in/home/dashboard"
788,"Aff. No. :1820133
Sch. Code:37332","State : SIKKIM
District : WEST SIKKIM",Senior Secondary Level,"Name : GOVT SEC SCHOOL
Head/Principal Name: SAMBADUP BASSIV BHUTIA","Address : KAMLING PO SULDEING VIA NAYABAZAR WEST SIKKIM
Website : http://kamlingseniorsecondaryschool.org.in"
789,"Aff. No. :1820115
Sch. Code:37312","State : SIKKIM
District : WEST SIKKIM",Secondary Level,"Name : GOVT SEC SCHOOL
Head/Principal Name: PURNA CHANDRA DAHAL","Address : DODAK WEST SIKKIM
Website : https://dodaksecondaryschool.blogspot.com/"
790,"Aff. No. :1820116
Sch. Code:37313","State : SIKKIM
District : WEST SIKKIM",Senior Secondary Level,"Name : GOVT SEC SCHOOL
Head/Principal Name: BIKRAM MUKHIA","Address : KHANISERBANG WEST SIKKIM
Website : https://sites.google.com/view/khaniserbongsss/home"
791,"Aff. No. :1820117
Sch. Code:37314","State : SIKKIM
District : WEST SIKKIM",Secondary Level,"Name : GOVT SEC SCHOOL
Head/Principal Name: NIRUPA RAI","Address : ZOOM WEST SIKKIM
Website : https://sites.google.com/view/govt-zoom-s-s/%E0%B0"
792,"Aff. No. :1820094
Sch. Code:37287","State : SIKKIM
District : WEST SIKKIM",Senior Secondary Level,"Name : GOVT. KRIPASALYAN SR. SEC. SCHOOL,
Head/Principal Name: DOLAN HANG SUBBA","Address : DARAMDIN WEST SIKKIM
Website : www.kripasalyangsss.in"
793,"Aff. No. :1820101
Sch. Code:37303","State : SIKKIM
District : WEST SIKKIM",Secondary Level,"Name : GOVT. SEC SCHOOL
Head/Principal Name: Pranay Subba","Address : CHUMBONG WEST SIKKIM
Website : www.Chumbungss.sikedu.org."
794,"Aff. No. :1820102
Sch. Code:37302","State : SIKKIM
District : WEST SIKKIM",Senior Secondary Level,"Name : DAMBER SINGH LIMBOO MEMORIAL SENIOR SECONDARY SCHOOL DARAP, GYALSHING DISTRICT
Head/Principal Name: LAXMI PRASAD KARKI","Address : DARAP WEST SIKKIM
Website : www.darapgovtsss.com"
795,"Aff. No. :1820103
Sch. Code:37301","State : SIKKIM
District : WEST SIKKIM",Senior Secondary Level,"Name : GOVT. SR. SEC SCHOOL
Head/Principal Name: PRADEEP GURUNG","Address : BERMIOK MARTAM GYALSHING WEST SIKKIM
Website : www.bermiokgmail.com"
796,"Aff. No. :1820088
Sch. Code:37295","State : SIKKIM
District : WEST SIKKIM",Senior Secondary Level,"Name : PEMA RINZING LAMA SENIOR SECONDARY SCHOOL, YANGSUM
Head/Principal Name: Iva Rai","Address : YANGSUM PO- CHINGTHANG WEST SIKKIM
Website : www.yangsumschool.blogspot.com"
797,"Aff. No. :1820077
Sch. Code:37275","State : SIKKIM
District : WEST SIKKIM",Senior Secondary Level,"Name : GOVT SEC SCHOOL
Head/Principal Name: Pradeep Sharma","Address : GERETHANG PO- TASHIDING WEST SIKKIM
Website : www.gerethangsss.blogspot.com"
798,"Aff. No. :1820069
Sch. Code:37269","State : SIKKIM
District : WEST SIKKIM",Senior Secondary Level,"Name : PM SHRI GOVERNMENT GIRLS SENIOR SECONDARY SCHOOL GYALSHING
Head/Principal Name: SUSHMA SUBBA","Address : GYALSHING WEST SIKKIM
Website : https://gyalshingschool.blogspot.com/"
799,"Aff. No. :1820072
Sch. Code:37273","State : SIKKIM
District : WEST SIKKIM",Senior Secondary Level,"Name : K. B. LIMBOO GOVERNMENT SENIOR SECONDARY SCHOOL SRIBADAM
Head/Principal Name: MANOJ KUMAR TAMANG","Address : SHREEBUDAM WEST SIKKIM
Website : https://kblimboosss.wixsite.com/kblimboo"
800,"Aff. No. :1820082
Sch. Code:37278","State : SIKKIM
District : WEST SIKKIM",Secondary Level,"Name : GOVT SEC SCHOOL
Head/Principal Name: TEJ KUMAR SHARMA","Address : TIMBURBUNG WEST SIKKIM
Website : www.timburbung.school.gov.in"
801,"Aff. No. :1820058
Sch. Code:37259","State : SIKKIM
District : WEST SIKKIM",Secondary Level,"Name : GOVT SEC SCHOOL
Head/Principal Name: ROSHAN PRADHAN","Address : OKHREY WEST SIKKIM
Website : https://emmis.sikkim.gov.in/web/gss-okhrey"
802,"Aff. No. :1820059
Sch. Code:37254","State : SIKKIM
District : WEST SIKKIM",Senior Secondary Level,"Name : GOVERNMENT SENIOR SECONDARY SCHOOL, LINGCHOM
Head/Principal Name: RADHA SHARMA","Address : LINGCHOM WEST SIKKIM
Website : https://sites.google.com/view/lingchomsss"
803,"Aff. No. :1820060
Sch. Code:37262","State : SIKKIM
District : WEST SIKKIM",Senior Secondary Level,"Name : GOVT SR SEC SCHOOL
Head/Principal Name: Binita Basnett","Address : BURIAKHOP TIMBUR BHUNG VIA- SORENG WEST SIKKIM
Website : https://www.facebook.com/people/Bariakhop-Senior-Secondary-S"
804,"Aff. No. :1820061
Sch. Code:37261","State : SIKKIM
District : WEST SIKKIM",Senior Secondary Level,"Name : GOVT SEC SCHOOL
Head/Principal Name: MON KUMARI SUBBA","Address : UTTAREY WEST SIKKIM
Website : https://gsssuttarey.wixsite.com/website"
805,"Aff. No. :1820062
Sch. Code:37263","State : SIKKIM
District : WEST SIKKIM",Senior Secondary Level,"Name : GOVT SR. SEC. SCHOOL
Head/Principal Name: Rudra Mani Sharma","Address : KHECHUPERI WEST SIKKIM
Website : http://www.khechuperischool.blogspot.com"
806,"Aff. No. :1820042
Sch. Code:37249","State : SIKKIM
District : WEST SIKKIM",Senior Secondary Level,"Name : GOVT SR. SEC SCHOOL
Head/Principal Name: Sisir Kumar Goswami","Address : YUKSOM DT- GYALSHING WEST SIKKIM
Website : www.yuksamschool.blogspot.in"
807,"Aff. No. :1820043
Sch. Code:37257","State : SIKKIM
District : WEST SIKKIM",Senior Secondary Level,"Name : GOVT. SR SEC SCHOOL
Head/Principal Name: SHYAM KUMAR PRADHAN","Address : MANGALBARIA TAKUTHANG VIA- NAYA BAZAR WEST SIKKIM
Website : https://mssswest.blogspot.com"
808,"Aff. No. :1820037
Sch. Code:37258","State : SIKKIM
District : WEST SIKKIM",Senior Secondary Level,"Name : GOVT SR. SEC SCHOOL
Head/Principal Name: Narendra Kumar Chhetri","Address : THARPU WEST SIKKIM
Website : https://sites.google.com/view/tharpusss"
809,"Aff. No. :1820028
Sch. Code:37256","State : SIKKIM
District : WEST SIKKIM",Senior Secondary Level,"Name : PM SHRI GOVERNMENT SENIOR SECONDARY SCHOOL SORENG
Head/Principal Name: Purna Bahadur Chhetri","Address : SOREYONG WEST SIKKIM
Website : www.sorengschool.com/"
810,"Aff. No. :1820029
Sch. Code:37250","State : SIKKIM
District : WEST SIKKIM",Senior Secondary Level,"Name : GOVT HIGH SCHOOL
Head/Principal Name: TARA PRASAD DAHAL","Address : TASHIDING VIA- SINEK WEST SIKKIM
Website : www.govtssstashiding.org"
811,"Aff. No. :1820030
Sch. Code:37255","State : SIKKIM
District : WEST SIKKIM",Senior Secondary Level,"Name : GOVT SR SEC SCHOOL
Head/Principal Name: NARAYAN BASNET","Address : HEE YANGTHANG WEST SIKKIM
Website : https://heeyangthangsss.in/"
812,"Aff. No. :1820031
Sch. Code:37260","State : SIKKIM
District : WEST SIKKIM",Senior Secondary Level,"Name : GOVT SR SEC SCHOOL
Head/Principal Name: GYALTSEN SHERPA","Address : SOMBARIA WEST SIKKIM
Website : https://sombariasss.com"
813,"Aff. No. :1820032
Sch. Code:37251","State : SIKKIM
District : WEST SIKKIM",Senior Secondary Level,"Name : PM SHRI GOVERNMENT SENIOR SECONDARY SCHOOL,DENTAM
Head/Principal Name: RAJYASHREE SUBBA","Address : DENTAM WEST SIKKIM
Website : https://sites.google.com/view/dentamss/home"
814,"Aff. No. :1820033
Sch. Code:37264","State : SIKKIM
District : WEST SIKKIM",Senior Secondary Level,"Name : GOVT SECONDARY SCHOOL
Head/Principal Name: MAMTA RANI RAI","Address : CHAKUNG VIA- NAYA BAZAR WEST SIKKIM
Website : https://gssschakung.blogspot.com/"
815,"Aff. No. :1820009
Sch. Code:37253","State : SIKKIM
District : WEST SIKKIM",Senior Secondary Level,"Name : PM SHRI SARDAR RAN BAHADUR GURUNG GOVERNMENT SENIOR SECONDARY SCHOOL KALUK
Head/Principal Name: DURGA MANI PRADHAN","Address : KALUK WEST SIKKIM
Website : www.schools.com/kaluksss"
816,"Aff. No. :1820006
Sch. Code:37252","State : SIKKIM
District : WEST SIKKIM",Senior Secondary Level,"Name : PM SHRI GOVERNMENT SENIOR SECONDARY SCHOOL, PELLING
Head/Principal Name: YANGDEN SHIPMOO","Address : PELLING GYALSHING WEST SIKKIM
Website : www.pellingseniorsecondaryschool.com"
817,"Aff. No. :2000004
Sch. Code:39593","State : TRIPURA
District : NORTH TRIPURA",Senior Secondary Level,"Name : PM SHRI KENDRIYA VIDYALAYA
Head/Principal Name: SUNITA DEVI","Address : BSF CAMPUS PANISAGAR NORTH TRIPURA
Website : https://bsfpanisagar.kvs.ac.in/"
818,"Aff. No. :2000005
Sch. Code:39594","State : TRIPURA
District : NORTH TRIPURA",Senior Secondary Level,"Name : PM SHRI KENDRIYA VIDYALAYA
Head/Principal Name: DIPANKAR RAY","Address : KAILASHAHAR NORTH TRIPURA
Website : https://kailashahar.kvs.ac.in"
819,"Aff. No. :2020003
Sch. Code:35386","State : TRIPURA
District : NORTH TRIPURA",Senior Secondary Level,"Name : EKLAVYA MODEL RESIDENTIAL SCHOOL
Head/Principal Name: ARUN KUMAR","Address : DARCHWAI, KUMARGHAT, NORTH TIRPURA
Website : www.emrskgt.in"
820,"Aff. No. :2020027
Sch. Code:37431","State : TRIPURA
District : NORTH TRIPURA",Senior Secondary Level,"Name : GOLDEN VALLEY H.S.(+2STAGE) SCHOOL
Head/Principal Name: MANAS DE","Address : RAJBARI-TILTHAI ROAD P.O. RAJBARI,,799253
Website : https://gvhss.vidyajyotischools.com/"
821,"Aff. No. :2020028
Sch. Code:37432","State : TRIPURA
District : NORTH TRIPURA",Senior Secondary Level,"Name : KANCHANPUR GOVT. ENGLISH MEDIUM HS SCHOOL
Head/Principal Name: NARENDRA KUMAR DAS","Address : VILL.-SRIRAMPUR, BLOCK-LALJURI RD BLOCK, P.O./P.S.-KANCHANPUR, DIST.-NTH TRIPURA.,799270
Website : https://kpgems.vidyajyotischools.com"
822,"Aff. No. :2020151
Sch. Code:37552","State : TRIPURA
District : NORTH TRIPURA",Senior Secondary Level,"Name : DAMCHERRA ENGLISH MEDIUM MODEL SCHOOL
Head/Principal Name: HIRALAL DEBBARMA","Address : P/O- NARENDRANAGAR, , PS DAMCHERRA
Website : https://demms.vidyajyotischools.co"
823,"Aff. No. :2020159
Sch. Code:37571","State : TRIPURA
District : NORTH TRIPURA",Senior Secondary Level,"Name : KANCHANPUR HIGHER SECONDERY SCHOOL
Head/Principal Name: Bharat Bhushan Chakma","Address : P.S KANCHENPUR, SUB. KANCHANPUR
Website : https://kcphss.vidyajyotischools.co"
824,"Aff. No. :2020174
Sch. Code:37586","State : TRIPURA
District : NORTH TRIPURA",Senior Secondary Level,"Name : DAMCHERRA H.S.SCHOOL
Head/Principal Name: HEMENDRA DEBBARMA","Address : DAMCHERRA, PANISAGAR
Website : https://dmchss.vidyajyotischools.com/wp-admin/"
825,"Aff. No. :2020177
Sch. Code:37589","State : TRIPURA
District : NORTH TRIPURA",Senior Secondary Level,"Name : ANANDABAZAR SENIOR SECONDARY SCHOOL
Head/Principal Name: GARMENJOY REANG","Address : ANANDABAZAR, KANCHANPUR
Website : https://abrhss.vidyajyotischools.com"
826,"Aff. No. :2020155
Sch. Code:37556","State : TRIPURA
District : NORTH TRIPURA",Senior Secondary Level,"Name : SABUAL H.S SCHOOL
Head/Principal Name: Rochhuahkima","Address : JAMPUI HILL, NORTH TRIPURA
Website : https://semhss.vidyajyotischools.co"
827,"Aff. No. :2020169
Sch. Code:37581","State : TRIPURA
District : NORTH TRIPURA",Senior Secondary Level,"Name : SATNALA H.S SCHOOL
Head/Principal Name: James Albert Ranglong","Address : DASDA, MANU CHAILENGTA R.F SATNALA, KANCHANPUR
Website : https://stnhss.vidyajyotischools.com"
828,"Aff. No. :2020170
Sch. Code:37582","State : TRIPURA
District : NORTH TRIPURA",Senior Secondary Level,"Name : PANISAGAR H.S. SCHOOL
Head/Principal Name: JATAN KUMAR DEBBARMA","Address : PANISAGAR, NORTH TRIPURA
Website : https://pnrhss.vidyajyotischools.com"
829,"Aff. No. :2020204
Sch. Code:37618","State : TRIPURA
District : NORTH TRIPURA",Senior Secondary Level,"Name : BIR BIKRAM INSTITUTION
Head/Principal Name: Ranju Sarma","Address : PO DHARMANAGR, PS DHARMANAGAR
Website : https://bbihss.vidyajyotischools.com"
830,"Aff. No. :2020205
Sch. Code:37619","State : TRIPURA
District : NORTH TRIPURA",Senior Secondary Level,"Name : NAYAPARA ENGLISH MEDIUM H.S (+2 STAGE) SCHOOL
Head/Principal Name: GOKUL CHANDRA DEBNATH","Address : DHARMANAGAR, NORTH TRIPURA
Website : https://nyphss.vidyajyotischools.com"
831,"Aff. No. :2020206
Sch. Code:37620","State : TRIPURA
District : NORTH TRIPURA",Senior Secondary Level,"Name : KADAMTALA HS SCHOOL
Head/Principal Name: Subhasis Debnath","Address : P.O-KADAMTALA, P.S- KADAMTALA
Website : https://kmtss.vidyajyotischool.co"
832,"Aff. No. :2020219
Sch. Code:37633","State : TRIPURA
District : NORTH TRIPURA",Senior Secondary Level,"Name : PADMAPUR H.S. (+2 STAGE) SCHOOL
Head/Principal Name: Amit Kilikdar","Address : DHARMANAGAR, NEAR SATSANGA ASHRAM
Website : https://pdphss.vidyajyotischools.com"
833,"Aff. No. :2020232
Sch. Code:37650","State : TRIPURA
District : NORTH TRIPURA",Senior Secondary Level,"Name : TILTHAI RUPCHARAN H.S SCHOOL
Head/Principal Name: DEBASISH NATH","Address : TILTHAI, PURBA TILTHAI
Website : https://trchss.vidyajyotischools.com"
834,"Aff. No. :2020245
Sch. Code:37664","State : TRIPURA
District : NORTH TRIPURA",Senior Secondary Level,"Name : PRATYEKROY HIGHER SECONDARY SCHOOL
Head/Principal Name: Ujjal Nath","Address : PRATYEKROY, PRATEKROY
Website : https://pthss.vidyajyotischools.com"
835,"Aff. No. :2020247
Sch. Code:37666","State : TRIPURA
District : NORTH TRIPURA",Senior Secondary Level,"Name : HUPLONGCHERRA TEA ESTATE HIGHER SECONDARY SCHOOL
Head/Principal Name: BABUL CHANDRA DAS","Address : DHARMANAGAR, NORTH TRIPIURA
Website : https://htehss.vidyajyotischools.com/wp-admin"
836,"Aff. No. :2030032
Sch. Code:35408","State : TRIPURA
District : NORTH TRIPURA",Secondary Level,"Name : GLOBAL COLLEGIATE SCHOOL
Head/Principal Name: Bikash Nath","Address : KADAMTALA
Website : www.gcstrips.com"
837,"Aff. No. :2030027
Sch. Code:35401","State : TRIPURA
District : NORTH TRIPURA",Secondary Level,"Name : HOLY CROSS SCHOOL KUMARGHAT
Head/Principal Name: A FRANCIS XAVIER","Address : HOLY CROSS SCHOOL,PABIACHERRA ( P.O), KUMARGHAT - 799264
Website : https://www.holycrossschoolkumarghat.in"
838,"Aff. No. :2030030
Sch. Code:35404","State : TRIPURA
District : NORTH TRIPURA",Senior Secondary Level,"Name : SIKSHA BHAVAN MONTESSORI SCHOOL
Head/Principal Name: Ushri Chakrabarty Sen","Address : MISSION ROAD DHARMANAGAR NORTH TRIPURA
Website :"
839,"Aff. No. :2030101
Sch. Code:35526","State : TRIPURA
District : NORTH TRIPURA",Secondary Level,"Name : SANTI MANSION INSTITUTE
Head/Principal Name: Abhijit Nag","Address : VILL- KANCHANPUR, PO- KANCHANPUR, PS- KANCHANPUR, DIST- NORTH TRIPURA, STATE- TRIPURA.
Website : http://santimansioninstitute.in/"
840,"Aff. No. :2030153
Sch. Code:35592","State : TRIPURA
District : NORTH TRIPURA",Senior Secondary Level,"Name : NORTH POINT SCHOOL
Head/Principal Name: Rajesh Bhattacharjee","Address : ASHRAM ROAD, DHARAMANAGAR NORTH TRIPURA
Website : www.northpointschooltripura.com"
841,"Aff. No. :2030154
Sch. Code:35620","State : TRIPURA
District : NORTH TRIPURA",Secondary Level,"Name : PRANAVANANDA VIDYAMANDIR
Head/Principal Name: RABINDRA CHANDRA MALAKAR","Address : HURUA, DHARMANAGAR
Website : http://www.pvmagtonline.in"
842,"Aff. No. :2040004
Sch. Code:39589","State : TRIPURA
District : NORTH TRIPURA",Senior Secondary Level,"Name : JAWAHAR NAVODAYA VIDYALAYA
Head/Principal Name: MANIRUPA KAR","Address : VILL & PO KHERENGJURI, DHARMANAGAR, NORTH TRIPURA, TRIPURA-799262
Website : https://navodaya.gov.in/nvs/nvs-school/NORTH-TRIPURA/en/home"
843,"Aff. No. :2040006
Sch. Code:39650","State : TRIPURA
District : SOUTH TRIPURA",Senior Secondary Level,"Name : PM SHRI SCHOOL JAWAHAR NAVODAYA VIDYALAYA BELONIA
Head/Principal Name: RICHA SHARMA","Address : NATH PARA, BASPADUA, NEAR PURBA BASPADUA JB SCHOOL
Website : https://navodaya.gov.in/nvs/nvs-school/SOUTH-TRIPU"
844,"Aff. No. :2040002
Sch. Code:39587","State : TRIPURA
District : SOUTH TRIPURA",Senior Secondary Level,"Name : PM SHRI SCHOOL JAWAHAR NAVODAYA VIDYALAYA
Head/Principal Name: RUPAM BHATTACHARYA","Address : PO- KAKRABAN UDAIPUR SOUTH TRIPURA
Website : https://navodaya.gov.in/nvs/nvs-school/Gomati/"
845,"Aff. No. :2030100
Sch. Code:35501","State : TRIPURA
District : SOUTH TRIPURA",Secondary Level,"Name : ST.FRANCIS DE SALES SCHOOL
Head/Principal Name: VARGHESE CV","Address : SINDUKPATHAR; PO- SINDUKPATHAR;SABROOM; PIN-799143
Website : www.sfssindhukpathar.com"
846,"Aff. No. :2080001
Sch. Code:35379","State : TRIPURA
District : SOUTH TRIPURA",Senior Secondary Level,"Name : ASSAM RIFLES PUBLIC SCHOOL
Head/Principal Name: CHUMKI SAHA","Address : UDAIPUR SOUTH TRIPURA C/O 6 ASSAM RIFLES 99 APO
Website : https://arpsudp.site123.me/"
847,"Aff. No. :2030028
Sch. Code:35403","State : TRIPURA
District : SOUTH TRIPURA",Senior Secondary Level,"Name : SAINT JOHNS HIGH SCHOOL
Head/Principal Name: Kulandai Swami","Address : RAIO, RAIYA BARI (PO), KILLA (PS), UDAIPUR, GOMATI TRIPURA.
Website : www.stjhonraio.com"
848,"Aff. No. :2030033
Sch. Code:35409","State : TRIPURA
District : SOUTH TRIPURA",Secondary Level,"Name : EBENEZER HIGH SCHOOL
Head/Principal Name: EZRA TRIPURA","Address : TWIPHUMA PO- SAKBARI PS- MANU BAZAR
Website : www.ebenezerhighschool.co.in"
849,"Aff. No. :2030034
Sch. Code:35410","State : TRIPURA
District : SOUTH TRIPURA",Senior Secondary Level,"Name : HOLY SPIRIT SCHOOL
Head/Principal Name: A ARUNA JONSI","Address : U.B.C NAGAR POST, SUKANTA NAGAR
Website : www.holyspiritschoolbelonia.com"
850,"Aff. No. :2030010
Sch. Code:35383","State : TRIPURA
District : SOUTH TRIPURA",Senior Secondary Level,"Name : DON BOSCO SCHOOL
Head/Principal Name: TESSY JOSEPH","Address : DHAJANAGAR GOKULPUR UDAIPUR TRIPURA SOUTH TRIPURA
Website : https://www.donboscoudaipur.in/"
851,"Aff. No. :2030015
Sch. Code:35389","State : TRIPURA
District : SOUTH TRIPURA",Senior Secondary Level,"Name : GARIA ACADEMY (MODEL)
Head/Principal Name: HARENDRA TRIPURA","Address : GARIA HATHAI, ATHARABLA, P.O: MANIKYA, P.S: KILLA, SUB-DIVISION: UDAIPUR, DISTRICT: SOUTH TRIPURA, PIN: 799114
Website : www.gariaacademy.com"
852,"Aff. No. :2030016
Sch. Code:35390","State : TRIPURA
District : SOUTH TRIPURA",Senior Secondary Level,"Name : DHAMMA DIPA SCHOOL
Head/Principal Name: ALBERT JAMATIA","Address : P.O. BISHNUPUR, MANU BANKUL, SABROOM, SOUTH TRIPURA
Website : www.ddstripura.org"
853,"Aff. No. :2030022
Sch. Code:35395","State : TRIPURA
District : SOUTH TRIPURA",Senior Secondary Level,"Name : BRILLIANT STARS SCHOOL
Head/Principal Name: Sibu Das","Address : EAST DHAJANAGAR, GOKULPUR, UDAIPUR, GOMATI
Website : www.brilliantstarsschool.org"
854,"Aff. No. :2020231
Sch. Code:37645","State : TRIPURA
District : SOUTH TRIPURA",Senior Secondary Level,"Name : BRAJENDRA KISHORE INSTITUTION
Head/Principal Name: KULENDRA TRIPURA","Address : BELONIA, SOUTH TRIPURA
Website : http://bkihss.vidyajyotischools.com"
855,"Aff. No. :2020237
Sch. Code:37656","State : TRIPURA
District : SOUTH TRIPURA",Senior Secondary Level,"Name : MATAI HS SCHOOL
Head/Principal Name: KAMDEB TRIPURA","Address : BELONIA, SOUTH TRIPURA
Website : https://miemhss.vidyajyotischools.com"
856,"Aff. No. :2020214
Sch. Code:37628","State : TRIPURA
District : SOUTH TRIPURA",Senior Secondary Level,"Name : MANU BANKUL H.S SCHOOL
Head/Principal Name: CHAFRU MOG","Address : P.O. - BISHNUPUR, P.S - SABROOM
Website : https://mbhss.vidyajyotischools.com"
857,"Aff. No. :2020215
Sch. Code:37629","State : TRIPURA
District : SOUTH TRIPURA",Senior Secondary Level,"Name : HRISHYAMUKH H.S. SCHOOL
Head/Principal Name: BALARAM SEN","Address : HRISHYAMUKH R D BLOCK, BELONIA
Website : https://hemhss.vidyajyotischools.com/"
858,"Aff. No. :2020217
Sch. Code:37631","State : TRIPURA
District : SOUTH TRIPURA",Senior Secondary Level,"Name : RAJNAGAR COLONY HS SCHOOL
Head/Principal Name: SIPUL PAL","Address : BELONIA, , SOUTH TRIPURA
Website : https://rchss.vidyajyotischools.com"
859,"Aff. No. :2020202
Sch. Code:37616","State : TRIPURA
District : SOUTH TRIPURA",Senior Secondary Level,"Name : SANTIRBAZAR H.S SCHOOL
Head/Principal Name: SUDIP DAS","Address : PS-SANTIRBAZAR, BLOCK-BOKAFA,SOUTH TRIPURA
Website : https://stbhss.vidyajyotischools.co"
860,"Aff. No. :2020208
Sch. Code:37622","State : TRIPURA
District : SOUTH TRIPURA",Senior Secondary Level,"Name : SRINAGAR HS SCHOOL
Head/Principal Name: Senajit Chaudhuri","Address : MANUBAZAR, SABROOM
Website : https://snghss.vidyajyotischools.com"
861,"Aff. No. :2020211
Sch. Code:37625","State : TRIPURA
District : SOUTH TRIPURA",Senior Secondary Level,"Name : BARPATHARI HS SCHOOL
Head/Principal Name: Biswajit Majumder","Address : BELONIA, SOUTH TRIPURA
Website : https://bpthss.vidyajyotischools.com/"
862,"Aff. No. :2020212
Sch. Code:37626","State : TRIPURA
District : SOUTH TRIPURA",Senior Secondary Level,"Name : BAIKHORA ENGLISH MEDIUM HIGHER SECONDARY SCHOOL
Head/Principal Name: SANTIKUMAR MOLSOM","Address : POST OFFICE - BAIKHORA, POLICE STATION - BAIKHORA
Website : https://bemhss.vidyajyotischools.com"
863,"Aff. No. :2020191
Sch. Code:37603","State : TRIPURA
District : SOUTH TRIPURA",Senior Secondary Level,"Name : BC MANU SS VIDYAMANDIR
Head/Principal Name: PALAS BAIDYA","Address : SANTIRBAZAR, BELONIA
Website : https://bcmssvhss.vidyajyotischools.co"
864,"Aff. No. :2020001
Sch. Code:35380","State : TRIPURA
District : SOUTH TRIPURA",Senior Secondary Level,"Name : EKLAVYA MODEL RESIDENTIAL SCHOOL
Head/Principal Name: Sudip Kumar Pal","Address : BIRCHANDRA NAGAR SANTIR SOUTH TRIPURA
Website : www.emrsbcn.co.in"
865,"Aff. No. :2020019
Sch. Code:37423","State : TRIPURA
District : SOUTH TRIPURA",Senior Secondary Level,"Name : BELONIA GOVERNMENT ENGLISH MEDIUM H.S SCHOOL
Head/Principal Name: SWARUP SAHA","Address : WARD NO. 12, BELONIA, SOUTH TRIPURA -799155
Website : https://beloniaengmedschool.com"
866,"Aff. No. :2020020
Sch. Code:37424","State : TRIPURA
District : SOUTH TRIPURA",Senior Secondary Level,"Name : SABROOM ENGLISH MEDIUM H.S. SCHOOL,
Head/Principal Name: CHANDAN KUMAR DEBNATH","Address : SABROOM, SOUTH TRIPURA.
Website : www.sems.vidyajyotischools.co"
867,"Aff. No. :2020008
Sch. Code:35415","State : TRIPURA
District : SOUTH TRIPURA",Secondary Level,"Name : BHURATALI, SABROOM
Head/Principal Name: NABENDU CHAKRABARTI","Address : SOUTH TRIPURA- 790 143
Website : www.rsbhuratali.in"
868,"Aff. No. :2000003
Sch. Code:39592","State : TRIPURA
District : SOUTH TRIPURA",Senior Secondary Level,"Name : PM SHRI KENDRIYA VIDYALAYA BAGAFA
Head/Principal Name: RAJESH MEENA","Address : BSF CAMPUS BAGAFA SANTIR BAZAR TRIPURA
Website : https://bsfbagafa.kvs.ac.in/"
869,"Aff. No. :2020004
Sch. Code:35398","State : TRIPURA
District : WEST TRIPURA",Senior Secondary Level,"Name : EKLAVYA MODEL RESIDENTIAL SCHOOL
Head/Principal Name: SOMION REANG","Address : RAJNAGAR, PO RAJNAGAR, KHOWAI, DISTT. TRIPURA
Website : https://emrsrajnagar.in/"
870,"Aff. No. :2020005
Sch. Code:37410","State : TRIPURA
District : WEST TRIPURA",Senior Secondary Level,"Name : HINDI HIGHER SEC. SCHOOL
Head/Principal Name: BHUBANI JAMATIA","Address : ABHOY NAGAR, KUNJAN AGARTALA, TRIPURA
Website : https://hindihss.co.in"
871,"Aff. No. :2020007
Sch. Code:35373","State : TRIPURA
District : WEST TRIPURA",Senior Secondary Level,"Name : RAMAKRISHNA MISSION VIDYALAYA
Head/Principal Name: SWAMI SHUBHAKARANANDA","Address : VIVEK NAGAR PO- AMTALI TRIPURA
Website : www.rkmv.edu.in"
872,"Aff. No. :2020009
Sch. Code:37413","State : TRIPURA
District : WEST TRIPURA",Senior Secondary Level,"Name : IAS CHIEF SECRETARY
Head/Principal Name: SUJIT CHAKRABORTY","Address : GOVT OF TRIPURA , AGARTALA, TRIPURA
Website : http://sbhss.vidyajyotischools.co"
873,"Aff. No. :2020010
Sch. Code:37414","State : TRIPURA
District : WEST TRIPURA",Senior Secondary Level,"Name : UMAKANTA ACADEMY
Head/Principal Name: RAMKRISHNA BHATTACHARYA","Address : AKHURA ROAD
Website : https://uaems.vidyajyotischools.co"
874,"Aff. No. :2020011
Sch. Code:37415","State : TRIPURA
District : WEST TRIPURA",Senior Secondary Level,"Name : HENRY DEROZIO ACADEMY HS
Head/Principal Name: PADMA DORAISWAMY","Address : DIET COMPLEX, PO: KUNJABAN,799006
Website : https://hda.vidyajyotischools.com"
875,"Aff. No. :2020012
Sch. Code:37416","State : TRIPURA
District : WEST TRIPURA",Senior Secondary Level,"Name : DR. B.R. AMBEDKAR ENGLISH MODEL SCHOOL
Head/Principal Name: SARBANI BHATTACHARYYA","Address : ANANDANAGAR,AGARTALA, WEST TRIPURA, 799004
Website : http://braems.vidyajyotischools.com"
876,"Aff. No. :2020013
Sch. Code:37417","State : TRIPURA
District : WEST TRIPURA",Senior Secondary Level,"Name : KHUMPUI ACADEMY,
Head/Principal Name: Hebal Kalai","Address : KHUMULWNG. TTAADC, AGARTALA, TRIPURA
Website : http://kaems.vidyajyotischools.co"
877,"Aff. No. :2020014
Sch. Code:37418","State : TRIPURA
District : WEST TRIPURA",Senior Secondary Level,"Name : SUKANTA ACADEMY ENGLISH MEDIUM H.S. SCHOOL
Head/Principal Name: Dwijalal Debnath","Address : NALGARIA RANIRBAZAR, WEST TRIPURA,799035
Website : https://saems.vidyajyotischools.com"
878,"Aff. No. :2020002
Sch. Code:35382","State : TRIPURA
District : WEST TRIPURA",Senior Secondary Level,"Name : EKLAVYA MODEL RESIDENTIAL SCHOOL
Head/Principal Name: BHABATOSH NATH CHAUDHURI","Address : KHUMULWNG JIRNIA WEST TRIPURA
Website : https://www.emrskhumulwng.com/"
879,"Aff. No. :2020160
Sch. Code:37572","State : TRIPURA
District : WEST TRIPURA",Senior Secondary Level,"Name : BERIMURA HS SCHOOL
Head/Principal Name: KAMALA SUNDARI DEBBARMA","Address : BAMUTIA, MOHANPUR, WEST TRIPURA
Website : https://bmrhss.vidyajyotischools.co"
880,"Aff. No. :2020161
Sch. Code:37573","State : TRIPURA
District : WEST TRIPURA",Senior Secondary Level,"Name : BIRENDRANAGAR H.S SCHOOL
Head/Principal Name: DIPAK KUMAR SINHA","Address : JIRANIA, WEST TRIPURA
Website : https://brnhss.vidyajyotischools.com"
881,"Aff. No. :2020162
Sch. Code:37574","State : TRIPURA
District : WEST TRIPURA",Senior Secondary Level,"Name : BODHJUNG H.S SCHOOL
Head/Principal Name: MALAY BHAUMIK","Address : EAST P.S, P.O AGARTALA
Website : https://bdghss.vidyajyotischools.com"
882,"Aff. No. :2020163
Sch. Code:37575","State : TRIPURA
District : WEST TRIPURA",Senior Secondary Level,"Name : MOHANPUR GIRLS' H.S. SCHOOL
Head/Principal Name: Simadri Debbarma","Address : SIDHAI MOHANPUR, WEST TRIPURA
Website : https://mghssg.vidyajyotischools.com"
883,"Aff. No. :2020164
Sch. Code:37576","State : TRIPURA
District : WEST TRIPURA",Senior Secondary Level,"Name : MAHARANI TULSIBATI GIRLS' H.S. SCHOOL
Head/Principal Name: PRITI DEBBARMA","Address : P.O- AGARTALA, SADAR
Website : https://mtbghss.vidyajyotischools.co"
884,"Aff. No. :2020165
Sch. Code:37577","State : TRIPURA
District : WEST TRIPURA",Senior Secondary Level,"Name : NARSINGARH H.S. SCHOOL
Head/Principal Name: SUCHITRA SARKAR","Address : BIMANGARH, AGARTALA
Website : https://nshhss.vidyajyotischools.com"
885,"Aff. No. :2020150
Sch. Code:37551","State : TRIPURA
District : WEST TRIPURA",Senior Secondary Level,"Name : BHAGAT SINGH ENG.MED.H.S SCHOOL
Head/Principal Name: SUNIL DEBBARMA","Address : NEAR HIGH COURT BUILDING, AGARTALA
Website : https://bshems.vidyajyotischools.co/"
886,"Aff. No. :2020183
Sch. Code:37595","State : TRIPURA
District : WEST TRIPURA",Senior Secondary Level,"Name : UMAKANTA ACADEMY
Head/Principal Name: DULAL CHANDRA DEBNATH","Address : NEAR IGM HOSPITAL, P.O- AGARTALA
Website : https://uahss.vidyajyotischools.com/"
887,"Aff. No. :2020184
Sch. Code:37596","State : TRIPURA
District : WEST TRIPURA",Senior Secondary Level,"Name : SURENDRANAGAR H.S. SCHOOL
Head/Principal Name: SARBANI DEBBARMA","Address : BAIKUNTHAPUR, SIDHAI
Website : https://sdnhss.vidyajyotischools.com"
888,"Aff. No. :2020194
Sch. Code:37607","State : TRIPURA
District : WEST TRIPURA",Senior Secondary Level,"Name : ARUNDHATI NAGAR HIGHER SECONDARY SCHOOL
Head/Principal Name: NIRMAL KANTI KAR","Address : ROAD NO 1, NEAR AROBINDA SANGHA
Website : https://adnhss.vidyajyotischools.co"
889,"Aff. No. :2020195
Sch. Code:37608","State : TRIPURA
District : WEST TRIPURA",Senior Secondary Level,"Name : PALLIMANGAL H.S.SCHOOL
Head/Principal Name: SUSANTA CHAKRABORTY","Address : SADAR, AMC WARD NO 9, P.O- KHAYERPUR
Website : https://plghss.vidyajyotischools.com/"
890,"Aff. No. :2020196
Sch. Code:37609","State : TRIPURA
District : WEST TRIPURA",Senior Secondary Level,"Name : AMTALI H.S. SCHOOL
Head/Principal Name: Ratna Choudhury","Address : SADAR, AMTALI BAZAR
Website : https://amthss.vidyajyotischools.com"
891,"Aff. No. :2020197
Sch. Code:37610","State : TRIPURA
District : WEST TRIPURA",Senior Secondary Level,"Name : MOHANPUR CLASS XII SCHOOL
Head/Principal Name: UTTAM KUMAR DAS","Address : SIDHAI, WEST TRIPURA
Website : https://mhphss.vidyajyotischools.com"
892,"Aff. No. :2020198
Sch. Code:37612","State : TRIPURA
District : WEST TRIPURA",Senior Secondary Level,"Name : SURJYAMANINAGAR H.S. SCHOOL
Head/Principal Name: Lina Debbarma","Address : AGARTALA BISHALGARH ROAD, P.O.- TRIPURA UNIVERSITY COMPLEX
Website : https://sjnhss.vidyajyotischools.com"
893,"Aff. No. :2020199
Sch. Code:37613","State : TRIPURA
District : WEST TRIPURA",Senior Secondary Level,"Name : ACHARYA PRAFULLA CHANDRA ROY SMRITI VIDYAMANDIR
Head/Principal Name: SHARBARI DEBROY PAUL","Address : NCC, AGARTALA TRIPURA WEST
Website : https://apchss.vidyajyotischools.co"
894,"Aff. No. :2020153
Sch. Code:37554","State : TRIPURA
District : WEST TRIPURA",Senior Secondary Level,"Name : KSHUDIRAM BASU ENGLISH MEDIUM SCHOOL
Head/Principal Name: SAMIR RANJAN DAS","Address : DHALESWAR, OPPOSITE PURBASA
Website : https://kbems.vidyajyotischools.com"
895,"Aff. No. :2020201
Sch. Code:37615","State : TRIPURA
District : WEST TRIPURA",Senior Secondary Level,"Name : CHAMPAKNAGAR H.S. SCHOOL
Head/Principal Name: MADHUMITA NATH","Address : JIRANIA, NEAR ASSAM AGARTALA ROAD
Website : https://cmphss.vidyajyotischools.com"
896,"Aff. No. :2020236
Sch. Code:37655","State : TRIPURA
District : WEST TRIPURA",Senior Secondary Level,"Name : MADHU CHOWDHURY PARA HIGHER SECONDARY SCHOOL
Head/Principal Name: Sonalaxmi Debbarma","Address : ABHICHARAN, LEFUNGA
Website : https://mcphss.vidyajyotischools.co"
897,"Aff. No. :2020241
Sch. Code:37660","State : TRIPURA
District : WEST TRIPURA",Senior Secondary Level,"Name : KABIRAJ TILLA HIGHER SECONDARY SCHOOL
Head/Principal Name: Taru Rani Chowdhury","Address : BADHARGHAT, WORD NO.45
Website : https://kthss.vidyajyotischools.co"
898,"Aff. No. :2000001
Sch. Code:39590","State : TRIPURA
District : WEST TRIPURA",Senior Secondary Level,"Name : PM SHRI KENDRIYA VIDYALAYA
Head/Principal Name: MANOJ KUMAR","Address : KUNJABAN AGARTALA TRIPURA
Website : https://no1agartala.kvs.ac.in"
899,"Aff. No. :2000002
Sch. Code:39591","State : TRIPURA
District : WEST TRIPURA",Senior Secondary Level,"Name : KENDRIYA VIDYALAYA
Head/Principal Name: DR DHARMENDRA MISHRA","Address : ONGC BASE COMPLEX AGARTALA TRIPURA
Website : https://ongcagartala.kvs.ac.in/"
900,"Aff. No. :2000007
Sch. Code:39596","State : TRIPURA
District : WEST TRIPURA",Senior Secondary Level,"Name : KENDRIYA VIDYALAYA
Head/Principal Name: SANJAY MALIK","Address : NIT, AGARTALA, POST JIRANIA, DISTT. WEST TRIPURA, TRIPURA-799 045
Website : https://nitagartala.kvs.ac.in/"
901,"Aff. No. :2000008
Sch. Code:39597","State : TRIPURA
District : WEST TRIPURA",Senior Secondary Level,"Name : KENDRIYA VIDYALAYA
Head/Principal Name: ASHOK KUMAR PATHAK","Address : GC CRPF, ADARANI, SALBAGAN, AGARTALA, TRIPURA (W), TRIPURA
Website : https://crpfagartala.kvs.ac.in"
902,"Aff. No. :2000009
Sch. Code:39598","State : TRIPURA
District : WEST TRIPURA",Secondary Level,"Name : KENDRIYA VIDYALAYA
Head/Principal Name: MANJIT MANN","Address : BSF TELIAMURA, KHASIAMANGAL, BSF CAMPUS, DISTT. KHOWAI, TRIPURA
Website : https://bsfteliamura.kvs.ac.in"
903,"Aff. No. :2030023
Sch. Code:35396","State : TRIPURA
District : WEST TRIPURA",Senior Secondary Level,"Name : SWAMI DHANONJOY DAS KATHIA BABA MISSION SCHOOL
Head/Principal Name: MOUMITA MUKHOPADHYAY","Address : POTUNAGAR PO-DURJOYNAGAR
Website : www.sddkbmissionschool.in"
904,"Aff. No. :2030024
Sch. Code:35397","State : TRIPURA
District : WEST TRIPURA",Senior Secondary Level,"Name : SYNOD FOUNDATION ENGLISH MEDIUM SCHOOL
Head/Principal Name: Kamthang Haokip","Address : P.O. LEFUNGA, PS LEFUNGA
Website : www.sfems.co.in"
905,"Aff. No. :2030025
Sch. Code:35406","State : TRIPURA
District : WEST TRIPURA",Secondary Level,"Name : THE AGARTALA INTERNATIONAL SCHOOL
Head/Principal Name: NABAMITA DEY ACHARYA","Address : CHANMARI EAST PRIYA TILLA AGARTALA
Website : www.theagartalainternationalschool.in"
906,"Aff. No. :2030026
Sch. Code:35399","State : TRIPURA
District : WEST TRIPURA",Senior Secondary Level,"Name : MODERN HIGH SCHOOL
Head/Principal Name: SUJIT DASGUPTA","Address : MOLAY NAGAR, DATTA PALLI, P.O. RENTERS COLONY
Website : www.modernschooltrp.com"
907,"Aff. No. :2030017
Sch. Code:35391","State : TRIPURA
District : WEST TRIPURA",Senior Secondary Level,"Name : SRI SRI RAVISHANKAR VIDYAMANDIR
Head/Principal Name: Bina Debi Harijan","Address : P.O.AGARTALA AIRPORT VILLAGE-DIGHALIA, PATUNAGAR PANCHYET
Website : http://agartala.ssrvm.org/"
908,"Aff. No. :2030018
Sch. Code:35393","State : TRIPURA
District : WEST TRIPURA",Senior Secondary Level,"Name : MONTFORT HIGHER SECONDARY SCHOOL
Head/Principal Name: JOSE JOSEPH","Address : CHAMPAK NAGAR P.O. TRIPURA WEST - 799 045
Website : www.montfortchampaknagar.org"
909,"Aff. No. :2030019
Sch. Code:35392","State : TRIPURA
District : WEST TRIPURA",Senior Secondary Level,"Name : DEROZEO MISSION SCHOOL
Head/Principal Name: Haripada Chakraborty","Address : JAMBURA, KHOWAI.
Website : http://www.dmskhowai.in"
910,"Aff. No. :2030020
Sch. Code:35656","State : TRIPURA
District : WEST TRIPURA",Middle Class,"Name : SWAMI DHANANJOY DAS KATHIA BABA MISSION SCHOOL
Head/Principal Name: RITA SINHA","Address : 10,JAIL ROAD,MATH CHOWMUHANI,P.O DHALESHWAR,AGARTALA,TRIPURA(WEST) PIN:-799007,INDIA
Website :"
911,"Aff. No. :2030021
Sch. Code:35394","State : TRIPURA
District : WEST TRIPURA",Senior Secondary Level,"Name : TRIPURESWARI VIDYA MANDIR
Head/Principal Name: SRI SANJIT KUMAR GHOSH","Address : GANDHIGRAM, P.S.: AIRPORT, MOHANPUR SUBDIVISION, TRIPURA WEST
Website : www.tripureswarividyamandir.org.in"
912,"Aff. No. :2030011
Sch. Code:35384","State : TRIPURA
District : WEST TRIPURA",Senior Secondary Level,"Name : BLESSED ANDRE ENGLISH MEDIUM SCHOOL
Head/Principal Name: ANEESH MATHEW","Address : BODHJUNGNAGAR P.O KAMALGHAT VIA WEST TRIPURA-799210
Website : www.saintandreschoolbodhjungnagar.in"
913,"Aff. No. :2030012
Sch. Code:35385","State : TRIPURA
District : WEST TRIPURA",Senior Secondary Level,"Name : AUXILIUM GIRLS SCHOOL
Head/Principal Name: JOPLIN SUCHIANG","Address : VIA KUNJABAN BANKUMARI AGARTALA 799006
Website : www.auxiliumgirlsschool.org"
914,"Aff. No. :2030013
Sch. Code:35387","State : TRIPURA
District : WEST TRIPURA",Secondary Level,"Name : MA ANANDAMAYEE VIDYAPEETH
Head/Principal Name: SUSMITA BOSE","Address : Ma Anandamayee Vidyapeeth, Debendra Chandra Nagar, Lembucherra
Website : www.mavagartala.in"
915,"Aff. No. :2030014
Sch. Code:35388","State : TRIPURA
District : WEST TRIPURA",Senior Secondary Level,"Name : ST.XAVIER'S HIGHER SECONDARY SCHOOL
Head/Principal Name: BABU STEPHEN","Address : PATHALIAGHAT, P.O BISHRAMGANJ, TRIPURA (W), 799103
Website : www.stxaviersschooltripura.in"
916,"Aff. No. :2030004
Sch. Code:35374","State : TRIPURA
District : WEST TRIPURA",Senior Secondary Level,"Name : BHAVANS TRIPURA VIDYAMANDIR
Head/Principal Name: SWAPNA SHOME","Address : NARSINGARH PO BIMANGARH AGARTALA TRIPURA
Website : www.bhavanstipura.in"
917,"Aff. No. :2030005
Sch. Code:35376","State : TRIPURA
District : WEST TRIPURA",Senior Secondary Level,"Name : PRANAVANANDA VIDYA MANDIR
Head/Principal Name: RATNA MAJUMDER","Address : KANCHAN PALLI BADHARGHAT PO NTPC WEST TRIPURA AGARTALA
Website : www.pvmagtonline.in"
918,"Aff. No. :2030007
Sch. Code:35378","State : TRIPURA
District : WEST TRIPURA",Senior Secondary Level,"Name : SRI KRISHNA MISSION SCHOOL
Head/Principal Name: CHANDRA BANARJEE","Address : BHOLANANDA PALLI AIRPT ROAD AGARTALA TRIPURA WEST
Website : www.skmsagt.in"
919,"Aff. No. :2030009
Sch. Code:35381","State : TRIPURA
District : WEST TRIPURA",Senior Secondary Level,"Name : DON BOSCO SCHOOL
Head/Principal Name: SEBASTIAN PALATTY","Address : VIA KUNJABAN AGARTALA, DISTT WEST TRIPURA, TRIPURA-799006
Website : www.donboscoschoolagartala.com"
920,"Aff. No. :2020256
Sch. Code:37675","State : TRIPURA
District : WEST TRIPURA",Senior Secondary Level,"Name : DR.B.R.AMBEDKAR VIDYA BHABAN
Head/Principal Name: DHRUBA JYOTI MAJUMDER","Address : AGARTALA, NEAR SHIB MANDIR
Website : https://brav.vidyajyotischools.com"
921,"Aff. No. :2020243
Sch. Code:37662","State : TRIPURA
District : WEST TRIPURA",Senior Secondary Level,"Name : ISHANPUR H.S. SCHOOL
Head/Principal Name: Uttam Chandra Das","Address : SIDHAI MOHANPUR, WEST TRIPURA
Website : https://ihss.vidyajyotischools.co"
922,"Aff. No. :2020249
Sch. Code:37668","State : TRIPURA
District : WEST TRIPURA",Senior Secondary Level,"Name : NUTANNAGAR GIRLS' HIGHER SECONDARY SCHOOL
Head/Principal Name: JHULAN HALDAR SARKAR","Address : BAMUTIA, MOHANPUR
Website : https://nghss.vidyajyotischools.com"
923,"Aff. No. :2020250
Sch. Code:37669","State : TRIPURA
District : WEST TRIPURA",Senior Secondary Level,"Name : BELABAR HIGHER SECONDARY SCHOOL
Head/Principal Name: Uttamsree Debbarma","Address : PO- S.D. MISSION, AGARTALA, TRIPURA (WEST)
Website : https://bhss.vidyajyotischools.com"
924,"Aff. No. :2020251
Sch. Code:37670","State : TRIPURA
District : WEST TRIPURA",Senior Secondary Level,"Name : RESHAMBAGAN HIGHER SECONDARY SCHOOL
Head/Principal Name: RITA BHATTACHARYA","Address : AMC, SADAR, WEST TRIPURA
Website : https://rhss.vidyajyotischools.com"
925,"Aff. No. :2030035
Sch. Code:35411","State : TRIPURA
District : WEST TRIPURA",Senior Secondary Level,"Name : NOTRE DAME HOLY CROSS HIGHER SECONDARY SCHOOL
Head/Principal Name: JSAHAYA LOURD RAJ","Address : MOHARPARA, NORTH PULINPUR, TELIAMURA, KHOWAI TRIPURA
Website : www.holycrossschoolmoharpara.in"
926,"Aff. No. :2030036
Sch. Code:35412","State : TRIPURA
District : WEST TRIPURA",Secondary Level,"Name : ANANDA MARGA SCHOOL
Head/Principal Name: Prangopal Goswami","Address : BISHALGARH
Website : www.anandamargaschoolbishalgarh.com"
927,"Aff. No. :2030037
Sch. Code:35413","State : TRIPURA
District : WEST TRIPURA",Senior Secondary Level,"Name : BEREAN ENGLISH MEDIUM SCHOOL
Head/Principal Name: MONIMA DEBBARMA","Address : PO&PS- MANDWI
Website : www.bereanschooltripura.in"
928,"Aff. No. :2030038
Sch. Code:35414","State : TRIPURA
District : WEST TRIPURA",Secondary Level,"Name : ST.JAMES HIGH SCHOOL
Head/Principal Name: Lalthanzuali Hauhnar","Address : ST.JAMES HIGH SCHOOL,GONGARAI P.O.KENDRAICHERRA P.S.TAKARJALA JAMPAIJALA SUB-DIV DIST-SEPAHIJALA TRIPURA
Website : www.stjamesgongrai.org"
929,"Aff. No. :2030039
Sch. Code:35416","State : TRIPURA
District : WEST TRIPURA",Senior Secondary Level,"Name : MONTFORT SCHOOL
Head/Principal Name: Thumma Joseph Reddy","Address : RANIRKHAMAR,MADHUBAN-799003
Website : www.montfortagt.in"
930,"Aff. No. :2030040
Sch. Code:35417","State : TRIPURA
District : WEST TRIPURA",Senior Secondary Level,"Name : STANDARD ENGLISH SCHOOL
Head/Principal Name: Gopal Debbarma","Address : KISONG
Website : https://standardenglishkisong.org"
931,"Aff. No. :2030041
Sch. Code:39611","State : TRIPURA
District : WEST TRIPURA",Senior Secondary Level,"Name : SACRED HEART HIGH SCHOOL
Head/Principal Name: Tutan Das","Address : VILLAGE-MONAICHERRA,P/O-EAST BELCHERRA.
Website : https://www.facebook.com/share/p/1736LANBjJ/"
932,"Aff. No. :2030029
Sch. Code:35405","State : TRIPURA
District : WEST TRIPURA",Senior Secondary Level,"Name : DON BOSCO SCHOOL
Head/Principal Name: ALEXIUS CONDPAN","Address : BAIJALBARI, KHOWAI RAMCHANDRAGHAT
Website : www.donboscoschoolbaijalbari.in"
933,"Aff. No. :2030031
Sch. Code:35407","State : TRIPURA
District : WEST TRIPURA",Secondary Level,"Name : TWIMUK CHRISTIAN ACADEMY
Head/Principal Name: LALHNEHPUII KHAWLHRING","Address : VILL-KHAKCHANGMA HATHAI, P.O.-SUTARMURA, P.S.-BISHRAMGANJ, DIST-SEPAHIJALA
Website : www.twimukchristianacademy.com"
934,"Aff. No. :2030151
Sch. Code:35572","State : TRIPURA
District : WEST TRIPURA",Senior Secondary Level,"Name : DELHI WORLD PUBLIC SCHOOL AGARTALA
Head/Principal Name: JAYASHRITA MAJUMDER","Address : LICHUBAGAN, PS CAPITAL COMPLEX
Website : https://www.dwpsagartala.in"
935,"Aff. No. :2030152
Sch. Code:35579","State : TRIPURA
District : WEST TRIPURA",Secondary Level,"Name : BETHANY SCHOOL
Head/Principal Name: Leena Gretta Miranda","Address : OLD AGARTALA, TRIPURA
Website : https://www.bethanyschoolagartala.in"
936,"Aff. No. :2080002
Sch. Code:35375","State : TRIPURA
District : WEST TRIPURA",Senior Secondary Level,"Name : ASSAM RIFLES PUBLIC SCHOOL
Head/Principal Name: Animesh Acharya","Address : 11 ASSAM RIFLES C/O 99 APO ASSAM RIFLES COMPLEX AGARTALA TRIPURA
Website : www.arpstripura.in"
937,"Aff. No. :2040101
Sch. Code:39704","State : TRIPURA
District : WEST TRIPURA",Senior Secondary Level,"Name : JAWAHAR NAVODAYA VIDYALAYA
Head/Principal Name: SHANKAR KATARIA","Address : HEZAMARA, MOHANPUR
Website : https://navodaya.gov.in/nvs/nvs-school/WEST-TRIPURA/en/home/"
938,"Aff. No. :2080004
Sch. Code:35402","State : TRIPURA
District : WEST TRIPURA",Secondary Level,"Name : ARMY PUBLIC SCHOOL
Head/Principal Name: Anjana Rangkhal","Address : C/O STATION HEAD QUARTER, ARMY MILETARY STATION, ONC TILLA, LICHU, VAGAN, AGARTALA, TRIPURA
Website : https://apsagartala.org"
939,"Aff. No. :2030156
Sch. Code:35640","State : TRIPURA
District : WEST TRIPURA",Senior Secondary Level,"Name : YAKHILI ACADEMY
Head/Principal Name: ELEMI DEBBARMA","Address : TTAADC HQRS, KHUMULWNG, BIRENDRA NAGAR
Website : http://www.yakhiliacademy.org"
940,"Aff. No. :2040001
Sch. Code:39586","State : TRIPURA
District : WEST TRIPURA",Senior Secondary Level,"Name : JAWAHAR NAVODAYA VIDYALAYA
Head/Principal Name: ARPITA SHUKLA","Address : RAMACHANDRAGHAT KHOWAI WEST TRIPURA
Website : https://navodaya.gov.in/nvs/nvs-school/KHOWAI/en/a"
941,"Aff. No. :2040003
Sch. Code:39588","State : TRIPURA
District : DHALAI",Senior Secondary Level,"Name : PM SHRI SCHOOL JAWAHAR NAVODAYA VIDYALAYA
Head/Principal Name: SUMAN KATIYAR","Address : 82 MILES NALKATA PO- KANCHANHERA DT- DHALAI TRIPURA
Website : www.dhalai.jnv.academy"
942,"Aff. No. :2080003
Sch. Code:35377","State : TRIPURA
District : DHALAI",Secondary Level,"Name : ASSAM RIFLES HIGH SCHOOL
Head/Principal Name: Shikha Kaushal","Address : HRANGKHAPARA, P.C, TE;IAMURA, DIST, KHOWAL,TRIPURA, C/O 99 APO
Website : www.arhsteliamura.in"
943,"Aff. No. :2020246
Sch. Code:37665","State : TRIPURA
District : DHALAI",Senior Secondary Level,"Name : HOKU TWISA ENGLISH MEDIUM HIGHER SECONDARY SCHOOL
Head/Principal Name: Pragya Jyoti Chakma","Address : NORTH DHUMACHERRA, LONGTHARAI VALLEY
Website : https://hoemhss.vidyajyotischools.co"
944,"Aff. No. :2020258
Sch. Code:37702","State : TRIPURA
District : DHALAI",Secondary Level,"Name : EKLAVYA MODEL RESIDENTIAL SCHOOL, AMBASSA
Head/Principal Name: ASHIM DEBBARMA","Address : EAST NALICHERRA, SUDHARAM PARA, NEAR SUDHARAM JB SCHOOL
Website : www.emrsambassa.in"
945,"Aff. No. :2020259
Sch. Code:37739","State : TRIPURA
District : DHALAI",Middle Class,"Name : EMRS DUMBURNAGAR
Head/Principal Name: VIJAY KUMAR PANDEY","Address : ULTACHERRA, DUMBURNAGAR, DHALAI,TRIPURA, GANDATWISA, DHALAI, TRIPURA
Website : www.emrsdumburnagar.in"
946,"Aff. No. :2000006
Sch. Code:39595","State : TRIPURA
District : DHALAI",Senior Secondary Level,"Name : KENDRIYA VIDYALAYA
Head/Principal Name: SANDEEP KUMAR SHARMA","Address : JAWAHAR NAGAR, AMBASSA, DHALAI, TRIPURA
Website : https://ambassa.kvs.ac.in/"
947,"Aff. No. :2020239
Sch. Code:37658","State : TRIPURA
District : DHALAI",Senior Secondary Level,"Name : BAMANCHARA ENGLISH MEDIUM HS SCHOOL
Head/Principal Name: SWARNASINDHU SHIL","Address : KAMALPUR, AMBASSA
Website : https://baemhss.vidyajyotischools.com"
948,"Aff. No. :2020220
Sch. Code:37634","State : TRIPURA
District : DHALAI",Senior Secondary Level,"Name : HALHALI CLASS XII SCHOOL
Head/Principal Name: PARTHA DEBNATH","Address : PO - HALHALI, PS - KAMALPUR
Website : https://hlihss.vidyajyotischools.co"
949,"Aff. No. :2020154
Sch. Code:37555","State : TRIPURA
District : DHALAI",Senior Secondary Level,"Name : AMBASSA ENGLISH MEDIUM MODEL SCHOOL
Head/Principal Name: Mandira Debbarma","Address : AMBASSA, NEAR ITI COLLEGE
Website : https://abemms.vidyajyotischools.co"
950,"Aff. No. :2020171
Sch. Code:37583","State : TRIPURA
District : DHALAI",Senior Secondary Level,"Name : GANDACHARA CLASS XII SCHOOL
Head/Principal Name: khajendra Tripura","Address : GANDACHARA, P.O-SARMA
Website : https://gdchss.vidyajyotischools.com"
951,"Aff. No. :2020172
Sch. Code:37584","State : TRIPURA
District : DHALAI",Senior Secondary Level,"Name : SALEMA CLASS XII SCHOOL
Head/Principal Name: SANJIB DAS","Address : KAMALPUR, DHALAI
Website : https://slmhss.vidyajyotischools.com/"
952,"Aff. No. :2020173
Sch. Code:37585","State : TRIPURA
District : DHALAI",Senior Secondary Level,"Name : RAISHYABARI ENGLISH MEDIUM HIGHER SECONDARY SCHOOL
Head/Principal Name: Sitansu Saha","Address : PO RAIMA, PS RAISHYABARI,GANDACHARA
Website : https://remhss.vidyajyotischools.com/wp-admin/"
953,"Aff. No. :2020158
Sch. Code:37559","State : TRIPURA
District : DHALAI",Senior Secondary Level,"Name : ANANDA ROAJA MEMORIAL ENGLISH MEDIUM HIGH SCHOOL
Head/Principal Name: Satya Rani Tripura","Address : POST OFFICE GANDACHARA, PS GANDACHARA
Website : https://anandaroajaschool2.wixsite.com/my-site"
954,"Aff. No. :2020185
Sch. Code:37597","State : TRIPURA
District : DHALAI",Senior Secondary Level,"Name : KULAI CLASS XII SCHOOL
Head/Principal Name: SUSHIL DAS","Address : KULAI, AMBASSA
Website : http://klhss.vidyajyotischools.com"
955,"Aff. No. :2020186
Sch. Code:37598","State : TRIPURA
District : DHALAI",Senior Secondary Level,"Name : GANGANAGAR ENG. MED. H.S SCHOOL
Head/Principal Name: Anil Kumar Debbarma","Address : AMBASSA, DHALAI TRIPURA
Website : https://gemhss.vidyajyotischools.com/"
956,"Aff. No. :2020187
Sch. Code:37599","State : TRIPURA
District : DHALAI",Senior Secondary Level,"Name : CHAWMANU CLASS XII SCHOOL
Head/Principal Name: SANKAR TRIPURA","Address : CHAWMANU R.D BLOCK, LONG THARAI VELLEY
Website : https://cmuhss.vidyajyotischools.com"
957,"Aff. No. :2020023
Sch. Code:37427","State : TRIPURA
District : DHALAI",Senior Secondary Level,"Name : KAMALPUR GOVT. ENGLISH MEDIUM CLASS XII SCHOOL
Head/Principal Name: ABHIJIT BHOWMIK","Address : KAMALPUR TOWN, PO - KAMALPUR, PS - KAMALPUR, DIST - DHALAI, STATE - TRIPURA, PIN - 799285,799285
Website : https://kgemhss.vidyajyotischools.com"
958,"Aff. No. :2020024
Sch. Code:37428","State : TRIPURA
District : DHALAI",Senior Secondary Level,"Name : CHAILENGTA GOVERNMENT ENGLISH MEDIUM HIGHER SECONDARY SCHOOL
Head/Principal Name: R S Debabrata Chakma","Address : CHAILENGTA , LONGTHRAI VALLEY DHALAI DISTRICT, TRIPURA-799273
Website : www.chailengtaenglishmedium.net"
959,"Aff. No. :2020021
Sch. Code:37425","State : TRIPURA
District : KHOWAI",Senior Secondary Level,"Name : TELIAMURA ENGLISH MEDIUM HIGHER SECONDARY SCHOOL
Head/Principal Name: JAYJIT PAL","Address : KARAILUNG, TELIAMURA, KHOWAI, TRIPURA,799205
Website : https://temhss.vidyajyotischools.com/"
960,"Aff. No. :2020022
Sch. Code:37426","State : TRIPURA
District : KHOWAI",Senior Secondary Level,"Name : KHOWAI GOVT. ENGLISH MEDIUM CLASS XII SCHOOL
Head/Principal Name: Ratan Debbarma","Address : ARABINDA PARK, BANKAR,799201
Website : http://kgems.vidyajyotischools.co/"
961,"Aff. No. :2020189
Sch. Code:37601","State : TRIPURA
District : KHOWAI",Senior Secondary Level,"Name : KHOWAI GOVT HS SCHOOL
Head/Principal Name: MANOJ DEBBARMA","Address : NEAR SUBHASH PARK ROAD, TOWN GANKI
Website : https://kghss.vidyajyotischools.co"
962,"Aff. No. :2020221
Sch. Code:37635","State : TRIPURA
District : KHOWAI",Senior Secondary Level,"Name : BIRCHANDRAPUR H.S. SCHOOL
Head/Principal Name: KARUNA DEBBARMA","Address : SAMATAL PADMABIL, EAST BELCHHARA
Website : https://bcphss.vidyajyotischools.com"
963,"Aff. No. :2020222
Sch. Code:37636","State : TRIPURA
District : KHOWAI",Senior Secondary Level,"Name : TELIAMURA H.S. SCHOOL
Head/Principal Name: RAJIB BISWAS","Address : P.O KARAILONG, P.S TELIAMURA
Website : https://tlmhss.vidyajyotischools.com/"
964,"Aff. No. :2020223
Sch. Code:37637","State : TRIPURA
District : KHOWAI",Senior Secondary Level,"Name : MAIGANGA SUKANTA CLASS XII SCHOOL
Head/Principal Name: PINAK PANI DEB","Address : KHOWAI TRIPURA, NEAR MAIGANGA GRAM PANCHAYET
Website : https://mghss.vidyajyotischools.co"
965,"Aff. No. :2020224
Sch. Code:37638","State : TRIPURA
District : KHOWAI",Senior Secondary Level,"Name : KABI NAZRUL VIDYABHABAN HS SCHOOL
Head/Principal Name: SEFAL CHANDRA DAS","Address : NEAR DIVISIONAL FOREST OFFICE, TELIAMURA
Website : https://knvbhss.vidyajyotischools.com"
966,"Aff. No. :2020240
Sch. Code:37659","State : TRIPURA
District : KHOWAI",Senior Secondary Level,"Name : GHILATALI BAZAR HIGHER SECONDARY SCHOOL
Head/Principal Name: Samprai Deb Barma","Address : KALYANPUR, TELIAMURA
Website : https://gbhss.vidyajyotischools.co"
967,"Aff. No. :2020226
Sch. Code:37640","State : TRIPURA
District : KHOWAI",Senior Secondary Level,"Name : MUNGIABARI HS SCHOOL
Head/Principal Name: DILIP KUMAR DAS","Address : MUNGIAKAMI, ATHARAMURA
Website : https://mgbhss.vidyajyotischools.com"
968,"Aff. No. :2020228
Sch. Code:37642","State : TRIPURA
District : KHOWAI",Senior Secondary Level,"Name : KHOWAI GOVT GIRL'S HS SCHOOL
Head/Principal Name: SUDIPTA TALAPATRA","Address : NEAR ENGLISH MEDIUM HS SCHOOL, PURAN BAZAR
Website : https://kgghss.vidyajyotischools.com"
969,"Aff. No. :2020229
Sch. Code:37643","State : TRIPURA
District : KHOWAI",Senior Secondary Level,"Name : KALYANPUR HS SCHOOL
Head/Principal Name: Anjana Debbarma","Address : PO KALYANPUR, SUB DIVISION TELIAMURA
Website : https://www.kyrhss.vidyajyotischools.com"
970,"Aff. No. :2020230
Sch. Code:37644","State : TRIPURA
District : KHOWAI",Senior Secondary Level,"Name : TULASHIKHAR RAJNAGAR H.S. SCHOOL
Head/Principal Name: HARIPADA DAS","Address : P.O. RAJNAGAR, KHOWAI, PIN 799207
Website : https://trhss.vidyajyotischools.com"
971,"Aff. No. :2020261
Sch. Code:37743","State : TRIPURA
District : KHOWAI",Secondary Level,"Name : EKLAVYA MODEL RESIDENTIAL SCHOOL- MUNGIAKAMI
Head/Principal Name: SAGARIKA DAS","Address : VILL- AKHRABARI, PO- AKHRABARI, PS- KHOWAI
Website : www.emrsmungiakami.in"
972,"Aff. No. :2020262
Sch. Code:37744","State : TRIPURA
District : KHOWAI",Secondary Level,"Name : EKLAVYA MODEL RESIDENTIAL SCHOOL- PADMABIL
Head/Principal Name: SAGARIKA DAS","Address : VILL- AKHRABARI, PO- AKHRABARI, PS- KHOWAI, BLOCK- PADMABIL RD BLOCK
Website : www.emrspadmabil.in"
973,"Aff. No. :2030155
Sch. Code:35626","State : TRIPURA
District : KHOWAI",Secondary Level,"Name : ANANDA MARGA HIGH SCHOOL
Head/Principal Name: Prasenjit Das","Address : TELIAMURA , TELIAMURA , KHOWAI
Website : www.anandamargahighschool.in"
974,"Aff. No. :2020257
Sch. Code:37678","State : TRIPURA
District : GOMATI",Senior Secondary Level,"Name : EKLAVYA MODEL RESIDENTIAL SCHOOL, KILLA
Head/Principal Name: Dhananjoy Datta","Address : SUBDIVISION- UDAIPUR, , LANDMARK- NEAR KILLA BAZAR
Website : www.emrskilla.in"
975,"Aff. No. :2020252
Sch. Code:37671","State : TRIPURA
District : GOMATI",Senior Secondary Level,"Name : NOABARI HIGHER SECONDARY SCHOOL
Head/Principal Name: DHARMA HARI JAMATIA","Address : PO- KILLA, PS- KILLA
Website : https://nhss.vidyajyotischools.com"
976,"Aff. No. :2020253
Sch. Code:37672","State : TRIPURA
District : GOMATI",Senior Secondary Level,"Name : HARIANANDA ENGLISH MEDIUM HIGHER SECONDARY SCHOOL
Head/Principal Name: ANDRILA KARMAKAR","Address : UDAIPUR, GOMATI TRIPURA
Website : https://haemhss.vidyajyotischools.com"
977,"Aff. No. :2020234
Sch. Code:37653","State : TRIPURA
District : GOMATI",Senior Secondary Level,"Name : GARJEE BAZAR HIGHER SECONDARY SCHOOL
Head/Principal Name: SAMIR CHOWDHURY","Address : PURBA GARJEECHARA, UDAIPUR
Website : www.gbemhss.vidyajyotischools.co"
978,"Aff. No. :2020235
Sch. Code:37654","State : TRIPURA
District : GOMATI",Senior Secondary Level,"Name : RANGAMATI HIGHER SECONDARY SCHOOL
Head/Principal Name: Shyamal Das","Address : RANGAMATI, AMARPUR GOMATI TRIPURA
Website : https://rhsss.vidyajyotischools.com"
979,"Aff. No. :2020238
Sch. Code:37657","State : TRIPURA
District : GOMATI",Senior Secondary Level,"Name : PITRA HIGHER SECONDARY SCHOOL
Head/Principal Name: PRADIP KUMAR ACHARYA","Address : PITRA,UDAIPUR,GOMATI,TRIPURA, PITRA,UDAIPUR,GOMATI,TRIPURA
Website : www.phss.vidyajyotischools.com"
980,"Aff. No. :2020218
Sch. Code:37632","State : TRIPURA
District : GOMATI",Senior Secondary Level,"Name : BHAGINI NIVEDITA ENGLISH MEDIUM H.S SCHOOL
Head/Principal Name: BIKASH NATH","Address : NEAR VIBEK SANGHA, UDAIPUR
Website : https://bnghssgomati.vidyajyotischools.com"
981,"Aff. No. :2020216
Sch. Code:37630","State : TRIPURA
District : GOMATI",Senior Secondary Level,"Name : TAIDUBARI H.S. SCHOOL
Head/Principal Name: NANDA KUMAR KALAI","Address : TAIDU, NEAR TAIDU PS
Website : https://tbhss.vidyajyotischools.co"
982,"Aff. No. :2020210
Sch. Code:37624","State : TRIPURA
District : GOMATI",Senior Secondary Level,"Name : KAKRABAN H.S. SCHOOL
Head/Principal Name: MANNA DEBBARMA","Address : KAKRABAN, KAKRABAN R.D. BLOCK
Website : https://kbnhss.vidyajyotischools.com"
983,"Aff. No. :2020213
Sch. Code:37627","State : TRIPURA
District : GOMATI",Senior Secondary Level,"Name : CHANDRAPUR COLONY H.S SCHOOL
Head/Principal Name: Mousumi Saha","Address : UDAIPUR, TRIPURA
Website : https://cdrhss.vidyajyotischools.com"
984,"Aff. No. :2020190
Sch. Code:37602","State : TRIPURA
District : GOMATI",Senior Secondary Level,"Name : KARBOOK PANJIHAM H. S. SCHOOL
Head/Principal Name: KARTIK DEBBARMA","Address : PO - KARBOOK, PS - KARBOOK
Website : https://kphss.vidyajyotischools.com"
985,"Aff. No. :2020192
Sch. Code:37604","State : TRIPURA
District : GOMATI",Senior Secondary Level,"Name : KIRIT BIKRAM INSTITUTION
Head/Principal Name: DEBABRATA PAL","Address : RADHAKISHOREPUR, UDAIPUR
Website : https://kbihss.vidyajyotischools.com"
986,"Aff. No. :2020193
Sch. Code:37606","State : TRIPURA
District : GOMATI",Senior Secondary Level,"Name : AMPI ENGLISH MEDIUM MODEL HIGH SCHOOL
Head/Principal Name: Debasish Das","Address : NEAR CHECHUA BAZAR, AMPI GOMATI TRIPURA
Website : https://aemms.vidyajyotischools.com/wp-admin/"
987,"Aff. No. :2020200
Sch. Code:37614","State : TRIPURA
District : GOMATI",Senior Secondary Level,"Name : SILACHARI HS SCHOOL
Head/Principal Name: RUBEL AHMED KHADIM","Address : NEAR SILACHARI BUS STAND, NEAR SILACHARI POLICE STATION
Website : https://slchss.vidyajyotischools.com"
988,"Aff. No. :2020017
Sch. Code:37421","State : TRIPURA
District : GOMATI",Senior Secondary Level,"Name : H.S. SCHOOL,
Head/Principal Name: SUTAPA SUR","Address : SOUTH BANK OF JAGANNATH DIGHI, P.O. RADHAKISHE PUR, UDAIPUR-799120, GOMATI, TRIPURA
Website : https://uemhss.vidyajyotischools.co"
989,"Aff. No. :2020018
Sch. Code:37422","State : TRIPURA
District : GOMATI",Senior Secondary Level,"Name : AMARPUR ENGLISH MEDIUM HIGHER SECONDARY SCHOOL
Head/Principal Name: PRADYUT KUMAR MALLIK","Address : TOWN SANKARPALLI,AMARPUR,GOMATI TRIPURA.PIN:-799101,799101
Website : https://aemhss.vidyajyotischools.co"
990,"Aff. No. :2020152
Sch. Code:37553","State : TRIPURA
District : GOMATI",Senior Secondary Level,"Name : KARBOOK ENGLISH MEDIUM MODEL HIGH SCHOOL
Head/Principal Name: Khatung Jamatia","Address : KARBOOK, GOMATI
Website : https://kemms.vidyajyotischools.com/wp-admin/"
991,"Aff. No. :2020166
Sch. Code:37578","State : TRIPURA
District : SEPAHIJALA",Senior Secondary Level,"Name : BOXANAGAR HIGHER SECONDARY SCHOOL
Head/Principal Name: Md Selim","Address : POLICE STATION KALAMCHOWRA , SUB DIVISION SONAMURA
Website : https://bxnhss.vidyajyotischools.com"
992,"Aff. No. :2020167
Sch. Code:37579","State : TRIPURA
District : SEPAHIJALA",Senior Secondary Level,"Name : SUDHANWA DEBBARMA MEMORIAL H.S SCHOOL
Head/Principal Name: Dharma Charan Jamatia","Address : P.O-JAMPUIJALA, P.S-JAMPUIJALA
Website : https://sdmhss.vidyajyotischools.com"
993,"Aff. No. :2020015
Sch. Code:37419","State : TRIPURA
District : SEPAHIJALA",Senior Secondary Level,"Name : BISHALGARH ENGLISH MEDIUM H.S. SCHOOL
Head/Principal Name: SADANANDA DEBBARMA","Address : SEPAHIJALA TRIPURA
Website : https://bems.vidyajyotischools.com/"
994,"Aff. No. :2020016
Sch. Code:37420","State : TRIPURA
District : SEPAHIJALA",Senior Secondary Level,"Name : SONAMURA ENGLISH MEDIUM H.S. SCHOOL
Head/Principal Name: BIKASH RANJAN DAS","Address : SONAMURA, TRIPURA
Website : https://smems.vidyajyotischools.co/"
995,"Aff. No. :2020207
Sch. Code:37621","State : TRIPURA
District : SEPAHIJALA",Senior Secondary Level,"Name : MELAGHAR H.S. SCHOOL
Head/Principal Name: ABHIRAM DEBBARMA","Address : NEAR NETAJI CORNER, SUB-DIV - SONAMURA
Website : https://mgrhss.vidyajyotischools.co"
996,"Aff. No. :2020188
Sch. Code:37600","State : TRIPURA
District : SEPAHIJALA",Senior Secondary Level,"Name : TAIBANDAL H.S. SCHOOL
Head/Principal Name: MIHIR DEBBARMA","Address : MELAGHAR, SONAMURA, SEPAHIJALA
Website : https://tblhss.vidyajyotischools.com"
997,"Aff. No. :2020156
Sch. Code:37557","State : TRIPURA
District : SEPAHIJALA",Senior Secondary Level,"Name : MELAGHAR ENGLISH MEDIUM HS SCHOOL
Head/Principal Name: UTPAL DAS","Address : P.O- CHANDIGARH, NEAR MUNICIPAL OFFICE
Website : https://melagharengmedium1.wixsite.com/my-site"
998,"Aff. No. :2020209
Sch. Code:37623","State : TRIPURA
District : SEPAHIJALA",Senior Secondary Level,"Name : BHARAT RATNA ATAL BIHARI VAJPAYEE CHARILAM H.S.SCHOOL
Head/Principal Name: MANIMOY BHOWMIK","Address : BLOCK-CHARILAM, SEPAHIJALA TRIPURA
Website : https://crmhss.vidyajyotischools.com"
999,"Aff. No. :2020203
Sch. Code:37617","State : TRIPURA
District : SEPAHIJALA",Senior Secondary Level,"Name : BISHRAMGANJ H.S. SCHOOL
Head/Principal Name: CHIRAKUMAR DEBBARMA","Address : NEAR BISHRAMGANJ BAZAR, SEPAHIJALA
Website : https://bsjhss.vidyajyotischools.com"
1000,"Aff. No. :2020225
Sch. Code:37639","State : TRIPURA
District : SEPAHIJALA",Senior Secondary Level,"Name : SOUTH PAHARPUR H.S SCHOOL
Head/Principal Name: Sampa Sinha Choudhuri","Address : SOUTH PAHARPUR, SONAMURA
Website : https://sprhss.vidyajyotischools.com"
1001,"Aff. No. :2020242
Sch. Code:37661","State : TRIPURA
District : SEPAHIJALA",Senior Secondary Level,"Name : OFFICETILLA HIGHER SECONDARY SCHOOL
Head/Principal Name: GOBARDHAN DEBNATH","Address : OFFICETILLA, NEAR OFFICETILLA BAZAR
Website : https://ohss.vidyajyotischools.co"
1002,"Aff. No. :2020233
Sch. Code:37652","State : TRIPURA
District : SEPAHIJALA",Senior Secondary Level,"Name : KHAS CHOWMUHANI H.S SCHOOL
Head/Principal Name: ATUL BIKASH CHAKMA","Address : KHAS CHOWMUHANI, MELAGHAR
Website : https://kchss.vidyajyotischools.com/wp-admin"
1003,"Aff. No. :2020227
Sch. Code:37641","State : TRIPURA
District : SEPAHIJALA",Senior Secondary Level,"Name : KATHALIA HS SCHOOL
Head/Principal Name: NUR HOSSAIN","Address : PO KATHALIA, PS JATRAPUR
Website : https://khlhss.vidyajyotischools.com"
1004,"Aff. No. :2000100
Sch. Code:39716","State : TRIPURA
District : SEPAHIJALA",Secondary Level,"Name : KENDRIYA VIDYALAYA BSF GOKUL NAGAR
Head/Principal Name: KISHAN GOPAL MEENA","Address : SHQ BSF GOKUL NAGAR,GATE NO. 2, NEAR ADDL. DISTRICT JUDGE OFFICE, GOKUL NAGAR BISHALGARH
Website : https://bsfgokulnagar.kvs.ac.in/"
1005,"Aff. No. :2020254
Sch. Code:37673","State : TRIPURA
District : SEPAHIJALA",Senior Secondary Level,"Name : DURLAVNARAYAN H.S SCHOOL
Head/Principal Name: PRANOY DEBBARMA","Address : PS-SONAMURA, , PIN-799115
Website : www.dhss.vidyajyotischools.com"
1006,"Aff. No. :2020255
Sch. Code:37674","State : TRIPURA
District : SEPAHIJALA",Senior Secondary Level,"Name : SRINAGAR GABORDI HIGHER SECONDARY SCHOOL
Head/Principal Name: PARIMITA CHAKMA","Address : JAMPUIJALA, SEPAHIJALA
Website : www.sghss.vidyajyotischools.com"
1007,"Aff. No. :2020248
Sch. Code:37667","State : TRIPURA
District : SEPAHIJALA",Senior Secondary Level,"Name : MADHUPUR H.S SCHOOL
Head/Principal Name: Barnali Debbarma","Address : BISHALGARH, SEPAHIJALA
Website : https://mhss.vidyajyotischools.com"
1008,"Aff. No. :2020260
Sch. Code:37741","State : TRIPURA
District : SEPAHIJALA",Secondary Level,"Name : EKLAVYA MODEL RESIDENTIAL SCHOOL, JAMPUIJALA
Head/Principal Name: MATILAL PAL","Address : PRAVAPUR, GABORDI, JAMPUIJALA, PRAVAPUR, GABORDI, JAMPUIJALA, PRAVAPUR, GABORDI, JAMPUIJALA
Website : www.emrsjampuijala.edu.in"
1009,"Aff. No. :2040005
Sch. Code:39618","State : TRIPURA
District : SEPAHIJALA",Senior Secondary Level,"Name : JNV SEPAHIJALA
Head/Principal Name: PRADEEP KUMAR","Address : TRIPURA, JNV SEPAHIJALA GABDI BAZAR PO- AGARTALA COLLEGE-799004
Website : https://navodaya.gov.in/nvs/nvs-school/Sepahijala/"
1010,"Aff. No. :2040100
Sch. Code:39703","State : TRIPURA
District : UNAKOTI",Senior Secondary Level,"Name : JAWAHAR NAVODAYA VIDYALAYA
Head/Principal Name: GUNPAL SINGH PUNIA","Address : MACHMARA, PECHERTHAL BLOCK
Website : http://www.navodaya.gov.in/nvs/nvs-school/UNAKOTI/"
1011,"Aff. No. :2090051
Sch. Code:37696","State : TRIPURA
District : UNAKOTI",Secondary Level,"Name : ASSAM RIFLES PUBLIC SCHOOL, RADHANAGAR
Head/Principal Name: DEEPAK NUNIA","Address : PO- FATIKROY, KUMARGHAT, DISTRICT- UNAKOTI, PIN - 799290, TRIPURA
Website : https://www.armsradhanagar.org"
1012,"Aff. No. :2020244
Sch. Code:37663","State : TRIPURA
District : UNAKOTI",Senior Secondary Level,"Name : SRIRAMPUR SM HS SCHOOL
Head/Principal Name: ARINDAM SARKAR","Address : KAILASHAHAR, NEAR TEHSIL OFFICE
Website : https://sshs.vidyajyotischools.com"
1013,"Aff. No. :2020157
Sch. Code:37558","State : TRIPURA
District : UNAKOTI",Senior Secondary Level,"Name : KUMARGHAT GOVT. ENGLISH MEDIUM HIGH SCHOOL
Head/Principal Name: Subodh Chakma","Address : RATIA BARI, KUMARGHAT
Website : https://kemhs.vidyajyotischools.co"
1014,"Aff. No. :2020175
Sch. Code:37587","State : TRIPURA
District : UNAKOTI",Senior Secondary Level,"Name : DHANA SINGH CHOUDHURY MEMORIAL ENG MED HS SCHOOL
Head/Principal Name: TARUN KUMAR DEBBARMA","Address : KUMARGHAT, UNAKOTI TRIPURA
Website : https://dschss.vidyajyotischools.com"
1015,"Aff. No. :2020176
Sch. Code:37588","State : TRIPURA
District : UNAKOTI",Senior Secondary Level,"Name : BHAGINI NIVEDITA GIRLS' HS SCHOOL
Head/Principal Name: Sanjib Ghosh","Address : UNAKOTI, TRIPURA
Website : https://bnghssunakoti.vidyajyotischools.co"
1016,"Aff. No. :2020178
Sch. Code:37590","State : TRIPURA
District : UNAKOTI",Senior Secondary Level,"Name : LEDRAI DEWAN CLASS XII SCHOOL
Head/Principal Name: SUKLA CHAKMA","Address : PS- PECHARTHAL, SUB- KUMARGHAT,
Website : http://ldhss.vidyajyotischools.com"
1017,"Aff. No. :2020179
Sch. Code:37591","State : TRIPURA
District : UNAKOTI",Senior Secondary Level,"Name : TILABAZAR H.S. SCHOOL
Head/Principal Name: BIKAM CHAND DEB","Address : TILABAZAR, KAILASHAHAR, UNAKOTI
Website : http://www.tlbhss.vidyajyotischools.com"
1018,"Aff. No. :2020180
Sch. Code:37592","State : TRIPURA
District : UNAKOTI",Senior Secondary Level,"Name : DALUGAON HS SCHOOL
Head/Principal Name: Tapas Datta Choudhuri","Address : BILASHPUR , CHANDIPUR
Website : https://dgnhss.vidyajyotischools.com"
1019,"Aff. No. :2020181
Sch. Code:37593","State : TRIPURA
District : UNAKOTI",Senior Secondary Level,"Name : PABIACHERRA CLASS XII SCHOOL
Head/Principal Name: SUBRATA PAL","Address : KUMARGHAT, UNAKOTI
Website : https://pbchss.vidyajyotischools.com/"
1020,"Aff. No. :2020182
Sch. Code:37594","State : TRIPURA
District : UNAKOTI",Senior Secondary Level,"Name : PECHARTHAL H.S SCHOOL
Head/Principal Name: Hemanta Dewan","Address : KUMARGHAT, UNOKOTI TRIPURA
Website : https://pcthss.vidyajyotischools.com"
1021,"Aff. No. :2020168
Sch. Code:37580","State : TRIPURA
District : UNAKOTI",Senior Secondary Level,"Name : BAIDYANATH MAJUMDER SMRITI H.S. SCHOOL
Head/Principal Name: Biplob R Marak","Address : P.O.-SONAMUKHI, KAILASHAHAR
Website : https://bmshss.vidyajyotischools.com"
1022,"Aff. No. :2020025
Sch. Code:37429","State : TRIPURA
District : UNAKOTI",Senior Secondary Level,"Name : NETAJIVIDYAPITH ENGLISH MED. HS SCHOOL
Head/Principal Name: SARBANI DAS","Address : KAILASHAHAR, UNAKOTI TRIPURA KAILASHAHAR, TRIPURA.
Website : https://nvems.vidyajyotischools.co/"
1023,"Aff. No. :2020026
Sch. Code:37412","State : TRIPURA
District : UNAKOTI",Senior Secondary Level,"Name : DARCHAWI CHRISTIAN H.S. SCHOOL
Head/Principal Name: PARTHA BHATTACHARYA","Address : VILL: DARCHAWI PO: KUMARGHAT DIST: UNAKOTI STATE : TRIPURA,799264
Website : https://dchss.vidyajyotischools.co"
1024,"Aff. No. :2200010
Sch. Code:39214","State : ARUNACHAL PRADESH
District : DIBANG VALLEY",Secondary Level,"Name : KENDRIYA VIDYALAYA
Head/Principal Name: ABHISHEK BAJPAYI","Address : ROING DISTT LOWER DIBANG VALLEY ARUNACHAL PRADESH
Website : https://roing.kvs.ac.in/"
1025,"Aff. No. :2220011
Sch. Code:37015","State : ARUNACHAL PRADESH
District : DIBANG VALLEY",Senior Secondary Level,"Name : GOVT HR SEC SCHOOL
Head/Principal Name: OSUP TAHAR","Address : ROING DT- DIBANG VALLEY ARUNACHAL PRADESH
Website : www.roingghss.in"
1026,"Aff. No. :2220025
Sch. Code:37002","State : ARUNACHAL PRADESH
District : DIBANG VALLEY",Senior Secondary Level,"Name : GOVT HR SEC SCHOOL
Head/Principal Name: UKYAR PERTIN","Address : DAMBUK VIA- SAIKHOWAGHAT DT - DIBANG VALLEY ARUNACHAL PRADESH
Website : www.dambukghss.in"
1027,"Aff. No. :2220028
Sch. Code:37000","State : ARUNACHAL PRADESH
District : DIBANG VALLEY",Senior Secondary Level,"Name : GOVT HR SEC SCHOOL
Head/Principal Name: NALOKO TAMUK","Address : ANINI PO- ANINI DT- DLVALLEY ARUNACHAL PRADESH
Website : www.ghssanini.com"
1028,"Aff. No. :2220041
Sch. Code:37001","State : ARUNACHAL PRADESH
District : DIBANG VALLEY",Senior Secondary Level,"Name : GOVT HR SEC SCHOOL
Head/Principal Name: NAMKIN GAMNO","Address : BOLONG ROING DT- DIBANG VALLEY ARUNACHAL PRADESH
Website : www.ghssbolung.in"
1029,"Aff. No. :2220081
Sch. Code:37058","State : ARUNACHAL PRADESH
District : DIBANG VALLEY",Secondary Level,"Name : GOVT SEC SCHOOL
Head/Principal Name: UKYAR MEGU","Address : PARBUK KANGKONG PARBUK DT- DIBANG VALLEY ARUNACHAL PRADESH
Website : www.gssparbuk.in"
1030,"Aff. No. :2220093
Sch. Code:37095","State : ARUNACHAL PRADESH
District : DIBANG VALLEY",Secondary Level,"Name : GOVT SECONDARY SCHOOL
Head/Principal Name: TASUP TAPAK","Address : BIJARI VIA- SAIKHOWAGHAT DT - DIBANG VALLEY ARUNACHAL PRADESH
Website : www.gssbizari.in"
1031,"Aff. No. :2220114
Sch. Code:37112","State : ARUNACHAL PRADESH
District : DIBANG VALLEY",Secondary Level,"Name : GOVT SEC SCHOOL
Head/Principal Name: OLIK NOBENG","Address : KORONU VIA- ROING DT - DIBANG VALLEY ARUNACHAL PRADESH
Website : www.gsskoronu.in"
1032,"Aff. No. :2220136
Sch. Code:37131","State : ARUNACHAL PRADESH
District : DIBANG VALLEY",Secondary Level,"Name : GOVT SECONDARY SCHOOL
Head/Principal Name: TALEM JERANG","Address : PAGLAM PO- PAGLAM DT- DIBANG VALLEY ARUNACHAL PRADESH
Website : www.gsspaglam.in"
1033,"Aff. No. :2220146
Sch. Code:37141","State : ARUNACHAL PRADESH
District : DIBANG VALLEY",Secondary Level,"Name : GOVT SEC SCHOOL
Head/Principal Name: Ukyar Apum","Address : MEKA DISTT LOWER DIBANG VALLEY PO ROING ARUNACHAL PRADESH
Website : www.govtsecondaryschoolmeka.com"
1034,"Aff. No. :2240017
Sch. Code:39204","State : ARUNACHAL PRADESH
District : DIBANG VALLEY",Senior Secondary Level,"Name : JAWAHAR NAVODAYA VIDYALAYA
Head/Principal Name: DINESH KUMAR SAHU","Address : ANINI, DISTT DIBANG VALLEY, ARUNACHAL PRADESH
Website : https://navodaya.gov.in/nvs/nvs-school/DIBANGVALLEY/en/home/"
1035,"Aff. No. :2240005
Sch. Code:39190","State : ARUNACHAL PRADESH
District : DIBANG VALLEY",Senior Secondary Level,"Name : PM SHRI SCHOOL JAWAHAR NAVODAYA VIDYALAYA
Head/Principal Name: A Athikho","Address : ROING DT- DIBANG VALLEY ARUNACHAL PRADESH
Website : www.navodaya.gov.in/nvs/nvs-school/LOWER-DIBANG-VA"
1036,"Aff. No. :2220177
Sch. Code:37169","State : ARUNACHAL PRADESH
District : DIBANG VALLEY",Secondary Level,"Name : GOVT SEC SCHOOL
Head/Principal Name: ATEM TAYENG","Address : VILL-JIA, PO/PS- ROING, DIST. LOWER DIWANG VALLEY, STATE ARUNACHAL PRADESH
Website : www.secschooljia.in"
1037,"Aff. No. :2220182
Sch. Code:37174","State : ARUNACHAL PRADESH
District : DIBANG VALLEY",Secondary Level,"Name : GOVT. SEC SCHOOL
Head/Principal Name: OSHY TAYENG","Address : ABALI, PO- IDULI, VIA-ROING, DIST. LOWER DIBANG VALLEY, ARUNACHAL PRADESH
Website :"
1038,"Aff. No. :2220186
Sch. Code:37178","State : ARUNACHAL PRADESH
District : DIBANG VALLEY",Secondary Level,"Name : GOVT. SEC. SCHOOL,
Head/Principal Name: TONY PERTIN","Address : MAYU,LOWER DIBANG VALLEY DISTT. ARUNACHAL PRADESH
Website : www.gssmayu.in"
1039,"Aff. No. :2230019
Sch. Code:35018","State : ARUNACHAL PRADESH
District : DIBANG VALLEY",Senior Secondary Level,"Name : VIVEKANANDA KENDRA VIDYALAYA
Head/Principal Name: SHYAMAL CHAKRABORTY","Address : ROING DT- DIBANG VALLEY ARUNACHAL PRADESH
Website : https://www.vkvapt.org/hss-vkv-roing-home.html"
1040,"Aff. No. :2230054
Sch. Code:35053","State : ARUNACHAL PRADESH
District : DIBANG VALLEY",Senior Secondary Level,"Name : INTAYA PUBLIC SCHOOL
Head/Principal Name: RAM PRASAD TIWARI","Address : AT- EZENGO, POST ROING, DISTRICT- DIBANG VALLEY
Website : https://intayapublicschool.org.in"
1041,"Aff. No. :2230075
Sch. Code:35074","State : ARUNACHAL PRADESH
District : DIBANG VALLEY",Senior Secondary Level,"Name : DIVINE WORD SCHOOL
Head/Principal Name: GULSHAN DUNGDUNG","Address : POST ROING LOWER DIBANG VALLEY DISTRICT ARUNACHAL PRADESH
Website : www.dwsroing.edu.in"
1042,"Aff. No. :2230067
Sch. Code:35066","State : ARUNACHAL PRADESH
District : EAST SIANG",Secondary Level,"Name : ST. FRANCIS DE SALES SCHOOL
Head/Principal Name: BIJU PAUL M","Address : DIKING, PASIGHAT, ARUNACHAL PRADESH
Website : www.sfspasighat.ac.in"
1043,"Aff. No. :2230082
Sch. Code:35080","State : ARUNACHAL PRADESH
District : EAST SIANG",Secondary Level,"Name : GREEN VALLEY SCHOOL
Head/Principal Name: ANIL TG","Address : GTC, TEBO VILLAGE, PASIGHAT, EAST SIANG DISTRICT, AP
Website : www.greenvalleyschooltebo.in"
1044,"Aff. No. :2230060
Sch. Code:35059","State : ARUNACHAL PRADESH
District : EAST SIANG",Senior Secondary Level,"Name : SIANG MODEL SCHOOL
Head/Principal Name: YUMLEMBAM BIPINKUMAR","Address : AT- PASDIGHAT POST- PASIGHAT DIST.- EAST SIANG ARUNACHAL PRADESH
Website : www.siangmodelschool.in"
1045,"Aff. No. :2230023
Sch. Code:35022","State : ARUNACHAL PRADESH
District : EAST SIANG",Secondary Level,"Name : VIVEKANAND KENDRA VIDYALAYA
Head/Principal Name: Ashok Singh","Address : OYAN EAST SIANG ARUNACHAL PRADESH
Website : http://www.oyan.vkv.in"
1046,"Aff. No. :2220187
Sch. Code:37179","State : ARUNACHAL PRADESH
District : EAST SIANG",Secondary Level,"Name : GOVT. SEC. SCHOOL
Head/Principal Name: DILEK TAGGU","Address : BOLENG TOWN, P.O. BOLENG,P.S.BELENG SIANG DISTT. ARUNACHAL PRADESH
Website : www.bolengsecschool.in"
1047,"Aff. No. :2220192
Sch. Code:39609","State : ARUNACHAL PRADESH
District : EAST SIANG",Secondary Level,"Name : GOVT. SECONDARY SCHOOL
Head/Principal Name: OBANG JERANG","Address : MIRBUK, PASIGHAT, EAST SIANG, DISTRICT, ARUNACHAL PRADESH- 791 102
Website : www.mirbuksecschool.in"
1048,"Aff. No. :2220352
Sch. Code:37561","State : ARUNACHAL PRADESH
District : EAST SIANG",Secondary Level,"Name : GOVT SECONDARY SCHOOL NGORLUNG
Head/Principal Name: TAKIR TALOH","Address : PO RUKSIN, EAST SIANG
Website : www.secschoolngorlung.in"
1049,"Aff. No. :2220356
Sch. Code:37676","State : ARUNACHAL PRADESH
District : EAST SIANG",Secondary Level,"Name : GOVT SECONDARY SCHOOL MOTUM
Head/Principal Name: KETIN PERME","Address : PO MEBO, EAST SIANG DISTRICT
Website : www.motumgss.in"
1050,"Aff. No. :2220357
Sch. Code:37677","State : ARUNACHAL PRADESH
District : EAST SIANG",Secondary Level,"Name : GOVT SECONDARY SCHOOL GTC PASIGHAT
Head/Principal Name: ANITA GAMOH","Address : PASIGHAT, EAST SIANG DISTRICT
Website : www.secondaryschoolgtc.in"
1051,"Aff. No. :2220184
Sch. Code:37176","State : ARUNACHAL PRADESH
District : EAST SIANG",Secondary Level,"Name : GOVT. SEC. SCHOOL
Head/Principal Name: ANONTO MODI","Address : RANI, VIA PASIGHAT, EAST SIANG, ARUNACHAL PRADESH
Website : www.secschoolrani.in"
1052,"Aff. No. :2220168
Sch. Code:37159","State : ARUNACHAL PRADESH
District : EAST SIANG",Secondary Level,"Name : GOVT. SEC. SCHOOL
Head/Principal Name: TALING BORANG","Address : KIYIT, EAST SIANG, ARUNACHAL PRADESH
Website : https://www.gsskiyit.in"
1053,"Aff. No. :2220172
Sch. Code:37168","State : ARUNACHAL PRADESH
District : EAST SIANG",Secondary Level,"Name : GOVT SEC SCHOOL
Head/Principal Name: TANYA RINGU","Address : KAN, PO KANG DIST, EAST SIANG, ARUNACHAL PRADESH
Website : www.koranggss.org.in"
1054,"Aff. No. :2220150
Sch. Code:37145","State : ARUNACHAL PRADESH
District : EAST SIANG",Secondary Level,"Name : GOVERNMENT SECONDARY SCHOOL
Head/Principal Name: YAYI PADA MIZE","Address : YAGRUNG, EAST SIANG DISTT., PASIGHAT, ARUNACHAL PRADESH
Website : www.gssyagrung.in"
1055,"Aff. No. :2220152
Sch. Code:37146","State : ARUNACHAL PRADESH
District : EAST SIANG",Secondary Level,"Name : GOVERNMENT SECONDARY SCHOOL
Head/Principal Name: NYUMGAM ETE","Address : KEBANG, DISTT. EAST SIANG, P.O. PANGIN, ARUNACHAL PRADESH
Website : www.kebangsecschool.in"
1056,"Aff. No. :2220165
Sch. Code:37162","State : ARUNACHAL PRADESH
District : EAST SIANG",Secondary Level,"Name : GOVT. GANDHI SEC. SCHOOL
Head/Principal Name: TARI KOYU","Address : PASIGHAT, EAST SIANG DISTRICT. ARUNACHAL PRADESH, PASIGHAT
Website : www.ggssp.in"
1057,"Aff. No. :2220166
Sch. Code:37160","State : ARUNACHAL PRADESH
District : EAST SIANG",Secondary Level,"Name : GOVT. SEC. SCHOOL
Head/Principal Name: KADUM PATUK","Address : RIGA, EAST SIANG DISTT, ARUNACHAL PRADESH
Website : www.gssriga.in"
1058,"Aff. No. :2230159
Sch. Code:35642","State : ARUNACHAL PRADESH
District : EAST SIANG",Secondary Level,"Name : ST THOMAS SCHOOL PASIGHAT
Head/Principal Name: SANDEEP DEB","Address : MIRBUK, PASIGHAT, EAST SIANG DISTRICT
Website : http://www.stspasighat.in"
1059,"Aff. No. :2230091
Sch. Code:35089","State : ARUNACHAL PRADESH
District : EAST SIANG",Senior Secondary Level,"Name : SIANG ROYAL SCHOOL
Head/Principal Name: RAJA JAMOH","Address : MIRBUK PEKUNG
Website : https://siangroyalschool.in/"
1060,"Aff. No. :2230092
Sch. Code:39600","State : ARUNACHAL PRADESH
District : EAST SIANG",Secondary Level,"Name : DONYI POLO VIDYA NIKETAN PASIGHAT
Head/Principal Name: VIDYA KANT JHA","Address : PO PS PASIGHAT
Website : https://dpvnpsg.com/index.html"
1061,"Aff. No. :2230093
Sch. Code:39599","State : ARUNACHAL PRADESH
District : EAST SIANG",Secondary Level,"Name : DONYI POLO VIDYA NIKETAN
Head/Principal Name: RANJIT DOLEY","Address : DPVN NGORLUNG
Website : www.dpvnngorlung.in"
1062,"Aff. No. :2230095
Sch. Code:35423","State : ARUNACHAL PRADESH
District : EAST SIANG",Secondary Level,"Name : ANGUN ASIR ACADEMY
Head/Principal Name: Rajesh Gwala","Address : TULAP, P.O/P.S- PASIGHAT
Website : www.angunasir.in"
1063,"Aff. No. :2240012
Sch. Code:39200","State : ARUNACHAL PRADESH
District : EAST SIANG",Senior Secondary Level,"Name : JAWAHAR NAVODAYA VIDYALAYA
Head/Principal Name: DEBASISH DOUL BARUAH","Address : PASIGHAT, P.O GTC., PASIGHAT, EAST SIANG-791102
Website : https://navodaya.gov.in/nvs/nvs-school/EASTSIANG/"
1064,"Aff. No. :228005
Sch. Code:39617","State : ARUNACHAL PRADESH
District : EAST SIANG",Senior Secondary Level,"Name : SAINIK SCHOOL EAST SIANG
Head/Principal Name: Colonel Anant Thapan","Address : SAINIK SCHOOL EAST SIANG NIGLOK VILLAGE, NEAR IGC NIGLOK VIA RUKSIN, EAST SIANG DISTRICT
Website : www.sainikschooleastsiang.com"
1065,"Aff. No. :2220139
Sch. Code:37134","State : ARUNACHAL PRADESH
District : EAST SIANG",Senior Secondary Level,"Name : GOVT. HR. SEC. SCHOOL
Head/Principal Name: KENMIK NYODU","Address : NARI LOWER SIANG DISTRICT, P.O NARI, P.S. NARI, ARUNACHAL PRADESH-791102
Website : http://ghssnari.org/"
1066,"Aff. No. :2220126
Sch. Code:37124","State : ARUNACHAL PRADESH
District : EAST SIANG",Senior Secondary Level,"Name : GOVT HIGHER SECONDARY SCHOOL KOYU
Head/Principal Name: RIMO KADU","Address : KOYU DT- EAST SIANG ARUNACHAL PRADESH
Website : www.highersecschoolkoyu.in"
1067,"Aff. No. :2220110
Sch. Code:37110","State : ARUNACHAL PRADESH
District : EAST SIANG",Secondary Level,"Name : GOVT SEC SCHOOL
Head/Principal Name: TANYING TABING","Address : MIRKU PASIGHAT DT- EAST SIANG ARUNACHAL PRADESH
Website : www.gssmirku.in"
1068,"Aff. No. :2220088
Sch. Code:37086","State : ARUNACHAL PRADESH
District : EAST SIANG",Senior Secondary Level,"Name : GOVT HIGHER SECONDARY SCHOOL
Head/Principal Name: Onung Tamut Taloh","Address : BORGULI VIA- MEBO DT - EAST SIANG ARUNACHAL PRADESH
Website : www.ghssborguli.in"
1069,"Aff. No. :2220042
Sch. Code:37008","State : ARUNACHAL PRADESH
District : EAST SIANG",Senior Secondary Level,"Name : D ERING MEMORIAL GOVT SEC SCHOOL
Head/Principal Name: LAT RATAN","Address : PASIGHAT ARUNACHAL PRADESH
Website : www.deringghss.in"
1070,"Aff. No. :2220043
Sch. Code:37010","State : ARUNACHAL PRADESH
District : EAST SIANG",Senior Secondary Level,"Name : GOVT HR SEC SCHOOL
Head/Principal Name: HATKU TAMUT","Address : BOLENG VIA- PASIGHAT DT - EAST SIANG ARUNACHAL PRADESH
Website : www.bolengghss.in"
1071,"Aff. No. :2220036
Sch. Code:37005","State : ARUNACHAL PRADESH
District : EAST SIANG",Senior Secondary Level,"Name : GOVT HR SEC SCHOOL
Head/Principal Name: GOGOM PANOR","Address : PANGIN DT- EAST SIANG ARUNACHAL PRADESH
Website : www.ghsspangin.in"
1072,"Aff. No. :2220037
Sch. Code:37011","State : ARUNACHAL PRADESH
District : EAST SIANG",Secondary Level,"Name : GOVT SEC SCHOOL
Head/Principal Name: NYADAR RIBA","Address : BALEK VIA- PASIGHAT DT - EAST SIANG ARUNACHAL PRADESH
Website : www.balekss.in"
1073,"Aff. No. :2220046
Sch. Code:37004","State : ARUNACHAL PRADESH
District : EAST SIANG",Senior Secondary Level,"Name : GOVT HR SEC SCHOOL
Head/Principal Name: MOJUM RINA","Address : TELAM VIA- JONAI DT - EAST SIANG ARUNACHAL PRADESH
Website : https://www.telamghss.org"
1074,"Aff. No. :2220050
Sch. Code:37013","State : ARUNACHAL PRADESH
District : EAST SIANG",Senior Secondary Level,"Name : GOVT HR SEC SCHOOL
Head/Principal Name: TAHONG TAGA","Address : SILLE VIA- PASIGHAT DT- EAST SIANG ARUNACHAL PRADESH
Website : www.silleghss.in"
1075,"Aff. No. :2220062
Sch. Code:37183","State : ARUNACHAL PRADESH
District : EAST SIANG",Senior Secondary Level,"Name : BOUM KAKIR MISSION SCHOOL
Head/Principal Name: BALBIR SINGH","Address : BOLENG VIA- ALONG DT - EAST SIANG ARUNACHAL PRADESH
Website : https://www.bolengbkms.in/"
1076,"Aff. No. :2220068
Sch. Code:37066","State : ARUNACHAL PRADESH
District : EAST SIANG",Senior Secondary Level,"Name : GOVT HIGHER SECONDARY SCHOOL
Head/Principal Name: TATE GAMMENG","Address : RUKSIN DT- EAST SIANG ARUNACHAL PRADESH
Website : https://ghssruksin.org"
1077,"Aff. No. :2220034
Sch. Code:37012","State : ARUNACHAL PRADESH
District : EAST SIANG",Senior Secondary Level,"Name : GOVT HR. SEC. SCHOOL
Head/Principal Name: OPET PADUNG","Address : BILAT VIA- PASIGHAT DT - EAST SIANG ARUNACHAL PRADESH
Website : www.bilatghss.in"
1078,"Aff. No. :2220001
Sch. Code:37009","State : ARUNACHAL PRADESH
District : EAST SIANG",Senior Secondary Level,"Name : GOVT HR SEC SCHOOL
Head/Principal Name: OYAR TABING","Address : GOVT HR SEC SCHOOL PASIGHAT DT- EAST SIANG ARUNACHAL PRADESH
Website : www.igjpasighat.in"
1079,"Aff. No. :2220007
Sch. Code:37014","State : ARUNACHAL PRADESH
District : EAST SIANG",Senior Secondary Level,"Name : GOVT HR SEC SCHOOL
Head/Principal Name: OLAK RATAN","Address : MEBO DT - EAST SIANG ARUNACHAL PRADESH
Website : www.highersecschoolmebo.in"
1080,"Aff. No. :2200005
Sch. Code:39208","State : ARUNACHAL PRADESH
District : EAST SIANG",Senior Secondary Level,"Name : PM SHRI KENDRIYA VIDYALAYA
Head/Principal Name: WAWATSHI KRI","Address : PASIGHAT ARUNACHAL PRADESH
Website : www.passigaht.kvs.ac.in"
1081,"Aff. No. :2200011
Sch. Code:39215","State : ARUNACHAL PRADESH
District : WEST SIANG",Senior Secondary Level,"Name : PM SHRI KENDRIYA VIDYALAYA ALONG
Head/Principal Name: KHUMUKCHAM NEPOLION MEITEI","Address : ALONG OLD SSB YOJI YORA ALONG DISTT WEST SIANG ARUNACHAL PRADESH
Website : https://along.kvs.ac.in"
1082,"Aff. No. :2220012
Sch. Code:37007","State : ARUNACHAL PRADESH
District : WEST SIANG",Senior Secondary Level,"Name : GOVT HR SEC SCHOOL
Head/Principal Name: MONJULA KARGA","Address : BASAR DT- WEST SIANG ARUNACHAL PRADESH
Website : 37007@CBSESHIKSHA.IN"
1083,"Aff. No. :2220031
Sch. Code:37054","State : ARUNACHAL PRADESH
District : WEST SIANG",Senior Secondary Level,"Name : GOVT HR SEC SCHOOL
Head/Principal Name: Karsen Rime","Address : KAMBA VIA- ALONG DT - WEST SIANG ARUNACHAL PRADESH
Website : www.kambaghss.in"
1084,"Aff. No. :2220006
Sch. Code:37050","State : ARUNACHAL PRADESH
District : WEST SIANG",Senior Secondary Level,"Name : GOVT HR SEC SCHOOL
Head/Principal Name: Jirken Bagra","Address : ALONG DT- WEST SIANG ARUNACHAL PRADESH
Website : www.ghssaalo.in"
1085,"Aff. No. :2220027
Sch. Code:37053","State : ARUNACHAL PRADESH
District : WEST SIANG",Senior Secondary Level,"Name : GOVT HR SEC SCHOOL
Head/Principal Name: TANOM TAPAK","Address : RUMGONG VIA- ALONG DT - WEST SIANG ARUNACHAL PRADESH
Website : www.ghssrumgong.org"
1086,"Aff. No. :2220017
Sch. Code:37056","State : ARUNACHAL PRADESH
District : WEST SIANG",Senior Secondary Level,"Name : GOVT HR SEC SCHOOL
Head/Principal Name: YATE RINYA","Address : MECHUKHA VIA- MOHANBARI A F ASSAM DT - WEST SIANG ARUNACHAL PRADESH
Website :"
1087,"Aff. No. :2220056
Sch. Code:37052","State : ARUNACHAL PRADESH
District : WEST SIANG",Senior Secondary Level,"Name : GOVT SEC SCHOOL
Head/Principal Name: LITER ETE LOLLEN","Address : PESSING ALONG DT- WEST SIANG ARUNACHAL PRADESH
Website : www.ghsspessing.org"
1088,"Aff. No. :2220058
Sch. Code:37051","State : ARUNACHAL PRADESH
District : WEST SIANG",Senior Secondary Level,"Name : GOVT HR SEC SCHOOL
Head/Principal Name: CHAI PADU","Address : KAYING VIA- ALONG DT - WEST SIANG ARUNACHAL PRADESH
Website : www.ghsskaying.org"
1089,"Aff. No. :2220038
Sch. Code:37055","State : ARUNACHAL PRADESH
District : WEST SIANG",Senior Secondary Level,"Name : GOVT HR SEC SCHOOL
Head/Principal Name: TAKAR MARA","Address : LIKABALI DT- WEST SIANG ARUNACHAL PRADESH
Website :"
1090,"Aff. No. :2220086
Sch. Code:37084","State : ARUNACHAL PRADESH
District : WEST SIANG",Senior Secondary Level,"Name : GOVT. HR SEC SCHOOL
Head/Principal Name: NYALUK GAMLIN","Address : YOMCHA DT- WEST SIANG ARUNACHAL PRADESH
Website : www.ghssyomcha.in"
1091,"Aff. No. :2220077
Sch. Code:37077","State : ARUNACHAL PRADESH
District : WEST SIANG",Senior Secondary Level,"Name : GOVT HIGHER SECONDARY SCHOOL TIRBIN
Head/Principal Name: JEMAR DOKE","Address : TIRBIN VIA- BASAR DT - WEST SIANG ARUNACHAL PRADESH
Website : www.tirbinghss.in"
1092,"Aff. No. :2220094
Sch. Code:37101","State : ARUNACHAL PRADESH
District : WEST SIANG",Secondary Level,"Name : GOVT SECONDARY SCHOOL
Head/Principal Name: BOMRI BAGRA","Address : BAGRA DT- WEST SIANG ARUNACHAL PRADESH
Website : www.gssbagra.org-recently.website-expired.org"
1093,"Aff. No. :2220096
Sch. Code:37092","State : ARUNACHAL PRADESH
District : WEST SIANG",Senior Secondary Level,"Name : GOVT SR.SEC SCHOOL
Head/Principal Name: LITER BAGRA DOYE","Address : LOROMOBA DT- WEST SIANG ARUNACHAL PRADESH
Website : www.gssliromoba.in"
1094,"Aff. No. :2220097
Sch. Code:37094","State : ARUNACHAL PRADESH
District : WEST SIANG",Senior Secondary Level,"Name : GOVT NEHRU MEMORIAL HR SEC SCHOOL
Head/Principal Name: JIRKEN BAGRA","Address : ALONG DT- WEST SIANG ARUNACHAL PRADESH
Website : www.govtnmhss.com"
1095,"Aff. No. :2220099
Sch. Code:37091","State : ARUNACHAL PRADESH
District : WEST SIANG",Secondary Level,"Name : GOVT SEC SCHOOL
Head/Principal Name: KOMBI TAO","Address : GENSI DT- WEST SIANG ARUNACHAL PRADESH
Website : www.gssgensi.org"
1096,"Aff. No. :2220121
Sch. Code:37119","State : ARUNACHAL PRADESH
District : WEST SIANG",Secondary Level,"Name : GOVT SEC SCHOOL
Head/Principal Name: MERI LOLLEN","Address : KOMBO DT- WEST SIANG ARUNACHAL PRADESH
Website : https://gsskombo.org"
1097,"Aff. No. :2220123
Sch. Code:37122","State : ARUNACHAL PRADESH
District : WEST SIANG",Secondary Level,"Name : GOVT. SEC SCHOOL
Head/Principal Name: PAPPI SIRAM LONA","Address : DARING PO- BASAR DT- WEST SIANG ARUNACHAL PRADESH
Website : www.daringsec.govtschool.co.in"
1098,"Aff. No. :2220115
Sch. Code:37113","State : ARUNACHAL PRADESH
District : WEST SIANG",Secondary Level,"Name : GOVT SECONDARY SCHOOL
Head/Principal Name: DOYI KARLO","Address : DARAK DT- WEST SIANG ARUNACHAL PRADESH
Website : www.gssdarak.in"
1099,"Aff. No. :2220109
Sch. Code:37106","State : ARUNACHAL PRADESH
District : WEST SIANG",Secondary Level,"Name : GOVT SEC SCHOOL
Head/Principal Name: HOKTO SORA","Address : NIKTE ALONG DT- WEST SIANG ARUNACHAL PRADESH
Website : http://gssnikte.in/"
1100,"Aff. No. :2220132
Sch. Code:37129","State : ARUNACHAL PRADESH
District : WEST SIANG",Secondary Level,"Name : GOVT. SEC SCHOOL
Head/Principal Name: BOMTO BOLE","Address : KANGKU PO- LIKABALI DT- WEST SIANG ARUNACHAL PRADESH
Website :"
1101,"Aff. No. :2220144
Sch. Code:37140","State : ARUNACHAL PRADESH
District : WEST SIANG",Secondary Level,"Name : GOVT SEC SCHOOL
Head/Principal Name: GODE RIBA GARA","Address : DIPA WEST SIANG DISTT PO DIPA VIA SIMEN CHAPORI ARUNACHAL PRADESH
Website : www.dseap.info/school-data/gss.dipapdf"
1102,"Aff. No. :2240010
Sch. Code:39198","State : ARUNACHAL PRADESH
District : WEST SIANG",Senior Secondary Level,"Name : PM SHRI SCHOOL JAWAHAR NAVODAYA VIDYALAYA
Head/Principal Name: ASHISH RANA","Address : KOMBO PO AALO, WEST SIANG DISTT. ARUNACHAL PRADESH
Website : https://navodaya.gov.in/nvs/nvs-school/WEST-SIANG/"
1103,"Aff. No. :2280002
Sch. Code:39144","State : ARUNACHAL PRADESH
District : WEST SIANG",Senior Secondary Level,"Name : I T B P PUBLIC SCHOOL
Head/Principal Name: Ram Singh","Address : ALONG DISTT. WEST SIANG, ARUNACHAL PRADESH
Website :"
1104,"Aff. No. :2220158
Sch. Code:37152","State : ARUNACHAL PRADESH
District : WEST SIANG",Secondary Level,"Name : GOVERNMENT SECONDARY SCHOOL
Head/Principal Name: DIKEN LOMI","Address : MONIGONG, P.O. MONIGONG, WEST SIANG DISTT., ARUNACHAL PRADESH
Website : https://gssmonigong.in"
1105,"Aff. No. :2220155
Sch. Code:37148","State : ARUNACHAL PRADESH
District : WEST SIANG",Secondary Level,"Name : GOVERNMENT SECONDARY SCHOOL
Head/Principal Name: KARCHI DIRCHI","Address : BAM, PO & PS, BASAR, DISTT. WEST SIANG, ARUNACHAL PRADESH
Website : www.govbamsec.in"
1106,"Aff. No. :2220164
Sch. Code:37158","State : ARUNACHAL PRADESH
District : WEST SIANG",Secondary Level,"Name : GOVT. SEC. SCHOOL
Head/Principal Name: KERIK LOLLEN","Address : POBDI, WEST SIANG DISTRICT, ARUNACHAL PRADESH
Website : https://www.gsspobdi.in/"
1107,"Aff. No. :2220170
Sch. Code:37164","State : ARUNACHAL PRADESH
District : WEST SIANG",Secondary Level,"Name : GOVT. SEC. SCHOOL
Head/Principal Name: MIJUM TACHA","Address : DARKA,PO/PS AALO, WEST SIANG DISTT. ARUNACHAL PRADESH
Website : www.gssdarka.in"
1108,"Aff. No. :2220171
Sch. Code:37166","State : ARUNACHAL PRADESH
District : WEST SIANG",Secondary Level,"Name : GOVERNMENT SECONDARY SCHOOL
Head/Principal Name: BOMRE KAMGO","Address : NOMUK, PO/PS KAMBA, WEST SIANG, DISTT. ARUNACHAL PRADESH
Website :"
1109,"Aff. No. :2220361
Sch. Code:37698","State : ARUNACHAL PRADESH
District : WEST SIANG",Secondary Level,"Name : GOVT. SECONDARY SCHOOL PAKAM
Head/Principal Name: LIDO SORA","Address : PAKAM, AALO, PO AALO, PS AALO
Website : www.gsspakam.in"
1110,"Aff. No. :2230001
Sch. Code:35004","State : ARUNACHAL PRADESH
District : WEST SIANG",Senior Secondary Level,"Name : RAMAKRISHNA MISSION SCHOOL
Head/Principal Name: SWAMI SWAYAMPRABHANANDA","Address : VIVEK NAGAR VIA- ALONG DT - WEST SIANG ARUNACHAL PRADESH
Website : https://www.ramakrishnamissionaalo.org/school-info"
1111,"Aff. No. :2220191
Sch. Code:37181","State : ARUNACHAL PRADESH
District : WEST SIANG",Secondary Level,"Name : GOVT. SECONDARY SCHOOL
Head/Principal Name: DUGREY ETE","Address : DEGO, WEST SIANG, DISTT. AALO, ARUNACHAL PRADESH
Website : www.gssdego.in"
1112,"Aff. No. :2220193
Sch. Code:37430","State : ARUNACHAL PRADESH
District : WEST SIANG",Secondary Level,"Name : GOVT. SECONDARY SCHOOL
Head/Principal Name: Jumpek lombi","Address : TAI,WEST SIANG DIST, ARUNACHAL PRADESH
Website : www.gsstai9.in"
1113,"Aff. No. :2230015
Sch. Code:35015","State : ARUNACHAL PRADESH
District : WEST SIANG",Secondary Level,"Name : VIVEKANANDA KENDRA VIDYALAYA
Head/Principal Name: INDU GURUNG","Address : ALONG DT- WEST SIANG ARUNACHAL PRADESH
Website : www.jirdin.vkv.in"
1114,"Aff. No. :2230016
Sch. Code:35014","State : ARUNACHAL PRADESH
District : WEST SIANG",Senior Secondary Level,"Name : TOMI ENGLISH MEDIUM SCHOOL
Head/Principal Name: I CHENTHIL KUMAR","Address : BASAR DT- WEST SIANG ARUNACHAL PRADESH
Website :"
1115,"Aff. No. :2230038
Sch. Code:35036","State : ARUNACHAL PRADESH
District : WEST SIANG",Secondary Level,"Name : MARJAM MEMORIAL PUBLIC SCHOOL
Head/Principal Name: VINODE SEBASTIAN","Address : PO ALONG WEST SIANG DISTT ARUNACHAL PRADESH
Website : www.mmpsfsaalo.ac.in"
1116,"Aff. No. :2230072
Sch. Code:35071","State : ARUNACHAL PRADESH
District : WEST SIANG",Secondary Level,"Name : POI VIDYA NIKETAN
Head/Principal Name: VINEESH KURIAN","Address : PO/PS-LIKABALI, DIST-WEST SIANG, ARUNACHAL PRADESH
Website : www.pvniketan.in"
1117,"Aff. No. :2230073
Sch. Code:35073","State : ARUNACHAL PRADESH
District : WEST SIANG",Secondary Level,"Name : SAINT JOSEPHS SCHOOL
Head/Principal Name: NAPOLEON L","Address : KAYING, AALO,WEST SIANG (DIST), ARUNACHAL PRADESH PIN: 791001
Website : https://www.stjosephskaying.org/"
1118,"Aff. No. :2230074
Sch. Code:35072","State : ARUNACHAL PRADESH
District : WEST SIANG",Secondary Level,"Name : SIYOM VALLEY SCHOOL PESSING AALO
Head/Principal Name: ROBIN PETER","Address : SIYOM VALLEY SCHOOL , PESSING - AALO, WEST SAING DISIRICT , ARUNACHAL PRADESH-791001
Website : www.siyomvalleyschool.org"
1119,"Aff. No. :2230078
Sch. Code:35077","State : ARUNACHAL PRADESH
District : WEST SIANG",Senior Secondary Level,"Name : ST.XAVIER'S INTERNATIONAL SCHOOL
Head/Principal Name: BIKASH KURMI","Address : BOGDO, AALO,WEST SIANG,791001
Website : www.sxischool.com"
1120,"Aff. No. :2230062
Sch. Code:35061","State : ARUNACHAL PRADESH
District : CHANGLANG",Secondary Level,"Name : ST XAVIER'S SCHOOL
Head/Principal Name: SEKHAR DAS","Address : NAMPONG, DISTT CHANGLANG, ARUNACHAL PRADESH
Website : www.stxaviersnampong.org"
1121,"Aff. No. :2230063
Sch. Code:35062","State : ARUNACHAL PRADESH
District : CHANGLANG",Secondary Level,"Name : TANGSA MODEL SCHOOL
Head/Principal Name: LALRINAWMA","Address : KHASAN JUGLI
Website : www.tangsamodelschool.in"
1122,"Aff. No. :2230064
Sch. Code:35063","State : ARUNACHAL PRADESH
District : CHANGLANG",Senior Secondary Level,"Name : MAHABODHI SCHOOL
Head/Principal Name: BASANTA KUMAR CHAKMA","Address : JYOTIPUR VILLAGE, P.O. DIYUN, VIA- NAMSAI
Website : www.mahabodhischooldiyun.in"
1123,"Aff. No. :2230035
Sch. Code:35031","State : ARUNACHAL PRADESH
District : CHANGLANG",Secondary Level,"Name : ASSAM RIFLES SECONDARY SCHOOL
Head/Principal Name: Arti Sharma","Address : C/O 7, ASSAM RIFLES JAIRAMPUR DISTT CHANGLAND ARUNACHAL PRADESH
Website :"
1124,"Aff. No. :2230022
Sch. Code:35021","State : ARUNACHAL PRADESH
District : CHANGLANG",Secondary Level,"Name : VIVEKANAND KENDRA VIDYALAYA
Head/Principal Name: RAVINDRAN M V","Address : KHARSANG (VIA.) MIAO ARUNACHAL PRADESH
Website : https://www.vkvapt.org/ss-vkv-kharsang-home.html"
1125,"Aff. No. :2230005
Sch. Code:35003","State : ARUNACHAL PRADESH
District : CHANGLANG",Senior Secondary Level,"Name : VIVEKANANDA KENDRA VIDYALAYA
Head/Principal Name: T SRITHARAN","Address : JAIRAMPUR DT- CHANGLANG ARUNACHAL PRADESH
Website : http://www.jairampur.vkv.in"
1126,"Aff. No. :2240008
Sch. Code:39196","State : ARUNACHAL PRADESH
District : CHANGLANG",Senior Secondary Level,"Name : PM SHRI SCHOOL JAWAHAR NAVODAYA VIDYALAYA
Head/Principal Name: RAJEEV RANJAN","Address : PO BORDUMSA DISTT CHANGLANG ARUNACHAL PRADESH
Website : https://navodaya.gov.in/nvs/nvs-school/CHANGLANG/en/home/"
1127,"Aff. No. :2220147
Sch. Code:37142","State : ARUNACHAL PRADESH
District : CHANGLANG",Secondary Level,"Name : GOVT SEC SCHOOL
Head/Principal Name: ALOK KUMAR DEY","Address : KONGSA PO NAMTOK VIA MARGHERITA DISTT CHANGLANG ARUNACHAL PRADESH
Website : www,gsskongsa.org"
1128,"Aff. No. :2220113
Sch. Code:37111","State : ARUNACHAL PRADESH
District : CHANGLANG",Senior Secondary Level,"Name : GOVT SEC SCHOOL
Head/Principal Name: BEJUM KATO","Address : PO- DIYUN VIA- MIAO DT - CHANGLANG ARUNACHAL PRADESH
Website : https://www.ghssdiyun.in"
1129,"Aff. No. :2220127
Sch. Code:37097","State : ARUNACHAL PRADESH
District : CHANGLANG",Secondary Level,"Name : GOVT SEC SCHOOL
Head/Principal Name: Shashi Kumar Singh","Address : YANMAN DT- CHANGLANG ARUNACHAL PRADESH
Website : http://changlang.nic.in/gss-yanman.html"
1130,"Aff. No. :2220091
Sch. Code:37099","State : ARUNACHAL PRADESH
District : CHANGLANG",Secondary Level,"Name : GOVT SECONDARY SCHOOL
Head/Principal Name: WAKHET DU SINGPHO","Address : GIDDING PO- BARDUMSA VIA- TINSUKIA DT- CHANGLANG ARUNACHAL PRADESH
Website : www.gssgidding.in"
1131,"Aff. No. :2220106
Sch. Code:37108","State : ARUNACHAL PRADESH
District : CHANGLANG",Senior Secondary Level,"Name : GOVT HR SEC SCHOOL
Head/Principal Name: CHOU TOOZEN LANGNOU","Address : INNAO DT- CHANGLANG ARUNACHAL PRADESH
Website : info@ghssinnao.org"
1132,"Aff. No. :2220101
Sch. Code:37103","State : ARUNACHAL PRADESH
District : CHANGLANG",Secondary Level,"Name : GOVT SEC SCHOOL
Head/Principal Name: Difusa Yobin","Address : VIJAY NAGAR VIA- MOHANBARI DT - CHANGLANG ARUNACHAL PRADESH
Website : www.gssvnr.org"
1133,"Aff. No. :2220089
Sch. Code:37098","State : ARUNACHAL PRADESH
District : CHANGLANG",Secondary Level,"Name : GOVT. SEC SCHOOL
Head/Principal Name: NEELAM OBI","Address : DEED VIA- ZIRO DT - CHANGLANG ARUNACHAL PRADESH
Website : www.deed.nic.in"
1134,"Aff. No. :2220033
Sch. Code:37034","State : ARUNACHAL PRADESH
District : CHANGLANG",Senior Secondary Level,"Name : GOVT HR SEC SCHOOL
Head/Principal Name: KOING SAMON UMBON","Address : BORDUMSA VIA- TINSUKIA DT - CHANGLANG ARUNACHAL PRADESH
Website : www.ghssbordumsa.com"
1135,"Aff. No. :2220047
Sch. Code:37041","State : ARUNACHAL PRADESH
District : CHANGLANG",Senior Secondary Level,"Name : GOVT HR. SEC SCHOOL
Head/Principal Name: KOGE ESHI","Address : KHARSANG VIA- MIAO DT- CHANGLANG ARUNACHAL PRADESH
Website : www.ghsskharsang.com"
1136,"Aff. No. :2220069
Sch. Code:37069","State : ARUNACHAL PRADESH
District : CHANGLANG",Secondary Level,"Name : GOVT SEC SCHOOL
Head/Principal Name: Kardak Kadu","Address : SOMPOI PO- DIYUN VIA- MIAO DT- CHANGLANG ARUNACHAL PRADESH
Website : http://gsssompoi.org/"
1137,"Aff. No. :2220063
Sch. Code:37070","State : ARUNACHAL PRADESH
District : CHANGLANG",Secondary Level,"Name : GOVT SEC SCHOOL
Head/Principal Name: Hong Loder","Address : MANMAO DT- CHANGLANG ARUNACHAL PRADESH
Website : www.govtseschoolmanmao.net"
1138,"Aff. No. :2220026
Sch. Code:37040","State : ARUNACHAL PRADESH
District : CHANGLANG",Senior Secondary Level,"Name : GOVT HR SEC SCHOOL
Head/Principal Name: SEKHUM RONRANG","Address : MIAO DT- CHANGLANG ARUNACHAL PRADESH
Website : www.education.arunachal.gov.in"
1139,"Aff. No. :2220022
Sch. Code:37042","State : ARUNACHAL PRADESH
District : CHANGLANG",Senior Secondary Level,"Name : GOVT HR SEC SCHOOL
Head/Principal Name: PRATAP SAIKIA","Address : NAMPONG DT- CHANGLANG ARUNACHAL PRADESH
Website : www.ghssnampong.com"
1140,"Aff. No. :2220009
Sch. Code:37039","State : ARUNACHAL PRADESH
District : CHANGLANG",Senior Secondary Level,"Name : GOVT SEC SCHOOL
Head/Principal Name: WEHIN BO BOLOK","Address : JAIRAMPUR DT- CHANGLANG ARUNACHAL PRADESH
Website : www.ghssjairampur.org"
1141,"Aff. No. :2220005
Sch. Code:37038","State : ARUNACHAL PRADESH
District : CHANGLANG",Senior Secondary Level,"Name : GOVT HR SEC SCHOOL
Head/Principal Name: RAJIV LOMDAK","Address : CHANGLANG DT- CHANGLANG ARUNACHAL PRADESH
Website : www.ghsschanglang.co.in"
1142,"Aff. No. :2200013
Sch. Code:39217","State : ARUNACHAL PRADESH
District : CHANGLANG",Senior Secondary Level,"Name : PM SHRI KENDRIYA VIDYALAYA
Head/Principal Name: SANJAY KUMAR","Address : UPPER COLONY, MIAO, DISTT. CHANGLANG, ARUNACHAL PRADESH
Website : https://miao.kvs.ac.in/"
1143,"Aff. No. :2200014
Sch. Code:39218","State : ARUNACHAL PRADESH
District : WEST KAMENG",Senior Secondary Level,"Name : PM SHRI KENDRIYA VIDYALAYA
Head/Principal Name: DAYA SHANKAR","Address : DIRANG, DISTT. WEST KAMENG, ARUNACHAL PRADESH
Website : www.dirang.kvs.ac.in"
1144,"Aff. No. :2200002
Sch. Code:39205","State : ARUNACHAL PRADESH
District : WEST KAMENG",Senior Secondary Level,"Name : PM SHRI KENDRIYA VIDYALAYA TENGA VALLEY
Head/Principal Name: ROHITASH GHINTALA","Address : TENGA VALLEY DT- WEST KAMENG ARUNACHAL PRADESH
Website : https://tengavalley.kvs.ac.in/"
1145,"Aff. No. :2220004
Sch. Code:37044","State : ARUNACHAL PRADESH
District : WEST KAMENG",Senior Secondary Level,"Name : GOVT HR SEC SCHOOL
Head/Principal Name: POKLING TAYENG","Address : BOMDILA DT- WEST KAMENG ARUNACHAL PRADESH
Website : www.governmenthighersecondaryschoolbomdila.org"
1146,"Aff. No. :2220029
Sch. Code:37045","State : ARUNACHAL PRADESH
District : WEST KAMENG",Senior Secondary Level,"Name : GOVT HR SEC SCHOOL
Head/Principal Name: MIKAR KOYU","Address : DIRANG DT- WEST KAMENG ARUNACHAL PRADESH
Website : www.ghssdrg.org"
1147,"Aff. No. :2220054
Sch. Code:37046","State : ARUNACHAL PRADESH
District : WEST KAMENG",Senior Secondary Level,"Name : GOVT HR SEC SCHOOL
Head/Principal Name: YIDAK RIJI","Address : NAFRA VIA- BOMDILA DT- WEST KAMENG ARUNACHAL PRADESH
Website : http://www.ghssnafra.in"
1148,"Aff. No. :2220048
Sch. Code:37048","State : ARUNACHAL PRADESH
District : WEST KAMENG",Senior Secondary Level,"Name : GOVT HR SEC SCHOOL
Head/Principal Name: Sang Rakpa","Address : KALAKTANG DT- WEST KAMENG ARUNACHAL PRADESH
Website : www.ghsskalaktang.in"
1149,"Aff. No. :2220039
Sch. Code:37047","State : ARUNACHAL PRADESH
District : WEST KAMENG",Senior Secondary Level,"Name : GOVT HR SEC SCHOOL
Head/Principal Name: GEMI ANGU","Address : RUPA VIA- BOMDILA DT - WEST KAMENG ARUNACHAL PRADESH
Website : www.ghssrupa.co.in"
1150,"Aff. No. :2220087
Sch. Code:37083","State : ARUNACHAL PRADESH
District : WEST KAMENG",Senior Secondary Level,"Name : GOVT. SEC SCHOOL
Head/Principal Name: TODE RINA","Address : THRIZINO DT- WEST KAMENG ARUNACHAL PRADESH
Website : www.ghssthrizino.com"
1151,"Aff. No. :2220080
Sch. Code:37074","State : ARUNACHAL PRADESH
District : WEST KAMENG",Secondary Level,"Name : GOVT SEC SCHOOL
Head/Principal Name: Jickmey Sangey Wangchu","Address : NAMSHU DIRANG DT- WEST KAMENG ARUNACHAL PRADESH
Website : www.namshu.gssarunachal.com"
1152,"Aff. No. :2220100
Sch. Code:37096","State : ARUNACHAL PRADESH
District : WEST KAMENG",Secondary Level,"Name : GOVT SEC SCHOOL
Head/Principal Name: GOBIND RAMDASOW","Address : BHALUKPONG DT- WEST KAMENG ARUNACHAL PRADESH
Website : www.gssbpg.in"
1153,"Aff. No. :2220124
Sch. Code:37121","State : ARUNACHAL PRADESH
District : WEST KAMENG",Senior Secondary Level,"Name : GOVT. HR. SEC. SCHOOL, SINGCHUNG
Head/Principal Name: Phuntso Tsering","Address : SINGCHUNG PO- TENGA VALLEY DT- WEST KAMENG ARUNACHAL PRADESH
Website : www.govtsecondaryschoolsingchung.org"
1154,"Aff. No. :2220117
Sch. Code:37116","State : ARUNACHAL PRADESH
District : WEST KAMENG",Secondary Level,"Name : GOVT SEC SCHOOL
Head/Principal Name: Dorjee Khandu Thungon","Address : SHERGAON VIA- BOMDILA DT - WEST KAMENG ARUNACHAL PRADESH
Website : www.gssshergaon.ac.in"
1155,"Aff. No. :2220148
Sch. Code:35045","State : ARUNACHAL PRADESH
District : WEST KAMENG",Secondary Level,"Name : SHANTI DEVA VIDYALAYA
Head/Principal Name: TASHI TSERING","Address : UPPAER GONPA BOMDILA, WEST KEMAENG DISTT. ARUNACHAL PRADESH
Website : www.shantidevavidyalaya.com"
1156,"Aff. No. :2230158
Sch. Code:35634","State : ARUNACHAL PRADESH
District : WEST KAMENG",Secondary Level,"Name : SIDDHARTHA WISDOM ENGLISH SCHOOL
Head/Principal Name: RAM GHISING","Address : RAMA CAMP, DIRANG, WEST KAMENG
Website : http://sidharthawisdom.com"
1157,"Aff. No. :2230153
Sch. Code:35571","State : ARUNACHAL PRADESH
District : WEST KAMENG",Secondary Level,"Name : NAVJYOTI ROYAL HERITAGE SCHOOL
Head/Principal Name: TASHI BURI","Address : P.O. BHALUKPONG, P.S. BHALUKPONG
Website : www.navjyotiroyalheritageschool.in"
1158,"Aff. No. :2240014
Sch. Code:39201","State : ARUNACHAL PRADESH
District : WEST KAMENG",Senior Secondary Level,"Name : PM SHRI SCHOOL JAWAHAR NAVODAYA VIDYALAYA
Head/Principal Name: Heera Kumar","Address : NAFRA, DISTT. WEST KEMENG, ARUNACHAL PRADESH
Website : www.navodaya.gov.in/nvs/nvs-school/WEST-KAMENG"
1159,"Aff. No. :2280001
Sch. Code:39139","State : ARUNACHAL PRADESH
District : WEST KAMENG",Secondary Level,"Name : ARMY PUBLIC SCHOOL
Head/Principal Name: Savita Mehta","Address : TENGA VALLEY WEST KAMENG DISTT ARUNACHAL PRADESH
Website : www.apstengavalley.org"
1160,"Aff. No. :2220359
Sch. Code:37692","State : ARUNACHAL PRADESH
District : WEST KAMENG",Secondary Level,"Name : NETAJI SUBHAS CHANDRA BOSE AVASIYA VIDYALAYA , DENGZI
Head/Principal Name: DAWA NORBU NAMSA","Address : VILLAGE- DENGZI, PO/PS- KALAKTANG, BLOCK KALAKTANG
Website : http://www.nscbavdengzi.in"
1161,"Aff. No. :2220354
Sch. Code:37649","State : ARUNACHAL PRADESH
District : WEST KAMENG",Secondary Level,"Name : GOVT. SECONDARY SCHOOL KAKALING
Head/Principal Name: DAWA TSERING KHOCHILU","Address : NEAR APST BUS STATION BOMDILA, KAKALING AREA
Website : http://www.gsskakaling.in"
1162,"Aff. No. :2230024
Sch. Code:35023","State : ARUNACHAL PRADESH
District : WEST KAMENG",Senior Secondary Level,"Name : VIVEKANAND KENDRA VIDYALAYA
Head/Principal Name: VIJAY KUMAR TEHARIYA","Address : WEST KAMENG DISTT ARUNACHAL PRADESH
Website : http://www.shergaon.vkv.in"
1163,"Aff. No. :2230045
Sch. Code:35043","State : ARUNACHAL PRADESH
District : WEST KAMENG",Secondary Level,"Name : ST. XAVIER SCHOOL
Head/Principal Name: MURIKIPUDI NAGESWARA RAO","Address : PALIZI, VIA SEPPA, WEST KAMENG
Website : www.stxavierspalizi.org"
1164,"Aff. No. :2230046
Sch. Code:35044","State : ARUNACHAL PRADESH
District : WEST KAMENG",Secondary Level,"Name : ROOPLAND PUBLIC SCHOOL
Head/Principal Name: BHAKTA KANTA MISHRA","Address : RUPA, WEST KAMENG DISTT. (A.P)
Website : www.rooplandschool.com"
1165,"Aff. No. :2230066
Sch. Code:35065","State : ARUNACHAL PRADESH
District : WEST KAMENG",Secondary Level,"Name : PINE WOOD SCHOOL
Head/Principal Name: MANTOI LUNGHU","Address : VILL-RUPA,PO/PS-RUPA,WEST KAMENG DISTRICT,ARUNACHAL PRADESH.PIN-790003
Website : http://pinewoodschoolrupa.com/"
1166,"Aff. No. :2230050
Sch. Code:35049","State : ARUNACHAL PRADESH
District : WEST KAMENG",Secondary Level,"Name : PINE DALE PUBLIC SCHOOL
Head/Principal Name: DIPIKA DAS TSERING","Address : KAKALING - BOMDILA P.O & P.S - BOMDILA WEST KAMENG DISTRICT ARUNACHAL PRADESH 790001
Website : www.pinedalepublicschool.com"
1167,"Aff. No. :2230052
Sch. Code:35051","State : ARUNACHAL PRADESH
District : WEST KAMENG",Secondary Level,"Name : ST.LOPON ENGLISH SCHOOL
Head/Principal Name: BUDHIMAN TAMANG","Address : VILL-DIRANG, PO/PS-DIRANG, DISTRICT-WEST KAMENG, A.P.
Website : www.stloponschool.org"
1168,"Aff. No. :2230085
Sch. Code:35087","State : ARUNACHAL PRADESH
District : WEST KAMENG",Secondary Level,"Name : RAMAKRISHNA SARADA MISSION
Head/Principal Name: Pravrajika Suteerthaprana","Address : RAMAKRISHNA SARADA MISSION GIRLS SCHOOL, KHASSO VILLAGE
Website : http://www.srisaradamath.org/dirang.php"
1169,"Aff. No. :2230061
Sch. Code:37186","State : ARUNACHAL PRADESH
District : TAWANG",Secondary Level,"Name : TAWANG PUBLIC SCHOOL
Head/Principal Name: HITENDRA TRIPATHI","Address : LEMBERDUNG P.O-TAWANG DIST-TAWANG(A.P) PIN-790104
Website :"
1170,"Aff. No. :2220353
Sch. Code:37647","State : ARUNACHAL PRADESH
District : TAWANG",Secondary Level,"Name : DHARMA MATI SCHOOL
Head/Principal Name: TADU NADO","Address : JANG, JANG
Website : www.Mon.Palpung.com"
1171,"Aff. No. :2220351
Sch. Code:37560","State : ARUNACHAL PRADESH
District : TAWANG",Secondary Level,"Name : MANJUSHREE VIDYAPITH SCHOOL
Head/Principal Name: AMAR GURUNG","Address : TAWANG, TAWANG
Website : www.mvtawang.org"
1172,"Aff. No. :2220190
Sch. Code:39186","State : ARUNACHAL PRADESH
District : TAWANG",Secondary Level,"Name : EKLAVYA MODEL RESIDENITAL SCHOOL
Head/Principal Name: Vibha Joshi","Address : LUMLA, P.O LUMLA-790106, TAWANG, ARUNACHAL PREDESH
Website : www.emrslumla.edu.in"
1173,"Aff. No. :2220367
Sch. Code:37735","State : ARUNACHAL PRADESH
District : TAWANG",Secondary Level,"Name : KASTURBA GANDHI BALIKA VIDYALAYA
Head/Principal Name: DECHEN TSOMU KHARM","Address : KANGTENG, TAWANG, ARUNACHAL PRADESH
Website : https://kgbv-tdyws.com/"
1174,"Aff. No. :2220169
Sch. Code:37163","State : ARUNACHAL PRADESH
District : TAWANG",Secondary Level,"Name : GOVT. TOWN SEC. SCHOOL
Head/Principal Name: Tsering Yangjom","Address : TAWANG ARUNACHAL PRADESH
Website : https://tawangtown.gssarunachal.com"
1175,"Aff. No. :2220178
Sch. Code:37170","State : ARUNACHAL PRADESH
District : TAWANG",Secondary Level,"Name : GOVT SECONDARY SCHOOL
Head/Principal Name: CHORTEN NORBU","Address : MUKTO, DISTT. TAWANG, ARUNACHAL PRADESH
Website : www.gssmukto.com"
1176,"Aff. No. :2220156
Sch. Code:37150","State : ARUNACHAL PRADESH
District : TAWANG",Secondary Level,"Name : GOVERNMENT SECONDARY SCHOOL
Head/Principal Name: SANGEY WANGCHU","Address : KITPI, DISTT. TAWANG, ARUNACHAL PRADESH
Website : www.gsskitpi.in"
1177,"Aff. No. :2220167
Sch. Code:37161","State : ARUNACHAL PRADESH
District : TAWANG",Secondary Level,"Name : GOVT. SEC. SCHOOL
Head/Principal Name: RINCHIN TSERING","Address : SERU, P.O./DISTT. TAWANG, ARUNACHAL PRADESH
Website : www.seru.gssarunachal.com"
1178,"Aff. No. :2240006
Sch. Code:39194","State : ARUNACHAL PRADESH
District : TAWANG",Senior Secondary Level,"Name : JAWAHAR NAVODAYA VIDYALAYA
Head/Principal Name: M L MEENA","Address : TAWANG PO- TAWANG DT- TAWANG ARUNACHAL PRADESH
Website :"
1179,"Aff. No. :2220118
Sch. Code:37118","State : ARUNACHAL PRADESH
District : TAWANG",Secondary Level,"Name : GOVT SEC SCHOOL
Head/Principal Name: TASHI WANGCHU","Address : BOMBA AT & PO- LENBARDUNG DT- TAWANG ARUNACHAL PRADESH
Website : https://bomba.gssarunachal.com"
1180,"Aff. No. :2220112
Sch. Code:37115","State : ARUNACHAL PRADESH
District : TAWANG",Senior Secondary Level,"Name : GOVT SEC SCHOOL
Head/Principal Name: NORBU TASHI","Address : JANG DT- TAWANG ARUNACHAL PRADESH
Website : www.ghss-jang.com"
1181,"Aff. No. :2220053
Sch. Code:37032","State : ARUNACHAL PRADESH
District : TAWANG",Senior Secondary Level,"Name : GOVT SR SEC SCHOOL
Head/Principal Name: lobsang samdup","Address : LUMLA DT- TAWANG ARUNACHAL PRADESH
Website : www.ghsslumla.in"
1182,"Aff. No. :2220067
Sch. Code:37061","State : ARUNACHAL PRADESH
District : TAWANG",Secondary Level,"Name : GOVT SEC SCHOOL
Head/Principal Name: KESANG JAMBA","Address : LHOU DT- TAWANG ARUNACHAL PRADESH
Website : www.gsslhou.com"
1183,"Aff. No. :2220015
Sch. Code:37049","State : ARUNACHAL PRADESH
District : TAWANG",Senior Secondary Level,"Name : GOVT HR SEC SCHOOL
Head/Principal Name: ASENG MODI","Address : TAWANG DT- TAWANG ARUNACHAL PRADESH
Website : www.ghsstawang.com"
1184,"Aff. No. :2200009
Sch. Code:39213","State : ARUNACHAL PRADESH
District : TAWANG",Senior Secondary Level,"Name : PM SHRI KENDRIYA VIDYALAYA TAWANG
Head/Principal Name: Pankaj Kumar","Address : TAWANG ARUNACHAL PRADESH
Website : www.tawang.kvs.ac.in"
1185,"Aff. No. :2220020
Sch. Code:37003","State : ARUNACHAL PRADESH
District : EAST KAMENG",Senior Secondary Level,"Name : GOVT HR SEC SCHOOL
Head/Principal Name: Jorjo Sono Yangfo","Address : SEPPA DT- EAST KAMENG ARUNACHAL PRADESH
Website : https://seppa.ghssarunachal.com"
1186,"Aff. No. :2220059
Sch. Code:37059","State : ARUNACHAL PRADESH
District : EAST KAMENG",Senior Secondary Level,"Name : GOVT HR SEC SCHOOL
Head/Principal Name: BILI GADI","Address : SEIJOSA DT- EAST KAMENG ARUNACHAL PRADESH
Website : www.ghssseijosa.com"
1187,"Aff. No. :2220149
Sch. Code:37144","State : ARUNACHAL PRADESH
District : EAST KAMENG",Secondary Level,"Name : GOVERNMENT SECONDARY SCHOOL
Head/Principal Name: MASHI LONGDO","Address : LUMDUNG, EAST KAMENG DISTT. SEPPA, ARUNACHAL PRADESH
Website : https://www.gsslumdung.in"
1188,"Aff. No. :2220098
Sch. Code:37093","State : ARUNACHAL PRADESH
District : EAST KAMENG",Senior Secondary Level,"Name : GOVT SEC SHOOL
Head/Principal Name: Niglar bagang","Address : CYANGTAJO VIA- SEPPA DT - EAST KAMENG ARUNACHAL PRADESH
Website : www.ghsschayangtajo.in"
1189,"Aff. No. :2220107
Sch. Code:37107","State : ARUNACHAL PRADESH
District : EAST KAMENG",Senior Secondary Level,"Name : GOVT SEC SCHOOL
Head/Principal Name: MAPU TAIPODIA PERME","Address : PAKKE KESSANG DT- EAST KAMENG ARUNACHAL PRADESH
Website : www.ghsspk.in"
1190,"Aff. No. :2220108
Sch. Code:37109","State : ARUNACHAL PRADESH
District : EAST KAMENG",Senior Secondary Level,"Name : GOVT HIGHER SEC SCHOOL
Head/Principal Name: Sopung Longda","Address : FENGCHE PAMPOLI DT- EAST KAMENG ARUNACHAL PRADESH
Website : https://ghsspampoli.org/"
1191,"Aff. No. :2220072
Sch. Code:37072","State : ARUNACHAL PRADESH
District : EAST KAMENG",Secondary Level,"Name : GOVT SEC SCHOOL
Head/Principal Name: KOJOM TARA","Address : BAMENG VIA- SEPPA DT - EAST KAMENG ARUNACHAL PRADESH
Website : www.gssbameng.co.in"
1192,"Aff. No. :2240002
Sch. Code:39191","State : ARUNACHAL PRADESH
District : EAST KAMENG",Senior Secondary Level,"Name : JAWAHAR NAVODAYA VIDYALAYA
Head/Principal Name: RAHAMANUDDIN MD MOINAM","Address : SEPPA DT- EAST KAMENG ARUNACHAL PRADESH
Website : www.eastkameng.jawaharnavodaya.in"
1193,"Aff. No. :2230161
Sch. Code:35650","State : ARUNACHAL PRADESH
District : EAST KAMENG",Secondary Level,"Name : RAMAKRISHNA MISSION VIDYAPEETH LUMDUNG
Head/Principal Name: Swami Surarihananda","Address : RAMAKRISHNA MISSION ROAD, VILLAGE - LUMDUNG, P.O. SEPPA
Website : https://www.rkmvlumdung.org/"
1194,"Aff. No. :2230162
Sch. Code:35660","State : ARUNACHAL PRADESH
District : EAST KAMENG",Secondary Level,"Name : KAMENG PRESIDIUM SCHOOL
Head/Principal Name: SAIJU THANKACHAN","Address : WESSANG, NEW SEPPA, EAST KAMENG DISTRICT, ARUNACHAL PRADESH
Website : https://kamengpresidiumschool.in/"
1195,"Aff. No. :2230096
Sch. Code:35430","State : ARUNACHAL PRADESH
District : EAST KAMENG",Senior Secondary Level,"Name : DAII APUNG PUBLIC SCHOOL SEPPA
Head/Principal Name: LAIPHRAKPAM SOMORANJIT MEITEI","Address : BEBO COLONY, SEPPA, EAST KAMENG DISTT, (AR.P)
Website : www.daiiapungpublicschool.com"
1196,"Aff. No. :2220162
Sch. Code:37156","State : ARUNACHAL PRADESH
District : EAST KAMENG",Secondary Level,"Name : GOVT. SECONDARY SCHOOL
Head/Principal Name: LOKI CHIRI","Address : DARLONG, DISTT. EAST KEMENG, ARUNACHAL PRADESH
Website : www.gssdarlong.in"
1197,"Aff. No. :2220135
Sch. Code:37130","State : ARUNACHAL PRADESH
District : EAST KAMENG",Senior Secondary Level,"Name : GOVT SECONDARY SCHOOL
Head/Principal Name: CHAU ENSENG SINGKAI","Address : PO- SEPPA DT- EAST KAMENG ARUNACHAL PRADESH
Website : ghssbazarlineseppa@gmail.com"
1198,"Aff. No. :2220154
Sch. Code:37147","State : ARUNACHAL PRADESH
District : EAST KAMENG",Secondary Level,"Name : GOVERNMENT SECONDARY SCHOOL
Head/Principal Name: ATOM JOMOH","Address : PAKOTI, EAST KAMENG DISTT. PO & SEPPA, CIRCLE SEPPA, ARUNACHAL PRADESH
Website : headmastergsspakoti@gmail.com"
1199,"Aff. No. :2220151
Sch. Code:37143","State : ARUNACHAL PRADESH
District : EAST KAMENG",Secondary Level,"Name : GOVERNMENT SECONDARY SCHOOL
Head/Principal Name: GANESH KINO","Address : BANA, P.O. SEPPA, EAST KAMENG DISTT., CIRCLE: RICHUKHRANG, ARUNACHAL PRADESH
Website : 37143@cbseshiksha.in"
1200,"Aff. No. :2220176
Sch. Code:37167","State : ARUNACHAL PRADESH
District : EAST KAMENG",Secondary Level,"Name : GOVERNMENT SECONDARY SCHOOL
Head/Principal Name: RANA DADA","Address : NEW SEPPA, PO SEPPA, EAST KAMENG DIST. ARUNACHAL PRADESH
Website : www.dseap.info"
1201,"Aff. No. :2220360
Sch. Code:37697","State : ARUNACHAL PRADESH
District : EAST KAMENG",Secondary Level,"Name : EKLAVYA MODEL RESIDENTIAL SCHOOL, BANA
Head/Principal Name: AMBUJ KUMAR THAKUR","Address : NEW SOPUNG, BANA CAMP, SEPPA BLOCK, EAST KAMENG
Website : www.vkvapt.org"
1202,"Aff. No. :2230044
Sch. Code:35042","State : ARUNACHAL PRADESH
District : EAST KAMENG",Secondary Level,"Name : ST. JOSEPH'S SCHOOL
Head/Principal Name: MARTHIN MUNDA","Address : SEPPA
Website : www.stjosephschoolseppa.edu.in"
1203,"Aff. No. :2230025
Sch. Code:35024","State : ARUNACHAL PRADESH
District : EAST KAMENG",Secondary Level,"Name : VIVEKANAND KENDRA VIDYALAYA
Head/Principal Name: R MURUGAN","Address : SEIJOSA EAST KAMENG DISTT ARUNACHAL PRADESH
Website : http://www.seijosa.vkv.in"
1204,"Aff. No. :2230031
Sch. Code:35028","State : ARUNACHAL PRADESH
District : UPPER SUBANSIRI",Secondary Level,"Name : VIVEKANANDA KENDRA VIDYALAYA
Head/Principal Name: Tripur Mardan Pratap Chaubey","Address : KUPORIJI VIA DAPORIJO UPPER SUBANSIRI ARUNACHAL PRADESH
Website : www.kuporijo.vkv.in"
1205,"Aff. No. :2230059
Sch. Code:35058","State : ARUNACHAL PRADESH
District : UPPER SUBANSIRI",Secondary Level,"Name : SI-DONYI PUBLIC SCHOOL
Head/Principal Name: Moirangthem Sandeep Kumar","Address : P.O. DAPORIJO, TRANSPORT COLONY
Website : www.sidonyipublicschool.com"
1206,"Aff. No. :2230086
Sch. Code:35085","State : ARUNACHAL PRADESH
District : UPPER SUBANSIRI",Secondary Level,"Name : VIVEKANANDA PUBLIC SCHOOL
Head/Principal Name: Dr. RAJU SAIKIA","Address : DAPORIJO
Website : www.vivekanandapublicschool.com"
1207,"Aff. No. :2220197
Sch. Code:37444","State : ARUNACHAL PRADESH
District : UPPER SUBANSIRI",Secondary Level,"Name : GOVERNMENT SECONDARY SHCOOL,NACHO
Head/Principal Name: CHARONG NACHO","Address : GOVERNMENT SECONDARY SCHOOL NACHO P/O,P/S NACHO 791122 UPPER SUBANSIRI
Website : www.nachogovtschool.com"
1208,"Aff. No. :2240001
Sch. Code:39189","State : ARUNACHAL PRADESH
District : UPPER SUBANSIRI",Senior Secondary Level,"Name : JAWAHAR NAVODAYA VIDYALAYA
Head/Principal Name: MAHENDRA SINGH RAHAD","Address : LEPAJARING PO- DAPORIJO DT- UPPER SUBANSIRI ARUNACHAL PRADESH
Website : https://www.navodaya.gov.in/nvs/nvs-school/UPPER-S"
1209,"Aff. No. :2220079
Sch. Code:37076","State : ARUNACHAL PRADESH
District : UPPER SUBANSIRI",Senior Secondary Level,"Name : GOVT SEC SCHOOL
Head/Principal Name: MAGO NIJI","Address : LIGU PO- DAPORIJO DT- UPPER SUBANSIRI ARUNACHAL PRADESH
Website : www.ligughss.in"
1210,"Aff. No. :2220082
Sch. Code:37068","State : ARUNACHAL PRADESH
District : UPPER SUBANSIRI",Secondary Level,"Name : GOVT SEC SCHOOL
Head/Principal Name: Madin Paksok","Address : MARO DAPORIJO DT- UPPER SUBANSIRI ARUNACHAL PRADESH
Website : www.ghssmaro.in"
1211,"Aff. No. :2220111
Sch. Code:37090","State : ARUNACHAL PRADESH
District : UPPER SUBANSIRI",Senior Secondary Level,"Name : GOVT HR SEC SCHOOL
Head/Principal Name: ARUN MURTEM","Address : DUMPORIJO DT- UPPER SUBANSIRI ARUNACHAL PRADESH
Website : www.ghssdumporijo.in"
1212,"Aff. No. :2220104
Sch. Code:37105","State : ARUNACHAL PRADESH
District : UPPER SUBANSIRI",Secondary Level,"Name : GOVT SEC SCHOOL
Head/Principal Name: ALBERT MRA","Address : TALIHA B P O TALIHA DT- UPPER SUBANSIRI ARUNACHAL PRADESH
Website :"
1213,"Aff. No. :2220092
Sch. Code:37089","State : ARUNACHAL PRADESH
District : UPPER SUBANSIRI",Senior Secondary Level,"Name : GOVT. HR SEC SCHOOL
Head/Principal Name: TAMA KODAK","Address : KODAK TALIHA DT- UPPER SUBANSIRI ARUNACHAL PRADESH
Website : www.kodak.ghssarunachal.com"
1214,"Aff. No. :2220137
Sch. Code:37132","State : ARUNACHAL PRADESH
District : UPPER SUBANSIRI",Secondary Level,"Name : GOVT SEC SCHOOL
Head/Principal Name: POJAM MOTHU","Address : SOPPI UPPER DAPARIJA PO UPPER SUBAWIRI DISTT ARUNACHAL PRADESH
Website : https://gsssippi.in/"
1215,"Aff. No. :2220071
Sch. Code:37071","State : ARUNACHAL PRADESH
District : UPPER SUBANSIRI",Secondary Level,"Name : GOVT SEC SCHOOL
Head/Principal Name: Tisi Muri","Address : MURI MUGLI DT- UPPER SUBANSIRI ARUNACHAL PRADESH
Website :"
1216,"Aff. No. :2220013
Sch. Code:37043","State : ARUNACHAL PRADESH
District : UPPER SUBANSIRI",Senior Secondary Level,"Name : GOVT HR SEC SCHOOL
Head/Principal Name: NOYE KURDU","Address : DAPORIJO DT- UPPER SUBANSIRI ARUNACHAL PRADESH
Website : www.ghssdrj.com"
1217,"Aff. No. :2200100
Sch. Code:39707","State : ARUNACHAL PRADESH
District : UPPER SUBANSIRI",Secondary Level,"Name : KENDRIYA VIDYALAYA DAPORIJO
Head/Principal Name: SUHANA PARVIN","Address : NEAR GOVT HIGHER SECONDARY SCHOOL, DAPORIJO
Website : https://daporijo.kvs.ac.in/"
1218,"Aff. No. :2200016
Sch. Code:39614","State : ARUNACHAL PRADESH
District : LOWER SUBANSIRI",Secondary Level,"Name : KENDERIYA VIDYALAYA ZIRO
Head/Principal Name: KRISHAN KUMAR","Address : KV ZIRO MANIPOLYANG NEAR POWER GRID
Website : https://ziro.kvs.ac.in/"
1219,"Aff. No. :2220003
Sch. Code:37031","State : ARUNACHAL PRADESH
District : LOWER SUBANSIRI",Senior Secondary Level,"Name : DANI KUNIA GOVT. HIGHER SECONDARY SCHOOL, ZIRO
Head/Principal Name: RUBU CHATUNG","Address : ZIRO DT- LOWER SUBANSIRI ARUNACHAL PRADESH
Website : https://danikunia.ghssarunachal.com"
1220,"Aff. No. :2220023
Sch. Code:37027","State : ARUNACHAL PRADESH
District : LOWER SUBANSIRI",Senior Secondary Level,"Name : GOVT HR SEC SCHOOL
Head/Principal Name: Pani Taba","Address : NYAPIN VIA- ZIRO DT - LOWER SUBANSIRI ARUNACHAL PRADESH
Website : www.ghssnyapin.in"
1221,"Aff. No. :2220032
Sch. Code:37030","State : ARUNACHAL PRADESH
District : LOWER SUBANSIRI",Senior Secondary Level,"Name : GOVT HR SEC SCHOOL
Head/Principal Name: TABA NEPA","Address : YAZALI VIA- ZIRO DT- LOWER SUBANSIRI ARUNACHAL PRADESH
Website : www.dse.govt.hrsecschool"
1222,"Aff. No. :2220057
Sch. Code:37029","State : ARUNACHAL PRADESH
District : LOWER SUBANSIRI",Senior Secondary Level,"Name : GOVT SEC SCHOOL
Head/Principal Name: Tage Gambo","Address : BOA SIMLA VIA- ZIRO DT - LOWER SUBANSIRI ARUNACHAL PRADESH
Website : www.boasimlagss.com"
1223,"Aff. No. :2220040
Sch. Code:37021","State : ARUNACHAL PRADESH
District : LOWER SUBANSIRI",Senior Secondary Level,"Name : GOVT SR SEC SCHOOL
Head/Principal Name: BENGIA SERA","Address : KOLORIANG ZIRO DT- LOWER SUBANSIRI ARUNACHAL PRADESH
Website : www.koloriang.in"
1224,"Aff. No. :2220049
Sch. Code:37022","State : ARUNACHAL PRADESH
District : LOWER SUBANSIRI",Senior Secondary Level,"Name : BYABANG HERI GOVERNMENT HIGHER SECONDARY SCHOOL, PALIN
Head/Principal Name: HIGIO OYU","Address : PALIN VIA- ZIRO DT - LOWER SUBANSIRI ARUNACHAL PRADESH
Website : www.ghsspalin.wordpress.com"
1225,"Aff. No. :2220045
Sch. Code:37028","State : ARUNACHAL PRADESH
District : LOWER SUBANSIRI",Senior Secondary Level,"Name : GOVT HR SEC SCHOOL
Head/Principal Name: YABIANG ANKU PADI","Address : RAGA VIA- ZIRO DT - LOWER SUBANSIRI ARUNACHAL PRADESH
Website : https://raga.ghssarunachal.com/"
1226,"Aff. No. :2220051
Sch. Code:37026","State : ARUNACHAL PRADESH
District : LOWER SUBANSIRI",Senior Secondary Level,"Name : GOVT SEC SCHOOL
Head/Principal Name: TAGE GAMBO","Address : HIJA PO- ZIRO DT- LOWER SUBANSIRI ARUNACHAL PRADESH
Website : www.ghsshija.com"
1227,"Aff. No. :2220125
Sch. Code:37123","State : ARUNACHAL PRADESH
District : LOWER SUBANSIRI",Senior Secondary Level,"Name : GOVT SEC SCHOOL
Head/Principal Name: Tagang Hina","Address : JORAM DT- LOWER SUBANSIRI ARUNACHAL PRADESH
Website : https://education.arunahal.gov.in"
1228,"Aff. No. :2220128
Sch. Code:37125","State : ARUNACHAL PRADESH
District : LOWER SUBANSIRI",Senior Secondary Level,"Name : GOVT HIGHER SEC SCHOOL
Head/Principal Name: TAI KAHA","Address : SANGRAM PO- SANGRAM DT- LOWER SUBANSIRI ARUNACHAL PRADESH
Website : www.ghsssangram.com"
1229,"Aff. No. :2220129
Sch. Code:37127","State : ARUNACHAL PRADESH
District : LOWER SUBANSIRI",Secondary Level,"Name : GOVT. SEC SCHOOL
Head/Principal Name: DAI TALOM","Address : TALI PO- TALI DT - LOWER SUBANSIRI ARUNACHAL PRADESH
Website : www.gsstali.com"
1230,"Aff. No. :2220130
Sch. Code:37128","State : ARUNACHAL PRADESH
District : LOWER SUBANSIRI",Secondary Level,"Name : GOVT. SEC SCHOOL
Head/Principal Name: NITIN GODAK","Address : GODAK PO- GODAK DT- LOWER SUBANSIRI ARUNACHAL PRADESH
Website :"
1231,"Aff. No. :2220131
Sch. Code:37126","State : ARUNACHAL PRADESH
District : LOWER SUBANSIRI",Secondary Level,"Name : NGILYANG GRAYU GOVT.SECONDARY SCHOOL TAJANG
Head/Principal Name: RUBU BUKER","Address : TAJANG VIA- ZIRO DT - LOWER SUBANSIRI ARUNACHAL PRADESH
Website : www.tajang.gssarunachal.com"
1232,"Aff. No. :2220084
Sch. Code:39082","State : ARUNACHAL PRADESH
District : LOWER SUBANSIRI",Secondary Level,"Name : MIHIN BAGANG GOVT. SECONDARY SCHOOL, HAPOLI
Head/Principal Name: LIAGI TAPA","Address : HAPOLI ZIRO DT- LOWER SUBANSIRI ARUNACHAL PRADESH
Website :"
1233,"Aff. No. :2220085
Sch. Code:37082","State : ARUNACHAL PRADESH
District : LOWER SUBANSIRI",Senior Secondary Level,"Name : GOVT. SEC. SCHOOL
Head/Principal Name: TOKO TUBI","Address : TALO DT- LOWER SUBANSIRI ARUNACHAL PRADESH
Website : http://www.ghsstalo.wordpress.com"
1234,"Aff. No. :2240007
Sch. Code:39195","State : ARUNACHAL PRADESH
District : LOWER SUBANSIRI",Senior Secondary Level,"Name : JAWAHAR NAVODAYA VIDYALAYA
Head/Principal Name: SURINDER SINGH","Address : YACHULI DT- LOWER SUBANSIRI ARUNACHAL PRADESH
Website : https://navodaya.gov.in/nvs/nvs-school/LOWER-SUBAN"
1235,"Aff. No. :2230084
Sch. Code:35086","State : ARUNACHAL PRADESH
District : LOWER SUBANSIRI",Secondary Level,"Name : LOVE DALE RESIDENTIAL SCHOOL
Head/Principal Name: SUNNY KURIAKOSE","Address : PB NO 28, HAPOLI PO, ZIRO, LOWER SUBANSIRI DIST, ARUNACHAL PRADESH
Website : www.lovedaleschoolziro.com"
1236,"Aff. No. :2230103
Sch. Code:35527","State : ARUNACHAL PRADESH
District : LOWER SUBANSIRI",Secondary Level,"Name : BUMER MEMORIAL SCHOOL
Head/Principal Name: Hariom Shukla","Address : KEILYA, OLD ZIRO
Website : https://www.bumermemorialschool.com"
1237,"Aff. No. :2220355
Sch. Code:37651","State : ARUNACHAL PRADESH
District : LOWER SUBANSIRI",Secondary Level,"Name : GOVERNMENT SECONDARY SCHOOL YACHULI
Head/Principal Name: J K ABBO","Address : PS - YACHULI, BLOCK - ZIRO-II
Website : www.gssyachuli.in"
1238,"Aff. No. :2220183
Sch. Code:37175","State : ARUNACHAL PRADESH
District : LOWER SUBANSIRI",Secondary Level,"Name : GOVT. SEC. SCHOOL
Head/Principal Name: PANIA HANKER","Address : DOLLUNGMUKH, DISTT. LOWER SUBANSIRI, ARUNACHAL PRADESH
Website : www.Secschooldollungmukh.co.in"
1239,"Aff. No. :2220153
Sch. Code:37149","State : ARUNACHAL PRADESH
District : LOWER SUBANSIRI",Secondary Level,"Name : GOVERNMENT SECONDARY SCHOOL
Head/Principal Name: CHERA TAJAM","Address : PITAPOOL, POPS YAZALI, LOWER SUBANSIRI DISTT., ARUNACHAL PRADESH
Website : http://gssp.unaux.com"
1240,"Aff. No. :2230081
Sch. Code:35079","State : ARUNACHAL PRADESH
District : LOWER SUBANSIRI",Secondary Level,"Name : BLUE PINE RESIDENTIAL ENGLISH SCHOOL
Head/Principal Name: URUMEESE M P","Address : HAPOLI P B NO.7 PO, ZIRO, LOWER SUBANSIRI DT., ARUNACHAL PRADESH.
Website : www.bpresap.net"
1241,"Aff. No. :2230076
Sch. Code:35075","State : ARUNACHAL PRADESH
District : LOWER SUBANSIRI",Secondary Level,"Name : ZIRO VALLEY SCHOOL
Head/Principal Name: Mithun Jose Mathoor","Address : VILLAGE LEMPIA PO/PS ZIRO
Website : www.zirovalleyschool-ap.org"
1242,"Aff. No. :2230053
Sch. Code:35052","State : ARUNACHAL PRADESH
District : LOWER SUBANSIRI",Secondary Level,"Name : PADI LAILANG MEMORIAL SCHOOL
Head/Principal Name: Tage Opo Marpu","Address : AT- ZIRO, POST- ZIRO, DIST- LOWER SUBANSIRI
Website : www.plmsziro.org"
1243,"Aff. No. :2230055
Sch. Code:35054","State : ARUNACHAL PRADESH
District : LOWER SUBANSIRI",Secondary Level,"Name : ANE MORIAM SCHOOL
Head/Principal Name: ATHUL JOSE","Address : SANGRAM, KURUNG KUMEY, DISTT LOWER SUBANSIRI, ARUNACHAL PRADESH
Website : www.anemoriamschool.in"
1244,"Aff. No. :2230036
Sch. Code:35034","State : ARUNACHAL PRADESH
District : LOWER SUBANSIRI",Senior Secondary Level,"Name : FRONTIER SCHOOL
Head/Principal Name: DILIP KUMAR","Address : ZIRO DISTT LOWER SUBANSIRI ARUNACHAL PRADESH
Website : www.frontierschool.in"
1245,"Aff. No. :2230040
Sch. Code:35038","State : ARUNACHAL PRADESH
District : LOWER SUBANSIRI",Secondary Level,"Name : ST JOHN BOSCO SCHOOL
Head/Principal Name: VARGHESE","Address : YACHULI LOWER SUBANSIRI DISTT ARUNACHAL PRADESH
Website : https://stjohnboscoschoolyachuli.com/"
1246,"Aff. No. :2230042
Sch. Code:35040","State : ARUNACHAL PRADESH
District : LOWER SUBANSIRI",Secondary Level,"Name : VIVEKANANDA KENDRA VIDYALAYA
Head/Principal Name: SURESH KUMAR BEHERA","Address : ZIRO NEAR HAPOLI LOWER SUBANSIRI DISTT ARUNCHAL PRADESH
Website : www.vkvziro.in"
1247,"Aff. No. :2230043
Sch. Code:35041","State : ARUNACHAL PRADESH
District : LOWER SUBANSIRI",Senior Secondary Level,"Name : NIME ASHRAM SCHOOL
Head/Principal Name: ARUP BORAH","Address : P O OLD ZIRO DISTT LOWER SUBANSIRI ZIRO ARUNACHAL PRADESH
Website : www.nimeashram.com"
1248,"Aff. No. :2230012
Sch. Code:35009","State : ARUNACHAL PRADESH
District : LOWER SUBANSIRI",Senior Secondary Level,"Name : VIVEKANANDA KENDRA VIDYALAYA
Head/Principal Name: PRASANTA PUZARI","Address : C/O NEEPCO LTD RHEP RANGANADI PROJECT DT- LOWER SUBANSIRI ARUNACHAL PRADESH
Website : http://www.kainatint.com"
1249,"Aff. No. :2230009
Sch. Code:35008","State : ARUNACHAL PRADESH
District : PAPUM PARE",Senior Secondary Level,"Name : BOUM KAKIR MISSION SCHOOL
Head/Principal Name: Ashoke Kumar Das","Address : MIDPHU PO- DOIMUKH DT- PAPUM PARE ARUNACHAL PRADESH
Website : www.bkmsmidpu.org"
1250,"Aff. No. :2230010
Sch. Code:35010","State : ARUNACHAL PRADESH
District : PAPUM PARE",Senior Secondary Level,"Name : GYAN GANGA VIDYAPEETH
Head/Principal Name: PURAN SINGH","Address : CHANDRA NAGAR ITA NAGAR ARUNACHAL PRADESH
Website :"
1251,"Aff. No. :2230011
Sch. Code:35011","State : ARUNACHAL PRADESH
District : PAPUM PARE",Secondary Level,"Name : DONYI POLO MISSION SCHOOL
Head/Principal Name: TOMAR NOMUK","Address : SAGALEE PO- SAGALEE DT- PAPUM PARE ARUNACHAL PRADESH
Website : www.donyipolomissionsagalee.com"
1252,"Aff. No. :2230014
Sch. Code:35012","State : ARUNACHAL PRADESH
District : PAPUM PARE",Secondary Level,"Name : ABOTANI VIDYA NIKETAN
Head/Principal Name: SARVESH KUMAR PATHAK","Address : PACHIM COLONY NAHARLAGUN ARUNACHAL PRADESH
Website : www.abotanividyaniketan.in"
1253,"Aff. No. :2230026
Sch. Code:35025","State : ARUNACHAL PRADESH
District : PAPUM PARE",Secondary Level,"Name : VIVEKANAND KENDRA VIDYALAYA
Head/Principal Name: PRAVIN BORUAH","Address : SHER VIA KIMIN DISTT PAPUMPARA ARUNACHAL PRADESH
Website : http://www.vkvapt.org"
1254,"Aff. No. :2230027
Sch. Code:35026","State : ARUNACHAL PRADESH
District : PAPUM PARE",Senior Secondary Level,"Name : GREEN MOUNT SCHOOL
Head/Principal Name: TOMAR NOMUK","Address : F SECTOR ITA NAGAR ARUNACHAL PRADESH
Website :"
1255,"Aff. No. :2230018
Sch. Code:35017","State : ARUNACHAL PRADESH
District : PAPUM PARE",Senior Secondary Level,"Name : KINGCUP PUBLIC SCHOOL
Head/Principal Name: ANIL HUSSAIN","Address : NITI VIHAR ROAD BANK TINALI ITANAGAR ARUNACHAL PRADESH
Website : www.kingcuppublicschool.com"
1256,"Aff. No. :2230020
Sch. Code:35020","State : ARUNACHAL PRADESH
District : PAPUM PARE",Secondary Level,"Name : OJU MISSION SCHOOL
Head/Principal Name: SHEEMA DOMAI CHAMUA","Address : PAPPU GIRI NAHARLAGUN ARUNACHAL PRADESH
Website : www.owa-oms.org"
1257,"Aff. No. :2230021
Sch. Code:35019","State : ARUNACHAL PRADESH
District : PAPUM PARE",Senior Secondary Level,"Name : VIVEKANANDA KENDRA VIDYALAYA
Head/Principal Name: A KRISHNAN","Address : P O BOX NO 136 POST ITANAGAR DISTRICT ARUNACHAL PRADESH
Website : https://www.vkvapt.org/hss-vkv-itanagar-home.html"
1258,"Aff. No. :2230030
Sch. Code:35029","State : ARUNACHAL PRADESH
District : PAPUM PARE",Secondary Level,"Name : INDIRA ACADEMY
Head/Principal Name: SHYAM SINGH","Address : A SECTOR HELIPAD ROAD NAHARLAGUN ARUNACHAL PRADESH
Website : https://indiraacademyschool.in/"
1259,"Aff. No. :2230047
Sch. Code:35046","State : ARUNACHAL PRADESH
District : PAPUM PARE",Senior Secondary Level,"Name : GOOD SHEPHERD PUBLIC SCHOOL
Head/Principal Name: YENDREMBAM OJIT SINGH","Address : PAPUHAPPA P.O . NAHARLAGUN ITANAGAR ARUNACHAL PRADESH PIN.791110
Website : www.gspsarunachal.org"
1260,"Aff. No. :2230048
Sch. Code:37185","State : ARUNACHAL PRADESH
District : PAPUM PARE",Secondary Level,"Name : J.N.K.PUBLIC SCHOOL
Head/Principal Name: shijoy kurian","Address : E,SECTOR,ITANAGAR,ARUNACHALPRADESH
Website : www.jnkpublicschool.com"
1261,"Aff. No. :2230049
Sch. Code:35048","State : ARUNACHAL PRADESH
District : PAPUM PARE",Senior Secondary Level,"Name : VIVEKANAND KENDRA VIDYALAYA
Head/Principal Name: K JAISANKAR","Address : NIRJULI, PAPEMPARE DESTT,
Website : http://www.nirjuli.vkv.in"
1262,"Aff. No. :2230041
Sch. Code:35039","State : ARUNACHAL PRADESH
District : PAPUM PARE",Senior Secondary Level,"Name : ROYAL INTERNATIONAL SCHOOL
Head/Principal Name: Ajay Kumar Palit","Address : POST BOX 258 NAHARLAGUN DISTT PAPUM PARE AURANCHAL PRADESH
Website : www.royalinternationalnaharlagunsch.in"
1263,"Aff. No. :2230039
Sch. Code:35037","State : ARUNACHAL PRADESH
District : PAPUM PARE",Secondary Level,"Name : VIVEKANANDA KENDRA VIDYALAYA
Head/Principal Name: ASHIS CHATTERJEE","Address : BANDERDEWS PAPUMPARE DISTT ARUNACHAL PRADESH
Website :"
1264,"Aff. No. :2230037
Sch. Code:35035","State : ARUNACHAL PRADESH
District : PAPUM PARE",Senior Secondary Level,"Name : DON BOSCO SCHOOL
Head/Principal Name: FRANK KASHUNGNAO","Address : POST BOX NO 153 ITANAGAR ARUNACHAL PRADESH
Website : www.donboscoschoolitanagar.edu.in"
1265,"Aff. No. :2230056
Sch. Code:35055","State : ARUNACHAL PRADESH
District : PAPUM PARE",Senior Secondary Level,"Name : HOLY CROSS SCHOOL
Head/Principal Name: Siji Michael","Address : ""P"" SECTOR, P.O. 210 NYOKUM LAPANG, PAPUM PARE ( DT) ITANAGAR 791111
Website : www.holycrossita.in"
1266,"Aff. No. :2230057
Sch. Code:35056","State : ARUNACHAL PRADESH
District : PAPUM PARE",Senior Secondary Level,"Name : GARDEN DEW SCHOOL
Head/Principal Name: Pyari George","Address : PO/PS-ITANAGAR
Website : www.gardendewschoolita.in"
1267,"Aff. No. :2230051
Sch. Code:35050","State : ARUNACHAL PRADESH
District : PAPUM PARE",Senior Secondary Level,"Name : DELHI PUBLIC SCHOOL,
Head/Principal Name: PRANKRISHNA SUTRADHAR","Address : P.B. 135 JULLY ROAD. PAPUMPARE DISTRICT, ITANAGAR - 791111. ARUNACHAL PARADESH
Website : www.dpsitanagar.com"
1268,"Aff. No. :2230065
Sch. Code:35064","State : ARUNACHAL PRADESH
District : PAPUM PARE",Secondary Level,"Name : ST. FRANCIS D' ASSISI SCHOOL
Head/Principal Name: JOSHPIN ARULAYEE","Address : P.O. KARSINGSA, VIA-BANDERDEWA, DT. PAPUMPARA, PIN-791123
Website : www.sfskarsingsa.in"
1269,"Aff. No. :2230079
Sch. Code:35078","State : ARUNACHAL PRADESH
District : PAPUM PARE",Senior Secondary Level,"Name : MODEL ENGLISH SCHOOL
Head/Principal Name: MARTHA THAPA","Address : G EXTENSION, ITANAGAR
Website : http://modelenglishschoolitanagar.in/"
1270,"Aff. No. :2230068
Sch. Code:35067","State : ARUNACHAL PRADESH
District : PAPUM PARE",Secondary Level,"Name : EXALT FOUNDATION SCHOOL
Head/Principal Name: Ashok Kumar Chetry","Address : HILL TOP, ESS-SECTOR, NEAR DIDI HOUSE, DOORDARSHAN COLONY, ITANAGAR
Website :"
1271,"Aff. No. :2230070
Sch. Code:35069","State : ARUNACHAL PRADESH
District : PAPUM PARE",Secondary Level,"Name : ST THOMAS SCHOOL
Head/Principal Name: Easho M Cheriyan","Address : PB NO 255 NAHARLAGUN
Website : www.stthomasarunachal.com"
1272,"Aff. No. :2230083
Sch. Code:35081","State : ARUNACHAL PRADESH
District : PAPUM PARE",Senior Secondary Level,"Name : LEKHI PUBLIC SCHOOL
Head/Principal Name: TARH TUNGA","Address : LEKHI VILLAGE
Website : www.lekhipublicschool.in"
1273,"Aff. No. :2230087
Sch. Code:35082","State : ARUNACHAL PRADESH
District : PAPUM PARE",Senior Secondary Level,"Name : GLOBAL ACADEMY
Head/Principal Name: ANITA SHANGRILA KATY","Address : NEAR VETERINARY HOSPITAL, PREM NAGAR,
Website : www.globalacademyap.com"
1274,"Aff. No. :2230088
Sch. Code:35084","State : ARUNACHAL PRADESH
District : PAPUM PARE",Senior Secondary Level,"Name : BUNNYS FANTASY WORLD SCHOOL
Head/Principal Name: VINAY KUMAR","Address : J. N. STATE MUSEUM ROAD
Website : www.bfwschool.com"
1275,"Aff. No. :2230089
Sch. Code:35083","State : ARUNACHAL PRADESH
District : PAPUM PARE",Secondary Level,"Name : CALVARY ENGLISH SCHOOL, MOINHAPPA
Head/Principal Name: NICH YANIA","Address : CES MOINHAPPA
Website : www.cesmoinhappa.in"
1276,"Aff. No. :2230090
Sch. Code:35088","State : ARUNACHAL PRADESH
District : PAPUM PARE",Secondary Level,"Name : VIVEKANANDA CENTRAL SCHOOL
Head/Principal Name: RAJAMOHANAN M P","Address : VIVEK VIHAR, CAPITAL COMPLEX, DIST- PAPUMPARE, PS-ITANAGAR, ARUNCHAL PRADESH-7911135
Website : www.vivekanandacentralschool.co.in"
1277,"Aff. No. :2220157
Sch. Code:37151","State : ARUNACHAL PRADESH
District : PAPUM PARE",Secondary Level,"Name : GOVERNMENT SECONDARY SCHOOL
Head/Principal Name: DUSU NOBIN","Address : MENGIO P.O., DISTT PAPUMPARA, CIRCLE MENGIO, ARUNACHAL PRADESH
Website : www.gssmengio.wixsite.com/papumpare"
1278,"Aff. No. :2220163
Sch. Code:37157","State : ARUNACHAL PRADESH
District : PAPUM PARE",Senior Secondary Level,"Name : GOVT. SEC. SCHOOL
Head/Principal Name: GYAMAR SHI","Address : NIRJULI, PO/PS NIRJULI, DISTT. PAPUM PARE, ARUNACHAL PRADESH
Website : www.gssnirjuli.in"
1279,"Aff. No. :2220160
Sch. Code:37154","State : ARUNACHAL PRADESH
District : PAPUM PARE",Senior Secondary Level,"Name : GOVT. SEC. SCHOOL, GANGA P.O
Head/Principal Name: KIOYUM YUMJUR DUPIT","Address : RK MISSION, ITANAGAGAR DIST. PAPUMPARE, ARUNACHAL PRADESH
Website : www.gangahrsecschool.com"
1280,"Aff. No. :2220175
Sch. Code:37172","State : ARUNACHAL PRADESH
District : PAPUM PARE",Secondary Level,"Name : GOVE SEC SCHOOL
Head/Principal Name: NANG EKTHANI MOUNGLANG","Address : PACHIN, PO/PS NAHARLAGUN, DIST PAPUMPARE, NAHARLAGU, ARUNACHAL PRADESH
Website : www.gsspachincolony"
1281,"Aff. No. :2220194
Sch. Code:37441","State : ARUNACHAL PRADESH
District : PAPUM PARE",Senior Secondary Level,"Name : GOVT. SECONDARY SCHOOL, BANDERDEWA
Head/Principal Name: BOMNGA GAMLIN","Address : C/O PRINCIPAL GOVT. SECONDARY SCHOOL, BANDERDEWA, DIST- PAPUMPARE
Website : https://banderdewa.ghssarunachal.com"
1282,"Aff. No. :2230006
Sch. Code:35006","State : ARUNACHAL PRADESH
District : PAPUM PARE",Senior Secondary Level,"Name : VIVEKANANDA KENDRA VIDYALAYA
Head/Principal Name: LATASHREE DEO","Address : BALIJAN A P PO- DUFFLAGARH VIA- TETON BARI DT- SONITPUR ASSAM
Website : https://www.vkvapt.org/ss-vkv-balijan-about-school"
1283,"Aff. No. :2230007
Sch. Code:35005","State : ARUNACHAL PRADESH
District : PAPUM PARE",Senior Secondary Level,"Name : DONYI POLO VIDYA BHAWAN
Head/Principal Name: YUSIHAY YOBIN","Address : ITA NAGAR DT- PAPUM PARE ARUNACHAL PRADESH
Website : www.dpvbitanagar.com"
1284,"Aff. No. :2230157
Sch. Code:35629","State : ARUNACHAL PRADESH
District : PAPUM PARE",Senior Secondary Level,"Name : ZION MISSION SCHOOL
Head/Principal Name: RAM DARAS SINGH","Address : AMBA VILLAGE, DOIMUKH, PAPUMPARE DISTRICT
Website : www.zionmissionschool.org"
1285,"Aff. No. :2230160
Sch. Code:35649","State : ARUNACHAL PRADESH
District : PAPUM PARE",Senior Secondary Level,"Name : NEW GALAXY ACADEMY
Head/Principal Name: Nigamananda Acharya","Address : NEAR TATA MOTORS SHORT CUT, P - SECTOR, NIRJULI
Website : www.newgalaxyacademy.in"
1286,"Aff. No. :2240009
Sch. Code:39197","State : ARUNACHAL PRADESH
District : PAPUM PARE",Senior Secondary Level,"Name : JAWAHAR NAVODYA VIDYALAYA
Head/Principal Name: RIPUNJOY SARMA","Address : DOIMUKH PAPUMPARE ARUNACHAL PRADESH
Website : www.navodaya.gov.in/nvs/nvs-school/Papumpare"
1287,"Aff. No. :2230097
Sch. Code:35435","State : ARUNACHAL PRADESH
District : PAPUM PARE",Secondary Level,"Name : LITTLE STAR SCHOOL, PAPUNALAH
Head/Principal Name: PRADHEEP KUMAR PS","Address : NAHARLAGUN
Website : www.littlestarschoolnaharlagun.com"
1288,"Aff. No. :2230094
Sch. Code:35446","State : ARUNACHAL PRADESH
District : PAPUM PARE",Senior Secondary Level,"Name : HIM INTERNATIONAL SCHOOL
Head/Principal Name: Manas Chatterjee","Address : JOLLANG(III),DAATH VILLAGE, ITANAGAR-791113, ARUNACHAL PRADESH
Website : www.himinternationalschool.org"
1289,"Aff. No. :2230154
Sch. Code:35576","State : ARUNACHAL PRADESH
District : PAPUM PARE",Senior Secondary Level,"Name : NICHIPHU CHILDREN'S FOUNDATION SCHOOL
Head/Principal Name: Praveen Francis","Address : HILLTOP, ITANAGAR
Website : www.nichiphuschool.in"
1290,"Aff. No. :2230155
Sch. Code:35580","State : ARUNACHAL PRADESH
District : PAPUM PARE",Senior Secondary Level,"Name : ELEAZAR ENGLISH SCHOOL
Head/Principal Name: Pranjal Pratim Sharma","Address : ALL INDIA RADIO COLONY, ITANAGAR
Website : www.eleazarenglishschool.in"
1291,"Aff. No. :2230099
Sch. Code:35441","State : ARUNACHAL PRADESH
District : PAPUM PARE",Senior Secondary Level,"Name : J P PUBLIC SCHOOL, ITANAGAR
Head/Principal Name: DZUVICHUNO PETER","Address : JP PUBLIC SCHOOL,A-SECTOR, POWER HOUSE, NEAR RAJ BHAWAN, ITANAGAR
Website : https://jppublicschoolitan.wixsite.com/website"
1292,"Aff. No. :2230100
Sch. Code:35445","State : ARUNACHAL PRADESH
District : PAPUM PARE",Secondary Level,"Name : SAINT ALPHONSA PUBLIC SCHOOL
Head/Principal Name: Jenny Eappan","Address : MODEL VILLAGE, KANKARNALLA, PO NAHARLAGUN, DIST. PAPUM PARE
Website :"
1293,"Aff. No. :2230101
Sch. Code:35505","State : ARUNACHAL PRADESH
District : PAPUM PARE",Secondary Level,"Name : VIVEKANANDA RESIDENTIAL PUBLIC SCHOOL
Head/Principal Name: ANIL KUMAR P N","Address : VIVEK VIHAR PO RK MISSION 791113 NEAR DN GOVT COLLEGE ITANAGAR
Website : www.vrps.in"
1294,"Aff. No. :2220074
Sch. Code:37065","State : ARUNACHAL PRADESH
District : PAPUM PARE",Senior Secondary Level,"Name : GOVT SR SEC SCHOOL
Head/Principal Name: TOB TARIN TARA","Address : KIMIN DT- PAUM PARE ARUNACHAL PRADESH
Website : www.ghsskimin.com"
1295,"Aff. No. :2220075
Sch. Code:37075","State : ARUNACHAL PRADESH
District : PAPUM PARE",Senior Secondary Level,"Name : GOVT HR SEC SCHOOL
Head/Principal Name: PHASSANG SAMA","Address : NAHARLAGUN DT- PAPUM PARE ARUNACHAL PRADESH
Website : www.ghssnlg66.in"
1296,"Aff. No. :2220134
Sch. Code:37136","State : ARUNACHAL PRADESH
District : PAPUM PARE",Senior Secondary Level,"Name : GOVT. SEC SCHOOL
Head/Principal Name: JOME DOJI KADU","Address : ARUNODAYA P O R K MISSION ITANAGAR DISTT PAPUMPARE ARUNACHAL PRADESH
Website : https://arunodaya.ghssarunachal.com"
1297,"Aff. No. :2220140
Sch. Code:37137","State : ARUNACHAL PRADESH
District : PAPUM PARE",Secondary Level,"Name : GOVT SEC SCHOOL
Head/Principal Name: GEJOM LOLLEN","Address : TORU POST & PS TORU DISTT PAPUMPARE ARUNACHAL PRADESH
Website : www.dseap.in"
1298,"Aff. No. :2220141
Sch. Code:37138","State : ARUNACHAL PRADESH
District : PAPUM PARE",Senior Secondary Level,"Name : GOVT HR. SR SEC SCHOOL
Head/Principal Name: MONYA TAIPODIA","Address : POLO COLONY NAHARLAGUN ARUNACHAL PRADESH
Website : www.ghsspolocolony.in"
1299,"Aff. No. :2220142
Sch. Code:37139","State : ARUNACHAL PRADESH
District : PAPUM PARE",Secondary Level,"Name : GOVT SEC SCHOOL
Head/Principal Name: JOYA GEIYI","Address : ARUNACHAL UNIVERSITY CAMPUS DOIMUKH PAPUMPARE ARUNACHAL PRADESH
Website : gssrgucampus@gmail.com"
1300,"Aff. No. :2220143
Sch. Code:39142","State : ARUNACHAL PRADESH
District : PAPUM PARE",Secondary Level,"Name : GOVT SANGAY LHADEN SPORTS ACADEMY
Head/Principal Name: LIKHA VIDHA","Address : CHIMBU ITANAGAR ARUNACHAL PRADESH
Website :"
1301,"Aff. No. :2220044
Sch. Code:37024","State : ARUNACHAL PRADESH
District : PAPUM PARE",Senior Secondary Level,"Name : GOVT HR SEC SCHOOL
Head/Principal Name: SENDO LOMBI","Address : SAGALEE VIA- DOIMUKH DT - PAPUM PARE ARUNACHAL PRADESH
Website :"
1302,"Aff. No. :2220061
Sch. Code:37020","State : ARUNACHAL PRADESH
District : PAPUM PARE",Senior Secondary Level,"Name : GOVT HR SEC SCHOOL
Head/Principal Name: EKEN BAGRA","Address : V & PO BALIJAN VIA- BANDERDEWA DT - PAPUM PARE ARUNACHAL PRADESH
Website : www.ghssbalijan.in"
1303,"Aff. No. :2220035
Sch. Code:37023","State : ARUNACHAL PRADESH
District : PAPUM PARE",Senior Secondary Level,"Name : GOVT HR SEC SCHOOL
Head/Principal Name: TABIA CHOBIN","Address : ITANAGAR DT- PAPUM PARE ARUNACHAL PRADESH
Website : www.cbse.nic.in"
1304,"Aff. No. :2220014
Sch. Code:37025","State : ARUNACHAL PRADESH
District : PAPUM PARE",Senior Secondary Level,"Name : GOVT HR SEC SCHOOL
Head/Principal Name: DAMJI RINYA","Address : DOIMUKH VIA- NAHARLAGUN DT - PAPUM PARE ARUNACHAL PRADESH
Website :"
1305,"Aff. No. :2200004
Sch. Code:39209","State : ARUNACHAL PRADESH
District : PAPUM PARE",Senior Secondary Level,"Name : PM SHRI KENDRIYA VIDYALAYA NO. II ITANAGAR
Head/Principal Name: VINAY KUMAR","Address : ITA NAGAR DT- PAPUM PARE ARUNACHAL PRADESH
Website : www.no2itanagar.kvs.ac.in"
1306,"Aff. No. :2200007
Sch. Code:39211","State : ARUNACHAL PRADESH
District : PAPUM PARE",Senior Secondary Level,"Name : KENDRIYA VIDYALAYA
Head/Principal Name: NEERAJ SINGH MEENA","Address : NERIST PO- NIRJULI ARUNACHAL PRADESH
Website : https://nerist.kvs.ac.in/"
1307,"Aff. No. :2200008
Sch. Code:39212","State : ARUNACHAL PRADESH
District : PAPUM PARE",Senior Secondary Level,"Name : PM SHRI KENDRIYA VIDYALAYA KIMIN
Head/Principal Name: NAYANA SAIKIA","Address : 10TH ITBP FORCE PO KIMIN DISTT PAPAMPARA ARUNACHAL PRADESH
Website : https://kimin.kvs.ac.in"
1308,"Aff. No. :2200001
Sch. Code:39206","State : ARUNACHAL PRADESH
District : PAPUM PARE",Senior Secondary Level,"Name : PM SHRI KENDRIYA VIDYALAYA NO.1
Head/Principal Name: RAMKUMAR SINGH SIKARWAR","Address : ITANAGAR, NAHARLAGUN ARUNACHAL PRADESH
Website : https://no1itanagar.kvs.ac.in"
1309,"Aff. No. :2200003
Sch. Code:39207","State : ARUNACHAL PRADESH
District : LOHIT",Senior Secondary Level,"Name : PM SHRI KENDRIYA VIDYALAYA
Head/Principal Name: OM PRAKASH","Address : TEZU DT- LOHIT ARUNACHAL PRADESH
Website : www.tezu.kvs.ac.in"
1310,"Aff. No. :220189
Sch. Code:","State : ARUNACHAL PRADESH
District : LOHIT",Secondary Level,"Name : SECONDARY LEVEL TO GOVT. SEC. SCHOOL
Head/Principal Name: .","Address : TELLULIAG, P.O & P.S. TEZIU, DISTT. LOHIT, ARUNACHAL PRADESH
Website :"
1311,"Aff. No. :2220010
Sch. Code:37017","State : ARUNACHAL PRADESH
District : LOHIT",Senior Secondary Level,"Name : GOVT HR SEC SCHOOL
Head/Principal Name: JEYUM ROMIN","Address : NAMSAI DT- LOHIT ARUNACHAL PRADESH
Website : http://www.ghssnamsai.com"
1312,"Aff. No. :2220002
Sch. Code:37087","State : ARUNACHAL PRADESH
District : LOHIT",Senior Secondary Level,"Name : GOVT HR. SEC SCHOOL
Head/Principal Name: OMUNG MIZE HAGE","Address : TEZU DT- LOHIT ARUNACHAL PRADESH
Website : www.ghsstezu.in"
1313,"Aff. No. :2220030
Sch. Code:37016","State : ARUNACHAL PRADESH
District : LOHIT",Senior Secondary Level,"Name : GOVT HR SEC SCHOOL
Head/Principal Name: BOMBI DONI","Address : HAYULIANG DT- LOHIT ARUNACHAL PRADESH
Website : www.ghsshayuliang.in"
1314,"Aff. No. :2220024
Sch. Code:37018","State : ARUNACHAL PRADESH
District : LOHIT",Senior Secondary Level,"Name : GOVT HR SEC SCHOOL
Head/Principal Name: MARNYO NYODU","Address : MAHADEVPUR VIA- NAMSAI DT- LOHIT ARUNACHAL PRADESH
Website :"
1315,"Aff. No. :2220018
Sch. Code:37019","State : ARUNACHAL PRADESH
District : LOHIT",Senior Secondary Level,"Name : GOVT HR SEC SCHOOL
Head/Principal Name: TONI PERTIN","Address : CHOWKHAM VIA- NAMSAI DT - LOHIT ARUNACHAL PRADESH
Website : www.ghsschowkham.weebly.com"
1316,"Aff. No. :2220060
Sch. Code:37060","State : ARUNACHAL PRADESH
District : LOHIT",Secondary Level,"Name : GOVT SEC SCHOOL
Head/Principal Name: Tabuk Jerang","Address : KUMARI DT- LOHIT ARUNACHAL PRADESH
Website :"
1317,"Aff. No. :2220065
Sch. Code:37063","State : ARUNACHAL PRADESH
District : LOHIT",Senior Secondary Level,"Name : GOVT SEC SCHOOL
Head/Principal Name: OBANG GAO","Address : LATHAO DT- LOHIT ARUNACHAL PRADESH
Website : www.ghsslathao.org"
1318,"Aff. No. :2220133
Sch. Code:37135","State : ARUNACHAL PRADESH
District : LOHIT",Senior Secondary Level,"Name : GOVT.HR. SR SEC SCHOOL
Head/Principal Name: GONYA TATU","Address : OLD MOHNOG PO NEW MOHONG VIA BORDUMSA,DISTT LOHIT ARUNACHAL PRADESH
Website : http://www.dseap.info/schooldirectory"
1319,"Aff. No. :2220145
Sch. Code:37184","State : ARUNACHAL PRADESH
District : LOHIT",Secondary Level,"Name : ARUNACHAL PALI VIDYAPITH
Head/Principal Name: RANI GOGOI","Address : CHONGKHAM LOHIT ARUNACHAL PRADESH
Website : www.apvschongkham.com"
1320,"Aff. No. :2220122
Sch. Code:37120","State : ARUNACHAL PRADESH
District : LOHIT",Senior Secondary Level,"Name : GOVT SEC SCHOOL
Head/Principal Name: GEBI MEGU","Address : JEKO PO- SUNPURA DT- LOHIT ARUNACHAL PRADESH
Website :"
1321,"Aff. No. :2220116
Sch. Code:37114","State : ARUNACHAL PRADESH
District : LOHIT",Secondary Level,"Name : GOVT SEC SCHOOL
Head/Principal Name: SOBEM KARAP","Address : LOILIANG VIA- TEZU DT - LOHIT ARUNACHAL PRADESH
Website : www.gssloiliang.in"
1322,"Aff. No. :2220119
Sch. Code:37073","State : ARUNACHAL PRADESH
District : LOHIT",Senior Secondary Level,"Name : GOVT SEC SCHOOL
Head/Principal Name: HAGE HASSANG","Address : TEZU DT- LOHIT ARUNACHAL PRADESH
Website : www.gsstezu.org"
1323,"Aff. No. :2220120
Sch. Code:37117","State : ARUNACHAL PRADESH
District : LOHIT",Senior Secondary Level,"Name : GOVT HIGHER SEC SCHOOL
Head/Principal Name: DOMLU MANJU","Address : PO HAWAI, PS KHUPA VIA- HAYULIANG DT - ANJAW ARUNACHAL PRADESH
Website : https://www.ghsshawai.in"
1324,"Aff. No. :2220076
Sch. Code:37078","State : ARUNACHAL PRADESH
District : LOHIT",Senior Secondary Level,"Name : GOVT SEC SCHOOL
Head/Principal Name: MANA LINGI","Address : WAKRO DT- LOHIT ARUNACHAL PRADESH
Website : www.ghsswakro.in"
1325,"Aff. No. :2220073
Sch. Code:37079","State : ARUNACHAL PRADESH
District : LOHIT",Senior Secondary Level,"Name : GOVT SEC SCHOOL
Head/Principal Name: JUMNEE RINA","Address : NINGROO DT- LOHIT ARUNACHAL PRADESH
Website : www.ghssningroo.com"
1326,"Aff. No. :2220105
Sch. Code:37100","State : ARUNACHAL PRADESH
District : LOHIT",Secondary Level,"Name : GOVT SEC SCHOOL
Head/Principal Name: Uzzal Mowke","Address : MANHOFAI NAMSAI DT- LOHIT ARUNACHAL PRADESH
Website : www.manhofai.org"
1327,"Aff. No. :2220102
Sch. Code:37088","State : ARUNACHAL PRADESH
District : LOHIT",Secondary Level,"Name : GOVT SEC SCHOOL
Head/Principal Name: Imi Gamlin","Address : MANMON VIA- NAMSAI DT - LOHIT ARUNACHAL PRADESH
Website : www.gssmanmow.in"
1328,"Aff. No. :2240003
Sch. Code:39192","State : ARUNACHAL PRADESH
District : LOHIT",Senior Secondary Level,"Name : PM SHRI SCHOOL JAWAHAR NAVODAYA VIDYALAYA
Head/Principal Name: KAILASH PRASAD MEENA","Address : MAHADEVPUR DT- LOHIT ARUNACHAL PRADESH
Website :"
1329,"Aff. No. :2230008
Sch. Code:35007","State : ARUNACHAL PRADESH
District : LOHIT",Senior Secondary Level,"Name : VIVEKANANDA KENDRA VIDYALAYA
Head/Principal Name: MANISHA DEVI","Address : TAFROGAM VIA- TEZU DT - LOHIT ARUNACHAL PRADESH
Website : http://www.tafrogam.vkv.in"
1330,"Aff. No. :2220365
Sch. Code:37709","State : ARUNACHAL PRADESH
District : LOHIT",Secondary Level,"Name : GOVT SECONDARY SCHOOL MEDO
Head/Principal Name: AGRAMSO KRI","Address : GOVT SECONDARY SCHOOL MEDO, PO MEDO, PS WAKRO, LOHIT DISTRICT
Website : http://www.gssmedo.in"
1331,"Aff. No. :2220189
Sch. Code:37180","State : ARUNACHAL PRADESH
District : LOHIT",Secondary Level,"Name : GOVT. SEC. SCHOOL
Head/Principal Name: ANKHYANGSO KRI","Address : TELLULIANG, P.O & P.S TEZU, DISTT. LOHIT, ARUNACHAL PRADESH
Website : www.gsstelluliang.in"
1332,"Aff. No. :2220173
Sch. Code:37165","State : ARUNACHAL PRADESH
District : LOHIT",Secondary Level,"Name : GOVT. SEC. SCHOOL
Head/Principal Name: ARVIND PANDEY","Address : NAMSAI, PO & PS NAMSAI, DIST. LOHIT, ARUNACHAL PRADESH
Website : http://dseap.info/school-web-directory.htm"
1333,"Aff. No. :2230077
Sch. Code:35076","State : ARUNACHAL PRADESH
District : LOHIT",Secondary Level,"Name : GREENVIEW SCHOOL
Head/Principal Name: LAL SONAR","Address : NAMSAI, LOHIT
Website : gvsnamsai@gmail.com"
1334,"Aff. No. :2230058
Sch. Code:35057","State : ARUNACHAL PRADESH
District : LOHIT",Senior Secondary Level,"Name : ZENITH CHILD SCHOOL
Head/Principal Name: SHANMUGAM.J","Address : AT + POST- NAMSAI
Website : www.zenithchildschool.in"
1335,"Aff. No. :2230032
Sch. Code:35030","State : ARUNACHAL PRADESH
District : LOHIT",Secondary Level,"Name : VIVEKANANDA KENDRA VIDYALAYA
Head/Principal Name: T M SATHIAN","Address : AMILANG LOHIT DISTT AP
Website : http://www.amliang.vkv.in"
1336,"Aff. No. :2230028
Sch. Code:35027","State : ARUNACHAL PRADESH
District : LOHIT",Secondary Level,"Name : VIVEKANANDA KENDRA VIDYALAYA
Head/Principal Name: RAJI R","Address : SUNPURA LOHIT DISTT ARUNACHAL PRADESH
Website : www.sunpuravkv.in"
1337,"Aff. No. :2230017
Sch. Code:35016","State : ARUNACHAL PRADESH
District : LOHIT",Senior Secondary Level,"Name : KIDS FOUNDATION SCHOOL
Head/Principal Name: SANJANA DAS","Address : ALUBARI CHOWKHAM DT- LOHIT ARUNACHAL PRADESH
Website : www.kidsfoundationapc.in"
1338,"Aff. No. :2230013
Sch. Code:35013","State : ARUNACHAL PRADESH
District : LOHIT",Secondary Level,"Name : CHOW NANDA MEMIAL SCHOOL
Head/Principal Name: KRISHNA PRASAD SARKAR","Address : CHOWKHAM PO-LOHIT ARUNACHAL PRADESH
Website : www.chownanda.com"
1339,"Aff. No. :2230069
Sch. Code:35068","State : ARUNACHAL PRADESH
District : UPPER SIANG",Secondary Level,"Name : ROYAL SIANG ACADEMY
Head/Principal Name: HORMI VALUI","Address : JENGGING UPPER SIANG
Website : https://royalsiangacademy.com/"
1340,"Aff. No. :2220181
Sch. Code:37173","State : ARUNACHAL PRADESH
District : UPPER SIANG",Secondary Level,"Name : GOVT SEC SCHOOL
Head/Principal Name: Genom Libang","Address : PARSING YINGKIONG, DIST. RICT UPPER SIANG, ARUNACHAL PRADESH
Website : 37173@cbseshiksha.in"
1341,"Aff. No. :2240011
Sch. Code:39199","State : ARUNACHAL PRADESH
District : UPPER SIANG",Senior Secondary Level,"Name : JAWAHAR NAVODAYA VIDYALAYA
Head/Principal Name: DINESH KUMAR","Address : GEPU UPPER SIANG DISTT
Website : https://navodaya.gov.in/nvs/nvs-school/UPPERSIANG/"
1342,"Aff. No. :2220083
Sch. Code:37081","State : ARUNACHAL PRADESH
District : UPPER SIANG",Senior Secondary Level,"Name : GOVT. SEC SCHOOL
Head/Principal Name: TADANG MIBANG","Address : GEKU DT- UPPER SIANG ARUNACHAL PRADESH
Website : www.ghssgeku.in"
1343,"Aff. No. :2220064
Sch. Code:37064","State : ARUNACHAL PRADESH
District : UPPER SIANG",Senior Secondary Level,"Name : GOVT HR SEC SCHOOL
Head/Principal Name: MAKTEM PERME","Address : MARIYANG VIA- YINGKIONG DT - UPPER SIANG ARUNACHAL PRADESH
Website : www.mariyangghss.in"
1344,"Aff. No. :2220070
Sch. Code:37067","State : ARUNACHAL PRADESH
District : UPPER SIANG",Senior Secondary Level,"Name : GOVT HIGHER SEC SCHOOL
Head/Principal Name: TAPANG PAZING","Address : JENGGING VIA- YINGKIONG ARUNACHAL PRADESH
Website : www.ghssjengging.com"
1345,"Aff. No. :2220021
Sch. Code:37006","State : ARUNACHAL PRADESH
District : UPPER SIANG",Senior Secondary Level,"Name : GOVT HR SEC SCHOOL
Head/Principal Name: LUTNI PERME","Address : YINGKIONG VIA- ALONG DT - UPPER SIANG ARUNACHAL PRADESH
Website : www.yingkiongghss.in"
1346,"Aff. No. :2220016
Sch. Code:37057","State : ARUNACHAL PRADESH
District : UPPER SIANG",Senior Secondary Level,"Name : GOVT HR SEC SCHOOL
Head/Principal Name: TATIN TARON","Address : TUTING DT- UPPER SIANG ARUNACHAL PRADESH
Website : www.tutingghss.in"
1347,"Aff. No. :2200015
Sch. Code:39219","State : ARUNACHAL PRADESH
District : UPPER SIANG",Secondary Level,"Name : PM SHRI KENDRIYA VIDYALAYA
Head/Principal Name: DEEPAK KUMAR CHOUDHARY IC","Address : TUTING, DIST-UPPER SIANG, ARUNACHAL PRADESH
Website : https://tuting.kvs.ac.in/"
1348,"Aff. No. :2200012
Sch. Code:39216","State : ARUNACHAL PRADESH
District : TIRAP",Senior Secondary Level,"Name : PM SHRI KENDRIYA VIDYALAYA
Head/Principal Name: Vatan Singh Kunwar","Address : KHONSA DISTT TIRAP ARUNACHAL PRADESH
Website : https://khonsa.kvs.ac.in/"
1349,"Aff. No. :2220008
Sch. Code:37036","State : ARUNACHAL PRADESH
District : TIRAP",Senior Secondary Level,"Name : GOVT HR SEC SCHOOL
Head/Principal Name: NOKDON CHIMYANG","Address : KHONSA DT- TIRAP ARUNACHAL PRADESH
Website : www.GHSSkhonsa.in"
1350,"Aff. No. :2220066
Sch. Code:37062","State : ARUNACHAL PRADESH
District : TIRAP",Secondary Level,"Name : GOVT SEC SCHOOL
Head/Principal Name: ROMAY MOIDAM","Address : SOHA DT- TIRAP ARUNACHAL PRADESH
Website : www.gsssoha.com"
1351,"Aff. No. :2220055
Sch. Code:37035","State : ARUNACHAL PRADESH
District : TIRAP",Senior Secondary Level,"Name : GOVT HR SEC SCHOOL
Head/Principal Name: CHOU THISENG MOUNGKANG","Address : DEOMALI DT- TIRAP ARUNACHAL PRADESH
Website : www.ghssdeomali.org"
1352,"Aff. No. :2220052
Sch. Code:37033","State : ARUNACHAL PRADESH
District : TIRAP",Senior Secondary Level,"Name : GOVT HR SEC SCHOOL
Head/Principal Name: T. RONRANG","Address : KANUBARI DT- TIRAP ARUNACHAL PRADESH
Website : www.ghsskanubari.in"
1353,"Aff. No. :2220090
Sch. Code:37085","State : ARUNACHAL PRADESH
District : TIRAP",Secondary Level,"Name : GOVT SECONDARY SCHOOL
Head/Principal Name: L NGONGWA","Address : LAJU DT- TIAP ARUNACHAL PRADESH
Website : www.gsslaju.com"
1354,"Aff. No. :2220078
Sch. Code:37080","State : ARUNACHAL PRADESH
District : TIRAP",Secondary Level,"Name : GOVT TOWN SECONDARY SCHOOL
Head/Principal Name: CHAJUN ARANG","Address : KHONSA DT- TIRAP ARUNACHAL PRADESH
Website : www.gtsskhonsa.com"
1355,"Aff. No. :2220103
Sch. Code:37104","State : ARUNACHAL PRADESH
District : TIRAP",Senior Secondary Level,"Name : GOVT SEC SCHOOL
Head/Principal Name: WANGSU LOWANG","Address : BORDURIA VIA- KHONSA C/O DDPI DT- TIRAP ARUNACHAL PRADESH
Website : http://tirap.nic.in"
1356,"Aff. No. :2220138
Sch. Code:37133","State : ARUNACHAL PRADESH
District : TIRAP",Senior Secondary Level,"Name : GOVT SEC SCHOOL
Head/Principal Name: HUZIANG KHIMHUN","Address : WAKKA DISTT TIRAP ARUNACHAL PRADESH
Website : www.ghsswakka.com"
1357,"Aff. No. :2240150
Sch. Code:39708","State : ARUNACHAL PRADESH
District : TIRAP",Secondary Level,"Name : JAWAHAR NAVODAYA VIDYALAYA, TIRAP
Head/Principal Name: AKHILESH KUMAR","Address : KHONSA TOWN, TIRAP
Website : https://navodaya.gov.in/nvs/nvs-school/Tirap/"
1358,"Aff. No. :2230164
Sch. Code:35666","State : ARUNACHAL PRADESH
District : TIRAP",Secondary Level,"Name : ASSAM RIFLES PUBLIC SCHOOL, KHONSA
Head/Principal Name: Kanu Acharjee","Address : ASSAM RIFLES CAMP, KHONSA, TIRAP, ARUNANCHAL PRADESH
Website : www.arpskhonsaap.com"
1359,"Aff. No. :2220368
Sch. Code:37737","State : ARUNACHAL PRADESH
District : TIRAP",Secondary Level,"Name : EKLAVYA MODEL RESIDENTIAL SCHOOL, KHELA
Head/Principal Name: NOR BAHADUR BHUJEL","Address : KHELA VILLAGE, KHONSA DIST. TIRAP, KHELA VILLAGE, KHONSA DIST. TIRAP, KHELA VILLAGE, KHONSA DIST. TIRAP 792130
Website : www.emrskhela.com"
1360,"Aff. No. :2230002
Sch. Code:35001","State : ARUNACHAL PRADESH
District : TIRAP",Senior Secondary Level,"Name : RAMAKRISHNA MISSION SCHOOL
Head/Principal Name: Swami Jneyananda","Address : NAROTTAM NAGAR VIA- DEOMALI DT - TIRAP ARUNACHAL PRADESH
Website : https://narottamnagar.rkmm.org"
1361,"Aff. No. :2230003
Sch. Code:35002","State : ARUNACHAL PRADESH
District : TIRAP",Senior Secondary Level,"Name : RAMAKRISHNA SARADA MISSION GIRLS SCH
Head/Principal Name: PRAVRAJIKA VEDATMAPRANA","Address : GIRLS SCHOOL KHONSA DT- TIRAP ARUNACHAL PRADESH
Website : www.rksmkhonsa.org"
1362,"Aff. No. :2230080
Sch. Code:39172","State : ARUNACHAL PRADESH
District : TIRAP",Senior Secondary Level,"Name : ST. SAVIO SCHOOL
Head/Principal Name: NIL BAHADUR TAMANG","Address : OLINGTONG VILLAGE KANUBARI DISTRICT - LONGDING ARUNACHAL PRADESH
Website : www.stsavioschoolkanubari.org"
1363,"Aff. No. :2240016
Sch. Code:39203","State : ARUNACHAL PRADESH
District : ANJAW",Senior Secondary Level,"Name : JAWAHAR NAVODAYA VIDYALAYA
Head/Principal Name: MURUGHAN P","Address : P.O. HAWAI, VIA HAYULIANG, DISTT ANJAW ARUNACHAL PRADESH
Website : https://navodaya.gov.in/nvs/nvs-school/ANJAW/"
1364,"Aff. No. :2200101
Sch. Code:39709","State : ARUNACHAL PRADESH
District : ANJAW",Secondary Level,"Name : KENDRIYA VIDYALAYA HAYULIANG
Head/Principal Name: Nitin Amola","Address : PS- KHUPA , NEAR GOVERNMENT HIGHER SECONDARY SCHOOL
Website : https://hayuliang.kvs.ac.in"
1365,"Aff. No. :2240015
Sch. Code:39202","State : ARUNACHAL PRADESH
District : KURUNG KUMEY",Secondary Level,"Name : JAWAHAR NAVODAYA VIDYALAYA
Head/Principal Name: RINTU BHUYAN","Address : PALIN, KURUNG KUMEY DISTT., ARUNACHAL PRADESH
Website : https://www.navodaya.gov.in/nvs/nvs-school/KRA-DAA"
1366,"Aff. No. :2220362
Sch. Code:37700","State : ARUNACHAL PRADESH
District : KURUNG KUMEY",Secondary Level,"Name : EMRS NYAPIN
Head/Principal Name: HASHNA BORAH","Address : VILLAGE KAMPU, UPPER NYAPIN, VILLAGE KAMPU, UPPER NYPAIN, VILLAGE KAMPU, UPPER NYAPIN
Website : www.emrsnyapin.website3.me"
1367,"Aff. No. :2220161
Sch. Code:37155","State : ARUNACHAL PRADESH
District : KURUNG KUMEY",Secondary Level,"Name : GOVERNMENT SECONDARY SCHOOL
Head/Principal Name: Wanchen Namsa","Address : HIYA(NYAPIN) DIST. KURUNG KUMEY, ARUNACHAL PRADESH
Website : www.gsshiya.org"
1368,"Aff. No. :2220159
Sch. Code:37153","State : ARUNACHAL PRADESH
District : KURUNG KUMEY",Secondary Level,"Name : GOVT. SECONDARY SCHOOL
Head/Principal Name: BYABANG PILLK","Address : LUMBA, PALIN, DISTT KURUNG KUMEY
Website : www.gss"
1369,"Aff. No. :2220185
Sch. Code:37177","State : ARUNACHAL PRADESH
District : KRA DAADI",Secondary Level,"Name : GOVT.SEC SCHOOL RESTARING
Head/Principal Name: THE PRINCIPAL","Address : P.O. TARAK-LENGDI,P.S.PALIN DISTT. KRA-DAADI ARUNACHAL PRADESH-791118
Website :"
1370,"Aff. No. :2220188
Sch. Code:37182","State : ARUNACHAL PRADESH
District : KRA DAADI",Secondary Level,"Name : GOVT. SEC. SCHOOL PANIA, P.O. PALIN
Head/Principal Name: BANIA TABA","Address : P.S. SANGRAM, DISTT. KRA DAADI, ARUNACHAL PRADESH- 791118
Website : www.gssp.in"
1371,"Aff. No. :2220300
Sch. Code:37500","State : ARUNACHAL PRADESH
District : KRA DAADI",Secondary Level,"Name : GOVT. SECONDARY SCHOOL DUI
Head/Principal Name: BEM TODU","Address : VILL- DUI PO/PS PALIN
Website : www.arpedu.in"
1372,"Aff. No. :2220179
Sch. Code:37171","State : ARUNACHAL PRADESH
District : LONGDING",Senior Secondary Level,"Name : GOVT HR SEC SCHOOL
Head/Principal Name: NOKSOM WANGSU","Address : PONGCHAU, PO/PS PONGCHAU, DIST. LONGDING, ARUNACHAL PRADESH
Website : https://ghsspongchau.advertroindia.co.in/"
1373,"Aff. No. :2240004
Sch. Code:39193","State : ARUNACHAL PRADESH
District : LONGDING",Senior Secondary Level,"Name : PM SHRI SCHOOL JAWAHAR NAVODAYA VIDYALAYA
Head/Principal Name: Vinod Kumar Indora","Address : KHAPHO,BRANCH PO TISSA, DISTT. LONGDING, ARUNACHAL PRADESH
Website : www.navodaya.gov.in/nvs/nvs-school/Tirap/en/home/"
1374,"Aff. No. :2200017
Sch. Code:39621","State : ARUNACHAL PRADESH
District : LONGDING",Senior Secondary Level,"Name : KENDRIYA VIDYALAYA LONGDING
Head/Principal Name: Harshita Arora","Address : TISSA ROAD, NEAR HIGHER SECONDARY CAMPUS,LONGDING,A.P.
Website : https://longding.kvs.ac.in"
1375,"Aff. No. :2220019
Sch. Code:37037","State : ARUNACHAL PRADESH
District : LONGDING",Senior Secondary Level,"Name : GOVT HR SEC SCHOOL
Head/Principal Name: CHIMKA SUYANG","Address : LONGDING VIA- KHONSA ARUNACHAL PRADESH
Website : longding34@gmail.com"
1376,"Aff. No. :2230156
Sch. Code:35625","State : ARUNACHAL PRADESH
District : LOWER DIBANG VALLEY",Secondary Level,"Name : GLOBAL VALLEY SCHOOL ROING
Head/Principal Name: ATHISHU NIKHINI","Address : YIBUK,, ROING, LOWER DIBANG VALLEY
Website : http://www.globalvalleyschool.com"
1377,"Aff. No. :2230098
Sch. Code:35439","State : ARUNACHAL PRADESH
District : LOWER DIBANG VALLEY",Senior Secondary Level,"Name : ANAKUM ACADEMY
Head/Principal Name: TONY PADUNG","Address : ANAKUM ACADEMY PO- ROING, PIN- 792110, PS- ROING, DISTRICT: LOWER DIBANG VALLEY, STATE: ARUNACHAL PRADESH
Website : www.anakumacademy.edu.in"
1378,"Aff. No. :2220195
Sch. Code:37442","State : ARUNACHAL PRADESH
District : LOWER DIBANG VALLEY",Secondary Level,"Name : GOVT. SEC. SCHOOL ROING
Head/Principal Name: SONAM TAYENG","Address : C/O HEADMASTER GSS ROING
Website : https://govtssroing.com"
1379,"Aff. No. :2220358
Sch. Code:37687","State : ARUNACHAL PRADESH
District : LOWER DIBANG VALLEY",Senior Secondary Level,"Name : KASTURBA GANDHI BALIKA VIDYALAYA
Head/Principal Name: YARMAN PERTIN","Address : DAMBUK, DAMBUK
Website : HTTPS://KGBVDAMBUK.CO.IN"
1380,"Aff. No. :2220364
Sch. Code:37707","State : ARUNACHAL PRADESH
District : LOWER DIBANG VALLEY",Secondary Level,"Name : KASTURBA GANDHI BALIKA VIDYALAYA, HUNLI
Head/Principal Name: NISHI UMBREY","Address : VILLAGE - HUNLI, PS - HUNLI, PO - HUNLI
Website : https://kgbvhunli.co.in/"
1381,"Aff. No. :2220363
Sch. Code:37705","State : ARUNACHAL PRADESH
District : NAMSAI",Secondary Level,"Name : VIVEKANANDA KENDRA VIDYALAYA (VKV) NAMSAI
Head/Principal Name: MURALEEDHARAN PILLAI","Address : HOSPITAL ROAD, PO -NAMSAI, NAMSAI
Website : www.namsai.vkv.in"
1382,"Aff. No. :2220366
Sch. Code:37710","State : ARUNACHAL PRADESH
District : NAMSAI",Secondary Level,"Name : KASTURBA GANDHI BALIKA VIDYALAYA
Head/Principal Name: INDRAJEET DEY","Address : VILLAGE - KASIK, PO - NAMSAI, PS - NAMSAI
Website : https://kgbvnamsai.org/"
1383,"Aff. No. :2220196
Sch. Code:37443","State : ARUNACHAL PRADESH
District : NAMSAI",Senior Secondary Level,"Name : GOVT. SECONDARY SCHOOL ALUBARI
Head/Principal Name: Tayom Kakki","Address : GOVT.SECONDARY SCHOOL ALUBARI, PO+PS-CHONGKHAM, DIST-NAMSAI(AP)
Website : www.education.arunachal.gov.in"
1384,"Aff. No. :2230102
Sch. Code:35514","State : ARUNACHAL PRADESH
District : NAMSAI",Secondary Level,"Name : ST. PAULS SCHOOL
Head/Principal Name: JEFFY FRANCIS","Address : ST.PAULS SCHOOL DHONEKHONA- NAMSAI DIST ARUNACHAL PRADESH
Website : https://stpaulschooldhonekhona.com/"
1385,"Aff. No. :2200102
Sch. Code:39710","State : ARUNACHAL PRADESH
District : NAMSAI",Secondary Level,"Name : KENDRIYA VIDYALAYA NAMSAI
Head/Principal Name: MANOJ M","Address : MINISTER MARKET, NAMSAI P O
Website : www.namsai.kvs.ac.in"
1386,"Aff. No. :2230163
Sch. Code:35665","State : ARUNACHAL PRADESH
District : LEPARADA",Secondary Level,"Name : SFS SCHOOL BASAR
Head/Principal Name: WANLAMBOR KHARUMNUID","Address : GORI VILLAGE, GORI BASAR, BASAR
Website : https://sfsbasar.com"
1387,"Aff. No. :2300001
Sch. Code:39362","State : MIZORAM
District : AIZAWL",Senior Secondary Level,"Name : PM SHRI KENDRIYA VIDYALAYA
Head/Principal Name: JAIBIR SINGH","Address : PROJECT PUSHPAK P.0 ZEMABAWK AIZAWL MIZORAM
Website : https://aizawal.kvs.ac.in"
1388,"Aff. No. :2300004
Sch. Code:39365","State : MIZORAM
District : AIZAWL",Senior Secondary Level,"Name : KENDRIYA VIDYALAYA
Head/Principal Name: SATISH KASABE","Address : MIZAM UNIVERSITY CAMPUS, TANHRIL, AIZAWL, MIZAM
Website : https://aizawlmu.kvs.ac.in/"
1389,"Aff. No. :2340010
Sch. Code:39607","State : MIZORAM
District : AIZAWL",Secondary Level,"Name : JAWAHAR NAVODAYA VIDYALAYA
Head/Principal Name: MANU SHARMA","Address : THINGSULTHLIAH, DISTRICT, AIZAWL,P.O. THINGSULTHLIAH, MIZORAM-796161
Website : https://navodaya.gov.in/nvs/nvs-school/Aizawl/en/h"
1390,"Aff. No. :2380001
Sch. Code:35324","State : MIZORAM
District : AIZAWL",Secondary Level,"Name : ARMY PUBLIC SCHOOL
Head/Principal Name: MRS R K KHARA","Address : VAIRENGTE C/O CIJW SCHOOL C/O 99 APO AIZWAL MIZORAM
Website :"
1391,"Aff. No. :2320001
Sch. Code:37201","State : MIZORAM
District : AIZAWL",Senior Secondary Level,"Name : MIZORAM INSTITUTE OF COMPREHENSIVE
Head/Principal Name: LALRINKIMA","Address : EDUCATION (MICE) POST BOX 147, RM COMPLEX TUIKUAL NORTH, AIZAWL, MIZORAM
Website : https://miceschool.mizoram.gov.in"
1392,"Aff. No. :2320105
Sch. Code:37720","State : MIZORAM
District : AIZAWL",Secondary Level,"Name : EKLAVYA MODEL RESIDENTIAL SCHOOL (EMRS) TLANGNUAM
Head/Principal Name: Ramthanpuii","Address : PHARBAWK, TLANGNUAM, AIZAWL
Website : https://emrstlangnuam.mizoram.gov.in/"
1393,"Aff. No. :2320107
Sch. Code:37725","State : MIZORAM
District : AIZAWL",Secondary Level,"Name : EKLAVYA MODEL RESIDENTIAL SCHOOL TLUNGVEL
Head/Principal Name: F LALHREZUALA","Address : THANGNANG TLANG, TLUNGVEL, TLUNGVEL, TLUNGVEL, THINGSULTHLIAH RD BLOCK
Website : https://www.emrstlungvel.mizoram.gov.in"
1394,"Aff. No. :2340002
Sch. Code:39355","State : MIZORAM
District : AIZAWL",Senior Secondary Level,"Name : JAWAHAR NAVODAYA VIDYALAYA
Head/Principal Name: ANISH P","Address : THENZAWL DT- AIZAWL MIZORAM
Website : https://navodaya.gov.in/nvs/nvs-school/Serchhip/en/home/"
1395,"Aff. No. :2320003
Sch. Code:39354","State : MIZORAM
District : LUNGLEI",Senior Secondary Level,"Name : EKLAVYA MODEL RESIDENTIAL SCHOOL
Head/Principal Name: Lizzy Lalrintluangi","Address : LUNGLEI, PUKPUI, KAWMZAWL, LUNGLEI DIST. MIZORAM- 796 701
Website : https://emrslunglei.com"
1396,"Aff. No. :2320100
Sch. Code:37564","State : MIZORAM
District : LUNGLEI",Senior Secondary Level,"Name : EKLAVYA MODEL RESIDENTIAL SCHOOL
Head/Principal Name: Bellory Malsawmthangi","Address : CHAWNHU, LAWNGTLAI
Website : https://emrslawngtlai.mizoram.gov.in/"
1397,"Aff. No. :2340008
Sch. Code:39361","State : MIZORAM
District : LUNGLEI",Senior Secondary Level,"Name : PM SHRI SCHOOL JAWAHAR NAVODAYA VIDYALAYA
Head/Principal Name: MADHUMITA ROY","Address : SIHTHLANGPUI, DISTT. LAWNGTLAI, MIZORAM
Website : https://navodaya.gov.in/nvs/nvs-school/Lawngtlai/en/home/"
1398,"Aff. No. :2340009
Sch. Code:39360","State : MIZORAM
District : LUNGLEI",Senior Secondary Level,"Name : PM SHRI SCHOOL JAWAHAR NAVODAYA VIDYALAYA
Head/Principal Name: ROOP NARAYAN","Address : PUKPUI, DISTT. LUNGLEI, MIZORAM
Website : https://navodaya.gov.in/nvs/nvs-school/Lunglei/en/"
1399,"Aff. No. :2300002
Sch. Code:39363","State : MIZORAM
District : LUNGLEI",Secondary Level,"Name : KENDRIYA VIDYALAYA
Head/Principal Name: AMBUJ KUMAR","Address : LUNGLEI RAMTHAR VENG, P O & DISTT LUNGLEI MIZORAM
Website : www.lunglei.kvs.ac.in"
1400,"Aff. No. :2300003
Sch. Code:39364","State : MIZORAM
District : CHAMPHAI",Secondary Level,"Name : PM SHRI KENDRIYA VIDYALAYA CHAMPHAI
Head/Principal Name: BIBHASH KUMAR","Address : KENDRIYA VIDYALAYA CHAMPHAI, AT DINTHAR CHAMPHAI, DISTTRICT CHAMPHAI
Website : www.champhai.kvs.ac.in"
1401,"Aff. No. :2320102
Sch. Code:37568","State : MIZORAM
District : CHAMPHAI",Senior Secondary Level,"Name : EKLAVYA MODEL RESIDENTIAL SCHOOL
Head/Principal Name: Zodinsanga","Address : NGOPA, SAITUAL DISTRICT
Website : https://emrsngopa.com/"
1402,"Aff. No. :2340005
Sch. Code:39357","State : MIZORAM
District : CHAMPHAI",Senior Secondary Level,"Name : JAWAHAR NAVODAYA VIDYALAYA
Head/Principal Name: ISHA PRAJNA RASHMI","Address : P.O KHAWZAWAL DISTT CHAMPHAI MIZORAM
Website : https://navodaya.gov.in/nvs/nvs-school/CHAMPHAI/en/about_us/"
1403,"Aff. No. :2340006
Sch. Code:39358","State : MIZORAM
District : KOLASIB",Senior Secondary Level,"Name : JAWAHAR NAVODAYA VIDYALAYA
Head/Principal Name: HARI OM SHUKLA","Address : THINGDAWL DIST. KALASIB MIZORAM
Website : www.navodaya.gov.in/nvs-school/Kolasib/en/home"
1404,"Aff. No. :2320108
Sch. Code:37730","State : MIZORAM
District : KOLASIB",Secondary Level,"Name : EKLAVYA MODEL RESIDENTIAL SCHOOL, BILKHAWTHLIR
Head/Principal Name: VANLALZAWNCHHUAHI","Address : TUITHA VENG, BILKHAWTHLIR, TUITHA VENG, BILKHAWTHLIR
Website : https://emrsbilkhawthlir.com"
1405,"Aff. No. :2320002
Sch. Code:35325","State : MIZORAM
District : SERCHHIP",Senior Secondary Level,"Name : EKLAVYA MODEL RESIDENTIAL SCHOOL
Head/Principal Name: Vanlalruata","Address : SERCHHIP, KAWLRI, SERCHHIP, DISTRICT- MIZAM-796 181
Website : https://emrsserchhip.mizoram.gov.in/"
1406,"Aff. No. :2380002
Sch. Code:35440","State : MIZORAM
District : SERCHHIP",Senior Secondary Level,"Name : SAINIK SCHOOL CHHINGCHHIP
Head/Principal Name: COL SOUMYABRATA DHAR","Address : SAINIK SCHOOL CHHINGCHHIP
Website : https://sschhingchhip.mizoram.gov.in/"
1407,"Aff. No. :2320103
Sch. Code:37570","State : MIZORAM
District : LAWNGTLAI",Senior Secondary Level,"Name : EKLAVYA MODEL RESIDENTIAL SCHOOL,CHAWNGTE
Head/Principal Name: LALNGHINGLOVA","Address : KAMALANAGAR-VI, CHAWNGTE
Website : https://emrschawngte.mizoram.gov.in"
1408,"Aff. No. :2320106
Sch. Code:37722","State : MIZORAM
District : MAMIT",Secondary Level,"Name : EMRS ZAWLNUAM
Head/Principal Name: C Lalringngheta","Address : VENGPUI, ZAWLNUAM , VENGPUI, ZAWLNUAM, VENGPUI, ZAWLNUAM
Website : https://emrszawlnuam.mizoram.gov.in/"
1409,"Aff. No. :2340007
Sch. Code:39359","State : MIZORAM
District : MAMIT",Senior Secondary Level,"Name : JAWAHAR NAVODAYA VIDYALAYA
Head/Principal Name: GOPAL VERMA","Address : JNV MAMIT,, LUANGPAWL, MAMIT
Website : https://navodaya.gov.in/nvs/nvs-school/Mamit/"
1410,"Aff. No. :2320104
Sch. Code:37716","State : MIZORAM
District : SIAHA",Secondary Level,"Name : EMRS NOAOHTLAH
Head/Principal Name: Vanlalthanga","Address : NIAWHTLANG-I, THLAN BUL , NIAWHTLANG
Website : https://emrsniawhtlang.com/"
1411,"Aff. No. :2320101
Sch. Code:37566","State : MIZORAM
District : SIAHA",Senior Secondary Level,"Name : EKLAVYA MODEL RESIDENTIAL SCHOOL-TIPA
Head/Principal Name: ROBERT LALMALSAWMA","Address : ALONG THE BRTF ROAD TO ZYHNO, TIPA
Website : https://www.emrstuipang.com/"
