sno,aff_no_school_code,state_district,school_head_name,address,website
1,"Aff. No. :700027
Sch. Code:24942","State : JAMMU & KASHMIR
District : ANANTNAG",Secondary Level,"Name : KENDRIYA VIDYALAYA
Head/Principal Name: SHYAM LAL YADAV","Address : BRAKPARA ANANTNAG JAMMU & KASHMIR
Website :"
2,"Aff. No. :700032
Sch. Code:24947","State : JAMMU & KASHMIR
District : ANANTNAG",Secondary Level,"Name : KENDRIYA VIDYALAYA
Head/Principal Name: SANOJ KUMAR BHARATI","Address : PAHALGAM DISTT ANANTANAG J&K
Website : www.pahalgaon.kvs.ac.in"
3,"Aff. No. :720053
Sch. Code:24605","State : JAMMU & KASHMIR
District : ANANTNAG",Secondary Level,"Name : EKLAVYA MODEL RESIDENTIAL SCHOOL SALIA, ANANTNAG
Head/Principal Name: VANDANA SHARMA","Address : VILLAGE -SALIA, POST OFFICE - SEER HAMDAN, TEHSIL- ANANTNAG EAST, MATTAN
Website : https://www.emrssalia.net"
4,"Aff. No. :730048
Sch. Code:23546","State : JAMMU & KASHMIR
District : ANANTNAG",Senior Secondary Level,"Name : DELHI PUBLIC SCHOOL ANANTNAG
Head/Principal Name: Sanjay Sharma","Address : NH-1A, SANGAM BIJBEHARA ANANTNAG (J&K)
Website : www.dpsanantnag.in"
5,"Aff. No. :730069
Sch. Code:23570","State : JAMMU & KASHMIR
District : ANANTNAG",Senior Secondary Level,"Name : SHEMFORD FUTURISTIC SCHOOL
Head/Principal Name: Gulzar Ahmad Zargar","Address : NATIONAL HIGH WAY 1-A,WANPOH
Website : HTTPS://SHEMFORDANANTNAG.COM"
6,"Aff. No. :730131
Sch. Code:23805","State : JAMMU & KASHMIR
District : ANANTNAG",Secondary Level,"Name : ARMY GOODWILL SCHOOL KHANABAL
Head/Principal Name: Ishtiyaq Abass","Address : DAK BUNGALOW, KHANABAL, ANANTNAG
Website : http://khanabal.armygoodwillschool.in"
7,"Aff. No. :730144
Sch. Code:23950","State : JAMMU & KASHMIR
District : ANANTNAG",Secondary Level,"Name : G. D. GOENKA PUBLIC SCHOOL ANANTNAG
Head/Principal Name: Asiya Murtaza","Address : RAILWAY ROAD, HARNAG, ANANTNAG
Website : www.gdgoenkaanantnag.com"
8,"Aff. No. :740011
Sch. Code:24909","State : JAMMU & KASHMIR
District : ANANTNAG",Senior Secondary Level,"Name : PM SHRI SCHOOL JAWAHAR NAVODAYA VIDYALAYA
Head/Principal Name: S.N.Gupta","Address : AISHMUQAM DISTT ANANTNAG JAMMU & KASHMIR
Website : https://navodaya.gov.in/nvs/nvs-school/ANANTNAG/en"
9,"Aff. No. :740016
Sch. Code:24915","State : JAMMU & KASHMIR
District : ANANTNAG",Secondary Level,"Name : JAWAHAR NAVODAYA VIDYALAYA
Head/Principal Name: SACHIN KUMAR","Address : MIRHAMA, DISTT. KULGAM, J & K
Website : https://navodaya.gov.in/nvs/nvs-school/KULGAM/en/h"
10,"Aff. No. :780021
Sch. Code:23551","State : JAMMU & KASHMIR
District : ANANTNAG",Senior Secondary Level,"Name : ARMY GOODWILL PUBLIC SCHOOL PAHALGAM
Head/Principal Name: Ila Upadhyaya","Address : P/O BATAKOTE VIA SEER KANILY GUND ANANTNAG
Website : http://pahalgam.armygoodwillschool.in/"
11,"Aff. No. :730059
Sch. Code:23557","State : JAMMU & KASHMIR
District : BUDGAM",Senior Secondary Level,"Name : DELHI PUBLIC SCHOOL BUDGAM
Head/Principal Name: GLORY GEORGE","Address : SHEIKHPURA - 191111, TEHSIL AND DISTRICT BUDGAM
Website : https://www.dpsbudgam.com/dps-budgam/school-information/"
12,"Aff. No. :700037
Sch. Code:24952","State : JAMMU & KASHMIR
District : BUDGAM",Secondary Level,"Name : KENDRIYA VIDYALAYA, BSF HUMHAMA
Head/Principal Name: VIJAY KUMAR","Address : BSF HUMHAMA,SRINAGAR, JAMMU & KASHMIR-190007
Website : https://humhamabsf.kvs.ac.in/"
13,"Aff. No. :740007
Sch. Code:24913","State : JAMMU & KASHMIR
District : BUDGAM",Senior Secondary Level,"Name : JAWAHAR NAVODAYA VIDYALAYA
Head/Principal Name: Devendra Kumar","Address : KHANPORA DISTT BUDGAM JAMMU & KASHMIR
Website : www.navodaya.gov.in/nvs/nvs-school/BUDGAM/en/home"
14,"Aff. No. :700025
Sch. Code:24940","State : JAMMU & KASHMIR
District : BARAMULLA",Senior Secondary Level,"Name : KENDRIYA VIDYALAYA
Head/Principal Name: Abhijeet Singh Gureniya","Address : NHPC GINGAL (URI) PO MOHRA BARAMULLA JAMMU & KASHMIR
Website : https://uri.kvs.ac.in/"
15,"Aff. No. :700013
Sch. Code:24917","State : JAMMU & KASHMIR
District : BARAMULLA",Senior Secondary Level,"Name : KENDRIYA VIDYALAYA
Head/Principal Name: SANJAY KUMAR","Address : BORDER SECURITY FORCE BANDIPUR BARAMULLA DISTT JAMMU & KASHMIR
Website : http://bsfbandipur.kvs.ac.in"
16,"Aff. No. :700018
Sch. Code:24933","State : JAMMU & KASHMIR
District : BARAMULLA",Senior Secondary Level,"Name : KENDRIYA VIDYALYA
Head/Principal Name: M SURESH J BABU","Address : BARAMULLA JAMMU & KASHMIR C/O STN COMMAND 19 ARTY C/O 56 APO
Website : https://www.baramula.kvs.ac.in"
17,"Aff. No. :730074
Sch. Code:23572","State : JAMMU & KASHMIR
District : BARAMULLA",Senior Secondary Level,"Name : DELHI PUBLIC SCHOOL
Head/Principal Name: SHASHWATA SHIVA","Address : DELINA, BARAMULLA
Website : www.dpsbaramulla.net"
18,"Aff. No. :730142
Sch. Code:23944","State : JAMMU & KASHMIR
District : BARAMULLA",Senior Secondary Level,"Name : SRM WELKIN HIGHER SECONDARY SCHOOL
Head/Principal Name: Masrat Nabi Kachroo","Address : SOPORE BARAMULLA KASHMIR, NEAR DAK BANGLOW, OPPOSITE SUB DISTRICT HOSPITAL SOPORE
Website : www.srmwelkin.com"
19,"Aff. No. :740002
Sch. Code:24902","State : JAMMU & KASHMIR
District : BARAMULLA",Senior Secondary Level,"Name : PM SHRI SCHOOL JAWAHAR NAVODAYA VIDYALAYA
Head/Principal Name: GURBINDER KUMAR DOGRA","Address : SHAHKOTE PO PRINGAL (TEH URI) BARAMULLA DISTT TEHVRI JAMMU & KASHMIR
Website : https://navodaya.gov.in/nvs/nvs-school/BARAMULLA/en/home/"
20,"Aff. No. :730127
Sch. Code:23781","State : JAMMU & KASHMIR
District : BARAMULLA",Secondary Level,"Name : DOON INTERNATIONAL SCHOOL
Head/Principal Name: NOWSHEEN BASHIR","Address : BHAT COLONY SINGHPORA, PATTAN BARAMULLA, KASHMIR
Website : www.dooninternationalbaramulla.com"
21,"Aff. No. :730129
Sch. Code:23786","State : JAMMU & KASHMIR
District : BARAMULLA",Secondary Level,"Name : G.D. GOENKA PUBLIC SCHOOL BARAMULLA
Head/Principal Name: SARTAJ AHMAD MIR","Address : SANGRAMA, SOPORE, BARAMULLA
Website : www.gdgoenkabaramulla.com"
22,"Aff. No. :700029
Sch. Code:24944","State : JAMMU & KASHMIR
District : DODA",Senior Secondary Level,"Name : KENDRIYA VIDYALAYA
Head/Principal Name: SHAMSHER SINGH SAINI","Address : BHADARWAH, DISTT DODA, J&K
Website : https://badarwah.kvs.ac.in/"
23,"Aff. No. :700150
Sch. Code:22558","State : JAMMU & KASHMIR
District : DODA",Senior Secondary Level,"Name : KENDRIYA VIDYALAYA JODHPUR DODA
Head/Principal Name: JASVIR SINGH","Address : JODHPUR, DODA
Website : www.dodajodhpur.kvs.ac.in"
24,"Aff. No. :740006
Sch. Code:24912","State : JAMMU & KASHMIR
District : DODA",Senior Secondary Level,"Name : JAWAHAR NAVODAYA VIDYALAYA
Head/Principal Name: KHEEM CHAND","Address : ARNORA (GHAT) DISTT DODA JAMMU & KASHMIR
Website : https://navodaya.gov.in/nvs/nvs-school/DODA/en/hom"
25,"Aff. No. :700038
Sch. Code:24953","State : JAMMU & KASHMIR
District : JAMMU",Senior Secondary Level,"Name : PM SHRI KENDRIYA VIDYALAYA
Head/Principal Name: HARISH KUMAR","Address : JOURIAN, JAMMU & KASHMIR-181 202
Website : https://jourian.kvs.ac.in/"
26,"Aff. No. :730001
Sch. Code:23502","State : JAMMU & KASHMIR
District : JAMMU",Senior Secondary Level,"Name : SAINIK SCHOOL
Head/Principal Name: SHIBU DEVASIA","Address : NAGROTA JAMMU JAMMU & KASHMIR
Website : www.sainikschoolnagrota.com"
27,"Aff. No. :730007
Sch. Code:23506","State : JAMMU & KASHMIR
District : JAMMU",Senior Secondary Level,"Name : MAHARAJA HARISINGH AGRICULTURAL COLLEGIATE SCHOOL
Head/Principal Name: SONIA ANAND","Address : NAGBANI P O DUMANA JAMMU TAWI JAMMU & KASHMIR
Website : www.mhacnagbani.com"
28,"Aff. No. :700022
Sch. Code:24936","State : JAMMU & KASHMIR
District : JAMMU",Senior Secondary Level,"Name : KENDRIYA VIDYALAYA
Head/Principal Name: NAVEEN KUMAR","Address : JINDRAH P.O. KANYALAYA DISTT. JAMMU, JAMMU & KASHMIR
Website : www.jindrah.kvs.ac.in"
29,"Aff. No. :700023
Sch. Code:24937","State : JAMMU & KASHMIR
District : JAMMU",Senior Secondary Level,"Name : PM SHRI KENDRIYA VIDYALAYA
Head/Principal Name: RAMESH KUMAR RATHEE","Address : KALUCHAK AT SUNJUWAN, JAMMU P O. SAINIK COLONY JAMMU & KASHMIR
Website : www.kaluchak.kvs.ac.in"
30,"Aff. No. :700020
Sch. Code:24935","State : JAMMU & KASHMIR
District : JAMMU",Senior Secondary Level,"Name : KENDRIYA VIDYALAYA
Head/Principal Name: KUMAR KRISHAN DHOORAM","Address : DAMANA LALE DE BAGH P.O. VILLAGE SANGRAMPUR TEH. & DISTT.- JAMMU, JAMMU & KASHMIR
Website : https://dhamana.kvs.ac.in"
31,"Aff. No. :700016
Sch. Code:24931","State : JAMMU & KASHMIR
District : JAMMU",Senior Secondary Level,"Name : PM SHRI KENDRIYA VIDYALAYA
Head/Principal Name: SUNITA RANI","Address : MIRAN SAHIB JAMMU DISTT, JAMMU & KASHMIR
Website : www.miransahib.kvs.ac.in"
32,"Aff. No. :730050
Sch. Code:23548","State : JAMMU & KASHMIR
District : JAMMU",Senior Secondary Level,"Name : JP WORLD SCHOOL JAMMU
Head/Principal Name: Aparana Kohli","Address : NH-1A, CHANNI, DISTT. JAMMU, JAMMU & KASHMIR
Website : www.jpworldschool.com"
33,"Aff. No. :730055
Sch. Code:23556","State : JAMMU & KASHMIR
District : JAMMU",Senior Secondary Level,"Name : G. D. GOENKA PUBLIC SCHOOL
Head/Principal Name: Arindam Roy Choudhury","Address : OPP. NAGBANI PANCHAYAT GHAR, GAJANSOO, MARH ROAD JAMMU
Website : http://www.gdgoenkajammu.org"
34,"Aff. No. :730056
Sch. Code:23553","State : JAMMU & KASHMIR
District : JAMMU",Senior Secondary Level,"Name : KC GURUKUL PUBLIC SCHOOL PALOURA, JAMMU
Head/Principal Name: MAMTA SHARMA","Address : KC GURUKUL PUBLIC SCHOOL HO 1B.C. ROAD JAMMU
Website : www.kcgurukulschool.in"
35,"Aff. No. :730058
Sch. Code:23555","State : JAMMU & KASHMIR
District : JAMMU",Senior Secondary Level,"Name : SHAURYA INTERNATIONAL SCHOOL
Head/Principal Name: DR. SWATI KAPOOR","Address : JEEVAN NAGAR ROAD,BABLIANA,P.O:-GADIGARH,JAMMU(J&K)
Website : www.sisjammu.in"
36,"Aff. No. :730038
Sch. Code:23534","State : JAMMU & KASHMIR
District : JAMMU",Senior Secondary Level,"Name : JODHA MAL PUBLIC SCHOOL
Head/Principal Name: Amita Arora","Address : CHANNI HIMMAT, JAMMU BYE PASS ROAD JAMMU (J&K)
Website : www.jodhamalschool.org"
37,"Aff. No. :730040
Sch. Code:23539","State : JAMMU & KASHMIR
District : JAMMU",Senior Secondary Level,"Name : HERITAGE SCHOOL
Head/Principal Name: AKASH PRADHAN","Address : CHOWADI NAGA SECTOR D SAINIK COLONY JAMMU J & K
Website :"
38,"Aff. No. :730042
Sch. Code:23538","State : JAMMU & KASHMIR
District : JAMMU",Senior Secondary Level,"Name : STEPHENS INTERNATIONAL PUBLIC SCHOOL
Head/Principal Name: Dr. Manjari Sehgal","Address : NIHALPUR KULLIAN MIRAN SAHIB R S PURA J & K
Website : www.stephensint.com"
39,"Aff. No. :730043
Sch. Code:23545","State : JAMMU & KASHMIR
District : JAMMU",Senior Secondary Level,"Name : K C INTERNATIONAL SCHOOL
Head/Principal Name: ANUPAMA SINHA","Address : AKHNOOR ROAD PALOURA JAMMU J & K
Website : www.kcinternationalschool.org"
40,"Aff. No. :730014
Sch. Code:23512","State : JAMMU & KASHMIR
District : JAMMU",Senior Secondary Level,"Name : ARMY PUBLIC SCHOOL
Head/Principal Name: RUCHI BAHL","Address : NAGROTA - JAMMUR JAMMU & KASHMIR
Website : www.apsnagrota.in"
41,"Aff. No. :730018
Sch. Code:23516","State : JAMMU & KASHMIR
District : JAMMU",Senior Secondary Level,"Name : MAHARAJA HARISINGH D A V CENTANARY PUBLIC SCHOOL
Head/Principal Name: VIPIN KUMAR SHARMA","Address : AKHNO JAMMU & KASHMIR
Website : www.mhsdavakhnoor.org"
42,"Aff. No. :730019
Sch. Code:23517","State : JAMMU & KASHMIR
District : JAMMU",Senior Secondary Level,"Name : J K PUBLIC SCHOOL
Head/Principal Name: SHUCHI GUPTA","Address : KUNJWANI JAMMU JAMMU & KASHMIR
Website : www.jkpublicschool.in"
43,"Aff. No. :730024
Sch. Code:23522","State : JAMMU & KASHMIR
District : JAMMU",Senior Secondary Level,"Name : MAHARISHI VIDYA MANDIR PUBLIC SCHOOL
Head/Principal Name: Mr. Vishnu Govind Verma","Address : EXTN. SAINIK COLONY JAMMU JAMMU & KASHMIR
Website : www.mvmjammu.org"
44,"Aff. No. :730025
Sch. Code:23523","State : JAMMU & KASHMIR
District : JAMMU",Senior Secondary Level,"Name : DELHI PUBLIC SCHOOL
Head/Principal Name: RUCHI CHABRA","Address : MAHARAJA HARI SINGH MARG JAMMU JAMMU & KASHMIR
Website : www.dpsjammu.in"
45,"Aff. No. :730026
Sch. Code:23524","State : JAMMU & KASHMIR
District : JAMMU",Senior Secondary Level,"Name : K C PUBLIC SCHOOL
Head/Principal Name: Amarendra Kumar Mishra","Address : AKHNOOR ROAD JAMMU JAMMU & KASHMIR
Website : www.kcpublicschool.org"
46,"Aff. No. :730027
Sch. Code:23525","State : JAMMU & KASHMIR
District : JAMMU",Senior Secondary Level,"Name : PRESENTATION CONVENT HIGH SCHOOL
Head/Principal Name: Sr Amelina Rodrigues","Address : GANDHI NAGAR, JAMMU, JAMMU & KASHMIR
Website : www.pcsjammu.org"
47,"Aff. No. :700036
Sch. Code:24951","State : JAMMU & KASHMIR
District : JAMMU",Secondary Level,"Name : KENDRIYA VIDYALAYA
Head/Principal Name: KAPIL SINGH","Address : AMINOO, KULGAM JAMMU & KASHMIR
Website :"
48,"Aff. No. :730030
Sch. Code:23527","State : JAMMU & KASHMIR
District : JAMMU",Senior Secondary Level,"Name : S O S HERMANN GMEINER SCHOOL
Head/Principal Name: Shakun Choudhary","Address : GOLE GUJRAL TALAB TILLO JAMMU JAMMU & KASHMIR
Website : http://www.hermanngmeinerschool.org"
49,"Aff. No. :730033
Sch. Code:23531","State : JAMMU & KASHMIR
District : JAMMU",Secondary Level,"Name : CYBERNETICS SECONDARY SCHOOL
Head/Principal Name: Puja Gupta","Address : ARJUN VIHAR JUNJWANI JAMMU JAMMU & KASHMIR
Website : www.cyberneticsecondaryschool.com"
50,"Aff. No. :730035
Sch. Code:23532","State : JAMMU & KASHMIR
District : JAMMU",Senior Secondary Level,"Name : MAHAVIR INTERNATIONAL SCHOOL
Head/Principal Name: KUNDAN LAL DOGRA","Address : 17 MILES STONE NH IA PO VIJAY PUR TEHSIL SAMBA DISTT JAMMU J & K
Website : http://www.dpssurat.net"
51,"Aff. No. :730036
Sch. Code:23533","State : JAMMU & KASHMIR
District : JAMMU",Secondary Level,"Name : MAHARISHI VIDYA MANDIR
Head/Principal Name: Arun Kumar Sharma","Address : KATHUA W NO 14 OPP C T M JAMMU J & K
Website :"
52,"Aff. No. :730075
Sch. Code:23574","State : JAMMU & KASHMIR
District : JAMMU",Senior Secondary Level,"Name : BHARTIYA VIDYA MANDIR
Head/Principal Name: Reena Rajput","Address : VED MANDIR AMBHALLA JAMMU
Website : www.bvmambphalla.com"
53,"Aff. No. :730076
Sch. Code:23573","State : JAMMU & KASHMIR
District : JAMMU",Senior Secondary Level,"Name : RICH HARVEST SCHOOL
Head/Principal Name: AMIT MANGOTRA","Address : BARI BRAHMANA,, SAMBA, JAMMU ,
Website : www.richharvestschool.in"
54,"Aff. No. :730078
Sch. Code:23575","State : JAMMU & KASHMIR
District : JAMMU",Senior Secondary Level,"Name : DEWAN BADRINATH VIDYA MANDIR, AMARVILLA
Head/Principal Name: RANJU MALHOTRA","Address : 155, GARDEN AVENUE TALAB TILLO P.O.: VINYAK BAZAR
Website : www.dbnschools.com"
55,"Aff. No. :730072
Sch. Code:23569","State : JAMMU & KASHMIR
District : JAMMU",Senior Secondary Level,"Name : R.M. PUBLIC SCHOOL
Head/Principal Name: HARVINDER KOUR VICE PRINCIPAL","Address : CHOWADHI, SAINIK COLONY
Website :"
56,"Aff. No. :730073
Sch. Code:23571","State : JAMMU & KASHMIR
District : JAMMU",Senior Secondary Level,"Name : BHARGAVA PUBLIC SCHOOL
Head/Principal Name: SUBHASH KUMAR","Address : BADHERI, SUPWAL
Website : www.bhargavapublicschool.in"
57,"Aff. No. :730065
Sch. Code:23567","State : JAMMU & KASHMIR
District : JAMMU",Senior Secondary Level,"Name : JAMMU SANSKRITI SCHOOL
Head/Principal Name: ROHINI AIMA","Address : ISMAILPUR KOTHEY, NEAR SEHORA, JAMMU
Website : www.jammusanskritischool.com"
58,"Aff. No. :730066
Sch. Code:23565","State : JAMMU & KASHMIR
District : JAMMU",Senior Secondary Level,"Name : INTERNATIONAL DELHI PUBLIC SCHOOL
Head/Principal Name: Vinay Kumar","Address : GURHA BRAHAMNA, ANKHNOOR JAMMU & KASHMIR
Website : www.idpsakhnoor.com"
59,"Aff. No. :730067
Sch. Code:23585","State : JAMMU & KASHMIR
District : JAMMU",Secondary Level,"Name : THE CALLIOPE SCHOOL
Head/Principal Name: AMRITA SHARMA","Address : VILLAGE DOOMI JAMMU- AKHNO HIGHWAY JAMMU
Website : www.thecalliopeschool.com"
60,"Aff. No. :730068
Sch. Code:23564","State : JAMMU & KASHMIR
District : JAMMU",Senior Secondary Level,"Name : MODEL ACADEMY
Head/Principal Name: Pramod Kumar Srivastava","Address : B.C ROAD
Website : www.modelacademy.in"
61,"Aff. No. :730081
Sch. Code:23597","State : JAMMU & KASHMIR
District : JAMMU",Secondary Level,"Name : SPRINGDALES SCHOOL
Head/Principal Name: SURINDER SINGH PATHANIA","Address : LOWER BARNAI, RAJOURI LINES, AKHNOOR ROAD JAMMU
Website : www.springdales.org"
62,"Aff. No. :730087
Sch. Code:23583","State : JAMMU & KASHMIR
District : JAMMU",Senior Secondary Level,"Name : DOON INTERNATIONAL SCHOOL
Head/Principal Name: VIKESH KAUR","Address : CHOWADHI
Website : www.disjammu.com"
63,"Aff. No. :730088
Sch. Code:21390","State : JAMMU & KASHMIR
District : JAMMU",Senior Secondary Level,"Name : GALAXY PUBLIC SCHOOL
Head/Principal Name: Bindu Bala","Address : SEC: E (EXTN.), SAINIK COLONY, JAMMU
Website : www.galaxyschooljammu."
64,"Aff. No. :730085
Sch. Code:23579","State : JAMMU & KASHMIR
District : JAMMU",Senior Secondary Level,"Name : VISHWA BHARATI PUBLIC HR. SEC. SCHOOL AKALPUR MORH, UDHEYWALLA, JAMMU
Head/Principal Name: Annapurna Koul","Address : VISHWA BHARATI PUBLIC HR. SEC. SCHOOL AKALPUR MORH, UDHEYWALLA, JAMMU
Website : www.vbpsjammu.com"
65,"Aff. No. :730091
Sch. Code:23587","State : JAMMU & KASHMIR
District : JAMMU",Secondary Level,"Name : REGIONAL RESEARCH LABORATORY HIGH SCHOOL, CANAL ROAD JAMMU
Head/Principal Name: Dr. Anita Sharma Langoo","Address : RRL HIGH SCHOOL,CANAL ROAD JAMMU
Website : www.rrlschool.com"
66,"Aff. No. :730093
Sch. Code:23589","State : JAMMU & KASHMIR
District : JAMMU",Senior Secondary Level,"Name : J&K POLICE PUBLIC SCHOOL, MIRAN SAHIB, JAMMU
Head/Principal Name: Rajeev Sharma","Address : MIRAN SAHIB, JAMMU JAMMU & KASHMIR , 181101
Website : www.jkpolicepublicschool.com"
67,"Aff. No. :730095
Sch. Code:23591","State : JAMMU & KASHMIR
District : JAMMU",Secondary Level,"Name : DELHI PUBLIC SCHOOL NAGBANI, JAMMU - (WEST)
Head/Principal Name: RAJ KUMAR VERMA","Address : MAHARANI BAGH, RAKH NAGBANI, JAMMU- (WEST), JAMMU & KASHMIR
Website : www.dpsnagbani.com"
68,"Aff. No. :700001
Sch. Code:24918","State : JAMMU & KASHMIR
District : JAMMU",Senior Secondary Level,"Name : PM SHRI KENDRIYA VIDYALAYA NO 1
Head/Principal Name: AKASH GUPTA","Address : NEAR GOAL MARKET, GANDHI NAGAR JAMMU JAMMU & KASHMIR
Website : https://no1jammu.kvs.ac.in/"
69,"Aff. No. :700002
Sch. Code:24921","State : JAMMU & KASHMIR
District : JAMMU",Senior Secondary Level,"Name : PM SHRI KENDRIYA VIDYALAYA NO 2
Head/Principal Name: SUNIL KUMAR YADAV","Address : JAMMU CANTT JAMMU & KASHMIR
Website : https://no2jammucantt.kvs.ac.in"
70,"Aff. No. :700008
Sch. Code:24919","State : JAMMU & KASHMIR
District : JAMMU",Senior Secondary Level,"Name : PM SHRI KENDRIYA VIDYALAYA
Head/Principal Name: MANOJ KUMAR","Address : BANTALAB C R P F CAMPUS JAMMU JAMMU & KASHMIR
Website : www.crpfbantalab.kvs.ac.in"
71,"Aff. No. :700009
Sch. Code:24916","State : JAMMU & KASHMIR
District : JAMMU",Senior Secondary Level,"Name : KENDRIYA VIDYALAYA NO 1
Head/Principal Name: BHUSHAN KUMAR","Address : AKHNOOR, DISTT JAMMU, JAMMU & KASHMIR
Website : https://no1akhnoor.kvs.ac.in"
72,"Aff. No. :700010
Sch. Code:24920","State : JAMMU & KASHMIR
District : JAMMU",Senior Secondary Level,"Name : PM SHRI KENDRIYA VIDYALAYA
Head/Principal Name: RAM KISHAN DAHIYA","Address : NAGROTA, DISTT JAMMU, JAMMU & KASHMIR
Website : https://nagrota.kvs.ac.in/"
73,"Aff. No. :740010
Sch. Code:24908","State : JAMMU & KASHMIR
District : JAMMU",Senior Secondary Level,"Name : PM SHRI SCHOOL JAWAHAR NAVODAYA VIDYALAYA
Head/Principal Name: DALBIR SINGH SAKLANI","Address : N U D P W D RENTAL HOUSING COLONY SAMBA DISTT JAMMU JAMMU & KASHMIR
Website : https://navodaya.gov.in/nvs/nvs-school/SAMBA/en/ab"
74,"Aff. No. :740015
Sch. Code:23560","State : JAMMU & KASHMIR
District : JAMMU",Senior Secondary Level,"Name : PM SHRI SCHOOL JAWAHAR NAVODAYA VIDYALAYA
Head/Principal Name: TARANJIT SINGH","Address : VPO GHAROTA, DISTT JAMMU, J&K-181122
Website : https://navodaya.gov.in/nvs/nvs-school/Jammu-1/en/"
75,"Aff. No. :740018
Sch. Code:24954","State : JAMMU & KASHMIR
District : JAMMU",Senior Secondary Level,"Name : PM SHRI SCHOOL JAWAHAR NAVODAYA VIDYALAYA NARDI BALA (AKHNO)
Head/Principal Name: SANGEETA SHONIK","Address : NARDI BALA, AKHNO, JAMMU-II, JAMMU & KASHMIR-181201 AKHNO,JAMMU & KASHMIR ,JAMMU,181201
Website : www.navodaya.gov.in/nvs/nvs-school/Jammu-2/en/home"
76,"Aff. No. :730143
Sch. Code:23945","State : JAMMU & KASHMIR
District : JAMMU",Middle Class,"Name : SAPPHIRE ROOTS AND WINGS SCHOOL
Head/Principal Name: MONA VAID","Address : HARSA DABBAR , BISHNAH, JAMMU
Website : http://srwschool.in"
77,"Aff. No. :730200
Sch. Code:21354","State : JAMMU & KASHMIR
District : JAMMU",Senior Secondary Level,"Name : INTERNATIONAL DAILY RISING SCHOOL
Head/Principal Name: Atul Hans","Address : CHOWADI, SAINIK COLONY, JAMMU
Website : www.idrsedu.com"
78,"Aff. No. :730201
Sch. Code:21375","State : JAMMU & KASHMIR
District : JAMMU",Secondary Level,"Name : SUSHILA NARENDRA JIT SINGH VIDYA MANDIR
Head/Principal Name: NEETU GUPTA","Address : SUSHEEL NAGAR,CAMP ROAD,NEAR JASWANT PLAZZA,TALAB TILLO
Website : www.snsdbn.com"
79,"Aff. No. :730202
Sch. Code:21396","State : JAMMU & KASHMIR
District : JAMMU",Senior Secondary Level,"Name : CAMBRIDGE INTERNATIONAL SCHOOL
Head/Principal Name: Pooja Chib","Address : PURKHOO CAMP, DOMANA, JAMMU
Website : www.cambridgejammu.in"
80,"Aff. No. :730203
Sch. Code:21404","State : JAMMU & KASHMIR
District : JAMMU",Senior Secondary Level,"Name : CARMEL CONVENT SCHOOL
Head/Principal Name: SR MARIA SUZETTE A.C.","Address : KUNJWANI BY-PASS GANGYAL P.O
Website : www.carmeljammu.com"
81,"Aff. No. :730135
Sch. Code:23856","State : JAMMU & KASHMIR
District : JAMMU",Secondary Level,"Name : INTERNATIONAL DELHI PUBLIC SCHOOL- GHOU MANHASAN
Head/Principal Name: Sahrish Ismaily","Address : WARD NO. 1 GHOU MANHASAN , NEAR BPCL PETROL PUMP - 181206, GHOU MANHASAN JAMMU
Website : www.idpsghoumanhasan.com"
82,"Aff. No. :730137
Sch. Code:23865","State : JAMMU & KASHMIR
District : JAMMU",Secondary Level,"Name : NEEL KAMAL HIGH SCHOOL
Head/Principal Name: ROHANI SHARMA","Address : LOWER THATHER CHOWK, NEAR AMBA FILLING STATION, BANTALAB, DIST.- JAMMU, ZONE- BHALWAL
Website : www.neelkamalschool.com"
83,"Aff. No. :730141
Sch. Code:23936","State : JAMMU & KASHMIR
District : JAMMU",Secondary Level,"Name : INTERNATIONAL DELHI PUBLIC SCHOOL R S PURA
Head/Principal Name: AJAY SHARMA","Address : JINDLEHAR, TANDA ROAD, R S PURA
Website : www.idpsrspura.com"
84,"Aff. No. :730130
Sch. Code:23799","State : JAMMU & KASHMIR
District : JAMMU",Secondary Level,"Name : THE ASIAN SCHOOL
Head/Principal Name: ATUL MANOHARLAL SAXENA","Address : DHINDE KALAN, MIRAN SAHIB, JAMMU
Website : https://theasianschooljammu.net/"
85,"Aff. No. :730126
Sch. Code:23779","State : JAMMU & KASHMIR
District : JAMMU",Senior Secondary Level,"Name : DOLPHIN INTERNATIONAL SCHOOL
Head/Principal Name: Anurag Dass","Address : TENGPUNA PULWAMA, PULWAMA, KASHMIR
Website : www.dolphinschool.edu.in"
86,"Aff. No. :730116
Sch. Code:23649","State : JAMMU & KASHMIR
District : JAMMU",Senior Secondary Level,"Name : SHUBH INTERNATIONAL SCHOOL
Head/Principal Name: SHILPA MAHAJAN","Address : BUS STAND , AKHNOOR, JAMMU
Website : www.shubhmemorialinternationalschool.com"
87,"Aff. No. :730119
Sch. Code:23679","State : JAMMU & KASHMIR
District : JAMMU",Senior Secondary Level,"Name : SGSD INTERNATIONAL SCHOOL
Head/Principal Name: ANIL PATHANIA","Address : JAMMU, JAMMU AND KASHMIR
Website : HTTP://WWW.SGSDINTERNATIONALSCHOOL.COM"
88,"Aff. No. :730120
Sch. Code:23730","State : JAMMU & KASHMIR
District : JAMMU",Secondary Level,"Name : MOUNT LITERA ZEE SCHOOL
Head/Principal Name: Nitasha Bali","Address : ANAND NAGAR, BOHRI, JAMMU
Website : www.mountliterajammu.com"
89,"Aff. No. :730122
Sch. Code:23737","State : JAMMU & KASHMIR
District : JAMMU",Senior Secondary Level,"Name : GD GOENKA PUBLIC SCHOOL
Head/Principal Name: POONAM DEVI","Address : GURHA BRAHMANA, AKHNOOR, JAMMU
Website : www.gdgoenkaakhnoor.com"
90,"Aff. No. :730123
Sch. Code:23750","State : JAMMU & KASHMIR
District : JAMMU",Secondary Level,"Name : DIVINE LIGHT CONVENT SCHOOL
Head/Principal Name: Radhu Gupta","Address : SAI ROAD, DABLEHAR, R S PURA JAMMU
Website : http://www.divinelightconventschoolrspura.com"
91,"Aff. No. :730100
Sch. Code:23599","State : JAMMU & KASHMIR
District : JAMMU",Secondary Level,"Name : SANT HARE RAM DASS PUBLIC SCHOOL
Head/Principal Name: NARINDER SINGH CHIB","Address : PO: MANDAL
Website : www.shrdpublicschool.com"
92,"Aff. No. :730102
Sch. Code:23600","State : JAMMU & KASHMIR
District : JAMMU",Senior Secondary Level,"Name : INTERNATIONAL DELHI PUBLIC SCHOOL
Head/Principal Name: RANDEEP WAZIR","Address : NEAR MATADOR STAND , SUNJWAN, JAMMU
Website : www.idpsjammu.com"
93,"Aff. No. :730103
Sch. Code:23601","State : JAMMU & KASHMIR
District : JAMMU",Secondary Level,"Name : RMG INTERNATIONAL SCHOOL
Head/Principal Name: INDU KAPOOR OFFICIATING PRINCIPAL","Address : VILL JANDIAL
Website : www.rmginternational.in"
94,"Aff. No. :730097
Sch. Code:23595","State : JAMMU & KASHMIR
District : JAMMU",Senior Secondary Level,"Name : BRITISH INTERNATIONAL SCHOOL
Head/Principal Name: Roopinder Kour","Address : SAINIK COLONY SECTOR D
Website : http://www.bisjmu.com"
95,"Aff. No. :730110
Sch. Code:23609","State : JAMMU & KASHMIR
District : JAMMU",Senior Secondary Level,"Name : UNIQUE INTERNATIONAL PUBLIC SCHOOL
Head/Principal Name: Nirlep Kour","Address : P/O GADI GARH, JAMMU
Website : www.uniquepublicschool.in"
96,"Aff. No. :730113
Sch. Code:23646","State : JAMMU & KASHMIR
District : JAMMU",Secondary Level,"Name : ST. PETER'S HIGH SCHOOL, B.C. ROAD JAMMU
Head/Principal Name: FR JUSTIN THIRAVIAM","Address : JAMMU CITY, BUS STAND
Website : https://stpetersjammu.org/"
97,"Aff. No. :780005
Sch. Code:23504","State : JAMMU & KASHMIR
District : JAMMU",Senior Secondary Level,"Name : ARMY PUBLIC SCHOOL
Head/Principal Name: Sonal Sharma","Address : SAINIK COLONY RATNUCHAK P.O. JAMMU JAMMU & KASHMIR
Website : www.apsratnuchak.com"
98,"Aff. No. :780006
Sch. Code:23503","State : JAMMU & KASHMIR
District : JAMMU",Senior Secondary Level,"Name : AIR FORCE SCHOOL
Head/Principal Name: Shuchi Gupta","Address : AIR FORCE STATION P O SATWARI JAMMU CANTT JAMMU JAMMU & KASHMIR
Website : www.afsjammu.co.in"
99,"Aff. No. :780007
Sch. Code:23505","State : JAMMU & KASHMIR
District : JAMMU",Senior Secondary Level,"Name : ARMY PUBLIC SCHOOL
Head/Principal Name: PUNEET KAUR","Address : OPP WAR MEMORIAL HALL SATWARI NEAR PEER BABA JAMMU CANTT JAMMU & KASHMIR
Website : www.apsjammucantt.com"
100,"Aff. No. :780011
Sch. Code:23513","State : JAMMU & KASHMIR
District : JAMMU",Senior Secondary Level,"Name : ARMY PUBLIC SCHOOL
Head/Principal Name: NAMARTA","Address : KALUCHAK P O GANGYAL JAMMU JAMMU & KASHMIR
Website : http://apskaluchak.edu.in"
101,"Aff. No. :780012
Sch. Code:23515","State : JAMMU & KASHMIR
District : JAMMU",Senior Secondary Level,"Name : ARMY PUBLIC SCHOOL
Head/Principal Name: GEETA DEVI","Address : AKHNOOR JAMMU & KASHMIR
Website : www.armypublicschoolakhnoor.com"
102,"Aff. No. :780013
Sch. Code:23518","State : JAMMU & KASHMIR
District : JAMMU",Senior Secondary Level,"Name : ARMY PUBLIC SCHOOL
Head/Principal Name: PUSHPINDER KAUR","Address : DAMANA (MUTHI) JAMMU J & K
Website : www.apsdamana.org.in"
103,"Aff. No. :780014
Sch. Code:23519","State : JAMMU & KASHMIR
District : JAMMU",Senior Secondary Level,"Name : ARMY PUBLIC SCHOOL
Head/Principal Name: RITU SHARMA","Address : MARALIA MIRAN SAHIB JAMMU & KASHMIR
Website : www.apsmiransahib.in"
104,"Aff. No. :780015
Sch. Code:23520","State : JAMMU & KASHMIR
District : JAMMU",Senior Secondary Level,"Name : ARMY PUBLIC SCHOOL
Head/Principal Name: SANJEEV PRADHAN","Address : SAMBA DISTT JAMMU JAMMU KASHMIR
Website : www.apssamba.co.in"
105,"Aff. No. :780016
Sch. Code:23521","State : JAMMU & KASHMIR
District : JAMMU",Senior Secondary Level,"Name : ARMY PUBLIC SCHOOL
Head/Principal Name: NEETA RAWAL","Address : B D BARI TEHSIL SAMBA DISTT JAMMU JAMMU & KASHMIR
Website : www.apsbdbari.org"
106,"Aff. No. :780023
Sch. Code:23592","State : JAMMU & KASHMIR
District : JAMMU",Secondary Level,"Name : ARMY PUBLIC SCHOOL, SUNJUWAN, JAMMU
Head/Principal Name: DINESH VERMA","Address : C/O 36 INFANTRY BRIGADE (PIN-908036) C/O 56 APO
Website : http://www.apssunjuwan.com"
107,"Aff. No. :780024
Sch. Code:23501","State : JAMMU & KASHMIR
District : JAMMU",Senior Secondary Level,"Name : B S F SR SEC SCHOOL
Head/Principal Name: SATINDRA KUMAR SHUKLA","Address : PALAURA CAMP JAMMU JAMMU & KASHMIR
Website : www.bsfschooljammu.org"
108,"Aff. No. :780019
Sch. Code:23530","State : JAMMU & KASHMIR
District : JAMMU",Senior Secondary Level,"Name : ARMY PUBLIC SCHOOL
Head/Principal Name: SHASWATI GHOSH","Address : RAKHMUTHI JAMMU JAMMU & KASHMIR
Website : www.apsrakhmuthi.org"
109,"Aff. No. :700011
Sch. Code:24922","State : JAMMU & KASHMIR
District : KATHUA",Senior Secondary Level,"Name : PM SHRI KENDRIYA VIDYALAYA
Head/Principal Name: BIRAJ MOHINI","Address : LAKHANPUR DISTT KATHUA JAMMU & KASHMIR
Website : https://lakhanpur.kvs.ac.in/"
110,"Aff. No. :730092
Sch. Code:23588","State : JAMMU & KASHMIR
District : KATHUA",Senior Secondary Level,"Name : TINY SCHOLARS SCHOOL
Head/Principal Name: POOJA GUPTA","Address : LOGATE MORH JAWAHAR NAGAR TEHSIL AND DISTRICT KATHUA JAMMU AND KASHMIR
Website : www.tinyscholarskathua.com"
111,"Aff. No. :730086
Sch. Code:23582","State : JAMMU & KASHMIR
District : KATHUA",Senior Secondary Level,"Name : J.K.PUBLIC SCHOOL
Head/Principal Name: Dr M K Bhan","Address : P.O. LACCHIPUR, BARWAL MORH, KATHUA
Website : www.jkpskathua.com"
112,"Aff. No. :730089
Sch. Code:23584","State : JAMMU & KASHMIR
District : KATHUA",Secondary Level,"Name : INTERNATIONAL DELHI PUBLIC SCHOOL
Head/Principal Name: Sanjay Kumar Tutoo","Address : LIONS CLUB LANE, HATLI MORH, KATHUA,JAMMU & KASHMIR-184102
Website :"
113,"Aff. No. :730083
Sch. Code:23580","State : JAMMU & KASHMIR
District : KATHUA",Senior Secondary Level,"Name : D. A. V. COLLEGIATE SCHOOL
Head/Principal Name: MEENAKSHI","Address : JAMMU - LAKHANPUR, LACHHIPUR MORE, KATHUA J&K
Website : www.davkathua.com"
114,"Aff. No. :730084
Sch. Code:23581","State : JAMMU & KASHMIR
District : KATHUA",Senior Secondary Level,"Name : JAMMU SANSKRITI SCHOOL,KATHUA
Head/Principal Name: Mili Sumbria","Address : NH-1A,BEHIND BHARAT COLLEGE OF EDUCATION, HATLI MORH,KATHUA
Website : www.jammusanskritischoolkth.in"
115,"Aff. No. :730071
Sch. Code:23568","State : JAMMU & KASHMIR
District : KATHUA",Senior Secondary Level,"Name : SANT BAL YOGESHWAR BHARTIYA VIDYA MANDIR DADWARA
Head/Principal Name: SAVITA SHARMA","Address : VILLAGE-DADWARA, P.O-PHINTER
Website : www.sbybvm.org.in"
116,"Aff. No. :730080
Sch. Code:23577","State : JAMMU & KASHMIR
District : KATHUA",Senior Secondary Level,"Name : INDIAN PUBLIC SCHOOL(KIDZEE), NATIONAL HIGHWAY, KATHUA
Head/Principal Name: BALWINDER KAUR","Address : NEAR NATIONAL HIGHWAY, KATHUA
Website : www.ipskathua.org"
117,"Aff. No. :730077
Sch. Code:23593","State : JAMMU & KASHMIR
District : KATHUA",Senior Secondary Level,"Name : MOUNT LITERA ZEE SCHOOL
Head/Principal Name: CHARU ANDOTRA","Address : LOGATE
Website : www.mlzskathua.com"
118,"Aff. No. :730032
Sch. Code:23529","State : JAMMU & KASHMIR
District : KATHUA",Senior Secondary Level,"Name : ST XAVIERS CONVENT SCHOOL
Head/Principal Name: JOSHY GEORGE MATHEW","Address : HATLI MORH INDUSTRIAL ESTATE PO KATHUA JAMMU & KASHMIR
Website : www.xavierskathua.com"
119,"Aff. No. :730051
Sch. Code:23549","State : JAMMU & KASHMIR
District : KATHUA",Senior Secondary Level,"Name : D.S. HERITAGE SCHOLARS SCHOOL
Head/Principal Name: ARUN KUMAR","Address : NEAR BARWAL MORH ( NATIONAL HIGHWAY NH-1A ) , KATHUA , JAMMU & KASHMIR
Website : www.dsheritageschool.com"
120,"Aff. No. :730060
Sch. Code:23558","State : JAMMU & KASHMIR
District : KATHUA",Senior Secondary Level,"Name : DELHI PUBLIC SCHOOL ,KATHUA
Head/Principal Name: VIVEK ARORA","Address : RAJ BAGH EDUCATIONAL TRUST- KATHUA
Website : www.dpskathua.com"
121,"Aff. No. :730063
Sch. Code:23561","State : JAMMU & KASHMIR
District : KATHUA",Senior Secondary Level,"Name : SAI INTERNATIONAL SCHOOL
Head/Principal Name: SHIV KUMAR","Address : VILL JANGI CHACK PO HIRANAGAR, KATHUA, J&K
Website : www.sishiranagar.com"
122,"Aff. No. :730064
Sch. Code:23562","State : JAMMU & KASHMIR
District : KATHUA",Senior Secondary Level,"Name : KARTAR PUBLIC SCHOOL
Head/Principal Name: HARPREET KAUR","Address : NH-1A, BARNOTI, DISTT KATHUA, JAMMU & KASHMIR
Website : www.kartarpublicschool.org"
123,"Aff. No. :700026
Sch. Code:24941","State : JAMMU & KASHMIR
District : KATHUA",Senior Secondary Level,"Name : PM SHRI KENDRIYA VIDYALAYA KATHUA
Head/Principal Name: SURAJ PRASAD","Address : JANGLOTE ROAD,NEAR ARMY CANTT AREA, KATHUA
Website : www.kathua.kvs.ac.in"
124,"Aff. No. :700031
Sch. Code:24946","State : JAMMU & KASHMIR
District : KATHUA",Senior Secondary Level,"Name : PM SHRI KENDRIYA VIDYALAYA
Head/Principal Name: NARINDER KUMARI CHUMBER","Address : HIRA NAGAR RAWI TAWI COMPLEX HIRA NAGAR DISTT KATHUA J&K
Website : www.hiranagar.kvs.ac.in"
125,"Aff. No. :780008
Sch. Code:23514","State : JAMMU & KASHMIR
District : KATHUA",Senior Secondary Level,"Name : ARMY PUBLIC SCHOOL
Head/Principal Name: VISHAKHA SHARMA","Address : JANGLOT PO DISTT. KATHUA JAMMU & KASHMIR
Website : www.apsjanglot.org"
126,"Aff. No. :730114
Sch. Code:23647","State : JAMMU & KASHMIR
District : KATHUA",Senior Secondary Level,"Name : MONTESSORI CITY SCHOOL
Head/Principal Name: Renu Salotra","Address : NEAR INCOME TAX OFFICE, KATHUA
Website : www.montessoricityschool.com"
127,"Aff. No. :730099
Sch. Code:23598","State : JAMMU & KASHMIR
District : KATHUA",Secondary Level,"Name : MINERVA PUBLIC SCHOOL
Head/Principal Name: RUHY SHARMA","Address : NATIONAL HIGHWAY BARNOTI(VILLAGE BUDHI) KATHUA
Website : www.mpsbarnoti.com"
128,"Aff. No. :730112
Sch. Code:23635","State : JAMMU & KASHMIR
District : KATHUA",Secondary Level,"Name : BHARTIYA VIDYA MANDIR HIGH SCHOOL HIRANAGAR
Head/Principal Name: SHILPI KHAJURIA","Address : DISTT. KATHUA, J&K
Website : https://bhartiyavidyamandir.com/control_panel/"
129,"Aff. No. :730105
Sch. Code:23665","State : JAMMU & KASHMIR
District : KATHUA",Secondary Level,"Name : HOLY PRESENTATION CONVENT SCHOOL NH RAJBAGH KATHUA
Head/Principal Name: ASHOK SINGH","Address : LBS COLLEGE COMPLEX
Website : www.hpcsrajbagh.in"
130,"Aff. No. :730125
Sch. Code:23762","State : JAMMU & KASHMIR
District : KATHUA",Secondary Level,"Name : CAMBRIDGE INTERNATIOAL SCHOOL
Head/Principal Name: JYOTI SALGOTRA","Address : CHADWAL, NEAR POLICE STATION, KATHUA
Website : https://cischadwal.com/"
131,"Aff. No. :730134
Sch. Code:23845","State : JAMMU & KASHMIR
District : KATHUA",Secondary Level,"Name : BIRLA INTERNATIONAL SCHOOL
Head/Principal Name: ARUN KUMAR","Address : KATTAL BRAHMANA, TEHSIL HIRANAGAR, DISTRICT KATHUA
Website : https://birlaopenmindshiranagar.com/"
132,"Aff. No. :740008
Sch. Code:24904","State : JAMMU & KASHMIR
District : KATHUA",Senior Secondary Level,"Name : PM SHRI SCHOOL JAWAHAR NAVODAYA VIDYALAYA
Head/Principal Name: Archana Sharma","Address : BASOHLI DISTT. KATHUA JAMMU & KASHMIR
Website : https://www.navodaya.gov.in/nvs/nvs-school/KATHUA/"
133,"Aff. No. :740012
Sch. Code:24905","State : JAMMU & KASHMIR
District : KUPWARA",Senior Secondary Level,"Name : JAWAHAR NAVODAYA VIDYALAYA
Head/Principal Name: SALAUDDIN KHAN","Address : LALAB PUTUSHAI KUPWARA JAMMU & KASHMIR
Website : https://navodaya.gov.in/nvs/nvs-school/KUPWARA/en/"
134,"Aff. No. :730133
Sch. Code:23835","State : JAMMU & KASHMIR
District : KUPWARA",Secondary Level,"Name : SHEMFORD FUTURISTIC SCHOOL KUPWARA
Head/Principal Name: Neelima V Kothaiah","Address : NYARI, KRALPORA, TEHSIL KRALPORA, DISTRICT KUPWARA
Website : www.shemfordkupwara.com"
135,"Aff. No. :780022
Sch. Code:23554","State : JAMMU & KASHMIR
District : KUPWARA",Senior Secondary Level,"Name : ARMY GOODWILL SCHOOL, WAYNE
Head/Principal Name: TARIQ AHMAD TARIQ","Address : PO-HALMATPA, KUPWARA, JAMMU & KASHMIR-193222
Website : http://wayne.armygoodwillschool.in/"
136,"Aff. No. :720055
Sch. Code:24608","State : JAMMU & KASHMIR
District : POONCH",Senior Secondary Level,"Name : EKLAVYA MODEL RESIDENTIAL SCHOOL BHERA MENDHAR
Head/Principal Name: VIKKI SHARMA","Address : BHRA MENDHAR POONCH, BHERA MENDHAR DISTT POONCH, BHERA MENDHAR DISTT POONCH
Website : https://emrsmendhar.in/affiliation.php"
137,"Aff. No. :730106
Sch. Code:23606","State : JAMMU & KASHMIR
District : POONCH",Senior Secondary Level,"Name : SAI SCHOOL OF EDUCATION
Head/Principal Name: Sakshi Sharma","Address : POWER HOUSE WARD NO.08 POONCH
Website : https://saischooleducation.com"
138,"Aff. No. :730115
Sch. Code:23648","State : JAMMU & KASHMIR
District : POONCH",Secondary Level,"Name : CHRIST SCHOOL DEGWAR
Head/Principal Name: SUJITH MATHEW","Address : POONCH, HAVELI
Website : www.christschooldegwar.edu.in"
139,"Aff. No. :740009
Sch. Code:24914","State : JAMMU & KASHMIR
District : POONCH",Senior Secondary Level,"Name : JAWAHAR NAVODAYA VIDYALAYA
Head/Principal Name: NITIN ARORA","Address : SURANKOT DISTT. POONCH JAMMU & KASHMIR
Website : https://www.navodaya.gov.in/nvs/nvs-school/POONCH/"
140,"Aff. No. :700021
Sch. Code:24938","State : JAMMU & KASHMIR
District : PULWAMA",Secondary Level,"Name : KENDRIYA VIDYALAYA
Head/Principal Name: Neeraj Khattak","Address : AFS, AWANTIPUR, C/O 56 APO, DISTT PULWAMA, J&K
Website : www.afsawantipura.kvs.ac.in"
141,"Aff. No. :740019
Sch. Code:22501","State : JAMMU & KASHMIR
District : PULWAMA",Secondary Level,"Name : JNV PULWAMA
Head/Principal Name: Varun Kumar","Address : VILLAGE NOWNAGRI TAHAB
Website : https://navodaya.gov.in/nvs/nvs-school/Pulwama/en/"
142,"Aff. No. :740001
Sch. Code:24901","State : JAMMU & KASHMIR
District : PULWAMA",Senior Secondary Level,"Name : JAWAHAR NAVODAYA VIDYALAYA
Head/Principal Name: Kailash Chander","Address : AGLAR PULWAMA JAMMU & KASHMIR
Website : https://navodaya.gov.in.nvs.shopian.home"
143,"Aff. No. :730118
Sch. Code:23672","State : JAMMU & KASHMIR
District : PULWAMA",Senior Secondary Level,"Name : BIRLA OPEN MINDS INTERNATIONAL SCHOOL
Head/Principal Name: Dr Mehnaz Rehman","Address : PAMPORE (GALANDER),, KASHMIR
Website : https://bomispampore.com"
144,"Aff. No. :720054
Sch. Code:24607","State : JAMMU & KASHMIR
District : RAJOURI",Senior Secondary Level,"Name : EKLAVYA MODEL RESIDENTIAL SCHOOL GURDHANBALA RAJOURI
Head/Principal Name: Jaipal Singh Jamwal","Address : GURDHANBALA, RAJOURI, JAMMU AND KASHMIR
Website : www.emrsrajouri.in"
145,"Aff. No. :700035
Sch. Code:24950","State : JAMMU & KASHMIR
District : RAJOURI",Senior Secondary Level,"Name : KENDRIYA VIDYALAYA
Head/Principal Name: RAM NARESH MEENA","Address : B.S.F. CAMPUS, SUNDERBANI, DISTT RAJOURI, J & K
Website : https://www.bsfsunderbani.kvs.ac.in"
146,"Aff. No. :720051
Sch. Code:24603","State : JAMMU & KASHMIR
District : RAJOURI",Senior Secondary Level,"Name : EKLAVYA MODEL RESIDENTIAL SCHOOL EMRS HUBBI KOTRANKA
Head/Principal Name: Ranjan Kumar","Address : HUBBI KOTRANKA, TEHSIL KOTRANKA, BLOCK BUDHAL
Website : www.emrskotranka.in"
147,"Aff. No. :730041
Sch. Code:23537","State : JAMMU & KASHMIR
District : RAJOURI",Senior Secondary Level,"Name : SH GURU GANG DEVJI MODEL SCHOOL
Head/Principal Name: VINOD SINGH","Address : SUNDER BANI SHIVKASI RAJOURI J & K
Website : www.sggdjmodelshool.in"
148,"Aff. No. :730045
Sch. Code:23542","State : JAMMU & KASHMIR
District : RAJOURI",Senior Secondary Level,"Name : DELHI PUBLIC SCHOOL
Head/Principal Name: JASBIR SINGH SASAN","Address : P.O.MURADPUR, DISTT RAJOURI, JAMMU & KASHMIR
Website : www.dpsrajouri.in"
149,"Aff. No. :730037
Sch. Code:23535","State : JAMMU & KASHMIR
District : RAJOURI",Senior Secondary Level,"Name : ARMY GOODWILL PUBLIC SCHOOL
Head/Principal Name: GURNAM KOUR","Address : RAJOURI J & K
Website : http://rajouri.armygoodwillschool.in/"
150,"Aff. No. :700012
Sch. Code:24923","State : JAMMU & KASHMIR
District : RAJOURI",Senior Secondary Level,"Name : PM SHRI KENDRIYA VIDYALAYA BSF CAMPUS RAJOURI
Head/Principal Name: VIKRANT KUMAR","Address : B S F CAMPUS RAJOURI JAMMU & KASHMIR
Website : https://bsfrajouri.kvs.ac.in"
151,"Aff. No. :730117
Sch. Code:23669","State : JAMMU & KASHMIR
District : RAJOURI",Secondary Level,"Name : CHRIST SCHOOL RAJOURI
Head/Principal Name: MARTIN V A","Address : BATHUNI PO, RAJOURI
Website : www.christrajouri.com"
152,"Aff. No. :730107
Sch. Code:23604","State : JAMMU & KASHMIR
District : RAJOURI",Senior Secondary Level,"Name : CHRIST HIGH SCHOOL NOWSHERA
Head/Principal Name: LIJO VAKANIPUZHA","Address : WARD NO 6 NOWSHERA
Website : www.christnowshera.in"
153,"Aff. No. :740005
Sch. Code:24906","State : JAMMU & KASHMIR
District : RAJOURI",Senior Secondary Level,"Name : PM SHRI SCHOOL JAWAHAR NAVODAYA VIDYALAYA
Head/Principal Name: SANDEEP KUMAR JAIN","Address : KOTRANKA DISTT RAJOURI JAMMU & KASHMIR
Website : https://navodaya.gov.in/nvs/nvs-school/RAJOURI/en/"
154,"Aff. No. :700003
Sch. Code:24925","State : JAMMU & KASHMIR
District : SRINAGAR",Senior Secondary Level,"Name : PM SHRI KENDRIYA VIDYALAYA NO I SRINAGAR
Head/Principal Name: AMAR JYOTI SHARMA","Address : BADAMI BAGH CANTT SRINAGAR JAMMU & KASHMIR
Website : https://no1srinagar.kvs.ac.in/"
155,"Aff. No. :700004
Sch. Code:24926","State : JAMMU & KASHMIR
District : SRINAGAR",Senior Secondary Level,"Name : PM SHRI KENDRIYA VIDYALAYA NO 2
Head/Principal Name: ANIL SHARMA","Address : AIR FORCE STATION NEW AIR PT SRINAGAR JAMMU & KASHMIR
Website : http://no2srinagar.kvs.ac.in"
156,"Aff. No. :720057
Sch. Code:24612","State : JAMMU & KASHMIR
District : SRINAGAR",Middle Class,"Name : CANTT BOARD PUBLIC SCHOOL
Head/Principal Name: Haneefa Akhtar","Address : SONWAR, BADAMIBAGH CANTONMENT, SRINAGAR
Website : https://www.badamibagh.cantt.gov.in"
157,"Aff. No. :730029
Sch. Code:23526","State : JAMMU & KASHMIR
District : SRINAGAR",Senior Secondary Level,"Name : DELHI PUBLIC SCHOOL
Head/Principal Name: SHAFAQ AFSHAN","Address : ATHWAJAN BYE PASS CHOWK SRINAGAR JAMMU & KASHMIR
Website : www.dpssrinagar.com"
158,"Aff. No. :700024
Sch. Code:24939","State : JAMMU & KASHMIR
District : SRINAGAR",Senior Secondary Level,"Name : PM SHRI KENDRIYA VIDYALAYA NO III
Head/Principal Name: S K Bordia","Address : BSF CAMPUS PANTHA CHOWK P O SRINAGAR JAMMU & KASHMIR
Website : https://no3srinagarbsf.kvs.ac.in"
159,"Aff. No. :730079
Sch. Code:23576","State : JAMMU & KASHMIR
District : SRINAGAR",Senior Secondary Level,"Name : MINTO CIRCLE ENGLISHMEDIUM HIGH SCHOOL
Head/Principal Name: Samina Roohi","Address : ALLUCHI BAGH, NEAR KHADI MILL, SRINAGAR
Website : www.mintocircleschool.com"
160,"Aff. No. :730082
Sch. Code:23578","State : JAMMU & KASHMIR
District : SRINAGAR",Senior Secondary Level,"Name : DOON SCHOOL SRINAGAR
Head/Principal Name: Syed Mohammad Ayub Kamili","Address : HOKARSAR HMT,SRINAGAR
Website : www.doonsrinagar.com"
161,"Aff. No. :730090
Sch. Code:23586","State : JAMMU & KASHMIR
District : SRINAGAR",Senior Secondary Level,"Name : G.D GOENKA PUBLIC SCHOOL SRINAGAR
Head/Principal Name: JOHNSON PJ","Address : UMER COLONY SADARBAL
Website : https://www.gdgoenkasrinagar.in"
162,"Aff. No. :730094
Sch. Code:23590","State : JAMMU & KASHMIR
District : SRINAGAR",Senior Secondary Level,"Name : J&K POLICE PUBLIC SCHOOL, BEMINA, SRINAGAR
Head/Principal Name: SAJAD AHMAD KHAN","Address : JAMMU & KASHMIR ,SRINAGAR
Website : https://www.jkppssrinagar.in/"
163,"Aff. No. :740014
Sch. Code:24911","State : JAMMU & KASHMIR
District : SRINAGAR",Senior Secondary Level,"Name : PM SHRI SCHOOL JAWAHAR NAVODAYA VIDYALAYA
Head/Principal Name: TARIQ AHMAD PIR","Address : GANDER BAL DISTT. SRINAGAR HATABARA JAMMU & KASHMIR
Website : https://navodaya.gov.in/nvs/nvs-school/GANDERBAL/e"
164,"Aff. No. :730121
Sch. Code:23735","State : JAMMU & KASHMIR
District : SRINAGAR",Secondary Level,"Name : BIRLA OPEN MINDS INTERNATIONAL SCHOOL
Head/Principal Name: MAHEEN RASHID","Address : ON NATIONAL HIGHWAY , ROAD ADJACENT TO HOKERSAR , LAWAYPORA SRINAGAR
Website : www.birlasrinagar.com"
165,"Aff. No. :730132
Sch. Code:23824","State : JAMMU & KASHMIR
District : SRINAGAR",Secondary Level,"Name : ARISE INTERNATIONAL ACADEMY
Head/Principal Name: Gracious T.J","Address : CHACK MUJGUND, NEAR J&K BANK, SRINAGAR
Website : https://ariseinternationalacademy.com/"
166,"Aff. No. :730128
Sch. Code:23782","State : JAMMU & KASHMIR
District : SRINAGAR",Senior Secondary Level,"Name : GREEN VALLEY EDUCATIONAL INSTITUTE
Head/Principal Name: Riyaz Ahmad Kathjoo","Address : ELLAHI BAGH BUCHPORA , SRINAGAR , 190006
Website : www.gveisrinagar.com"
167,"Aff. No. :780003
Sch. Code:23509","State : JAMMU & KASHMIR
District : SRINAGAR",Senior Secondary Level,"Name : ARMY PUBLIC SCHOOL
Head/Principal Name: RAJEEV KUMAR CHOUDHARY","Address : B B CANTT SRINAGAR JAMMU & KASHMIR
Website : https://www.apssrinagar.co.in"
168,"Aff. No. :730070
Sch. Code:23566","State : JAMMU & KASHMIR
District : UDHAMPUR",Senior Secondary Level,"Name : BRAHMRISHI BAWRA SHANTI VIDYAPEETH
Head/Principal Name: ASHWANI KUMAR","Address : DINA NAGAR , DHAR ROAD, UDHAMPUR, J&K
Website : www.bbsvp.in"
169,"Aff. No. :700030
Sch. Code:24945","State : JAMMU & KASHMIR
District : UDHAMPUR",Senior Secondary Level,"Name : PM SHRI KENDRIYA VIDYALAYA
Head/Principal Name: RAJNI OBEROI","Address : CHENANI AT KUD DISTT UDHAMPUR J&K
Website : https://chenani.kvs.ac.in/"
170,"Aff. No. :700017
Sch. Code:24932","State : JAMMU & KASHMIR
District : UDHAMPUR",Senior Secondary Level,"Name : KENDRIYA VIDYALAYA NO.2
Head/Principal Name: SANWAR MAL","Address : DHAR ROAD P.O.ROAN UDHAMPUR JAMMU & KASHMIR
Website : https://no2udhampur.kvs.ac.in/"
171,"Aff. No. :730049
Sch. Code:23547","State : JAMMU & KASHMIR
District : UDHAMPUR",Senior Secondary Level,"Name : K C GURUKUL PUBLIC SCHOOL,
Head/Principal Name: Sagar Banerjee","Address : JAKHAR , UDHAMPUR
Website : www.kcgurukul.in"
172,"Aff. No. :730061
Sch. Code:23559","State : JAMMU & KASHMIR
District : UDHAMPUR",Senior Secondary Level,"Name : DELHI PUBLIC SCHOOL, UDHAMPUR
Head/Principal Name: DR KUNAL ANAND","Address : UDHAMPUR NEW BYE PASS ROAD, RATHIAN, UDHAMPUR -182101
Website : www.dpsudhampur.in"
173,"Aff. No. :730052
Sch. Code:23550","State : JAMMU & KASHMIR
District : UDHAMPUR",Senior Secondary Level,"Name : DELHI PUBLIC SCHOOL, SMVDU -KATRA
Head/Principal Name: MADHU SHARMA","Address : SMVDU-KAKRIYAL, (KATRA)
Website : https://www.dpskatra.in/"
174,"Aff. No. :700005
Sch. Code:24927","State : JAMMU & KASHMIR
District : UDHAMPUR",Senior Secondary Level,"Name : PM SHRI KENDRIYA VIDYALAYA NO 1
Head/Principal Name: SWATI BANSAL","Address : NEAR CHINAR CINEMA P.O GARHI UDHAMPUR JAMMU & KASHMIR
Website : https://no1udhampur.kvs.ac.in"
175,"Aff. No. :700006
Sch. Code:24928","State : JAMMU & KASHMIR
District : UDHAMPUR",Senior Secondary Level,"Name : KENDRIYA VIDYALAYA
Head/Principal Name: PARDEEP YADAV","Address : SALAL H E PROJECT JYOTIPURAM UDHAMPUR DISTT JAMMU & KASHMIR
Website : http://jyotipuram.kvs.ac.in"
176,"Aff. No. :780002
Sch. Code:23510","State : JAMMU & KASHMIR
District : UDHAMPUR",Senior Secondary Level,"Name : ARMY PUBLIC SCHOOL
Head/Principal Name: SANJEEV KUMAR","Address : P.O. P T C UDHAMPUR JAMMU & KASHMIR
Website : www.apsudhampur.org"
177,"Aff. No. :780010
Sch. Code:","State : JAMMU & KASHMIR
District : UDHAMPUR",Secondary Level,"Name : AIR FORCE SCHOOL
Head/Principal Name: MS USHA KOUL","Address : UDHAMPUR 39 WING AF C/O 56 APO JAMMU & KASHMIR
Website :"
178,"Aff. No. :780017
Sch. Code:23540","State : JAMMU & KASHMIR
District : UDHAMPUR",Secondary Level,"Name : ARMY PUBLIC SCHOOL
Head/Principal Name: JYOTI BEDYAL","Address : DHAR ROAD UDHAMPUR JAMMU & KASHMIR
Website : HTTPS://WWW.APSDHARROAD.COM"
179,"Aff. No. :740017
Sch. Code:23563","State : JAMMU & KASHMIR
District : UDHAMPUR",Senior Secondary Level,"Name : PM SHRI SCHOOL JAWAHAR NAVODAYA VIDYALAYA
Head/Principal Name: SUNIL KUMAR","Address : MARI, DISTT. REASI, J & K
Website : https://www.navodaya.gov.in/nvs/nvs-school/REASI"
180,"Aff. No. :740004
Sch. Code:24907","State : JAMMU & KASHMIR
District : UDHAMPUR",Senior Secondary Level,"Name : PM SHRI SCHOOL JAWAHAR NAVODAYA VIDYALAYA
Head/Principal Name: Rakesh jaiswal","Address : RAKH JAGANOO DISTT UDHAMPUR JAMMU & KASHMIR
Website : https://navodaya.gov.in/nvs/nvs-school/UDHAMPUR/en"
181,"Aff. No. :730140
Sch. Code:23923","State : JAMMU & KASHMIR
District : UDHAMPUR",Secondary Level,"Name : AYESHA INTERNATIONAL SCHOOL KHOON
Head/Principal Name: V SELVEM","Address : VILLAGE AMARA, POST OFFICE KHOON, TEHSIL MAJALTA
Website : https://ayeshaintlschoolkhoon.in/"
182,"Aff. No. :700007
Sch. Code:24924","State : JAMMU & KASHMIR
District : SAMBA",Senior Secondary Level,"Name : KENDRIYA VIDYALAYA
Head/Principal Name: GURNAM SINGH","Address : SAMBA JAMMU & KASHMIR
Website : www.samba.kvs.ac.in"
183,"Aff. No. :700019
Sch. Code:24934","State : JAMMU & KASHMIR
District : SAMBA",Senior Secondary Level,"Name : KENDRIYA VIDYALAYA NO 2
Head/Principal Name: Amit Walter","Address : AKHNOOR JAMMU & KASHMIR
Website : http://no2akhnoor.kvs.ac.in"
184,"Aff. No. :700039
Sch. Code:24958","State : JAMMU & KASHMIR
District : SAMBA",Senior Secondary Level,"Name : KENDRIYA VIDYALAYA CENTRAL UNIVERSITY OF JAMMU RAHYA SUCHANI
Head/Principal Name: AJEET KUMAR SHARMA","Address : KENDRIYA VIDYALAYA CENTRAL UNIVERSITY OF JAMMU RAHYA SUCHANI DISTT. SAMBA PINCODE-181143
Website : https://curahyasuchani.kvs.ac.in"
185,"Aff. No. :730139
Sch. Code:23883","State : JAMMU & KASHMIR
District : SAMBA",Secondary Level,"Name : ST MARY`S CONVENT HIGH SCHOOL
Head/Principal Name: SHEEBA VP","Address : SMAILPUR, BARI BRAHMANA, DIST SAMBA
Website : https://www.stmaryssmailpur.com/"
186,"Aff. No. :730108
Sch. Code:23603","State : JAMMU & KASHMIR
District : SAMBA",Secondary Level,"Name : THE PATHSEEKERS INTERNATIONAL SCHOOL
Head/Principal Name: MANPREET KAUR","Address : C/O SSP BHUPINDER SINGH , THE PATHSEEKERS INTERNATIONAL SCHOOL WARD NO. 1 , RAMGARH SAMBA 9419191319
Website : www.thepathseekers.com"
187,"Aff. No. :730104
Sch. Code:23602","State : JAMMU & KASHMIR
District : SAMBA",Senior Secondary Level,"Name : SRIJAN INTERNATIONAL SCHOOL JAMMU
Head/Principal Name: KIRANJIT KAUR","Address : BIRPUR, NEAR IMPERIAL RESORT , THE-BARI-BRAHMANA , DIST- SAMBA
Website : www.srijanjammu.com"
188,"Aff. No. :730111
Sch. Code:23620","State : JAMMU & KASHMIR
District : SAMBA",Senior Secondary Level,"Name : THE SHRI RAM UNIVERSAL SCHOOL
Head/Principal Name: Sonika Mahajan","Address : NEAR HOLY WATER POND, SHRI VIHAR, JAKH, VIJAYPUR
Website : https://tsusjammu.org/"
189,"Aff. No. :730098
Sch. Code:23596","State : JAMMU & KASHMIR
District : SAMBA",Senior Secondary Level,"Name : MOUNT LITERA SENIOR SECONDARY SCHOOL
Head/Principal Name: Anita Sharma","Address : TARORE BRIDGE, NATIONAL HIGHWAY, DISTT. SAMBA
Website : www.mlzsjammu.com"
190,"Aff. No. :700015
Sch. Code:24929","State : JAMMU & KASHMIR
District : KISHTWAR",Senior Secondary Level,"Name : KENDRIYA VIDYALAYA
Head/Principal Name: VIJAINDER KUMAR MACHHRATE","Address : DUL-HASTI PROJECT KISHTWAR JAMMU DISTT., JAMMU & KASHMIR
Website : www.kishtwar.kvs.ac.in"
191,"Aff. No. :740100
Sch. Code:22500","State : JAMMU & KASHMIR
District : KISHTWAR",Secondary Level,"Name : JAWAHAR NAVODAYA VIDYALAYA KISHTWAR
Head/Principal Name: Radhe Shyam","Address : JAWAHAR NAVODAYA VIDYALAYA, N.H.P.C COLONY SHALIMAR, CITY & DISTT. KISHTWAR (J&K)-182204
Website : https://navodaya.gov.in/nvs/nvs-school/Kishtwar/hi/about_us/"
192,"Aff. No. :720052
Sch. Code:24604","State : JAMMU & KASHMIR
District : BANDIPORA",Secondary Level,"Name : EKLAVYA MODEL RESIDENTIAL SCHOOL
Head/Principal Name: SHAFAKAT HUSSAIN LONE","Address : DAWER, GUREZ, BANDIPORA
Website : www.emrsgurez.com"
193,"Aff. No. :740151
Sch. Code:22555","State : JAMMU & KASHMIR
District : BANDIPORA",Secondary Level,"Name : JAWAHAR NAVODAYA VIDYALAYA BANDIPORA
Head/Principal Name: Rattan Singh","Address : MADAR BANDIPORA, MADAR BANDIPORA
Website : https://navodaya.gov.in/nvs/nvs-school/Bandipora"
194,"Aff. No. :730136
Sch. Code:23863","State : JAMMU & KASHMIR
District : BANDIPORA",Secondary Level,"Name : INTERNATIONAL DELHI PUBLIC SCHOOL
Head/Principal Name: KANAYA LAL SADHU","Address : BANDIPORA KASHMIR, BANDIPORA KASHMIR, BANDIPORA KASHMIR
Website : www.idpsbandipora.com"
195,"Aff. No. :720056
Sch. Code:24610","State : JAMMU & KASHMIR
District : KULGAM",Senior Secondary Level,"Name : EMRS TANGMARG
Head/Principal Name: AMIT KUMAR","Address : VILLAGE TANGMARG, BLOCK MANZGAM , TEHSIL DAMHAL HANJI PORA
Website : www.emrstangmarg.in"
196,"Aff. No. :730109
Sch. Code:23605","State : JAMMU & KASHMIR
District : KULGAM",Senior Secondary Level,"Name : AYESHA ALI ACADEMY
Head/Principal Name: Ummar Sheriff E","Address : AYESHA ALI ACADEMY, KANIPORA, KULGAM
Website : www.aa.academy"
197,"Aff. No. :740020
Sch. Code:24350","State : JAMMU & KASHMIR
District : RAMBAN",Secondary Level,"Name : JAWAHAR NAVODAYA VIDYALAYA, DISTT. RAMBAN J&K
Head/Principal Name: Romesh Chander","Address : JAWAHAR NAVODAYA VIDYALAYA, WARD NO. 03, BATOTE, DISTRICT- RAMBAN, J&K - 182143
Website : https://navodaya.gov.in/nvs/nvs-school/RAMBAN/en/h"
198,"Aff. No. :730124
Sch. Code:23760","State : JAMMU & KASHMIR
District : REASI",Secondary Level,"Name : LAWRENCE PUBLIC HIGH SCHOOL
Head/Principal Name: NARINDER KUMAR VERMA","Address : NEAR BUS STAND, TRINTHA,REASI, NEAR BUS STAND TRINTHA, REASI
Website : https://lphsreasi.org/"
199,"Aff. No. :730138
Sch. Code:23869","State : JAMMU & KASHMIR
District : SHOPIAN",Secondary Level,"Name : INTERNATIONAL DELHI PUBLIC SCHOOL
Head/Principal Name: BASHIR AHMAD DAR","Address : NAGBAL SHOPIAN , NAGBAL SHOPIAN , NAGBAL SHOPIAN KASHMIR
Website : www.idpsshopian.com"
200,"Aff. No. :1631606
Sch. Code:23949","State : PUNJAB
District : AMRITSAR",Secondary Level,"Name : FLORENCE INTERNATIONAL SCHOOL
Head/Principal Name: Amit Sharma","Address : FATEHGARH SUKRACHAK ROAD, VERKA BYE PASS, AMRITSAR
Website : https://intflorence.com/"
201,"Aff. No. :1640018
Sch. Code:24518","State : PUNJAB
District : AMRITSAR",Senior Secondary Level,"Name : PM SHRI SCHOOL JAWAHAR NAVODAYA VIDYALAYA
Head/Principal Name: DR HEM RAJ SINGH","Address : AWAN, P.O. RAMDAS, DISTT. AMRITSAR, PUNJAB
Website : https://navodaya.gov.in/nvs/nvs-school/AMRITSAR1/en/home/"
202,"Aff. No. :1640020
Sch. Code:24521","State : PUNJAB
District : AMRITSAR",Senior Secondary Level,"Name : JAWAHAR NAVODAYA VIDYALAYA
Head/Principal Name: BAL KRISHNA","Address : BHILOWAL KAKKAJAI. CAMP HOSTEL BUILDING, PREET NAGAR,LOPOKE DISTT AMRITSAR-2
Website : https://navodaya.gov.in/nvs/nvs-school/AMRITSAR2/en/"
203,"Aff. No. :1670008
Sch. Code:24036","State : PUNJAB
District : AMRITSAR",Senior Secondary Level,"Name : GOVT. SATYA BHARTI ADARSH SR. SEC. SCHOOL
Head/Principal Name: RANJEETA KAUR","Address : VPO-CHOGANWAN, ATTARI ROAD, TEHSIL-AJNALA, DISTT. AMRITSAR,PUNJAB
Website : http://sbasss-chogawan.org"
204,"Aff. No. :1670015
Sch. Code:20815","State : PUNJAB
District : AMRITSAR",Senior Secondary Level,"Name : SATYA BHARTI ADARSH SEC. SCHOOL
Head/Principal Name: Yogeshwar Singh Batyal","Address : VILLAGE. PATTUBHILA, PO BABOWAL, TEH & DISTT. AMRITSAR, PUNJAB
Website : www.sbasss-fattubhila.org"
205,"Aff. No. :1680006
Sch. Code:20002","State : PUNJAB
District : AMRITSAR",Senior Secondary Level,"Name : ARMY PUBLIC SCHOOL AMRITSAR
Head/Principal Name: RAJDEEP JAIN","Address : Army Public School Armitsar, Post Khasa, New Amritsar Military Station
Website : www.armyschoolasr.org.in"
206,"Aff. No. :1631120
Sch. Code:21109","State : PUNJAB
District : AMRITSAR",Senior Secondary Level,"Name : SHRI GURU HARGOBIND PUBLIC SCHOOL
Head/Principal Name: DR.PALWINDER PAL SINGH","Address : V.P.O MALLIAN,NEAR JANDIALA GURU,G.T ROAD.
Website : www.sghps.in"
207,"Aff. No. :1631141
Sch. Code:21133","State : PUNJAB
District : AMRITSAR",Secondary Level,"Name : OXFORD INTERNATIONAL SCHOOL
Head/Principal Name: Prabhjot S","Address : VPO MAJJUPURA, NEAR CHETANPURA
Website : www.oxfordinternationalschool.com"
208,"Aff. No. :1631149
Sch. Code:21305","State : PUNJAB
District : AMRITSAR",Secondary Level,"Name : AMERICAN SCHOOL
Head/Principal Name: Dashmesh Mahajan","Address : VEROWAL ROAD,VPO DHARAR,JANDIALA GURU
Website : https://americanschooljandiala.co.in/"
209,"Aff. No. :1631156
Sch. Code:21139","State : PUNJAB
District : AMRITSAR",Secondary Level,"Name : DATA BANDHI CHHOD PUBLIC SCHOOL
Head/Principal Name: ARTI SOOD","Address : ADDA BAULI SAHIB,RAMTIRATH ROAD, VILLAGE BHITEWAD P.O. VERKA, AMRITSAR
Website : www.databandhichhodpublicschool.co"
210,"Aff. No. :1631163
Sch. Code:21148","State : PUNJAB
District : AMRITSAR",Senior Secondary Level,"Name : NEW INDIAN PUBLIC SCHOOL
Head/Principal Name: MANJIT KAUR WALIA","Address : V.P.O. BUTALA
Website : www.nipsbutala.org"
211,"Aff. No. :1631165
Sch. Code:21166","State : PUNJAB
District : AMRITSAR",Senior Secondary Level,"Name : DIPS SCHOOL
Head/Principal Name: TARSEM SINGH","Address : VILLAGE RAJPUR,
Website : www.dipsbutala.in"
212,"Aff. No. :1631191
Sch. Code:21178","State : PUNJAB
District : AMRITSAR",Senior Secondary Level,"Name : GRACE PUBLIC SCHOOL
Head/Principal Name: Ramanjeet kaur","Address : BYE PASS TARNTARAN ROAD, JANDIALA GURU, AMRITSAR
Website : www.gpsjandiala.in"
213,"Aff. No. :1631194
Sch. Code:21200","State : PUNJAB
District : AMRITSAR",Secondary Level,"Name : ZENITH PUBLIC SCHOOL
Head/Principal Name: RAJNI RAWAT","Address : VPO WADALA KALAAN; RAYYA TO JALAL USMA LINK ROAD; TEHSIL-BABA BAKALA; DIST.-AMRITSAR; PUNJAB.
Website : https://zenithpublicschool.co.in"
214,"Aff. No. :1631217
Sch. Code:21204","State : PUNJAB
District : AMRITSAR",Secondary Level,"Name : ANGELS WORLD SCHOOL
Head/Principal Name: Satinder Khurana","Address : MIRI PIRI ACADEMY ROAD CHHEHARTA AMRITSAR
Website : http://angelworldschool.co.in"
215,"Aff. No. :1631303
Sch. Code:21297","State : PUNJAB
District : AMRITSAR",Senior Secondary Level,"Name : DOON INTERNATIONAL SCHOOL
Head/Principal Name: Dhvani Boparai","Address : VERKA BYPASS, AMRITSAR
Website : www.doonamritsar.com"
216,"Aff. No. :1631319
Sch. Code:21357","State : PUNJAB
District : AMRITSAR",Secondary Level,"Name : SACRED INTERNATIONAL SCHOOL KHILCHIAN
Head/Principal Name: NAVEEN BHASKAR","Address : NEAR CHANDI PALACE G.T. ROAD AMRITSAR
Website : https://sacredintschool.com/"
217,"Aff. No. :1631337
Sch. Code:21379","State : PUNJAB
District : AMRITSAR",Senior Secondary Level,"Name : ST.SOLDIER ELITE CONVENT SCHOOL SOHIAN ROAD, MAJITHA.
Head/Principal Name: Meenakshi Trehan","Address : ST.SOLDIER ELITE CONVENT SCHOOL SOHIAN ROAD MAJITHA AMRITSAR 143601
Website : http://www.ssecsmajitha.com/"
218,"Aff. No. :1631348
Sch. Code:21391","State : PUNJAB
District : AMRITSAR",Senior Secondary Level,"Name : AKAL ACADEMY CHOGAWAN
Head/Principal Name: GURSHARNJIT KAUR","Address : AKAL ACADEMY CHOGAWAN, VPO CHOGAWAN, TEHSIL AJNALA, DISTRICT AMRITSAR (PUNJAB) - 143109
Website : https://chogawan.akalacademy.ac.in/"
219,"Aff. No. :1631367
Sch. Code:23619","State : PUNJAB
District : AMRITSAR",Senior Secondary Level,"Name : AKAL ACADEMY VACHHOA
Head/Principal Name: Jatinder Kaur","Address : AKAL ACADEMY VACHHOA, P.O. VACHHOA, VIA CHETANPURA, TEHSIL AJNALA, DISTRICT AMRITSAR (PUNJAB) - 143606
Website : https://vachhoa.akalacademy.ac.in/"
220,"Aff. No. :1631371
Sch. Code:23611","State : PUNJAB
District : AMRITSAR",Senior Secondary Level,"Name : AKAL ACADEMY BASARKE
Head/Principal Name: Goldy","Address : AKAL ACADEMY BASARKE, VILLAGE BASARKE, P.O. GUMANPURA (NEAR BAGICHI WALA BHATHA), TEHSIL & DISTRICT AMRITSAR (PUNJAB) - 143105
Website : https://basarke.akalacademy.ac.in/cbse-corner.php"
221,"Aff. No. :1631433
Sch. Code:23637","State : PUNJAB
District : AMRITSAR",Secondary Level,"Name : SKS INTERNATIONAL SCHOOL
Head/Principal Name: Shivani Sood","Address : NEAR LOPOKE CHOGAWAN, DISTT. AMRITSAR
Website : http://sksinternationalschoolmk.org/"
222,"Aff. No. :1631437
Sch. Code:23641","State : PUNJAB
District : AMRITSAR",Secondary Level,"Name : DASHMESH INTERNATIONAL SCHOOL
Head/Principal Name: BALBIR KAUR","Address : CHHEHARTA, AMRITSAR
Website : https://dashmeshasr.school.in"
223,"Aff. No. :1631454
Sch. Code:23662","State : PUNJAB
District : AMRITSAR",Senior Secondary Level,"Name : DISCIPLINED DISCIPLES INTERNATIONAL SCHOOL
Head/Principal Name: NISHA GANDHI","Address : RAMDASS, AMRITDAR
Website : http://www.ddisramdas.com/"
224,"Aff. No. :1631470
Sch. Code:23683","State : PUNJAB
District : AMRITSAR",Secondary Level,"Name : EXCEPTIONAL SCHOOL OF EDUCATION
Head/Principal Name: SAWINDER SINGH","Address : CHAMIARI ROAD, TEHSIL AJNALA
Website : http://eise.in"
225,"Aff. No. :1631476
Sch. Code:23689","State : PUNJAB
District : AMRITSAR",Senior Secondary Level,"Name : ROYALE CAMBRIDGE SCHOOL
Head/Principal Name: Dharwinder Kaur","Address : WAZIR BHULLAR, TEHSIL BABA BAKALA
Website : www.rcsbeas.com"
226,"Aff. No. :1631492
Sch. Code:23706","State : PUNJAB
District : AMRITSAR",Senior Secondary Level,"Name : DREAM ACHIEVERS PUBLIC SCHOOL
Head/Principal Name: GURPREET KAUR","Address : AMRITSAR, PUNJAB
Website : http://dreamachieverspublicschool.org/"
227,"Aff. No. :1631502
Sch. Code:23717","State : PUNJAB
District : AMRITSAR",Secondary Level,"Name : B.N.S. INTERNATIONAL SCHOOL
Head/Principal Name: GURBAJ SINGH","Address : BHITTEWAD, AMRITSAR
Website : https://www.bnsischool.com/"
228,"Aff. No. :1631510
Sch. Code:23726","State : PUNJAB
District : AMRITSAR",Secondary Level,"Name : PRISTINE PUBLIC SCHOOL
Head/Principal Name: Gurpreet kaur","Address : VILLAGE LOPOKE, NEAR GOVERNMENT HOSPITA, TEHSIL AJNALA , DISTRICT AMRITSAR
Website : http://pristineinstitutes.com"
229,"Aff. No. :1631532
Sch. Code:23754","State : PUNJAB
District : AMRITSAR",Senior Secondary Level,"Name : NARAYANA E TECHNO SCHOOL
Head/Principal Name: SHEENA SHARMA","Address : ALPHA INTERNATIONAL CITY, AMRITSAR, AMRITSAR
Website : https://www.narayanaschoolalphacityamritsar.com/"
230,"Aff. No. :1631548
Sch. Code:23772","State : PUNJAB
District : AMRITSAR",Senior Secondary Level,"Name : NARAYANA E TECHNO SCHOOL
Head/Principal Name: TARANJOT KAUR","Address : BLUE VALLEY, AMRITSAR, AMRITSAR
Website : www.narayanaschoolbluevalleyamritsar.com"
231,"Aff. No. :1631588
Sch. Code:23875","State : PUNJAB
District : AMRITSAR",Senior Secondary Level,"Name : MOUNT LITERA ZEE SCHOOL
Head/Principal Name: Gagan Deep","Address : KHADOOR SAHIB ROAD, TARN TARAN, PUNJAB
Website : https://mountliteratarntaran.com/mandatorypublicdi"
232,"Aff. No. :1600009
Sch. Code:24522","State : PUNJAB
District : AMRITSAR",Senior Secondary Level,"Name : PM SHRI KENDRIYA VIDYALAYA NO 1
Head/Principal Name: P L DHIMAN","Address : AMRITSAR CANTT PUNJAB
Website : https://no1amritsarcantt.kvs.ac.in/"
233,"Aff. No. :1600029
Sch. Code:24548","State : PUNJAB
District : AMRITSAR",Senior Secondary Level,"Name : PM SHRI KENDRIYA VIDYALAYA NO 3
Head/Principal Name: JANKI","Address : NEW CANTT P.O. NARAYANGARH AMRITSAR PUNJAB
Website : https://no3amritsar.kvs.ac.in"
234,"Aff. No. :1630018
Sch. Code:20001","State : PUNJAB
District : AMRITSAR",Senior Secondary Level,"Name : SRI GURU HARKRISHAN PUBLIC SCHOOL
Head/Principal Name: Mrs. Kawalpreet Kaur","Address : CHIEF KHALSA DIWAN G T ROAD AMRITSAR PUNJAB
Website : http://sghpsgtroad.edu.in"
235,"Aff. No. :1630030
Sch. Code:20007","State : PUNJAB
District : AMRITSAR",Senior Secondary Level,"Name : SRI GURU HARKRISHAN PUBLIC SCHOOL
Head/Principal Name: Satwant Singh Bains","Address : JANDIALA ROAD CHIEF KHALSA DIWAN TARN TARAN AMRITSAR DISTT PUNJAB
Website : www.sghpstarntaran.edu.in"
236,"Aff. No. :1630043
Sch. Code:20006","State : PUNJAB
District : AMRITSAR",Senior Secondary Level,"Name : SHAHEED DARSHAN SINGH PHERUMAN
Head/Principal Name: AMANDEEP KAUR","Address : PUBLIC SCHOOL G T ROAD RAYYA AMRITSAR DISTT PUNJAB
Website : www.sdsppschool.com"
237,"Aff. No. :1630049
Sch. Code:20003","State : PUNJAB
District : AMRITSAR",Senior Secondary Level,"Name : DAV PUBLIC SCHOOL
Head/Principal Name: Pallavi Sethi","Address : LAWRENCE ROAD, AMRITSAR PUNJAB
Website : www.davpublic.com"
238,"Aff. No. :1630050
Sch. Code:20005","State : PUNJAB
District : AMRITSAR",Senior Secondary Level,"Name : AMARPURI PUBLIC SCHOOL
Head/Principal Name: HARNARINDER DEEP KAUR","Address : SIRI GOINDWAL SAHIB DISTT TARN TARAN PUNJAB
Website : www.amarpuripublicschool.co.in"
239,"Aff. No. :1630055
Sch. Code:20004","State : PUNJAB
District : AMRITSAR",Senior Secondary Level,"Name : SRI GURU TEG BAHADUR PUBLIC SCHOOL
Head/Principal Name: SIMRANJIT KAUR","Address : KHANKOT AMRITSAR PUNJAB
Website : www.sgtbpschool.com"
240,"Aff. No. :1630064
Sch. Code:20061","State : PUNJAB
District : AMRITSAR",Senior Secondary Level,"Name : AJANTA PUBLIC SCHOOL
Head/Principal Name: PRASHANT MEHRA","Address : BESANT AVENUE AMRITSAR PUNJAB
Website : www.ajantapublicschool.com"
241,"Aff. No. :1630066
Sch. Code:20062","State : PUNJAB
District : AMRITSAR",Senior Secondary Level,"Name : SPRINGDALE SENIOR SECONDARY SCHOOL
Head/Principal Name: RAJIV KUMAR SHARMA","Address : FATEHGARH CHURIAN ROAD V.P.O NANGLI AMRITSAR PUNJAB
Website : www.springdaleeducation.com"
242,"Aff. No. :1630068
Sch. Code:20063","State : PUNJAB
District : AMRITSAR",Senior Secondary Level,"Name : MANAV PUBLIC SCHOOL
Head/Principal Name: NAVPREET KAUR","Address : MAQBOOL ROAD AMIRTSAR PUNJAB
Website : www.manavpublicschool.org"
243,"Aff. No. :1630078
Sch. Code:20076","State : PUNJAB
District : AMRITSAR",Senior Secondary Level,"Name : POLICE PUBLIC SCHOOL
Head/Principal Name: Manju Mahajan","Address : POLICE LINES AMRITSAR PUNJAB
Website : www.pdavasr.org"
244,"Aff. No. :1630104
Sch. Code:20099","State : PUNJAB
District : AMRITSAR",Senior Secondary Level,"Name : KHALSA COLLEGE PUBLIC SCHOOL
Head/Principal Name: Amarjit Singh Gill","Address : G T ROAD AMTITSAR PUNJAB
Website : www.kcpsasr.in"
245,"Aff. No. :1630108
Sch. Code:20105","State : PUNJAB
District : AMRITSAR",Senior Secondary Level,"Name : BHARATIYA VIDYA BHAVAN SOHAN LAL PUBLIC SCHOOL
Head/Principal Name: SONIA SEHDEV","Address : AMRITSAR SHIVALA ROAD PUNJAB
Website : www.bhavanssl.org"
246,"Aff. No. :1630139
Sch. Code:20126","State : PUNJAB
District : AMRITSAR",Senior Secondary Level,"Name : SRI GURUHARKRISHAN PUBLIC SCHOOL
Head/Principal Name: Ripudaman Kaur Malhotra","Address : MAJITHA ROAD BYE PASS KHANNA NAGAR AMRITSAR PUNJAB
Website : www.sghpsmajitharoadbypass.edu.in"
247,"Aff. No. :1630141
Sch. Code:20147","State : PUNJAB
District : AMRITSAR",Senior Secondary Level,"Name : MAHARAJA RANJIT SINGH PUBLIC SCHOOL
Head/Principal Name: KANWALJIT KAUR","Address : TARN TARAN DT.AMRITSAR PUNJAB
Website : www.mrspublicschool.in"
248,"Aff. No. :1630175
Sch. Code:20165","State : PUNJAB
District : AMRITSAR",Senior Secondary Level,"Name : SANT GIANI GURBACHAN SINGH JI
Head/Principal Name: Dr. Jatinder Kumar Sharma","Address : KHALSA ACADEMY VPO MEHTA CHOWK DISTT AMRITSAR PUNJAB
Website : www.khalsaacademy.co.in"
249,"Aff. No. :1630188
Sch. Code:20177","State : PUNJAB
District : AMRITSAR",Senior Secondary Level,"Name : THE SENIOR STUDY -II
Head/Principal Name: UPASANA MEHRA","Address : PUTLIGHAR G T ROAD AMRITSAR PUNJAB
Website : www.theseniorstudy.com"
250,"Aff. No. :1630190
Sch. Code:20179","State : PUNJAB
District : AMRITSAR",Senior Secondary Level,"Name : M K D DAV PUBLIC SCHOOL
Head/Principal Name: Gurbinder Singh Bhatti","Address : NESHTA ATTARI DISTT AMRITSAR PUNJAB.
Website : www.mkddavschool.com"
251,"Aff. No. :1630208
Sch. Code:20202","State : PUNJAB
District : AMRITSAR",Senior Secondary Level,"Name : GURU NANAK DEV DAV PUBLIC SCHOOL
Head/Principal Name: NAVNEET SIDHU","Address : KHEMKARAN ROAD TEH PATTI BHIKHIWIND DISTT AMRITSAT PUNJAB
Website :"
252,"Aff. No. :1630246
Sch. Code:20252","State : PUNJAB
District : AMRITSAR",Senior Secondary Level,"Name : SHRI RAM ASHRAM PUBLIC SCHOOL
Head/Principal Name: VINODITA SANKHYAN","Address : MAJITHA ROAD AMRITSAR PUNJAB
Website : www.shriramashramps.org"
253,"Aff. No. :1630247
Sch. Code:20246","State : PUNJAB
District : AMRITSAR",Senior Secondary Level,"Name : AMRITSAR PUBLIC SCHOOL
Head/Principal Name: GURPREET KAUR OBEROI","Address : FOCAL POINT, G T ROAD AMRITSAR PUNJAB
Website : www.amritsarpublicschool.co.in"
254,"Aff. No. :1630278
Sch. Code:20340","State : PUNJAB
District : AMRITSAR",Senior Secondary Level,"Name : SANT SAR PUBLIC SCHOOL
Head/Principal Name: Nageen Singh","Address : BUTALA DISTT AMRITSAR PUNJAB
Website : https://santsarpublicschool.com/"
255,"Aff. No. :1630280
Sch. Code:20272","State : PUNJAB
District : AMRITSAR",Senior Secondary Level,"Name : DAV INTERNATIONAL SCHOOL
Head/Principal Name: ANJANA GUPTA","Address : BYE PASS ROAD VERKA CHOWK AMRITSAR PUNJAB
Website : www.davintschool.org"
256,"Aff. No. :1630298
Sch. Code:20288","State : PUNJAB
District : AMRITSAR",Senior Secondary Level,"Name : LUV DALE SENIOR SCHOOL
Head/Principal Name: TWINKLE SANDHU","Address : RANJIT NAGAR LOKARO ROAD AMRITSAR PUNJAB
Website : www.luvdaleschool.org"
257,"Aff. No. :1630318
Sch. Code:20308","State : PUNJAB
District : AMRITSAR",Secondary Level,"Name : BUDS SENIOR SCHOOL
Head/Principal Name: JPuri","Address : AJNALA ROAD VILL KAMBOJ, PO HEER VIA RAYABANSI NEAR POLICE POST, AMRITSAR PUNJAB
Website :"
258,"Aff. No. :1630346
Sch. Code:20335","State : PUNJAB
District : AMRITSAR",Senior Secondary Level,"Name : SRI GURU HARKRISHAN PUBLIC SCHOOL
Head/Principal Name: PARAMJIT KAUR","Address : MANJWIND GOPAL PURA BATALA ROAD AMRITSAR PUNJAB
Website : www.sghpsmajhwindgopalpura.com"
259,"Aff. No. :1630347
Sch. Code:20336","State : PUNJAB
District : AMRITSAR",Senior Secondary Level,"Name : SRI GURU HARKRISHAN PUBLIC SCHOOL
Head/Principal Name: Anureet Bawa","Address : CHIEF KHALSA DIWAN CHABHAL AMRITSAR PUNJAB
Website : www.sghpschabhal.edu.in"
260,"Aff. No. :1630360
Sch. Code:20351","State : PUNJAB
District : AMRITSAR",Senior Secondary Level,"Name : BHAI GURDAS ACADEMY
Head/Principal Name: Vardeep Kaur","Address : GURU KI NAGRI PANDORI RAN SINGH TARAN TARAN ROAD AMRITSAR PUNJAB
Website : https://bhaigurdasacademy.in/"
261,"Aff. No. :1630398
Sch. Code:20390","State : PUNJAB
District : AMRITSAR",Senior Secondary Level,"Name : SRI GURU HARKRISHAN PUBLIC SCHOOL
Head/Principal Name: GURPREET KAUR","Address : SULTANWIND LINK ROAD NEAR CANAL BRIDGE G T ROAD AMRITSAR PUNJAB
Website : www.harkrishanpublicschool.com"
262,"Aff. No. :1630403
Sch. Code:20394","State : PUNJAB
District : AMRITSAR",Senior Secondary Level,"Name : SRI GURU HARKRISHAN INTL SCHOOL
Head/Principal Name: Dapinder Kaur","Address : D BLOCK RANJIT AVENUE AMRITSAR PUNJAB
Website : www.sghi.in"
263,"Aff. No. :1630407
Sch. Code:20398","State : PUNJAB
District : AMRITSAR",Senior Secondary Level,"Name : DELHI PUBLIC SCHOOL
Head/Principal Name: KAMAL CHAND","Address : NH - 1 11TH KM MILE STONE G T ROAD AMRITSAR PUNJAB
Website : www.dpsasr.com"
264,"Aff. No. :1630484
Sch. Code:20475","State : PUNJAB
District : AMRITSAR",Senior Secondary Level,"Name : VIVEK PUBLIC SCHOOL
Head/Principal Name: Nidhi Mehra","Address : VILLAGE HEIR, HERITAGE CITY, AIRPORT ROAD, AMRITSAR, PUNJAB
Website : www.vivekpublicschool.in"
265,"Aff. No. :1630515
Sch. Code:20506","State : PUNJAB
District : AMRITSAR",Senior Secondary Level,"Name : RYAN INTERNATIONAL SCHOOL
Head/Principal Name: Kanchan Malhotra","Address : G.T. ROAD BY-PASS, NEAR AMRITSAR GATE, AMRITSAR
Website : www.ryaninternational.org/risamritsar/"
266,"Aff. No. :1630525
Sch. Code:20514","State : PUNJAB
District : AMRITSAR",Senior Secondary Level,"Name : ST.SOLDIER ELITE CONVENT SCHOOL
Head/Principal Name: SANDEEP KUMAR SHARMA","Address : JYOTISAR COLONY, JANDIALA GURU.
Website : www.ssecschool.com"
267,"Aff. No. :1630550
Sch. Code:20536","State : PUNJAB
District : AMRITSAR",Senior Secondary Level,"Name : MODERN HIGH SCHOOL
Head/Principal Name: GURPREET SINGH","Address : MATA KAULAN MARG,THE MALL , AMRITSAR
Website : https://ssssamritsar.edu.in/"
268,"Aff. No. :1630555
Sch. Code:20541","State : PUNJAB
District : AMRITSAR",Senior Secondary Level,"Name : BABA ISHER SINGH ( N) PUBLIC SCHOOL
Head/Principal Name: AJENDRA TIWARI","Address : D-BLOCK , RANJIT AVENUE AMRITSAR
Website : https://babaishersinghnanaksarpublicschool.co.in/"
269,"Aff. No. :1630591
Sch. Code:20578","State : PUNJAB
District : AMRITSAR",Senior Secondary Level,"Name : DAWINDRA INTERNATIONAL PUBLIC SCHOOL
Head/Principal Name: Harjit Kaur","Address : V.P.O BHALA PIND TEHSIL AJNALA
Website :"
270,"Aff. No. :1630597
Sch. Code:20585","State : PUNJAB
District : AMRITSAR",Senior Secondary Level,"Name : THE PINEWOOD INTERNATIONAL SEN. SEC. SCHOOL
Head/Principal Name: AVNEET SINGH","Address : THE PINEWOOD INTERNATIONAL SEN. SEC. SCHOOL, VILLAGE JETHUWAL, BATALA ROAD, AMRITSAR.
Website : www.tpisss.com"
271,"Aff. No. :1630645
Sch. Code:20629","State : PUNJAB
District : AMRITSAR",Senior Secondary Level,"Name : BDS PUBLIC SCHOOL
Head/Principal Name: GURPREET KAUR","Address : NEAR GOVT. COLLEGE AJNALA AMRITSAR
Website : www.bdspublicschoolajnala.com"
272,"Aff. No. :1630647
Sch. Code:20631","State : PUNJAB
District : AMRITSAR",Senior Secondary Level,"Name : ST.SAI SEN.SEC.SCHOOL
Head/Principal Name: Anu Jain","Address : ST. SAI SEN. SEC. SCHOOL GREEN FIELD, MAJITHA ROAD.
Website : www.stsaischoolamritsar.com"
273,"Aff. No. :1630653
Sch. Code:20635","State : PUNJAB
District : AMRITSAR",Senior Secondary Level,"Name : G.D. GOENKA PUBLIC SCHOOL, AMRITSAR
Head/Principal Name: MADHU GANDHI","Address : NH 1, OFF GT ROAD, MANAWALA (OPP BEST PRICE)
Website : www.gdgoenkaamritsar.com"
274,"Aff. No. :1630656
Sch. Code:20639","State : PUNJAB
District : AMRITSAR",Senior Secondary Level,"Name : SIDANA INTERNATIONAL SCHOOL
Head/Principal Name: Ms. Manpreet Kaur Atwal","Address : RAM TIRATH ROAD KHIALA KHURD
Website : https://www.sidanainstitutes.com/sis.php"
275,"Aff. No. :1630657
Sch. Code:20640","State : PUNJAB
District : AMRITSAR",Senior Secondary Level,"Name : SHAHEED BHAGAT SINGH INTERNATIONAL SCHOOL
Head/Principal Name: SUJIT SHARMA","Address : VPO VARPAL,TARN TARAN ROAD,AMRITSAR
Website : http://www.sbsinternationalschool.org"
276,"Aff. No. :1630658
Sch. Code:20641","State : PUNJAB
District : AMRITSAR",Senior Secondary Level,"Name : KHALSA COLLEGE INTERNATIONAL PUBLIC SCHOOL
Head/Principal Name: NIRMALJIT KAUR GILL","Address : OPP M.K HOTEL, C BLOCK, RANJIT AVENUE.
Website : www.kcipsamritsar.in"
277,"Aff. No. :1630660
Sch. Code:20645","State : PUNJAB
District : AMRITSAR",Senior Secondary Level,"Name : DISCIPLINED DISCIPLIES INTERNATIONAL SCHOOL,
Head/Principal Name: Shabnam Sharma","Address : F.C.ROAD, NANGALI,AMRITSAR
Website : www.ddischool.com"
278,"Aff. No. :1630668
Sch. Code:20648","State : PUNJAB
District : AMRITSAR",Senior Secondary Level,"Name : CAMBRIDGE INTERNATIONAL SCHOOL
Head/Principal Name: SHVETA AGGARWAL","Address : VPO- MURADPUR, LOHARKA ROAD,
Website : www.cisamritsar.org"
279,"Aff. No. :1630670
Sch. Code:20654","State : PUNJAB
District : AMRITSAR",Senior Secondary Level,"Name : THE MILLENNIUM SCHOOL , AMRITSAR
Head/Principal Name: Shailja Tandon","Address : SG ENCLAVE , PH-1 , MAJITHA ROAD , AMRITSAR
Website : https://themillenniumschools.com/tmsamritsar/"
280,"Aff. No. :1630703
Sch. Code:20683","State : PUNJAB
District : AMRITSAR",Senior Secondary Level,"Name : SAINI INTERNATIONAL SCHOOL
Head/Principal Name: Navjeet Kaur","Address : FATEHGARH CHURIAN ROAD NANGLI AMRITSAR
Website : http://sainiinternationalschoolasr.com/"
281,"Aff. No. :1630704
Sch. Code:20684","State : PUNJAB
District : AMRITSAR",Senior Secondary Level,"Name : BIBI KAULAN JI PUBLIC SCHOOL
Head/Principal Name: INDERPREET KAUR","Address : NEAR GURDWARA TAHLA SAHIB , TARANTARAN ROAD , AMRITSAR
Website : www.bkjpublicschool.com"
282,"Aff. No. :1630722
Sch. Code:20702","State : PUNJAB
District : AMRITSAR",Senior Secondary Level,"Name : SRI GURU HARKRISHAN PUBLIC SCHOOL
Head/Principal Name: Mukta Trehan","Address : AJNALA AMRITSAR,
Website : www.sghpsajnala.edu.in"
283,"Aff. No. :1630736
Sch. Code:20719","State : PUNJAB
District : AMRITSAR",Senior Secondary Level,"Name : SAHIB SHRI GURU GOBIND SINGH INT PUBLIC SCHOOL
Head/Principal Name: MANPREET KAUR","Address : V&PO CHOONGH, AMRITSAR
Website : ssggs_choongh@gmail.com"
284,"Aff. No. :1630755
Sch. Code:20734","State : PUNJAB
District : AMRITSAR",Senior Secondary Level,"Name : SRI GURU HAKRISHAN PUBLIC SCHOOL,
Head/Principal Name: SURINDER SINGH","Address : VILLAGE NAWAN PIND TEHSIL AJNALA VIA CHETANPURA
Website : www.sghpsnawanpind.edu.in"
285,"Aff. No. :1630760
Sch. Code:20743","State : PUNJAB
District : AMRITSAR",Senior Secondary Level,"Name : DIPS SCHOOL
Head/Principal Name: Rachna Raina","Address : JALANDHAR ROAD, CHOWK MEHTA, AMRITSAR
Website : www.dipsmc.in"
286,"Aff. No. :1630773
Sch. Code:20801","State : PUNJAB
District : AMRITSAR",Senior Secondary Level,"Name : BRIGHT LAND SCHOOL
Head/Principal Name: Divya Keni","Address : VILLAGE PANDORI WARIACH, MAJITHA ROAD, AMRITSAR
Website : www.brightland.org"
287,"Aff. No. :1630782
Sch. Code:20857","State : PUNJAB
District : AMRITSAR",Senior Secondary Level,"Name : GURU SAGAR PUBLIC SCHOOL
Head/Principal Name: Minakshi Mehta","Address : NEAR MAHADIPUR CHOWK, VIA CHATENPURA SANGATPURA ROAD, POST OFFICE KOTLA GUJRAN.PANDHER
Website : www.gspspandher.org.in"
288,"Aff. No. :1630784
Sch. Code:20758","State : PUNJAB
District : AMRITSAR",Senior Secondary Level,"Name : GURU NANAK DEV GLOBAL ACADEMY
Head/Principal Name: RITU KHANEJA","Address : VPO-CHANANKE, ADDA-NATH DI KHUHI, DISTT.AMRITSAR
Website : www.gndga.com"
289,"Aff. No. :1630804
Sch. Code:20777","State : PUNJAB
District : AMRITSAR",Senior Secondary Level,"Name : ASHOK VATIKA PUBLIC SCHOOL
Head/Principal Name: Anchal Mahajan","Address : FOUR FIELDS AVENUE, G.T.ROAD
Website : www.avps.ac.in"
290,"Aff. No. :1630841
Sch. Code:20823","State : PUNJAB
District : AMRITSAR",Senior Secondary Level,"Name : SAHIBZADA BABA FATEH SINGH PUBLIC SCHOOL GURU KA BAGH
Head/Principal Name: Parabdeep Kaur","Address : GURU KA BAGH , TEHSILL :AJNALA , DIST: AMRITSAR
Website : www.sbfsps.org"
291,"Aff. No. :1630845
Sch. Code:20868","State : PUNJAB
District : AMRITSAR",Secondary Level,"Name : INDIAN PUBLIC SCHOOL
Head/Principal Name: LAKSHYATA VERMA","Address : AIRPORT ROAD,
Website : www.indianpublicschoolamritsar.com"
292,"Aff. No. :1630849
Sch. Code:20826","State : PUNJAB
District : AMRITSAR",Senior Secondary Level,"Name : GREAT INDIA PRESIDENCY SCHOOL
Head/Principal Name: RAMANDEEP KAUR","Address : AMRITSAR-ATTARI G.T.ROAD, NEAR TOLL PLAZA, VILL. CHHIDAN
Website : www.gipsamritsar.com"
293,"Aff. No. :1630865
Sch. Code:20839","State : PUNJAB
District : AMRITSAR",Senior Secondary Level,"Name : DIPS SCHOOL
Head/Principal Name: MAJOR SINGH","Address : FATTUWAL,GT ROAD, BABA BAKALA,
Website : www.dipsrayya.com"
294,"Aff. No. :1630881
Sch. Code:20854","State : PUNJAB
District : AMRITSAR",Secondary Level,"Name : KHALSA COLLEGE PUBLIC SCHOOL
Head/Principal Name: Gurinderjeet Kamboj","Address : VILLAGE & PO HEIR, AMRITSAR,
Website : www.kcpsh.in"
295,"Aff. No. :1630907
Sch. Code:21145","State : PUNJAB
District : AMRITSAR",Senior Secondary Level,"Name : EXCELSUM HIGH SCHOOL
Head/Principal Name: Gunita Grewal","Address : LOHARKA ROAD , AMRITSAR
Website : www.excelsum.school"
296,"Aff. No. :1630945
Sch. Code:20941","State : PUNJAB
District : AMRITSAR",Senior Secondary Level,"Name : RAJ MEMORIAL SCHOOL
Head/Principal Name: JAGWINDER PAL KAUR","Address : NEAR OLD GRAIN MARKET,SARAI ROAD,AJNALA,AMRITSAR-143102
Website : www.rajmemorialschool.com"
297,"Aff. No. :1630982
Sch. Code:20977","State : PUNJAB
District : AMRITSAR",Senior Secondary Level,"Name : PATHSEEKERS
Head/Principal Name: DR SUCHETA JASRAI","Address : DERA BABA JAIMAL SINGH, BEAS, BABA BAKALA
Website : www.pathseekers.edu.in"
298,"Aff. No. :1630988
Sch. Code:20980","State : PUNJAB
District : AMRITSAR",Senior Secondary Level,"Name : INVICTUS INTERNATIONAL SCHOOL
Head/Principal Name: Rupinder Kaur Aulakh","Address : SILVER OAK ENCLAVE, LOHARKA ROAD,
Website : https://www.invictusschool.edu.in"
299,"Aff. No. :1630995
Sch. Code:20985","State : PUNJAB
District : AMRITSAR",Senior Secondary Level,"Name : MADHAV VIDYA NIKETAN SENIOR SECONDARY SCHOOL
Head/Principal Name: Reena Devi","Address : RANJIT AVENUE, BLOCK-A, AMRITSAR
Website : http://www.madhavvidya.ac.in"
300,"Aff. No. :1631018
Sch. Code:21004","State : PUNJAB
District : AMRITSAR",Senior Secondary Level,"Name : SRI GURU HARKRISHAN PUBLIC SR. SEC. SCHOOL
Head/Principal Name: Maninder Kaur","Address : RASULPUR KALAN
Website : www.sghpsrasulpur.edu.in"
301,"Aff. No. :1631055
Sch. Code:21041","State : PUNJAB
District : AMRITSAR",Senior Secondary Level,"Name : STALWARTS WORLD SCHOOL
Head/Principal Name: Manisha Dhanuka","Address : NATIONAL HIGHWAY 1, OPPOSITE FORTIS ESCORTS HOSPITAL, SERVICE LANE, VERKA MAJITHA BY PASS, AMRITSAR
Website : www.stalwartsworldchool.com"
302,"Aff. No. :1631067
Sch. Code:21062","State : PUNJAB
District : AMRITSAR",Senior Secondary Level,"Name : ST. SOVEREIGN CONVETN SCHOOL
Head/Principal Name: Nitika Sethi","Address : VPO CHAWINDA DEVI
Website : www.ssecscd.com"
303,"Aff. No. :1631058
Sch. Code:21056","State : PUNJAB
District : BATHINDA",Secondary Level,"Name : BABA WADHAWA SINGH JI VIDYA KENDER
Head/Principal Name: RAJVIR SINGH","Address : VPO BHUCHO KALAN
Website : www.bwsjvk.com"
304,"Aff. No. :1631037
Sch. Code:21036","State : PUNJAB
District : BATHINDA",Secondary Level,"Name : SEWAPATI CONVENT SCHOOL
Head/Principal Name: Iqbal Kaur","Address : VILLEGE-GURUSAR MEHRAJ
Website :"
305,"Aff. No. :1631035
Sch. Code:21023","State : PUNJAB
District : BATHINDA",Senior Secondary Level,"Name : GLOBAL DISCOVERY SCHOOL
Head/Principal Name: KAVIA ASIJA","Address : BATHINDA ROAD
Website : https://sebschools.com/"
306,"Aff. No. :1631085
Sch. Code:21070","State : PUNJAB
District : BATHINDA",Senior Secondary Level,"Name : BHARATIYA MODEL SEN. SEC. SCHOOL
Head/Principal Name: Upma Rani","Address : BHARATIYA MODEL SEN. SEC. SCHOOL
Website : www.bmsrampura.com"
307,"Aff. No. :1631087
Sch. Code:21085","State : PUNJAB
District : BATHINDA",Senior Secondary Level,"Name : MOUNT LITERA ZEE SCHOOL
Head/Principal Name: Geeta Pillai","Address : NH-64, AT KM STONE 183.50, NEAR LEHRA THERMAL
Website : www.mountliterarampura.com"
308,"Aff. No. :1631098
Sch. Code:21087","State : PUNJAB
District : BATHINDA",Senior Secondary Level,"Name : UNIVERSAL PUBLIC SENIOR SECONDARY SCHOOL
Head/Principal Name: MANJEET KAUR SIDHU","Address : KOTHI WALA RAH, TALWANDI SABO
Website : https://upssstalwandisabo.com/"
309,"Aff. No. :1631103
Sch. Code:21092","State : PUNJAB
District : BATHINDA",Senior Secondary Level,"Name : AKAL ACADEMY JAGA RAM TIRATH
Head/Principal Name: Rajinder Kaur","Address : VPO JAGA RAM TIRATH, TEHSIL TALWANDI SABO, DISTRICT BATHINDA, PUNJAB -151302
Website : https://jrt.akalacademy.ac.in/cbse-corner.php"
310,"Aff. No. :1631104
Sch. Code:21093","State : PUNJAB
District : BATHINDA",Senior Secondary Level,"Name : ROSE MARY CONVENT SCHOOL RING-ROAD, BATHINDA
Head/Principal Name: G C Mariadoss","Address : ROSE MARY CONVENT SCHOOL MALOUT-BADAL, RING-ROAD, BATHINDA
Website : https://www.rosemaryconventschool-rrbti.in/"
311,"Aff. No. :1630976
Sch. Code:20972","State : PUNJAB
District : BATHINDA",Senior Secondary Level,"Name : SRI GURU HARGOBIND CONVENT SCHOOL
Head/Principal Name: Jyoti","Address : POOHLI ROAD, NATHANA
Website : www.sghcsnathana.com"
312,"Aff. No. :1630965
Sch. Code:20953","State : PUNJAB
District : BATHINDA",Senior Secondary Level,"Name : D.M.PUBLIC SENIOR SECONDARY SCHOOL, KARAR WALA (BATHINDA)
Head/Principal Name: HARMEET SINGH","Address : VPO KARAR WALA, DISTT. BATHINDA
Website : www.dmgroupkararwala.com"
313,"Aff. No. :1630966
Sch. Code:20965","State : PUNJAB
District : BATHINDA",Senior Secondary Level,"Name : SANT BABA FATEH SINGH PUBLIC SCHOOL, BALLOH-BADIALA
Head/Principal Name: Ranjit Singh","Address : VPO: BALLOH, TEH: RAMPURA PHUL, DISTT. BATHINDA (PUNJAB) 148109
Website : www.sbfspsballohbadiala.org"
314,"Aff. No. :1630969
Sch. Code:20956","State : PUNJAB
District : BATHINDA",Senior Secondary Level,"Name : SACRED HEART CONVENT SENIOR SECONDARY SCHOOL
Head/Principal Name: Jagdeep Kaur Brar","Address : VPO-CHAK ATTAR SINGH WALA, BATHINDA, PUNJAB-151 401
Website : www.shcssscasw.com"
315,"Aff. No. :1630948
Sch. Code:20938","State : PUNJAB
District : BATHINDA",Senior Secondary Level,"Name : CMS GURU KASHI PUBLIC SCHOOL
Head/Principal Name: RAMAN KUMAR","Address : VPO BHAGTA BHAIKA, TEHSIL RAMPURA PHUL, DISTT. BATHINDA
Website : www.cmspublicschool.com"
316,"Aff. No. :1630953
Sch. Code:20951","State : PUNJAB
District : BATHINDA",Secondary Level,"Name : TOP RANKER INTERNATIONAL SCHOOL
Head/Principal Name: RAJAT KUMAR","Address : V P O NATHANA
Website : www.toprankerschool.com"
317,"Aff. No. :1630963
Sch. Code:20962","State : PUNJAB
District : BATHINDA",Senior Secondary Level,"Name : SHIVALIK-HILLS PUBLIC SCHOOL
Head/Principal Name: Ravinder Pal","Address : POST BOX NO. 28, SHREE BALAJI ENCLAVE, BARNALA ROAD
Website : www.shpsrampuraphul.com"
318,"Aff. No. :1630911
Sch. Code:20887","State : PUNJAB
District : BATHINDA",Senior Secondary Level,"Name : MOUNT LITERA ZEE SCHOOL
Head/Principal Name: MARY ANTONY SINGH","Address : MANSA ROAD, OPPOSITE SUSHANT LOK 1, KOTSHAMIR, BATHINDA. 151001
Website : https://www.mlzsbathinda.edu.in/"
319,"Aff. No. :1630875
Sch. Code:20877","State : PUNJAB
District : BATHINDA",Senior Secondary Level,"Name : AKAL ACADEMY KILLI NIHAL SINGH WALA
Head/Principal Name: NARINDER KAUR DHILLON","Address : KILLI NIHAL SINGH WALA, P.O.BHISSIANA, VIA GONIANA MANDI, TEHSIL & DISTRICT BATHINDA - 151201
Website : http://knswala.akalacademy.ac.in/"
320,"Aff. No. :1630880
Sch. Code:20878","State : PUNJAB
District : BATHINDA",Senior Secondary Level,"Name : HARBHAJAN INTERNATIONAL SCHOOL
Head/Principal Name: DR HARBHAJAN SINGH","Address : BATHINDA- RAMPURA ROAD, VILL- LEHRA BEHA, TEH- NATHANA, DIST- BATHINDA- 151111
Website :"
321,"Aff. No. :1630887
Sch. Code:20863","State : PUNJAB
District : BATHINDA",Secondary Level,"Name : GOLDEN DAYS PUBLIC SCHOOL
Head/Principal Name: BINDER KAUR","Address : BATHINDA-DABWALI ROAD, GURTHARI(BATHINDA)
Website : https://www.facebook.com/pages/G-D-Public-school-G"
322,"Aff. No. :1630872
Sch. Code:20872","State : PUNJAB
District : BATHINDA",Senior Secondary Level,"Name : GYAN GUNN SAGAR INTERNATIONAL SCHOOL
Head/Principal Name: Ajay Kumar","Address : MAISER KHANA, TALWANDI SABO,
Website : www.ggsinternationalschool.com"
323,"Aff. No. :1630816
Sch. Code:20791","State : PUNJAB
District : BATHINDA",Senior Secondary Level,"Name : THE MILLENNIUM SCHOOL
Head/Principal Name: SURBHI JOSHI","Address : ANSALS MITTAL TOWNSHIP, SUSHANT CITY-I, MANSA ROAD, KOTSHAMIR
Website : http://www.themillenniumschools.com/tmsbathinda/"
324,"Aff. No. :1630786
Sch. Code:20761","State : PUNJAB
District : BATHINDA",Secondary Level,"Name : RADCLIFFE SCHOOL
Head/Principal Name: YOGESH DUGGAL","Address : 287-288, BATHINDA-BADAL MAIN ROAD, NEAR NARUANA VILLAGE, BATHINDA.
Website : www.radcliffe.in"
325,"Aff. No. :1630777
Sch. Code:20796","State : PUNJAB
District : BATHINDA",Secondary Level,"Name : MATA SUNDRI PUBLIC SCHOOL
Head/Principal Name: MANORMA SAMAG","Address : KOT SHAMIR, BATHINDA
Website : www.mspschool.org"
326,"Aff. No. :1630759
Sch. Code:20739","State : PUNJAB
District : BATHINDA",Secondary Level,"Name : WHEAT FIELDS PUBLIC SCHOOL
Head/Principal Name: Prabhjot Kaur Lakhe Sar","Address : WHEAT FIELDS PUBLIC SCHOOL,BADAL ROAD, V.P.O-GHUDDA, DISTRICT & TEHSIL-BHATINDA
Website : www.wheatfields.com"
327,"Aff. No. :1630746
Sch. Code:20726","State : PUNJAB
District : BATHINDA",Senior Secondary Level,"Name : GURUKUL INTERNATIONAL SCHOOL
Head/Principal Name: PRASHANT SINGH","Address : NEAR GURDWARA BABA LADHA JI SALABATPURA ROAD
Website : www.gurukulbhairupa.com"
328,"Aff. No. :1630737
Sch. Code:20717","State : PUNJAB
District : BATHINDA",Senior Secondary Level,"Name : SRI DASMESH SENIOR SECONDARY PUBLIC SCHOOL TALWANDI SABO DISTT BATHINDA
Head/Principal Name: SANIA KAMRA","Address : BATHINDA ROAD, VILL ,P.O & TEHSIL: TALWANDI-SABO, DISTT: BATHINDA
Website : www.sridashmeshschool.in"
329,"Aff. No. :1630741
Sch. Code:20728","State : PUNJAB
District : BATHINDA",Senior Secondary Level,"Name : GURU GOBIND SINGH PUBLIC SCHOOL
Head/Principal Name: GURINDER KAUR","Address : VILL : MALUKA
Website : www.ggspsmaluka.com"
330,"Aff. No. :1630709
Sch. Code:20692","State : PUNJAB
District : BATHINDA",Senior Secondary Level,"Name : DR HOLMES ACADEMY
Head/Principal Name: KAJAL","Address : NH 15 , GONIANA BAJA KHANA ROAD , VILLAGE JEEDA
Website : https://drholmesacademy.com/"
331,"Aff. No. :1630698
Sch. Code:20679","State : PUNJAB
District : BATHINDA",Senior Secondary Level,"Name : DIFFERENT CONVENT SCHOOL
Head/Principal Name: MRINALINI GUPTA","Address : VILL. GHUDA, BADAL ROAD, NEAR FOCAL POINT, GHUDA
Website : www.differentconventschool.in"
332,"Aff. No. :1630671
Sch. Code:20653","State : PUNJAB
District : BATHINDA",Senior Secondary Level,"Name : GURU NANAK DEV PUBLIC SCHOOL
Head/Principal Name: JASDEEP KAUR MANN","Address : KAMLA NEHRU NAGAR, BIBIWALA ROAD, BATHINDA
Website : www.gndpsbti.com"
333,"Aff. No. :1630684
Sch. Code:20667","State : PUNJAB
District : BATHINDA",Senior Secondary Level,"Name : MODERN SECULAR PUBLIC SCHOOL
Head/Principal Name: SATWINDER KAUR","Address : MAUR ROAD, RAMPURA VILLAGE, PHUL, BHATINDA,
Website : www.mspsrampura.com"
334,"Aff. No. :1630595
Sch. Code:20583","State : PUNJAB
District : BATHINDA",Senior Secondary Level,"Name : LORD RAMA PUBLIC SCHOOL, BATHINDA
Head/Principal Name: SURAJ SETIA","Address : LORD RAMA PUBLIC SCHOOL, BIBI WALA ROAD, BATHINDA-151001
Website : www.lordramaschool.com"
335,"Aff. No. :1630552
Sch. Code:20538","State : PUNJAB
District : BATHINDA",Senior Secondary Level,"Name : ANAND SAGAR ACADEMY
Head/Principal Name: SUMAN SHARMA","Address : KOIR SINGH WALA ,TEHSIL RAMPURAPHUL, BHATINDA
Website : www.anandsagaracademy.in"
336,"Aff. No. :1630534
Sch. Code:20520","State : PUNJAB
District : BATHINDA",Senior Secondary Level,"Name : THE OXFORD SCHOOL OF EDUCATION
Head/Principal Name: ROOP LAL","Address : BHAGTA BHAI KA BAJA KHANA ROAD,BHAGTA BHAI KA,(PUNJAB)
Website : https://theoxfordschoolofeducation.com"
337,"Aff. No. :1630511
Sch. Code:20502","State : PUNJAB
District : BATHINDA",Senior Secondary Level,"Name : P.K.S. INTERNATIONAL SCHOOL
Head/Principal Name: MANJOT KAUR","Address : BATHINDA-MALOUT ROAD, VPO : BALLUANA, DISTT. BHATINDA
Website :"
338,"Aff. No. :1630483
Sch. Code:20474","State : PUNJAB
District : BATHINDA",Senior Secondary Level,"Name : CLAY INDIA INTERNATIONAL SCHOOL
Head/Principal Name: SARABJEET KAUR","Address : SANGAT CROSSING, DABWALI BHTHINDA ROAD, DISTT BHATINDA, PUNJAB
Website : www.clayindiainternationalschool.com"
339,"Aff. No. :1630486
Sch. Code:20477","State : PUNJAB
District : BATHINDA",Senior Secondary Level,"Name : DOON PUBLIC SCHOOL
Head/Principal Name: RAKESH KUMAR","Address : NATHANA-BHAGTA MAIN ROAD, V.PO. KALYAN SUKHA, THESIL & DISTT. BATHINDA, PUNJAB
Website : https://doonpublicschoolkalyansukha.in/"
340,"Aff. No. :1630396
Sch. Code:20387","State : PUNJAB
District : BATHINDA",Senior Secondary Level,"Name : DOON PUBLIC SCHOOL
Head/Principal Name: NEETISH SODHI","Address : KARARWALA VIA RAMPURA PHUL DISTT BATHINDA PUNJAB
Website : https://dsspskararwala.com/"
341,"Aff. No. :1630383
Sch. Code:20368","State : PUNJAB
District : BATHINDA",Senior Secondary Level,"Name : VISHVAS PUBLIC SCHOOL
Head/Principal Name: MEENA JASWAL","Address : VISHVAS ENCLAVE NEAR SAR HIND CANAL BEHMAN ROAD BATHINDA PUNJAB
Website : www.vpsbathinda.com"
342,"Aff. No. :1630385
Sch. Code:20369","State : PUNJAB
District : BATHINDA",Senior Secondary Level,"Name : GURU RAM DASS PUBLIC SCHOOL
Head/Principal Name: HARDEEP KAUR","Address : G T ROAD LEHRA MOHABBAT BATHINDA PUNJAB
Website : www.grdps.in"
343,"Aff. No. :1630421
Sch. Code:20401","State : PUNJAB
District : BATHINDA",Senior Secondary Level,"Name : EAST WOOD INTERNATIONAL SCHOOL
Head/Principal Name: Rubal Sidhu","Address : MALWA BYE PASS DOOMWALI BATHINDA PUNJAB
Website : www.theeastwoodschool.in"
344,"Aff. No. :1630369
Sch. Code:20357","State : PUNJAB
District : BATHINDA",Secondary Level,"Name : MATA BAINTI DEVI CONVENT SCHOOL
Head/Principal Name: RITU SINGLA","Address : V & PO AKALIA KALAN DISTT BHATINDA PUNJAB
Website : http://www.mbdconventschool.com"
345,"Aff. No. :1630371
Sch. Code:20362","State : PUNJAB
District : BATHINDA",Senior Secondary Level,"Name : QUEST INTERNATIONAL SCHOOL, BATHINDA
Head/Principal Name: RAVINDER KAUR","Address : PO BEHMAN DIWANA, MALAUT ROAD BATHINDA PUNJAB
Website : https://questinternationalschool.in/"
346,"Aff. No. :1630322
Sch. Code:20319","State : PUNJAB
District : BATHINDA",Senior Secondary Level,"Name : SUDESH VATIKA CONVENT SCHOOL
Head/Principal Name: MEENU RANI","Address : VPO BHAGIWANDER TEH TALWANDI SABO DISTT BHATINDA PUNJAB
Website : www.sudeshvatikaschools.com"
347,"Aff. No. :1630309
Sch. Code:20302","State : PUNJAB
District : BATHINDA",Senior Secondary Level,"Name : SILVER OAK SCHOOL
Head/Principal Name: NEELAM VERMA","Address : BIBI WALA ROAD NEXT TO ITBP BATHINDA PUNJAB
Website : www.silveroaksbti.org"
348,"Aff. No. :1630267
Sch. Code:20260","State : PUNJAB
District : BATHINDA",Senior Secondary Level,"Name : DELHI PUBLIC SCHOOL
Head/Principal Name: JATINDER KUMAR SAINI","Address : 8-KM BATHINDA GONIANA ROAD BATHINDA PUNJAB
Website : www.dpsbathinda.com"
349,"Aff. No. :1630268
Sch. Code:20262","State : PUNJAB
District : BATHINDA",Senior Secondary Level,"Name : MAHINDRA PUBLIC SCHOOL
Head/Principal Name: RADHA","Address : CHAK FATEH SINGH WALA NEAR BUCHO MANDI DISTT BATHINDA PUNJAB
Website : www.mahindraschool.com"
350,"Aff. No. :1630272
Sch. Code:20265","State : PUNJAB
District : BATHINDA",Senior Secondary Level,"Name : S S D KRISHNA VATIKA SCHOOL
Head/Principal Name: Sudha Sharma","Address : BATHINDA GONIANA ROAD BHOKHRA BATHINDA PUNJAB
Website : www.SSDKV.IN"
351,"Aff. No. :1630251
Sch. Code:20240","State : PUNJAB
District : BATHINDA",Senior Secondary Level,"Name : STAR PLUS CONVENT SCHOOL
Head/Principal Name: MONIKA DHIMAN","Address : BANGI ROAD RAMAN MANDI DISTT BATHINDA PUNJAB
Website : www.starplusconventschool.com"
352,"Aff. No. :1630256
Sch. Code:20248","State : PUNJAB
District : BATHINDA",Senior Secondary Level,"Name : ROSE MARY CONVENT SCHOOL
Head/Principal Name: SUNITA RANI","Address : BATHINDA MALOUT ROAD BALLUANA BATHINDA PUNJAB
Website : www.rosemaryconvent.com"
353,"Aff. No. :1630258
Sch. Code:20250","State : PUNJAB
District : BATHINDA",Senior Secondary Level,"Name : SAINT FATEH SINGH CONVENT SCHOOL
Head/Principal Name: Amrik Singh","Address : MAUR MANDI BATHINDA ROAD DISTT BATHINDA PUNJAB
Website : www.sfscs.com"
354,"Aff. No. :1630223
Sch. Code:20222","State : PUNJAB
District : BATHINDA",Senior Secondary Level,"Name : ST. KABIR CONVENT SCHOOL
Head/Principal Name: Kanchan","Address : BHUCHO KHURD DISTT BATHINDA PUNJAB
Website : www.stkabirschoolbti.com"
355,"Aff. No. :1630134
Sch. Code:20127","State : PUNJAB
District : BATHINDA",Senior Secondary Level,"Name : R M M DAV PUBLIC SCHOOL
Head/Principal Name: Arpita Das","Address : RAMAN, BHATINDA, PUNJAB
Website : www.rmmdavpsraman.com"
356,"Aff. No. :1630125
Sch. Code:20128","State : PUNJAB
District : BATHINDA",Senior Secondary Level,"Name : ST. XAVIER'S SCHOOL
Head/Principal Name: EULALIO JULIO FERNANDES","Address : RAMPURA PHUL DISTT. BHATINDA PUNJAB
Website : www.xavierrampura.com"
357,"Aff. No. :1630126
Sch. Code:20150","State : PUNJAB
District : BATHINDA",Senior Secondary Level,"Name : BHAI ROOP CHAND PUBLIC SCHOOL
Head/Principal Name: Dr Bhushan Kumar","Address : BHAI RUPA TEH RAINPURA POOL, DISTT BHATINDA PUNJAB
Website : www.bhairoopchandscool.com"
358,"Aff. No. :1630109
Sch. Code:20107","State : PUNJAB
District : BATHINDA",Senior Secondary Level,"Name : SRI GURU HARKRISHAN PUBLIC SCHOOL
Head/Principal Name: GURBINDER KAUR","Address : NEAR MULTIPURPOSE SPORTS STADIUM BHATINDA PUNJAB
Website : www.sghpschool.in"
359,"Aff. No. :1630093
Sch. Code:20089","State : PUNJAB
District : BATHINDA",Senior Secondary Level,"Name : POLICE PUBLIC SCHOOL, BATHINDA
Head/Principal Name: ANU SINGLA","Address : POLICE LINE BHATINDA PUNJAB
Website : www.ppsbti.com"
360,"Aff. No. :1630073
Sch. Code:20068","State : PUNJAB
District : BATHINDA",Senior Secondary Level,"Name : ST. XAVIERS SCHOOL
Head/Principal Name: FR. CIDLOY FURTADO","Address : MODEL TOWN PHASE II BHATINDA PUNJAB
Website : www.xavierbathinda.com"
361,"Aff. No. :1630062
Sch. Code:20058","State : PUNJAB
District : BATHINDA",Senior Secondary Level,"Name : RAMJIDAS BHAGWANDAS DAV SENIOR SECONDARY PUBLIC SCHOOL
Head/Principal Name: ANURADHA BHATIA","Address : DAYANAND NAGAR BHATINDA PUNJAB
Website : www.rbdavbti.com"
362,"Aff. No. :1630032
Sch. Code:20010","State : PUNJAB
District : BATHINDA",Senior Secondary Level,"Name : SUMMER HILL CONVENT SCHOOL
Head/Principal Name: JAGDISH KAUR","Address : BHATINDA PUNJAB
Website : www.summerhillbti.com"
363,"Aff. No. :1630014
Sch. Code:20011","State : PUNJAB
District : BATHINDA",Senior Secondary Level,"Name : ST. JOSEPH'S CONVENT SEC SCHOOL
Head/Principal Name: OPHILIA LOBO","Address : CIVIL LINES BHATINDA PUNJAB
Website : www.stjosephsbathinda.org"
364,"Aff. No. :1620150
Sch. Code:24597","State : PUNJAB
District : BATHINDA",Secondary Level,"Name : ADARSH SEN SEC SCHOOL
Head/Principal Name: GURJEET KAUR WALIA","Address : VPO CHAUKE TEH MAUR DISTT BATHINDA, VPO CHAUKE TEH MAUR DISTT BATHINDA
Website : http://www.adarshschoolchauke.com/"
365,"Aff. No. :1600034
Sch. Code:24553","State : PUNJAB
District : BATHINDA",Senior Secondary Level,"Name : PM SHRI KENDRIYA VIDYALAYA NO 5
Head/Principal Name: SUMATI DOGRA","Address : BHATINDA CANTT PUNJAB
Website : https://no5bhatinda.kvs.ac.in/"
366,"Aff. No. :1600018
Sch. Code:24523","State : PUNJAB
District : BATHINDA",Senior Secondary Level,"Name : PM SHRI KENDRIYA VIDYALAYA NO 3
Head/Principal Name: JASPAL SINGH NEGI","Address : AIR FORCE STATION BHAISIANA BHATINDA PUNJAB
Website : https://no3bhatinda.kvs.ac.in/"
367,"Aff. No. :1600024
Sch. Code:24545","State : PUNJAB
District : BATHINDA",Senior Secondary Level,"Name : KENDRIYA VIDYALAYA NO 4
Head/Principal Name: Kulbir Singh","Address : CHOUDHARY MARG BHATINDA CANTT PUNJAB
Website : https://no4bhatinda.kvs.ac.in/"
368,"Aff. No. :1600012
Sch. Code:24524","State : PUNJAB
District : BATHINDA",Senior Secondary Level,"Name : PM SHRI KENDRIYA VIDYALAYA NO 1
Head/Principal Name: KUMUD AHUJA","Address : THIMAYYA MARG BHATINDA CANTT PUNJAB
Website : www.no1bhatinda.kvs.ac.in"
369,"Aff. No. :1620004
Sch. Code:24009","State : PUNJAB
District : BATHINDA",Senior Secondary Level,"Name : GOVT. MODEL SCHOOL
Head/Principal Name: Munish Mohan sharma","Address : NATHEHA, BLOCK TALWANDI, SAKO, DISTT. BHATINDA
Website :"
370,"Aff. No. :1620011
Sch. Code:24006","State : PUNJAB
District : BATHINDA",Senior Secondary Level,"Name : GOVT. MODEL SCHOOL
Head/Principal Name: MONA","Address : RAM NAGAR, MANDI, PHUL, WEST/MAUR, BATHINDA, PUNJAB
Website :"
371,"Aff. No. :1620013
Sch. Code:24025","State : PUNJAB
District : BATHINDA",Senior Secondary Level,"Name : GOVT. MODEL SCHOOL
Head/Principal Name: Pooja Rani","Address : RAI - KE- KALAN, BLOCK - SANGAT DISTT. BHATINDA
Website :"
372,"Aff. No. :1620015
Sch. Code:24020","State : PUNJAB
District : BATHINDA",Senior Secondary Level,"Name : GOVT. ADARSH SCHOOL
Head/Principal Name: Gurpreet Kaur","Address : CANAL COLONY, BHATINDA
Website :"
373,"Aff. No. :1631591
Sch. Code:23892","State : PUNJAB
District : BATHINDA",Secondary Level,"Name : SATGURU PUBLIC SCHOOL
Head/Principal Name: MADHU BANSAL","Address : KALALWALA, BATHINDA, PUNJAB
Website : https://spskalalwala.com/"
374,"Aff. No. :1631560
Sch. Code:23792","State : PUNJAB
District : BATHINDA",Senior Secondary Level,"Name : ST. XAVIER'S E-SCHOOL
Head/Principal Name: PRACHI SHARMA","Address : NH54, BATHINDA-DABWALI ROAD, SANGAT ROAD, GURTHARI
Website : https://www.stxaviereschool.com/"
375,"Aff. No. :1631571
Sch. Code:23804","State : PUNJAB
District : BATHINDA",Secondary Level,"Name : BHAI MASTAN SINGH PUBLIC SCHOOL
Head/Principal Name: MEENAKSHI SHARMA","Address : VILLAGE PAKKA KALAN, POST OFFICE PAKKA KALAN, BATHINDA
Website : www.bmspakkakalan.com"
376,"Aff. No. :1631551
Sch. Code:23775","State : PUNJAB
District : BATHINDA",Senior Secondary Level,"Name : NARAYANA E TECHNO SCHOOL
Head/Principal Name: MANVEEN KAUR","Address : GANPATI ENCLAVE, BHATINDA, BHATINDA
Website : www.narayanaschoolbhatinda.com"
377,"Aff. No. :1631489
Sch. Code:23703","State : PUNJAB
District : BATHINDA",Secondary Level,"Name : THE SANSKAAR SCHOOL
Head/Principal Name: Deepika Kapoor","Address : TALWANDI SABO, TALWANDI SABO
Website : www.thesanskaarschool.com"
378,"Aff. No. :1631478
Sch. Code:23691","State : PUNJAB
District : BATHINDA",Secondary Level,"Name : BBS INDO CANADIAN SCHOOL MALUKA
Head/Principal Name: DR. DHAWAN KUMAR","Address : DISTT BATHINDA, PUNJAB
Website : http://www.bbsindocanadianschool.in"
379,"Aff. No. :1631471
Sch. Code:23684","State : PUNJAB
District : BATHINDA",Secondary Level,"Name : SILVER OAKS GLOBAL SCHOOL, DABWALI ROAD, BATHINDA
Head/Principal Name: RAVINDER SRA","Address : DABWWALI ROAD, BATHINDA
Website : https://silveroaksglobaldabwaliroad.com/"
380,"Aff. No. :1631400
Sch. Code:21304","State : PUNJAB
District : BATHINDA",Senior Secondary Level,"Name : ST. XAVIERS WORLD SCHOOL
Head/Principal Name: Gunwant Kaur Dhillon","Address : NFL TOWNSHIP, BATHINDA
Website : https://bathinda.stxaviersworldschool.com"
381,"Aff. No. :1631421
Sch. Code:23623","State : PUNJAB
District : BATHINDA",Senior Secondary Level,"Name : INNOVATIVE GLOBAL SCHOOL , NEHIANWALA
Head/Principal Name: Balbir Singh","Address : NEHIANWALA, NEHIAN WALA
Website : https://igs.nletschool.com/"
382,"Aff. No. :1631351
Sch. Code:21394","State : PUNJAB
District : BATHINDA",Senior Secondary Level,"Name : SAINT XAVIER CONVENT SCHOOL
Head/Principal Name: JOSHI JOSEPH","Address : VPO. DYALPURA BHAIKA
Website : www.xavierconventschool.com"
383,"Aff. No. :1631361
Sch. Code:21406","State : PUNJAB
District : BATHINDA",Senior Secondary Level,"Name : AKAL ACADEMY BAGHA
Head/Principal Name: Priyam","Address : AKAL ACADEMY BAGHA, VILLAGE BAGHA, POST OFFICE RAMAN, TEHSIL TALWANDI SABO, DISTRICT BATHINDA (PUNJAB) - 151301
Website : https://bagha.akalacademy.ac.in/"
384,"Aff. No. :1631335
Sch. Code:21377","State : PUNJAB
District : BATHINDA",Secondary Level,"Name : ST. XAVIERS CONVENT SCHOOL
Head/Principal Name: Sudhabani Chaudhary","Address : TALWANDI SABO -RAMAN ROAD, VILL. JAJJAL (BATHINDA)
Website : www.xavierschooljajjal.in"
385,"Aff. No. :1631330
Sch. Code:21371","State : PUNJAB
District : BATHINDA",Senior Secondary Level,"Name : SAHIBZADA AJIT SINGH CONVENT SCHOOL
Head/Principal Name: GURPREET KAUR","Address : BATHINDA-MANSA ROAD, GEHRI BARA SINGH-151509, TEHSIL MAUR, DISTT. BATHINDA (PB.)
Website : www.sahizadaajitsinghconventschool.com"
386,"Aff. No. :1631257
Sch. Code:21246","State : PUNJAB
District : BATHINDA",Senior Secondary Level,"Name : SARASWATI CONVENT SCHOOL
Head/Principal Name: SEEMA RANI","Address : NEAR BABA BANGALI KUTIYA, TILLA ROAD, MAUR MANDI
Website : www.scsmaur.com"
387,"Aff. No. :1631264
Sch. Code:21256","State : PUNJAB
District : BATHINDA",Senior Secondary Level,"Name : THE EKLAVYA CONVENT SCHOOL
Head/Principal Name: RAJNI JINDAL","Address : THE EKLAVYA CONVENT SCHOOL,VPO GANGA-ABLU KI, TEH. GONIANA MANDI, BATHINDA
Website : https://tecsbti.com/"
388,"Aff. No. :1631279
Sch. Code:21264","State : PUNJAB
District : BATHINDA",Senior Secondary Level,"Name : LALA KASTURI LAL SARVHITKARI SENIOR SECONDARY VIDYA MANDIR, RAMPURA PHUL (BATHINDA)
Head/Principal Name: SANJEEV KUMAR","Address : MEHRAJ ROAD, RAMPURA PHUL 151103
Website : http://svmrampuraphul.sarvhitkari.org"
389,"Aff. No. :1631281
Sch. Code:21272","State : PUNJAB
District : BATHINDA",Senior Secondary Level,"Name : PATHFINDER GLOBAL SCHOOL
Head/Principal Name: ISHU RANI","Address : RAMPURA-GILL KALAN ROAD
Website : http://www.pathfinderglobalschool.in"
390,"Aff. No. :1631283
Sch. Code:21275","State : PUNJAB
District : BATHINDA",Secondary Level,"Name : CAMBRIDGE GLOBAL SCHOOL BATHINDA
Head/Principal Name: Varinder Kaur","Address : VILLAGE JODHPUR ROMANA DABWALI ROAD NEAR AIIMS
Website : Cambridgeglobalbathinda.com"
391,"Aff. No. :1631209
Sch. Code:21194","State : PUNJAB
District : BATHINDA",Secondary Level,"Name : DASMESH PUBLIC SENIOR SECONDARY SCHOOL
Head/Principal Name: Deepkamal Mann","Address : GANGA ROAD NATHANA
Website : http://www.dasmeshschoolnathana.in/"
392,"Aff. No. :1631202
Sch. Code:21188","State : PUNJAB
District : BATHINDA",Senior Secondary Level,"Name : M.H.R PUBLIC SCHOOL BATHINDA
Head/Principal Name: Ashwani Gupta","Address : STREET NO.5, MALVIYA NAGAR BATHINDA
Website : www.mhrpublicschool.com"
393,"Aff. No. :1631187
Sch. Code:21174","State : PUNJAB
District : BATHINDA",Senior Secondary Level,"Name : SILVER OAKS GLOBAL SCHOOL, SUSHANT CITY-II, BATHINDA, PUNJAB
Head/Principal Name: Neetu Arora","Address : 82 FEET CIRCLE ROAD, SUSHANT CITY - II, MANSA ROAD
Website : www.silveroaksglobalsushantcity2.com"
394,"Aff. No. :1631161
Sch. Code:21160","State : PUNJAB
District : BATHINDA",Secondary Level,"Name : BHAI DAAN SINGH AKAL ACADEMY
Head/Principal Name: RUPINDER KAUR","Address : VILLAGE-DAAN SINGH WALA, POSTOFFICE-MEHMA SWAI
Website : https://bhaidaansinghacademy.com"
395,"Aff. No. :1631106
Sch. Code:21095","State : PUNJAB
District : BATHINDA",Senior Secondary Level,"Name : B.G.N.ADARSH PUBLIC SCHOOL
Head/Principal Name: TRIPTA BAJAJ","Address : VILLAGE SHERGARH VPO BHAGWANGARH
Website : www.bgnschool.in"
396,"Aff. No. :1631128
Sch. Code:21117","State : PUNJAB
District : BATHINDA",Senior Secondary Level,"Name : THE MILLENNIUM SCHOOL
Head/Principal Name: Mona Bharaktiya","Address : HMEL TOWNSHIP, RAMAN & TARKHANWALA
Website : www.themillenniumschools.com/hmelbathinda/"
397,"Aff. No. :1680009
Sch. Code:20074","State : PUNJAB
District : BATHINDA",Senior Secondary Level,"Name : ARMY PUBLIC SCHOOL
Head/Principal Name: Mrs. Rashmi Prakash","Address : BHATINDA CANTT, PUNJAB
Website : www.apsbathinda.org"
398,"Aff. No. :1640011
Sch. Code:24511","State : PUNJAB
District : BATHINDA",Senior Secondary Level,"Name : PM SHRI SCHOOL JAWAHAR NAVODAYA VIDYALAYA
Head/Principal Name: Sharda","Address : TEONAPUJARIAN VIA TALWANDI SABO DISTT. BHATINDA PUNJAB
Website : https://navodaya.gov.in/nvs/nvs-school/Bathinda"
399,"Aff. No. :1640015
Sch. Code:24517","State : PUNJAB
District : FARIDKOT",Senior Secondary Level,"Name : PM SHRI SCHOOL JAWAHAR NAVODAYA VIDYALAYA
Head/Principal Name: MOHD. TARIQ IMRAN","Address : VILL KAUNI PO JAND SAHIB DISTT FARIDKOT PUNJAB
Website : www.jnvfaridkot.org"
400,"Aff. No. :1670001
Sch. Code:24028","State : PUNJAB
District : FARIDKOT",Secondary Level,"Name : GOVT. S.A.S. ADARSH SEC SCHOOL
Head/Principal Name: SARIKA DHAWAN","Address : PACCA, FARIDKOT-151203 (PUNJAB)
Website : https://sas-adarshschool.com/"
401,"Aff. No. :1680019
Sch. Code:20216","State : PUNJAB
District : FARIDKOT",Secondary Level,"Name : ARMY PUBLIC SCHOOL
Head/Principal Name: MANDEEP KAUR SAINI","Address : FARIDKOT FARIDKOT MILITARY STATION C/O HQ 16 ARTILLERY BRIGADE C/O 56 APO
Website : www.apsfaridkot.com"
402,"Aff. No. :1631145
Sch. Code:21259","State : PUNJAB
District : FARIDKOT",Secondary Level,"Name : BRITISH INTERNATIONAL SCHOOL
Head/Principal Name: Heena Rani","Address : JAITU KOTKAPURA ROAD
Website : www.britishischool.com"
403,"Aff. No. :1631207
Sch. Code:21195","State : PUNJAB
District : FARIDKOT",Senior Secondary Level,"Name : SADA RAM BANSAL MEM. SR. SEC. SCHOOL
Head/Principal Name: SAPNA RANI","Address : JAITU ROAD KOTKAPURA
Website : www.sadarambansalschoolkkp.com"
404,"Aff. No. :1631236
Sch. Code:21226","State : PUNJAB
District : FARIDKOT",Senior Secondary Level,"Name : DR. RAVINDER CONVENT SCHOOL
Head/Principal Name: SHINDERPAL KAUR","Address : MALLAH ROAD, BAJAKHANA, DISTRICT FARIDKOT, PUNJAB
Website : http://www.drravinder.org/"
405,"Aff. No. :1631469
Sch. Code:23682","State : PUNJAB
District : FARIDKOT",Secondary Level,"Name : SARASWATI GENIUS SCHOOL
Head/Principal Name: Gagandeep Kaur Brar","Address : BATHINDA ROAD, DISTT FARIDKOT
Website : http://www.saraswatigeniusschooljattu.com"
406,"Aff. No. :1600013
Sch. Code:24525","State : PUNJAB
District : FARIDKOT",Senior Secondary Level,"Name : PM SHRI KENDRIYA VIDYALAYA
Head/Principal Name: SUNIL KUMAR","Address : FARIDKOT CANTT PUNJAB
Website : https://faridkot.kvs.ac.in/"
407,"Aff. No. :1630017
Sch. Code:20013","State : PUNJAB
District : FARIDKOT",Senior Secondary Level,"Name : DASMESH PUBLIC SCHOOL
Head/Principal Name: APURAV DEVGON","Address : FARIDKOT PUNJAB
Website : www.dasmeshschoolfdk.com"
408,"Aff. No. :1630086
Sch. Code:20081","State : PUNJAB
District : FARIDKOT",Senior Secondary Level,"Name : D.A.V.EDWARD GANJ PUBLIC SCHOOL
Head/Principal Name: Mr.Rakesh Kumar","Address : MALOUT DISTT:- FARIDKOT PUNJAB
Website : www.davschoolmalout.org"
409,"Aff. No. :1630100
Sch. Code:20095","State : PUNJAB
District : FARIDKOT",Senior Secondary Level,"Name : NATIONAL PUBLIC SCHOOL
Head/Principal Name: RAJESHWAR PRASAD","Address : JALALABAD ROAD MUKTSAR DISTT FARIDKOT PUNJAB
Website : www.nationalpublic.in"
410,"Aff. No. :1630101
Sch. Code:20098","State : PUNJAB
District : FARIDKOT",Senior Secondary Level,"Name : D A V PUBLIC SCHOOL
Head/Principal Name: RAJVEER SINGH","Address : KOTKAPURA SIKHAM WALA ROAD DISTT FARIDKOT PUNJAB
Website : www.davkkp.com"
411,"Aff. No. :1630168
Sch. Code:20156","State : PUNJAB
District : FARIDKOT",Senior Secondary Level,"Name : BABA FARID PUBLIC SCHOOL
Head/Principal Name: SUKHDEEP KAUR","Address : HARINDERA NAGAR FRIDKOT PUNJAB
Website : www.babafaridpublicschool.com"
412,"Aff. No. :1630163
Sch. Code:20169","State : PUNJAB
District : FARIDKOT",Senior Secondary Level,"Name : C.L. SACHDEVA DAV CENTENARY PUB SCH
Head/Principal Name: JYOTI","Address : JAITU DISTT. FARIDKOT PUNJAB
Website : www.clsdavjaitu.in"
413,"Aff. No. :1630340
Sch. Code:20329","State : PUNJAB
District : FARIDKOT",Senior Secondary Level,"Name : AKAL ACADEMY
Head/Principal Name: Nirmaljeet Kaur","Address : JAND SAHIB, VPO JAND SAHIB, NEAR SADIQ, DISTRICT FARIDKOT (PUNJAB) - 151203
Website : https://jandsahib.akalacademy.ac.in/"
414,"Aff. No. :1630356
Sch. Code:20349","State : PUNJAB
District : FARIDKOT",Senior Secondary Level,"Name : SHIVALIK PUBLIC SCHOOL
Head/Principal Name: GURPREET SINGH BRAR","Address : MUKTSAR ROAD JAUITI DISTT FARIDKOT PUNJAB
Website : www.shivalikpublic.com"
415,"Aff. No. :1630466
Sch. Code:20455","State : PUNJAB
District : FARIDKOT",Secondary Level,"Name : DASMESH PUBLIC SCHOOL KOTKAPURA
Head/Principal Name: Surinder Singh","Address : PARTAP SINGH NAGAR, KOTKAPURA, FARIDKOT PUNJAB
Website : www.dasmeshschoolkkp.com"
416,"Aff. No. :1630452
Sch. Code:20439","State : PUNJAB
District : FARIDKOT",Senior Secondary Level,"Name : DELHI INTERNATIONAL SCHOOL
Head/Principal Name: PRIYANKA BRAR","Address : POST BOX NO.7 POST OFFICE, FARIDKOT-PUNJAB
Website : www.delhiinternationalschool.in"
417,"Aff. No. :1630536
Sch. Code:20522","State : PUNJAB
District : FARIDKOT",Senior Secondary Level,"Name : GURU TEG BAHADUR PUBLIC SCHOOL
Head/Principal Name: ANUPMA","Address : VPO MEHMUANA
Website : www.gtbpublicschool.com"
418,"Aff. No. :1630580
Sch. Code:20565","State : PUNJAB
District : FARIDKOT",Senior Secondary Level,"Name : WEST POINT SCHOOL
Head/Principal Name: HARLEEN KAUR","Address : SANDHWAN,DANEWALA ROAD
Website : https://westpointkotkapura.com/"
419,"Aff. No. :1630570
Sch. Code:20552","State : PUNJAB
District : FARIDKOT",Senior Secondary Level,"Name : FABLE PUBLIC SCHOOL
Head/Principal Name: SHAVINDER SETHI","Address : JAITU ROAD,DISTT FARIDKOT
Website : https://fablepublicschool.com/"
420,"Aff. No. :1630609
Sch. Code:20599","State : PUNJAB
District : FARIDKOT",Secondary Level,"Name : D.V.M.PUBLIC SCHOOL SADIQ
Head/Principal Name: RAJDEEP KAUR BRAR","Address : SADHUWALA ROAD SADIQ
Website : www.dvmschoolsadiq.in"
421,"Aff. No. :1630667
Sch. Code:20651","State : PUNJAB
District : FARIDKOT",Senior Secondary Level,"Name : DIVINE MATA GUJRI PUBLIC SCHOOL
Head/Principal Name: Lakhwinder Singh","Address : SADIQ, AT MANI SINGH WALA, DISTT. FARIDKOT
Website : www.divinematagujripublicseniorsecondaryschool.com"
422,"Aff. No. :1630727
Sch. Code:20705","State : PUNJAB
District : FARIDKOT",Senior Secondary Level,"Name : OXBRIDGE WORLD SCHOOL
Head/Principal Name: SAMEENA KHURANA","Address : BATHINDA ROAD,KOTKAPURA
Website : http://www.oxbridgeworldschool.com"
423,"Aff. No. :1630765
Sch. Code:20749","State : PUNJAB
District : FARIDKOT",Senior Secondary Level,"Name : GURU GOBIND SINGH PUBLIC SCHOOL
Head/Principal Name: RAJWINDER KAUR DHILLON","Address : GANGSAR-JAITO, DISTT. FARIDKOT, PUNJAB
Website : www.ggspschool.org"
424,"Aff. No. :1630789
Sch. Code:20770","State : PUNJAB
District : FARIDKOT",Senior Secondary Level,"Name : P.S.T MEMORIAL PUBLIC SCHOOL
Head/Principal Name: JOGINDER SINGH","Address : V.P.O- GHUDUWALA, TEHSIL- SADIQ, DISTRICT- FARIDKOT, PUNJAB
Website : www.pstschool.com"
425,"Aff. No. :1630800
Sch. Code:20775","State : PUNJAB
District : FARIDKOT",Senior Secondary Level,"Name : MAJOR AJAIB SINGH CONVENT SCHOOL
Head/Principal Name: Sukhchain Singh Brar","Address : V.P.O. JEONWALA KOTKAPURA FARIDKOT
Website : www.masinstitutions.org"
426,"Aff. No. :1630827
Sch. Code:20798","State : PUNJAB
District : FARIDKOT",Senior Secondary Level,"Name : SMD WORLD SCHOOL
Head/Principal Name: HARMOHAN SINGH SAHNI","Address : V.P.O. KOT SUKHIA, DISTT FARIDKOT, PUNJAB
Website : https://smdgoi.org/"
427,"Aff. No. :1630824
Sch. Code:20808","State : PUNJAB
District : FARIDKOT",Senior Secondary Level,"Name : DCM INTERNATIONAL SCHOOL
Head/Principal Name: MEENAKSHI","Address : BAHMAN WALA ROAD, KOTKAPURA, FARIDKOT, PUNJAB
Website : https://dcmschoolkkp.org/"
428,"Aff. No. :1630926
Sch. Code:20925","State : PUNJAB
District : FARIDKOT",Senior Secondary Level,"Name : MOUNT LITERA ZEE SCHOOL, FARIDKOT
Head/Principal Name: RAJANI THAKUR","Address : KOTKAPURA ROAD, FARIDKOT, PUNJAB
Website : www.mountliterafdk.org"
429,"Aff. No. :1630980
Sch. Code:20976","State : PUNJAB
District : FARIDKOT",Senior Secondary Level,"Name : TAJ PUBLIC SCHOOL
Head/Principal Name: Rajinder Kashyap","Address : JAND SAHIB
Website : www.tajpublicschool.com"
430,"Aff. No. :1631005
Sch. Code:20993","State : PUNJAB
District : FARIDKOT",Secondary Level,"Name : SRI GURU HARKRISHAN PUBLIC SCHOOL
Head/Principal Name: KIRANJOT KAUR","Address : V&PO-GOLEWALA, DISTT.- FARIDKOT
Website : https://sghkps.in/"
431,"Aff. No. :1631017
Sch. Code:21007","State : PUNJAB
District : FARIDKOT",Senior Secondary Level,"Name : SILVER OAKS SCHOOL
Head/Principal Name: PRIYANKA MEHTA","Address : VILLAGE SEWEWALA, JAITO BATHINDA ROAD, JAITO
Website : info@silveroaksjaitu.in"
432,"Aff. No. :1631082
Sch. Code:21084","State : PUNJAB
District : FARIDKOT",Secondary Level,"Name : DASMESH GLOBAL SCHOOL
Head/Principal Name: AJAY KUMAR SHARMA","Address : KOTKAPURA ROAD, BARGARI
Website : www.dasmeshglobalbrg.com"
433,"Aff. No. :1631073
Sch. Code:21067","State : PUNJAB
District : FARIDKOT",Secondary Level,"Name : DOLPHIN PUBLIC SCHOOL
Head/Principal Name: SATINDER KAUR","Address : DOLPHIN PUBLIC SCHOOL, MUKTSAR ROAD
Website : www.dolphinpublicschool.in"
434,"Aff. No. :1631054
Sch. Code:21050","State : PUNJAB
District : FARIDKOT",Senior Secondary Level,"Name : RISHI MODEL SCHOOL
Head/Principal Name: GAGANDEEP SINGH","Address : RISHI MODEL SCHOOL,PANJGRAIN KALAN DHILWAN KALAN LINK ROAD PANJGRAIN KALAN
Website : www.rishimodelschool.com"
435,"Aff. No. :1631069
Sch. Code:21061","State : PUNJAB
District : FATEHGARH SAHIB",Senior Secondary Level,"Name : ST.SOLDIER SMART SCHOOL
Head/Principal Name: YESHA","Address : VILL -CHUNNI KALAN
Website : www.stsoldierchunni.com"
436,"Aff. No. :1630979
Sch. Code:20975","State : PUNJAB
District : FATEHGARH SAHIB",Senior Secondary Level,"Name : DESH BHAGAT GLOBAL SCHOOL ,
Head/Principal Name: Indu Sharma","Address : VILL-SOUNTI AMLOH ROAD ,MANDI GOBINDGARH
Website : www.deshbhagatglobalschool.com"
437,"Aff. No. :1630962
Sch. Code:20948","State : PUNJAB
District : FATEHGARH SAHIB",Senior Secondary Level,"Name : AKAL ACADEMY KHAMANON
Head/Principal Name: Amarjit Kaur","Address : VPO WARD NO.5, KHAMANON, TEHSIL KHAMANON, DISTRICT FATEHGARH SAHIB, PUNJAB (141108)
Website : https://khamanonkhurd.akalacademy.ac.in/"
438,"Aff. No. :1630944
Sch. Code:20934","State : PUNJAB
District : FATEHGARH SAHIB",Senior Secondary Level,"Name : GARDEN VALLEY INTERNATIONAL SCHOOL
Head/Principal Name: NIDHI AGGARWAL","Address : KHARAR ROAD, OPP. KHANNA HOSPITAL, BASSI PATHANA FATEHGARH PUNJAB
Website : www.gvisbassi.in"
439,"Aff. No. :1630935
Sch. Code:20926","State : PUNJAB
District : FATEHGARH SAHIB",Senior Secondary Level,"Name : GREENFIELDS SCHOOL
Head/Principal Name: Shallu Randhawa","Address : SIRHIND BRAHMAN MAJRA FATEGARH SAHIB
Website : www.greenfieldsschoolsirhind.com"
440,"Aff. No. :1630870
Sch. Code:20869","State : PUNJAB
District : FATEHGARH SAHIB",Senior Secondary Level,"Name : AKAL ACADEMY
Head/Principal Name: JASPREET KAUR","Address : CHUNNI KALAN, TEHSIL BASSI PATHANA, DISTT. FATEHGARH SAHIB (PUNJAB) - 140406
Website : www.chunni.akalacademy.in"
441,"Aff. No. :1630738
Sch. Code:20718","State : PUNJAB
District : FATEHGARH SAHIB",Secondary Level,"Name : ST. XAVIER SCHOOL
Head/Principal Name: JUBY JOHN","Address : VIL. BHADDALTHUHA NABHA ROAD, AMLOH
Website : http://www.stxavierschool.org"
442,"Aff. No. :1630610
Sch. Code:20597","State : PUNJAB
District : FATEHGARH SAHIB",Senior Secondary Level,"Name : S.D. MODEL SCHOOL
Head/Principal Name: Archana Gupta","Address : NEW SANT NAGAR, VILLAGE JASSRAN
Website : www.sdmodelschool.com"
443,"Aff. No. :1630563
Sch. Code:20556","State : PUNJAB
District : FATEHGARH SAHIB",Senior Secondary Level,"Name : JESUS SAVIOUR'S SCHOOL
Head/Principal Name: SAM JEGAN RAJ","Address : NEAR TEHSIL COMPLEX
Website : www.jsskhamanon.com"
444,"Aff. No. :1630538
Sch. Code:20526","State : PUNJAB
District : FATEHGARH SAHIB",Senior Secondary Level,"Name : SARVHITKARI VIDYA MANDIR (MANSOORPUR) KHAMANO
Head/Principal Name: Gurpreet Kaur","Address : SARVHITKARI VIDYA MANDIR MANSOORPUR, KHAMANO TEHSIL KHAMANO DISTRICT FATEHGARH SAHIB PB141127
Website : www.svmkhamano.com"
445,"Aff. No. :1630512
Sch. Code:20553","State : PUNJAB
District : FATEHGARH SAHIB",Senior Secondary Level,"Name : UMA RANA PUBLIC SCHOOL
Head/Principal Name: AJAY VEER SINGH","Address : VPO SANGHOL, TEHSIL-KHAMANO, DISTT-FATEHGARH
Website : https://www.umaranapublicschool.in"
446,"Aff. No. :1630451
Sch. Code:20438","State : PUNJAB
District : FATEHGARH SAHIB",Senior Secondary Level,"Name : C.S. INTERNATIONAL SCHOOL
Head/Principal Name: Jimmy Kataria","Address : VILL. KUMBH, AMLOH ROAD,MANDI GOBINDGARH, DISTT FATEHGARH
Website : www.csinternationalschool.com"
447,"Aff. No. :1630412
Sch. Code:20402","State : PUNJAB
District : FATEHGARH SAHIB",Secondary Level,"Name : ST MARY'S SCHOOL
Head/Principal Name: PRATEEK BENJAMIN","Address : MAHADIYA FATEGARH SAHIB PUNJAB
Website : www.stmarysschoolsirhind.com"
448,"Aff. No. :1630312
Sch. Code:20298","State : PUNJAB
District : FATEHGARH SAHIB",Senior Secondary Level,"Name : ST FARID PUBLIC SCHOOL
Head/Principal Name: VIKRAMJIT SINGH","Address : KHANNA ROAD AMLOH DISTT FATEHGARH SAHIB PUNJAB
Website : www.stfaridpublicschool.com"
449,"Aff. No. :1630239
Sch. Code:20231","State : PUNJAB
District : FATEHGARH SAHIB",Senior Secondary Level,"Name : SAFFRON CITY SCHOOL
Head/Principal Name: JASDEEP KAUR KAHLON","Address : KOTLA BAJWARA PO MANUPURA TEH & DISTT FATEHGARH SAHIB PUNJAB
Website : www.saffroncityschool.com"
450,"Aff. No. :1630285
Sch. Code:20276","State : PUNJAB
District : FATEHGARH SAHIB",Senior Secondary Level,"Name : DIVINE LIGHT INTERNATIONAL SCHOOL
Head/Principal Name: Dr. Babita Chopra","Address : SHAMSHER NAGER SIRHIND DISTT FATEHGARH SAHIB PUNJAB
Website : www.dlisedu.in"
451,"Aff. No. :1630159
Sch. Code:20212","State : PUNJAB
District : FATEHGARH SAHIB",Senior Secondary Level,"Name : PINE GROVE PUBLIC SCHOOL
Head/Principal Name: NITU KUMAR","Address : BASSI PATHANAN DISTT FATEHGARH PUNJAB
Website :"
452,"Aff. No. :1630170
Sch. Code:20162","State : PUNJAB
District : FATEHGARH SAHIB",Senior Secondary Level,"Name : JESUS SAVIOURS SCHOOL
Head/Principal Name: SAJIMON GEORGE","Address : SHAMSHER NAGAR SARHIND DISTT FATEGHGARH SAHIB PUNJAB
Website : https://jsssirhind.com/"
453,"Aff. No. :1630201
Sch. Code:20192","State : PUNJAB
District : FATEHGARH SAHIB",Senior Secondary Level,"Name : OM PARKASH BANSAL MODERN SCHOOL
Head/Principal Name: SANGEETA SHARMA","Address : POST BOX NO 82 SARHIND SIDE MANDI GOBIND GARH PUNJAB
Website : www.opbms.in"
454,"Aff. No. :1630191
Sch. Code:20180","State : PUNJAB
District : FATEHGARH SAHIB",Senior Secondary Level,"Name : SACRED HEART HIGH SCHOOL
Head/Principal Name: DIVYA MEHTA","Address : JALALPUR KHUMB MANDI GOBINDGARH, DISTT FATEHGARH PUNJAB
Website : www.Sacredheartmgg.in"
455,"Aff. No. :1630051
Sch. Code:20047","State : PUNJAB
District : FATEHGARH SAHIB",Senior Secondary Level,"Name : ST. FARID PUBLIC SCHOOL
Head/Principal Name: AMRITA SINGH","Address : MANDI GOBIND GARH DISTT. FATEHGARH SAHIB PUNJAB
Website : www.stfarid.school"
456,"Aff. No. :1630063
Sch. Code:20044","State : PUNJAB
District : FATEHGARH SAHIB",Senior Secondary Level,"Name : GOBINDGARH PUBLIC SCHOOL
Head/Principal Name: Neeru Arora","Address : MANDI GOBIND GARH FATEHGARH SAHIB PUNJAB
Website : www.gpsgobindgarh.in"
457,"Aff. No. :1600043
Sch. Code:24563","State : PUNJAB
District : FATEHGARH SAHIB",Senior Secondary Level,"Name : PM SHRI KENDRIYA VIDYALAYA
Head/Principal Name: ANUJ KUMAR","Address : NEAR BABA MOTI RAM MEHRA COMMEMRATIVE GATE, REONA UCHA, PO TALANIA, FATEHGARH SAHIB, PUNJAB
Website : www.reonaucha.kvs.ac.in"
458,"Aff. No. :1631477
Sch. Code:23690","State : PUNJAB
District : FATEHGARH SAHIB",Secondary Level,"Name : MAHARISHI MEHI VIDYA MANDIR
Head/Principal Name: Jaswinder Kaur","Address : TEHSIL AMLOH, DISTT FATEHGARH SAHIB
Website : www.mmvm.in"
459,"Aff. No. :1631484
Sch. Code:23698","State : PUNJAB
District : FATEHGARH SAHIB",Secondary Level,"Name : GARDEN VALLEY INTERNATIONAL, SCHOOL
Head/Principal Name: MEENAKSHI SHARMA","Address : KHAMANON, KHAMANON
Website : http://gviskhamanon.in/"
460,"Aff. No. :1631507
Sch. Code:23722","State : PUNJAB
District : FATEHGARH SAHIB",Senior Secondary Level,"Name : LADY LRD PUBLIC SCHOOL
Head/Principal Name: Achint Kaur Sandhu","Address : GRAND TRUNK ROAD, NASRALI, MANDI GOBINDGARH
Website : https://ladylrdschool.com/"
461,"Aff. No. :1631570
Sch. Code:23803","State : PUNJAB
District : FATEHGARH SAHIB",Secondary Level,"Name : GARDEN VALLEY INTERNATIONAL SCHOOL
Head/Principal Name: Manjit Kaur","Address : VILLAGE KOTLA BAJWARA , CHANDIGARH BY PASS ROAD SIRHIND , DISTT.FATEHGARH SAHIB
Website : https://www.gvissirhind.in"
462,"Aff. No. :1631215
Sch. Code:21202","State : PUNJAB
District : FATEHGARH SAHIB",Secondary Level,"Name : SACRED HEART PUBLIC SCHOOL
Head/Principal Name: RAVINDER KAUR","Address : V.P.O. NABIPUR, BUS STAND, SADHUGARH, DISTT. FATEHGARH SAHIB.
Website : www.sarcedheartpublicschool.in"
463,"Aff. No. :1631164
Sch. Code:21296","State : PUNJAB
District : FATEHGARH SAHIB",Secondary Level,"Name : LORDS INTERNATIONAL SCHOOL
Head/Principal Name: Rohini Bruce","Address : LORDS INTERNATIONAL SCHOOL, COL GURMEL SINGH JAGIRDAR ESTATE, BHAMARSI BULAND
Website : https://sites.google.com/view/lordsintschool/"
464,"Aff. No. :1631291
Sch. Code:21280","State : PUNJAB
District : FATEHGARH SAHIB",Senior Secondary Level,"Name : DIYA INTERNATIONAL SCHOOL, MANDI GOBINDGARH
Head/Principal Name: MEENAKSHI SHARMA","Address : SECTOR 9 RAM NAGAR NEAR GRAIN MARKET
Website : www.diyaschool.in"
465,"Aff. No. :1631325
Sch. Code:21365","State : PUNJAB
District : FATEHGARH SAHIB",Senior Secondary Level,"Name : GARDEN VALLEY INTERNATIONAL SCHOOL
Head/Principal Name: Jaskiran Kaur","Address : VILLAGE BAINA BULAND,
Website : www.gvisamloh.in"
466,"Aff. No. :1631344
Sch. Code:21386","State : PUNJAB
District : FATEHGARH SAHIB",Senior Secondary Level,"Name : GARDEN VALLEY INTERNATIONAL SCHOOL
Head/Principal Name: NAMITA CHAUHAN","Address : VILLAGE SAMPLI, SAMPLA ROAD, NEAR UNIVERSITY COLLEGE, CHUNNI KALAN
Website : www.gvischunni.in"
467,"Aff. No. :1631418
Sch. Code:23621","State : PUNJAB
District : FATEHGARH SAHIB",Senior Secondary Level,"Name : SACRED HEART SCHOOL
Head/Principal Name: AMARPREET KAUR","Address : BHAIRONPUR , DISTT FATEHGARH SAHIB
Website : http://www.sacredheartfgs.net/"
468,"Aff. No. :1640001
Sch. Code:24502","State : PUNJAB
District : FATEHGARH SAHIB",Senior Secondary Level,"Name : JAWAHAR NAVODAYA VIDYALAYA
Head/Principal Name: Shephali singh","Address : V P O FAROUR NEAR KHOMAN KALAN DISTT FATEHGARH SAHIB PUNJAB
Website : https://navodaya.gov.in/nvs/nvs-school/FatehgarhSahib/en/hom"
469,"Aff. No. :1631602
Sch. Code:23931","State : PUNJAB
District : FEROZEPUR",Secondary Level,"Name : COTTONWOOD INTERNATIONAL SCHOOL
Head/Principal Name: TRIDEEP TALWAR","Address : VILLAGE MANSOOR DEVA, TEHSIL ZIRA, FEROZEPUR
Website : https://cwszira.in/index.html"
470,"Aff. No. :1640009
Sch. Code:24510","State : PUNJAB
District : FEROZEPUR",Senior Secondary Level,"Name : PM SHRI SCHOOL JAWAHAR NAVODAYA VIDYALAYA
Head/Principal Name: SWARNJEET KAUR NIJJER","Address : P.O. MAHIANWAL KALAN TEH ZIRA (KALAN RATTOP) DISTT. FEROZEPUR PUNJAB
Website : www.jnvferozepur.org.in"
471,"Aff. No. :1670003
Sch. Code:24030","State : PUNJAB
District : FEROZEPUR",Secondary Level,"Name : GOVT. BIS ADARSH SR SEC SCHOOL
Head/Principal Name: RAVINDER KAUR","Address : HARDASA, DISTT FEROZEPUR-142050
Website : www.adarshschoolhardasa.com"
472,"Aff. No. :1680007
Sch. Code:20055","State : PUNJAB
District : FEROZEPUR",Senior Secondary Level,"Name : ARMY PUBLIC SCHOOL
Head/Principal Name: Nirdosh Rana","Address : FAZILKA CANTT, DISTT FEROZEPUR, PUNJAB
Website : https://apsfazilka.ac.in/"
473,"Aff. No. :1680008
Sch. Code:20064","State : PUNJAB
District : FEROZEPUR",Senior Secondary Level,"Name : ARMY PUBLIC SCHOOL
Head/Principal Name: Abhay Kumar Ojha","Address : HOSPITAL ROAD, FEROZPUR CANTT, PUNJAB
Website : www.apsferozepur.com"
474,"Aff. No. :1631377
Sch. Code:23634","State : PUNJAB
District : FEROZEPUR",Senior Secondary Level,"Name : MANAVTA PUBLIC SENIOR SECONDARY SCHOOL FEROZEPUR
Head/Principal Name: SAPNA DHAWAN","Address : BEHIND MODI MILL FEROZEPUR CITY
Website : www.manavtapublicschool.co.in"
475,"Aff. No. :1631368
Sch. Code:23616","State : PUNJAB
District : FEROZEPUR",Senior Secondary Level,"Name : AKAL ACADEMY BEHAK FATTU
Head/Principal Name: Mandeep Kaur","Address : AKAL ACADEMY BEHAK FATTU, VILLAGE BEHAK FATTU, POST OFFICE BEHAK GUJJRAN, TEHSIL ZIRA, DISTRICT FEROZEPUR (PUNJAB) - 142044
Website : https://behakfattu.akalacademy.ac.in/"
476,"Aff. No. :1631334
Sch. Code:21376","State : PUNJAB
District : FEROZEPUR",Senior Secondary Level,"Name : AKAL ACADEMY NAVAN QUILLA
Head/Principal Name: Mohanjit Kaur","Address : AKAL ACADEMY NAVAN QUILLA, VILLAGE NAVAN QUILLA, POST OFFICE KARMA, TEHSIL GURUHARSHAI, DISTRICT FEROZEPUR (PUNJAB) - 152023
Website : https://navanquilla.akalacademy.ac.in/"
477,"Aff. No. :1631336
Sch. Code:21378","State : PUNJAB
District : FEROZEPUR",Secondary Level,"Name : SSM GLOBAL SCHOOL KASSOANA
Head/Principal Name: SANGEETA","Address : VPO KASSOANA TEHSIL ZIRA DISTT FEROZEPUR
Website : http://ssmglobalschool.com"
478,"Aff. No. :1631327
Sch. Code:21368","State : PUNJAB
District : FEROZEPUR",Secondary Level,"Name : GGS WORLD SCHOOL FEROZEPUR ROAD MALLANWALA FEROZEPUR
Head/Principal Name: MANJIT SINGH","Address : FEROZEPUR ROAD MALLANWALA FEROZEPUR
Website : https://www.ggsworldfzr.com/"
479,"Aff. No. :1631314
Sch. Code:21351","State : PUNJAB
District : FEROZEPUR",Senior Secondary Level,"Name : THE HERO PUBLIC SCHOOL
Head/Principal Name: Simi Gandhi","Address : THE HERO PUBLIC SCHOOL, NH 54 AMRITSAR BATHINDA ROAD, MAKHU TEHSIL - ZIRA, DISTT _ FEROZEPUR 142044
Website : www.heropublicschool.com"
480,"Aff. No. :1631292
Sch. Code:21283","State : PUNJAB
District : FEROZEPUR",Senior Secondary Level,"Name : BABA FARID INTERNATIONAL SCHOOL KULGARHI
Head/Principal Name: RITU CHOPRA","Address : VPO KULGARHI DISTT FEROZEPUR
Website : www.bfiskulgarhi.com"
481,"Aff. No. :1631288
Sch. Code:21277","State : PUNJAB
District : FEROZEPUR",Senior Secondary Level,"Name : WETLAND INTERNATIONAL SCHOOL
Head/Principal Name: SAJIA","Address : ADASRH NAGAR- MAKHU,
Website : www.wetlandinternationalschool.com"
482,"Aff. No. :1631261
Sch. Code:21255","State : PUNJAB
District : FEROZEPUR",Senior Secondary Level,"Name : VIVEKANANDA WORLD SCHOOL VILLAGE SATYIAN WALA DISTT FIROZEPUR
Head/Principal Name: SANJAY KUMAR","Address : BHAGWATI ENCLAVE, MALWAL ROAD VILLAGE SATYIAN WALA DISTT FIROZEPUR
Website : www.vws.org.in"
483,"Aff. No. :1631124
Sch. Code:21113","State : PUNJAB
District : FEROZEPUR",Secondary Level,"Name : SRI GURU HAR GOBIND SAHIB SENIOR SECONDARY SCHOOL , WATTU BHATTI,MAKHU (FEROZEPUR)
Head/Principal Name: MANDEEP SINGH","Address : SRI GURU HAR GOBIND SAHIB SEN. SEC . SCHOOL WATTU BHATTI , MAKHU
Website : www.sriguruhargobindsahibschool.com"
484,"Aff. No. :1631126
Sch. Code:21116","State : PUNJAB
District : FEROZEPUR",Senior Secondary Level,"Name : DAYANAND CHANAN LAL SN. SEC. SCHOOL
Head/Principal Name: MANI","Address : SDM COURT ROAD, CIVIL LINES, FAZILKA
Website : www.dcdavfzk.in"
485,"Aff. No. :1631133
Sch. Code:21123","State : PUNJAB
District : FEROZEPUR",Senior Secondary Level,"Name : AKAL ACADEMY RATTA KHERA
Head/Principal Name: Jaswant Kaur","Address : RATTA KHERA, VPO RATTA KHERA (PUNJAB SINGH WALA), TEHSIL & DISTT. FEROZEPUR, (PUNJAB)
Website : https://rattakhera.akalacademy.ac.in/"
486,"Aff. No. :1631192
Sch. Code:21179","State : PUNJAB
District : FEROZEPUR",Senior Secondary Level,"Name : SAINT SOLDIER PUBLIC SENIOR SECONDARY SCHOOL
Head/Principal Name: KULDEEP KAUR SIDHU","Address : VILL JHOKE NODH SINGH PO TIBBI KHURD
Website : http://stsoldiersschool.in"
487,"Aff. No. :1680021
Sch. Code:20341","State : PUNJAB
District : FEROZEPUR",Secondary Level,"Name : ARMY SCHOOL
Head/Principal Name: Dr Krishna Singh","Address : MILITARY STATION ABOHAR PUNJAB
Website : https://www.apsabohar.com"
488,"Aff. No. :1600039
Sch. Code:24559","State : PUNJAB
District : FEROZEPUR",Senior Secondary Level,"Name : PM SHRI KENDRIYA VIDYALAYA
Head/Principal Name: SATPAL KULHARI","Address : BSF FALIYN WALA MUKTSAR ROAD JALALABAD (W) DISTT FEROZPUR PUNJAB
Website : https://jalalabadbsf.kvs.ac.in/"
489,"Aff. No. :1600047
Sch. Code:24565","State : PUNJAB
District : FEROZEPUR",Secondary Level,"Name : KENDRIYA VIDYALAYA
Head/Principal Name: MANGERAM GODARA","Address : K.M.S. WALA, B.S.F., FEROZEPUR, PUNJAB
Website : https://bsfkmswala.kvs.ac.in/"
490,"Aff. No. :1620014
Sch. Code:24023","State : PUNJAB
District : FEROZEPUR",Senior Secondary Level,"Name : GOVT. ADARSH SCHOOL
Head/Principal Name: NEELAM RANI","Address : BUKAN KHAN WALA, P.O. DHIRA PATRA, TEHSIL - FEROZEPUR
Website :"
491,"Aff. No. :1620012
Sch. Code:24019","State : PUNJAB
District : FEROZEPUR",Senior Secondary Level,"Name : GOVT. MODEL SCHOOL
Head/Principal Name: ASHWANI AHUJA","Address : KAURIAN WALI FAZILKA, DISTT FEROZEPUR, PUNJAB
Website :"
492,"Aff. No. :1620005
Sch. Code:24010","State : PUNJAB
District : FEROZEPUR",Senior Secondary Level,"Name : GOVT. MODEL SCHOOL
Head/Principal Name: Sarbjit Singh","Address : USMAN WALA, P.O. ARIBKE, BLOCK FEROZEPUR
Website :"
493,"Aff. No. :1620002
Sch. Code:24007","State : PUNJAB
District : FEROZEPUR",Senior Secondary Level,"Name : GOVT. MODEL SCHOOL
Head/Principal Name: JASBIR LAL","Address : CHAK MOCHAN WALA, DISTT. FEROZEPUR, PUNJAB
Website :"
494,"Aff. No. :1620003
Sch. Code:24008","State : PUNJAB
District : FEROZEPUR",Senior Secondary Level,"Name : GOVT. MODEL SCHOOL
Head/Principal Name: Jasbir lal","Address : GUDDARDHANDI, FEROZEPUR, PUNJAB
Website :"
495,"Aff. No. :1620009
Sch. Code:24004","State : PUNJAB
District : FEROZEPUR",Senior Secondary Level,"Name : GOVT. MODEL SCHOOL
Head/Principal Name: GURBINDER SINGH","Address : VILLAGE DHRANGWALA, BLOCK - ABOHAR, DISTT FEROZEPUR, PUNJAB
Website :"
496,"Aff. No. :1620010
Sch. Code:24005","State : PUNJAB
District : FEROZEPUR",Senior Secondary Level,"Name : GOVT. MODEL SCHOOL
Head/Principal Name: RAJNISH","Address : GIDDERNWALI, BLOCK - KHUHIAN SARVER
Website :"
497,"Aff. No. :1600002
Sch. Code:24526","State : PUNJAB
District : FEROZEPUR",Senior Secondary Level,"Name : PM SHRI KENDRIYA VIDYALAYA NO 1
Head/Principal Name: SEEMA SINGH","Address : FEROZEPUR CANTT PUNJAB
Website : https://no1ferozepur.kvs.ac.in/"
498,"Aff. No. :1600028
Sch. Code:24547","State : PUNJAB
District : FEROZEPUR",Senior Secondary Level,"Name : PM SHRI KENDRIYA VIDYALAYA
Head/Principal Name: KARAMJIT SINGH NAIN","Address : MILITARY STATION, FAZILKA ROAD ABOHAR PUNJAB
Website : www.ABOHAR.KVS.AC.IN"
499,"Aff. No. :1600031
Sch. Code:24550","State : PUNJAB
District : FEROZEPUR",Senior Secondary Level,"Name : PM SHRI KENDRIYA VIDYALAYA NO 2
Head/Principal Name: GURDEEP SINGH","Address : FEROZEPUR CANTT PUNJAB
Website : https://no2ferozepur.kvs.ac.in/"
500,"Aff. No. :1620029
Sch. Code:20912","State : PUNJAB
District : FEROZEPUR",Secondary Level,"Name : SUNSHINE MODERN CANTONMENT BOARD SCHOOL
Head/Principal Name: JAGDISH SINGH","Address : SETHI ROAD, FEROZPUR CANTT. PUNJAB
Website : https://sunshinemcbschool.com/"
501,"Aff. No. :1630016
Sch. Code:20015","State : PUNJAB
District : FEROZEPUR",Senior Secondary Level,"Name : L R S D A V SR SEC MODEL SCHOOL
Head/Principal Name: SMITA SHARMA","Address : ABOHAR DISTT FEROZEPUR PUNJAB
Website : www.davabh.org"
502,"Aff. No. :1630171
Sch. Code:20172","State : PUNJAB
District : FEROZEPUR",Senior Secondary Level,"Name : GURU RAM DASS PUBLIC SCHOOL
Head/Principal Name: KHUSHWANT SINGH","Address : SHAHDEENWALA PO LUMBRIWALA DISTT FIROZPUR PUNJAB
Website : www.grdpsfzr.org"
503,"Aff. No. :1630151
Sch. Code:20138","State : PUNJAB
District : FEROZEPUR",Secondary Level,"Name : COLONEL OXFD SCHOOL
Head/Principal Name: VIPUL KUMAR","Address : KM.7 HANUMANGARH ROAD ABOHAR FEROZEPUR PUNJAB
Website : www.coschool.in"
504,"Aff. No. :1630164
Sch. Code:20158","State : PUNJAB
District : FEROZEPUR",Senior Secondary Level,"Name : SHAH BALWANT RAI D A V PUBLIC SCHOOL
Head/Principal Name: Jaswinder Kaur Gogar","Address : KHOSA DAL SINGH ROAD, TALWANDI BHAI DISTT FEROZPUR PUNJAB
Website : www.sbrdav.org"
505,"Aff. No. :1630087
Sch. Code:20083","State : PUNJAB
District : FEROZEPUR",Senior Secondary Level,"Name : LATE ISHAR DAS GUMBER DAV CENTENARY PUBLIC SCHOOL
Head/Principal Name: Ritu Bhatnagar","Address : JALALABAD(WEST) DISTT:- FEROZPUR PUNJAB
Website : http://lidgdavjbd.in/"
506,"Aff. No. :1630091
Sch. Code:20086","State : PUNJAB
District : FEROZEPUR",Senior Secondary Level,"Name : LALA SARAN DASS BOOTA RAM AGGARWAL SARVHITKARI VIDYA MANDIR
Head/Principal Name: MADHU SHARMA","Address : ABOHAR ROAD MADHAV NAGRI FAZILKA PUNJAB
Website : www.sarvhitkarifazilka.org"
507,"Aff. No. :1630092
Sch. Code:20088","State : PUNJAB
District : FEROZEPUR",Senior Secondary Level,"Name : SAHID GANJ PUBLIC SCHOOL
Head/Principal Name: SANJEEV JAIN","Address : MUDKI DISTT FEROZPUR PUNJAB
Website : www.sgpsmudki.in"
508,"Aff. No. :1630129
Sch. Code:20124","State : PUNJAB
District : FEROZEPUR",Senior Secondary Level,"Name : R K G DAV SENIOR SECONDARY PUBLIC SCHOOL
Head/Principal Name: AMIT OBEROI","Address : FARIDKAT ROAD GURU HAR SAHAI FEROZEPUR PUNJAB
Website : www.rkgdav.com"
509,"Aff. No. :1630118
Sch. Code:20119","State : PUNJAB
District : FEROZEPUR",Senior Secondary Level,"Name : H M DAV PUBLIC SCHOOL
Head/Principal Name: Anoop Chauhan","Address : MALWAL ROAD FEROZPUR CITY PUNJAB
Website : http://hmdavfirozpur.in"
510,"Aff. No. :1630135
Sch. Code:20129","State : PUNJAB
District : FEROZEPUR",Senior Secondary Level,"Name : SMT KARAM BAI DAV CENT.PUB SCH
Head/Principal Name: NEETU ANEJA","Address : MALOUT ROAD FAZILIKA PUNJAB
Website : www.skbdavfazilka.in"
511,"Aff. No. :1630144
Sch. Code:20152","State : PUNJAB
District : FEROZEPUR",Senior Secondary Level,"Name : JHAMKU DEVI GIRLS SCHOOL
Head/Principal Name: JOBY THOTTIYIL ABRAHAM","Address : DHORA MEHRAJPUR ABOHAR DISTT. FEROZEPUR PUNJAB
Website : https://jhamkudevischool.in/"
512,"Aff. No. :1630284
Sch. Code:20275","State : PUNJAB
District : FEROZEPUR",Senior Secondary Level,"Name : D C MODEL INTERNATIONAL SCHOOL
Head/Principal Name: ANURADHA CHANDEL","Address : ZIRA ROAD OPP FCI GODOWN FEROZEPUR CITY PUNJAB
Website : www.dcminternationalschool.org"
513,"Aff. No. :1630294
Sch. Code:20284","State : PUNJAB
District : FEROZEPUR",Senior Secondary Level,"Name : SHANTI VIDYA MANDIR
Head/Principal Name: RAJNI MADAHAR","Address : OPP BSF CAMPUS CITY BY PASS MOGA ROAD VILLAGE SATIAWALA FEROZPUR CANTT PUNJAB
Website : www.svmfzr.org"
514,"Aff. No. :1630277
Sch. Code:20270","State : PUNJAB
District : FEROZEPUR",Senior Secondary Level,"Name : RSD RAJ RATTAN PUBLIC SCHOOL
Head/Principal Name: PARVEEN LATA","Address : OUTSIDE MAKHU GATE FEROZPUR CITY PUNJAB
Website : https://www.rsdrajrattanpublicschool.com/"
515,"Aff. No. :1630314
Sch. Code:20311","State : PUNJAB
District : FEROZEPUR",Senior Secondary Level,"Name : A V PUBLIC SCHOOL
Head/Principal Name: Sangeeta Rani","Address : FAZILKA DISTT FEROZPUR PUNJAB
Website : www.avps.in"
516,"Aff. No. :1630337
Sch. Code:20326","State : PUNJAB
District : FEROZEPUR",Senior Secondary Level,"Name : DOON VALLEY CAMBRIDGE SCHOOL
Head/Principal Name: Manish Mishra","Address : FEROZEPUR ROAD ZIRA DISTT FEROZEPUR PUNJAB
Website : www.doonvalleyschool.com"
517,"Aff. No. :1630357
Sch. Code:20345","State : PUNJAB
District : FEROZEPUR",Senior Secondary Level,"Name : I JAY PUBLIC SCHOOL
Head/Principal Name: MR. AJIT SINGH","Address : KULUWALLE JALALABAD (W) FEROZEPUR PUNJAB
Website : http://dipsjalalabad.com"
518,"Aff. No. :1630439
Sch. Code:20428","State : PUNJAB
District : FEROZEPUR",Senior Secondary Level,"Name : GODWIN PUBLIC SCHOOL
Head/Principal Name: ABHILEKH SHARMA","Address : ABOHAR FAZILKA ROAD GHALLU PO NIHAL HERA TEH FAZILKA FEROZEPUR PUNJAB
Website : www.godwinghallu.org"
519,"Aff. No. :1630518
Sch. Code:20509","State : PUNJAB
District : FEROZEPUR",Senior Secondary Level,"Name : J. K. S. PUBLIC SCHOOL
Head/Principal Name: MEENU MONGA","Address : BEHIND PARAS CINEMA FARIDKOT ROAD
Website : www.jksschool.com"
520,"Aff. No. :1630503
Sch. Code:20493","State : PUNJAB
District : FEROZEPUR",Senior Secondary Level,"Name : PANACEA PUBLIC SCHOOL
Head/Principal Name: RAMANPREET KAUR","Address : CHAK MANNE WALA , TEH. JALALABAD WEST DISTT FEROZEPUR PUNJAB PIN 152024
Website : www.panaceajalalabad.com"
521,"Aff. No. :1630473
Sch. Code:20466","State : PUNJAB
District : FEROZEPUR",Secondary Level,"Name : CHANAKYA SCHOOL
Head/Principal Name: Vandana","Address : FAZILKA KORIAN WALI ROAD PANCHAN WALI, FEROZEPUR, PUNJAB
Website : www.chanakyaschoolfazilka.com"
522,"Aff. No. :1630535
Sch. Code:20521","State : PUNJAB
District : FEROZEPUR",Senior Secondary Level,"Name : PARADISE PUBLIC SCHOOL
Head/Principal Name: AVINASH SINGH","Address : ZIRA, FEROZEPUR ROAD ZIRA
Website : https://ppssszira.in"
523,"Aff. No. :1630560
Sch. Code:20547","State : PUNJAB
District : FEROZEPUR",Senior Secondary Level,"Name : SHREE ATAM VALLABH JAIN VIDYAMANDIR SCHOOL
Head/Principal Name: SHALLU SOOD","Address : SHREE ATAM VALLABH JAIN VIDYAMANDIR SCHOOL, ZIRA(FEROZEPUR)
Website : www.avjvmzira.com"
524,"Aff. No. :1630586
Sch. Code:20574","State : PUNJAB
District : FEROZEPUR",Senior Secondary Level,"Name : MATA SAHIB KAUR PUBLIC SCHOOL
Head/Principal Name: Ms. Vandana Dhawan","Address : MANDI GURUHARSAHAI PIN 152022
Website : www.mskpschool.in"
525,"Aff. No. :1630579
Sch. Code:20568","State : PUNJAB
District : FEROZEPUR",Senior Secondary Level,"Name : SAINT KABIR GURUKUL
Head/Principal Name: ARCHANA GABA","Address : VILLAGE BAGGHE KE,FAZILKA ROAD JALALABAD(WEST) FEROZEPUR
Website : www.saintkabirgurukul.edu.in"
526,"Aff. No. :1630606
Sch. Code:20594","State : PUNJAB
District : FEROZEPUR",Senior Secondary Level,"Name : D.C. MODEL SR. SEC. SCHOOL
Head/Principal Name: YACHANA CHAWLA","Address : D C MODEL COMPLEX, RAILWAY STATION ROAD FEROZEPUR CANTT
Website : www.dcmodelferozpur.com"
527,"Aff. No. :1630603
Sch. Code:20592","State : PUNJAB
District : FEROZEPUR",Senior Secondary Level,"Name : S.K PUBLIC SCHOOL
Head/Principal Name: HARPRIT KAUR SIDHU","Address : BEHIND POWER HOUSE, TALWANDI BHAI, ZIRA, FEROZEPUR, PUNJAB- 142050
Website : www.skschool.co.in"
528,"Aff. No. :1630604
Sch. Code:20586","State : PUNJAB
District : FEROZEPUR",Senior Secondary Level,"Name : ACME PUBLIC SCHOOL
Head/Principal Name: ARUNA","Address : MUKTSAR ROAD, CHAK SAIDO KE JALALABAD WEST FEROZEPUR PUNJAB
Website : www.acmepublicschool.org"
529,"Aff. No. :1630729
Sch. Code:20710","State : PUNJAB
District : FEROZEPUR",Senior Secondary Level,"Name : LAUREL INTERNATIONAL PUBLIC SCHOOL
Head/Principal Name: Anupreet Kaur","Address : BAHAMANI WALA ROAD, JALALABAD (W)
Website : https://lipsjalalabad.com"
530,"Aff. No. :1630718
Sch. Code:20699","State : PUNJAB
District : FEROZEPUR",Senior Secondary Level,"Name : SIMIGO INTERNATIONAL SCHOOL
Head/Principal Name: Rajni Bharti","Address : SITTO ROAD
Website : www.simigo.edu.in"
531,"Aff. No. :1630720
Sch. Code:20701","State : PUNJAB
District : FEROZEPUR",Secondary Level,"Name : SAHIBZADA AJIT SINGH PUBLIC SCHOOL
Head/Principal Name: Pawandeep Kaur Dhillon","Address : V.P.O-BAZEEDPUR
Website : www.saspschool.com"
532,"Aff. No. :1630796
Sch. Code:20767","State : PUNJAB
District : FEROZEPUR",Senior Secondary Level,"Name : PUNJAB PUBLIC SCHOOL
Head/Principal Name: KULDIP SINGH","Address : VILL : NATHE SHAH WALA, P.O. KHAI PHEME KI, DISTT FEROZEPUR, PUNJAB
Website : www.ppsfzr.com"
533,"Aff. No. :1630797
Sch. Code:20768","State : PUNJAB
District : FEROZEPUR",Senior Secondary Level,"Name : J.N. INTERNATIONAL SCHOOL
Head/Principal Name: RAVINDER KUMAR","Address : FF ROAD, VILLAGE SAIDE KE MOHAN, NEAR JIWNA ARIAN, DISTT. FEROZEPUR
Website : https://jninternationalschool.in"
534,"Aff. No. :1630785
Sch. Code:20759","State : PUNJAB
District : FEROZEPUR",Senior Secondary Level,"Name : G.T.B. PUBLIC SCHOOL
Head/Principal Name: PARTAP SINGH","Address : GURU HAR SAHAI MUKATSAR ROAD, NEW MODAL TOWN
Website :"
535,"Aff. No. :1630892
Sch. Code:20882","State : PUNJAB
District : FEROZEPUR",Senior Secondary Level,"Name : SHRI GURU JAMBHESHWAR D.A.V. SENIOR SECONDARY PUBLIC SCHOOL
Head/Principal Name: SUKHDEV SINGH","Address : VPO: HARIPURA, NEAR PANJKOSI RAILWAY STATION, TEHSIL: ABOHAR, DIST: FAZILKA
Website : www.davharipura.in"
536,"Aff. No. :1630831
Sch. Code:20812","State : PUNJAB
District : FEROZEPUR",Senior Secondary Level,"Name : DASMESH PUBLIC SCHOOL
Head/Principal Name: JASMINDER SINGH SANDHU","Address : DASMESH NAGAR, FEROZEPUR CITY.
Website : www.dasmeshschoolfzr.com"
537,"Aff. No. :1630828
Sch. Code:20802","State : PUNJAB
District : FEROZEPUR",Senior Secondary Level,"Name : CITY HEART SCHOOL, MAMDOT
Head/Principal Name: Rajni Sharma","Address : V.P.O. MAMDOT, FEROZEPUR
Website : www.cityheartschool.com"
538,"Aff. No. :1630854
Sch. Code:20832","State : PUNJAB
District : FEROZEPUR",Secondary Level,"Name : S.M. INTERNATIONAL CONVENT SCHOOL
Head/Principal Name: Manmeet kaur","Address : STATION ROAD, V.P.O.-FEROZESHAH , DISTT- FEROZEPUR, PUNJAB , INDIA ,
Website : www.surjeetmemorialgroup.com"
539,"Aff. No. :1630928
Sch. Code:20911","State : PUNJAB
District : FEROZEPUR",Secondary Level,"Name : B C INTERNATIONAL HIGH SCHOOL
Head/Principal Name: MANDIP KAUR","Address : ZIRA ROAD, MAKHU
Website : www.bcischoolmakhu.com"
540,"Aff. No. :1631013
Sch. Code:21001","State : PUNJAB
District : FEROZEPUR",Senior Secondary Level,"Name : FEROZESHAH ANGLO SIKH WAR MEMORIAL PUBLIC SEN.SEC.SCHOOL,GHALL KHURD(FEROZEPUR)
Head/Principal Name: Mandeep Kaur","Address : VILLAGE & P.O GHALL KHURD
Website : www.ferozshahaschool.com"
541,"Aff. No. :1631007
Sch. Code:20995","State : PUNJAB
District : FEROZEPUR",Senior Secondary Level,"Name : AKAL ACADEMY BHARANA
Head/Principal Name: ASHA RANI","Address : BHARANA, VPO BHARANA, TEHSIL ZIRA, DISTRICT FEROZEPUR (PUNJAB) - 142052
Website : http://bharana.akalacademy.ac.in"
542,"Aff. No. :1631003
Sch. Code:20991","State : PUNJAB
District : FEROZEPUR",Secondary Level,"Name : ASPIRE INTERNATIONAL SCHOOL
Head/Principal Name: Priya Kathuria","Address : NEAR VILLAGE GOBINDGARH
Website : www.aspireschool.in"
543,"Aff. No. :1630991
Sch. Code:21034","State : PUNJAB
District : FEROZEPUR",Senior Secondary Level,"Name : DELHI PUBLIC SCHOOL, FARIDKOT ROAD, FEROZEPUR, PUNJAB
Head/Principal Name: Lata Tejpal","Address : DPS, NURPUR SETHAN, FARIDKOT ROAD, FEROZEPUR, PUNJAB
Website : www.dpsferozepur.com"
544,"Aff. No. :1630992
Sch. Code:20982","State : PUNJAB
District : FEROZEPUR",Senior Secondary Level,"Name : DASS & BROWN WORLD SCHOOL
Head/Principal Name: DR RUCHI PANDEY","Address : BASTI SUNWAN, HUSSAINIWALA BORDER ROAD
Website : www.dbsworldschool.in"
545,"Aff. No. :1631056
Sch. Code:21049","State : PUNJAB
District : FEROZEPUR",Secondary Level,"Name : VICTORIA PUBLIC SCHOOL
Head/Principal Name: Manju Maahar","Address : VICTORIA PUBLIC SCHOOL HANUMANGARH ROAD ABOHAR
Website : www.victoriaabohar.com"
546,"Aff. No. :1631051
Sch. Code:21040","State : PUNJAB
District : FEROZEPUR",Senior Secondary Level,"Name : RADIANT PUBLIC SCHOOL, MAHUANA BODLA
Head/Principal Name: NEETI DUTTA","Address : VPO MAHUANA BODLA
Website : www.rpsmb.in"
547,"Aff. No. :1631065
Sch. Code:21059","State : PUNJAB
District : FEROZEPUR",Senior Secondary Level,"Name : SHRI GURU HARGOBIND SAHIB PUBLIC SCHOOL
Head/Principal Name: PREM","Address : VPO.ARNIWALA SHEIKH SUBHAN,DIST FAZILKA
Website : https://www.ghspublicschool.com/"
548,"Aff. No. :1631076
Sch. Code:21249","State : PUNJAB
District : FEROZEPUR",Senior Secondary Level,"Name : WISDOM INTERNATIONAL PUBLIC SCHOOL
Head/Principal Name: Reeta","Address : KABARWACHHA ROAD MUDKI
Website : www.wips.org.in"
549,"Aff. No. :1631080
Sch. Code:21079","State : PUNJAB
District : FEROZEPUR",Secondary Level,"Name : M.L.M. HIGH SCHOOL
Head/Principal Name: SHAVETA","Address : 114, SANT LAL ROAD, FEROZEPUR CANTT
Website : http://www.mlmhighschool.com/"
550,"Aff. No. :1631084
Sch. Code:21081","State : PUNJAB
District : FEROZEPUR",Secondary Level,"Name : K.D PUBLIC SCHOOL
Head/Principal Name: Mansi Narang","Address : VILLAGE TARE WALA, P.O CHAK VAROKE
Website : www.kdpublicschool.com"
551,"Aff. No. :1631092
Sch. Code:21086","State : PUNJAB
District : GURDASPUR",Senior Secondary Level,"Name : SABAD PRAGAAS ACADEMY
Head/Principal Name: RAJBIR KAUR","Address : VILLAGE - SHEHZADA, P.O- DHARAMKOT RANDHAWA
Website : www.sabadpragaasacademy.in"
552,"Aff. No. :1631093
Sch. Code:21077","State : PUNJAB
District : GURDASPUR",Secondary Level,"Name : GURU NANAK INTERNATIONAL SCHOOL
Head/Principal Name: ROOHI MAHAJAN","Address : PANDORI ROAD VPO GAZIKOT
Website : www.gnisgsp.org"
553,"Aff. No. :1631094
Sch. Code:21075","State : PUNJAB
District : GURDASPUR",Secondary Level,"Name : LAKSHMI DEVI SAHNI SCHOOL
Head/Principal Name: AMBIKA KHANNA","Address : BANK COLONY NEAR HANSLI BRIJ
Website : https://lakshmidevisahnischool.in"
554,"Aff. No. :1631045
Sch. Code:21048","State : PUNJAB
District : GURDASPUR",Secondary Level,"Name : S.G.R.D. INTERNATIONAL SCHOOL
Head/Principal Name: SUNITHA CHAVAN","Address : VILL.MEHRE,P/O BHATTIAN ,TEH-GURDASPUR,DIST-GURDASPUR,STATE-PUNJAB,PIN-143517
Website :"
555,"Aff. No. :1631060
Sch. Code:21058","State : PUNJAB
District : GURDASPUR",Secondary Level,"Name : GURU NANAK PUBLIC SCHOOL
Head/Principal Name: SURINDER KAUR","Address : VILLAGE-KALA BALA
Website : http://gnpskalabala.in/"
556,"Aff. No. :1630975
Sch. Code:20971","State : PUNJAB
District : GURDASPUR",Senior Secondary Level,"Name : MARIGOLDPUBLICSCHOOL
Head/Principal Name: PRITPAL KAUR","Address : V.P.O. : ALIWAL
Website : www.marigoldpublic.com"
557,"Aff. No. :1631012
Sch. Code:20998","State : PUNJAB
District : GURDASPUR",Senior Secondary Level,"Name : BABA AYA SINGH RIARKI PUBLIC SCHOOL
Head/Principal Name: Inderjit Kaur","Address : BABA AYA SINGH RIARKI PUBLIC SCHOOL, V.P.O TUGHALWALA, GURDASPUR 143527, PUNJAB
Website : www.riarkipublicschool.com"
558,"Aff. No. :1631030
Sch. Code:21020","State : PUNJAB
District : GURDASPUR",Senior Secondary Level,"Name : AKAL ACADEMY TIBBER
Head/Principal Name: GURVINDER KAUR","Address : VPO TIBBER, TEHSIL & DISTT. GURDASPUR, PUNJAB-143529
Website : www.tibber.akalacademy.in"
559,"Aff. No. :1630923
Sch. Code:20917","State : PUNJAB
District : GURDASPUR",Senior Secondary Level,"Name : GREENLAND PUBLIC SCHOOL
Head/Principal Name: JYOTI THAKUR","Address : BEHRAMPUR ROAD, AWANKHA, DINANAGAR GURDASPUR
Website : www.greenlandschooldinanagar.com"
560,"Aff. No. :1630916
Sch. Code:20909","State : PUNJAB
District : GURDASPUR",Senior Secondary Level,"Name : SARANSH INTERNATIONAL SCHOOL
Head/Principal Name: BALWINDER KAUR","Address : PO TARAGARH,TEH AND DISTT PATHANKOT 143534
Website : www.saranshedu.com"
561,"Aff. No. :1630937
Sch. Code:20928","State : PUNJAB
District : GURDASPUR",Senior Secondary Level,"Name : THE SALVATION ARMY SCHOOL
Head/Principal Name: DANIEL","Address : ALIWAL ROAD, BATALA
Website : www.thesalvationarmyschoolbatala.com"
562,"Aff. No. :1630964
Sch. Code:20969","State : PUNJAB
District : GURDASPUR",Secondary Level,"Name : MATA GUJRI MEMORIAL HIGH SCHOOL
Head/Principal Name: Shama Sharma","Address : VILLAGE - BALWANDA, PO- CHACK SHARIEF, GURDASPUR 143528
Website : www.matagujribalwnda.com"
563,"Aff. No. :1630838
Sch. Code:20822","State : PUNJAB
District : GURDASPUR",Senior Secondary Level,"Name : SAHIBZADA ZAWAR SINGH FATEH SINGH PUBLIC SCHOOL
Head/Principal Name: SHARANPREET SINGH KAHLON","Address : VILL-KALANAUR TEH &,DISTT-GURDASPUR-143512
Website : http://szorawarsfatehspsk.in/"
564,"Aff. No. :1630834
Sch. Code:20818","State : PUNJAB
District : GURDASPUR",Secondary Level,"Name : DIVINE WILL PUBLIC SCHOOL
Head/Principal Name: KULBIR KAUR","Address : VILL. SAID MUBARAK, P.O BATALA, GURDASPUR
Website :"
565,"Aff. No. :1630893
Sch. Code:20885","State : PUNJAB
District : GURDASPUR",Senior Secondary Level,"Name : SUMITRA DEVI ARYA SR. SEC. SCHOOL
Head/Principal Name: Jyoti Bala","Address : NEAR BUS STAND DINANAGAR. PIN 143531
Website : https://sumitradevischool.org/"
566,"Aff. No. :1630891
Sch. Code:20904","State : PUNJAB
District : GURDASPUR",Secondary Level,"Name : NURTURE INTERNATIONAL SCHOOL
Head/Principal Name: Neetu Chhabra","Address : PTK-ASR HIGHWAY KOTLI-MUGHLAN PO JHAKO LARI PATHANKOT
Website : https://nurtureinternationalschoolpathankot.in/"
567,"Aff. No. :1630886
Sch. Code:20855","State : PUNJAB
District : GURDASPUR",Senior Secondary Level,"Name : SRI NANGALI ACADEMICS PUBLIC SCHOOL
Head/Principal Name: SHIKHA MADAN","Address : RAILWAY ROAD , OPPOSITE B.S.F. HEAD QUARTER
Website : www.srinangaliaps.org"
568,"Aff. No. :1630873
Sch. Code:20903","State : PUNJAB
District : GURDASPUR",Senior Secondary Level,"Name : S.SUKHJINDER SINGH MEMORIAL PUBLIC SCHOOL
Head/Principal Name: ABHISHEK SHARMA","Address : VILLAGE & POST OFFICE - HAYAT NAGAR , DISTRICT - GURDASPUR
Website : www.ssspublicschool.com"
569,"Aff. No. :1630857
Sch. Code:20834","State : PUNJAB
District : GURDASPUR",Senior Secondary Level,"Name : SAINT SOLDIER MODERN SR SEC SCHOOL
Head/Principal Name: HARJIT SINGH","Address : D.B.N. ROAD, GURDASPUR CITY
Website : https://SAINTSOLDIERMODERNSSSCHOOL.COM"
570,"Aff. No. :1630859
Sch. Code:20836","State : PUNJAB
District : GURDASPUR",Senior Secondary Level,"Name : SUKHJINDER MEMORIAL PUBLIC SCHOOL
Head/Principal Name: JATINDER SHARMA","Address : VILLAGE & POST OFFICE - BABBRI
Website : https://thesmps.in/"
571,"Aff. No. :1630801
Sch. Code:20783","State : PUNJAB
District : GURDASPUR",Senior Secondary Level,"Name : RHEMA INTERNATIONAL SCHOOL
Head/Principal Name: Benny Oommen","Address : BEERSHEBA COMPLEX, MISSION ROAD PATHANKOT
Website : www.rispathankot.com"
572,"Aff. No. :1630818
Sch. Code:20785","State : PUNJAB
District : GURDASPUR",Secondary Level,"Name : LDSS PLASMA SCHOOL
Head/Principal Name: Renu Rampal","Address : SHASTRI NAGAR-CIVIL HOSPITAL CIRCULAR ROAD, PATHANKOT
Website : www.ldssplasmaschool.com"
573,"Aff. No. :1630811
Sch. Code:20789","State : PUNJAB
District : GURDASPUR",Senior Secondary Level,"Name : DELHI PUBLIC SCHOOL GURDASPUR
Head/Principal Name: Parveen Singh","Address : BEHRAMPUR ROAD, GURDASPUR
Website : www.dpsgurdaspur.in"
574,"Aff. No. :1630792
Sch. Code:20807","State : PUNJAB
District : GURDASPUR",Senior Secondary Level,"Name : GEMS CAMBRIDGE INTERNATIONAL SCHOOL
Head/Principal Name: CHARU SINGH PANNU","Address : VILLAGE SHAHAPURA, AMRITSAR ROAD, TEH. BATALA, GURDASPUR
Website :"
575,"Aff. No. :1630807
Sch. Code:20804","State : PUNJAB
District : GURDASPUR",Secondary Level,"Name : SPRING FIELD INTERNATIONAL SCHOOL
Head/Principal Name: RAJNI SHARMA","Address : VILLAGE AUJLA , BYE PASS , GURDASPUR
Website : https://sfigurdaspur.com"
576,"Aff. No. :1630748
Sch. Code:20727","State : PUNJAB
District : GURDASPUR",Senior Secondary Level,"Name : G.S. INTERNATIONAL PUBLIC SCHOOL
Head/Principal Name: SONIA MAHAJAN","Address : DERA BABA NANAK GURDASPUR, PUNJAB
Website : www.gsinternationalschool.in/"
577,"Aff. No. :1630757
Sch. Code:20736","State : PUNJAB
District : GURDASPUR",Secondary Level,"Name : NAV CHETAN SCHOOL
Head/Principal Name: Rashpal Kaur","Address : VILL. KHARA. PO.QADIAN,DSTT-GURDASPUR,PUNJAB
Website : www.navchetanschool.in"
578,"Aff. No. :1630724
Sch. Code:20713","State : PUNJAB
District : GURDASPUR",Secondary Level,"Name : GOBIND PUBLIC SCHOOL
Head/Principal Name: SONIKA SHARMA","Address : G.T. ROAD, DINANAGAR
Website : www.gobindpublicschool.com"
579,"Aff. No. :1630710
Sch. Code:20693","State : PUNJAB
District : GURDASPUR",Senior Secondary Level,"Name : JEEVAN JYOTI PUBLIC SCHOOL,
Head/Principal Name: ANUJ CHHABRA","Address : V- BHAINI MIAN KHAN,DIST. GURDASPUR, PUNJAB DISTRICT - GURDSPUR
Website : www.jjps.in"
580,"Aff. No. :1630716
Sch. Code:20817","State : PUNJAB
District : GURDASPUR",Secondary Level,"Name : GURU NANAK DEV PUBLIC SCHOOL
Head/Principal Name: Sukhjinder Vir Singh","Address : HARCHOWAL R D , QADIAN
Website : www.gndps.in"
581,"Aff. No. :1630731
Sch. Code:20711","State : PUNJAB
District : GURDASPUR",Senior Secondary Level,"Name : BABA BANDA SINGH BAHADUR PUBLIC SCHOOL
Head/Principal Name: KIRAN KESAR","Address : BATALA ROAD, NEAR BIDHIPUR RAILWAY CROSSING, DHARIWAL
Website : www.bbsbps.edu.in"
582,"Aff. No. :1630734
Sch. Code:20716","State : PUNJAB
District : GURDASPUR",Senior Secondary Level,"Name : CHEEMA PUBLIC SCHOOL
Head/Principal Name: MANDEEP KAUR","Address : VPO KISHANKOT, BATALA, GURDASPUR,
Website : www.cheemapublicschool.com"
583,"Aff. No. :1630744
Sch. Code:20722","State : PUNJAB
District : GURDASPUR",Senior Secondary Level,"Name : SRI GURU HARKRISHAN INTERNATIONAL SCHOOL
Head/Principal Name: PARMINDER KAUR","Address : BEHRAMPUR ROAD VILL BARNALA GURDASPUR
Website : http://sghis.org/"
584,"Aff. No. :1630607
Sch. Code:20595","State : PUNJAB
District : GURDASPUR",Senior Secondary Level,"Name : MATA GUJRI PUBLIC SCHOOL
Head/Principal Name: DALBIR KAUR","Address : VILLAGE :- AMIPUR PO :- BHOPAR SAIDAN DISTT:- GURDASPUR
Website : http://www.matagujriinstitute.com/"
585,"Aff. No. :1630608
Sch. Code:20596","State : PUNJAB
District : GURDASPUR",Senior Secondary Level,"Name : KIDS INTERNATIONAL SCHOOL
Head/Principal Name: VANDANA","Address : VILLAGE DHARO CHACK, JAIL ROAD, DISTT. GURDASPUR
Website : www.kidsinternationalschool.edu.com"
586,"Aff. No. :1630622
Sch. Code:20610","State : PUNJAB
District : GURDASPUR",Senior Secondary Level,"Name : DISCIPLINED DISCIPLES INTERNATIONAL SCHOOL
Head/Principal Name: Palak","Address : FATEHGARH CHURIAN, GURDASPUR, PUNJAB
Website : http://ddischool.in/"
587,"Aff. No. :1630661
Sch. Code:20643","State : PUNJAB
District : GURDASPUR",Secondary Level,"Name : WONDERLAND PUBLIC SCHOOL
Head/Principal Name: SHIVANI MAHAJAN","Address : RANG MAHAL
Website : www.wonderlandpublicschool.com"
588,"Aff. No. :1630662
Sch. Code:20644","State : PUNJAB
District : GURDASPUR",Senior Secondary Level,"Name : INDIAN HERITAGE PUBLIC SCHOOL DHARIWAL
Head/Principal Name: AARTI","Address : VILL. AHMEDABAD, NEAR GURDWARA BURJ SAHIB, DHARIWAL
Website : www.ihpsdhariwal.in"
589,"Aff. No. :1630664
Sch. Code:20646","State : PUNJAB
District : GURDASPUR",Secondary Level,"Name : DES RAJ HERITAGE PUBLIC SCHOOL
Head/Principal Name: HARPREET","Address : ALIWAL ROAD BATALA GURUDASPUR
Website : www.desrajheritagepublicschool.in"
590,"Aff. No. :1630655
Sch. Code:20638","State : PUNJAB
District : GURDASPUR",Senior Secondary Level,"Name : ST. MARRY SCHOOL
Head/Principal Name: RAKESH KUMAR","Address : KALA CHAK ROAD, SUJANPUR, PATHANKOT GURDASPUR SUJANPUR-PO PATHANKOT-TEH GURDASPUR- DIST PUNJAB-145023
Website : www.stmarysschoolsjp.com"
591,"Aff. No. :1630666
Sch. Code:20650","State : PUNJAB
District : GURDASPUR",Senior Secondary Level,"Name : DIVINE PUBLIC SCHOOL
Head/Principal Name: SONU BALA","Address : VILL. MALEWAL DISTT. GURDASPUR TEH. DERA BABA NANAK
Website : www.dpsmalewal.in"
592,"Aff. No. :1630633
Sch. Code:20621","State : PUNJAB
District : GURDASPUR",Senior Secondary Level,"Name : CAMBRIDGE INTERNATIONAL SCHOOL
Head/Principal Name: SMICKY KOCHHAR","Address : AMRITSAR ROAD
Website : www.cisbatala.com"
593,"Aff. No. :1630639
Sch. Code:20625","State : PUNJAB
District : GURDASPUR",Secondary Level,"Name : VAISHNAVI PUBLIC SCHOOL
Head/Principal Name: MADHU BALA","Address : VPO GHO
Website : https://www.vaishnavipublicschool"
594,"Aff. No. :1630641
Sch. Code:20626","State : PUNJAB
District : GURDASPUR",Senior Secondary Level,"Name : T.C. INTERNATIONAL SCHOOL
Head/Principal Name: JAYANT SHARMA","Address : BEHRAMPUR ROAD, GURDASPUR, 143521 PUNJAB
Website : www.tcinternationalschool.com"
595,"Aff. No. :1630562
Sch. Code:20555","State : PUNJAB
District : GURDASPUR",Senior Secondary Level,"Name : JIYA LAL MITTAL D.A.V. PUBLIC SCHOOL
Head/Principal Name: Rajiv Bharti","Address : V.P.O. HAYAT NAGAR, KALANAUR ROAD
Website : www.jlmdav.edu.in"
596,"Aff. No. :1630568
Sch. Code:20566","State : PUNJAB
District : GURDASPUR",Senior Secondary Level,"Name : MILLENNIUM PUBLIC SCHOOL
Head/Principal Name: NARINDER KAUR","Address : NAUSHERA MAJHA SINGH-143518 GURDASPUR
Website : https://mpsnms.org/"
597,"Aff. No. :1630542
Sch. Code:20530","State : PUNJAB
District : GURDASPUR",Senior Secondary Level,"Name : ST.SOLDIER DIVINE PUBLIC SCHOOL
Head/Principal Name: KULJINDER KAUR","Address : BATHWALA ROAD GREATER KAILASH COLONY NEAR GOVT. COLLEGE PLAYGROUND
Website : www.ssdpsgurdaspur.in"
598,"Aff. No. :1630456
Sch. Code:20441","State : PUNJAB
District : GURDASPUR",Secondary Level,"Name : STANDARD PUBLIC SCHOOL
Head/Principal Name: HA singh","Address : GADIAN GURDAS PUR
Website : https://spsgardenvalleyschool.com/"
599,"Aff. No. :1630457
Sch. Code:20442","State : PUNJAB
District : GURDASPUR",Senior Secondary Level,"Name : WOOD STOCK PUBLIC SCHOOL
Head/Principal Name: ANNAMMA CT","Address : ANARKALI ROAD, GURDAS PUR, PUNJAB
Website : www.woodstockpublicschoolbatala.edu.in"
600,"Aff. No. :1630509
Sch. Code:20500","State : PUNJAB
District : GURDASPUR",Senior Secondary Level,"Name : KALGIDHAR INTERNATIONAL SCHOOL
Head/Principal Name: PANKAJ RANA","Address : VILL. PURANA SHALLA
Website : www.kalgidharschool.org.in"
601,"Aff. No. :1630526
Sch. Code:20665","State : PUNJAB
District : GURDASPUR",Secondary Level,"Name : TRINITY PUBLIC SCHOOL
Head/Principal Name: anita Mahajan","Address : MEHAR CHAND ROAD, GURDASPUR
Website : www.trinitypublicschool.in"
602,"Aff. No. :1630414
Sch. Code:20407","State : PUNJAB
District : GURDASPUR",Senior Secondary Level,"Name : ST KABIR PUBLIC SCHOOL
Head/Principal Name: S B NAIR","Address : P O SIDHWAN GURDASPUR PUNJAB
Website : www.stkabirgsp.com"
603,"Aff. No. :1630373
Sch. Code:20363","State : PUNJAB
District : GURDASPUR",Senior Secondary Level,"Name : GHOMAN INTERNATIONAL PUBLIC SCHOOL
Head/Principal Name: GURPREET KAUR","Address : BEAS ROAD GHOMAN BATALA GURDASPUR PUNJAB
Website : www.ghomanschool.com"
604,"Aff. No. :1630368
Sch. Code:20359","State : PUNJAB
District : GURDASPUR",Senior Secondary Level,"Name : SRI GURU HARKRISHAN PUBLIC SCHOOL
Head/Principal Name: SIMRAT PAL KAUR","Address : MALTIANMAL GURDASPUR PUNJAB
Website : www.sghpsmallinawal.com"
605,"Aff. No. :1630319
Sch. Code:20309","State : PUNJAB
District : GURDASPUR",Senior Secondary Level,"Name : K C M MEMORIAL SCHOOL
Head/Principal Name: NISHU SHARMA","Address : RATTAN GARH TEH PATHAN KOT DISTT GURDASPUR PUNJAB
Website : www.kcminstitutes.com"
606,"Aff. No. :1630270
Sch. Code:20263","State : PUNJAB
District : GURDASPUR",Senior Secondary Level,"Name : DOABA PUBLIC SCHOOL
Head/Principal Name: BRINDER KAUR","Address : KOT SANTOKH RAI DISTT GURDASPUR PUNJAB
Website : www.dpsksrai.org"
607,"Aff. No. :1630241
Sch. Code:20233","State : PUNJAB
District : GURDASPUR",Senior Secondary Level,"Name : ARMY PUBLIC SCHOOL KANDRORI
Head/Principal Name: DEEPTI SHARMA","Address : V&PO NANGALBHUR TEH PATHANKOT DISTT GURDASPUR PUNJAB
Website : www.apskandrori.org"
608,"Aff. No. :1630136
Sch. Code:20146","State : PUNJAB
District : GURDASPUR",Senior Secondary Level,"Name : S S BAJWA MEMORIAL PUBLIC SCHOOL
Head/Principal Name: KOMAL AGGARWAL","Address : QADIAN DT.GURDASPUR PUNJAB
Website : http://ssbajwamemorialschool.com/"
609,"Aff. No. :1630128
Sch. Code:20121","State : PUNJAB
District : GURDASPUR",Senior Secondary Level,"Name : DALHOUSIE PUBLIC SCHOOL
Head/Principal Name: Satish Kumar","Address : BADHANI VAI PATHANKOT, GURDASPUR, PUNJAB
Website : www.dpsbadhani.com"
610,"Aff. No. :1630122
Sch. Code:20137","State : PUNJAB
District : GURDASPUR",Senior Secondary Level,"Name : ST. MARYS SCHOOL
Head/Principal Name: KAJAL","Address : MIRPUR CHOTTA, MIRPUR, JAIL ROAD, DISTT GURDASPUR, PUNJAB
Website : www.stmarysGURDASPUR.COM"
611,"Aff. No. :1630085
Sch. Code:24001","State : PUNJAB
District : GURDASPUR",Senior Secondary Level,"Name : GOVT. MODEL SCHOOL
Head/Principal Name: Aruna Kumari","Address : RANJIT SAGAR DAM PROJECT SHAHPURKANDI TOWNSHIP DISTT: GURDASPUR PUNJAB
Website : www.govtmodelschool.com"
612,"Aff. No. :1630054
Sch. Code:20009","State : PUNJAB
District : GURDASPUR",Senior Secondary Level,"Name : RATTAN DAI KHOSLA DAV MODEL SENIOR SECONDARY SCHOOL
Head/Principal Name: BINDU BHALLA","Address : RAM TIRATH ROAD BATALA, DISTT GURDASPUR, PUNJAB
Website : https://rdkdavschool.edu.in/"
613,"Aff. No. :1630161
Sch. Code:20151","State : PUNJAB
District : GURDASPUR",Senior Secondary Level,"Name : SRI GURU HARKISHAN PUBLIC SCHOOL
Head/Principal Name: RACHNA AHUJA","Address : PATHONKOT PUNJAB
Website : https://www.sriguruharkrishanpublicschoolpathankot.org/"
614,"Aff. No. :1630183
Sch. Code:20173","State : PUNJAB
District : GURDASPUR",Senior Secondary Level,"Name : K L M INTERNATIONAL SCHOOL
Head/Principal Name: PUNEET VYAS","Address : DEFENCE ROAD SIUNTI PATHANKOT PUNJAB
Website : www.klminternationalschool.com"
615,"Aff. No. :1630193
Sch. Code:20182","State : PUNJAB
District : GURDASPUR",Senior Secondary Level,"Name : GURDASPUR PUBLIC SCHOOL
Head/Principal Name: Sundeep Arora","Address : BEHRAMPUR ROAD GURDASPUR PUNJAB
Website : www.gpsgurdaspur.com"
616,"Aff. No. :1630194
Sch. Code:20185","State : PUNJAB
District : GURDASPUR",Senior Secondary Level,"Name : MODERN SANDEEPNI SCHOOL
Head/Principal Name: NEERAJ MOHAN PURI","Address : PO MAMOON PATHANKOT DALHOUSIE HIGHWAY PATHANKOT PUNJAB
Website : www.sandeepni.com"
617,"Aff. No. :1620027
Sch. Code:24032","State : PUNJAB
District : GURDASPUR",Senior Secondary Level,"Name : GOVT. ADARSH SR. SEC. SCHOOL
Head/Principal Name: MONIKA VIJAN","Address : KOT DHANDAL, DISTT. GURDASPUR, PUNJAB
Website :"
618,"Aff. No. :1630070
Sch. Code:20065","State : PUNJAB
District : GURDASPUR",Senior Secondary Level,"Name : DR DAULAT RAM BHALLA DAV CENTENARY PUBLIC SCHOOL
Head/Principal Name: JIWAN SHARMA","Address : BATALA, DISTT GURDASPUR, PUNJAB
Website : www.drbcpsbatala.org"
619,"Aff. No. :1630025
Sch. Code:20041","State : PUNJAB
District : GURDASPUR",Secondary Level,"Name : ST. JOSEPH'S CONVENT SEC SCHOOL
Head/Principal Name: SR FREEDA","Address : PATHANKOT PUNJAB
Website : www.stjosephpathankot.com"
620,"Aff. No. :1600011
Sch. Code:24527","State : PUNJAB
District : GURDASPUR",Senior Secondary Level,"Name : PM SHRI KENDRIYA VIDYALAYA
Head/Principal Name: DINESH KUMAR","Address : TIBRI GURDASPUR CANTT PUNJAB
Website : https://tibricantt.kvs.ac.in/"
621,"Aff. No. :1620016
Sch. Code:24022","State : PUNJAB
District : GURDASPUR",Senior Secondary Level,"Name : GOVT. ADARSH SCHOOL
Head/Principal Name: NEELAM KUMARI","Address : VILL. & P.O. BHILKARI WALA
Website :"
622,"Aff. No. :1600037
Sch. Code:24558","State : PUNJAB
District : GURDASPUR",Senior Secondary Level,"Name : PM SHRI KENDRIYA VIDYALAYA
Head/Principal Name: SURENDER KUMAR","Address : DERA BABA NANAK SHIKAR DISTT GURDASPUR PUNJAB
Website : www.shikarpurbsf.kvs.ac.in"
623,"Aff. No. :1631593
Sch. Code:23897","State : PUNJAB
District : GURDASPUR",Secondary Level,"Name : BABA FARID INTERNATIONAL SCHOOL
Head/Principal Name: DEEPTI","Address : VPO DARAPUR, OPP HP BAJWA FILLING STATION , GURDASPUR
Website : https://bfisdarapur.com/"
624,"Aff. No. :1631581
Sch. Code:23819","State : PUNJAB
District : GURDASPUR",Secondary Level,"Name : GURU GOBIND SINGH PUBLIC SCHOOL
Head/Principal Name: SHIVANI SINGH","Address : HARDO BATHWALA ROAD, NEAR HARDO CHANNI BYEPASS CHOWK, GURDASPUR
Website : https://www.ggpsgsp.com"
625,"Aff. No. :1631584
Sch. Code:23843","State : PUNJAB
District : GURDASPUR",Senior Secondary Level,"Name : GGB ROYAL INTERNATIONAL SCHOOL
Head/Principal Name: Sharnjit Kaur","Address : VPO DHILWAN KOTLI SURAT MALHI , GURDASPUR, PUNJAB
Website : http://ggbris.com/Index.aspx"
626,"Aff. No. :1631534
Sch. Code:23756","State : PUNJAB
District : GURDASPUR",Secondary Level,"Name : ST. XAVIER'S SCHOOL
Head/Principal Name: FR. REMY CARDOZO","Address : SATKOHA , NAUSHERA MAJHA SINGH, DISTT. GURDASPUR
Website : https://www.stxavierschoolsatkoha.com"
627,"Aff. No. :1631491
Sch. Code:23705","State : PUNJAB
District : GURDASPUR",Secondary Level,"Name : GURU HAR RAI PUBLIC SCHOOL
Head/Principal Name: M.S GOPA KUMAR","Address : D.B.N. ROAD, QILA LAL SINGH,143511, D.B.N. ROAD, QILA LAL SINGH,143511
Website : www.ghrps.org.in"
628,"Aff. No. :1631485
Sch. Code:23699","State : PUNJAB
District : GURDASPUR",Secondary Level,"Name : SHRI GURU NANAK DEV JI INTERNATIONAL SCHOOL
Head/Principal Name: Ravinder Kaur","Address : FATEHGARH CHURIAN, GURDASPUR
Website : https://www.sgnparowal.org/"
629,"Aff. No. :1631493
Sch. Code:23707","State : PUNJAB
District : GURDASPUR",Secondary Level,"Name : SHRI GURU NANAK DEV PUBLIC SCHOOL
Head/Principal Name: HARJINDER SINGH","Address : GURDASPUR, PUNJAB
Website : https://www.sgndpublicschool.org/"
630,"Aff. No. :1631457
Sch. Code:23666","State : PUNJAB
District : GURDASPUR",Secondary Level,"Name : SHAMROCK INTERNATIONAL SCHOOL
Head/Principal Name: MEENA PRASHAR","Address : GURDASPUR PATHANKOT BYE PASS , DINANAGAR
Website : www.shamrockschool.net"
631,"Aff. No. :1631464
Sch. Code:23675","State : PUNJAB
District : GURDASPUR",Secondary Level,"Name : BHS MILLENNIUM SCHOOL
Head/Principal Name: VANDANA VOHRA","Address : BYE PASS , GURDASPUR
Website : http://bhsmillenniumschool.org.in"
632,"Aff. No. :1631447
Sch. Code:23655","State : PUNJAB
District : GURDASPUR",Senior Secondary Level,"Name : LAURENS INTERNATIONAL SCHOOL
Head/Principal Name: UPMA MAHAJAN","Address : TARAGARH, BATALA
Website : https://www.lisbatala.com"
633,"Aff. No. :1631193
Sch. Code:21180","State : PUNJAB
District : GURDASPUR",Secondary Level,"Name : RANKERS INTERNATIONAL PUBLIC SCHOOL
Head/Principal Name: Harwinder Singh","Address : VPO - KOT DHANDAL,SUB. TEHSIL - KAHNUWAN,
Website : https://ripskotdhandal.co.in/"
634,"Aff. No. :1631188
Sch. Code:21175","State : PUNJAB
District : GURDASPUR",Senior Secondary Level,"Name : SHRI GURU NANAK DEV ACADEMY,
Head/Principal Name: AMANDEEP KAUR","Address : V- KANDIAL, P.O. SUGAR MILL, BATALA
Website : https://sgndakandial.org/"
635,"Aff. No. :1631179
Sch. Code:21167","State : PUNJAB
District : GURDASPUR",Secondary Level,"Name : RANA SWARAJ UNIVERSAL PUBLIC SCHOOL
Head/Principal Name: JATINDER KAUR SOHAL","Address : LEHAL, DHARIWAL;DISTT GURDASPUR
Website : www.ranaswarajschool.com"
636,"Aff. No. :1631212
Sch. Code:21198","State : PUNJAB
District : GURDASPUR",Senior Secondary Level,"Name : KIDS KARE INTERNATIONAL SCHOOL
Head/Principal Name: PROMILA MANHAS","Address : KIDS KARE INTERNATIONAL SCHOOL, AWANKHA
Website : http://kidskareinternationalschool.org"
637,"Aff. No. :1631185
Sch. Code:21173","State : PUNJAB
District : GURDASPUR",Senior Secondary Level,"Name : AAKARSHAN PUBLIC SCHOOL
Head/Principal Name: PARAS SHARMA","Address : NATIONAL HIGHWAY NAROT JAIMAL SINGH TEHSIL & DISTRICT PATHANKOT (PUNJAB)
Website : www.aakarshanpublicschool.org"
638,"Aff. No. :1631239
Sch. Code:21228","State : PUNJAB
District : GURDASPUR",Senior Secondary Level,"Name : EXCELSIOR PUBLIC SCHOOL
Head/Principal Name: Monika Kapoor","Address : V- DIWANIWAL, QADIAN ROAD, BATALA
Website : www.excelsiorpublicschool.org"
639,"Aff. No. :1631242
Sch. Code:21236","State : PUNJAB
District : GURDASPUR",Secondary Level,"Name : BABA AJAY SINGH KHALSA PUBLIC SCHOOL
Head/Principal Name: SARBJEET kAUR","Address : VPO GURDAS NANGAL
Website : www.baskps.org"
640,"Aff. No. :1631247
Sch. Code:21238","State : PUNJAB
District : GURDASPUR",Senior Secondary Level,"Name : GOLDEN PUBLIC SCHOOL
Head/Principal Name: Amandeep kaur","Address : TARPALLA
Website : www.gpshardorawal.com"
641,"Aff. No. :1631140
Sch. Code:21127","State : PUNJAB
District : GURDASPUR",Senior Secondary Level,"Name : ST. SOLDIER MODERN SCHOOL, BATALA
Head/Principal Name: Meenu Sharma","Address : KAHNUWAN ROAD, BATALA
Website : www.stsoldierbatala.in"
642,"Aff. No. :1631115
Sch. Code:21103","State : PUNJAB
District : GURDASPUR",Secondary Level,"Name : GOODWILL INTERNATIONAL SCHOOL
Head/Principal Name: AMANDEEP SINGH","Address : GOODWILL INTERNATIONAL SCHOOL, VPO DHADIALA NATT, TEHSIL BATALA(ALIWAL), DISTRICT GURDASPUR, PIN: 143507
Website : www.goodwillschool.org"
643,"Aff. No. :1631116
Sch. Code:21104","State : PUNJAB
District : GURDASPUR",Secondary Level,"Name : AVM SENIOR SECONDARY SCHOOL
Head/Principal Name: Ritu Mahajan","Address : AVM SENIOR SECONDARY SCHOOL THATHIARI GATE BATALA
Website : www.avmbatala.com"
644,"Aff. No. :1631152
Sch. Code:21137","State : PUNJAB
District : GURDASPUR",Secondary Level,"Name : JATHEDAR UJAGAR SINGH SEKHWAN INTERNATIONAL SCHOOL
Head/Principal Name: RAMANDEEP KAUR","Address : SEKHWAN
Website : https://jussinternationalschool.in/"
645,"Aff. No. :1631153
Sch. Code:21143","State : PUNJAB
District : GURDASPUR",Secondary Level,"Name : GURU HAR RAI INTELLEGENT TREASURE SCHOOL
Head/Principal Name: Amandeep Kaur","Address : SHRI HARGOBINDPUR ROAD VILLAGE PANJGARIN DIST GURDASPUR
Website : www.guruharraischool.com"
646,"Aff. No. :1631271
Sch. Code:21263","State : PUNJAB
District : GURDASPUR",Secondary Level,"Name : ROSEDALE SCHOOL
Head/Principal Name: RAMNEET KAUR","Address : VILLAGE CHUHAR CHAK P.O NAUSHEHRA MAJJA SINGH
Website : www.rosedaleschool.co.in"
647,"Aff. No. :1631269
Sch. Code:21268","State : PUNJAB
District : GURDASPUR",Senior Secondary Level,"Name : GREENDALES PUBLIC SCHOOL
Head/Principal Name: Manjot Kaur","Address : GREENDALES PUBLIC SCHOOL, BATALA - SRI HARGOIBINDPUR ROAD, VILLAGE: CHEEMA KHUDI, DISTRICT: GURDASPUR
Website : http://www.greendales.in"
648,"Aff. No. :1631328
Sch. Code:21369","State : PUNJAB
District : GURDASPUR",Senior Secondary Level,"Name : GOLDEN SENIOR SECONDARY SCHOOL
Head/Principal Name: PRIYANKA MAHAJAN","Address : HANUMAN CHOWK, GURDASPUR
Website : https://goldenschool.in/"
649,"Aff. No. :1631309
Sch. Code:21298","State : PUNJAB
District : GURDASPUR",Senior Secondary Level,"Name : CAMBRIDGE INTERNATIONAL SCHOOL
Head/Principal Name: PRAYAS VEER ROY","Address : VILLAGE - KHOKHAR, KALANAUR ROAD, GURDASPUR
Website : https://cambridgegurdaspur.com"
650,"Aff. No. :1631302
Sch. Code:21294","State : PUNJAB
District : GURDASPUR",Senior Secondary Level,"Name : THE MILLENNIUM SCHOOL
Head/Principal Name: GURMEET SINGH","Address : NEAR RADHASWAMI SATSANG BHAWAN, JALANDHAR ROAD,BATALA-143505
Website : https://themillenniumschool.org/"
651,"Aff. No. :1631364
Sch. Code:21409","State : PUNJAB
District : GURDASPUR",Senior Secondary Level,"Name : BABA DEEP SINGH MODERN SENIOR SECONDARY SCHOOL
Head/Principal Name: JASBIR SINGH","Address : V - SANGATPUR, TEHSIL - KALANAUR, DISTRICT - GURDASPUR
Website : http://babadeepsinghschoolsangatpur.com"
652,"Aff. No. :1631346
Sch. Code:21388","State : PUNJAB
District : GURDASPUR",Senior Secondary Level,"Name : SRI ADVAIT GURUKUL HEIGHTS SCHOOL
Head/Principal Name: Palak Aggarwal","Address : VILL-ABULKHAIR,GURDASPUR
Website : www.sriadvaitschool.com"
653,"Aff. No. :1631442
Sch. Code:23650","State : PUNJAB
District : GURDASPUR",Secondary Level,"Name : DIVINE LIGHT MODERN SCHOOL
Head/Principal Name: SUNITA SINGH","Address : POST OFFICE DORANGLA, DORANGLA TO GAHLDI ROAD
Website : http://www.dlmschoolgsp.in"
654,"Aff. No. :1631434
Sch. Code:23638","State : PUNJAB
District : GURDASPUR",Senior Secondary Level,"Name : DOON INTERNATIONAL SCHOOL, GURDASPUR
Head/Principal Name: Usha Sharma","Address : TIBRI ROAD, GURDASPUR, PUNJAB , TIBRI ROAD, GURDASPUR, PUNJAB
Website : www.doonschoolgurdaspur.com"
655,"Aff. No. :1680011
Sch. Code:20106","State : PUNJAB
District : GURDASPUR",Senior Secondary Level,"Name : ARMY PUBLIC SCHOOL
Head/Principal Name: MENKA GAUTAM GAUR","Address : TIBRI GURDASPUR PUNJAB
Website : www.apstibri.in"
656,"Aff. No. :1640022
Sch. Code:22503","State : PUNJAB
District : GURDASPUR",Senior Secondary Level,"Name : JAWAHAR NAVODAYA VIDYALAYA , DABURI
Head/Principal Name: NARESH KUMAR","Address : VILL. DABURI HADBAST NO. 198,TRIMO ROAD PO. MAGAR MUDIAN DISTT. GURDASPUR (PUNJAB)
Website : http://navodaya.gov.in/nvs/nvs-school/GURDASPUR/en"
657,"Aff. No. :1631608
Sch. Code:23973","State : PUNJAB
District : GURDASPUR",Secondary Level,"Name : LAURENS INTERNATIONAL SCHOOL
Head/Principal Name: RAMAN KUMAR","Address : VILLAGE KOTLA MUSSA, DALLA MORR, TEHSIL QADIAN, BLOCK QADIAN-1, POST OFFICE- QADIAN, PIN CODE 143516
Website : www.lisqadian.co.in"
658,"Aff. No. :1631604
Sch. Code:23941","State : PUNJAB
District : GURDASPUR",Secondary Level,"Name : BHAI AMRIK SINGH JI KHALSA ACADEMY
Head/Principal Name: SANDEEP KAUR","Address : VPO - MANESH, TEHSIL - QADIAN, DISTRICT - GURDASPUR
Website : https://baskhalsaacademy.com/"
659,"Aff. No. :1631605
Sch. Code:23943","State : PUNJAB
District : GURDASPUR",Secondary Level,"Name : S.S.R. WORLD SCHOOL
Head/Principal Name: Nirmla Devi","Address : VILL. KATHANA , P.O. JAGOWAL BET, DISTT. GURDASPUR
Website : https://ssrworldschool.com/"
660,"Aff. No. :1631597
Sch. Code:23912","State : PUNJAB
District : HOSHIARPUR",Secondary Level,"Name : SACRED STANFORD SCHOOL
Head/Principal Name: Manpreet Kaur","Address : GARHSHANKAR-BANGA ROAD, VILLAGE DAGHAM, TEHSIL GARHSHANKAR
Website : https://sacredstanford.com/"
661,"Aff. No. :1640017
Sch. Code:24515","State : PUNJAB
District : HOSHIARPUR",Senior Secondary Level,"Name : PM SHRI SCHOOL JAWAHAR NAVODAYA VIDYALAYA
Head/Principal Name: RANJU DUGGAL","Address : CHANDNI CHOWK PHALAHI DISTT HOSHIARPUR PUNJAB
Website : https://navodaya.gov.in/nvs/nvs-school/Hoshiarpur/en/home/"
662,"Aff. No. :1680002
Sch. Code:20017","State : PUNJAB
District : HOSHIARPUR",Senior Secondary Level,"Name : ARMY PUBLIC SCHOOL
Head/Principal Name: BHUPESH ANGRA","Address : UNCHI BASSI P O LAMIN TEHSIL DASUYA HOSHIARPUR DISTT PUNJAB
Website : www.armyschoolunchibassi.org"
663,"Aff. No. :1631352
Sch. Code:21395","State : PUNJAB
District : HOSHIARPUR",Senior Secondary Level,"Name : LALA JAGAT NARAIN DAV PUBLIC SCHOOL,GARHDIWALA
Head/Principal Name: Shakher Moudgil","Address : LALA JAGAT NARAIN DAV PUBLIC SCHOOL, NEAR SHIV MANDIR GARHDIWALA HOSHIARPUR
Website : www.ljndavgwl.com"
664,"Aff. No. :1631357
Sch. Code:21401","State : PUNJAB
District : HOSHIARPUR",Senior Secondary Level,"Name : DOON PUBLIC SCHOOL
Head/Principal Name: SANJUKTA MAJUMDAR","Address : VILL. SANDHWAL, P.O. HAJIPUR
Website : www.doonpublicschoolmukerian_in"
665,"Aff. No. :1631359
Sch. Code:21403","State : PUNJAB
District : HOSHIARPUR",Senior Secondary Level,"Name : OXFORD INTERNATIONAL SCHOOL
Head/Principal Name: Navjot Kaur","Address : JIAN PO BASSI KALAN
Website : www.oxfordhoshiarpur.com"
666,"Aff. No. :1631312
Sch. Code:21307","State : PUNJAB
District : HOSHIARPUR",Senior Secondary Level,"Name : SRI GURU HARKRISHAN PUBLIC SCHOOL NANDACHAUR
Head/Principal Name: HARKIRAT KAUR","Address : VPO.NANDACHAUR, DISTT.HOSHIARPUR
Website : www.sghnandachaur.com"
667,"Aff. No. :1631265
Sch. Code:21257","State : PUNJAB
District : HOSHIARPUR",Senior Secondary Level,"Name : M.R. INTERNATIONAL SCHOOL
Head/Principal Name: MANSI TYAGI","Address : VILL. PANAM, TEH. GARHSHANKAR, DISTT. HOSHIARPUR
Website : www.mrint.co.in"
668,"Aff. No. :1631286
Sch. Code:21273","State : PUNJAB
District : HOSHIARPUR",Secondary Level,"Name : ACADEMIC HEIGHTS PUBLIC SCHOOL
Head/Principal Name: BINDIA MALIK","Address : V.P.O-CHAGRAN, CHANDIGARH ROAD
Website : www.ahpshoshiarpurr5.in"
669,"Aff. No. :1631268
Sch. Code:21261","State : PUNJAB
District : HOSHIARPUR",Senior Secondary Level,"Name : SUNRISE CONVENT INTERNATIONAL SCHOOL
Head/Principal Name: KULJEET KAUR SANDHU","Address : V.P.O. MANANHANA
Website : http://scintschoolmananhana.com"
670,"Aff. No. :1631166
Sch. Code:21151","State : PUNJAB
District : HOSHIARPUR",Secondary Level,"Name : SANSKAR VALLEY SCHOOL
Head/Principal Name: Ranjana Singh","Address : RAKRI HAAR DATARPUR
Website : www.sanskarvalleyschool.com"
671,"Aff. No. :1631113
Sch. Code:21102","State : PUNJAB
District : HOSHIARPUR",Secondary Level,"Name : MERRY LAND INTERNATIONAL PUBLIC SCHOOL, ALAMPUR
Head/Principal Name: SANDEEP SINGH","Address : V.P.O, ALAMPUR, TEHSIL, DASUYA, DISTT. HOSHIARPUR
Website : www.merrylandschool.com"
672,"Aff. No. :1631136
Sch. Code:21131","State : PUNJAB
District : HOSHIARPUR",Secondary Level,"Name : SIR MARSHAL SCHOOL
Head/Principal Name: Gayatri","Address : VPO- BAINS AWAN, BLOCK- TANDA, TEHSIL- DASUYA, DISTT- HOSHIARPUR 144202
Website : www.sirmarshalbainsawan.com"
673,"Aff. No. :1631251
Sch. Code:21237","State : PUNJAB
District : HOSHIARPUR",Senior Secondary Level,"Name : RAYAT BAHRA INTERNATIONAL SCHOOL
Head/Principal Name: Rashmi Sharma","Address : CHANDIGARH ROAD VILLAGE BOHAN
Website : www.rayatbahraschool.com"
674,"Aff. No. :1631222
Sch. Code:21206","State : PUNJAB
District : HOSHIARPUR",Secondary Level,"Name : SIR MARSHAL CONVENT SCHOOL
Head/Principal Name: Parvinder Singh","Address : VILLAGE- NAINOWAL VAID,PO- SIKRI, TEHSIL- DASUYA ,146113
Website : www.sirmarshalnainowalvaid.com"
675,"Aff. No. :1631233
Sch. Code:21224","State : PUNJAB
District : HOSHIARPUR",Secondary Level,"Name : SAHIBZADA AJIT SINGH PUBLIC SCHOOL
Head/Principal Name: Rajwinder kaur","Address : V-LADHEWAL,PO-MAHILPUR
Website : www.saspublicschool.com"
676,"Aff. No. :1631195
Sch. Code:21181","State : PUNJAB
District : HOSHIARPUR",Senior Secondary Level,"Name : WOODBURY WORLD SCHOOL
Head/Principal Name: MADHU DOGRA","Address : VILLAGE : GAHLLRIAN, NEAR SHAH NEHAR, MUKERIAN-HAJIPUR ROAD
Website : http://woodburyworldschool.in/"
677,"Aff. No. :1631448
Sch. Code:23656","State : PUNJAB
District : HOSHIARPUR",Secondary Level,"Name : MGI CONVENT SCHOOL
Head/Principal Name: BHAWANA","Address : PO -PASSI KANDI, DASUYA
Website : www.mgiconventschool.in"
678,"Aff. No. :1631445
Sch. Code:23653","State : PUNJAB
District : HOSHIARPUR",Senior Secondary Level,"Name : CAMBRIDGE INTERNATIONAL SCHOOL ADAMWAL,HOSHIARPUR
Head/Principal Name: Aman Kumar Kanwar","Address : CHINTPURNI ROAD, HOSHIARPUR, CHINTPURNI ROAD, HOSHIARPUR
Website : www.cisadamwal.com"
679,"Aff. No. :1631446
Sch. Code:23654","State : PUNJAB
District : HOSHIARPUR",Senior Secondary Level,"Name : KOHINOOR INTERNATIONAL SCHOOL
Head/Principal Name: Shuchita Mahajan","Address : HAJIPUR MANSAR ROAD TEHSIL MUKERIAN, DISTRICT HOSHIARPUR
Website : http://kismukerian.com"
680,"Aff. No. :1631450
Sch. Code:23658","State : PUNJAB
District : HOSHIARPUR",Senior Secondary Level,"Name : GURU GOBIND SINGH PUBLIC SCHOOL
Head/Principal Name: Mr Harjit Singh","Address : NAINOWAL VAID , NAINOWAL VAID
Website : www.ggpshoshiarpur.com"
681,"Aff. No. :1631453
Sch. Code:23661","State : PUNJAB
District : HOSHIARPUR",Secondary Level,"Name : ST. SOLDIER DIVINE PUBLIC SCHOOL
Head/Principal Name: Gagandeep Singh","Address : LAXMI ENCLAVE, SUTEHRI KHURD, LAXMI ENCLAVE, SUTEHRI KHURD
Website : www.ssdpshoshiarpur.in"
682,"Aff. No. :1631458
Sch. Code:23667","State : PUNJAB
District : HOSHIARPUR",Senior Secondary Level,"Name : DOON PUBLIC SCHOOL
Head/Principal Name: RUCHIKA CHHABRA","Address : P.O. NAINOWAL JATTAN, HOSHIARPUR
Website : www.doonhoshiarpur.com"
683,"Aff. No. :1631481
Sch. Code:23695","State : PUNJAB
District : HOSHIARPUR",Senior Secondary Level,"Name : VICTORIA INTERNATIONAL SCHOOL
Head/Principal Name: POOJA PATIAL","Address : HOSHIARPUR ROAD, TANDA
Website : https://victoriainternationalschooltanda.com/"
684,"Aff. No. :1631499
Sch. Code:23714","State : PUNJAB
District : HOSHIARPUR",Secondary Level,"Name : AKAL ACADEMY DHUGGA KALAN
Head/Principal Name: PARMINDER KAUR","Address : TEHSIL DASUYA, NEAR TANDA URMAR
Website : https://dhuggakalan.akalacademy.ac.in/"
685,"Aff. No. :1631526
Sch. Code:23747","State : PUNJAB
District : HOSHIARPUR",Secondary Level,"Name : AKAL ACADEMY PAWEN
Head/Principal Name: Sukhsharan Kaur","Address : V.P.O. JHINGER KALAN, TEH. DASUYA, NEAR RAILWAY CROSSING
Website : https://pawen.akalacademy.ac.in/"
686,"Aff. No. :1631554
Sch. Code:23783","State : PUNJAB
District : HOSHIARPUR",Secondary Level,"Name : S.A.V. JAIN DAY BOARDING SCHOOL
Head/Principal Name: MANU WALIA","Address : UNA ROAD, HOSHIARPUR, HOSHIARPUR
Website : https://savjainschoolgroups.com/"
687,"Aff. No. :1631585
Sch. Code:23846","State : PUNJAB
District : HOSHIARPUR",Senior Secondary Level,"Name : TRIPLE M SCHOOL OF EXCELLENCE
Head/Principal Name: Renu Chahal","Address : NEAR TOLL PLAZA, CHANDIGARH ROAD, HOSHIARPUR
Website : https://www.triplemschoolofexcellence.co.in/"
688,"Aff. No. :1600050
Sch. Code:24570","State : PUNJAB
District : HOSHIARPUR",Senior Secondary Level,"Name : PM SHRI KENDRIYA VIDYALAYA
Head/Principal Name: RAKESH KUMAR","Address : GAJJ BLOCK BHUNGA, DISTT- HOSHIARPUR, PUNJAB
Website : https://bhunga.kvs.ac.in/"
689,"Aff. No. :1630057
Sch. Code:20054","State : PUNJAB
District : HOSHIARPUR",Senior Secondary Level,"Name : B B M B D A V PUBLIC SCHOOL
Head/Principal Name: ROHIT KUMAR","Address : TALWARA TOWNSHIP DISTT HOSHIARPUR PUNJAB
Website : www.bbmbdavtalwara.org"
690,"Aff. No. :1630202
Sch. Code:20196","State : PUNJAB
District : HOSHIARPUR",Senior Secondary Level,"Name : ST. SOLDIER DIVINE PUBLIC SCHOOL
Head/Principal Name: SHIKHA SHARMA","Address : UNA ROAD HOSHIARPUR PUNJAB
Website : www.ssdpshoshiarpur.in"
691,"Aff. No. :1630209
Sch. Code:20215","State : PUNJAB
District : HOSHIARPUR",Senior Secondary Level,"Name : CHOUDHARY BALBIR SINGH PUB SCHOOL
Head/Principal Name: ASAPUR SINGH BEDI","Address : ARYA SAMAJ ROAD HOSHIARPUR PUNJAB
Website : www.chbspschool.com"
692,"Aff. No. :1630224
Sch. Code:20219","State : PUNJAB
District : HOSHIARPUR",Senior Secondary Level,"Name : BABA MANJH CONVENT SCHOOL
Head/Principal Name: ASHWANI KUMAR","Address : KANG MAI DISTT HOSHIARPUR PUNJAB
Website : www.bmcshsp.com"
693,"Aff. No. :1630186
Sch. Code:20181","State : PUNJAB
District : HOSHIARPUR",Senior Secondary Level,"Name : G M A CITY PUBLIC SCHOOL
Head/Principal Name: ANITA ARORA","Address : SINGRIWALA JALANDHAR ROAD HOSIARPUR PUNJAB
Website : www.gmacps.com"
694,"Aff. No. :1630172
Sch. Code:20160","State : PUNJAB
District : HOSHIARPUR",Senior Secondary Level,"Name : S V J C D A V PUBLIC
Head/Principal Name: Mrs.Rashmi Maingi","Address : DASUYA HOSHIARPUR PUNJAB
Website : www.svjcdavpublicschooldasuya.org"
695,"Aff. No. :1630160
Sch. Code:20149","State : PUNJAB
District : HOSHIARPUR",Senior Secondary Level,"Name : DASMESH PUBLIC SCHOOL
Head/Principal Name: SANJEEV CHANDEL","Address : CHAKALLABAKSH G.T. ROAD MUKETIAN HOSHIARPUR
Website : www.dpsmukerian.com"
696,"Aff. No. :1630281
Sch. Code:20273","State : PUNJAB
District : HOSHIARPUR",Senior Secondary Level,"Name : DOABA PUBLIC SR SEC SCHOOL
Head/Principal Name: HARPREET KAUR","Address : PAROWAL TEH GARHSHANKAR DISTT HOSHIARPUR PUNJAB
Website : www.dpsparowal.com"
697,"Aff. No. :1630282
Sch. Code:20274","State : PUNJAB
District : HOSHIARPUR",Secondary Level,"Name : BLISS PUBLIC SCHOOL
Head/Principal Name: Gurjot Kaur","Address : MANNA PHAGWARA ROAD HOSHIARPUR PUNJAB
Website : www.blisspublicschool.com"
698,"Aff. No. :1630323
Sch. Code:20315","State : PUNJAB
District : HOSHIARPUR",Senior Secondary Level,"Name : SRI GURU HARKRISHAN PUBLIC SCHOOL
Head/Principal Name: KIRANPREET KAUR DHAMI","Address : VILL PANDORI KHAJOOR DISTT HOSHIARPUR PUNJAB
Website : http://sghpspandorikhajoor.com/"
699,"Aff. No. :1630324
Sch. Code:20317","State : PUNJAB
District : HOSHIARPUR",Senior Secondary Level,"Name : ST SOLDIER DIVINE PUBLIC SCHOOL
Head/Principal Name: SHELLY BHALLA","Address : GARHSHANKAR DISTT HOSHIARPUR PUNJAB
Website : www.ssdpsgarhshankar.in"
700,"Aff. No. :1630297
Sch. Code:20287","State : PUNJAB
District : HOSHIARPUR",Senior Secondary Level,"Name : VICTORIA INTERNATIONAL SCHOOL
Head/Principal Name: ARCHNA SOODEN","Address : NEAR TALWANDI GRAM MUKERIAN HOISHARPUR PUNJAB
Website :"
701,"Aff. No. :1630331
Sch. Code:20321","State : PUNJAB
District : HOSHIARPUR",Senior Secondary Level,"Name : KING EDWARD PUBLIC SCHOOL
Head/Principal Name: Asha Sharma","Address : GARH SHANKAR ROAD MAHILPUR ROAD DISTT HOISHARPUR PUNJAB
Website : www.kepsindia.org"
702,"Aff. No. :1630378
Sch. Code:20375","State : PUNJAB
District : HOSHIARPUR",Secondary Level,"Name : SPRINGDALES ENGLISH SCHOOL
Head/Principal Name: SUMAN SHARMA","Address : SHIKSHA NAGAR KOTSHMIR BATHINDA PUNJAB
Website :"
703,"Aff. No. :1630416
Sch. Code:20403","State : PUNJAB
District : HOSHIARPUR",Senior Secondary Level,"Name : DOABA PUBLIC SCHOOL
Head/Principal Name: Arun Gupta","Address : VILL DOHLRON PO MAHILPUR HOSHIARPUR PUNJAB
Website : www.dpsdohlron.in"
704,"Aff. No. :1630405
Sch. Code:20396","State : PUNJAB
District : HOSHIARPUR",Senior Secondary Level,"Name : ST SOLDIER DIVINE PUBLIC SCHOOL
Head/Principal Name: RUPINDERJIT SINGH","Address : DASUYA ROAD GURDHIWALA DISTT HOSHIARPUR PUNJAB
Website : info@ssdpsgarhdiwal.in"
705,"Aff. No. :1630400
Sch. Code:20391","State : PUNJAB
District : HOSHIARPUR",Secondary Level,"Name : ST SOLDIER DIVINE PUBLIC SCHOOL
Head/Principal Name: KIRAN BALA","Address : BASSI ROAD CHABBEWAL DISTT HOSHIARPUR PUNJAB
Website : www.ssdpschabbewal.in"
706,"Aff. No. :1630388
Sch. Code:20377","State : PUNJAB
District : HOSHIARPUR",Senior Secondary Level,"Name : SRI GURU GOBIND SINGH PUBLIC SCHOOL
Head/Principal Name: Savita Manhas","Address : VILLAGE BEGPUR KAMLOAH TEH MUKERIAN DISTT HOSHIARPUR PUNJAB
Website : https://sggsps.in/index.php"
707,"Aff. No. :1630523
Sch. Code:20512","State : PUNJAB
District : HOSHIARPUR",Senior Secondary Level,"Name : OXFORD WORLD SCHOOL
Head/Principal Name: SAROJ BALA","Address : VIIL. SAHORA DADYAL, P.O SEPRIAN
Website : www.oxfordworldschoolorg.wordpress.com"
708,"Aff. No. :1630513
Sch. Code:20504","State : PUNJAB
District : HOSHIARPUR",Senior Secondary Level,"Name : DIPS SCHOOL,
Head/Principal Name: Divya Chawla","Address : DARAPUR BYEPASS TANDA HOSHIARPUR, PUNJAB
Website : www.dipstanda.in"
709,"Aff. No. :1630497
Sch. Code:20487","State : PUNJAB
District : HOSHIARPUR",Senior Secondary Level,"Name : ST. SOLDIER DIVINE PUBLIC SCHOOL
Head/Principal Name: MEDHA VASHISHTH","Address : LANGERI ROAD MAHILPUR, THE.-GARHSHANKAR DISTT. HOSHIARPUR(PUNJAB)
Website : www.ssdpsmahilpur.com"
710,"Aff. No. :1630498
Sch. Code:20488","State : PUNJAB
District : HOSHIARPUR",Senior Secondary Level,"Name : GLOBAL PUBLIC SCHOOL
Head/Principal Name: RAJEEV RANA","Address : RANGA, MUKERIAN HOSHIARPUR PUNJAB
Website : http://www.gpsranga.org/"
711,"Aff. No. :1630461
Sch. Code:20445","State : PUNJAB
District : HOSHIARPUR",Senior Secondary Level,"Name : SILVER OAK INTERNATIONAL SCHOOL
Head/Principal Name: Munisha Sangar","Address : TANDA MIANI ROAD, SHAHBAZPUR,DISTT HOSHIARPUR, PUNJAB
Website : www.silveroakschool.org"
712,"Aff. No. :1630453
Sch. Code:20449","State : PUNJAB
District : HOSHIARPUR",Senior Secondary Level,"Name : WOODLANDS OVERSEAS SCHOOL
Head/Principal Name: Puja Dhiman","Address : VPO SATAUR,DASUYA ROAD, DISTT HOSHIARPUR, PUNJAB
Website : www.woschool.com"
713,"Aff. No. :1630467
Sch. Code:20446","State : PUNJAB
District : HOSHIARPUR",Senior Secondary Level,"Name : CAMBRIDGE INTERNATIONAL SCHOOL
Head/Principal Name: ANJU DHWAN","Address : HAJIPUR ROAD, DASUYA TEHSIL : DASUYA DISTT HOSHIARPUR, PUNJAB
Website : http://www.cisdasuya.com/"
714,"Aff. No. :1630480
Sch. Code:20471","State : PUNJAB
District : HOSHIARPUR",Senior Secondary Level,"Name : VASISHAT BHARTI INTERNATIONAL SCHOOL
Head/Principal Name: DINKAR PRASHAR","Address : VPO DATARPUR, TEHSIL MUKERIAN, DISTT HOSHIARPUR, PUNJAB
Website : http://vasishatbharti.org/"
715,"Aff. No. :1630489
Sch. Code:20480","State : PUNJAB
District : HOSHIARPUR",Senior Secondary Level,"Name : SUKH SAGAR INTERNATIONAL PUBLIC SCHOOL
Head/Principal Name: PRABHJOT KAUR","Address : VILLAGE SAIDOWAL PO-SAFDARPUR VIA DASUYA DISTT-HOSHIARPUR PUNJAB 144205
Website : www.sukhsagarinternationalpublicschool.com"
716,"Aff. No. :1630577
Sch. Code:20551","State : PUNJAB
District : HOSHIARPUR",Senior Secondary Level,"Name : ST. SOLDIER DIVINE PUBLIC SCHOOL
Head/Principal Name: SATWINDER KAUR","Address : ST SOLDIER DIVINE PUBLIC SCHOOL GURU NANAK NAGAR, NEAR NEW GRAIN MARKET TANDA DISTT.HOSHIARPUR PB.INDIA
Website : www.ssdpstanda.in"
717,"Aff. No. :1630593
Sch. Code:20580","State : PUNJAB
District : HOSHIARPUR",Senior Secondary Level,"Name : SPRINGDALES PUBLIC SCHOOL
Head/Principal Name: POONAM MEHTA","Address : VILL GALRHIAN P.O. TANGRALIAN TEHSIL - MUKERIAN
Website : https://springdales304807793.wordpress.com/"
718,"Aff. No. :1630650
Sch. Code:20636","State : PUNJAB
District : HOSHIARPUR",Senior Secondary Level,"Name : OAKDALE SCHOOL
Head/Principal Name: YASMIN MER","Address : VILLAGE DALAMWAL, P.O. BULLOWAL, TANDA ROAD, HOSHIARPUR-146113
Website : www.oakdale-school.com"
719,"Aff. No. :1630643
Sch. Code:20627","State : PUNJAB
District : HOSHIARPUR",Senior Secondary Level,"Name : AADESH INTERNATIONAL SCHOOL
Head/Principal Name: VINOD KUMAR","Address : V&PO LAKHINDER(MIANI)
Website : https://www.aadeshschool.com/"
720,"Aff. No. :1630623
Sch. Code:20611","State : PUNJAB
District : HOSHIARPUR",Senior Secondary Level,"Name : BIBI SATWANT KAUR PUBLIC SCHOOL
Head/Principal Name: NEERAJ","Address : VPO MUSAHIBPUR TEHSIL MUKERIAN
Website : http://bskpublicschool.com"
721,"Aff. No. :1630616
Sch. Code:20604","State : PUNJAB
District : HOSHIARPUR",Senior Secondary Level,"Name : GMA CITY PUBLIC SCHOOL
Head/Principal Name: BHUPESH SHARMA","Address : CHANDIGARH ROAD, CHABBEWAL
Website : www.gmacpc.com"
722,"Aff. No. :1630629
Sch. Code:20617","State : PUNJAB
District : HOSHIARPUR",Senior Secondary Level,"Name : GEMS CAMBRIDGE INTERNATIONAL SCHOOL
Head/Principal Name: SANGEETA NISTANDRA","Address : GEMS CAMBRIDGE INTERNATIONAL SCHOOL JALANDHAR-PHAGWARA BYEPASS PURHIRAN HOSHIARPUR
Website : https://cishoshiarpur.com/"
723,"Aff. No. :1630590
Sch. Code:20577","State : PUNJAB
District : HOSHIARPUR",Senior Secondary Level,"Name : K.D.INTERNATIONAL SCHOOL
Head/Principal Name: SHYAM LAL","Address : NEAR PETROL PUMP, CHANDIGARH HIGHWAY, LANGERI ROAD-
Website : http://www.kdgroupofinstitutes.com"
724,"Aff. No. :1630599
Sch. Code:20588","State : PUNJAB
District : HOSHIARPUR",Senior Secondary Level,"Name : DARSHAN ACADEMY
Head/Principal Name: RASIK","Address : KHERA KOTLI TEH. DASUYA, DISTT HOSHIARPUR.
Website : www.darshanacademy.org"
725,"Aff. No. :1630728
Sch. Code:20707","State : PUNJAB
District : HOSHIARPUR",Secondary Level,"Name : LIGHT HOUSE PUBLIC HIGH SCHOOL
Head/Principal Name: Ashish Kumar Rana","Address : VILL. CHAKWAL, NEAR SAMRA, PO TANDA RAM SAHAI,
Website : www.lighthousepublicschool.in"
726,"Aff. No. :1630706
Sch. Code:20691","State : PUNJAB
District : HOSHIARPUR",Senior Secondary Level,"Name : DIPS SCHOOL
Head/Principal Name: SEEMA CHOWDHARY","Address : VPO GILZIAN, NEAR MIANI, DASUYA,
Website : www.dipsgilzian/in"
727,"Aff. No. :1630674
Sch. Code:20657","State : PUNJAB
District : HOSHIARPUR",Senior Secondary Level,"Name : NAND SINGH MEMORIAL PUBLIC SCHOOL
Head/Principal Name: BINDU","Address : VILLAGE & POST OFFICE TERKIANA, DASUYA
Website : www.nsmpublicschool.org"
728,"Aff. No. :1630679
Sch. Code:20661","State : PUNJAB
District : HOSHIARPUR",Senior Secondary Level,"Name : SBS MODEL HIGH SCHOOL,
Head/Principal Name: JASPREET KAUR","Address : NANGAL ROAD, VILL. SADARPUR,GARHSHANKAR P.O. HOSHIARPUR
Website : www.sbssadarpur.ORG"
729,"Aff. No. :1630690
Sch. Code:20670","State : PUNJAB
District : HOSHIARPUR",Secondary Level,"Name : PUNJAB PUBLIC SCHOOL
Head/Principal Name: VINAY KUMAR","Address : VILL MANSURPUR TEHSIL MUKERIAN DISTT HOSHIARPUR
Website : www.ppsmansurpur.com"
730,"Aff. No. :1630754
Sch. Code:20753","State : PUNJAB
District : HOSHIARPUR",Senior Secondary Level,"Name : SIR MARSHAL CONVENT SCHOOL
Head/Principal Name: RAMANDEEP SINGH","Address : VILLAGE BHALIALA, PO HARIANA, JANAURI ROAD, HOSHIARPUR
Website : www.sirmarshalbhaliala.com"
731,"Aff. No. :1630767
Sch. Code:20805","State : PUNJAB
District : HOSHIARPUR",Senior Secondary Level,"Name : SUN VALLEY INTERNATIONAL SCHOOL
Head/Principal Name: Jaspal Kaur","Address : V.P.O KATHE, CHAKKOWAL MAIN ROAD SHAM CHAURASI, HOSHIARPUR, PUNJAB
Website : www.sunvalleyinternational.org"
732,"Aff. No. :1630813
Sch. Code:20809","State : PUNJAB
District : HOSHIARPUR",Senior Secondary Level,"Name : SD SARVHITKARI VIDYA MANDIR(SR.SEC.) TALWARA
Head/Principal Name: Janesh Bala","Address : TALWARA HOSHIARPUR
Website : www.svmtalwara.org"
733,"Aff. No. :1630783
Sch. Code:20806","State : PUNJAB
District : HOSHIARPUR",Secondary Level,"Name : APRAJITA INTERNATIONAL CO.ED SCHOOL
Head/Principal Name: Dr. HARDEEP SINGH","Address : VPO BHATER TEHSIL MUKERIAN DISTT HOSHIARPUR
Website : www.aprajitaeducationalgroup.org"
734,"Aff. No. :1630790
Sch. Code:20764","State : PUNJAB
District : HOSHIARPUR",Senior Secondary Level,"Name : PEARLS INTERNATIONAL SCHOOL
Head/Principal Name: MEENA KUMARI","Address : VILL. BHALLOWAL, HAJIPUR MUKERIAN ROAD, HOSHIARPUR, PUNJAB
Website : www.pearlsinternationalschool.com"
735,"Aff. No. :1630874
Sch. Code:20851","State : PUNJAB
District : HOSHIARPUR",Senior Secondary Level,"Name : MAHARAJ BRAHMANAND BHURI WALE GARIBDASSI RANA GAJINDER CHAND PUBLIC SCHOOL
Head/Principal Name: KANCHAN BALA","Address : VILL MANSOWAL, P.O. BINEWAL, TEHSIL GARHSHANKAR, DISTT HOSHIARPUR(PUNJAB)
Website : https://mbgpublicschoolmansowal.org"
736,"Aff. No. :1630882
Sch. Code:20858","State : PUNJAB
District : HOSHIARPUR",Senior Secondary Level,"Name : S.D. CITY PUBLIC SCHOOL
Head/Principal Name: ANITA SAINI","Address : CHINTPURNI ROAD,ADAMWAL, HOSHIARPUR PB.
Website : www.sdcpschool.in"
737,"Aff. No. :1630846
Sch. Code:20829","State : PUNJAB
District : HOSHIARPUR",Senior Secondary Level,"Name : DELHI INTERNATIONAL SCHOOL, CHANDIGARH ROAD, NEAR CHABBEWAL, HOSHIARPUR, PUNJAB
Head/Principal Name: MARIA JOHN","Address : CHANDIGARH ROAD, NEAR CHABBEWAL, HOSHIARPUR
Website : www.delhiinternationalschool.in/hoshiarpur"
738,"Aff. No. :1630847
Sch. Code:20866","State : PUNJAB
District : HOSHIARPUR",Senior Secondary Level,"Name : VASISHAT BHARTI VIDYA MANDIR
Head/Principal Name: Reeta Kumari","Address : MAIN MARKET, TALWARA
Website : http://vbvmtalwara.in"
739,"Aff. No. :1630950
Sch. Code:20935","State : PUNJAB
District : HOSHIARPUR",Senior Secondary Level,"Name : JAGAT JYOTI PUBLIC SCHOOL
Head/Principal Name: SHAMITA","Address : VILL.USMAN SHAHID P.O.DASUYA
Website : www.jjpsss.com"
740,"Aff. No. :1631026
Sch. Code:21026","State : PUNJAB
District : HOSHIARPUR",Secondary Level,"Name : SANT BABA HARNAM SINGH KHALSA MODEL SCHOOL
Head/Principal Name: Darshana Kaushal","Address : VPO-GARHDIWALA,TEHSIL-DASUYA,DISTT-HOSHIARPUR,PIN-144207
Website : www.sbhskhalsamodelschool.com"
741,"Aff. No. :1631006
Sch. Code:20994","State : PUNJAB
District : HOSHIARPUR",Secondary Level,"Name : MATA SAHIB KAUR DAY BOARDING SCHOOL
Head/Principal Name: HARDEV SINGH","Address : VILLAGE KOTLI JAND PO URMAR, TEH DASUYA, DIST HOSHIARPUR, PIN 144204
Website : www.mskdbschool.com"
742,"Aff. No. :1630997
Sch. Code:20986","State : PUNJAB
District : HOSHIARPUR",Senior Secondary Level,"Name : DIPS SCHOOL
Head/Principal Name: MONICA SACHDEVA","Address : VILLAGE ADAMWAL, DASUYA ROAD,
Website : www.dipshariana.in"
743,"Aff. No. :1631091
Sch. Code:21091","State : PUNJAB
District : HOSHIARPUR",Senior Secondary Level,"Name : CAMBRIDGE OVERSEAS SCHOOL, MUKERIAN
Head/Principal Name: NEETU JOHRI","Address : WARD NO. 10, BADDA BAGOWAL
Website : https://cosmukerian.com"
744,"Aff. No. :1631086
Sch. Code:21074","State : PUNJAB
District : JALANDHAR",Secondary Level,"Name : THE HERITAGE SCHOOL UGGI
Head/Principal Name: MissSneh Lata Sharma","Address : V&PO UGGI, TEHSIL NAKODAR, DISTRICT JALANDHAR PUNJAB 144623
Website : http://www.theheritageschooluggi.com"
745,"Aff. No. :1631070
Sch. Code:21063","State : PUNJAB
District : JALANDHAR",Senior Secondary Level,"Name : SRI CHAITANYA TECHNO SCHOOL
Head/Principal Name: SANDEEP KAUR SABRAH","Address : BERRYS GLOBAL DISCOVERY SCHOOL, KOTLI ROAD
Website : www.srichaitanyaschool.net"
746,"Aff. No. :1630978
Sch. Code:20974","State : PUNJAB
District : JALANDHAR",Senior Secondary Level,"Name : ST. SOLDIER DIVINE PUBLIC SCHOOL
Head/Principal Name: JARNAIL SINGH","Address : NEAR RAILWAY CROSSING, NURMAHAL ROAD,NAKODAR
Website : http://www.ssdpsnakodar.in"
747,"Aff. No. :1630971
Sch. Code:20960","State : PUNJAB
District : JALANDHAR",Senior Secondary Level,"Name : PIONEER INTERNATIONAL PUBLIC SCHOOL
Head/Principal Name: BALWINDER KAUR","Address : MITHRA ROAD,VPO. RURKA KALAN, TEHSIL PHILLAUR, DISTT.JALANDHAR
Website : www.pioneerinternationalpublicschool.com"
748,"Aff. No. :1631004
Sch. Code:20992","State : PUNJAB
District : JALANDHAR",Senior Secondary Level,"Name : DIPS SCHOOL
Head/Principal Name: JYOTI THAPAR","Address : MODEL TOWN VPO UGGI
Website : www.dipsedu.com"
749,"Aff. No. :1631033
Sch. Code:21029","State : PUNJAB
District : JALANDHAR",Senior Secondary Level,"Name : ST. SOLDIER DIVINE PUBLIC SCHOOL
Head/Principal Name: MANGLA SHARMA","Address : ARJUN NAGAR, LAMBAPIND, HOSHIARPUR ROAD
Website : www.ssdpslambapind.in"
750,"Aff. No. :1630915
Sch. Code:20907","State : PUNJAB
District : JALANDHAR",Senior Secondary Level,"Name : JALANDHAR PUBLIC SCHOOL
Head/Principal Name: SUKHDEEP KAUR","Address : VILL JAITEWALI JALLANDHAR
Website : www.jpsjaitewali.com"
751,"Aff. No. :1630903
Sch. Code:20897","State : PUNJAB
District : JALANDHAR",Senior Secondary Level,"Name : SHRI GURU TEG BAHADUR PUBLIC SCHOOL
Head/Principal Name: NAVDEEP KAUR","Address : VILL. SANAURA,P.O. BHOGPUR ,TEH. BHOGPUR,DISTT. JALANDHAR
Website : www.sgtb.in"
752,"Aff. No. :1630820
Sch. Code:20793","State : PUNJAB
District : JALANDHAR",Secondary Level,"Name : SHAHEED UDHAM SINGH PUBLIC SCHOOL
Head/Principal Name: MONICA","Address : LOHIAN KHAS , JALANDHAR
Website :"
753,"Aff. No. :1630860
Sch. Code:20837","State : PUNJAB
District : JALANDHAR",Senior Secondary Level,"Name : INNOCENT HEARTS SCHOOL
Head/Principal Name: Shallu Sehgal","Address : NAKODAR ROAD, LOHARAN, JALANDHAR
Website : https://innocenthearts.in/innocent-hearts-loharan/"
754,"Aff. No. :1630863
Sch. Code:20853","State : PUNJAB
District : JALANDHAR",Senior Secondary Level,"Name : IVY WORLD SCHOOL
Head/Principal Name: Parminderjit Sandhu","Address : IVY WORLD SCHOOL RAMA MANDI HOSHIARPUR ROAD
Website : www.ivyworldschool.in"
755,"Aff. No. :1630781
Sch. Code:20757","State : PUNJAB
District : JALANDHAR",Senior Secondary Level,"Name : STS WORLD SCHOOL
Head/Principal Name: PRABHJOT GILL","Address : VILL. RAJGOMAL, P.O RURKA KALAN TEH. PHILLAUR DISTT. JALANDHAR PUNJAB
Website : www.stsworldschool.edu.in"
756,"Aff. No. :1630761
Sch. Code:20744","State : PUNJAB
District : JALANDHAR",Senior Secondary Level,"Name : AKAL ACADEMY
Head/Principal Name: Baljeet Kaur","Address : VILLAGE DHANAL KALAN , P.O. PHOOLPUR , DISTRICT JALANDHAR
Website : https://dhanalkalan.akalacademy.ac.in"
757,"Aff. No. :1630688
Sch. Code:20671","State : PUNJAB
District : JALANDHAR",Senior Secondary Level,"Name : INNOCENT HEARTS SCHOOL
Head/Principal Name: JASMEET BAKSHI","Address : NOORPUR, PATHANKOT ROAD, JALANDHAR CITY
Website : https://www.innocenthearts.in/ihsnoorpur/"
758,"Aff. No. :1630693
Sch. Code:20675","State : PUNJAB
District : JALANDHAR",Senior Secondary Level,"Name : JALANDHAR PUBLIC SCHOOL
Head/Principal Name: RAJEEV VASHISHT","Address : KAMAL VIHAR , NEAR SURYA ENCLAVE , JALANDHAR
Website : www.jpsjalandhar.com"
759,"Aff. No. :1630683
Sch. Code:20738","State : PUNJAB
District : JALANDHAR",Senior Secondary Level,"Name : LA BLOSSOMS SCHOOL
Head/Principal Name: NIDHI CHOPRA","Address : ADJ. SOUTH CITY, VILL. USMANPUR,
Website : www.lbsjalandhar.com"
760,"Aff. No. :1630681
Sch. Code:20664","State : PUNJAB
District : JALANDHAR",Senior Secondary Level,"Name : NIRMAL SAGAR PUBLIC SCHOOL
Head/Principal Name: MEENAKSHI CHADDA","Address : VILL LASSARA, JEH PHILLAUR, DISTT. JULLUNDUR
Website : https://l.facebook.com/l.php?u=http%3A%2F%2Fnirmalsagarpubli"
761,"Aff. No. :1630686
Sch. Code:20669","State : PUNJAB
District : JALANDHAR",Senior Secondary Level,"Name : SHREE HANUMAT INTERNATIONAL PUBLIC SCHOOL
Head/Principal Name: Arti Sobti","Address : NH-1 , GORAYA, PHILLAUR, JULLUNDUR
Website : www.shipsgoraya.com"
762,"Aff. No. :1630717
Sch. Code:20698","State : PUNJAB
District : JALANDHAR",Senior Secondary Level,"Name : DIPS SCHOOL
Head/Principal Name: Ruby Sharma","Address : MAQSUDAN, NEAR SURANUSSI
Website : www.dipssuranussi.in"
763,"Aff. No. :1630612
Sch. Code:20600","State : PUNJAB
District : JALANDHAR",Senior Secondary Level,"Name : DARSHAN ACADEMY
Head/Principal Name: DINESH SINGH","Address : KOT SADIQ, KALA SINGHA ROAD, JALANDHAR, PUNJAB
Website : www.darshanacademy.org"
764,"Aff. No. :1630627
Sch. Code:20614","State : PUNJAB
District : JALANDHAR",Secondary Level,"Name : SANT BABA NIDHAN SINGH JI PUBLIC SCHOOL
Head/Principal Name: Kanwaljeet Kaur","Address : TAHLI SAHIB ROAD , KARTARPUR
Website : http://sbnsjipublicschoolkartarpur.in"
765,"Aff. No. :1630620
Sch. Code:20609","State : PUNJAB
District : JALANDHAR",Senior Secondary Level,"Name : CAMBRIDGE INTERNATIONAL SCHOOL
Head/Principal Name: DINESH KUMAR","Address : CHOTI BARADARI PART-II,JALANDHAR CITY
Website : https://ciscoedjal.school/"
766,"Aff. No. :1630559
Sch. Code:20546","State : PUNJAB
District : JALANDHAR",Senior Secondary Level,"Name : ST.MANU'S CONVENT SCHOOL
Head/Principal Name: Ritu Pathak","Address : MOGA ROAD SHAHKOT
Website : www.stmanus.com"
767,"Aff. No. :1630543
Sch. Code:20531","State : PUNJAB
District : JALANDHAR",Senior Secondary Level,"Name : MOTHER'S PRIDE INTERNATIONAL PUBLIC SCHOOL
Head/Principal Name: RAJNI BALA","Address : MALASIAN, TEH. NAKODAR, DISTT. JALLANDHAR, PUNJAB-144701
Website : https://www.mpipsmalsian.com"
768,"Aff. No. :1630554
Sch. Code:20540","State : PUNJAB
District : JALANDHAR",Senior Secondary Level,"Name : SARVHITKARI KESHAV VIDYA NIKETAN
Head/Principal Name: ARVIND KUMAR","Address : GURU GOBIND SINGH AVENUE BYE PASS ROAD,JALANDHAR
Website : www.skvn.in"
769,"Aff. No. :1630556
Sch. Code:20542","State : PUNJAB
District : JALANDHAR",Senior Secondary Level,"Name : SOCIAL CONVENT INTERNATIONAL SCHOOL
Head/Principal Name: APINDERJEET KAUR","Address : VILLAGE PATTARKALAN , OPP. PTU , KAPURTHALA ROAD , JALANDHAR
Website : www.Socialgroupofinstitutions.in"
770,"Aff. No. :1630485
Sch. Code:20476","State : PUNJAB
District : JALANDHAR",Senior Secondary Level,"Name : APEX INTERNATIONAL PUBLIC SCHOOL
Head/Principal Name: SHALLU GUPTA","Address : KAPURTHALA ROAD , NAKODAR, DISTT JALANDHAR, PUNJAB
Website : www.apexinternationalpublicschool.co.in"
771,"Aff. No. :1630468
Sch. Code:20447","State : PUNJAB
District : JALANDHAR",Senior Secondary Level,"Name : EKAM PUBLIC SCHOOL
Head/Principal Name: AMANDIP KAUR","Address : VILLAGE & P.O. MEHATPUR(PARJIAN ROAD), DISTT JALANDHAR, PUNJAB
Website : www.ekampublicschool.in"
772,"Aff. No. :1630462
Sch. Code:20452","State : PUNJAB
District : JALANDHAR",Senior Secondary Level,"Name : MGN PUBLIC SCHOOL
Head/Principal Name: RAJIV BUDHRAJA","Address : URBAN ESTATE PHASE II, DISTT JALANDHAR, PUNJAB
Website : www.mgnurbanestate.org"
773,"Aff. No. :1630500
Sch. Code:20490","State : PUNJAB
District : JALANDHAR",Senior Secondary Level,"Name : DIPS SCHOOL
Head/Principal Name: RAJESH KUMAR CHOUDHARY","Address : NEAR LODHEWALI, P.O. CHOGATTI, JALLANDHAR, PUNJAB
Website : www.dipskarolbagh.in"
774,"Aff. No. :1630507
Sch. Code:20498","State : PUNJAB
District : JALANDHAR",Senior Secondary Level,"Name : SANSKIRITI KMV SCHOOL
Head/Principal Name: RACHNA MONGA","Address : KMV CAMPUS VIDYALAYA MARG, TANDA ROAD, DISTT JALANDHAR, PUNJAB
Website : https://sanskritikmv.in"
775,"Aff. No. :1630514
Sch. Code:20505","State : PUNJAB
District : JALANDHAR",Senior Secondary Level,"Name : STATE PUBLIC SCHOOL
Head/Principal Name: SAVINA BAHL","Address : SOFI PIND JALANDHAR CANTT
Website : www.statepublicschools.in"
776,"Aff. No. :1630517
Sch. Code:20508","State : PUNJAB
District : JALANDHAR",Secondary Level,"Name : BHAI GURUDAS PUBLIC SCHOOL
Head/Principal Name: Davinder Kaur","Address : VILLAGE & P.O. KALRA, NEAR ADAMPUR, JALANDHAR
Website : www.bhaigurdaspublicschool.com"
777,"Aff. No. :1630524
Sch. Code:20513","State : PUNJAB
District : JALANDHAR",Senior Secondary Level,"Name : STATE PUBLIC SCHOOL
Head/Principal Name: Kanwar Neel Kamal","Address : PARJIAN ROAD , SHAHKOT
Website : www.statepublicschools.in"
778,"Aff. No. :1630392
Sch. Code:20382","State : PUNJAB
District : JALANDHAR",Senior Secondary Level,"Name : APEEJAY SCHOOL
Head/Principal Name: AVANISH KUMAR SHARMA","Address : RAMA MANDI HOISHARPUR ROAD JALLANDHAR PUNJAB
Website : www.apeejay.edu/hoshiarpur/"
779,"Aff. No. :1630382
Sch. Code:20459","State : PUNJAB
District : JALANDHAR",Senior Secondary Level,"Name : TAGORE'S INTERNATIONAL SMART SCHOOL
Head/Principal Name: JASMEEN KAUR","Address : BASTI DANISHMANDAN JALANDHAR CITY PUNJAB
Website : www.tagoreissjalandhar.com"
780,"Aff. No. :1630401
Sch. Code:20388","State : PUNJAB
District : JALANDHAR",Senior Secondary Level,"Name : GURU TEG BAHADUR PUBLIC SCHOOL
Head/Principal Name: AMITAL KAUR","Address : HOSHIARPUR ROAD VPO HAZRA DISTT JALANDHAR PUNJAB
Website : www.gtbschool.in"
781,"Aff. No. :1630402
Sch. Code:20392","State : PUNJAB
District : JALANDHAR",Senior Secondary Level,"Name : GURU ANGAD DEV PUBLIC SCHOOL
Head/Principal Name: DIMPAL","Address : DHILWAN ROAD RAMA MANDI JALANDHAR PUNJAB
Website : www.gadpsj.com"
782,"Aff. No. :1630404
Sch. Code:20395","State : PUNJAB
District : JALANDHAR",Senior Secondary Level,"Name : SANT BABA BHAG SINGH INTERNATIONAL SCHOOL
Head/Principal Name: RANJEET SINGH","Address : V & PO PADHINA JALANDHAR PUNJAB
Website : www.sbbsis.com"
783,"Aff. No. :1630406
Sch. Code:20397","State : PUNJAB
District : JALANDHAR",Secondary Level,"Name : R S PUBLIC SCHOOL
Head/Principal Name: KRISHNA DEVI MANAK","Address : VILLAGE ARYANWAL ADAMPUR DISTT JALANDHAR PUNJAB
Website : http://rspublicschool.org"
784,"Aff. No. :1630417
Sch. Code:20408","State : PUNJAB
District : JALANDHAR",Senior Secondary Level,"Name : SWAMI MOHAN DASS MODEL SCHOOL
Head/Principal Name: JATINDER KAUR MANN","Address : BABA MOHAN DASS NAGAR G T ROAD, BYE PASS JULLUNDHUR PUNJAB
Website : www.swamimohandassmodelschool.com"
785,"Aff. No. :1630419
Sch. Code:20410","State : PUNJAB
District : JALANDHAR",Senior Secondary Level,"Name : THE GURUKUL
Head/Principal Name: RADHA GAKHAR","Address : NR TV TOWER, NAKODAR ROAD, JALANDHAR, PUNJAB
Website : http://the-gurukul.co.in/Home.aspx"
786,"Aff. No. :1630441
Sch. Code:20426","State : PUNJAB
District : JALANDHAR",Senior Secondary Level,"Name : CAMBRIDGE INNOVATIVE SCHOOL
Head/Principal Name: Kiranjoth Dhillon","Address : URBAN ESTATE PHASE II JALANDHAR PUNJAB
Website : https://www.cisfgjal.school/"
787,"Aff. No. :1630442
Sch. Code:20429","State : PUNJAB
District : JALANDHAR",Senior Secondary Level,"Name : BRITISH OLIVIA SCHOOL
Head/Principal Name: SUMAN BALA","Address : NATIONAL AVENUE, RAMA MANDI JALANDHAR CANTT PUNJAB
Website : www.britisholiviaschool.com"
788,"Aff. No. :1630436
Sch. Code:20423","State : PUNJAB
District : JALANDHAR",Senior Secondary Level,"Name : CHANKYA INTERNATIONAL SCHOOL
Head/Principal Name: BARINDER KAUR","Address : VILL PURANPUR PO PARAS RAMPUR DISTT JALANDHAR PUNJAB
Website : www.chanakayainternationalschooljalandhar"
789,"Aff. No. :1630450
Sch. Code:20436","State : PUNJAB
District : JALANDHAR",Senior Secondary Level,"Name : GURU NANAK MISSION PUBLIC SCHOOL
Head/Principal Name: BIKRAM SINGH","Address : VILL. DALLA (BHOGPUR) DISTT. JULLUNDHUR PUNJAB
Website : https://gnmpsdallapunjab.com"
790,"Aff. No. :1630448
Sch. Code:20435","State : PUNJAB
District : JALANDHAR",Senior Secondary Level,"Name : MANAV SEHYOG SCHOOL
Head/Principal Name: SAPNA KUMAR","Address : VILLAGE SHAHPUR , V.P.O. UDOPUR , VIA JAMSHER , JALANDHAR PUNJAB
Website : www.manavsehyogschool.in"
791,"Aff. No. :1630444
Sch. Code:20431","State : PUNJAB
District : JALANDHAR",Senior Secondary Level,"Name : MAYOR WORLD SCHOOL
Head/Principal Name: CHARU","Address : URABAN ESTATE, PHASE-I
Website : www.mayorworld.org"
792,"Aff. No. :1630446
Sch. Code:20433","State : PUNJAB
District : JALANDHAR",Senior Secondary Level,"Name : EKLAVYA SCHOOL
Head/Principal Name: CHANDRALEKHA BAZAZ","Address : VILL PARTAPPURA, P.O. LOHAR PARTAPPURA, NAKODAR ROAD, JALANDHAR
Website : www.eklavyaschooljal.org"
793,"Aff. No. :1630343
Sch. Code:20331","State : PUNJAB
District : JALANDHAR",Senior Secondary Level,"Name : MALVI DEVI DAYANAND MODEL SCHOOL
Head/Principal Name: Baljinder Singh","Address : SHANKAR ROAD NAKODAR DISTT JALANDHAR PUNJAB
Website : https://dmsnakodar.org/"
794,"Aff. No. :1630344
Sch. Code:20333","State : PUNJAB
District : JALANDHAR",Senior Secondary Level,"Name : AKAL ACADEMY
Head/Principal Name: Harpreet Kaur","Address : BILGA PO BILGA DISTT JALANDHAR PUNJAB
Website : https://bilga.akalacademy.ac.in"
795,"Aff. No. :1630336
Sch. Code:20324","State : PUNJAB
District : JALANDHAR",Senior Secondary Level,"Name : ST SOLDIER DIVINE PUBLIC SCHOOL
Head/Principal Name: REENA AGNIHOTRI","Address : BEHIND REC(NIT) PO REC NIT JALANDHAR PUNJAB
Website : www.ssdpsrec.in"
796,"Aff. No. :1630269
Sch. Code:20261","State : PUNJAB
District : JALANDHAR",Senior Secondary Level,"Name : DELHI PUBLIC SCHOOL
Head/Principal Name: RITU KAUL","Address : G T ROAD VPO DHAHOWALI JALANDHAR CANTT PUNJAB
Website : http://dpsjalandhar.com"
797,"Aff. No. :1630275
Sch. Code:20268","State : PUNJAB
District : JALANDHAR",Senior Secondary Level,"Name : SANT RAGHBIR SINGH AIMS PUBLIC SCHOOL
Head/Principal Name: SONALI KAUR","Address : KALA SANGHA ROAD BASTI SHEIKH JALANDHAR CITY PUNJAB
Website :"
798,"Aff. No. :1630301
Sch. Code:20291","State : PUNJAB
District : JALANDHAR",Senior Secondary Level,"Name : SAHIBZADA AJITSINGH JI PUBLIC SCHOOL
Head/Principal Name: SUDEEP KAUR","Address : SARHALI DISTT JALANDHAR PUNJAB
Website : www.sasjpsschool.co.in"
799,"Aff. No. :1630289
Sch. Code:20280","State : PUNJAB
District : JALANDHAR",Senior Secondary Level,"Name : DIPS SCHOOL
Head/Principal Name: USHA PARMAR","Address : NURMAHAL DISTT JALANDHAR PUNJAB
Website : www.dipsnurmahal.in"
800,"Aff. No. :1630227
Sch. Code:20214","State : PUNJAB
District : JALANDHAR",Senior Secondary Level,"Name : ST. SOLDIER DIVINE PUB SCHOOL
Head/Principal Name: AMRIK SINGH","Address : LAROI ROAD BHOGPUR JALANDHAR PUNJAB
Website : https://ssdpsbhogpur.in/"
801,"Aff. No. :1630233
Sch. Code:20230","State : PUNJAB
District : JALANDHAR",Senior Secondary Level,"Name : ST. SOLDIER DIVINE PUBLIC SCHOOL
Head/Principal Name: Babita Sharma","Address : NANGAL KRAR KHAN NEW DEFENCE COLONY JALANDHAR CANTT PUNJAB
Website : www.ssdpsnangalkrarkhan.in"
802,"Aff. No. :1630257
Sch. Code:20249","State : PUNJAB
District : JALANDHAR",Senior Secondary Level,"Name : EMM AAR INTERNATIONAL SCHOOL
Head/Principal Name: RAJINDER KUMAR","Address : HOISHARPUR ROAD ADAMPUR DOABA DISTT JALANDHAR PUNJAB
Website : www.emmaarintlschool.com"
803,"Aff. No. :1630250
Sch. Code:20239","State : PUNJAB
District : JALANDHAR",Senior Secondary Level,"Name : SETH HUKUM CHAND S D PUBLIC SCHOOL
Head/Principal Name: PRIYANKA SHARMA","Address : SANGAL SOHAL KAPURTHALA ROAD JALANDHAR PUNJAB
Website : www.sethhukamchandkptjal.com"
804,"Aff. No. :1630154
Sch. Code:20163","State : PUNJAB
District : JALANDHAR",Senior Secondary Level,"Name : POLICE DAV PUBLIC SCHOOL
Head/Principal Name: RASHMI VIJ","Address : JALANDHAR CANTT PUNJAB
Website : www.policedavjal.in"
805,"Aff. No. :1630155
Sch. Code:20141","State : PUNJAB
District : JALANDHAR",Senior Secondary Level,"Name : ST. SOLDIER'S DIVINE PUBLIC SCHOOL
Head/Principal Name: DIVPREET KAUR","Address : MASTER G S MARG KAPURTHALA ROAD JALANDHAR PUNJAB
Website : https://www.ssdpsjalandhar.in/"
806,"Aff. No. :1630167
Sch. Code:20171","State : PUNJAB
District : JALANDHAR",Senior Secondary Level,"Name : INNOCENT HEARTS SCHOOL
Head/Principal Name: RAJEEV PALIWAL","Address : GREEN MODEL TOWN JALANDHAR PUNJAB
Website : https://www.innocenthearts.in/ihsgmt/"
807,"Aff. No. :1630177
Sch. Code:20166","State : PUNJAB
District : JALANDHAR",Senior Secondary Level,"Name : C T PUBLIC SCHOOL
Head/Principal Name: Manisha Basnet","Address : GREATER KAILASH, MAQSUDAN, JALANDHAR CITY (PUNJAB)
Website : www.ctpublicschooljal.com"
808,"Aff. No. :1630185
Sch. Code:20183","State : PUNJAB
District : JALANDHAR",Senior Secondary Level,"Name : LAWRENCE INTERNATIONAL SCHOOL
Head/Principal Name: Hari Om","Address : G T ROAD BYE-PASS JALANDHAR PO CHUGITTEE PUNJAB
Website : www.lawrenceinternationalschool.com"
809,"Aff. No. :1630181
Sch. Code:20175","State : PUNJAB
District : JALANDHAR",Senior Secondary Level,"Name : LALA JAGAT NARAIAN DAV MODEL SCH
Head/Principal Name: RAJNI GUPTA","Address : KABIR NAGAR JALANDHAR CITY PUNJAB
Website : www.ljndavjal.in"
810,"Aff. No. :1630225
Sch. Code:20220","State : PUNJAB
District : JALANDHAR",Senior Secondary Level,"Name : STATE PUBLIC SCHOOL
Head/Principal Name: SONIA SACHDEVA","Address : NAKODAR JALANDHAR PUNJAB
Website : www.statepublicschools.in"
811,"Aff. No. :1630218
Sch. Code:20209","State : PUNJAB
District : JALANDHAR",Senior Secondary Level,"Name : DAYANAND MODEL SCHOOL
Head/Principal Name: Vinod Kumar","Address : MODEL TOWN JALANDHAR PUNJAB
Website : https://dmsjalandhar.org/dmsjalandhar.org"
812,"Aff. No. :1630212
Sch. Code:20200","State : PUNJAB
District : JALANDHAR",Secondary Level,"Name : SARUP PUBLIC SCHOOL
Head/Principal Name: NEERAJ KUMARI","Address : SARUP NAGAR PO NURPUR PATHANKOT ROAD JALANDHAR PUNJAB
Website : www.saruppublicschool.com"
813,"Aff. No. :1630213
Sch. Code:20199","State : PUNJAB
District : JALANDHAR",Senior Secondary Level,"Name : C J S PUBLIC SCHOOL
Head/Principal Name: Rashmi Sharma","Address : NEAR MILK PLANT AMRITSAR BYE PASS JALANDHAR PUNJAB
Website : www.cjspucbilcschool.com"
814,"Aff. No. :1630214
Sch. Code:20201","State : PUNJAB
District : JALANDHAR",Senior Secondary Level,"Name : SHEELA RANI TANGRI DAV PUBLIC SCHOOL
Head/Principal Name: Sanjeev Gujral","Address : BILGA JALANDHAR PUNJAB
Website : www.davbilga.com"
815,"Aff. No. :1630205
Sch. Code:20197","State : PUNJAB
District : JALANDHAR",Senior Secondary Level,"Name : MAHARAJA RANJIT SINGH POLICE PUB SCH
Head/Principal Name: AMRITA KUMAR","Address : PHILLORE DISTT JALANDHAR PUNJAB
Website : www.maharajaranjitsinghpps.org"
816,"Aff. No. :1630074
Sch. Code:20075","State : PUNJAB
District : JALANDHAR",Senior Secondary Level,"Name : SWAMI SANT DASS PUBLIC SCHOOL
Head/Principal Name: SONIA MAGO","Address : UDASIN-ASHRAM, J.P.NAGAR, JALANDHAR PUNJAB
Website : www.swamisantdass.com"
817,"Aff. No. :1630082
Sch. Code:20077","State : PUNJAB
District : JALANDHAR",Senior Secondary Level,"Name : GURU AMAR DASS PUBLIC SCHOOL
Head/Principal Name: APARANA MEHTA","Address : MODEL TOWN JALLANDHAR CITY PUNJAB
Website : https://guruamardasspublicschool.in/"
818,"Aff. No. :1630110
Sch. Code:20118","State : PUNJAB
District : JALANDHAR",Senior Secondary Level,"Name : ST. THOMAS SCHOOL
Head/Principal Name: ANU SHIFALI","Address : P.O SURANUSSI DISTT JALANDHAR PUNJAB
Website : https://stsjal.in/"
819,"Aff. No. :1630127
Sch. Code:20120","State : PUNJAB
District : JALANDHAR",Senior Secondary Level,"Name : DESRAJ VADHERA DAV CENTENARY PUBLIC SCHOOL
Head/Principal Name: YOGESH GAMBHIR","Address : PHILLAUR DISTT. JALANDHAR PUNJAB
Website : www.drvdavphillaur.com"
820,"Aff. No. :1630090
Sch. Code:20085","State : PUNJAB
District : JALANDHAR",Senior Secondary Level,"Name : SHIV JYOTI PUBLIC SCHOOL
Head/Principal Name: PARVEEN SAILI","Address : DEEN DAYAL UPADHAYA NAGAR JALANDHAR CITY PUNJAB
Website : https://shivjyotipublicschool.com/"
821,"Aff. No. :1630115
Sch. Code:20111","State : PUNJAB
District : JALANDHAR",Senior Secondary Level,"Name : SADHU SINGH SHERGIL ACADEMY
Head/Principal Name: BHUPINDER SINGH GHAG","Address : MUKANDPUR JALLANDHAR PUNJAB
Website : http://ssshergillacademy.org/"
822,"Aff. No. :1630140
Sch. Code:20142","State : PUNJAB
District : JALANDHAR",Senior Secondary Level,"Name : HEMKUNT PUBLIC SCHOOL
Head/Principal Name: MANJOT KAUR","Address : PATHANKOT ROAD P.O.RAIPUR RASOOLPUR JALANDHAR PUNJAB
Website : www.hemkuntpublicschool.org"
823,"Aff. No. :1630027
Sch. Code:20023","State : PUNJAB
District : JALANDHAR",Senior Secondary Level,"Name : SETH HUKAM CHAND S D PUBLIC SCHOOL
Head/Principal Name: Mamta Bahl","Address : NEW PREM NAGAR SODAL ROAD JALANDHAR CITY PUNJAB
Website : www.sethhukumchandschool.com"
824,"Aff. No. :1630009
Sch. Code:20018","State : PUNJAB
District : JALANDHAR",Senior Secondary Level,"Name : DAYANAND MODEL SR SEC SCHOOL
Head/Principal Name: Dr SANTOSH KUMAR GAUTAM","Address : DAYANAND NAGAR JALANDHAR PUNJAB
Website : www.dmsdayanandnagar.org"
825,"Aff. No. :1630010
Sch. Code:20021","State : PUNJAB
District : JALANDHAR",Senior Secondary Level,"Name : APEEJAY SCHOOL
Head/Principal Name: YASHPAL SHARMA","Address : NEW JAWAHAR NAGAR MAHAVIR MARG JALANDHAR CITY PUNJAB
Website : www.apeejay.edu/jalandhar"
826,"Aff. No. :1630011
Sch. Code:20022","State : PUNJAB
District : JALANDHAR",Senior Secondary Level,"Name : MONTGOMERY GURU NANAK PUBLIC SCHOOL
Head/Principal Name: Kanwaljeet Singh Randhawa","Address : ADARSH NAGAR JALANDHAR CITY PUNJAB
Website : http://mgnadarshnagar.org"
827,"Aff. No. :1600041
Sch. Code:24561","State : PUNJAB
District : JALANDHAR",Senior Secondary Level,"Name : KENDRIYA VIDYALAYA
Head/Principal Name: BHUSHAN KUMAR","Address : CRPF, SARAI KHAS, JALANDHAR, PUNJAB
Website : https://saraikhascrpf.kvs.ac.in/"
828,"Aff. No. :1600038
Sch. Code:24557","State : PUNJAB
District : JALANDHAR",Senior Secondary Level,"Name : KENDRIYA VIDYALAYA NO-4
Head/Principal Name: SHASHIKANT","Address : HARDAYAL ROAD, JALANDHAR CANTT, PUNJAB
Website : https://no4jalandhar.kvs.ac.in"
829,"Aff. No. :1600021
Sch. Code:24542","State : PUNJAB
District : JALANDHAR",Senior Secondary Level,"Name : PM SHRI KENDRIYA VIDYALAYA NO. 3
Head/Principal Name: HARJINDER BHATIA","Address : JALANDHAR CANTT PUNJAB
Website : https://no3jalandhar.kvs.ac.in"
830,"Aff. No. :1600001
Sch. Code:24531","State : PUNJAB
District : JALANDHAR",Senior Secondary Level,"Name : PM SHRI KENDRIYA VIDYALAYA NO 1
Head/Principal Name: PUNAM RANI","Address : AIR FORCE STATION ADAMPUR DOABA JALANDHAR PUNJAB
Website : https://no1adampur.kvs.ac.in/"
831,"Aff. No. :1600004
Sch. Code:24534","State : PUNJAB
District : JALANDHAR",Senior Secondary Level,"Name : PM SHRI KENDRIYA VIDYALAYA NO 1
Head/Principal Name: Honey Mehta","Address : HARDYAL ROAD OPP G E EAST JALANDHAR CANTT PUNJAB
Website : www.no1jalandhar.kvs.ac.in"
832,"Aff. No. :1600005
Sch. Code:24533","State : PUNJAB
District : JALANDHAR",Senior Secondary Level,"Name : PM SHRI KENDRIYA VIDYALAYA NO 2
Head/Principal Name: RAVINDER KUMAR","Address : OPP DEFENCE CINEMA JALANDHAR CANTT PUNJAB
Website : https://no2jalandhar.kvs.ac.in"
833,"Aff. No. :1600014
Sch. Code:24530","State : PUNJAB
District : JALANDHAR",Senior Secondary Level,"Name : PM SHRI KENDRIYA VIDYALAYA
Head/Principal Name: Dr Palishah","Address : SURANUSSI JALANDHAR PUNJAB
Website : https://suranassi.kvs.ac.in/"
834,"Aff. No. :1600016
Sch. Code:24532","State : PUNJAB
District : JALANDHAR",Senior Secondary Level,"Name : PM SHRI KENDRIYA VIDYALAYA NO 2
Head/Principal Name: SUNITA","Address : AIR FORCE STATION ADAMPUR JALANDHAR PUNJAB
Website : https://no2adampur.kvs.ac.in/"
835,"Aff. No. :1631582
Sch. Code:23830","State : PUNJAB
District : JALANDHAR",Senior Secondary Level,"Name : JALANDHAR PUBLIC SCHOOL
Head/Principal Name: Sarbjeet Kaur","Address : MALSIAN ROAD, LOHIAN KHAS, JALANDHAR
Website : http://www.jpslohiankhas.com"
836,"Aff. No. :1631583
Sch. Code:23832","State : PUNJAB
District : JALANDHAR",Secondary Level,"Name : THE LANDMARK SCHOOL
Head/Principal Name: SONAM SHARMA","Address : VILLAGE BINPALKE NANGAL, ADAMPUR ROAD TEHSIL BHOGPUR, DISTRICT JALANDHAR PUNJAB 144201
Website : http://thelandmarkedu.com"
837,"Aff. No. :1631578
Sch. Code:23813","State : PUNJAB
District : JALANDHAR",Secondary Level,"Name : AGI GLOBAL SCHOOL
Head/Principal Name: AARTI SHARMA","Address : URBANA, JALANDHAR HEIGHTS II , 66 FEET ROAD, PHOLRIWAL
Website : https://agiglobalschool.com"
838,"Aff. No. :1631589
Sch. Code:23885","State : PUNJAB
District : JALANDHAR",Secondary Level,"Name : J D CENTRAL SCHOOL
Head/Principal Name: AJAY RAI","Address : MEHATPUR ROAD, VILLAGE ANGAKIRI, NAKODAR JALANDHAR
Website : HTTP://WWW.JDCENTRALSCHOOL.COM"
839,"Aff. No. :1631590
Sch. Code:23889","State : PUNJAB
District : JALANDHAR",Secondary Level,"Name : SANT PRANPAL SINGH CONVENT SCHOOL, BHOGPUR
Head/Principal Name: RAMINDER SHARMA","Address : V.P.O. RAJPUR, RAJPUR ROAD, BHOGPUR
Website : www.sppsconventschoolbhogpur.com"
840,"Aff. No. :1631561
Sch. Code:23793","State : PUNJAB
District : JALANDHAR",Secondary Level,"Name : ST. SOLDIER DIVINE PUBLIC SCHOOL
Head/Principal Name: Gurdeep Kaur","Address : MODEL HOUSE, GEETA COLONY, MODEL HOUSE, GEETA COLONY, MODEL HOUSE, GEETA COLONY
Website : www.ssdpsgeetacolony.in"
841,"Aff. No. :1631542
Sch. Code:23766","State : PUNJAB
District : JALANDHAR",Secondary Level,"Name : AKAL ACADEMY GHUGG
Head/Principal Name: MANDEEP KAUR","Address : VILL. GHUGG , P.O. PATTAR KALAN , TEH. KARTARPUR
Website : https://ghugg.akalacademy.ac.in/"
842,"Aff. No. :1631522
Sch. Code:23743","State : PUNJAB
District : JALANDHAR",Secondary Level,"Name : PODAR INTERNATIONAL SCHOOL
Head/Principal Name: ROHINI ROHIT GURUNG","Address : ANUP SINGH MINHAS ESTATE, , ADJOINING BLUEDART OFFICE, SUCHI PIND, JALANDHAR - AMRITSAR ROAD, JALANDHAR
Website : https://www.podareducation.org/school/jalandhar"
843,"Aff. No. :1631496
Sch. Code:23711","State : PUNJAB
District : JALANDHAR",Secondary Level,"Name : GURU HAR RAI SAHIB ACADEMY
Head/Principal Name: SATINDER SINGH","Address : POST- DAULATPUR DHADDA, THE-SHAHKOT
Website : www.guruharraisahibacademy.in"
844,"Aff. No. :1631494
Sch. Code:23709","State : PUNJAB
District : JALANDHAR",Secondary Level,"Name : RYAN INTERNATIONAL SCHOOL
Head/Principal Name: SHALINI KALIA MAHAJAN","Address : NAKODAR ROAD, JALANDHAR
Website : www.ryangroup.org/risnakodar"
845,"Aff. No. :1631480
Sch. Code:23693","State : PUNJAB
District : JALANDHAR",Senior Secondary Level,"Name : THE IMPERIAL SCHOOL
Head/Principal Name: Rajwinder Pal","Address : ADAMPUR, JALANDHAR
Website : www.theimperialschool.com"
846,"Aff. No. :1631474
Sch. Code:23687","State : PUNJAB
District : JALANDHAR",Secondary Level,"Name : INNOCENT HEARTS SCHOOL
Head/Principal Name: SHEETU KHANNA","Address : KAPURTHALA ROAD, JALANDHAR
Website : https://innocenthearts.in/innocent-hearts-kpt-road/"
847,"Aff. No. :1631461
Sch. Code:23671","State : PUNJAB
District : JALANDHAR",Secondary Level,"Name : ST.SOLDIER DIVINE PUBLIC SCHOOL
Head/Principal Name: Neena Kapoor","Address : BHAG GANDHARV SEN, NURMAHAL
Website : www.ssdpsnurmahal.in"
848,"Aff. No. :1631449
Sch. Code:23657","State : PUNJAB
District : JALANDHAR",Senior Secondary Level,"Name : APEEJAY SCHOOL
Head/Principal Name: DR RAJESH KUMAR CHANDEL","Address : NEAR GEETA MANDIR, MODEL TOWN
Website : https://www.apeejay.edu/modeltown"
849,"Aff. No. :1680023
Sch. Code:20019","State : PUNJAB
District : JALANDHAR",Senior Secondary Level,"Name : B S F SR SEC SCHOOL
Head/Principal Name: ZEENIA VADEHRA","Address : B S F CAMPUS JALANDHAR CANTT PUNJAB
Website : www.bsfschooljrc.com"
850,"Aff. No. :1631205
Sch. Code:21191","State : PUNJAB
District : JALANDHAR",Secondary Level,"Name : MAJOR INDER SINGH PUBLIC SCHOOL
Head/Principal Name: ANUPAM DOGRA","Address : V.P.O. MOTIPUR, TEHSIL SHAHKOT,DISST. JALANDHAR
Website :"
851,"Aff. No. :1631200
Sch. Code:21187","State : PUNJAB
District : JALANDHAR",Senior Secondary Level,"Name : SHRI GURU RAVIDASS PUBLIC SCHOOL
Head/Principal Name: SHILPA JOSHI","Address : SHRI GURU RAVIDASS PUBLIC SCHOOL,CHUHARWALI
Website : www.sgrdpublicschool.com"
852,"Aff. No. :1631230
Sch. Code:21220","State : PUNJAB
District : JALANDHAR",Senior Secondary Level,"Name : THE NOBEL SCHOOL
Head/Principal Name: RAVINDER KAUR","Address : VILLAGE BHATHE, KARTARPUR - KISHANGARH ROAD
Website : www.thenobelschooljal.in"
853,"Aff. No. :1631221
Sch. Code:21209","State : PUNJAB
District : JALANDHAR",Senior Secondary Level,"Name : GURU NANAK FOUNDATION GLOBAL SCHOOL
Head/Principal Name: Dr. Harleen Kaur","Address : URBAN ESTATE , PHASE-1
Website : www.gnfgsjalandhar.com"
854,"Aff. No. :1631134
Sch. Code:21124","State : PUNJAB
District : JALANDHAR",Senior Secondary Level,"Name : CAMBRIDGE INTERNATIONAL SCHOOL
Head/Principal Name: Sandhya Dewan","Address : PANDORI KHASS, NAKODAR, DISTT. JALANDHAR.
Website : www.cisnakodar.in"
855,"Aff. No. :1631119
Sch. Code:21108","State : PUNJAB
District : JALANDHAR",Senior Secondary Level,"Name : SRI CHAITANYA TECHNO SCHOOL
Head/Principal Name: RANJIT BHATIA","Address : ELDECO GREENS, NAKODAR ROAD, JALANDHAR
Website : https://srichaitanyaschool.net/"
856,"Aff. No. :1631160
Sch. Code:21149","State : PUNJAB
District : JALANDHAR",Secondary Level,"Name : A I INTERNATIONAL SCHOOL, UPPAL JAGIR, NURMAHAL NAKODAR ROAD, NURMAHAL, DIST. JALANDHAR.
Head/Principal Name: POOJA DHAND","Address : UPPAL JAGIR
Website : www.aiisschool.com"
857,"Aff. No. :1631170
Sch. Code:21152","State : PUNJAB
District : JALANDHAR",Senior Secondary Level,"Name : SOMERSET INTERNATIONAL SCHOOL
Head/Principal Name: VANITA CHADHA","Address : VILLAGE ABADAN, PO LAMBRA
Website : www.somersetinternationalschool.com"
858,"Aff. No. :1631326
Sch. Code:21367","State : PUNJAB
District : JALANDHAR",Senior Secondary Level,"Name : AKAL ACADEMY KAKRA KALAN
Head/Principal Name: Santosh Kumari","Address : AKAL ACADEMY KAKRA KALAN, VILLAGE NANGAL AMBIAN, POST OFFICE KOTLA SURAJ MAL, TEHSIL SHAHKOT, DISTRICT JALANDHAR, PUNJAB - 144703
Website : https://kakrakalan.akalacademy.ac.in/index.php"
859,"Aff. No. :1631324
Sch. Code:21364","State : PUNJAB
District : JALANDHAR",Senior Secondary Level,"Name : C T WORLD SCHOOL
Head/Principal Name: Arti Jaswal","Address : 66 FEET MAIN ROAD, NEAR CT INSTITUTIONS, V&PO UDOPUR
Website : http://ctworld.in/"
860,"Aff. No. :1631310
Sch. Code:21295","State : PUNJAB
District : JALANDHAR",Secondary Level,"Name : INNOCENT HEARTS SCHOOL
Head/Principal Name: SONALI MANOCHA","Address : CANTT.-JANDIALA ROAD, DIWALI, JALANDHAR
Website : https://innocenthearts.in/innocent-hearts-cantt-jandiala-roa"
861,"Aff. No. :1631307
Sch. Code:21300","State : PUNJAB
District : JALANDHAR",Senior Secondary Level,"Name : AKAL GALAXY CONVENT SCHOOL
Head/Principal Name: Amanpreet Kaur","Address : VILL- SIDHUPUR, LOHIAN KHAS, DISTT- JALANDHAR
Website : www.agcslohian.com"
862,"Aff. No. :1631436
Sch. Code:23640","State : PUNJAB
District : JALANDHAR",Senior Secondary Level,"Name : OXFORD SHINE INTERNATIONAL SCHOOL
Head/Principal Name: KARUNESH NANDA","Address : DISTT. JALANDHAR, 144416
Website : https://osisapra.com/"
863,"Aff. No. :1631373
Sch. Code:23613","State : PUNJAB
District : JALANDHAR",Senior Secondary Level,"Name : AKAL ACADEMY CHAK DESRAJ
Head/Principal Name: Pardeep Kaur","Address : AKAL ACADEMY CHAK DESRAJ, VPO CHAK DESRAJ, TEHSIL PHILLAUR, DISTRICT JALANDHAR (PUNJAB) - 141418
Website : https://chakdesraj.akalacademy.ac.in/"
864,"Aff. No. :1680003
Sch. Code:20020","State : PUNJAB
District : JALANDHAR",Senior Secondary Level,"Name : ARMY PUBLIC SCHOOL
Head/Principal Name: JYOTSANA HARJAI","Address : HOSHIRPUR ROAD, JALANDHAR CANTT, PUNJAB
Website : www.apsjalandhar.com"
865,"Aff. No. :1640012
Sch. Code:24512","State : PUNJAB
District : JALANDHAR",Senior Secondary Level,"Name : PM SHRI SCHOOL JAWAHAR NAVODAYA VIDYALAYA
Head/Principal Name: ARUN KUMAR","Address : TALWANDI MADHO JALANDHAR PUNJAB
Website : www.navodaya.gov.in/nvs/nvs-school/JALANDHAR/en/home"
866,"Aff. No. :1640007
Sch. Code:24505","State : PUNJAB
District : KAPURTHALA",Senior Secondary Level,"Name : JAWAHAR NAVODAYA VIDYALAYA
Head/Principal Name: GURPREET KAUR","Address : MASEETAN DISTT KAPURTHALA MASEETAN PO TIBBA PUNJAB
Website : https://navodaya.gov.in/nvs/nvs-school/Kapurthala/"
867,"Aff. No. :1670021
Sch. Code:24044","State : PUNJAB
District : KAPURTHALA",Senior Secondary Level,"Name : SRI GURU HARKRISHAN ADARSH SR. SEC. SCHOOL
Head/Principal Name: Pooja Shukla","Address : UCHA BET, P.O. SAIFLABA DISTT. KAPURTHALA, PUNJAB- 144804
Website : https://temp.ckdadarshucha.in/"
868,"Aff. No. :1680001
Sch. Code:20024","State : PUNJAB
District : KAPURTHALA",Senior Secondary Level,"Name : SAINIK SCHOOL
Head/Principal Name: Gp CaptI Manoj Menon","Address : DISTT KAPURTHALA PUNJAB
Website : https://www.sskapurthala.com"
869,"Aff. No. :1680017
Sch. Code:20191","State : PUNJAB
District : KAPURTHALA",Senior Secondary Level,"Name : ARMY PUBLIC SCHOOL
Head/Principal Name: Preety","Address : JALANDHAR ROAD KAPURTHALA CANTT. PUNJAB.
Website : www.apskpt.in"
870,"Aff. No. :1680013
Sch. Code:20102","State : PUNJAB
District : KAPURTHALA",Senior Secondary Level,"Name : ARMY PUBLIC SCHOOL
Head/Principal Name: DINESH KUMAR","Address : BEAS VILL.GODANA P.O.DHILWAN DISTT KAPURTHALA PUNJAB
Website : https://apsbeas.org/"
871,"Aff. No. :1631426
Sch. Code:23627","State : PUNJAB
District : KAPURTHALA",Senior Secondary Level,"Name : CAMBRIDGE INTERNATIONAL SCHOOL
Head/Principal Name: Rajbir Kaur Saini","Address : TALWANDI CHOUDHARIAN ROAD, SULTANPUR LODHI
Website : http://www.cambridgesultanpurlodhi.in/"
872,"Aff. No. :1631333
Sch. Code:21374","State : PUNJAB
District : KAPURTHALA",Secondary Level,"Name : NEW ERA INTERNATIONAL SCHOOL
Head/Principal Name: Anjali Madhok","Address : NEW ERA INTERNATIONAL SCHOOL ,RAZAPUR, KAPURTHALA(PUNJAB)
Website : www.newerainternationalkpt.in"
873,"Aff. No. :1631318
Sch. Code:21356","State : PUNJAB
District : KAPURTHALA",Senior Secondary Level,"Name : PREMJOT PUBLIC SR. SEC. SCHOOL
Head/Principal Name: SAPNA CHADHA","Address : AJITNAGAR,KAPURTHALA
Website : www.premjotpublicschool.com"
874,"Aff. No. :1631258
Sch. Code:21247","State : PUNJAB
District : KAPURTHALA",Senior Secondary Level,"Name : BRITISH VICTORIA SCHOOL
Head/Principal Name: SUNITA SABHARWAL","Address : GAZIPUR ROAD SULTANPUR LODHI DISTT: KAPURTHALA PIN CODE: 144626
Website : www.britishvictoriaschool.com"
875,"Aff. No. :1631238
Sch. Code:21227","State : PUNJAB
District : KAPURTHALA",Senior Secondary Level,"Name : G.D. GOENKA PUBLIC SCHOOL
Head/Principal Name: Hina Kumar","Address : 144601
Website : https://gdgoenkakapurthala.com/"
876,"Aff. No. :1631176
Sch. Code:21165","State : PUNJAB
District : KAPURTHALA",Secondary Level,"Name : ALPINE INTERNATIONAL PUBLIC SCHOOL
Head/Principal Name: Gurinder kaur","Address : VPO BHOLATH, KAPURTHALA
Website : www.alpineinternationalpublicschool.in"
877,"Aff. No. :1631110
Sch. Code:21099","State : PUNJAB
District : KAPURTHALA",Senior Secondary Level,"Name : PRITA LEE LESSON SCHOOL
Head/Principal Name: MEENAKSHI SYAL","Address : CIRCULAR ROAD
Website : www.pritaleelesson.com"
878,"Aff. No. :1631248
Sch. Code:21234","State : PUNJAB
District : KAPURTHALA",Senior Secondary Level,"Name : SRI GURU HARKRISHAN PUBLIC SENIOR SECONDARY SCHOOL
Head/Principal Name: RENU ARORA","Address : SULTANPUR LODHI, DISTT. KAPURTHALA.
Website : www.sriguruharkrishanpublicschool.com"
879,"Aff. No. :1631201
Sch. Code:21186","State : PUNJAB
District : KAPURTHALA",Senior Secondary Level,"Name : FALCON INTERNATIONAL SCHOOL
Head/Principal Name: PARVEEN KAUR","Address : FALCON INTERNATIONAL SCHOOL,SULTANPUR LODHI,(SAWAAL)
Website : www.falconinternationalschool.com"
880,"Aff. No. :1631197
Sch. Code:21182","State : PUNJAB
District : KAPURTHALA",Senior Secondary Level,"Name : SHISHU MODEL HIGH SCHOOL
Head/Principal Name: Sunil Sharma","Address : BHOLATH, DISTT. KAPURTHALA
Website : www.shishueducation.com"
881,"Aff. No. :1631198
Sch. Code:21184","State : PUNJAB
District : KAPURTHALA",Senior Secondary Level,"Name : ST.PETERS CONVENT SCHOOL
Head/Principal Name: SANJEEV KUMAR","Address : VILLAGE DIYAL BHARANG, FATEHGARH CHURIAN ROAD, TEHSIL AJNALA, DISTRICT AMRITSAR
Website : www.stpeterconventschool.com"
882,"Aff. No. :1631501
Sch. Code:23716","State : PUNJAB
District : KAPURTHALA",Secondary Level,"Name : AKAL ACADEMY MANDER DONA
Head/Principal Name: MANJIT KAUR MAHAL","Address : P.O. SANDHU CHATHA, TEHSIL & DISTRICT KAPURTHALA - 144625
Website : https://manderdona.akalacademy.ac.in/"
883,"Aff. No. :1631524
Sch. Code:23745","State : PUNJAB
District : KAPURTHALA",Secondary Level,"Name : THE HAWKWORLD SCHOOL
Head/Principal Name: Shveta Mehta","Address : VILLAGE TALWANDI CHAUDHARIAN, PO TALWANDI CHAUDHARIAN, TEHSIL SULTANPUR LODHI
Website : www.thehawkworldschool.com"
884,"Aff. No. :1631547
Sch. Code:23771","State : PUNJAB
District : KAPURTHALA",Secondary Level,"Name : AKAL ACADEMY DHALIWAL BET
Head/Principal Name: Sarbjit Kaur","Address : NEAR DHILWAN RAILWAY STATION, V.P.O. DHALIWAL BET, TEHSIL DHILWAN
Website : https://dhaliwalbait.akalacademy.ac.in/"
885,"Aff. No. :1600032
Sch. Code:24551","State : PUNJAB
District : KAPURTHALA",Senior Secondary Level,"Name : PM SHRI KENDRIYA VIDYALAYA
Head/Principal Name: ANIL KUMAR DHIMAN","Address : KAPURTHALA CANTT PUNJAB
Website : https://kapurthalacantt.kvs.ac.in/"
886,"Aff. No. :1600033
Sch. Code:24554","State : PUNJAB
District : KAPURTHALA",Senior Secondary Level,"Name : PM SHRI KENDRIYA VIDYALYA
Head/Principal Name: ROSY SHARMA","Address : R C F HUSSAIN PUR (KPT) KAPURTHALA PUNJAB
Website : https://no1hussainpur.kvs.ac.in/"
887,"Aff. No. :1600040
Sch. Code:24560","State : PUNJAB
District : KAPURTHALA",Senior Secondary Level,"Name : PM SHRI KENDRIYA VIDYALAYA NO.2
Head/Principal Name: KULWINDER KUMAR GHERRA","Address : RCF, HUSSAINPUR, KAPURTHALA, PUNJAB-144602
Website : www.no2hussainpur.kvs.ac.in"
888,"Aff. No. :1630132
Sch. Code:20132","State : PUNJAB
District : KAPURTHALA",Senior Secondary Level,"Name : S D MODEL SENIOR SECONDARY SCHOOL
Head/Principal Name: KARANJIT SINGH","Address : SULTANPUR LODHI DISTT. KAPURTHALA PUNJAB
Website : https://sdmsschool.com/"
889,"Aff. No. :1630142
Sch. Code:20130","State : PUNJAB
District : KAPURTHALA",Senior Secondary Level,"Name : GURU NANAK PREM KARAMSAR PUBLIC SCHOOL
Head/Principal Name: DALVIR KAUR","Address : NADALA, DISTT KAPURTHALA PUNJAB
Website : www.gnpkspublicschool.com"
890,"Aff. No. :1630146
Sch. Code:20140","State : PUNJAB
District : KAPURTHALA",Senior Secondary Level,"Name : DHILWAN INTERNATIONAL PUBLIC SCHOOL
Head/Principal Name: PANKAJ CHOPRA","Address : DHILWAN KAPURTHALA DISTT PUNJAB
Website : http://dipsdhilwan.in"
891,"Aff. No. :1630098
Sch. Code:20093","State : PUNJAB
District : KAPURTHALA",Senior Secondary Level,"Name : ANAND PUBLIC SCHOOL
Head/Principal Name: ARVINDER SINGH SEKHON","Address : MANDI ROAD KAPURTHALA PUNJAB
Website : https://anandpublicschool.org"
892,"Aff. No. :1630198
Sch. Code:20208","State : PUNJAB
District : KAPURTHALA",Senior Secondary Level,"Name : ST. SOLDIER DIVINE PUBLIC SCHOOL
Head/Principal Name: MEGHA JAIN","Address : HADIABAD (PHAGWARA) DISTRICT KAPURTHALA PUNJAB
Website : www.ssdpshadiabad.in"
893,"Aff. No. :1630216
Sch. Code:20205","State : PUNJAB
District : KAPURTHALA",Senior Secondary Level,"Name : KULWANT RAI DAV PUB SCHOOL
Head/Principal Name: SONALI SHARMA","Address : DEFENCE CLY KAPURTHALA PUNJAB
Website : www.davkapurthala.co.in"
894,"Aff. No. :1630138
Sch. Code:20125","State : PUNJAB
District : KAPURTHALA",Senior Secondary Level,"Name : MONTGOMERY GURU NANAK PUBLIC SCHOOL
Head/Principal Name: PARWINDER WALIA","Address : THE MALL ,KAPURTHALA
Website : https://www.mgnkapurthala.in"
895,"Aff. No. :1630252
Sch. Code:20243","State : PUNJAB
District : KAPURTHALA",Senior Secondary Level,"Name : B S T SCHOOL
Head/Principal Name: GURSEWAK SINGH BAL","Address : BEHARIPUR DISTT KAPURTHALA PUNJAB
Website : www.bstbeharipur.com"
896,"Aff. No. :1630261
Sch. Code:20254","State : PUNJAB
District : KAPURTHALA",Senior Secondary Level,"Name : SAFFRON PUBLIC SCHOOL
Head/Principal Name: SANDEEPA SOOD","Address : KHOTRAN ROAD, PHAGWARA, DISTT KAPURTHALA PUNJAB
Website : www.saffronschool.com"
897,"Aff. No. :1630286
Sch. Code:20277","State : PUNJAB
District : KAPURTHALA",Senior Secondary Level,"Name : SWAMI SANT DASS PUBLIC SCHOOL
Head/Principal Name: Anju Mehta","Address : PHAGWARA DISTT KAPURTHALA PUNJAB
Website : www.ssdpsphg.com"
898,"Aff. No. :1630321
Sch. Code:20313","State : PUNJAB
District : KAPURTHALA",Senior Secondary Level,"Name : SANT SARWAN DASS MODEL SCHOOL
Head/Principal Name: Babita Saini","Address : HADIABAD PHAGWARA DISTT KAPURTHALA PUNJAB
Website : www.ssdmsphgwara.com"
899,"Aff. No. :1630327
Sch. Code:20296","State : PUNJAB
District : KAPURTHALA",Senior Secondary Level,"Name : LITTLE ANGEL CO-ED SCHOOL
Head/Principal Name: INDERJIT KAUR GILL","Address : 61/2 BABAPIR CHOWDHARY ROAD KAPURTHALA PUNJAB
Website : https://littleangelskpt.in/"
900,"Aff. No. :1630328
Sch. Code:20306","State : PUNJAB
District : KAPURTHALA",Senior Secondary Level,"Name : BAWA LALVANI PUBLIC SCHOOL
Head/Principal Name: Ekta Dhawan","Address : GURU KRIPA COMPLEX NO 1 JALANDHAR ROAD KAPURTHALA PUNJAB
Website : www.blps.edu.in"
901,"Aff. No. :1630310
Sch. Code:20304","State : PUNJAB
District : KAPURTHALA",Secondary Level,"Name : OLIVER PUBLIC SCHOOL
Head/Principal Name: NIDHI SANGOTRA","Address : DEFENCE COLONY NEAR BABA PIR CHOUDHARY KAPURTHALA PUNJAB
Website :"
902,"Aff. No. :1630345
Sch. Code:20334","State : PUNJAB
District : KAPURTHALA",Senior Secondary Level,"Name : SACRED HEART PUBLIC SCHOOL
Head/Principal Name: SHWETA CHOPRA","Address : SUBHANPUR ROAD NEAR AMRITSAR OCTORI KAPURTHALA PUNJAB
Website : www.sacredheartschoolkpt.com"
903,"Aff. No. :1630364
Sch. Code:20354","State : PUNJAB
District : KAPURTHALA",Senior Secondary Level,"Name : G D R CONVENT SCHOOL
Head/Principal Name: MADHVI RANI","Address : VILL BIR DHANDOLI PO RAWALPINDI HOSHIARPUR ROAD PHAGWARA, KAPURTHALA PUNJAB
Website : www.gdrinstitutes.com/"
904,"Aff. No. :1630445
Sch. Code:20432","State : PUNJAB
District : KAPURTHALA",Senior Secondary Level,"Name : KAMLA NEHRU PUBLIC SCHOOL
Head/Principal Name: CHARU CHHABRA","Address : CHAK HAKIM, PHAGWARA, DISTT KAPURTHALA, PUNJAB 144402
Website : www.kamlanehrupublicschool.com"
905,"Aff. No. :1630501
Sch. Code:20491","State : PUNJAB
District : KAPURTHALA",Senior Secondary Level,"Name : DIVINE PUBLIC SCHOOL
Head/Principal Name: RENU THAKUR","Address : G.T. ROAD, CHCACHOKI, KAPTHALLA, PHAGWARA, PUNJAB
Website : www.divinepublicschool.net"
906,"Aff. No. :1630502
Sch. Code:20492","State : PUNJAB
District : KAPURTHALA",Senior Secondary Level,"Name : DIPS SCHOOL
Head/Principal Name: DEEPTI KAUSHAL","Address : NADALI ROAD, BEGOWAL, DISTT KAPURTHALA, PUNJAB
Website : www.dipsbegowal.in"
907,"Aff. No. :1630458
Sch. Code:20443","State : PUNJAB
District : KAPURTHALA",Senior Secondary Level,"Name : SRI GURU HARIKRISHAN PUBLIC SCHOOL
Head/Principal Name: DIMPAL SHARMA","Address : OPP. R.C.F., KAPURTHALA, PUNJAB
Website : www.sriguruharkrishanpublicschoolrcf.com"
908,"Aff. No. :1630475
Sch. Code:20457","State : PUNJAB
District : KAPURTHALA",Senior Secondary Level,"Name : SANT PRANPAL SINGH CONVENT SCHOOL
Head/Principal Name: DAMINI SHARMA","Address : BEGOWAL (BHOGPUR ROAD), DISTT KAPURTHALA, PUNJAB
Website : www.sppsconventschool.org"
909,"Aff. No. :1630548
Sch. Code:20532","State : PUNJAB
District : KAPURTHALA",Secondary Level,"Name : SPRINGDALES PUBLIC SCHOOL
Head/Principal Name: DEEPALI NANDA","Address : GOINDWAL ROAD , NEAR OCTROI POST , KAPURTHALA
Website : www.springdaleskapurthala.com"
910,"Aff. No. :1630551
Sch. Code:20537","State : PUNJAB
District : KAPURTHALA",Senior Secondary Level,"Name : SHRI GURU TEGH BAHADUR INTERNATIONAL SR. SEC. SCHOOL
Head/Principal Name: SARBJIT KAUR","Address : AJIT NAGAR,
Website : www.gtbschool.com"
911,"Aff. No. :1630723
Sch. Code:20703","State : PUNJAB
District : KAPURTHALA",Senior Secondary Level,"Name : CAMBRIDGE INTERNATIONAL SCHOOL
Head/Principal Name: JORAWAR SINGH","Address : PALAHI ROAD
Website : www.cisphagwara.com"
912,"Aff. No. :1630735
Sch. Code:20811","State : PUNJAB
District : KAPURTHALA",Senior Secondary Level,"Name : AKAL GALAXY CONVENT SCHOOL
Head/Principal Name: Mona Ghai","Address : VILL ALLADADCHACK , P.O. SARAIN JATTAN, TEHSIL SULTANPURLODHI , DITRICT KAPURTHALA
Website : https://www.agcssultanpurlodhi.com/"
913,"Aff. No. :1630739
Sch. Code:20721","State : PUNJAB
District : KAPURTHALA",Senior Secondary Level,"Name : OXFORD INTERNATIONAL SCHOOL
Head/Principal Name: YUKTI DOGRA","Address : HARSIMRAN ENCLAVE , BHOLATH KAPURTHALA
Website : www.oxfordschoolbegowal.in"
914,"Aff. No. :1630685
Sch. Code:20668","State : PUNJAB
District : KAPURTHALA",Senior Secondary Level,"Name : GURU AMAR DASS PUBLIC SCHOOL
Head/Principal Name: SAKSHI CHOPRA","Address : VILLAGE: UCHA BET, POST OFFICE: SAIFLABAD, TEHSIL & DISTRICT : KAPURTHALA (PUNJAB)
Website : www.gadps.in"
915,"Aff. No. :1630689
Sch. Code:20676","State : PUNJAB
District : KAPURTHALA",Senior Secondary Level,"Name : LORD MAHAVIRA JAIN PUBLIC SCHOOL
Head/Principal Name: ROMA DULLAT","Address : SHAHEED BHAGAT SINGH NAGAR, SCHEME NO.3, HOSHIARPUR ROAD, PHAGWARA
Website : http://lmjpsphagwara.org"
916,"Aff. No. :1630756
Sch. Code:20735","State : PUNJAB
District : KAPURTHALA",Senior Secondary Level,"Name : SAHIBZADA ZORAWAR SINGH PUBLIC SCHOOL
Head/Principal Name: Parminder Kaur","Address : SAHIBZADA ZORAWAR SINGH PUBLIC SCHOOL
Website : www.szsps.co.in"
917,"Aff. No. :1630747
Sch. Code:20724","State : PUNJAB
District : KAPURTHALA",Senior Secondary Level,"Name : DIPS SCHOOL
Head/Principal Name: manpreet kaur bhogal","Address : JALANDHAR ROAD, NEAR URBAN ESTATE,
Website : www.dipskpt.in"
918,"Aff. No. :1630768
Sch. Code:20751","State : PUNJAB
District : KAPURTHALA",Secondary Level,"Name : BKJS APPLE ORCHARD SCHOOL
Head/Principal Name: Inderjeet Kaur","Address : CHAHAL NAGAR
Website : http://www.bkjappleorchard.com"
919,"Aff. No. :1630898
Sch. Code:20893","State : PUNJAB
District : KAPURTHALA",Senior Secondary Level,"Name : LORD KRISHNA INTERNATIONAL SCHOOL
Head/Principal Name: MONIKA SINGH","Address : VILL. DERA SAIDAN , SULTANPURLODHI
Website : www.lkcedu.in"
920,"Aff. No. :1630938
Sch. Code:20922","State : PUNJAB
District : KAPURTHALA",Senior Secondary Level,"Name : B.C.S INTERNATIONAL SCHOOL
Head/Principal Name: SHELLY AERY SHARMA","Address : VILL. KHALWARA, PO.DHAK PANDORI, TEH. PHAGWARA, DISTT. KAPURTHALA
Website : www.bcsinternationalschool.info"
921,"Aff. No. :1630932
Sch. Code:20931","State : PUNJAB
District : KAPURTHALA",Senior Secondary Level,"Name : AKAL ACADEMY
Head/Principal Name: Sonu Sharma","Address : VPO RAIPUR PEER BAKSH WALA, TEHSIL BHOLATH, DISTRICT KAPURTHALA (PUNJAB) - 144819
Website : https://rpbwala.akalacademy.ac.in"
922,"Aff. No. :1630943
Sch. Code:20929","State : PUNJAB
District : KAPURTHALA",Senior Secondary Level,"Name : SANTOOR INTERNATIONAL PUBLIC SCHOOL
Head/Principal Name: JYOTI VERMA","Address : V.P.O. MADHOPUR, TEHSIL. PHAGWARA, DISTT. KAPURTHALA
Website : www.schoolsantoor.com"
923,"Aff. No. :1631015
Sch. Code:21003","State : PUNJAB
District : KAPURTHALA",Secondary Level,"Name : SPS INTERNATIONAL SCHOOL
Head/Principal Name: Vipul Malhotra","Address : NEAR DERA SANT PREM SINGH JI, V&P.O.-BEGOWAL
Website : www.spsinternationalschool.in"
924,"Aff. No. :1631062
Sch. Code:21057","State : PUNJAB
District : KAPURTHALA",Senior Secondary Level,"Name : GURU HARGOBIND PUBLIC SCHOOL
Head/Principal Name: MANPREET KAUR","Address : VPO NADALA, KAPURTHALA
Website : www.Guruhargobindpublicschoolnadala.in"
925,"Aff. No. :1631044
Sch. Code:21039","State : PUNJAB
District : KAPURTHALA",Senior Secondary Level,"Name : SRI GURU HARKRISHAN PUBLIC SCHOOL,URBAN ESTATE KAPURTHALA
Head/Principal Name: Sumanjeet Kaur","Address : PLOT NO. 2387, NEAR GURDWARA SAHIB, URBAN ESTATE
Website : www.sghpskapurthala.edu.in"
926,"Aff. No. :1631041
Sch. Code:21031","State : PUNJAB
District : KAPURTHALA",Senior Secondary Level,"Name : CAMBRIDGE INTERNATIONAL SCHOOL
Head/Principal Name: Aarti Dada","Address : SUBHANPUR ROAD,
Website : https://ciskapurthala.com/"
927,"Aff. No. :1631038
Sch. Code:21032","State : PUNJAB
District : LUDHIANA",Senior Secondary Level,"Name : SATGURU PARTAP SINGH ACADEMY
Head/Principal Name: CHARANJEET SINGH","Address : VPO SRI BHAINI SAHIB
Website : www.spsa.ac.in"
928,"Aff. No. :1631043
Sch. Code:21030","State : PUNJAB
District : LUDHIANA",Senior Secondary Level,"Name : KALGIDHAR ACADEMY SENIOR SECONDARY SCHOOL DUGRI
Head/Principal Name: BHUPINDERJIT KAUR","Address : VILL. DUGRI, TEH. PAYAL, PO RAJGARH, DISTT. LUDHIANA-141421 (PUNJAB), INDIA
Website : www.kalgidharacademy.com"
929,"Aff. No. :1631046
Sch. Code:21037","State : PUNJAB
District : LUDHIANA",Senior Secondary Level,"Name : NANKANA SAHIB PUBLIC SENIOR SECONDARY SCHOOL ISRU
Head/Principal Name: Neha Dhall","Address : VPO ISRU
Website : www.nspsisru.com"
930,"Aff. No. :1631064
Sch. Code:21051","State : PUNJAB
District : LUDHIANA",Senior Secondary Level,"Name : NANKANA SAHIB SEN. SEC. PUBLIC SCHOOL,FATEHGRAH JATTAN,DISTT. LUDHIANA
Head/Principal Name: DEEPALI","Address : VILLAGE FATEHGARH JATTAN P.O. RATTANGARH TEHSIL & DISTRICT LUDHIANA
Website : www.nspsfgjattan.com"
931,"Aff. No. :1631061
Sch. Code:21055","State : PUNJAB
District : LUDHIANA",Senior Secondary Level,"Name : NANKANA SAHIB SENIOR SECONDARY PUBLIC SCHOOL
Head/Principal Name: PRABHJOT KAUR","Address : VPO KOT GANGU RAI
Website : www.nspskgr.com"
932,"Aff. No. :1631050
Sch. Code:21044","State : PUNJAB
District : LUDHIANA",Senior Secondary Level,"Name : PUNJAB PUBLIC SEN. SEC. SCHOOL
Head/Principal Name: SUMANDEEP KAUR","Address : VILLAGE RUPALON,TEHSIL SAMRALA,DISTT. LUDHIANA
Website : www.punjabpublicschool.co.in"
933,"Aff. No. :1631081
Sch. Code:21083","State : PUNJAB
District : LUDHIANA",Senior Secondary Level,"Name : EVEREST PUBLIC SENIOR SECONDARY SCHOOL
Head/Principal Name: POONAM SHARMA","Address : MOTI NAGAR, LUDHIANA
Website : https://everestludhiana.com"
934,"Aff. No. :1631078
Sch. Code:21080","State : PUNJAB
District : LUDHIANA",Senior Secondary Level,"Name : AKAL ACADEMY JANDIALI
Head/Principal Name: NAVJOT KAUR","Address : VPO JANDIALI, TEH. SAHNEWAL, VIA KOHARA, LUDHIANA (PUNJAB)
Website : https://jandiali.akalacademy.ac.in/"
935,"Aff. No. :1631011
Sch. Code:20997","State : PUNJAB
District : LUDHIANA",Senior Secondary Level,"Name : ATAM PUBLIC SR. SEC. SCHOOL
Head/Principal Name: BANDANA SETHI","Address : ATAM PUBLIC SR. SEC. SCHOOL, ATAM NAGAR, LUDHIANA
Website : www.atamschoolldh.com"
936,"Aff. No. :1631022
Sch. Code:21012","State : PUNJAB
District : LUDHIANA",Senior Secondary Level,"Name : MAHANT LACHHMAN DASS SEN. SEC. SCHOOL, TALWANDI KALAN (LDH.)
Head/Principal Name: Baldev Dass Bawa","Address : TALWANDI KALAN
Website : www.mldschool.co.in"
937,"Aff. No. :1631024
Sch. Code:21016","State : PUNJAB
District : LUDHIANA",Senior Secondary Level,"Name : INDUS WORLD SCHOOL
Head/Principal Name: Sukhvinder Kaur","Address : RAJGADH ESTATES, CANAL ROAD
Website : https://rajgadhindusschool.com/"
938,"Aff. No. :1630974
Sch. Code:20961","State : PUNJAB
District : LUDHIANA",Senior Secondary Level,"Name : NANKANA SAHIB PUBLIC SENIOR SECONDARY SCHOOL BUDHEWAL
Head/Principal Name: AMARDEEP KAUR GILL","Address : V.PO. BUDHEWAL
Website : www.nspsbudhewal.com"
939,"Aff. No. :1630977
Sch. Code:20973","State : PUNJAB
District : LUDHIANA",Secondary Level,"Name : SHRI ATAM VALLABH JAIN PUBLIC SCHOOL
Head/Principal Name: Dr. Anu Puri","Address : HUSSAINPURA, OPP. HOTEL AMALTAS, G.T. ROAD (WEST)
Website : https://savjainpublicschool.in"
940,"Aff. No. :1630983
Sch. Code:20978","State : PUNJAB
District : LUDHIANA",Secondary Level,"Name : ADARSH PUBLIC SCHOOL
Head/Principal Name: AMITA BANSAL","Address : KAPIL PARK, OPP.PINK FLATS,RAJPURA ROAD, HAIBOWAL KHURD
Website : www.adarshpublicschoolludhiana.com"
941,"Aff. No. :1630984
Sch. Code:21009","State : PUNJAB
District : LUDHIANA",Secondary Level,"Name : GURU GOBIND SINGH ACADEMY
Head/Principal Name: ANJU BALA","Address : VILLAGE MULLANPUR, KAILPUR ROAD, SUB TEHSIL MULLANPUR DAKHA, DISTT. LUDHIANA
Website :"
942,"Aff. No. :1630993
Sch. Code:20983","State : PUNJAB
District : LUDHIANA",Senior Secondary Level,"Name : G.A.D ACADEMY
Head/Principal Name: SUNITA KUMARI","Address : VILLAGE LADHIAN KHURD, POST OFFICE - BAGGA KHURD
Website : www.gadacademy.in"
943,"Aff. No. :1630955
Sch. Code:20954","State : PUNJAB
District : LUDHIANA",Secondary Level,"Name : D.G.S.G PUBLIC SCHOOL
Head/Principal Name: RAJNI ANGRISH","Address : ST NO 11,NEAR GURUDWARA ARJUN DEV JI, GILL CANAL,SHIMLAPURI
Website : www.dgsgpublicschool.com"
944,"Aff. No. :1630952
Sch. Code:20942","State : PUNJAB
District : LUDHIANA",Senior Secondary Level,"Name : HOWARD LANE SENIOR SCHOOL
Head/Principal Name: DEEPAK CHOPRA","Address : RAHON ROAD, MACHHIWARA SAMRALA LUDHIANA
Website : www.howardlaneseniorschool.com"
945,"Aff. No. :1630899
Sch. Code:20894","State : PUNJAB
District : LUDHIANA",Senior Secondary Level,"Name : PLANET E SCHOOL
Head/Principal Name: RAKESH THAKUR","Address : VILLAGE SALUDI, KHANNA SAMRALA ROAD, TEHSIL SAMRALA, DISTT/ LUDHIANA, PUNJAB-141401
Website : www.planete.co.in"
946,"Aff. No. :1630900
Sch. Code:20895","State : PUNJAB
District : LUDHIANA",Secondary Level,"Name : SAINT BIR-SANTOSH PUBLIC SCHOOL
Head/Principal Name: Sanntosh Bkshi","Address : ANSAL BACHITTAR ENCLAVE,BHAMIAN ROAD,LUDHIANA
Website : www.saintbirsantoshpublicschool.com"
947,"Aff. No. :1630901
Sch. Code:20920","State : PUNJAB
District : LUDHIANA",Secondary Level,"Name : RYAN INTERNATIONAL SCHOOL
Head/Principal Name: SWATI BHUTANI","Address : URBAN ESTATE, PHASE-II, DUGRI
Website : www.ryaninternational.org/risdugri"
948,"Aff. No. :1630908
Sch. Code:20900","State : PUNJAB
District : LUDHIANA",Senior Secondary Level,"Name : TEJAS PUBLIC SCHOOL
Head/Principal Name: Dr. Balwinder Kaur","Address : SIDHWAN KHURD LINK ROAD, VILLAGE CHAUKIMAN
Website : www.tejaspublicschool.in"
949,"Aff. No. :1630920
Sch. Code:20913","State : PUNJAB
District : LUDHIANA",Senior Secondary Level,"Name : GHG ACADEMY
Head/Principal Name: NEENA","Address : VPO- KHANDOOR, DISTT. LUDHIANA
Website : www.ghgacademyjagraon.com/Khandoor"
950,"Aff. No. :1630924
Sch. Code:20921","State : PUNJAB
District : LUDHIANA",Secondary Level,"Name : WAHE GURU PUBLIC SCHOOL
Head/Principal Name: BALJEET KAUR","Address : VILLAGE PAMAL, LALTON ROAD, DISTT. LUDHIANA
Website : http://www.wps.org.in"
951,"Aff. No. :1630862
Sch. Code:20838","State : PUNJAB
District : LUDHIANA",Senior Secondary Level,"Name : GURU NANAK INTERNATIONAL SCHOOL,HALWARA
Head/Principal Name: NARINDER KAUR","Address : PAKHOWAL ROAD,HALWARA,TEH. RAIKOT, DIST LUDHIANA
Website : http://www.gnishalwara.in"
952,"Aff. No. :1630867
Sch. Code:20875","State : PUNJAB
District : LUDHIANA",Senior Secondary Level,"Name : SPRING DEW PUBLIC SCHOOL
Head/Principal Name: REENA RANI","Address : G.T. ROAD NANAKSAR , TEHSIL JAGRAON DISTRICT LUDHIANA
Website : www.springdew.in"
953,"Aff. No. :1630884
Sch. Code:20852","State : PUNJAB
District : LUDHIANA",Senior Secondary Level,"Name : POLICE DAV PUBLIC SCHOOL,
Head/Principal Name: Dr Anu Verma","Address : POLICE LINE, CIVIL LINES
Website : www.policedavldh.org"
954,"Aff. No. :1630829
Sch. Code:20844","State : PUNJAB
District : LUDHIANA",Senior Secondary Level,"Name : ST.MOTHER TERESA PUBLIC SCHOOL,KHANNA
Head/Principal Name: Anju Bhatia","Address : OPP.A.S COLLEGE , SAMRALA ROAD
Website : www.mtpskhanna.com"
955,"Aff. No. :1630830
Sch. Code:20886","State : PUNJAB
District : LUDHIANA",Senior Secondary Level,"Name : ROOP VATIKA
Head/Principal Name: VIMMI THAKUR","Address : NR. SHANI MANDIR, GAUSHALA ROAD, JAGRAON, LUDHIANA,
Website : www.roopvatika.in"
956,"Aff. No. :1630788
Sch. Code:20762","State : PUNJAB
District : LUDHIANA",Senior Secondary Level,"Name : BABA SHRI CHAND PUBLIC SCHOOL
Head/Principal Name: Gurjinder Kaur","Address : BABA SHRI CHAND PUBLIC SCHOOL ,NURPURA P.O HALWARA TEH. RAEKOT DISTT . LUDHIANA
Website : https://bscpublicschool.com/"
957,"Aff. No. :1630833
Sch. Code:20873","State : PUNJAB
District : LUDHIANA",Senior Secondary Level,"Name : TAGORE PUBLIC SCHOOL
Head/Principal Name: SARABJEET SINGH","Address : V.P.O.BIRMI, LUDHIANA
Website : www.tpsbirmi.com"
958,"Aff. No. :1630839
Sch. Code:20819","State : PUNJAB
District : LUDHIANA",Senior Secondary Level,"Name : S.SOBHA SINGH PUBLIC SCHOOL,RAIKOT
Head/Principal Name: Kavita Sharma","Address : NEAR MEHAK PALACE LUDHIANA ROAD RAIKOT
Website : https://ssspublicschoolraikot.in"
959,"Aff. No. :1630855
Sch. Code:20841","State : PUNJAB
District : LUDHIANA",Senior Secondary Level,"Name : ST. FRANCIS SCHOOL
Head/Principal Name: Violet","Address : BHAMIAN KALAN , P.O. MUNDIAN KALAN
Website : www.stfrancisschoolldh.org"
960,"Aff. No. :1630850
Sch. Code:20827","State : PUNJAB
District : LUDHIANA",Senior Secondary Level,"Name : S.G.N.D. CONVENT SCHOOL ANDLU
Head/Principal Name: RAJWINDER KAUR","Address : VILLAGE ANDLU , VIA PAKHOWAL
Website : www.sgndcschool.com"
961,"Aff. No. :1630769
Sch. Code:20746","State : PUNJAB
District : LUDHIANA",Senior Secondary Level,"Name : ATAM VIDYA MANDIR SCHOOL
Head/Principal Name: ANJU BALA","Address : KANECH CHOWK GURU GOBIND SINGH MARG G.T ROAD
Website : www.avmschoolldh.com"
962,"Aff. No. :1630766
Sch. Code:20750","State : PUNJAB
District : LUDHIANA",Senior Secondary Level,"Name : GMT INTERNATIONAL PUBLIC SCHOOL
Head/Principal Name: AMARJIT DHALIWAL","Address : KAKOWAL ROAD, NEAR VENUS GARMENT FACTORY, LUDHIANA
Website : www.gmtInternationalschool@com"
963,"Aff. No. :1630763
Sch. Code:20748","State : PUNJAB
District : LUDHIANA",Senior Secondary Level,"Name : SRI CHAITANYA TECHNO SCHOOL
Head/Principal Name: mankawal kaur duggal","Address : PRIYA COLONY, RAHON ROAD, LUDHIANA
Website : https://srichaitanyaschool.net"
964,"Aff. No. :1630774
Sch. Code:20779","State : PUNJAB
District : LUDHIANA",Senior Secondary Level,"Name : BHARTIYA VIDYA MANDIR SR. SEC. SCHOOL
Head/Principal Name: PAWAN SOOD","Address : SHAHEED UDHAM SINGH NAGAR, LUDHIANA
Website : www.bvmusn.com"
965,"Aff. No. :1630775
Sch. Code:20778","State : PUNJAB
District : LUDHIANA",Senior Secondary Level,"Name : MAX ARTHUR MACAULIFFE PUBLIC SCHOOL
Head/Principal Name: Monica","Address : VILL BONDLI CHANIDGARH ROAD SAMRALA
Website : www.mampublicschool.com"
966,"Aff. No. :1630776
Sch. Code:20780","State : PUNJAB
District : LUDHIANA",Senior Secondary Level,"Name : VARDHMAN INTERNATIONAL PUBLIC SCHOOL
Head/Principal Name: Dr. Anima Jain","Address : AKME TOWNSHIP, VILL JANDIALI, CHANDIGARH ROAD. LUDHIANA.
Website : www.vipsldh.com"
967,"Aff. No. :1630753
Sch. Code:20733","State : PUNJAB
District : LUDHIANA",Senior Secondary Level,"Name : BABA ISHER SINGH (N) SR. SEC. PUBLIC SCHOOL
Head/Principal Name: Rupali Kataria","Address : D-BLOCK, BRS NAGAR, LUDHIANA
Website : www.bisnpsludhiana.com"
968,"Aff. No. :1630791
Sch. Code:20810","State : PUNJAB
District : LUDHIANA",Senior Secondary Level,"Name : BABA ISHER SINGH BABA KUNDAN SINGH (NANAKSAR) PUBLIC SCHOOL
Head/Principal Name: Palwinder Singh Cheema","Address : VILLAGE & P/O JHORARAN TEHSIL RAIKOT, DISTRICT LUDHIANA
Website : www.bisbksschool.com"
969,"Aff. No. :1630802
Sch. Code:20799","State : PUNJAB
District : LUDHIANA",Senior Secondary Level,"Name : SHRI GURU RAM RAI PUBLIC SCHOOL
Head/Principal Name: SUNIL CHANDRA","Address : NEW SHIVPURI ROAD, SEKHEWL, LUDHIANA, PUNJAB
Website : http://www.sgrrsekhewal.com//"
970,"Aff. No. :1630814
Sch. Code:20803","State : PUNJAB
District : LUDHIANA",Senior Secondary Level,"Name : SRI GURU HARKRISHAN PUBLIC SCHOOL
Head/Principal Name: Navdeep Kaur","Address : MODEL TOWN EXTENSION-D, DUGRI ROAD
Website : www.sghpsldh.in"
971,"Aff. No. :1630673
Sch. Code:20655","State : PUNJAB
District : LUDHIANA",Senior Secondary Level,"Name : BAL BHARATI PUBLIC SCHOOL
Head/Principal Name: ASHISH SAWHNEY","Address : PHASE 2, URBAN ESTATE, DUGRI
Website : htts://bbpsldh.balbharati.org"
972,"Aff. No. :1630742
Sch. Code:20729","State : PUNJAB
District : LUDHIANA",Senior Secondary Level,"Name : DELHI PUBLIC SCHOOL, KHANNA
Head/Principal Name: SUSHMITA KANUNGO","Address : NH-1, G.T. ROAD IKOLAHI
Website : www.dpskhanna.com"
973,"Aff. No. :1630743
Sch. Code:20723","State : PUNJAB
District : LUDHIANA",Senior Secondary Level,"Name : SRI GURU HARGOBIND PUBLIC SCHOOL
Head/Principal Name: Kiranjit Kaur","Address : VILLAGE THAKKARWAL, P.O. LALTON KALAN, LUDHIANA.
Website : www.sghpsthakkarwal.com"
974,"Aff. No. :1630725
Sch. Code:20730","State : PUNJAB
District : LUDHIANA",Senior Secondary Level,"Name : TAGORE MODERN SCHOOL
Head/Principal Name: Harinder Singh Verma","Address : NEAR KUTBA GTAE, RAIKOT DISTT.(LUDHIANA)
Website : https://tagoremodernschoolraikot.org/"
975,"Aff. No. :1630721
Sch. Code:20706","State : PUNJAB
District : LUDHIANA",Senior Secondary Level,"Name : INTERNATIONAL PUBLIC SCHOOL
Head/Principal Name: SHEETAL NATHANIEL","Address : SANDHU NAGAR, NEAR CIVIL CITY,
Website : www.ips-cbse.com"
976,"Aff. No. :1630553
Sch. Code:20539","State : PUNJAB
District : LUDHIANA",Senior Secondary Level,"Name : DORAHA PUBLIC SCHOOL
Head/Principal Name: MONIKA SARWAL","Address : DORAHA PUBLIC SCHOOL, DORAHA
Website : www.dops.in"
977,"Aff. No. :1630537
Sch. Code:20525","State : PUNJAB
District : LUDHIANA",Senior Secondary Level,"Name : SACRED SOUL CONVENT SCHOOL
Head/Principal Name: VANDANA","Address : DUGRI ROAD, DHANDRA, DISTT. LUDHIANA, PUNJAB-141116
Website : www.sacredsoulconventschool.com"
978,"Aff. No. :1630561
Sch. Code:20554","State : PUNJAB
District : LUDHIANA",Senior Secondary Level,"Name : DCM PRESIDENCY SCHOOL
Head/Principal Name: RAJNI KALRA","Address : URBAN ESTATE, PHASEIII, JAMALPUR, OPP GOL MARKET, CHANDIGARH ROAD, LUDHIANA
Website : www.dcmpresidency.org"
979,"Aff. No. :1630544
Sch. Code:20524","State : PUNJAB
District : LUDHIANA",Senior Secondary Level,"Name : GREEN LAND CONVENT SCHOOL
Head/Principal Name: JYOTI PUJARA","Address : NEW SUBHASH NAGAR,NEAR BASTI JODHEWAL,
Website : www.greenlandsubhashnagar.com"
980,"Aff. No. :1630545
Sch. Code:20534","State : PUNJAB
District : LUDHIANA",Senior Secondary Level,"Name : VICTORIA PUBLIC SCHOOL
Head/Principal Name: BIPAN SETHI","Address : VILL. LEHRA, P.O. LEHRA, TEH. LUDHIANA, DIST. LUDHIANA
Website : https://www.vpslehra.com"
981,"Aff. No. :1630539
Sch. Code:20527","State : PUNJAB
District : LUDHIANA",Senior Secondary Level,"Name : GREEN LAND CONVENT SCHOOL
Head/Principal Name: ARUNA KAPIL","Address : PHASE II, DUGRI
Website : www.greenlanddugri.com"
982,"Aff. No. :1630540
Sch. Code:20528","State : PUNJAB
District : LUDHIANA",Senior Secondary Level,"Name : NANKANA SAHIB SENIOR SECONDARY PUBLIC SCHOOL
Head/Principal Name: SAPANDEEP KAUR GILL","Address : VPO KILA RAIPUR DISTT LUDHIANA PUNJAB 141201
Website : www.nankanaschoolkilaraipur.com"
983,"Aff. No. :1630532
Sch. Code:20518","State : PUNJAB
District : LUDHIANA",Senior Secondary Level,"Name : GREEN LAND CONVENT SCHOOL
Head/Principal Name: VINITA SANAN","Address : SECTOR 32 , CHANDIGARH ROAD
Website : www.greenlandchd.com"
984,"Aff. No. :1630569
Sch. Code:20561","State : PUNJAB
District : LUDHIANA",Senior Secondary Level,"Name : GURU NANAK INTERNATIONAL PUBLIC SCHOOL,
Head/Principal Name: KAMALVIR KAUR","Address : I-BLOCK, BHAI RANDHIR SINGH NAGAR, LUDHIANA
Website : www.gnipublicschool.com"
985,"Aff. No. :1630573
Sch. Code:20563","State : PUNJAB
District : LUDHIANA",Senior Secondary Level,"Name : ATAM DEVKI NIKETAN
Head/Principal Name: Mridhu Ablash","Address : KIDWAI NAGAR,BEHIND MINI ROSE GARDEN, LUDHIANA
Website : www.adnschool.in"
986,"Aff. No. :1630587
Sch. Code:20575","State : PUNJAB
District : LUDHIANA",Senior Secondary Level,"Name : ST. KABIR ACADEMY
Head/Principal Name: RAMANJOT KAUR GREWAL","Address : DHAM TALWANDI KHURD
Website :"
987,"Aff. No. :1630582
Sch. Code:20570","State : PUNJAB
District : LUDHIANA",Senior Secondary Level,"Name : DRISHTI DR. R.C.JAIN INNOVATIVE PUBLIC SCHOOL
Head/Principal Name: Manisha Gangwar","Address : PAKHOWAL ROAD,VPO NARANGWAL
Website : www.drishtischool.com"
988,"Aff. No. :1630617
Sch. Code:20607","State : PUNJAB
District : LUDHIANA",Senior Secondary Level,"Name : S G N INTERNATIONAL SCHOOL
Head/Principal Name: SEEMA JOSHI","Address : ST-7, SHAHEED AJIT SINGH COLONY, GIASPURA RD, LUDHIANA
Website : www.sgninternationalschool.com"
989,"Aff. No. :1630618
Sch. Code:20608","State : PUNJAB
District : LUDHIANA",Senior Secondary Level,"Name : BHAI SAHIB RANDHIR SINGH ACADEMY
Head/Principal Name: KAMALPREET KAUR","Address : F- BLOCK , BHAI RANDHIR SINGH NAGAR , LUDHIANA
Website : https://www./bhai-sahib-randhir-singh-academY"
990,"Aff. No. :1630611
Sch. Code:20598","State : PUNJAB
District : LUDHIANA",Senior Secondary Level,"Name : ANAND ISHER SR.SEC.PUBLIC SCHOOL
Head/Principal Name: Mrs. Manpreet Kaur","Address : V.P.O.CHHAPAR
Website : www.aissps.com"
991,"Aff. No. :1630600
Sch. Code:20589","State : PUNJAB
District : LUDHIANA",Senior Secondary Level,"Name : NEW GMT PUBLIC SCHOOL
Head/Principal Name: JAGJEEV PARMAR","Address : RAJAN ESTATE, SANT VIHAR, HAIBOWAL KALAN, LUDHIANA
Website : www.newgmtpublicschoolhaibowal.com"
992,"Aff. No. :1630648
Sch. Code:20633","State : PUNJAB
District : LUDHIANA",Senior Secondary Level,"Name : GURU NANAK MODEL SENIOR SECONDARY SCHOOL DORAHA
Head/Principal Name: D P THAKUR","Address : GURU NANAK MODEL SENIOR SECONDARY SCHOOL ,POST OFFICE DORAHA
Website : www.gnmsss.in"
993,"Aff. No. :1630640
Sch. Code:20741","State : PUNJAB
District : LUDHIANA",Secondary Level,"Name : ST PAULS PUBLIC SCHOOL
Head/Principal Name: JAMES MASIH","Address : GHULAL P.O., SAMRALA, LUDHIANA, PUNJAB-141124
Website :"
994,"Aff. No. :1630659
Sch. Code:20642","State : PUNJAB
District : LUDHIANA",Senior Secondary Level,"Name : GREENLAND CONVENT SCHOOL
Head/Principal Name: RITU","Address : GREENLAND CONVENT SCHOOL, BISHAN ENCLAVE, CHANDER NAGAR, CIVIL CITY
Website : www.greenlandcivil.com"
995,"Aff. No. :1630652
Sch. Code:20632","State : PUNJAB
District : LUDHIANA",Senior Secondary Level,"Name : HVM CONVENT SCHOOL
Head/Principal Name: MANINDER KAUR","Address : KARAMSAR COLONY, NEAR NEW SUBASH NAGAR, BASTI JODHEWAL, LUDHIANA
Website : www.hvmsrsecschool.org"
996,"Aff. No. :1630477
Sch. Code:20468","State : PUNJAB
District : LUDHIANA",Senior Secondary Level,"Name : JATINDRA GREENFIELD SCHOOL
Head/Principal Name: Chander Shekhar","Address : V.P.O. GURUSAR SUDHAR, RAIKOT LUDHIANA, PUNJAB
Website : www.jatinderagreenfieldschool.in"
997,"Aff. No. :1630459
Sch. Code:20444","State : PUNJAB
District : LUDHIANA",Senior Secondary Level,"Name : DAV PUBLIC SCHOOL
Head/Principal Name: Satwant Kaur Bhullar","Address : LUDHIANA, PUNJAB
Website : www.davpakhowal.com"
998,"Aff. No. :1630463
Sch. Code:20453","State : PUNJAB
District : LUDHIANA",Senior Secondary Level,"Name : GARDEN VALLEY INTERNATIONAL SCHOOL
Head/Principal Name: HARPREET KAUR","Address : VILLAGE BHATTIAN, P.O. MACHHIWARA, LUDHINANA, PUNJAB
Website : http://www.gvismachhiwara.in"
999,"Aff. No. :1630495
Sch. Code:20495","State : PUNJAB
District : LUDHIANA",Senior Secondary Level,"Name : SHIFALY INTERNATIONAL SCHOOL
Head/Principal Name: DR ROSY JAIN","Address : JAIN COLONY, RAHON ROAD, LUDHIANA, PUNJAB
Website : https://www.shifalyschool.in"
1000,"Aff. No. :1630508
Sch. Code:20499","State : PUNJAB
District : LUDHIANA",Senior Secondary Level,"Name : BCM SCHOOL
Head/Principal Name: Nidhi Jain","Address : BASANT CITY, PAKHOWAL ROAD, POST OFFICE LALTON KALAN, LUDHIANA, PUNJAB
Website : http://basantcity.bcmschools.org"
1001,"Aff. No. :1630437
Sch. Code:20424","State : PUNJAB
District : LUDHIANA",Senior Secondary Level,"Name : MAYA DEVI GOEL PUBLIC SCHOOL
Head/Principal Name: NAVDEEP VERMA","Address : VILL POHIR DISTT LUDHIANA AHMEDGARH DEHLON PUNJAB
Website : www.mdgpschool.in"
1002,"Aff. No. :1630438
Sch. Code:20427","State : PUNJAB
District : LUDHIANA",Senior Secondary Level,"Name : MEHTA GURUKUL PUBLIC SCHOOL
Head/Principal Name: Neha","Address : KADDAN ROAD DORABA LUDHIANA PUNJAB
Website : http://mgpsdoraha.in/"
1003,"Aff. No. :1630435
Sch. Code:20422","State : PUNJAB
District : LUDHIANA",Senior Secondary Level,"Name : JESUS SACRED HEART SCHOOL
Head/Principal Name: Kirti Sharma","Address : DX-1 SOUTH CITY LUDHIANA PUNJAB
Website : www.jesussacredheart.com"
1004,"Aff. No. :1630443
Sch. Code:20430","State : PUNJAB
District : LUDHIANA",Senior Secondary Level,"Name : AMRIT INDO CANADIAN ACADEMY
Head/Principal Name: JASKIRAN POONAM","Address : VILL- LADIAN KHURD, DISTT LUDHIANA, PUNJAB 141008
Website : www.Amritacademy.in"
1005,"Aff. No. :1630422
Sch. Code:20400","State : PUNJAB
District : LUDHIANA",Senior Secondary Level,"Name : EAST WOOD INTERNATIONAL SCHOOL
Head/Principal Name: Amandeep Kaur Bakshi","Address : MULLANPUR RAIKAT ROAD LUDHIANA PUNJAB
Website : www.eastwoodinternational.com"
1006,"Aff. No. :1630418
Sch. Code:20409","State : PUNJAB
District : LUDHIANA",Senior Secondary Level,"Name : BLOOSOM CONVENT SCHOOL
Head/Principal Name: NAVNEET KAUR","Address : VPO LEELAN MEGA SINGH JAGRAON, DISTT LUDHIANA, PUNJAB
Website : www.blossomsconventschool.org"
1007,"Aff. No. :1630424
Sch. Code:20460","State : PUNJAB
District : LUDHIANA",Senior Secondary Level,"Name : PEACE PUBLIC SCHOOL
Head/Principal Name: C K Jeeja","Address : VPO BHANOHAR FZR ROAD LUDHIANA PUNJAB
Website : www.peacepublicschool.com"
1008,"Aff. No. :1630380
Sch. Code:20366","State : PUNJAB
District : LUDHIANA",Senior Secondary Level,"Name : B C M SCHOOL
Head/Principal Name: Vandna Shahi","Address : BASANT AVENUE DUGRI ROAD LUDHIANA PUNJAB
Website : https://dugri.bcmschools.org/"
1009,"Aff. No. :1630389
Sch. Code:20379","State : PUNJAB
District : LUDHIANA",Senior Secondary Level,"Name : SWAMI CHHAGAN LAL LALA HANSRAJ JAIN
Head/Principal Name: MEENAKSHI PHULL","Address : PUBLIC SCHOOL AMLOH ROAD, KHANNA DISTT LUDHIANA PUNJAB
Website : www.jpskhanna.in"
1010,"Aff. No. :1630350
Sch. Code:20338","State : PUNJAB
District : LUDHIANA",Senior Secondary Level,"Name : AKAL ACADEMY
Head/Principal Name: ARVINDER PAL KAUR","Address : DHINDSA, VILLAGE & PO DHINDSA, TEHSHIL SAMRALA DISTRICT LUDHIANA (PUNJAB) - 141114
Website : http://dhindsa.akalacademy.ac.in"
1011,"Aff. No. :1630351
Sch. Code:20342","State : PUNJAB
District : LUDHIANA",Senior Secondary Level,"Name : RYAN INTERNATIONAL SCHOOL
Head/Principal Name: Manasi Thapar","Address : URBAN ESTATE PHASE II CHANDIGARH ROAD LUDHIANA PUNJAB
Website : www.ryaninternational.org"
1012,"Aff. No. :1630348
Sch. Code:20337","State : PUNJAB
District : LUDHIANA",Senior Secondary Level,"Name : GURU GOBIND SINGH PUBLIC SCHOOL
Head/Principal Name: RUPINDER KAUR","Address : PAKHOWAL ROAD VILL DAAD LUDHIANA PUNJAB
Website : www.ggsps.co.in"
1013,"Aff. No. :1630353
Sch. Code:20161","State : PUNJAB
District : LUDHIANA",Senior Secondary Level,"Name : G M T PUBLIC SCHOOL
Head/Principal Name: JASBIR KAUR BAL","Address : JALLANDHAR BY PASS CHOWK LUDHIANA PUNJAB
Website : https://gmtpublicschoolludhiana.in"
1014,"Aff. No. :1630306
Sch. Code:20314","State : PUNJAB
District : LUDHIANA",Senior Secondary Level,"Name : M G M PUBLIC SCHOOL
Head/Principal Name: RANJANA KAUSHAL","Address : URBAN ESTATE PHASE I DURGI LUDHIANA PUNJAB
Website : www.mgmschoolludhiana.com"
1015,"Aff. No. :1630315
Sch. Code:20303","State : PUNJAB
District : LUDHIANA",Senior Secondary Level,"Name : SARASWATI MODERN SCHOOL
Head/Principal Name: ANSHU DHIR","Address : PRATAP SINGH WALA HAMBRAN ROAD LUDHIANA PUNJAB
Website : https://saraswatimodernschool.com/"
1016,"Aff. No. :1630333
Sch. Code:20327","State : PUNJAB
District : LUDHIANA",Senior Secondary Level,"Name : SHAHEED KARTAR SINGH SARABHA INTERNATIONAL PUBLIC SCHOOL
Head/Principal Name: ROHINI GOSWAMI","Address : VPO SARABHA DISTT LUDHIANA PUNJAB
Website : www.skssips.com"
1017,"Aff. No. :1630334
Sch. Code:20323","State : PUNJAB
District : LUDHIANA",Senior Secondary Level,"Name : PRATAP PUBLIC SCHOOL
Head/Principal Name: PARVINDER KAUR","Address : HUMBRAN ROAD LUDHIANA PUNJAB
Website : https://www.ppsldh.com/"
1018,"Aff. No. :1630293
Sch. Code:20283","State : PUNJAB
District : LUDHIANA",Senior Secondary Level,"Name : DARSHAN ACADEMY
Head/Principal Name: Rajdeep Kaur Aulakh","Address : TAJPUR ROAD BHAMIAN KALAN LUDHIANA PUNJAB
Website : https://ludhiana.darshanacademy.org/"
1019,"Aff. No. :1630290
Sch. Code:20279","State : PUNJAB
District : LUDHIANA",Senior Secondary Level,"Name : G H G ACADEMY
Head/Principal Name: RAMANJOT KAUR GREWAL","Address : KOTHE BAGGU G T ROAD JAGRAON PUNJAB
Website : www.ghgacademyjagraon.com"
1020,"Aff. No. :1630299
Sch. Code:20289","State : PUNJAB
District : LUDHIANA",Senior Secondary Level,"Name : DAV PUBLIC SCHOOL
Head/Principal Name: Anuja Bhardwaj","Address : KHANNA PUNJAB
Website : www.davpskhanna.com"
1021,"Aff. No. :1630300
Sch. Code:20290","State : PUNJAB
District : LUDHIANA",Senior Secondary Level,"Name : DELHI PUBLIC SCHOOL
Head/Principal Name: JAYA PRAKASH","Address : VILLEGE JHAMMAT PO AYALI KALAN DISTT LUDHIANA PUNJAB
Website : www.dpsludhiana.com"
1022,"Aff. No. :1630276
Sch. Code:20269","State : PUNJAB
District : LUDHIANA",Senior Secondary Level,"Name : SUTLEJ PUBLIC SR SEC SCHOOL
Head/Principal Name: Rimple Lail","Address : VILLAGE HAWAS RAHON ROAD LUDHIANA PUNJAB
Website : www.sutlejpublicschool.com"
1023,"Aff. No. :1630255
Sch. Code:20241","State : PUNJAB
District : LUDHIANA",Senior Secondary Level,"Name : LALA SARKARU MAL SARVHITKARI VIDYA
Head/Principal Name: Manoj Kumar","Address : MANDIR KHANNA PUNJAB
Website : www.khannaeducationalsociety.in"
1024,"Aff. No. :1630230
Sch. Code:20225","State : PUNJAB
District : LUDHIANA",Senior Secondary Level,"Name : BHARTIYA VIDYA MANDIR
Head/Principal Name: RANJU MANGAL","Address : KITCHLU NAGAR LUDHIANA PUNJAB
Website : www.bvmkn.com"
1025,"Aff. No. :1630242
Sch. Code:20236","State : PUNJAB
District : LUDHIANA",Senior Secondary Level,"Name : TAGORE INTERNATIONAL SCHOOL
Head/Principal Name: SHALINI KHULLAR","Address : KOHARA ROAD SANEHWAL DISTT LUDHIANA PUNJAB
Website : www.tagoresnl.in"
1026,"Aff. No. :1630238
Sch. Code:20235","State : PUNJAB
District : LUDHIANA",Senior Secondary Level,"Name : RAEKOT PUBLIC SCHOOL
Head/Principal Name: NISHA CHAUDHRY","Address : NEAR KUTBA GATE RAEKOT DISTT LUDHIANA PUNJAB
Website : www.rpsraikot.in"
1027,"Aff. No. :1630165
Sch. Code:20153","State : PUNJAB
District : LUDHIANA",Senior Secondary Level,"Name : GREEN LAND PUBLIC SCHOOL
Head/Principal Name: BALDEEP PANDHER","Address : AMAN NAGAR G T ROAD NEAR JALANDHAR BYE-PASS LUDHIANA PUNJAB
Website : www.greenlandschool.in"
1028,"Aff. No. :1630156
Sch. Code:20167","State : PUNJAB
District : LUDHIANA",Senior Secondary Level,"Name : GREEN GROVE PUBLIC SCHOOL
Head/Principal Name: Susamma George","Address : G T ROAD MOHANPUR KHANNA PUNJAB
Website : www.greengrovemohanpur.in"
1029,"Aff. No. :1630157
Sch. Code:20144","State : PUNJAB
District : LUDHIANA",Senior Secondary Level,"Name : SHAMROCK CHRISTIAN SCHOOL
Head/Principal Name: PRADEEP SINGH","Address : HAMBRAN ROAD GOLDEN AVENUE PHASE II P.O. AYALI KHURD LUDHIANA PUNJAB
Website : www.shamrockchristianschool.com"
1030,"Aff. No. :1630152
Sch. Code:20135","State : PUNJAB
District : LUDHIANA",Senior Secondary Level,"Name : SHRI GURU RAM RAI PUBLIC SCHOOL
Head/Principal Name: SWETA SINGH","Address : FEROZEPUR LUDHIANA PUNJAB
Website : www.sgrrbarewal.com"
1031,"Aff. No. :1630174
Sch. Code:20157","State : PUNJAB
District : LUDHIANA",Senior Secondary Level,"Name : SHIVALIKWALA DOON SCHOOL
Head/Principal Name: DIMPLE RANI","Address : PRATAP SINGH WALA HAMBRAN ROAD LUDHIANA PUNJAB
Website :"
1032,"Aff. No. :1630199
Sch. Code:20189","State : PUNJAB
District : LUDHIANA",Senior Secondary Level,"Name : SACRED HEART CONVENT SCHOOL
Head/Principal Name: ANCY JOSEPH","Address : ALIGARH P O G T ROAD JAGRAM LUDHIANA DISTRICT PUNJAB
Website : http://www.shcsjagraon.com"
1033,"Aff. No. :1630102
Sch. Code:20097","State : PUNJAB
District : LUDHIANA",Senior Secondary Level,"Name : GURU RAM DASS ACADEMY
Head/Principal Name: Shiwani Singla","Address : HUMBRAN ROAD SWAMI SATSANG BHAWAN LUDHIANA PUNJAB
Website : http://www.grdludhiana.com"
1034,"Aff. No. :1630096
Sch. Code:20091","State : PUNJAB
District : LUDHIANA",Senior Secondary Level,"Name : NANKANA SAHIB PUBLIC SCHOOL
Head/Principal Name: Shiv Kumar","Address : SAMRALA DISTT LUDHIANA PUNJAB
Website : https://www.nankanasahibpublicschoolsamrala.com/"
1035,"Aff. No. :1630089
Sch. Code:20103","State : PUNJAB
District : LUDHIANA",Senior Secondary Level,"Name : ALPINE INTERNATIONAL SCHOOL
Head/Principal Name: ANCHIT DHIR","Address : DR. HIRA SINGH ROAD CIVIL LINES LUDHIANA PUNJAB
Website : https://rkmfoundations.com/"
1036,"Aff. No. :1630079
Sch. Code:20080","State : PUNJAB
District : LUDHIANA",Senior Secondary Level,"Name : USPC JAIN PUBLIC SCHOOL
Head/Principal Name: VINNY MALHOTRA","Address : SAMRALA ROAD JAMALPUR LUDHIANA PUNJAB
Website : www.uspcldh.com"
1037,"Aff. No. :1630081
Sch. Code:20078","State : PUNJAB
District : LUDHIANA",Senior Secondary Level,"Name : SACRED HEART HIGH SCHOOL
Head/Principal Name: SR.BEENA MICHAEL","Address : BHAI RANDHIR SINGH NAGAR LUDHIANA PUNJAB
Website : www.sacredheartschoolludhiana.com"
1038,"Aff. No. :1630147
Sch. Code:20145","State : PUNJAB
District : LUDHIANA",Senior Secondary Level,"Name : SPRING DALES PUBLIC SCHOOL
Head/Principal Name: ANIL KUMAR SHARMA","Address : SHERPUR ROAD LUDHIANA PUNJAB
Website : www.springdaleludhiana.com"
1039,"Aff. No. :1630149
Sch. Code:20159","State : PUNJAB
District : LUDHIANA",Senior Secondary Level,"Name : BCM SCHOOL
Head/Principal Name: D P GULERIA","Address : SECTOR 32/A URBAN ESTATE CHANDIGARH ROAD LUDHIANA PUNJAB
Website : www.bcmschools.org"
1040,"Aff. No. :1630150
Sch. Code:20136","State : PUNJAB
District : LUDHIANA",Senior Secondary Level,"Name : SACRED HEART CONVENT SCHOOL
Head/Principal Name: SR. ANIT MJ","Address : NAROTTAM NAGAR SAMADHI ROAD KHANNA LUDHIANA PUNJAB
Website : www.shskhanna.org"
1041,"Aff. No. :1630145
Sch. Code:20148","State : PUNJAB
District : LUDHIANA",Senior Secondary Level,"Name : RADHA VATIKA SENIOR SECONDARY SCHOOL
Head/Principal Name: Anupama Sharma","Address : AMLOH ROAD KHANNA PUNJAB
Website : www.radhavatika.ac.in"
1042,"Aff. No. :1630116
Sch. Code:20112","State : PUNJAB
District : LUDHIANA",Senior Secondary Level,"Name : SANT KIRPAL SINGH SEWA PANTHI PUBLIC SCHOOL
Head/Principal Name: Savita Sharma","Address : NEELON DISTT LUDHIANA PUNJAB
Website : www.skspublicschool.com"
1043,"Aff. No. :1630114
Sch. Code:20109","State : PUNJAB
District : LUDHIANA",Senior Secondary Level,"Name : D A V CENTENARY PUBLIC SCHOOL
Head/Principal Name: VED VRAT PLAH","Address : JAGRAON, LUDHIANA PUNJAB
Website : www.davjagraon.com"
1044,"Aff. No. :1630130
Sch. Code:20123","State : PUNJAB
District : LUDHIANA",Senior Secondary Level,"Name : GURUNANAK INTERNATIONAL PUBLIC SCHOOL
Head/Principal Name: GURJIT KAUR","Address : MODEL TOWN GUJRAKHAN CAMPUS LUDHIANA PUNJAB
Website : www.gnips.org"
1045,"Aff. No. :1600019
Sch. Code:24535","State : PUNJAB
District : LUDHIANA",Senior Secondary Level,"Name : KENDRIYA VIDYALAYA
Head/Principal Name: NARESH KANT","Address : BADDOWAL CANTT LUDHIANA DISTT PUNJAB
Website : https://baddowalcantt.kvs.ac.in"
1046,"Aff. No. :1600017
Sch. Code:24529","State : PUNJAB
District : LUDHIANA",Senior Secondary Level,"Name : KENDRIYA VIDYALAYA NO 2
Head/Principal Name: SANJEET KUMAR SAGAR","Address : AIR FORCE STATION HALWARA PUNJAB
Website : https://no2halwara.kvs.ac.in/"
1047,"Aff. No. :1600003
Sch. Code:24528","State : PUNJAB
District : LUDHIANA",Senior Secondary Level,"Name : PM SHRI KENDRIYA VIDYALAYA NO 1
Head/Principal Name: DEVENDRA KUMAR OLAWAT","Address : AIR FORCE STATION HALWARA PUNJAB
Website : www.no1halwara.kvs.ac.in"
1048,"Aff. No. :1630001
Sch. Code:20030","State : PUNJAB
District : LUDHIANA",Senior Secondary Level,"Name : GURU NANAK PUBLIC SCHOOL
Head/Principal Name: GURBHEJ SINGH NAGI","Address : SARABHA NAGAR LUDHIANA PUNJAB
Website : http://gnpschool.org/"
1049,"Aff. No. :1630002
Sch. Code:20026","State : PUNJAB
District : LUDHIANA",Senior Secondary Level,"Name : KUNDAN VIDYA MANDIR SR SEC SCHOOL
Head/Principal Name: Pankaj Joshi","Address : CIVIL LINES LUDHIANA PUNJAB
Website : www.kvmschool.edu.in"
1050,"Aff. No. :1630003
Sch. Code:20028","State : PUNJAB
District : LUDHIANA",Senior Secondary Level,"Name : SACRED HEART CONVENT SCHOOL
Head/Principal Name: SR VEENA DSOUZA","Address : SARABHA NAGAR LUDHIANA PUNJAB
Website : www.sacredheartsarabhanagar.com"
1051,"Aff. No. :1630004
Sch. Code:20033","State : PUNJAB
District : LUDHIANA",Senior Secondary Level,"Name : GURU NANAK PUBLIC SCHOOL
Head/Principal Name: VANDANA SHARMA","Address : MULLANPUR LUDHIANA DISTT PUNJAB
Website : www.gnpsmullanpur.com"
1052,"Aff. No. :1630005
Sch. Code:20032","State : PUNJAB
District : LUDHIANA",Senior Secondary Level,"Name : ST. THOMAS SR SECONDARY SCHOOL
Head/Principal Name: Shallini Kenneth","Address : BROWN ROAD LUDHIANA PUNJAB
Website : www.stthomasschoolldh.org"
1053,"Aff. No. :1630006
Sch. Code:20027","State : PUNJAB
District : LUDHIANA",Senior Secondary Level,"Name : TAGORE PUBLIC SCHOOL
Head/Principal Name: Mrs. Amita Dahiya","Address : AGGAR NAGAR FEROZEPUR ROAD LUDHIANA PUNJAB
Website : www.tpsldh.com"
1054,"Aff. No. :1630007
Sch. Code:20029","State : PUNJAB
District : LUDHIANA",Senior Secondary Level,"Name : BCM ARYA MODEL SR. SEC. SCHOOL
Head/Principal Name: ANUJA KAUSHAL","Address : SHASTRI NAGAR LUDHIANA PUNJAB
Website : www.bcmeducation.org"
1055,"Aff. No. :1630008
Sch. Code:20025","State : PUNJAB
District : LUDHIANA",Senior Secondary Level,"Name : C F C PUBLIC SCHOOL
Head/Principal Name: PRIYA SIMON","Address : BHAI RANDHIR SINGH NAGAR LUDHIANA PUNJAB
Website : https://cfcpublicschool.com/"
1056,"Aff. No. :1630031
Sch. Code:20035","State : PUNJAB
District : LUDHIANA",Senior Secondary Level,"Name : GURU HARGOBIND SENIOR SECONDARY PUBLIC SCHOOL
Head/Principal Name: Sandeep Kaur","Address : SIDHWAN KHURD LUDHIANA DISTT PUNJAB
Website : https://www.ghgpsidhwan.com/"
1057,"Aff. No. :1630044
Sch. Code:20031","State : PUNJAB
District : LUDHIANA",Senior Secondary Level,"Name : NANKANA SAHIB PUBLIC SCHOOL
Head/Principal Name: Harmeet Kaur Waraich","Address : GURU NANAK ENGG. COLLEGE, CIVIL PARK, LUDHIANA PUNJAB
Website : www.nspsgill.org"
1058,"Aff. No. :1630060
Sch. Code:20057","State : PUNJAB
District : LUDHIANA",Senior Secondary Level,"Name : DAV PUBLIC SCHOOL
Head/Principal Name: JASWINDER KAUR SIDHU","Address : BLOCK C BHAI RANDHIR SINGH NAGAR LUDHIANA PUNJAB
Website : www.davbrsnagar.org"
1059,"Aff. No. :1630071
Sch. Code:20066","State : PUNJAB
District : LUDHIANA",Senior Secondary Level,"Name : SANT ISHAR SINGHJI MEMORIAL PUBLIC SCHOOL
Head/Principal Name: Dhiraj Kumar Thapliyal","Address : KARAMSAR RARA SAHEB LUDHIANA PUNJAB
Website : www.sisjmps.com"
1060,"Aff. No. :1630065
Sch. Code:20073","State : PUNJAB
District : LUDHIANA",Senior Secondary Level,"Name : GUJRAWALA GURU NANAK PUBLIC SCHOOL
Head/Principal Name: GUNMEET KAUR","Address : CIVIL LINES LUDHIANA PUNJAB
Website : www.ggnpublicschool.in"
1061,"Aff. No. :1631546
Sch. Code:23770","State : PUNJAB
District : LUDHIANA",Secondary Level,"Name : AKAL ACADEMY DHAMOT
Head/Principal Name: Rajwinder Kaur","Address : NEAR GOVT. SR. SEC. SCHOOL, VILLAGE AND, POST OFFICE DHAMOT KALAN
Website : https://dhamot.akalacademy.ac.in/"
1062,"Aff. No. :1631555
Sch. Code:23785","State : PUNJAB
District : LUDHIANA",Senior Secondary Level,"Name : NARAYANA E TECHNO SCHOOL
Head/Principal Name: AMITA SHARMA","Address : DUGRI, DUGRI, LUDHIANA
Website : www.NARAYANASCHOOLDUGRI.COM"
1063,"Aff. No. :1631552
Sch. Code:23777","State : PUNJAB
District : LUDHIANA",Senior Secondary Level,"Name : NARAYANA E TECHNO SCHOOL
Head/Principal Name: NEETU SHARMA","Address : CHANDIGARH ROAD, HAMPTON BUSSINESS COURT, LUDHIANA
Website : www.Narayanaschoolchdroad.com"
1064,"Aff. No. :1631525
Sch. Code:23746","State : PUNJAB
District : LUDHIANA",Secondary Level,"Name : SACRED DALE INTERNATIONAL SCHOOL
Head/Principal Name: MANJIT KAUR GHATOREY","Address : HERO SOMAN NAGAR, BACKSIDE RADHA SOAMI SATSANG GHAR, LOHARA
Website : www.sdischool.in"
1065,"Aff. No. :1631519
Sch. Code:23740","State : PUNJAB
District : LUDHIANA",Secondary Level,"Name : PODAR INTERNATIONAL SCHOOL
Head/Principal Name: HARNEET SINGH","Address : STREET NO. 1, ISHAR NAGAR, BEHIND GURU NANAK DEV ENGG. COLLEGE
Website : https://www.podareducation.org/school/ludhiana"
1066,"Aff. No. :1631528
Sch. Code:23749","State : PUNJAB
District : LUDHIANA",Secondary Level,"Name : DECENT CONVENT SCHOOL
Head/Principal Name: MANPREET KAUR","Address : VILLAGE CHHANDRAN, POST OFFICE CHHANDRAN, CHANDIGARH ROAD
Website : www.decentconventschoolchhandran.com"
1067,"Aff. No. :1631567
Sch. Code:23800","State : PUNJAB
District : LUDHIANA",Secondary Level,"Name : AKAL ACADEMY RACHHIN
Head/Principal Name: Inderjeet Kaur","Address : VILLAGE , AND POST OFFICE. RACHHIN, TEHSIL. RAIKOT
Website : https://rachhin.akalacademy.ac.in"
1068,"Aff. No. :1631568
Sch. Code:23801","State : PUNJAB
District : LUDHIANA",Secondary Level,"Name : GARDEN VALLEY INTERNATIONAL SCHOOL
Head/Principal Name: SHEETAL GUPTA","Address : KHANNA- KHAMANON ROAD, NEAR SINGH SHAHEED BABA SIDH JI, VILLAGE SALOUDI, TEHSIL SAMRALA
Website : http://www.gviskhanna.in"
1069,"Aff. No. :1631573
Sch. Code:23807","State : PUNJAB
District : LUDHIANA",Senior Secondary Level,"Name : SHRI GURU HARGOBIND SAHIB PUBLIC SENIOR SECONDARY SCHOOL
Head/Principal Name: BHUPINDER SINGH","Address : GIASPUR, P.O DHANDARI KALAN, LUDHIANA
Website : https://sghspublicschool.com/"
1070,"Aff. No. :1631576
Sch. Code:23811","State : PUNJAB
District : LUDHIANA",Secondary Level,"Name : SHRI GURU HARKRISHAN SAHIB PUBLIC SCHOOL
Head/Principal Name: POONAM K SIDHU","Address : RAIKOT ROAD, VILLAGE KAMALPURA, TEHSIL JAGRAON
Website : https://sghsps.co.in/"
1071,"Aff. No. :1631596
Sch. Code:23910","State : PUNJAB
District : LUDHIANA",Secondary Level,"Name : DECENT CONVENT SCHOOL
Head/Principal Name: RENU BALA","Address : A . V ENCLAVE, BHAMIAN KALAN, LUDHIANA
Website : http://www.decentconventschoolbhamiakalan.com"
1072,"Aff. No. :1631503
Sch. Code:23718","State : PUNJAB
District : LUDHIANA",Senior Secondary Level,"Name : RENAISSANCE CONVENT SCHOOL
Head/Principal Name: KIRAN SHARMA","Address : VILLAGE CHONKIMAN, DISTT LUDHIANA, PUNJAB
Website : https://rcsldh.org/home"
1073,"Aff. No. :1631505
Sch. Code:23720","State : PUNJAB
District : LUDHIANA",Senior Secondary Level,"Name : GITANJALI INTERNATIONAL SCHOOL
Head/Principal Name: Sunaina Kapoor","Address : 40, NIRMAL ENCLAVE, BASANT CITY, PAKHOWAL ROAD , LUDHIANA
Website : www.gitanjaliinternationalschool.com"
1074,"Aff. No. :1631483
Sch. Code:23697","State : PUNJAB
District : LUDHIANA",Senior Secondary Level,"Name : BCM ARYA SCHOOL
Head/Principal Name: KRITIKA SETH","Address : LALTON-DOLON KHURD, LUDHIANA
Website : www.bcmaryaschool.com"
1075,"Aff. No. :1631490
Sch. Code:23704","State : PUNJAB
District : LUDHIANA",Secondary Level,"Name : GARDEN VALLEY INTERNATIONAL SCHOOL
Head/Principal Name: Swati Ghai","Address : TEHSIL SAMRALA, DISTRICT LUDHIANA
Website : http://www.gvissamrala.in"
1076,"Aff. No. :1631497
Sch. Code:23712","State : PUNJAB
District : LUDHIANA",Senior Secondary Level,"Name : INDIAN PUBLIC SR. SEC. SCHOOL
Head/Principal Name: Sunita Kumari","Address : LOHARA ROAD, NEAR MASJID LUDHIANA
Website : www.ipssschool.com"
1077,"Aff. No. :1631451
Sch. Code:23659","State : PUNJAB
District : LUDHIANA",Secondary Level,"Name : THE PREPLIFE CONVENT SCHOOL
Head/Principal Name: BHARAT DUA","Address : VILLAGE BHOLAPUR AND SAHIBANA, CHANDIGARH ROAD LUDHIANA
Website : www.thepreplife.org"
1078,"Aff. No. :1631465
Sch. Code:23677","State : PUNJAB
District : LUDHIANA",Senior Secondary Level,"Name : SRM CONVENT SCHOOL
Head/Principal Name: Preet Kamal Takkar","Address : LUDHIANA-MALERKOTLA ROAD, POHIR
Website : www.srmconventschool.com"
1079,"Aff. No. :1631459
Sch. Code:23668","State : PUNJAB
District : LUDHIANA",Secondary Level,"Name : MILLENNIUM WORLD SCHOOL LUDHIANA
Head/Principal Name: NA","Address : MALERKOTLA ROAD, LUDHIANA
Website : www.mwsludhiana.com"
1080,"Aff. No. :1631475
Sch. Code:23688","State : PUNJAB
District : LUDHIANA",Senior Secondary Level,"Name : DCM YOUNG ENTREPRENEURS SCHOOL
Head/Principal Name: MEENU CHOPRA","Address : LUDHIANA WEST, LUDHIANA WEST
Website : http://dcmyesschool.com"
1081,"Aff. No. :1631479
Sch. Code:23692","State : PUNJAB
District : LUDHIANA",Secondary Level,"Name : THE SHRI RAM UNIVERSAL SCHOOL
Head/Principal Name: Navneet Kaur","Address : SARABHA NAGAR, LUDHIANA
Website : www.tsusludhiana.com"
1082,"Aff. No. :1631183
Sch. Code:21168","State : PUNJAB
District : LUDHIANA",Senior Secondary Level,"Name : NEW GMT PUBLIC SCHOOL
Head/Principal Name: Kanika Sachdeva","Address : VILLAGE BHATHA DHUA,HAMBRAN ROAD
Website : www.newgmtschoolbhathadhua.com"
1083,"Aff. No. :1631203
Sch. Code:21189","State : PUNJAB
District : LUDHIANA",Senior Secondary Level,"Name : SPRING BELLS DAY BOARDING SENIOR SECONDARY SCHOOL
Head/Principal Name: RICHA ANEJA","Address : STREET NO. 2, CHANDER NAGAR, ZINATH COLONY
Website : www.sbsludhiana.com"
1084,"Aff. No. :1631244
Sch. Code:21235","State : PUNJAB
District : LUDHIANA",Secondary Level,"Name : GURU NANAK PUBLIC SCHOOL
Head/Principal Name: Mrs.Parvinder Kaur","Address : VILLAGE - BIRMI, POST OFFICE - MALAKPUR
Website : http://www.gnpschool.org/homeind.html"
1085,"Aff. No. :1631253
Sch. Code:21239","State : PUNJAB
District : LUDHIANA",Senior Secondary Level,"Name : TAGORE GLOBAL SCHOOL
Head/Principal Name: MANOJ KUMAR","Address : VILLAGE DYALLPURA, PO GHUNGRALI SIKHA
Website : www.tgssamrala.com"
1086,"Aff. No. :1631237
Sch. Code:21225","State : PUNJAB
District : LUDHIANA",Senior Secondary Level,"Name : M.I.S. MOUNT INTERNATIONAL SCHOOL, LUDHIANA, PUNJAB
Head/Principal Name: DALJIT KAUR","Address : SIDHWAN CANAL EXPRESSWAY, NEAR TIBBA BRIDGE.
Website : www.mountinternationalschool.com"
1087,"Aff. No. :1631223
Sch. Code:21208","State : PUNJAB
District : LUDHIANA",Senior Secondary Level,"Name : BUDDING BRAINS INTERNATIONAL SCHOOL
Head/Principal Name: MANDEEP KAUR","Address : BARANALA ROAD, RAIKOT
Website : www.bbis.co.in"
1088,"Aff. No. :1631114
Sch. Code:21101","State : PUNJAB
District : LUDHIANA",Secondary Level,"Name : BBSB CONVENT SCHOOL
Head/Principal Name: Vimal Chandok","Address : LAKHA-CHAKAR ROAD, VPO CHAKAR, TEH. JAGRAON, DISTT. LUDHIANA
Website : www.chakarbbsb.in"
1089,"Aff. No. :1631107
Sch. Code:21096","State : PUNJAB
District : LUDHIANA",Senior Secondary Level,"Name : THE UNIRISE WORLD SCHOOL
Head/Principal Name: NEHA RATTAN","Address : NEAR AKHARA CANAL BRIDGE, RAIKOT ROAD, JAGRAON, DISTT. LUDHIANA
Website : www.theunirise.com"
1090,"Aff. No. :1631108
Sch. Code:21097","State : PUNJAB
District : LUDHIANA",Senior Secondary Level,"Name : GOODEARTH CONVENT SCHOOL
Head/Principal Name: NAVEEN BANSAL","Address : VPO-SIAHAR,TEH-PAYAL
Website : www.goodearthconventschool.com"
1091,"Aff. No. :1631109
Sch. Code:21098","State : PUNJAB
District : LUDHIANA",Senior Secondary Level,"Name : DOON OXFORD SCHOOL
Head/Principal Name: PAYAL CHOPRA","Address : DOON OXFORD SCHOOL VILL, THAKKARWAL PAKHOWAL ROAD, LUDHIANA.
Website : www.doonoxfordschool.com"
1092,"Aff. No. :1631123
Sch. Code:21112","State : PUNJAB
District : LUDHIANA",Senior Secondary Level,"Name : THE SUPERIOR WORLD SCHOOL
Head/Principal Name: Bhajan Kaur","Address : VILLAGE GARHI TARKHANNA
Website : www.superiorworldschool.com"
1093,"Aff. No. :1631121
Sch. Code:21110","State : PUNJAB
District : LUDHIANA",Senior Secondary Level,"Name : MANAV RACHNA INTERNATIONAL SCHOOL
Head/Principal Name: Shilpi Sood Gill","Address : GOLDEN ENCLAVE, BASANT AVENUE, DUGRI ROAD
Website : http://mrisludhiana.mris.edu.in"
1094,"Aff. No. :1631117
Sch. Code:21105","State : PUNJAB
District : LUDHIANA",Secondary Level,"Name : SAHIBZADA ZORAWAR SINGH JI PUBLIC SCHOOL
Head/Principal Name: GURDEEP SINGH","Address : VILL. RAJGARH P.O. MACHHIWARA SAHIB
Website : www.szsjps.in"
1095,"Aff. No. :1631130
Sch. Code:21121","State : PUNJAB
District : LUDHIANA",Senior Secondary Level,"Name : NANKANA SAHIB PUBLIC SENIOR SECONDARY SCHOOL
Head/Principal Name: HARPREET SINGH","Address : V KALAL MAJRA PO RAHOUN
Website : www.nspskalalmajra.org"
1096,"Aff. No. :1631168
Sch. Code:21159","State : PUNJAB
District : LUDHIANA",Senior Secondary Level,"Name : ORIENT INTERNATIONAL SCHOOL & SPORTS ACADEMY
Head/Principal Name: Deepali","Address : VILLAGE BURJ PAKKA ROPAR ROAD, SHRI MACHHIWARA SAHIB, LUDHIANA
Website : www.orientinternationalschool.in"
1097,"Aff. No. :1631144
Sch. Code:21134","State : PUNJAB
District : LUDHIANA",Senior Secondary Level,"Name : VIDYA INTERNATIONAL SCHOOL
Head/Principal Name: Amritpal Kaur","Address : VPO AKHARA, TEHSIL JAGRAON
Website : www.vidyainternationalsch.com"
1098,"Aff. No. :1631142
Sch. Code:21126","State : PUNJAB
District : LUDHIANA",Senior Secondary Level,"Name : NANKANA SAHIB PUBLIC SENIOR SECONDARY SCHOOL
Head/Principal Name: JASWINDER SINGH","Address : V.P.O.RAMPUR
Website : www.nspsrampur.org"
1099,"Aff. No. :1631267
Sch. Code:21260","State : PUNJAB
District : LUDHIANA",Senior Secondary Level,"Name : DELHI WORLD PUBLIC SCHOOL
Head/Principal Name: ANUJ TALAN","Address : DELHI WORLD PUBLIC SCHOOL, LUDHIANA CANAL ROAD, OPP-SANT NIRANKARI SATSANG BHAWAN, HARNAMPURA. LUDHIANA
Website : www.dwpsludhiana.com"
1100,"Aff. No. :1631270
Sch. Code:21262","State : PUNJAB
District : LUDHIANA",Senior Secondary Level,"Name : RAM LAL BHASIN PUBLIC SCHOOL,PHASE I, DUGRI,LUDHIANA
Head/Principal Name: JINNY TALWAR","Address : RAM LAL BHASIN PUBLIC SCHOOL,PHASE I,DUGRI,LUDHIANA
Website : www.rlbps.in"
1101,"Aff. No. :1631272
Sch. Code:21287","State : PUNJAB
District : LUDHIANA",Senior Secondary Level,"Name : ST. MARTHAS BETHANY VIDYALAYA
Head/Principal Name: JIJO. YOHANNAN","Address : RURKA, MULLANPUR, LUDHIANA,PUNJAB PIN-141101
Website : www.stmarthabethanyvidyalaya.in"
1102,"Aff. No. :1631273
Sch. Code:21265","State : PUNJAB
District : LUDHIANA",Senior Secondary Level,"Name : PREACH CONVENT INTERNATIONAL SCHOOL
Head/Principal Name: GEETA RANI","Address : KRISHNA NAGAR, GIASPURA, LOHARA TO EASTMAN CHOWK, LUDHIANA
Website : www.preachconventinternationalschool.com"
1103,"Aff. No. :1631280
Sch. Code:21267","State : PUNJAB
District : LUDHIANA",Secondary Level,"Name : BHARATAM WORLD SCHOOL
Head/Principal Name: SARVPRIT KAUR","Address : G T ROAD KHANNA DISTT. LUDHIANA
Website : http://www.bharatamworldschool.in/"
1104,"Aff. No. :1631289
Sch. Code:21279","State : PUNJAB
District : LUDHIANA",Senior Secondary Level,"Name : INDO CANADIAN INTERNATIONAL SCHOOL
Head/Principal Name: SAMRATPAL KAUR","Address : V.P.O BINJAL (BASSIAN) RAIKOT-JAGRAON ROAD, TEHSIL RAIKOT, DIST: LUDHIANA
Website : www.indocanadianinternationalschool.com"
1105,"Aff. No. :1631293
Sch. Code:21284","State : PUNJAB
District : LUDHIANA",Senior Secondary Level,"Name : OXFORD SENIOR SCHOOL
Head/Principal Name: VIJAY KAPUR","Address : BARMALIPUR ROAD
Website : www.oxfordschoolpayal.com"
1106,"Aff. No. :1631304
Sch. Code:21303","State : PUNJAB
District : LUDHIANA",Secondary Level,"Name : ST.SOLDIER DIVINE PUBLIC SCHOOL, GOLF LINK COLONY, HAMBRAN ROAD, LUDHIANA.
Head/Principal Name: ALVEENA","Address : ST. SOLDIER DIVINE PUBLIC SCHOOL, GOLF LINK COLONY, HAMBRAN ROAD, LUDHIANA.
Website : www.ssdpsludhianacity.in"
1107,"Aff. No. :1631301
Sch. Code:21293","State : PUNJAB
District : LUDHIANA",Senior Secondary Level,"Name : PARAGON INTERNATIONAL SCHOOL
Head/Principal Name: Manjit Kaur Sidhu","Address : VILL. NANGAL NEAR DEHLON DIST. LUDHIANA NANGAL PUNJAB ,LUDHIANA , 141118
Website : http://paragonintl.in"
1108,"Aff. No. :1631299
Sch. Code:21292","State : PUNJAB
District : LUDHIANA",Secondary Level,"Name : THE LAKEWOOD SCHOOL
Head/Principal Name: RITU BHANOT","Address : THAKUR COLONY, PAKHOWAL ROAD,
Website : www.thelakewoodschool.com"
1109,"Aff. No. :1631295
Sch. Code:21286","State : PUNJAB
District : LUDHIANA",Senior Secondary Level,"Name : BHARTIYA VIDYA MANDIR SENIOR SECONDARY SCHOOL
Head/Principal Name: Upasna Modgil","Address : SEC.-39,CHANDIGARH ROAD, LUDHIANA
Website : http://www.bvmchdrd.com"
1110,"Aff. No. :1631332
Sch. Code:21373","State : PUNJAB
District : LUDHIANA",Senior Secondary Level,"Name : ST.XAVIER CONVENT SCHOOL
Head/Principal Name: JASWANT KAUR","Address : VILLAGE-KIRI P.O. MADARPURA (SIDHWAN BET) TEH. JAGRAON DIST. LUDHIANA
Website : www.stxavierjagraon.in"
1111,"Aff. No. :1631345
Sch. Code:21387","State : PUNJAB
District : LUDHIANA",Secondary Level,"Name : SHRI HARKRISHAN SAHIB PUBLIC HIGH SCHOOL
Head/Principal Name: ARCHANA SRIVASTAVA","Address : GILL MARKET,NEW JANTA NAGAR,LUHDHIANA
Website : http://www.shsphs.in/"
1112,"Aff. No. :1631358
Sch. Code:21402","State : PUNJAB
District : LUDHIANA",Senior Secondary Level,"Name : AKAL ACADEMY SOWADDI KALAN
Head/Principal Name: Gurbinder Kaur","Address : AKAL ACADEMY SOWADDI KALAN, VILLAGE & POST OFFICE SOWADDI KALAN, TEHSIL JAGRAON, DISTRICT LUDHIANA (PUNJAB) - 142001
Website : https://sowaddikalan.akalacademy.ac.in/"
1113,"Aff. No. :1631349
Sch. Code:21392","State : PUNJAB
District : LUDHIANA",Senior Secondary Level,"Name : SHRI HARKRISHAN SAHIB PUBLIC SR. SEC. SCHOOL
Head/Principal Name: POONAM SHARMA","Address : DABA COLONY,DABA ROAD
Website : www.shspsss.in"
1114,"Aff. No. :1631428
Sch. Code:23629","State : PUNJAB
District : LUDHIANA",Senior Secondary Level,"Name : SENTINEL INTERNATIONAL SCHOOL
Head/Principal Name: POONAM SHARMA","Address : BHARTHLA ROAD , SAMRALA
Website : http://sentinelinternationalschool.com"
1115,"Aff. No. :1631431
Sch. Code:23633","State : PUNJAB
District : LUDHIANA",Senior Secondary Level,"Name : ALPINEWOOD PUBLIC SCHOOL
Head/Principal Name: AARTI BANSAL","Address : NEAR CIVIL CITY, LUDHIANA
Website : http://www.apssandhunagar.in"
1116,"Aff. No. :1631369
Sch. Code:23607","State : PUNJAB
District : LUDHIANA",Senior Secondary Level,"Name : NARAYANA E-TECHNO SCHOOL
Head/Principal Name: Supriya Reddy","Address : HSN LUDHIANA, BESIDE BEST PRICE,LUDHIANA
Website : www.narayanaschools.in/ludhiana/"
1117,"Aff. No. :1680015
Sch. Code:20859","State : PUNJAB
District : LUDHIANA",Secondary Level,"Name : AIR FORCE SCHOOL
Head/Principal Name: SHYAMLI WARAICH","Address : AFS HALWARA DISTT. LUDHIANA PUNJAB
Website : https://www.airforceschoolhalwara.com/"
1118,"Aff. No. :1680020
Sch. Code:20034","State : PUNJAB
District : LUDHIANA",Senior Secondary Level,"Name : A S MODERN SCHOOL
Head/Principal Name: Shaminder Verma","Address : KHANNA LUDHIANA DISTT PUNJAB
Website : www.asmodernkhanna.com"
1119,"Aff. No. :1670051
Sch. Code:22559","State : PUNJAB
District : LUDHIANA",Secondary Level,"Name : ARMY PUBLIC SCHOOL LUDHIANA
Head/Principal Name: GOPAL KRISHAN","Address : DHOLEWAL MILITARY COMPLEX,, NEAR SPS HOSPITAL,, OPPOSITE GULZAR MOTORS,
Website : https://www.apsludhiana.com/"
1120,"Aff. No. :1670020
Sch. Code:24043","State : PUNJAB
District : LUDHIANA",Senior Secondary Level,"Name : SHRI GURU HARKRISHAN ADARSH SR. SEC SCHOOL VPO DHANDRA
Head/Principal Name: KIRANJIT KAUR","Address : DISTT. LUDHIANA , PUNJAB-141002
Website : https://sghadarshldh.edu.in"
1121,"Aff. No. :1670016
Sch. Code:24037","State : PUNJAB
District : LUDHIANA",Senior Secondary Level,"Name : SATYA BHARTI ADARSH SEC. SCHOOL
Head/Principal Name: POONAM SHARMA","Address : VPO- SHERPUR KALAN, TEH. JAGRAON, DISTT. LUDHIANA, PUNJAB
Website : http://Sbasss-sherpurkalan.org"
1122,"Aff. No. :1670017
Sch. Code:24038","State : PUNJAB
District : LUDHIANA",Senior Secondary Level,"Name : SATYA BHARTI ADARSH SEC. SCHOOL
Head/Principal Name: AGAM BAJAJ","Address : VPO. RANNI DEECOA ROAD, TEH PAYAL, BLOCK KHANNA, DISTT. LUDHIANA, PUNJAB
Website : http://sbasss-rauni.org"
1123,"Aff. No. :1640016
Sch. Code:24516","State : PUNJAB
District : LUDHIANA",Senior Secondary Level,"Name : JAWAHAR NAVODAYA VIDYALAYA
Head/Principal Name: NISHI GOEL","Address : DHANANSU DISTT LUDHIANA PUNJAB
Website : https://navodaya.gov.in/nvs/nvs-school/Ludhiana/en"
1124,"Aff. No. :1631607
Sch. Code:23969","State : PUNJAB
District : LUDHIANA",Secondary Level,"Name : THE CONVENT
Head/Principal Name: Archana Malhotra","Address : JHAMMAT ROAD, POHIR, LUDHIANA
Website : https://www.theconventschool.com"
1125,"Aff. No. :1640013
Sch. Code:24513","State : PUNJAB
District : MANSA",Senior Secondary Level,"Name : PM SHRI SCHOOL JAWAHAR NAVODAYA VIDYALAYA
Head/Principal Name: KUSUM GUPTA","Address : PHAPHRE BHAIKE MANSA PUNJAB
Website : www.navodaya.gov.in/nvs/nvs-school/Mansa/en/home"
1126,"Aff. No. :1670006
Sch. Code:24034","State : PUNJAB
District : MANSA",Senior Secondary Level,"Name : GOVT. G.G.S. ADARSH SEC. SCHOOL
Head/Principal Name: Dr Viney Kumari","Address : (PPP MODE) VILL. SAHNEWALI, DISTT. MANSA PUNJAB
Website : www.ggsasss.org"
1127,"Aff. No. :1670007
Sch. Code:24035","State : PUNJAB
District : MANSA",Secondary Level,"Name : GOVT. G.G.S. ADARSH SEC. SCHOOL
Head/Principal Name: AMANDEEP SINGH CHAHAL","Address : VILL. BHUPAL, DISTT. MANSA, PUNJAB
Website : www.adarshschoolbhupal.com"
1128,"Aff. No. :1631424
Sch. Code:21362","State : PUNJAB
District : MANSA",Secondary Level,"Name : DAV PUBLIC SCHOOL
Head/Principal Name: Sukhpal Kaur","Address : DAV PUBLIC SCHOOL, BARETA, (AKBARPUR KHUDAL), DISTT. MANSA (PUNJAB).
Website : www.davbareta.com"
1129,"Aff. No. :1631432
Sch. Code:23636","State : PUNJAB
District : MANSA",Senior Secondary Level,"Name : SACRED SOULS SCHOOL
Head/Principal Name: MALIKA","Address : VILLAGE KAURIWARA, TEHSIL SARDULGARH
Website : www.sacredsoulsschool.co.in"
1130,"Aff. No. :1631443
Sch. Code:23651","State : PUNJAB
District : MANSA",Senior Secondary Level,"Name : AKAL ACADEMY PHAPHRE BHAI KE
Head/Principal Name: Jaspreet Kaur","Address : VPO PHAPHRE BHAI KE, NEAR JAWAHAR NAVODAYA VIDYALAYA SCHOOL
Website : https://phaphrebk.akalacademy.ac.in/"
1131,"Aff. No. :1631350
Sch. Code:21393","State : PUNJAB
District : MANSA",Senior Secondary Level,"Name : DASMESH INTERNATIONAL SCHOOL,SARDULGARH
Head/Principal Name: IQBAL KAUR","Address : KHAIRA ROAD,SARDULGARH
Website : http://www.dissardulgarh.com"
1132,"Aff. No. :1631354
Sch. Code:21398","State : PUNJAB
District : MANSA",Secondary Level,"Name : SILVER BELLS INTERNATIONAL SCHOOL
Head/Principal Name: MANU ARORA","Address : VPO:- BEHNIWAL
Website : www.sbisbehniwal.com"
1133,"Aff. No. :1631322
Sch. Code:21360","State : PUNJAB
District : MANSA",Senior Secondary Level,"Name : SANAWAR SMART SCHOOL BHUPAL
Head/Principal Name: BALJIT SINGH SIDHU","Address : VILLAGE-BHUPAL,P.O.-MATTI,TEHSIL-MANSA,DISTRICT-MANSA
Website : www.sanawarsmartbhupal.com"
1134,"Aff. No. :1631260
Sch. Code:21252","State : PUNJAB
District : MANSA",Senior Secondary Level,"Name : THE HERITAGE INTERNATIONAL SCHOOL
Head/Principal Name: DILPREET KHURANA","Address : BHIKHI-151504
Website : http://heritageschoolbhikhi.in"
1135,"Aff. No. :1631150
Sch. Code:21141","State : PUNJAB
District : MANSA",Senior Secondary Level,"Name : J.R. MILLENNIUM SCHOOL
Head/Principal Name: MEENAKSHI MITTAL","Address : 151505
Website : https://jrmillennium.in/"
1136,"Aff. No. :1631213
Sch. Code:21199","State : PUNJAB
District : MANSA",Senior Secondary Level,"Name : SINGHAL STARS SCHOOL
Head/Principal Name: GEETA MITTAL","Address : OPP. SPORTS STADIUM, N M COLLEGE ROAD, MANSA
Website : www.singhalstars.com"
1137,"Aff. No. :1631214
Sch. Code:21201","State : PUNJAB
District : MANSA",Secondary Level,"Name : SMMB MEMORIAL SCHOOL
Head/Principal Name: Aman Kumar","Address : SMMB MEMORIAL SCHOOL
Website : http://smmbschool.com"
1138,"Aff. No. :1631216
Sch. Code:21207","State : PUNJAB
District : MANSA",Senior Secondary Level,"Name : BHAI BEHLO PUBLIC SCHOOL, PHAPHRE BHAIKE
Head/Principal Name: JASVINDER SINGH","Address : VPO: PHAPHRE BHAI KE
Website : www.bhaibehlopublicschool.com"
1139,"Aff. No. :1631180
Sch. Code:21155","State : PUNJAB
District : MANSA",Senior Secondary Level,"Name : SHRI DASHMESH PUBLIC SENIOR SECONDARY SCHOOL NAHRAN
Head/Principal Name: RAJVIR SINGH","Address : VPO NAHRAN
Website : www.sdsnahran.com"
1140,"Aff. No. :1631488
Sch. Code:23702","State : PUNJAB
District : MANSA",Senior Secondary Level,"Name : JINDAL INTERNATIONAL SCHOOL
Head/Principal Name: RAMANDEEP KAUR","Address : BOHA ROAD , BUDHLADA
Website : https://www.jindalinternationalschool.com/"
1141,"Aff. No. :1631518
Sch. Code:23739","State : PUNJAB
District : MANSA",Senior Secondary Level,"Name : THE ROYAL GLOBAL SCHOOL
Head/Principal Name: A.K. Sharma","Address : MAIN BHIKHI-MANSA ROAD, KHIALA KALAN(MANSA), TEHSIL & DISTRICT MANSA
Website : https://theroyalglobalschool.in/"
1142,"Aff. No. :1631594
Sch. Code:23900","State : PUNJAB
District : MANSA",Senior Secondary Level,"Name : SH. TARA CHAND VIDYA MANDIR SENIOR SECONDARY SCHOOL ,BHIKHI
Head/Principal Name: SANJEEV KUMAR","Address : WARD NO. 07, BHIKHI, SUB. TEH BHIKHI
Website : https://tarachandsvmbhikhi.in"
1143,"Aff. No. :1631579
Sch. Code:23814","State : PUNJAB
District : MANSA",Secondary Level,"Name : K. S. GILL PUBLIC SCHOOL
Head/Principal Name: navdeep kumar","Address : VPO MAKHA, RAIPUR ROAD NEAR TSPL, MANSA
Website : https://ksgillpublicschool.in/"
1144,"Aff. No. :1631586
Sch. Code:23855","State : PUNJAB
District : MANSA",Secondary Level,"Name : AKAL ACADEMY SANGHA
Head/Principal Name: MANDEEP KAUR","Address : VILLAGE , AND POST OFFICE. SANGHA, TEHSIL. SARDULGARH
Website : https://sangha.akalacademy.ac.in/"
1145,"Aff. No. :1631587
Sch. Code:23858","State : PUNJAB
District : MANSA",Middle Class,"Name : GURUKUL CONVENT HIGH SCHOOL
Head/Principal Name: ASHA RANI","Address : BARETA, JAKHAL ROAD, KAHANGARH
Website : https://www.gcskahangarh.co.in/"
1146,"Aff. No. :1631559
Sch. Code:23791","State : PUNJAB
District : MANSA",Secondary Level,"Name : NOOR VATIKA ENGLISH SCHOOL
Head/Principal Name: Manpreet Kaur","Address : GAMIWALA , BOHA, BUDLADA, MANSA
Website : www.noorvatika.com"
1147,"Aff. No. :1631531
Sch. Code:23753","State : PUNJAB
District : MANSA",Secondary Level,"Name : ST. XAVIER'S PUBLIC SCHOOL
Head/Principal Name: Shaiju Eapen","Address : SUNAM ROAD, BUDHLADA, BUDHLADA
Website : https://stxaviersbudhlada.in"
1148,"Aff. No. :1620025
Sch. Code:24015","State : PUNJAB
District : MANSA",Senior Secondary Level,"Name : GOVT. MODEL SCHOOL SENIOR SECONDARY SCHOOL
Head/Principal Name: Talwinder Singh","Address : MIAN JHUNIR BLOCK 01, MANSA
Website :"
1149,"Aff. No. :1620026
Sch. Code:24018","State : PUNJAB
District : MANSA",Senior Secondary Level,"Name : GOVT. MODEL SCHOOL
Head/Principal Name: raj rani","Address : JATANA KALAN, MANSA, PUNJAB
Website :"
1150,"Aff. No. :1620151
Sch. Code:24598","State : PUNJAB
District : MANSA",Secondary Level,"Name : ADARSH SEN. SEC. SCHOOL
Head/Principal Name: AMANDEEP KAUR SANDHU","Address : BOHA, BUDHLADA
Website : http://adarshschoolboha.com/"
1151,"Aff. No. :1620006
Sch. Code:24002","State : PUNJAB
District : MANSA",Senior Secondary Level,"Name : GOVT. MODEL SCHOOL
Head/Principal Name: Rajesh Khanna","Address : HIRON KALAN, BLOCK BHIKHI, DISTT. MANSA
Website :"
1152,"Aff. No. :1620007
Sch. Code:24011","State : PUNJAB
District : MANSA",Senior Secondary Level,"Name : GOVT. MODEL SCHOOL
Head/Principal Name: VARINDER SINGH","Address : DATEWAS, DISTT MANSA, BLOCK BUDHLADA
Website :"
1153,"Aff. No. :1620008
Sch. Code:24003","State : PUNJAB
District : MANSA",Senior Secondary Level,"Name : GOVT. MODEL SCHOOL
Head/Principal Name: DR OM PARKASH SETIA","Address : KULRIAN, BLOCK- II, BUDHLADDA
Website :"
1154,"Aff. No. :1630131
Sch. Code:20122","State : PUNJAB
District : MANSA",Senior Secondary Level,"Name : S D K L DAV CENTENARY PUBLIC SCHOOL
Head/Principal Name: VINOD KUMAR","Address : DISTT MANSA PUNJAB
Website : http://www.davmansa.in"
1155,"Aff. No. :1630158
Sch. Code:20143","State : PUNJAB
District : MANSA",Senior Secondary Level,"Name : LALA ARJAN DAS MEMORIAL D A V PUBLIC SCHOOL
Head/Principal Name: MADAN LAL","Address : BUDHLADA DISTT MANSA PUNJAB
Website : https://www.ladmdavbudhlada.com"
1156,"Aff. No. :1630254
Sch. Code:20244","State : PUNJAB
District : MANSA",Senior Secondary Level,"Name : AKAL ACADEMY
Head/Principal Name: Neelam Sharma","Address : MANDER PO KULRIAN TEH BUDHLADA DISTT MANSA PUNJAB
Website : https://mander.akalacademy.ac.in/"
1157,"Aff. No. :1630283
Sch. Code:20343","State : PUNJAB
District : MANSA",Senior Secondary Level,"Name : MANU VATIKA DAY BOARDING SCHOOL
Head/Principal Name: Umesh Garg","Address : BUDHLADA DISTT MANSA PUNJAB
Website : www.manuvatika.org"
1158,"Aff. No. :1630335
Sch. Code:20322","State : PUNJAB
District : MANSA",Senior Secondary Level,"Name : MOTHER CHHANKAUR CONVENT SCHOOL
Head/Principal Name: VANDANA","Address : OLD CINEMA ROAD, SARDUL GARH, MANSA PUNJAB
Website : www.chhankaurorg.in"
1159,"Aff. No. :1630341
Sch. Code:20330","State : PUNJAB
District : MANSA",Senior Secondary Level,"Name : AKAL ACADEMY
Head/Principal Name: GURJEET KAUR CHAHAL","Address : BHAI DESA, PO KATLI KALAN DISTT MANSA PUNJAB
Website : https://bhaidesa.akalacademy.ac.in"
1160,"Aff. No. :1630317
Sch. Code:20310","State : PUNJAB
District : MANSA",Senior Secondary Level,"Name : GREEN LAND DAY BOARDING PUBLIC SCHOOL
Head/Principal Name: Urmil Jain","Address : BUDHLADA ROAD BARETA DISTT MANSA PUNJAB
Website : www.greenlandbareta.com"
1161,"Aff. No. :1630325
Sch. Code:20300","State : PUNJAB
District : MANSA",Senior Secondary Level,"Name : MEERA PUBLIC SCHOOL
Head/Principal Name: DR RAM KISHAN YADAV","Address : MANSA-SIRSA ROAD, SARDULEWALA, DISTT-MANSA,PUNJAB-151507
Website : www.meeraschool.com"
1162,"Aff. No. :1630362
Sch. Code:20352","State : PUNJAB
District : MANSA",Senior Secondary Level,"Name : AKAL ACADEMY
Head/Principal Name: BALJEET KAUR","Address : VILL KURIA WARA PO AHULPUR TEH SARDULGARH DISTT MANSA PUNJAB
Website : https://kauriwara.akalacademy.ac.in/"
1163,"Aff. No. :1630471
Sch. Code:20464","State : PUNJAB
District : MANSA",Senior Secondary Level,"Name : NRM HOLLY HEART CONVENT SCHOOL
Head/Principal Name: SANT KUMAR SHARMA","Address : OPP. RADHA SWAMI SATSANG BHAWAN, BOHA BUDHDADA, MANSA, PUNJAB
Website : www.nrmholyheart.com"
1164,"Aff. No. :1630481
Sch. Code:20472","State : PUNJAB
District : MANSA",Senior Secondary Level,"Name : SH.NARAYAN SARVHITKARI VIDYA MANDIR
Head/Principal Name: RAJESH KUMAR","Address : OPP. FEST DEPARTMENT, BARNALA ROAD, DISTT MANSA, PUNJAB
Website : https://snsvmmansa.in"
1165,"Aff. No. :1630646
Sch. Code:20630","State : PUNJAB
District : MANSA",Senior Secondary Level,"Name : SRI CHAITANYA TECHNO SCHOOL
Head/Principal Name: SUNIL SACHDEVA","Address : NANGALKHURD, SIRSA ROAD, MANSA, PUNJAB
Website : www.srichaitanyaschool.net"
1166,"Aff. No. :1630615
Sch. Code:20602","State : PUNJAB
District : MANSA",Senior Secondary Level,"Name : BAL VATIKA PUBLIC SCHOOL
Head/Principal Name: Arvind Kumar Tiwari","Address : VILLAGE TIBBI HARI SINGH, TEHSIL SARDULGARH, DISTT MANSA
Website : https://balvatikapublicschool.com/website/"
1167,"Aff. No. :1630619
Sch. Code:20605","State : PUNJAB
District : MANSA",Secondary Level,"Name : ST. XAVIER'S SCHOOL
Head/Principal Name: HENRY JOSEPH RAJ","Address : MANSA KHURD, DISTT. MANSA PUNJAB 151 505
Website : www.stxaviermansa.com"
1168,"Aff. No. :1630585
Sch. Code:20573","State : PUNJAB
District : MANSA",Senior Secondary Level,"Name : MODERN SECULAR PUBLIC SCHOOL,
Head/Principal Name: AMANDEEP DAUDHRIA","Address : SUNAM-MANSA ROAD, BHIKHI (MANSA)
Website : http://www.mspsbhikhi.com"
1169,"Aff. No. :1630531
Sch. Code:20517","State : PUNJAB
District : MANSA",Senior Secondary Level,"Name : SILVER VATIKA PUBLIC SCHOOL
Head/Principal Name: Kirna Rani","Address : BHIKHI-BARNALA ROAD, SAMAON ( DISTT. MANSA)
Website : www.silvervatika.com"
1170,"Aff. No. :1630719
Sch. Code:20700","State : PUNJAB
District : MANSA",Senior Secondary Level,"Name : ATMA RAM MEMORIAL CONVENT SCHOOL
Head/Principal Name: MONIKA GARG","Address : WATER-WRKS ROAD
Website : www.armciens.com"
1171,"Aff. No. :1630726
Sch. Code:20704","State : PUNJAB
District : MANSA",Senior Secondary Level,"Name : SAHIBZADA JUJHAR SINGH PUBLIC SCHOOL
Head/Principal Name: SATVINDER KAUR","Address : VPO: KOTDHARMU MANSA
Website : www.sjsps.org"
1172,"Aff. No. :1630675
Sch. Code:20658","State : PUNJAB
District : MANSA",Senior Secondary Level,"Name : D.A.V. PUBLIC SCHOOL
Head/Principal Name: Soman K Chacko","Address : KHAIRA KHURD TEHSIL SARDULGARH DISTT. MANSA
Website : www.davsardulgarh.com"
1173,"Aff. No. :1630682
Sch. Code:20666","State : PUNJAB
District : MANSA",Senior Secondary Level,"Name : SHRI GURU NANAK DEV ACADEMY, KHIALI CHEHLANWALI (JHUNIR) DISTT. MANSA
Head/Principal Name: Kuldeep Sharma","Address : KHIALI CHEHLANWALI (JHUNIR) DISTT. MANSA
Website : www.shrigurunanakdevacademy.com"
1174,"Aff. No. :1630678
Sch. Code:20660","State : PUNJAB
District : MANSA",Senior Secondary Level,"Name : ALPINE PUBLIC SCHOOL
Head/Principal Name: DISHA NAGPAL","Address : NM COLLEGE ROAD, MANSA
Website : www.apsmansa.com"
1175,"Aff. No. :1630701
Sch. Code:20681","State : PUNJAB
District : MANSA",Senior Secondary Level,"Name : SARVHITKARI VIDYA MANDIR
Head/Principal Name: GAGANDEEP PRASHAR","Address : SARVHITKARI VIDYA MANDIR,MOOLA SINGH WALA ROAD,BHIKHI
Website : www.svmbhikhi.in"
1176,"Aff. No. :1630764
Sch. Code:20881","State : PUNJAB
District : MANSA",Senior Secondary Level,"Name : POLICE PUBLIC SCHOOL
Head/Principal Name: Manmohan Singh","Address : POLICE LINES, MANSA, PUNJAB
Website :"
1177,"Aff. No. :1630840
Sch. Code:20820","State : PUNJAB
District : MANSA",Senior Secondary Level,"Name : PUNJAB CONVENT SCHOOL
Head/Principal Name: Pallavi Pasricha","Address : JHUNIR, MANSA ROAD,
Website : www.pcsjhunir.com"
1178,"Aff. No. :1630825
Sch. Code:20800","State : PUNJAB
District : MANSA",Senior Secondary Level,"Name : SWEET BLOSSOMS SCHOOL
Head/Principal Name: MUKESH","Address : SIRSA ROAD, SARDULGARH, PUNJAB
Website : www.sbssardulgarh.com"
1179,"Aff. No. :1630927
Sch. Code:20916","State : PUNJAB
District : MANSA",Senior Secondary Level,"Name : S. CHETAN SINGH SARVHITKARI SR. SEC. VIDYA MANDIR
Head/Principal Name: JAGDEEP KUMAR","Address : JAWAHARKE ROAD MANSA
Website : www.svmchetan.com"
1180,"Aff. No. :1630930
Sch. Code:20919","State : PUNJAB
District : MANSA",Senior Secondary Level,"Name : N.R.M. HOLY HEART CONVENT SCHOOL
Head/Principal Name: MARTIN ANTONY P","Address : NR. GURU NANAK COLLEGE BUDHLADA, MANSA
Website : www.nrmholyheartbudhlada.com"
1181,"Aff. No. :1630956
Sch. Code:20952","State : PUNJAB
District : MANSA",Secondary Level,"Name : D.A.V. MODEL SCHOOL
Head/Principal Name: JAGSIR SINGH","Address : WATER WORKS ROAD BUDHLADA MANSA
Website :"
1182,"Aff. No. :1630933
Sch. Code:20939","State : PUNJAB
District : MANSA",Senior Secondary Level,"Name : MIRI PIRI KHALSA ACADEMY
Head/Principal Name: PARDEEP SONI","Address : VILLAGE KAHNEWALA
Website : www.mpka.in"
1183,"Aff. No. :1630994
Sch. Code:20984","State : PUNJAB
District : MANSA",Senior Secondary Level,"Name : GYAN SAGAR CONVENT SCHOOL
Head/Principal Name: Bharat Deep Garg","Address : VPO.KAHANGARH,TEHSIL. BUDHLADA, DISTT.MANSA
Website : https://gscskahangarh.in/"
1184,"Aff. No. :1630996
Sch. Code:20999","State : PUNJAB
District : MANSA",Senior Secondary Level,"Name : ALPINE VALLEY PUBLIC SCHOOL, AKALIA
Head/Principal Name: REVA BANSAL","Address : VPO - AKLIA
Website : www.avpshoolaklia.com"
1185,"Aff. No. :1631020
Sch. Code:21006","State : PUNJAB
District : MANSA",Senior Secondary Level,"Name : AKAL ACADEMY UDDAT SAIDEWALA
Head/Principal Name: Harpreet Kaur","Address : UDDAT SAIDEWALA, VPO UDDAT SAIDEWALA, TEHSIL BUDHLADA, DISTT. MANSA (PUNJAB)-151503
Website :"
1186,"Aff. No. :1630968
Sch. Code:20957","State : PUNJAB
District : MOGA",Senior Secondary Level,"Name : AKAL ACADEMY PURANEWALA
Head/Principal Name: Prabhjot Kaur Cheema","Address : VPO PURANEWALA, TEHSIL & DISTT. MOGA, PUNJAB-142038
Website : http://puranewala.akalacademy.ac.in"
1187,"Aff. No. :1631090
Sch. Code:21073","State : PUNJAB
District : MOGA",Secondary Level,"Name : INTERNATIONAL PUBLIC SCHOOL
Head/Principal Name: KULWANT SINGH","Address : INTERNATIONAL PUBLIC SCHOOL KOT ISE KKHAN TALWANDI NAU BAHAR ROAD NEAR PETROL PUMP
Website : www.ipsmoga.com"
1188,"Aff. No. :1630936
Sch. Code:20932","State : PUNJAB
District : MOGA",Senior Secondary Level,"Name : HARWARD CONVENT SCHOOL
Head/Principal Name: GEETA SHARMA","Address : BAGHA PURANA, DISTT. MOGA
Website : www.harwardconventschool.com"
1189,"Aff. No. :1630942
Sch. Code:20936","State : PUNJAB
District : MOGA",Senior Secondary Level,"Name : AKAL ACADEMY BAKARWAL
Head/Principal Name: KIRANJOT KAUR","Address : AKAL ACADEMY BAKARWAL VILLAGE & P.O. BAKARWAL, TEHSIL DHARMKOT, DISTRICT MOGA -142042
Website : www.bakarwal.akalacademy.ac.in"
1190,"Aff. No. :1630919
Sch. Code:20902","State : PUNJAB
District : MOGA",Senior Secondary Level,"Name : SRI CHAITANYA TECHNO SCHOOL
Head/Principal Name: Seema Sharma","Address : VILLAGE PURANE WALA,MOGA-LDH ROAD, MOGA
Website : https://srichaitanyaschool.net/"
1191,"Aff. No. :1630895
Sch. Code:20890","State : PUNJAB
District : MOGA",Senior Secondary Level,"Name : R.K.S INTERNATIONAL PUBLIC SCHOOL
Head/Principal Name: K SASI KUMAR","Address : V.P.O JANER, MOGA, DHARAMKOT,
Website : www.rksipsmoga.in"
1192,"Aff. No. :1630826
Sch. Code:20797","State : PUNJAB
District : MOGA",Senior Secondary Level,"Name : SMMB MEMORIAL SCHOOL
Head/Principal Name: Manpreet Kaur","Address : GAUSHALA NEHAR WALI, DISTT MOGA, PUNJAB
Website : www.smmbschool.com"
1193,"Aff. No. :1630851
Sch. Code:20830","State : PUNJAB
District : MOGA",Secondary Level,"Name : AKAL ACADEMY
Head/Principal Name: Sarita Rani","Address : AKAL ACADEMY JHANDIANA, V&PO JHANDIANA, WEST VIA GHAL KALAN, TEH&DISTT. MOGA
Website : http://jhandiana.akalacademy.ac.in"
1194,"Aff. No. :1630780
Sch. Code:20760","State : PUNJAB
District : MOGA",Senior Secondary Level,"Name : LAWRENCE INTERNATIONAL CONVENT SCHOOL
Head/Principal Name: Jeenam","Address : MANDEERAN WALA ROAD BAGHA PURANA DISTT. MOGA (PUNJAB)
Website : www.lawrenceconventschool.com"
1195,"Aff. No. :1630794
Sch. Code:20773","State : PUNJAB
District : MOGA",Senior Secondary Level,"Name : M.G. CONVENT SCHOOL
Head/Principal Name: VEENA KUMARI","Address : BARNALA ROAD NEAR BABA MALLO SHAHEED GURUDWARA
Website : www.mgconvent.in"
1196,"Aff. No. :1630795
Sch. Code:20766","State : PUNJAB
District : MOGA",Senior Secondary Level,"Name : AKAL ACADEMY
Head/Principal Name: Seema","Address : VPO KALEKE, TEHSIL BAGHAPURANA, DISTT. MONGA
Website : http://kaleke.akalacademy.ac.in"
1197,"Aff. No. :1630694
Sch. Code:20673","State : PUNJAB
District : MOGA",Senior Secondary Level,"Name : GOLDEN EARTH CONVENT SCHOOL
Head/Principal Name: ANURADHA PURBA","Address : MOGA-FEROZEPUR HIGHWAY V.P.O JOGEWALA DISTT. MOGA
Website : www.goldenearthconventschool.com"
1198,"Aff. No. :1630672
Sch. Code:20656","State : PUNJAB
District : MOGA",Senior Secondary Level,"Name : SFC PUBLIC SCHOOL
Head/Principal Name: Sheenam jindal","Address : VPO FATEHGARH KOROTANA,MOGA.
Website : https://www.sfcpublicschool.com/"
1199,"Aff. No. :1630529
Sch. Code:20515","State : PUNJAB
District : MOGA",Secondary Level,"Name : SUMMER FIELDS SCHOOL
Head/Principal Name: Umesh Kumar","Address : V.P.O. DROLI BHAI, DISTT. MOGA
Website :"
1200,"Aff. No. :1630530
Sch. Code:20545","State : PUNJAB
District : MOGA",Senior Secondary Level,"Name : GREEN VALLEY CONVENT SCHOOL
Head/Principal Name: NEETU KAPOOR","Address : RANSIH KHURD ROAD, NEAR NEW GRAIN MARKET, NIHAL SINGH WALA
Website : www.greenvalleyconvent.com"
1201,"Aff. No. :1630546
Sch. Code:20535","State : PUNJAB
District : MOGA",Senior Secondary Level,"Name : SBRS GURUKUL
Head/Principal Name: NASEEM BANO","Address : 11TH KM STONE, NH 95, VPO-MEHNA
Website : www.sbrsgurukul.org"
1202,"Aff. No. :1630572
Sch. Code:20562","State : PUNJAB
District : MOGA",Senior Secondary Level,"Name : D.A.V KRB PUBLIC SCHOOL
Head/Principal Name: Ritu Jagdish Ahuja","Address : MOGA ROAD KOT ISE KHAN MOGA, KOT ISE KHAN,
Website : www.davkotisekhan.edu.in"
1203,"Aff. No. :1630625
Sch. Code:20613","State : PUNJAB
District : MOGA",Senior Secondary Level,"Name : LALA HANS RAJ MEMORIAL CONVENT SCHOOL
Head/Principal Name: CHANDNI MAINI","Address : AMRITSAR BYE-PASS ROAD, NEAR BUGHIPURA CHOWK, MOGA, PUNJAB
Website :"
1204,"Aff. No. :1630601
Sch. Code:20590","State : PUNJAB
District : MOGA",Senior Secondary Level,"Name : GN CONVENT SCHOOL
Head/Principal Name: RAMANDEEP KAUR","Address : VPO BHALOOR, DISTT MOGA PUNJAB
Website : http://gncsmoga.com/"
1205,"Aff. No. :1630602
Sch. Code:20591","State : PUNJAB
District : MOGA",Senior Secondary Level,"Name : LALA LAJPAT RAI INTERNATIONAL SCHOOL
Head/Principal Name: POONAM ARORA","Address : LANDE KE, AMRITSAR ROAD,
Website : http://llrismoga.com/"
1206,"Aff. No. :1630605
Sch. Code:20593","State : PUNJAB
District : MOGA",Senior Secondary Level,"Name : GREEN VALLEY PUBLIC SCHOOL
Head/Principal Name: Soma Acharya","Address : VPO BADHNI KALAN TEHSIL NIHAL SINGH WALA
Website : www.greenvalleyschool.net"
1207,"Aff. No. :1630455
Sch. Code:20462","State : PUNJAB
District : MOGA",Senior Secondary Level,"Name : SUPREME CONVENT SCHOOL
Head/Principal Name: KUNJUMOL JOY","Address : NIHALSINGHWALA, BILASPUR, DISTT MOGA, PUNJAB
Website :"
1208,"Aff. No. :1630377
Sch. Code:20372","State : PUNJAB
District : MOGA",Senior Secondary Level,"Name : SPRING FIELD CONVENT SCHOOL
Head/Principal Name: BAIJU VIJAYAN","Address : MUDKI ROAD CIVIL HOSPITAL BAGHA PURANA DISTT MOGA PUNJAB
Website : www.springfieldbpa.com"
1209,"Aff. No. :1630409
Sch. Code:20458","State : PUNJAB
District : MOGA",Senior Secondary Level,"Name : CAMBRIDGE INTERNATIONAL SCHOOL
Head/Principal Name: SATWINDER KAUR","Address : OPPOSUTE RADGA SWANU SATSANG BHAWAN, KOTAPURA ROAD, MAIN BAZAR DISTT. MOGA.
Website : www.cismoga.in"
1210,"Aff. No. :1630425
Sch. Code:20414","State : PUNJAB
District : MOGA",Senior Secondary Level,"Name : SURYA CONVENT SCHOOL
Head/Principal Name: RENU SOOD","Address : ZIRA ROAD DHARAMKET DISTT MOGA PUNJAB
Website : www.suryconvent.com"
1211,"Aff. No. :1630427
Sch. Code:20416","State : PUNJAB
District : MOGA",Senior Secondary Level,"Name : OXFORD SCHOOL
Head/Principal Name: Harpreet Kaur","Address : G T ROAD MOGA PUNJAB
Website : www.oxfordschoolmoga.in"
1212,"Aff. No. :1630428
Sch. Code:20417","State : PUNJAB
District : MOGA",Senior Secondary Level,"Name : PUNJAB CONVENT SCHOOL
Head/Principal Name: NEELIMA","Address : CHANNOWALA ROAD BAGHA PURAM DISTT MOGA PUNJAB
Website : https://www.punjabconventschool.co.in/"
1213,"Aff. No. :1630449
Sch. Code:20437","State : PUNJAB
District : MOGA",Senior Secondary Level,"Name : BLOOMING BUDS SCHOOL
Head/Principal Name: HAMILIYA RANI","Address : VILLAGE TALWANDI BHANGERIAN, DISTT MOGA, PUNJAB
Website : www.bbsmoga.com"
1214,"Aff. No. :1630326
Sch. Code:20318","State : PUNJAB
District : MOGA",Senior Secondary Level,"Name : ANGEL HEART CONVENT SCHOOL
Head/Principal Name: Ms Amrita Singh","Address : GOAL CHOWK DHARMKOT PUNJAB
Website : www.angelheartschool.com"
1215,"Aff. No. :1630271
Sch. Code:20264","State : PUNJAB
District : MOGA",Senior Secondary Level,"Name : H S BRAR PUBLIC SCHOOL
Head/Principal Name: Anju jindal","Address : CHAND PURANA DISTT MOGHA PUNJAB
Website : www.hsbps.org"
1216,"Aff. No. :1630259
Sch. Code:20251","State : PUNJAB
District : MOGA",Senior Secondary Level,"Name : ROYAL CONVENT SCHOOL
Head/Principal Name: BHARAT KALIA","Address : VILL. DHURKOT,TEH. NIHAL SINGH WALA
Website : www.royaledu.org"
1217,"Aff. No. :1630237
Sch. Code:20242","State : PUNJAB
District : MOGA",Senior Secondary Level,"Name : PIONEER SCHOOL
Head/Principal Name: R.K.BHASKAR","Address : FATEHGARH CHURIAN ROAD AMRITSAR PUNJAB
Website : www.pioneerschool.co.in"
1218,"Aff. No. :1630243
Sch. Code:20253","State : PUNJAB
District : MOGA",Senior Secondary Level,"Name : GITA BHAWAN PUBLIC SCHOOL
Head/Principal Name: Neeru Bala","Address : VEDANT NAGAR MOGA PUNJAB
Website :"
1219,"Aff. No. :1630103
Sch. Code:20096","State : PUNJAB
District : MOGA",Senior Secondary Level,"Name : R K S PUBLIC SCHOOL
Head/Principal Name: RAJNI ARORA","Address : MAIN BAZAR SHIVALA SADAN MOGA PUNJAB
Website : www.rksschool.com"
1220,"Aff. No. :1630013
Sch. Code:20037","State : PUNJAB
District : MOGA",Senior Secondary Level,"Name : D N MODEL SR SEC SCHOOL
Head/Principal Name: SONIA KALSI","Address : MOGA STREET NO.9 PUNJAB
Website : www.dnmodelschoolmoga.in"
1221,"Aff. No. :1630072
Sch. Code:20067","State : PUNJAB
District : MOGA",Senior Secondary Level,"Name : DR SAIF-UD-DIN KITCHLU MEMORIAL PUBLIC SCHOOL
Head/Principal Name: HEM PRABHA SOOD","Address : FCI ROAD OPP BHAG CINEMA MOGA PUNJAB
Website : https://drkitchlupublicschool.com/"
1222,"Aff. No. :1630053
Sch. Code:20036","State : PUNJAB
District : MOGA",Senior Secondary Level,"Name : NATIONAL CONVENT SCHOOL
Head/Principal Name: Swaran Pal kaur","Address : AMRITSAR ROAD MOGA PUNJAB
Website : www.ncsmoga.in"
1223,"Aff. No. :1631544
Sch. Code:23768","State : PUNJAB
District : MOGA",Senior Secondary Level,"Name : DELHI WORLD PUBLIC SCHOOL
Head/Principal Name: SIMRITI BHALLA","Address : MOGA FEROZEPUR GT ROAD, NEAR PS SADAR GHALKALAN, MOGA
Website : https://www.dwpsmoga.com"
1224,"Aff. No. :1631529
Sch. Code:23751","State : PUNJAB
District : MOGA",Secondary Level,"Name : DR KALAM INTERNATIONAL SCHOOL
Head/Principal Name: GURPREET KAUR SHARMA","Address : MANUKE GILL, BAGHAPURANA ROAD, VILLAGE MANUKE
Website : http://drkalamschool.com/"
1225,"Aff. No. :1631577
Sch. Code:23812","State : PUNJAB
District : MOGA",Secondary Level,"Name : AKAL ACADEMY MANAWAN
Head/Principal Name: Paramjit Kaur","Address : VILLAGE, AND POST OFFICE. MANAWAN, TEHSIL. DHARAMKOT
Website : https://manawan.akalacademy.ac.in"
1226,"Aff. No. :1631182
Sch. Code:21164","State : PUNJAB
District : MOGA",Senior Secondary Level,"Name : RAJINDERA PUBLIC SENIOR SECONDARY SCHOOL
Head/Principal Name: SEEMA SHARMA","Address : 1100 KOT KAPURA ROAD
Website : http://rpsmoga.in/login.aspx"
1227,"Aff. No. :1631206
Sch. Code:21192","State : PUNJAB
District : MOGA",Senior Secondary Level,"Name : UNIQUE SCHOOL OF STUDIES
Head/Principal Name: YOGINDER PAL","Address : VPO SMALSAR
Website : www.smalsaruniqueschool.in"
1228,"Aff. No. :1631243
Sch. Code:21231","State : PUNJAB
District : MOGA",Senior Secondary Level,"Name : SANT BABA BHAG SINGH MEMORIAL PUBLIC HIGH SCHOOL
Head/Principal Name: PROMILA SHARMA","Address : SANT BABA BHAG SINGH MEMORIAL PUBLIC HIGH SCHOOL,DERA BHORRE WALA
Website : www.highschool.sbbsmgc.in"
1229,"Aff. No. :1631151
Sch. Code:21142","State : PUNJAB
District : MOGA",Senior Secondary Level,"Name : SHRI GURU HARGOBIND SAHIB PUBLIC SENIOR SECONDARY SCHOOL
Head/Principal Name: PARAMJEET KAUR HUNJAN","Address : VPO KUSSA KUSSA MINIAN ROAD
Website : www.sghsschoolkussa.com"
1230,"Aff. No. :1631169
Sch. Code:21163","State : PUNJAB
District : MOGA",Senior Secondary Level,"Name : SRI HEMKUNT SAHIB SEN.SEC.SCHOOL
Head/Principal Name: AMARDEEP SINGH","Address : V.P.O FATEHGARH PANJTOOR TEH-DHARMKOT DISTT-MOGA PUNJAB
Website : www.srihemkuntsahibfgp.org"
1231,"Aff. No. :1631177
Sch. Code:21156","State : PUNJAB
District : MOGA",Senior Secondary Level,"Name : GLOBAL WISDOM CONVENT SCHOOL
Head/Principal Name: SAMITA SINGH","Address : LOHGARH ROAD
Website : www.gwcsdmk.com"
1232,"Aff. No. :1631173
Sch. Code:21154","State : PUNJAB
District : MOGA",Senior Secondary Level,"Name : AUCKLAND GRAMMAR SENIOR SECONDARY SCHOOL
Head/Principal Name: MANPREET KAUR","Address : AUCKLAND GRAMMAR SENIOR SECONDARY SCHOOL
Website : http://aucklandschool.in/"
1233,"Aff. No. :1631174
Sch. Code:21157","State : PUNJAB
District : MOGA",Senior Secondary Level,"Name : SRI HEMKUNT SEN.SEC.SCHOOL
Head/Principal Name: RAMANJIT KAUR","Address : V.P.O-KOT ISE KHAN WARD NO -10 TEH-DHARMKOT DISTT MOGA PUNJAB
Website : www.srihemkuntschool.org"
1234,"Aff. No. :1631137
Sch. Code:21130","State : PUNJAB
District : MOGA",Senior Secondary Level,"Name : CAMBRIDGE CONVENT HIGH SCHOOL, KOT ISE KHAN
Head/Principal Name: GURWINDER SINGH","Address : V.P.O.KOT ISE KHAN DISTT. MOGA
Website : www.cambridgeschoolkik.in"
1235,"Aff. No. :1631138
Sch. Code:21129","State : PUNJAB
District : MOGA",Senior Secondary Level,"Name : BHAI ROOP CHAND CONVENT SCHOOL
Head/Principal Name: KIRNA RANI","Address : PHULLE WALA ROAD
Website : www.brcconventschool.com"
1236,"Aff. No. :1631122
Sch. Code:21111","State : PUNJAB
District : MOGA",Senior Secondary Level,"Name : HOLY HEART SCHOOL
Head/Principal Name: MRS SAKSHI","Address : HOLY HEART SCHOOL , GT ROAD , AJITWAL , MOGA -142053
Website :"
1237,"Aff. No. :1631262
Sch. Code:21253","State : PUNJAB
District : MOGA",Senior Secondary Level,"Name : THE LEARNING FIELD A GLOBAL SCHOOL
Head/Principal Name: RAVINDER KAUR","Address : OPP. ISF COLLEGE FEROZEPUR LUDHIANA G.T. ROAD
Website : www.thelearningfield.in"
1238,"Aff. No. :1631300
Sch. Code:21291","State : PUNJAB
District : MOGA",Senior Secondary Level,"Name : ST.JORDAN`S CONVENT SCHOOL
Head/Principal Name: SUDHA K R","Address : GAUSHALA ROAD,BAGHAPURANA
Website : www.stjordanconventschool.com"
1239,"Aff. No. :1631365
Sch. Code:21410","State : PUNJAB
District : MOGA",Senior Secondary Level,"Name : MILLENNIUM WORLD SCHOOL KOTKAPURA
Head/Principal Name: Sneh Lata","Address : KOTKAPURA-MOGA HIGHWAY, PANJGRAIN KHURD
Website : www.millenniumkkp.in"
1240,"Aff. No. :1670004
Sch. Code:24031","State : PUNJAB
District : MOGA",Secondary Level,"Name : GOVT. BIS ADARSH SEC SCHOOL
Head/Principal Name: Harinder Kaur","Address : V.P.O. MUNAVAN, TEH MOGA, DISTT MOGA-142043
Website : www.adarshschoolmanawan.com"
1241,"Aff. No. :1670005
Sch. Code:24033","State : PUNJAB
District : MOGA",Secondary Level,"Name : GOVT.B.I.S. ADARSH SEC SCHOOL,
Head/Principal Name: SUKHDEEP KAUR","Address : RANSIH KALAN, DISTT. MOGA
Website : ggsadarshschoolransih@yahoo.com"
1242,"Aff. No. :1670002
Sch. Code:24029","State : PUNJAB
District : MOGA",Secondary Level,"Name : GOVT. BIS ADARSH SEC SCHOOL
Head/Principal Name: MANJU BALA","Address : DAULATPURA NIWAN, DISTT MOGA-142001
Website : https://gbismoga.com/"
1243,"Aff. No. :1640014
Sch. Code:24514","State : PUNJAB
District : MOGA",Senior Secondary Level,"Name : PM SHRI SCHOOL JAWAHAR NAVODAYA VIDYALAYA
Head/Principal Name: Rakesh Kumar Meena","Address : VPO LOHARA TEH NIHAL SINGHWALA DISTT MOGA PUNJAB
Website : https://navodaya.gov.in/nvs/nvs-school/Moga/en/hom"
1244,"Aff. No. :1640003
Sch. Code:24503","State : PUNJAB
District : SRI MUKTSAR SAHIB",Senior Secondary Level,"Name : PM SHRI SCHOOL JAWAHAR NAVODAYA VIDYALAYA
Head/Principal Name: PAWAN KUMAR BENIWAL","Address : VILL & PO BRING KHERA DISTT MUKTSAR PUNJAB
Website : https:navodaya.gov.in/nvs/nvs-school/Muktsar/en/home/"
1245,"Aff. No. :1631360
Sch. Code:21405","State : PUNJAB
District : SRI MUKTSAR SAHIB",Senior Secondary Level,"Name : AKAL ACADEMY MADHIR
Head/Principal Name: Sukhveer Kaur","Address : AKAL ACADEMY MADHIR, VPO MADHIR, NEAR FOCAL POINT, TEHSIL GIDDERBAHA, DISTRICT SRI MUKTSAR SAHIB (PUNJAB) - 152101
Website : https://madhir.akalacademy.ac.in/"
1246,"Aff. No. :1631284
Sch. Code:21274","State : PUNJAB
District : SRI MUKTSAR SAHIB",Senior Secondary Level,"Name : AKAL ACADEMY DAULA
Head/Principal Name: Sukhwinder Kaur","Address : DAULA, VILLAGE DAULA, P.O. & TEHSIL GIDDERBAHA, DISTT. SRI MUKTSAR SAHIB - 152101
Website : http://daula.akalacademy.ac.in"
1247,"Aff. No. :1631162
Sch. Code:21150","State : PUNJAB
District : SRI MUKTSAR SAHIB",Senior Secondary Level,"Name : BHAI MOHRI JI MEMORIAL PUBLIC SENIOR SECONDARY SCHOOL
Head/Principal Name: SUMANJEET KAUR","Address : V.P.O. GURUSAR
Website : www.bmjschool.com"
1248,"Aff. No. :1631147
Sch. Code:21135","State : PUNJAB
District : SRI MUKTSAR SAHIB",Senior Secondary Level,"Name : VISHAL PUBLIC SENIOR SECONDARY SCHOOL
Head/Principal Name: SHAKUNTLA RANI","Address : PRINCIPAL, VISHAL SENIOR SECONDARY SCHOOL
Website : www.vishalpublicschool.com"
1249,"Aff. No. :1631558
Sch. Code:23790","State : PUNJAB
District : SRI MUKTSAR SAHIB",Senior Secondary Level,"Name : JRM WORLD SCHOOL
Head/Principal Name: Ravneet Kaur","Address : 3RD MILE STONE , MALOUT BATHINDA ROAD, VPO JANDWALA
Website : https://www.jrmworldschool.com/"
1250,"Aff. No. :1631536
Sch. Code:23758","State : PUNJAB
District : SRI MUKTSAR SAHIB",Secondary Level,"Name : AKAL ACADEMY KOLLIANWALI
Head/Principal Name: Maninder Kaur","Address : V.P.O. KOLLIANWALI, SITO ROAD, TEHSIL. MALOUT
Website : https://kollianwali.akalacademy.ac.in/"
1251,"Aff. No. :1631520
Sch. Code:23741","State : PUNJAB
District : SRI MUKTSAR SAHIB",Senior Secondary Level,"Name : DESH BHAGAT GLOBAL SCHOOL
Head/Principal Name: SANJEEV KUMAR","Address : KOTKAPURA ROAD, FORMER DESH BHAGAT DENTAL COLLEGE, SRI MUKTSAR SAHIB
Website : https://deshbhagatglobalschoolmks.com/about-us"
1252,"Aff. No. :1631553
Sch. Code:23778","State : PUNJAB
District : SRI MUKTSAR SAHIB",Secondary Level,"Name : ICONIC INTERNATIONAL SCHOOL
Head/Principal Name: VANEET KUMAR","Address : V.P.O. RUPANA, MALOUT ROAD, TEHSIL SRI MUKTSAR SAHIB
Website : http://www.iconicschool.co.in"
1253,"Aff. No. :1631504
Sch. Code:23719","State : PUNJAB
District : SRI MUKTSAR SAHIB",Senior Secondary Level,"Name : DASHMESH INTERNATIONAL PUBLIC SCHOOL
Head/Principal Name: MONIKA RANI","Address : 6TH MILESTONE, , GIDDERBAHA ROAD,, THERI SAHIB
Website : www.dipsmalout.com"
1254,"Aff. No. :1630026
Sch. Code:20012","State : PUNJAB
District : SRI MUKTSAR SAHIB",Senior Secondary Level,"Name : BAL MANDIR MODEL SR. SEC. SCHOOL
Head/Principal Name: SEEMA","Address : VILL KILLIANWALI P O MANDI DABWALI PUNJAB
Website : https://balmandirschoolkillianwali.in/"
1255,"Aff. No. :1630021
Sch. Code:20014","State : PUNJAB
District : SRI MUKTSAR SAHIB",Senior Secondary Level,"Name : SAINT SOLDIER CONVENT SCHOOL
Head/Principal Name: ALKA DABRA","Address : TIBBI SAHIB MUKTSAR DISTT FARIDKOT PUNJAB
Website :"
1256,"Aff. No. :1620023
Sch. Code:24014","State : PUNJAB
District : SRI MUKTSAR SAHIB",Senior Secondary Level,"Name : GOVT. MODEL SCHOOL
Head/Principal Name: SURENDRA NAGAR","Address : BHAGSAR, DISTT, SHRI MUKTSAR SAHIB, PUNJAB
Website :"
1257,"Aff. No. :1620024
Sch. Code:24017","State : PUNJAB
District : SRI MUKTSAR SAHIB",Senior Secondary Level,"Name : GOVT. MODEL SCHOOL
Head/Principal Name: ONAMDEEP SINGH","Address : PHULLUKHERA, BLOCK - LAMBI
Website :"
1258,"Aff. No. :1630162
Sch. Code:20178","State : PUNJAB
District : SRI MUKTSAR SAHIB",Senior Secondary Level,"Name : AKAL ACADEMY
Head/Principal Name: Symbolpreet Kaur Grewal","Address : AKAL ACADEMY SRI MUKTSAR SAHIB, TEHSIL & DISTRICT SRI MUKTSAR SAHIB, MALOT ROAD (NEAR DERA BHAI MASTAN SINGH) SRI MUKTSAR SAHIB - PUNJAB (152026)
Website : https://muktsar.akalacademy.ac.in/"
1259,"Aff. No. :1630179
Sch. Code:20174","State : PUNJAB
District : SRI MUKTSAR SAHIB",Senior Secondary Level,"Name : GURU TEG BAHADUR KHALSA PUBLIC SCHOOL
Head/Principal Name: HEM LATA KAPUR","Address : MALOUT MUKTSAR PUNJAB
Website : www.gtbkpsmalout.com"
1260,"Aff. No. :1630235
Sch. Code:20229","State : PUNJAB
District : SRI MUKTSAR SAHIB",Senior Secondary Level,"Name : JAGAN NATH JAIN DAV PUB SCHOOL
Head/Principal Name: Gurdas Singh Mann","Address : GIDDARBHA DISTT MUKTSAR PUNJAB
Website : www.jnjdavgdb.com"
1261,"Aff. No. :1630249
Sch. Code:20245","State : PUNJAB
District : SRI MUKTSAR SAHIB",Senior Secondary Level,"Name : DAV PUBLIC SCHOOL
Head/Principal Name: VARSHA SACHDEVA","Address : KOTKAPURA ROAD MUKTSAR PUNJAB
Website : www.davpublicschool.org"
1262,"Aff. No. :1630266
Sch. Code:20259","State : PUNJAB
District : SRI MUKTSAR SAHIB",Senior Secondary Level,"Name : BHAI MASTAN SINGH PUBLIC SCHOOL
Head/Principal Name: MUNISH CHOPRA","Address : AARE WALI GALI NEAR BUS STAND MALOUT ROAD MUKTSAR PUNJAB
Website : www.bmsmuktsar.com"
1263,"Aff. No. :1630329
Sch. Code:20316","State : PUNJAB
District : SRI MUKTSAR SAHIB",Senior Secondary Level,"Name : GURU DASHMESH ACADEMY
Head/Principal Name: GURPREET KAUR","Address : NANAKSAR COLONY VPO BHAGU, NEAR LAMBI DISTT MUKTSAR PUNJAB
Website : www.gurudasmeshacademy.org"
1264,"Aff. No. :1630342
Sch. Code:20332","State : PUNJAB
District : SRI MUKTSAR SAHIB",Senior Secondary Level,"Name : SAINT FARID CONVENT SCHOOL
Head/Principal Name: JOGINDER TANEJA","Address : ABOHAR ROAD MUKTSAR PUNJAB
Website : www.saintfaridconventschool.com"
1265,"Aff. No. :1630361
Sch. Code:20350","State : PUNJAB
District : SRI MUKTSAR SAHIB",Senior Secondary Level,"Name : KULWANT JOSHI MEMO REGIONAL CONVENT
Head/Principal Name: VIKAS JAGGA","Address : SCHOOL RUPANA MUKTSAR PUNJAB
Website : www.kjmrcsr.in"
1266,"Aff. No. :1630366
Sch. Code:20356","State : PUNJAB
District : SRI MUKTSAR SAHIB",Senior Secondary Level,"Name : A P S PUBLIC SCHOOL
Head/Principal Name: GURPREET SINGH","Address : V& PO LUBANIANWALI TEH & DISTT MUKTSAR PUNJAB
Website :"
1267,"Aff. No. :1630367
Sch. Code:20360","State : PUNJAB
District : SRI MUKTSAR SAHIB",Senior Secondary Level,"Name : GURU GOBIND SINGH PUBLIC SCHOOL
Head/Principal Name: NAVDEEP KAUR TURNA","Address : VILL MADAHAR KALAN BARIWALA ROAD DISTT MUKTSAR PUNJAB
Website : https://ggspsmadaharkalan.com/"
1268,"Aff. No. :1630359
Sch. Code:20348","State : PUNJAB
District : SRI MUKTSAR SAHIB",Senior Secondary Level,"Name : IMPERIAL PUBLIC SCHOOL
Head/Principal Name: SUKHBIR KAUR","Address : VILLAGE- SANGUDHON, BATHINDA ROAD MUKTSAR PUNJAB
Website : www.ipsmuktsar.com"
1269,"Aff. No. :1630375
Sch. Code:20374","State : PUNJAB
District : SRI MUKTSAR SAHIB",Senior Secondary Level,"Name : D V M PUBLIC SCHOOL
Head/Principal Name: RAJ KUMARI","Address : V&PO UDEKARAN DISTT MUKTSAR PUNJAB
Website : www.dvmschooludekaran.in/"
1270,"Aff. No. :1630432
Sch. Code:20421","State : PUNJAB
District : SRI MUKTSAR SAHIB",Senior Secondary Level,"Name : KALGIDHAR PUBLIC SCHOOL
Head/Principal Name: NEERU","Address : PANNI WALA FATTA MUKTSAR, PANNIWALA FATTA VILLAGE, MUKTSAR, PUNJAB
Website : www.kalgidharpublicschool.com"
1271,"Aff. No. :1630413
Sch. Code:20399","State : PUNJAB
District : SRI MUKTSAR SAHIB",Senior Secondary Level,"Name : SH SURENDER KUMAR GUPTA SARUHITKARI VIDYA MANDIR
Head/Principal Name: Puran Chand","Address : BURA GUJAR ROAD MUKTSAR PUNJAB
Website : http://svmmuktsar3.sarvhitkari.org"
1272,"Aff. No. :1630472
Sch. Code:20465","State : PUNJAB
District : SRI MUKTSAR SAHIB",Senior Secondary Level,"Name : SACRED HEART PUBLIC SCHOOL
Head/Principal Name: NISHA RANI","Address : VILLAGE JANDO KE . P.O BARIWALA, MUKTSAR, PUNJAB
Website : https://sacredheartpublicschooljandoke.com"
1273,"Aff. No. :1630520
Sch. Code:20510","State : PUNJAB
District : SRI MUKTSAR SAHIB",Senior Secondary Level,"Name : PUNJAB PUBLIC SCHOOL
Head/Principal Name: Sanju Bala","Address : VPO- LAKHEWALI, DISTT. MUKTSAR
Website : http://www.ppslakhewali.in"
1274,"Aff. No. :1630626
Sch. Code:20708","State : PUNJAB
District : SRI MUKTSAR SAHIB",Senior Secondary Level,"Name : MATA JASWANT KAUR MEMORIAL SCHOOL
Head/Principal Name: PUSHPENDRA KUMAR RANA","Address : VPO BADAL, MALAOUT DISTRICT MUKTSAR, PUNJAB
Website : www.mjkms.in"
1275,"Aff. No. :1630628
Sch. Code:20615","State : PUNJAB
District : SRI MUKTSAR SAHIB",Senior Secondary Level,"Name : BABA ISHER SINGH(N)PUBLIC SCHOOL,
Head/Principal Name: RAJVEER KAUR BRAR","Address : V.P.O.KATTIANWALI,VIA ALAMWALA, MUKTASAR, PUBJAB
Website : www.biskattianwali.com"
1276,"Aff. No. :1630644
Sch. Code:20628","State : PUNJAB
District : SRI MUKTSAR SAHIB",Senior Secondary Level,"Name : GOOD SHEPHERD PUBLIC SCHOOL
Head/Principal Name: Pinki Rani","Address : V.P.O.PANNIWALA FATTA, MUKTSAR
Website : www.gspspanniwala.org"
1277,"Aff. No. :1630634
Sch. Code:20870","State : PUNJAB
District : SRI MUKTSAR SAHIB",Senior Secondary Level,"Name : KIDS KINGDOM CONVENT SCHOOL
Head/Principal Name: PRAMOD JOSEPH","Address : VPO-SINGHEWALA 2ND KM STONE DABWALI MALOUT ROAD
Website : www.kkcsedu.org"
1278,"Aff. No. :1630522
Sch. Code:20511","State : PUNJAB
District : SRI MUKTSAR SAHIB",Senior Secondary Level,"Name : NISHAAN ACADEMY
Head/Principal Name: HARPREET KAUR","Address : VILL: AULAKH, P.O.: RAM NAGAR
Website : http://www.nishaanacademyaulakh.com/"
1279,"Aff. No. :1630549
Sch. Code:20533","State : PUNJAB
District : SRI MUKTSAR SAHIB",Senior Secondary Level,"Name : HOLY ANGEL SCHOOL
Head/Principal Name: AARTI SHARMA","Address : TINKONI CHOWK, MALOUT
Website : www.holyangelsschoolmalout.in"
1280,"Aff. No. :1630700
Sch. Code:20690","State : PUNJAB
District : SRI MUKTSAR SAHIB",Senior Secondary Level,"Name : THE OXFORD INTERNATIONAL SCHOOL
Head/Principal Name: Gurjot Singh Randhawa","Address : VPO DHANI SINGHEWALA, MALOUT, MUKTSAR,
Website : www.oxfordschooldabwali.com"
1281,"Aff. No. :1630707
Sch. Code:20688","State : PUNJAB
District : SRI MUKTSAR SAHIB",Senior Secondary Level,"Name : H S HIGH SCHOOL, ABOHAR ROAD, MUKTSAR
Head/Principal Name: VIPAN KUMAR","Address : ABOHAR ROAD, SRI MUKTSAR SAHIB
Website : www.hshighschool.org"
1282,"Aff. No. :1630809
Sch. Code:20787","State : PUNJAB
District : SRI MUKTSAR SAHIB",Senior Secondary Level,"Name : THE GLADIOLUS SCHOOL
Head/Principal Name: Sandeep Kaur","Address : 4TH MILESTONE, BATHINDA ROAD, SRI MUKTSAR SAHIB ,POST BOX NO-7
Website : www.thegladiolus.com"
1283,"Aff. No. :1630890
Sch. Code:20876","State : PUNJAB
District : SRI MUKTSAR SAHIB",Senior Secondary Level,"Name : APPLE INTERNATIONAL SCHOOL
Head/Principal Name: MANDEEP PAL","Address : CHANNU
Website : https://www.appleinternationalschool.com/"
1284,"Aff. No. :1630866
Sch. Code:20845","State : PUNJAB
District : SRI MUKTSAR SAHIB",Senior Secondary Level,"Name : MATTHEW ALEXANDER SCHOOL LAMBI
Head/Principal Name: SANDEEP KAUR","Address : V.P.O-LAMBI,TEH-MALOUT,DISTT-MUKTSAR
Website : http://matthewalexanderschoollambi.com/"
1285,"Aff. No. :1630858
Sch. Code:20835","State : PUNJAB
District : SRI MUKTSAR SAHIB",Senior Secondary Level,"Name : GURUKUL
Head/Principal Name: KIRANJOT KAUR","Address : V.P.O HARI-KE-KALAN
Website : https://www.gurukulharikekalan.in/"
1286,"Aff. No. :1631089
Sch. Code:21115","State : PUNJAB
District : SRI MUKTSAR SAHIB",Senior Secondary Level,"Name : SHRI GURU ANGAD DEV PUBLIC SCHOOL
Head/Principal Name: Kulwinder Kaur","Address : KOTKAPURA ROAD
Website : www.guruangadschool.com"
1287,"Aff. No. :1631063
Sch. Code:21053","State : PUNJAB
District : SRI MUKTSAR SAHIB",Senior Secondary Level,"Name : LDR CONVENT SCHOOL
Head/Principal Name: GUNJAN","Address : VILLAGE LAMBI DHAB, GURUHARSAHAI ROAD DISTRICT SRI MUKTSAR SAHIB
Website : www.ldrconventschool.com"
1288,"Aff. No. :1630967
Sch. Code:20950","State : PUNJAB
District : SRI MUKTSAR SAHIB",Senior Secondary Level,"Name : DRS CONVENT SCHOOL
Head/Principal Name: Navneet Kumar","Address : V.P.O. KAONI GIDDARBAHA MUKTSAR
Website : www.drskaoni.org"
1289,"Aff. No. :1631001
Sch. Code:20989","State : PUNJAB
District : SRI MUKTSAR SAHIB",Secondary Level,"Name : SHRI GURU NANAK DEV PUBLIC SCHOOL
Head/Principal Name: SANDEEP KAUR","Address : GURU HARSAHAI ROAD
Website : www.sgndps.com"
1290,"Aff. No. :1631053
Sch. Code:21047","State : PUNJAB
District : SHAHID BHAGAT SINGH NAGAR",Senior Secondary Level,"Name : SENTINEL CAMBRIDGE INTERNATIONAL SEN.SEC .SCHOOL
Head/Principal Name: MANJINDER KAUR","Address : SENTINEL CAMBRIDGE INTERNATIONAL SEN.SEC SCHOOL SIANA BALACHAUR
Website : http://www.sentinel_scis.in"
1291,"Aff. No. :1630864
Sch. Code:20874","State : PUNJAB
District : SHAHID BHAGAT SINGH NAGAR",Senior Secondary Level,"Name : ST. SOLDIER PUBLIC SCHOOL
Head/Principal Name: JASWINDER KAUR","Address : CHARANKAMAL ROAD, BANGA
Website : https://sspsbanga.ztc.in/user.php?user=adminform"
1292,"Aff. No. :1630909
Sch. Code:20901","State : PUNJAB
District : SHAHID BHAGAT SINGH NAGAR",Senior Secondary Level,"Name : DARRICK INTERNATIONAL SCHOOL
Head/Principal Name: Mehak Misra","Address : MUKANDPUR ROAD, BANGA
Website : www.darrickinternationalschool.com"
1293,"Aff. No. :1630913
Sch. Code:20889","State : PUNJAB
District : SHAHID BHAGAT SINGH NAGAR",Senior Secondary Level,"Name : BHAGWAN MAHAVEER PUBLIC SR SEC SCHOOL
Head/Principal Name: K Vasudha Jain","Address : BHAGWAN MAHAVEER MARG BANGA. DISTT SBS NAGAR PUNJAB 144505
Website : www.bmpsbanga.org"
1294,"Aff. No. :1630931
Sch. Code:20923","State : PUNJAB
District : SHAHID BHAGAT SINGH NAGAR",Senior Secondary Level,"Name : CAMBRIDGE INTERNATIONAL SCHOOL
Head/Principal Name: Sonia Walia","Address : KARIHA BANGA NAWANSHAHR ROAD
Website : www.cisnawanshahr.in"
1295,"Aff. No. :1630947
Sch. Code:20937","State : PUNJAB
District : SHAHID BHAGAT SINGH NAGAR",Senior Secondary Level,"Name : GURU RAMDAS INTERNATIONAL PUBLIC SCHOOL
Head/Principal Name: AMAN SAINI","Address : VILLAGE MALPUR
Website : www.gripsschool.in"
1296,"Aff. No. :1630708
Sch. Code:20686","State : PUNJAB
District : SHAHID BHAGAT SINGH NAGAR",Senior Secondary Level,"Name : SCHOLAR PUBLIC HIGH SCHOOL
Head/Principal Name: DALBIR KAUR","Address : VILLAGE LADHANA UCHA,P.O. LADHANA JHIKKA
Website : www.scholarucha.com"
1297,"Aff. No. :1630557
Sch. Code:20543","State : PUNJAB
District : SHAHID BHAGAT SINGH NAGAR",Senior Secondary Level,"Name : RMBDAV CENTENARY PUBLIC SCHOOL
Head/Principal Name: R.K VERMA","Address : MUSAPUR ROAD, NAWANSHAHR
Website : www.davnawanshahr.com"
1298,"Aff. No. :1630613
Sch. Code:20601","State : PUNJAB
District : SHAHID BHAGAT SINGH NAGAR",Senior Secondary Level,"Name : SCHOLARS PUBLIC SCHOOL
Head/Principal Name: Puneet Soni","Address : V.P.O JADLA, TEH & DISTT NAWANSHAHR,
Website : www.scholarspublicschool.in"
1299,"Aff. No. :1630397
Sch. Code:20389","State : PUNJAB
District : SHAHID BHAGAT SINGH NAGAR",Senior Secondary Level,"Name : GURU NANAK MISSION PUBLIC SR SEC SCHOOL
Head/Principal Name: VANITA CHOT","Address : DHAHAN KALARIAN DISTT SBS NAGAR PUNJAB
Website : www.gnmpsdhahan.com"
1300,"Aff. No. :1630384
Sch. Code:20376","State : PUNJAB
District : SHAHID BHAGAT SINGH NAGAR",Senior Secondary Level,"Name : RAYAT INTERNATIONAL SCHOOL
Head/Principal Name: NAVEEN JOSHI","Address : V & PO RAIL MAJRA TEH BALACHAUR DISTT NAWANSHAHAR PUNJAB
Website : www.rayatschool.in"
1301,"Aff. No. :1630316
Sch. Code:20312","State : PUNJAB
District : SHAHID BHAGAT SINGH NAGAR",Senior Secondary Level,"Name : HOLY HEART DAY BOARDING PUBLIC SCH
Head/Principal Name: SANTOSH SIDANA","Address : ABOHAR ROAD FAZILIKA DISTT PUNJAB
Website : www.holyheartfazilka.com"
1302,"Aff. No. :1630262
Sch. Code:20255","State : PUNJAB
District : SHAHID BHAGAT SINGH NAGAR",Senior Secondary Level,"Name : BRAHMRISHI MISSION SCHOOL
Head/Principal Name: Shreya Bharti","Address : HANUMAN GARH ROAD ABOHAR, DISTT FAZILKA PUNJAB
Website : www.bmsabohar.in"
1303,"Aff. No. :1630264
Sch. Code:20257","State : PUNJAB
District : SHAHID BHAGAT SINGH NAGAR",Senior Secondary Level,"Name : K C PUBLIC SCHOOL
Head/Principal Name: RANJNA KHANNA","Address : KARYAM ROAD NAWANSHAHAR PUNJAB
Website : www.kcpsnawanshahr.com"
1304,"Aff. No. :1630234
Sch. Code:20227","State : PUNJAB
District : SHAHID BHAGAT SINGH NAGAR",Senior Secondary Level,"Name : SUTLEJ PUBLIC SCHOOL
Head/Principal Name: AJAY KUMAR","Address : KAJLA ROAD BANGA PUNJAB
Website : www.sutlejpublicschoolbanga.in"
1305,"Aff. No. :1630222
Sch. Code:20218","State : PUNJAB
District : SHAHID BHAGAT SINGH NAGAR",Senior Secondary Level,"Name : M R CITI PUBLIC SCHOOL
Head/Principal Name: RITU BATRA","Address : BALACHAUR DISTT NAWANSHAR PUNJAB
Website : http://mrcitisrsecschool.co.in"
1306,"Aff. No. :1630095
Sch. Code:20082","State : PUNJAB
District : SHAHID BHAGAT SINGH NAGAR",Senior Secondary Level,"Name : SHIVALIK PUBLIC SCHOOL
Head/Principal Name: OFFICIATING GURVINDER KAUR","Address : NAWAN SAHAR PUNJAB
Website : www.shivalik.org"
1307,"Aff. No. :1630077
Sch. Code:20072","State : PUNJAB
District : SHAHID BHAGAT SINGH NAGAR",Senior Secondary Level,"Name : KIRPAL SAGAR ACADEMY
Head/Principal Name: GURJEET SINGH","Address : VILL. DARYAPUR P.O KAHLON NEAR RAHLON TEH. NAWANSHAHR DIST. JALANDHAR PUNJAB
Website : www.kirpalsagaracademy.com"
1308,"Aff. No. :1631509
Sch. Code:23725","State : PUNJAB
District : SHAHID BHAGAT SINGH NAGAR",Senior Secondary Level,"Name : DR. ASA NAND ARYA MODEL SENIOR SECONDARY SCHOOL
Head/Principal Name: AMIT SABHARWAL","Address : S.B.S.NAGAR, NAWANSHAHR, PUNJAB
Website : https://drasanandaryamodelsss.com"
1309,"Aff. No. :1631513
Sch. Code:23731","State : PUNJAB
District : SHAHID BHAGAT SINGH NAGAR",Senior Secondary Level,"Name : P.S. PRESIDENCY SCHOOL
Head/Principal Name: PUNAM RANI","Address : VILLAGE PALLIAN KHURD, RAHON JADLA ROAD, SBS NAGAR
Website : https://pspresidency.com/"
1310,"Aff. No. :1631487
Sch. Code:23701","State : PUNJAB
District : SHAHID BHAGAT SINGH NAGAR",Senior Secondary Level,"Name : THE NORWOOD SCHOOL
Head/Principal Name: RAVINDER SINGH BHANOT","Address : P O KATHGARH, TEH BALACHAUR
Website : www.thenorwoodschool.com"
1311,"Aff. No. :1631569
Sch. Code:23802","State : PUNJAB
District : SHAHID BHAGAT SINGH NAGAR",Secondary Level,"Name : AKAL ACADEMY CHAHAL KALAN
Head/Principal Name: Mamta Devi","Address : VILLAGE, -, HAKIMPUR
Website : https://chahalkalan.akalacademy.ac.in/"
1312,"Aff. No. :1631245
Sch. Code:21232","State : PUNJAB
District : SHAHID BHAGAT SINGH NAGAR",Senior Secondary Level,"Name : SHIV CHAND PUBLIC HIGH SCHOOL
Head/Principal Name: SANDEEP CHAWLA","Address : PO SAHLON
Website : http://scphs.in/"
1313,"Aff. No. :1631278
Sch. Code:21269","State : PUNJAB
District : SHAHID BHAGAT SINGH NAGAR",Senior Secondary Level,"Name : RAJA SAHIB PUBLIC SENIOR SECONDARY SCHOOL
Head/Principal Name: Iqbal Kaur","Address : VILLAGE - JHINGRAN, TEHSIL - BANGA, DISTT.- SBS NAGAR
Website : www.RAJASAHIBSCHOOL.COM"
1314,"Aff. No. :1631263
Sch. Code:21254","State : PUNJAB
District : SHAHID BHAGAT SINGH NAGAR",Senior Secondary Level,"Name : SHAURYA INTERNATIONAL SCHOOL
Head/Principal Name: AARTI TAYAL","Address : RURKI KALAN, BALACHAUR
Website : http://shauryainternationalschool.com/"
1315,"Aff. No. :1631321
Sch. Code:21359","State : PUNJAB
District : SHAHID BHAGAT SINGH NAGAR",Secondary Level,"Name : ST.SOLDIER DIVINE PUBLIC SCHOOL JHINGRAN
Head/Principal Name: DEEPAK RANA","Address : V.P.O JHINGRAN
Website : www.ssdpsbanga.in"
1316,"Aff. No. :1631353
Sch. Code:21397","State : PUNJAB
District : SHAHID BHAGAT SINGH NAGAR",Senior Secondary Level,"Name : AKAL ACADEMY CHAK MANDER
Head/Principal Name: Moninderpal Kaur Sandhu","Address : AKAL ACADEMY CHAK MANDER, VILLAGE CHAK MANDER, POST OFFICE JASSO MAJARA, TEHSIL BANGA, DISTRICT SHAHEED BHAGAT SINGH NAGAR (PUNJAB) - 144501
Website : https://chakmander.akalacademy.ac.in/index.php"
1317,"Aff. No. :1631438
Sch. Code:23642","State : PUNJAB
District : SHAHID BHAGAT SINGH NAGAR",Senior Secondary Level,"Name : APOLLO STAR INTERNATIONAL PUBLIC SCHOOL
Head/Principal Name: Deepti","Address : POST OFFICE, RAHON
Website : www.aispsrahon.com"
1318,"Aff. No. :1640005
Sch. Code:24506","State : PUNJAB
District : SHAHID BHAGAT SINGH NAGAR",Senior Secondary Level,"Name : PM SHRI SCHOOL JAWAHAR NAVODAYA VIDYALAYA
Head/Principal Name: RAVINDER KUMAR","Address : V&P POJEWAL TEH BALACHAUR DISTT NAWAN SAHAR PUNJAB
Website : https://navodaya.gov.in/nvs/nvs-school/NawanShahar"
1319,"Aff. No. :1670010
Sch. Code:24039","State : PUNJAB
District : SHAHID BHAGAT SINGH NAGAR",Senior Secondary Level,"Name : GOVT. FCS ADARSH SR. SEC. SCHOOL
Head/Principal Name: Pawan Kumar","Address : NAWAGRAM, TEH. VALACHOUR, DISTT. SBS NAGAR, NAWAN SHEHAR, PUNJAB
Website : http://fcsadarshschoolnawangran.ztc.in"
1320,"Aff. No. :1670013
Sch. Code:20756","State : PUNJAB
District : SHAHID BHAGAT SINGH NAGAR",Senior Secondary Level,"Name : GOVT.FCS ADARSH SR. SEC. SCHOOL
Head/Principal Name: Amit Kaushal","Address : JANDIALA, DISTT. SBS NAGAR, NAWANSHAHAR, PUNJAB
Website : www.adarshjandiala.com"
1321,"Aff. No. :1680010
Sch. Code:20069","State : PUNJAB
District : PATIALA",Senior Secondary Level,"Name : ARMY PUBLIC SCHOOL
Head/Principal Name: Sita Ram","Address : 40 BARADARI NEAR G P O PATIALA PUNJAB
Website : www.apspatiala.com"
1322,"Aff. No. :1640008
Sch. Code:24504","State : PUNJAB
District : PATIALA",Senior Secondary Level,"Name : JAWAHAR NAVODAYA VIDYALAYA
Head/Principal Name: GURJINDER SINGH","Address : FATEHPUR RAJPUTANA PO SANOUR PATIALA PUNJAB
Website : https://navodaya.gov.in/nvs/nvs-school/Patiala/en/"
1323,"Aff. No. :1631444
Sch. Code:23652","State : PUNJAB
District : PATIALA",Senior Secondary Level,"Name : JATHEDAR BALOUR SINGH MEMORIAL PUB SEN SEC SCHOOL
Head/Principal Name: SURINDER KUMAR","Address : TEHSIL SAMANA, DISTT. PATIALA (PUNJAB)-147101
Website : https://jbsmps.com/"
1324,"Aff. No. :1631435
Sch. Code:23639","State : PUNJAB
District : PATIALA",Senior Secondary Level,"Name : DIVINE INTERNATIONAL PUBLIC SCHOOL
Head/Principal Name: SUKHWINDER SINGH","Address : VILLAGE DHABI GUJJRAN PO SHERGARH, TEHSIL PATRAN
Website : http://dipsdhabigujran.com/"
1325,"Aff. No. :1631422
Sch. Code:23624","State : PUNJAB
District : PATIALA",Senior Secondary Level,"Name : BABA BANDA SINGH BAHADUR PUBLIC SEN. SEC. SCHOOL
Head/Principal Name: SUNITA RANI","Address : SAMANA-PATIALA ROAD, SAMANA
Website : https://bbsbpss.com"
1326,"Aff. No. :1631356
Sch. Code:21400","State : PUNJAB
District : PATIALA",Senior Secondary Level,"Name : DR.B.S.SANDHU MEMORIAL PUBLIC SCHOOL
Head/Principal Name: TARANDEEP KAUR AURORA","Address : GHARAM ROAD, JULAH KHERI, TEHSIL DUDHAN-SAADHAN, DISTT. PUNJAB-147111
Website : http://www.drbssandhumps.in"
1327,"Aff. No. :1631340
Sch. Code:21382","State : PUNJAB
District : PATIALA",Senior Secondary Level,"Name : AKAL JOT PUBLIC SENIOR SECONDARY SCHOOL
Head/Principal Name: JASPAL KAUR","Address : OPP. GARG FILLING STATION, VILLAGE SHERGARH, DISTT. PATIALA (PUNJAB)
Website : http://akaljotshergarh.in"
1328,"Aff. No. :1631341
Sch. Code:21383","State : PUNJAB
District : PATIALA",Senior Secondary Level,"Name : DELHI PUBLIC SCHOOL RAJPURA
Head/Principal Name: Geetika Chandra","Address : VILL KALO MAJRA P.O- JANSLA.
Website : https://dpsrajpura.com/"
1329,"Aff. No. :1631342
Sch. Code:21384","State : PUNJAB
District : PATIALA",Senior Secondary Level,"Name : GURU GOBIND SINGH PUBLIC SENIOR SECONDARY SCHOOL
Head/Principal Name: Satwinderpreet","Address : VPO BINAHERI-147201, TEHSIL NABHA, DISTT. PATIALA (PUNJAB)
Website : http://www.ggsbinaheri.org.in"
1330,"Aff. No. :1631329
Sch. Code:21370","State : PUNJAB
District : PATIALA",Secondary Level,"Name : THE HUMMING BIRDS SCHOOL RAJPURA
Head/Principal Name: SONAM KAUSHAL","Address : THE HUMMING BIRDS SCHOOL NH-1, VILL- UGANA, SIRHIND ROAD, RAJPURA
Website : www.thehummingbirdsschool.in"
1331,"Aff. No. :1631305
Sch. Code:21302","State : PUNJAB
District : PATIALA",Secondary Level,"Name : SANT KABIR SCHOOL
Head/Principal Name: Nardeep Singh","Address : SANT KABIR SCHOOL LALOUCHHI TEHSIL AND DISTRICT PATIALA PUNJAB 147001
Website : www.santkabirschool.in"
1332,"Aff. No. :1631308
Sch. Code:21299","State : PUNJAB
District : PATIALA",Senior Secondary Level,"Name : SANT ISHAR SINGH MEMORIAL PUBLIC HIGH SCHOOL
Head/Principal Name: PARWINDER SHARMA","Address : VILLAGE KHERI JATTAN POST OFFICE BHADSON TEHSIL NABHA DISTRICT PATIALA PUNJAB
Website : www.sismpatiala.in"
1333,"Aff. No. :1631274
Sch. Code:21366","State : PUNJAB
District : PATIALA",Senior Secondary Level,"Name : CARPE DIEM INTERNATIONAL SCHOOL
Head/Principal Name: NISHU SHARMA","Address : VILLAGE UPPALHERI RAJPURA SIRHIND ROAD RAJPURA PATIALA PUNJAB 140401
Website : https://www.carpediemschool.in/"
1334,"Aff. No. :1631276
Sch. Code:21271","State : PUNJAB
District : PATIALA",Senior Secondary Level,"Name : SMART MIND PUBLIC SCHOOL
Head/Principal Name: Vinita Dehra","Address : VILL. MEHMA TEH.RAJPURA
Website : https://www.smartmindpublicschool.in/"
1335,"Aff. No. :1631240
Sch. Code:21230","State : PUNJAB
District : PATIALA",Senior Secondary Level,"Name : SRS VIDYAPEETH
Head/Principal Name: MILLIE BOSE","Address : VILLAGE LALGARH, PATIALA ROAD, SAMANA-147101, DISTT. PATIALA (PUNJAB)
Website : www.srsvidyapeeth.org.in"
1336,"Aff. No. :1631220
Sch. Code:21203","State : PUNJAB
District : PATIALA",Senior Secondary Level,"Name : GEMS PUBLIC SCHOOL
Head/Principal Name: Manjari Tejpal","Address : NEAR ITBP CAMP, CHAURA-SANOUR ROAD, VILL-DHARAMKOT, PATIALA
Website : https://gemspublicschoolpatiala.co.in"
1337,"Aff. No. :1631231
Sch. Code:21223","State : PUNJAB
District : PATIALA",Senior Secondary Level,"Name : ANGELS VALLEY SCHOOL
Head/Principal Name: Neeru Mehta","Address : ANGELS VALLEY SCHOOL VILLAGE PABRI SIEL CHEMICAL ROAD RAJPURA
Website : www.angelsvalley.edu.in"
1338,"Aff. No. :1631232
Sch. Code:21222","State : PUNJAB
District : PATIALA",Secondary Level,"Name : RADCLIFFE SCHOOL PATIALA
Head/Principal Name: BINDU KOHLI","Address : RADCLIFFE SCHOOL,RAWAS BRAHMNA,DAKALA ROAD NEAR OVER BRIDGE
Website : https://radcliffepatiala.in"
1339,"Aff. No. :1631208
Sch. Code:21193","State : PUNJAB
District : PATIALA",Senior Secondary Level,"Name : SRI GURU HARKRISHAN PUBLIC SENIOR SECONDARY SCHOOL
Head/Principal Name: MONICA WALIA","Address : RAIPUR,SEAL ROAD,BAHADURGARH,PATIALA
Website : https://raipur.sghps.com/"
1340,"Aff. No. :1631189
Sch. Code:21176","State : PUNJAB
District : PATIALA",Senior Secondary Level,"Name : DAV PUBLIC SCHOOL BADSHAHPUR MANDI (UGOKE)
Head/Principal Name: POONAM SINGH","Address : DAV PUBLIC SCHOOL BADSHAHPUR MANDI (UGOKE)
Website : www.davbadshahpur.org"
1341,"Aff. No. :1631184
Sch. Code:21172","State : PUNJAB
District : PATIALA",Senior Secondary Level,"Name : THE MILESTONE SMART SCHOOL
Head/Principal Name: ARUSHI BHANDARI","Address : GHANOUR
Website : https://www.milestonesmartschool.edu.in/ghanaur/"
1342,"Aff. No. :1631154
Sch. Code:21146","State : PUNJAB
District : PATIALA",Senior Secondary Level,"Name : NARAIN SMART SCHOOL
Head/Principal Name: PREETI DUGGAL","Address : VILLAGE BHANRA
Website : www.narainsmartschool.com"
1343,"Aff. No. :1631157
Sch. Code:21147","State : PUNJAB
District : PATIALA",Senior Secondary Level,"Name : AKAL ACADEMY SEONA
Head/Principal Name: SUKHWINDER KAUR","Address : SEONA, AKAL ACADEMY SEONA, VILLAGE NAVAN PIND, P.O.KULBANOO, TEHSIL PATRAN, DISTRICT PATIALA- 147102
Website : http://seona.akalacademy.ac.in/"
1344,"Aff. No. :1631118
Sch. Code:21106","State : PUNJAB
District : PATIALA",Senior Secondary Level,"Name : MOUNT LITERA ZEE SCHOOL PATIALA
Head/Principal Name: RICHA TRIPATHI","Address : SULAR MAAIN ROAD, PATIALA 147001
Website : www.mlzspatiala.edu.in"
1345,"Aff. No. :1631139
Sch. Code:21128","State : PUNJAB
District : PATIALA",Secondary Level,"Name : BRITISH PUBLIC ACADEMY
Head/Principal Name: GEETA DEVI","Address : MERDANHERI,(DAKALA)
Website : www.britishpublicacademy.org"
1346,"Aff. No. :1631132
Sch. Code:21122","State : PUNJAB
District : PATIALA",Secondary Level,"Name : BAREFEET PUBLIC SCHOOL, PATIALA
Head/Principal Name: PRIYANKA GARG","Address : VILL. JAHLAN, PO. RANBIRPURA, PATIALA- SANGRUR ROAD, NH-64, PATIALA 147001
Website : www.barefeetpublicschool.com"
1347,"Aff. No. :1631557
Sch. Code:23788","State : PUNJAB
District : PATIALA",Senior Secondary Level,"Name : PUNJAB PUBLIC SENIOR SECONDARY SCHOOL
Head/Principal Name: ARUN KUMAR KATOCH","Address : VILLAGE BRAHMAN MAJRA, POST OFFICE GHAGGA, TEHSIL PATRAN
Website : www.ppsbrahmanmajra.in"
1348,"Aff. No. :1631521
Sch. Code:23742","State : PUNJAB
District : PATIALA",Senior Secondary Level,"Name : OUR LADY OF FATIMA CONVENT SCHOOL
Head/Principal Name: Poonam","Address : ASSARPUR-BUDHANPUR, CHAURA-SEEL, BAHADURGARH POST
Website : https://www.ourladyoffatimaassarpur.com/"
1349,"Aff. No. :1631537
Sch. Code:23759","State : PUNJAB
District : PATIALA",Secondary Level,"Name : AKAL ACADEMY RANNO
Head/Principal Name: Kushma Rani","Address : VILL. RANNO, P.O. JINDALPUR, NEAR BHADSON
Website : https://ranno.akalacademy.ac.in/"
1350,"Aff. No. :1631530
Sch. Code:23752","State : PUNJAB
District : PATIALA",Secondary Level,"Name : BRAINWOOD GLOBAL SCHOOL
Head/Principal Name: Sheetal Malhotra","Address : VILLAGE BHEDPURA, PATIALA, ON PATIALA-SANGRUR, NH-07, NEAR PARMEHWAR DUWAR GURUDWARA SAHIB
Website : www.brainwoodglobal@gmail.com"
1351,"Aff. No. :1631486
Sch. Code:23700","State : PUNJAB
District : PATIALA",Secondary Level,"Name : ELITE AMERICAN CORPORATE SCHOOL
Head/Principal Name: Manjeet Madra","Address : SIRHIND ROAD, PATIALA
Website : www.americancorporateschool.com"
1352,"Aff. No. :1631495
Sch. Code:23710","State : PUNJAB
District : PATIALA",Senior Secondary Level,"Name : ASCEND EDUCATION ACADEMY
Head/Principal Name: RAMANJEET KAUR","Address : P. O. DUDHAN SADHAN, DISTT. PATIALA
Website : www.ascendeducation.in"
1353,"Aff. No. :1631468
Sch. Code:23681","State : PUNJAB
District : PATIALA",Secondary Level,"Name : THE MUKAT TRUST INTERNATIONAL SCHOOL
Head/Principal Name: SONIA SHARMA","Address : RAJPURA-PATIALA ROAD, RAJPURA
Website : http://mukatinternationalschool.org/"
1354,"Aff. No. :1631455
Sch. Code:23663","State : PUNJAB
District : PATIALA",Senior Secondary Level,"Name : MILLENNIUM WORLD SCHOOL
Head/Principal Name: Shalini Cajla","Address : RAJLA ROAD, SAMANA
Website : www.millenniumworldschoolsamana.com"
1355,"Aff. No. :1630080
Sch. Code:20079","State : PUNJAB
District : PATIALA",Senior Secondary Level,"Name : DAYANAND PUBLIC SCHOOL
Head/Principal Name: SUBASH CHAND BHARDWAJ","Address : PANDUSAR STREET, NABHA DISTT. PATIALA
Website : www.dpsnabha.com"
1356,"Aff. No. :1630076
Sch. Code:","State : PUNJAB
District : PATIALA",Senior Secondary Level,"Name : BABA APPO AAP GURU NANAK PUBLIC SCHOOL
Head/Principal Name: MRS LOVLEEN SYAL","Address : V P CHHINTANWALA TEH NABHA DIST. PATIALA PUNJAB
Website :"
1357,"Aff. No. :1630084
Sch. Code:20087","State : PUNJAB
District : PATIALA",Senior Secondary Level,"Name : SRI AUROBINDO INTERNATIONAL SCHOOL
Head/Principal Name: NEERJA SETHI","Address : SRI AURBINDO MARG PATIALA PUNJAB
Website : https://www.auroschoolpta.com"
1358,"Aff. No. :1630097
Sch. Code:20092","State : PUNJAB
District : PATIALA",Senior Secondary Level,"Name : PATEL PUBLIC SCHOOL
Head/Principal Name: CHHAYA NARULA","Address : P M N COLLEGE ROAD RAJPURA PUNJAB
Website : www.patelpublic.com"
1359,"Aff. No. :1630099
Sch. Code:20094","State : PUNJAB
District : PATIALA",Senior Secondary Level,"Name : SRI SUKHMANI INTERNATIONAL SCHOOL
Head/Principal Name: Dr.POONAM SHARMA","Address : 10KM ON CHANDIGARH AMBALA NATIONAL HIGHWAY DERA BASSI PATIALA PUNJAB
Website : www.ssis.edu.in"
1360,"Aff. No. :1630112
Sch. Code:20104","State : PUNJAB
District : PATIALA",Senior Secondary Level,"Name : SRI GURU HARKRISHAN PUBLIC SCHOOL
Head/Principal Name: Dr. KANWALJIT KAUR","Address : SRI GURU HARKRISHAN PUBLIC SCHOOL, TAFAZALPURA, SHANTI NAGAR, VILLAGE - FALAULI
Website : www.sghps.com"
1361,"Aff. No. :1630124
Sch. Code:20117","State : PUNJAB
District : PATIALA",Senior Secondary Level,"Name : BUDHA DAL PUBLIC SCHOOL
Head/Principal Name: AMANDEEP KAUR","Address : PATRAN ROAD SAMANA DISTT PATIALA PUNJAB
Website : www.bdpssamana.com"
1362,"Aff. No. :1630117
Sch. Code:20113","State : PUNJAB
District : PATIALA",Senior Secondary Level,"Name : GURU TEG BAHADUR PUBLIC SCHOOL
Head/Principal Name: SARABJIT SINGH","Address : P.O. BEHAR SAHIB VIA PATRAN PATIALA PUNJAB
Website : www.sgtbs.in"
1363,"Aff. No. :1630107
Sch. Code:20101","State : PUNJAB
District : PATIALA",Senior Secondary Level,"Name : BLOSSOMS SENIOR SECONDARY SCHOOL
Head/Principal Name: BINDU VAID","Address : NABA ROAD (NEAR CENTENARY ENCLAVE) PATIALA PUNJAB
Website : www.blossomsschool.com"
1364,"Aff. No. :1630119
Sch. Code:20114","State : PUNJAB
District : PATIALA",Senior Secondary Level,"Name : DAV CENTENARY PUBLIC SCHOOL
Head/Principal Name: SANJAY KUMAR","Address : NABHA DISTT PATIALA PUNJAB
Website : www.davnabha.com"
1365,"Aff. No. :1630120
Sch. Code:20139","State : PUNJAB
District : PATIALA",Senior Secondary Level,"Name : GURU NANAK FOUNDATION PUBLIC SCHOOL
Head/Principal Name: Jasjeet Sohi","Address : PATIALA SULAR ROAD, DISTT PATIALA, PUNJAB
Website : www.gnfpspatiala.org.in"
1366,"Aff. No. :1630221
Sch. Code:20217","State : PUNJAB
District : PATIALA",Senior Secondary Level,"Name : APOLLO PUBLIC SCHOOL
Head/Principal Name: RUPINDER DHILLON","Address : URBAN ESTATE NEAR RADIO STATION PATIALA PUNJAB
Website : www.apollopublicschool.com"
1367,"Aff. No. :1630226
Sch. Code:20223","State : PUNJAB
District : PATIALA",Senior Secondary Level,"Name : MUKAT PUBLIC SCHOOL
Head/Principal Name: POONAM SHARMA","Address : NEAR PATIALA BY PASS RAILWAY CROSSING DAMAN HERI ROAD RAJPURA, DISTT PATIALA, PUNJAB
Website : www.mukatschool.org"
1368,"Aff. No. :1630211
Sch. Code:20210","State : PUNJAB
District : PATIALA",Senior Secondary Level,"Name : GURU TEG BAHADUR PUBLIC SCHOOL
Head/Principal Name: GURPREET KAUR","Address : PATRAN TEH SAMANA DISTT PATIALA PUNJAB
Website : https://www.gurutegbahadurpublicschoolpatran.com"
1369,"Aff. No. :1630217
Sch. Code:20211","State : PUNJAB
District : PATIALA",Senior Secondary Level,"Name : ST. SOLDIER PARADISE PUB SCHOOL
Head/Principal Name: NEELAM BHAR","Address : DHAKOLI NEAR SEC 20 PANCHKULA DISTT PATIALA PUNJAB
Website : www.ssdpsdhakoli.in"
1370,"Aff. No. :1630207
Sch. Code:20198","State : PUNJAB
District : PATIALA",Senior Secondary Level,"Name : DAV PUBLIC SCHOOL
Head/Principal Name: MRS.ALPNA PATHAK","Address : RAJPURA DISTT PATIALA PUNJAB
Website : www.davrajpura.com"
1371,"Aff. No. :1630187
Sch. Code:","State : PUNJAB
District : PATIALA",Secondary Level,"Name : MALWA INTERNATIONAL PUB SCHOOL
Head/Principal Name: R K SHARMA","Address : PATIALA ROAD SAMANA DISTT. PATIALA PUNJAB.
Website :"
1372,"Aff. No. :1630166
Sch. Code:20154","State : PUNJAB
District : PATIALA",Senior Secondary Level,"Name : SRI GURU TEGH BAHADUR PUBLIC SCHOOL
Head/Principal Name: ANU","Address : TRIPARI ROAD PATIALA PUNJAB
Website : www.sgtbpatiala.com"
1373,"Aff. No. :1620022
Sch. Code:24013","State : PUNJAB
District : PATIALA",Senior Secondary Level,"Name : GOVT. MODEL SCHOOL
Head/Principal Name: HARISH KUMAR","Address : CHUNAGRA, P.O. HARYOU KHURD, TEH PATRAN
Website :"
1374,"Aff. No. :1630012
Sch. Code:20045","State : PUNJAB
District : PATIALA",Secondary Level,"Name : OUR LADY OF FATIMA CONVENT SEC SCH
Head/Principal Name: SR IMMACULATE","Address : AJIT NAGAR PATIALA PUNJAB
Website : www.ourladyoffatimapatiala.com"
1375,"Aff. No. :1630028
Sch. Code:20048","State : PUNJAB
District : PATIALA",Senior Secondary Level,"Name : I C L PUBLIC SCHOOL
Head/Principal Name: SEEMA RANI","Address : RAJPURA PUNJAB
Website : www.iclschools.in"
1376,"Aff. No. :1630052
Sch. Code:20043","State : PUNJAB
District : PATIALA",Senior Secondary Level,"Name : ST. PETER'S ACADEMY
Head/Principal Name: LAZER MICHAEL COLLINS","Address : AJIT NAGAR PATIALA PUNJAB
Website : www.saintpeterspatiala.com"
1377,"Aff. No. :1630046
Sch. Code:20046","State : PUNJAB
District : PATIALA",Senior Secondary Level,"Name : BUDHA DAL PUBLIC SCHOOL
Head/Principal Name: HARPREET KAUR","Address : LOWER MALL PATIALA PUNJAB
Website : www.bdpspatiala.com"
1378,"Aff. No. :1630061
Sch. Code:20060","State : PUNJAB
District : PATIALA",Senior Secondary Level,"Name : D A V PUBLIC SCHOOL
Head/Principal Name: Vivek Tiwari","Address : BHUPINDER ROAD PATIALA PUNJAB
Website : www.davpatiala.com"
1379,"Aff. No. :1600010
Sch. Code:24539","State : PUNJAB
District : PATIALA",Senior Secondary Level,"Name : PM SHRI KENDRIYA VIDYALAYA NO-1
Head/Principal Name: Dr. Arun Kumar","Address : O R S COLONY SANGRUR ROAD PATIALA CANTT PUNJAB
Website : https://no1patiala.kvs.ac.in/"
1380,"Aff. No. :1600022
Sch. Code:24541","State : PUNJAB
District : PATIALA",Senior Secondary Level,"Name : KENDRIYA VIDYALAYA NO 2
Head/Principal Name: LAXMI SINGH","Address : D M W PATIALA PUNJAB
Website : https://no2patiala.kvs.ac.in/"
1381,"Aff. No. :1600030
Sch. Code:24549","State : PUNJAB
District : PATIALA",Senior Secondary Level,"Name : KENDRIYA VIDYALAYA
Head/Principal Name: SAPANA TEMBHURNE","Address : NABHA CANTT DISTT PATIALA PUNJAB
Website : HTTPS://NABHACANTT.KVS.AC.IN"
1382,"Aff. No. :1600036
Sch. Code:24552","State : PUNJAB
District : PATIALA",Senior Secondary Level,"Name : PM SHRI KENDRIYA VIDYALAYA NO 3
Head/Principal Name: BALWANT SINGH","Address : TARAPORE ENCLAVE PATIALA CANTT PUNJAB
Website : https://no3patiala.kvs.ac.in/"
1383,"Aff. No. :1630228
Sch. Code:20224","State : PUNJAB
District : PATIALA",Senior Secondary Level,"Name : S D PUBLIC SCHOOL
Head/Principal Name: KAMLA RANI PAHUJA","Address : RAJPURA TOWN DISTT PATIALA PUNJAB
Website : www.sdschoolrjp.com"
1384,"Aff. No. :1630229
Sch. Code:","State : PUNJAB
District : PATIALA",Secondary Level,"Name : LALA SAWAN RAM MEMO PUBLIC SCHOOL
Head/Principal Name: MRS J SINGH","Address : V&PO LALRU DISTT PATIALA PUNJAB
Website :"
1385,"Aff. No. :1630248
Sch. Code:20238","State : PUNJAB
District : PATIALA",Senior Secondary Level,"Name : NARAIN PUBLIC SCHOOL
Head/Principal Name: PUSHPINDER KAUR","Address : SANOUR ROAD PATIALA PUNJAB
Website : www.narainpublicschool.com"
1386,"Aff. No. :1630253
Sch. Code:20247","State : PUNJAB
District : PATIALA",Senior Secondary Level,"Name : AKAL ACADEMY
Head/Principal Name: SHAMINDER PAL KAUR","Address : REETH KHERI TEH & DISTT PATIALA PUNJAB
Website : www.reethkheri.akalacademy.ac.in"
1387,"Aff. No. :1630273
Sch. Code:20267","State : PUNJAB
District : PATIALA",Senior Secondary Level,"Name : CAREER ACADEMY
Head/Principal Name: PRABHJOT KAUR","Address : BHADSON ROAD PATIALA PUNJAB
Website : www.careeracademypatiala.com"
1388,"Aff. No. :1630274
Sch. Code:20266","State : PUNJAB
District : PATIALA",Senior Secondary Level,"Name : THE PARADISE INTERNATIONAL SCHOOL
Head/Principal Name: PARMINDER KAUR","Address : PATIALA PATRAN ROAD VILL ATTALAN DISTT PATIALA PUNJAB
Website :"
1389,"Aff. No. :1630295
Sch. Code:20285","State : PUNJAB
District : PATIALA",Senior Secondary Level,"Name : AKAL ACADEMY
Head/Principal Name: Meera Verma","Address : BALBHERA VPO BALBHERA TEH & DISTT PATIALA PUNJAB
Website : www.akalacademybarusahib.com"
1390,"Aff. No. :1630303
Sch. Code:20293","State : PUNJAB
District : PATIALA",Senior Secondary Level,"Name : AKAL ACADEMY
Head/Principal Name: Ravinder Kaur","Address : VILL FATEHGARH CHANNA PO GAJEWAS TEH SAMANA DISTT PATIALA PUNJAB
Website : http://fchanna.akalacademy.ac.in"
1391,"Aff. No. :1630291
Sch. Code:20281","State : PUNJAB
District : PATIALA",Senior Secondary Level,"Name : DAV PUBLIC SCHOOL
Head/Principal Name: NAVDEEP VASHISHT","Address : PATIALA ROAD PATRAN DISTT PATIALA PUNJAB
Website : www.davpatran.com"
1392,"Aff. No. :1630292
Sch. Code:20282","State : PUNJAB
District : PATIALA",Senior Secondary Level,"Name : SCHOLARS PUBLIC SCHOOL
Head/Principal Name: BHARTI JOSHI","Address : PATIALA CHANDIGARH BYE PASS ROAD PB NO 1 RAJPURA PATIALA PUNJAB
Website : www.spsrajpura.com"
1393,"Aff. No. :1630308
Sch. Code:20295","State : PUNJAB
District : PATIALA",Senior Secondary Level,"Name : SCHOLAR FIELDS PUBLIC SCHOOL
Head/Principal Name: CHANDANDEEP KAUR","Address : MAJRI AKALIAN PATIALA SARHIND ROAD PATIALA PUNJAB
Website : www.sfpsp.in"
1394,"Aff. No. :1630313
Sch. Code:20299","State : PUNJAB
District : PATIALA",Senior Secondary Level,"Name : S HARDAM SINGH PUBLIC SCHOOL
Head/Principal Name: Sangeeta Zakhmi","Address : JINDALPUR BHADSON DISTT PATIALA PUNJAB
Website : www.shsps.in"
1395,"Aff. No. :1630330
Sch. Code:20307","State : PUNJAB
District : PATIALA",Senior Secondary Level,"Name : BHUPENDRA INTERNATIONAL PUBLIC SCH
Head/Principal Name: INDU SHARMA","Address : BEHIND SHEESH MAHAL DAKALA ROAD OPP DEAR PARK VPO SULAR PATIALA PUNJAB
Website : www.bipspatiala.net"
1396,"Aff. No. :1630365
Sch. Code:20355","State : PUNJAB
District : PATIALA",Senior Secondary Level,"Name : ST. ATTRI PUBLIC SCHOOL
Head/Principal Name: SUNITA GUPTA","Address : NEAR SHIV MANDIR L MANDI PATIALA PUNJAB
Website : www.stattrischool.com"
1397,"Aff. No. :1630349
Sch. Code:20339","State : PUNJAB
District : PATIALA",Senior Secondary Level,"Name : JASDEV PUBLIC SCHOOL
Head/Principal Name: Charanjit Kaur","Address : PATIALA RAJPURA ROAD VILLAGE KAULI PATIALA PUNJAB
Website : www.jssgoi.com"
1398,"Aff. No. :1630352
Sch. Code:20344","State : PUNJAB
District : PATIALA",Senior Secondary Level,"Name : ADHARSHILA THE FOUNDATION
Head/Principal Name: Manjeet Kaur Waraich","Address : # THE 4TH MILESTONE, PATIALA ROAD, VILL. BHADDAK, RAJPURA (PUNJAB)
Website : www.aadharshilaschool.co.in"
1399,"Aff. No. :1630429
Sch. Code:20418","State : PUNJAB
District : PATIALA",Senior Secondary Level,"Name : LALA DEEP CHAND JAIN PUBLIC SCHOOL
Head/Principal Name: POONAM SHARMA","Address : DERABASIG VILL MOHD PUR DISTT MOHALI PUNJAB
Website : www.ldcjps.com"
1400,"Aff. No. :1630423
Sch. Code:20412","State : PUNJAB
District : PATIALA",Secondary Level,"Name : HOLY MARY'S SCHOOL
Head/Principal Name: Dr. Shiny Devassy","Address : BAHUR DISTT PATIALA PUNJAB
Website : http://holymarysschool.com"
1401,"Aff. No. :1630521
Sch. Code:20503","State : PUNJAB
District : PATIALA",Senior Secondary Level,"Name : PREMIER PUBLIC SCHOOL
Head/Principal Name: VISHWARUCHI DE","Address : PATIALA-SAMANA ROAD, NEAR TOLL TAX, CHUPKI, SAMANA
Website : www.premierpublicschool.org"
1402,"Aff. No. :1630519
Sch. Code:20523","State : PUNJAB
District : PATIALA",Senior Secondary Level,"Name : MOTHER INDIA PUBLIC SCHOOL
Head/Principal Name: Dr. NITIKA GUPTA","Address : NIAL BYE-PASS PATRAN, DISTT PATIALA
Website : www.mipspatran.in"
1403,"Aff. No. :1630496
Sch. Code:20486","State : PUNJAB
District : PATIALA",Senior Secondary Level,"Name : POLICE DAV PUBLIC SCHOOL
Head/Principal Name: Rajwant Singh","Address : DADHERA, VPO-KALYAN, NABHA ROAD, PATIALA, PUNJAB
Website : http://policedavpatiala.org/"
1404,"Aff. No. :1630492
Sch. Code:20483","State : PUNJAB
District : PATIALA",Senior Secondary Level,"Name : HERITAGE PUBLIC SCHOOL
Head/Principal Name: SARIKA","Address : VILLAGE LELHAN GAJJU KHERA RAJPURA, DISTT PATIALA, PUNJAB
Website : www.heritagepublicschool.org.in"
1405,"Aff. No. :1630499
Sch. Code:20489","State : PUNJAB
District : PATIALA",Senior Secondary Level,"Name : GANGA INTERNATIONAL SCHOOL
Head/Principal Name: REENA CHEEMA","Address : NEAR KHANORI MANDI PATIALA PUNJAB
Website : http://gispatiala.com/"
1406,"Aff. No. :1630478
Sch. Code:20469","State : PUNJAB
District : PATIALA",Senior Secondary Level,"Name : EXCELSIOR CONVENT SCHOOL
Head/Principal Name: YOGESH AGGARWAL","Address : VILLAGE:FAGGAN MAJRA,PO:CHAILLAILA, DISTT PATIALA, PUNJAB
Website : www.ecspatiala.com"
1407,"Aff. No. :1630598
Sch. Code:20587","State : PUNJAB
District : PATIALA",Senior Secondary Level,"Name : SHIVALIK PUBLIC SCHOOL
Head/Principal Name: BHUPINDER KAUR","Address : SHAHEED SEWA SINGH THIKRIWALA NAGAR, PATIALA
Website : www.shivalik.org"
1408,"Aff. No. :1630630
Sch. Code:20619","State : PUNJAB
District : PATIALA",Senior Secondary Level,"Name : AGGARSAIN INTERNATIONAL PUBLIC SCHOOL
Head/Principal Name: ANIRUDH GARG","Address : NEAR O.B.C BANK, MAIN ROAD, SAMANA
Website : www.aipschool.in"
1409,"Aff. No. :1630631
Sch. Code:20618","State : PUNJAB
District : PATIALA",Senior Secondary Level,"Name : C.M. PUBLIC SCHOOL
Head/Principal Name: USHA CHOPRA","Address : C.M. PUBLIC SCHOOL MAHASHAY SHANTI PRAKASH MARG, JANDOLI ROAD,RAJPURA
Website : www.cmschools.in"
1410,"Aff. No. :1630642
Sch. Code:20709","State : PUNJAB
District : PATIALA",Senior Secondary Level,"Name : DAYANAND PUBLIC SCHOOL,
Head/Principal Name: AMIT GARG","Address : SILVERCITY, PHASE-I, THUHI ROAD, NABHA
Website : https://dpssilvercity.com/"
1411,"Aff. No. :1630638
Sch. Code:20747","State : PUNJAB
District : PATIALA",Senior Secondary Level,"Name : SAPT SRING PUBLIC SCHOOL
Head/Principal Name: MANJU SIBAL","Address : VILLAGE KUTHA KHERI, TEH. RAJPURA, DISTT PATIALA (PB) 140 401
Website : www.saptsringschool.com"
1412,"Aff. No. :1630654
Sch. Code:20637","State : PUNJAB
District : PATIALA",Senior Secondary Level,"Name : NANAKSAR ACADEMY
Head/Principal Name: HARVINDER KAUR","Address : NANAKSAR ACADEMY,VILL SALEWALA,P.O KHANEWAL,JAKHAL ROAD,TEH PATRAN DISTT PATIALA PUNJAB 147105
Website : www.nanaksaracademy.com"
1413,"Aff. No. :1630541
Sch. Code:20529","State : PUNJAB
District : PATIALA",Senior Secondary Level,"Name : ST. MARY'S SCHOOL
Head/Principal Name: Fr Joby George","Address : CHAURA ROAD, SANAUR, PATIALA
Website : www.stmaryscmischool.in"
1414,"Aff. No. :1630576
Sch. Code:20550","State : PUNJAB
District : PATIALA",Senior Secondary Level,"Name : RYAN INTERNATIONAL SCHOOL
Head/Principal Name: POOJA SHARMA","Address : URBAN ESTATE, PHASE -II
Website : http://www.ryaninternational.org/rispatiala"
1415,"Aff. No. :1630571
Sch. Code:20548","State : PUNJAB
District : PATIALA",Senior Secondary Level,"Name : DAV PUBLIC SCHOOL
Head/Principal Name: MANOJ KUMAR SHARMA","Address : NEAR CHAK AMRITSARIA, PATRAN ROAD, SAMANA DISTT:-PATIALA (PUNJAB)
Website : www.davsamana.org"
1416,"Aff. No. :1630564
Sch. Code:20557","State : PUNJAB
District : PATIALA",Senior Secondary Level,"Name : GB INTERNATIONAL SCHOOL
Head/Principal Name: INDERJEET KAUR","Address : PATIALA ROAD, NABHA DIST PATIALA PUNJAB) 147201
Website : www.gbisnabha.com"
1417,"Aff. No. :1630592
Sch. Code:20579","State : PUNJAB
District : PATIALA",Senior Secondary Level,"Name : ALPINE PUBLIC SCHOOL
Head/Principal Name: Kavita Kapoor","Address : PATIALA ROAD BHADSON NABHA
Website : www.apsbhadson.in"
1418,"Aff. No. :1630596
Sch. Code:20584","State : PUNJAB
District : PATIALA",Senior Secondary Level,"Name : SHRI USHA MATA PUBLIC SCHOOL
Head/Principal Name: DR. YOGITA SHARMA","Address : SHRI USHA MATA PUBLIC SCHOOL ,DULLADI GATE NABHA.DIST-PATIALA(PUNJAB)PIN-147201
Website : www.umpsnabha.in"
1419,"Aff. No. :1630583
Sch. Code:20571","State : PUNJAB
District : PATIALA",Senior Secondary Level,"Name : MODERN SENIOR SECONDARY SCHOOL
Head/Principal Name: Manpreet Sharma","Address : G.D.N.S. ROAD, PATIALA
Website : www.modernschoolpatiala.org"
1420,"Aff. No. :1630584
Sch. Code:20572","State : PUNJAB
District : PATIALA",Senior Secondary Level,"Name : ST. XAVIER INTERNATIONAL SCHOOL
Head/Principal Name: SIMMI GILL","Address : SHANTI NAGAR, TAFAZALPURA
Website : www.xavierspatiala.in"
1421,"Aff. No. :1630712
Sch. Code:20695","State : PUNJAB
District : PATIALA",Senior Secondary Level,"Name : JASPER SCHOOL
Head/Principal Name: Gurpreet kaur","Address : NEAR BIJLI BOARD, (DISTT.PATIALA)
Website : www.jasperschool.in"
1422,"Aff. No. :1630745
Sch. Code:20725","State : PUNJAB
District : PATIALA",Senior Secondary Level,"Name : SUSHILA DEVI PUBLIC SCHOOL
Head/Principal Name: REKHA GUPTA","Address : VILLAGE KHERI MANDLAN, PATIALA RAJPURA ROAD
Website : www.sushiladevipublicschool.com"
1423,"Aff. No. :1630740
Sch. Code:20720","State : PUNJAB
District : PATIALA",Senior Secondary Level,"Name : THE HELIX OXFORD SMART SCHOOL
Head/Principal Name: AMARJOT KAUR","Address : NIAL BYE PASS, PATRAN, PATIALA,
Website : www.helixoxfordsmartschool.com"
1424,"Aff. No. :1630691
Sch. Code:20772","State : PUNJAB
District : PATIALA",Senior Secondary Level,"Name : GURU HARKRISHAN PUBLIC SCHOOL
Head/Principal Name: KAVITA ATRI","Address : BACK SIDE AKALI MARKET, NEAR NEW WATER TANK, ROUNI MOHALLA, DERA BASSI, DISTT. SAS NAGAR - MOHALI (PB.)
Website : http://guruharkrishanpublicschool.in/"
1425,"Aff. No. :1630669
Sch. Code:20652","State : PUNJAB
District : PATIALA",Secondary Level,"Name : ST.LAWRENCE SCHOOL
Head/Principal Name: SUNITA RANI","Address : V.P.O-KAKRALA. TEH- SAMANA,DISTT- PATIALA, PUNJAB
Website :"
1426,"Aff. No. :1630687
Sch. Code:20689","State : PUNJAB
District : PATIALA",Senior Secondary Level,"Name : MATA GUJRI SENIOR SECONDARY SCHOOL
Head/Principal Name: PUNAM DHIMAN","Address : VILLAGE GUTHMARA POST OFFICE BEHRU TEHSIL & DISTT. PATIALA (PUNJAB)
Website : www.mgsssdevigarh.in"
1427,"Aff. No. :1630808
Sch. Code:20867","State : PUNJAB
District : PATIALA",Senior Secondary Level,"Name : THE MILLENNIUM SCHOOL
Head/Principal Name: Ms. Harpreet Kaur Pandher","Address : VILLAGE NANDPUR KESHON, SIRHIND ROAD, PATIALA, PUNJAB
Website : www.themillenniumschools.com"
1428,"Aff. No. :1630805
Sch. Code:20776","State : PUNJAB
District : PATIALA",Senior Secondary Level,"Name : BABA AAPO AAP GURU NANAK PUBLIC SCHOOL,
Head/Principal Name: SANDEEP SHARMA","Address : CHHINTANWALA MANSOORPUR, NABHA PATIALA PUNJAB
Website : www.baags.edu.in"
1429,"Aff. No. :1630817
Sch. Code:20782","State : PUNJAB
District : PATIALA",Senior Secondary Level,"Name : GOD BLESSING PUBLIC SCHOOL
Head/Principal Name: Ravneet","Address : NEAR SHAKTI NAGAR, DHARMGARH ROAD, LALRU MANDI, TEH: DERA BASSI, DISTRICT: AJITGARH, PUNJAB
Website : www.godblessinglalru.com"
1430,"Aff. No. :1630803
Sch. Code:20771","State : PUNJAB
District : PATIALA",Senior Secondary Level,"Name : THE INDO BRITISH SCHOOL,NABHA
Head/Principal Name: Anu Batish","Address : NEAR.BHART MARBLES,PATIALA ROAD, NABHA
Website : www.indobritishschool.in"
1431,"Aff. No. :1630798
Sch. Code:20774","State : PUNJAB
District : PATIALA",Senior Secondary Level,"Name : GOLDEN ERA SCHOOL
Head/Principal Name: SUMEERA SHARMA","Address : BHADSON-PATIALA ROAD, VILLAGE DITTUPUR JATTAN, NABHA PATIALA
Website : www.goldeneraschool.in"
1432,"Aff. No. :1630787
Sch. Code:20763","State : PUNJAB
District : PATIALA",Senior Secondary Level,"Name : TAGORE INTERNATIONAL SCHOOL
Head/Principal Name: MEENAKSHI SOOD","Address : VILLAGE AKBARPUR (AFGANA) PATIALA
Website : www.tagoreinternationalschool.in"
1433,"Aff. No. :1630715
Sch. Code:20697","State : PUNJAB
District : PATIALA",Senior Secondary Level,"Name : DAV PUBLIC SR. SEC. SCHOOL, KAKRALA
Head/Principal Name: INDEEP KAUR","Address : VIA GHAGGA KAKRALA, SAMANA, PATIALA, PUNJAB.
Website : www.davkakrala.com"
1434,"Aff. No. :1630762
Sch. Code:20745","State : PUNJAB
District : PATIALA",Senior Secondary Level,"Name : ST. XAVIERS INTERNATIONAL SCHOOL
Head/Principal Name: BIKASH SINGHA","Address : VILLAGE ATTALAN, SAMANA-PATRAN ROAD,PATIALA
Website : https://xaviersschool.co.in/"
1435,"Aff. No. :1630922
Sch. Code:20915","State : PUNJAB
District : PATIALA",Senior Secondary Level,"Name : DELHI PUBLIC SCHOOL PATIALA
Head/Principal Name: SANTOSH SHUKLA","Address : VILL. REETHKHERI, NEAR FAGGAN MAJRA BUS STOP, SIRHIND ROAD, PATIALA.
Website : https://dpspatiala.org"
1436,"Aff. No. :1630934
Sch. Code:20927","State : PUNJAB
District : PATIALA",Secondary Level,"Name : GURSIKH ACADEMY
Head/Principal Name: Tejinder Kaur","Address : NEAR MILKFOOD FACTORY, MAHARAJA FARM BAHADURGARH, PATIALA
Website : www.gursikhacademypatiala.com"
1437,"Aff. No. :1630939
Sch. Code:20930","State : PUNJAB
District : PATIALA",Senior Secondary Level,"Name : KSB WORLD SCHOOL
Head/Principal Name: ANITA SAHOONJA","Address : VILL: BURAR, P.O. DAFTRIWALA, TEHSIL: PATRAN, DISTT: PATIALA
Website : www.ksbworldschool.com"
1438,"Aff. No. :1630960
Sch. Code:20959","State : PUNJAB
District : PATIALA",Senior Secondary Level,"Name : HOLY ANGELS SMART SCHOOL
Head/Principal Name: MANU SHARMA","Address : V.P.O LALRU MANDI
Website : www.holyangelssmartschool.com"
1439,"Aff. No. :1630912
Sch. Code:20888","State : PUNJAB
District : PATIALA",Secondary Level,"Name : BABY CONVENT SCHOOL
Head/Principal Name: Subeena Anand","Address : BANUR AMBALA ROAD MOHALI BANUR PATIALA PUNJAB
Website : www.babyconventschool.com"
1440,"Aff. No. :1630877
Sch. Code:20850","State : PUNJAB
District : PATIALA",Senior Secondary Level,"Name : A.A.R. JAIN MODEL SENIOR SECONDARY SCHOOL
Head/Principal Name: ROHNE MIRCHNDANI","Address : DERA BASSI SAS NAGAR,PAHARI GATE, NEAR ANAJ MANDI, DERA BASSI.
Website : www.aarjainmodelschool.com"
1441,"Aff. No. :1630878
Sch. Code:20860","State : PUNJAB
District : PATIALA",Senior Secondary Level,"Name : SHIVALIK CONVENT SCHOOL
Head/Principal Name: CHINU SHARMA","Address : AMBALA ROAD , BANUR
Website : www.scsbanur.in"
1442,"Aff. No. :1631052
Sch. Code:21045","State : PUNJAB
District : PATIALA",Senior Secondary Level,"Name : KAY JAY MODEL HIGH SCHOOL
Head/Principal Name: Rupinder Kaur","Address : KJMPS, GATE 1, URBAN ESTATE PHASE 3, PATIALA
Website : www.kjmhspatiala.com"
1443,"Aff. No. :1631039
Sch. Code:21046","State : PUNJAB
District : PATIALA",Senior Secondary Level,"Name : ALLIANCE INTERNATIONAL SCHOOL
Head/Principal Name: BRIJESH SAXENA","Address : CHD-PATIALA NATIONAL HIGHWAY ,SEC-8 RAM NAGAR NEAR BANUR
Website : www.ais.ac.in"
1444,"Aff. No. :1631036
Sch. Code:21028","State : PUNJAB
District : PATIALA",Senior Secondary Level,"Name : PEPSU INTERNATIONAL PUBLIC SCHOOL
Head/Principal Name: Parmjit Kaur","Address : PEPSU INTERNATIONAL PUBLIC SCHOOL, DEVIGARH ROAD, JODIAN SADKAN, PATIALA
Website : www.pepsuschool.co.in"
1445,"Aff. No. :1631100
Sch. Code:21078","State : PUNJAB
District : PATIALA",Senior Secondary Level,"Name : DAV GLOBAL SCHOOL
Head/Principal Name: Sandeep Renu","Address : DAV GLOBAL SCHOOL, CHINAR BAGH, URBAN ESTATE PH-II, PATIALA
Website : www.davglobal.com"
1446,"Aff. No. :1631101
Sch. Code:21090","State : PUNJAB
District : PATIALA",Senior Secondary Level,"Name : KALGIDHAR NATIONAL SR. SEC. SCHOOL MUNGO
Head/Principal Name: Amandeep Singh","Address : VILL. MUNGO, P.O.FATEHPUR,TEH. NABHA, DISTT. PATIALA
Website : www.knsmungo.com"
1447,"Aff. No. :1631083
Sch. Code:21219","State : PUNJAB
District : PATIALA",Senior Secondary Level,"Name : SINGHPURA INTERNATIONAL SCHOOL
Head/Principal Name: Gian kaur","Address : VPO CHAPPAR
Website : www.singhpura.org"
1448,"Aff. No. :1631066
Sch. Code:21060","State : PUNJAB
District : PATIALA",Senior Secondary Level,"Name : GURUKUL GLOBAL CREANZA
Head/Principal Name: HARPREET NAGPAL","Address : OPPOSITE BABA SIDH, HAMJHERI, TEHSIL PATRAN, DISTT. PATIALA (PUNJAB)-147105
Website : www.gurukulglobalcreanza.com"
1449,"Aff. No. :1631021
Sch. Code:21011","State : PUNJAB
District : PATIALA",Secondary Level,"Name : PODAR INTERNATIONAL SCHOOL
Head/Principal Name: Jaspreet Kaur Sandhu","Address : VILLAGE-PASIANA,SANGRUR ROAD,PATIALA
Website : www.podareducation.org/school/patiala"
1450,"Aff. No. :1631027
Sch. Code:21018","State : PUNJAB
District : PATIALA",Senior Secondary Level,"Name : KAY JAY INTERNATIONAL PUBLIC SCHOOL
Head/Principal Name: Harmanpreet Singh Ahluwalia","Address : VILLAGE RASULPUR P.O. CHAPPER, SEAL ROAD, PATIALA
Website : www.kjmhspatiala.com"
1451,"Aff. No. :1630970
Sch. Code:20958","State : PUNJAB
District : PATIALA",Senior Secondary Level,"Name : CAMBRIDGE GLOBAL SCHOOL
Head/Principal Name: MOHINDER SINGH CHADHA","Address : RAKHRA)NABHA ROAD, PATIALA
Website : www.cgspatiala.in"
1452,"Aff. No. :1630986
Sch. Code:21027","State : PUNJAB
District : PATIALA",Senior Secondary Level,"Name : SPARKLING KIDS THE FOUNDATION, PATRAN, DISTT. PATIALA.
Head/Principal Name: Harmandeep Kaur","Address : NIAL BY PASS ROAD, PATRAN, PATIALA
Website : www.sparklingkids.in"
1453,"Aff. No. :1631072
Sch. Code:21065","State : PUNJAB
District : RUPNAGAR",Secondary Level,"Name : SHIVALIK VIEW PUBLIC SCHOOL
Head/Principal Name: Gagandeep Singh","Address : VILL-LANG MAJARI, P.O-MANGEWAL, TEH-ANANDPUR SAHIB, DIST-ROPAR, PINCODE- 140123
Website :"
1454,"Aff. No. :1631075
Sch. Code:21068","State : PUNJAB
District : RUPNAGAR",Senior Secondary Level,"Name : AKAL ACADEMY KAMALPUR
Head/Principal Name: Amandeep Kaur","Address : VILLAGE KAMALPUR, PO JHALIAN KALAN, TEHSIL CHAMKAUR SAHIB, DISTT. ROPAR, PUNJAB - 140111
Website : https://kamalpur.akalacademy.ac.in/"
1455,"Aff. No. :1631088
Sch. Code:21076","State : PUNJAB
District : RUPNAGAR",Senior Secondary Level,"Name : ST. MARYS SCHOOL
Head/Principal Name: THOMAS MATHEW P","Address : VPO HAYATHPUR NURPURBEDI TEH. ANANDAPURSAHIB DISTT. ROPAR PUNJAB
Website : www.smshayatpur.in"
1456,"Aff. No. :1631095
Sch. Code:21072","State : PUNJAB
District : RUPNAGAR",Senior Secondary Level,"Name : D.A.V.MODEL SR.SEC.SCHOOL, KURALI
Head/Principal Name: Joginder Ram Sharma","Address : NEAR RAILWAY STATION, KURALI
Website : www.davkurali.in"
1457,"Aff. No. :1630837
Sch. Code:20846","State : PUNJAB
District : RUPNAGAR",Senior Secondary Level,"Name : ANGELS WLD SCHOOL
Head/Principal Name: Deepika Sharma","Address : VILLAGE BARHI MARAULI , P.O. MINDA ,KHARAR MINDA ROAD , TEHSIL CHAMKAUR SAHIB
Website : www.angelsworldschool.com"
1458,"Aff. No. :1630868
Sch. Code:20847","State : PUNJAB
District : RUPNAGAR",Senior Secondary Level,"Name : ANEE'S SCHOOL
Head/Principal Name: JITENDER SAXENA","Address : SECTOR-69 MOHALI
Website : www.aneesschool.com"
1459,"Aff. No. :1630852
Sch. Code:20831","State : PUNJAB
District : RUPNAGAR",Senior Secondary Level,"Name : PANJAB NATIONAL PUBLIC SCHOOL
Head/Principal Name: Simarjeet Kaur","Address : VPO BEHRAMPUR ZIMIDARI, TEH. & DISTRICT ROPAR
Website : www.pnpsropar.com"
1460,"Aff. No. :1630842
Sch. Code:20821","State : PUNJAB
District : RUPNAGAR",Senior Secondary Level,"Name : ST.MARYS SCHOOL
Head/Principal Name: ANJANA SHARMA","Address : VPO JINDWARI NANGAL,
Website : www.stmarysschool.co.in"
1461,"Aff. No. :1630822
Sch. Code:20795","State : PUNJAB
District : RUPNAGAR",Senior Secondary Level,"Name : NRI PUBLIC SCHOOL
Head/Principal Name: Suman Sharma","Address : MUBARIKPUR - BARWALA ROAD VILLAGE SUNDRAN TEHSIL DERA BASSI DISTRICT MOHALI
Website : www.nripublicschool.in"
1462,"Aff. No. :1630905
Sch. Code:20884","State : PUNJAB
District : RUPNAGAR",Secondary Level,"Name : SMART WONDERS SCHOOL
Head/Principal Name: RUCHIKA SHARMA","Address : SEC 71, MOHALI ROPAR
Website : www.smartwonderschool.com"
1463,"Aff. No. :1630906
Sch. Code:20899","State : PUNJAB
District : RUPNAGAR",Senior Secondary Level,"Name : SUNFIELDS INTERNATIONAL SCHOOL KURALI
Head/Principal Name: HARINDER","Address : JHINGRA ROAD CHALANON KURALI
Website : www.sunfieldsinternationalschool.com"
1464,"Aff. No. :1630902
Sch. Code:20896","State : PUNJAB
District : RUPNAGAR",Secondary Level,"Name : INFANT JESUS CONVENT SCHOOL
Head/Principal Name: Vanitha Veena Rebello","Address : PHASE-XI, SAHIBZADA AJIT SINGH NAGAR MOHALI
Website : www.ijcsmohali.in"
1465,"Aff. No. :1630917
Sch. Code:20906","State : PUNJAB
District : RUPNAGAR",Secondary Level,"Name : RYAN INTERNATIONAL SCHOOL
Head/Principal Name: ROSY BHATIA","Address : SECTOR-66 SAS NAGAR, MOHALI PUNJAB
Website : www.ryaninternational.org/rismohali"
1466,"Aff. No. :1630918
Sch. Code:20905","State : PUNJAB
District : RUPNAGAR",Secondary Level,"Name : ASHMAH INTERNATIONAL SCHOOL
Head/Principal Name: SHUCHI","Address : NEAR HOUSE NO. 115, SECTOR 70, SAS NAGAR MOHALI (PUNJAB)
Website : www.ashmahinternationalschool.com"
1467,"Aff. No. :1630949
Sch. Code:21024","State : PUNJAB
District : RUPNAGAR",Senior Secondary Level,"Name : GILLCO INTERNATIONAL SCHOOL
Head/Principal Name: KRITIKA KAUSHAL","Address : GILLCO VALLEY, SECTOR-127, DISTT. MOHALI, P.O KHARAR, PUNJAB (140301)
Website : www.gillcoschool.com"
1468,"Aff. No. :1630750
Sch. Code:20732","State : PUNJAB
District : RUPNAGAR",Senior Secondary Level,"Name : THE MILLENNIUM SCHOOL
Head/Principal Name: MALLIKA KAPOOR","Address : PLOT NO: 1, PHASE-5, SECTOR-59, S.A.S NAGAR ROPAR, MOHALI, PUNJAB- 160 059
Website : https://themillenniumschool.co.in/"
1469,"Aff. No. :1630751
Sch. Code:20740","State : PUNJAB
District : RUPNAGAR",Secondary Level,"Name : NOBLE HEART SCHOOL
Head/Principal Name: Vibha Chandel","Address : SIVALK VIHAR BLOCK -D,OPP. POLICE STATION ,NAYA GAON , SAS NAGER (MOHALI) PUNJAB
Website : www.nobleheartschool.in"
1470,"Aff. No. :1630770
Sch. Code:20752","State : PUNJAB
District : RUPNAGAR",Senior Secondary Level,"Name : GARDEN VALLEY INTERNATIONAL SCHOOL
Head/Principal Name: GURDEEP KAUR","Address : VILLAGE BELA, ROPAR,PUNJAB
Website : http://www.gvisbela.com"
1471,"Aff. No. :1630771
Sch. Code:20843","State : PUNJAB
District : RUPNAGAR",Senior Secondary Level,"Name : THE RENAISSANCE SCHOOL
Head/Principal Name: CHANDNI SHARMA","Address : MAIN ROAD BHANOPLI TEHSIL NANGAL DISTT ROPAR
Website : http://www.renaissanceschool.co.in"
1472,"Aff. No. :1630692
Sch. Code:20672","State : PUNJAB
District : RUPNAGAR",Senior Secondary Level,"Name : PARAGON SENIOR SECONDARY SCHOOL
Head/Principal Name: JASMEET KAUR","Address : SITE NO. 1, SECTOR-71,
Website : www.paragon71.com"
1473,"Aff. No. :1630713
Sch. Code:20687","State : PUNJAB
District : RUPNAGAR",Secondary Level,"Name : VIVEK HIGH SCHOOL,
Head/Principal Name: Jaswinder Gandhok","Address : SECTOR-70, MOHALI
Website : www.vivekhighschool.in"
1474,"Aff. No. :1630714
Sch. Code:20696","State : PUNJAB
District : RUPNAGAR",Secondary Level,"Name : KPS WORLD SCHOOL
Head/Principal Name: KULDEEP KAUR","Address : KPS WORLD SCHOOL, VPO- DOAN, MOHALI-140301
Website : http://kpsworldschool.com"
1475,"Aff. No. :1630711
Sch. Code:20694","State : PUNJAB
District : RUPNAGAR",Senior Secondary Level,"Name : GURUKUL WORLD SCHOOL
Head/Principal Name: POONAMJIT KAUR","Address : SECTOR 69, S.A.S. NAGAR
Website : https://www.gurukulworld.co.in/"
1476,"Aff. No. :1630588
Sch. Code:20581","State : PUNJAB
District : RUPNAGAR",Senior Secondary Level,"Name : LEARNING PATHS SCHOOL
Head/Principal Name: VANDANA SAXENA","Address : PLOT NO 3, SECTOR 67, MOHALI, DISTT. ROPAR PUNJAB-160 062
Website : www.learningpaths.in"
1477,"Aff. No. :1630565
Sch. Code:20558","State : PUNJAB
District : RUPNAGAR",Senior Secondary Level,"Name : ANEE'S SCHOOL
Head/Principal Name: NIRANJANA CHATTERJEE","Address : SHIVJOT ENCLAVE KHARAR ROPAR
Website : www.aneesschool.com"
1478,"Aff. No. :1630578
Sch. Code:20564","State : PUNJAB
District : RUPNAGAR",Senior Secondary Level,"Name : MADHUVAN VATIKA PUBLIC SCHOOL
Head/Principal Name: DEEPAK PURI","Address : VILLAGE ASMANPUR (NURPUR BEDI)DISTT. ROPAR(PB.)
Website : www.madhuvanvatika.com"
1479,"Aff. No. :1630528
Sch. Code:20616","State : PUNJAB
District : RUPNAGAR",Senior Secondary Level,"Name : SRI CHAITANYA TECHNO SCHOOL
Head/Principal Name: SHEETAL CHOPRA","Address : SECTOR 70 MOHALI
Website : www.srichaitanyaschool.net"
1480,"Aff. No. :1630533
Sch. Code:20519","State : PUNJAB
District : RUPNAGAR",Senior Secondary Level,"Name : LAKSHMI TARA RATHOUR PUBLIC SCHOOL
Head/Principal Name: Nivedita Sharma","Address : SIALBA MAJRI, TEHSIL- KHARAR, DISTT. ROPAR
Website : htp://ltrpublicschool.com"
1481,"Aff. No. :1630663
Sch. Code:20647","State : PUNJAB
District : RUPNAGAR",Senior Secondary Level,"Name : BHAI NAND LAL PUBLIC SCHOOL
Head/Principal Name: Satnam Singh","Address : MATAUR ROAD VIA ANANDPUR SAHIB
Website : www.bnlpsgps.org"
1482,"Aff. No. :1630476
Sch. Code:20467","State : PUNJAB
District : RUPNAGAR",Senior Secondary Level,"Name : SHISHU NIKETAN PUBLIC SCHOOL
Head/Principal Name: HARJEET KAUR","Address : SECTOR - 66, MOHALI - (S.A.S. NAGAR), DISTT ROPAR, PUNJAB-160066
Website : www.shishuniketanmohali.org.in"
1483,"Aff. No. :1630464
Sch. Code:20463","State : PUNJAB
District : RUPNAGAR",Senior Secondary Level,"Name : GENIUS INTERNATIONAL PUBLIC SCHOOL
Head/Principal Name: R. Buvana","Address : NEAR GURUDWARA SOLKHIAN, NH-21, ROPAR CHANDIGARH HIGHWAY, PUNJAB
Website : www.gipsrupnagar.com"
1484,"Aff. No. :1630465
Sch. Code:20454","State : PUNJAB
District : RUPNAGAR",Senior Secondary Level,"Name : ST. SOLDIER DIVINE PUBLIC SCHOOL NAYA NANGAL
Head/Principal Name: Nirmal Vasudeva","Address : P.O.NAYA NANGAL ,TEH NANGAL, DISTT. ROPAR, PUNJAB.
Website : www.ssdpsnayanangal.in"
1485,"Aff. No. :1630433
Sch. Code:20415","State : PUNJAB
District : RUPNAGAR",Senior Secondary Level,"Name : GEM PUBLIC SCHOOL
Head/Principal Name: GARIMA BHARDWAJ","Address : PHASE 3 B2 SECTOR-60, SAS NAGAR, MOHALI ROPAR PUNJAB
Website : www.gempublicschool.org"
1486,"Aff. No. :1630381
Sch. Code:20367","State : PUNJAB
District : RUPNAGAR",Senior Secondary Level,"Name : SATLUJ PUBLIC SCHOOL
Head/Principal Name: KAMALJIT KAUR","Address : HUSSAIN PUR ROPAR PUNJAB
Website : www.satlujpublicschools.in"
1487,"Aff. No. :1630390
Sch. Code:20380","State : PUNJAB
District : RUPNAGAR",Senior Secondary Level,"Name : GREENWAYS SCHOOL
Head/Principal Name: MUKESH KUMAR AGARWAL","Address : VILLAGE-RURKI HEERAN, TEH-CHAMKAURSAHIB, DISTT. ROPAR, PUNJAB
Website : http://www.greenwaysschool.org/"
1488,"Aff. No. :1630391
Sch. Code:20381","State : PUNJAB
District : RUPNAGAR",Senior Secondary Level,"Name : SHRI GURU RAM RAI PUBLIC SCHOOL
Head/Principal Name: DHANETRI PRASAD","Address : VILL KATLI BOAT CLUB ROAD ROPAR PO ROPAR PUNJAB
Website : www.sgrrrpopar.in"
1489,"Aff. No. :1630394
Sch. Code:20384","State : PUNJAB
District : RUPNAGAR",Senior Secondary Level,"Name : SANT KARAM SINGH ACADEMY
Head/Principal Name: SATPAL KAUR","Address : VILLAGE SHANPURA DISTT ROPAR PUNJAB
Website : https://www.sksaroopnagar.org/"
1490,"Aff. No. :1630395
Sch. Code:20385","State : PUNJAB
District : RUPNAGAR",Senior Secondary Level,"Name : ST CARMEL SCHOOL
Head/Principal Name: POOJA JAIN","Address : VILLAGE KATLI ROPAR PUNJAB
Website : www.stcarmelschool.com"
1491,"Aff. No. :1630363
Sch. Code:20353","State : PUNJAB
District : RUPNAGAR",Senior Secondary Level,"Name : JESUS SAVIOURS SCHOOL
Head/Principal Name: MERCY JOHNSON","Address : MARULI KALAN MORIENDA DISTT ROPAR PUNJAB
Website : https://www.jssmorinda.in/public-disclosure/"
1492,"Aff. No. :1630339
Sch. Code:20328","State : PUNJAB
District : RUPNAGAR",Senior Secondary Level,"Name : PUNJAB INTERNATIONAL SCHOOL
Head/Principal Name: Mr. Surjeet Singh","Address : PIPAL MAJRA
Website : www.pipspipalmajra.com"
1493,"Aff. No. :1630311
Sch. Code:20301","State : PUNJAB
District : RUPNAGAR",Senior Secondary Level,"Name : INTERNATIOANL PUBLIC SCHOOL
Head/Principal Name: PARMILA SANGER","Address : PAPRALI ROAD KURALI DISTT ROPAR PUNJAB
Website : www.ipskurali.com"
1494,"Aff. No. :1630307
Sch. Code:20305","State : PUNJAB
District : RUPNAGAR",Senior Secondary Level,"Name : CENTURY PUBLIC SCHOOL
Head/Principal Name: Rajesh Kumar Bansal","Address : NAYA GAON TEH KHARAR DISTT ROPAR PUNJAB
Website : www.centurypublicschool.com"
1495,"Aff. No. :1630304
Sch. Code:20294","State : PUNJAB
District : RUPNAGAR",Senior Secondary Level,"Name : AMBIKA PUBLIC SCHOOL
Head/Principal Name: Aarchna Sharma","Address : VILL BADLI, BADALA ROAD TEH KHARAR DISTT ROPAR PUNJAB
Website : www.ambikapublicschool.com"
1496,"Aff. No. :1630260
Sch. Code:","State : PUNJAB
District : RUPNAGAR",Senior Secondary Level,"Name : SANJAY PUBLIC SCHOOL
Head/Principal Name: MRS REENA SETHI","Address : SECTOR 70 MOHALI DISTT ROPAR PUNJAB
Website :"
1497,"Aff. No. :1630244
Sch. Code:20232","State : PUNJAB
District : RUPNAGAR",Senior Secondary Level,"Name : A P J PUBLIC SCHOOL
Head/Principal Name: JASVIR CHANDER","Address : WARD NO 4 MANDI KHARAR DISTT ROPAR PUNJAB
Website : www.apjpublicschool.com"
1498,"Aff. No. :1600150
Sch. Code:22552","State : PUNJAB
District : RUPNAGAR",Senior Secondary Level,"Name : KENDRIYA VIDYALAYA KHANPUR
Head/Principal Name: VIBHA RANI","Address : GURU GOIBD SINGH SUPER THERMAL PLANT, RUPNAGAR
Website : https://khanpur.kvs.ac.in/"
1499,"Aff. No. :1600151
Sch. Code:22556","State : PUNJAB
District : RUPNAGAR",Senior Secondary Level,"Name : KENDRIYA VIDYLAYA I I T ROPAR
Head/Principal Name: APARNA RAY","Address : BARA PHOOL, JALANDHAR ROAD, MAIN CAMPUS IIT ROPAR
Website : https://iitropar.kvs.ac.in"
1500,"Aff. No. :1620001
Sch. Code:20070","State : PUNJAB
District : RUPNAGAR",Senior Secondary Level,"Name : SHIVALIK MODEL SR SEC SCHOOL
Head/Principal Name: KULJIT KAUR SAINI","Address : NAYA NANGAL DISTT ROPAR PUNJAB
Website : www.shivalikmodelschool.com"
1501,"Aff. No. :1630058
Sch. Code:20059","State : PUNJAB
District : RUPNAGAR",Senior Secondary Level,"Name : B B M B D A V PUBLIC SCHOOL
Head/Principal Name: BRIJ MOHAN","Address : NANGAL TOWNSHIP DISTT ROPAR PUNJAB
Website : www.bbmbdavnangal.in"
1502,"Aff. No. :1630033
Sch. Code:20052","State : PUNJAB
District : RUPNAGAR",Senior Secondary Level,"Name : HENDERSON JUBILEE SCHOOL
Head/Principal Name: EKTA RACHEL PEOPLES","Address : KHARAR ROPAR DISTT PUNJAB
Website : www.hendersonjubilee.com"
1503,"Aff. No. :1630036
Sch. Code:20051","State : PUNJAB
District : RUPNAGAR",Senior Secondary Level,"Name : CAPT. AMOL KALIA FERTILIZER MODEL SENIOR SECONDARY SCHOOL
Head/Principal Name: AMALA DOSS","Address : SECTOR-IV, NFL TOWNSHIP, NAYA NANGAL, DISTT. ROPAR, PUNJAB-140126
Website : www.cakschoolnangal.org"
1504,"Aff. No. :1630024
Sch. Code:20050","State : PUNJAB
District : RUPNAGAR",Senior Secondary Level,"Name : SRI DASMESH ACADEMY
Head/Principal Name: SONU WALIA","Address : ANANDPUR SAHIB ROPAR DISTT PUNJAB
Website : www.sridasmeshacademy.in"
1505,"Aff. No. :1630019
Sch. Code:20049","State : PUNJAB
District : RUPNAGAR",Senior Secondary Level,"Name : SHIWALIK PUBLIC SCHOOL
Head/Principal Name: BALJIT SINGH ATTRI","Address : NEAR SESSION COURT ROPAR PUNJAB
Website : www.spsrupnagar.com"
1506,"Aff. No. :1620028
Sch. Code:24027","State : PUNJAB
District : RUPNAGAR",Senior Secondary Level,"Name : GOVT ADARSH SR.SEC. SCHOOL
Head/Principal Name: RUCHI GROVER","Address : LODHIPUR ANANDPUR SAHIB PUNJAB
Website :"
1507,"Aff. No. :1630176
Sch. Code:20168","State : PUNJAB
District : RUPNAGAR",Senior Secondary Level,"Name : SANT ISHER SINGH PUBLIC SCHOOL
Head/Principal Name: INDERJEET KAUR SANDHU","Address : PHASE 7 SAS NAGAR MOHALI DT. ROPAR PUNJAB
Website : www.sisps.co.in"
1508,"Aff. No. :1630121
Sch. Code:20116","State : PUNJAB
District : RUPNAGAR",Senior Secondary Level,"Name : NATIONAL PUBLIC SCHOOL
Head/Principal Name: KAVITA KUNDRA","Address : KURALI DISTT ROPAR PUNJAB
Website : www.npskurali.com"
1509,"Aff. No. :1630148
Sch. Code:20134","State : PUNJAB
District : RUPNAGAR",Senior Secondary Level,"Name : SAHIBZADA AJIT SINGH
Head/Principal Name: RAJAN CHOPRA","Address : ACADEMY SIMRAN NAGAR MORINDA ROAD RUPNAGAR PUNJAB
Website : www.sasacademy.com"
1510,"Aff. No. :1630133
Sch. Code:20110","State : PUNJAB
District : RUPNAGAR",Senior Secondary Level,"Name : NETAJI MODEL SCHOOL
Head/Principal Name: SEEMA SEHGAL","Address : BELA ROAD NETAJI S C BOSE NAGAR ROPAR PUNJAB
Website : www.netajischool.com"
1511,"Aff. No. :1631452
Sch. Code:23660","State : PUNJAB
District : RUPNAGAR",Secondary Level,"Name : MIGHTY KHALSA INTERNATIONAL SCHOOL
Head/Principal Name: AMITOJ SINGH","Address : SRI ANANDPUR SAHIB, RUP NAGAR
Website : www.mightykhalsinternationalschool.com"
1512,"Aff. No. :1631467
Sch. Code:23680","State : PUNJAB
District : RUPNAGAR",Senior Secondary Level,"Name : SHRI GURU GOBIND SINGH PUBLIC SEN. SEC. SCHOOL
Head/Principal Name: SUKHWINDER KAUR","Address : NEAR GURUDWARA BUNGA SAHIB, SRI CHAMKAUR SAHIB
Website : www.hwsc.in"
1513,"Aff. No. :1631498
Sch. Code:23713","State : PUNJAB
District : RUPNAGAR",Senior Secondary Level,"Name : BRITISH COLUMBIA SCHOOL
Head/Principal Name: POOJA PURI","Address : (NEAR CIVIL HOSPITAL SINGHPUR), TEHSIL ANANDPUR SAHIB
Website : http://www.bcsindia.org"
1514,"Aff. No. :1631514
Sch. Code:23732","State : PUNJAB
District : RUPNAGAR",Senior Secondary Level,"Name : DREAMLAND PUBLIC SCHOOL
Head/Principal Name: Karanjot Kaur","Address : VILLAGE BASSI GUJJRAN, TEH CHAMKAUR SAHIB, PO BASSI GUJJRAN
Website : www.dpsbassigujjran.com"
1515,"Aff. No. :1631508
Sch. Code:23723","State : PUNJAB
District : RUPNAGAR",Secondary Level,"Name : SHEMROCK WORLD ROPAR
Head/Principal Name: Gurinder Sehgal","Address : KURALI ROPAR NH-205, VILL. SINGH, (OPP.BP PUMP), DISTT. ROPAR, PUNJAB
Website : www.shemrockropar.com"
1516,"Aff. No. :1631549
Sch. Code:23773","State : PUNJAB
District : RUPNAGAR",Secondary Level,"Name : SHAHEED BHAI UDAY SINGH PUBLIC SCHOOL HAZARA
Head/Principal Name: LAKHWINDER KAUR","Address : VILL- HAZARA, NEAR BUNGA SAHIB, TEHSIL- ANANDPUR SAHIB, DISTRICT- RUPNAGAR
Website : https://bhaiudaysinghschool.in/"
1517,"Aff. No. :1631540
Sch. Code:23764","State : PUNJAB
District : RUPNAGAR",Secondary Level,"Name : ST. FARID WORLD SCHOOL
Head/Principal Name: SEEMA RATTAN","Address : MANSUHA, BELA ROAD, RUPNAGAR
Website : http://stfaridworldschool.com"
1518,"Aff. No. :1631541
Sch. Code:23765","State : PUNJAB
District : RUPNAGAR",Secondary Level,"Name : ARIHAAN INTERNATIONAL SCHOOL
Head/Principal Name: SHIVANI","Address : SHARMA STORE, BHAKRA DAM ROAD, NANGAL DAM
Website : https://arihaaninternationalschool.com/mandatorypublicdisclo"
1519,"Aff. No. :1631592
Sch. Code:23893","State : PUNJAB
District : RUPNAGAR",Secondary Level,"Name : HOLY ANGELS CONVENT SCHOOL
Head/Principal Name: RAVINDER KUMAR","Address : KAKRALA, BHARATGARH, RUPNAGAR
Website : https://www.holyangelbharatgarh.com"
1520,"Aff. No. :1631172
Sch. Code:21169","State : PUNJAB
District : RUPNAGAR",Senior Secondary Level,"Name : MAHARAJ BRAHM SAGAR BRAHMA NAND BHURI WALE(GARIBDASSI)PUBLIC SCHOOL TIBBA NANGAL(ROPAR)
Head/Principal Name: Manjit Kaur","Address : M.B.S.B.N.B.PUBLIC SCHOOL TIBBA NANGAL,P.O. JHANDIAN KHURD TEH.-ANAND PUR SAHIB,DISTT-ROPAR(PUNJAB)
Website : http://mbsbnbgpstibbanangal.co.in/"
1521,"Aff. No. :1631181
Sch. Code:21162","State : PUNJAB
District : RUPNAGAR",Senior Secondary Level,"Name : GARDEN VALLEY INTERNATIONAL SCHOOL
Head/Principal Name: SONIKA SANDHU","Address : VILLAGE CHATAMALA, KURALI ROAD,MORINDA
Website : http://www.gvismorinda.in"
1522,"Aff. No. :1631225
Sch. Code:21211","State : PUNJAB
District : RUPNAGAR",Secondary Level,"Name : SHRI GURU RAM RAI PUBLIC SCHOOL BEHRAMPUR BET
Head/Principal Name: JAGMOHAN SINGH","Address : VPO-BEHRAMPUR BET DISTT. ROPAR (PUNJAB) 140111
Website :"
1523,"Aff. No. :1631320
Sch. Code:21358","State : PUNJAB
District : RUPNAGAR",Secondary Level,"Name : SHAHEED BHAGAT SINGH PUBLIC HIGH SCHOOL
Head/Principal Name: RAJWINDER KAUR","Address : VPO BELA, TEHSIL CHAMKAUR SAHIB, DISTRICT RUPNAGAR (PUNJAB)-140111
Website : www.sbspublichighschool.com"
1524,"Aff. No. :1631343
Sch. Code:21385","State : PUNJAB
District : RUPNAGAR",Senior Secondary Level,"Name : SSRVM SR SEC SCHOOL
Head/Principal Name: Shivani Sharma","Address : SECTOR 2, NAYA NANGAL TEHSIL NANGAL DISTT RUPNAGAR (PB.)
Website : www.ssrvmnangal.com"
1525,"Aff. No. :1631430
Sch. Code:23632","State : PUNJAB
District : RUPNAGAR",Secondary Level,"Name : RIVERLAND INTERNATIONAL SCHOOL
Head/Principal Name: GURPREE KAUR","Address : V.P.O. KATLAUR, NEAR CHAMKAUR SAHIB , V.P.O. KATLAUR, NEAR CHAMKAUR SAHIB
Website : http://riverlandschool.com/"
1526,"Aff. No. :1631439
Sch. Code:23643","State : PUNJAB
District : RUPNAGAR",Secondary Level,"Name : IRVING'S PARK SMART SCHOOL
Head/Principal Name: BHUPINDER KAUR","Address : MORINDA TEHSIL CHAMKAUR SAHIB, RUPNAGAR
Website : www.ipsmorinda.com"
1527,"Aff. No. :1640006
Sch. Code:24508","State : PUNJAB
District : RUPNAGAR",Senior Secondary Level,"Name : PM SHRI SCHOOL JAWAHAR NAVODAYA VIDYALAYA
Head/Principal Name: Rattan Pal Gupta","Address : VILL & PO SANDHUAN DISTT ROPAR PUNJAB
Website : https://www.navodaya.gov.in/nvs/nvs-school/Ropar/"
1528,"Aff. No. :1631600
Sch. Code:23927","State : PUNJAB
District : FAZILKA",Secondary Level,"Name : AKAL ACADEMY KHUIAN SARWAR
Head/Principal Name: Parmjit Kaur Brar","Address : VILLAGE , POST OFFICE - GIDDERANWALI, TEHSIL - ABOHAR
Website : https://khuiansarwar.akalacademy.ac.in/"
1529,"Aff. No. :1640150
Sch. Code:22502","State : PUNJAB
District : FAZILKA",Senior Secondary Level,"Name : JAWAHAR NAVODAYA VIDYALAYA, FAZILKA
Head/Principal Name: ASHOK KUMAR VERMA","Address : VILLAGE - KIKARWALA ROOPA , DISTRICT - FAZILKA
Website : https://navodaya.gov.in/nvs/nvs-school/Fazilka/in/"
1530,"Aff. No. :1631429
Sch. Code:23630","State : PUNJAB
District : FAZILKA",Secondary Level,"Name : MODERN MALWA COLLEGIATE SENIOR SECONDARY SCHOOL
Head/Principal Name: MANINDER KAUR","Address : FAZILKA ROAD ABOHAR, TEHSIL ABOHAR DISTRICT FAZILKA
Website : www.modernmalwaabohar.in/"
1531,"Aff. No. :1631362
Sch. Code:21407","State : PUNJAB
District : FAZILKA",Senior Secondary Level,"Name : AKAL ACADEMY THEH KALANDHAR
Head/Principal Name: Gurjeet Kaur","Address : AKAL ACADEMY THEH KALANDER, VILLAGE THEH KALANDER, POST OFFICE BEHAK KHAS, TEHSIL & DISTRICT FAZILKA (PUNJAB) - 152123
Website : https://thehkalandhar.akalacademy.ac.in/"
1532,"Aff. No. :1631228
Sch. Code:21218","State : PUNJAB
District : FAZILKA",Senior Secondary Level,"Name : CH. RAGHUBIR SINGH MEMORIAL CONVENT SCHOOL
Head/Principal Name: Usmana","Address : VILLAGE WARYAM KHERA
Website : http://rsmconventschool.in/"
1533,"Aff. No. :1631218
Sch. Code:21205","State : PUNJAB
District : FAZILKA",Secondary Level,"Name : SHRI ROSHAN LAL JAIN SARVHITKARI VIDYA MANDIR
Head/Principal Name: JOLLY MONGA","Address : FAZILKA ROAD, NEAR MEERA GNM COLLEGE
Website : www.saravhitkariabohar.in"
1534,"Aff. No. :1631210
Sch. Code:21196","State : PUNJAB
District : FAZILKA",Senior Secondary Level,"Name : HARKISHAN PUBLIC SCHOOL
Head/Principal Name: AMARJEET KAUR","Address : HARKISHAN PUBLIC SCHOOL, AMAN NAGAR
Website : www.hpsjalalabad.com"
1535,"Aff. No. :1631127
Sch. Code:21119","State : PUNJAB
District : FAZILKA",Senior Secondary Level,"Name : DELHI PUBLIC SCHOOL, ABOHAR
Head/Principal Name: Shaveta Jasuja","Address : DELHI PUBLIC SCHOOL, SRI GANGANAGAR NATIONAL HIGHWAY -15, ABOHAR, PUNJAB -152116
Website : www.dps.edu.in"
1536,"Aff. No. :1631575
Sch. Code:23810","State : PUNJAB
District : FAZILKA",Secondary Level,"Name : THE SPRING DALES SCHOOL
Head/Principal Name: NEERAJ KUMAR","Address : KHURANJ, JALALABAD, DISTT FAZILKA
Website : https://thespringdalesschool.com/"
1537,"Aff. No. :1631580
Sch. Code:23815","State : PUNJAB
District : FAZILKA",Secondary Level,"Name : GLORIOUS CONVENT SCHOOL
Head/Principal Name: PRINCE KAMBOJ","Address : MANDI LADHUKA, F. F. ROAD V..P.O. LADHUKA, DISTT. FAZILKA
Website : https://gloriousschool.in/"
1538,"Aff. No. :1631545
Sch. Code:23769","State : PUNJAB
District : FAZILKA",Secondary Level,"Name : NWW RAVENWOOD INTERNATIONAL SCHOOL
Head/Principal Name: ILA Srivastava","Address : VPO KALA TIBBA , ABOHAR, DISTRICT FAZILKA
Website : https://www.ravenwood.in/"
1539,"Aff. No. :1631533
Sch. Code:23755","State : PUNJAB
District : FAZILKA",Middle Class,"Name : ADHARSHILA PLAY WAY CONVENT SCHOOOL
Head/Principal Name: ANAMIKA BANSAL","Address : ABOHAR , SITO ROAD , BYY PASS
Website : www.adharshilaschool.org"
1540,"Aff. No. :1631516
Sch. Code:23734","State : PUNJAB
District : FAZILKA",Secondary Level,"Name : IMPERIAL INTERNATIONAL SCHOOL FOR EXCELLENCE
Head/Principal Name: RAVI KUMAR","Address : VILLAGE KHUIAN SARWAR , TEHSIL ABOHAR, DISTT. FAZILKA
Website : https://iischoolfe.in"
1541,"Aff. No. :1600049
Sch. Code:24567","State : PUNJAB
District : FAZILKA",Senior Secondary Level,"Name : KENDRIYA VIDYALAYA
Head/Principal Name: SUNIL KUMAR","Address : B.S.F. RAMPURA, FAZILKA, DISTT. FAZILKA, PUNJAB
Website : www.fazilkabsf.kvs.ac.in"
1542,"Aff. No. :1630589
Sch. Code:20576","State : PUNJAB
District : FAZILKA",Senior Secondary Level,"Name : SHIVALIK PUBLIC SCHOOL
Head/Principal Name: SHAGUFTA SHARMA","Address : MUKTSAR ROAD, CHAK ARRIAN WALA,TEH. JALALABAD, DIST. FAZILKA
Website : www.shivalikeducation.in"
1543,"Aff. No. :1631048
Sch. Code:21043","State : PUNJAB
District : FAZILKA",Secondary Level,"Name : COMFY INTERNATIONAL CONVENT SCHOOL
Head/Principal Name: SHEENAM NAGPAL","Address : FAZILKA ABOHAR ROAD, 10 KM. FROM FAZILKA
Website : www.comfyschoolfzk.com"
1544,"Aff. No. :1631002
Sch. Code:20990","State : PUNJAB
District : FAZILKA",Senior Secondary Level,"Name : DELHI PUBLIC WORLD SCHOOL,
Head/Principal Name: ASUMPTHA RAJU","Address : CHAK ROOM WALA, JALALABAD, DISTRICT FAZILKA
Website : www.srichaitanyaschool.net"
1545,"Aff. No. :1631016
Sch. Code:21010","State : PUNJAB
District : SANGRUR",Secondary Level,"Name : BACHPAN INTERNATIONAL PUBLIC SCHOOL
Head/Principal Name: Krishan Paul","Address : V.P.O. HAMIRGARH
Website : www.bipsmoonak.com"
1546,"Aff. No. :1631032
Sch. Code:21021","State : PUNJAB
District : SANGRUR",Secondary Level,"Name : HOLY MISSION INTERNATIONAL SCHOOL
Head/Principal Name: HARVINDER SINGH","Address : VILLAGE KHAI, TEHSIL LEHRAGAGA, DISTRICT SANGRUR (PUNJAB)
Website : http://www.holymissionschool.in"
1547,"Aff. No. :1631025
Sch. Code:21013","State : PUNJAB
District : SANGRUR",Secondary Level,"Name : CAMBRIDGE GLOBAL SCHOOL
Head/Principal Name: Sonia","Address : VILLAGE BUSHERA, TEHSIL MOONAK, DISTT SANGRUR (PUNJAB)
Website : www.cgsbushera.com"
1548,"Aff. No. :1630987
Sch. Code:20964","State : PUNJAB
District : SANGRUR",Secondary Level,"Name : GOLDEN ERA MILLENNIUM SCHOOL, SULTANPUR
Head/Principal Name: Jaandeep Sandhu","Address : MALERKOTLA, RAIKOT ROAD
Website : www.gemssultanpur.com"
1549,"Aff. No. :1630981
Sch. Code:20963","State : PUNJAB
District : SANGRUR",Senior Secondary Level,"Name : NEW MODEL SENIOR SECONDARY SCHOOL
Head/Principal Name: Ashok kumar","Address : VPO CHAUNDA, TEHSIL MALERKOTLA
Website : www.nmssschaunda.in"
1550,"Aff. No. :1630989
Sch. Code:21025","State : PUNJAB
District : SANGRUR",Senior Secondary Level,"Name : DELHI PUBLIC SCHOOL SANGRUR
Head/Principal Name: Aruna Jaiswal","Address : NANKAYANA SAHIB- NABHA ROAD VILLAGE BHALWAN
Website : www.dpssangrur.com"
1551,"Aff. No. :1630998
Sch. Code:20987","State : PUNJAB
District : SANGRUR",Senior Secondary Level,"Name : R.P INTERNATIONAL SENIOR SECONDARY SCHOOL
Head/Principal Name: ANUJ KUMAR","Address : BARNALA BAJAKHANA ROAD, VPO. SEHNA
Website : www.rpschoolsehna.in"
1552,"Aff. No. :1630999
Sch. Code:20966","State : PUNJAB
District : SANGRUR",Secondary Level,"Name : BABA JORA SINGH MEMORIAL PUBLIC SCHOOL
Head/Principal Name: HARPREET SINGH DHILLION","Address : VILL.GURBAXPURA P.O.TIBBA TEH.DHURI,DISTT.SANGRUR
Website : https://www.bjsgurbaxpura.in"
1553,"Aff. No. :1631000
Sch. Code:20988","State : PUNJAB
District : SANGRUR",Senior Secondary Level,"Name : DEEWAN TODDAR MALL PUBLIC SCHOOL
Head/Principal Name: Manjeet Kaur","Address : VPO KAKRA
Website : https://dtmpschool.com/"
1554,"Aff. No. :1630972
Sch. Code:20955","State : PUNJAB
District : SANGRUR",Secondary Level,"Name : SAI INTERNATIONAL SCHOOL
Head/Principal Name: Ritu Bala","Address : SUNAM ROAD, CHANGALIWALA, LEHRAGAGA
Website : www.saiinternational.org"
1555,"Aff. No. :1631047
Sch. Code:21038","State : PUNJAB
District : SANGRUR",Senior Secondary Level,"Name : BABA GANDA SINGH PUBLIC SR. SEC. SCHOOL
Head/Principal Name: Som Prakash","Address : VILL. LANGRIAN, AMARGARH, TEHSIL MALERKOTLA, DISTRICT SANGRUR
Website : www.bgsamargarh.in"
1556,"Aff. No. :1631057
Sch. Code:21171","State : PUNJAB
District : SANGRUR",Senior Secondary Level,"Name : DELHI PUBLIC SCHOOL DHURI
Head/Principal Name: Reshma Rani","Address : STATE HIGHWAY 11
Website : http://dpsdhuri.edu.in/"
1557,"Aff. No. :1631096
Sch. Code:21071","State : PUNJAB
District : SANGRUR",Senior Secondary Level,"Name : GURU NANAK CONVENT SENIOR SECONDARY SCHOOL
Head/Principal Name: VEERPAL KAUR","Address : CAMPUS BALYAL ROAD BHAWANIGARH PIN 148026 DIST. SANGRUR PUNJAB INDIA
Website : www.gcs-bhawanigarh.org"
1558,"Aff. No. :1631105
Sch. Code:21094","State : PUNJAB
District : SANGRUR",Senior Secondary Level,"Name : SARASWATI VIDYA MANDIR SENIOR SECONDARY SCHOOL
Head/Principal Name: RAKESH KUMAR","Address : SHAHPUR ROAD, CHEEMA MANDI, SANGRUR, PUNJAB-148029
Website : http://www.svmcheema.in"
1559,"Aff. No. :1631079
Sch. Code:21082","State : PUNJAB
District : SANGRUR",Senior Secondary Level,"Name : KHALSA PUBLIC SENIOR SECONDARY SCHOOL
Head/Principal Name: BALRAJ KUMAR","Address : VPO KAPIAL, DISTT. SANGRUR (PUNJAB)
Website : http://www.kpskapial.in"
1560,"Aff. No. :1630957
Sch. Code:20947","State : PUNJAB
District : SANGRUR",Senior Secondary Level,"Name : BHUPINDRA GLOBAL SCHOOL
Head/Principal Name: SATBIR KAUR SAHI","Address : VILL. BINJOKI KALAN MLERKOTLA SANGRUR
Website : www.bgsonline.in"
1561,"Aff. No. :1630958
Sch. Code:20949","State : PUNJAB
District : SANGRUR",Secondary Level,"Name : ALPINE PUBLIC SCHOOL,
Head/Principal Name: RAJNI SHARMA","Address : DHURI-BARNALA ROAD, VILLAGE KAKARWAL (DHURI)
Website : www.alpineschoolkakarwal.com"
1562,"Aff. No. :1630959
Sch. Code:20943","State : PUNJAB
District : SANGRUR",Senior Secondary Level,"Name : SHRI DASMESH PUBLIC SENIOR SECONDARY SCHOOL,
Head/Principal Name: ARCHANA DUTT","Address : DANGARH ROAD, VILLAGE KATTU
Website : www.sdschoolkattu.com"
1563,"Aff. No. :1630961
Sch. Code:20968","State : PUNJAB
District : SANGRUR",Senior Secondary Level,"Name : AKAL ACADEMY BENRA
Head/Principal Name: MANJOT KAUR","Address : BENRA, V&PO BENRA, TEH. DHURI, DISTT. SANGRUR
Website : http://benra.akalacademy.ac.in"
1564,"Aff. No. :1630954
Sch. Code:20944","State : PUNJAB
District : SANGRUR",Senior Secondary Level,"Name : MATA GUJRI PUBLIC SENIOR SECONDARY SCHOOL
Head/Principal Name: VARUNDEEP KAUR WALIA","Address : DHANAULA KALAN
Website : https://mgpsdhanaula.in/"
1565,"Aff. No. :1630941
Sch. Code:20933","State : PUNJAB
District : SANGRUR",Senior Secondary Level,"Name : SHRI SURAJ KUND SARVHITKARI VIDYA MANDIR
Head/Principal Name: AMIT DOGRA","Address : KHADIAL ROAD, SUNAM-148024
Website : www.surajkundsvmsunam.in"
1566,"Aff. No. :1630946
Sch. Code:20946","State : PUNJAB
District : SANGRUR",Secondary Level,"Name : SAMPURAN PUBLIC SCHOOL
Head/Principal Name: MOHD IMRAN FAROOQI","Address : VILL. MATOI, MALERKOTLA
Website : www.spsmatoi.com"
1567,"Aff. No. :1630914
Sch. Code:20910","State : PUNJAB
District : SANGRUR",Senior Secondary Level,"Name : SRI CHAITANYA TECHNO SCHOOL
Head/Principal Name: KONDA MADHU BABU","Address : MUBARIKPUR ROAD, VILLAGE - HATHAN, MALERKOTLA SANGRUR
Website : www.srichaitanyaschool.net"
1568,"Aff. No. :1630921
Sch. Code:20914","State : PUNJAB
District : SANGRUR",Senior Secondary Level,"Name : GURU RAM DASS SENIOR SECONDARY SCHOOL,
Head/Principal Name: HARPREET KAUR","Address : VILLAGE AKBARPUR, P.O. NAGRA AKBARPUR (SANGRUR)
Website : http://www.grdsss.com"
1569,"Aff. No. :1630929
Sch. Code:20918","State : PUNJAB
District : SANGRUR",Senior Secondary Level,"Name : G.C.M CONVENT SCHOOL,
Head/Principal Name: Neeraj Bansal","Address : DIRBA-PATRAN ROAD (NH71),NEAR V&PO- KHETLA & DIRBA
Website : www.gcmconventschool.in"
1570,"Aff. No. :1630896
Sch. Code:20891","State : PUNJAB
District : SANGRUR",Secondary Level,"Name : AADHAR PUBLIC SCHOOL
Head/Principal Name: SHWETA SHARMA","Address : V.P.O BADRUKHAN
Website : www.aadharpublicschool.com"
1571,"Aff. No. :1630897
Sch. Code:20892","State : PUNJAB
District : SANGRUR",Senior Secondary Level,"Name : PARAMOUNT PUBLIC SCHOOL
Head/Principal Name: SANJAY KUMAR","Address : VPO- CHEEMA
Website :"
1572,"Aff. No. :1630904
Sch. Code:20898","State : PUNJAB
District : SANGRUR",Senior Secondary Level,"Name : PUNJAB PUBLIC SCHOOL
Head/Principal Name: AMARINDER SINGH","Address : VILLAGE KHAI, LEHRAGAGA SANGRUR
Website : www.ppskhai.com"
1573,"Aff. No. :1630910
Sch. Code:20908","State : PUNJAB
District : SANGRUR",Senior Secondary Level,"Name : BRAINTREE WORLD SCHOOL, AMARGARH (DISTT. SANGRUR) PUNJAB.
Head/Principal Name: GURDEEP SINGH","Address : DHURI ROAD, AMARGARH
Website : www.braintreeworldschool.in"
1574,"Aff. No. :1630821
Sch. Code:20794","State : PUNJAB
District : SANGRUR",Senior Secondary Level,"Name : PUNJAB CONVENT SCHOOL
Head/Principal Name: PARMJIT KAUR","Address : VPO MEHLLAN, TEHSIL SUNAM, DISTT SANGRUR, PUNJAB
Website : www.pcsmehlan.com"
1575,"Aff. No. :1630832
Sch. Code:20816","State : PUNJAB
District : SANGRUR",Senior Secondary Level,"Name : PIONEER CONVENT SCHOOL
Head/Principal Name: PARMINDER KAUR MANDER","Address : VILLAGE GAJJAN MAJRA, P.O. BHURTHALA, TEHSIL MALERKOTLA
Website : www.pcsgajjanmajra.com"
1576,"Aff. No. :1630835
Sch. Code:20840","State : PUNJAB
District : SANGRUR",Senior Secondary Level,"Name : ARYABHATTA INTERNATIONAL SCHOOL, BARNALA
Head/Principal Name: Mansi Singhal","Address : NH - 71, BAZAKHANA ROAD ,BARNALA.- PUNJAB
Website : www.aryabhatta.edu.in"
1577,"Aff. No. :1630843
Sch. Code:20824","State : PUNJAB
District : SANGRUR",Secondary Level,"Name : D.M. PUBLIC SCHOOL
Head/Principal Name: Sandeep Kaur","Address : THIKRIWAL ROAD, RAISAR TEH & DISTT BARNALA
Website :"
1578,"Aff. No. :1630848
Sch. Code:20825","State : PUNJAB
District : SANGRUR",Senior Secondary Level,"Name : SPRINGDALES PUBLIC SCHOOL
Head/Principal Name: Vikesh Garg","Address : DHURI ROAD, NEAR RAILWAY CROSSING
Website : www.springdalesschool.org"
1579,"Aff. No. :1630853
Sch. Code:20828","State : PUNJAB
District : SANGRUR",Senior Secondary Level,"Name : PUNJAB PUBLIC SCHOOL
Head/Principal Name: SIMRAN KAUR","Address : MANNA PINDI, DHANAULA ROAD,
Website : www.ppsbarnala.com"
1580,"Aff. No. :1630869
Sch. Code:20842","State : PUNJAB
District : SANGRUR",Senior Secondary Level,"Name : KESHAV PUBLIC SENIOR SECONDARY SCHOOL
Head/Principal Name: SHALLU ARORA","Address : JANAL ROAD, DIRBA, SUNAM,
Website : http://www.kpsdirba.in"
1581,"Aff. No. :1630879
Sch. Code:20848","State : PUNJAB
District : SANGRUR",Senior Secondary Level,"Name : RAINBOW PUBLIC SCHOOL
Head/Principal Name: RAMANDIP KAUR","Address : VPO HUSSAINPURA TEHSIL MALERKOTLA
Website : www.rainbowhussainpura.com"
1582,"Aff. No. :1630876
Sch. Code:20849","State : PUNJAB
District : SANGRUR",Senior Secondary Level,"Name : FORTUNE CONVENT SENIOR SECONDARY SCHOOL
Head/Principal Name: RAJVIR KAUR","Address : VILLAGE AKOI SAHIB, DISTT. SANGRUR
Website : www.fortuneschoolsangrur.com"
1583,"Aff. No. :1630885
Sch. Code:20862","State : PUNJAB
District : SANGRUR",Secondary Level,"Name : SANATAN VIDYA MANDIR
Head/Principal Name: Poonam Bansal","Address : WARD NO. 12, RAILWAY ROAD, AHMADGARH
Website : http://www.svmahmedgarh.net"
1584,"Aff. No. :1630888
Sch. Code:20864","State : PUNJAB
District : SANGRUR",Senior Secondary Level,"Name : HOLY HEART PUBLIC SENIOR SECONDARY SCHOOL
Head/Principal Name: KAMNI","Address : VPO CHHAJLI, TEHSIL SUNAM
Website : http://www.hhpschhajli.in"
1585,"Aff. No. :1630889
Sch. Code:20856","State : PUNJAB
District : SANGRUR",Senior Secondary Level,"Name : STANFORD INTERNATIONAL SCHOOL
Head/Principal Name: Simple Kumar","Address : V&P CHANANWAL , BARNALA
Website : www.sisbarnala.com"
1586,"Aff. No. :1630581
Sch. Code:20569","State : PUNJAB
District : SANGRUR",Senior Secondary Level,"Name : MODERN SECULAR PUBLIC SCHOOL,DHURI (SANGRUR)
Head/Principal Name: SUNIL KADAM","Address : DAULATPUR ROAD, NEAR M.K.BYE-PASS
Website : www.mspsdhuri.com"
1587,"Aff. No. :1630594
Sch. Code:20582","State : PUNJAB
District : SANGRUR",Senior Secondary Level,"Name : MOTHER TEACHER PREPARATORY SCHOOL
Head/Principal Name: DALJEET SINGH","Address : AASTHA ENCLAVE BARNALA
Website : www.motherteacherschool.in"
1588,"Aff. No. :1630574
Sch. Code:20567","State : PUNJAB
District : SANGRUR",Senior Secondary Level,"Name : SPRING VALLEY PUBLIC SCHOOL
Head/Principal Name: KIRAN BALA","Address : HANDIAYA ROAD, BARNALA-148101,PUNJAB
Website : www.svpsbarnala.com"
1589,"Aff. No. :1630575
Sch. Code:20549","State : PUNJAB
District : SANGRUR",Senior Secondary Level,"Name : ST. JOSEPH'S SCHOOL
Head/Principal Name: Kamaljeet Kaur","Address : NEAR GAUSHALA,RAIKOT ROAD, BARNALA
Website : www.stjosephbarnala.in"
1590,"Aff. No. :1630566
Sch. Code:20559","State : PUNJAB
District : SANGRUR",Senior Secondary Level,"Name : MODERN SECULAR PUBLIC SCHOOL
Head/Principal Name: SUKHINDER KAUR BHANGU","Address : MALERKOTLA-KHANNA ROAD, MALERKOTLA-148023, DISTT. SANGRUR (PB.)
Website : http://www.mspsmalerkotla.com"
1591,"Aff. No. :1630567
Sch. Code:20560","State : PUNJAB
District : SANGRUR",Senior Secondary Level,"Name : MODERN SECULAR PUBLIC SCHOOL,
Head/Principal Name: HARVANT SINGH","Address : MALERKOTLA - RAIKOT ROAD, SHERGARH CHEEMA, DISTT. SANGRUR (PUNJAB)
Website : http://www.mspsshergarhcheema.com/"
1592,"Aff. No. :1630558
Sch. Code:20544","State : PUNJAB
District : SANGRUR",Senior Secondary Level,"Name : KNIGHTS INTERNATIONA PUBLIC SCHOOL
Head/Principal Name: S D Nair","Address : KNIGHTS INTERNATIONAL PUBLIC SCHOOL, ALLAL ROAD, V & PO MULLOWAL (DHURI)
Website :"
1593,"Aff. No. :1630636
Sch. Code:20623","State : PUNJAB
District : SANGRUR",Senior Secondary Level,"Name : HOLY HEART SENIOR SECONDARY CONVENT SCHOOL, MANGWAL (SANGRUR)
Head/Principal Name: DR CHANPREET KAUR","Address : VILLAGE MANGWAL, SANGRUR-148001 (PUNJAB)
Website : www.holyheartconvent.in"
1594,"Aff. No. :1630637
Sch. Code:20624","State : PUNJAB
District : SANGRUR",Secondary Level,"Name : LITTLE FLOWER CONVENT SCHOOL
Head/Principal Name: SR MARY LAVANIA K F","Address : PATIALA ROAD, MANGWAL VILLAGE, SANGRUR, PUNJAB
Website : http://lfconventschoolsangrur.com/Default.aspx"
1595,"Aff. No. :1630621
Sch. Code:20606","State : PUNJAB
District : SANGRUR",Senior Secondary Level,"Name : ROSEMARY PUBLIC SCHOOL
Head/Principal Name: Nirmla Rani","Address : PATIALA ROAD, VILL BISHANPURA PO SUNAM-148028
Website :"
1596,"Aff. No. :1630732
Sch. Code:20712","State : PUNJAB
District : SANGRUR",Senior Secondary Level,"Name : SCHOLAR'S PRIDE SCHOOL
Head/Principal Name: SUNEET KUMAR","Address : BAGRIAN ROAD NEAR PANCHVATI MANDIR DHURI
Website : http://scholarspridedhuri.com/"
1597,"Aff. No. :1630733
Sch. Code:20715","State : PUNJAB
District : SANGRUR",Secondary Level,"Name : SHRI GURU ANGAD DEV PUBLIC SCHOOL
Head/Principal Name: Amritpal Kaur","Address : SHRI GURU ANGAD DEV PUBLIC SCHOOL
Website : www.sgadpslangrian.com"
1598,"Aff. No. :1630730
Sch. Code:20714","State : PUNJAB
District : SANGRUR",Senior Secondary Level,"Name : SHAHEED UDHAM SINGH ACADEMY SATAUJ
Head/Principal Name: Kuldeep Singh","Address : HERON-KANAKWAL ROAD, SATAUJ (SANGRUR) 148028
Website : www.susacademysatauj.com"
1599,"Aff. No. :1630695
Sch. Code:20674","State : PUNJAB
District : SANGRUR",Senior Secondary Level,"Name : SANT ATTAR SINGH AKAL ACADAMY
Head/Principal Name: DALIMA PATIYAL","Address : VILL. BHOJOWALI, P.O. BHADALWAD DHURI, SANGRUR
Website : www.sasakalacademybhojowali.com"
1600,"Aff. No. :1630696
Sch. Code:20677","State : PUNJAB
District : SANGRUR",Senior Secondary Level,"Name : BABA SHAHEED SINGH PUBLIC SCHOOL
Head/Principal Name: Dr. PERVINDER KAUR","Address : VILL & P.O. BALIAN,TEHSIL & DISTRICT SANGRUR
Website : www.bsspsbalian.com"
1601,"Aff. No. :1630699
Sch. Code:20680","State : PUNJAB
District : SANGRUR",Senior Secondary Level,"Name : GYAN GANGA INTERNATIONAL SCHOOL
Head/Principal Name: Harpreet Kaur","Address : BALRAN, MOONAK, SANGRUR
Website : www.ggis.edu.in"
1602,"Aff. No. :1630677
Sch. Code:20659","State : PUNJAB
District : SANGRUR",Senior Secondary Level,"Name : NANKANA SAHIB PUBLIC HIGH SCHOOL RAMPUR CHHANNA
Head/Principal Name: ISHITA ARORA","Address : NANKANA SAHIB PUBLIC HIGH SCHOOL VILLAGE RAMPUR CHHANNA, P.O. AMARGARH
Website : www.nsps.world"
1603,"Aff. No. :1630772
Sch. Code:20765","State : PUNJAB
District : SANGRUR",Senior Secondary Level,"Name : OASIS PUBLIC SCHOOL
Head/Principal Name: RIFHAT WAHAB","Address : OPP. KUKA MEMORIAL, KHANNA ROAD, MALERKOTLA
Website : www.oasispublicschool.in"
1604,"Aff. No. :1630778
Sch. Code:20786","State : PUNJAB
District : SANGRUR",Senior Secondary Level,"Name : SANT ATTAR SINGH AKAL ACADEMY
Head/Principal Name: VIJAY PLAHA","Address : POST OFFICE MASTUANA SAHIB
Website : www.sasakalacademy.com"
1605,"Aff. No. :1630779
Sch. Code:20813","State : PUNJAB
District : SANGRUR",Secondary Level,"Name : ST. THOMAS SCHOOL
Head/Principal Name: Vijay Saroch","Address : BAKHOPIR ROAD, BHAWANIGARH
Website : www.stthomasschoolbhg.in"
1606,"Aff. No. :1630749
Sch. Code:20731","State : PUNJAB
District : SANGRUR",Senior Secondary Level,"Name : TARA CONVENT SCHOOL
Head/Principal Name: PARMINDER KAUR PANDHER","Address : TARA ESTATE, ADAMPAL ROAD, MALERKOTLA DISTT. SANGRUR PUNJAB
Website : www.taraconventschool.com"
1607,"Aff. No. :1630819
Sch. Code:20792","State : PUNJAB
District : SANGRUR",Senior Secondary Level,"Name : SARVHITKARI VIDYA MANDIR (SENIOR SECONDARY),
Head/Principal Name: SANTOSH KUMAR","Address : VILLAGE DHURA (DHURI)SANGRUR
Website : www.svmdhuri.com"
1608,"Aff. No. :1630815
Sch. Code:20790","State : PUNJAB
District : SANGRUR",Secondary Level,"Name : AKAL SAHAI ACADEMY
Head/Principal Name: RAJNI RANI","Address : VILL: BHUTAL KALAN,SUNAM, LEHRAGARA, SANGRUR PUNJAB
Website : www.akalsahaiacademy.com"
1609,"Aff. No. :1620021
Sch. Code:24021","State : PUNJAB
District : SANGRUR",Senior Secondary Level,"Name : GOVT. MODEL SCHOOL
Head/Principal Name: PARVINDER KAUR","Address : LEHAL KALAN, LEHRAGAGA
Website :"
1610,"Aff. No. :1630015
Sch. Code:20053","State : PUNJAB
District : SANGRUR",Senior Secondary Level,"Name : GEN GURNAM SINGH PUBLIC SCHOOL
Head/Principal Name: Dinesh Dev Thapliyal","Address : GENERAL GURNAM SINGH PUBLIC SCHOOL,PATIALA BYPASS SANGRUR
Website : https://www.ggspublicschoolsangrur.org/"
1611,"Aff. No. :1630059
Sch. Code:20056","State : PUNJAB
District : SANGRUR",Senior Secondary Level,"Name : D A V CENTENARY PUBLIC SCHOOL
Head/Principal Name: Saini Ranvir Singh Agiaram","Address : MALERKOTLA SANGRUR PUNJAB
Website : www.davmalerkotla.com"
1612,"Aff. No. :1600042
Sch. Code:24562","State : PUNJAB
District : SANGRUR",Senior Secondary Level,"Name : KENDRIYA VIDYALAYA
Head/Principal Name: HARI HAR YADAV","Address : S.L.I.E.T. LONGOWAL, DISTT. SANGRUR, PUNJAB
Website : http://www.longowalsliet.kvs.ac.in"
1613,"Aff. No. :1600044
Sch. Code:24569","State : PUNJAB
District : SANGRUR",Secondary Level,"Name : KENDRIYA VIDYALAYA
Head/Principal Name: Nitin Dev","Address : UBHAWAL, DISTT. SANGRUR, PUNJAB
Website : www.ubhawal.kvs.ac.in"
1614,"Aff. No. :1620017
Sch. Code:24012","State : PUNJAB
District : SANGRUR",Senior Secondary Level,"Name : GOVT. MODEL SCHOOL
Head/Principal Name: RITU SHARMA","Address : MANDVI, ANNDANA, SANGRUR
Website : www.ssapunjab.org"
1615,"Aff. No. :1620018
Sch. Code:24016","State : PUNJAB
District : SANGRUR",Senior Secondary Level,"Name : GOVT. MODEL SCHOOL
Head/Principal Name: RANJU SHARMA","Address : SHERON, VILLAGE SHERON, SHAHPUR ROAD, BLOCK SAUNAM
Website :"
1616,"Aff. No. :1600008
Sch. Code:24540","State : PUNJAB
District : SANGRUR",Senior Secondary Level,"Name : PM SHRI KENDRIYA VIDYALAYA
Head/Principal Name: JASDEEP KAUR","Address : AIR FORCE STATION BARNALA SANGRUR DISTT PUNJAB
Website : https://afsbarnala.kvs.ac.in"
1617,"Aff. No. :1630137
Sch. Code:20164","State : PUNJAB
District : SANGRUR",Senior Secondary Level,"Name : ALPINE PUBLIC SCHOOL
Head/Principal Name: ROMA RANI","Address : KAKRA ROAD BHAWANIGARH DT. SANGRUR PUNJAB
Website : https://www.apsbhawanigarh.com"
1618,"Aff. No. :1630178
Sch. Code:20170","State : PUNJAB
District : SANGRUR",Senior Secondary Level,"Name : SITA GRAMMAR SCHOOL
Head/Principal Name: JASVIR KAUR MANDER","Address : SITA GRAMMAR SCHOOL, LUDHIANA ROAD, MALERKOTLA (148023)
Website : www.sitagrammarschool.com"
1619,"Aff. No. :1630196
Sch. Code:20184","State : PUNJAB
District : SANGRUR",Senior Secondary Level,"Name : THE CAMBRIDGE SCHOOL
Head/Principal Name: SUNITA PAL GOLLAPALLI","Address : DHURI -148 024 DISTT.SANGRUR PUNJAB
Website : www.srichaitanyaschool.net"
1620,"Aff. No. :1630197
Sch. Code:20193","State : PUNJAB
District : SANGRUR",Senior Secondary Level,"Name : SHAHEED BHAI DIALAJI PUBLIC SCHOOL
Head/Principal Name: SEEMA THAKUR","Address : OPPOSITE SLIET LONGAWAL DISTRICT SANGRUR PUNJAB
Website : www.sbdjlondowal.com"
1621,"Aff. No. :1630189
Sch. Code:20176","State : PUNJAB
District : SANGRUR",Senior Secondary Level,"Name : GURU TEG BAHADUR PUB SCHOOL
Head/Principal Name: SATBIR SINGH","Address : BARDWAL DHURI DISTT SANGRUR PUNJAB
Website : https://gtbpsdhuri.com/index.aspx"
1622,"Aff. No. :1630215
Sch. Code:20204","State : PUNJAB
District : SANGRUR",Senior Secondary Level,"Name : SANT ISHAR SINGH PUBLIC SCHOOL
Head/Principal Name: MANJIT PAL SINGH","Address : V&PO CHHAHAR TEH SUNAM SANGRUR DISTT PUNJAB
Website : www.sispsc.com"
1623,"Aff. No. :1630219
Sch. Code:20213","State : PUNJAB
District : SANGRUR",Senior Secondary Level,"Name : BABU BRISH BHAN DAV PUB SCHOOL
Head/Principal Name: SANJEEV KUMAR SHARMA","Address : MOONAK DISTT SANGRUR PUNJAB
Website : www.davmoonak.edu.in"
1624,"Aff. No. :1630240
Sch. Code:20234","State : PUNJAB
District : SANGRUR",Senior Secondary Level,"Name : VASANT VALLEY PUBLIC SCHOOL
Head/Principal Name: Anitha R","Address : LADDA DISTT SANGRUR PUNJAB
Website : www.vasantvalley.ac.in"
1625,"Aff. No. :1630231
Sch. Code:20228","State : PUNJAB
District : SANGRUR",Senior Secondary Level,"Name : AKAL ACADEMY
Head/Principal Name: Neena Sharma","Address : V&PO CHEEMA TEH SUNAM DISTT SANGRUR PUNJAB
Website : https://cheemaem.akalacademy.ac.in/"
1626,"Aff. No. :1630265
Sch. Code:20258","State : PUNJAB
District : SANGRUR",Senior Secondary Level,"Name : HIMLAND PUBLIC SCHOOL
Head/Principal Name: Amandeep Sharma","Address : SANGRUR ROAD DIRBA SANGRUR PUNJAB
Website : www.himlandschooldirba.com"
1627,"Aff. No. :1630263
Sch. Code:20256","State : PUNJAB
District : SANGRUR",Senior Secondary Level,"Name : SOHRAB PUBLIC SCHOOL
Head/Principal Name: Mushtaq Mahendru","Address : NABHA ROAD MALERKOTLA SANGRUR PUNJAB
Website : www.sohrabpublicschool.in"
1628,"Aff. No. :1630302
Sch. Code:20292","State : PUNJAB
District : SANGRUR",Senior Secondary Level,"Name : HERITAGE PUBLIC SCHOOL
Head/Principal Name: GURPREET KAUR","Address : RAMPURA BHWANI GARH DISTT SANGRUR PUNJAB
Website : www.heritagepublicschool.com"
1629,"Aff. No. :1630355
Sch. Code:20365","State : PUNJAB
District : SANGRUR",Senior Secondary Level,"Name : AKAL ACADEMY FATEHGARH GANDUANA
Head/Principal Name: ANURADHA","Address : AKAL ACADEMY FATEHGARH GANDUAN VILL FATEHGARH GANDUAN PO LEHRAGAGA TEH SUNAM DISTT SANGRUR PUNJAB - 148031
Website : https://fganduan.akalacademy.ac.in/"
1630,"Aff. No. :1630379
Sch. Code:20371","State : PUNJAB
District : SANGRUR",Senior Secondary Level,"Name : BABA GANDHA SINGH PUBLIC SCHOOL
Head/Principal Name: NIRDOSH RALHAN","Address : BHADAUR BARNALA ROAD DISTT SANGRUR PUNJAB
Website : https://bgsbhadaur.com"
1631,"Aff. No. :1630374
Sch. Code:20361","State : PUNJAB
District : SANGRUR",Senior Secondary Level,"Name : SEABA INTERNATIONAL SCHOOL
Head/Principal Name: FLEVY D","Address : LEHRAGAGA SANGRUR PUNJAB
Website : www.seabamission.com"
1632,"Aff. No. :1630372
Sch. Code:20364","State : PUNJAB
District : SANGRUR",Senior Secondary Level,"Name : STEELMANS PUBLIC SCHOOL
Head/Principal Name: Anjali Gaur","Address : SANGRUR ROAD CHANNO DISTT SANGRUR PUNJAB
Website : www.steelmansschool.com"
1633,"Aff. No. :1630393
Sch. Code:20383","State : PUNJAB
District : SANGRUR",Senior Secondary Level,"Name : GURU HARKRISHAN PUBLIC SCHOOL
Head/Principal Name: RAMANDEEP SINGH PANDHER","Address : PHALLEWAL KHURD PO ROHIRA DISTT SANGRUR PUNJAB
Website : www.ghpschool.org"
1634,"Aff. No. :1630399
Sch. Code:20386","State : PUNJAB
District : SANGRUR",Senior Secondary Level,"Name : Y S PUBLIC SCHOOL
Head/Principal Name: MOHIT JINDAL","Address : BATHINDA ROAD HANDIYA BARNALA SANGRUR PUNJAB
Website : www.yspublicschoolhandiaya.edu.in"
1635,"Aff. No. :1630410
Sch. Code:20405","State : PUNJAB
District : SANGRUR",Senior Secondary Level,"Name : GREEN VALLEY PUBLIC SCHOOL
Head/Principal Name: KAVITA KAPOOR","Address : JANDALI ROAD AHMEDGARH DISTT SANGRUR PUNJAB
Website : www.gvpsahmedgarh.com"
1636,"Aff. No. :1630411
Sch. Code:20406","State : PUNJAB
District : SANGRUR",Senior Secondary Level,"Name : GOLDEN EARTH GLOBAL SCHOOL
Head/Principal Name: Parminder Sandhu","Address : PATIALA ROAD SANGRUR PUNJAB
Website : www.goldenearthschool.org"
1637,"Aff. No. :1630434
Sch. Code:20413","State : PUNJAB
District : SANGRUR",Senior Secondary Level,"Name : M & M PUBLIC SCHOOL
Head/Principal Name: Swaran Kaur Sarwara","Address : DISTT SANGRUR VILLAGE NAGRI SUNAM PUNJAB
Website : https://www.school.mandminstitutes.co.in"
1638,"Aff. No. :1630426
Sch. Code:20440","State : PUNJAB
District : SANGRUR",Senior Secondary Level,"Name : DAV PUBLIC SCHOOL
Head/Principal Name: VIJAY PRAKASH GUPTA","Address : COLLEGE ROAD, SUNAM SANGRUR PUNJAB-148028
Website : www.davsunam.com"
1639,"Aff. No. :1630420
Sch. Code:20411","State : PUNJAB
District : SANGRUR",Senior Secondary Level,"Name : SIDHU MEMO PUBLIC SCHOOL
Head/Principal Name: manjit kaur","Address : SHEROU SANGRURU PUNJAB
Website : http://sidhumemorialschool-sheron.in/"
1640,"Aff. No. :1630415
Sch. Code:20404","State : PUNJAB
District : SANGRUR",Senior Secondary Level,"Name : SHIVALIK PUBLIC SCHOOL
Head/Principal Name: MONICA GARG","Address : DHILWAN ROAD, TAPA MANDI SANGRUR PUNJAB
Website : www.shivaliktapa.in"
1641,"Aff. No. :1630469
Sch. Code:20448","State : PUNJAB
District : SANGRUR",Senior Secondary Level,"Name : DR. DEV RAJ DAYANAND ANGLO VERNACULAR PUBLIC SCHOOL
Head/Principal Name: DEVTA PARKASH","Address : KHAI LEHRAGAGA, LEHRA SANGRUR, PUNJAB
Website : www.ddrdavssps.in"
1642,"Aff. No. :1630470
Sch. Code:20456","State : PUNJAB
District : SANGRUR",Secondary Level,"Name : BACHPAN ENGLISH SCHOOL
Head/Principal Name: ANU SUDAN","Address : SANGRUR, PANJAB
Website : http://bachpanschoolsangrur.in/"
1643,"Aff. No. :1630474
Sch. Code:20450","State : PUNJAB
District : SANGRUR",Senior Secondary Level,"Name : SARVHITKARI VIDYA MANDIR
Head/Principal Name: Jankey Pandey","Address : DHURI ROAD, DISTT SANGRUR, PUNJAB
Website : www.svmmalerkotla.in"
1644,"Aff. No. :1630493
Sch. Code:20484","State : PUNJAB
District : SANGRUR",Secondary Level,"Name : LA FOUNDATION SCHOOL
Head/Principal Name: VIBHA SHARMA","Address : VILLAGE THALESAN, SANGRUR DISTT., PUNJAB
Website : http://www.lafoundation.com"
1645,"Aff. No. :1630505
Sch. Code:20496","State : PUNJAB
District : SANGRUR",Senior Secondary Level,"Name : BROADWAY PUBLIC SCHOOL
Head/Principal Name: M A SAIFY","Address : VILL:-MANAL,P/O:-KURAR TEH&DISTT:-BARNALA
Website : www.broadwayschoolmanal.in"
1646,"Aff. No. :1630527
Sch. Code:20516","State : PUNJAB
District : SANGRUR",Senior Secondary Level,"Name : JAI VATIKA PUBLIC SCHOOL
Head/Principal Name: Parvinder Kaur","Address : JAI VATIKA PUBLIC SCHOOL, THIKRIWALA CHOWK, SANGHERA BYE-PASS ROAD
Website : https://jvps.ac.in"
1647,"Aff. No. :1630491
Sch. Code:20482","State : PUNJAB
District : SANGRUR",Senior Secondary Level,"Name : COLONEL PUBLIC SCHOOL
Head/Principal Name: TARSEM KUMAR","Address : CHURAN KALAN, LEHRA, SANGRUR PUNJAB
Website : www.colonelinstitutes.com"
1648,"Aff. No. :1631511
Sch. Code:23727","State : PUNJAB
District : SANGRUR",Senior Secondary Level,"Name : SHRI RAM INTERNATIONAL SCHOOL
Head/Principal Name: Roohi Joshi","Address : KAKARWAL, NEAR HP PETROL PUMP, DHURI-BARNALA ROAD
Website : www.shriramschooldhuri.com"
1649,"Aff. No. :1631500
Sch. Code:23715","State : PUNJAB
District : SANGRUR",Secondary Level,"Name : WISDOM WORLD SCHOOL
Head/Principal Name: ANJANA BHATT","Address : AHMEDGARH CHHANNA, TEHSIL AHMEDGARH DISTRICT MALERKOTLA
Website : www.wisdomworldahh.com"
1650,"Aff. No. :1631463
Sch. Code:23674","State : PUNJAB
District : SANGRUR",Secondary Level,"Name : DR.GAGANDEEP ROTARY PUBLIC SCHOOL
Head/Principal Name: TARUNA ARORA","Address : JAKHEPAL ROAD, SUNAM
Website : https://rotarypublicschoolsunam.in/"
1651,"Aff. No. :1631472
Sch. Code:23685","State : PUNJAB
District : SANGRUR",Senior Secondary Level,"Name : KINGSVIEW INTERNATIONAL SCHOOL
Head/Principal Name: KUMARI RITU THAKUR","Address : DHURA, P.O. HARCHANDPUR, TEHSIL DHURI, DISTT. SANGRUR (PUNJAB)
Website : http://kingsviewschool.com"
1652,"Aff. No. :1631456
Sch. Code:23664","State : PUNJAB
District : SANGRUR",Senior Secondary Level,"Name : RISHI PUBLIC SENIOR SECONDARY SCHOOL
Head/Principal Name: Chhaya","Address : NEAR BBMB, UBHAWAL ROAD
Website : www.rpsss.ac.in"
1653,"Aff. No. :1631523
Sch. Code:23744","State : PUNJAB
District : SANGRUR",Secondary Level,"Name : BABA GANDA SINGH PUBLIC SCHOOL
Head/Principal Name: Inderjit Singh","Address : NABHA-BHAWANIGARH ROAD, VILLAGE ALO ARKH (BHAWANIGARH), DISTRICT SANGRUR (PUNJAB)
Website : https://bgsbhawanigarh.in/"
1654,"Aff. No. :1631539
Sch. Code:23763","State : PUNJAB
District : SANGRUR",Secondary Level,"Name : AKAL ACADEMY UBHIA
Head/Principal Name: Gurjit Kaur","Address : VILL. UBHIA, POST OFFICE KAUHRIAN, TEH SUNAM
Website : https://ubhia.akalacademy.ac.in/"
1655,"Aff. No. :1631550
Sch. Code:23774","State : PUNJAB
District : SANGRUR",Secondary Level,"Name : AKAL ACADEMY BHUNDER BHAINI
Head/Principal Name: MANJIT KAUR","Address : VILL. BHUNDER BHAINI, P.O. SALEMGARH, TEH. MOONAK
Website : https://moonak.akalacademy.ac.in/"
1656,"Aff. No. :1631556
Sch. Code:23787","State : PUNJAB
District : SANGRUR",Secondary Level,"Name : AKAL ACADEMY RATOLAN
Head/Principal Name: Mandeep Kaur","Address : VILL. RATOLAN, P.O. CHATHA NANHERA, TEHSIL. SUNAM
Website : https://ratolan.akalacademy.ac.in"
1657,"Aff. No. :1631595
Sch. Code:23908","State : PUNJAB
District : SANGRUR",Secondary Level,"Name : SHIVAM PUBLIC SCHOOL
Head/Principal Name: Sanyogta Rani","Address : BIGGARWAL ROAD, VILLAGE KHADIAL, TEHSIL SUNAM
Website : https://spskhadial.com/"
1658,"Aff. No. :1631562
Sch. Code:23794","State : PUNJAB
District : SANGRUR",Senior Secondary Level,"Name : LORD SHIVA PUBLIC SR. SEC. SCHOOL HAMIRGARH
Head/Principal Name: Mr. Jatinder Singh","Address : VPO HAMIRGARH TEH MOONAK, DIST SANGRUR, PIN CODE -148033
Website : www.lordshivaschool.com"
1659,"Aff. No. :1631563
Sch. Code:23795","State : PUNJAB
District : SANGRUR",Senior Secondary Level,"Name : NATIONAL PUBLIC SCHOOL
Head/Principal Name: Mamta Rani","Address : MAIN ROAD CHHAJLI, VILLAGE CHHAJLI,TEH.SUNAM, MAIN ROAD NEAR KANCHIYA,VPO CHHAJLI
Website : www.npschhajli.in"
1660,"Aff. No. :1631574
Sch. Code:23809","State : PUNJAB
District : SANGRUR",Senior Secondary Level,"Name : BRIGHT STAR PUBLIC SENIOR SECONDARY SCHOOL
Head/Principal Name: GAGANDEEP KAUR","Address : SAMURAN ROAD, VILLAGE & POST OFFICE DIRBA, DISTRICT SANGRUR (PUNJAB)
Website : https://brightstarpublicschool.co.in/"
1661,"Aff. No. :1631131
Sch. Code:21118","State : PUNJAB
District : SANGRUR",Senior Secondary Level,"Name : SANT BABA RANJEET SINGH PUBLIC SENION SECONDARY SCHOOL
Head/Principal Name: KARAMJIT KAUR CHATHA","Address : VPO MULLOWAL, TEHSIL DHURI, DISTT. SANGRUR (PUNJAB)
Website : https://sbrspublicschoolmullowal.com/"
1662,"Aff. No. :1631129
Sch. Code:21120","State : PUNJAB
District : SANGRUR",Senior Secondary Level,"Name : HIMALAYA PUBLIC SEN. SEC. SCHOOL
Head/Principal Name: NARPINDER KUMAR","Address : V.P.O. GHANAURI KALAN
Website : https://himalayapublicschool.in/"
1663,"Aff. No. :1631111
Sch. Code:21100","State : PUNJAB
District : SANGRUR",Senior Secondary Level,"Name : ACADEMIC WORLD SCHOOL KHOKHAR
Head/Principal Name: KESHARI DEVI","Address : VILL KHOKHAR, PO GOBINDGARH
Website : www.awslehragaga.com"
1664,"Aff. No. :1631155
Sch. Code:21138","State : PUNJAB
District : SANGRUR",Secondary Level,"Name : KAPILA MODEL SCHOOL
Head/Principal Name: GEETA GARG","Address : VPO SANDAUR - 148020
Website : https://kapilamodelschool.in"
1665,"Aff. No. :1631175
Sch. Code:21170","State : PUNJAB
District : SANGRUR",Senior Secondary Level,"Name : CAMBRIDGE INTERNATIONAL SCHOOL
Head/Principal Name: MANDEEP KAUR","Address : SUNAM ROAD, SANGRUR
Website : www.cissangrur.com"
1666,"Aff. No. :1631196
Sch. Code:21183","State : PUNJAB
District : SANGRUR",Senior Secondary Level,"Name : BABA SAHIB DASS PUBLIC SENIOR SECONDARY SCHOOL
Head/Principal Name: BALJIT KAUR","Address : VILLAGE PHAGUWALA
Website : www.babasahibdass.in"
1667,"Aff. No. :1631229
Sch. Code:21217","State : PUNJAB
District : SANGRUR",Senior Secondary Level,"Name : THE LORDS SCHOOL
Head/Principal Name: BIPAN SINGH","Address : KATRON MANAL ROAD,RAMNAGAR CHHANNA,SHERPUR SANGRUR-148025 (PUNJAB)
Website : http://www.thelordsschool.com"
1668,"Aff. No. :1631224
Sch. Code:21214","State : PUNJAB
District : SANGRUR",Senior Secondary Level,"Name : SHAHEED BHAGAT SINGH PUBLIC HIGH SCHOOL
Head/Principal Name: BHUPINDER KAUR","Address : VILLAGE MAURAN, TEHSIL SUNAM, DISTRICT SANGRUR (PUNJAB)
Website : http://wwwsbsschoolmauran.com"
1669,"Aff. No. :1631241
Sch. Code:21229","State : PUNJAB
District : SANGRUR",Senior Secondary Level,"Name : SRI CHAITANYA TECHNO SCHOOL
Head/Principal Name: GORIJAVOLU KALYAN CHAKRAVARTHY","Address : NEAR ITI CHOWK, SUNAM-148028, DISTT. SANGRUR (PUNJAB)
Website : https://srichaitanyaschool.net/"
1670,"Aff. No. :1631255
Sch. Code:21245","State : PUNJAB
District : SANGRUR",Secondary Level,"Name : AUXILIUM INTERNATIONAL SCHOOL
Head/Principal Name: Anjali Verma","Address : OPP. POLICE LINES, BAGGUANA,SANGRUR (PUNJAB)
Website : http://www.auxiliumschoolsangrur.in"
1671,"Aff. No. :1631366
Sch. Code:21408","State : PUNJAB
District : SANGRUR",Senior Secondary Level,"Name : MLG CONVENT SCHOOL
Head/Principal Name: Vikas Sud","Address : NEAR SHAHEED UDHAM SINGH STATUE, TOLAWAL ROAD
Website : https://mlgscheema.in"
1672,"Aff. No. :1631347
Sch. Code:21389","State : PUNJAB
District : SANGRUR",Senior Secondary Level,"Name : STEPHEN INTERNATIONAL SCHOOL
Head/Principal Name: MONICA","Address : V.P.O MEHLAN
Website : www.stepheninternationalschool.in"
1673,"Aff. No. :1631339
Sch. Code:21381","State : PUNJAB
District : SANGRUR",Senior Secondary Level,"Name : NAVDEEP PUBLIC SENIOR SECONDARY SCHOOL
Head/Principal Name: Ms. Gurjeet Kaur","Address : W.NO.1, NEAR SANDHU PALACE, PATRAN ROAD, MOONAK-148033, DISTT. SANGRUR (PUNJAB),
Website : www.npsmoonak.in"
1674,"Aff. No. :1631317
Sch. Code:21355","State : PUNJAB
District : SANGRUR",Senior Secondary Level,"Name : THE TOWN SCHOOL
Head/Principal Name: Mujahid Ali","Address : LUDHIANA ROAD, VILLAGE BALLEWAL TEHSIL MALERKOTLA DISTT SANGRUR
Website : www.thetownschool.in"
1675,"Aff. No. :1631315
Sch. Code:21352","State : PUNJAB
District : SANGRUR",Secondary Level,"Name : GYANSH GLOBAL SCHOOL
Head/Principal Name: SHAHINA ROJI","Address : GYANSH GLOBAL SCHOOL VILLAGE/WARD SALEMPUR SHERPUR DISTRICT SANGRUR
Website : www.gyanshglobalschool.in"
1676,"Aff. No. :1631323
Sch. Code:21363","State : PUNJAB
District : SANGRUR",Senior Secondary Level,"Name : J K MEMORIAL GLOBAL SCHOOL
Head/Principal Name: Pritpal Singh","Address : NABHA-MALERKOTLA ROAD, VILLAGE BAGRIAN, TEHSIL MALERKOTLA, DISTRICT SANGRUR (PUNJAB)
Website : https://jkmglobalschool.in"
1677,"Aff. No. :1631311
Sch. Code:21306","State : PUNJAB
District : SANGRUR",Senior Secondary Level,"Name : ASRA INTERNATIONAL SCHOOL
Head/Principal Name: Anju Khosla","Address : PO NIDAMPUR TEHSIL BHAWANIGARH DISTT SANGRUR
Website : https://www.ais.asracollege.edu.in"
1678,"Aff. No. :1631277
Sch. Code:21270","State : PUNJAB
District : SANGRUR",Secondary Level,"Name : VASANT VALLEY PUBLIC SCHOOL
Head/Principal Name: Meenakshi Saxena","Address : VILL MOHAMMAD NAGAR, DHURI ROAD,MALERKOTLA-148023
Website : https://vasantvalley.ac.in/Schools/VVMalerkotla"
1679,"Aff. No. :1631275
Sch. Code:21266","State : PUNJAB
District : SANGRUR",Senior Secondary Level,"Name : SANT ATTAR SINGH INTERNATIONAL SENIOR SECONDARY SCHOOL
Head/Principal Name: Bikram Sharma","Address : LAKKAR WALA PUL, CHEEMA MANDI-148029, DISTRICT SANGRUR (PUNJAB)
Website : www.sasinternationalschool.in"
1680,"Aff. No. :1631259
Sch. Code:21250","State : PUNJAB
District : SANGRUR",Senior Secondary Level,"Name : NAVNEET PUBLIC SENIOR SECONDARY SCHOOL
Head/Principal Name: GAITRI DEVI","Address : VILLAGE NARMANA, TEHSIL NABHA, DISTRICT PATIALA (PUNJAB)
Website : http://www.npsnarmana.in"
1681,"Aff. No. :1631287
Sch. Code:21278","State : PUNJAB
District : SANGRUR",Senior Secondary Level,"Name : ACADIA WORLD SCHOOL
Head/Principal Name: RANJEET KAUR","Address : NEAR SITASAR MANDIR, JAKHEPAL-BUDHLADA BYE-PASS ROAD
Website : https://acadiaworldschool.in"
1682,"Aff. No. :1670011
Sch. Code:20755","State : PUNJAB
District : SANGRUR",Senior Secondary Level,"Name : GOVT. FCS ADARSH SR. SEC. SCHOOL
Head/Principal Name: PRAVEEN KUMAR","Address : GANDHUAN, SANGRUR, PUNJAB
Website : www.fcsadarsh.edu.in"
1683,"Aff. No. :1670009
Sch. Code:20754","State : PUNJAB
District : SANGRUR",Senior Secondary Level,"Name : GOVT. FCS ADARSH SR. SEC. SCHOOL
Head/Principal Name: RAMANDEEP SHARMA","Address : BALAD, KHURAL, BHAWANIGARH, DISTT, SANGRUR, PUNJAB
Website : www.fcsadarsh.com"
1684,"Aff. No. :1670014
Sch. Code:24041","State : PUNJAB
District : SANGRUR",Senior Secondary Level,"Name : SATYA BHARTI ADARSH SEC. SCHOOL
Head/Principal Name: Shabnam Sinha","Address : VILLAGE, JHANERI, PO. BATTARIGARH, TEH. BHAWANIGARH, DISTT. SANGRUR, PUNJAB
Website : www.satyabhartiadarshschooljhaneri.in"
1685,"Aff. No. :1631603
Sch. Code:23934","State : PUNJAB
District : SANGRUR",Secondary Level,"Name : BABA BANDA SINGH BAHADUR PUBLIC SENIOR SECONDARY SCHOOL
Head/Principal Name: Harwinder Kaur","Address : VILLAGE BAKHORA KHURD, TEHSIL LEHRA, DISTRICT SANGRUR
Website : https://bbsbschoolbakhora.com/"
1686,"Aff. No. :1640002
Sch. Code:24501","State : PUNJAB
District : SANGRUR",Senior Secondary Level,"Name : PM SHRI SCHOOL JAWAHAR NAVODAYA VIDYALAYA
Head/Principal Name: RAJEEV KUMAR SHARMA","Address : LONGOWAL DISTT SANGRUR PUNJAB
Website : https://navodaya.gov.in/nvs/nvs-school/Sangrur/en/home/index"
1687,"Aff. No. :1680016
Sch. Code:20131","State : PUNJAB
District : SANGRUR",Secondary Level,"Name : ARMY PUBLIC SCHOOL
Head/Principal Name: Sandeep Kumar","Address : SANGRUR CANTT PUNJAB
Website : https://apssangrur.edu.in"
1688,"Aff. No. :1640004
Sch. Code:24507","State : PUNJAB
District : TARN TARAN",Senior Secondary Level,"Name : PM SHRI SCHOOL JAWAHAR NAVODAYA VIDYALAYA
Head/Principal Name: RAVINDER KUMAR","Address : GOINDWAL CITCO COMPLEX TEH TARN TARAN DIST AMRITSAR PUNJAB
Website : https://navodaya.gov.in/nvs/nvs-school/TARNTARAN"
1689,"Aff. No. :1631598
Sch. Code:23915","State : PUNJAB
District : TARN TARAN",Senior Secondary Level,"Name : MILLENNIUM WORLD SCHOOL
Head/Principal Name: Pawandeep Kaur","Address : PATTI, NEAR BUS STAND, KAIRON, TEHSIL PATTI, DISTRICT TARN TARAN
Website : www.millenniumschoolpatti.com"
1690,"Aff. No. :1670019
Sch. Code:21008","State : PUNJAB
District : TARN TARAN",Senior Secondary Level,"Name : SRI GURU HARIKRISHAN ADARSH SR. SEC. SCHOOL
Head/Principal Name: MANISHA VERMA","Address : NAUSHEHRA PANNUAN, DISTT. TARAN TARAN, PUNJAB-143406
Website : www.ckdnpadarsh.com"
1691,"Aff. No. :1631285
Sch. Code:21276","State : PUNJAB
District : TARN TARAN",Senior Secondary Level,"Name : SAINT SOLDIER CONVENT SCHOOL
Head/Principal Name: PRITPAL KAUR","Address : POONIA ROAD GHARYALA
Website : www.stsoldierconventschool.org"
1692,"Aff. No. :1631427
Sch. Code:23628","State : PUNJAB
District : TARN TARAN",Secondary Level,"Name : DOON PUBLIC SCHOOL, PATTI
Head/Principal Name: Dr. Aparna Maitra","Address : VPO ASSAL, NEAR POWER HOUSE, VPO ASSAL, NEAR POWER HOUSE
Website : www.doonpublicschoolpatti.com"
1693,"Aff. No. :1631235
Sch. Code:21244","State : PUNJAB
District : TARN TARAN",Senior Secondary Level,"Name : AKAL ACADEMY RAMPUR NAROTAMPUR
Head/Principal Name: NAVNEET KAUR","Address : VILLAGE RAMPUR NAROTAMPUR, PO JALALABAD, TEHSIL KHADOOR SAHIB, DISTRICT TARN TARAN -(PUNJAB) - 143118
Website : https://rampurnarotampur.akalacademy.ac.in"
1694,"Aff. No. :1631178
Sch. Code:21158","State : PUNJAB
District : TARN TARAN",Senior Secondary Level,"Name : BABA DEEP SINGH PUBLIC SCHOOL
Head/Principal Name: Ramandeep kaur","Address : V.DEHRA SAHIB; P.O.:JAMARAI
Website : www.bdsps.org"
1695,"Aff. No. :1631143
Sch. Code:21132","State : PUNJAB
District : TARN TARAN",Senior Secondary Level,"Name : NISHAN-E-SIKHI INTERNATIONAL SCHOOL
Head/Principal Name: AMARJIT SINGH","Address : KHADUR SAHIB
Website : www.nsikhischool.com"
1696,"Aff. No. :1631112
Sch. Code:21107","State : PUNJAB
District : TARN TARAN",Secondary Level,"Name : DASMESH PARIVAR INTERNATIONAL SCHOOL
Head/Principal Name: RIMPY","Address : VILLAGE DABURJI, (TARN TARAN - AMRITSAR ROAD), DISTT. TARN TARAN
Website : http://www.dpisdaburji.co.in/"
1697,"Aff. No. :1631572
Sch. Code:23806","State : PUNJAB
District : TARN TARAN",Senior Secondary Level,"Name : THE BRITISH SCHOOL
Head/Principal Name: PARVEEN SHARMA","Address : WARD NO.16, KHEMKARAN ROAD, PATTI, DISTT. TARN TARAN
Website : https://thebritishschoolpatti.org.in/"
1698,"Aff. No. :1631535
Sch. Code:23757","State : PUNJAB
District : TARN TARAN",Secondary Level,"Name : THE ALPINE SCHOOL
Head/Principal Name: Lakhvinder Kaur","Address : VILLAGE SANGHE GOINDWAL ROAD TARN TARAN, TARN TARAN, TARN TARAN
Website : www.alpineschool.org.in"
1699,"Aff. No. :1631466
Sch. Code:23678","State : PUNJAB
District : TARN TARAN",Senior Secondary Level,"Name : CAMBRIDGE INTERNATIONAL SCHOOL
Head/Principal Name: PRAVEEN SHARMA","Address : PATTI, DISTT. TARN TARAN
Website : http://cambridgepatti.in"
1700,"Aff. No. :1631473
Sch. Code:23686","State : PUNJAB
District : TARN TARAN",Senior Secondary Level,"Name : BRITISH VICTORIA SCHOOL
Head/Principal Name: RANJIT KAUR","Address : KAPURTHALA TARNTARAN ROAD GOINDWAL SAHIB, KAPURTHALA TARNTARAN ROAD GOINDWAL SAHIB
Website : www.bvsgoindwalsahib.com"
1701,"Aff. No. :1630504
Sch. Code:20494","State : PUNJAB
District : TARN TARAN",Senior Secondary Level,"Name : GURU NANAK DEV ACADEMY
Head/Principal Name: JASPAL KAUR","Address : GURU NANAK DEV ACADEMY.CHABHAL TROAD.DISTT.TARN TARAN
Website : www.gndatt.in"
1702,"Aff. No. :1630494
Sch. Code:20485","State : PUNJAB
District : TARN TARAN",Senior Secondary Level,"Name : SAINT KABIR CONVENT DAY-BOARDING SCHOOL, DASUWAL (VALTOHA)
Head/Principal Name: RHYTHM SHARMA","Address : VILLAGE DASUWAL, P.O. MANEKE, TEHSIL PATTI, DISTT. TARN TARAN-143418, PUNJAB (INDIA)
Website : www.saintkabirschoolvaltoha.com"
1703,"Aff. No. :1630487
Sch. Code:20478","State : PUNJAB
District : TARN TARAN",Secondary Level,"Name : S. HARBANS SINGH INTERNATIONAL PUBLIC SCHOOL
Head/Principal Name: Navdeep Kaur","Address : TARNTARAN AMRITSAR PUNJAB
Website : www.shipsschool.in"
1704,"Aff. No. :1630454
Sch. Code:20461","State : PUNJAB
District : TARN TARAN",Senior Secondary Level,"Name : MORNING STAR SENIOR SECONDARY SCHOOL
Head/Principal Name: RAJDEEP SINGH","Address : KHEM KARAN ROAD, PATTI, DISTT TARANTARAN, PUNJAB
Website : www.morningstarschool.co.in"
1705,"Aff. No. :1630387
Sch. Code:20378","State : PUNJAB
District : TARN TARAN",Senior Secondary Level,"Name : DASHMESH PARIVAR INTERNATIONAL SCH
Head/Principal Name: SARABPREET SINGH","Address : V & PO AIMA KALAN CHABAL ROAD TEH TARAN TARAN DISTT AMRITSAR PUNJAB
Website : www.dpis.ac.in"
1706,"Aff. No. :1630338
Sch. Code:20325","State : PUNJAB
District : TARN TARAN",Senior Secondary Level,"Name : CENTRAL CONVENT SCHOOL
Head/Principal Name: MRIDULA BHARDWAJ","Address : SHAHEED BHAGAT SINGH POLYTECHNIC COLLGE PATTI
Website : www.ccspatti.org"
1707,"Aff. No. :1630279
Sch. Code:20271","State : PUNJAB
District : TARN TARAN",Senior Secondary Level,"Name : MAMTA NIKETAN CONVENT SCHOOL
Head/Principal Name: GURCHARAN KAUR","Address : NEAR POLICE COLONY AMRITSAR ROAD TARANTARAN DISTT PUNJAB
Website : www.mamtaniketan.com"
1708,"Aff. No. :1620019
Sch. Code:24026","State : PUNJAB
District : TARN TARAN",Senior Secondary Level,"Name : GOVT. MODEL SEC SCHOOL
Head/Principal Name: Meenam Shikha","Address : VALTOHA, TEH. PATTI, DISTT. TARAN TARAN
Website :"
1709,"Aff. No. :1620020
Sch. Code:24024","State : PUNJAB
District : TARN TARAN",Senior Secondary Level,"Name : GOVT. ADARSH SEC. SCHOOL
Head/Principal Name: Poonam Sharma","Address : BALER KHURD
Website :"
1710,"Aff. No. :1600045
Sch. Code:24568","State : PUNJAB
District : TARN TARAN",Senior Secondary Level,"Name : PM SHRI KENDRIYA VIDYALAYA AMARKOT
Head/Principal Name: PREETI SHAH","Address : BSF CAMPUS, AMARKOT, TEH. PATTI, DISTT. TARN TARAN, PUNJAB
Website : https://amarkotbsf.kvs.ac.in"
1711,"Aff. No. :1600048
Sch. Code:24566","State : PUNJAB
District : TARN TARAN",Senior Secondary Level,"Name : KENDRIYA VIDYALAYA
Head/Principal Name: VANDANA TYAGI","Address : BSF CAMPUS, BHILHIWIND, DISTT. TARN TARAN, PUNJAB
Website : www.kvbhikhiwind.com"
1712,"Aff. No. :1630812
Sch. Code:20781","State : PUNJAB
District : TARN TARAN",Senior Secondary Level,"Name : SHAHEED BABA DEEP SINGH PUBLIC SCHOOL
Head/Principal Name: Maria Goretti","Address : VPO PAHUWIND, DISTT.TARN TARAN
Website : www.sbdspublicschool.org"
1713,"Aff. No. :1630806
Sch. Code:20784","State : PUNJAB
District : TARN TARAN",Senior Secondary Level,"Name : HOLY ANGEL CONVENT SCHOOL
Head/Principal Name: Ravinder Kaur","Address : VILLAGE BATH TEHSIL & DISTT. TARN TARAN
Website : http://hacsbathtarntaran.org/aspxpages/Index/Home.aspx"
1714,"Aff. No. :1630810
Sch. Code:20788","State : PUNJAB
District : TARN TARAN",Secondary Level,"Name : SRI GURU HARKRISHAN PUBLIC SCHOOL
Head/Principal Name: SARABJIT KAUR","Address : VILLAGE PIDDI, TARNTARAN
Website : www.sghpspiddi.com"
1715,"Aff. No. :1630799
Sch. Code:20769","State : PUNJAB
District : TARN TARAN",Senior Secondary Level,"Name : SRI GURU HARKRISHAN PUBLIC SCHOOL
Head/Principal Name: Pumpaljit","Address : BURJ MARHANA, VIA SARHALI, NEAR HARIKE, DISTT TARANTARAN, PUNJAB
Website : https://sghpsbm.edu.in/"
1716,"Aff. No. :1630702
Sch. Code:20682","State : PUNJAB
District : TARN TARAN",Senior Secondary Level,"Name : SRI GURU HAKRISHAN SEN. SEC. PUBLIC SCHOOL
Head/Principal Name: JASBIR SAINI","Address : BHAMNI WALA ROAD PATTI
Website : www.sghpspatti.in"
1717,"Aff. No. :1630705
Sch. Code:20685","State : PUNJAB
District : TARN TARAN",Senior Secondary Level,"Name : MAJHA PUBLIC SCHOOL
Head/Principal Name: RAMAN DUA","Address : NEAR BABA DEEP SINGH GATE, SARHALI ROAD, TARN-TARAN
Website : https://mpstarntaran.org/Index.aspx"
1718,"Aff. No. :1630697
Sch. Code:20678","State : PUNJAB
District : TARN TARAN",Senior Secondary Level,"Name : SRI GURU HARKRISHAN PUBLIC SCHOOL, SUR SINGH
Head/Principal Name: MALTI NARANG","Address : SRI GURU HARKRISHAN PUBLIC SCHOOL SUR SINGH AMRITSAR BHIKHIWIND ROAD DISTT. TARN TARAN
Website : http://sursinghsghps.com"
1719,"Aff. No. :1630632
Sch. Code:20620","State : PUNJAB
District : TARN TARAN",Senior Secondary Level,"Name : MATA GUJRI CONVENT SCHOOL
Head/Principal Name: Geeta Kuckreja","Address : HARIKE ROAD, SARHALI KALAN.
Website : https://www.mgconventschool.com/"
1720,"Aff. No. :1630614
Sch. Code:20603","State : PUNJAB
District : TARN TARAN",Senior Secondary Level,"Name : NATIONAL PUBLIC SCHOOL
Head/Principal Name: VANEET KAUR","Address : VILLAGE: CHOUDHRI WALA, P.O. NAUSHEHRA PANNUAN, TEHSIL & DISTT. TARN TARAN
Website : www.nationalpublicschool.net"
1721,"Aff. No. :1630665
Sch. Code:20649","State : PUNJAB
District : TARN TARAN",Senior Secondary Level,"Name : GURU AMAR DASS ADARSH INSTITUTE
Head/Principal Name: MANISHA SOOD","Address : V.P.O. GOINDWAL SAHIB KHADO SAHIB, TARANTARAN
Website : www.gadai.in"
1722,"Aff. No. :1630871
Sch. Code:20879","State : PUNJAB
District : TARN TARAN",Senior Secondary Level,"Name : AKAL ACADEMY
Head/Principal Name: Deepika Hujjain","Address : DADHER SAHIB, V&PO DADHER SAHIB, TEH. PATTI, DISTT. TARN TARAN
Website : https://dadeharsahib.akalacademy.ac.in/"
1723,"Aff. No. :1630861
Sch. Code:20871","State : PUNJAB
District : TARN TARAN",Senior Secondary Level,"Name : HOWARD LANE SENIOR SCHOOL
Head/Principal Name: BALRAJ SINGH BATTH","Address : AMRITSAR-CHABAL ROAD VILLAGE THATHA, CHABAL. DISTT. TARNTARAN.
Website : www.howardlaneschool.org"
1724,"Aff. No. :1630856
Sch. Code:20833","State : PUNJAB
District : TARN TARAN",Senior Secondary Level,"Name : SRI GURU HARGOBIND SAHIB CONVENT SCHOOL
Head/Principal Name: SHARANPREET KAUR","Address : VPO JAMARAI, TEHSIL KHADOOR SAHIB,DISTT. TARNTARAN
Website : www.sghscsjamarai.org"
1725,"Aff. No. :1630844
Sch. Code:20880","State : PUNJAB
District : TARN TARAN",Senior Secondary Level,"Name : APKF PUBLIC SCHOOL
Head/Principal Name: RAVINDER KAUR","Address : VILLAGE KALLA, TARNTARAN-GOINDWAL ROAD,
Website : www.apkfschool.in"
1726,"Aff. No. :1630836
Sch. Code:20865","State : PUNJAB
District : TARN TARAN",Senior Secondary Level,"Name : M.S.M.CONVENT SCHOOL
Head/Principal Name: KULBIR KAUR","Address : DHUN ROAD, CHOHLA SAHIB
Website : https://msmconventschool.com"
1727,"Aff. No. :1630823
Sch. Code:23808","State : PUNJAB
District : TARN TARAN",Middle Class,"Name : SATLUJ PUBLIC SCHOOL
Head/Principal Name: Mrs. Updesh Kumari","Address : THAKARPURA PATTI, TARANTARAN, PUNJAB
Website : http://www.schoolspthakarpura.com"
1728,"Aff. No. :1631102
Sch. Code:21216","State : PUNJAB
District : TARN TARAN",Senior Secondary Level,"Name : K.D.INTERNATIONAL SCHOOL
Head/Principal Name: Paramjit Kaur","Address : CHABAL BYE PASS TARN TARAN
Website : www.kdistt.com"
1729,"Aff. No. :1631099
Sch. Code:21088","State : PUNJAB
District : TARN TARAN",Secondary Level,"Name : ST. RAMA MERIDIAN ACADEMY
Head/Principal Name: Rajwinder kaur","Address : VPO PIDDI, NEAR RASULPUR NEHRA, TARN TARAN
Website : www.stramameridianacademy.com"
1730,"Aff. No. :1631059
Sch. Code:21054","State : PUNJAB
District : TARN TARAN",Senior Secondary Level,"Name : LAKSHITA INTERNATIONAL SCHOOL
Head/Principal Name: JASBEER KAUR SIDHU","Address : VILL. PANDORI GOLA, BATH ROAD
Website : https://lakshitainternationalschool.com/"
1731,"Aff. No. :1630973
Sch. Code:20970","State : PUNJAB
District : TARN TARAN",Senior Secondary Level,"Name : AKAL ACADEMY DHOTIAN
Head/Principal Name: Ramandeep Kaur","Address : VPO DHOTIAN, TEHSIL & DISTT. TARN TARAN, PUNJAB-143711
Website : https://dhotian.akalacademy.ac.in/index.php"
1732,"Aff. No. :1631023
Sch. Code:21017","State : PUNJAB
District : TARN TARAN",Senior Secondary Level,"Name : WOOD BLOSSOM SCHOOL
Head/Principal Name: TANIYA KHURANA","Address : WOOD BLOSSOM SCHOOL , PATTI-TARAN TARAN ROAD , KAIRON , DISTT.-TARAN TARAN(PUNJAB)
Website : http://www.woodblossom.org"
1733,"Aff. No. :1631019
Sch. Code:21005","State : PUNJAB
District : TARN TARAN",Secondary Level,"Name : ST. SOLDIER DIVINE PUBLIC SCHOOL
Head/Principal Name: Shally","Address : V.P.O VEIN PUIN,TEH-KHADOOR SAHIB
Website : www.ssdpsKhadursahib.in"
1734,"Aff. No. :1631009
Sch. Code:21000","State : PUNJAB
District : TARN TARAN",Senior Secondary Level,"Name : LOTUS VALLEY SENIOR SCHOOL
Head/Principal Name: JATINDER KAUR","Address : VILLAGE:KOT MOHAMMED KHAN POST OFFICE:DHOTIAN
Website : www.lotusvalleyseniorschool.com"
1735,"Aff. No. :1631010
Sch. Code:20996","State : PUNJAB
District : TARN TARAN",Senior Secondary Level,"Name : AKAL ACADEMY TEJA SINGH WALA
Head/Principal Name: Manju Bala Talwar","Address : AKAL ACADEMY TEJA SINGH WALA, VILLAGE KOT JASPAT, P.O.BAKIPUR, TEHSIL & DISTRICT TARN TARAN (PUNJAB)-143401
Website : https://tsw.akalacademy.ac.in"
1736,"Aff. No. :1631029
Sch. Code:21019","State : PUNJAB
District : BARNALA",Senior Secondary Level,"Name : BABA GANDHA SINGH PUBLIC SCHOOL
Head/Principal Name: HIMANSHU DUTT","Address : VPO. MEHAL KALAN TEH. & DIST. BARNALA
Website : www.bgsmkl.com"
1737,"Aff. No. :1631034
Sch. Code:21022","State : PUNJAB
District : BARNALA",Senior Secondary Level,"Name : DASHMESH PUBLIC SCHOOL
Head/Principal Name: Meenu Bala","Address : GOBIND COLONY B-11/1787 STREET NO. 5A BARNALA
Website : www.dpsdhilwan.in"
1738,"Aff. No. :1631031
Sch. Code:21014","State : PUNJAB
District : BARNALA",Senior Secondary Level,"Name : GREEN FIELD CONVENT SCHOOL
Head/Principal Name: Preet Kamal Sharma","Address : V&P DANGARH,NEAR DHANAULA
Website : www.greenfielddangarh.com"
1739,"Aff. No. :1631049
Sch. Code:21042","State : PUNJAB
District : BARNALA",Senior Secondary Level,"Name : AKAL ACADEMY MEHAL KALAN
Head/Principal Name: Balwinder Kaur Cheema","Address : MEHAL KALAN, VPO MEHAL KALAN, BARNALA - RAIKOT ROAD, DISTRICT BARNALA - (PUNJAB) - 148104
Website : www.mehalkalan.akalacademy.ac.in"
1740,"Aff. No. :1631042
Sch. Code:21035","State : PUNJAB
District : BARNALA",Senior Secondary Level,"Name : G.S.PUBLIC SENIOR SECONDARY SCHOOL
Head/Principal Name: Monika Rani","Address : VILLAGE BILLASPUR PINDI, V.P.O. DHAULA, DISTT. BARNALA (PUNJAB)- 148107
Website : www.gspublicschooldhaula.com"
1741,"Aff. No. :1630045
Sch. Code:20008","State : PUNJAB
District : BARNALA",Senior Secondary Level,"Name : BABA GANDHA SINGH PUBLIC SCHOOL
Head/Principal Name: SANDEEP KUMAR LATH","Address : BARNALA PUNJAB
Website : www.bgsbarnala.com"
1742,"Aff. No. :1630195
Sch. Code:20206","State : PUNJAB
District : BARNALA",Senior Secondary Level,"Name : SANT BABA SUNDER SINGH JI
Head/Principal Name: BALWINDER KAUR DHILLON","Address : CANADIAN AKAL ACADEMY TALLEWAL TEH. BARNALA DISTT SANGRUR PUNJAB
Website : www.akalacademytallewal.in"
1743,"Aff. No. :1630210
Sch. Code:20203","State : PUNJAB
District : BARNALA",Senior Secondary Level,"Name : AKAL ACADEMY
Head/Principal Name: PREETI GROVER","Address : BHADAUR TEHSIL & DISTT BARNALA PUNJAB
Website : http://bhadaur.akalacademy.ac.in"
1744,"Aff. No. :1630200
Sch. Code:20188","State : PUNJAB
District : BARNALA",Senior Secondary Level,"Name : SRI CHAITANYA TECHNO SCHOOL
Head/Principal Name: ANILA JOSHI","Address : HANDIAYA ROAD BARNALA PUNJAB
Website : https://srichaitanyaschool.net/"
1745,"Aff. No. :1630105
Sch. Code:20100","State : PUNJAB
District : BARNALA",Senior Secondary Level,"Name : Y S SCHOOL
Head/Principal Name: BIMMI PURI","Address : SANGHERA ROAD, BARNALA, DIST BARNALA
Website : www.ysschoolbarnala.edu.in"
1746,"Aff. No. :1630447
Sch. Code:20434","State : PUNJAB
District : BARNALA",Senior Secondary Level,"Name : SACRED HEART CONVENT SCH BARNALA PUNJAB
Head/Principal Name: ANITHA MENDONCA","Address : RAIKET ROAD, PO 57 BARNALA, DISTT.-BARNALA, PUNJAB
Website : www.shcsbarnala.org"
1747,"Aff. No. :1630408
Sch. Code:20393","State : PUNJAB
District : BARNALA",Senior Secondary Level,"Name : SARVOTTAM ACADEMY
Head/Principal Name: RUPINDER KAUR","Address : BARNALA ROAD KHUDDIKALAN DISTT BARNALA PUNJAB
Website : www.sarvottamacademy.in"
1748,"Aff. No. :1630460
Sch. Code:20451","State : PUNJAB
District : BARNALA",Senior Secondary Level,"Name : GURPREET HOLY HEART PUBLIC SCHOOL, MEHAL KALAN
Head/Principal Name: GEETIKA SHARMA","Address : RAIKOT BARNALA ROAD, MEHAL KALAN, DISTT BARNALA, PUNJAB
Website : www.ghhps.in"
1749,"Aff. No. :1631527
Sch. Code:23748","State : PUNJAB
District : BARNALA",Secondary Level,"Name : SANT LONGPURI BRILLIANT SCHOOL
Head/Principal Name: Suman Sharma","Address : VILL. PAKHO KALAN TEH. TAPA DT. BARNALA , VILL. PAKHO KALAN TEH. TAPA DT. BARNALA, SANT BABA LONGPURI SAMADH
Website : www.slbspk.com"
1750,"Aff. No. :1631543
Sch. Code:23767","State : PUNJAB
District : BARNALA",Secondary Level,"Name : AKAL ACADEMY RAJIA
Head/Principal Name: Amandeep Kaur","Address : VILLAGE. RAJIA, P.O. KOTDUNA , TEHSIL. DHANAULA
Website : https://rajia.akalacademy.ac.in/"
1751,"Aff. No. :1631146
Sch. Code:21140","State : PUNJAB
District : BARNALA",Senior Secondary Level,"Name : SANAWAR INTERNATIONAL SCHOOL
Head/Principal Name: Sewak Singh","Address : VPO. DHAULA THE TAPA DISTT BARNALA, PUNJAB- 148107
Website : https://sanawarinternationalschooldhaula.in"
1752,"Aff. No. :1631148
Sch. Code:21136","State : PUNJAB
District : BARNALA",Senior Secondary Level,"Name : PARADISE ACADEMY (SENIOR SECONDARY), WAZID KE KHURD (BARNALA)
Head/Principal Name: Jaswinder Singh","Address : HAMIDI-AMLA SINGH WALA ROAD,WAZID-KE-KHURD, BARNALA, PUNJAB- 148101
Website : www.paradiseacademybarnala.in"
1753,"Aff. No. :1631167
Sch. Code:21153","State : PUNJAB
District : BARNALA",Senior Secondary Level,"Name : SS INTERNATIONAL SCHOOL
Head/Principal Name: Jaswinder Kaur","Address : V/P KHUDDI KALAN
Website : www.ssischool.info"
1754,"Aff. No. :1631199
Sch. Code:21185","State : PUNJAB
District : BARNALA",Senior Secondary Level,"Name : GURU NANAK DEV PUBLIC SENIOR SECONDARY SCHOOL
Head/Principal Name: PARMJEET KAUR DHALIWAL","Address : V.P.O. GHUNAS,ON NH-64 HIGHWAY, 3KM FROM TAPA. 148108
Website : www.gndpschool.com"
1755,"Aff. No. :1631190
Sch. Code:21177","State : PUNJAB
District : BARNALA",Senior Secondary Level,"Name : SBS PUBLIC SCHOOL SURJEETPURA
Head/Principal Name: KAMALJIT KAUR","Address : KOTHE SURJITPURA BARNALA
Website : www.sbsschoolbarnala.com"
1756,"Aff. No. :1631375
Sch. Code:23615","State : PUNJAB
District : BARNALA",Secondary Level,"Name : MILLENNIUM WORLD SCHOOL BARNALA
Head/Principal Name: YISHU","Address : NEAR NEW BUS STAND,PATTI ROAD BARNALA
Website : mwsbarnala.com"
1757,"Aff. No. :1631338
Sch. Code:21380","State : PUNJAB
District : BARNALA",Senior Secondary Level,"Name : ST. XAVIER CONVENT SCHOOL
Head/Principal Name: POOJA SHARMA","Address : VPO RURE KE KALAN DISTT. BARNALA
Website : www.xavierbarnala.com"
1758,"Aff. No. :1670012
Sch. Code:24040","State : PUNJAB
District : BARNALA",Senior Secondary Level,"Name : GOVT. FCS ADARSH SR. SEC. SCHOOL
Head/Principal Name: SANDESH KUMAR","Address : KALEKE, BARNALA, PUNJAB
Website : http://www.susgs.in/"
1759,"Aff. No. :1640019
Sch. Code:24519","State : PUNJAB
District : BARNALA",Senior Secondary Level,"Name : PM SHRI SCHOOL JAWAHAR NAVODAYA VIDYALAYA
Head/Principal Name: Amitabh Chanchal","Address : DHILWAN, VIA TAPPA, DISTT BARNALA, PUNJAB
Website : https://navodaya.gov.in/nvs/nvs-school/Barnala"
1760,"Aff. No. :1640021
Sch. Code:24520","State : PUNJAB
District : SAS NAGAR",Senior Secondary Level,"Name : PM SHRI SCHOOL JAWAHAR NAVODAYA VIDYALAYA
Head/Principal Name: Dipti Bhatnagar","Address : RAKOLI PO JHINGRAN KALAN, DISTT MOHALI, PUNJAB
Website : https://navodaya.gov.in/nvs/nvs-school/Mohali/en/home/index."
1761,"Aff. No. :1631601
Sch. Code:23930","State : PUNJAB
District : SAS NAGAR",Secondary Level,"Name : BUDHA DAL PUBLIC SCHOOL
Head/Principal Name: Shilpi Sharma","Address : OPP. A.K.M RESORT PATIALA ROAD, ZIRAKPUR, DISTRICT S.A.S NAGAR (MOHALI)
Website : www.bdpszirakpur.in/"
1762,"Aff. No. :1670018
Sch. Code:24042","State : PUNJAB
District : SAS NAGAR",Secondary Level,"Name : EDUSTAR ADARSH SR SEC SCHOOL
Head/Principal Name: SUMAN LATA SHARMA","Address : BPO- KALEWAL, TEH-KHARAR, DIST- SAS NAGAR, MOHALI, PUNJAB
Website : www.edustaradarshschool.in"
1763,"Aff. No. :1631331
Sch. Code:21372","State : PUNJAB
District : SAS NAGAR",Secondary Level,"Name : DELHI PUBLIC SCHOOL
Head/Principal Name: RAMNEEK KAUR MALHOTRA","Address : CHAPPERCHIRI SECTOR-92,MOHALI
Website : http://www.dpsmohali.com/"
1764,"Aff. No. :1631374
Sch. Code:23614","State : PUNJAB
District : SAS NAGAR",Senior Secondary Level,"Name : NEW SHIVALIK PUBLIC HIGH SCHOOL
Head/Principal Name: SANDEEP KAUR","Address : VILL DEHAR PO LALRU MANDRI TEH DERA BASSI DISTT MOHALI
Website : https://newshivalik.org"
1765,"Aff. No. :1631370
Sch. Code:23610","State : PUNJAB
District : SAS NAGAR",Senior Secondary Level,"Name : NARAYANA E-TECHNO SCHOOL
Head/Principal Name: KUSUM ARORA","Address : SECTOR 119, NEW AIRPORT ROAD, S.A.S NAGAR, MOHALI
Website : https://www.narayanaschools.in/amritsar/mohali/"
1766,"Aff. No. :1631423
Sch. Code:23625","State : PUNJAB
District : SAS NAGAR",Senior Secondary Level,"Name : AMITY INTERNATIONAL SCHOOL
Head/Principal Name: Sangeeta Sekhon","Address : SECTOR 79, , NEAR NIPCCD BUILDING
Website : https://amityschools.in/mohali/"
1767,"Aff. No. :1631425
Sch. Code:23626","State : PUNJAB
District : SAS NAGAR",Secondary Level,"Name : ST. MARY'S SCHOOL
Head/Principal Name: Bijumon Thomas","Address : PLOT 5, PHASE XI
Website : www.stmarysschoolmohali.in"
1768,"Aff. No. :1631419
Sch. Code:23608","State : PUNJAB
District : SAS NAGAR",Senior Secondary Level,"Name : RAYAT BAHRA INTERNATIONAL SCHOOL, MOHALI
Head/Principal Name: ABHILASHA SAMBYAL","Address : TEHSIL KHARAR, SAS NAGAR
Website : www.rbismohali.com"
1769,"Aff. No. :1631420
Sch. Code:23622","State : PUNJAB
District : SAS NAGAR",Senior Secondary Level,"Name : BROOKFIELD INTERNATIONAL SCHOOL
Head/Principal Name: Vandana Bansal","Address : DIST. SAS NAGAR, , PUNJAB-140110
Website : https://www.bfis.in/"
1770,"Aff. No. :1631282
Sch. Code:21282","State : PUNJAB
District : SAS NAGAR",Senior Secondary Level,"Name : JITENDER VEER SARVHITKARI MODEL SR. SEC. SCHOOL
Head/Principal Name: VIJAY ANAND","Address : SITE NO-2,SEC-71
Website : https://www.jsvm71.com/"
1771,"Aff. No. :1631294
Sch. Code:21285","State : PUNJAB
District : SAS NAGAR",Senior Secondary Level,"Name : MANAV RACHNA INTERNATIONAL SCHOOL
Head/Principal Name: RADHIKA GUPTA","Address : IT CITY , SECTOR 82 D BLOCK , SAS NAGAR MOHALI
Website : https://mris.edu.in/cbse-school-mohali"
1772,"Aff. No. :1631306
Sch. Code:21301","State : PUNJAB
District : SAS NAGAR",Senior Secondary Level,"Name : VIDYA VALLEY SCHOOL
Head/Principal Name: SUMAN LATA","Address : VIDYA VALLEY SCHOOL BEHIND JAL VAYU TOWERS SEC 123 , MOHALI
Website : www.vidyavalleyschoolmohali.com"
1773,"Aff. No. :1631296
Sch. Code:21288","State : PUNJAB
District : SAS NAGAR",Senior Secondary Level,"Name : THE NEW CAMBRIDGE INTERNATIONAL PUBLIC SCHOOL
Head/Principal Name: Manjeet Kaur","Address : GULABGARH-MAHIWAL ROAD,TEHSIL DERABASSI, DISTRICT-S.A.S.NAGAR
Website : www.tncipschool.com"
1774,"Aff. No. :1631297
Sch. Code:21290","State : PUNJAB
District : SAS NAGAR",Senior Secondary Level,"Name : SHEMROCK WORLD SCHOOL
Head/Principal Name: CHETAN BANSAL","Address : SINGHPURA, NAGLA ROAD, NEAR MAYA GARDEN CITY, DIST: S.A.S NAGAR
Website : www.shemrockzirakpur.com"
1775,"Aff. No. :1631298
Sch. Code:21289","State : PUNJAB
District : SAS NAGAR",Senior Secondary Level,"Name : SKONIS WORLD SCHOOL
Head/Principal Name: Seema Wadhwa","Address : NH-205, KHARAR-KURALI ROAD, BEHIND DOABA COLLEGE, GHATOUR- BHAUJLI RAOD, GHATOUR
Website : www.skonisworldschool.com"
1776,"Aff. No. :1631316
Sch. Code:21353","State : PUNJAB
District : SAS NAGAR",Senior Secondary Level,"Name : AJIT KARAM SINGH INTERNATIONAL PUBLIC SCHOOL 123
Head/Principal Name: Anjali Singh","Address : SECTOR 123, VILLAGE JANDPUR, NEW SUNNY ENCLAVE, GREATER MOHALI, KHARAR
Website : www.aksips.in"
1777,"Aff. No. :1631313
Sch. Code:21350","State : PUNJAB
District : SAS NAGAR",Senior Secondary Level,"Name : AKAL ACADEMY MANOLI SURAT
Head/Principal Name: Arti Sharma","Address : AKAL ACADEMY MANOLI SURAT, VILLAGE MANOLI SURAT, P.O. NAGGAL CHARBAR, TEHSIL DERA BASSI, DISTRICT S.A.S. NAGAR MOHALI (PUNJAB) - 140601
Website : https://manolisurat.akalacademy.ac.in/"
1778,"Aff. No. :1631211
Sch. Code:21197","State : PUNJAB
District : SAS NAGAR",Secondary Level,"Name : MANAV MANGAL SMART WORLD
Head/Principal Name: Aneela Kinder","Address : SHIPRA CAPITAL CITY ,NAGLA,ZIRAKPUR
Website : http://www.manavmangalschool.com/zirakpur"
1779,"Aff. No. :1631219
Sch. Code:21210","State : PUNJAB
District : SAS NAGAR",Senior Secondary Level,"Name : ST. JOSEPH SCHOOL
Head/Principal Name: SIMRANJEET KAUR","Address : VILLAGE- MANAULI SURAT,P.O.-NAGGAL CHARBAR, LEHLI TO BANUR ROAD,TEHSIL- DERABASSI, S.A.S. NAGAR MOHALI
Website : www.saintjoseph.in"
1780,"Aff. No. :1631234
Sch. Code:21221","State : PUNJAB
District : SAS NAGAR",Senior Secondary Level,"Name : DIKSHANT GLOBAL SCHOOL
Head/Principal Name: Gagan Preet Mehar","Address : DIKSHANT GLOBAL SCHOOL, SAVITRY GREENS, VIP ROAD, ZIRAKPUR
Website : www.dikshant.org"
1781,"Aff. No. :1631226
Sch. Code:21213","State : PUNJAB
District : SAS NAGAR",Senior Secondary Level,"Name : THE KNOWLEDGE BUS GLOBAL SCHOOL
Head/Principal Name: ANISHA SAHAPATHI","Address : THE KNOWLEDGE BUS GLOBAL SCHOOL,OPPOSITE SANATAN DHARAM MANDIR, SUNNY ENCLAVE, SECTOR-125, MOHALI.140301
Website : www.tkbglobalschools.com"
1782,"Aff. No. :1631227
Sch. Code:21212","State : PUNJAB
District : SAS NAGAR",Senior Secondary Level,"Name : DPS WORLD SCHOOL
Head/Principal Name: MANISHA SAHNI","Address : OLD AMBALA ROAD, SANAULI-DHAKOLI, ZIRAKPUR, PUNJAB
Website : www.dwpszirakpur.com"
1783,"Aff. No. :1631254
Sch. Code:21240","State : PUNJAB
District : SAS NAGAR",Secondary Level,"Name : MIND TREE SCHOOL
Head/Principal Name: HARVEEN KAUR","Address : MIND TREE SCHOOL, KHANPUR, OPP. JAMUNA APARTMENTS, OFF KHARAR-KURALI ROAD, KHARAR, MOHALI
Website : www.mindtreeschool.com"
1784,"Aff. No. :1631252
Sch. Code:21243","State : PUNJAB
District : SAS NAGAR",Senior Secondary Level,"Name : GLOBAL WISDOM INTERNATIONAL SCHOOL
Head/Principal Name: BASUNDHARA","Address : BARWALA ROAD, DERA BASSI DISTT SAS NAGAR MOHALI PUNJAB
Website : www.gwis.co.in"
1785,"Aff. No. :1631249
Sch. Code:21242","State : PUNJAB
District : SAS NAGAR",Senior Secondary Level,"Name : MOUNT CARMEL SCHOOL
Head/Principal Name: Rashmi Ivy Rafi","Address : CHATT, ZIRAKPUR
Website : www.mountcarmelzirakpur.org"
1786,"Aff. No. :1631250
Sch. Code:21241","State : PUNJAB
District : SAS NAGAR",Senior Secondary Level,"Name : CITY GLOBAL SCHOOL
Head/Principal Name: Jagmandeep Singh","Address : AJIT ENCLAVE, ZIRAKPUR PANCHKULA HIGHWAY, ADJOINING CITY PALACE, ZIRAKPUR
Website : www.cgsz.in"
1787,"Aff. No. :1631171
Sch. Code:23617","State : PUNJAB
District : SAS NAGAR",Secondary Level,"Name : TEMPLE CITY PUBLIC SCHOOL
Head/Principal Name: Anjali","Address : VILLAGE SAMGOLI
Website : www.templecityschool.com"
1788,"Aff. No. :1631125
Sch. Code:21114","State : PUNJAB
District : SAS NAGAR",Senior Secondary Level,"Name : SARVHITKARI SENIOR SECONDARY VIDYA MANDIR
Head/Principal Name: PAWAN KUMAR","Address : GULAB GARH ROAD, DERA BASSI, TEHSIL DERA BASSI, DISTT SAS NAGAR (MOHALI)
Website : www.svmderabassi.in"
1789,"Aff. No. :1631135
Sch. Code:21125","State : PUNJAB
District : SAS NAGAR",Senior Secondary Level,"Name : BHARTIYA PUBLIC SCHOOL
Head/Principal Name: Neeru","Address : BHARTIYA PUBLIC SCHOOL NEAR RAILWAY CROSSING DHANONI ROAD DERABASSI
Website : www.bhartiyapublicschool.com"
1790,"Aff. No. :1631538
Sch. Code:23761","State : PUNJAB
District : SAS NAGAR",Secondary Level,"Name : CAMBRIDGE INTERNATIONAL SCHOOL
Head/Principal Name: Rohit Pande","Address : NH-95,CHANDIGARH-LUDHIANA HIGHWAY, GHARUAN,MOHALI, PUNJAB
Website : www.cambridgemohali.com"
1791,"Aff. No. :1631564
Sch. Code:23796","State : PUNJAB
District : SAS NAGAR",Senior Secondary Level,"Name : DALHOUSIE PUBLIC SCHOOL
Head/Principal Name: KIMMY DHANOA","Address : NEW CHANDIGARH, KURALI-SISWAN-BADDI ROAD, VILL. SISWAN
Website : www.dalhousiepublicschool.com"
1792,"Aff. No. :1631565
Sch. Code:23797","State : PUNJAB
District : SAS NAGAR",Secondary Level,"Name : R RUDRA INTERNATIONAL SCHOOL
Head/Principal Name: MONA SINGH","Address : E- BLOCK, AEROCITY, MOHALI
Website : www.rris.in"
1793,"Aff. No. :1631566
Sch. Code:23798","State : PUNJAB
District : SAS NAGAR",Secondary Level,"Name : MANAV MANGAL SMART SCHOOL-88
Head/Principal Name: Swati Sandhu","Address : INSTITUTIONAL SITE NO. 1, SECTOR 88, SAS NAGAR
Website : https://manavmangal.school/mmss-88-mohali"
1794,"Aff. No. :1631462
Sch. Code:23673","State : PUNJAB
District : SAS NAGAR",Secondary Level,"Name : WUNDER SCHOOL
Head/Principal Name: AMARJIT KAUR","Address : NEW CHANDIGARH ROAD, KURALI-BADDI HIGHWAY
Website : www.thewunderschool.com"
1795,"Aff. No. :1631441
Sch. Code:23645","State : PUNJAB
District : SAS NAGAR",Senior Secondary Level,"Name : DOON INTERNATIONAL SCHOOL
Head/Principal Name: VIPANJOT SEHDEVA","Address : ECO CITY PHASE II, NEW CHANDIGARH
Website : http://dischandigarh.com"
1796,"Aff. No. :1631512
Sch. Code:23728","State : PUNJAB
District : SAS NAGAR",Senior Secondary Level,"Name : BHAVAN VIDYALAYA
Head/Principal Name: INDERPREET KAUR","Address : PLOT NO.4, SECTOR-13, PHASE-1, OMAXE, NEW CHANDIGARH, SAS NAGAR
Website : http://www.bhavanchd.com/newchandigarh"
1797,"Aff. No. :1631515
Sch. Code:23733","State : PUNJAB
District : SAS NAGAR",Secondary Level,"Name : MONTESSORI PUBLIC SCHOOL
Head/Principal Name: AMITOJ GREWAL","Address : NEAR IDBI BANK, CHANDIGARH ROAD, KHARAR, DISTT. SAS NAGAR (MOHALI)
Website : www.mpskharar.com"
1798,"Aff. No. :1631517
Sch. Code:23736","State : PUNJAB
District : SAS NAGAR",Secondary Level,"Name : SHIVALIK PUBLIC SCHOOL
Head/Principal Name: POONAM RANI","Address : SECTOR 78, MOHALI, 140308
Website : www.shivalik.org"
1799,"Aff. No. :1631506
Sch. Code:23721","State : PUNJAB
District : SAS NAGAR",Senior Secondary Level,"Name : SHRIRAM E-TECHNO SCHOOL
Head/Principal Name: GARIMA ANEJA","Address : OMAXE CITY, PHASE-2, SECTOR-6 NEW CHANDIGARH
Website : www.shrirametechnoschool.com"
1800,"Aff. No. :1630488
Sch. Code:20479","State : PUNJAB
District : SAS NAGAR",Secondary Level,"Name : G D GOENKA PUBLIC SCHOOL
Head/Principal Name: Gurpreet Kaur Prakash","Address : SECTOR-69, TEHSIL- MOHALI, ROPAR
Website : www.gdgoenkamohali.com"
1801,"Aff. No. :1630490
Sch. Code:20481","State : PUNJAB
District : SAS NAGAR",Senior Secondary Level,"Name : SACRED SOULS' SCHOOL
Head/Principal Name: SIMRAN KAUR DHILLON","Address : AMRITSHAR LUDHIANA NATIONAL HIGHWAY, DISTT MOHALI, PUNJAB
Website : www.sacredsoulsschool.in"
1802,"Aff. No. :1630506
Sch. Code:20497","State : PUNJAB
District : SAS NAGAR",Secondary Level,"Name : MANAV MANGAL SMART SCHOOL
Head/Principal Name: Kavita Malik","Address : SECTOR 64 , PHASE X , MOHALI , PUNJAB
Website : www.manavmangal.school"
1803,"Aff. No. :1630510
Sch. Code:20501","State : PUNJAB
District : SAS NAGAR",Senior Secondary Level,"Name : INDUS PUBLIC SCHOOL
Head/Principal Name: PARAM PREET CHEEMA","Address : INDUS PUBLIC SCHOOL NEAR QILA COMPLEX,KHARAR,MOHALI,PUNJAB,140301
Website : www.induspublicschool.in"
1804,"Aff. No. :1630516
Sch. Code:20507","State : PUNJAB
District : SAS NAGAR",Senior Secondary Level,"Name : ST. STEPHINS SCHOOL
Head/Principal Name: Cajetan Vincent ROY DA SILVA","Address : NEAR OMAXE NEW CHANDIGARH
Website : www.stephenstogan.com"
1805,"Aff. No. :1630440
Sch. Code:20425","State : PUNJAB
District : SAS NAGAR",Senior Secondary Level,"Name : SHEMROCK SR SEC SCHOOL
Head/Principal Name: Harjot Kaur Oberoi","Address : PLO TNO 2, SECTOR 9 SAS NAGAR MOHALI PUNJAB
Website : www.shemrockschool.com"
1806,"Aff. No. :1630430
Sch. Code:20419","State : PUNJAB
District : SAS NAGAR",Senior Secondary Level,"Name : AJIT KARAM SINGH INTERNATIONAL PUBLIC SCHOOL
Head/Principal Name: RAJMINDER KAUR JAITLA","Address : PHASE XI MOHALI ROPAR PUNJAB
Website : www.aksips.in"
1807,"Aff. No. :1630431
Sch. Code:20420","State : PUNJAB
District : SAS NAGAR",Senior Secondary Level,"Name : ST EZRA INTERNATIONAL SCHOOL
Head/Principal Name: JOBIN JOSE","Address : VILL KHANPUR KHARAR DIST MOHALI PUNJAB
Website : www.ezariansworld.com"
1808,"Aff. No. :1630288
Sch. Code:20278","State : PUNJAB
District : SAS NAGAR",Senior Secondary Level,"Name : MATA SAHIB KAUR PUBLIC SCHOOL
Head/Principal Name: SUKHWINDER SINGH","Address : VILL SWARA, PO LANDRAN, MOHALI KHARAR PUNJAB
Website : www.mskps.com"
1809,"Aff. No. :1630232
Sch. Code:20226","State : PUNJAB
District : SAS NAGAR",Senior Secondary Level,"Name : GURU NANAK FOUNDATION PUBLIC SCHOOL
Head/Principal Name: Harmeet kaur","Address : VILLAGE CHAPPAR CHIRI, P.O. LANDRAN, DISTT & TEH. SAS NAGAR (MOHALI) PUNJAB
Website : www.gnfpsmohali.com"
1810,"Aff. No. :1630245
Sch. Code:20237","State : PUNJAB
District : SAS NAGAR",Senior Secondary Level,"Name : DAV PUBLIC SCHOOL
Head/Principal Name: ROSY SHARMA","Address : PHASE X SECTOR 64 SAS NAGAR MOHALI PUNJAB
Website : www.davmohali.com"
1811,"Aff. No. :1630320
Sch. Code:","State : PUNJAB
District : SAS NAGAR",Secondary Level,"Name : LORD MAHAVIR JAIN PUBLIC SCHOOL
Head/Principal Name: MRS SONIA BHALLA","Address : DHANONI ROAD DERA BASSI PUNJAB
Website :"
1812,"Aff. No. :1630376
Sch. Code:20373","State : PUNJAB
District : SAS NAGAR",Senior Secondary Level,"Name : DOON INTERNATIONAL SCHOOL
Head/Principal Name: IRA BOGRA","Address : SECTOR 69 SAS NAGAR MOHALI PUNJAB
Website : www.dooninternational.net"
1813,"Aff. No. :1630370
Sch. Code:20358","State : PUNJAB
District : SAS NAGAR",Senior Secondary Level,"Name : GURU GOBIND SINGH VIDYA MANDIR
Head/Principal Name: Ritu Oberoi","Address : RATWARA SAHIB PO MULLANPURA GARIBDAS DISTT SAS NAGAR MOHALI PUNJAB
Website : www.ggsvm.com"
1814,"Aff. No. :1630358
Sch. Code:20346","State : PUNJAB
District : SAS NAGAR",Senior Secondary Level,"Name : DIKSHANT INTERNATIONAL SCHOOL
Head/Principal Name: Rajni Chandan","Address : ZIRAKPUR PANCHKULA HIGHWAY N H 22 ZIRAKPUR, DISTT MOHALI, PUNJAB
Website : www.dikshant.org"
1815,"Aff. No. :1630204
Sch. Code:20195","State : PUNJAB
District : SAS NAGAR",Senior Secondary Level,"Name : LAWRANCE PUBLIC SR. SEC. SCHOOL
Head/Principal Name: VANDANA MALHOTRA GUPT","Address : SECTOR-51, MOHALI PUNJAB
Website : www.lpsmohali.com"
1816,"Aff. No. :1630173
Sch. Code:20155","State : PUNJAB
District : SAS NAGAR",Senior Secondary Level,"Name : ST. SOLDIER INT CONVENT SCHOOL
Head/Principal Name: ANJLI SHARMA","Address : MOHALI PHASE 7 PUNJAB
Website : www.stsoldiermohali.com"
1817,"Aff. No. :1630180
Sch. Code:20186","State : PUNJAB
District : SAS NAGAR",Senior Secondary Level,"Name : DON BOSCO SR. SEC. SCHOOL
Head/Principal Name: BHUSHAN CHANDRA BARLA","Address : VILLAGE JHARMARI,AMBALA-CHANDIGARH HIGHWAY, VIA LALRU), TEHSIL DERA BASSI, DISTT. S.A.S NAGAR MOHALI, PUNJAB- 140 501.
Website : www.donboscoschooljharmari.com"
1818,"Aff. No. :1630153
Sch. Code:20133","State : PUNJAB
District : SAS NAGAR",Senior Secondary Level,"Name : GOLDEN BELLS PUB SCHOOL
Head/Principal Name: ANJALI CHAUDHRY","Address : SOHANA MOHALI PUNJAB
Website : http://goldenbells.org/"
1819,"Aff. No. :1630029
Sch. Code:20040","State : PUNJAB
District : SAS NAGAR",Senior Secondary Level,"Name : SWAMI RAM TIRTHA PUBLIC HIGH SCHOOL
Head/Principal Name: RAJNI KAPILA","Address : PHASE IV S A S NAGAR MOHALI PUNJAB
Website : www.swamiramtirtha.org"
1820,"Aff. No. :1630022
Sch. Code:20039","State : PUNJAB
District : SAS NAGAR",Senior Secondary Level,"Name : SHIVALIK PUBLIC SCHOOL
Head/Principal Name: ANUPKIRAN KAUR","Address : S A S NAGAR PHASE VI MOHALI PUNJAB
Website : www.shivalik.org/mohali"
1821,"Aff. No. :1630023
Sch. Code:20038","State : PUNJAB
District : SAS NAGAR",Senior Secondary Level,"Name : GIAN JYOTI GLOBAL SCHOOL
Head/Principal Name: GIAN JYOT","Address : PHASE II SAS NAGAR MOHALI PUNJAB
Website : www.gjgs.ac.in"
1822,"Aff. No. :1600046
Sch. Code:24564","State : PUNJAB
District : SAS NAGAR",Senior Secondary Level,"Name : PM SHRI KENDRIYA VIDYALAYA
Head/Principal Name: JAGESHWAR","Address : SECTOR-80, SAS NAGAR MOHALI, PUNJAB- 140 308.
Website : https://mohali.kvs.ac.in/"
1823,"Aff. No. :1600035
Sch. Code:24555","State : PUNJAB
District : SAS NAGAR",Senior Secondary Level,"Name : PM SHRI KENDRIYA VIDYALAYA
Head/Principal Name: SUBHASH CHANDER","Address : AMMUNITION DEPOT DAPPAR DISTT MOHALI PUNJAB
Website : https://dappar.kvs.ac.in"
1824,"Aff. No. :1600027
Sch. Code:24546","State : PUNJAB
District : SAS NAGAR",Senior Secondary Level,"Name : KENDRIYA VIDYALAYA
Head/Principal Name: RAKESH KUMAR","Address : MULLANPUR GARIBDAS DISTT SAS NAGAR (MOHALI) PUNJAB
Website : https://mullanpur.kvs.ac.in/"
1825,"Aff. No. :1631071
Sch. Code:21064","State : PUNJAB
District : SAS NAGAR",Senior Secondary Level,"Name : ATS VALLEY SCHOOL
Head/Principal Name: Nina Pandey","Address : ATS MEADOWS,
Website : https://www.atsvalley.edu.in/"
1826,"Aff. No. :1631077
Sch. Code:21069","State : PUNJAB
District : SAS NAGAR",Senior Secondary Level,"Name : CAREER POINT GURUKUL
Head/Principal Name: NEETU SAINI","Address : LANDRA BANUR, NH16, VILLAGE TANGORI
Website : https://www.careerpointgurukul.com/"
1827,"Aff. No. :1631074
Sch. Code:21066","State : PUNJAB
District : SAS NAGAR",Secondary Level,"Name : STELLAR INTERNATIONAL SCHOOL
Head/Principal Name: SWARN SHARMA","Address : VILLAGE BASMA, BANUR-TEPLA ROAD, DISTT MOHALI, PUNJAB
Website : https://stellarsschool.com/"
1828,"Aff. No. :1631028
Sch. Code:21015","State : PUNJAB
District : SAS NAGAR",Senior Secondary Level,"Name : MAXIM MERRY SCHOOL, KHARAR
Head/Principal Name: POOJA KHOSLA","Address : JHUNGIAN ROAD, DASHMESH NAGAR
Website : https://maximmerryschool.com/"
1829,"Aff. No. :1631008
Sch. Code:20967","State : PUNJAB
District : SAS NAGAR",Senior Secondary Level,"Name : PARAGON SENIOR SECONDARY SCHOOL
Head/Principal Name: AMARJEET KAUR","Address : SECTOR 69, S.A.S. NAGAR, MOHALI.
Website : https://paragonschoolmohali.com/"
1830,"Aff. No. :1630985
Sch. Code:20979","State : PUNJAB
District : SAS NAGAR",Secondary Level,"Name : SHAHEED BABU SINGH PUBLIC SCHOOL
Head/Principal Name: Nidhi Goyal","Address : VPO TEWAR
Website : www.sbspublicschool.com"
1831,"Aff. No. :1630990
Sch. Code:20981","State : PUNJAB
District : SAS NAGAR",Senior Secondary Level,"Name : THE GURUKUL
Head/Principal Name: Heena Sharma","Address : SAVITRI GREENS-II
Website : www.thegurukulonline.com"
1832,"Aff. No. :1630894
Sch. Code:20883","State : PUNJAB
District : SAS NAGAR",Senior Secondary Level,"Name : OAKRIDGE INTERNATIONAL SCHOOL
Head/Principal Name: SUMAN KALRA","Address : KILLA NO 15/23,SWARA VILLAGE,NEAR LANDRAN,SIRHIND ROAD
Website : www.oakridge.in/mohali"
1833,"Aff. No. :1630951
Sch. Code:20945","State : PUNJAB
District : SAS NAGAR",Senior Secondary Level,"Name : SATLUJ WORLD SCHOOL
Head/Principal Name: RUBY SHARMA","Address : MOUNT LITERA ZEE SCHOOL,SUNDRA DERABASSI
Website : https://derabassi.satlujworldschool.org/"
1834,"Aff. No. :1630676
Sch. Code:20663","State : PUNJAB
District : SAS NAGAR",Senior Secondary Level,"Name : LORD MAHAVIR JAIN PUBLIC SENIOR SECONDARY SCHOOL
Head/Principal Name: GEETA NANDRA","Address : LORD MAHAVIR JAIN PUBLIC SCHOOL, NEAR RAILWAY CROSSING, DERA BASSI, DISTT SAS NAGAR MOHALI, PUNJAB
Website : www.lordmahavirjainpublicschool.com"
1835,"Aff. No. :1630752
Sch. Code:20737","State : PUNJAB
District : SAS NAGAR",Secondary Level,"Name : AC GLOBAL SCHOOL
Head/Principal Name: JATINDER SINGH","Address : HULKA ROAD, BANUR, SAS NAGAR
Website : http://acews.in/acglobal/"
1836,"Aff. No. :1630758
Sch. Code:20742","State : PUNJAB
District : PATHANKOT",Senior Secondary Level,"Name : I.T NEXT GEN SCHOOL
Head/Principal Name: NEETA KUMARI","Address : VILL SHARIFCHAK, NEAR KIRI KHURD BUS STAND, TEHSIL PATHANKOT
Website : https://www.itngschool.com/"
1837,"Aff. No. :1630649
Sch. Code:20634","State : PUNJAB
District : PATHANKOT",Senior Secondary Level,"Name : SMDRSD COLLEGIATE SR. SEC. SCHOOL
Head/Principal Name: RENUKA KATOCH","Address : PATHANKOT
Website : www.smdrsdschoolptk.com"
1838,"Aff. No. :1630651
Sch. Code:20814","State : PUNJAB
District : PATHANKOT",Senior Secondary Level,"Name : LOTUS INTERNATIONAL SCHOOL
Head/Principal Name: UPMA MAHAJAN","Address : NEAR CHHOTU NATH MANDIR, TARAGARH ROAD, VILLAGE ALIKHAN, DISTT. PATHANKOT, PUNJAB
Website : www.lotusinternationalschool.org"
1839,"Aff. No. :1630624
Sch. Code:20612","State : PUNJAB
District : PATHANKOT",Senior Secondary Level,"Name : AUKLAND PUBLIC SCHOOL
Head/Principal Name: Swaran Lata","Address : VILLAGE TREHTI, TEHSIL DHARKALAN, DISTT. PATHANKOT
Website : www.aucklandpublicschool.com"
1840,"Aff. No. :1630940
Sch. Code:20940","State : PUNJAB
District : PATHANKOT",Senior Secondary Level,"Name : MAHARANA PARTAP ADARSH VIDYALAYA,
Head/Principal Name: ISHA GUPTA","Address : VILL:-MANWAL MANGWAL,P.O:-BAMIAL
Website : www.mpssavmm.com"
1841,"Aff. No. :1630925
Sch. Code:20924","State : PUNJAB
District : PATHANKOT",Senior Secondary Level,"Name : A&MS GEMS CAMBRIDGE INTERNATIONAL SCHOOL
Head/Principal Name: Dr Hitanshu Kumar","Address : OPPOSITE CANADA PALACE, NEAR A&M INSTITUTES, JALANDHAR -DALHOUSIE BYE PASS ,PATHANKOT
Website : www.gcispathankot.com"
1842,"Aff. No. :1631097
Sch. Code:21089","State : PUNJAB
District : PATHANKOT",Senior Secondary Level,"Name : AKAL ACADEMY NAWANPIND SUJANPUR
Head/Principal Name: RUPINDER KAUR","Address : AKAL ACADEMY NAVAN PIND SUJANPUR, VILLAGE SUJANPUR, NEAR POWER HOUSE COLONY, TEHSIL & DISTRICT PATHANKOT (PUNJAB) -145023
Website : www.sujanpur.akalacademy.ac.in"
1843,"Aff. No. :1631040
Sch. Code:21033","State : PUNJAB
District : PATHANKOT",Secondary Level,"Name : OXFORD INTERNATIONAL SCHOOL
Head/Principal Name: Kusam Bala","Address : OXFORD INTERNATIONAL SCHOOL, BRIDGE NO. 5,SOULI BOULI,SUJANPUR,DISTT AND TEH. PATHANKOT, PUNJAB PIN 145023
Website : www.oxfordinternationalschool.co"
1844,"Aff. No. :1600025
Sch. Code:24543","State : PUNJAB
District : PATHANKOT",Senior Secondary Level,"Name : PM SHRI KENDRIYA VIDYALAYA
Head/Principal Name: LAKSHMI NEGI","Address : NANGAL BHUR DISTT PATHANKOT, PUNJAB
Website : https://nangalbhur.kvs.ac.in/"
1845,"Aff. No. :1600026
Sch. Code:24544","State : PUNJAB
District : PATHANKOT",Senior Secondary Level,"Name : PM SHRI KENDRIYA VIDYALAYA NO 4
Head/Principal Name: RAVI KANT","Address : MAMUN CANTT P O BANGAL BADHAM PATHANKOT PUNJAB
Website : www.no4pathankot.kvs.ac.in"
1846,"Aff. No. :1600006
Sch. Code:24536","State : PUNJAB
District : PATHANKOT",Senior Secondary Level,"Name : PM SHRI KENDRIYA VIDYALAYA NO 1
Head/Principal Name: KARAMBIR SINGH","Address : AIR FORCE PATHANKOT PUNJAB
Website : www.no1pathankot.kvs.ac.in"
1847,"Aff. No. :1600007
Sch. Code:24537","State : PUNJAB
District : PATHANKOT",Senior Secondary Level,"Name : PM SHRI KENDRIYA VIDYALAYA NO 2
Head/Principal Name: SANJAY KUMAR","Address : ARMY AREA PATHANKOT PUNJAB
Website :"
1848,"Aff. No. :1600015
Sch. Code:24538","State : PUNJAB
District : PATHANKOT",Senior Secondary Level,"Name : PM SHRI KENDRIYA VIDYALAYA NO 3
Head/Principal Name: PARAMHANS PRASAD YADAV","Address : P O MAMOON PATHANKOT PUNJAB
Website : https://no3pathankot.kvs.ac.in"
1849,"Aff. No. :1630182
Sch. Code:20190","State : PUNJAB
District : PATHANKOT",Senior Secondary Level,"Name : MONTESSORI CAMBRIDGE SCHOOL
Head/Principal Name: Rashmi Ahluwalia","Address : DEFENCE ROAD PANGOLI PATHANKOT PUNJAB
Website : https://mcspathankot.edu.in/"
1850,"Aff. No. :1630192
Sch. Code:20187","State : PUNJAB
District : PATHANKOT",Senior Secondary Level,"Name : ANGEL'S PUB SCHOOL
Head/Principal Name: SHEETAL KATOCH","Address : DALHOUSIE ROAD MAMUN CHOWK MAMUN PATHANKOT PUNJAB
Website : www.angels-school.com"
1851,"Aff. No. :1630106
Sch. Code:20108","State : PUNJAB
District : PATHANKOT",Senior Secondary Level,"Name : ST. THOMAS HIGH SCHOOL
Head/Principal Name: Romila Chand","Address : MISSION ROAD PATHANKOT PUNJAB
Website : www.stthomasschoolptk.in"
1852,"Aff. No. :1630088
Sch. Code:20084","State : PUNJAB
District : PATHANKOT",Senior Secondary Level,"Name : MELA DEVI KALRA ARYA SCHOOL
Head/Principal Name: JEEVAN VK","Address : SIALI ROAD PATHANKOT PUNJAB
Website : https://mdkaryaschool.com/"
1853,"Aff. No. :1630075
Sch. Code:20071","State : PUNJAB
District : PATHANKOT",Senior Secondary Level,"Name : DR MCM D A V PUBLIC SCHOOL
Head/Principal Name: BHAWNA SETH","Address : MISSION ROAD PATHANKOT PUNJAB
Website : http://mcmdavpathankot.com/"
1854,"Aff. No. :1630332
Sch. Code:20320","State : PUNJAB
District : PATHANKOT",Senior Secondary Level,"Name : PRESENTATION PUBLIC SCHOOL
Head/Principal Name: RAVINDER KAUR","Address : VPO JUGIAR PATHANKOT DIST PATHANKOT PUNJAB
Website : www.presentationpublicjugial.com"
1855,"Aff. No. :1630236
Sch. Code:20221","State : PUNJAB
District : PATHANKOT",Senior Secondary Level,"Name : THE SENIOR SCHOLARS SCHOOL
Head/Principal Name: ANU BALA","Address : RAJINDER NAGAR PATHANKOT PUNJAB
Website : http://www.tsss.co.in"
1856,"Aff. No. :1630386
Sch. Code:20370","State : PUNJAB
District : PATHANKOT",Senior Secondary Level,"Name : AKAL ACADEMY
Head/Principal Name: SEEMA SAINI","Address : BHARYAL LAHIRI PO RATTANGARH TEH & DISTT PATHANKOT PUNJAB
Website : http://bharyallahri.akalacademy.ac.in"
1857,"Aff. No. :1630479
Sch. Code:20470","State : PUNJAB
District : PATHANKOT",Senior Secondary Level,"Name : J.M.K INTERNATIONAL SCHOOL
Head/Principal Name: Ms.Niti Kochhar","Address : P.BOX 37 DISTT PATHANKOT, PUNJAB
Website : https://jmkschoolpathankot.org/"
1858,"Aff. No. :1630482
Sch. Code:20473","State : PUNJAB
District : PATHANKOT",Senior Secondary Level,"Name : PARTAP WORLD SCHOOL
Head/Principal Name: SUBHRA RANI","Address : VILLAGE PANGOLI,DEFENCE ROAD, DISTT PATHANKOT, PUNJAB
Website : www.partapworldschool.edu.in"
1859,"Aff. No. :1631482
Sch. Code:23696","State : PUNJAB
District : PATHANKOT",Secondary Level,"Name : RICHMONDD CONVENT SCHOOL
Head/Principal Name: Komal Rana","Address : MANWAL, PATHANKOT, PUNJAB
Website : www.richmonddconventschool.com"
1860,"Aff. No. :1631158
Sch. Code:21144","State : PUNJAB
District : PATHANKOT",Senior Secondary Level,"Name : DAYANAND INTERNATIOAL PUBLIC SCHOOL
Head/Principal Name: VANDANA MAHAJAN","Address : VILLAGE NALA, P.O. GHAROTA TEH&DIST PATHANKOT
Website : www.dipsgharota.in"
1861,"Aff. No. :1631159
Sch. Code:21161","State : PUNJAB
District : PATHANKOT",Secondary Level,"Name : B.S.M.S.D.RAJPUT PUBLIC SCHOOL SUJANPUR
Head/Principal Name: POONAM","Address : NEAR BRIDGE NO.4 JUGIAL ROAD SUJANPUR
Website : www.bsmsdrajput.com"
1862,"Aff. No. :1631256
Sch. Code:21248","State : PUNJAB
District : PATHANKOT",Senior Secondary Level,"Name : DELHI PUBLIC SCHOOL
Head/Principal Name: Sanjay Pandey","Address : PATHANKOT-AMRITSAR BYPASS ROAD, JHAKOLARI
Website : www.dpspathankot.in"
1863,"Aff. No. :1631204
Sch. Code:21190","State : PUNJAB
District : PATHANKOT",Senior Secondary Level,"Name : MAHARANA PARTAP SR. SEC. ADARSH VIDYALAYA PATHANKOT
Head/Principal Name: RAJEEV SALARIA","Address : NEAR CIVIL HOSPITAL PATHANKOT
Website : www.maharanapartapschoolpathankot.com"
1864,"Aff. No. :1631290
Sch. Code:21281","State : PUNJAB
District : PATHANKOT",Senior Secondary Level,"Name : MOUNT LITERA ZEE SCHOOL
Head/Principal Name: VINITA MAHAJAN","Address : NEAR 66KV SUB-STATION MANWAL, GOVERNMENT COLLEGE ROAD
Website : www.mountliterapathankot.com"
1865,"Aff. No. :1631440
Sch. Code:23644","State : PUNJAB
District : PATHANKOT",Senior Secondary Level,"Name : SANDEEPNI GURUKUL
Head/Principal Name: ROHIT DWIVEDI","Address : PO KAUNTERPUR, TEHSIL PATHANKOT
Website : http://sandeepnigurukul.edu.in"
1866,"Aff. No. :1680004
Sch. Code:20016","State : PUNJAB
District : PATHANKOT",Senior Secondary Level,"Name : ARMY PUBLIC SCHOOL
Head/Principal Name: DR ANJU SAINI","Address : ARMY AREA,PATHANKOT, PUNJAB
Website : HTTP://WWW.APSPATHANKOT.ORG"
1867,"Aff. No. :1680005
Sch. Code:20042","State : PUNJAB
District : PATHANKOT",Senior Secondary Level,"Name : AIR FORCE SCHOOL
Head/Principal Name: Aarti Bali","Address : AIR FORCE STATION PATHANKOT PUNJAB
Website : www.airforceschoolpathankot.com"
1868,"Aff. No. :1680012
Sch. Code:20090","State : PUNJAB
District : PATHANKOT",Senior Secondary Level,"Name : ARMY PUBLIC SCHOOL
Head/Principal Name: SUNIL KUMAR","Address : MAMUN CANTT PATHANKOT DISTT PATHANKOT PUNJAB
Website : https://www.apsmamun.in"
1869,"Aff. No. :1640010
Sch. Code:24509","State : PUNJAB
District : PATHANKOT",Senior Secondary Level,"Name : PM SHRI SCHOOL JAWAHAR NAVODAYA VIDYALAYA
Head/Principal Name: Sandeep Kumar","Address : NAJOCHAK (PATHANKOT) DISTT. PATHANKOT PUNJAB
Website : https://navodaya.gov.in/nvs/nvs-school/Pathankot/en/contact-"
1870,"Aff. No. :1680014
Sch. Code:20115","State : PUNJAB
District : PATHANKOT",Senior Secondary Level,"Name : ARMY PUBLIC SCHOOL
Head/Principal Name: DALIP KUMAR","Address : MADHOPUR TEHSIL PATHANKOT DISTT. GURDASPUR PUNJAB
Website : www.apsmadhopur.org"
1871,"Aff. No. :1631599
Sch. Code:23924","State : PUNJAB
District : MALERKOTLA",Secondary Level,"Name : A.B.C. INTERNATIONAL SCHOOL MAHOLI KHURD
Head/Principal Name: GURJOT KAUR CHOONGH","Address : POST OFFICE MAHOLI KALAN, TEHSIL AHMEDGARH, DISTRECT MALERKOTLA
Website : https://abcis.co.in/"
1872,"Aff. No. :2600001
Sch. Code:24706","State : CHANDIGARH
District : CHANDIGARH",Senior Secondary Level,"Name : KENDRIYA VIDYALAYA
Head/Principal Name: Virender Singh","Address : SECTOR-47 CHANDIGARH
Website : https://chandigarhsec47.kvs.ac.in"
1873,"Aff. No. :2600002
Sch. Code:24705","State : CHANDIGARH
District : CHANDIGARH",Senior Secondary Level,"Name : PM SHRI KENDRIYA VIDYALAYA
Head/Principal Name: SUBHASH CHAND","Address : SECT-31 CHANDIGARH
Website : https://chandigarhsec31.kvs.ac.in"
1874,"Aff. No. :2600003
Sch. Code:24702","State : CHANDIGARH
District : CHANDIGARH",Senior Secondary Level,"Name : PM SHRI KENDRIYA VIDYALAYA
Head/Principal Name: GURPREET SINGH","Address : AIR FORCE STATION HIGH GROUND CHANDIGARH
Website : https://afshighgrounds.kvs.ac.in/"
1875,"Aff. No. :2600004
Sch. Code:24703","State : CHANDIGARH
District : CHANDIGARH",Senior Secondary Level,"Name : PM SHRI KENDRIYA VIDYALAYA NO 2
Head/Principal Name: DR HARJINDER KAUR","Address : 3 B R D A F S CHANDIGARH
Website : https://chandigarh3brd.kvs.ac.in"
1876,"Aff. No. :2600005
Sch. Code:24704","State : CHANDIGARH
District : CHANDIGARH",Senior Secondary Level,"Name : PM SHRI KENDRIYA VIDYALAYA
Head/Principal Name: Karnail Singh PATHANIA","Address : O C F SECTOR 29-B CHANDIGARH
Website : https://chandigarhocf.kvs.ac.in/"
1877,"Aff. No. :2600006
Sch. Code:24556","State : CHANDIGARH
District : CHANDIGARH",Senior Secondary Level,"Name : PM SHRI KENDRIYA VIDYALAYA
Head/Principal Name: PUSHPA SHARMA","Address : 'K' AREA ZIRAKPUR VIA AERODROME CHANDIGARH
Website : Https://zirakpur.kvs.ac.in"
1878,"Aff. No. :2620001
Sch. Code:24214","State : CHANDIGARH
District : CHANDIGARH",Secondary Level,"Name : GOVT MODEL HIGH SCHOOL
Head/Principal Name: ANIL KUMAR","Address : SECTOR 7 CHANDIGARH
Website : www.ghs7c.in"
1879,"Aff. No. :2620002
Sch. Code:24215","State : CHANDIGARH
District : CHANDIGARH",Senior Secondary Level,"Name : GOVT GIRLS SR SEC SCHOOL
Head/Principal Name: SUNITA SINGH","Address : SECTOR 8B CHANDIGARH
Website : http://gmsss8chandigarh.in/"
1880,"Aff. No. :2620003
Sch. Code:24216","State : CHANDIGARH
District : CHANDIGARH",Senior Secondary Level,"Name : GOVT MODEL SR SEC SCHOOL
Head/Principal Name: Satwinder Kaur","Address : SECTOR 10 A CHANDIGARH
Website : www.gmsss10chd.com"
1881,"Aff. No. :2620004
Sch. Code:24217","State : CHANDIGARH
District : CHANDIGARH",Secondary Level,"Name : GOVT HIGH SCHOOL
Head/Principal Name: Bindu Puri","Address : SECTOR 11A CHANDIGARH
Website : www.ghs11a.com"
1882,"Aff. No. :2620006
Sch. Code:24218","State : CHANDIGARH
District : CHANDIGARH",Senior Secondary Level,"Name : GOVT SR SEC SCHOOL
Head/Principal Name: PREET KAMAL GILL","Address : SECTOR-15C CHANDIGARH
Website : www.gmsss15.com"
1883,"Aff. No. :2620007
Sch. Code:24219","State : CHANDIGARH
District : CHANDIGARH",Senior Secondary Level,"Name : GOVT MODEL SR SEC SCHOOL
Head/Principal Name: SEEMA RANI","Address : SECT 16 CHANDIGARH
Website : www.gmsss16.com"
1884,"Aff. No. :2620008
Sch. Code:24220","State : CHANDIGARH
District : CHANDIGARH",Senior Secondary Level,"Name : GOVT GIRLS SR SEC SCHOOL
Head/Principal Name: MANJEET KAUR","Address : SECTOR-18 C CHANDIGARH
Website : www.ggmsss18.in"
1885,"Aff. No. :2620009
Sch. Code:24282","State : CHANDIGARH
District : CHANDIGARH",Secondary Level,"Name : GOVT HIGH SCHOOL
Head/Principal Name: MEENAKSHI SHARMA","Address : SECT-19D CHANDIGARH
Website : www.ghs19d.in"
1886,"Aff. No. :2620010
Sch. Code:24221","State : CHANDIGARH
District : CHANDIGARH",Senior Secondary Level,"Name : GOVT MODEL SR SEC SCHOOL
Head/Principal Name: Meenakshi Sharma","Address : SECT-19C CHANDIGARH
Website : www.gmsss19c.in"
1887,"Aff. No. :2620011
Sch. Code:24223","State : CHANDIGARH
District : CHANDIGARH",Senior Secondary Level,"Name : GOVT SR SEC SCHOOL
Head/Principal Name: MANMOHAN SINGH","Address : SECTOR-20 D CHANDIGARH
Website : www.gmhs20d.in"
1888,"Aff. No. :2620012
Sch. Code:24222","State : CHANDIGARH
District : CHANDIGARH",Senior Secondary Level,"Name : GOVT GIRLS SR SEC SCHOOL
Head/Principal Name: RUCHI GROVER","Address : SECTOR-20B CHANDIGARH
Website : www.ggmsss20b.org"
1889,"Aff. No. :2620013
Sch. Code:24225","State : CHANDIGARH
District : CHANDIGARH",Senior Secondary Level,"Name : GOVT MODEL SR SEC SCHOOL
Head/Principal Name: SUKHPAL","Address : SECTOR-21 A CHANDIGARH
Website : www.gmsss21chd.com"
1890,"Aff. No. :2620014
Sch. Code:24224","State : CHANDIGARH
District : CHANDIGARH",Senior Secondary Level,"Name : GOVT MODEL SR. SEC. SCHOOL
Head/Principal Name: BALJEET KAUR","Address : SECT-20 D CHANDIGARH
Website : https://gmsss20d.co.in/"
1891,"Aff. No. :2620015
Sch. Code:24226","State : CHANDIGARH
District : CHANDIGARH",Senior Secondary Level,"Name : GOVT MODEL SR SEC SCHOOL
Head/Principal Name: RAJEEV KUMAR","Address : SECT-22A CHANDIGARH
Website :"
1892,"Aff. No. :2620016
Sch. Code:24227","State : CHANDIGARH
District : CHANDIGARH",Secondary Level,"Name : GOVT MODEL HIGH SCHOOL
Head/Principal Name: KULWINDER KAUR NAGRA","Address : SECT-22C CHANDIGARH
Website : www.gmhs22.com"
1893,"Aff. No. :2620017
Sch. Code:24228","State : CHANDIGARH
District : CHANDIGARH",Senior Secondary Level,"Name : GOVT MODEL SR SEC SCHOOL
Head/Principal Name: Nina Rastogi","Address : SECTOR-23 A CHANDIGARH
Website : http://www.gmsss23a.in"
1894,"Aff. No. :2620018
Sch. Code:24229","State : CHANDIGARH
District : CHANDIGARH",Senior Secondary Level,"Name : GOVT GIRLS SR SEC SCHOOL
Head/Principal Name: MONIK KALIA","Address : SECTOR-23A CHANDIGARH
Website : www.gmsss23nyc.co.in"
1895,"Aff. No. :2620019
Sch. Code:24233","State : CHANDIGARH
District : CHANDIGARH",Senior Secondary Level,"Name : GOVT MODEL SR SEC SCHOOL
Head/Principal Name: SEEMA MALHOTRA","Address : SECT 27C CHANDIGARH
Website : www.gmsss27c.com"
1896,"Aff. No. :2620020
Sch. Code:24234","State : CHANDIGARH
District : CHANDIGARH",Secondary Level,"Name : GOVT HIGH SCHOOL
Head/Principal Name: SHYAM LAL","Address : SECT-28C CHANDIGARH
Website : https://gmhs28c.in/"
1897,"Aff. No. :2620021
Sch. Code:24254","State : CHANDIGARH
District : CHANDIGARH",Secondary Level,"Name : GOVT MODEL HIGH SCHOOL
Head/Principal Name: SUNITA MANNAN","Address : SECTOR-41 A CHANDIGARH PIN NO. 160036
Website : www.gmhs41a.in"
1898,"Aff. No. :2620022
Sch. Code:24237","State : CHANDIGARH
District : CHANDIGARH",Senior Secondary Level,"Name : GOVT MODEL SR SCHOOL
Head/Principal Name: SANGEETA CHHABRA","Address : SECT 32-C CHANDIGARH
Website : www.gmsss32chd.com"
1899,"Aff. No. :2620023
Sch. Code:24238","State : CHANDIGARH
District : CHANDIGARH",Senior Secondary Level,"Name : GOVT MODEL SR SEC SCHOOL
Head/Principal Name: SEEMA B. GROVER","Address : SECTOR-35 D CHANDIGARH
Website : https://gmsss35.com/"
1900,"Aff. No. :2620024
Sch. Code:24241","State : CHANDIGARH
District : CHANDIGARH",Senior Secondary Level,"Name : GOVT MODEL SR SEC SCHOOL
Head/Principal Name: RAI VEERINDER KAUR","Address : SECTOR-37B CHANDIGARH
Website : www.gmsss37b.co.in"
1901,"Aff. No. :2620025
Sch. Code:24208","State : CHANDIGARH
District : CHANDIGARH",Senior Secondary Level,"Name : GOVT SR SEC SCHOOL
Head/Principal Name: NEERJA JAIN","Address : DADU MAJRA COLONY SECTOR 38 W CHANDIGARH
Website : www.gmsss38wdmc.in"
1902,"Aff. No. :2620026
Sch. Code:24255","State : CHANDIGARH
District : CHANDIGARH",Senior Secondary Level,"Name : GOVT SR SEC SCHOOL
Head/Principal Name: NARINDER KAUR","Address : SECTOR 45-A CHANDIGARH
Website : www.gsss45a.com"
1903,"Aff. No. :2620027
Sch. Code:24211","State : CHANDIGARH
District : CHANDIGARH",Senior Secondary Level,"Name : GOVT SR SEC SCHOOL
Head/Principal Name: PRETTY SUD","Address : MANIMAJRA TOWN CHANDIGARH
Website : www.gsssmmtchd.com"
1904,"Aff. No. :2620028
Sch. Code:24209","State : CHANDIGARH
District : CHANDIGARH",Senior Secondary Level,"Name : GOVT SECONDARY HIGH SCHOOL
Head/Principal Name: TEJVIR KAUR PABLA","Address : MALAYA CHANDIGARH
Website : www.gmsssmaloya.in"
1905,"Aff. No. :2620029
Sch. Code:24205","State : CHANDIGARH
District : CHANDIGARH",Secondary Level,"Name : GOVT HIGH SCHOOL
Head/Principal Name: Anuradha Gupta","Address : HALLOMAJRA CHANDIGARH
Website : www.ghshm.co.in"
1906,"Aff. No. :2620030
Sch. Code:24203","State : CHANDIGARH
District : CHANDIGARH",Senior Secondary Level,"Name : GOVT MODEL SENIOR SECONDARY SCHOOL
Head/Principal Name: KULDEEP SINGH BATTH","Address : LAHORA CHANDIGARH
Website : https://gmsssklahora.com/"
1907,"Aff. No. :2620031
Sch. Code:24210","State : CHANDIGARH
District : CHANDIGARH",Secondary Level,"Name : GOVT MODEL HIGH SCHOOL
Head/Principal Name: SUKHWINDER KAUR","Address : MANI MAJRA CHANDIGARH
Website : www.gmhsmm.com"
1908,"Aff. No. :2620032
Sch. Code:24206","State : CHANDIGARH
District : CHANDIGARH",Secondary Level,"Name : GOVERNMENT MODEL HIGH SCHOOL
Head/Principal Name: Sanjogita","Address : V & P O BADHERI SECTOR 41 CHANDIGARH
Website : www.gmhs41badheri.in"
1909,"Aff. No. :2620034
Sch. Code:24232","State : CHANDIGARH
District : CHANDIGARH",Senior Secondary Level,"Name : GOVT SR SEC SCHOOL
Head/Principal Name: SUNITA","Address : SECTOR-26 T M CHANDIGARH
Website : http://gmsss26tm.org"
1910,"Aff. No. :2620035
Sch. Code:24202","State : CHANDIGARH
District : CHANDIGARH",Senior Secondary Level,"Name : GOVT SR SEC SCHOOL
Head/Principal Name: Kuldeep Singh","Address : KARSAN RAMDARBAR COLONY PHASE II CHANDIGARH
Website : www.gmssskarsanchd.in"
1911,"Aff. No. :2620036
Sch. Code:24201","State : CHANDIGARH
District : CHANDIGARH",Senior Secondary Level,"Name : PM SHRI GOVT. MODEL SR. SEC. SCHOOL
Head/Principal Name: BHAVNEET KAUR","Address : DHANAS CHANDIGARH
Website : https://www.gmsssdhanas.in/"
1912,"Aff. No. :2620037
Sch. Code:24240","State : CHANDIGARH
District : CHANDIGARH",Secondary Level,"Name : GOVT MODEL HIGH SCHOOL
Head/Principal Name: ANITA MAHAJAN","Address : SECTOR-36D CHANDIGARH
Website : www.gmhs36d.in"
1913,"Aff. No. :2620038
Sch. Code:24245","State : CHANDIGARH
District : CHANDIGARH",Senior Secondary Level,"Name : GOVT. MODEL SR. SEC. SCHOOL
Head/Principal Name: ASHA RANI","Address : NEW BUILDING SECT 37 C CHANDIGARH
Website : www.gmsss37d.in"
1914,"Aff. No. :2620039
Sch. Code:24204","State : CHANDIGARH
District : CHANDIGARH",Senior Secondary Level,"Name : GOVT HIGH SCHOOL
Head/Principal Name: GURMEET NEGI","Address : VILL KHUDA ALISHER P O NADA CHANDIGARH
Website : www.gmssskas.co.in"
1915,"Aff. No. :2620040
Sch. Code:24235","State : CHANDIGARH
District : CHANDIGARH",Secondary Level,"Name : GOVT HIGH SCHOOL
Head/Principal Name: MINI SOOD","Address : SECT-29-B CHANDIGARH
Website : https://gmhs29bchd.in"
1916,"Aff. No. :2620041
Sch. Code:24248","State : CHANDIGARH
District : CHANDIGARH",Secondary Level,"Name : GOVERNMENT MODEL HIGH SCHOOL KAJHERI CHANDIGARH
Head/Principal Name: Sukhvir Kaur","Address : KHAJHERI V P O BADHERI CHANDIGARH
Website : www.ghskajheri.in"
1917,"Aff. No. :2620042
Sch. Code:24239","State : CHANDIGARH
District : CHANDIGARH",Secondary Level,"Name : GOVT HIGH SCHOOL
Head/Principal Name: SHILPY SHARMA","Address : SECT-35D CHANDIGARH
Website : www.gmhs35d.com"
1918,"Aff. No. :2620043
Sch. Code:24243","State : CHANDIGARH
District : CHANDIGARH",Senior Secondary Level,"Name : GOVT MODEL SR SEC SCHOOL
Head/Principal Name: MANJU BALA","Address : SECTOR-47 D CHANDIGARH
Website : www.gmsss47.in"
1919,"Aff. No. :2620044
Sch. Code:24207","State : CHANDIGARH
District : CHANDIGARH",Secondary Level,"Name : GOVT HIGH SCHOOL
Head/Principal Name: ARVINDER KAUR","Address : DADU MAJRA CHANDIGARH
Website : www.ghsdm.com"
1920,"Aff. No. :2620045
Sch. Code:24212","State : CHANDIGARH
District : CHANDIGARH",Senior Secondary Level,"Name : GOVT MODEL SENIOR SECONDARY SCHOOL BEHLANA CHANDIGARH
Head/Principal Name: Sangeeta","Address : BEHLANA CHANDIGARH
Website : www.gmsssbeh.in"
1921,"Aff. No. :2620046
Sch. Code:24213","State : CHANDIGARH
District : CHANDIGARH",Secondary Level,"Name : GOVT HIGH SCHOOL
Head/Principal Name: Manjula Khanna","Address : SARANGPUR CHANDIGARH
Website :"
1922,"Aff. No. :2620047
Sch. Code:24230","State : CHANDIGARH
District : CHANDIGARH",Secondary Level,"Name : GOVT HIGH SCHOOL
Head/Principal Name: Seema Arora","Address : SECT 24 A CHANDIGARH
Website : www.ghs24.in"
1923,"Aff. No. :2620048
Sch. Code:24242","State : CHANDIGARH
District : CHANDIGARH",Secondary Level,"Name : GOVT MODEL HIGH SCHOOL
Head/Principal Name: RENU BALA","Address : SECT-37D CHANDIGARH
Website : www.gmhs37cchd.in"
1924,"Aff. No. :2620049
Sch. Code:24251","State : CHANDIGARH
District : CHANDIGARH",Secondary Level,"Name : GOVT MODEL HIGH SCHOOL
Head/Principal Name: HARMNEET KAUR","Address : SECT 38D CHANDIGARH
Website : https://gmhs38d.com/"
1925,"Aff. No. :2620050
Sch. Code:24244","State : CHANDIGARH
District : CHANDIGARH",Senior Secondary Level,"Name : GOVT MODEL SCHOOL
Head/Principal Name: RENU SHARMA","Address : SECT 28 D CHANDIGARH
Website : www.gmsss28dchd.in"
1926,"Aff. No. :2620051
Sch. Code:24246","State : CHANDIGARH
District : CHANDIGARH",Secondary Level,"Name : GOVT MODEL HIGH SCHOOL
Head/Principal Name: BHARTI GUPTA","Address : SECTOR-34-C CHANDIGARH
Website : www.gmhs34.com"
1927,"Aff. No. :2620052
Sch. Code:24247","State : CHANDIGARH
District : CHANDIGARH",Senior Secondary Level,"Name : GOVT MODEL SR SEC SCHOOL
Head/Principal Name: AMARBIR SINGH","Address : SECTOR-46 D CHANDIGARH
Website : https://gmsss46d.com"
1928,"Aff. No. :2620054
Sch. Code:24249","State : CHANDIGARH
District : CHANDIGARH",Secondary Level,"Name : GOVT HIGH SCHOOL
Head/Principal Name: Harish Kumar","Address : SECTOR 30A CHANDIGARH
Website : www.ghs30achd.com"
1929,"Aff. No. :2620055
Sch. Code:24250","State : CHANDIGARH
District : CHANDIGARH",Senior Secondary Level,"Name : GOVT SR SEC SCHOOL
Head/Principal Name: SUDESH RANI","Address : MAULI P.O. RAIPUR KALAN CHANDIGARH
Website : https://www.gsssmaulijagran.com/"
1930,"Aff. No. :2620057
Sch. Code:24252","State : CHANDIGARH
District : CHANDIGARH",Secondary Level,"Name : GOVT MODEL HIGH SCHOOL
Head/Principal Name: REEMA","Address : SECT 43 - A CHANDIGARH
Website : www.gmhs43achandigarh.com"
1931,"Aff. No. :2620058
Sch. Code:24253","State : CHANDIGARH
District : CHANDIGARH",Senior Secondary Level,"Name : GOVT MODEL SR SEC SCHOOL
Head/Principal Name: SHALINI SINGH","Address : SECTOR 40 CHANDIGARH
Website : www.gmsss40b.com"
1932,"Aff. No. :2620059
Sch. Code:24256","State : CHANDIGARH
District : CHANDIGARH",Secondary Level,"Name : GOVT MODEL HIGH SCHOOL
Head/Principal Name: VIVEK GUPTA","Address : SECTOR - 31-C, CHANDIGARH
Website : www.gmhs31.com"
1933,"Aff. No. :2620060
Sch. Code:24258","State : CHANDIGARH
District : CHANDIGARH",Senior Secondary Level,"Name : GOVT MODEL SR SEC SCHOOL
Head/Principal Name: Rupinder Chawla","Address : SECTOR 33D CHANDIGARH
Website : www.gmsss33dchd.com"
1934,"Aff. No. :2620061
Sch. Code:24257","State : CHANDIGARH
District : CHANDIGARH",Secondary Level,"Name : GOVT HIGH SCHOOL
Head/Principal Name: BALJEET KAUR","Address : SECT 38B CHANDIGARH
Website : www.ghs38b.com"
1935,"Aff. No. :2620062
Sch. Code:24259","State : CHANDIGARH
District : CHANDIGARH",Secondary Level,"Name : GOVT MODEL HIGH SCHOOL
Head/Principal Name: Bhupinder Paul","Address : SECTOR 26 CHANDIGARH
Website : www.gmhs26pl.com"
1936,"Aff. No. :2620063
Sch. Code:24260","State : CHANDIGARH
District : CHANDIGARH",Secondary Level,"Name : GOVT MODEL HIGH SCHOOL
Head/Principal Name: MANJULA KHANNA","Address : SECT-29A CHANDIGARH
Website : www.gmhs29a.com"
1937,"Aff. No. :2620064
Sch. Code:24261","State : CHANDIGARH
District : CHANDIGARH",Secondary Level,"Name : GOVT HIGH SCHOOL
Head/Principal Name: PARVEEN KUMAR MEHTA","Address : SECTOR-40A CHANDIGARH
Website : https://www.gmhs40a.in/"
1938,"Aff. No. :2620065
Sch. Code:24262","State : CHANDIGARH
District : CHANDIGARH",Senior Secondary Level,"Name : GOVT MODEL HIGH SCHOOL
Head/Principal Name: TARWINDER KAUR","Address : SECTOR 44 B CHANDIGARH
Website : www.gmsss44.com"
1939,"Aff. No. :2620066
Sch. Code:24263","State : CHANDIGARH
District : CHANDIGARH",Secondary Level,"Name : GOVT HIGH SCHOOL
Head/Principal Name: SUNITA KHURANA","Address : SECTOR 47 A CHANDIGARH
Website : https://ghs47.com"
1940,"Aff. No. :2620067
Sch. Code:24264","State : CHANDIGARH
District : CHANDIGARH",Secondary Level,"Name : GOVT MODEL HIGH SCHOOL MAULI COLONY
Head/Principal Name: PARVEEN MALIK","Address : MAULI COLONY P O MANIMAJRA CHANDIGARH
Website : www.ghsmaulicolonychd.com"
1941,"Aff. No. :2620068
Sch. Code:24236","State : CHANDIGARH
District : CHANDIGARH",Secondary Level,"Name : GOVT HIGH SCHOOL
Head/Principal Name: RUBI","Address : SECT -32 D CHANDIGARH
Website : www.ghs32d.org"
1942,"Aff. No. :2620069
Sch. Code:24265","State : CHANDIGARH
District : CHANDIGARH",Senior Secondary Level,"Name : GOVT MODEL SR SEC SCHOOL
Head/Principal Name: MONIKA PURI","Address : MANIMAJRA CHANDIGARH
Website : www.gmsssmhcmanimajra.com"
1943,"Aff. No. :2620070
Sch. Code:24270","State : CHANDIGARH
District : CHANDIGARH",Secondary Level,"Name : GOVT HIGH SCHOOL
Head/Principal Name: RAJINDER SINGH","Address : SECTOR 46 CHANDIGARH
Website : www.ghs46chd.com"
1944,"Aff. No. :2620071
Sch. Code:24267","State : CHANDIGARH
District : CHANDIGARH",Senior Secondary Level,"Name : GOVT HIGH SCHOOL
Head/Principal Name: RAMCHANDRA SHARMA","Address : KAIMBWALA, CHANDIGARH
Website : www.gssskaimbwala.com"
1945,"Aff. No. :2620072
Sch. Code:24271","State : CHANDIGARH
District : CHANDIGARH",Secondary Level,"Name : GOVT HIGH SCHOOL
Head/Principal Name: DHARAMENDER","Address : KARSAN CHANDIGARH
Website : www.gmhskarsan.Com"
1946,"Aff. No. :2620073
Sch. Code:24269","State : CHANDIGARH
District : CHANDIGARH",Secondary Level,"Name : GOVT HIGH SCHOOL
Head/Principal Name: SARBINDER KAUR","Address : COLONY NO 4 INDUSTRIAL AREA CHANDIGARH
Website :"
1947,"Aff. No. :2620074
Sch. Code:","State : CHANDIGARH
District : CHANDIGARH",Secondary Level,"Name : GOVT MODEL HIGH SCHOOL
Head/Principal Name: MRS SAROJ VERMA","Address : SECTOR 26 B D COLONY CHANDIGARH
Website :"
1948,"Aff. No. :2620075
Sch. Code:24266","State : CHANDIGARH
District : CHANDIGARH",Secondary Level,"Name : GOVT MODEL HIGH SCHOOL
Head/Principal Name: NAVDEEP KAUR","Address : SECTOR 42 CHANDIGARH
Website : www.gmhs42b.com"
1949,"Aff. No. :2620076
Sch. Code:24272","State : CHANDIGARH
District : CHANDIGARH",Senior Secondary Level,"Name : GOVT SR SEC SCHOOL
Head/Principal Name: Sanjeev kumar singla","Address : RAIPUR KHURD CHANDIGARH
Website : www.gmsssrk.co.in"
1950,"Aff. No. :2620077
Sch. Code:24268","State : CHANDIGARH
District : CHANDIGARH",Secondary Level,"Name : GOVT MODEL HIGH SCHOOL
Head/Principal Name: Meenakshi Soni","Address : SECT 12 CHANDIGARH
Website : www.gmhs12.co.in"
1951,"Aff. No. :2620078
Sch. Code:24274","State : CHANDIGARH
District : CHANDIGARH",Secondary Level,"Name : GOVT HIGH SCHOOL
Head/Principal Name: SUMAN","Address : DARIA CHANDIGARH
Website : www.ghsdaria.org"
1952,"Aff. No. :2620079
Sch. Code:24273","State : CHANDIGARH
District : CHANDIGARH",Secondary Level,"Name : GOVT MODEL HIGH SCHOOL
Head/Principal Name: RAJINDER SINGH","Address : SECTOR 25 CHANDIGARH
Website : www.gmhs25.com"
1953,"Aff. No. :2620080
Sch. Code:24275","State : CHANDIGARH
District : CHANDIGARH",Senior Secondary Level,"Name : GOVT MODEL HIGH SCHOOL
Head/Principal Name: RAI VEERINDER KAUR","Address : SECTOR 39-C CHANDIGARH
Website : https://www.gmsss39c.in/"
1954,"Aff. No. :2620081
Sch. Code:24276","State : CHANDIGARH
District : CHANDIGARH",Senior Secondary Level,"Name : GOVT MODEL SR. SEC. SCHOOL
Head/Principal Name: VEENA KUMARI","Address : SARANGPUR UT CHANDIGARH
Website : www.gmssssarangpur.com"
1955,"Aff. No. :2620082
Sch. Code:24277","State : CHANDIGARH
District : CHANDIGARH",Senior Secondary Level,"Name : GOVT. MODEL SR. SEC. SCHOOL
Head/Principal Name: SHARANJEET KAUR","Address : SECT-56, CHANDIGARH
Website : www.gmsss56.in"
1956,"Aff. No. :2620083
Sch. Code:23012","State : CHANDIGARH
District : CHANDIGARH",Senior Secondary Level,"Name : S D SR SEC SCHOOL
Head/Principal Name: NISHA GUPTA","Address : SECTOR-24 CHANDIGARH
Website : www.sd24chd.co.in"
1957,"Aff. No. :2620084
Sch. Code:24278","State : CHANDIGARH
District : CHANDIGARH",Secondary Level,"Name : GOVERNMENT MODEL HIGH SCHOOL
Head/Principal Name: Bharti Vandna","Address : VIKAS NAGAR, MAULI JAGRAN, CHANDIGARH
Website : http://www.gmhsvikasnagarchd.com"
1958,"Aff. No. :2620085
Sch. Code:24279","State : CHANDIGARH
District : CHANDIGARH",Secondary Level,"Name : GOVERNMENT MODEL HIGH SCHOOL
Head/Principal Name: PALWINDER KAUR","Address : SECTOR 38 (WEST), U.T. CHANDIGARH
Website : www.gmhs38w.in"
1959,"Aff. No. :2620087
Sch. Code:24281","State : CHANDIGARH
District : CHANDIGARH",Secondary Level,"Name : GOVT. HIGH SCHOOL
Head/Principal Name: Suman Jaiswal","Address : SECTOR-53, CHANDIGARH
Website : www.ghs53.org"
1960,"Aff. No. :2620088
Sch. Code:24285","State : CHANDIGARH
District : CHANDIGARH",Secondary Level,"Name : GOVT MODEL HIGH SCHOOL (SMART SCHOOL)
Head/Principal Name: INDU","Address : SEC. 50B, CHANDIGARH
Website : www.ghssmart50chd.com"
1961,"Aff. No. :2620089
Sch. Code:24283","State : CHANDIGARH
District : CHANDIGARH",Secondary Level,"Name : GOVT HIGH SCHOOL
Head/Principal Name: CHARANJEET KAUR","Address : MALOYA COLONY. CHANDIGARH
Website : www.ghsmaloyacolony.org"
1962,"Aff. No. :2620090
Sch. Code:24284","State : CHANDIGARH
District : CHANDIGARH",Secondary Level,"Name : GOVT MODEL HIGH SCHOOL
Head/Principal Name: SANJEEV KUMAR SENIOR MOST TEACHER","Address : VILLAGE KHUDDA JASSU, CHANDIGARH
Website : www.gmhskjassu.in"
1963,"Aff. No. :2620091
Sch. Code:24286","State : CHANDIGARH
District : CHANDIGARH",Senior Secondary Level,"Name : INSTITUTE F THE BLIND
Head/Principal Name: Rakesh Sharma","Address : SECT 26, CHANDIGARH
Website : www.instituteforblind.org"
1964,"Aff. No. :2620092
Sch. Code:24287","State : CHANDIGARH
District : CHANDIGARH",Secondary Level,"Name : GOVERNMENT MODEL HIGH SCHOOL
Head/Principal Name: GURKREET SAMA","Address : SECT 52, CHANDIGARH
Website : www.ghs52.org"
1965,"Aff. No. :2620093
Sch. Code:24288","State : CHANDIGARH
District : CHANDIGARH",Secondary Level,"Name : GOVT HIGH SCHOOL
Head/Principal Name: KULDEEP KAUR","Address : SECT. 54, CHANDIGARH
Website : www.GHS54.IN"
1966,"Aff. No. :2620095
Sch. Code:24289","State : CHANDIGARH
District : CHANDIGARH",Secondary Level,"Name : GOVT MODEL HIGH SCHOOL-1
Head/Principal Name: JITENDER SINGH GREWAL","Address : DHANAS, U.T., CHANDIGARH
Website : www.gmhsdhanasrc1.com"
1967,"Aff. No. :2620096
Sch. Code:24291","State : CHANDIGARH
District : CHANDIGARH",Senior Secondary Level,"Name : GOVT MODEL HIGH SCHOOL
Head/Principal Name: TARWINDER KAUR","Address : SEC-45 C, CHANDIGARH
Website : www.gmsss45chd.com"
1968,"Aff. No. :2620097
Sch. Code:24290","State : CHANDIGARH
District : CHANDIGARH",Secondary Level,"Name : GOVT. MODEL HIGH SCHOOL, INDIRA COLONY, MANIMAJRA,CHANDIGARH
Head/Principal Name: SUNITA SHARMA","Address : INDIRA COLONY, MANIMAJARA, CHANDIGARH
Website : http://www.ghsindiracolonymanimajra.com//"
1969,"Aff. No. :2620098
Sch. Code:24292","State : CHANDIGARH
District : CHANDIGARH",Secondary Level,"Name : GOVT. MODEL HIGH SCHOOL-II
Head/Principal Name: AMRIT PAL KAUR","Address : DHANAS,U.T. CHANDIGARH
Website : https://www.gmhsrc2dhanas.in/"
1970,"Aff. No. :2620099
Sch. Code:24293","State : CHANDIGARH
District : CHANDIGARH",Secondary Level,"Name : GOVT. MODEL HIGH SCHOOL
Head/Principal Name: Darshanjit kaur","Address : SECT-49,D, CHANDIGARH-160047
Website : www.gmhs49chd.com"
1971,"Aff. No. :2620100
Sch. Code:24295","State : CHANDIGARH
District : CHANDIGARH",Secondary Level,"Name : GOVT. MODEL HIGH SCHOOL
Head/Principal Name: RENU BALA","Address : POCKET NO. 8, MANIMAJRA, CHANDIGARH,
Website : www.gmhspocket8manimajra.com"
1972,"Aff. No. :2620101
Sch. Code:24294","State : CHANDIGARH
District : CHANDIGARH",Secondary Level,"Name : GOVT. MODEL HIGH SCHOOL,
Head/Principal Name: POOJA","Address : POCKET NO. 1, MANI MAJRA, CHANDIGARH-160 101
Website : www.gmhspocket1manimajra.com"
1973,"Aff. No. :2620102
Sch. Code:24296","State : CHANDIGARH
District : CHANDIGARH",Secondary Level,"Name : GOVERNMENT MODEL HIGH SCHOOL MALOYA-II CHANDIGARH
Head/Principal Name: KRISHNA MOHAN","Address : GOVERNMENT MODEL HIGH SCHOOL MALOYA - II
Website : www.gmhs11maloya.in"
1974,"Aff. No. :2620103
Sch. Code:23004","State : CHANDIGARH
District : CHANDIGARH",Senior Secondary Level,"Name : DAV SR SEC SCHOOL (LAHORE)
Head/Principal Name: DR. SUNIL KUMAR","Address : SECTOR-8 C CHANDIGARH
Website : www.davssslahore8c.com"
1975,"Aff. No. :2620250
Sch. Code:24400","State : CHANDIGARH
District : CHANDIGARH",Senior Secondary Level,"Name : GOVERNMENT MODEL SENIOR SECONDARY SCHOOL
Head/Principal Name: NARINDER SINGH","Address : RAIPUR KALAN, RAIPUR KALAN
Website : www.gmsraipurkalanchd.com"
1976,"Aff. No. :2620251
Sch. Code:24401","State : CHANDIGARH
District : CHANDIGARH",Secondary Level,"Name : GMHS, RAIPUR KALAN (NEW MAKHANMAJRA)
Head/Principal Name: VIJAY PAL YADAV","Address : VILLAGE - MAKHANMAJRA, POST OFFICE - DARIYA
Website : www.gmsmkm.in"
1977,"Aff. No. :2620252
Sch. Code:24402","State : CHANDIGARH
District : CHANDIGARH",Senior Secondary Level,"Name : GOVT. MODEL SR. SEC. SCHOOL, RC-I, MALOYA
Head/Principal Name: UPASNA SHARMA","Address : MALOYA, CHANDIGARH
Website : https://www.gmsssrc1maloya.in"
1978,"Aff. No. :2620253
Sch. Code:24403","State : CHANDIGARH
District : CHANDIGARH",Secondary Level,"Name : GMHS48D
Head/Principal Name: HARWINDER KAUR","Address : SECTOR 48D, SECTOR 48D CHANDIGARH
Website : www.gmhs48chd.com"
1979,"Aff. No. :2620254
Sch. Code:24596","State : CHANDIGARH
District : CHANDIGARH",Secondary Level,"Name : GOVERENMENT MODEL HIGH SCHOOL KISHANGARH
Head/Principal Name: KANUPRIYA JOSHI","Address : MANIMAJRA, NEAR IT PARK
Website : https://gmskgchd.in/"
1980,"Aff. No. :2620255
Sch. Code:24600","State : CHANDIGARH
District : CHANDIGARH",Secondary Level,"Name : GOVERMENT MODEL HIGH SCHOOL, MAULI JAGRAN , CHANDIGARH
Head/Principal Name: SUNITA TANDON","Address : OPPOSITE GURUDWARA, CHANDIGARH
Website : www.gmhsmaulijagran.com"
1981,"Aff. No. :2620256
Sch. Code:24606","State : CHANDIGARH
District : CHANDIGARH",Secondary Level,"Name : GOVT. MIDDLE SCHOOL
Head/Principal Name: Sonia Jaiswal","Address : GOVT. MIDDLE SCHOOL, SECTOR 46 D, CHANDIGARH
Website : https://www.gmhs46d.co.in"
1982,"Aff. No. :2630002
Sch. Code:23030","State : CHANDIGARH
District : CHANDIGARH",Senior Secondary Level,"Name : SHARDA SARVHITKARI SR. SEC.SCHOOL
Head/Principal Name: Prem Singh Khimta","Address : SECTOR 40 D CHANDIGARH
Website : www.shardasarvhitkari.in"
1983,"Aff. No. :2630003
Sch. Code:23018","State : CHANDIGARH
District : CHANDIGARH",Senior Secondary Level,"Name : GURU NANAK KHALSA SR SEC SCHOOL
Head/Principal Name: Ramanjeet Kaur","Address : SECTOR-30B CHANDIGARH
Website : www.gnkschool.info"
1984,"Aff. No. :2630004
Sch. Code:23007","State : CHANDIGARH
District : CHANDIGARH",Senior Secondary Level,"Name : THE NEW PUBLIC SCHOOL
Head/Principal Name: MANISH HABLANI","Address : SECTOR-18B CHANDIGARH
Website : www.npschd.com"
1985,"Aff. No. :2630005
Sch. Code:23013","State : CHANDIGARH
District : CHANDIGARH",Senior Secondary Level,"Name : SACRED HEART SR SEC SCHOOL
Head/Principal Name: VENITA JOSEPH","Address : SECTOR-26 CHANDIGARH
Website : www.sacredheartchd.com"
1986,"Aff. No. :2630006
Sch. Code:23029","State : CHANDIGARH
District : CHANDIGARH",Senior Secondary Level,"Name : SHIVALIK PUBLIC SCHOOL
Head/Principal Name: Gurkiran Jeet Nalwa","Address : SECTOR-41B CHANDIGARH
Website : www.shivalik.org"
1987,"Aff. No. :2630007
Sch. Code:23021","State : CHANDIGARH
District : CHANDIGARH",Senior Secondary Level,"Name : GURU NANAK PUBLIC SCHOOL
Head/Principal Name: GURNAM KAUR GREWAL","Address : SECTOR-36 D CHANDIGARH
Website : www.gnpschandigarh.in"
1988,"Aff. No. :2630011
Sch. Code:23020","State : CHANDIGARH
District : CHANDIGARH",Senior Secondary Level,"Name : SRI GURU GOBIND SINGH SR SEC SCHOOL
Head/Principal Name: PARMINDER JIT MANN","Address : SECTOR-35B CHANDIGARH
Website : www.sggs35school.com"
1989,"Aff. No. :2630015
Sch. Code:23014","State : CHANDIGARH
District : CHANDIGARH",Senior Secondary Level,"Name : MOTI RAM ARYA SR SEC MODEL SCHOOL
Head/Principal Name: SEEMA BIJI","Address : SECTOR-27A CHANDIGARH
Website : https://www.mrachd.com/"
1990,"Aff. No. :2630017
Sch. Code:23006","State : CHANDIGARH
District : CHANDIGARH",Senior Secondary Level,"Name : DAV MODEL SCHOOL
Head/Principal Name: ANUJA SHARMA","Address : SECTOR-15A CHANDIGARH
Website : www.davchandigarh.com"
1991,"Aff. No. :2630018
Sch. Code:23010","State : CHANDIGARH
District : CHANDIGARH",Senior Secondary Level,"Name : SHISHU NIKETAN MODEL SR SEC SCHOOL
Head/Principal Name: AARTI MALHOTRA","Address : SECTOR-22D CHANDIGARH
Website : https://shishuniketanschool.com"
1992,"Aff. No. :2630019
Sch. Code:23008","State : CHANDIGARH
District : CHANDIGARH",Senior Secondary Level,"Name : ISHWAR SINGH DEV SAMAJ SR SEC
Head/Principal Name: Sabeeha Dhillon Mangat","Address : SCHOOL SECTOR-21C CHANDIGARH
Website : www.isdevsamaj21.ac.in"
1993,"Aff. No. :2630021
Sch. Code:23019","State : CHANDIGARH
District : CHANDIGARH",Senior Secondary Level,"Name : ST. ANNES CONVENT SCHOOL
Head/Principal Name: CHRISTIAMMAL","Address : SECTOR-32 C CHANDIGARH
Website : www.sacschd.in"
1994,"Aff. No. :2630022
Sch. Code:23009","State : CHANDIGARH
District : CHANDIGARH",Secondary Level,"Name : MANAV MANGAL HIGH SCHOOL
Head/Principal Name: SANJAY SARDANA","Address : SECTOR-21C CHANDIGARH
Website : http://www.lotusnationalschool.com"
1995,"Aff. No. :2630023
Sch. Code:23005","State : CHANDIGARH
District : CHANDIGARH",Senior Secondary Level,"Name : CARMEL CONVENT SCHOOL
Head/Principal Name: SHANTA FERNANDES","Address : SECTOR 9B CHANDIGARH
Website : www.carmeconvent.org"
1996,"Aff. No. :2630024
Sch. Code:23001","State : CHANDIGARH
District : CHANDIGARH",Senior Secondary Level,"Name : VEDIC GIRLS SR.SEC SCHOOL
Head/Principal Name: POONAM SEKHRI","Address : MANIMAJRA CHANDIGARH
Website : https://vedicgirlschool.in/"
1997,"Aff. No. :2630025
Sch. Code:23011","State : CHANDIGARH
District : CHANDIGARH",Senior Secondary Level,"Name : BAL NIKETAN MODEL SCHOOL
Head/Principal Name: RITA","Address : SECTOR-37A CHANDIGARH
Website : www.balniketanchd.com"
1998,"Aff. No. :2630027
Sch. Code:23003","State : CHANDIGARH
District : CHANDIGARH",Senior Secondary Level,"Name : AJIT KARAM SINGH INTERNATIONAL PUBLIC SCHOOL
Head/Principal Name: RITU BALI","Address : SECTOR 41 B CHANDIGARH
Website : www.aksips.in"
1999,"Aff. No. :2630028
Sch. Code:23016","State : CHANDIGARH
District : CHANDIGARH",Senior Secondary Level,"Name : BHAVAN'S VIDYALAYA
Head/Principal Name: VINEETA ARORA","Address : SECTOR 27 B MADHYA MARG CHANDIGARH
Website : www.bhavanchd.com"
2000,"Aff. No. :2630029
Sch. Code:23015","State : CHANDIGARH
District : CHANDIGARH",Senior Secondary Level,"Name : VIVEK HIGH SCHOOL
Head/Principal Name: RENU PURI","Address : SECTOR-38B CHANDIGARH
Website : https://vivekhighschool.edu.in"
2001,"Aff. No. :2630031
Sch. Code:23022","State : CHANDIGARH
District : CHANDIGARH",Senior Secondary Level,"Name : D A V PUBLIC SCHOOL
Head/Principal Name: MANTOSHPAL SINGH","Address : SECTOR 8-C CHANDIGARH
Website : https://www.davpschandigarh.com"
2002,"Aff. No. :2630032
Sch. Code:","State : CHANDIGARH
District : CHANDIGARH",Senior Secondary Level,"Name : D A V COLLEGE
Head/Principal Name: K S ARYA","Address : SECTOR 10-D CHANDIGARH
Website :"
2003,"Aff. No. :2630033
Sch. Code:","State : CHANDIGARH
District : CHANDIGARH",Senior Secondary Level,"Name : MEHR CHAND MAHAJAN D A V COLLEGE FOR
Head/Principal Name: MRS SNEH MAHAJAN","Address : WOMEN SECTOR-36 A CHANDIGARH
Website : http://www.ashianapublicschool.net"
2004,"Aff. No. :2630034
Sch. Code:23017","State : CHANDIGARH
District : CHANDIGARH",Senior Secondary Level,"Name : THE TRIBUNE SCHOOL
Head/Principal Name: RANI PODDAR","Address : SECTOR-29D CHANDIGARH 160020
Website : www.tribuneschoolchd.com"
2005,"Aff. No. :2630036
Sch. Code:23023","State : CHANDIGARH
District : CHANDIGARH",Senior Secondary Level,"Name : SRI GURU HARKRISHAN PUBLIC SCHOOL
Head/Principal Name: Shama Kukkal","Address : SECTOR 40-C CHANDIGARH
Website : http://sghpschd.edu.in/"
2006,"Aff. No. :2630037
Sch. Code:23024","State : CHANDIGARH
District : CHANDIGARH",Senior Secondary Level,"Name : PANDIT MOHAN LAL SANATAN DHARAMA PUBLIC SCHOOL
Head/Principal Name: MONICA SHARMA","Address : SECTOR 32 C CHANDIGARH
Website : https://pmlsdpublicschool32.ac.in"
2007,"Aff. No. :2630038
Sch. Code:23027","State : CHANDIGARH
District : CHANDIGARH",Senior Secondary Level,"Name : ST. JOHN'S HIGH SCHOOL
Head/Principal Name: RAJASHREE VIPIN","Address : SECTOR 26 CHANDIGARH
Website : www.stjohnschandigarh.com"
2008,"Aff. No. :2630039
Sch. Code:23028","State : CHANDIGARH
District : CHANDIGARH",Secondary Level,"Name : MAHARISHI DAYANAND ADARSH VIDYALAYA
Head/Principal Name: Neelam Sharma","Address : SECTOR 22A CHANDIGARH
Website : www.mdav22.com"
2009,"Aff. No. :2630040
Sch. Code:23025","State : CHANDIGARH
District : CHANDIGARH",Senior Secondary Level,"Name : SAINT SOLDIER INTERNATIONAL SCHOOL
Head/Principal Name: ANISHA GHUMAN","Address : SECTOR 28-B CHANDIGARH
Website : www.ssis.ac.in"
2010,"Aff. No. :2630042
Sch. Code:23031","State : CHANDIGARH
District : CHANDIGARH",Senior Secondary Level,"Name : SRI GURU HARKRISHAN MODEL SCHOOL
Head/Principal Name: Harpreet Kaur","Address : SECTOR-38 D CHANDIGARH
Website : www.sghms.com"
2011,"Aff. No. :2630043
Sch. Code:23033","State : CHANDIGARH
District : CHANDIGARH",Senior Secondary Level,"Name : ST. PETER'S SCHOOL
Head/Principal Name: Ruchi Datta","Address : SECTOR 37-B, CHANDIGARH
Website : www.stpeterchd.com"
2012,"Aff. No. :2630044
Sch. Code:23035","State : CHANDIGARH
District : CHANDIGARH",Senior Secondary Level,"Name : GYANDEEP MODEL HIGH SCHOOL
Head/Principal Name: SUMAN DESWAL","Address : SECTOR 20 C CHANDIGARH
Website : https://gyandeepmodelseniorsecondaryschool.com"
2013,"Aff. No. :2630046
Sch. Code:23038","State : CHANDIGARH
District : CHANDIGARH",Senior Secondary Level,"Name : KAILASH BAHL D A V CENTENARY PUBLIC SCHOOL
Head/Principal Name: POOJA PRAKASH","Address : SECTOR 7 B CHANDIGARH
Website : www.kbdav.org"
2014,"Aff. No. :2630047
Sch. Code:23039","State : CHANDIGARH
District : CHANDIGARH",Senior Secondary Level,"Name : CHANDIGARH BAPTIST SCHOOL
Head/Principal Name: Arun John Masih","Address : SECTOR 45-D CHANDIGARH
Website : www.chdbaptist.com"
2015,"Aff. No. :2630048
Sch. Code:23040","State : CHANDIGARH
District : CHANDIGARH",Secondary Level,"Name : SRI AUROBINDO SCHOOL
Head/Principal Name: Gitika Kapoor","Address : SEC 27-A CHANDIGARH
Website : www.sriaurobindoschool.in"
2016,"Aff. No. :2630049
Sch. Code:23026","State : CHANDIGARH
District : CHANDIGARH",Senior Secondary Level,"Name : SRI GURU GOBIND SINGH COLLEGIATE PUBLIC SCHOOL
Head/Principal Name: AMANPREET KAUR","Address : PUBLIC SCHOOL SECTOR 26 CHANDIGARH
Website : http://www.crpfpsdwarka.com"
2017,"Aff. No. :2630050
Sch. Code:23041","State : CHANDIGARH
District : CHANDIGARH",Senior Secondary Level,"Name : ST.JOSEPH HIGH SCHOOL
Head/Principal Name: MONICA CHAWLA","Address : SECTOR 44-D CHANDIGARH
Website : http://stjosephschandigarh.net"
2018,"Aff. No. :2630051
Sch. Code:23034","State : CHANDIGARH
District : CHANDIGARH",Senior Secondary Level,"Name : MOUNT CARMEL SCHOOL
Head/Principal Name: PARVEENA JOHN SINGH","Address : SECTOR 47-B CHANDIGARH
Website :"
2019,"Aff. No. :2630052
Sch. Code:23036","State : CHANDIGARH
District : CHANDIGARH",Senior Secondary Level,"Name : STEPPING STONES SEC SCHOOL
Head/Principal Name: Anu Kumar","Address : SECTOR 37-D CHANDIGARH
Website : www.steppingstoneschd.org"
2020,"Aff. No. :2630053
Sch. Code:23042","State : CHANDIGARH
District : CHANDIGARH",Senior Secondary Level,"Name : SAUPIN'S SCHOOL
Head/Principal Name: SURITA SHARMA","Address : PLOT NO 14 SECTOR 32 A CHANDIGARH
Website : www.saupins.com"
2021,"Aff. No. :2630054
Sch. Code:23043","State : CHANDIGARH
District : CHANDIGARH",Senior Secondary Level,"Name : DELHI PUBLIC SCHOOL
Head/Principal Name: Pawan Singh","Address : SECTOR 40 C CHANDIGARH
Website : www.dpschd.com"
2022,"Aff. No. :2630055
Sch. Code:23032","State : CHANDIGARH
District : CHANDIGARH",Secondary Level,"Name : GURU TEG BAHADUR PUBLIC SCHOOL
Head/Principal Name: HARDEEP SINGH","Address : SECTOR 15 C CHANDIGARH
Website : www.gtbpschd.org"
2023,"Aff. No. :2630056
Sch. Code:23044","State : CHANDIGARH
District : CHANDIGARH",Secondary Level,"Name : ST MARY'S SCHOOL
Head/Principal Name: NEHA KASHYAP","Address : SECTOR 46-B CHANDIGARH
Website : https://stmarysschoolchd.in/"
2024,"Aff. No. :2630057
Sch. Code:23045","State : CHANDIGARH
District : CHANDIGARH",Senior Secondary Level,"Name : MODERN WAYS MODEL SCHOOL
Head/Principal Name: GIRISH SACHDEVA","Address : SECTOR 29-C CHANDIGARH
Website : www.modernways.in"
2025,"Aff. No. :2630058
Sch. Code:23046","State : CHANDIGARH
District : CHANDIGARH",Senior Secondary Level,"Name : SHISHU NIKETAN PUBLIC SCHOOL
Head/Principal Name: ANUJA TIGHARE","Address : SEC 43 A CHANDIGARH
Website : http://shishuniketan43.com"
2026,"Aff. No. :2630059
Sch. Code:23047","State : CHANDIGARH
District : CHANDIGARH",Senior Secondary Level,"Name : THE BANYAN TREE SCHOOL
Head/Principal Name: JAYETA AUDDY","Address : SECTOR 48B, CHANDIGARH
Website : http://www.banyantree.in/chandigarh"
2027,"Aff. No. :2630060
Sch. Code:23048","State : CHANDIGARH
District : CHANDIGARH",Senior Secondary Level,"Name : RYAN INTERNATIONAL SCHOOL
Head/Principal Name: POONAM SHARMA","Address : SECTOR 49 B
Website : www.ryangroup.org/rischandigarh"
2028,"Aff. No. :2630061
Sch. Code:23049","State : CHANDIGARH
District : CHANDIGARH",Senior Secondary Level,"Name : GURUKUL GLOBAL SCHOOL
Head/Principal Name: Urvashi Kakkar","Address : NEAR IT PARK, ADJOINING POLICE STATION, MANIMAJRA
Website : www.gurukulglobal.com"
2029,"Aff. No. :2630062
Sch. Code:23050","State : CHANDIGARH
District : CHANDIGARH",Secondary Level,"Name : DIVYA PUBLIC SCHOOL
Head/Principal Name: RAJESH KAMAL","Address : SECTOR - 44 D, CHANDIGARH
Website :"
2030,"Aff. No. :2630063
Sch. Code:23053","State : CHANDIGARH
District : CHANDIGARH",Senior Secondary Level,"Name : AJIT KARAM SINGH INTERNATIONAL PUBLIC SCHOOL
Head/Principal Name: PAMILA KAUR","Address : AKSIPS-45 SECT 45 A
Website : www.aksips.in"
2031,"Aff. No. :2630064
Sch. Code:23051","State : CHANDIGARH
District : CHANDIGARH",Senior Secondary Level,"Name : SAINT KABIR PUBLIC SCHOOL
Head/Principal Name: SAPNA KATOCH","Address : SECTOR-26, CHANDIGARH
Website : www.stkabir.co.in"
2032,"Aff. No. :2630065
Sch. Code:23052","State : CHANDIGARH
District : CHANDIGARH",Secondary Level,"Name : ASHIANA PUBLIC SCHOOL
Head/Principal Name: MONIKA SHARMA","Address : SECTOR-46 A CHANDIGARH
Website : www.ashianapublicschool.com"
2033,"Aff. No. :2630066
Sch. Code:23054","State : CHANDIGARH
District : CHANDIGARH",Senior Secondary Level,"Name : SRI GURU GOBIND SINGH PUBLIC SCHOOL
Head/Principal Name: PRITINDER KAUR","Address : SECTOR-35B CHANDIGARH-160035
Website : http://www.sggspublicschool.edu.in"
2034,"Aff. No. :2630067
Sch. Code:23055","State : CHANDIGARH
District : CHANDIGARH",Secondary Level,"Name : AANCHAL INTERNATIONAL SCHOOL
Head/Principal Name: SHIVANGI RUDHRA BIR","Address : SECTOR 41-D
Website : www.aanchalschool.org"
2035,"Aff. No. :2630068
Sch. Code:23056","State : CHANDIGARH
District : CHANDIGARH",Senior Secondary Level,"Name : KUNDAN INTERNATIONAL SCHOOL
Head/Principal Name: Yogesh Jadli","Address : SECTOR 46 B
Website : www.kundaninternational.org"
2036,"Aff. No. :2630069
Sch. Code:23058","State : CHANDIGARH
District : CHANDIGARH",Senior Secondary Level,"Name : D.C. MONTESSI SCHOOL
Head/Principal Name: Vishali Kaushal","Address : POCKET-II & III, MMJ, MANIMAJRA
Website : www.dcmschd.edu.in"
2037,"Aff. No. :2630070
Sch. Code:23057","State : CHANDIGARH
District : CHANDIGARH",Senior Secondary Level,"Name : CHITKARA INTERNATIONAL SCHOOL
Head/Principal Name: Honey Chitkara","Address : UDYOG PATH, SECTOR- 25 WEST
Website : www.chitkaraschool.in"
2038,"Aff. No. :2630071
Sch. Code:23059","State : CHANDIGARH
District : CHANDIGARH",Senior Secondary Level,"Name : SRI CHAITANYA TECHNO SCHOOL
Head/Principal Name: KORLAPATI GIRISH","Address : SECTOR 44-B, CHANDIGARH
Website : http://srichaitanyatechnoschoolchandigarh.net/"
2039,"Aff. No. :2630072
Sch. Code:23060","State : CHANDIGARH
District : CHANDIGARH",Senior Secondary Level,"Name : RIMT WORLD SCHOOL
Head/Principal Name: Rajni Wasan","Address : OPPOSITE SHIVALIK GARDENS, MANIMAJRA
Website : www.rimtworld.ac.in"
2040,"Aff. No. :2630073
Sch. Code:23061","State : CHANDIGARH
District : CHANDIGARH",Senior Secondary Level,"Name : ANKUR SCHOOL
Head/Principal Name: ARUNA DHIMAN","Address : PANJAB UNIVERSITY CAMPUS SECTOR-14 CHANDIGARH
Website : www.ankurschool.in"
2041,"Aff. No. :2630074
Sch. Code:23062","State : CHANDIGARH
District : CHANDIGARH",Secondary Level,"Name : KIDS-R-KIDS SCHOOL
Head/Principal Name: Anupam Grewal","Address : SECTOR 42-C, CHANDIGARH
Website : www.sjpresidiumchd.com"
2042,"Aff. No. :2630250
Sch. Code:23729","State : CHANDIGARH
District : CHANDIGARH",Secondary Level,"Name : DAV PUBLIC SCHOOL
Head/Principal Name: MANINDER VOHRA","Address : SECTOR-39D, CHANDIGARH, DAV PUBLIC SCHOOL,SEC-39D,SHIV MANDIR , DAV PUBLIC SCHOOL, SEC-39D, CHANDIGARH
Website : www.davps39dchd.com"
2043,"Aff. No. :2630251
Sch. Code:23776","State : CHANDIGARH
District : CHANDIGARH",Secondary Level,"Name : NORTHRIDGE INTERNATIONAL SCHOOL
Head/Principal Name: GARIMA S BHARDWAJ","Address : SECTOR-46/A, CHANDIGARH, NEAR COMMUNITY CENTRE
Website : http://www.northridgeinternational.in/"
2044,"Aff. No. :2640001
Sch. Code:24701","State : CHANDIGARH
District : CHANDIGARH",Senior Secondary Level,"Name : JAWAHAR NAVODAYA VIDYALAYA
Head/Principal Name: Arvinder Singh Bhullar","Address : SECT 25 (W) CHANDIGARH
Website : https://navodaya.gov.in/nvs/nvs-school/CHANDIGARH/en/home/in"
2045,"Aff. No. :2680001
Sch. Code:23002","State : CHANDIGARH
District : CHANDIGARH",Secondary Level,"Name : AIR FORCE SCHOOL CHANDIGARH
Head/Principal Name: RAMNEEK GHUMAN","Address : 12-WING AIR FORCE STATION CHANDIGARH
Website : www.airforceschoolchandigarh.com"
2046,"Aff. No. :2680002
Sch. Code:23037","State : CHANDIGARH
District : CHANDIGARH",Senior Secondary Level,"Name : AIR FORCE SCHOOL
Head/Principal Name: SATINDER KAUR","Address : SECTOR 31-D CHANDIGARH
Website : www.afschool3brd.edu.in"
2047,"Aff. No. :3700001
Sch. Code:24930","State : LADAKH
District : LEH",Senior Secondary Level,"Name : PM SHRI KENDRIYA VIDYALAYA
Head/Principal Name: PARDEEP CHOPRA","Address : LEH (LADAKH)
Website : https://leh.kvs.ac.in/"
2048,"Aff. No. :3700003
Sch. Code:24949","State : LADAKH
District : LEH",Secondary Level,"Name : KENDRIYA VIDYALAYA
Head/Principal Name: Phuntsog Wangial","Address : NUBRA (DISKIT) DISTT LEH(LADAKH)
Website :"
2049,"Aff. No. :3720117
Sch. Code:24470","State : LADAKH
District : LEH",Secondary Level,"Name : GOVT HIGH SCHOOL CHUCHOT GONGMA
Head/Principal Name: Tsering Nurboo","Address : LEH LADAKH, INDIA
Website : www.lehschools.in/hschuchotgongma"
2050,"Aff. No. :3720175
Sch. Code:24601","State : LADAKH
District : LEH",Secondary Level,"Name : GOVERNMENT HIGH SCHOOL CHULUNGKHA
Head/Principal Name: ALI AKBAR","Address : NUBRA, NUBRA
Website : https://ladakhschools.in/hschulungkha/"
2051,"Aff. No. :3720176
Sch. Code:24602","State : LADAKH
District : LEH",Secondary Level,"Name : GOVERNMENT HIGH SCHOOL YOURGO
Head/Principal Name: RIGZEN DOLKER","Address : CHUSHUL, DURBUK
Website : https://www.lehschools.in/hsyurgo/"
2052,"Aff. No. :3730005
Sch. Code:23536","State : LADAKH
District : LEH",Secondary Level,"Name : LADAKH PUBLIC SCHOOL
Head/Principal Name: SONAM WANGDU","Address : POST BOX 62 HPO LEH
Website : www.ladakhpublicschool.com"
2053,"Aff. No. :3730007
Sch. Code:","State : LADAKH
District : LEH",Secondary Level,"Name : MAHABODHI RESIDENTIAL SCHOOL
Head/Principal Name: Tsewang Dolma","Address : P.O. BOX NO. 22, LEH -LADAKH
Website : http://www.mahabodhi-ladakh.org"
2054,"Aff. No. :3730008
Sch. Code:","State : LADAKH
District : LEH",Secondary Level,"Name : LADAKH RIGJUNG PUBLIC SCHOOL
Head/Principal Name: RIGZIN CHOROL","Address : CP.O. BOX NO. 81, LEH, LADAKH
Website :"
2055,"Aff. No. :3730009
Sch. Code:23552","State : LADAKH
District : LEH",Senior Secondary Level,"Name : DELHI PUBLIC SCHOOL
Head/Principal Name: SONAL PASSI MEDIRATTA","Address : MANALI ROAD, CHOGLAMSAR, NEAR ITBP, LEH LADAKH-194101
Website : www.dpsleh.com"
2056,"Aff. No. :3730010
Sch. Code:23594","State : LADAKH
District : LEH",Secondary Level,"Name : ISLAMIA PUBLIC SCHOOL LEH-LADAKH
Head/Principal Name: ALI MOHAMMAD GANAI","Address : LEH
Website : www.ipsleh.org"
2057,"Aff. No. :3730050
Sch. Code:23676","State : LADAKH
District : LEH",Secondary Level,"Name : IMAMIYA MISSION SCHOOL
Head/Principal Name: Tej Kirshan koul","Address : CHOCHUT SHAMA, LEH LADAKH- 194101.
Website : www.imamiyamission.com"
2058,"Aff. No. :3730100
Sch. Code:23708","State : LADAKH
District : LEH",Secondary Level,"Name : DRUK PADMA KARPO SCHOOL
Head/Principal Name: MINGUR ANGMO","Address : VILLAGE SHEY, LEH
Website : www.dwls.org"
2059,"Aff. No. :3730101
Sch. Code:23724","State : LADAKH
District : LEH",Secondary Level,"Name : SIDDHARHA HIGH SCHOOL STOK
Head/Principal Name: Dechen Wangmo","Address : CHOSKOR, STOK, BPO STOK
Website : https://siddharthastok.com/"
2060,"Aff. No. :3730102
Sch. Code:23738","State : LADAKH
District : LEH",Secondary Level,"Name : JAMYANG SCHOOL
Head/Principal Name: TSERING TUNDUP","Address : MURTSE COLONY, LEH LADAKH, OPP. TO NATIONAL INSTITUTE OF SOWA RIGPA
Website : www.jamyangschoolleh.org"
2061,"Aff. No. :3730103
Sch. Code:23780","State : LADAKH
District : LEH",Secondary Level,"Name : NEW MILLENNIUM CHILDREN'S SCHOOL
Head/Principal Name: Dorjee Namgyal","Address : DAMBUCHAN, NEAR AGLING, LEH , LADAKH
Website : https://www.nmcsladakh.org"
2062,"Aff. No. :3730104
Sch. Code:23784","State : LADAKH
District : LEH",Secondary Level,"Name : G. N. NATIONAL PUBLIC SCHOOL
Head/Principal Name: KUNZES DOLMA","Address : SABOOTHANG, UNION TERRITORY, LEH
Website : http://gnnps.in/Leh/default.aspx"
2063,"Aff. No. :3720121
Sch. Code:24474","State : LADAKH
District : LEH",Senior Secondary Level,"Name : GOVT HIGHER SECONDARY SCHOOL BOGDANG NUBRA
Head/Principal Name: MEPAM TSOMO","Address : LEH LADAKH , INDIA
Website : www.lehschools.in/hssbogdang"
2064,"Aff. No. :3720122
Sch. Code:24475","State : LADAKH
District : LEH",Secondary Level,"Name : GOVT. HIGH SCHOOL HANU YOKMA
Head/Principal Name: STANBA THINLES","Address : HANU, BLOCK- KHALSI
Website : www.lehschools.in/hshanuyokma"
2065,"Aff. No. :3720123
Sch. Code:24476","State : LADAKH
District : LEH",Secondary Level,"Name : GOVERNMENT HIGH SCHOOL IGOO
Head/Principal Name: Jamyang Tsering","Address : KHARU, LEH
Website : www.lehschools.in/hsigoo"
2066,"Aff. No. :3720124
Sch. Code:24477","State : LADAKH
District : LEH",Senior Secondary Level,"Name : GOVERNMENT HIGHER SECONDARY SCHOOL SKURBUCHAN
Head/Principal Name: NURZIN SALDON","Address : BLOCK KHALTSI, LEH
Website : www.hssskurbuchan.com"
2067,"Aff. No. :3720125
Sch. Code:24478","State : LADAKH
District : LEH",Secondary Level,"Name : GOVT.HIGH SCHOOL LEKIR
Head/Principal Name: Nawang Tsering","Address : LEKIR LEH LADAKH, LEKIR LEH LADAKH
Website : www.lehschools.in/hslikir"
2068,"Aff. No. :3720126
Sch. Code:24479","State : LADAKH
District : LEH",Senior Secondary Level,"Name : GOVT. GIRLS HIGHER SECONDARY SCHOOL LEH
Head/Principal Name: KUNZANG DOLMA","Address : MAIN MARKET LEH NEAR DISTT. LIBRARY, MAIN MARKET LEH NEAR DISTT. LIBRARY
Website : https://lehschools.in/girlshssleh"
2069,"Aff. No. :3720127
Sch. Code:24480","State : LADAKH
District : LEH",Senior Secondary Level,"Name : GOVERNMENT HIGH SCHOOL SHARA
Head/Principal Name: Neema Tashi","Address : BLOCK AND TEHSIL KHARU, LEH
Website : www.lehschools.in/hsshara"
2070,"Aff. No. :3720128
Sch. Code:24481","State : LADAKH
District : LEH",Senior Secondary Level,"Name : GOVERNMENT BOYS' HIGHER SECONDARY SCHOOL,LEH
Head/Principal Name: Tsering Norbu","Address : NEAR ALL INDIA RADIO STATION LEH, NEAR JIO OFFICE LEH
Website : www.lehschools.in/boyshssleh"
2071,"Aff. No. :3720129
Sch. Code:24482","State : LADAKH
District : LEH",Senior Secondary Level,"Name : HIGHER SECONDARY SCHOOL SAKTI
Head/Principal Name: Tashi Dorjay","Address : BLOCK KHARU, THESIL KHARU
Website : www.Lehschools.in/hsssakti"
2072,"Aff. No. :3720130
Sch. Code:24483","State : LADAKH
District : LEH",Secondary Level,"Name : GOVT HIGH SCHOOL STOK
Head/Principal Name: Tsering Angchuk","Address : STOK, LEH LADAKH, STOK, LEH LADAKH
Website : www.lehschools.in/hsstok"
2073,"Aff. No. :3720131
Sch. Code:24484","State : LADAKH
District : LEH",Secondary Level,"Name : GOVERNMENT HIGH SCHOOL
Head/Principal Name: Padma Dechen","Address : LEH, LADAKH
Website : www.lehschools.in/sskalzangling"
2074,"Aff. No. :3720132
Sch. Code:24485","State : LADAKH
District : LEH",Secondary Level,"Name : GOVERNMENT HIGH SCHOOL
Head/Principal Name: Mohsin Ali Khan","Address : LEH LADAKH, INDIA
Website : www.lehschools.in/hsshey"
2075,"Aff. No. :3720133
Sch. Code:24486","State : LADAKH
District : LEH",Senior Secondary Level,"Name : GOVT HIGHER SECONDARY SCHOOL CHUCHOT SHAMMA
Head/Principal Name: Yahya Khan","Address : HEMIS ROAD , CHUCHOT SHAMMA
Website : https://www.lehschools.in/hsschuchotshamma"
2076,"Aff. No. :3720134
Sch. Code:24487","State : LADAKH
District : LEH",Secondary Level,"Name : GOVERNMENT HIGH SCHOOL ACHINATHANG
Head/Principal Name: Tashi Angmo","Address : BLOOCK KHALTSI, TEHSIL KHALTSI
Website : www.lehschools.in/hsachinathang"
2077,"Aff. No. :3720135
Sch. Code:24488","State : LADAKH
District : LEH",Secondary Level,"Name : GOVERNMENT HIGH SCHOOL MATHO
Head/Principal Name: GONBO RAFTAN","Address : BPO MATHO, PO LEH DISTRICT LEH
Website : www.lehschools.in/hsmatho"
2078,"Aff. No. :3720136
Sch. Code:24489","State : LADAKH
District : LEH",Secondary Level,"Name : GOVT HIGH SCHOOL LAMAYURU
Head/Principal Name: Sonam Angchok","Address : BLOCK KHALTSI, LEH LADAKH
Website : www.lehschools.in/hslamayuru"
2079,"Aff. No. :3720137
Sch. Code:24490","State : LADAKH
District : LEH",Secondary Level,"Name : GOVERNMENT HIGH SCHOOL SATHO
Head/Principal Name: Tashi Motup","Address : SATHO KARGYAM, DIRBUK- CHANGTHANG LEH, SATHO KARGYAM, DIRBUK- CHANGTHANG LEH
Website : www.lehschools.in/hssato"
2080,"Aff. No. :3720138
Sch. Code:24491","State : LADAKH
District : LEH",Senior Secondary Level,"Name : GOVERNMENT HIGH SCHOOL, HOUSING COLONY, LEH LADAKH
Head/Principal Name: RINCHEN WANGAIL","Address : MAIN MARKET, HOUSING COLONY LEH LADAKH, OPP. COMMUNITY HALL, HOUSING COLONY
Website : www.lehschools.in/hshousingcolony"
2081,"Aff. No. :3720139
Sch. Code:24492","State : LADAKH
District : LEH",Secondary Level,"Name : GOVT HIGH SCHOOL PANAMIK NUBRA
Head/Principal Name: TASHI TUNDUP","Address : PANAMIK, PANAMIK
Website : www.lehschools.in/hspanamik"
2082,"Aff. No. :3720140
Sch. Code:24493","State : LADAKH
District : LEH",Senior Secondary Level,"Name : GOVT. HIGHER SECONDARY SCHOOL TANGTSE
Head/Principal Name: Begum Zaibun Nissa","Address : LEH LADAKH, INDIA
Website : www.lehschools.in/hsstangtse"
2083,"Aff. No. :3720141
Sch. Code:24494","State : LADAKH
District : LEH",Senior Secondary Level,"Name : GOVT. HIGHER SECONDARY SCHOOL BIAMA
Head/Principal Name: ISHEY STANZIN","Address : BLOCK - SKURBUCHAN, TEHSIL - KHALTSE, SUB-DIVISION - KHALTSE
Website : www.lehschools.in/hssbaima"
2084,"Aff. No. :3720142
Sch. Code:24495","State : LADAKH
District : LEH",Secondary Level,"Name : GOVT HIGH SCHOOL DOMKHAR GONGMA
Head/Principal Name: TSERING WANGCHUK","Address : KHALTSI , LEH LADAKH
Website : www.lehschool.in/hsdomkhar"
2085,"Aff. No. :3720143
Sch. Code:24496","State : LADAKH
District : LEH",Senior Secondary Level,"Name : GOVERNMENT HIGHER SECONDARY SCHOOL KHALTSI
Head/Principal Name: TSEWANG PALJOR","Address : FARKA OFFICE COMPLEX KHALTSI, FARKA OFFICE COMPLEX KHALTSI
Website : www.lehschools.in/hsskhalsti"
2086,"Aff. No. :3720144
Sch. Code:24497","State : LADAKH
District : LEH",Senior Secondary Level,"Name : GOVT. HIGHER SECONDARY SCHOOL DISKIT NUBRA
Head/Principal Name: RIGZIN NAMGAIL","Address : DISKET, NUBRA
Website : www.lehschools.in/hssdiskit"
2087,"Aff. No. :3720145
Sch. Code:24498","State : LADAKH
District : LEH",Senior Secondary Level,"Name : GOVT. HER.SEC SCHOOL SASPOL
Head/Principal Name: SONAM DOLKER","Address : SASPOL, SASPOL
Website : www.lehschools.in/hsssaspol"
2088,"Aff. No. :3720146
Sch. Code:24499","State : LADAKH
District : LEH",Senior Secondary Level,"Name : GOVERNMENT HIGHER SECONDARY SCHOOL PARTAPUR
Head/Principal Name: SUHAIL KHAN","Address : NUBRA, LEH LADAKH
Website : www.lehschools.in/hsspartapur"
2089,"Aff. No. :3720147
Sch. Code:24500","State : LADAKH
District : LEH",Senior Secondary Level,"Name : GOVERNMENT HIGH SCHOOL THIKSAY
Head/Principal Name: DAWA PUTIT","Address : LEH, LADAKH
Website : www.lehschools.in/hsthiksay"
2090,"Aff. No. :3720148
Sch. Code:24571","State : LADAKH
District : LEH",Senior Secondary Level,"Name : GOVT. HIGHER SECONDARY SCHOOL SUMOOR NUBRA
Head/Principal Name: Padma Yangchan","Address : UT LADAKH, VILLAGE SUMOOR NUBRA
Website : www.lehschools.in/hsssumoor"
2091,"Aff. No. :3720149
Sch. Code:24572","State : LADAKH
District : LEH",Secondary Level,"Name : GOVT HIGH SCHOOL CHUMATHANG
Head/Principal Name: TSEWANG DOLMA","Address : CHANGTHANG, RONG
Website : www.Lehschools.in/hschumathang"
2092,"Aff. No. :3720150
Sch. Code:24573","State : LADAKH
District : LEH",Secondary Level,"Name : GOVT. HIGH SCHOOL BASGO
Head/Principal Name: Rinchen Chorol","Address : HIGH SCHOOL BASGO , LEH, LADAKH, HIGH SCHOOL BASGO LEH LADAKH
Website : www.lehschools.in/hsbasgo"
2093,"Aff. No. :3720151
Sch. Code:24574","State : LADAKH
District : LEH",Secondary Level,"Name : GOVERNMENT HIGH SCHOOL ANLAY
Head/Principal Name: RIGZIN PALMO","Address : ANLAY, B.P.O NYOMA
Website : www.lehschools.in/hsanlay"
2094,"Aff. No. :3720152
Sch. Code:24575","State : LADAKH
District : LEH",Secondary Level,"Name : GOVERNMENT HIGH SCHOOL PHYANG
Head/Principal Name: padma angmo","Address : PHYANG, LEH
Website : http://www.lehschools.in"
2095,"Aff. No. :3720153
Sch. Code:24576","State : LADAKH
District : LEH",Secondary Level,"Name : GOVT HIGH SCHOOL HEMISSHUKPACHAN
Head/Principal Name: TSEWANG DORJAI","Address : BLOCK SASPOL, LEH LADAKH
Website : www.lehschools.in/hsheshuk"
2096,"Aff. No. :3720154
Sch. Code:24577","State : LADAKH
District : LEH",Secondary Level,"Name : GOVT HIGH SCHOOL GIA
Head/Principal Name: Sonam Dolma","Address : NEAR J&K BANK, NEAR GYA GONPA
Website : www.lehschools.in/hsgya"
2097,"Aff. No. :3720155
Sch. Code:24578","State : LADAKH
District : LEH",Secondary Level,"Name : GOVT.HIGH SCHOOL NIMOO
Head/Principal Name: Hussain","Address : GOVT.HIGH SCHOOL NIMOO, GOVT.HIGH SCHOOL NIMOO
Website : www.lehschools.in/hsnimoo"
2098,"Aff. No. :3720156
Sch. Code:24579","State : LADAKH
District : LEH",Senior Secondary Level,"Name : GOVIT HIGHER SECONDARY SCHOOL NYOMA
Head/Principal Name: JIKMED DORJE","Address : BLOCK NYOMA, LEH LADAKH
Website : www.lehschools.in/hssnyoma"
2099,"Aff. No. :3720157
Sch. Code:24580","State : LADAKH
District : LEH",Senior Secondary Level,"Name : GOVERNMENT SENIOR SECONDARY SCHOOL TYAKSHI
Head/Principal Name: Tundup Angmo","Address : NUBRA, LEH
Website : www.hsstyakshi.com"
2100,"Aff. No. :3720158
Sch. Code:24581","State : LADAKH
District : LEH",Secondary Level,"Name : GOVT HIGH SCHOOL CHARASA
Head/Principal Name: SONAM NGODUP","Address : TEHSIL SUMOOR NUBRA, P.O DISKIT NUBRA
Website : www.lehschools.in/hscharasa"
2101,"Aff. No. :3720159
Sch. Code:24582","State : LADAKH
District : LEH",Secondary Level,"Name : GOVERNMENT HIGH SCHOOL KORZOK PUGA
Head/Principal Name: KUNZANG DORJE","Address : CHANGTHANG, LEH
Website : https://www.lehschools.in/hskorzokpuga"
2102,"Aff. No. :3720160
Sch. Code:24583","State : LADAKH
District : LEH",Secondary Level,"Name : GOVERNMENT HIGH SCHOOL LIKTSEY
Head/Principal Name: Spalzes Dolma","Address : RONG, LIKTSEY
Website : www.lehschools.in/hsliktsey"
2103,"Aff. No. :3720161
Sch. Code:24584","State : LADAKH
District : LEH",Secondary Level,"Name : GOVT HIGH SCHOOL LARGYAP PACHATHANG
Head/Principal Name: Sonam Tsephel","Address : LARGYAP PACHATHANG NOBRA, LARGYAP PACHATHANG NOBRA UT LADAKH
Website : www.lehschools.in/hslpachathang"
2104,"Aff. No. :3720162
Sch. Code:24585","State : LADAKH
District : LEH",Secondary Level,"Name : GOVERNMENT HIGH SCHOOL LINGSHED
Head/Principal Name: SKARMA LEKSHET","Address : NEAR LINGSHED GONPA, NEAR HOSPITAL LINGSHED
Website : https://www.lehschools.in/hslingshed"
2105,"Aff. No. :3720163
Sch. Code:24586","State : LADAKH
District : LEH",Senior Secondary Level,"Name : GOVT. HIGH SCHOOL, CHUSHUL
Head/Principal Name: Mohd. Ali","Address : DURBUK, LEH, LADAKH 194101, DURBUK, LEH, LADAKH 194101
Website : www.lehschools.in/hschushul"
2106,"Aff. No. :3720164
Sch. Code:24587","State : LADAKH
District : LEH",Senior Secondary Level,"Name : GOVERNMENT HIGHER SECONDARY SCHOOL TURTUK NUBRA
Head/Principal Name: Tsewang Dolma","Address : NUBRA, LEH LADAKH
Website : www.lehschools.in/hssturtuk"
2107,"Aff. No. :3720165
Sch. Code:24588","State : LADAKH
District : LEH",Secondary Level,"Name : HIGH SCHOOL DHOMKAR DHO
Head/Principal Name: RINCHEN WANGAIL","Address : TEHSIL KHALTSI, DOMKHAR
Website : www.lehschools.in/hsdomkhardho"
2108,"Aff. No. :3720166
Sch. Code:24589","State : LADAKH
District : LEH",Senior Secondary Level,"Name : GOVT HIGH SCHOOL CHUCHOT YOKMA
Head/Principal Name: Tashi Wangyal","Address : LEH, LADAKH
Website : https://www.lehschools.in/hschuchotyokma"
2109,"Aff. No. :3720167
Sch. Code:24590","State : LADAKH
District : LEH",Secondary Level,"Name : GOVT. HIGH SCHOOL WANLA
Head/Principal Name: SONAM DOLMA","Address : LEH, UT LADAKH
Website : https://lehschools.in/hswanla"
2110,"Aff. No. :3720168
Sch. Code:24591","State : LADAKH
District : LEH",Secondary Level,"Name : HIGH SCHOOL KHARNAKLING
Head/Principal Name: JIGMET STANZIN","Address : LEH, UT LADAKH
Website : https://lehschools.in/hskharnakling/"
2111,"Aff. No. :3720169
Sch. Code:24592","State : LADAKH
District : LEH",Secondary Level,"Name : HIGH SCHOOL TIA
Head/Principal Name: TSERING ANGCHUK","Address : LEH, UT LADAKH
Website : https://lehschools.in/hstia"
2112,"Aff. No. :3720170
Sch. Code:24593","State : LADAKH
District : LEH",Senior Secondary Level,"Name : HIGHER SECONDARY SCHOOL TEMISGAM
Head/Principal Name: Sonam Yangskit","Address : KHALTSE, UT LADAKH
Website : https://lehschools.in/ghsstemisgam/"
2113,"Aff. No. :3720171
Sch. Code:24594","State : LADAKH
District : LEH",Secondary Level,"Name : GOVERNMENT HIGH SCHOOL HUNDER
Head/Principal Name: Tsering Dorjey","Address : LEH , LADAKH
Website : https://www.lehschools.in/hshunder"
2114,"Aff. No. :730010
Sch. Code:23508","State : LADAKH
District : LEH",Secondary Level,"Name : THE TIBETAN SOS CHILDRENS VILLAGE SCHOOL
Head/Principal Name: DHONDUL JIGME","Address : P O CHOGLAMSAR LEH LADAKH
Website : www.tcvschoolladakh.org"
2115,"Aff. No. :730012
Sch. Code:23511","State : LADAKH
District : LEH",Senior Secondary Level,"Name : LAMDON MODEL SCHOOL
Head/Principal Name: TSEWANG DOLMA","Address : LEH LADAKH
Website : www.lamdonschoolleh.org"
2116,"Aff. No. :3770053
Sch. Code:22557","State : LADAKH
District : LEH",Middle Class,"Name : ARMY GOODWILL SCHOOL
Head/Principal Name: SEEMA CHANDEL","Address : KHARU LEH LEDAKH, KHARU LEH LEDAKH
Website : http://karu.armygoodwillschool.in"
2117,"Aff. No. :730046
Sch. Code:23543","State : LADAKH
District : LEH",Senior Secondary Level,"Name : MAHABODHI RESD SCHOOL LEH LADAKH CHOGLAMSAR JK
Head/Principal Name: Skarma nudol","Address : PO BOX NO 22 LEH LADHAKH, CHOGLAMSAR
Website : www.mahabodhiresidentialschool.org"
2118,"Aff. No. :730047
Sch. Code:23544","State : LADAKH
District : LEH",Senior Secondary Level,"Name : LADAKH RIGJUNG PUBLIC SCHOOL
Head/Principal Name: STANZIN NORZUM","Address : CP.O. BOX NO. 81, LEH, LADAKH, JAMMU & KASHMIR
Website : www.rigjungpublicschool.com"
2119,"Aff. No. :730044
Sch. Code:23541","State : LADAKH
District : LEH",Secondary Level,"Name : MORAVIAN MISSION SCHOOL
Head/Principal Name: RACHEL DENDOL","Address : MORAVIAN CHURCH CAMPUS, PO BOX-7, LEH-194101, LADAKH
Website : http://www.dpssurat.net"
2120,"Aff. No. :740003
Sch. Code:24903","State : LADAKH
District : LEH",Senior Secondary Level,"Name : PM SHRI SCHOOL JAWAHAR NAVODAYA VIDYALAYA
Head/Principal Name: Yogendra Singh","Address : LEH LADAKH
Website : https://navodaya.gov.in/nvs/nvs-school/Ladakh/en/about_us/Ab"
2121,"Aff. No. :780018
Sch. Code:23528","State : LADAKH
District : LEH",Secondary Level,"Name : ARMY PUBLIC SCHOOL
Head/Principal Name: NAMGYAL DOLKER","Address : LEH C/O LADAKH SCOUTS PHYANG VILLANG LEH LADAKH
Website : www.apsleh.org"
2122,"Aff. No. :700028
Sch. Code:24943","State : LADAKH
District : KARGIL",Senior Secondary Level,"Name : PM SHRI KENDRIYA VIDYALAYA
Head/Principal Name: PHUNTSOG WANGIAL","Address : LEH (LADAKH)
Website : https://kargil.kvs.ac.in/"
2123,"Aff. No. :3720172
Sch. Code:24595","State : LADAKH
District : KARGIL",Senior Secondary Level,"Name : GOVT HIGHER SECONDARY SCHOOL PASHKUM
Head/Principal Name: ISHEY NAMGAIL","Address : PASHKUM, KARGIL
Website : www.hsspashkum.com"
2124,"Aff. No. :3720173
Sch. Code:23507","State : LADAKH
District : KARGIL",Senior Secondary Level,"Name : J & K SAINIK SCHOOL
Head/Principal Name: MANZOOR AHMAD NAJAR","Address : MANASBAL P O SAFAPORA , GANDERBAL, DISTT KARGIL
Website : www.jksainikschool.in"
2125,"Aff. No. :3720174
Sch. Code:24599","State : LADAKH
District : KARGIL",Secondary Level,"Name : GOVT HIGH SCHOOL APATEE
Head/Principal Name: Mohd Ali Ilmi","Address : SOUDH, NEAR COMMUNITY HALL
Website : https://www.lehschools.in/hsapati/"
2126,"Aff. No. :3730105
Sch. Code:23789","State : LADAKH
District : KARGIL",Secondary Level,"Name : MARPALING LAMDON MODEL SCHOOL
Head/Principal Name: RAJENDER KUMAR","Address : STONGDAY, ZANSKAR, LADAKH
Website : https://www.marpalingschoolzanskar.com"
2127,"Aff. No. :3770051
Sch. Code:22553","State : LADAKH
District : KARGIL",Secondary Level,"Name : ARMY GOODWILL SCHOOL HARKA BAHADUR
Head/Principal Name: QURAT UL AIN AKHTER","Address : HARDASS, KARGIL
Website : http://harkabahadur.armygoodwillschool.in"
2128,"Aff. No. :3770052
Sch. Code:22554","State : LADAKH
District : KARGIL",Middle Class,"Name : ARMY GOODWILL SCHOOL
Head/Principal Name: MOHD ABASS","Address : FARONA, SANKOO
Website : www.farona.armygoodwillschool.in"
2129,"Aff. No. :3720177
Sch. Code:24609","State : LADAKH
District : KARGIL",Secondary Level,"Name : GOVT HIGH SCHOOL FAROONA
Head/Principal Name: Mohd Issa","Address : FAROONA SANKOO, FARROONA SANKOO NEAR AGS SCHOOL, FAROONA NEAR AGS SCHOOL
Website : www.hsfaroona.com"
2130,"Aff. No. :3720178
Sch. Code:24611","State : LADAKH
District : KARGIL",Secondary Level,"Name : GOVT MODEL MIDDLE SCHOOL BIATHANG
Head/Principal Name: GULZAR ALI","Address : BIATHANG , SHILIKCHEY, KARGIL
Website : https://govtmodalmiddleschoolbiathang.netlify.app/"
2131,"Aff. No. :3720179
Sch. Code:24613","State : LADAKH
District : KARGIL",Secondary Level,"Name : GOVT HIGH SCHOOL CHOKIYAL
Head/Principal Name: Mohd Ismail","Address : CHOKIYAL, DRASS, KARGIL
Website : https://sites.google.com/view/govthschowkiyal/home"
2132,"Aff. No. :3720118
Sch. Code:24471","State : LADAKH
District : KARGIL",Secondary Level,"Name : GOVT HIGH SCHOOL TUNGRI
Head/Principal Name: TASHI GURMATH","Address : KARSHA, ZANSKAR 194302
Website : www.hstungrizanskar@gmail.com"
2133,"Aff. No. :3720119
Sch. Code:24472","State : LADAKH
District : KARGIL",Secondary Level,"Name : GOVT HIGH SCHOOL ICHER
Head/Principal Name: TASHI DAWA","Address : LUNGNAK, ZANSKAR
Website : www.kargilschools.in/hsicher"
2134,"Aff. No. :3720120
Sch. Code:24473","State : LADAKH
District : KARGIL",Secondary Level,"Name : GOVT HIGH SCHOOL KARSHA
Head/Principal Name: RIGZIN SAMPHEL","Address : PADUM, ZANSKAR
Website : www.kargilschools.in/hskarsha"
2135,"Aff. No. :3720051
Sch. Code:24404","State : LADAKH
District : KARGIL",Senior Secondary Level,"Name : GOVT.HIGHER SECONDARY SCHOOL TRESPONE
Head/Principal Name: Sajjad Hussain","Address : KARGIL, TRESPONE
Website : www.kargilschools.in/hsstrespone.php."
2136,"Aff. No. :3720052
Sch. Code:24405","State : LADAKH
District : KARGIL",Senior Secondary Level,"Name : GOVERNMENT HIGHER SECONDARY SCHOOL DRASS
Head/Principal Name: SAFOORA BANOO","Address : DISTRICT KARGIL, UT LADAKH
Website : www.kargilschools.in/hssdrass"
2137,"Aff. No. :3720053
Sch. Code:24406","State : LADAKH
District : KARGIL",Senior Secondary Level,"Name : GOVERNMENT HIGHER SECONDARY SCHOOL SHARGOLE
Head/Principal Name: MOHMAD","Address : SHAQMA, SHARGOLE, KARGIL
Website : www.hss-shargole.in"
2138,"Aff. No. :3720054
Sch. Code:24407","State : LADAKH
District : KARGIL",Senior Secondary Level,"Name : GOVERNMENT HIGHER SECONDARY SCHOOL PANIKHAR
Head/Principal Name: MUKHTAR HUSSAIN","Address : TEHSIL-TAISURU, SUB-DIVISION-SANKOO
Website : http://www.hsspanikhar.in"
2139,"Aff. No. :3720055
Sch. Code:24408","State : LADAKH
District : KARGIL",Secondary Level,"Name : GOVERNMENT HIGH SCHOOL THASGAM DRASS
Head/Principal Name: Akbar Ali","Address : KARGIL , DRASS
Website : www.govthighschoolthasgamdrass.in"
2140,"Aff. No. :3720056
Sch. Code:24409","State : LADAKH
District : KARGIL",Secondary Level,"Name : GOVT.GIRLS HIGH SCHOOL
Head/Principal Name: Mohd Ali","Address : PRANTEE, TAISURU
Website : www.ghspanikhar.in"
2141,"Aff. No. :3720057
Sch. Code:24410","State : LADAKH
District : KARGIL",Senior Secondary Level,"Name : GOVERNMENT HIGHER SECONDARY SCHOOL BHIMBET
Head/Principal Name: Tashi Gyaltson","Address : BHIMBET, BHIMBET
Website : www.ghssbhimbat.com"
2142,"Aff. No. :3720058
Sch. Code:24411","State : LADAKH
District : KARGIL",Secondary Level,"Name : GOVT. HIGH SCHOOL GARKONE
Head/Principal Name: MOHD ALI","Address : GARKONE KARGIL LADAKH, GARKONE KARGIL LADAKH
Website : https://kargilschools.in/hsgarkone"
2143,"Aff. No. :3720059
Sch. Code:24412","State : LADAKH
District : KARGIL",Senior Secondary Level,"Name : GOVERNMENT GIRLS HIGHER SECONDARY SCHOOL KARGIL
Head/Principal Name: Kaneez Fatima","Address : NEAR DISTRICT HOSPITAL KARGIL, NEAR DISTRICT HOSPITAL KARGIL
Website : www.kargilschools.in/ghssgirlskargil"
2144,"Aff. No. :3720060
Sch. Code:24413","State : LADAKH
District : KARGIL",Secondary Level,"Name : GOVT. HIGH SCHOOL KARGEE
Head/Principal Name: Shamima Akhtar","Address : TEHSIL TAISURU, ON THE BANK OF SURU RIVER
Website : www.kargilschools.in/hskargee"
2145,"Aff. No. :3720061
Sch. Code:24414","State : LADAKH
District : KARGIL",Secondary Level,"Name : GOVT. HIGH SCHOOL LALUNG
Head/Principal Name: Wazir Mohd Hanifa","Address : LALUNG KARGIL, LALUNG KARGIL
Website : https://www.kargilschools.in/hslalung"
2146,"Aff. No. :3720062
Sch. Code:24415","State : LADAKH
District : KARGIL",Secondary Level,"Name : GOVERMENT HIGH SCHOOL MUSHKOO
Head/Principal Name: DAULAT ALI","Address : MUSHKOO DRASS KARGIL LADAKH, MUSHKOO DRASS KARGIL LADAKH
Website : www.kargilschool.in/hsmushko"
2147,"Aff. No. :3720063
Sch. Code:24416","State : LADAKH
District : KARGIL",Senior Secondary Level,"Name : GOVERNMENT HIGHER SECONDARY SCHOOL BARSOO KARGIL
Head/Principal Name: SADIQ ALI","Address : SANKOO KARGIL , BARSOO KARGIL
Website : www.kargilschools.in/hssbarsoo"
2148,"Aff. No. :3720064
Sch. Code:24417","State : LADAKH
District : KARGIL",Secondary Level,"Name : GOVERNMENT HIGH SCHOOL GOMA KARGIL
Head/Principal Name: ZARINA BATOOL","Address : KARGIL, LADAKH
Website : www.karegilschools.in/hsgomakargil"
2149,"Aff. No. :3720065
Sch. Code:24418","State : LADAKH
District : KARGIL",Secondary Level,"Name : GOVT HIGH SCHOOL HARDASS
Head/Principal Name: GANSHYAM SINGH","Address : HARDASS KARGIL, HARDASS KARGIL LADAKH
Website : http://www.kargilschools.in/hshardas"
2150,"Aff. No. :3720066
Sch. Code:24419","State : LADAKH
District : KARGIL",Senior Secondary Level,"Name : GOVT HIGHER SECONDRY SCHOOL CHOSKORE
Head/Principal Name: Sabiha Saif","Address : KARGIL, LADAKH
Website : http://www.kargilachools.in/hsschoskor"
2151,"Aff. No. :3720067
Sch. Code:24420","State : LADAKH
District : KARGIL",Senior Secondary Level,"Name : HR. SEC. SCHOOL YOURBALTAK
Head/Principal Name: Zaikia Bano","Address : SODH, KARGUL
Website : http://www.kargilschool.in/hssyourbaltak"
2152,"Aff. No. :3720068
Sch. Code:24421","State : LADAKH
District : KARGIL",Secondary Level,"Name : GOVT. GIRLS HIGH SCHOOL PASHKUM
Head/Principal Name: GH. MOHD","Address : PASHKUM, KARGIL
Website : www.kargilschools.in/ghspushkum"
2153,"Aff. No. :3720069
Sch. Code:24422","State : LADAKH
District : KARGIL",Senior Secondary Level,"Name : GOVT. HIGH SCHOOL POYEN
Head/Principal Name: ASHRAF ALI","Address : KARGIL, KARGIL LADAKH
Website : www.pmshrihsspoyen.in"
2154,"Aff. No. :3720070
Sch. Code:24423","State : LADAKH
District : KARGIL",Secondary Level,"Name : GOVT HIGH SCHOOL YOUKMA KHARBOO
Head/Principal Name: Mohd Ishaq","Address : YOUKMA KHARBOO CHIKTAN KARGIL, YOUKMA KHARBOO CHIKTAN KARGIL
Website : https://www.kargilschools.in/hsykharboo"
2155,"Aff. No. :3720071
Sch. Code:24424","State : LADAKH
District : KARGIL",Secondary Level,"Name : GOVT. HIGH SCHOOL TAMBIS
Head/Principal Name: AKHTAR HUSSIAN","Address : TAMBIS TSG KARGIL, TAMBIS TSG KARGIL
Website : https://www.kargilschools.in/hstambis"
2156,"Aff. No. :3720072
Sch. Code:24425","State : LADAKH
District : KARGIL",Secondary Level,"Name : GOVT HIGH SCHOOL SHIMSHA KHARBOO (DRASS))
Head/Principal Name: MOHD SALEEM","Address : TEHSIL-DRASS, DISTRICT -KARGIL
Website : http://ghsshimshakharboo.com"
2157,"Aff. No. :3720073
Sch. Code:24426","State : LADAKH
District : KARGIL",Secondary Level,"Name : GOVT HIGH SCHOOL KARKIT BUDGAM
Head/Principal Name: Mohd Ibrahim","Address : KARKIT BUDGAM, KARGIL
Website : www.ghskarkitbudgam.com"
2158,"Aff. No. :3720074
Sch. Code:24427","State : LADAKH
District : KARGIL",Secondary Level,"Name : GOVT. HIGH SCHOOL SAPI
Head/Principal Name: GULZAR ALI WAZIR","Address : KARGIL, KARGIL
Website : http://www.kargilschool.in/hssapi"
2159,"Aff. No. :3720075
Sch. Code:24428","State : LADAKH
District : KARGIL",Secondary Level,"Name : GOVERNMENT HIGH SCHOOL CHULICHAN
Head/Principal Name: Mohd Hussain","Address : TEHSIL KARGIL, LADAKH
Website : https://www.kargilschools.in/hschulichan"
2160,"Aff. No. :3720076
Sch. Code:24429","State : LADAKH
District : KARGIL",Senior Secondary Level,"Name : GOVERNMENT HIGHER SECONDARY SCHOOL CHANIGOUND
Head/Principal Name: TUNDUP NAMGAIL","Address : CHANIGOUND, KARGIL
Website : http://www.kargilachools.in/hsschanigound"
2161,"Aff. No. :3720077
Sch. Code:24430","State : LADAKH
District : KARGIL",Senior Secondary Level,"Name : HIGH SCHOOL SANGRAH
Head/Principal Name: Hamid Khan","Address : SANGRAH, SANKOO
Website : www.kargilschools.in/hssangrah"
2162,"Aff. No. :3720078
Sch. Code:24431","State : LADAKH
District : KARGIL",Secondary Level,"Name : GOVT HIGH SCHOOL YOULJUK
Head/Principal Name: ANAWAR HUSSAIN","Address : TAISURU KARGIL, KARGIL LADAKH PIN 194301
Website : www.kargilschools.in/hsyouljuk"
2163,"Aff. No. :3720079
Sch. Code:24432","State : LADAKH
District : KARGIL",Secondary Level,"Name : GOVT HIGH SCHOOL BAROO
Head/Principal Name: MOHD KAZIM","Address : BAROO MAIN, BAROO CAPITAL
Website : http://www.kargilachools.in/hsbaroo.com"
2164,"Aff. No. :3720080
Sch. Code:24433","State : LADAKH
District : KARGIL",Secondary Level,"Name : GOVT HIGH SCHOOL BODHKHARBOO
Head/Principal Name: TSERING DOLKAR","Address : CHIKTAN KARGIL, UT LADAKH KARGIL
Website : www.kargilschools.in/hsbodhkharboo"
2165,"Aff. No. :3720081
Sch. Code:24434","State : LADAKH
District : KARGIL",Secondary Level,"Name : GOVT HIGH SCHOOL PARKACHIK
Head/Principal Name: MOHD HASSAN","Address : PARKACHIK, PARKACHIK
Website : http://www.kargilschools.in/hsparkachik"
2166,"Aff. No. :3720082
Sch. Code:24435","State : LADAKH
District : KARGIL",Secondary Level,"Name : GOVT.HIGH SCHOOL KAKSAR
Head/Principal Name: NISSAR HUSSAIN","Address : KARGIL, LADAKH
Website : http://www.Kargilachools.in/hskaksar"
2167,"Aff. No. :3720083
Sch. Code:24436","State : LADAKH
District : KARGIL",Senior Secondary Level,"Name : HIGHER SECONDARY SCHOOL CHIKTAN
Head/Principal Name: Tsering Mutup","Address : KARGIL, LADAKH
Website : www.kargilschools.in/hsschiktan"
2168,"Aff. No. :3720084
Sch. Code:24437","State : LADAKH
District : KARGIL",Secondary Level,"Name : GOVT HIGH SCHOOL BARTOO
Head/Principal Name: MUMTAZ HUSSAIN","Address : BRTOO BRSOO, BARTOO BARSO SANKOO
Website : http://www.kargilschool.inhsbarto"
2169,"Aff. No. :3720085
Sch. Code:24438","State : LADAKH
District : KARGIL",Secondary Level,"Name : GOVERNMENT HIGH SCHOOL PANDRASS
Head/Principal Name: Hamida Banoo","Address : DRASS, KARGIL LADAKH
Website : http://www.kargilschools.in/hspandrass"
2170,"Aff. No. :3720086
Sch. Code:24439","State : LADAKH
District : KARGIL",Secondary Level,"Name : HIGH SCHOOL THASGAM SANKOO
Head/Principal Name: Mohd Jaffar","Address : SANKOO, KARGIL
Website : www.kargilschools.in/hsthusgam"
2171,"Aff. No. :3720087
Sch. Code:24440","State : LADAKH
District : KARGIL",Secondary Level,"Name : GOVT HIGH SCHOOL SKAMBOO
Head/Principal Name: Fida Ali","Address : SHARGOLE, NEAR MAKTAB-E-IMAM HUSSAIN SKAMBOO
Website : www.kargilschools.in/hsskambo"
2172,"Aff. No. :3720088
Sch. Code:24441","State : LADAKH
District : KARGIL",Senior Secondary Level,"Name : GOVERNMENT ASHRM HIGHER SECONDARY SCHOOL SANKOO
Head/Principal Name: Tashi Dorjay","Address : THANGDUMBUR SANKOO, KARGIL
Website : http://www.kargilschools.in/hsssankoo"
2173,"Aff. No. :3720089
Sch. Code:24442","State : LADAKH
District : KARGIL",Senior Secondary Level,"Name : GOVT. HIGHER SECONDARY SCHOOL LANKERCHY
Head/Principal Name: Rinchen Angmo","Address : LANKERCHY SANKOO KARGIL, LANKERCHY SANKOO KARGIL
Website : www.hsslankerchay.com"
2174,"Aff. No. :3720090
Sch. Code:24443","State : LADAKH
District : KARGIL",Senior Secondary Level,"Name : GOVT GIRLS HIGH SCHOOL GMPORE
Head/Principal Name: Tsoltim Zangmo","Address : TEHSIL-SANKOO, KARGIL
Website : https://www.ladakhschools.in/ghssgmpore"
2175,"Aff. No. :3720091
Sch. Code:24444","State : LADAKH
District : KARGIL",Secondary Level,"Name : GOVT HIGH SCHOOL LOTSUM
Head/Principal Name: ABDUL HAMID","Address : TEHSIL SHARGOLE, KARGIL LADAKH
Website : https://www.kargilschools.in/hslotsum"
2176,"Aff. No. :3720092
Sch. Code:24445","State : LADAKH
District : KARGIL",Senior Secondary Level,"Name : GOVT HIGH SCHOOL MINJEE
Head/Principal Name: NAZ PARVEEN","Address : NEAR NH-301, KARGIL
Website : https://www.pmshrihsminjee.com/"
2177,"Aff. No. :3720093
Sch. Code:24446","State : LADAKH
District : KARGIL",Secondary Level,"Name : GOVT. HIGH SCHOOL TACHA
Head/Principal Name: Skarma Junglay","Address : LOTSUM, KARGIL
Website : http://www.kargilschools.in/hstacha"
2178,"Aff. No. :3720094
Sch. Code:24447","State : LADAKH
District : KARGIL",Senior Secondary Level,"Name : GOVT HIGH SCHOOL SALISKOTE
Head/Principal Name: mohd abdullah","Address : MIR THANG SALISKOTE , SALISKOTE KARGIL
Website : www.hsssaliskote.com"
2179,"Aff. No. :3720095
Sch. Code:24448","State : LADAKH
District : KARGIL",Senior Secondary Level,"Name : GOVERNMENT HIGHER SECONDARY SCHOOL AKCHAMAL
Head/Principal Name: AJAZ AHMAD","Address : KARGIL, KARGIL
Website : www.kargilschools.in/hssakchamal"
2180,"Aff. No. :3720096
Sch. Code:24449","State : LADAKH
District : KARGIL",Secondary Level,"Name : GOVT HS HAGNIS
Head/Principal Name: Mohd Ishaq","Address : HAGNIS CHIKTAN KARGIL, HAGNIS CHIKTAN KARGIL
Website : www.kargilschools.in/hshagnis"
2181,"Aff. No. :3720097
Sch. Code:24450","State : LADAKH
District : KARGIL",Secondary Level,"Name : GOVT. HIGH SCHOOL KHACHEY
Head/Principal Name: Tsering Dolker","Address : BLOCK- SHARGOLE, KARGIL
Website : www.kargilschools.in/hskhachey"
2182,"Aff. No. :3720098
Sch. Code:24451","State : LADAKH
District : KARGIL",Secondary Level,"Name : GOVT. HIGH SCHOOL TAIKAT
Head/Principal Name: MOHD JAWAD","Address : HEADMASTER GOVT. HIGH SCHOOL TAIKAT, HEADMASTER GOVT. HIGH SCHOOL TAIKAT
Website : http://www.kargilschools.in/hstiket"
2183,"Aff. No. :3720099
Sch. Code:24452","State : LADAKH
District : KARGIL",Senior Secondary Level,"Name : GOVT.HIGHER SECONDARY SCHOOL BIAMA
Head/Principal Name: Kacho Hassan Khan","Address : BIAMA PURTIKCHEY TAISURU KARGIL, BIAMA PURTIKCHEY TAISURU KARGIL
Website : https://www.kargilschools.in/hssbaima"
2184,"Aff. No. :3720100
Sch. Code:24453","State : LADAKH
District : KARGIL",Secondary Level,"Name : GOVT HIGH SCHOOL MURADBAGH DRASS
Head/Principal Name: Arif Abdullah","Address : MURADBAGH DRASS, MURADBAGH DRASS
Website : http://www.govthssmuradbagh.in"
2185,"Aff. No. :3720101
Sch. Code:24454","State : LADAKH
District : KARGIL",Secondary Level,"Name : GOVT HIGH SCHOOL WAKHA
Head/Principal Name: Mohd Nissar","Address : BLOCK SHARGOLE, TEHSIL SHARGOLE
Website : https://www.kargilschools.in/hswakha"
2186,"Aff. No. :3720102
Sch. Code:24455","State : LADAKH
District : KARGIL",Senior Secondary Level,"Name : GOVT BOYS HIGHER SECONDARY SCHOOL KARGIL
Head/Principal Name: TSEWANG DORJEY","Address : BAROO KARGIL LADAKH, BAROO KARGIL LADAKH
Website : https://www.kargilschools.in/bhssbaroo"
2187,"Aff. No. :3720103
Sch. Code:24456","State : LADAKH
District : KARGIL",Secondary Level,"Name : GOVT HIGH SCHOOL KUKSHOW
Head/Principal Name: Jigmet Stanzin","Address : BLOCK CHIKTAN, TEHSIL CHIKTAN
Website : http://www.kargilschools.in/hskukshow"
2188,"Aff. No. :3720104
Sch. Code:24457","State : LADAKH
District : KARGIL",Senior Secondary Level,"Name : GOVERNMENT HIGHER SECONDARY SCHOOL SILMOO
Head/Principal Name: Khurshid Ahmad","Address : BLOCK SODH, TEHSIL KARGIL
Website : www.kargilschools.in/hsssilmo"
2189,"Aff. No. :3720105
Sch. Code:24458","State : LADAKH
District : KARGIL",Secondary Level,"Name : GOVT GIRLS HIGH SCHOOL SANKOO
Head/Principal Name: Sajjad Hussain","Address : BLOCK SANKOO, TEHSIL SANKOO
Website : https://www.kargilschools.in/ghssankoo"
2190,"Aff. No. :3720106
Sch. Code:24459","State : LADAKH
District : KARGIL",Secondary Level,"Name : GOVT MODEL HIGH SCHOOL LANKORE
Head/Principal Name: BADRUN NISSA","Address : LANKORE KARGIL LADAKH, LANKORE KARGIL LADAKH
Website : www.kargilschools.in/hslankore"
2191,"Aff. No. :3720107
Sch. Code:24460","State : LADAKH
District : KARGIL",Secondary Level,"Name : GOVT. HIGH SCHOOL TANGOLE
Head/Principal Name: Manzoor Ahmad","Address : TANGOLE, BLOCK TAISURU
Website : www.kargilschools.in/hstangole"
2192,"Aff. No. :3720108
Sch. Code:24461","State : LADAKH
District : KARGIL",Senior Secondary Level,"Name : GOVT. HIGHER SECONDARY SCHOOL PADUM ZANSKAR
Head/Principal Name: RINCHIN WANGBOO","Address : PADUM ZANSKAR KARGIL, PADUM ZANSKAR KARGIL
Website : www.kargilschools.in/hsspadum"
2193,"Aff. No. :3720109
Sch. Code:24462","State : LADAKH
District : KARGIL",Senior Secondary Level,"Name : GOVT. HIGHER SECONDARY SCHOOL SHAKAR KARGIL LADAKH
Head/Principal Name: Zakir Hussain","Address : SHAKAR NEAR SBI BANK SHAKAR, SHAKAR NEAR SBI BANK SHAKAR
Website : www.kargilschools.in/hssshakar"
2194,"Aff. No. :3720110
Sch. Code:24463","State : LADAKH
District : KARGIL",Secondary Level,"Name : GOVT HIGH SCHOOL SAMRAH
Head/Principal Name: SYED HADI","Address : SAMRAH, SHAKAR CHIKTAN
Website : www.kargilschools.in/hssamrah"
2195,"Aff. No. :3720111
Sch. Code:24464","State : LADAKH
District : KARGIL",Secondary Level,"Name : GOVT HIGH SCHOOL MULBEK
Head/Principal Name: MOHD ISMAIL","Address : MULBEK SHARGOLE KARGIL, MULBEK SHARGOLE KARGIL
Website : www.kargilschools.in/hsmujlbek"
2196,"Aff. No. :3720112
Sch. Code:24465","State : LADAKH
District : KARGIL",Secondary Level,"Name : GOVT HIGH SCHOOL YAKZA
Head/Principal Name: Mohd Afzal","Address : BLOCK SANKOO, TEHSIL SANKOO
Website : https://www.kargilschools.in/hsyakza"
2197,"Aff. No. :3720113
Sch. Code:24466","State : LADAKH
District : KARGIL",Senior Secondary Level,"Name : GOVT HIGHER SECONDARY SCHOOL KHANGRAL
Head/Principal Name: Diskit Dolma","Address : BLOCK CHIKTAN, TEHSIL CHIKTAN
Website : https://www.kargilschools.in/hsskhangral"
2198,"Aff. No. :3720114
Sch. Code:24467","State : LADAKH
District : KARGIL",Secondary Level,"Name : GOVERNMENT HIGH SCHOOL ZANGLA
Head/Principal Name: Tsering Chonzom","Address : ZANSKAR, KARGIL
Website : www.kargilschools.in/hszangla"
2199,"Aff. No. :3720115
Sch. Code:24468","State : LADAKH
District : KARGIL",Senior Secondary Level,"Name : GOVT HIGH SECONDARY SCHOOL PHAY
Head/Principal Name: SYED KAMAL UD DIN","Address : KARSHA, ZANSKAR
Website : www.kargilschools.in/hssphey"
2200,"Aff. No. :3720116
Sch. Code:24469","State : LADAKH
District : KARGIL",Secondary Level,"Name : GOVT HIGH SCHOOL THANGSOO
Head/Principal Name: stanzin chosgyal","Address : LUNGNAKH, ZANSKAR
Website : www.kargilschools.in/hsthangso"
2201,"Aff. No. :740013
Sch. Code:24910","State : LADAKH
District : KARGIL",Senior Secondary Level,"Name : PM SHRI SCHOOL JAWAHAR NAVODAYA VIDYALAYA SANKOO
Head/Principal Name: RAJ KUMAR","Address : KARGIL V P O SANKOO TEH &DISTT KARGIL
Website : https://navodaya.gov.in/nvs/nvs-school/KARGIL/en/h"
