sno,aff_no_school_code,state_district,school_head_name,address,website
1,"Aff. No. :1000084
Sch. Code:54145","State : MADHYA PRADESH
District : BARWANI",Senior Secondary Level,"Name : PM SHRI KENDRIYA VIDYALAYA
Head/Principal Name: KUNDAN RATHOD","Address : BARWANI, MODEL SCHOOL CAMPUS, BARWANI, MADHYA PRADESH
Website : https://badwani.kvs.ac.in"
2,"Aff. No. :1020002
Sch. Code:52003","State : MADHYA PRADESH
District : BARWANI",Senior Secondary Level,"Name : EKLAVYA MODEL RESIDENTIAL SCHOOL
Head/Principal Name: PRAMOD KUMAR GUPTA","Address : TEHSIL BARBANI DISTT BARBANI MP
Website : www.emrsbarwani.org.in"
3,"Aff. No. :1020023
Sch. Code:52023","State : MADHYA PRADESH
District : BARWANI",Senior Secondary Level,"Name : EKLAVYA MODEL RESIDENTIAL SCHOOL
Head/Principal Name: AJIT KUMAR","Address : SENDHWA (JAMALI) BLOCK-SENDHWA, DIST. BARWANI, MADHYA PRADESH-451 666
Website : https://emrssendhwa.org.in/"
4,"Aff. No. :1020040
Sch. Code:52084","State : MADHYA PRADESH
District : BARWANI",Senior Secondary Level,"Name : KANYA SHIKSHA PARISAR SENDHWA
Head/Principal Name: MUKESH MORE","Address : NEAR POLYTECHNIC COLLEGE AT AB ROAD MADGOAN SENDHWA SENDHWA MADHYA PRADESH ,BADWANI
Website : www.kspsendhwa.com"
5,"Aff. No. :1020041
Sch. Code:52073","State : MADHYA PRADESH
District : BARWANI",Senior Secondary Level,"Name : GOVT KANYA SHIKSHA PARISAR PANSEMAL
Head/Principal Name: SANTOSH PAWAR","Address : pansemal teh pansemal dist barwani pansemal madhya pradesh ,badwani , 451666
Website : www.ksppansemal.in"
6,"Aff. No. :1020044
Sch. Code:52047","State : MADHYA PRADESH
District : BARWANI",Senior Secondary Level,"Name : EKLAVYA MODEL RESIDENTIAL SCHOOL RAJPUR
Head/Principal Name: MUKHTAR ALAM","Address : RAJPUR DIST. BADWANI MP PIN 451447
Website : www.emrsrajpur.com"
7,"Aff. No. :1020052
Sch. Code:52041","State : MADHYA PRADESH
District : BARWANI",Senior Secondary Level,"Name : EKLAVYA MODEL RESIDENTIAL SCHOOL NIWALI
Head/Principal Name: ANKUR CHATURVEDI","Address : NIWALI TEH NIWALI DIST BARWANI 451770
Website : www.emrsniwali.com"
8,"Aff. No. :1020068
Sch. Code:52056","State : MADHYA PRADESH
District : BARWANI",Senior Secondary Level,"Name : GOVT. EKLAVYA MODEL RESIDENTIAL SCHOOL PATI
Head/Principal Name: RAVIKISHORE SHARMA","Address : GRAM BUDI PATI
Website : www.emrspati.org.in"
9,"Aff. No. :1020101
Sch. Code:52111","State : MADHYA PRADESH
District : BARWANI",Senior Secondary Level,"Name : GOVT KANYA SHIKSHA PARISAR BARWANI
Head/Principal Name: Mukesh Kumar Pawar","Address : CHUNA BHATTI BARWANI DIST BARWANI MP 451551
Website : www.barwaniksp.in"
10,"Aff. No. :1020182
Sch. Code:52192","State : MADHYA PRADESH
District : BARWANI",Senior Secondary Level,"Name : GOVT KANYA SHIKSHA PARISAR THIKRI
Head/Principal Name: Suresh Kumar Satpute","Address : VILLAGE BARSALAY , POST BARUFATAK, BARUFATAK
Website : www.thikriksp.in"
11,"Aff. No. :1030190
Sch. Code:50167","State : MADHYA PRADESH
District : BARWANI",Senior Secondary Level,"Name : SENDHWA PUBLIC SCHOOL
Head/Principal Name: Rajkumar Ajmera","Address : SHIV COLONY NIVOLI ROAD SENDHWA DISTT BADWANI MADHYA PRADESH 451666
Website : www.sendhwapublicschool.com"
12,"Aff. No. :1030260
Sch. Code:50236","State : MADHYA PRADESH
District : BARWANI",Senior Secondary Level,"Name : RAGHUWANSH PUBLIC SCHOOL
Head/Principal Name: S K SINGH","Address : NEAR SARASWATI COLONY SENDHWA DISTT BARWANI MADHYA PRADESH
Website : www.raghuwanshschool.in"
13,"Aff. No. :1030265
Sch. Code:50295","State : MADHYA PRADESH
District : BARWANI",Senior Secondary Level,"Name : PARAMOUNT ACADEMY
Head/Principal Name: SHARAD SHARMA","Address : BADWANI SILWAD ROAD DISTT BADWANI, MADHYA PRADESH
Website : https://paramountbarwani.com"
14,"Aff. No. :1030309
Sch. Code:50275","State : MADHYA PRADESH
District : BARWANI",Senior Secondary Level,"Name : LIONS CONVENT HIGHER SECONDARY SCHOOL
Head/Principal Name: Ashuvendra Singh Rajput","Address : NEAR CHOTI BIRASEN AGRA BOMBAY ROAD SENDHWA BADWANI MADHYA PRADESH
Website : www.lionsconventsendhwa.org"
15,"Aff. No. :1030319
Sch. Code:50285","State : MADHYA PRADESH
District : BARWANI",Senior Secondary Level,"Name : ST. MARY'S ENGLISH MEDIUM SCHOOL
Head/Principal Name: F. Hepsiba","Address : ANNAD NAGAR, DISTT BADWANI, MADHYA PRADESH
Website : https://stmaryphjcbarwani.in/"
16,"Aff. No. :1030324
Sch. Code:50289","State : MADHYA PRADESH
District : BARWANI",Senior Secondary Level,"Name : PARAMOUNT ACADEMY
Head/Principal Name: NISHA PATIDAR","Address : BARWANI ROAD, THIKRI, DISTT BADWANI, MADHYA PRADESH
Website :"
17,"Aff. No. :1030357
Sch. Code:50323","State : MADHYA PRADESH
District : BARWANI",Senior Secondary Level,"Name : ANJAD PUBLIC HIGHER SECONDARY SCHOOL
Head/Principal Name: VIJAY TAMBOLI","Address : THIKARI ROAD, ANJAR, DISTT BADWANI, MADHYA PRADESH
Website : www.anjadpublicschool.com"
18,"Aff. No. :1030487
Sch. Code:50452","State : MADHYA PRADESH
District : BARWANI",Senior Secondary Level,"Name : ST. AUGUSTINES E. M. SCHOOL
Head/Principal Name: MINIMOLPP","Address : SENDHWA, BADWANI, 451666
Website : www.augustineshss.org"
19,"Aff. No. :1030545
Sch. Code:50509","State : MADHYA PRADESH
District : BARWANI",Senior Secondary Level,"Name : PRIME ACADEMY
Head/Principal Name: Prakash Zhalne","Address : BADWANI ROAD,RAJPUR
Website : www.primeacademyrajpur.in"
20,"Aff. No. :1030564
Sch. Code:50531","State : MADHYA PRADESH
District : BARWANI",Senior Secondary Level,"Name : GURUKUL- THE REAL ENGLISH MEDIUM SCHOOL
Head/Principal Name: RAVINDRA MANOHAR KULKARNI","Address : NEWALI ROAD, SENDHWA
Website : www.gurukulsendhwa.org"
21,"Aff. No. :1030567
Sch. Code:50535","State : MADHYA PRADESH
District : BARWANI",Senior Secondary Level,"Name : GURUKUL PUBLIC HIGH SCHOOL
Head/Principal Name: MOHIT BHAWSAR","Address : NR.BOYS HR.SEC.SCHOOL KHETIA, PANSEMAL BARWANI MP
Website : www.gurukulkhetiya.org.in"
22,"Aff. No. :1030829
Sch. Code:50794","State : MADHYA PRADESH
District : BARWANI",Senior Secondary Level,"Name : THE ANGLO INTERNATIONAL SCHOOL
Head/Principal Name: YOGITA VYAS","Address : THE ANGLO INTERNATIONAL SCHOOL, OPP. GRAMIN POLICE THANA, BARDWARI ROAD, SENDHWA
Website : www.anglossendhwa.com"
23,"Aff. No. :1030942
Sch. Code:50906","State : MADHYA PRADESH
District : BARWANI",Senior Secondary Level,"Name : RUKMANI ACADEMY
Head/Principal Name: DEEPENDRA SINGH","Address : NEAR MAA NARMADA VIHAR, KUKSHI MANAWAR BYPASS ROAD, BARWANI
Website : http://rukmanigroupkgn.org/BARWANI/"
24,"Aff. No. :1030974
Sch. Code:50930","State : MADHYA PRADESH
District : BARWANI",Senior Secondary Level,"Name : SAKET INTERNATIONAL SCHOOL
Head/Principal Name: NILESH PATIDAR","Address : BARWANI ROAD, ANJAD
Website : www.saketinternational.com"
25,"Aff. No. :1031108
Sch. Code:51081","State : MADHYA PRADESH
District : BARWANI",Senior Secondary Level,"Name : LOTUS VALLEY SCHOOL
Head/Principal Name: ABHISHEK KANUNGO","Address : JULWANIA ROAD, OZAR TEH. RAJPUR DIST. BARWANI (MP)451449
Website : www.lotusvalley.in"
26,"Aff. No. :1031154
Sch. Code:51129","State : MADHYA PRADESH
District : BARWANI",Secondary Level,"Name : SAI ACADEMY
Head/Principal Name: BILAL NAZIRWAR","Address : POWER HOUSE KE PASS, RANGAON DAWANA, TEHSIL THIKRI, DISTRICT BARWANI
Website : https://www.dawanasaiacademy.in"
27,"Aff. No. :1031156
Sch. Code:51127","State : MADHYA PRADESH
District : BARWANI",Senior Secondary Level,"Name : VIDYAKUNJ INTERNATIONAL SCHOOL
Head/Principal Name: SHITAL SARAF","Address : GRAM BANIHAR TEH.SENDHWA,DIST. BARWANI M.P.
Website : www.vidhyakunjsendhwa1.org.in"
28,"Aff. No. :1031174
Sch. Code:51149","State : MADHYA PRADESH
District : BARWANI",Senior Secondary Level,"Name : AGRAWAL PUBLIC SCHOOL
Head/Principal Name: Vaishali Patil","Address : NIWALI ROAD, VILLAGE PALSOOD, TEHSIL - RAJPUR, DIST. BADWANI PIN CODE 451447 (M.P.)
Website : https://apspalsood.com/"
29,"Aff. No. :1031307
Sch. Code:51324","State : MADHYA PRADESH
District : BARWANI",Senior Secondary Level,"Name : SETH.M.R.JAIPURIA SCHOOL
Head/Principal Name: P. V. SATYA RAMESH","Address : BARWANI, BARWANI
Website : www.jaipuriaschoolbarwani.in"
30,"Aff. No. :1031309
Sch. Code:51326","State : MADHYA PRADESH
District : BARWANI",Senior Secondary Level,"Name : MOUNT LITERA SCHOOL
Head/Principal Name: AKANKSHA TRIPATHI","Address : VILLAGE MERKHEDI, TEHSIL NIWALI
Website : www.mlzssendhwa.com"
31,"Aff. No. :1031347
Sch. Code:51364","State : MADHYA PRADESH
District : BARWANI",Senior Secondary Level,"Name : SANSKAR SHIKSHA NIKETAN
Head/Principal Name: Dr. Yogesh Karandikar","Address : PANSEMAL, TEHSIL-PANSEMAL
Website : https://www.ssniketan.com"
32,"Aff. No. :1040044
Sch. Code:54059","State : MADHYA PRADESH
District : BARWANI",Senior Secondary Level,"Name : JAWAHAR NAVODAYA VIDYALAYA
Head/Principal Name: SUKHDEV BHALSE","Address : OZHAR, TQ. RAJPUR DISTT. BADWANI
Website : https://www.navodaya.gov.in/nvs/nvs-school/BARWANI"
33,"Aff. No. :1040037
Sch. Code:54016","State : MADHYA PRADESH
District : BALAGHAT",Senior Secondary Level,"Name : JAWAHAR NAVODAYA VIDYALAYA
Head/Principal Name: RANBIR SINGH","Address : AT MURJHAR TQ WARASEONI DISTT BALAGHAT MADHYA PRADESH
Website : https://navodaya.gov.in/nvs/nvs-school/BALAGHAT/en"
34,"Aff. No. :1031249
Sch. Code:51267","State : MADHYA PRADESH
District : BALAGHAT",Secondary Level,"Name : DELHI PUBLIC SECONDARY SCHOOL
Head/Principal Name: SHWETA SACHDEVA","Address : DPS SCHOOL GONDIA GOAD VILLAGE KHURSODI BALAGHAT
Website : www.dpssbalaghat.com"
35,"Aff. No. :1031435
Sch. Code:51452","State : MADHYA PRADESH
District : BALAGHAT",Senior Secondary Level,"Name : PALI ACADEMIC INSTITUTION
Head/Principal Name: Shradha kandra","Address : WARD NO 3, VILLAGE BISONI, TAH - LANJI
Website : https://www.palibisoni.com"
36,"Aff. No. :1031185
Sch. Code:51206","State : MADHYA PRADESH
District : BALAGHAT",Senior Secondary Level,"Name : VIVEK JYOTI GYANPEETH
Head/Principal Name: Monika Elkar","Address : GAYKHURI,WARD NO.-33,BALGHAT,M.P
Website : https://www.vivekjyoticbseschool.org.in"
37,"Aff. No. :1031162
Sch. Code:51134","State : MADHYA PRADESH
District : BALAGHAT",Secondary Level,"Name : ORIENTAL ENGLISH HIGHER SECONDARY SCHOOL
Head/Principal Name: BHOOMENDRA KUMAR SONWANE","Address : W. NO. 10 PANBIHARI LALBURRA TH. LALBURRA DIST. BALAGHAT M. P. 481441
Website : http://www.orientajgroups.org"
38,"Aff. No. :1031196
Sch. Code:51217","State : MADHYA PRADESH
District : BALAGHAT",Secondary Level,"Name : VAIDIK CONVENT HIGHER SECONDARY SCHOOL
Head/Principal Name: THANENDRA KUMAR TURKAR","Address : WARD NO.12 NEAR MAJAR PADHARWANI ROAD ,LALBURRA
Website : www.vaidikconvent.com"
39,"Aff. No. :1031137
Sch. Code:51100","State : MADHYA PRADESH
District : BALAGHAT",Senior Secondary Level,"Name : OJAS GLOBAL SCHOOL
Head/Principal Name: KAMINI JOSHI","Address : VILLAGE-DEVTOLA, BAIHAR ROAD
Website : www.ojas.edu.in"
40,"Aff. No. :1031103
Sch. Code:51077","State : MADHYA PRADESH
District : BALAGHAT",Senior Secondary Level,"Name : SARDAR PATEL INTERNATIONAL SCHOOL
Head/Principal Name: NITIN DADAJI DETHE","Address : VILL DONGARIYA, POST CHILLOD THA. WARASEONI DIST. BALAGHAT
Website : www.mlzsbalaghat.com"
41,"Aff. No. :1030969
Sch. Code:50937","State : MADHYA PRADESH
District : BALAGHAT",Senior Secondary Level,"Name : DAV HCL PUBLIC SCHOOL MALANJKHAND
Head/Principal Name: SURUCHI KATARIA","Address : TOWN SHIP MAIN ROAD
Website : www.davhclpsmalanjkhand.com"
42,"Aff. No. :1030822
Sch. Code:50787","State : MADHYA PRADESH
District : BALAGHAT",Senior Secondary Level,"Name : GURUDEV INTERNATIONAL PUBLIC SCHOOL
Head/Principal Name: Anshuman Tiwari","Address : NEAR KAYADI RAILWAY STATION, MOUJA KAYADI, POST - WARA SEONI, DIST BALAGHAT
Website : http://www.gurudevtheschool.org"
43,"Aff. No. :1030815
Sch. Code:50780","State : MADHYA PRADESH
District : BALAGHAT",Senior Secondary Level,"Name : IDEAL PUBLIC SCHOOL
Head/Principal Name: DR. DAYAVANTA RAUT","Address : WARASEONI WARD NO 8 CHANDORI IN FRONT OF NAVODAYA VIDYALAYA WARASEONI
Website : www.ipswaraseoni.in"
44,"Aff. No. :1030641
Sch. Code:50608","State : MADHYA PRADESH
District : BALAGHAT",Senior Secondary Level,"Name : SATPUDA VALLEY PUBLIC SCHOOL
Head/Principal Name: POORNIMA DESHMUKH","Address : SAHUTOLA (GARRA) , LALBURRA ROAD , BALAGHAT
Website : www.satpudavalleyschool.com"
45,"Aff. No. :1030735
Sch. Code:50699","State : MADHYA PRADESH
District : BALAGHAT",Senior Secondary Level,"Name : BALAGHAT ENGLISH HIGHER SECONDARY SCHOOL
Head/Principal Name: PILLAI JAIKUMAR","Address : WARD NO.24, SURABHI NAGAR NEAR POWER HOUSE BALAGHAT
Website : www.balaghatenglishschool.in"
46,"Aff. No. :1030739
Sch. Code:50703","State : MADHYA PRADESH
District : BALAGHAT",Senior Secondary Level,"Name : GOLDEN TULIP INTERNATIONAL SCHOOL
Head/Principal Name: LAKESH AGRAWAL","Address : JODSADAK KATEDHARA,NAGPUR ROAD,KATANGI DISTRICT,BALAGHAT
Website : www.goldentulipinternationalschool.org"
47,"Aff. No. :1030496
Sch. Code:50461","State : MADHYA PRADESH
District : BALAGHAT",Senior Secondary Level,"Name : ST. VIDHYA SAGAR CONVENT HIGHER SECONDARY SCHOOL
Head/Principal Name: SUJATA JAIWAR","Address : WARD NO. 6, LALBURRA ROAD, TEHSIL WARASEONI,
Website : www.svsconvent.in"
48,"Aff. No. :1030468
Sch. Code:50433","State : MADHYA PRADESH
District : BALAGHAT",Secondary Level,"Name : ST. MARY'S ENGLISH MEDIUM SCHOOL
Head/Principal Name: ALEYAMMA KURIAN","Address : BHATERA, WARD NO. 2, BALAGHAT, MADHYA PRADESH - 481001
Website : https://www.stmarysschoolbalaghat.com"
49,"Aff. No. :1030161
Sch. Code:50137","State : MADHYA PRADESH
District : BALAGHAT",Senior Secondary Level,"Name : MAHARISHI VIDYA MANDIR
Head/Principal Name: SATISH KUMAR CHOURASIA","Address : BHATERA DISTT BALAGHAT MADHYA PRADESH
Website : https://mvmbalaghat.org/"
50,"Aff. No. :1020109
Sch. Code:52119","State : MADHYA PRADESH
District : BALAGHAT",Senior Secondary Level,"Name : GOVT.MATA SHABRI AWASIY KANYA SHIKSHA PARISAR BALAGHAT M.P.
Head/Principal Name: PURUSHOTTAM ANGURE","Address : VILLA-GONGALAI,TAH-BALAGHAT,DIST-BALAGHAT MADHYAPRADESH-481001
Website : www.kspbalaghat.com"
51,"Aff. No. :1020110
Sch. Code:52120","State : MADHYA PRADESH
District : BALAGHAT",Senior Secondary Level,"Name : GOVT KANYA SHIKSHA PARISAR PARASWADA
Head/Principal Name: JAYANT KHANDWE","Address : GOVT.KANYA SHIKSHA PARISAR PARASWADA TEHSIL PARASWADA DIST BALAGHAT MP
Website : www.kspparaswada.com"
52,"Aff. No. :1020100
Sch. Code:52100","State : MADHYA PRADESH
District : BALAGHAT",Senior Secondary Level,"Name : EKLAVYA MODEL RESIDENTIAL SCHOOL BAIHAR
Head/Principal Name: Jagadish Kumar Maurya","Address : GOVT KANYA SHIKSHA PARISAR BAIHAR DIST BALAGHAT
Website : www.emrsbaihar.org.in"
53,"Aff. No. :1020115
Sch. Code:52125","State : MADHYA PRADESH
District : BALAGHAT",Senior Secondary Level,"Name : GOVT MODEL RESIDENTIAL HSS MALANJKHAND
Head/Principal Name: YOGENDRA KUMAR DONGRE","Address : GOVT MODEL RESIDENCIAL HSS MALAJKHAND TEHSIL BIRSA DIST BALAGHAT MP
Website : www.resmalanjkhand.com"
54,"Aff. No. :1020177
Sch. Code:52187","State : MADHYA PRADESH
District : BALAGHAT",Senior Secondary Level,"Name : KANYA SHIKSHA PARISAR BIRSA
Head/Principal Name: YUGESH KUMAR WARADE","Address : POST- BIRSA, TEHSIL - BIRSA
Website : www.kspbirsa.org"
55,"Aff. No. :1020013
Sch. Code:52014","State : MADHYA PRADESH
District : BALAGHAT",Senior Secondary Level,"Name : EKLAVYA MODEL RESIDENTIAL SCHOOL
Head/Principal Name: ANIL KUMAR SINGH SOLANKI","Address : UKWA, AT & PO UKWA,TEH. BAIHEV, DISTT. BALAGHAT, MADHYA PRADESH
Website : https://emrsukwabalaghat.in/"
56,"Aff. No. :1000085
Sch. Code:54146","State : MADHYA PRADESH
District : BALAGHAT",Senior Secondary Level,"Name : PM SHRI KENDRIYA VIDYALAYA MALANJKHAND
Head/Principal Name: DR SANTOSH KUMAR PARSAD","Address : MALANJKHAND, HCL-MCP TOWN SHIP, TEHSIL-BAIHAR, DISTT. BALAGHAT, M.P.
Website : httphttps://malanjkhand.kvs.ac.in/"
57,"Aff. No. :1000059
Sch. Code:54066","State : MADHYA PRADESH
District : BALAGHAT",Senior Secondary Level,"Name : PM SHRI KENRIYA VIDYALAYA
Head/Principal Name: ARUN KUMAR TUMSARE","Address : BALAGHAT POST BHARWELI DISTT BALAGHAT MADHYA PRADESH
Website : http://balaghat.kvs.ac.in"
58,"Aff. No. :1000002
Sch. Code:54068","State : MADHYA PRADESH
District : BETUL",Senior Secondary Level,"Name : PM SHRI KENDRIYA VIDYALAYA
Head/Principal Name: MADAN MOHAN KATIYAR","Address : AIR FORCE STATION AMLA POST AMLA DEPOT BETUL DISTT MADHYA PRADESH
Website : https://afsamla.kvs.ac.in"
59,"Aff. No. :1000013
Sch. Code:54067","State : MADHYA PRADESH
District : BETUL",Senior Secondary Level,"Name : KENDRIYA VIDYALAYA
Head/Principal Name: PRASHANT PELWAR","Address : SARNI BETUL MADHYA PRADESH
Website : https://wclsarni.kvs.ac.in"
60,"Aff. No. :1000089
Sch. Code:54150","State : MADHYA PRADESH
District : BETUL",Senior Secondary Level,"Name : PM SHRI KENDRIYA VIDYALAYA
Head/Principal Name: R.N. PANDEY","Address : AT OLD SUBHASH SCHOOL CAMPUS, KOTHI BAZAR, BETUL, MADHYA PRADESH
Website : https://betul.kvs.ac.in/"
61,"Aff. No. :1000200
Sch. Code:54200","State : MADHYA PRADESH
District : BETUL",Senior Secondary Level,"Name : PM SHRI KENDRIYA VIDYALAYA MULTAI
Head/Principal Name: KALIKA PRASAD","Address : PM SHRI KENDRIYA VIDYALAYA MULTAI, MOHI GRAM, NH 47, MULTAI
Website : kvmultai@gmail.com"
62,"Aff. No. :1020008
Sch. Code:52009","State : MADHYA PRADESH
District : BETUL",Senior Secondary Level,"Name : EKLAVYA MODEL RESIDENTIAL SCHOOL
Head/Principal Name: RAM BAHADUR VERMA","Address : SHAHPUR DISTT BETUL MADHYA PRADESH
Website : www.emrsshahpur.com"
63,"Aff. No. :1020111
Sch. Code:52121","State : MADHYA PRADESH
District : BETUL",Senior Secondary Level,"Name : KANYA SHIKSHA PARISAR BETUL
Head/Principal Name: DHARMENDRA SINGH THAKUR","Address : JILA JAIL KE OPPOSITE KOTHIBAJAR BETUL
Website : www.kspbetul.in"
64,"Aff. No. :1020090
Sch. Code:52101","State : MADHYA PRADESH
District : BETUL",Senior Secondary Level,"Name : EKLAVYA MODAL RESIDENTIAL SCHOOL CHICHOLI
Head/Principal Name: JUNG BAHADUR","Address : AT-POST CHICHOLI
Website : https://www.emrschicholi.in/"
65,"Aff. No. :1020091
Sch. Code:52102","State : MADHYA PRADESH
District : BETUL",Senior Secondary Level,"Name : EKLAVYA MODEL RESIDENTIAL SCHOOL BHAINSDEHI
Head/Principal Name: NISHANT BHAI PANDYA","Address : AT.POST GOVT.KANYA SHIKSHA PARISAR BHAINSDEHI
Website : https://www.emrsbhainsdehi.com"
66,"Aff. No. :1030294
Sch. Code:50395","State : MADHYA PRADESH
District : BETUL",Senior Secondary Level,"Name : SATPURA VALLEY PUBLIC SCHOOL
Head/Principal Name: DR. RITU BAJPAI","Address : ITARSI ROAD SONAGHATI BETUL MADHYA PRADESH
Website : www.satpudavalley.org"
67,"Aff. No. :1030472
Sch. Code:50435","State : MADHYA PRADESH
District : BETUL",Senior Secondary Level,"Name : ST.FRANCIS SCHOOL
Head/Principal Name: MINI K V","Address : MOR DONGARI ROAD, SARNI,BETUL DISTT. M.P.
Website : www.stfrancischoolsarni.com"
68,"Aff. No. :1030350
Sch. Code:50317","State : MADHYA PRADESH
District : BETUL",Senior Secondary Level,"Name : R D PUBLIC SCHOOL
Head/Principal Name: HEMANT KUMAR MEHER","Address : KALA PATHA , NEAR KALI CHATTAN, DISTT BETUL, MADHYA PRADESH
Website : www.rdpsbetul.org"
69,"Aff. No. :1030369
Sch. Code:50336","State : MADHYA PRADESH
District : BETUL",Senior Secondary Level,"Name : LITTLE FLOWER SENIOR SECONDARY SCHOOL
Head/Principal Name: JOJI JOHN","Address : SADAR, DISTT BETUL, MADHYA PRADESH
Website : wwwlfsbetul.com"
70,"Aff. No. :1030558
Sch. Code:50534","State : MADHYA PRADESH
District : BETUL",Senior Secondary Level,"Name : M.G.M. HR.SEC.SCHOOL
Head/Principal Name: FR. KURIAN JOHN","Address : P.B.NO.1,PATHAKHEDA P.O. GHADONGRI BETUL
Website : www.mgmschoolbagdona.in"
71,"Aff. No. :1030849
Sch. Code:50812","State : MADHYA PRADESH
District : BETUL",Senior Secondary Level,"Name : VASANT INTERNATIONAL PUBLIC SCHOOL
Head/Principal Name: NEETU SHARMA","Address : NH-47,NAGPUR ROAD,THAWARIYA
Website : www.vipsmultai.com"
72,"Aff. No. :1030886
Sch. Code:50853","State : MADHYA PRADESH
District : BETUL",Senior Secondary Level,"Name : PLS INTERNATIONAL SCHOOL
Head/Principal Name: LOKESH SONI","Address : SUKHADHANA, SARNI GHODADONGRI MAINROAD
Website : www.plsis.org.in"
73,"Aff. No. :1030887
Sch. Code:50850","State : MADHYA PRADESH
District : BETUL",Senior Secondary Level,"Name : DREAMZ PLAY (PUBLIC) SCHOOL
Head/Principal Name: Kavita Likhitkar","Address : AMRAVATI ROAD MULTAI
Website : www.Dppsmultai.in"
74,"Aff. No. :1030889
Sch. Code:50849","State : MADHYA PRADESH
District : BETUL",Senior Secondary Level,"Name : SHRI VINAYAKAM SCHOOL
Head/Principal Name: SHYAM SAHU","Address : AMBEDKAR WARD, BHUJALIYA GHAT TIKARI
Website : http://www.shrivinayakam.org"
75,"Aff. No. :1030954
Sch. Code:51067","State : MADHYA PRADESH
District : BETUL",Senior Secondary Level,"Name : GURUSAHAB PUBLIC SCHOOL
Head/Principal Name: AMIT KUMAR YADAV","Address : AT SONPUR BETUL ROAD CHICHOLI
Website : http://www.gurusahabpublicschool.com/"
76,"Aff. No. :1030996
Sch. Code:50959","State : MADHYA PRADESH
District : BETUL",Senior Secondary Level,"Name : VIDYA ANAND CHILDREN ACADEMY
Head/Principal Name: DR . RITU CHAUBEY","Address : VIJAY NAGAR, MULTAI ROAD
Website : http://anandvidya.org/index.html"
77,"Aff. No. :1031111
Sch. Code:51083","State : MADHYA PRADESH
District : BETUL",Senior Secondary Level,"Name : VAISHNAVI PUBLIC ACADEMY
Head/Principal Name: Dr. RAVINDRA JHADE","Address : BETUL RD ATHNER
Website : www.vpabetul.com"
78,"Aff. No. :1031115
Sch. Code:51087","State : MADHYA PRADESH
District : BETUL",Secondary Level,"Name : ST. THERESAS SCHOOL, BETUL
Head/Principal Name: MARY MINI GEORGE","Address : ST. THERESA ENGLISH MEDIUM CONVENT SCHOOL , DON BOSCO CAMPUS , JAY PRAKASH WARD - 2, SADAR , BETUL - 460001
Website : www.sainttheresabetul.com"
79,"Aff. No. :1031089
Sch. Code:51057","State : MADHYA PRADESH
District : BETUL",Secondary Level,"Name : BALAJI INTERNATIONAL SCHOOL, GHORADANGRI
Head/Principal Name: SHRADDHA TIWARI","Address : SARNI RD
Website : www.balajischool.in"
80,"Aff. No. :1031094
Sch. Code:51065","State : MADHYA PRADESH
District : BETUL",Senior Secondary Level,"Name : JAMUNA SAHAB PUBLIC SCHOOL
Head/Principal Name: MEENAKSHI UPADHYAY","Address : WARD NO. 09 LAXMI BAI WARD CHICHOLI TEHSIL CHICHOLI DISTT. BETUL(M.P.)
Website : www.jamunasahabpublicschool.in"
81,"Aff. No. :1031102
Sch. Code:51075","State : MADHYA PRADESH
District : BETUL",Senior Secondary Level,"Name : VIDHYA SANSKAR VALLEY PUBLIC SCHOOL
Head/Principal Name: ANIL KUMAR AHIRWAR","Address : ATHNER ROAD, GRAM BADORA, BETUL, MP
Website : www.vsvpsbetul.com"
82,"Aff. No. :1031427
Sch. Code:51444","State : MADHYA PRADESH
District : BETUL",Senior Secondary Level,"Name : MULTAI PODAR LEARN SCHOOL
Head/Principal Name: Tanvi Sawashere","Address : MULTAI, DIST BETUL, MP
Website : https://multaipodaredu.com/"
83,"Aff. No. :1031428
Sch. Code:51445","State : MADHYA PRADESH
District : BETUL",Senior Secondary Level,"Name : BHARAT BHARATI HIGHER SECONDARY SCHOOL
Head/Principal Name: JITENDRA PARSAI","Address : JAMTHI, TEHSIL BETUL, DIST BETUL MP
Website : https://bharatbharatischoolbetul.com/"
84,"Aff. No. :1031474
Sch. Code:51492","State : MADHYA PRADESH
District : BETUL",Secondary Level,"Name : ALPHA SCHOOL OF EXCELLENCE
Head/Principal Name: Shyam Tiwari","Address : SIVANI ROAD, KATOL, BHAINSDEHI, DIST. - BETUL, MP
Website : https://alphaschool.co.in/"
85,"Aff. No. :1031247
Sch. Code:51265","State : MADHYA PRADESH
District : BETUL",Senior Secondary Level,"Name : COROLLA PUBLIC SCHOOL
Head/Principal Name: SURENDRA SINGH RATHOUR","Address : BHAGAT SINGH WARD, MULTAI, TEHSIL- MULTAI, DIST.- BETUL (M.P)
Website : https://corollapublicschool.com/"
86,"Aff. No. :1031255
Sch. Code:51277","State : MADHYA PRADESH
District : BETUL",Senior Secondary Level,"Name : LIFE CAREER ENGLISH MEDIUM HIGHER SECONDARY SCHOOL
Head/Principal Name: NISHA","Address : WARD NO 14, BHEEMNAGAR AMLA DIST BETUL MP
Website : www.lifecareerschool.com"
87,"Aff. No. :1031311
Sch. Code:51328","State : MADHYA PRADESH
District : BETUL",Senior Secondary Level,"Name : MANSAROVAR THE SCHOOL BETUL
Head/Principal Name: MR. S V CHANDRA SHEKHAR","Address : NEAR FOUR LANE UNDERBRIDGE, BADORA
Website : https://mansarovartheschoolbetul.com/"
88,"Aff. No. :1031314
Sch. Code:51331","State : MADHYA PRADESH
District : BETUL",Secondary Level,"Name : MADHYANCHAL PODAR LEARN SCHOOL
Head/Principal Name: UJJWAL DUTTA","Address : NEAR GOVT. POLYTECHNIC, FOUR LANE,, SONAGHATI, BETUL
Website : https://madhyanchalpodaredu.com/"
89,"Aff. No. :1031344
Sch. Code:51361","State : MADHYA PRADESH
District : BETUL",Senior Secondary Level,"Name : R D PUBLIC SCHOOL MULTAI
Head/Principal Name: PRATEEK MEHRUNKAR","Address : KAMATHA, MULTAI, MULTAI
Website : http://rdpsmultai.org/"
90,"Aff. No. :1031375
Sch. Code:51392","State : MADHYA PRADESH
District : BETUL",Senior Secondary Level,"Name : MOTHERLAND PUBLIC SCHOOL ACADEMY AMLA
Head/Principal Name: Pooja Lokhande","Address : AMLA, TEHSIL AMLA, DIST BETUL, MP
Website : https://motherlandschoolacademy.com"
91,"Aff. No. :1040033
Sch. Code:54017","State : MADHYA PRADESH
District : BETUL",Senior Secondary Level,"Name : JAWAHAR NAVODAYA VIDYALAYA
Head/Principal Name: CHAIN SINGH PATEL","Address : PRABHATPATTAN DISTT BETUL MADHYA PRADESH
Website : https://navodaya.gov.in/nvs/nvs-school/BETUL/en/ho"
92,"Aff. No. :1031310
Sch. Code:51327","State : MADHYA PRADESH
District : BHIND",Secondary Level,"Name : INDUS SAINIK SCHOOL
Head/Principal Name: Rohit Singh","Address : DIDEE , NEAR GOVIND FILLING STATION
Website : http://www.indussainikschool.com"
93,"Aff. No. :1031228
Sch. Code:51246","State : MADHYA PRADESH
District : BHIND",Secondary Level,"Name : FIRST STEPS INTERNATIONAL SCHOOL
Head/Principal Name: REENA GUPTA","Address : GOHAD DIST BHIND
Website : https://firststepedu.co.in/"
94,"Aff. No. :1040021
Sch. Code:54018","State : MADHYA PRADESH
District : BHIND",Senior Secondary Level,"Name : JAWAHAR NAVODAYA VIDYALAYA
Head/Principal Name: BRIJESH KUMAR","Address : BIRKHADI BHIND MADHYA PRADESH
Website : www.navodaya.gov.in/nvs/nvs-school/BHIND/en/home/"
95,"Aff. No. :1031437
Sch. Code:51454","State : MADHYA PRADESH
District : BHIND",Senior Secondary Level,"Name : SHRI VINAYAK VIDYAPEETH
Head/Principal Name: Alok Singh Bhadoriya","Address : KHANETA ROAD CHHIMAKA GOHAD, PO- GOHAD , PS-GOHAD CHOWK
Website : https://shri-vinayak-vidyapeeth.shopnets.com/index"
96,"Aff. No. :1031442
Sch. Code:51459","State : MADHYA PRADESH
District : BHIND",Senior Secondary Level,"Name : GURU HARGOBIND PUBLIC SCHOOL
Head/Principal Name: MINAKSHI KAUR","Address : BUTI KUIYA, GOHAD , DISTT. BHIND, POST KHANETA
Website : http://guruhargobindpublicschool.in"
97,"Aff. No. :1031084
Sch. Code:51052","State : MADHYA PRADESH
District : BHIND",Senior Secondary Level,"Name : SHIVA SENIOR SECONDARY SCHOOL UMRI
Head/Principal Name: MANIMALA KUMARI","Address : BHIND ROAD UMARI
Website : www.shivaschool.in"
98,"Aff. No. :1031085
Sch. Code:51053","State : MADHYA PRADESH
District : BHIND",Senior Secondary Level,"Name : SAINT VIVEKANAND PUBLIC SCHOOL
Head/Principal Name: GEETA REDU","Address : DIDI NH-92 ETAWAH ROAD BHIND (M.P.)
Website : https://svpsbhind.com/"
99,"Aff. No. :1031187
Sch. Code:51208","State : MADHYA PRADESH
District : BHIND",Secondary Level,"Name : PIONEER PUBLIC HIGH SCHOOL
Head/Principal Name: KALPNA KATARE","Address : GARHI ROAD MEGHAON BHIND M.P.475110
Website : https://pioneerpublichighschool.in"
100,"Aff. No. :1031182
Sch. Code:51203","State : MADHYA PRADESH
District : BHIND",Senior Secondary Level,"Name : MOUNT LITERA ZEE SCHOOL
Head/Principal Name: MOHIT SRIVASTAVA","Address : VILL-PUR GWALIOR ROAD
Website : www.mountliterabhind.com"
101,"Aff. No. :1030975
Sch. Code:50939","State : MADHYA PRADESH
District : BHIND",Secondary Level,"Name : M P EDUCATION ACADEMY
Head/Principal Name: LOVELY YADAV","Address : VILL- JALPURA POST PRATAPPURA TEH. ATER
Website : http://WWW.MPEDUCATIONACADEMY.COM"
102,"Aff. No. :1030933
Sch. Code:50896","State : MADHYA PRADESH
District : BHIND",Senior Secondary Level,"Name : EXCELLENCE VALLEY INTERNATIONAL SCHOOL
Head/Principal Name: ASHISH SHRIVASTAVA","Address : NEAR BHARAT GAS GODOWN, NEW RAILWAY STATION, ATER ROAD, BHIND
Website : www.excellencevalleyinternational.com"
103,"Aff. No. :1031044
Sch. Code:51009","State : MADHYA PRADESH
District : BHIND",Senior Secondary Level,"Name : K R EDUCATION CENTRE
Head/Principal Name: AVINASH SINGH RAJAWAT","Address : VILL RARI POST MIHONA DIS. BHIND
Website : www.krecrari.com"
104,"Aff. No. :1030874
Sch. Code:50838","State : MADHYA PRADESH
District : BHIND",Senior Secondary Level,"Name : SANSKAR SHIKSHA ACADEMY
Head/Principal Name: SHIVRAJ SINGH PARMAR","Address : SANSKAR SHIKSHA ACADEMY, PORSA ROAD, GORMI, BHIND, M.P.
Website : www.sanskarshikshaacademy.in"
105,"Aff. No. :1030787
Sch. Code:50756","State : MADHYA PRADESH
District : BHIND",Secondary Level,"Name : M G D EDUCATION ACEDMY
Head/Principal Name: KULDEEP KUMAR MISHRA","Address : GRAM JAMNA POST JAMNA BHIND MP
Website : www.mgdeducationacademybhind.com"
106,"Aff. No. :1030730
Sch. Code:50694","State : MADHYA PRADESH
District : BHIND",Senior Secondary Level,"Name : CHAUDHARY CENTRAL CONVENT SCHOOL
Head/Principal Name: JITENDRA SHARMA","Address : LASKAR ROAD BHIND
Website : www.ccsbhind.org"
107,"Aff. No. :1030710
Sch. Code:50675","State : MADHYA PRADESH
District : BHIND",Secondary Level,"Name : SCHOLARS PUBLIC SCHOOL
Head/Principal Name: DHARMENDRA SHARMA","Address : YADUNATH NAGAR BHIND (M.P.)
Website : http://www.scholarspublicschoolbhind.com"
108,"Aff. No. :1030656
Sch. Code:50679","State : MADHYA PRADESH
District : BHIND",Senior Secondary Level,"Name : VIDYAVATI PUBLIC CENTRAL SCHOOL
Head/Principal Name: DR. HARIOM SINGH AHMANA","Address : BTI ROAD ,BHIND
Website : www.vpcsbhind.org"
109,"Aff. No. :1030563
Sch. Code:50529","State : MADHYA PRADESH
District : BHIND",Senior Secondary Level,"Name : SHINING GLORIOUS SCHOLARS PUBLIC SCHOOL
Head/Principal Name: ARUN KUMAR SINGH","Address : RAUN BHIND
Website : http://shiiningglorious.co.in/"
110,"Aff. No. :1030381
Sch. Code:50349","State : MADHYA PRADESH
District : BHIND",Senior Secondary Level,"Name : SHRI RAMJI LAL HIGHER SECONDARY SCHOOL
Head/Principal Name: DHARMENDRA SINGH BHADAURIYA","Address : SONI DISTT. BHIND, M.P.
Website : www.shriramjilalschool.in"
111,"Aff. No. :1030395
Sch. Code:50358","State : MADHYA PRADESH
District : BHIND",Senior Secondary Level,"Name : ST. MICHAELS SCHOOL
Head/Principal Name: STANISLAS BANDANADAM","Address : KEERATHPURA ROAD, BHIND
Website : www.stmichaelbhind.org"
112,"Aff. No. :1030427
Sch. Code:50391","State : MADHYA PRADESH
District : BHIND",Senior Secondary Level,"Name : MODEL SCHOOL BHIND (MP)
Head/Principal Name: ABHAY SAXENA","Address : GWALIOR ROAD, NEAR SHIVHARE PETROL PUMP, BHIND
Website : www.modelschoolbhd.in"
113,"Aff. No. :1030428
Sch. Code:50394","State : MADHYA PRADESH
District : BHIND",Senior Secondary Level,"Name : SWAROOP VIDYA NIKETAN HIGHER SECONDARY SCHOOL
Head/Principal Name: Jeetu Donderiya","Address : NEAR NEW RAILWAY STATION, ATER ROAD, DISTT & TEH. BHIND, M.P.-477001
Website : http://mbinternationalschool.edu.in"
114,"Aff. No. :1030238
Sch. Code:50214","State : MADHYA PRADESH
District : BHIND",Senior Secondary Level,"Name : PROGRESSIVE PUBLIC SCHOOL
Head/Principal Name: K Rashmi","Address : LAHAR DISTT BHIND MADHYA PRADESH
Website : www.ppslahar.ac.in"
115,"Aff. No. :1030240
Sch. Code:50216","State : MADHYA PRADESH
District : BHIND",Senior Secondary Level,"Name : CITY CENTRAL SCHOOL
Head/Principal Name: PADMANKUR SHARMA","Address : SHRI BANKEY BIHARI SHIKSHA SAMITI BHAWAN, NEAR DAK BANGLOW ATER ROAD, BHIND MADHYA PRADESH
Website : www.citycentralschool.org"
116,"Aff. No. :1030202
Sch. Code:50181","State : MADHYA PRADESH
District : BHIND",Senior Secondary Level,"Name : I P S ACADEMY
Head/Principal Name: SUDHIR KUMAR SHRIVASTAVA","Address : KEERAT PURA BYE PASS ROAD BHIND MP
Website : http://www.ipsacademybhind.com"
117,"Aff. No. :1000068
Sch. Code:54069","State : MADHYA PRADESH
District : BHIND",Senior Secondary Level,"Name : PM SHRI KENDRIYA VIDYALAYA
Head/Principal Name: AJAI KUMAR SAXENA","Address : LAHAR ROAD NEAR ITI CAMPUS BHIND MADHYA PRADESH
Website : https://bhind.kvs.ac.in/"
118,"Aff. No. :1000073
Sch. Code:54134","State : MADHYA PRADESH
District : BHOPAL",Senior Secondary Level,"Name : PM SHRI KENDRIYA VIDYALAYA NO 3
Head/Principal Name: Jitender Singh Rawat","Address : DANISH NAGAR HOSHANGABAD ROAD BHOPAL MADHYA PRADESH
Website : https://no3bhopal.kvs.ac.in"
119,"Aff. No. :1000055
Sch. Code:54071","State : MADHYA PRADESH
District : BHOPAL",Senior Secondary Level,"Name : PM SHRI KENDRIYA VIDYALAYA NO 2
Head/Principal Name: P K BEDUYE","Address : SHIVAJI NAGAR BEHIND 7 NO BUS STOP BHOPAL MADHYA PRADESH
Website :"
120,"Aff. No. :1000001
Sch. Code:54070","State : MADHYA PRADESH
District : BHOPAL",Senior Secondary Level,"Name : PM SHRI KENDRIYA VIDYALAYA NO. 1
Head/Principal Name: GAURAV KUMAR DWIVEDI","Address : OPP CENTRAL INDIA FLOUR MILLS BHOPAL MADHYA PRADESH
Website : www.kv1bhopal.edu.in"
121,"Aff. No. :1000010
Sch. Code:54072","State : MADHYA PRADESH
District : BHOPAL",Senior Secondary Level,"Name : PM SHRI KENDRIYA VIDYALAYA
Head/Principal Name: MANISH TULI","Address : 3 EME CENTRE BAIRAGARH BHOPAL MADHYA PRADESH
Website : http://www.bairagarh.kvs.ac.in"
122,"Aff. No. :1020021
Sch. Code:52022","State : MADHYA PRADESH
District : BHOPAL",Senior Secondary Level,"Name : GOVT. GURUKULM RESIDENTIAL SCHOOL
Head/Principal Name: AMRAT RAJ JHARIA","Address : BAWADIYAKALAN, BHOPAL-462026
Website : https://emrsbhopal.org.in"
123,"Aff. No. :1020022
Sch. Code:52001","State : MADHYA PRADESH
District : BHOPAL",Senior Secondary Level,"Name : DEMONSTRATION SCHOOL
Head/Principal Name: PRAKASH SHRIVASTAVA","Address : (REGIONAL INSTITUTE OF EDUCATION) SHYAMLA HILLS BHOPAL MADHYA PRADESH
Website : https://www.dmsbhopal.edu.in/"
124,"Aff. No. :1000088
Sch. Code:54149","State : MADHYA PRADESH
District : BHOPAL",Senior Secondary Level,"Name : PM SHRI KENDRIYA VIDYALAYA CRPF BANGRASIA
Head/Principal Name: SANJAY KUMAR NAMDEO","Address : CRPF BANGRASIA, BHOPAL, MADHYA PRADESH
Website : https://crpfbangrasia.kvs.ac.in/"
125,"Aff. No. :1020096
Sch. Code:51272","State : MADHYA PRADESH
District : BHOPAL",Senior Secondary Level,"Name : SHRAMODAYA AWASIYA VIDYALAYA BHOPAL
Head/Principal Name: RATNA DUBEY","Address : SHRAMODAYA AWASIYA VIDYALAYA NEELBAD MUGALICHAP BHOPAL(M.P)
Website : https://www.shramodayvidyalay.mp.gov.in"
126,"Aff. No. :1020173
Sch. Code:52183","State : MADHYA PRADESH
District : BHOPAL",Senior Secondary Level,"Name : GOVT GYANODAYA RESIDENTIAL SCHOOL
Head/Principal Name: Dr. ALKA BARGAV","Address : INFRONT OF SAPPHIRE PARK CITY, NEAR ECOLOGICAL GARDEN
Website : https://scdevvelopmentmp.nic.in"
127,"Aff. No. :1030018
Sch. Code:50013","State : MADHYA PRADESH
District : BHOPAL",Senior Secondary Level,"Name : JAWAHARLAL NEHRU SCHOOL
Head/Principal Name: SUNIL KUMAR PATHAK","Address : HABIB GANJ BHEL BHOPAL MADHYA PRADESH
Website : https://jnsbhopal.edu.in/"
128,"Aff. No. :1030028
Sch. Code:50002","State : MADHYA PRADESH
District : BHOPAL",Senior Secondary Level,"Name : ST. JOSEPHS CONVENT SR SEC SCHOOL
Head/Principal Name: DR SR LILLY CHERIAN","Address : IDGAH HILLS BHOPAL MADHYA PRADESH
Website : www.sjcsbhopal.com"
129,"Aff. No. :1030204
Sch. Code:50179","State : MADHYA PRADESH
District : BHOPAL",Senior Secondary Level,"Name : INTERNATIONAL PUBLIC SCHOOL
Head/Principal Name: DEEPTI SINGH","Address : GRAM BEHRAPUR MISROD MANDIDEEP ROAD BHOPAL MADHYA PRADESH
Website : http://www.ipsbhopal.com"
130,"Aff. No. :1030210
Sch. Code:50187","State : MADHYA PRADESH
District : BHOPAL",Senior Secondary Level,"Name : GREEN VALLEY SCHOOL
Head/Principal Name: Anita yadav","Address : KOLAR ROAD BHOPAL MADHYA PRADESH
Website : www.greenvalleybhopal.in"
131,"Aff. No. :1030222
Sch. Code:50198","State : MADHYA PRADESH
District : BHOPAL",Senior Secondary Level,"Name : ORION INTERNATIONAL SCHOOL
Head/Principal Name: LAKSHMI K PETER","Address : E-8 EXTENSION, ARERA COLONY BABADIAN KALAN BHOPAL MADHYA PRADESH
Website : www.orionschool.info"
132,"Aff. No. :1030227
Sch. Code:50203","State : MADHYA PRADESH
District : BHOPAL",Senior Secondary Level,"Name : PEOPLES PUBLIC SCHOOL
Head/Principal Name: Ashu Wadhwa","Address : KAROND BHANPUR BYE PASS ROAD PO KAROND BHOPAL MADHYA PRADESH
Website : www.peoplespublicschool.com"
133,"Aff. No. :1030244
Sch. Code:50219","State : MADHYA PRADESH
District : BHOPAL",Senior Secondary Level,"Name : KEMPFORT PUBLIC SCHOOL
Head/Principal Name: Runa Kudesiya","Address : KWALITY PARADISE NEAR DANISH KUNJ KALAR ROAD BHOPAL MADHYA PRADESH
Website : www.kempfortpublicschoolbhopal.com"
134,"Aff. No. :1030248
Sch. Code:50223","State : MADHYA PRADESH
District : BHOPAL",Senior Secondary Level,"Name : WORLD WAY INTERNATIONAL SCHOOL
Head/Principal Name: SUSHMITA DEB","Address : E-8 EXTENSION GULMOHAR WORLD WAY ROAD BHOPAL MADHYA PRADESH
Website : www.worldwayinternational.edu.in"
135,"Aff. No. :1030254
Sch. Code:50228","State : MADHYA PRADESH
District : BHOPAL",Senior Secondary Level,"Name : KAMLA NEHRU HIGHER SECONDARY SCHOOL
Head/Principal Name: ANITA BAJPAI","Address : KAMLA NAGAR KATRA SULTANABAD BHOPAL MADHYA PRADESH
Website : www.kamlanehruschool.in"
136,"Aff. No. :1030298
Sch. Code:50266","State : MADHYA PRADESH
District : BHOPAL",Senior Secondary Level,"Name : VINDHYACHAL ACADEMY
Head/Principal Name: MOHAN BABU RANA","Address : NEW NAYAPURA KOLAR ROAD BHOPAL MADHYA PRADESH
Website : http://www.infogem.in/vindhyachalacademykolar.com"
137,"Aff. No. :1030276
Sch. Code:50291","State : MADHYA PRADESH
District : BHOPAL",Senior Secondary Level,"Name : ANAND VIHAR SCHOOL
Head/Principal Name: SHAILESH ZOPE","Address : TULSI NAGAR BHOPAL MADHYA PRADESH
Website : www.anandviharschoolbhopal.com"
138,"Aff. No. :1030285
Sch. Code:50256","State : MADHYA PRADESH
District : BHOPAL",Senior Secondary Level,"Name : SAGAR PUBLIC SCHOOL
Head/Principal Name: ALPA TUKARAM PRABHU","Address : GANDHI NAGAR JAIPUR ROAD BHOPAL MADHYA PRADESH
Website : www.spsgn.ac.in"
139,"Aff. No. :1030336
Sch. Code:50306","State : MADHYA PRADESH
District : BHOPAL",Senior Secondary Level,"Name : ST. GEORGE CO-EDU. SCHOOL
Head/Principal Name: RAJESH NAIR","Address : HOUSING BOARD COLONY, BERESIA ROAD, KAROND, BHOPAL, MADHYA PRADESH
Website : www.sgs.ac.in"
140,"Aff. No. :1030341
Sch. Code:50309","State : MADHYA PRADESH
District : BHOPAL",Senior Secondary Level,"Name : FR. AGNEL CO-ED SENIOR SECONDARY SCHOOL
Head/Principal Name: MANOHAR KATA","Address : BY PASS ROAD, NEAR SANT ASHARAM ASHRAM, GONDIPURA, PO GANDHINAGAR, BHOPAL, MADHYA PRADESH- 462036
Website : www.fragnelschoolbhopal.edu.in"
141,"Aff. No. :1030342
Sch. Code:50318","State : MADHYA PRADESH
District : BHOPAL",Senior Secondary Level,"Name : SHREE BHAVANS BHARTI PUBLIC SCHOOL
Head/Principal Name: Charu Arora","Address : KHASRA NUMBER 46/2, KERWA DAM ROAD, GRAM BARKHEDI KALA, DISTT BHOPAL, MADHYA PRADESH
Website : http://www.sbbps.com"
142,"Aff. No. :1030159
Sch. Code:50134","State : MADHYA PRADESH
District : BHOPAL",Senior Secondary Level,"Name : BAL BHAWAN SCHOOL
Head/Principal Name: HUMAIRA ARIF","Address : SHAMLA KOTHI ANNEXE SHAMLA HILLS BHOPAL MADHYA PRADESH
Website : www.balbhawan.ac.in"
143,"Aff. No. :1030167
Sch. Code:50138","State : MADHYA PRADESH
District : BHOPAL",Senior Secondary Level,"Name : SAGAR PUBLIC SCHOOL
Head/Principal Name: PANKAJ SHARMA","Address : 9-A SAKET NAGAR BHOPAL MADHYA PRADESH
Website : www.spssn.ac.in"
144,"Aff. No. :1030192
Sch. Code:50174","State : MADHYA PRADESH
District : BHOPAL",Senior Secondary Level,"Name : ALL SAINTS SCHOOL
Head/Principal Name: PREM NARAYAN DUBEY","Address : GANDHI NAGAR BHOPAL MADHYA PRADESH
Website : www.allsaintscbse.in"
145,"Aff. No. :1030193
Sch. Code:50170","State : MADHYA PRADESH
District : BHOPAL",Senior Secondary Level,"Name : MANSAROVER PUBLIC SCHOOL
Head/Principal Name: SOJAN JOSEPH","Address : KALAR ROAD BHOPAL MADHYA PRADESH
Website :"
146,"Aff. No. :1030184
Sch. Code:50163","State : MADHYA PRADESH
District : BHOPAL",Senior Secondary Level,"Name : BONNIE FOI CO-ED SENIOR SECONDARY SCHOOL
Head/Principal Name: MANISH R K JAIN","Address : NARELA SHANKARI AYODHYA PO BHOPAL MADHYA PRADESH
Website : www.bonniefoicoedschool.org"
147,"Aff. No. :1030185
Sch. Code:50164","State : MADHYA PRADESH
District : BHOPAL",Senior Secondary Level,"Name : NAVNIDH HASSOMAL LAKHANI PUBLIC SCHOOL
Head/Principal Name: AMRITA MOTWANI","Address : SANT HIRDARAM NAGAR BHOPAL MADHYA PRADESH
Website : www.navnidhbhopal.com"
148,"Aff. No. :1030119
Sch. Code:50004","State : MADHYA PRADESH
District : BHOPAL",Senior Secondary Level,"Name : SHARDA VIDYA MANDIR
Head/Principal Name: SHEFALI GAUTAM","Address : BARKHARI KALAN NEAR BHADBHADA DAM RATHIBAD ROAD BHOPAL MADHYA PRADESH
Website : www.svmbhopal.edu.in"
149,"Aff. No. :1030127
Sch. Code:50118","State : MADHYA PRADESH
District : BHOPAL",Senior Secondary Level,"Name : ST. THERESA'S GIRLS SCHOOL
Head/Principal Name: SISTER SANTANI MINJ","Address : B-SECTOR PIPLANI BHEL BHOPAL MADHYA PRADESH
Website : www.sttheresabhopal.net"
150,"Aff. No. :1030131
Sch. Code:50119","State : MADHYA PRADESH
District : BHOPAL",Secondary Level,"Name : RAJEEV GANDHI HIGHER SECONDARY SCHOOL
Head/Principal Name: P K Pathak","Address : E 8 TRILANGA CLY SHAHPURA BHOPAL MADHYA PRADESH
Website : www.rghssbhopal.org"
151,"Aff. No. :1030135
Sch. Code:50120","State : MADHYA PRADESH
District : BHOPAL",Senior Secondary Level,"Name : MAHARISHI CENTRE FOR EDU EXCELLENCE
Head/Principal Name: ARCHANA PANDEY","Address : LAMBHAKHEDA BAIRASIA ROAD BHOPAL MADHYA PRADESH
Website : www.mceebhopal.org"
152,"Aff. No. :1030140
Sch. Code:50123","State : MADHYA PRADESH
District : BHOPAL",Senior Secondary Level,"Name : DELHI PUBLIC SCHOOL
Head/Principal Name: VINITA MALIK","Address : NEAR NEEL BAD CROSSING BHADBHADA ROAD BHOPAL MADHYA PRADESH
Website : www.dpsbhopal.org"
153,"Aff. No. :1030141
Sch. Code:50124","State : MADHYA PRADESH
District : BHOPAL",Senior Secondary Level,"Name : MITTHI GOBIND RAM PUBLIC SCHOOL
Head/Principal Name: A N Manikandan","Address : LAKE ROAD SANT HIRDARAM NAGAR BAIRAGARH BHOPAL MADHYA PRADESH
Website : www.mithipublicschool.com"
154,"Aff. No. :1030149
Sch. Code:50125","State : MADHYA PRADESH
District : BHOPAL",Senior Secondary Level,"Name : ST. MONTFORT SCHOOL
Head/Principal Name: BRO MONACHAN K K","Address : PATEL NAGAR PB NO 16 PIPLANI PO BHOPAL MADHYA PRADESH
Website : www.montfortbhopal.com"
155,"Aff. No. :1030154
Sch. Code:50130","State : MADHYA PRADESH
District : BHOPAL",Senior Secondary Level,"Name : MOTHER TERESA SENIOR SECONDARY CO-ED SCHOOL
Head/Principal Name: JAMES MUNDAMTHADOM JOSEPH","Address : BAIRAGARH CHICHLI POST GRAM INAYATPUR BHOPAL MADHYA PRADESH
Website : www.motherteresaschool.net"
156,"Aff. No. :1030156
Sch. Code:50131","State : MADHYA PRADESH
District : BHOPAL",Senior Secondary Level,"Name : RED ROSE HIGHER SECONDARY SCHOOL
Head/Principal Name: FARHAT QURESHI","Address : LAMBAKHEDA BERASIA ROAD BHOPAL MADHYA PRADESH
Website : www.redroselkd.in"
157,"Aff. No. :1030157
Sch. Code:50133","State : MADHYA PRADESH
District : BHOPAL",Senior Secondary Level,"Name : ST THOMAS CONVENT HIGHER SECONDARY SCHOOL
Head/Principal Name: REV FR VISAKH SCARIAH","Address : AYODHYA NAGAR BHOPAL MADHYA PRADESH
Website : www.thomasbpl.com"
158,"Aff. No. :1030043
Sch. Code:50005","State : MADHYA PRADESH
District : BHOPAL",Senior Secondary Level,"Name : CAMPION SCHOOL
Head/Principal Name: ATHNAS LAKRA","Address : E 7 ARERA COLONY P B NO 2 BHOPAL MADHYA PRADESH
Website : www.campionbhopal.com"
159,"Aff. No. :1030051
Sch. Code:50009","State : MADHYA PRADESH
District : BHOPAL",Senior Secondary Level,"Name : CARMEL CONVENT GIRLS HIGHER SECONDARY SCHOOL
Head/Principal Name: SR ANN JOICY","Address : B H E L GOVINDPURA BHOPAL MADHYA PRADESH
Website : www.carmelbhopal.net"
160,"Aff. No. :1030045
Sch. Code:","State : MADHYA PRADESH
District : BHOPAL",Secondary Level,"Name : LAVANYA GURUKUL SCHOOL
Head/Principal Name: MRS. KALPANA SARKAR","Address : LAL GHATI KOI-E-FIAZA BHOPAL MADHYA PRADESH
Website : http://www.ksisnashik.com"
161,"Aff. No. :1030058
Sch. Code:50010","State : MADHYA PRADESH
District : BHOPAL",Senior Secondary Level,"Name : MAHARISHI VIDYA MANDIR
Head/Principal Name: Mamta Bhattacharjee","Address : RATANPUR HOSHANGABAD ROAD BHOPAL MADHYA PRADESH
Website : www.mvmbhopal-1.org"
162,"Aff. No. :1030068
Sch. Code:50003","State : MADHYA PRADESH
District : BHOPAL",Senior Secondary Level,"Name : BAL BHARATI PUBLIC SCHOOL
Head/Principal Name: KULDEEP SINGH","Address : NISHANTPURA (COACH REPAIR WORKSHOP) BHOPAL MADHYA PRADESH
Website : https://bbpsnishatpura.balbharati.org/"
163,"Aff. No. :1030074
Sch. Code:50011","State : MADHYA PRADESH
District : BHOPAL",Senior Secondary Level,"Name : B H E L VIKRAM HIGHER SECONDARY SCHOOL
Head/Principal Name: N CHANDRASEKHAR","Address : BHEL PIPLANI BHOPAL MADHYA PRADESH
Website : www.bsmbhopal.com/vss"
164,"Aff. No. :1030075
Sch. Code:","State : MADHYA PRADESH
District : BHOPAL",Senior Secondary Level,"Name : BHEL DR RADHAKRISHNAN GIRLS HIGHER SECONDARY
Head/Principal Name: Mr. P. A. NAIR","Address : SCHOOL A SECTOR BERKHERA BHEL BHOPAL MADHYA PRADESH
Website :"
165,"Aff. No. :1030097
Sch. Code:50015","State : MADHYA PRADESH
District : BHOPAL",Senior Secondary Level,"Name : GYAN GANGA ORCHIDS THE INTERNATINAL ACADEMY
Head/Principal Name: SHRADDHA SINGH","Address : MANDIDEEP ROAD, RATAN PUR MISROD, BHOPAL MADHYA PRADESH
Website : www.orchidsinternationalschool.com"
166,"Aff. No. :1030103
Sch. Code:50016","State : MADHYA PRADESH
District : BHOPAL",Senior Secondary Level,"Name : HOLY FAMILY CONVENT SCHOOL
Head/Principal Name: RINNI P A","Address : SHANTI NAGAR KHURANA P.O. BHOPAL MADHYA PRADESH
Website : www.hfcsbhopal.edu.in"
167,"Aff. No. :1030107
Sch. Code:50014","State : MADHYA PRADESH
District : BHOPAL",Senior Secondary Level,"Name : CARMEL CONVENT SENIOR SECONDARY SCHOOL
Head/Principal Name: ROSE TOM","Address : RATANPUR MISROD BHOPAL MADHYA PRADESH
Website : www.carmelratanpur.net"
168,"Aff. No. :1030108
Sch. Code:50012","State : MADHYA PRADESH
District : BHOPAL",Senior Secondary Level,"Name : ST. XAVIER'S HIGHER SECONDARY SCHOOL
Head/Principal Name: FR. LEO BABU","Address : BERKHERA C SECTOR BHEL BHOPAL MADHYA PRADESH
Website : www.stxaviersbhopal.org"
169,"Aff. No. :1030110
Sch. Code:50007","State : MADHYA PRADESH
District : BHOPAL",Senior Secondary Level,"Name : ST. MARY CONVENT HIGHER SECONDARY SCHOOL
Head/Principal Name: SR MARIA JAGTAP","Address : 1250 QUARTERS TULSI NAGAR BHOPAL MADHYA PRADESH
Website : www.stmarysbhopal.com"
170,"Aff. No. :1030112
Sch. Code:50006","State : MADHYA PRADESH
District : BHOPAL",Senior Secondary Level,"Name : ST. JOSEPH CO-EDU SCHOOL
Head/Principal Name: FR RONALD M VAUGHAN","Address : AREKA COLONY BHOPAL MADHYA PRADESH
Website : http://www.stjosephcoed.org"
171,"Aff. No. :1030115
Sch. Code:50008","State : MADHYA PRADESH
District : BHOPAL",Senior Secondary Level,"Name : ST. PAUL'S CO-ED SCHOOL
Head/Principal Name: DR. FR. THOMAS KOLLAPPILLY CMI","Address : P B NO 7 ANAND NAGAR BHOPAL MADHYA PRADESH
Website : www.stpaulsbhopal.net.in"
172,"Aff. No. :1030417
Sch. Code:50383","State : MADHYA PRADESH
District : BHOPAL",Senior Secondary Level,"Name : HEMA HR. SEC. SCHOOL
Head/Principal Name: Poonam Sharma","Address : D-SECTOR, GOVINDPURA, BHEL, BHOPAL
Website : https://www.hemaschool.education"
173,"Aff. No. :1030421
Sch. Code:50387","State : MADHYA PRADESH
District : BHOPAL",Senior Secondary Level,"Name : BHOPAL GIRLS SCHOOL
Head/Principal Name: JIYA MANGLANI","Address : PANCHWATI, AIRPORT ROAD
Website : www.bhopalgirlsschool.in"
174,"Aff. No. :1030433
Sch. Code:50444","State : MADHYA PRADESH
District : BHOPAL",Senior Secondary Level,"Name : ASIA PACIFIC INTERNATIONAL SCHOOL
Head/Principal Name: RUNU DAS","Address : VILL. KANKARIYA, SEMRI-MISROD BYE PASS, NEAR BAIRAGARH CHICHLI KOLAR ROAD, TEH-HUZUR, DISTT. BHOPAL, M.P.462042
Website : http://asiapacificinternationalschool.net/"
175,"Aff. No. :1030480
Sch. Code:50446","State : MADHYA PRADESH
District : BHOPAL",Senior Secondary Level,"Name : HOLY CROSS SR.SEC. SCHOOL
Head/Principal Name: DR SR USHA ANTONY","Address : CHICHLI BAIRAGARH, KOLAR ROAD. BHOPAL MADHYA PRADESH
Website : www.holycrossschoolbhopal.com"
176,"Aff. No. :1030449
Sch. Code:50415","State : MADHYA PRADESH
District : BHOPAL",Senior Secondary Level,"Name : MGM CO-ED HR. SEC. SCHOOL
Head/Principal Name: CIJO CHACKO","Address : CANAAN GARDEN,AMRAVAD KHURD, B.D.A ROAD, BERKHERA
Website : www.mgmschoolbhopal.com"
177,"Aff. No. :1030456
Sch. Code:50548","State : MADHYA PRADESH
District : BHOPAL",Senior Secondary Level,"Name : ST.RAPHAEL CO-ED SCHOOL
Head/Principal Name: VALSA JOSEPH","Address : 86/2 JATKHEDI, MISROD, BHOPAL 462026, BHOAL, MP
Website : http://www.straphaelcoed.com/"
178,"Aff. No. :1030459
Sch. Code:50503","State : MADHYA PRADESH
District : BHOPAL",Senior Secondary Level,"Name : BAL BHARATI PUBLIC SCHOOL
Head/Principal Name: DEEPA AGARWAL","Address : RATIBAD ROAD, NEELBAD P.O. SURAJ NAGAR, BHOPAL
Website : www.bbpsneelbad.balbharati.org"
179,"Aff. No. :1030398
Sch. Code:50363","State : MADHYA PRADESH
District : BHOPAL",Senior Secondary Level,"Name : SANT SRI ASARAMJI BAPU GURUKUL
Head/Principal Name: PRADEEP SIROLE","Address : GANDHI NAGAR, TEH HUZUR, DISTT. BHOPAL, M.P.-462036
Website : www.gurukulbhopal.org"
180,"Aff. No. :1030377
Sch. Code:50343","State : MADHYA PRADESH
District : BHOPAL",Senior Secondary Level,"Name : RENAISSANCE DIVINE PUBLIC SCHOOL
Head/Principal Name: RAKESH BHAGAT","Address : RENAISSANCE SCHOOL ROAD BEHIND FINE AVENUE, KOLAR ROAD, BHOPAL, MADHYA PRADESH
Website : www.renaissancedivineschool.in"
181,"Aff. No. :1030499
Sch. Code:50463","State : MADHYA PRADESH
District : BHOPAL",Senior Secondary Level,"Name : ST. FRANCIS HIGHER SECONDARY SCHOOL, BHOPAL
Head/Principal Name: CYRIAC NT","Address : JINSI, JEHANGIRABAD, BHOPAL, 462008
Website : www.stfrancisbhopal.com"
182,"Aff. No. :1030654
Sch. Code:50619","State : MADHYA PRADESH
District : BHOPAL",Senior Secondary Level,"Name : VIDYA NIKETAN HIGHER SECONDARY SCHOOL
Head/Principal Name: Urmil Luthra","Address : 422 , ARVIND VIHAR MP HOUSING BOARD COLONY
Website :"
183,"Aff. No. :1030636
Sch. Code:50603","State : MADHYA PRADESH
District : BHOPAL",Senior Secondary Level,"Name : MOUNT CARMEL CONVENT SCHOOL
Head/Principal Name: SUDHA","Address : BAIRAGARH CHICHLI , KOLAR ROAD , BHOPAL
Website : https://mountcarmelkolar.edu.in"
184,"Aff. No. :1030672
Sch. Code:50634","State : MADHYA PRADESH
District : BHOPAL",Senior Secondary Level,"Name : SARASWATI VIDYA MANDIR H.S. RESIDENTIAL SCHOOL,
Head/Principal Name: VIVEK SHARMA","Address : SHARDA VIHAR, KERWA DEM ROAD, HUZUR, BHOPAL
Website : www.shardavihar.in"
185,"Aff. No. :1030678
Sch. Code:50641","State : MADHYA PRADESH
District : BHOPAL",Senior Secondary Level,"Name : BANK OFFICERS PUBLIC H.S. SCHOOL
Head/Principal Name: SREEREKHA","Address : 121/2, NARELA SANKARI BYPASS ROAD AYODHYA NAGAR
Website : www.bophssbhopal.com"
186,"Aff. No. :1030680
Sch. Code:50655","State : MADHYA PRADESH
District : BHOPAL",Senior Secondary Level,"Name : KAMLA DEVI PUBLIC SCHOOL
Head/Principal Name: DR VINITA MISHRA","Address : BMHRC, CHHOLA OVER BRIDGE ROAD, BHOPAL
Website : www.kdpsbpl.in"
187,"Aff. No. :1030682
Sch. Code:50645","State : MADHYA PRADESH
District : BHOPAL",Senior Secondary Level,"Name : SARDAR PATEL PUBLIC SCHOOL
Head/Principal Name: RAKHI SHRIVASTAVA","Address : WARD NO.53, HOSANGABAD ROAD MISROD, BHOPAL
Website : http://sardarpatel.edu.in/"
188,"Aff. No. :1030690
Sch. Code:50649","State : MADHYA PRADESH
District : BHOPAL",Senior Secondary Level,"Name : RYAN INTERNATIONAL SCHOOL
Head/Principal Name: SARIKA CHOURASIA","Address : BAGHMUGALIYA EXTN LOHARPUR BHOPAL MADHYAPRADESH
Website : https://www.ryangroup.org/ryaninternational/cbse/bhopal/ryan"
189,"Aff. No. :1030699
Sch. Code:50662","State : MADHYA PRADESH
District : BHOPAL",Senior Secondary Level,"Name : SANKALP PUBLIC SCHOOL
Head/Principal Name: Anu Shrivastava","Address : SHIV SHAKTI NAGER, AHMADPUR , HOSHANGABAD ROAD BHOPAL
Website : www.sankalppublicschool.com"
190,"Aff. No. :1030700
Sch. Code:50661","State : MADHYA PRADESH
District : BHOPAL",Senior Secondary Level,"Name : DELHI PUBLIC SCHOOL, KOLAR ROAD
Head/Principal Name: VANDANA DHUPAR","Address : GRAM: CHICHALI, PATWARI HALKA NO. 30
Website : https://www.dpskolar.org"
191,"Aff. No. :1030713
Sch. Code:50677","State : MADHYA PRADESH
District : BHOPAL",Senior Secondary Level,"Name : HOLY CROSS CO-ED SCHOOL
Head/Principal Name: SR. MARY INFANZA","Address : NEW LAMBAKHEDA BERASIA ROAD BHOPAL
Website : www.holycrossbhopal.org"
192,"Aff. No. :1030719
Sch. Code:50684","State : MADHYA PRADESH
District : BHOPAL",Senior Secondary Level,"Name : CAMPION SCHOOL BHOURI, BAIRAGARH
Head/Principal Name: FR AMRITLAL TOPPO SJ","Address : BHOURI P. O. TEHSEL HUZUR DIST BHOPAL M.P.
Website : www.campionbhouri.com"
193,"Aff. No. :1030723
Sch. Code:50688","State : MADHYA PRADESH
District : BHOPAL",Senior Secondary Level,"Name : GVN GLOBAL SCHOOL
Head/Principal Name: SURBHI SHRIVASTAVA","Address : SECTOR C, GOVINDPURA, BHEL
Website : https://gvntheglobalschool.in"
194,"Aff. No. :1030744
Sch. Code:50710","State : MADHYA PRADESH
District : BHOPAL",Senior Secondary Level,"Name : ST.JOSEPHS CO-ED SCHOOL
Head/Principal Name: JIMCY VARGHESE","Address : GEHUNKHEDA,DIVINE NAGAR,KOLAR ROAD, BHOPAL - 462042
Website : www.stjosephscoedkolar.in"
195,"Aff. No. :1030759
Sch. Code:50726","State : MADHYA PRADESH
District : BHOPAL",Senior Secondary Level,"Name : THE IVY GLOBAL SCHOOL
Head/Principal Name: RAJESH KUMAR SHARMA","Address : KATARA, OFF. HOSHANGABAD ROAD, BAGHMUGALIA, NEAR PEBBLE BAY
Website : www.theivyglobalschool.edu.in"
196,"Aff. No. :1030761
Sch. Code:50727","State : MADHYA PRADESH
District : BHOPAL",Senior Secondary Level,"Name : KOPAL PUBLIC SCHOOL
Head/Principal Name: AMITA MISHRA","Address : BARKHEDI KALAN, NEELBAD ROAD
Website : www.kopalpublicschool.com"
197,"Aff. No. :1030795
Sch. Code:50768","State : MADHYA PRADESH
District : BHOPAL",Senior Secondary Level,"Name : CHRIST MEMORIAL HIGHER SECONDARY SCHOOL
Head/Principal Name: PARMENDRA DARYANI","Address : BAIRAGARH BHOPAL
Website : www.christmemorialschool.org"
198,"Aff. No. :1030816
Sch. Code:50781","State : MADHYA PRADESH
District : BHOPAL",Senior Secondary Level,"Name : NRI GLOBAL DISCOVERY ACADEMY SCHOOL
Head/Principal Name: Dr A Cecilia","Address : NEAR AIIMS BAGHSEVANA, SAKET NAGAR
Website : www.nrigdsbhopal.com"
199,"Aff. No. :1030843
Sch. Code:50822","State : MADHYA PRADESH
District : BHOPAL",Senior Secondary Level,"Name : QUEEN MARYS HR. SEC. SCHOOL
Head/Principal Name: AROCKIA MARY DAISY J","Address : RAJEEV NAGAR, PHASE III, BYPASS ROAD, AYODHYA NAGAR
Website : www.queenmarysbhopal.com"
200,"Aff. No. :1030852
Sch. Code:50814","State : MADHYA PRADESH
District : BHOPAL",Senior Secondary Level,"Name : SAGAR PUBLIC SCHOOL
Head/Principal Name: Shraddha Kanungo","Address : E-8 EXTENSION ARERA COLONY, ROHIT NAGAR, BHOPAL, MADHYA PRADESH
Website : www.spsrn.ac.in"
201,"Aff. No. :1030834
Sch. Code:50799","State : MADHYA PRADESH
District : BHOPAL",Senior Secondary Level,"Name : IES PUBLIC SCHOOL
Head/Principal Name: SUNIL DWIVEDI","Address : IES CAMPUS KALKHEDA RATIBAD MAIN ROAD BHOPAL
Website : www.iespublicschool.ac.in"
202,"Aff. No. :1030862
Sch. Code:50825","State : MADHYA PRADESH
District : BHOPAL",Senior Secondary Level,"Name : ST. FRANCIS CO-ED SCHOOL
Head/Principal Name: SR P LEEMA ROSE","Address : BARRAI, BAGRODA ROAD
Website : www.stfrancisschool.edu.in"
203,"Aff. No. :1030903
Sch. Code:50868","State : MADHYA PRADESH
District : BHOPAL",Senior Secondary Level,"Name : TAKSHSHILA PUBLIC SCHOOL
Head/Principal Name: RANITA KHARE","Address : GRAM JHIRNIYA, NH12, JAIPUR ROAD POST PARWALIYA, MUNGALIYA HAAT
Website : https://tpsj.in/"
204,"Aff. No. :1031062
Sch. Code:51029","State : MADHYA PRADESH
District : BHOPAL",Senior Secondary Level,"Name : THE ICONIC SCHOOL
Head/Principal Name: SUMAN PUROHIT DAS","Address : NEAR SAI, GRAM BHISHEN KHEDI, BHADBHADA ROAD
Website : http://www.iconicschool.com/"
205,"Aff. No. :1031066
Sch. Code:51033","State : MADHYA PRADESH
District : BHOPAL",Senior Secondary Level,"Name : LNCT WORLD SCHOOL
Head/Principal Name: CHETANYA SAXENA","Address : NEW CHOUKSEY NAGARLAMBAKHEDA BAIRASIA ROAD KAROND ROAD, BHOPAL
Website : https://lnctworldschools.com/"
206,"Aff. No. :1031081
Sch. Code:51049","State : MADHYA PRADESH
District : BHOPAL",Senior Secondary Level,"Name : SAGE INTERNATIONAL SCHOOL
Head/Principal Name: SHEFALI PATEL","Address : NEAR SIRT-S AYODHYA BYPASS ROAD
Website : www.sisbhopal.edu.in"
207,"Aff. No. :1031007
Sch. Code:50975","State : MADHYA PRADESH
District : BHOPAL",Senior Secondary Level,"Name : PARAS PUBLIC SCHOOL
Head/Principal Name: ROLI GURJAR","Address : VILL- NAHARIYA(BHOURASA), POST- BERASIA, TEHSIL- BERASIA, DIST. BHOPAL
Website : www.ppsberasiya.com"
208,"Aff. No. :1031179
Sch. Code:51200","State : MADHYA PRADESH
District : BHOPAL",Senior Secondary Level,"Name : PODAR INTERNATIONAL SCHOOL
Head/Principal Name: Mahendra Jagdale","Address : KAKDA FARMS, OPPOSITE ECO GREEN CITY, AYODHYA BYPASS ROAD, BHOPAL
Website : www.podareducation.org/school/bhopal"
209,"Aff. No. :1031181
Sch. Code:51202","State : MADHYA PRADESH
District : BHOPAL",Senior Secondary Level,"Name : SAGAR PUBLIC SCHOOL
Head/Principal Name: Prachi Varma","Address : SAGAR PUBLIC SCHOOL, BY PASS ROAD, KATARA EXTENSION, BHOPAL -
Website : www.spske.ac.in"
210,"Aff. No. :1031184
Sch. Code:51205","State : MADHYA PRADESH
District : BHOPAL",Senior Secondary Level,"Name : ST. BENEDICT ACADEMY
Head/Principal Name: Bency PM","Address : BANGRASIA, BHOPAL
Website : http://www.stbenedictbhopal.com"
211,"Aff. No. :1031109
Sch. Code:51085","State : MADHYA PRADESH
District : BHOPAL",Senior Secondary Level,"Name : CANYON SCHOOL BEENAPUR
Head/Principal Name: URUSA SAJID","Address : BEENAPUR EINTKHEDI BERASIA ROAD
Website : www.canyonschoolbeenapur.com"
212,"Aff. No. :1031121
Sch. Code:51093","State : MADHYA PRADESH
District : BHOPAL",Senior Secondary Level,"Name : SAGAR PUBLIC SCHOOL, RATIBAD
Head/Principal Name: Namrata Sinha","Address : SAGAR PUBLIC SCHOOL SIKANDRABAD,NEAR RATIBAD, BHADBHADA ROAD, BHOPAL (MP)-462044
Website : www.spsrb.ac.in"
213,"Aff. No. :1031124
Sch. Code:51094","State : MADHYA PRADESH
District : BHOPAL",Senior Secondary Level,"Name : SILVER BELLS CONVENT SCHOOL
Head/Principal Name: SANDESH MISHRA","Address : HOUSING BOARD COLONY, ARVIND VIHAR, BAGHMUGALIA
Website : www.silverbellsconventschool.com"
214,"Aff. No. :1031461
Sch. Code:51478","State : MADHYA PRADESH
District : BHOPAL",Secondary Level,"Name : RIVERTON VALLEY SCHOOL
Head/Principal Name: NIDHI LAL","Address : 61 BILKHIRIYA KHURD , NEAR AAKRITI ECO CITY , SALLAIYA
Website : https://rivertonvalley.edu.in/"
215,"Aff. No. :1031402
Sch. Code:51419","State : MADHYA PRADESH
District : BHOPAL",Secondary Level,"Name : RED ROSE SCHOOL
Head/Principal Name: MANPREET ROY","Address : KHASRA NUMBER 399/3/2, VILLAGE BASAI, MANKHYAI ROAD, , OFF SHAMSHABAD ROAD
Website : www.redroseberasia.in"
216,"Aff. No. :1031290
Sch. Code:51308","State : MADHYA PRADESH
District : BHOPAL",Senior Secondary Level,"Name : THE ORIENTAL SCHOOL
Head/Principal Name: Swapna A Aphale","Address : RAISEN ROAD, BHOPAL
Website : http://www.theorientalschool.in/"
217,"Aff. No. :1031250
Sch. Code:51268","State : MADHYA PRADESH
District : BHOPAL",Senior Secondary Level,"Name : SAGE INTERNATIONAL SCHOOL
Head/Principal Name: Bhawna Shrivastava","Address : DK-5 KOLAR ROAD BHOPAL
Website : www.sisbhopal.edu.in"
218,"Aff. No. :1031312
Sch. Code:51329","State : MADHYA PRADESH
District : BHOPAL",Senior Secondary Level,"Name : THE SANSKRITI SCHOOL
Head/Principal Name: GAURAV KUMAR","Address : KATARA EXTENSION, SAHARA BYPASS ROAD
Website : http://www.thesanskritischool.com"
219,"Aff. No. :1031300
Sch. Code:51318","State : MADHYA PRADESH
District : BHOPAL",Senior Secondary Level,"Name : VINAYAM PUBLIC SCHOOL
Head/Principal Name: Mehboob Jahan Meer","Address : BERASIA ROAD, BHOPAL
Website : www.vinayamschool.com"
220,"Aff. No. :1031327
Sch. Code:51344","State : MADHYA PRADESH
District : BHOPAL",Secondary Level,"Name : PODAR WORLD SCHOOL BHOPAL
Head/Principal Name: Pooja Sharma","Address : NEAR TRUBA COLLEGE, BEHIND DWARKADHAM COLONY BADWAI
Website : http://www.podar.org/bhopal"
221,"Aff. No. :1031377
Sch. Code:51394","State : MADHYA PRADESH
District : BHOPAL",Secondary Level,"Name : SRI CHAITANYA TECHNO SCHOOL
Head/Principal Name: GAYATRI MAVURU","Address : OPPOSITE PRIDE CITY, MAIN ROAD KATARA HILLS, BARRAI VILLAGE BHOPAL
Website : https://srichaitanyatechnoschoolbhopal.net/"
222,"Aff. No. :1031361
Sch. Code:51379","State : MADHYA PRADESH
District : BHOPAL",Senior Secondary Level,"Name : TECHNOCRATS INTERNATIONAL SCHOOL
Head/Principal Name: MEENU JUNJA","Address : ANAND NAGAR POST PIPLANI, BHOPAL
Website : http://www.technocratsinternationalschool.com/"
223,"Aff. No. :1031370
Sch. Code:51387","State : MADHYA PRADESH
District : BHOPAL",Secondary Level,"Name : MOUNT LITERA ZEE SCHOOL
Head/Principal Name: Kavita Kaur","Address : 340, GRAM CHHAN, NR. AMER MAJESTIC, HOSHANGABAD ROAD, BHOPAL
Website : www.zeeschoolbhopal.com"
224,"Aff. No. :1031343
Sch. Code:51360","State : MADHYA PRADESH
District : BHOPAL",Senior Secondary Level,"Name : LAURELS WORLD SCHOOL
Head/Principal Name: PRAMILA RAHI PANDEY","Address : BHOPAL-INDORE ROAD , JAMONIYA CHIRR
Website : https://laurelsworldschool.com/"
225,"Aff. No. :1031331
Sch. Code:51348","State : MADHYA PRADESH
District : BHOPAL",Senior Secondary Level,"Name : LEELAVATI INTERNATIONAL SCHOOL
Head/Principal Name: MANJU TIWARI","Address : BHOPAL, DIST BHOPAL, MP
Website : www.lvisbhopal.com"
226,"Aff. No. :1031339
Sch. Code:51356","State : MADHYA PRADESH
District : BHOPAL",Middle Class,"Name : ST FRANCIS CONVENT CO ED SCHOOL PATEL NAGAR
Head/Principal Name: JIJI BOS","Address : PATEL NAGAR, RAISEN ROAD
Website : http://stfrancispatelnagar.edu.in"
227,"Aff. No. :1031350
Sch. Code:51367","State : MADHYA PRADESH
District : BHOPAL",Senior Secondary Level,"Name : NARAYANA E TECHNO SCHOOL
Head/Principal Name: Deepali Alhat","Address : T.T. NAGAR, , BHOPAL (M.P.)
Website : www.narayanaetechnoschoolbhopal1.com"
228,"Aff. No. :1031358
Sch. Code:51376","State : MADHYA PRADESH
District : BHOPAL",Senior Secondary Level,"Name : SAGAR PUBLIC SCHOOL, DWARKA DHAM
Head/Principal Name: Arti Khillan","Address : AIRPORT BYPASS ROAD, BHOPAL
Website : www.spsdd.ac.in"
229,"Aff. No. :1040034
Sch. Code:54019","State : MADHYA PRADESH
District : BHOPAL",Senior Secondary Level,"Name : JAWAHAR NAVODAYA VIDYALAYA
Head/Principal Name: PUSHPA SINGH","Address : RATIBAD DT.BHOPAL MADHYA PRADESH
Website : https://navodaya.gov.in/nvs/nvs-school/BHOPAL/en/h"
230,"Aff. No. :1080008
Sch. Code:54001","State : MADHYA PRADESH
District : BHOPAL",Senior Secondary Level,"Name : ARMY PUBLIC SCHOOL
Head/Principal Name: PRIYANKA TRIVEDI","Address : 3 EME CENTRE BAIRAGARH BHOPAL MADHYA PRADESH
Website : https://www.apsbhopal.edu.in"
231,"Aff. No. :1031416
Sch. Code:51433","State : MADHYA PRADESH
District : CHHATARPUR",Secondary Level,"Name : GSM ENGLISH SCHOOL
Head/Principal Name: Somya Singh Parmar","Address : SAGAR ROAD, CHHATARPUR, DIST.- CHHATARPUR, (M. P.)
Website : http://gsmchhatarpur.com/"
232,"Aff. No. :1031424
Sch. Code:51441","State : MADHYA PRADESH
District : CHHATARPUR",Secondary Level,"Name : VIDYA BHAWAN PUBLIC SCHOOL
Head/Principal Name: Anjali Tripathi","Address : NOWGONG, DIST.- CHHATARPUR, MP
Website : https://vbpsnowgong.com/index.aspx"
233,"Aff. No. :1031453
Sch. Code:51470","State : MADHYA PRADESH
District : CHHATARPUR",Secondary Level,"Name : B.S. PUBLIC VIDHYA NIKETAN
Head/Principal Name: USHA PATEL","Address : NEAR BILHARI GAYATRI MANDIR MAHOBA ROAD , WARD NO 04 , NOWGONG
Website : http://bspublicvidhyaniketanhighschool.in"
234,"Aff. No. :1040016
Sch. Code:54020","State : MADHYA PRADESH
District : CHHATARPUR",Senior Secondary Level,"Name : JAWAHAR NAVODAYA VIDYALAYA
Head/Principal Name: N P CHANCHAL","Address : NOWGONG BUNDELKHAND CHHATARPUR MADHYA PRADESH
Website :"
235,"Aff. No. :1031480
Sch. Code:51498","State : MADHYA PRADESH
District : CHHATARPUR",Secondary Level,"Name : ORIGIN PUBLIC SCHOOL LAVKUSHNAGAR
Head/Principal Name: MEENA SHIVDASANI","Address : RANIPURA, CHHATARPUR ROAD, LAVKUSHNAGAR
Website : https://originschool.in"
236,"Aff. No. :1031140
Sch. Code:51107","State : MADHYA PRADESH
District : CHHATARPUR",Senior Secondary Level,"Name : EDIFY SCHOOL CHHATARPUR
Head/Principal Name: SUSHEEL KUMAR SINGH","Address : KHASRA NO.621 VILLAGE CHOWKA NH-86 SAGAR ROAD CHHATARPUR
Website : https://www.edifyschoolchhatarpur.com/"
237,"Aff. No. :1031191
Sch. Code:51212","State : MADHYA PRADESH
District : CHHATARPUR",Senior Secondary Level,"Name : DECENT ENGLISH SCHOOL CHHATARPUR
Head/Principal Name: Mayuri Dubey","Address : BEHIND HANUMAN TORIYA, DURGA COLONY
Website : www.decentenglishschool.com"
238,"Aff. No. :1030934
Sch. Code:50897","State : MADHYA PRADESH
District : CHHATARPUR",Senior Secondary Level,"Name : BEHS SUMATI ACADEMY
Head/Principal Name: SUNIL KUMAR MISRA","Address : NOWGONG ROAD, TEHSIL AND DISTT. CHHATARPUR, MADHYA PRADESH-471001
Website : www.sumatiacademy.com"
239,"Aff. No. :1030949
Sch. Code:50911","State : MADHYA PRADESH
District : CHHATARPUR",Senior Secondary Level,"Name : DR. K.N. MEMORIAL PUBLIC HR. SEC. SCHOOL SORA ROAD CHHATARPUR
Head/Principal Name: DR ANAND KR BAJPAI","Address : SAURA ROAD CHHATARPUR MP
Website : www.drknmphsschp.ac.in"
240,"Aff. No. :1030875
Sch. Code:50837","State : MADHYA PRADESH
District : CHHATARPUR",Senior Secondary Level,"Name : ACHARYA SHRIRAM VIDYALAYA
Head/Principal Name: MOHD RIZWAN HUSSAIN","Address : WARD NO-1,PIPRI ,NOWGONG
Website : www.asvedu.in"
241,"Aff. No. :1030894
Sch. Code:50859","State : MADHYA PRADESH
District : CHHATARPUR",Senior Secondary Level,"Name : DELHI PUBLIC SCHOOL
Head/Principal Name: DEEPALI WILSON","Address : VILLAGE KADARI, POST BASARI, S/O BAMITHA, CHHATARPUR 471105
Website : www.dpschhatarpur.org"
242,"Aff. No. :1030854
Sch. Code:50816","State : MADHYA PRADESH
District : CHHATARPUR",Secondary Level,"Name : CHRIST JYOTI SCHOOL
Head/Principal Name: Sherly Joseph","Address : CHRIST JYOTI SCHOOL,LAVKUSH NAGAR,CHHATARPUR(MP) 471515
Website : www.christjyotischool.in"
243,"Aff. No. :1030542
Sch. Code:50521","State : MADHYA PRADESH
District : CHHATARPUR",Senior Secondary Level,"Name : SHEALING'S PUBLIC SCHOOL
Head/Principal Name: KHYATI GAUTAM","Address : IN FRONT OF KISHORE SAGAR TALAB CHHATARPUR
Website : www.shealingpublicschool.com"
244,"Aff. No. :1030391
Sch. Code:50355","State : MADHYA PRADESH
District : CHHATARPUR",Senior Secondary Level,"Name : SANMATI VIDHYA MANDIR PUBLIC SCHOOL
Head/Principal Name: VINOD KUMAR SONI","Address : INFRONT OF CHHATRASAL COLONY, PANNA ROAD, NEAR CITY KOTWALI, CHHATARPUR (M.P.)
Website : www.svmps.in"
245,"Aff. No. :1030405
Sch. Code:50369","State : MADHYA PRADESH
District : CHHATARPUR",Senior Secondary Level,"Name : G. C. M. CONVENT SCHOOL
Head/Principal Name: GRESHMA","Address : NOWGONG (BKD), CHHATARPUR, MP. 471201
Website : www.gcmschoolnowgong.in"
246,"Aff. No. :1030368
Sch. Code:50335","State : MADHYA PRADESH
District : CHHATARPUR",Senior Secondary Level,"Name : SANSKAR THE PUBLIC SCHOOL
Head/Principal Name: VEENA BUDHOLIYA","Address : OPP. PITAMBARA TEMPLE, SATAI ROAD, CHATTARPUR DISTT., MADHYA PRADESHB
Website : www.sanskarschoolchhatarpur.com"
247,"Aff. No. :1030352
Sch. Code:50319","State : MADHYA PRADESH
District : CHHATARPUR",Senior Secondary Level,"Name : TAKSHSHILA PUBLIC MODEL HIGH SCHOOL
Head/Principal Name: Lalit kumar nayak","Address : NAUGOUN, DAURIYA , DISTT CHHATURPUR, MADHYA PRADESH
Website : http://www.takshashilasikshasansthan.org"
248,"Aff. No. :1030451
Sch. Code:50417","State : MADHYA PRADESH
District : CHHATARPUR",Senior Secondary Level,"Name : MARIA MATA CONVENT HIGH SCHOOL
Head/Principal Name: VIOLET BERNARD","Address : CHOUBEY COLONY, DISTT. & TEH. CHHATARPUR, MADHYA PRADESH
Website : http://www.mariamatachhatarpur.in"
249,"Aff. No. :1030078
Sch. Code:50018","State : MADHYA PRADESH
District : CHHATARPUR",Senior Secondary Level,"Name : MAHARISHI VIDYA MANDIR
Head/Principal Name: DEVANSH BHARATDWAJ UPADHYAY","Address : DERU ROAD CHATTARPUR MADHYA PRADESH
Website : www.mvmchhatarpur.org"
250,"Aff. No. :1030226
Sch. Code:50201","State : MADHYA PRADESH
District : CHHATARPUR",Senior Secondary Level,"Name : CARE ENGLISH SCHOOL
Head/Principal Name: Shabnam Begum","Address : MAHOBA ROAD CHHATARPUR MADHYA PRADESH
Website : https://careschool.edu.in"
251,"Aff. No. :1000060
Sch. Code:54074","State : MADHYA PRADESH
District : CHHATARPUR",Senior Secondary Level,"Name : PM SHRI KENDRIYA VIDAYALAYA
Head/Principal Name: MANISH RUSIA","Address : MAHOBA ROAD, OPP. RTO OFFICE, CHHATARPUR MADHYA PRADESH
Website : https://chhattarpur.kvs.ac.in"
252,"Aff. No. :1000057
Sch. Code:54075","State : MADHYA PRADESH
District : CHHINDWARA",Senior Secondary Level,"Name : PM SHRI KENDRIYA VIDYALAYA
Head/Principal Name: HARI PRASAD DHARKAR","Address : CHHINDWARA MADHYA PRADESH
Website : www.chhindwara.kvs.ac.in"
253,"Aff. No. :1000033
Sch. Code:54076","State : MADHYA PRADESH
District : CHHINDWARA",Senior Secondary Level,"Name : KENDRIYA VIDYALAYA
Head/Principal Name: SURYA PRATAP SINGH","Address : BARKUHI PO CHANDAMETTA DISTT CHHINDWARA MADHYA PRADESH
Website : www.chandametta.kvs.ac.in"
254,"Aff. No. :1000096
Sch. Code:54157","State : MADHYA PRADESH
District : CHHINDWARA",Senior Secondary Level,"Name : PM SHRI KENDRIYA VIDYALAYA
Head/Principal Name: SANDEEP SAHU","Address : CHOURAI SOYA BEAN PLANT, PALATWARA, P.D MARKAHAHANDI
Website : https://chaurai.kvs.ac.in"
255,"Aff. No. :1000100
Sch. Code:51133","State : MADHYA PRADESH
District : CHHINDWARA",Senior Secondary Level,"Name : PM SHRI KENDRIYA VIDYALAYA PANDHURNA
Head/Principal Name: HANSRAJ MEENA","Address : NAGAR PALIKA BOARDING BHAWAN, PANDHURNA
Website : https://pandhurna.kvs.ac.in/"
256,"Aff. No. :1000102
Sch. Code:51121","State : MADHYA PRADESH
District : CHHINDWARA",Senior Secondary Level,"Name : PM SHRI KENDRIYA VIDYALAYA JAMAI
Head/Principal Name: AMOD KUMAR RANJAN","Address : KENDRIYA VIDYALAYA JAMAI, HANOTIYA ROAD , NEAR GOVT. ITI COLLEGE, TEH- JUNNARDEO
Website : https://jamai.kvs.ac.in/"
257,"Aff. No. :1000093
Sch. Code:54154","State : MADHYA PRADESH
District : CHHINDWARA",Senior Secondary Level,"Name : PM SHRI KENDRIYA VIDYALAYA NO-2
Head/Principal Name: ASHOK KUMAR SINGH","Address : KENDRIYA VIDYALAYA NO2 CHHINDWARA, IMLIKHEDA CROSSING SEONI BYPASS, CHHINDWARA
Website : www.no2chhindwara.kvs.ac.in"
258,"Aff. No. :1020020
Sch. Code:52017","State : MADHYA PRADESH
District : CHHINDWARA",Senior Secondary Level,"Name : EKLAVYA MODEL RESIDENTIAL SCHOOL
Head/Principal Name: MOHAN SALAME","Address : SINGARDEEP CAMPING, AT- SAMARBOH, TEH/BLOCK- BICHHUA, DISTT. CHHINDWARA, MADHYA PRADESH
Website : https://emrssingardeep.com/"
259,"Aff. No. :1020012
Sch. Code:52013","State : MADHYA PRADESH
District : CHHINDWARA",Senior Secondary Level,"Name : EKLAVYA MODEL RESIDENTIAL SCHOOL JUNNARDEO
Head/Principal Name: DR. UPDEEP KAUR","Address : JUNNARDEO, DISTT. CHINDWARA, MP
Website : www.emrs1chhindwara.in"
260,"Aff. No. :1030027
Sch. Code:50022","State : MADHYA PRADESH
District : CHHINDWARA",Senior Secondary Level,"Name : KANHAN VALLEY SCHOOL
Head/Principal Name: AKHILENDRA SINGH","Address : DUNGARIA VIA JUNNARDEO CHHINDWARA DISTT MADHYA PRADESH
Website : www.kanhanvalleyschool.edu.in"
261,"Aff. No. :1020121
Sch. Code:52131","State : MADHYA PRADESH
District : CHHINDWARA",Senior Secondary Level,"Name : KANYA SHIKSHA PARISAR
Head/Principal Name: VASANT KUMAR SANODIYA","Address : GANESH COLONY,NARSINGHPUR ROAD,CHHINDWARA
Website : www.kspcwa.com"
262,"Aff. No. :1020103
Sch. Code:52113","State : MADHYA PRADESH
District : CHHINDWARA",Senior Secondary Level,"Name : EKLAVYA MODEL RESIDENTIAL SCHOOL TAMIA
Head/Principal Name: RAJESH BABU KUSHWAHA","Address : EKLAVYA MODEL RESIDENTIAL SCHOOL TAMIA
Website : www.emrstamia.com"
263,"Aff. No. :1020092
Sch. Code:52110","State : MADHYA PRADESH
District : CHHINDWARA",Senior Secondary Level,"Name : GOVT. KANYA SHIKSHA PARISAR BICHHUA
Head/Principal Name: RAMESH Ganjare","Address : GOVT KANYA SHIKSHA PARISAR BICHHUA TEH-BICHHUA DIST-CHHINDWARA PIN 480111
Website :"
264,"Aff. No. :1020069
Sch. Code:52051","State : MADHYA PRADESH
District : CHHINDWARA",Senior Secondary Level,"Name : EKLAVYA MODEL RESIDENTIAL SCHOOL HARRAI
Head/Principal Name: DHARAM RAJ","Address : WARD NU. 01 NARSINGHPUR ROAD HARRAI TEHSIL HARRAI DIST. CHHINDWARA
Website : www.emrsharrai.org.in"
265,"Aff. No. :1020063
Sch. Code:52042","State : MADHYA PRADESH
District : CHHINDWARA",Senior Secondary Level,"Name : KANYA SHIKSHA PARISAR JUNNARDEO
Head/Principal Name: CHANDRAKALA SATANKAR","Address : KANYA SHIKSHA PARISAR JUNNARDEO
Website : http://www.kanyashikshaparisarjunnardeo.org.in/"
266,"Aff. No. :1030221
Sch. Code:50196","State : MADHYA PRADESH
District : CHHINDWARA",Senior Secondary Level,"Name : FIRST STEP HIGHER SECONDARY SCHOOL
Head/Principal Name: RUCHIKA SAO","Address : CIRCULAR ROAD CHHINDWARA MADHYA PRADESH
Website : www.firststepsch.in"
267,"Aff. No. :1030272
Sch. Code:50244","State : MADHYA PRADESH
District : CHHINDWARA",Senior Secondary Level,"Name : BHART BHARTI VIDYALAYA (ENGLISH MEDIUM)
Head/Principal Name: CHANCHALESH SHARMA","Address : NARSHINGHPUR ROAD CHHINDWARA MADHYA PRADESH
Website : www.bbvcwa.com"
268,"Aff. No. :1030071
Sch. Code:50021","State : MADHYA PRADESH
District : CHHINDWARA",Secondary Level,"Name : BHANSALI VIDYA MANDIR PUBLIC SCHOOL
Head/Principal Name: ZAHEER AHMED PATEL","Address : BHANSALI NAGAR TEH. SAUSAR P.O.PARADSINGA DISTT. CHHINDWARA MADHYA PRADESH
Website : www.bvmps.com"
269,"Aff. No. :1030050
Sch. Code:50019","State : MADHYA PRADESH
District : CHHINDWARA",Senior Secondary Level,"Name : MAHARISHI VIDYA MANDIR
Head/Principal Name: SHRADDHA SHYAMMOHAN TRIPATHI","Address : P.O. IMLI KHEDA NAGPUR ROAD VILL SARRA CHHINDWARA MADHYA PRADESH
Website : www.mvmchhindwara.org"
270,"Aff. No. :1030180
Sch. Code:50160","State : MADHYA PRADESH
District : CHHINDWARA",Senior Secondary Level,"Name : DON BOSCO PUBLIC SCHOOL
Head/Principal Name: CAROLINE GAURI BOSCO","Address : JHIRPA TEH TAMIA DISTT CHHINDWARA MADHYA PRADESH
Website : www.donbosco.edu.in"
271,"Aff. No. :1030177
Sch. Code:50155","State : MADHYA PRADESH
District : CHHINDWARA",Senior Secondary Level,"Name : VIDYA BHUMI PUBLIC SCHOOL
Head/Principal Name: AMITI SRINIVASA RAO","Address : DEEN DYAL PURAM COLONY KUKDA, CIRCULAR ROAD CHHINDWARA MADHYA PRADESH
Website : www.vidyabhumi.edu.in"
272,"Aff. No. :1030481
Sch. Code:50447","State : MADHYA PRADESH
District : CHHINDWARA",Senior Secondary Level,"Name : BHAGWAN SRICHAND PUBLIC HIGH SCHOOL
Head/Principal Name: BARKHA BEDI","Address : NEW BAIL BAZAR P.G. COLLAGE ROAD CHHINDWARA CHHINDWARA MADHYA PRADESH
Website : www.bspschhindwara.co.in"
273,"Aff. No. :1030351
Sch. Code:50367","State : MADHYA PRADESH
District : CHHINDWARA",Senior Secondary Level,"Name : OM SAI CENTRAL PUBLIC SCHOOL
Head/Principal Name: JAISHREE KELKAR","Address : NAGPUR-CHHINWARA ROAD,SAUSAR, DISTT CHHINDWARA, MADHYA PRADESH
Website : www.omsaicentralpublicschool.com"
274,"Aff. No. :1030512
Sch. Code:50477","State : MADHYA PRADESH
District : CHHINDWARA",Secondary Level,"Name : NIRMAL PUBLIC ACHOOL
Head/Principal Name: YOGESH SINGH SISODIYA","Address : VILLAGE-SHIKARPUR,NAGPUR ROAD, CHINDWARA(M.P.)480001
Website : http://nirmalschool.com"
275,"Aff. No. :1030515
Sch. Code:50480","State : MADHYA PRADESH
District : CHHINDWARA",Senior Secondary Level,"Name : GYAN GANGA PUBLIC HIGH SCHOOL
Head/Principal Name: Jayesh Dabli","Address : SATKAR COMPOUND PARASIA ROAD, CHHINDWARA, MADHYA PRADESH
Website : https://gyangangachhindwara.com"
276,"Aff. No. :1030586
Sch. Code:50553","State : MADHYA PRADESH
District : CHHINDWARA",Secondary Level,"Name : HAPPY HOURS ENGLISH MEDIUM SCHOOL
Head/Principal Name: Seema Sadiq","Address : PRAYAS CAMPUS, CHOURAI ROAD AMARWARA CHHINDWARA DISTT M.P.
Website : www.happy-hours.in"
277,"Aff. No. :1030595
Sch. Code:50561","State : MADHYA PRADESH
District : CHHINDWARA",Senior Secondary Level,"Name : NIRMALA ENGLISH MEDIUM SCHOOL
Head/Principal Name: Lilly Paul","Address : OPP. SYNDICATE BANK, KHAJRI ROAD
Website : www.nirmalaemschool.com"
278,"Aff. No. :1030598
Sch. Code:50567","State : MADHYA PRADESH
District : CHHINDWARA",Senior Secondary Level,"Name : SANKALP HIGHER SECONDARY SCHOOL, SAUSAR
Head/Principal Name: WARSHA THAKRE","Address : CIVIL LINE WARD NO. 13 SAUSAR DISTT. CHHINDWARA (M.P.)
Website : www.sankalpschoolsausar.edu.in"
279,"Aff. No. :1030616
Sch. Code:50584","State : MADHYA PRADESH
District : CHHINDWARA",Senior Secondary Level,"Name : SANT SRI ASARAMJI GURUKUL HIGHER SECONDARY SCHOOL, CHHINDWARA (M.P.)
Head/Principal Name: SUSHIL SINGH PARIHAR","Address : SHAKTI HOUSE PARASIA ROAD CHHINDWARA
Website : www.gurukulcwa.in"
280,"Aff. No. :1030784
Sch. Code:50751","State : MADHYA PRADESH
District : CHHINDWARA",Senior Secondary Level,"Name : SANT CHAVARA NATIONAL ACADEMY
Head/Principal Name: Fr. Jaison Puthur","Address : CHANDAMETTA , CHHINDWARA
Website : www.santchavaranationalacademy.com"
281,"Aff. No. :1030789
Sch. Code:50760","State : MADHYA PRADESH
District : CHHINDWARA",Senior Secondary Level,"Name : DELHI PUBLIC SCHOOL,
Head/Principal Name: HABIB KHAN","Address : 12 KM STONE VILLAGE- TIWRAKHED TAHSIL- MOHKHED DISTT- CHHINDWARA (MP)
Website : www.dpschhindwara.com"
282,"Aff. No. :1030893
Sch. Code:50858","State : MADHYA PRADESH
District : CHHINDWARA",Senior Secondary Level,"Name : GYAN SAGAR PUBLIC SCHOOL
Head/Principal Name: Abhishikha Thakre","Address : WARD NO.17 NEAR SUKRI FOREST NAKA KHAJRI ROAD JUNNARDEO
Website : www.gyansagarps.com"
283,"Aff. No. :1030865
Sch. Code:50954","State : MADHYA PRADESH
District : CHHINDWARA",Secondary Level,"Name : I.T. INTERNATIONAL PUBLIC SCHOOL JHAMTA BICHHUA
Head/Principal Name: POOJA BOBDE","Address : JHAMTA BICHHUA
Website : http://itinternationalbichhua.in"
284,"Aff. No. :1030910
Sch. Code:50874","State : MADHYA PRADESH
District : CHHINDWARA",Senior Secondary Level,"Name : STEP FORWARD PUBLIC SCHOOL JUNNARDEO
Head/Principal Name: Pamela Patricia Ward","Address : BEHIND WELFARE HOSPITAL, HANOTIA ROAD, JUNNARDEO
Website : http://stepforwardpublicschool.com/index.php"
285,"Aff. No. :1030705
Sch. Code:50736","State : MADHYA PRADESH
District : CHHINDWARA",Senior Secondary Level,"Name : JAI GURUDEV INTERNATIONAL SCHOOL
Head/Principal Name: SATISH DABLI","Address : ISHA NAGAR PARASIA ROAD PARTALA CHINDWARA,
Website : www.jgischhindwara.com"
286,"Aff. No. :1030687
Sch. Code:50648","State : MADHYA PRADESH
District : CHHINDWARA",Secondary Level,"Name : SKYLINE SCHOOL,
Head/Principal Name: RASHMI PANIGRAHI","Address : VILLAGE-JAM, POST- SAWALI, TAH-SAUSAR, DIST.-CHHINDWARA (M.P.)480106
Website :"
287,"Aff. No. :1030959
Sch. Code:50923","State : MADHYA PRADESH
District : CHHINDWARA",Senior Secondary Level,"Name : PODAR INTERNATIONAL SCHOOL
Head/Principal Name: Swati Chouhan","Address : NAGPUR ROAD, IMLI KHEDA CHOWK, KHASRA NO. 28/19 CHHINDWARA 480001 (M.P)
Website : https://www.podareducation.org/school/chindwara"
288,"Aff. No. :1031057
Sch. Code:51020","State : MADHYA PRADESH
District : CHHINDWARA",Secondary Level,"Name : FIRST STEP JUNIOR SCHOOL
Head/Principal Name: BUBUL KUMAR BANERJEE","Address : CHURCH COMPOUND, CHAND ROAD, CHOURAI
Website : http://www.fsjschourai.org"
289,"Aff. No. :1031117
Sch. Code:51090","State : MADHYA PRADESH
District : CHHINDWARA",Senior Secondary Level,"Name : EDIFY SCHOOL
Head/Principal Name: SUMIT SAHU","Address : MAHARANI LAXMI BAI WARD NO.9,LAHGAUDA, NEAR HINDUSTAN UNILEVER LIMITED,NARSINGPUR ROAD,CHHINDWARA
Website : www.edifyschoolchhindwara.com"
290,"Aff. No. :1040030
Sch. Code:54021","State : MADHYA PRADESH
District : CHHINDWARA",Senior Secondary Level,"Name : JAWAHAR NAVODAYA VIDYALAYA
Head/Principal Name: DR.C.S.PANKER","Address : AT SINGODI POST SINGODI DISTT CHHINDWARA MADHYA PRADESH
Website : www.jnvchhindwara.com"
291,"Aff. No. :1031450
Sch. Code:51467","State : MADHYA PRADESH
District : CHHINDWARA",Senior Secondary Level,"Name : MIND VALLEY SCHOOL
Head/Principal Name: Renuka Batri","Address : OPPOSITE WATER TANK RAIYYATWADI ROAD, KHIRSADOH, DIST. - CHHINDWARA, (M.P.)
Website : https://mind-valley.in/"
292,"Aff. No. :1031369
Sch. Code:51386","State : MADHYA PRADESH
District : CHHINDWARA",Secondary Level,"Name : UNIQUE INTERNATIONAL SCHOOL PARASIA
Head/Principal Name: Rashpal Singh Bhomrah","Address : PARASIA , TAHSIL PARASIA, DISST- CHHINDWARA MADHYAPRADESH
Website : http://www.uisparasia.in"
293,"Aff. No. :1031413
Sch. Code:51430","State : MADHYA PRADESH
District : DAMOH",Senior Secondary Level,"Name : SHINING STAR INTERNATIONAL SCHOOL
Head/Principal Name: Akilun Nisha","Address : IN FRONT OF KHANDUJA CRUSHER, BALAKOT ROAD, DAMOH, DIST DAMOH, (M.P.)
Website : https://sisdamoh.in/"
294,"Aff. No. :1040005
Sch. Code:54022","State : MADHYA PRADESH
District : DAMOH",Senior Secondary Level,"Name : JAWAHAR NAVODAYA VIDYALAYA
Head/Principal Name: PRAKASH NARAYAN SAHU","Address : HATTA DISTT DAMOH MADHYA PRADESH
Website : www.jnvdamoh.in"
295,"Aff. No. :1031460
Sch. Code:51477","State : MADHYA PRADESH
District : DAMOH",Secondary Level,"Name : SARASWATI VIDYA VIHAR SENIOR SECONDARY SCHOOL, DAMOH
Head/Principal Name: SWAPNA TIWARI","Address : KESHAV NAGAR, DAMOH, DIST DAMOH, MP
Website : https://saraswatividyavihar.com/"
296,"Aff. No. :1031083
Sch. Code:51051","State : MADHYA PRADESH
District : DAMOH",Secondary Level,"Name : TIMES PUBLIC SCHOOL
Head/Principal Name: Ajay Mishra","Address : IN FRONT OF VAISHALI NAGAR
Website : www.timespublicschool.com"
297,"Aff. No. :1030927
Sch. Code:50890","State : MADHYA PRADESH
District : DAMOH",Secondary Level,"Name : GURUKUL ENGLISH MEDIUM SCHOOL
Head/Principal Name: UMA BARDIYA","Address : DAMOH-PANNA ROAD, CHANDI JI WARD, HATTA
Website : www.gurukulschoolhatta.in"
298,"Aff. No. :1030840
Sch. Code:50804","State : MADHYA PRADESH
District : DAMOH",Senior Secondary Level,"Name : ST. NORBERT SCHOOL
Head/Principal Name: FR. ROCQUE MICHAEL MARIAN","Address : MAGANJ WARD NO. - 04, DAMOH, MP
Website : www.stnorbertdamoh.edu.in"
299,"Aff. No. :1030826
Sch. Code:50791","State : MADHYA PRADESH
District : DAMOH",Senior Secondary Level,"Name : DAMOH PUBLIC SCHOOL
Head/Principal Name: Anjali Shendye","Address : OJASWINI NAGAR, SAGAR ROAD
Website : http://www.dpsdamoh.in/"
300,"Aff. No. :1030603
Sch. Code:50572","State : MADHYA PRADESH
District : DAMOH",Senior Secondary Level,"Name : SHRI GURU NANAK HIGHER SECONDARY SCHOOL
Head/Principal Name: HARSHA HAZARI","Address : NR. GOVT. POLYTECHNIC COLLEGE JABALPUR NAKA, DAMOH - 470661 (M.P.)
Website : www.sgnsdamoh.com"
301,"Aff. No. :1030580
Sch. Code:50549","State : MADHYA PRADESH
District : DAMOH",Senior Secondary Level,"Name : OJASWINI SCHOOL PAR EXCELLENCE
Head/Principal Name: ANJALI SUNDERAM","Address : MALAIYA MILL CAMPUS, MANGAJ WARD NO.4
Website : www.ojaswinischool.in"
302,"Aff. No. :1030348
Sch. Code:50315","State : MADHYA PRADESH
District : DAMOH",Senior Secondary Level,"Name : MAHARISHI VIDYA MANDIR
Head/Principal Name: RAJESH DIXIT","Address : MVM LADAN BAGH, P.O- HATHANA, DISTT DAMOH, MADHYA PRADESH
Website : https://mvmdamoh.org"
303,"Aff. No. :1030252
Sch. Code:50227","State : MADHYA PRADESH
District : DAMOH",Senior Secondary Level,"Name : ST JOHN'S HIGHER SECONDARY SCHOOL
Head/Principal Name: SR SOPHY BHARAT","Address : JABALPUR NAKA, DISTT DAMOH MADHYA PRADESH
Website : www.stjohnsdamoh.co.in"
304,"Aff. No. :1030021
Sch. Code:50023","State : MADHYA PRADESH
District : DAMOH",Senior Secondary Level,"Name : DAV GYANODAYA VIDYA MANDIR
Head/Principal Name: RAJENDRA PRASAD KURMWANSHI","Address : C/O DIAMOND CEMENTS P O NARSINGARH DAMOH DISTT MADHYA PRADESH
Website : www.davgyanodayavm.co.in"
305,"Aff. No. :1000106
Sch. Code:54165","State : MADHYA PRADESH
District : DAMOH",Senior Secondary Level,"Name : KENDRIYA VIDYALAYA HATTA NAGAR
Head/Principal Name: RITESH KUMAR PATEL","Address : KV HATTA NAGAR, NEAR JNV, MODEL SCHOOL BUILDING,DISTT. DAMOH(M.P.),470775
Website : https://hattanagar.kvs.ac.in"
306,"Aff. No. :1000054
Sch. Code:54077","State : MADHYA PRADESH
District : DAMOH",Senior Secondary Level,"Name : PM SHRI KENDRIYA VIDYALAYA DAMOH
Head/Principal Name: DHARMENDRA SINGH","Address : KILLAI NAKA BALAKOT ROAD DAMOH MADHYA PRADESH
Website : https://damoh.kvs.ac.in/"
307,"Aff. No. :1000086
Sch. Code:54147","State : MADHYA PRADESH
District : DATIA",Senior Secondary Level,"Name : PM SHRI KENDRIYA VIDYALAYA DATIA
Head/Principal Name: DR SONU RAI","Address : JHANSI ROAD DATIA
Website : https://datia.kvs.ac.in"
308,"Aff. No. :1030397
Sch. Code:50527","State : MADHYA PRADESH
District : DATIA",Senior Secondary Level,"Name : BHARTIYAM VIDYAPEETH
Head/Principal Name: JITENDRA JAISWAL","Address : NH-75, JHANSI ROAD DATIA
Website : www.bhartiyamvidyapeethdatia.in"
309,"Aff. No. :1030473
Sch. Code:50439","State : MADHYA PRADESH
District : DATIA",Senior Secondary Level,"Name : RASS-JB PUBLIC SCHOOL DATIA
Head/Principal Name: Abhay Kumar Saxena","Address : ALLUA MATA MANDIR, JHANSI ROAD DATIA(M.P.)
Website : www.rassjbschool.com"
310,"Aff. No. :1030584
Sch. Code:50551","State : MADHYA PRADESH
District : DATIA",Secondary Level,"Name : ST. KOLBE'S SCHOOL
Head/Principal Name: JEROME C","Address : DATIA ROAD, INDERGARH, DATIA
Website : www.stkolbeschool.org"
311,"Aff. No. :1030527
Sch. Code:50497","State : MADHYA PRADESH
District : DATIA",Senior Secondary Level,"Name : SHRI RAWATPURA SARKAR SHANTI INTERNATIONAL PUBLIC SCHOOL
Head/Principal Name: ROHIT BIRTHARE","Address : SRI CAMPUS, N.H.75, NEAR KALAPURAM, JHANSI ROAD
Website : https://www.instagram.com/srssips.datia/?locale=gb&hl=am-et"
312,"Aff. No. :1030540
Sch. Code:50506","State : MADHYA PRADESH
District : DATIA",Senior Secondary Level,"Name : LORD KRISHNA PUBLIC SCHOOL
Head/Principal Name: VANDANA SHAH","Address : HAMIRPUR TIRAHA, VILLAGE HAMIRPUR ,DIST. DATIA
Website : www.lkpsdatia.com"
313,"Aff. No. :1030751
Sch. Code:50721","State : MADHYA PRADESH
District : DATIA",Senior Secondary Level,"Name : SHREE KHERAPATI SARKAAR PUBLIC SCHOOL
Head/Principal Name: ARVIND SAXENA","Address : GWALIOR ROAD INDERGARH
Website : www.drieducation.com"
314,"Aff. No. :1030777
Sch. Code:50743","State : MADHYA PRADESH
District : DATIA",Senior Secondary Level,"Name : LITTLE FLOWER INTERNATIONAL SCHOOL
Head/Principal Name: NIDHI SHANKAR MISHRA","Address : THANDI SADAK, DATIA, GALI NO.2,
Website : www.lfidatia.com"
315,"Aff. No. :1030983
Sch. Code:50943","State : MADHYA PRADESH
District : DATIA",Secondary Level,"Name : GURUKUL ACADEMY PUBLIC SCHOOL
Head/Principal Name: PRANAV KUMAR JHA","Address : KILA PARISAR SEONDHA DIST. DATIA
Website : www.gurukulseondha.com"
316,"Aff. No. :1040025
Sch. Code:54023","State : MADHYA PRADESH
District : DATIA",Senior Secondary Level,"Name : JAWAHAR NAVODAYA VIDYALAYA
Head/Principal Name: SHRICHAND SINGH","Address : BEEKAR DT. DATIA MADHYA PRADESH
Website : www.navodaya.gov.in/nvs/nvs-school/DATIA/en/home"
317,"Aff. No. :1031462
Sch. Code:51480","State : MADHYA PRADESH
District : DATIA",Secondary Level,"Name : S SM RAM ANAMAY WORLD SCHOOL
Head/Principal Name: DIPTI TIWARI","Address : UNAO ROAD, DATIA, GRAM HAMIRPUR, DAGRAI PANCHAYAT, DATIA
Website : https://www.sraworldschool.com"
318,"Aff. No. :1031318
Sch. Code:51335","State : MADHYA PRADESH
District : DATIA",Secondary Level,"Name : SAI INTERNATIONAL SCHOOL
Head/Principal Name: RAJENDRA MEENA","Address : WARD 15 DATIA ROAD INDERGARH , WARD 15 DATIA ROAD INDERGARH
Website : www.sisindergarh.in"
319,"Aff. No. :1031316
Sch. Code:51333","State : MADHYA PRADESH
District : DEWAS",Senior Secondary Level,"Name : INDER AND PRABHA SHARMA GIRLS SCHOOL
Head/Principal Name: RENU SINGH","Address : KHATEGAON, KHATEGAON
Website : https://www.inderprabhasharmagirlsschool.com"
320,"Aff. No. :1031313
Sch. Code:51330","State : MADHYA PRADESH
District : DEWAS",Senior Secondary Level,"Name : PRATIBHA GLOBAL SCHOOL
Head/Principal Name: ARUN AGRAWAL","Address : INDORE BHOPAL HIGHWAY, VILLAGE BHOURASA, TEHSIL SONKATCH, DIST DEWAS, MP
Website : http://sanjivaniglobalacademy.com/"
321,"Aff. No. :1031389
Sch. Code:51406","State : MADHYA PRADESH
District : DEWAS",Senior Secondary Level,"Name : THE DELTA SCHOOL
Head/Principal Name: MITHUN VISHWAS","Address : GRAM-AMLAWATI, MAKSI UJJAIN BYPASS, TEHSIL-DEWAS, DISTRICT-DEWAS
Website : http://www.thedeltaschool.in"
322,"Aff. No. :1031459
Sch. Code:51476","State : MADHYA PRADESH
District : DEWAS",Secondary Level,"Name : SHREE SHRINIVAS VIDYA VIHAR
Head/Principal Name: Preeti Marwaha","Address : INDORE ROAD , GRAM SONKHEDI, TEHSIL KANNOD
Website : https://ssvv.co.in/"
323,"Aff. No. :1031468
Sch. Code:51486","State : MADHYA PRADESH
District : DEWAS",Secondary Level,"Name : R9 INTERNATIONAL SCHOOL
Head/Principal Name: SEEMA DEORA","Address : VILLAGE DURGAPURA, A.B.ROAD , DEWAS
Website : https://r9internationalschool.in/"
324,"Aff. No. :1031412
Sch. Code:51429","State : MADHYA PRADESH
District : DEWAS",Secondary Level,"Name : BIRLA OPEN MINDS INTERNATIONAL SCHOOL DEWAS
Head/Principal Name: NEHA SHARMA","Address : NEAR POLYTECHNIC COLLEGE, DEWAS INDORE BYPASS, GRAM DEWAS SENIOR
Website : https://birlaschooldewas.com/"
325,"Aff. No. :1040019
Sch. Code:54024","State : MADHYA PRADESH
District : DEWAS",Senior Secondary Level,"Name : JAWAHAR NAVODAYA VIDYALAYA
Head/Principal Name: PREMENDRA KUMAR","Address : CHANDRA KESHAR DAM KANTA PHOR DEWAS MADHYA PRADESH
Website : www.navodaya.gov.in/nvs/nvs-school/DEWAS/en/home"
326,"Aff. No. :1031491
Sch. Code:51509","State : MADHYA PRADESH
District : DEWAS",Senior Secondary Level,"Name : NARAYANA E TECHNO SCHOOL
Head/Principal Name: THOMAS PARAYANKAL JOHN","Address : MENDHKICHAK,, TEHSIL AND DISTRICT DEWAS,, MADHYA PRADESH
Website : https://www.narayanaschools.in/madhya-pradesh/dws/"
327,"Aff. No. :1031495
Sch. Code:51513","State : MADHYA PRADESH
District : DEWAS",Secondary Level,"Name : SWAMI VIVEKANAND EDUCATION ACADEMY
Head/Principal Name: SANDEEP DHAVALE","Address : A.B.ROAD, PADLIYA (BARKHEDA), DEWAS
Website : http://www.sveaacademy.in"
328,"Aff. No. :1030987
Sch. Code:50952","State : MADHYA PRADESH
District : DEWAS",Senior Secondary Level,"Name : FAITH FOUNDATION GLOBAL SCHOOL
Head/Principal Name: CHAKRAPANI JOSHI","Address : VILLAGE-NAGUKHEDI, UJJAIN ROAD, BYPASS SQUARE, DEWAS
Website : www.ffgschools.org"
329,"Aff. No. :1030997
Sch. Code:50960","State : MADHYA PRADESH
District : DEWAS",Senior Secondary Level,"Name : PRESTIGE PUBLIC SCHOOL
Head/Principal Name: ASHISH PAWAR","Address : NEAR P.I.M. DEWAS, RAMBAGH, VIKAS NAGAR, A.B. ROAD, DEWAS, M.P.
Website : www.ppsdws.edu.in"
330,"Aff. No. :1031051
Sch. Code:51015","State : MADHYA PRADESH
District : DEWAS",Senior Secondary Level,"Name : THE SARDANA INTERNATIONAL SCHOOL
Head/Principal Name: Shweta Sardana","Address : NEAR SILVER PARK COLONY, MALHAR ROAD, WARD NO. 42, GRAM SHANKARGARH, DEWAS
Website : www.sardanainternationalschool.com"
331,"Aff. No. :1031014
Sch. Code:50978","State : MADHYA PRADESH
District : DEWAS",Secondary Level,"Name : OMSHANTI ACADEMY
Head/Principal Name: HEMANT VYAS","Address : SURVEYNO.35/1, PATWARI HALKA 34,104 VISHWA KARMA COLONY BAGLI DISTRICT DEWAS
Website : www.omshantiacademy.com"
332,"Aff. No. :1031091
Sch. Code:51062","State : MADHYA PRADESH
District : DEWAS",Secondary Level,"Name : VIDYAKUNJ INTERNATIONAL SCHOOL
Head/Principal Name: Purnima Gautam","Address : NAGUKHEDI UJJAIN ROAD, DEWAS
Website : www.vidyakunj.org"
333,"Aff. No. :1031100
Sch. Code:51072","State : MADHYA PRADESH
District : DEWAS",Secondary Level,"Name : PIONEER INTERNATIONAL SCHOOL
Head/Principal Name: Mona Tawar","Address : PIONEER CAMPUS, INDORE BHOPAL HIGHWAY
Website : http://www.pioneerinternationalschool.com"
334,"Aff. No. :1031148
Sch. Code:51125","State : MADHYA PRADESH
District : DEWAS",Senior Secondary Level,"Name : THE EVEREST ENGLISH HIGHER SECONDARY SCHOOL
Head/Principal Name: ATUL MADDHAV","Address : INDORE-BHOPAL BYPASS ROAD, SHANKARGARH, DEWAS(MP)
Website : www.theeverestschool.com"
335,"Aff. No. :1030718
Sch. Code:50682","State : MADHYA PRADESH
District : DEWAS",Senior Secondary Level,"Name : KAUTILYA EDUCATIONAL ACADEMY
Head/Principal Name: Chetan Yadav","Address : KHATAMBA BHOPAL ROAD, DEWAS
Website : https://kautilyaacademydewas.website/"
336,"Aff. No. :1030773
Sch. Code:50739","State : MADHYA PRADESH
District : DEWAS",Secondary Level,"Name : NEW ERA HIGHER SECONDARY SCHOOL
Head/Principal Name: Pankaj Kitukale","Address : AWAS NAGAR, MAKSI ROAD, DEWAS
Website : www.neweraschooldewas.co.in"
337,"Aff. No. :1030755
Sch. Code:50719","State : MADHYA PRADESH
District : DEWAS",Senior Secondary Level,"Name : OPEN SKY ACADEMY
Head/Principal Name: RAVI TALREJA","Address : NEAR KRISHI UPAJ MANDI, DEVPIPLIYA ROAD, HATPIPLIYA, DIST. DEWAS
Website : http://www.openskyacademy.com/"
338,"Aff. No. :1030688
Sch. Code:50650","State : MADHYA PRADESH
District : DEWAS",Senior Secondary Level,"Name : ST.THOMAS SCHOOL
Head/Principal Name: JAYESH REGE","Address : MILL ROAD, BALGARH DEWAS
Website : www.stsdewas.com"
339,"Aff. No. :1030693
Sch. Code:50656","State : MADHYA PRADESH
District : DEWAS",Senior Secondary Level,"Name : ANAMAY HIGHER SECONDARY SCHOOL
Head/Principal Name: POONAM PUROHIT","Address : NEAR SUN CITY 2, AB ROAD DEWAS,
Website : www.anamayschool.org"
340,"Aff. No. :1030845
Sch. Code:50817","State : MADHYA PRADESH
District : DEWAS",Secondary Level,"Name : CHAMPION INTERNATIONAL SCHOOL
Head/Principal Name: Rachita Pawar","Address : SURVEY NO.322 PATWARI HALKA NO.20 SATWAS LOHARDA ROAD VILLAGE PALASI TEHSIL SATWAS DISTRICT DEWAS (M.P.)
Website : www.championschool.in"
341,"Aff. No. :1030785
Sch. Code:50749","State : MADHYA PRADESH
District : DEWAS",Secondary Level,"Name : EMERALD PUBLIC SCHOOL,
Head/Principal Name: ASHISH AGRAWAL","Address : BARCHHA BUJURG KHATEGAON DEWAS MP
Website : www.emeraldpublicschool.com"
342,"Aff. No. :1030811
Sch. Code:50778","State : MADHYA PRADESH
District : DEWAS",Secondary Level,"Name : J R ACADEMY
Head/Principal Name: Sangeeta Kapoor","Address : A.B.ROAD, NEAR APNI RASOI
Website :"
343,"Aff. No. :1030899
Sch. Code:50864","State : MADHYA PRADESH
District : DEWAS",Senior Secondary Level,"Name : SATPURA ACADEMY
Head/Principal Name: V.S .JOB","Address : 9003,TULJA VIHAR MR-14 AB ROAD
Website : www.satpuraacademy.in"
344,"Aff. No. :1030884
Sch. Code:50851","State : MADHYA PRADESH
District : DEWAS",Senior Secondary Level,"Name : GYAN SAGAR INTERNATIONAL
Head/Principal Name: REKHA SINGH","Address : SECTOR B, KALANI BAGH
Website : www.gsgidewas.gsegroup.in"
345,"Aff. No. :1030885
Sch. Code:50852","State : MADHYA PRADESH
District : DEWAS",Senior Secondary Level,"Name : DELHI WORLD PUBLIC SCHOOL
Head/Principal Name: INDRANIL BANERJEE","Address : 31-32/2 GRAM SUKHLIYA KSHIPRA A.B. ROAD DEWAS
Website : www.delhiworldpublicschooldewas.com"
346,"Aff. No. :1030503
Sch. Code:50466","State : MADHYA PRADESH
District : DEWAS",Senior Secondary Level,"Name : BRIGHT STAR CENTRAL ACADEMY
Head/Principal Name: SANJEEDA KHAN","Address : PUSHAP KUNJ COLONY,BEHIND BUS STAND,ITAWA,DEWAS
Website : www.brightstarcentralacademy.com"
347,"Aff. No. :1030479
Sch. Code:50445","State : MADHYA PRADESH
District : DEWAS",Senior Secondary Level,"Name : SHRI VIDHYA SAGAR PUBLIC SCHOOL
Head/Principal Name: ALOK JAIN","Address : PLOT/SURVEY NO 76/2/1 & 76/2/2 , WARD NO 10, KHATEGAON
Website : www.svpsktg.com"
348,"Aff. No. :1030592
Sch. Code:50557","State : MADHYA PRADESH
District : DEWAS",Senior Secondary Level,"Name : SHREE BALAJI ACADEMY
Head/Principal Name: Rakesh Ravi yadav","Address : SATWAS ROAD KANNOD
Website : www.shreeBalajiacademy.com"
349,"Aff. No. :1030573
Sch. Code:50541","State : MADHYA PRADESH
District : DEWAS",Senior Secondary Level,"Name : SUN SHINE SCHOOL, MG ROAD, SONKATCH
Head/Principal Name: Hansa Singh Panwar","Address : M.G. ROAD, SONKATCH DISTT DEWAS (MP)
Website :"
350,"Aff. No. :1030462
Sch. Code:50427","State : MADHYA PRADESH
District : DEWAS",Senior Secondary Level,"Name : ST.ANTONY'S CONVENT HIGHER SECONDARY SCHOOL
Head/Principal Name: SR LISSY","Address : DEWAS, MADHYA PRADESH
Website : https://stantonysonkatch.in/"
351,"Aff. No. :1030431
Sch. Code:50398","State : MADHYA PRADESH
District : DEWAS",Senior Secondary Level,"Name : EBENEZER HIGHER SECONDARY SCHOOL
Head/Principal Name: PALLAVI JOSHI","Address : UPADHYAY NAGAR, MENDHAKI ROAD,
Website : www.ebenezerssschool.org"
352,"Aff. No. :1030435
Sch. Code:50401","State : MADHYA PRADESH
District : DEWAS",Senior Secondary Level,"Name : MAA JINWANI PUBLIC SCHOOL
Head/Principal Name: PRAMILA BAIRWA","Address : PUSHPGIRI TEERTH SCONKATCH DIST DEAWS (M.P.)
Website : www.maajinwanipublicschool.in"
353,"Aff. No. :1030446
Sch. Code:50411","State : MADHYA PRADESH
District : DEWAS",Senior Secondary Level,"Name : SARASWATI VIDYA MANDIR
Head/Principal Name: RAJESH TRIVEDI","Address : MUKHERJEE NAGAR, DISTT & TEH. DEWAS, MADHYA PRADESH
Website : www.ssvmdewas.org"
354,"Aff. No. :1030382
Sch. Code:50346","State : MADHYA PRADESH
District : DEWAS",Senior Secondary Level,"Name : SAN THOME ACADEMY
Head/Principal Name: PUNEET UPADHYAY","Address : BHOPAL ROAD, DISTT DEWAS, MADHYA PRADESH
Website : www.santhomeacademy.org"
355,"Aff. No. :1030355
Sch. Code:50322","State : MADHYA PRADESH
District : DEWAS",Senior Secondary Level,"Name : PIONEER PUBLIC SCHOOL
Head/Principal Name: HARSHLATA SHARMA","Address : 2, MUKHARJEE NAGAR, DISTT DEWAS, MADHYA PRADESH
Website : https://pioneerpublicschooldewas.org"
356,"Aff. No. :1030371
Sch. Code:50338","State : MADHYA PRADESH
District : DEWAS",Secondary Level,"Name : B.C.M. PROMINENT SCHOOL
Head/Principal Name: MAHAK CHOUDHARY","Address : 2, SAKARKUWA, RAJODA ROAD, DEWAS, MADHYA PRADESH
Website : www.bcmprominentdewas.org"
357,"Aff. No. :1000012
Sch. Code:54078","State : MADHYA PRADESH
District : DEWAS",Senior Secondary Level,"Name : PM SHRI KENDRIYA VIDYALAYA
Head/Principal Name: BHARAT KUMAR SHETH","Address : BANK NOTE PRESS DEWAS MADHYA PRADESH
Website : www.dewas.kvs.ac.in"
358,"Aff. No. :1030284
Sch. Code:50253","State : MADHYA PRADESH
District : DEWAS",Senior Secondary Level,"Name : PUSHPDEEP INTERNATIONAL SCHOOL
Head/Principal Name: VIJAY KUMAR SINGH","Address : NAYAPURA AJNAS ROAD KHATEGAON DEWAS MP
Website : www.piskhategaon.in"
359,"Aff. No. :1030299
Sch. Code:50267","State : MADHYA PRADESH
District : DEWAS",Senior Secondary Level,"Name : HOLY TRINITY SCHOOL
Head/Principal Name: Fr Carol Oythiva A","Address : VIJAY NAGAR ROAD DEWAS MADHYA PRADESH
Website : www.holytrinitydewas.in"
360,"Aff. No. :1030312
Sch. Code:50273","State : MADHYA PRADESH
District : DEWAS",Senior Secondary Level,"Name : GYAN SAGAR ACADEMY
Head/Principal Name: KIRAN SINGH","Address : SHYMA PRASAD MUKHARJI NAGAR, DISTT DEWAS, MADHYA PRADESH
Website : www.gsadewas.gsegroup.in"
361,"Aff. No. :1030128
Sch. Code:50024","State : MADHYA PRADESH
District : DEWAS",Senior Secondary Level,"Name : CENTRAL INDIA ACADEMY
Head/Principal Name: REETA SINGH","Address : BHOPAL ROAD DEWAS MADHYA PRADESH
Website : www.ciadewas.in"
362,"Aff. No. :1030105
Sch. Code:50026","State : MADHYA PRADESH
District : DEWAS",Senior Secondary Level,"Name : ST. MARYS CONVENT SENIOR SECONDARY SCHOOL
Head/Principal Name: NISHA CASMIR PINTO","Address : UJJAIN ROAD DEWAS MADHYA PRADESH
Website : www.stmarysdewas.org"
363,"Aff. No. :1030101
Sch. Code:50025","State : MADHYA PRADESH
District : DEWAS",Senior Secondary Level,"Name : VINDHYACHAL ACADEMY
Head/Principal Name: Mansi Dighe","Address : A B ROAD RAM NAGAR EXTN. DEWAS MADHYA PRADESH
Website : www.vindhyachalacademy.com"
364,"Aff. No. :1030089
Sch. Code:50027","State : MADHYA PRADESH
District : DHAR",Senior Secondary Level,"Name : KASYAP VIDYA PEETH
Head/Principal Name: NANDA VYAS","Address : CHETANYA GRAM PANCHAYAT KHEDA BADNAWAR DHAR MADHYA PRADESH
Website : https://www.kasyapvidyapeeth.com/"
365,"Aff. No. :1030182
Sch. Code:50159","State : MADHYA PRADESH
District : DHAR",Senior Secondary Level,"Name : SH C K CHANDEL MEMORIAL HIGHER SECONDARY SCHOOL
Head/Principal Name: ASHA JAIN","Address : CHANDEL BHAWAN DHAR MADHYA PRADESH
Website : www.chandelschooldhar.com"
366,"Aff. No. :1030311
Sch. Code:50277","State : MADHYA PRADESH
District : DHAR",Senior Secondary Level,"Name : ADARSH ACADEMY
Head/Principal Name: SANJAY SINGH PARMAR","Address : A B ROAD VILLAGE GULJHARI TEHSIL DHAMNOD, DIST. DHAR, MADHYA PRADESH-454552
Website : www.adarshacademy.net"
367,"Aff. No. :1030223
Sch. Code:50197","State : MADHYA PRADESH
District : DHAR",Senior Secondary Level,"Name : GURUKUL SCHOOL
Head/Principal Name: SHILPA SHARMA","Address : MAHESHWAR ROAD DHAMNOD DISTT DHAR MADHYA PRADESH
Website : www.gurukulschool.org"
368,"Aff. No. :1000058
Sch. Code:54079","State : MADHYA PRADESH
District : DHAR",Senior Secondary Level,"Name : PM SHRI KENRIYA VIDYALAYA
Head/Principal Name: NEERAJ ASTHANA","Address : P.O.DHAR FORT CAMPUS MADHYA PRADESH
Website : www.dhar.kvs.ac.in"
369,"Aff. No. :1020026
Sch. Code:52025","State : MADHYA PRADESH
District : DHAR",Senior Secondary Level,"Name : GOVERNMENT EKLAVYA MODEL RESIDENTIAL SCHOOL LABRAWADA DHAR
Head/Principal Name: AMIT SONI","Address : DISTT. DHAR MADHYA PRADESH
Website : https://www.emrsgardawad.org.in"
370,"Aff. No. :1020004
Sch. Code:52005","State : MADHYA PRADESH
District : DHAR",Senior Secondary Level,"Name : EKLAVYA MODEL RESIDENTIAL SCHOOL
Head/Principal Name: VIJAY KUMAR","Address : KUKSHI DISTT DHAR MADHYA PRADESH
Website : www.emrskukshi.org.in"
371,"Aff. No. :1020113
Sch. Code:52123","State : MADHYA PRADESH
District : DHAR",Senior Secondary Level,"Name : GOVT. KANYA SHIKSHA PARISAR DHAR
Head/Principal Name: MAMTA SOLANKI","Address : GOVT. KANYA SHIKSHA PARISAR DHAR NEAR INDORE AHMEDABAD ROAD , DHAR JETPURA (454001) , MADHYA PRADESH,
Website : www.kspdhar.com"
372,"Aff. No. :1020114
Sch. Code:52124","State : MADHYA PRADESH
District : DHAR",Senior Secondary Level,"Name : KANYA SHIKSHA PARISAR TIRLA DHAR
Head/Principal Name: SHOBHARAM DAWAR","Address : KANYA SHIKSHA PARISAR HIMMATGARH TIRLA DHAR
Website : www.ksptirla.com"
373,"Aff. No. :1020047
Sch. Code:52035","State : MADHYA PRADESH
District : DHAR",Senior Secondary Level,"Name : EKLAVYA MODEL RESIDENTIAL SCHOOL, GANDHWANI
Head/Principal Name: PRAVEEN MISHRA","Address : MANDI ROAD GANDHWANI
Website : https://emrsgandhwani.in"
374,"Aff. No. :1020048
Sch. Code:52033","State : MADHYA PRADESH
District : DHAR",Senior Secondary Level,"Name : GOVT. ADARSH AVASIYA SCHOOL DHAR
Head/Principal Name: VIJAY KUMAR MALVIYA","Address : GOVT. ADARSH AVASIYA SCHOOL DHAR DIST DHAR PIN CODE 454001
Website : http://www.aavdhar.com"
375,"Aff. No. :1020056
Sch. Code:52083","State : MADHYA PRADESH
District : DHAR",Senior Secondary Level,"Name : EKLAVYA MODEL RESIDENTIAL SCHOOL DEWLA MANAWAR
Head/Principal Name: SUNIL PUROHIT","Address : BEHIND CENTRAL JAIN MANAWAR TEH. MANAWAR
Website : www.emrsmanawar.com"
376,"Aff. No. :1020073
Sch. Code:52062","State : MADHYA PRADESH
District : DHAR",Senior Secondary Level,"Name : EKLAVYA MODEL RESIDENTIAL SCHOOL DAHI
Head/Principal Name: ALOK TRIPATHI","Address : GOVT. KANYA SHIKSHA PARISAR DAHI DOGAVA SUSARI ROAD PITHAMPUR TEHSIL DAHI DIST. DHAR (M.P.)
Website : www.emrsdahi.in"
377,"Aff. No. :1020087
Sch. Code:52071","State : MADHYA PRADESH
District : DHAR",Senior Secondary Level,"Name : KANYA SHIKSHA PARISAR DHARAMPURI
Head/Principal Name: RAKESH MOHAN ATRI","Address : BEGNDA ROAD DHAMNOD
Website : www.kspdharampuri.in"
378,"Aff. No. :1020105
Sch. Code:52115","State : MADHYA PRADESH
District : DHAR",Senior Secondary Level,"Name : GOVT KANYA SHIKSHA PARISAR BAGH
Head/Principal Name: Mili Chouhan","Address : BAGH BY PASS ROAD BAGH
Website :"
379,"Aff. No. :1030361
Sch. Code:50329","State : MADHYA PRADESH
District : DHAR",Senior Secondary Level,"Name : ST. FRANCIS HIGHER SECONDARY SCHOOL, PITHAMPUR
Head/Principal Name: LINY POULOSE","Address : SECTOR 1, PITHAMPUR, DIST. DHAR, MADHYA PRADESH
Website : www.stfrancisschoolpithampur.com"
380,"Aff. No. :1030354
Sch. Code:50320","State : MADHYA PRADESH
District : DHAR",Senior Secondary Level,"Name : ST. GEORGE ENGLISH MEDIUM SCHOOL, DHAR
Head/Principal Name: Lizamma Joseph","Address : NEAR RTO OFFICE, RATLAM ROAD, DISTT DHAR, MADHYA PRADESH
Website : www.stgeorgeschooldhar.in"
381,"Aff. No. :1030384
Sch. Code:50348","State : MADHYA PRADESH
District : DHAR",Senior Secondary Level,"Name : EMINENT PUBLIC SCHOOL,
Head/Principal Name: P BHUVANENDRAN","Address : BEHIND IMA BUILDING MANDU, ROAD, DHAR (M.P)
Website : http://www.eminentschooldhar.com"
382,"Aff. No. :1030408
Sch. Code:50374","State : MADHYA PRADESH
District : DHAR",Senior Secondary Level,"Name : PERFECT ACADEMY,
Head/Principal Name: SEEMA KHALYA","Address : KHEDI, POST-JATPUR TEH. MANAWER
Website :"
383,"Aff. No. :1030457
Sch. Code:50424","State : MADHYA PRADESH
District : DHAR",Senior Secondary Level,"Name : NIMAR CAMBRIDGE HIGH SCHOOL,
Head/Principal Name: NONE","Address : SHIROMANI BHASKAR COLONY KUKSHI-SUSARI-SIGHANA TRIANGLE, KUKSHI DISTT DHAR (MP)
Website :"
384,"Aff. No. :1030458
Sch. Code:50422","State : MADHYA PRADESH
District : DHAR",Senior Secondary Level,"Name : NIRMALA CONVENT SCHOOL
Head/Principal Name: S. Sebasthiammal","Address : INDORE AHMEDABAD ROAD, OPPOSITE GOVT. COLLEGE
Website : www.ncsrajgarhdhar.com"
385,"Aff. No. :1030470
Sch. Code:50438","State : MADHYA PRADESH
District : DHAR",Senior Secondary Level,"Name : MAHESH MEMORIAL PUBLIC H.S.SCHOOL
Head/Principal Name: VIVINDRA KUMAR SONI","Address : GHATBORI ROAD,BAGH
Website : www.mmpsbagh.co.in"
386,"Aff. No. :1030610
Sch. Code:50577","State : MADHYA PRADESH
District : DHAR",Senior Secondary Level,"Name : GAUTAM INTERNATIONAL ACADEMY
Head/Principal Name: VIMAL KUMAR SINGH PANWAR","Address : VILLAGE JETPURA DISTT DHAR (MP)
Website : http://www.giaedu.org"
387,"Aff. No. :1030493
Sch. Code:50458","State : MADHYA PRADESH
District : DHAR",Senior Secondary Level,"Name : CITY INTERNATIONAL SCHOOL
Head/Principal Name: SHALINI DASS","Address : INDORE ROAD,DHAR,MADHYA PRADESH-454001
Website : https://cisdhar.in/"
388,"Aff. No. :1030511
Sch. Code:50476","State : MADHYA PRADESH
District : DHAR",Secondary Level,"Name : LIONS JR. COLLEGE
Head/Principal Name: SUKHADEV PATIDAR","Address : PATEL COLONY, MANAWAR,
Website : www.lionsjuniorcollege.com"
389,"Aff. No. :1030541
Sch. Code:50508","State : MADHYA PRADESH
District : DHAR",Senior Secondary Level,"Name : SHRI RAJENDRA VIDHYA SANSKAR DHAM
Head/Principal Name: BURHANUDDIN NAGDAWALA","Address : SHRI MOHANKHEDA TIRTH, RAJGARH TEHSIL SARDARPUR DISTT DHAR (MP)
Website : https://www.srvsanskardham.org"
390,"Aff. No. :1030548
Sch. Code:50514","State : MADHYA PRADESH
District : DHAR",Senior Secondary Level,"Name : ALLEGIANCE ACADEMY
Head/Principal Name: ABHISHEK SRIVASTAVA","Address : 7 SURDAS COMPLEX, OPP. GAYATRI COLONY, KUKSHI DISTT DHAR
Website : www.allegiancekukshi.com"
391,"Aff. No. :1030553
Sch. Code:50518","State : MADHYA PRADESH
District : DHAR",Senior Secondary Level,"Name : SHANTI NILAYA HIGH SCHOOL,
Head/Principal Name: Thomas Mychelin","Address : SHANTI NILAYA HIGH SCHOOL, DHAMNOD, DIST. DHAR
Website : www.shantinilaya.in"
392,"Aff. No. :1030848
Sch. Code:50811","State : MADHYA PRADESH
District : DHAR",Senior Secondary Level,"Name : NIMAR CAMBRIDGE PUBLIC HIGH SCHOOL DHAMNOD
Head/Principal Name: VISHAL PATIL","Address : A. B. ROAD GULZARA
Website : www.ncpsdhamnod.com"
393,"Aff. No. :1030907
Sch. Code:51019","State : MADHYA PRADESH
District : DHAR",Senior Secondary Level,"Name : SARDAR PATEL INTERNATIONAL SCHOOL
Head/Principal Name: Tarun Murumkar","Address : INDORE - AHAMDABAD ROAD BEHIND KALIKA MATA MANDIR, MATLABPURA DHAR (M.P.)
Website : www.spisdhar.com"
394,"Aff. No. :1030824
Sch. Code:50790","State : MADHYA PRADESH
District : DHAR",Senior Secondary Level,"Name : MANAS ACADEMY
Head/Principal Name: PRATIK DUBEY","Address : AMBIKA NAGAR, BIDWAL , TEHSIL -BADNAWAR , DISTRICT DHAR (M.P.)
Website : https://mymanas.org"
395,"Aff. No. :1030691
Sch. Code:50652","State : MADHYA PRADESH
District : DHAR",Senior Secondary Level,"Name : UNNATI ACADEMY
Head/Principal Name: RAJENDRA KUMAR SAHU","Address : PETLAWAD ROAD, BADNAWAR, DIST- DHAR
Website : www.unnatiacademy.com"
396,"Aff. No. :1030637
Sch. Code:50604","State : MADHYA PRADESH
District : DHAR",Senior Secondary Level,"Name : SANKALP INTERNATIONAL SCHOOL,
Head/Principal Name: ROHIT RATHI","Address : KURDIPURA, KUKSHI DISTT DHAR (MP)
Website : www.sankalpinternationalschool.in"
397,"Aff. No. :1030644
Sch. Code:50610","State : MADHYA PRADESH
District : DHAR",Senior Secondary Level,"Name : LOTUS INTERNATIONAL SCHOOL
Head/Principal Name: PRAVEEN ATRE","Address : KANVAN DISTRICT DHAR BADNAWAR,(M.P.)
Website : www.lotusinternationalschoolkanwan.in"
398,"Aff. No. :1030740
Sch. Code:50704","State : MADHYA PRADESH
District : DHAR",Senior Secondary Level,"Name : SHREE SHANKAR SCHOOL
Head/Principal Name: RAJESH KUMAR","Address : MAHESHWAR ROAD, DHAMNOD DIST-DHAR M.P.(454552)
Website : www.shreeshankarschool.com"
399,"Aff. No. :1030725
Sch. Code:50689","State : MADHYA PRADESH
District : DHAR",Senior Secondary Level,"Name : HIMALAYA INTERNATIONAL SCHOOL
Head/Principal Name: PRASANTH P NAIR","Address : GRAM GULJHRI, TEH. DHARAMPURI,
Website :"
400,"Aff. No. :1030727
Sch. Code:50690","State : MADHYA PRADESH
District : DHAR",Senior Secondary Level,"Name : DATAHARI PUBLIC SCHOOL
Head/Principal Name: BASANT KUMAR PANDEY","Address : SINGHANA ROAD, DIST DHAR
Website : www.dpskukshi.com"
401,"Aff. No. :1030728
Sch. Code:50691","State : MADHYA PRADESH
District : DHAR",Secondary Level,"Name : DHAR PUBLIC SCHOOL
Head/Principal Name: Joy Daniel","Address : COURT AND INDORE ROAD DHAR
Website : www.dharpublicschool.co.in"
402,"Aff. No. :1031136
Sch. Code:51130","State : MADHYA PRADESH
District : DHAR",Secondary Level,"Name : ROYAL ACADEMY
Head/Principal Name: Ram Karan","Address : GRAM NIMOLA DHARAMPURI KHALGHAT ROAD, DHARAMPURI, DHAR
Website : www.royalacademymp.in"
403,"Aff. No. :1031093
Sch. Code:51064","State : MADHYA PRADESH
District : DHAR",Secondary Level,"Name : LITTLE FLOWER INTERNATIONAL SCHOOL
Head/Principal Name: SHIBU THOMAS","Address : NEAR KRASI UPAJ MANDI DASAI DISTRICT DHAR
Website : http://littleflowerschool.co"
404,"Aff. No. :1031095
Sch. Code:51066","State : MADHYA PRADESH
District : DHAR",Secondary Level,"Name : LOTUS INTERNATIONAL SCHOOL
Head/Principal Name: RAJENDRA PATEL","Address : POST SADALPUR TEHSIL DHAR DISTRICT DHAR (M.P.)
Website : www.lotusinternationalschool.com"
405,"Aff. No. :1031110
Sch. Code:51069","State : MADHYA PRADESH
District : DHAR",Secondary Level,"Name : GAYATRI INTERNATIONAL ACADEMY
Head/Principal Name: SAVITA SINGH","Address : 712/1/2 MANDAV MANPUR ROAD BACHHANPUR , BLOCK -NALCHHA DIST DHAR
Website : www.gayatriinternationalacademy.com"
406,"Aff. No. :1031013
Sch. Code:50991","State : MADHYA PRADESH
District : DHAR",Senior Secondary Level,"Name : DELHI PUBLIC INTERNATIONAL SCHOOL
Head/Principal Name: DHIRAJ JAISWAL","Address : MAHESHWAR ROAD NEAR ITI VILL NIMRANI
Website : www.dpisdhamnod.com"
407,"Aff. No. :1031078
Sch. Code:51046","State : MADHYA PRADESH
District : DHAR",Senior Secondary Level,"Name : DELHI WORLD PUBLIC SCHOOL
Head/Principal Name: Sarthak Jain","Address : MANDU ROAD, DHARAWARA
Website : www.dwpsdhar.com"
408,"Aff. No. :1030977
Sch. Code:50944","State : MADHYA PRADESH
District : DHAR",Senior Secondary Level,"Name : SHREE CAMBRIDGE EDUCATION ACADEMY
Head/Principal Name: KAPILA GUPTA","Address : VILLAGE DHANORA PANCHYAT KAPSI MANAWAR ROAD KUKSHI DIST. DHAR M.P.
Website : www.shreecambridgeeducationacademy.com"
409,"Aff. No. :1030981
Sch. Code:50948","State : MADHYA PRADESH
District : DHAR",Senior Secondary Level,"Name : GURU RAJENDRA JAIN INTERNATIONAL SCHOOL
Head/Principal Name: AMARNATH BISWAS","Address : MOHANKHEDA TIRTH RAJGARH
Website : https://www.grjis.com"
410,"Aff. No. :1030932
Sch. Code:50895","State : MADHYA PRADESH
District : DHAR",Senior Secondary Level,"Name : GURUKRIPA ACADEMY HIGH SCHOOL
Head/Principal Name: RASHMI UPADHYAY","Address : GURUKRIPA ACADEMY HIGH SCHOOL, VILLAGE SEJWAYA POSTGHATABILLOD, BLOCK DHAR DISTT. DHAR (M.P.)
Website : www.gurukripaacademy.in"
411,"Aff. No. :1030936
Sch. Code:50899","State : MADHYA PRADESH
District : DHAR",Senior Secondary Level,"Name : VIDYODAYA INTERNATIONAL SCHOOL
Head/Principal Name: HEMANT BHAIRAM","Address : KHASRA NO.47/1 KASTHALI GOPALPURA TEHSIL MANAWAR
Website : www.vidyodayaschool.com"
412,"Aff. No. :1031497
Sch. Code:51515","State : MADHYA PRADESH
District : DHAR",Senior Secondary Level,"Name : PERFECT ACADEMY
Head/Principal Name: PRITESH GUPTA","Address : KHASRA NO 479 SIDDARTH NAGAR, MANAWAR ROAD KUKSHI, KUKSHI
Website : www.perfectkukshi.com"
413,"Aff. No. :1031488
Sch. Code:51506","State : MADHYA PRADESH
District : DHAR",Secondary Level,"Name : LAKSHYA CENTRAL SCHOOL
Head/Principal Name: ARJUN JAT","Address : KHASRA NO. 774/2 VILLAGE DALPURA, KUKSHI ROAD RAJGARH, RAJGARH TEHSIL SARDARPUR
Website : www.lcsrajgarh.org"
414,"Aff. No. :1031478
Sch. Code:51496","State : MADHYA PRADESH
District : DHAR",Secondary Level,"Name : PRAGATI ACADEMY KOD
Head/Principal Name: GHANSHYAM SINGH PANWAR","Address : KUMEDI, BADNAWAR, DHAR
Website : http://thecamelliaschool.com"
415,"Aff. No. :1031479
Sch. Code:51497","State : MADHYA PRADESH
District : DHAR",Secondary Level,"Name : WINGS PODAR LEARN SCHOOL
Head/Principal Name: Rajendra Kumar Sahu","Address : DHAR, DIST DHAR, MP
Website : https://wingspodarlearnschool.com/"
416,"Aff. No. :1031476
Sch. Code:51494","State : MADHYA PRADESH
District : DHAR",Secondary Level,"Name : ADVANCE ACADEMY
Head/Principal Name: MANORANJAN PANDA","Address : IN FRONT OF GOVT. BOYS HIGH SCHOOL, KADMAL ROAD NISARPUR, TEHSIL-KUKSHI, DIST.-DHAR (MP) PIN 454335
Website : https://www.advanceacademynisarpur.in/"
417,"Aff. No. :1040020
Sch. Code:54025","State : MADHYA PRADESH
District : DHAR",Senior Secondary Level,"Name : JAWAHAR NAVODAYA VIDYALAYA
Head/Principal Name: DEEPAK AGRAWAL","Address : MULTHAN DISTT SADNOWALA DISTT DHAR MADHYA PRADESH
Website : https://www.navodaya.gov.in/nvs/nvs-school/DHAR/en"
418,"Aff. No. :1031422
Sch. Code:51439","State : MADHYA PRADESH
District : DHAR",Senior Secondary Level,"Name : ATOM INTERNATIONAL SCHOOL
Head/Principal Name: HITESHI JOSHI","Address : LAXMI VIHAR COLONY, RAJGARH, TEHSIL SARDARPUR
Website : www.atominternational.in"
419,"Aff. No. :1031430
Sch. Code:51447","State : MADHYA PRADESH
District : DHAR",Secondary Level,"Name : SHRI SARDAR PATEL VIDHYAPEETH HIGH SCHOOL
Head/Principal Name: POONAM PANWAR","Address : PITGARA ROAD, PITGARA, BADNAWAR
Website : https://shrisardarpatelvidhyapeeth.com"
420,"Aff. No. :1031328
Sch. Code:51345","State : MADHYA PRADESH
District : DHAR",Senior Secondary Level,"Name : KNOWLEDGEVALLEYSCHOOL
Head/Principal Name: ABHISHEK SHARMA","Address : RAJGARH TEHSIL SARDARPUR, TEHSIL SARDARPUR
Website : http://www.kvsrajgarh.in"
421,"Aff. No. :1031323
Sch. Code:51340","State : MADHYA PRADESH
District : DHAR",Senior Secondary Level,"Name : ST.JOSEPH VISITATION CONVENT SCHOOL
Head/Principal Name: Agness VA","Address : TEHSIL BADNAWAR, PITGARA
Website : https://stjosephsvcs.com"
422,"Aff. No. :1031471
Sch. Code:51489","State : MADHYA PRADESH
District : DINDORI",Senior Secondary Level,"Name : NARMADANCHAL VIDYAPEETH
Head/Principal Name: SURABHI PANDEY","Address : JANJATI KALYAN KENDRA MAHAKOUSHAL, BARGAON TEHSIL SHAHPURA , DISTT. DINDORI
Website : www.Narmadanchal.org"
423,"Aff. No. :1031192
Sch. Code:51213","State : MADHYA PRADESH
District : DINDORI",Senior Secondary Level,"Name : MOTHER TERESA HIGHER SECONDARY SCHOOL DIDNORI
Head/Principal Name: SIBI GEORGE","Address : TERESA NAGAR SUBKHAR DINDORI, DISTRICT DINDORI MP 481880
Website : http://www.motherteresadindori.com"
424,"Aff. No. :1031171
Sch. Code:51160","State : MADHYA PRADESH
District : DINDORI",Secondary Level,"Name : DINDORI PUBLIC SCHOOL
Head/Principal Name: ANURAG DWIVEDI","Address : NEAR SONI PETROL PUMP, MUDKI ROAD, DINDORI (M.P.)
Website : www.dindoripublicschool.com"
425,"Aff. No. :1040043
Sch. Code:54058","State : MADHYA PRADESH
District : DINDORI",Senior Secondary Level,"Name : JAWAHAR NAVODAYA VIDYALAYA
Head/Principal Name: HARSH PRATAP SINGH","Address : DHAMANGAON DISTT DINDORI MADHYA PRADESH
Website : https://navodaya.gov.in/nvs/nvs-school/DINDORI/en/"
426,"Aff. No. :1020057
Sch. Code:52069","State : MADHYA PRADESH
District : DINDORI",Senior Secondary Level,"Name : EMRS MEHADWANI DISTRICT DINDORI
Head/Principal Name: PANKAJ KUMAR SHARMA","Address : VILLAGE POST MEHADWANI TAHSEEL SHAHPURA DISTRICT DINDORI
Website : https://emrsmehandwani.unicms.in"
427,"Aff. No. :1020058
Sch. Code:52052","State : MADHYA PRADESH
District : DINDORI",Senior Secondary Level,"Name : EKLAVYA MODEL RESIDENTIAL SCHOOL KARANJIYA
Head/Principal Name: LAKSHMI NIDHI","Address : VILL. KARANJIYA, P.O. KARANJIYA
Website : www.emrskaranjiya.in"
428,"Aff. No. :1020050
Sch. Code:52058","State : MADHYA PRADESH
District : DINDORI",Senior Secondary Level,"Name : KANYA SHIKCHA PARISAR DINDORI
Head/Principal Name: RAMBISHAL MITHLESH","Address : KANYA SCHIKCHA PARISAR DINDORI
Website : www.govtkspdindori.in"
429,"Aff. No. :1020064
Sch. Code:52049","State : MADHYA PRADESH
District : DINDORI",Senior Secondary Level,"Name : EMRS SHAHPURA DISTRICT DINDORI (M.P.)
Head/Principal Name: PRADEEP JOSHI","Address : SHAHPURA DISTT. DINDORI 481990
Website : www.tribal.gov.in"
430,"Aff. No. :1020108
Sch. Code:52118","State : MADHYA PRADESH
District : DINDORI",Senior Secondary Level,"Name : GOVT KANYA SHIKSHA PARISHAR BAJAG
Head/Principal Name: BALVEER SINGH MARAVI","Address : BAUNA ROAD BAJAG
Website : www.kspbajag.in"
431,"Aff. No. :1020185
Sch. Code:52195","State : MADHYA PRADESH
District : DINDORI",Senior Secondary Level,"Name : KANYA SHIKSHA PARISAR SAMNAPUR
Head/Principal Name: SHASHI BHUSHAN BAGHEL","Address : AT & PO SAMNAPUR, DINDORI, AT & PO SAMNAPUR
Website : https://kspsamnapur.in/"
432,"Aff. No. :1020010
Sch. Code:52010","State : MADHYA PRADESH
District : DINDORI",Senior Secondary Level,"Name : EKLAVYA MODEL RESIDENTIAL SCHOOL
Head/Principal Name: RAJESH SINGH TOMAR","Address : DINDORI, M.P.
Website : www.emrsdindori.com"
433,"Aff. No. :1000080
Sch. Code:54141","State : MADHYA PRADESH
District : DINDORI",Senior Secondary Level,"Name : PM SHRI KENDRIYA VIDYALAYA
Head/Principal Name: SUNIL KUMAR SONI","Address : OLD TEHSIL BHAWAN, CIVIL LINES, DINDORI,MADHYA PRADESH
Website : https://dindori.kvs.ac.in"
434,"Aff. No. :1000040
Sch. Code:54080","State : MADHYA PRADESH
District : GUNA",Senior Secondary Level,"Name : PM SHRI KENDRIYA VIDYALAYA
Head/Principal Name: VINOD KUMAR RAJORIA","Address : NANA KHEDI GUNA MADHYA PRADESH
Website : https://guna.kvs.ac.in"
435,"Aff. No. :1000064
Sch. Code:54081","State : MADHYA PRADESH
District : GUNA",Secondary Level,"Name : KENDRIYA VIDYALAYA
Head/Principal Name: KAVITA JAIN","Address : GAIL VIJAIPUR GUNA MADHYA PRADESH
Website : https://gailvijayapur.kvs.ac.in/"
436,"Aff. No. :1030029
Sch. Code:50030","State : MADHYA PRADESH
District : GUNA",Senior Secondary Level,"Name : DELHI PUBLIC SCHOOL
Head/Principal Name: RAKESH SINGH CHOUDHARY","Address : N F L VIJAIPUR PROJECT GUNA DISTT MADHYA PRADESH
Website : www.dpsvijaipur.com"
437,"Aff. No. :1020102
Sch. Code:52112","State : MADHYA PRADESH
District : GUNA",Senior Secondary Level,"Name : GOVT EKLAVYA RESIDENTIAL SCHOOL GUNA
Head/Principal Name: Dr Narayan singh","Address : AB BY PASS ROAD INFRONT OF VIVEK PETROL PUMP GUNA
Website : https://osms.mponline.gov.in/EKLAVYAGUNAEMRS"
438,"Aff. No. :1030274
Sch. Code:50247","State : MADHYA PRADESH
District : GUNA",Senior Secondary Level,"Name : VIDYA BHAVAN PUBLIC SCHOOL
Head/Principal Name: Sonia Crescent","Address : FATEHGARH ROAD GUNA MADHYA PRADESH
Website : www.vbps.edu.in"
439,"Aff. No. :1030073
Sch. Code:50031","State : MADHYA PRADESH
District : GUNA",Senior Secondary Level,"Name : SRI SATHYA SAI VIDYA VIHAR
Head/Principal Name: MANOJ KOTHEKAR","Address : POST GAIL COMPLEX VIJAIPUR GUNA MADHYA PRADESH
Website : www.sssvvgail.edu.in"
440,"Aff. No. :1030102
Sch. Code:50029","State : MADHYA PRADESH
District : GUNA",Senior Secondary Level,"Name : VANDANA CONVENT SCHOOL
Head/Principal Name: Catherine Vattoly","Address : A B ROAD GUNA MADHYA PRADESH
Website : http://www.vandanaschool.com"
441,"Aff. No. :1030061
Sch. Code:50028","State : MADHYA PRADESH
District : GUNA",Senior Secondary Level,"Name : CHRIST SENIOR SECONDARY SCHOOL
Head/Principal Name: FR Babu Tharayil Devassy","Address : GUNA - MADHYA PRADEH
Website : www.christguna.edu.in"
442,"Aff. No. :1030772
Sch. Code:50738","State : MADHYA PRADESH
District : GUNA",Senior Secondary Level,"Name : NEIIL WORLD SCHOOL
Head/Principal Name: Poonam Kumar","Address : GRAM PIPRODAKHURD, INDORE BYPASS ROAD,
Website : www.neiilworldschool.com"
443,"Aff. No. :1030658
Sch. Code:50624","State : MADHYA PRADESH
District : GUNA",Senior Secondary Level,"Name : JAY JYOTI SCHOOL
Head/Principal Name: SHISHIR CHAKRAVARTY","Address : JUET CAMPUS A.B.ROAD, RAGHOGARH, GUNA
Website : www.jaypeeschools-jjsguna.edu.in"
444,"Aff. No. :1030914
Sch. Code:50877","State : MADHYA PRADESH
District : GUNA",Senior Secondary Level,"Name : SHANTI PUBLIC HIGHER SECONDARY SCHOOL
Head/Principal Name: AMIT KUMAR UPPAL","Address : WARD NO. 3, KARNAL GANJ, HEAD POST OFFICE ROAD, GUNA (M.P.)
Website : www.shantipublicschool.edu.in"
445,"Aff. No. :1030922
Sch. Code:50985","State : MADHYA PRADESH
District : GUNA",Senior Secondary Level,"Name : S.L. MEMORIAL SCHOOL GUNA
Head/Principal Name: SIMPAL","Address : BHAGAT SINGH COLONY,GUNA
Website : http://www.newslmemorialschool.com"
446,"Aff. No. :1030882
Sch. Code:50847","State : MADHYA PRADESH
District : GUNA",Senior Secondary Level,"Name : SHREE SWAMI RAMANAND VIDYA SANKUL
Head/Principal Name: MITESH RAWAL","Address : RAMTEKRI TAPOVAN, VILL. SOPRA, CHACHODA, DISTT. GUNA, M.P.
Website : www.ssrvs.in"
447,"Aff. No. :1030629
Sch. Code:50596","State : MADHYA PRADESH
District : GUNA",Senior Secondary Level,"Name : HINDUPAT PUBLIC SCHOOL
Head/Principal Name: AJAI SINGH RATHORE","Address : BADA BAGH, NEAR KRISHI UPAJ MANDI, RAGHOGARH, GUNA,MADHYA PRADESH
Website : www.hpsraghogarh.com"
448,"Aff. No. :1040046
Sch. Code:54061","State : MADHYA PRADESH
District : GUNA",Senior Secondary Level,"Name : JAWAHAR NAVODAYA VIDYALAYA
Head/Principal Name: HARI KISHAN MEENA","Address : BAJRANGGARH, DISTT. GUNA, MADHYA PRADESH
Website : www.navodaya.gov.in/nvs/nvs-school/GUNA/en/home/"
449,"Aff. No. :1031161
Sch. Code:51135","State : MADHYA PRADESH
District : GUNA",Secondary Level,"Name : HINDUPAT PUBLIC SCHOOL,ARON
Head/Principal Name: KRISHNA KANT OJHA","Address : HINDUPAT PUBLIC SCHOOL RIJODA ROAD, ARON DISTT GUNA MP
Website : www.hpsaron.com"
450,"Aff. No. :1031180
Sch. Code:51201","State : MADHYA PRADESH
District : GUNA",Secondary Level,"Name : HINDUPAT PUBLIC SCHOOL, JAMNER
Head/Principal Name: SUNIL KUMAR SHARMA","Address : MADHUSUDANGARH ROAD, JAMNER
Website : www.hpsjamner.com"
451,"Aff. No. :1031204
Sch. Code:51222","State : MADHYA PRADESH
District : GUNA",Senior Secondary Level,"Name : ANGEL PARADISE PUBLIC SCHOOL
Head/Principal Name: Gunjan Saluja","Address : ANGEL PARADISE PUBLIC SCHOOL CHANCHODA ROAD BINAGANJ GUNA M.P.
Website : www.angelparadisepublicschool.com"
452,"Aff. No. :1031223
Sch. Code:51241","State : MADHYA PRADESH
District : GUNA",Secondary Level,"Name : SHRI GURUKUL HIGHER SECONDARY SCHOOL
Head/Principal Name: Vikas Soni","Address : GUNA
Website : https://www.gurukulgic.com/"
453,"Aff. No. :1031132
Sch. Code:51118","State : MADHYA PRADESH
District : GUNA",Senior Secondary Level,"Name : SONALI PUBLIC HIGHER SECONDARY SCHOOL
Head/Principal Name: GURPREET KAUR","Address : DUBEY COLONY GUNA
Website : www.sonalischools.com"
454,"Aff. No. :1031046
Sch. Code:51006","State : MADHYA PRADESH
District : GUNA",Senior Secondary Level,"Name : SOMYA PUBLIC SCHOOL
Head/Principal Name: RAJESH TIWARI","Address : SOMYA PREMISES, A.B ROAD MYANA, GUNA
Website : www.somyapublicschool.com"
455,"Aff. No. :1031493
Sch. Code:51511","State : MADHYA PRADESH
District : GUNA",Secondary Level,"Name : GURUDEV PUBLIC SCHOOL
Head/Principal Name: SATVINDER KAUR SALUJA","Address : WARD NO. 10, PAWAN COLONY, CHAND SHAH WALI ROAD
Website : www.gurudevpublicschool.com"
456,"Aff. No. :1031346
Sch. Code:51363","State : MADHYA PRADESH
District : GUNA",Senior Secondary Level,"Name : RAGHUWANSH CONVENT SCHOOL
Head/Principal Name: SUMAN KHATRI","Address : ASHOKNAGAR ROAD, GUNA
Website : http://rcsguna.com"
457,"Aff. No. :1031349
Sch. Code:51366","State : MADHYA PRADESH
District : GWALIOR",Senior Secondary Level,"Name : NARAYANA E TECHNO SCHOOL
Head/Principal Name: PRADNYA KASTURE","Address : SACHIN TENDULKAR EXTENTENTION, , NEW CITY CENTER, MORAR, GWALIOR
Website : www.narayanaschools.in/madhyapradesh/gwalior"
458,"Aff. No. :1031357
Sch. Code:51375","State : MADHYA PRADESH
District : GWALIOR",Senior Secondary Level,"Name : SIMPKINS PUBLIC SCHOOL
Head/Principal Name: POOJA DHARMENDRA CHAHAR","Address : RAMNAGAR, WARD NO- 66, GWALIOR
Website : http://simpkinspublicschool.org/"
459,"Aff. No. :1031386
Sch. Code:51403","State : MADHYA PRADESH
District : GWALIOR",Secondary Level,"Name : SHRI GAURI SHANKAR SCHOOL
Head/Principal Name: PRAGYA ASTHANA","Address : SECTOR 3 , VINAY NAGAR, GWALIOR
Website : https://www.shrigaurishankarschool.org/"
460,"Aff. No. :1031376
Sch. Code:51393","State : MADHYA PRADESH
District : GWALIOR",Secondary Level,"Name : BILLABONG HIGH INTERNATIONAL SCHOOL
Head/Principal Name: Kratika Jeswani","Address : VILLAGE-PIPROLI, SHIVPURI LINK ROAD, NEAR RAMA CHIMNI, GWALIOR
Website : https://www.billabongschoolgwalior.com"
461,"Aff. No. :1031256
Sch. Code:51278","State : MADHYA PRADESH
District : GWALIOR",Senior Secondary Level,"Name : KINGSTON ANGELS INTERNATIONAL PUBLIC SCHOOL
Head/Principal Name: BRIJBALA MISHRA","Address : VILLAGE PATHARRA, BAROL
Website : http://kingstonangels.com/"
462,"Aff. No. :1031295
Sch. Code:51313","State : MADHYA PRADESH
District : GWALIOR",Senior Secondary Level,"Name : BIRLA OPEN MINDS INTERNATIONAL SCHOOL
Head/Principal Name: SHRADDHA SWARNKAR","Address : BADAGAON, MORAR
Website : www.birlaopenmindsgwalior.com"
463,"Aff. No. :1031234
Sch. Code:51252","State : MADHYA PRADESH
District : GWALIOR",Senior Secondary Level,"Name : ADITYA WORLD SCHOOL
Head/Principal Name: Manjula Rawat","Address : NAINAGIR GWALIOR BYPASS
Website : www.adityaworldschool.com"
464,"Aff. No. :1031235
Sch. Code:51253","State : MADHYA PRADESH
District : GWALIOR",Secondary Level,"Name : ST. JOSEPH SCHOOL
Head/Principal Name: FR AROKIA DOSS","Address : KARIGAWA, MORAR
Website : http://www.stjosephgwalior.org"
465,"Aff. No. :1031501
Sch. Code:51519","State : MADHYA PRADESH
District : GWALIOR",Senior Secondary Level,"Name : DON BOSCO PUBLIC SCHOOL
Head/Principal Name: Rati Jat","Address : RAJENDRA PARISAR, KOTHESHWAR ROAD , URVAI GATE
Website : www.dbpsgwalior.com"
466,"Aff. No. :1031505
Sch. Code:51523","State : MADHYA PRADESH
District : GWALIOR",Senior Secondary Level,"Name : CBS CONVENT SENIOR SECONDARY SCHOOL
Head/Principal Name: PRACHI SINGH","Address : VILLAGE CHAKJAGRUPURA, SUSERA KOTHI ROAD, POST BHADROLI
Website : www.cbsschool.info"
467,"Aff. No. :1031477
Sch. Code:51495","State : MADHYA PRADESH
District : GWALIOR",Secondary Level,"Name : WELLINGTON WORLD SCHOOL
Head/Principal Name: Shylaja Jacob","Address : NEW SHIVPURI LINK ROAD, SATAU, GWALIOR
Website : www.wellingtonworldschool.in"
468,"Aff. No. :1031469
Sch. Code:51487","State : MADHYA PRADESH
District : GWALIOR",Senior Secondary Level,"Name : NARAYANA E TECHNO SCHOOL
Head/Principal Name: NIDHI KULKARNI","Address : ANAND NAGAR,, DISTRICT GWALIOR, MADHYA PRADESH
Website : https://www.narayanaschools.in/madhya-pradesh/gan/"
469,"Aff. No. :1031455
Sch. Code:51472","State : MADHYA PRADESH
District : GWALIOR",Secondary Level,"Name : SITARAM DUBEY PUBLIC SCHOOL
Head/Principal Name: ANJU SHARMA","Address : AMBEDKAR CHOURAHA CHINORE ROAD , DABRA, DABRA
Website : http:srdpsdabra.in"
470,"Aff. No. :1031439
Sch. Code:51456","State : MADHYA PRADESH
District : GWALIOR",Senior Secondary Level,"Name : GPS WORLD SCHOOL
Head/Principal Name: ANITA DHAMANIYA","Address : BLOCK NO 27, NEAR SADA OFFICE TIGHRA ROAD , SADA GWALIOR M.P.
Website : www.gpsworldschool.in"
471,"Aff. No. :1031410
Sch. Code:51427","State : MADHYA PRADESH
District : GWALIOR",Secondary Level,"Name : PRAGATI IT'S DIFFERENT
Head/Principal Name: Benu Khandelwal","Address : BESIDE SUNVALLEY, NEW COLLECTORATE ROAD, CITY CENTER, MORAR
Website : www.pragati-itsdifferent.in"
472,"Aff. No. :1031035
Sch. Code:50999","State : MADHYA PRADESH
District : GWALIOR",Senior Secondary Level,"Name : THE MANVENDRA GLOBAL SCHOOL
Head/Principal Name: Ciyyadri. Nisha","Address : ANAND NAGAR, BLOCK-A, BAHODAPUR, GWALIOR
Website : www.themanvendraglobalschool.net"
473,"Aff. No. :1031028
Sch. Code:50990","State : MADHYA PRADESH
District : GWALIOR",Senior Secondary Level,"Name : RISE INTERNATIONAL SCHOOL
Head/Principal Name: SANJEEV JAIN","Address : NH-75, NAINAGIR, MORAR, GWALIOR
Website : www.risgwalior.edu.in"
474,"Aff. No. :1031073
Sch. Code:51041","State : MADHYA PRADESH
District : GWALIOR",Senior Secondary Level,"Name : AMITY INTERNATIONAL SCHOOL
Head/Principal Name: Dr. Deepika Bhambani","Address : MAHARAJPURA, AIRPORT ROAD GWALIOR
Website : https://ais.amity.edu/gwalior/"
475,"Aff. No. :1031043
Sch. Code:51010","State : MADHYA PRADESH
District : GWALIOR",Senior Secondary Level,"Name : RASS-JB PUBLIC SCHOOL
Head/Principal Name: jyoti vishwakarma","Address : NH-75, SEKRA JAGIR, GWALIOR ROAD
Website : http://rassjbdabra.org"
476,"Aff. No. :1030937
Sch. Code:50900","State : MADHYA PRADESH
District : GWALIOR",Senior Secondary Level,"Name : METROPOLIS INTERNATIONAL SCHOOL
Head/Principal Name: Mrs Vijaya Verma","Address : KEDARPUR, SHIVPURI LINK ROAD, NEAR NAI DUNIYA PRESS, LASHKAR, GWALIOR
Website : http://www.metropolisinternationalschool.com"
477,"Aff. No. :1030971
Sch. Code:50935","State : MADHYA PRADESH
District : GWALIOR",Senior Secondary Level,"Name : ITM GLOBAL SCHOOL
Head/Principal Name: GEETA S","Address : AH 43, BY-PASS TURARI, NEAR ITM UNIVERSITY, JHANSI ROAD
Website : http://itmglobal.in/cbse/"
478,"Aff. No. :1031001
Sch. Code:50965","State : MADHYA PRADESH
District : GWALIOR",Senior Secondary Level,"Name : 7I WORLD SCHOOL SHIVPURI LINK ROAD GWALIOR
Head/Principal Name: VEENU BADMERA","Address : SHIVPURI LINK ROAD
Website : www.7iworldschool.com"
479,"Aff. No. :1031088
Sch. Code:51056","State : MADHYA PRADESH
District : GWALIOR",Senior Secondary Level,"Name : BALAJI PUBLIC SCHOOL
Head/Principal Name: JANHAVI PAHLAJ KUMAR THAWANI","Address : NH-75 NEAR ARRO MANDIR ARRO,DABRA DIST-GWALIOR M.P.
Website : www.bpsdabra.com"
480,"Aff. No. :1031221
Sch. Code:51239","State : MADHYA PRADESH
District : GWALIOR",Secondary Level,"Name : ASHOKA INTERNATIONAL PUBLIC SCHOOL
Head/Principal Name: TUSHAR VISHNU WAKANKAR","Address : PIPROLI CHIRVAI NAKA
Website : www.ashokainternationalpublicschool.com"
481,"Aff. No. :1031189
Sch. Code:51210","State : MADHYA PRADESH
District : GWALIOR",Senior Secondary Level,"Name : AMI SHISHU MANDIR
Head/Principal Name: KARUNA KHARE","Address : JAL VIHAR PHOOL BAGH MOTIMAHAL ROAD
Website : www.amishishumandir.com"
482,"Aff. No. :1031159
Sch. Code:51137","State : MADHYA PRADESH
District : GWALIOR",Senior Secondary Level,"Name : GENIUS INTERNATIONAL PUBLIC SCHOOL
Head/Principal Name: SHALINI PANDEY","Address : MADHUVAN COLONY, MAHADJI NAGAR, CHIRWAI, SHIVPURI LINK ROAD, NEAR GICT COLLEGE, GWALIOR
Website : www.geniusinternational.org"
483,"Aff. No. :1031160
Sch. Code:51136","State : MADHYA PRADESH
District : GWALIOR",Senior Secondary Level,"Name : IRA WORLD SCHOOL
Head/Principal Name: VEERENDRA SHARMA","Address : LOHGARH KI PAHADI BHITARWAR ROAD
Website : www.iraworldschool.in"
484,"Aff. No. :1031170
Sch. Code:51142","State : MADHYA PRADESH
District : GWALIOR",Senior Secondary Level,"Name : ST JOSEPHS CONVENT SCHOOL
Head/Principal Name: SHEEBA PAILEE","Address : KUSRAJPUR ROAD, NAI DUNIYA PRESS ROAD, PIPROLI, GWALIOR, MADHYA PRADESH-475001
Website : www.stjosephsconventschoolgwalior.in"
485,"Aff. No. :1040038
Sch. Code:54027","State : MADHYA PRADESH
District : GWALIOR",Senior Secondary Level,"Name : JAWAHAR NAVODAYA VIDYALAYA
Head/Principal Name: AVINASH MISHRA","Address : PICHHORE DABRA DISTT GWALIOR MADHYA PRADESH
Website :"
486,"Aff. No. :1080007
Sch. Code:54002","State : MADHYA PRADESH
District : GWALIOR",Senior Secondary Level,"Name : ARMY PUBLIC SCHOOL
Head/Principal Name: ARVIND KUMAR SIKARWAR","Address : MORAR CANTT. GWALIOR MADHYA PRADESH
Website : www.armyschoolgwalior.edu.in"
487,"Aff. No. :1080012
Sch. Code:50035","State : MADHYA PRADESH
District : GWALIOR",Senior Secondary Level,"Name : BSF SR SEC SCHOOL
Head/Principal Name: MR. BALA DIN PRAJAPATI","Address : TEKANPUR BSF ACADEMY CAMPUS (PO) GWALIOR DISTT MADHYA PRADESH
Website :"
488,"Aff. No. :1080005
Sch. Code:54003","State : MADHYA PRADESH
District : GWALIOR",Senior Secondary Level,"Name : NO 1 AIR FORCE SCHOOL
Head/Principal Name: AJEETA SINGH","Address : MAHARAJPUR BHIND ROAD GWALIOR MADHYA PRADESH
Website : www.no1airforceschoolgwl.com"
489,"Aff. No. :1030630
Sch. Code:50598","State : MADHYA PRADESH
District : GWALIOR",Secondary Level,"Name : ST. ANTONYS SCHOOL
Head/Principal Name: Fr Pratap Toppo","Address : A. B. ROAD, MOHNA
Website : https://stanthonyschoolmohna.com/"
490,"Aff. No. :1030620
Sch. Code:50587","State : MADHYA PRADESH
District : GWALIOR",Senior Secondary Level,"Name : MISS HILL SCHOOL, GWALIOR
Head/Principal Name: SHIVANI ZUTSHI","Address : LAXMI BAI COLONY,PADAV
Website : www.misshillhsschool.edu.in"
491,"Aff. No. :1030575
Sch. Code:50545","State : MADHYA PRADESH
District : GWALIOR",Senior Secondary Level,"Name : THE PACIFIC INTERNATIONAL PUBLIC SCHOOL GWALIOR
Head/Principal Name: SATISH KUMAR SHARMA","Address : THE PACIFIC INTERNATIONAL PUBLIC SCHOOL VILLAGE VEERPUR DISTRICT GWALIOR M.P.
Website : www.pipsgwalior.com"
492,"Aff. No. :1030594
Sch. Code:50560","State : MADHYA PRADESH
District : GWALIOR",Secondary Level,"Name : VIDYA NIKET
Head/Principal Name: Anurag Gupta","Address : PURANI CHHAVANI, AGRA MUMBAI NATIONAL HIGHWAY
Website : www.vidyaniket.in"
493,"Aff. No. :1030549
Sch. Code:50515","State : MADHYA PRADESH
District : GWALIOR",Secondary Level,"Name : KIDDYS CORNER PUBLIC SCHOOL
Head/Principal Name: JITENDRA SINGH RAJPUT","Address : KIDDYS CORNER PUBLIC SCHOOL, GANDHI ROAD, THATIPUR
Website : https://www.kiddyscornerpublicschool.com"
494,"Aff. No. :1030533
Sch. Code:50667","State : MADHYA PRADESH
District : GWALIOR",Senior Secondary Level,"Name : SDVM PUBLIC SCHOOL
Head/Principal Name: PRAVEEN DIXIT","Address : VAISHNO DEVI PARISAR IN FRONT OF GUPTESHWAR MANDIR TIGHRA ROAD GWALIOR
Website : www.sdvmpublicschool.com"
495,"Aff. No. :1030502
Sch. Code:50465","State : MADHYA PRADESH
District : GWALIOR",Senior Secondary Level,"Name : DOON PUBLIC SCHOOL
Head/Principal Name: NEHA IQBAL","Address : SHIVPURI LINK ROAD, GWALIOR (M.P.)
Website : www.doonschool.co.in"
496,"Aff. No. :1030452
Sch. Code:50419","State : MADHYA PRADESH
District : GWALIOR",Senior Secondary Level,"Name : ST. JOHN VIANNEY SCHOOL
Head/Principal Name: JOSEPH MA","Address : PURANI CHAWANI GWALIOR
Website : http://www.stjohnvianneygwalior.org"
497,"Aff. No. :1030460
Sch. Code:50423","State : MADHYA PRADESH
District : GWALIOR",Senior Secondary Level,"Name : INDIA INTERNATIONAL PUBLIC SCHOOL
Head/Principal Name: Anju Verma","Address : BRIJPUR ROAD, ARROO TIAHA, DABRA, DISTT. GWALIOR
Website : www.iipsdabra.com"
498,"Aff. No. :1030406
Sch. Code:50361","State : MADHYA PRADESH
District : GWALIOR",Senior Secondary Level,"Name : CAMBRIDGE SCHOOL
Head/Principal Name: SUREKHA MAHESHWARI","Address : GWALIOR JHANSI ROAD, DABRA GWALIOR, MADHYA PRADESH
Website : www.cambridgeschooldabra.org"
499,"Aff. No. :1030385
Sch. Code:50350","State : MADHYA PRADESH
District : GWALIOR",Senior Secondary Level,"Name : SWAMI VIVEKANANDA ACADEMY
Head/Principal Name: Preeti Mehrotra","Address : SHYAM BHAWAN, R.J.PURAM, MEHROTRA FARM, BHIND ROAD,
Website : www.swamivivekanandaacademy.co.in"
500,"Aff. No. :1030360
Sch. Code:50324","State : MADHYA PRADESH
District : GWALIOR",Senior Secondary Level,"Name : RISHIKUL VIDYA NIKETAN
Head/Principal Name: POORAN JAIN","Address : SHIVPURI LINK ROAD, DISTT GWALIOR, MADHYA PRADESH
Website :"
501,"Aff. No. :1030873
Sch. Code:50836","State : MADHYA PRADESH
District : GWALIOR",Senior Secondary Level,"Name : SVITM INTERNATIONAL SCHOOL
Head/Principal Name: Mrs Indira Bhadauriya","Address : A B ROAD NIRAWALI RAIRU
Website : http://www.svitminternational.org"
502,"Aff. No. :1030860
Sch. Code:50831","State : MADHYA PRADESH
District : GWALIOR",Secondary Level,"Name : SHRI RADHA VALLABH ACADEMY
Head/Principal Name: Ashish Mishra","Address : RATWAI ROAD MORAR
Website : http://www.srvacademygwalior.com"
503,"Aff. No. :1030876
Sch. Code:50844","State : MADHYA PRADESH
District : GWALIOR",Senior Secondary Level,"Name : AAKAR PUBLIC SCHOOL
Head/Principal Name: BUBUL MANDAL","Address : PIPROLI, SHIVPURI LINK ROAD
Website : www.apsgwl.in"
504,"Aff. No. :1030917
Sch. Code:51059","State : MADHYA PRADESH
District : GWALIOR",Senior Secondary Level,"Name : PEARLS VALLEY SCHOOL
Head/Principal Name: Seema Deshmukh","Address : NH-75, SITHOULI RAILWAY STATION, JHANSI ROAD, GWALIOR
Website : https://www.thegurukulam.school"
505,"Aff. No. :1030921
Sch. Code:50885","State : MADHYA PRADESH
District : GWALIOR",Secondary Level,"Name : ARYAN SCHOOL OF SANSKAR
Head/Principal Name: ANJALI GUPTA","Address : PLOT NO 1291, GRAM DHANELI, NEAR GANESHPURA BAGIA, MORAR, GWALIOR
Website : http://aryansanskarschool.com"
506,"Aff. No. :1030827
Sch. Code:50792","State : MADHYA PRADESH
District : GWALIOR",Senior Secondary Level,"Name : PODAR INTERNATIONAL SCHOOL, GWALIOR
Head/Principal Name: PARVEEN KUMAR ZEAR","Address : VILLAGE BARODI, SIKRODA, NEAR ITM UNIVERSITY, GWALIOR JHANSI ROAD, GWALIOR (M.P.)
Website : https://www.podareducation.org/school/gwalior"
507,"Aff. No. :1030847
Sch. Code:50810","State : MADHYA PRADESH
District : GWALIOR",Senior Secondary Level,"Name : MOUNT LITERA ZEE SCHOOL,GWALIOR
Head/Principal Name: PARUL SAXENA","Address : A.B. ROAD, NEAR BY PASS FOUR LANE, RAIRU, GWALIOR
Website : www.mountliteragwalior.com"
508,"Aff. No. :1030856
Sch. Code:50819","State : MADHYA PRADESH
District : GWALIOR",Senior Secondary Level,"Name : DELHI PUBLIC WORLD SCHOOL
Head/Principal Name: Dr. Upasna Mathur","Address : PIPROLI ROAD,NEAR NAI DUNIA PRESS CHIRWAI NAKA, SHIVPURI LINK ROAD, GWALIOR M.P
Website : http://www.dpwsgwalior.com"
509,"Aff. No. :1030858
Sch. Code:50820","State : MADHYA PRADESH
District : GWALIOR",Senior Secondary Level,"Name : IRA WORLD SCHOOL
Head/Principal Name: Roopali Tripathi","Address : AIRPORT ROAD MAHARAJPURA
Website : www.iraworldschool.com"
510,"Aff. No. :1030803
Sch. Code:50765","State : MADHYA PRADESH
District : GWALIOR",Secondary Level,"Name : VALLEY GREEN PUBLIC SCHOOL
Head/Principal Name: Uttra Sengar","Address : 266/2/2, KEDARPUR, PIPROLI ROAD, CHIRWAI NAKA, SHIVPURI LINK ROAD,
Website :"
511,"Aff. No. :1030638
Sch. Code:50606","State : MADHYA PRADESH
District : GWALIOR",Senior Secondary Level,"Name : G.D. GOENKA PUBLIC SCHOOL, GWALIOR
Head/Principal Name: Mayuri Jain","Address : SHIVPURI LINK ROAD, GWALIOR
Website : www.gdgoenkagwl.com"
512,"Aff. No. :1030671
Sch. Code:50633","State : MADHYA PRADESH
District : GWALIOR",Senior Secondary Level,"Name : GLOBAL INTERNATIONAL PUBLIC SCHOOL
Head/Principal Name: ALPANA SINGH","Address : ARROO DABRA, GWALIOR, MP
Website : www.gipsdabra.com"
513,"Aff. No. :1030782
Sch. Code:50747","State : MADHYA PRADESH
District : GWALIOR",Secondary Level,"Name : SARTI INTERNATIONAL SCHOOL
Head/Principal Name: SANGITA SINGH","Address : PLOT NO. P-2 NEAR SADA OFFICE TIGHRA DAM SADA GWALIOR MP
Website : http://www.sartiinternational.com"
514,"Aff. No. :1030763
Sch. Code:50729","State : MADHYA PRADESH
District : GWALIOR",Senior Secondary Level,"Name : SANSKAR PUBLIC SCHOOL
Head/Principal Name: RACHNA BALI","Address : VILLAGE & POST NAUGAON
Website : www.sanskarpublicschool.in"
515,"Aff. No. :1030764
Sch. Code:50730","State : MADHYA PRADESH
District : GWALIOR",Secondary Level,"Name : SKY HIGH PUBLIC SCHOOL
Head/Principal Name: MOHAN KUMAR GUPTA","Address : DABRA BHITARWAR ROAD NEAR KARYAWATI BHITAWAR DISTT GWALIOR
Website : https://skyhighpublicschool.in"
516,"Aff. No. :1030732
Sch. Code:50696","State : MADHYA PRADESH
District : GWALIOR",Senior Secondary Level,"Name : DELHI PUBLIC SCHOOL
Head/Principal Name: MINAKSHI KAUR","Address : MALANPUR - BHIND ROAD, NR. BRAHAMKUMARIS BHIND ROAD,
Website : http://www.dpsmalanpur.com"
517,"Aff. No. :1030066
Sch. Code:50033","State : MADHYA PRADESH
District : GWALIOR",Senior Secondary Level,"Name : MORNING STAR SCHOOL
Head/Principal Name: SANJEEV JAIN","Address : MORNING START SCHOOL, MAU ROAD, BADAGAON MORAR-GWALIOR
Website : www.morningstarschoolgwalior.org"
518,"Aff. No. :1030072
Sch. Code:","State : MADHYA PRADESH
District : GWALIOR",Senior Secondary Level,"Name : ARMY PUBLIC SCHOOL
Head/Principal Name: NILANJANA SINGH","Address : MORAR CANTT. GWALIOR MADHYA PRADESH
Website :"
519,"Aff. No. :1030117
Sch. Code:50039","State : MADHYA PRADESH
District : GWALIOR",Senior Secondary Level,"Name : BHARTIYAM VIDYA NIKETAN
Head/Principal Name: SHIKHA GAUR","Address : CHIRVAYI NAKA SHIVPURI LINK ROAD GWALIOR MADHYA PRADESH
Website : www.bhartiyamschool.com"
520,"Aff. No. :1030113
Sch. Code:50043","State : MADHYA PRADESH
District : GWALIOR",Senior Secondary Level,"Name : RISHI GALAV PUBLIC SCHOOL
Head/Principal Name: Arvind Singh Jadon","Address : D D NAGAR MORAR GWALIOR MADHYA PRADESH
Website : www.rishigalav.org"
521,"Aff. No. :1030087
Sch. Code:50042","State : MADHYA PRADESH
District : GWALIOR",Senior Secondary Level,"Name : AMAR PUBLIC SCHOOL
Head/Principal Name: RAKENDRA SINGH CHAUHAN","Address : THATIPUR, GWALIOR, MADHYA PRADESH -474 011.
Website : www.apsgwl.edu.in"
522,"Aff. No. :1030098
Sch. Code:50034","State : MADHYA PRADESH
District : GWALIOR",Senior Secondary Level,"Name : LITTLE ANGLES HIGH SCHOOL
Head/Principal Name: ASMA KHAN","Address : MAHADJI NAGAR GUDA GUDI NAKA LASHKAR GWALIOR MADHYA PRADESH
Website : www.lahs.org"
523,"Aff. No. :1030194
Sch. Code:50169","State : MADHYA PRADESH
District : GWALIOR",Senior Secondary Level,"Name : SARASWATI SHISHU MANDIR
Head/Principal Name: AMIT KUMAR SHRIVASTAVA","Address : KEDAR PUR SHIVPURI LINK ROAD GWALIOR MADHYA PRADESH
Website : www.ssmkedardham.In"
524,"Aff. No. :1030137
Sch. Code:50046","State : MADHYA PRADESH
District : GWALIOR",Senior Secondary Level,"Name : CENTRAL ACADEMY SCHOOL
Head/Principal Name: RATNA SINGH SENGAR","Address : ADITYA PURAM MAHRAJPURA OPP DEENDAYAL NAGAR GWALIOR MADHYA PRADESH
Website : www.centralacademyschool.co.in"
525,"Aff. No. :1030100
Sch. Code:50045","State : MADHYA PRADESH
District : GWALIOR",Senior Secondary Level,"Name : OXFORD PUBLIC SCHOOL
Head/Principal Name: REKHA SINGH","Address : SHIVPURI JHANSI LINK ROAD GWALIOR MADHYA PRADESH
Website : https://www.oxfordpublicschool.net/"
526,"Aff. No. :1030155
Sch. Code:50132","State : MADHYA PRADESH
District : GWALIOR",Secondary Level,"Name : KHUSHAL VIDYA PEETH
Head/Principal Name: JYOTI GOSWAMI","Address : NEAR RAILWAY SPRING FACTORY SITHOLI GWALIOR MADHYA PRADESH
Website : www.khushhal.org"
527,"Aff. No. :1030148
Sch. Code:50126","State : MADHYA PRADESH
District : GWALIOR",Senior Secondary Level,"Name : GWALIOR GLORY HIGH SCHOOL
Head/Principal Name: RAJESHWARI SAWANT","Address : NEEMCHANDOHA SHIV PURI LINK ROAD GWALIOR MADHYA PRADESH
Website : www.gwaliorgloryhighschool.ac.in"
528,"Aff. No. :1030275
Sch. Code:50246","State : MADHYA PRADESH
District : GWALIOR",Senior Secondary Level,"Name : VIDYA BHAVAN PUBLIC SCHOOL
Head/Principal Name: NIKESH SHARMA","Address : KAVI NAGAR NEAR PINTO PARK TIRAHA AIR PORT ROAD MORAR GUWALIOR MADHYA PRADESH
Website : www.vbpsgwalior.org"
529,"Aff. No. :1030273
Sch. Code:50245","State : MADHYA PRADESH
District : GWALIOR",Senior Secondary Level,"Name : THE RADIENT HIGHER SECONDARY SCHOOL
Head/Principal Name: BRAHMJIT SINGH KUSHWAH","Address : NEAR MOHRDJI NAGAR GUDA GUDDI KA NAKA LASHKAR GWALIOR MADHYA PRADESH
Website : http://theradiantschool.com/"
530,"Aff. No. :1030283
Sch. Code:50342","State : MADHYA PRADESH
District : GWALIOR",Senior Secondary Level,"Name : IATS PUBLIC SCHOOL
Head/Principal Name: Dr ARCHANA KAUL DUSAJ","Address : ADITYA PURAM GWALIOR MADHYA PRADESH
Website : www.iatsps.org"
531,"Aff. No. :1030280
Sch. Code:50249","State : MADHYA PRADESH
District : GWALIOR",Secondary Level,"Name : THE WOOD STOCK SCHOOL
Head/Principal Name: SANDEEP GUPTA","Address : KEDARPUR SHIV PURI LINK ROAD GWALIOR MP
Website : www.thewoodstockschool.co.in"
532,"Aff. No. :1030301
Sch. Code:50356","State : MADHYA PRADESH
District : GWALIOR",Senior Secondary Level,"Name : DELHI PUBLIC SCHOOL
Head/Principal Name: GAYATRI SHRIVASTAVA","Address : DIST. & TEH GWALIOR (MP)
Website : www.dpsgwalior.com"
533,"Aff. No. :1030302
Sch. Code:50269","State : MADHYA PRADESH
District : GWALIOR",Senior Secondary Level,"Name : ST TERESA'S SCHOOL
Head/Principal Name: DIPINDAS K O","Address : CARMEL NAGAR SIKANDER KAMBOO LASHKAR GWALIOR MADHYA PRADESH
Website : www.stteresasgwalior.org"
534,"Aff. No. :1030310
Sch. Code:50276","State : MADHYA PRADESH
District : GWALIOR",Senior Secondary Level,"Name : VENUS PUBLIC SCHOOL
Head/Principal Name: MANMITA DAS RAINA","Address : ANAND NAGAR JIWAJI GANJ LASHKAR GWALIOR MADHYA PRADESH
Website : http://venuspublicschool.org/"
535,"Aff. No. :1030337
Sch. Code:50378","State : MADHYA PRADESH
District : GWALIOR",Secondary Level,"Name : KG CHILDREN SCHOOL
Head/Principal Name: VANDANA CHOURASIA","Address : MAHARAJPUR, GWALIOR, MADHYA PRADESH
Website :"
536,"Aff. No. :1030224
Sch. Code:50200","State : MADHYA PRADESH
District : GWALIOR",Senior Secondary Level,"Name : EBENEZER HIGHER SECONDARY SCHOOL
Head/Principal Name: VIKAS GUPTA","Address : BHAGAT SINGH NAGAR GOLA KA MANDIR GWALIOR MADHYA PRADESH
Website : https://www.ebenezerschool.in/"
537,"Aff. No. :1030211
Sch. Code:50185","State : MADHYA PRADESH
District : GWALIOR",Senior Secondary Level,"Name : SILVER BELLS SCHOOL
Head/Principal Name: Sunita Jain","Address : MADHUVAN NAGAR SHIVPURI LINK ROAD GWALIOR MADHYA PRADESH
Website : www.silverbellsschoolgwl.com"
538,"Aff. No. :1030235
Sch. Code:50211","State : MADHYA PRADESH
District : GWALIOR",Senior Secondary Level,"Name : PRAGATI VIDYA PEETH
Head/Principal Name: JINU MATHEW","Address : RIVER VIEW COLONY MORAR GWALIOR MP
Website : https://www.pragatividyapeeth.com/"
539,"Aff. No. :1030255
Sch. Code:50229","State : MADHYA PRADESH
District : GWALIOR",Senior Secondary Level,"Name : EXCELLENT CIRCLE OF STUDIES
Head/Principal Name: POONAM RAIZADA","Address : VIKKY FATORY TIRAHA SHIVPURI LINK ROAD, GWALIOR MP
Website : www.ecsschoolgwalior.com"
540,"Aff. No. :1030256
Sch. Code:50230","State : MADHYA PRADESH
District : GWALIOR",Senior Secondary Level,"Name : GREEN WOOD PUBLIC HIGH SCHOOL
Head/Principal Name: VANCHANA BADMERA","Address : ADITYA PURAM JEDRUA KALAN GWALIOR MADHYA PRADESH
Website : www.greenwoodindia.org"
541,"Aff. No. :1030262
Sch. Code:50255","State : MADHYA PRADESH
District : GWALIOR",Senior Secondary Level,"Name : DELHI PUBLIC ACADEMY
Head/Principal Name: Dr. Manohar Sharma","Address : B 5 DEEN DAYAL NAGAR GWALIOR MADHYA PRADESH
Website : www.delhipublicacademy.in"
542,"Aff. No. :1030267
Sch. Code:50240","State : MADHYA PRADESH
District : GWALIOR",Senior Secondary Level,"Name : RAMSHREE INDIA INTERNATIONAL SCHOOL
Head/Principal Name: ASHWINI TAMBAT","Address : CHIRWAI NAKA SHIVPURI LINK ROAD GWALIOR MADHYA PRADESH
Website : www.ramshreeschool.in"
543,"Aff. No. :1030268
Sch. Code:50280","State : MADHYA PRADESH
District : GWALIOR",Senior Secondary Level,"Name : NATIONAL CHILDREN HR SEC SCHOOL
Head/Principal Name: PARVINDER KAUR","Address : BADA GAON MORAR GWALIOR MP
Website : www.nchs-gwalior.edu.in"
544,"Aff. No. :1020094
Sch. Code:52074","State : MADHYA PRADESH
District : GWALIOR",Senior Secondary Level,"Name : SHRAMODAYA AWASIYA VIDYALAYA GWALI
Head/Principal Name: NEELIMA SHRIVASTAVA","Address : DD NAGAR GATE NO.2, AIRPT ROAD, GWALI, M.P-474020
Website : http://www.shramodayvidyalay.mp.gov.in"
545,"Aff. No. :1030013
Sch. Code:50036","State : MADHYA PRADESH
District : GWALIOR",Senior Secondary Level,"Name : ST. PAUL'S SCHOOL
Head/Principal Name: URBAN JOHN DSOUZA","Address : GULMOHAR MORAR GWALIOR MADHYA PRADESH
Website : http://www.stpaulsgwalior.com"
546,"Aff. No. :1030003
Sch. Code:50037","State : MADHYA PRADESH
District : GWALIOR",Senior Secondary Level,"Name : THE SCINDIA SCHOOL
Head/Principal Name: AJAY SINGH","Address : FORT GWALIOR MADHYA PRADESH
Website : www.scindia.edu"
547,"Aff. No. :1030004
Sch. Code:50032","State : MADHYA PRADESH
District : GWALIOR",Senior Secondary Level,"Name : CARMEL CONVENT SENIOR SECONDARY SCHOOL
Head/Principal Name: SR RAMYA VACCO","Address : LASHKAR GWALIOR MADHYA PRADESH
Website : www.carmelgwalior.org"
548,"Aff. No. :1030005
Sch. Code:50038","State : MADHYA PRADESH
District : GWALIOR",Senior Secondary Level,"Name : SCINDIA KANYA VIDYALAYA
Head/Principal Name: NISHI MISRA","Address : MOTI MAHAL ROAD GWALIOR MADHYA PRADESH
Website : www.skvgwalior.org"
549,"Aff. No. :1030006
Sch. Code:50041","State : MADHYA PRADESH
District : GWALIOR",Senior Secondary Level,"Name : RAMAKRISHNA MISSION
Head/Principal Name: SWAMI KRISHNAMRITANANDA","Address : RAMAKRISHNA PURI THATIPUR GWALIOR MADHYA PRADESH
Website : https://www.ramakrishnamissionschoolsgwl.org/"
550,"Aff. No. :1020168
Sch. Code:52178","State : MADHYA PRADESH
District : GWALIOR",Senior Secondary Level,"Name : GYANODAYA AWASIYA HIGHER SECONDARY SCHOOL
Head/Principal Name: SANJAY KHEDKER","Address : HURAWALI, MORAR
Website : https://gyanodayagwalior.edu.in/"
551,"Aff. No. :1000062
Sch. Code:54085","State : MADHYA PRADESH
District : GWALIOR",Senior Secondary Level,"Name : PM SHRI KENDRIYA VIDYALAYA NO 5
Head/Principal Name: Manish Tilak","Address : SHASTRI NAGAR GWALIOR MADHYA PRADESH
Website : https://no5gwalior.kvs.ac.in/"
552,"Aff. No. :1000003
Sch. Code:54082","State : MADHYA PRADESH
District : GWALIOR",Senior Secondary Level,"Name : KENDRIYA VIDYALAYA NO 1
Head/Principal Name: RAJESH PANDEY","Address : SHAKTI NAGAR GWALIOR MADHYA PRADESH
Website : https://no1gwalior.kvs.ac.in"
553,"Aff. No. :1000004
Sch. Code:54086","State : MADHYA PRADESH
District : GWALIOR",Senior Secondary Level,"Name : PM SHRI KENDRIYA VIDYALAYA NO. II
Head/Principal Name: SANJEEV KUMAR SAMBHARIA","Address : A F S MAHARAJPUR GWALIOR MADHYA PRADESH
Website : https://no2gwalior.kvs.ac.in/"
554,"Aff. No. :1000037
Sch. Code:54084","State : MADHYA PRADESH
District : GWALIOR",Senior Secondary Level,"Name : PM SHRI KENDRIYA VIDYALAYA NO.4
Head/Principal Name: Umesh Chandra","Address : AIR FORCE STATION MAHARAJPUR GWALIOR MADHYA PRADESH
Website : https://no4gwaliorafs.kvs.ac.in/"
555,"Aff. No. :1000023
Sch. Code:54083","State : MADHYA PRADESH
District : GWALIOR",Senior Secondary Level,"Name : PM SHRI KENDRIYA VIDYALAYA NO 3
Head/Principal Name: ROHIT SAXENA","Address : 7 TAGORE NAGAR UNIVERSITY ROAD THALPUR MORAR CANTT GWALIOR MADHYA PRADESH
Website : www.no3gwalior.kvs.ac.in"
556,"Aff. No. :1000104
Sch. Code:54162","State : MADHYA PRADESH
District : GWALIOR",Senior Secondary Level,"Name : PM SHRI KENDRIYA VIDYALAYA DABRA
Head/Principal Name: NEELIMA SONI","Address : SIMARIYATAAL, ANANT PAITH, DABRA
Website : https://dabra.kvs.ac.in/"
557,"Aff. No. :1000098
Sch. Code:54159","State : MADHYA PRADESH
District : GWALIOR",Senior Secondary Level,"Name : PM SHRI KENDRIYA VIDYALAYA BSF ACADEMY TEKANPUR
Head/Principal Name: SANJAY AGRAWAL","Address : KENDRIYA VIDYALAYA BSF ACADEMY TEKANPUR POST OFFICE:- TEKANPUR DISTT:- GWALIOR (M.P.)
Website : https://bsftekanpur.kvs.ac.in/"
558,"Aff. No. :1000255
Sch. Code:54261","State : MADHYA PRADESH
District : GWALIOR",Senior Secondary Level,"Name : PM SHRI KENDRIYA VIDYALAYA CRPF GROUP CENTRE NAYAGAON
Head/Principal Name: BRAJESH KUMAR PANDEY","Address : CRPF GROUP CENTRE PANIHAR, A.B. ROAD GWALIOR (M.P.) 475330
Website : https://crpfnayagaon.kvs.ac.in"
559,"Aff. No. :1000091
Sch. Code:54152","State : MADHYA PRADESH
District : HARDA",Senior Secondary Level,"Name : KENDRIYA VIDYALAYA
Head/Principal Name: PRAMOD KUMAR KORI","Address : HARDA, KASHI BAI KANYASHALA, HARDA, MADHYA PRADESH
Website : http://harda.kvs.ac.in"
560,"Aff. No. :1020166
Sch. Code:52176","State : MADHYA PRADESH
District : HARDA",Senior Secondary Level,"Name : EKLAVYA MODEL RESIDENTIAL SCHOOL RAHATGAON HARDA
Head/Principal Name: AVINASH RANI","Address : TEHSIL TIMARNI, DISTRICT HARDA
Website : www.emrsrahatgaon.in"
561,"Aff. No. :1030338
Sch. Code:50307","State : MADHYA PRADESH
District : HARDA",Senior Secondary Level,"Name : SANSKAR VIDHYAPEETH
Head/Principal Name: RAJESHWARI GITE","Address : CHHIPANER ROAD, DISTT HARDA, MADHYA PRADESH
Website : https://www.sanskarvidhyapeeth.org.in/"
562,"Aff. No. :1030315
Sch. Code:50281","State : MADHYA PRADESH
District : HARDA",Senior Secondary Level,"Name : ST. MARY'S CO ED. SCHOOL
Head/Principal Name: FRANCIS MARIA JOSEPH","Address : NEAR RAILWAY STATION, DISTT HARDA, MADHYA PRADESH
Website : https://stmarysharda.com"
563,"Aff. No. :1030901
Sch. Code:50866","State : MADHYA PRADESH
District : HARDA",Senior Secondary Level,"Name : SUNFLOWER ENG. MED.H.S.SCHOOL HARDA
Head/Principal Name: Bhuvneshwari Pandey","Address : BEHIND GOVT. ARTS & COMMERCE COLLEGE INDORE ROAD HARDA
Website : https://sunflowerschoolharda.org"
564,"Aff. No. :1040040
Sch. Code:54056","State : MADHYA PRADESH
District : HARDA",Senior Secondary Level,"Name : JAWAHAR NAVODAYA VIDYALAYA
Head/Principal Name: SUNITA R. MOTGHARE","Address : CHARUWA TEH KHIRKIYA DISTT HARDA MADHYA PRADESH
Website : https://www.navodaya.gov.in/nvs/nvs-school/HARDA/e"
565,"Aff. No. :1031177
Sch. Code:51152","State : MADHYA PRADESH
District : HARDA",Senior Secondary Level,"Name : THE FOUNDATION OF EDUCATION
Head/Principal Name: PREETI BANKE","Address : VIKAS NAGAR,CHHIPANER ROAD,HARDA,M.P
Website : www.thefoundationofeducationharda.in"
566,"Aff. No. :1031123
Sch. Code:51096","State : MADHYA PRADESH
District : HARDA",Senior Secondary Level,"Name : DAILY SCHOOL OF EDUCATION
Head/Principal Name: KIRAN KUMAR MISHRA","Address : VILL. SODALPUR, TEH. TIMARNI, DIST. HARDA, MP.
Website : https://dsesodalpur.in/"
567,"Aff. No. :1030982
Sch. Code:50941","State : MADHYA PRADESH
District : HARDA",Senior Secondary Level,"Name : HOLY FAITH BAL RED CROSS SCHOOL
Head/Principal Name: Nisha Jacob","Address : HOLY FAITH CAMPUS, BEHIND BANSAL PETROL PUMP, HARDA-KHURD, HARDA
Website : www.holyfaith.info"
568,"Aff. No. :1030965
Sch. Code:50925","State : MADHYA PRADESH
District : HARDA",Senior Secondary Level,"Name : KNOWLEDGE PUBLIC SCHOOL, TIMARNI
Head/Principal Name: MADHURI TIWARI","Address : BHAYLI TAPPAR, SODALPUR ROAD
Website : https://www.kpstimarni.in/"
569,"Aff. No. :1031058
Sch. Code:51024","State : MADHYA PRADESH
District : HARDA",Senior Secondary Level,"Name : ACADEMIC HEIGHTS PUBLIC SCHOOL, TIMARNI
Head/Principal Name: Ashish Tripathi","Address : ACADEMIC HEIGHTS PUBLIC SCHOOL,VILLAGE - NIMACHA, TIMARNI (M.P.)
Website : http://ahpstimarni.in/"
570,"Aff. No. :1031038
Sch. Code:51003","State : MADHYA PRADESH
District : HARDA",Senior Secondary Level,"Name : CEYONE-RAY INTERNATIONAL SCHOOL
Head/Principal Name: AMIT KUMAR BHARGAVA","Address : CHHARUWA ROADCHHIPABAD,KHIRKIYA,DIST.HARDA,M.P
Website : http://ceyoneray.com/"
571,"Aff. No. :1031034
Sch. Code:50997","State : MADHYA PRADESH
District : HARDA",Senior Secondary Level,"Name : SURYODAYA GLOBAL ACADEMY
Head/Principal Name: SWATI SHARMA","Address : HARDA KHANDWA HIGHWAY, NEAR TOLL NAKA VILLAGE MUHAL KALAN
Website : http://suryodayaglobal.in/"
572,"Aff. No. :1031423
Sch. Code:51440","State : MADHYA PRADESH
District : HARDA",Senior Secondary Level,"Name : ST JUDES CO ED SCHOOL
Head/Principal Name: George Jacob","Address : CHHIPAVAD, KHIRKIYA, DIST.- HARDA, MP
Website : https://stjudescoed.com/index.php"
573,"Aff. No. :1031368
Sch. Code:51385","State : MADHYA PRADESH
District : HARDA",Senior Secondary Level,"Name : ST MARYS CO ED SCHOOL TIMARNI
Head/Principal Name: ANITHAMMA","Address : TIMARNI, DIST HARDA, MP
Website : http://stmaryscoedschool.in/"
574,"Aff. No. :1031334
Sch. Code:51351","State : MADHYA PRADESH
District : HARDA",Senior Secondary Level,"Name : SARASWATI VIDYA MANDIR H.S.S. HARDA
Head/Principal Name: DEVANAND SONAR","Address : SAME AS ABOVE, SAME AS ABOVE
Website : www.ssmharda.org"
575,"Aff. No. :1031373
Sch. Code:51390","State : MADHYA PRADESH
District : NARMADAPURAM",Senior Secondary Level,"Name : NARMADA VALLEY INTERNATIONAL SCHOOL
Head/Principal Name: Narendra singh rajput","Address : 25 PIPARIYA ROAD , NEAR HP PETROL PUMP , SEMRI HARCHAND
Website : www.nvis.co.in"
576,"Aff. No. :1031387
Sch. Code:51404","State : MADHYA PRADESH
District : NARMADAPURAM",Senior Secondary Level,"Name : ST. CHARLES CONVENT SCHOOL
Head/Principal Name: Florin Rego","Address : SEONI MALWA, DIST NARMADAPURAM, (HOSHANGABAD), MP
Website : http://stcharlesconventschool.in/"
577,"Aff. No. :1031388
Sch. Code:51405","State : MADHYA PRADESH
District : NARMADAPURAM",Senior Secondary Level,"Name : APPLE TREE THE WORLD SCHOOL
Head/Principal Name: Jeetinder Kaur Madan","Address : PLOT NO. 2, SAKET ROAD, SONASANWARI
Website : https://www.attws.edu.in"
578,"Aff. No. :1031298
Sch. Code:51316","State : MADHYA PRADESH
District : NARMADAPURAM",Senior Secondary Level,"Name : ST. MARYS CONVENT HR SEC SCHOOL
Head/Principal Name: STALIN JERRY ANTO A","Address : PIPARIYA ROAD BANKHEDI, PIPARIYA ROAD BANKHEDI
Website : http://www.stmaryschoolbankhedi.in"
579,"Aff. No. :1031444
Sch. Code:51461","State : MADHYA PRADESH
District : NARMADAPURAM",Secondary Level,"Name : GREEN POINT MONTESSORI AND SCHOOL
Head/Principal Name: Imowati Jamir","Address : BESIDE MGM SCHOOL, HOSHANGABAD ROAD, VILLAGE- RAISALPUR, TEHSIL-ITARSI, DISTRICT NARMADAPURAM (HOSHANGABAD) MP
Website : https://thegpms.in/"
580,"Aff. No. :1031498
Sch. Code:51516","State : MADHYA PRADESH
District : NARMADAPURAM",Secondary Level,"Name : REWA VALLEY INTERNATIONAL SCHOOL
Head/Principal Name: Bishakha De","Address : NEAR H.P. PETROL PUMP, GADARWARA ROAD, BANKHEDI, DIST. - NARMADAPURAM (HOSHANGABAD), M.P
Website : https://rewavalleyint.in/"
581,"Aff. No. :1040014
Sch. Code:54028","State : MADHYA PRADESH
District : NARMADAPURAM",Senior Secondary Level,"Name : JAWAHAR NAVODAYA VIDYALAYA
Head/Principal Name: KAVYA DUBEY","Address : PAWAR KHEDA DISTT HOSHANGABAD MADHYA PRADESH
Website : www.navodaya.gov.in/nvs/nvs-school/HOSHANGABAD/en/home/"
582,"Aff. No. :1031048
Sch. Code:51014","State : MADHYA PRADESH
District : NARMADAPURAM",Senior Secondary Level,"Name : EKLAVYA INTERNATIONAL SCHOOL
Head/Principal Name: VARSHA NAIDU","Address : EKLAVYA INTERNATIONAL SCHOOL GRAM: DHOKHEDA, POST: LOHARIYA,
Website : www.eklavyainternationalschool.in"
583,"Aff. No. :1031029
Sch. Code:51012","State : MADHYA PRADESH
District : NARMADAPURAM",Senior Secondary Level,"Name : GENIUS PLANET SCHOOL
Head/Principal Name: Manita Siddiqui","Address : KHASRA NO 95/2,95/3,95/4 NYAS BYPASS ROAD, VILL.-SONASAWRI
Website : www.geniusplanet.in"
584,"Aff. No. :1031080
Sch. Code:51048","State : MADHYA PRADESH
District : NARMADAPURAM",Senior Secondary Level,"Name : THE LEARNING STEM INTERNATIONAL SCHOOL
Head/Principal Name: Madhumathi A.L","Address : PACHMARI ROAD VILLAGE KALLUKHAPA,PIPARIYA DISTRICT HOSHANGABAD (M.P.)
Website : www.learningstemeducation.in"
585,"Aff. No. :1030938
Sch. Code:50901","State : MADHYA PRADESH
District : NARMADAPURAM",Senior Secondary Level,"Name : ST. MARYS CO-ED H.S. SCHOOL,ITARSI
Head/Principal Name: MEENA PARMAR","Address : ST.MARYS CO-ED SCHOOL, JAMANI ROAD DEHRI, ITARSI
Website : www.stmarycoeditarsi.com"
586,"Aff. No. :1030945
Sch. Code:50909","State : MADHYA PRADESH
District : NARMADAPURAM",Senior Secondary Level,"Name : SHRI GYANRATNA ACADEMY, DAMADIYA
Head/Principal Name: REENA LOUIS","Address : GRAM DAMADIA,BY-PASS ROAD
Website : www.shrigyanratnaacademy.com"
587,"Aff. No. :1031211
Sch. Code:51229","State : MADHYA PRADESH
District : NARMADAPURAM",Senior Secondary Level,"Name : ROYAL TRINITY SCHOOL
Head/Principal Name: Ms.Pinki Rajput","Address : CROSS GROUND NEAR BIBLE COLLEGE MALVIYAGANJ ITARSI
Website : www.rtsitarsi.com"
588,"Aff. No. :1031205
Sch. Code:51223","State : MADHYA PRADESH
District : NARMADAPURAM",Senior Secondary Level,"Name : SANT RAWATPURA SARKAR HIGHER SECONDARY SCHOOL
Head/Principal Name: SUMIT KUMAR","Address : BY-PASS ROAD, PADRAI THAKUR ROAD, BANKHEDI, DIST- HOSHANGABAD (M.P)
Website : www.srpsschool.com"
589,"Aff. No. :1080011
Sch. Code:54004","State : MADHYA PRADESH
District : NARMADAPURAM",Senior Secondary Level,"Name : WEST CENTRAL RAILWAY SENIOR SECONDARY SCHOOL
Head/Principal Name: SANJAY DESHMUKH","Address : NEW YARD ITARSI DT HOSHANGABAD MADHYA PRADESH
Website : www.rlyschoolitarsi.org"
590,"Aff. No. :1030924
Sch. Code:50887","State : MADHYA PRADESH
District : NARMADAPURAM",Senior Secondary Level,"Name : SPRINGDALES SENIOR SECONDARY SCHOOL
Head/Principal Name: MONA CHATTERJI","Address : TAPOBHOOMI, KULAMADI ROAD, HOSHANGABAD
Website : www.springdales.org.in"
591,"Aff. No. :1030930
Sch. Code:51040","State : MADHYA PRADESH
District : NARMADAPURAM",Senior Secondary Level,"Name : PRERNA CONVENT INTERNATIONAL SCHOOL
Head/Principal Name: VINITA TIWARI","Address : PHEPARTAL PATWARI HALKA 15/24 WARD NO 21 HARDA ROAD HOSHANGABAD
Website : www.pcinternationalschool.in"
592,"Aff. No. :1030866
Sch. Code:50832","State : MADHYA PRADESH
District : NARMADAPURAM",Senior Secondary Level,"Name : KRISHNA CAREER CONVENT SCHOOL
Head/Principal Name: KALPANA KUSHWAHA","Address : BEHIND GEETA BHAWAN, NEAR SAI GREEN CITY, RASULIYA(PHEFARTAAL)HOSHANGABAD(M.P.)
Website : www.http//kccschool.in"
593,"Aff. No. :1030813
Sch. Code:50777","State : MADHYA PRADESH
District : NARMADAPURAM",Senior Secondary Level,"Name : JEEVA JYOTI HIGHER SECONDARY SCHOOL
Head/Principal Name: JYOTI PANICKER","Address : BARAKHAD KALA TEHSIL SEONI MALWA
Website : www.jeevajyoti.in"
594,"Aff. No. :1030731
Sch. Code:50695","State : MADHYA PRADESH
District : NARMADAPURAM",Senior Secondary Level,"Name : PANDIT RAMLAL SHARMA ENGLISH MEDIUM SCHOOL
Head/Principal Name: Arun Agrawal","Address : HARDA BYPASS RASULIYA HOSHANGABAD
Website : www.rlshbd.in"
595,"Aff. No. :1030366
Sch. Code:50333","State : MADHYA PRADESH
District : NARMADAPURAM",Senior Secondary Level,"Name : ST. JOSEPHS CONVENT HIGHER SECONDARY SCHOOL
Head/Principal Name: PUSHPA GEORGE","Address : TEHSIL - ITARSI, DIST. HOSHANGABAD, MADHYA PRADESH
Website : www.sjcsitarsi.com"
596,"Aff. No. :1030358
Sch. Code:50326","State : MADHYA PRADESH
District : NARMADAPURAM",Senior Secondary Level,"Name : MGM ENGLISH MEDIUM HIGHER SECONDARY SCHOOL
Head/Principal Name: FR. SHAIJU PHILIP","Address : POST BOX NO.2, RAISALPUR, ITARSI, HOSHANGABAD, MADHYA PRADESH
Website : https://mgmschoolitarsi.in/"
597,"Aff. No. :1030409
Sch. Code:50371","State : MADHYA PRADESH
District : NARMADAPURAM",Senior Secondary Level,"Name : SERVITE CONVENT HR.SEC.SCHOOL
Head/Principal Name: SR SALUJA OSM","Address : SERVITE CONVENT SCHOOL, ITI ROAD., HOSHANGABAD
Website : www.serviteschoolhbd.in"
598,"Aff. No. :1030396
Sch. Code:50359","State : MADHYA PRADESH
District : NARMADAPURAM",Senior Secondary Level,"Name : BEERSHEBA INTERNATIONAL SCHOOL
Head/Principal Name: Mrs. Nishiithika Singh","Address : PANCHMARHI ROAD,
Website : https://beershebainternationalschool.org/"
599,"Aff. No. :1030440
Sch. Code:50405","State : MADHYA PRADESH
District : NARMADAPURAM",Senior Secondary Level,"Name : NARMADA VALLEY ACADEMY
Head/Principal Name: KAUSHAL SINGH","Address : N V ACADEMY VYAS COLONY, TEHSIL SEONI MALWA HOSHANGABAD MP
Website : www.nvaindia.com"
600,"Aff. No. :1030415
Sch. Code:50381","State : MADHYA PRADESH
District : NARMADAPURAM",Senior Secondary Level,"Name : GYANSAGAR INTERNATIONAL SCHOOL
Head/Principal Name: Anjali Abhilasha Caesar","Address : KIWLARI,SOHAGPUR DISTRICT HOSHANGABAD
Website : www.gyansagarschoolsgp.org"
601,"Aff. No. :1030501
Sch. Code:50464","State : MADHYA PRADESH
District : NARMADAPURAM",Senior Secondary Level,"Name : INSPIRE PODAR LEARN SCHOOL
Head/Principal Name: Rajendra yadav","Address : ITARSI ROAD, PANWARKHEDA
Website : http://www.ipschoolmp.com"
602,"Aff. No. :1030528
Sch. Code:50492","State : MADHYA PRADESH
District : NARMADAPURAM",Senior Secondary Level,"Name : NARMADA VALLEY INTERNATIONAL SCHOOL
Head/Principal Name: Imran Khan","Address : BABAI TOLL NAKA HOSHANGABAD DIST.HOSHANGABAD
Website : www.nvis.co.in"
603,"Aff. No. :1030539
Sch. Code:50505","State : MADHYA PRADESH
District : NARMADAPURAM",Senior Secondary Level,"Name : PRAGYAN ENGLISH MEDIUM CO-ED SCHOOL
Head/Principal Name: RITU TIWARI","Address : OLD ITARSI . TEH- ITARSI 461111
Website : www.pragyanschool.org"
604,"Aff. No. :1030544
Sch. Code:50511","State : MADHYA PRADESH
District : NARMADAPURAM",Senior Secondary Level,"Name : ST.PATRICK'S AA MA U MA VI
Head/Principal Name: Fr DILEEP KUMAR MINJ","Address : SOHAGPUR P.O.
Website : www.spssohagpur"
605,"Aff. No. :1030556
Sch. Code:50519","State : MADHYA PRADESH
District : NARMADAPURAM",Senior Secondary Level,"Name : VARDHAMAN PUBLIC SCHOOL
Head/Principal Name: Rachna p","Address : SURAJGANI, ITARSI
Website : www.vardhamanschool.in"
606,"Aff. No. :1030618
Sch. Code:50586","State : MADHYA PRADESH
District : NARMADAPURAM",Senior Secondary Level,"Name : SUMITRA PUBLIC SCHOOL BABAI
Head/Principal Name: Bhalendu Dubey","Address : PACHMARI ROAD, BABAI DIST. HOSHANGABAD
Website : www.spsbabai.com"
607,"Aff. No. :1030614
Sch. Code:50582","State : MADHYA PRADESH
District : NARMADAPURAM",Senior Secondary Level,"Name : ST. CHARLES HIGHER SECONDARY SCHOOL
Head/Principal Name: Sr Vinutha B","Address : RASULIA, SARASWATI NAGAR, DISTT. HOSHANGABAD, MADHYA PRADESH
Website : www.stcharlesnarmadapuram.in"
608,"Aff. No. :1030323
Sch. Code:50288","State : MADHYA PRADESH
District : NARMADAPURAM",Senior Secondary Level,"Name : SAMARITIANS ENGLISH MEDIUM HIGHER SECONDARY SCHOOL
Head/Principal Name: PRERANA RAWAT","Address : SANDIPANI PARISAR, HOSHANGABAD, MADHYA PRADESH
Website : www.samaritansschool.edu.in"
609,"Aff. No. :1030218
Sch. Code:50193","State : MADHYA PRADESH
District : NARMADAPURAM",Senior Secondary Level,"Name : ST JOSEPH'S SENIOR SECONDARY SCHOOL
Head/Principal Name: Varghese Shiju","Address : BEEJANWADA PIPARIYA HOSHANGABAD MADHYA PRADESH
Website : www.stjosephpipariya.in"
610,"Aff. No. :1030146
Sch. Code:50121","State : MADHYA PRADESH
District : NARMADAPURAM",Senior Secondary Level,"Name : SHANTI NIKETAN MONTESSORI HIGHER SECONDARY SCHOOL
Head/Principal Name: K M GEORGE","Address : HOSHANGABAD MADHYA PRADESH
Website : https://shantiniketanschoolhoshangabad.com/"
611,"Aff. No. :1020187
Sch. Code:52197","State : MADHYA PRADESH
District : NARMADAPURAM",Senior Secondary Level,"Name : GOVT.ORDNANCE FACTORY HIGHER SECONDARY SCHOOL
Head/Principal Name: SANGEETA SHANKER SHARMA","Address : O.F. ESTATE, AYUDH NAGAR , ITARSI
Website : http://ddpdoo.gov.in/units/ofsofi"
612,"Aff. No. :1020181
Sch. Code:52191","State : MADHYA PRADESH
District : NARMADAPURAM",Senior Secondary Level,"Name : GOVT. DIVISIONAL GYANODAYA (RESIDENTIAL) VIDHYALAYA NARMADAPURAM
Head/Principal Name: VANDANA SHRIVASTAVA","Address : NEAR NCC OFFICE, OLD B.T.I. ROAD, NARMADAPURAM
Website : https://gyanodaynarmadapuram.com/"
613,"Aff. No. :1020053
Sch. Code:52054","State : MADHYA PRADESH
District : NARMADAPURAM",Senior Secondary Level,"Name : KANYA SHIKSHA PARISAR PAWARKHEDA HOSHANGABAD
Head/Principal Name: ASHA MEENA","Address : KANYA SHIKSHA PARISAR PAWARKHEDA FARM HOSHANGABAD
Website : www.ksppn.com"
614,"Aff. No. :1020043
Sch. Code:52043","State : MADHYA PRADESH
District : NARMADAPURAM",Senior Secondary Level,"Name : GOVT. MODEL HIGHER SECONDARY SCHOOL TAWANAGAR
Head/Principal Name: DEEPAK KUMAR SONI","Address : PRINCIPAL, GOVT.MODEL HSS TAWANAGAR. DIST- HOSHANGABAD(MP) TAWANAGAR MADHYA PRADESH ,HOSHANGABAD , 461551
Website : govtmodelhhstawanagar@gmail.com"
615,"Aff. No. :1020018
Sch. Code:52020","State : MADHYA PRADESH
District : NARMADAPURAM",Senior Secondary Level,"Name : EKLAVYA MODEL RESIDENTIAL SCHOOL
Head/Principal Name: MEENU NAGAR","Address : SUKHANTAWA, HOSHANGABAD, MADHYA PRADESH
Website : www.emrskesla.com"
616,"Aff. No. :1000038
Sch. Code:54089","State : MADHYA PRADESH
District : NARMADAPURAM",Senior Secondary Level,"Name : PM SHRI KENDRIYA VIDYALAYA NO 2
Head/Principal Name: ARAVIND KUMAR RAI","Address : C P E ITARSI DT. HOSHANGABAD MADHYA PRADESH
Website : https://no2itarasi.kvs.ac.in/"
617,"Aff. No. :1000008
Sch. Code:54091","State : MADHYA PRADESH
District : NARMADAPURAM",Senior Secondary Level,"Name : PM SHRI KENDRIYA VIDYALAYA
Head/Principal Name: ANAND M NANDURKAR","Address : PACHMARHI HOSHANGABAD DISTT MADHYA PRADESH
Website : https://pachmarhi.kvs.ac.in/"
618,"Aff. No. :1000015
Sch. Code:54087","State : MADHYA PRADESH
District : NARMADAPURAM",Senior Secondary Level,"Name : PM SHRI KENDRIYA VIDYALAYA NO 1
Head/Principal Name: SHRADHA PATHAK","Address : ORDNANCE FACTORY ESTATE ITARSI DT HOSHANGABAD MADHYA PRADESH
Website : https://no1itarasi.kvs.ac.in/"
619,"Aff. No. :1000018
Sch. Code:54088","State : MADHYA PRADESH
District : NARMADAPURAM",Senior Secondary Level,"Name : PM SHRI KENDRIYA VIDYALAYA
Head/Principal Name: RAJESH SAHU","Address : S.P.M HOSHANGABAD MADHYA PRADESH
Website :"
620,"Aff. No. :1000065
Sch. Code:54090","State : MADHYA PRADESH
District : NARMADAPURAM",Senior Secondary Level,"Name : PM SHRI KENDRIYA VIDYALAYA
Head/Principal Name: MOHAN LAL RATHORE","Address : SEONI MALWA DISTT HOSHANGABAD MADHYA PRADESH
Website : www.seonimalwa.kvs.ac.in"
621,"Aff. No. :1000032
Sch. Code:54093","State : MADHYA PRADESH
District : INDORE",Senior Secondary Level,"Name : PM SHRI KENDRIYA VIDYALAYA NO 2
Head/Principal Name: MANISH JAIN","Address : BSF CAMPUS BIJASAN ROAD INDORE MADHYA PRADESH
Website : www.no2indore.kvs.ac.in"
622,"Aff. No. :1000014
Sch. Code:54092","State : MADHYA PRADESH
District : INDORE",Senior Secondary Level,"Name : PM SHRI KENDRIYA VIDYALAYA NO 1
Head/Principal Name: SUDHIR BAJPAI","Address : RESIDENCY CLUB ROAD INDORE MADHYA PRADESH
Website : https://no1indore.kvs.ac.in/"
623,"Aff. No. :1000011
Sch. Code:54109","State : MADHYA PRADESH
District : INDORE",Senior Secondary Level,"Name : PM SHRI KENDRIYA VIDYALAYA
Head/Principal Name: Sangeeta Shelke","Address : 92 CUNNINGHAM ROAD OPP SWARG MANDIR MHOW DISTT INDORE MADHYA PRADESH
Website : http://mhow.kvs.ac.in"
624,"Aff. No. :1000254
Sch. Code:54259","State : MADHYA PRADESH
District : INDORE",Senior Secondary Level,"Name : PM SHRI KENDRIYA VIDYALAYA IIT INDORE
Head/Principal Name: NEELAM MALVIYA","Address : KHANDWA ROAD , SIMROL
Website : https://iitindore.kvs.ac.in/"
625,"Aff. No. :1020033
Sch. Code:52031","State : MADHYA PRADESH
District : INDORE",Senior Secondary Level,"Name : EKLAVYA MODEL RESIDENTIAL SCHOOL (EMRS) MHOW INDORE
Head/Principal Name: NIKITA MEHRA","Address : CAMPUS MODOD, RAU, INDORE,MADHYA PRADESH-452020
Website : https://www.emrsmhowindore.org.in"
626,"Aff. No. :1020095
Sch. Code:52082","State : MADHYA PRADESH
District : INDORE",Senior Secondary Level,"Name : SHRAMODAY AWASIYA VIDYALAYA, INDORE
Head/Principal Name: SEEMA SALWAN","Address : BETMA KHURD, TEHSIL DEPALPUR, DISTRICT INDORE.
Website : http://www.shramodayvidyalay.mp.gov.in/"
627,"Aff. No. :1020071
Sch. Code:52070","State : MADHYA PRADESH
District : INDORE",Senior Secondary Level,"Name : EMRS PVTG INDORE
Head/Principal Name: Nidhi Kumari","Address : OPPOSITE CHAMELIDEVI ENGINEERING COLLEGE, KHANDWA ROAD MOROD
Website : www.emrspvtgindore.com"
628,"Aff. No. :1030001
Sch. Code:50047","State : MADHYA PRADESH
District : INDORE",Senior Secondary Level,"Name : DALY COLLEGE
Head/Principal Name: GUNMEET BINDRA","Address : RESIDENCY AREA INDORE MADHYA PRADESH
Website : www.dalycollege.org"
629,"Aff. No. :1030002
Sch. Code:50059","State : MADHYA PRADESH
District : INDORE",Senior Secondary Level,"Name : CHOITHRAM SCHOOL
Head/Principal Name: CHITRALEKHA KULKARNI","Address : MANIK BAGH ROAD INDORE MADHYA PRADESH
Website : www.choithramschool.com"
630,"Aff. No. :1030023
Sch. Code:50056","State : MADHYA PRADESH
District : INDORE",Senior Secondary Level,"Name : SRI SATHYA SAI VIDYA VIHAR
Head/Principal Name: DR ANJU CHOPRA","Address : SCHEME NO 54 CITY CENTRE NO 2 A B ROAD INDORE MADHYA PRADESH
Website : www.sathyasaiindore.com"
631,"Aff. No. :1030031
Sch. Code:50058","State : MADHYA PRADESH
District : INDORE",Senior Secondary Level,"Name : INDORE PUBLIC SCHOOL
Head/Principal Name: SUDHA PANDEY","Address : HUKAMA KHEDI RAJENDRA NAGAR A B ROAD INDORE MADHYA PRADESH
Website :"
632,"Aff. No. :1030033
Sch. Code:50060","State : MADHYA PRADESH
District : INDORE",Senior Secondary Level,"Name : IMPERIAL ACADEMY CO-EDN ENGLISH MEDIUM PUBLIC SCHOOL
Head/Principal Name: SUNANDA YADAV","Address : KHANDWA ROAD NEAR RADHA SWAMI SATSANG INDORE MADHYA PRADESH
Website : www.imperialacademy.in"
633,"Aff. No. :1030034
Sch. Code:50048","State : MADHYA PRADESH
District : INDORE",Senior Secondary Level,"Name : GURU HARKRISHAN PUBLIC SCHOOL
Head/Principal Name: Reena Duggal","Address : KHANDWA ROAD INDORE MADHYA PRADESH
Website : www.ghpsindore.org"
634,"Aff. No. :1020174
Sch. Code:52184","State : MADHYA PRADESH
District : INDORE",Senior Secondary Level,"Name : GOVERNMENT GYANODAYA VIDHYALAYA, INDORE
Head/Principal Name: Seema sharma","Address : NEAR GOVT EKLAVYA (PTG) SCHOOL, KHANDWA ROAD, INDORE
Website : https://gyanodayaindore.edu.in/"
635,"Aff. No. :1030152
Sch. Code:50066","State : MADHYA PRADESH
District : INDORE",Senior Secondary Level,"Name : ILVA HIGHER SECONDARY SCHOOL
Head/Principal Name: MANMEET KAUR","Address : SNEH NAGAR SCHEME NO 31 INDORE MADHYA PRADESH
Website : www.ilvaschoolindore.in"
636,"Aff. No. :1030153
Sch. Code:50128","State : MADHYA PRADESH
District : INDORE",Senior Secondary Level,"Name : SPRING VALLY PUBLIC SCHOOL
Head/Principal Name: Arti Pandey","Address : KANADIA ROAD INDORE MADHYA PRADESH
Website : www.springvalleypublicschool.com"
637,"Aff. No. :1030139
Sch. Code:50141","State : MADHYA PRADESH
District : INDORE",Senior Secondary Level,"Name : COLONEL'S ACADEMY
Head/Principal Name: Anubha Bahadur","Address : 51 SILVER OAKS ESTATE BERCHA ROAD MHOW, DISTT INDORE, MADHYA PRADESH
Website : www.colonelsacademy.com"
638,"Aff. No. :1030124
Sch. Code:50065","State : MADHYA PRADESH
District : INDORE",Senior Secondary Level,"Name : ST. ARNOLD'S SCHOOL
Head/Principal Name: PIOUS CYRIAC","Address : 74/C VIJAY NAGAR INDORE MADHYA PRADESH
Website : www.starnoldsvijaynagar.com"
639,"Aff. No. :1030191
Sch. Code:50168","State : MADHYA PRADESH
District : INDORE",Senior Secondary Level,"Name : MATA GUJRI GIRLS SCHOOL
Head/Principal Name: NEELAM PANDEY","Address : PIPALIYA PALA A B ROAD INDORE MADHYA PRADESH
Website : www.mggpsindore.org"
640,"Aff. No. :1030183
Sch. Code:50161","State : MADHYA PRADESH
District : INDORE",Senior Secondary Level,"Name : ADVANCED ACADEMY
Head/Principal Name: USHA KIRAN TOMAR","Address : ISKCON VIHAR NIPANIA ROAD INDORE MADHYA PRADESH
Website : www.advancedacademyindore.com"
641,"Aff. No. :1030181
Sch. Code:50158","State : MADHYA PRADESH
District : INDORE",Senior Secondary Level,"Name : THE NEW DIGAMBER PUBLIC SCHOOL
Head/Principal Name: WINSTON GOMEZ","Address : KHANDWA ROAD INDORE MADHYA PRADESH
Website : www.ndps.edu.in"
642,"Aff. No. :1030187
Sch. Code:50180","State : MADHYA PRADESH
District : INDORE",Senior Secondary Level,"Name : CHAMELI DEVI PUBLIC SCHOOL
Head/Principal Name: Sangeeta Potdar","Address : TEJPUR GADBADI KESAR BAGH ROAD INDORE MADHYA PRADESH
Website : www.cpsindore.com"
643,"Aff. No. :1030175
Sch. Code:50153","State : MADHYA PRADESH
District : INDORE",Senior Secondary Level,"Name : KESAV VIDYA PEETH
Head/Principal Name: MAHESH PATIDAR","Address : VIVEKANANDAPURAM RAMKRISHAN MARG GRAM CHHOTA BANGDADA INDORE MADHYA PRADESH
Website : www.cbsekvpindore.com"
644,"Aff. No. :1030176
Sch. Code:50154","State : MADHYA PRADESH
District : INDORE",Senior Secondary Level,"Name : DELHI PUBLIC SCHOOL
Head/Principal Name: Mr. Parminder Chopra","Address : PIPLIA KUMAR NEPANIA ROAD NEAR WATER WORLD NEPANIA INDORE MADHYA PRADESH
Website : www.dpsindore.org"
645,"Aff. No. :1030170
Sch. Code:50148","State : MADHYA PRADESH
District : INDORE",Senior Secondary Level,"Name : LITTLE ANGLES HIGHER SECONDARY SCHOOL
Head/Principal Name: RAJAN TRIVEDI","Address : VILL TELIKHEDA NEAR SUB JAIL MHOW, DISTT INDORE MADHYA PRADESH
Website : www.littleangelshsschool.com"
646,"Aff. No. :1030173
Sch. Code:50150","State : MADHYA PRADESH
District : INDORE",Senior Secondary Level,"Name : AMMAR BAUGH-E-NOUNIHAL HIGHER SECONDARY SCHOOL
Head/Principal Name: ABDULQADIR RAGIB","Address : 50 CHATTRI BAUGH, DISTT INDORE MADHYA PRADESH
Website : www.abnschoolindore.in"
647,"Aff. No. :1030168
Sch. Code:50143","State : MADHYA PRADESH
District : INDORE",Senior Secondary Level,"Name : SANMATI HIGHER SECONDARY SCHOOL
Head/Principal Name: ASHA BHATIA","Address : RESIDENCY AREA RADIO COLONY INDORE MADHYA PRADESH
Website : www.sanmatischool.org"
648,"Aff. No. :1030162
Sch. Code:50142","State : MADHYA PRADESH
District : INDORE",Senior Secondary Level,"Name : PIONEER CONVENT SCHOOL
Head/Principal Name: Rashmi Harkerni","Address : MAHALAXMI NAGAR OPP BOMBAY HOSPITAL RING ROAD INDORE MADHYA PRADESH
Website : www.pioneerconvent.com"
649,"Aff. No. :1030084
Sch. Code:50063","State : MADHYA PRADESH
District : INDORE",Senior Secondary Level,"Name : AGARWAL PUBLIC SCHOOL
Head/Principal Name: NILOPHER JEHAN","Address : BICHOLI MARDANA ROAD INDORE MADHYA PRADESH
Website : www.apsindore.com"
650,"Aff. No. :1030085
Sch. Code:50051","State : MADHYA PRADESH
District : INDORE",Senior Secondary Level,"Name : ST. RAPHAEL'S HIGHER SECONDARY SCHOOL
Head/Principal Name: SISTER SINI JOSEPH","Address : 15 OLD SEHORE ROAD P.BOX NO 614 INDORE MADHYA PRADESH
Website : https://straphaelsindore.in"
651,"Aff. No. :1030086
Sch. Code:50052","State : MADHYA PRADESH
District : INDORE",Senior Secondary Level,"Name : ST. PAUL HIGHER SECONDARY SCHOOL
Head/Principal Name: JOLICHAN P J","Address : BOUNDARY ROAD INDORE MADHYA PRADESH
Website : www.stpaulindore.com"
652,"Aff. No. :1030080
Sch. Code:","State : MADHYA PRADESH
District : INDORE",Secondary Level,"Name : UNIVERSITY INNOVATIVE SCHOOL
Head/Principal Name: DR JYOTI RATNAWAT","Address : DEVI AHILIYA VISHWA VIDYALAYA BHANWAR KUAN A B ROAD INDORE MADHYA PRADESH
Website :"
653,"Aff. No. :1030082
Sch. Code:50055","State : MADHYA PRADESH
District : INDORE",Senior Secondary Level,"Name : AJMERA MUKESH NEMICHAND BHAI ENGLISH MEDIUM SCHOOL
Head/Principal Name: DR SEEMA SISODIYA","Address : SCHEME NO.54 A B ROAD INDORE MADHYA PRADESH
Website : www.sgsamnschool.org"
654,"Aff. No. :1030118
Sch. Code:50053","State : MADHYA PRADESH
District : INDORE",Senior Secondary Level,"Name : ISHAQUE PATEL PUBLIC SCHOOL
Head/Principal Name: SHUBHA MITTAL","Address : IPPS BUILDING SAI KRIPA COLONY RING ROAD INDORE MADHYA PRADESH
Website : www.ippsindore.org"
655,"Aff. No. :1030104
Sch. Code:50062","State : MADHYA PRADESH
District : INDORE",Senior Secondary Level,"Name : QUEENS' COLLEGE
Head/Principal Name: GEETHA SOMASEKHARAN","Address : POST KASTURBAGRAM KHANDWA ROAD INDORE MADHYA PRADESH
Website : www.queens.edu.in"
656,"Aff. No. :1030062
Sch. Code:50064","State : MADHYA PRADESH
District : INDORE",Senior Secondary Level,"Name : SHREE BHARTIYA SANSKRITI SHIKSHA SANSTHAN
Head/Principal Name: KHUSHBOO JHA","Address : SHRI VISHWANATH DHAM SANWER ROAD VILL.AIMA BADODIAEMA DISTT INDORE MADHYA PRADESH
Website : www.sbsssindore.co.in"
657,"Aff. No. :1030060
Sch. Code:50050","State : MADHYA PRADESH
District : INDORE",Senior Secondary Level,"Name : VIDYA SAGAR SCHOOL
Head/Principal Name: BHAVNA PUJARI","Address : BICHOLI MARDANA INDORE MADHYA PRADESH
Website : www.vidyasagarschool.org"
658,"Aff. No. :1030065
Sch. Code:50054","State : MADHYA PRADESH
District : INDORE",Senior Secondary Level,"Name : NATIONAL PUBLIC SCHOOL
Head/Principal Name: suman kochhar","Address : AIR PORT ROAD OPP BIJASIN TEMPLE INDORE MADHYA PRADESH
Website : www.npsindore.edu.in"
659,"Aff. No. :1030040
Sch. Code:50057","State : MADHYA PRADESH
District : INDORE",Senior Secondary Level,"Name : THE SOUTH INDIAN CULTURAL ASSOCIATION SENIOR SECONDARY SCHOOL
Head/Principal Name: GAJENDRA SINGH PATEL","Address : SCHEME NO.78 INDORE MADHYA PRADESH
Website : www.sicaschool78.org"
660,"Aff. No. :1030042
Sch. Code:50049","State : MADHYA PRADESH
District : INDORE",Senior Secondary Level,"Name : THE EMERALD HEIGHTS INTERNATIONAL SCHOOL
Head/Principal Name: ANAMIKA SINGH","Address : A B ROAD, OPPOSITE AAKASHWANI, RAU, INDORE MADHYA PRADESH 453331
Website : www.emeraldheights.edu.in"
661,"Aff. No. :1030214
Sch. Code:50190","State : MADHYA PRADESH
District : INDORE",Senior Secondary Level,"Name : DELHI INTERNATIONAL SCHOOL
Head/Principal Name: Shruti Chinchwadkar","Address : JAWAHAR TEKRI DHAR ROAD INDORE MADHYA PRADESH
Website : www.delhiinternationalschool.org"
662,"Aff. No. :1030215
Sch. Code:50232","State : MADHYA PRADESH
District : INDORE",Senior Secondary Level,"Name : BHASKAR ACADEMY
Head/Principal Name: SONALI PARE","Address : AB ROAD, LASUDIA MORI INDORE MADHYA PRADESH
Website : http://www.bhaskaracademy.co.in"
663,"Aff. No. :1030217
Sch. Code:50191","State : MADHYA PRADESH
District : INDORE",Senior Secondary Level,"Name : MAHARISHI VIDYA MANDIR
Head/Principal Name: PAYAL AGNIHOTRI","Address : CAT ROAD RANGVASA INDORE MADHYA PRADESH
Website : www.mvmindore.org"
664,"Aff. No. :1030228
Sch. Code:50202","State : MADHYA PRADESH
District : INDORE",Senior Secondary Level,"Name : CHOITHRAM SCHOOL
Head/Principal Name: Mr. Amit Trivedi","Address : MAYA KHERI ROAD PIPLIYA KUMAR KAKAD NIPANIA INDORE MP
Website : www.choithramschoolnorthcampus.org"
665,"Aff. No. :1030201
Sch. Code:50177","State : MADHYA PRADESH
District : INDORE",Senior Secondary Level,"Name : THE BHAVANS PROMINENT INTERNATIONAL
Head/Principal Name: Subrata Banerjee","Address : NEAR BOMBAY HOSPITAL, PIPLIYA KUMAR, INDORE MADHYA PRADESH
Website : www.bhavansprominent.com"
666,"Aff. No. :1030198
Sch. Code:50209","State : MADHYA PRADESH
District : INDORE",Senior Secondary Level,"Name : SRI CHAITANYA TECHNO SCHOOL
Head/Principal Name: KIRTI CHATURVEDI","Address : KHANDWA ROAD VILLAGE LIMBODI INDORE MADHYA PRADESH
Website : http://www.srichaitanyatechnoschoolindore.net"
667,"Aff. No. :1030264
Sch. Code:50238","State : MADHYA PRADESH
District : INDORE",Senior Secondary Level,"Name : L G ACADEMY
Head/Principal Name: Vinita Bhatia","Address : CAT RAU ROAD DISTT INDORE MADHYA PRADESH
Website : www.lgacademy.org"
668,"Aff. No. :1030233
Sch. Code:50208","State : MADHYA PRADESH
District : INDORE",Senior Secondary Level,"Name : SHRI VAISHNAV ACADEMY SCHOOL
Head/Principal Name: HITESH CHANDRA TIWARI","Address : 177 SOUTH RAJ MOHALLA INDORE MADHYA PRADESH
Website : www.sva.ac.in"
669,"Aff. No. :1030239
Sch. Code:50215","State : MADHYA PRADESH
District : INDORE",Senior Secondary Level,"Name : THE SHISHU KUNJ INTERNATIONAL PUBLIC SCHOOL
Head/Principal Name: DR LALITA SINGH","Address : JHALARIYA BY PASS ROAD INDORE MADHYA PRADESH
Website : www.shishukunj.in"
670,"Aff. No. :1030253
Sch. Code:50226","State : MADHYA PRADESH
District : INDORE",Senior Secondary Level,"Name : PRAGYA GIRLS SCHOOL
Head/Principal Name: RASHI SHAH","Address : BHICHOLI MARDANA, DISTT INDORE, MADHYA PRADESH
Website :"
671,"Aff. No. :1030245
Sch. Code:50221","State : MADHYA PRADESH
District : INDORE",Senior Secondary Level,"Name : PRESTIGE PUBLIC SCHOOL
Head/Principal Name: RAJESH KUMAR SHARMA","Address : SCHEME NO 74 C VIJAY NAGAR INDORE MADHYA PRADESH
Website : www.prestigeschool.org"
672,"Aff. No. :1030237
Sch. Code:50213","State : MADHYA PRADESH
District : INDORE",Senior Secondary Level,"Name : WISHWOOD COTTAGE SCHOOL
Head/Principal Name: Savita Sharma","Address : AB ROAD NEAR KHARE HANUMAN MANDIR MHOW MP
Website : www.wishwoodcottageschoolmhow.com"
673,"Aff. No. :1030318
Sch. Code:50284","State : MADHYA PRADESH
District : INDORE",Senior Secondary Level,"Name : ANNIE BESANT SCHOOL
Head/Principal Name: MOHIT YADAV","Address : 48-49, PRECANCO COLONY, ANNAPURNA ROAD INDORE
Website : www.anniebesant.co.in"
674,"Aff. No. :1030343
Sch. Code:50310","State : MADHYA PRADESH
District : INDORE",Senior Secondary Level,"Name : SICA SENIOR SECONDARY SCHOOL NO. 2
Head/Principal Name: SUJA SANTOSH MATHEW","Address : INDORE MADHYA PRADESH-452010
Website :"
675,"Aff. No. :1030333
Sch. Code:50302","State : MADHYA PRADESH
District : INDORE",Senior Secondary Level,"Name : SOUTH VALLEY INTERNATIONAL SCHOOL
Head/Principal Name: ANJNA MADAAN","Address : GRAM - SALAMPUR, DISTT INDORE, MADHYA PRADESH
Website : www.southvalley.in"
676,"Aff. No. :1030328
Sch. Code:50296","State : MADHYA PRADESH
District : INDORE",Senior Secondary Level,"Name : SAHODAYA CONVENT
Head/Principal Name: Bharti Dixit","Address : BADOLI HAUJ, DISTT INDORE, MADHYA PRADESH
Website : www.sahodayaschool.org"
677,"Aff. No. :1030329
Sch. Code:50297","State : MADHYA PRADESH
District : INDORE",Senior Secondary Level,"Name : GARIMA VIDYA VIHAR SENIOR SEC. SCHOOL
Head/Principal Name: MADHAV MANTRI","Address : AIRPORT ROAD OPP, BIJASAN MATA MANDIR, INDORE, MADHYA PRADESH-452015
Website : www.garimaschool.com"
678,"Aff. No. :1030307
Sch. Code:50390","State : MADHYA PRADESH
District : INDORE",Senior Secondary Level,"Name : ST JOSEPHS SCHOOL
Head/Principal Name: EMARALD","Address : NANDA NAGAR INDORE MADHYA PRADESH
Website : www.stjosephindore.org"
679,"Aff. No. :1030308
Sch. Code:50274","State : MADHYA PRADESH
District : INDORE",Senior Secondary Level,"Name : J J PUBLIC SCHOOL
Head/Principal Name: UMASHANKAR TIWARI","Address : GRAM UMMKHEDA POST KASTUR BAGRAM KHANDWA ROAD INDORE MADHYA PRADESH
Website :"
680,"Aff. No. :1030289
Sch. Code:50259","State : MADHYA PRADESH
District : INDORE",Senior Secondary Level,"Name : ORCHIDS THE INTERNATIONAL SCHOOL
Head/Principal Name: Neelam Tuteja","Address : A B ROAD BY PASS MANGLIA INDORE MADHYA PRADESH
Website :"
681,"Aff. No. :1030291
Sch. Code:50372","State : MADHYA PRADESH
District : INDORE",Senior Secondary Level,"Name : ST NORBERT SCHOOL
Head/Principal Name: Sr IMMACULATE","Address : RANGWASA CAT RAU ROAD RAU INDORE MADHYA PRADESH
Website : www.stnorbertindore.com"
682,"Aff. No. :1030282
Sch. Code:50290","State : MADHYA PRADESH
District : INDORE",Senior Secondary Level,"Name : ST MARY'S HIGHER SECONDARY SCHOOL
Head/Principal Name: AHILA MANISHA FERNANDES","Address : MHOW DISTT INDORE MADHYA PRADESH
Website : www.stmaryschoolmhow.ac.in"
683,"Aff. No. :1030277
Sch. Code:50248","State : MADHYA PRADESH
District : INDORE",Senior Secondary Level,"Name : RAJESHWAR HIGHER SECONDARY SCHOOL
Head/Principal Name: FR IRUDAYARAJ ANTONY","Address : BANKEY ROAD MHOW DISTT INDORE MADHYA PRADESH
Website : www.rajeshwarmhow.com"
684,"Aff. No. :1030608
Sch. Code:50575","State : MADHYA PRADESH
District : INDORE",Senior Secondary Level,"Name : RADHAKISHAN PUBLIC SCHOOL
Head/Principal Name: SUNITA JETHWANI","Address : IN FRONT OF HAWA BANGLOW,SUKH NIWAS ROAD,INDORE
Website :"
685,"Aff. No. :1030609
Sch. Code:50576","State : MADHYA PRADESH
District : INDORE",Senior Secondary Level,"Name : GURUKUL ACADEMY
Head/Principal Name: MRS ANJNA MADAAN","Address : VILLAGE TILLORE KHURD TEHSIL AND DISTT INDORE (MP)
Website :"
686,"Aff. No. :1030621
Sch. Code:50589","State : MADHYA PRADESH
District : INDORE",Senior Secondary Level,"Name : THE MILLENNIUM SCHOOL INDORE
Head/Principal Name: Sangeeta Uppal","Address : HALKA NO.13, NAYTA MUNDLA, TEHSIL & DISTT AB BYPASS, INDORE
Website : www.themillenniumschools.com/tmsindore"
687,"Aff. No. :1030624
Sch. Code:50594","State : MADHYA PRADESH
District : INDORE",Senior Secondary Level,"Name : HOLY CROSS SCHOOL
Head/Principal Name: LAISA JOSEPH","Address : KHANDWA NAKA, INDORE,
Website : www.hcsindore.ac.in"
688,"Aff. No. :1030626
Sch. Code:50592","State : MADHYA PRADESH
District : INDORE",Senior Secondary Level,"Name : HOLY FAMILY CONVENT SCHOOL
Head/Principal Name: LEJIMOL V","Address : HOLY FAMILY CONVENT SCHOOL, PIPLIYAKUMAR , MAYAKHERI ROAD, P.O. VIJAYNAGAR, INDORE 452 010
Website : www.holyfamilyindore.in"
689,"Aff. No. :1030627
Sch. Code:50595","State : MADHYA PRADESH
District : INDORE",Senior Secondary Level,"Name : YASHWANT PUBLIC SCHOOL, MHOW
Head/Principal Name: JAYASHREE NAIR","Address : SOUTH SHANTI NAGAR, MHOWGAON, MHOW, DISTT INDORE, MADHYA PRADESH
Website : https://www.yashwantgroupofschool.com"
690,"Aff. No. :1030585
Sch. Code:50552","State : MADHYA PRADESH
District : INDORE",Senior Secondary Level,"Name : LA SAGESSE ACADEMY
Head/Principal Name: Shweta Soni","Address : PANDA ROAD, RAU
Website : www.lasagesse.in"
691,"Aff. No. :1030581
Sch. Code:50555","State : MADHYA PRADESH
District : INDORE",Senior Secondary Level,"Name : CATALYST WORLD SCHOOL
Head/Principal Name: SONAL SINGH","Address : Village Ambamoliya, Bicholi Mardana Road, Indore
Website : www.catalystworldschool.com"
692,"Aff. No. :1030570
Sch. Code:50538","State : MADHYA PRADESH
District : INDORE",Senior Secondary Level,"Name : THE JUNIORS'COLLEGE ENGLISH MEDIUM CO-ED SCHOOL
Head/Principal Name: ANIL KUMAR VYAS","Address : NEAR TAFREEH GARDEN,DHAR ROAD INDORE
Website :"
693,"Aff. No. :1030578
Sch. Code:50544","State : MADHYA PRADESH
District : INDORE",Senior Secondary Level,"Name : SHRI DEVI AHILYA SHISHU VIHAR
Head/Principal Name: APARNA VYAS","Address : RAJASWAGRAM CHHATRIBAGH
Website : https://www.sdasv.com"
694,"Aff. No. :1030560
Sch. Code:50528","State : MADHYA PRADESH
District : INDORE",Senior Secondary Level,"Name : SRI SRI RAVISHANKAR VIDYA MANDIR
Head/Principal Name: KANCHAN TARE","Address : VILLAGE SANAWADIA, BEHIND DEVGURADIA TEMPLE, NEMAWAR ROAD, INDORE.
Website : indore@srvm.org"
695,"Aff. No. :1030538
Sch. Code:50504","State : MADHYA PRADESH
District : INDORE",Senior Secondary Level,"Name : LITTLE FLOWER SCHOOL
Head/Principal Name: REV FR SANJAY GIRWAL","Address : PUSHPNAGAR, KHAJRANA ROAD, INDORE(MP)
Website : https://littleflowerindore.com"
696,"Aff. No. :1030494
Sch. Code:50459","State : MADHYA PRADESH
District : INDORE",Senior Secondary Level,"Name : ST. MARY CHAMPION HR. SEC. SCHOOL, INDORE
Head/Principal Name: Victor Swamy","Address : ST. MARY CHAMPION HR. SEC. SCHOOL, NAVDAPANTH, DHAR ROAD, (NEAR STATE OF INDORE), INDORE
Website : www.stmarychampion.com"
697,"Aff. No. :1030509
Sch. Code:50474","State : MADHYA PRADESH
District : INDORE",Senior Secondary Level,"Name : SHRI CLOTH MARKET VAISHNAV GIRLS HIGHER SECONDARY SCHOOL
Head/Principal Name: ANSHU MAHESHWARI","Address : RAJMOHALLA INDORE
Website : https://WWW.SCMVBM.EDU.IN"
698,"Aff. No. :1030513
Sch. Code:50479","State : MADHYA PRADESH
District : INDORE",Senior Secondary Level,"Name : ST. VINCENT PALLOTTI SCHOOL
Head/Principal Name: DANTEES THOMAS","Address : BEHIND ELECTRONIC COMPLEX, SUKHLIYA, INDORE, MADHYA PRADESH
Website : www.pallottischoolindore.in"
699,"Aff. No. :1030514
Sch. Code:50483","State : MADHYA PRADESH
District : INDORE",Senior Secondary Level,"Name : SKS INTERNATIONAL SCHOOL
Head/Principal Name: Reena Singh Sisodiya","Address : GRAM DEHRI RANGWASA, TEHSIL AND DISTRICT INDORE
Website : www.sksinternationalschool.com"
700,"Aff. No. :1030523
Sch. Code:50487","State : MADHYA PRADESH
District : INDORE",Senior Secondary Level,"Name : INDUS WORLD SCHOOL
Head/Principal Name: Lalima Tiwari","Address : 9,SANYOGITAGANJ,CHHAWANI, NEAR MISSION HOSPITAL
Website : http://www.indusworldschool.com"
701,"Aff. No. :1030404
Sch. Code:51479","State : MADHYA PRADESH
District : INDORE",Middle Class,"Name : INDUS WORLD SCHOOL
Head/Principal Name: SMITA RATHORE","Address : 116/1 SAI KRIPA COLONY, OPP BOMBAY HOSPITAL
Website : http://www.indusworldschool.com"
702,"Aff. No. :1030429
Sch. Code:50396","State : MADHYA PRADESH
District : INDORE",Senior Secondary Level,"Name : LOKMANYA VIDYA NIKETAN HIGHER SECONDARY SCHOOL
Head/Principal Name: REKHA KAPOOR","Address : LOKMANYA VIDYA NIKETAN LOKMANYA NAGAR INDE M.P.
Website : www.lvnindore.org"
703,"Aff. No. :1030420
Sch. Code:50386","State : MADHYA PRADESH
District : INDORE",Senior Secondary Level,"Name : SANT SRI ASARAMJI GURUKUL, INDORE
Head/Principal Name: RASHMI CHATURVEDI","Address : KHANDWA ROAD, NEAR BILAWALI TANK, INDORE
Website :"
704,"Aff. No. :1030425
Sch. Code:50581","State : MADHYA PRADESH
District : INDORE",Senior Secondary Level,"Name : SACRED HEART CO-ED SCHOOL
Head/Principal Name: SR DELPHY JOSEPH","Address : MUNDLA NAYTA BYE PASS ROAD
Website : www.sacredheartschool.ac.in"
705,"Aff. No. :1030464
Sch. Code:50429","State : MADHYA PRADESH
District : INDORE",Senior Secondary Level,"Name : CARMEL CONVENT H.S. SCHOOL
Head/Principal Name: Sr. MARY","Address : TEJAJI NAGAR,KHANDWA ROAD,KASTURBAGRAM, INDORE, MADHYA PRADESH-452020
Website : www.carmelconventhsschool.in"
706,"Aff. No. :1030467
Sch. Code:50432","State : MADHYA PRADESH
District : INDORE",Senior Secondary Level,"Name : I.A.T.V. EDUCATIONAL ACADEMY
Head/Principal Name: SHUBHA RANJAN CHATTERJEE","Address : DEVGURADIYA, POST-SANAWADIA, INDORE, MADHYA PRADESH-452016
Website : www.iatveducation.com"
707,"Aff. No. :1030453
Sch. Code:50420","State : MADHYA PRADESH
District : INDORE",Senior Secondary Level,"Name : GURU NANAK PUBLIC SCHOOL
Head/Principal Name: B P TIWARI","Address : KHANDWA ROAD, NEAR RADHA SWAMI SATSANG VYAS
Website :"
708,"Aff. No. :1030482
Sch. Code:50448","State : MADHYA PRADESH
District : INDORE",Senior Secondary Level,"Name : THE NEW GREEN FIELD PUBLIC ACADEMY
Head/Principal Name: INDRA MITTAL","Address : SCHEME NO.-94, SEC. -BRING ROAD (NEAR BOMBAY HOSPITAL)
Website :"
709,"Aff. No. :1030411
Sch. Code:50376","State : MADHYA PRADESH
District : INDORE",Senior Secondary Level,"Name : THE VIDHYANJALI INTERNATIONAL SCHOOL
Head/Principal Name: MRS GEETA TANEJA","Address : JAWAHAR TEKRI DHAR ROAD
Website : www.vidhyanjalischool.com"
710,"Aff. No. :1030413
Sch. Code:50379","State : MADHYA PRADESH
District : INDORE",Senior Secondary Level,"Name : THE NEW ERA PUBLIC SCHOOL
Head/Principal Name: ARCHANA TIWARI","Address : KHASARA NO. 271/1/2 CHOTA BANGADDA ROAD INDORE
Website : www.tnepscbse.com"
711,"Aff. No. :1030414
Sch. Code:50380","State : MADHYA PRADESH
District : INDORE",Senior Secondary Level,"Name : SHRI KRISHNA PUBLIC SCHOOL
Head/Principal Name: PRIYA SHARMA","Address : A-1, TILAK NAGAR
Website : www.skpsindore.com"
712,"Aff. No. :1030378
Sch. Code:50344","State : MADHYA PRADESH
District : INDORE",Senior Secondary Level,"Name : VINAYAK PUBLIC SCHOOL
Head/Principal Name: NAVITA CHANDOLA JOSHI","Address : KALI BILLOD, BHOJPURI COLONY, DISTT INDORE, MADHYA PRADESH
Website : www.vinayakpublicschool.in"
713,"Aff. No. :1030394
Sch. Code:50362","State : MADHYA PRADESH
District : INDORE",Senior Secondary Level,"Name : SKY HEIGHTS ACADEMY
Head/Principal Name: MADHVI VERMA","Address : VILLAGE - SALAMPUR, BETMA, INDORE DIST.
Website : www.skyheightsacademy.com"
714,"Aff. No. :1030387
Sch. Code:50351","State : MADHYA PRADESH
District : INDORE",Senior Secondary Level,"Name : SARASWATI SHISHU MANDIR
Head/Principal Name: Nitesh Gangsar","Address : 2, KHATIWALA TANK, INDORE
Website : www.cbsesaraswatishishumandirindore.com"
715,"Aff. No. :1030388
Sch. Code:50352","State : MADHYA PRADESH
District : INDORE",Senior Secondary Level,"Name : GOLDEN INTERNATIONAL SCHOOL
Head/Principal Name: TREVOR RONALD BROWN","Address : RAU-RANGWASA, CAT ROAD
Website : www.gisindore.in"
716,"Aff. No. :1030389
Sch. Code:50354","State : MADHYA PRADESH
District : INDORE",Senior Secondary Level,"Name : DAISY DALES SCHOOL
Head/Principal Name: NAMITA BHATNAGAR","Address : 19, SCHEME NO. 78 II, DIST. & TEHSIL INDORE (MP)
Website : http://daisydalesschool.edu.in"
717,"Aff. No. :1030356
Sch. Code:50325","State : MADHYA PRADESH
District : INDORE",Senior Secondary Level,"Name : SHRI KASERA BAZAR VIDYA NIKETAN
Head/Principal Name: VARSHA JHAWAR","Address : SCH. NO. 71 C, GUMASHTA NAGAR, INDORE, MADHYA PRADESH
Website : http://Kaserabazarschool.in"
718,"Aff. No. :1030353
Sch. Code:50442","State : MADHYA PRADESH
District : INDORE",Senior Secondary Level,"Name : SHRI SAI ACADEMY
Head/Principal Name: VIJAY TIWARI","Address : DONGAR GOAN, A.B. ROAD, MHOW, DISTT INDORE, MADHYA PRADESH
Website : www.shrisaiacademymhow.in"
719,"Aff. No. :1030362
Sch. Code:50332","State : MADHYA PRADESH
District : INDORE",Senior Secondary Level,"Name : MARTHOMA HIGHER SECONDARY SCHOOL
Head/Principal Name: SAJI THOMAS","Address : SECTOR C, SHUKHLIYA, NYAY NAGAR MAIN ROAD, DISTT INDORE, MADHYA PRADESH
Website : www.marthomaschoolsindore.org"
720,"Aff. No. :1030373
Sch. Code:50340","State : MADHYA PRADESH
District : INDORE",Senior Secondary Level,"Name : INDORE PUBLIC SCHOOL
Head/Principal Name: SHALINI","Address : 481/1, BADODIA KHAN, SANWER, INDORE, MADHYA PRADESH
Website : www.ipssanwer.com"
721,"Aff. No. :1030376
Sch. Code:50341","State : MADHYA PRADESH
District : INDORE",Senior Secondary Level,"Name : SAN MARINO PUBLIC SCHOOL
Head/Principal Name: NUPUR SHUKLA","Address : TOLL TAX NAKA, KHANDWA ROAD, UMRIKHERA, DISTT INDORE, MADHYA PRADESH
Website : www.smpsindore.com"
722,"Aff. No. :1030745
Sch. Code:50711","State : MADHYA PRADESH
District : INDORE",Senior Secondary Level,"Name : KALYAN VIDHYA NIKETAN
Head/Principal Name: JANHAVI KALE","Address : KAMPEL ROAD JAMNIA KHURD
Website : www.kalyanvidhyaniketan.in"
723,"Aff. No. :1030747
Sch. Code:50716","State : MADHYA PRADESH
District : INDORE",Senior Secondary Level,"Name : S.D.P.S. INTERNATIONAL SCHOOL
Head/Principal Name: ANJALI NAIR","Address : KHANDWA ROAD OPPOSITE BILAWALI TALAB
Website : www.sdps.edu.in"
724,"Aff. No. :1030720
Sch. Code:50685","State : MADHYA PRADESH
District : INDORE",Senior Secondary Level,"Name : MOUNT INDEX INTERNATIONAL SCHOOL
Head/Principal Name: SHYAM AGRAWAL","Address : INDEX CITY, NH-59 A, NEMAWAR ROAD INDORE (M.P.)-452016
Website : https://www.mountindex.in/"
725,"Aff. No. :1030776
Sch. Code:50742","State : MADHYA PRADESH
District : INDORE",Senior Secondary Level,"Name : M.G.M. SCHOOL, BETMA
Head/Principal Name: SHEENA GEORGE","Address : SAGORE-BETMA ROAD, KALI BILLOD, INDORE (M.P.)
Website : www.mgmschools.co"
726,"Aff. No. :1030768
Sch. Code:50733","State : MADHYA PRADESH
District : INDORE",Senior Secondary Level,"Name : SHRI RAM CENTENNIAL SCHOOL
Head/Principal Name: SUNITA SINGH CHOUHAN","Address : INDORE UJJAIN HIGHWAY, 2 KM AHEAD OF TOLL NAKA, PANCHDERIA INDORE
Website : www.shriramschool.org"
727,"Aff. No. :1030769
Sch. Code:50734","State : MADHYA PRADESH
District : INDORE",Senior Secondary Level,"Name : MODERN INTERNATIONAL SCHOOL
Head/Principal Name: JULIE AKKALYIL CHACKO","Address : ALWASA,BEHIND REVTI RANGE,SANWER ROAD,INDORE-453111
Website : www.moderninternationalschool.in"
728,"Aff. No. :1030770
Sch. Code:50735","State : MADHYA PRADESH
District : INDORE",Senior Secondary Level,"Name : VEDANSH INTERNATIONAL SCHOOL
Head/Principal Name: RENU MULEY","Address : CHOTA BANGARDA NEAR AIRPORT ROAD INDORE, MP-452009
Website : http://vedanshinternationalschool.org/"
729,"Aff. No. :1030675
Sch. Code:50638","State : MADHYA PRADESH
District : INDORE",Senior Secondary Level,"Name : SHRI AGRASEN VIDYALAYA
Head/Principal Name: MINAL SOLEY","Address : 41-51, SNEH NAGAR, DISTT INDORE, MADHYA PRADESH
Website : www.agrasenvidyalaya.edu.in"
730,"Aff. No. :1030673
Sch. Code:50637","State : MADHYA PRADESH
District : INDORE",Senior Secondary Level,"Name : INDORE PUBLIC SCHOOL
Head/Principal Name: POOJA SHARMA","Address : Mourya Hills, Kanadia Road, Indore
Website : www.ecindorepublicschool.org"
731,"Aff. No. :1030666
Sch. Code:50628","State : MADHYA PRADESH
District : INDORE",Senior Secondary Level,"Name : INDUS WORLD SCHOOL,
Head/Principal Name: Mudit Mehrotra","Address : VILLAGE JHALARIA,NEAR COUNTYWALK TOWNSHIP,BYPASS ROAD,INDORE
Website : http://www.indusworldschool.com"
732,"Aff. No. :1030667
Sch. Code:50629","State : MADHYA PRADESH
District : INDORE",Senior Secondary Level,"Name : ANUSUIYA SCHOOL
Head/Principal Name: Ratna Sharma","Address : KHASRA NO. 277/4, VILLAGE DAKACHYA , RAILWAY STATION ROAD, OPP. ITC SOYA PLANT, TEHSIL SANWER,DIST. INDORE(MP)
Website : www.anusuiyaschool.org"
733,"Aff. No. :1030685
Sch. Code:50646","State : MADHYA PRADESH
District : INDORE",Senior Secondary Level,"Name : RYAN INTERNATIONAL SCHOOL
Head/Principal Name: SAPNA RAMAWAT","Address : SCHEME NO 97/4, VIP PARASPER NAGAR NEAR RAJENDRA NAGAR INDORE MADHYA PRADESH
Website : www.ryaninternationalschool.org/ris"
734,"Aff. No. :1030692
Sch. Code:50653","State : MADHYA PRADESH
District : INDORE",Senior Secondary Level,"Name : SHRI KALOTA VIDHYAPEETH
Head/Principal Name: ASHLESHA JOSHI","Address : JALODIYA PANTH, DEPALPUR-BETMA ROAD DEPALPUR (DIST-INDORE) MP. PIN-453115
Website : www.kalotavidhyapeeth.org"
735,"Aff. No. :1030697
Sch. Code:50660","State : MADHYA PRADESH
District : INDORE",Senior Secondary Level,"Name : REEPAN PUBLIC HIGHER SECONDARY SCHOOL
Head/Principal Name: MUKTA JAIN","Address : ARIHANT NAGAR BEHIND GOMMATGIRI INDORE M.P.
Website : https://reepanpublicschool.com/"
736,"Aff. No. :1030706
Sch. Code:50671","State : MADHYA PRADESH
District : INDORE",Senior Secondary Level,"Name : ST. ARNOLDS SCHOOL
Head/Principal Name: MUTHUSELVAM","Address : LALARAMNAGAR ST. ARNOLDS SEVA SADAN CAMPUS 7/1 BOUNDARY ROAD P.B. 106
Website : www.starnoldslalaramnagar.in"
737,"Aff. No. :1030640
Sch. Code:50607","State : MADHYA PRADESH
District : INDORE",Senior Secondary Level,"Name : SHRI BAL VINAY MANDIR
Head/Principal Name: Shveta Garg","Address : 30, CHHATRIBAG INDORE
Website : www.sbvmchhatribagh.com"
738,"Aff. No. :1030643
Sch. Code:50609","State : MADHYA PRADESH
District : INDORE",Senior Secondary Level,"Name : SHRI CLOTH MARKET KANYA VIDYALAYA
Head/Principal Name: PRIYA CHOUHAN","Address : VIDYA PARISAR, 70, GANESH GANJ, BADA GANPATI, INDORE
Website : https://www.shriclothmarketkanyavidyalaya.com/"
739,"Aff. No. :1030655
Sch. Code:50623","State : MADHYA PRADESH
District : INDORE",Senior Secondary Level,"Name : ITMA VIDYA NIKETAN
Head/Principal Name: PRAMOD KUMAR TIWARI","Address : SCHEME NO 78, AB ROAD, INDORE, MADHYA PRADESH
Website : https://www.itmavidyaniketan.com/"
740,"Aff. No. :1030819
Sch. Code:50782","State : MADHYA PRADESH
District : INDORE",Senior Secondary Level,"Name : SIDERAS INTERNATIONAL SCHOOL,
Head/Principal Name: JOY K P","Address : BORKHEDI, HARSOLA ROAD, MHOW, DIST. INDORE M.P. 453441
Website : www.siderasinternationalschool.com"
741,"Aff. No. :1030820
Sch. Code:50785","State : MADHYA PRADESH
District : INDORE",Senior Secondary Level,"Name : ASASHAS SARAFA VIDYA NIKETAN HR. SECONDARY SCHOOL
Head/Principal Name: ALOK DAVE","Address : M.O.G. LINES INDORE OPP. SHRI VAISHNAV POLY. TECH. COLLEGE, INDORE
Website : www.sarafavidyaniketan.com"
742,"Aff. No. :1030817
Sch. Code:50783","State : MADHYA PRADESH
District : INDORE",Senior Secondary Level,"Name : SHRI CLOTH MARKET VAISHNAV HIGHER SECONDARY SCHOOL
Head/Principal Name: NAVIN MUDGAL","Address : S.C.M VAISHNAV H.SCHOOL, 177, JAWAHAR MARG, RAJ MOHALLA, INDORE
Website : http://scmvhss.edu.in/"
743,"Aff. No. :1030788
Sch. Code:50753","State : MADHYA PRADESH
District : INDORE",Senior Secondary Level,"Name : POTHENS PUBLIC SCHOOL
Head/Principal Name: JOY VARGHESE","Address : SURVEY NO 699/2/2, VILLAGE PIWDAY INDORE MP
Website : www.ppsindore.com"
744,"Aff. No. :1030790
Sch. Code:50754","State : MADHYA PRADESH
District : INDORE",Senior Secondary Level,"Name : G.D GOENKA PUBLIC SCHOOL
Head/Principal Name: Ashish Arora","Address : GARDEN CITY, DLF TOWNSHIP, BYPASS ROAD, INDORE
Website : www.gdgoenkaindore.com"
745,"Aff. No. :1030793
Sch. Code:50757","State : MADHYA PRADESH
District : INDORE",Senior Secondary Level,"Name : THE SOUTH INDIAN CULTURAL ASSOCIATION SENIOR SECONDARY SCHOOL
Head/Principal Name: RAJINI UPRETI","Address : KHASRA NO. 160/2,162/1/1, 163/1 GRAM NIPANIA
Website : www.sicaschoolnipania.org"
746,"Aff. No. :1030794
Sch. Code:50758","State : MADHYA PRADESH
District : INDORE",Senior Secondary Level,"Name : SHRI ANAND HIGHER SECONDARY SCHOOL
Head/Principal Name: Hansraj Chejara","Address : PARIVAHAN NAGAR, HAWA BANGLA ROAD, INDORE
Website : www.shrianandschool.com"
747,"Aff. No. :1030859
Sch. Code:50821","State : MADHYA PRADESH
District : INDORE",Senior Secondary Level,"Name : PODAR INTERNATIONAL SCHOOL, VIJAY NAGAR, INDORE
Head/Principal Name: SUDHIR MAHAJAN","Address : SCHEME 74, SECTOR A, VIJAY NAGAR, INDORE
Website : www.podareducation.org"
748,"Aff. No. :1030828
Sch. Code:50793","State : MADHYA PRADESH
District : INDORE",Senior Secondary Level,"Name : ALPINE ACADEMY
Head/Principal Name: BASANTI D. BISHT","Address : SCH. NO.97, PART-4, SLICE-3, IGYAN NAGAR, ANNAPURNA ROAD, INDORE
Website : www.alpineacademy.in"
749,"Aff. No. :1030841
Sch. Code:50807","State : MADHYA PRADESH
District : INDORE",Senior Secondary Level,"Name : CHHATRAPATI SHIVAJI PUBLIC SCHOOL
Head/Principal Name: Vinod Jain","Address : USHA NAGAR EXTN., NARENDRA TIWARI MARG
Website : https://www.chhatrapatishivajipublicschool.com/"
750,"Aff. No. :1030842
Sch. Code:50806","State : MADHYA PRADESH
District : INDORE",Senior Secondary Level,"Name : MEDI-CAPS INTERNATIONAL SCHOOL
Head/Principal Name: YOGESHWARI RATHORE","Address : NEAR MEDI-CAPS UNIVERSITY,A.B ROAD, RAU, INDORE.
Website : http://medicapsschool.ac.in"
751,"Aff. No. :1030835
Sch. Code:50800","State : MADHYA PRADESH
District : INDORE",Senior Secondary Level,"Name : KIDS COLLEGE
Head/Principal Name: JUHEE MISHRA","Address : 218/2, GRAM DHARNAWAD, DHAR ROAD, INDORE
Website : www.kidscollegeindore.in"
752,"Aff. No. :1030877
Sch. Code:50840","State : MADHYA PRADESH
District : INDORE",Senior Secondary Level,"Name : MARTHOMA ACADEMY
Head/Principal Name: POOJA SINGH SENGAR","Address : SCHEME NO. 114, PART I
Website : www.marthomaschoolsindore.org"
753,"Aff. No. :1030878
Sch. Code:50841","State : MADHYA PRADESH
District : INDORE",Senior Secondary Level,"Name : THE OMNI SCHOOL
Head/Principal Name: SATISH NIRANJANI","Address : OMNI PRIDE NH-59, VILLAGE-SINGHASA,INDORE,MADHYA PRADESH-452002
Website : http://www.giisindore.org"
754,"Aff. No. :1030881
Sch. Code:50846","State : MADHYA PRADESH
District : INDORE",Senior Secondary Level,"Name : ST. ELIZABETH CONVENT SCHOOL
Head/Principal Name: REENA UMMIKKUZHIYIL","Address : NAYTA MUNDLA, PALDA (PO)
Website : https://stelizabethschoolindore.edu.in"
755,"Aff. No. :1030890
Sch. Code:50854","State : MADHYA PRADESH
District : INDORE",Secondary Level,"Name : B.P.CHILDREN PUBLIC SCHOOL
Head/Principal Name: RAKHEE NAGAR","Address : SURVEY NO.601/1/2 VILLAGE JAMBUDI HAPSI TEHSIL HATOD DISTRCT INDORE
Website : http://www.bpchildrenschool.edu"
756,"Aff. No. :1030919
Sch. Code:50884","State : MADHYA PRADESH
District : INDORE",Senior Secondary Level,"Name : ISHWAR PREM VIDYA MANDIR
Head/Principal Name: RUCHI JAIN","Address : R.R. CAT ROAD, INDORE
Website : https://orchidsinternationalschoolrajendranagar.com/"
757,"Aff. No. :1030912
Sch. Code:50879","State : MADHYA PRADESH
District : INDORE",Senior Secondary Level,"Name : SHRI VAISHNAV KANYA VIDYALAYA
Head/Principal Name: MAMTA SHUKLA","Address : 5/8 GUMASHTA NAGAR, INDORE
Website : www.vkumv.edu.in"
758,"Aff. No. :1030896
Sch. Code:50862","State : MADHYA PRADESH
District : INDORE",Senior Secondary Level,"Name : INNOVATIVE INTERNATIONAL SCHOOL
Head/Principal Name: SHRADDHA NAGPAL","Address : MANDAKWAS, POST GAUTAMPURA, TEHSIL DEPALPUR
Website : www.innovativeschool.co.in"
759,"Aff. No. :1030897
Sch. Code:50861","State : MADHYA PRADESH
District : INDORE",Senior Secondary Level,"Name : DELHI PUBLIC ELEMENTARY SCHOOL
Head/Principal Name: Reshma Juneja","Address : SURVEY NO. 116/1KA & 116/1KHA BAROLI TEHSIL SANWER DISTRICT INDORE
Website : http://upnishadindore.org/"
760,"Aff. No. :1030904
Sch. Code:50869","State : MADHYA PRADESH
District : INDORE",Senior Secondary Level,"Name : RANKERS INTERNATIONAL SCHOOL
Head/Principal Name: MAMTA DWIVEDI","Address : VILLAGE - SANAWADIA, NEMAWAR ROAD, NEAR DEVGURADIA TEMPLE
Website : www.rankers-school.com"
761,"Aff. No. :1080003
Sch. Code:54007","State : MADHYA PRADESH
District : INDORE",Senior Secondary Level,"Name : ARMY PUBLIC SCHOOL
Head/Principal Name: GARGEE VIDYARTHI","Address : THE MALL MHOW, DISTT INDORE, MADHYA PRADESH
Website : www.apsmhow.edu.in"
762,"Aff. No. :1080004
Sch. Code:54005","State : MADHYA PRADESH
District : INDORE",Senior Secondary Level,"Name : ATOMIC ENERGY CENTRAL SCHOOL
Head/Principal Name: CHINMOY BASU","Address : SUKH NIVAS PALACE CAT COLONY INDORE MADHYA PRADESH
Website : www.aecsindore.ac.in"
763,"Aff. No. :1031216
Sch. Code:51234","State : MADHYA PRADESH
District : INDORE",Senior Secondary Level,"Name : MOUNT LITERA ZEE SCHOOL MHOW
Head/Principal Name: Rakesh Bhatia","Address : 361/7, OPP SUMERUBHILLS, BEIRCHA ROAD, MHOW, MADHYA PRADESH 453441
Website : www.zeeschoolmhow.com"
764,"Aff. No. :1031220
Sch. Code:51238","State : MADHYA PRADESH
District : INDORE",Senior Secondary Level,"Name : THE INTERNATIONAL SCHOOL OF BOMBAY
Head/Principal Name: MANJU HEMNANI","Address : 360/9, 360/10, 360/11 KHAJRANA BEHIND BHANDARI FARM & RESORTS INDORE
Website : www.theisb.in"
765,"Aff. No. :1031176
Sch. Code:51153","State : MADHYA PRADESH
District : INDORE",Senior Secondary Level,"Name : SARDAR PATEL INTERNATIONAL SCHOOL
Head/Principal Name: VARSHA AGARWAL","Address : VILLAGE BEGAMKHEDI, POST BURANAKHEDI, INDORE (M.P.)
Website : www.spisindore.in"
766,"Aff. No. :1031190
Sch. Code:51211","State : MADHYA PRADESH
District : INDORE",Senior Secondary Level,"Name : JAISONS ACADEMY
Head/Principal Name: JAISON JOSEPH","Address : JAISONS ACADEMY, VILLAGE, BHATKHEDI, TEHSIL MHOW, DIST. INDORE (M.P.)
Website : www.jaisonacademy.com"
767,"Aff. No. :1031168
Sch. Code:51147","State : MADHYA PRADESH
District : INDORE",Secondary Level,"Name : THE SHRI-G INTERNATIONAL SCHOOL
Head/Principal Name: MRS KAVITA RODE","Address : SHRI RAM TALAWALI NAWDAPANTH, DHAR ROAD,INDORE
Website : www.theshriginternationalschool.com"
768,"Aff. No. :1031169
Sch. Code:51144","State : MADHYA PRADESH
District : INDORE",Senior Secondary Level,"Name : DELHI WORLD PUBLIC SCHOOL
Head/Principal Name: ARTHUR BROWN","Address : DELHI WORLD PUBLIC SCHOOL,GRAM BADIPURA, NH-59, DHAR ROAD, BETMA, DIST. INDORE (M.P.)
Website : www.delhiworldpublicschoolbetma.com"
769,"Aff. No. :1031153
Sch. Code:51128","State : MADHYA PRADESH
District : INDORE",Senior Secondary Level,"Name : BIRLA OPEN MINDS INTERNATIONAL SCHOOL
Head/Principal Name: MANOJ BAJPAI","Address : NEAR MR 10 BRIDGE TOLL PLAZA, NEXT TO NIRVANA RESORT, KUMEDI
Website : http://www.birlaschoolindore.com/"
770,"Aff. No. :1031134
Sch. Code:51101","State : MADHYA PRADESH
District : INDORE",Senior Secondary Level,"Name : SHRI JAIGOVIND GOPINATH HIGHER SECONDARY SCHOOL
Head/Principal Name: Kuldeep Purohit","Address : 49-PEAT ROAD, MHOW
Website : www.jgschoolmhow.com"
771,"Aff. No. :1031135
Sch. Code:51124","State : MADHYA PRADESH
District : INDORE",Senior Secondary Level,"Name : ST. RAPHAELS ACADEMY
Head/Principal Name: LISSY JOSE","Address : ST. RAPHAELS ACADEMY, BICHOLI MARDANA, BEDIA ROAD, INDORE 452016 (M.P.)
Website : www.ecare.straphaelsindore.com"
772,"Aff. No. :1031155
Sch. Code:51126","State : MADHYA PRADESH
District : INDORE",Senior Secondary Level,"Name : BAL NIKETAN H.S.SCHOOL
Head/Principal Name: Sandeep Dhakad","Address : 62, PAGNIS PAGA, INDORE, MP
Website : http://balniketansangh.org/"
773,"Aff. No. :1031142
Sch. Code:51098","State : MADHYA PRADESH
District : INDORE",Senior Secondary Level,"Name : SHIKSHASHIKHAR
Head/Principal Name: Jyoti Maheshwari","Address : ASHAPURA MHOW
Website : www.shikshashikhar.com"
774,"Aff. No. :1031143
Sch. Code:51113","State : MADHYA PRADESH
District : INDORE",Senior Secondary Level,"Name : PAKIZA PUBLIC SCHOOL
Head/Principal Name: Ashraf P","Address : VILLAGE JETPURA PATWARI HALKA NO.54 OLD 24 TEHSIL SANWER DISTRICT INDORE
Website : www.pakizapublicschool.com"
775,"Aff. No. :1031144
Sch. Code:51108","State : MADHYA PRADESH
District : INDORE",Senior Secondary Level,"Name : SONI INTERNATIONAL SCHOOL
Head/Principal Name: Dr. MONIKA KARDILE","Address : VILLAGE MOROD HAT, NEMAWAR ROAD , BEHIND GANGOTRI COLD STORAGE - 452020
Website : http://www.soniinternationalschool.in"
776,"Aff. No. :1031145
Sch. Code:51122","State : MADHYA PRADESH
District : INDORE",Senior Secondary Level,"Name : BILLABONG HIGH INTERNATIONAL SCHOOL
Head/Principal Name: Prabhjot Kaur Arneja","Address : NEAR MALWA INSTITUTE OF SCIENCE & TECHNOLOGY, SANWER ROAD, INDORE
Website : https://www.billabongindore.com"
777,"Aff. No. :1031146
Sch. Code:51120","State : MADHYA PRADESH
District : INDORE",Senior Secondary Level,"Name : DELHI PUBLIC SCHOOL, RAU, INDORE
Head/Principal Name: Asha Nair","Address : SILICON VALLEY, AGRA BOMBAY HIGHWAY, INDORE
Website : www.dpsrau.org"
778,"Aff. No. :1031087
Sch. Code:51055","State : MADHYA PRADESH
District : INDORE",Senior Secondary Level,"Name : OXFORD INTERNATIONAL SCHOOL
Head/Principal Name: preeti jain","Address : JAMBUDI HAPSI, OPP. PIRTA PARVAT, GANDHI NAGAR, INDORE
Website : https://oxfordinternationalschool.net/"
779,"Aff. No. :1031116
Sch. Code:51089","State : MADHYA PRADESH
District : INDORE",Senior Secondary Level,"Name : INFANT JESUS SCHOOL
Head/Principal Name: Rexslin Lazer","Address : TIKARIYA BADSHAH ROAD, NANDBAGH, INDORE, MP
Website : https://infantjesuscbseschool.com/"
780,"Aff. No. :1031112
Sch. Code:51086","State : MADHYA PRADESH
District : INDORE",Senior Secondary Level,"Name : MATUSHRI AHILYADEVI PUBLIC SCHOOL
Head/Principal Name: Anita Kanchan","Address : VILLAGE SULLAKHEDI, POST KADWALI BUJURG,
Website : www.mapsindore.org"
781,"Aff. No. :1030935
Sch. Code:50898","State : MADHYA PRADESH
District : INDORE",Senior Secondary Level,"Name : ST. JOSEPHS CONVENT SCHOOL
Head/Principal Name: SONIA JAMES","Address : BIJALPUR,A.B. ROAD
Website : www.stjosephindore.com"
782,"Aff. No. :1030943
Sch. Code:50907","State : MADHYA PRADESH
District : INDORE",Secondary Level,"Name : NEW SIDDHARTH PUBLIC SCHOOL
Head/Principal Name: Mrs.mona bharaktiya","Address : INDORE DEWAS BYPASS ROAD ARANDHIYA INDORE MP.
Website :"
783,"Aff. No. :1030958
Sch. Code:50922","State : MADHYA PRADESH
District : INDORE",Senior Secondary Level,"Name : ST. ARNOLDS CO-ED SCHOOL, PALDA, INDORE
Head/Principal Name: AROCKIA ARUL SELVI S","Address : ST. ARNOLDS CO-ED SCHOOL, PALDA, CATHOLIC ASHRAM CAMPUS, P.BOX. 103, INDORE - 452001 (M.P.)
Website : https://arnoldspalda.edu.in"
784,"Aff. No. :1030964
Sch. Code:50929","State : MADHYA PRADESH
District : INDORE",Senior Secondary Level,"Name : INDORE INTERNATIONAL SCHOOL
Head/Principal Name: Mr Ganesh K Prajapati","Address : Village-Solsinda, , Near Vishwanath Dham Temple, Sanwer Road, Indore
Website : www.indoreinternationalschool.com"
785,"Aff. No. :1030961
Sch. Code:51060","State : MADHYA PRADESH
District : INDORE",Senior Secondary Level,"Name : INTELLECT HEIGHTS ACADEMY
Head/Principal Name: SUSHA NAIR","Address : 151/1 GRAM KAILOD HALA, SATELLITE JUNCTION, DIS.- INDORE (M.P.)
Website : www.intellectheights.com"
786,"Aff. No. :1030980
Sch. Code:50945","State : MADHYA PRADESH
District : INDORE",Senior Secondary Level,"Name : MAA UMIYA PATIDAR GIRLS HIGHER SECONDARY SCHOOL
Head/Principal Name: MADHURI SHARMA","Address : UMIYA DHAM, VILLAGE RANGWASA, RAU, INDORE
Website : www.mupkvrau.org"
787,"Aff. No. :1031008
Sch. Code:50974","State : MADHYA PRADESH
District : INDORE",Senior Secondary Level,"Name : HOLY ROSARY SCHOOL
Head/Principal Name: Sr LOVELY MOL P J","Address : DEPALPUR ROAD, BETMA
Website : www.holyrosarybetma.com"
788,"Aff. No. :1030995
Sch. Code:50968","State : MADHYA PRADESH
District : INDORE",Senior Secondary Level,"Name : VIDYA VIJAY BAL MANDIR
Head/Principal Name: Bhuvnesh Geetey","Address : S.S-4, S-4, SCHEME NO. - 78, VIJAYNAGAR, INDORE
Website : www.vidyavijaybalmandir.com"
789,"Aff. No. :1031082
Sch. Code:51050","State : MADHYA PRADESH
District : INDORE",Senior Secondary Level,"Name : VEDAANT VIDHYAKULUM
Head/Principal Name: NUPUR SHARMA","Address : KANADIYA ROAD VILLAGE BARODIYA KARA INDORE
Website : www.vedaantvidhyakulum.com"
790,"Aff. No. :1031075
Sch. Code:51043","State : MADHYA PRADESH
District : INDORE",Senior Secondary Level,"Name : THE VITS SCHOOL INDORE (M.P.)
Head/Principal Name: JYOTI CHAURASIA","Address : UMRIKHEDA, KHANDWA ROAD, INDORE.
Website : www.thevitsschool.in"
791,"Aff. No. :1031071
Sch. Code:51039","State : MADHYA PRADESH
District : INDORE",Senior Secondary Level,"Name : LNCT WORLD SCHOOL INDORE
Head/Principal Name: SANJAY SARRAF","Address : RAU-PITHAMPUR ROAD, BHESLAY-RAU
Website : http://www.lnctworldschools.com"
792,"Aff. No. :1031050
Sch. Code:51021","State : MADHYA PRADESH
District : INDORE",Senior Secondary Level,"Name : SHREE SANDIPANI INTERNATIONAL SCHOOL
Head/Principal Name: ANJU SIKARWAR","Address : HANSAKHEDI, DHARMAT ROAD, CHANDRAWATIGANJ, TEH. SANWER, INDORE
Website : http://shreesandipaniinternationalschool.com"
793,"Aff. No. :1031055
Sch. Code:51022","State : MADHYA PRADESH
District : INDORE",Senior Secondary Level,"Name : AIM WIN ACADEMY
Head/Principal Name: ARCHANA TIWARI","Address : SEC-E SUDAMA NAGAR, HUKMAKHEDI, NEAR NAANI MAA DHARAMSHALA, CAT ROAD, INDORE
Website : www.aimwinacademy.com"
794,"Aff. No. :1031056
Sch. Code:51026","State : MADHYA PRADESH
District : INDORE",Secondary Level,"Name : MOUNT CARMEL VIDHYAPEETH
Head/Principal Name: RIJEENA THOMSON","Address : PALIA HAIDER, SANWER ROAD, NEAR SUPER CORRIDOR, P.O. - HATOD, SUB P.O. - PALIA
Website : https://www.mountcarmelindore.in"
795,"Aff. No. :1031026
Sch. Code:50994","State : MADHYA PRADESH
District : INDORE",Senior Secondary Level,"Name : EKAYANAA SCHOOL
Head/Principal Name: Mr. Uttam Kumar Jha","Address : OPPOSITE BHANDARI FARMS, KANADIYA ROAD JUNCTION, BYPASS ROAD, VILLAGE KHAJRANA, TEHSIL- INDORE, DISTRICT- INDORE
Website : www.ekayanaaschool.com"
796,"Aff. No. :1031036
Sch. Code:51000","State : MADHYA PRADESH
District : INDORE",Senior Secondary Level,"Name : IDEAL INTERNATIONAL SCHOOL
Head/Principal Name: POOJA TIWARI","Address : SURVEY NO. 9/2/2, GOVIND COLONY, OPP. SCHEME NO. 51, BANGANGA, INDORE
Website : www.idealinternationalindore.com"
797,"Aff. No. :1040010
Sch. Code:54029","State : MADHYA PRADESH
District : INDORE",Senior Secondary Level,"Name : JAWAHAR NAVODAYA VIDYALAYA
Head/Principal Name: OMPRAKASH SHARMA","Address : POST MANPUR DISTT INDORE MADHYA PRADESH
Website : https://www.navodaya.gov.in/nvs/nvs-school/INDORE/"
798,"Aff. No. :1031504
Sch. Code:51522","State : MADHYA PRADESH
District : INDORE",Senior Secondary Level,"Name : TILOKCHAND JAIN INTERNATIONAL SCHOOL
Head/Principal Name: BAGISHWAR MISHRA","Address : 50, BIYABANI, CHATRIPURA, INDORE
Website : https://www.tjis.co.in/indore/"
799,"Aff. No. :1031494
Sch. Code:51512","State : MADHYA PRADESH
District : INDORE",Secondary Level,"Name : M.P. POLICE PUBLIC HIGHER SECONDARY SCHOOL
Head/Principal Name: O S SHUKLA","Address : 15 BATALLION S A F , MAHESH GUARD LINE , INDORE
Website : https://mppolicepublicschool.com/"
800,"Aff. No. :1031490
Sch. Code:51508","State : MADHYA PRADESH
District : INDORE",Middle Class,"Name : ST XAVIER SCHOOL
Head/Principal Name: SISTER GRACY","Address : NEAR IIM, NEEM KHEDA, SONWAY, RAU, INDORE
Website : www.stxavier.com"
801,"Aff. No. :1031443
Sch. Code:51460","State : MADHYA PRADESH
District : INDORE",Senior Secondary Level,"Name : NARAYANA E TECHNO SCHOOL
Head/Principal Name: MADHAVI BHALE","Address : RAU VILLAGE AND TEHSIL,, INDORE DISTRICT,, MADHAYA PRADESH
Website : www.narayanaschoolindoresiliconcity.com"
802,"Aff. No. :1031446
Sch. Code:51463","State : MADHYA PRADESH
District : INDORE",Secondary Level,"Name : EKAYANAA SCHOOL RAU CAMPUS
Head/Principal Name: Manish Saxena","Address : NEAR IIM, RAU PITHAMPUR ROAD,, OPPOSITE STI PVT. LTD., , INDORE
Website : www.ekayanaaschool.com"
803,"Aff. No. :1031448
Sch. Code:51465","State : MADHYA PRADESH
District : INDORE",Secondary Level,"Name : SAINT UMAR ACADEMY
Head/Principal Name: NAZIYA KHAN","Address : KHASRA NO. 325/5/10, 325/4/3, KHAJRANA BYPASS ROAD , OPPOSITE PATEL HOSPITAL
Website : https://saintumaracademy.com/"
804,"Aff. No. :1031457
Sch. Code:51474","State : MADHYA PRADESH
District : INDORE",Secondary Level,"Name : THE EMERALD HEIGHTS WORLD SCHOOL
Head/Principal Name: NISHA AHMAD","Address : SURVEY NO 26/1, VILLAGE BALYAKHEDA, AB BYPASS ROAD
Website : https://ehws.edu.in/"
805,"Aff. No. :1031463
Sch. Code:51481","State : MADHYA PRADESH
District : INDORE",Secondary Level,"Name : TECHNO INDIA GROUP PUBLIC SCHOOL INDORE
Head/Principal Name: SHAIFALI YADAV","Address : UJJAIN HIGHWAY BEFORE TOLL PLAZA VILLAGE, JAKHYA, SANWER ROAD, INDORE
Website : www.tigpsindore.in"
806,"Aff. No. :1031472
Sch. Code:51490","State : MADHYA PRADESH
District : INDORE",Secondary Level,"Name : MASTERMIND SCHOOL
Head/Principal Name: DEEPMALA JAIN","Address : NEAR PITAMBARA DHAAM MANDIR, DUDHIA, INDORE
Website : https://www.mastermindschool.co.in/"
807,"Aff. No. :1031473
Sch. Code:51491","State : MADHYA PRADESH
District : INDORE",Secondary Level,"Name : ORCHIDS THE INTERNATIONAL SCHOOL
Head/Principal Name: RUCHI JAIN","Address : UJJAIN - INDORE RD, NEAR MR 10 ROAD, BEHIND AUROBINDO HOSPITAL, INDORE
Website : www.orchidsinternationalschool.com"
808,"Aff. No. :1031452
Sch. Code:51469","State : MADHYA PRADESH
District : INDORE",Secondary Level,"Name : RAJ INTERNATIONAL SCHOOL
Head/Principal Name: VIJAY KUMAR INDOREY","Address : NEMAWAR ROAD, DUDHIYA, INDORE
Website : https://rajinternationalschool.com"
809,"Aff. No. :1031465
Sch. Code:51483","State : MADHYA PRADESH
District : INDORE",Senior Secondary Level,"Name : CHOITHRAM SCHOOL WEST
Head/Principal Name: Chandra Kant Sharma","Address : 54-56, SHREE RAM TALAWALI, DHAR ROAD, INDORE
Website : www.choithramfountainschool.com"
810,"Aff. No. :1031409
Sch. Code:51426","State : MADHYA PRADESH
District : INDORE",Senior Secondary Level,"Name : NARAYANDAS INTERNATIONAL ACADEMY
Head/Principal Name: Anita Pal","Address : 171/2/2/1,CHIRAKHAN ROAD, VILL-CHIRAKHAN, VILLAGE-CHIRAKHAN, THESIL-DEPALPUR, THESIL-DEPLPUR,DISTRIC-INDORE(M.P)452001
Website : www.narayandasinternationalacademy.com"
811,"Aff. No. :1031417
Sch. Code:51434","State : MADHYA PRADESH
District : INDORE",Secondary Level,"Name : THE VEDANSH INTERNATIONAL SCHOOL
Head/Principal Name: RENU GURNANI","Address : PLOT NO IGI-SP-01, EMAAR INDORE GREENS, SUPER CORRIDOR EXTENSION, VILLAGE NAINOD, INDORE
Website : https://www.vedanshinternational.edu.in/"
812,"Aff. No. :1031418
Sch. Code:51435","State : MADHYA PRADESH
District : INDORE",Senior Secondary Level,"Name : SHRI MAHESHWARI HIGHER SECONDARY SCHOOL
Head/Principal Name: Pratibha Kanungo","Address : 51, CHHATRIBAGH, INDORE, MADHYA PRADESH
Website : https://www.mpsschoolindore.com/"
813,"Aff. No. :1031407
Sch. Code:51424","State : MADHYA PRADESH
District : INDORE",Secondary Level,"Name : CHRISTU JYOTI CONVENT SCHOOL
Head/Principal Name: JISHA CHACKO","Address : LALAKHEDA,, SANWER, , DIST. INDORE
Website : https://www.cjcssanwer.com/"
814,"Aff. No. :1031299
Sch. Code:51317","State : MADHYA PRADESH
District : INDORE",Senior Secondary Level,"Name : NARAYANA E TCHNO SCHOOL , INDORE
Head/Principal Name: REKHA S NAIR","Address : OPPOSITE SAMPAT HILLS, NEAR SAHARA CITY
Website : https://www.narayanaschools.in/madhya-pradesh/indore/"
815,"Aff. No. :1031326
Sch. Code:51343","State : MADHYA PRADESH
District : INDORE",Senior Secondary Level,"Name : ACADEMIC HEIGHTS PUBLIC SCHOOL
Head/Principal Name: Dr. Prakash Choudhary","Address : TEHSIL HATOD, INDORE
Website : www.ahpsindore.in"
816,"Aff. No. :1031320
Sch. Code:51337","State : MADHYA PRADESH
District : INDORE",Senior Secondary Level,"Name : D.C.MEMORIAL H.S.SCHOOL
Head/Principal Name: RICHA NAWLE","Address : BUJJUKHEDI, TALWALI CHANDA
Website : https://dcmschoolindore.com"
817,"Aff. No. :1031230
Sch. Code:51248","State : MADHYA PRADESH
District : INDORE",Secondary Level,"Name : ARGUTA INTERNATIONAL SCHOOL
Head/Principal Name: Rini Jain Dubey","Address : VILLAGE RAMGARH, BICHOLI MARDANA ROAD, OFF BY PASS
Website : https://www.argutainternationalschool.com/"
818,"Aff. No. :1031231
Sch. Code:51249","State : MADHYA PRADESH
District : INDORE",Senior Secondary Level,"Name : PRATIBHASTHALI GYANODAYA VIDYAPEETH
Head/Principal Name: Rupali Jain","Address : SURVEY NO. 103/104, WARD NO. 18, ZONE 17,GRAM REWATI
Website : www.indore.pratibhasthali.org"
819,"Aff. No. :1031291
Sch. Code:51309","State : MADHYA PRADESH
District : INDORE",Senior Secondary Level,"Name : SHRI MORESHWAR ABHYANKAR PUBLIC SCHOOL
Head/Principal Name: VARSHA DESHPANDE","Address : TEHSIL SANWER, INDORE
Website : www.abhyankars.in"
820,"Aff. No. :1031254
Sch. Code:51275","State : MADHYA PRADESH
District : INDORE",Senior Secondary Level,"Name : THE SHISHUKUNJ INTERNATIONAL SCHOOL, NORTH CAMPUS
Head/Principal Name: APARNA MAGEE","Address : GRAM BADODIA EMA, BEHIND VISHWANATH DHAM, INDORE-UJJAIN ROAD, INDORE M.P.
Website : http://www.shishukunjnorthindore.in/"
821,"Aff. No. :1031381
Sch. Code:51398","State : MADHYA PRADESH
District : INDORE",Secondary Level,"Name : ARON INTERNATIONAL SCHOOL
Head/Principal Name: Neeta Mishra","Address : KHASRA NO-445/2/3 & 445/2/3/5,DATODA , DATODA, KHANDWA ROAD
Website : https://aronschool.org/"
822,"Aff. No. :1031384
Sch. Code:51401","State : MADHYA PRADESH
District : INDORE",Senior Secondary Level,"Name : BELLWETHER INTERNATIONAL SCHOOL
Head/Principal Name: MANJULA PATEL","Address : NEAR KESHAR PARWAT, KESHAR BARDI, MHOW
Website : https://bellwetherinternationalmhow.com"
823,"Aff. No. :1031392
Sch. Code:51409","State : MADHYA PRADESH
District : INDORE",Secondary Level,"Name : CARMEL ACADEMY
Head/Principal Name: SR TESLY","Address : AMBAGHATI HARSOLA ROAD,, DATODA, , TEH. MHOW
Website : www.carmeldatoda.in"
824,"Aff. No. :1031395
Sch. Code:51412","State : MADHYA PRADESH
District : INDORE",Secondary Level,"Name : THE GREEN WORLD INTERNATIONAL SCHOOL
Head/Principal Name: SUJATA GOMES","Address : 85/86 JHALARIYA, BYPASS ROAD, NEAR COUNTRY WALK TOWNSHIP
Website : https://thegreenworldschool.com/"
825,"Aff. No. :1031398
Sch. Code:51415","State : MADHYA PRADESH
District : INDORE",Secondary Level,"Name : THE LEARNING TEMPLE SCHOOL
Head/Principal Name: VIKAS SHARMA","Address : KHUDEL-SAMLIYA ROAD , KHUDEL BUJURG, INDORE
Website : http://www.tltschool.in"
826,"Aff. No. :1031335
Sch. Code:51352","State : MADHYA PRADESH
District : INDORE",Senior Secondary Level,"Name : FOUNTAINHEAD INTERNATIONAL SCHOOL
Head/Principal Name: Ajit Mudgal","Address : NAVDA ROAD, BORKHEDI, MHOW
Website : http://www.fhis.org"
827,"Aff. No. :1031336
Sch. Code:51353","State : MADHYA PRADESH
District : INDORE",Secondary Level,"Name : RISHI VALLEY INTERNATIONAL SCHOOL
Head/Principal Name: SATYAJEET MALVIYA","Address : MHOWGAO, MHOW
Website : www.rvis.co.in"
828,"Aff. No. :1031338
Sch. Code:51355","State : MADHYA PRADESH
District : INDORE",Senior Secondary Level,"Name : EVA WORLD SCHOOL
Head/Principal Name: SMITA SHARMA","Address : OPP. OMAXE CITY-1, INDORE
Website : https://www.ewsindore.in/"
829,"Aff. No. :1031364
Sch. Code:51369","State : MADHYA PRADESH
District : INDORE",Senior Secondary Level,"Name : VIBGYOR RISE SCHOOL
Head/Principal Name: LALIMA TIWARI","Address : PLOT NO.16, SCHEME NO.78, PART-II, VIJAY NAGAR, INDORE
Website : https://www.vibgyorrise.com/school/indore/cbse/indore"
830,"Aff. No. :1031365
Sch. Code:51382","State : MADHYA PRADESH
District : INDORE",Secondary Level,"Name : SANSKRITI PUBLIC SCHOOL
Head/Principal Name: Akanksha Talreja","Address : BEHIND VETERINARY COLLEGE, NAVADA ROAD, RASALPURA
Website : https://sanskritipublicschoolmhow.com/"
831,"Aff. No. :1031351
Sch. Code:51368","State : MADHYA PRADESH
District : INDORE",Senior Secondary Level,"Name : DR. VISHWANATH KARAD WORLD PEACE SCHOOL
Head/Principal Name: Anita Ravi Nair","Address : GANDHI NAGAR, IN FRONT OF HP PETROL PUMP, TEHSIL-INDORE
Website : https://indore.worldpeaceschool.com/"
832,"Aff. No. :1031355
Sch. Code:51373","State : MADHYA PRADESH
District : INDORE",Secondary Level,"Name : THE UPNISHAD SCHOOL
Head/Principal Name: NISHA SINGH SISODIYA","Address : VILLAGE NEUGURADIYA TEH MHOW INDORE , VILLAGE NEUGURADIYA TEH MHOW INDORE
Website : www.upnishadmhow.org"
833,"Aff. No. :1031380
Sch. Code:51397","State : MADHYA PRADESH
District : JABALPUR",Secondary Level,"Name : PODAR INTERNATIONAL SCHOOL
Head/Principal Name: Aashish Tiwari","Address : AASHIYANA TOWNSHIP, NEAR WATER WORKS, BHONGADWAR ROAD
Website : https://www.podareducation.org/school/jabalpur"
834,"Aff. No. :1031294
Sch. Code:51312","State : MADHYA PRADESH
District : JABALPUR",Secondary Level,"Name : ST. ALOYSIUS SCHOOL
Head/Principal Name: FR. S AROCKIYA RAJA","Address : MANDLA ROAD, NEAR GAUR BRIDGE
Website : www.staloysiusgaur.edu.in"
835,"Aff. No. :1031302
Sch. Code:51319","State : MADHYA PRADESH
District : JABALPUR",Secondary Level,"Name : A.P.N. C.B.S.E. SENIOR SECONDARY SCHOOL
Head/Principal Name: Karan Khurana","Address : SADAR CANTT JABALPUR, SADAR CANTT JABALPUR
Website : https://www.apncbseschool.com"
836,"Aff. No. :1031400
Sch. Code:51417","State : MADHYA PRADESH
District : JABALPUR",Senior Secondary Level,"Name : NEW CHRIST CHURCH GIRLS' SENIOR SECONDARY SCHOOL
Head/Principal Name: JASMINE GEE","Address : JDA SCHEME NO 41 PLOT NO A, SWAMI VIVEKANAND WARD , VIJAY NAGAR
Website : https://ccgirlsvijaynagar.com/"
837,"Aff. No. :1031433
Sch. Code:51450","State : MADHYA PRADESH
District : JABALPUR",Senior Secondary Level,"Name : G D GOENKA INTERNATIONAL SCHOOL
Head/Principal Name: MEENAL MANDHAN","Address : KHASARA NO 53 AND 223, 155/10, , NEAR EKTA MARKET, BARELA HIGHWAY ROAD, , TILHARI
Website : https://gdgoenkajabalpur.com/"
838,"Aff. No. :1031475
Sch. Code:51493","State : MADHYA PRADESH
District : JABALPUR",Secondary Level,"Name : EKLAVYA SCHOOL OF EXCELLENCE
Head/Principal Name: Satish Kumar Pandey","Address : PATAN BYPASS ROAD , RAIGHAWAN , JABALPUR
Website : https://eklavyaschoolofexcellence.in/"
839,"Aff. No. :1031485
Sch. Code:51503","State : MADHYA PRADESH
District : JABALPUR",Secondary Level,"Name : DOON INTERNATIONAL SCHOOL
Head/Principal Name: RAJIV KUMAR SINGH","Address : OPPOSITE TATA COMMERCIAL, JABALPUR - NAGPUR ROAD, MANEGAON
Website : www.dooninternationaljabalpur.com"
840,"Aff. No. :1040004
Sch. Code:54030","State : MADHYA PRADESH
District : JABALPUR",Senior Secondary Level,"Name : JAWAHAR NAVODAYA VIDYALAYA
Head/Principal Name: SUBHASH MAHOBIA","Address : BARGI NAGAR DISTT JABALPUR MADHYA PRADESH
Website : https://navodaya.gov.in/nvs/nvs-school/JABALPUR/en/home/"
841,"Aff. No. :1031507
Sch. Code:51525","State : MADHYA PRADESH
District : JABALPUR",Secondary Level,"Name : MERIDIAN INTERNATIONAL SCHOOL
Head/Principal Name: Sunita Singh Bhadauria","Address : NH-30, RAI SIMARIYA ROAD, SIHORA, DIST. JABALPUR, MP
Website : https://www.meridianinternationalschool.in/"
842,"Aff. No. :1031017
Sch. Code:50982","State : MADHYA PRADESH
District : JABALPUR",Senior Secondary Level,"Name : MOUNT LITERA ZEE SCHOOL
Head/Principal Name: Ms. Parmita Karmakar","Address : M0UNT LITERA ZEE SCHOOL, JABALPUR ,TAKSHSHILA HILLS, SHARDA MANDIR ROAD MADAN MAHAL
Website : www.mountliterajabalpur.com"
843,"Aff. No. :1031130
Sch. Code:51114","State : MADHYA PRADESH
District : JABALPUR",Secondary Level,"Name : THE VITS SCHOOL
Head/Principal Name: EKTA AWASTHI","Address : NEEMKHEDA MANDLA ROAD JABALPUR M.P.
Website : https://thevitsschooljabalpur.in/"
844,"Aff. No. :1031178
Sch. Code:51156","State : MADHYA PRADESH
District : JABALPUR",Senior Secondary Level,"Name : SPRING DAY PUBLIC SCHOOL
Head/Principal Name: RUBY SHARMA","Address : HATHNA, MAHARAJPUR,BYPASS ROAD,JABALPUR (M.P)
Website : https://www.springdayschool.com/"
845,"Aff. No. :1031217
Sch. Code:51235","State : MADHYA PRADESH
District : JABALPUR",Senior Secondary Level,"Name : CHRIST CHURCH CO-ED SCHOOL
Head/Principal Name: SHITIJ CYRIL JACOB","Address : MOUJA SALIWADA, N.B.485 P.H.#48/51/76. R.I. CIRCLE KHAMARIYA (BARGI)
Website : www.cccssj.in"
846,"Aff. No. :1031194
Sch. Code:51215","State : MADHYA PRADESH
District : JABALPUR",Senior Secondary Level,"Name : LITTLE CHAMP SCHOOL
Head/Principal Name: SHAYDA ALI","Address : KHASRA NO 288/3, 288/4 AMKHERA ROAD, KHAJRI BYPSS CHAURAHA, TEHSIL PANAGAR, DISTRICT - JABALPUR, MADHYA PRADESH. PIN 482004. MOBILE - 6261610005, 9302343337
Website : www.littlechamp.org"
847,"Aff. No. :1031199
Sch. Code:51220","State : MADHYA PRADESH
District : JABALPUR",Senior Secondary Level,"Name : ST. ALOYSIUS SCHOOL
Head/Principal Name: SR SARITHA","Address : KRISHNA COLONY, BARJHAIYA, PANAGAR
Website : www.staloysiuspanagar.edu.in"
848,"Aff. No. :1080006
Sch. Code:54006","State : MADHYA PRADESH
District : JABALPUR",Senior Secondary Level,"Name : ARMY PUBLIC SCHOOL NO.1
Head/Principal Name: NASEEMA A","Address : G.R.C. JABALPUR MADHYA PRADESH
Website : https://aps1jabalpur.ac.in/"
849,"Aff. No. :1080014
Sch. Code:54013","State : MADHYA PRADESH
District : JABALPUR",Secondary Level,"Name : WEST CENTRAL RAILWAY HIGH SCHOOL
Head/Principal Name: SHEIKH BAHEED","Address : JABALPUR, NTH CIVIL LINE, JABALPUR , MADHYA PRADESH
Website : www.wcrhsjabalpur.co.in"
850,"Aff. No. :1080009
Sch. Code:54010","State : MADHYA PRADESH
District : JABALPUR",Senior Secondary Level,"Name : ARMY PUBLIC SCHOOL NO.2, JABALPUR
Head/Principal Name: SHEELA PANDEY","Address : C/O JAK RIFLES REGIMENTAL CENTRE, JABALPUR, MADHYA PRADESH
Website : http://www.aps2jabalpur.org/"
851,"Aff. No. :1030926
Sch. Code:50889","State : MADHYA PRADESH
District : JABALPUR",Senior Secondary Level,"Name : BILLABONG HIGH INTERNATIONAL SCHOOL JABALPUR
Head/Principal Name: SAYMA KHAN","Address : NEAR SHAHI NALA TILWAR ROAD
Website : www.billabonghighjabalpur.com"
852,"Aff. No. :1030864
Sch. Code:50827","State : MADHYA PRADESH
District : JABALPUR",Senior Secondary Level,"Name : SHRI BALAJI PUBLIC SCHOOL
Head/Principal Name: V SHANTI SHREE RAO","Address : BASAHA, GRAM: KACHNARI NEAR JDA SCHEME NO.41
Website : www.shriibalajiissschool.in"
853,"Aff. No. :1030850
Sch. Code:50813","State : MADHYA PRADESH
District : JABALPUR",Senior Secondary Level,"Name : MM INTERNATIONAL SCHOOL
Head/Principal Name: DISHA NAGDEV","Address : BEHIND NTPC,NEAR BALAJI PETROL PUMP,GLOBAL ENGINEERING COLLEGE SQUARE ,PATAN BY-PASS
Website : www.mmis.ac.in"
854,"Aff. No. :1030798
Sch. Code:50764","State : MADHYA PRADESH
District : JABALPUR",Senior Secondary Level,"Name : VISION INTERNATIONAL PUBLIC SCHOOL
Head/Principal Name: ASHOK PRADHAN","Address : PATAN ROAD,NEAR NTPC(POWER GRID), BINEKI
Website : www.vipsjabalpur.in"
855,"Aff. No. :1030806
Sch. Code:50763","State : MADHYA PRADESH
District : JABALPUR",Senior Secondary Level,"Name : WISDOM VALLEY SCHOOL
Head/Principal Name: ANTARA BANERJEE","Address : 84 NARMADA ROAD JABALPUR
Website : http://www.wisdomvalleyschool.com"
856,"Aff. No. :1030664
Sch. Code:50668","State : MADHYA PRADESH
District : JABALPUR",Senior Secondary Level,"Name : ST.JOSEPH'S CONVENT SCHOOL
Head/Principal Name: SR VALENTINA DSOUZA","Address : TFRI, NEAR GOUR RIVER,MANDALA ROAD, JABALPUR.
Website : www.sjctfri.org"
857,"Aff. No. :1030647
Sch. Code:50614","State : MADHYA PRADESH
District : JABALPUR",Senior Secondary Level,"Name : BRITISH FORT FOUNDATION
Head/Principal Name: SIMPLE JAIN","Address : BHERAGHART MAIN ROAD, NH 12 JABALPUR MP
Website : www.britishfortfoundation.com"
858,"Aff. No. :1030708
Sch. Code:50672","State : MADHYA PRADESH
District : JABALPUR",Senior Secondary Level,"Name : STEMFIELD INTERNATIONAL SCHOOL
Head/Principal Name: Manmeet Kohli","Address : JDA SCHEME - 41, NEAR HOTEL PRINCE VIRAJ, VIJYANAGAR, JABALPUR, MP
Website : www.stemfield.com"
859,"Aff. No. :1030677
Sch. Code:50640","State : MADHYA PRADESH
District : JABALPUR",Senior Secondary Level,"Name : GREEN VALLEY PUBLIC SCHOOL
Head/Principal Name: MEENAL SAXENA","Address : RAINGWA (KARMETA), PATAN ROAD,
Website : www.gvpsjabalpur.in"
860,"Aff. No. :1030757
Sch. Code:50722","State : MADHYA PRADESH
District : JABALPUR",Senior Secondary Level,"Name : AJAY SATYA PRAKASH PUBLIC SCHOOL
Head/Principal Name: LATA PATHAK","Address : MOUZA KEWLARI R.I. CIRCLE MAHARAJPUR TEHSIL PANAGAR , DISTRICT JABALPUR
Website : www.aspsss.in"
861,"Aff. No. :1030749
Sch. Code:50713","State : MADHYA PRADESH
District : JABALPUR",Secondary Level,"Name : SHIV SHAKTI INTERNATIONAL SCHOOL
Head/Principal Name: Priyanka dwivedi","Address : NEAR BHERAGHAT RAILWAY STATION, GRAM SIHODA
Website : www.shivshaktiinternationalschool.in"
862,"Aff. No. :1030364
Sch. Code:50328","State : MADHYA PRADESH
District : JABALPUR",Senior Secondary Level,"Name : ST AUGUSTINE SCHOOL
Head/Principal Name: ANITA NAIR","Address : LAMHETAGHAT ROAD, SAGDA, DISTT JABALPUR, MADHYA PRADESH
Website : www.staugustinejbp.net"
863,"Aff. No. :1030393
Sch. Code:50357","State : MADHYA PRADESH
District : JABALPUR",Senior Secondary Level,"Name : ASHOKA HALL JUNIOR HIGH SCHOOL
Head/Principal Name: ASHIMA JOHN","Address : NEAR WATER TANK, SHIV NAGAR, DAMOH NAKA, DISTT & TEHSIL - JABALPUR, MADHYA PRADESH
Website : www.ashokahallschool.co.in"
864,"Aff. No. :1030476
Sch. Code:50441","State : MADHYA PRADESH
District : JABALPUR",Senior Secondary Level,"Name : RYAN INTERNATIONAL SCHOOL
Head/Principal Name: RENUKA KHARE","Address : STREET NO.17, DAMOH NAKA, SHANTI NAGAR, DISTT & TEH. JABALPUR, -482001, MP
Website : www.ryaninternational.org/risjabalpur/"
865,"Aff. No. :1030430
Sch. Code:50397","State : MADHYA PRADESH
District : JABALPUR",Senior Secondary Level,"Name : ROYAL HIGHER SECONDARY SCHOOL
Head/Principal Name: VARSHA CHAUHAN","Address : JDA SCHEME NUMBER - 6, SANJEEVANI NAGAR
Website : www.royalschooljabalpur.com"
866,"Aff. No. :1030441
Sch. Code:50406","State : MADHYA PRADESH
District : JABALPUR",Senior Secondary Level,"Name : MAHARISHI VIDYA MANDIR
Head/Principal Name: Priyanka Pandey","Address : GRAM-LAMTI, VIJAY NAGAR, JABALPUR, MADHYA PRADESH
Website : https://mvmjabalpur-5.org"
867,"Aff. No. :1030439
Sch. Code:50404","State : MADHYA PRADESH
District : JABALPUR",Senior Secondary Level,"Name : SMALL WONDERS
Head/Principal Name: WILLIAM STANLEY DIAS","Address : JEEVAN COLONY, BALDEO BAGH, DISTT & TEH. JABALPUR, M.P.-482002
Website : www.smallwondersjabalpur.com"
868,"Aff. No. :1030497
Sch. Code:50472","State : MADHYA PRADESH
District : JABALPUR",Senior Secondary Level,"Name : NACHIKETA HIGHER SECONDARY SCHOOL VIJAY NAGAR
Head/Principal Name: DR KRISHNA NIYOGI","Address : J.D.A SCHEME NO.5 KACHNAR CITY ROAD VIJAY NAGAR JABALPUR(M.P.)
Website : www.nachiketassschool.co.in"
869,"Aff. No. :1030557
Sch. Code:50520","State : MADHYA PRADESH
District : JABALPUR",Senior Secondary Level,"Name : LITTLE KINGDOM SCHOOL
Head/Principal Name: HEENA RAWAL","Address : NEW RAMANAGAR, JABALPUR(MP)
Website : www.littlekingdomschool.edu.in"
870,"Aff. No. :1030295
Sch. Code:50263","State : MADHYA PRADESH
District : JABALPUR",Senior Secondary Level,"Name : MAHARISHI VIDYA MANDIR
Head/Principal Name: NEELESH KUMAR PANDEY","Address : 756 SIDDHA BHAWAN NAPIER TOWN JABALPUR MADHYA PRADESH
Website : https://mvmjabalpur-2.org/"
871,"Aff. No. :1030288
Sch. Code:50254","State : MADHYA PRADESH
District : JABALPUR",Senior Secondary Level,"Name : NALANDA PUBLIC SCHOOL
Head/Principal Name: MAYURIKA BHISEY","Address : DHANWANTRI NAGAR NEAR SAI COLONY JABALPUR MADHYA PRADESH
Website : www.nalandapublicschool.co.in"
872,"Aff. No. :1030293
Sch. Code:50262","State : MADHYA PRADESH
District : JABALPUR",Senior Secondary Level,"Name : CENTRAL ACADEMY ENG MEDIUM SCHOOL
Head/Principal Name: MONIKA POPLI","Address : KANCHAN VIHAR VIJAY NAGAR JABAL PUR MP
Website : https://www.centralacademyjabalpur.com/"
873,"Aff. No. :1030303
Sch. Code:50270","State : MADHYA PRADESH
District : JABALPUR",Senior Secondary Level,"Name : ST ALOYSIUS SCHOOL
Head/Principal Name: SOMY JACOB","Address : RIMJHAI KATHANGI ROAD JABALPUR MP
Website : https://staloysiusrimjha.edu.in"
874,"Aff. No. :1030305
Sch. Code:50304","State : MADHYA PRADESH
District : JABALPUR",Senior Secondary Level,"Name : DELHI PUBLIC SCHOOL
Head/Principal Name: APARNA CHOUBEY","Address : SANSAKARDHANI NEEMKHEDA MANDLA ROAD JABALPUR MADHYA PRADESH
Website : http://www.dpsmandlaroad.com"
875,"Aff. No. :1030330
Sch. Code:50299","State : MADHYA PRADESH
District : JABALPUR",Senior Secondary Level,"Name : ADITYA CONVENT SCHOOL
Head/Principal Name: MRS. TIYASHA JANET WARNER","Address : 231, BAJPAI COLONY, GOPAL VIHAR, DISTT JABALPUR, MADHYA PRADESH
Website : https://www.adityaconventjabalpur.com/#"
876,"Aff. No. :1030331
Sch. Code:50300","State : MADHYA PRADESH
District : JABALPUR",Senior Secondary Level,"Name : ST. ALOYSIUS SCHOOL
Head/Principal Name: JESSY ANIL","Address : POLYPATHAR, GWARIGHAT ROAD, JABALPUR, MADHYA PRADESH
Website : www.staloysiusschoolpolipathar.edu.in"
877,"Aff. No. :1030321
Sch. Code:50286","State : MADHYA PRADESH
District : JABALPUR",Senior Secondary Level,"Name : DELHI PUBLIC SCHOOL
Head/Principal Name: RAJESH CHHETRY","Address : NAGPUR ROAD, DISTT JABALPUR, MADHYA PRADESH
Website : www.dpsjabalpur.org"
878,"Aff. No. :1030322
Sch. Code:50287","State : MADHYA PRADESH
District : JABALPUR",Senior Secondary Level,"Name : PRATIBHASTHALI GYANODAY VIDIYAPEETH
Head/Principal Name: NEERAJ JAIN","Address : TILWARAGHAT,JABALPUR, MADHYA PRADESH
Website : http://www.jabalpur.pratibhasthali.org"
879,"Aff. No. :1030314
Sch. Code:50278","State : MADHYA PRADESH
District : JABALPUR",Senior Secondary Level,"Name : THE ROYAL HERITAGE PUBLIC SCHOOL
Head/Principal Name: ASHISH KUMAR SINGH","Address : BARHA, RANIDURGAWATI SANADHI ROAD, DISTT JABALPUR, MADHYA PRADESH
Website : http://theroyalheritage.in"
880,"Aff. No. :1030259
Sch. Code:50234","State : MADHYA PRADESH
District : JABALPUR",Senior Secondary Level,"Name : ST GABRIEL'S HIGHER SECONDARY SCHOOL
Head/Principal Name: SHAJI JOSEPH","Address : RANJHI KHAMARIA PO JABALPUR, MADHYA PRADESH
Website :"
881,"Aff. No. :1030200
Sch. Code:50176","State : MADHYA PRADESH
District : JABALPUR",Senior Secondary Level,"Name : SATYA PRAKASH PUBLIC SCHOOL
Head/Principal Name: Davinder Kaur Sethi","Address : POLIPATHER JABALPUR MADHYA PRADESH
Website : www.satyaprakash.edu.in"
882,"Aff. No. :1030229
Sch. Code:50205","State : MADHYA PRADESH
District : JABALPUR",Senior Secondary Level,"Name : MAR THOMA GRAM JYOTI ENGLISH MEDIUM SCHOOL
Head/Principal Name: NITIN KUMAR PAUL","Address : KHITOLA SIHORE DISTT JABALPUR MADHYA PRADESH
Website : www.marthomaschoolsihora.com"
883,"Aff. No. :1030059
Sch. Code:50069","State : MADHYA PRADESH
District : JABALPUR",Senior Secondary Level,"Name : ST.JOSEPH'S CONVENT GIRLS SENIOR SECONDARY SCHOOL
Head/Principal Name: NAVYA MATHEW","Address : AHILYABAI MARG JABALPUR CANTT MADHYA PRADESH
Website : www.sjcsadar.org"
884,"Aff. No. :1030046
Sch. Code:50068","State : MADHYA PRADESH
District : JABALPUR",Senior Secondary Level,"Name : CHRIST CHRUCH GIRLS SENIOR SECONDARY SCHOOL
Head/Principal Name: PREETI IRENE THANGADURAI","Address : NORTH CIVIL LINES JABALPUR MADHYA PRADESH
Website : www.ccgirls.org"
885,"Aff. No. :1030047
Sch. Code:50071","State : MADHYA PRADESH
District : JABALPUR",Senior Secondary Level,"Name : CHRIST CHURCH BOYS SENIOR SECONDARY SCHOOL
Head/Principal Name: LUVY MARY SATHE","Address : SLEEMAN ROAD, NORTH CIVIL LINES, JABALPUR - MADHYA PRADESH
Website : www.ccbsss.org"
886,"Aff. No. :1030055
Sch. Code:50070","State : MADHYA PRADESH
District : JABALPUR",Senior Secondary Level,"Name : ST. ALOYSIUS SENIOR SECONDARY SCHOOL
Head/Principal Name: FR V.V. DAVIES","Address : SHAKTI MARG JABALPUR MADHYA PRADESH
Website : www.staloysiusjabalpur.edu.in"
887,"Aff. No. :1030076
Sch. Code:50072","State : MADHYA PRADESH
District : JABALPUR",Senior Secondary Level,"Name : MAHARISHI VIDYA MANDIR
Head/Principal Name: RAJESH NARULA","Address : 50 NARMADA ROAD JABALPUR MADHYA PRADESH
Website : https://mvmjabalpur-1.org"
888,"Aff. No. :1030163
Sch. Code:50140","State : MADHYA PRADESH
District : JABALPUR",Senior Secondary Level,"Name : ST JOSEPH'S CONVENT SENIOR SECONDARY SCHOOL
Head/Principal Name: SR MARIA VAZ","Address : RANJHI, DISTT JABALPUR, MADHYA PRADESH
Website : www.sjcranjhi.in"
889,"Aff. No. :1030169
Sch. Code:50144","State : MADHYA PRADESH
District : JABALPUR",Senior Secondary Level,"Name : JOY SENIOR SECONDARY SCHOOL
Head/Principal Name: Rashmi Mishra","Address : PLOT A SCHEME NO 5/14 VIJAY NAGAR CHERITAL WARD JABALPUR MADHYA PRADESH
Website : www.joyseniorsecondary.ac.in"
890,"Aff. No. :1030147
Sch. Code:50127","State : MADHYA PRADESH
District : JABALPUR",Senior Secondary Level,"Name : GYAN GANGA ORCHIDS THE INTERNATIONAL SCHOOL
Head/Principal Name: DEEPTI SATSANGI","Address : WARDHMAN SQUARE BY PASS JUNCTION BHERAGHAT ROAD VILL KUGWAN PO TEWAR JABALPUR MADHYA PRADESH
Website : https://orchidsinternationalschoolbhedaghatroad.com/"
891,"Aff. No. :1030145
Sch. Code:50067","State : MADHYA PRADESH
District : JABALPUR",Senior Secondary Level,"Name : LITTLE WORLD SCHOOL
Head/Principal Name: PARIDHI BHARGAVA","Address : TILWARA JABALPUR MADHYA PRADESH
Website : www.littleworldschool.org"
892,"Aff. No. :1020176
Sch. Code:52186","State : MADHYA PRADESH
District : JABALPUR",Senior Secondary Level,"Name : KANYA SHIKSHA PARISAR , JABALPUR (M.P.)
Head/Principal Name: Vanita Ghaiye","Address : CHHAPAR, JABALPUR
Website : www.kspjabalpur.com"
893,"Aff. No. :1020169
Sch. Code:52179","State : MADHYA PRADESH
District : JABALPUR",Senior Secondary Level,"Name : GOVT GYANODAY AWASIYA VIDHYALAY
Head/Principal Name: BRAJESH KUMAR SHARMA","Address : RANJHI , JABALPUR
Website : www.grsjabalpur.org"
894,"Aff. No. :1020162
Sch. Code:52172","State : MADHYA PRADESH
District : JABALPUR",Senior Secondary Level,"Name : SHRAMODAYA AWASIYA VIDHYALAYA
Head/Principal Name: ABDUL SAHIR SHEIKH","Address : NEAR HOME GUARD TRAINING CENTER , JABALPUR
Website : https://shramodayavidhyalayajbp.in/"
895,"Aff. No. :1020116
Sch. Code:52126","State : MADHYA PRADESH
District : JABALPUR",Senior Secondary Level,"Name : EKLVAYA MODEL RESIDENTIAL SCHOOL (PVTG)
Head/Principal Name: AVINASH RANI","Address : GOVT EKLAVYA MODEL RESIDENTIAL PVTG SCHOOL RAMPUR, CHHAPAR, JABALPUR
Website : www.eklavyapvtgjbp.com"
896,"Aff. No. :1020189
Sch. Code:52199","State : MADHYA PRADESH
District : JABALPUR",Senior Secondary Level,"Name : CANTONMENT KATANGA MODEL H. S. SCHOOL, SADAR CANT JABALPUR
Head/Principal Name: JYOTI YADAV","Address : KATANGA CROSSING, GWARIGHAT ROAD, SADAR CANTT JABALPUR
Website : https://jabalpur.cantt.gov.in/education/"
897,"Aff. No. :1020186
Sch. Code:52196","State : MADHYA PRADESH
District : JABALPUR",Secondary Level,"Name : GCF HIGH SCHOOL
Head/Principal Name: Bindu Kumari V","Address : VIDYANAGAR, GCF ESTATE, JABALPUR
Website : http://ddpdoo.gov.in/units/ofsgcf"
898,"Aff. No. :1020035
Sch. Code:52032","State : MADHYA PRADESH
District : JABALPUR",Senior Secondary Level,"Name : EKLAVYA MODEL RESIDENTIAL SCHOOL MAHGAWAN JABALPUR MP
Head/Principal Name: Rajkumar Kanojia","Address : VILLAGE - MAHGAWAN , POST- MAHGAWAN , BLOCK - PANAGAR , TEHSIL- PANAGAR
Website : https://emrsjabalpur.in/"
899,"Aff. No. :1000081
Sch. Code:54142","State : MADHYA PRADESH
District : JABALPUR",Secondary Level,"Name : KENDRIYA VIDYALAYA
Head/Principal Name: CELESTINA KERKETTA","Address : GARHA, GOVT. PRE-METRIC TRIBE GIRLS HOSTEL, RANI DURGAWATI GIRLS H.S. SCHOOL CAMPUS, GANGANAGAR, GARHA, JABALPUR,M.P.
Website : https://garha.kvs.ac.in"
900,"Aff. No. :1020016
Sch. Code:52016","State : MADHYA PRADESH
District : JABALPUR",Senior Secondary Level,"Name : EKLAVYA MODEL RESIDENTIAL SCHOOL
Head/Principal Name: RAJKUMAR DEHARIYA","Address : NARAIRALA, JABALPUR, VILLAGE NARAIRALA, TEH & DISTT. JABALPUR, MADHYA PRADESH
Website : www.eklavyajbp.com"
901,"Aff. No. :1000005
Sch. Code:54100","State : MADHYA PRADESH
District : JABALPUR",Senior Secondary Level,"Name : PM SHRI KENDRIYA VIDYALAYA NO 1
Head/Principal Name: RAJNISH KUMAR SINGHAI","Address : G.C.F.(ESTATE) JABALPUR MADHYA PRADESH
Website : www.no1jabalpurgfc.kvs.ac.in"
902,"Aff. No. :1000006
Sch. Code:54095","State : MADHYA PRADESH
District : JABALPUR",Senior Secondary Level,"Name : PM SHRI KENDRIYA VIDYALAYA
Head/Principal Name: PHANI BHUSHAN PANDEY","Address : STC AREA JABALPUR MADHYA PRADESH
Website : https://no1stcjabalpur.kvs.ac.in"
903,"Aff. No. :1000028
Sch. Code:54098","State : MADHYA PRADESH
District : JABALPUR",Senior Secondary Level,"Name : PM SHRI KENDRIYA VIDYALAYA
Head/Principal Name: JEEVAN VERMA","Address : VEHICLE FACTORY ESTATE SECTOR-2 JABALPUR MADHYA PRADESH
Website : https://vfjabalpur.kvs.ac.in"
904,"Aff. No. :1000024
Sch. Code:54094","State : MADHYA PRADESH
District : JABALPUR",Senior Secondary Level,"Name : PM SHRI KENDRIYA VIDYALAYA
Head/Principal Name: ANUPAM SHUKLA","Address : CMM JABALPUR MADHYA PRADESH
Website : https://aocjabalpur.kvs.ac.in"
905,"Aff. No. :1000020
Sch. Code:54097","State : MADHYA PRADESH
District : JABALPUR",Senior Secondary Level,"Name : PM SHRI KENDRIYA VIDYALAYA NO 1
Head/Principal Name: AMIT SRIVASTAVA","Address : ORDNANCE FACTORY KHAMARIA JABALPUR MADHYA PRADESH
Website : http://www.kvofkjabalpur.com/"
906,"Aff. No. :1000053
Sch. Code:54099","State : MADHYA PRADESH
District : JABALPUR",Senior Secondary Level,"Name : PM SHRI KENDRIYA VIDYALAYA
Head/Principal Name: Y K SOLANKI","Address : C.O.D GOKULPUR JABALPUR MADHYA PRADESH
Website : https://codjabalpur.kvs.ac.in/"
907,"Aff. No. :1000044
Sch. Code:54096","State : MADHYA PRADESH
District : JABALPUR",Senior Secondary Level,"Name : PM SHRI KENDRIYA VIDYALAYA NO 2
Head/Principal Name: Ashima Goyal","Address : G C F ESTATE UPPERLINES JABALPUR MADHYA PRADESH
Website : https://no2jabalpurgcf.kvs.ac.in/"
908,"Aff. No. :1000061
Sch. Code:54101","State : MADHYA PRADESH
District : JABALPUR",Secondary Level,"Name : KENDRIYA VIDYALAYA
Head/Principal Name: PRAVEEN NAIDU","Address : TROPICAL FOREST RESEARCH INSTITUTE, MANDLA ROAD, JABALPUR MADHYA PRADESH
Website : www.tfrijabalpur.kvs.ac.in"
909,"Aff. No. :1000063
Sch. Code:54102","State : MADHYA PRADESH
District : JHABUA",Senior Secondary Level,"Name : KENDRIYA VIDYALAYA
Head/Principal Name: GOURIMA DIXIT","Address : GAIL JHABUA MADHYA PRADESH
Website : www.jhabuagail.kvs.ac.in"
910,"Aff. No. :1020015
Sch. Code:52015","State : MADHYA PRADESH
District : JHABUA",Senior Secondary Level,"Name : EKLAVYA MODEL RESIDENTIAL SCHOOL
Head/Principal Name: ARCHANA KUMARI","Address : MORDUNDIYA, JHABU, VILLAGE, MODUPUR, DISTT. JHABU, MADHYA PRADESH
Website : www.emrsmordundiya.com"
911,"Aff. No. :1020005
Sch. Code:52006","State : MADHYA PRADESH
District : JHABUA",Senior Secondary Level,"Name : EKLAVYA MODEL RESIDENTIAL SCH
Head/Principal Name: HEMENDRA SINGH CHANDRAWAT","Address : THANDLA AGRAL POST AGRAL TEHSIL TANDLA DISTT JHABUA AADHYA PRADESH
Website : https://emrsthandla.org.in/"
912,"Aff. No. :1020037
Sch. Code:52078","State : MADHYA PRADESH
District : JHABUA",Senior Secondary Level,"Name : GOVT. KANYA SHIKSHA PARISAR JHABUA
Head/Principal Name: PRATAP SINGH MOURYA","Address : GOVT.KANYA SHIKSHA PARISAR PITOL JHABUA
Website : www.kanyashikshaparisarjhabua"
913,"Aff. No. :1020065
Sch. Code:52055","State : MADHYA PRADESH
District : JHABUA",Senior Secondary Level,"Name : EKLAVYA MODEL RESIDENTIAL SCHOOL PETLAWAD
Head/Principal Name: PRAKASH KUMAR THAKUR","Address : BARWET ROAD, PETLAWAD
Website : www.emrspetlawad.org.in"
914,"Aff. No. :1020066
Sch. Code:52059","State : MADHYA PRADESH
District : JHABUA",Senior Secondary Level,"Name : EKLAVYA MODEL RESIDENTIAL SCHOOL MEGHNAGAR
Head/Principal Name: KAVITA","Address : EKLAVYA MODEL RESIDENTIAL SCHOOL CAMPUS PADMAVATI BHAVAN AGRAL MEGHNAGAR
Website : https://www.emrsmeghnagar.org.in/"
915,"Aff. No. :1020059
Sch. Code:52050","State : MADHYA PRADESH
District : JHABUA",Senior Secondary Level,"Name : KANYA SHIKSHA PARISAR RANAPUR
Head/Principal Name: MR. RAKESH KUMAR SONI","Address : VILLAGE JHANJHARWA POST - RANAPUR DIST. - JHABUA
Website : www.kspranapur.org"
916,"Aff. No. :1020076
Sch. Code:52075","State : MADHYA PRADESH
District : JHABUA",Senior Secondary Level,"Name : KANYA SIKSHA PARISAR THANDLA
Head/Principal Name: MISS CHRISTINA DODIYAR","Address : GRAM MORJHARI TH. THANDLA DIST. JHABUA
Website : www.kspthandla.com"
917,"Aff. No. :1020112
Sch. Code:52122","State : MADHYA PRADESH
District : JHABUA",Senior Secondary Level,"Name : EKLAVYA MODEL RESIDENTIAL SCHOOL PETLAWAD
Head/Principal Name: MR. YOGENDRA PRASAD","Address : BARWET ROAD, PETLAWAD
Website : www.emrspetlawad.org.in"
918,"Aff. No. :1020175
Sch. Code:52185","State : MADHYA PRADESH
District : JHABUA",Senior Secondary Level,"Name : KANYA SHIKSHA PARISAR RAMA
Head/Principal Name: SHANKAR DAYAL SIROTHIYA","Address : POST RAMA, TEHSIL - RAMA
Website : www.tribal.mp.gov.in"
919,"Aff. No. :1030492
Sch. Code:50457","State : MADHYA PRADESH
District : JHABUA",Secondary Level,"Name : SHARDA VIDYA MANDIR, JHABUA
Head/Principal Name: DEEPSHIKHA TIWAREE","Address : VILLAGE VILIDOJ, RANAPUR ROAD, JHABUA (MP)
Website : www.svmjhabua.com"
920,"Aff. No. :1030505
Sch. Code:50468","State : MADHYA PRADESH
District : JHABUA",Senior Secondary Level,"Name : PROGRESSIVE ACADEMY,
Head/Principal Name: NITIN UPADHYAY","Address : HANUMANGARH ROAD,PETLAWAD, JHABUA-457773
Website : www.progressiveacademy.in"
921,"Aff. No. :1030742
Sch. Code:50708","State : MADHYA PRADESH
District : JHABUA",Senior Secondary Level,"Name : INDORE PUBLIC SCHOOL
Head/Principal Name: DEEPTI SARAN","Address : N.H. 59, KISHANPURI
Website : www.ipsjhabua.com"
922,"Aff. No. :1030721
Sch. Code:50686","State : MADHYA PRADESH
District : JHABUA",Secondary Level,"Name : SHREE BAFNA PUBLIC SCHOOL
Head/Principal Name: SUMANA RAY","Address : THANDLA ROAD, MEGHNAGAR DIST-JHABUA (M.P.)
Website : www.shreebafnapublicschool.in"
923,"Aff. No. :1030712
Sch. Code:50673","State : MADHYA PRADESH
District : JHABUA",Senior Secondary Level,"Name : KESHAV INTERNATIONAL SCHOOL
Head/Principal Name: SHALU JAIN","Address : BADKUA ROAD JHABUA (M.P.)-481001
Website :"
924,"Aff. No. :1030762
Sch. Code:50728","State : MADHYA PRADESH
District : JHABUA",Secondary Level,"Name : NEW HIMALAYA EDUCATIONAL ACADEMY
Head/Principal Name: SEEMA SHUKLA","Address : TALAWALI ROAD THANDLA DIST-JHABUA (M.P.)
Website : www.newhimalaya.in"
925,"Aff. No. :1030698
Sch. Code:50659","State : MADHYA PRADESH
District : JHABUA",Senior Secondary Level,"Name : NEW CATHOLIC MISSION SCHOOL, JHABUA
Head/Principal Name: Fr. Sonu Vasuniya","Address : BUS STAND, NEAR NAGAR PALIKA, JHABUA (MP)
Website : www.ncmsjhabua.com"
926,"Aff. No. :1030632
Sch. Code:50605","State : MADHYA PRADESH
District : JHABUA",Senior Secondary Level,"Name : THE SANSKAR VALLEY PUBLIC SCHOOL, PETLAWAD
Head/Principal Name: DEEP BARMECHA","Address : RAIPURIYA ROAD, PETLAWAD DISTT JHABUA (MP)
Website :"
927,"Aff. No. :1030807
Sch. Code:50771","State : MADHYA PRADESH
District : JHABUA",Senior Secondary Level,"Name : ST. ARNOLDS ENGLISH MEDIUM HIGH SCHOOL, MEGHNAGAR
Head/Principal Name: G ANDREWS LOBU","Address : TEHSIL- MEGHNAGAR, DIST. JHABUA (M.P.) 457779
Website : www.starnoldmeghnagar.in"
928,"Aff. No. :1030809
Sch. Code:50774","State : MADHYA PRADESH
District : JHABUA",Senior Secondary Level,"Name : ST MARYS CONVENT SCHOOL
Head/Principal Name: Sister Johncy","Address : MAHI COLONY, ROOPGARH ROAD, PETLAWAD DISTT JHABUA (MP)
Website : www.smcspetlawad.com"
929,"Aff. No. :1030786
Sch. Code:50752","State : MADHYA PRADESH
District : JHABUA",Senior Secondary Level,"Name : ST.FLORA SENIOR SECONDARY SCHOOL
Head/Principal Name: JASTIN TOPPO","Address : THANDLA DIST-JHABUA (M.P.)
Website : www.stflorathandla.in"
930,"Aff. No. :1030837
Sch. Code:50805","State : MADHYA PRADESH
District : JHABUA",Secondary Level,"Name : ANU PUBLIC SCHOOL
Head/Principal Name: Pramod Nair","Address : ANU NAGAR, THANDLA
Website : https://apsthandla.nletschool.com"
931,"Aff. No. :1030863
Sch. Code:50826","State : MADHYA PRADESH
District : JHABUA",Senior Secondary Level,"Name : MAHASHAY DHARAMPAL (MDH) DAYANAND ARYA VIDYA NIKETAN
Head/Principal Name: SMITA BHATT","Address : NARELA ROAD BAMNIA, DIST-JHABUA
Website : www.mdhdavn.in"
932,"Aff. No. :1040051
Sch. Code:51109","State : MADHYA PRADESH
District : JHABUA",Senior Secondary Level,"Name : JAWAHAR NAVODAYA VIDYALAYA JHABUA1
Head/Principal Name: VIRENDRA KUMAR SHRIVASTAVA","Address : RATITALAI SPORTS COMPLEX ,JHABUA
Website : https://www.navodaya.gov.in/nvs/nvs-school/JHABUA1/en/home"
933,"Aff. No. :1040049
Sch. Code:54064","State : MADHYA PRADESH
District : JHABUA",Senior Secondary Level,"Name : PM SHRI SCHOOL JAWAHAR NAVODAYA VIDYALAYA
Head/Principal Name: PHOOL CHAND KANAV","Address : THANDLA DISTT GHABUA, MADHYA PRADESH
Website : www.jnvjhabua.com"
934,"Aff. No. :1031158
Sch. Code:51138","State : MADHYA PRADESH
District : JHABUA",Senior Secondary Level,"Name : GURUKUL ACADEMY
Head/Principal Name: SANTOSH KUMAR RAJAK","Address : HANUMANGARH, PETLAWAD PETLAWAD MADHYA PRADESH ,JHABUA , 457773
Website : www.gurukulacademypetlawad.in"
935,"Aff. No. :1040009
Sch. Code:54031","State : MADHYA PRADESH
District : JHABUA",Senior Secondary Level,"Name : PM SHRI SCHOOL JAWAHAR NAVODAYA VIDYALAYA
Head/Principal Name: SAVITA PATHAK","Address : ALIRAJPUR DISTT JHABUA MADHYA PRADESH
Website : https://www.navodaya.gov.in/nvs/nvs-school/ALIRAJP"
936,"Aff. No. :1031438
Sch. Code:51455","State : MADHYA PRADESH
District : JHABUA",Secondary Level,"Name : ANKURAM INTERNATIONAL SCHOOL
Head/Principal Name: Ritesh Limaye","Address : GRAM BILIDOJ, RANAPUR ROAD, JHABUA, DIST- JHABUA, MP
Website : https://www.ankuraminternationalschool.in/"
937,"Aff. No. :1031458
Sch. Code:51475","State : MADHYA PRADESH
District : JHABUA",Secondary Level,"Name : NEW WAY PUBLIC SCHOOL
Head/Principal Name: RAJESH MAKWANE","Address : JOBAT NAKA, RAMPURA, RANAPUR, DIST. - JHABUA (M.P)
Website : http://newwaypublicschool.in/"
938,"Aff. No. :1031332
Sch. Code:51349","State : MADHYA PRADESH
District : JHABUA",Senior Secondary Level,"Name : KALPATARU INTERNATIONAL ACADEMY
Head/Principal Name: TRAPTI BISWAS","Address : TEHSIL PETLAWAD, PETLAWAD
Website : http://kiapetlawad.in"
939,"Aff. No. :1031379
Sch. Code:51396","State : MADHYA PRADESH
District : KATNI",Secondary Level,"Name : PODAR INTERNATIONAL SCHOOL KATNI
Head/Principal Name: Yogendra Singh","Address : MITTAL NAGAR, KUTHALA,, NH -7(MAIHAR ROAD), KATNI
Website : https://www.podareducation.org/school/katni"
940,"Aff. No. :1031414
Sch. Code:51431","State : MADHYA PRADESH
District : KATNI",Secondary Level,"Name : BELLWETHER INTERNATIONAL SCHOOL
Head/Principal Name: PREETHA MENON","Address : KATNI, , DIST KATNI, , MP
Website : https://bwiskatni.com"
941,"Aff. No. :1031201
Sch. Code:51221","State : MADHYA PRADESH
District : KATNI",Secondary Level,"Name : ST.PAULS SCHOOL
Head/Principal Name: G. ALOYSIOUS SHALIN","Address : ST.PAULS SCHOOL JHINJHARI KATNI M.P 483501
Website : www.stpauljhinjhari.edu.in"
942,"Aff. No. :1031141
Sch. Code:51099","State : MADHYA PRADESH
District : KATNI",Senior Secondary Level,"Name : NALANDA HIGHER SECONDARY SCHOOL
Head/Principal Name: LATA GUPTA","Address : MAHARANA PRATAP WARD, JHINJHIRI, IN FRONT OF COLLECTRATE OFFICE, KATNI
Website : www.nalandaschoolkatni.com"
943,"Aff. No. :1031150
Sch. Code:51116","State : MADHYA PRADESH
District : KATNI",Secondary Level,"Name : ACADEMIC HEIGHTS PUBLIC SCHOOL, KATNI
Head/Principal Name: Usha Shivawedy","Address : NEAR R.S TIMBER YARD MADHAV NAGAR STATION ROAD, AMIR GANJ
Website : www.acedemicheights.in"
944,"Aff. No. :1030947
Sch. Code:50910","State : MADHYA PRADESH
District : KATNI",Secondary Level,"Name : ROSE BOWL PUBLIC SCHOOL
Head/Principal Name: Santosh Gupta","Address : BEHIND GOVT. EXCELLENCE SCHOOL MADHU NAGAR, KATNI
Website :"
945,"Aff. No. :1040041
Sch. Code:54055","State : MADHYA PRADESH
District : KATNI",Senior Secondary Level,"Name : JAWAHAR NAVODAYA VIDYALAYA
Head/Principal Name: PREM PRAKASH","Address : BADWARA KATNI MADHYA PRADESH
Website : https://www.navodaya.gov.in/nvs/nvs-school/KATNI/en/home/"
946,"Aff. No. :1080013
Sch. Code:54012","State : MADHYA PRADESH
District : KATNI",Senior Secondary Level,"Name : WEST CENTRAL RAILWAY HR. SEC. SCHOOL
Head/Principal Name: DURGESH KUMAR GAGRANI","Address : NEW KATNI JUNCTION, KATNI, MADHYA PRADESH
Website : www.wcrschoolnkj.com"
947,"Aff. No. :1030665
Sch. Code:50938","State : MADHYA PRADESH
District : KATNI",Senior Secondary Level,"Name : KIDS CARE PUBLIC SCHOOL
Head/Principal Name: KATYAYANI SRIVASTAVA","Address : TILAK COLLEGE ROAD KATNI MP
Website : https://kidscare.org.in/"
948,"Aff. No. :1030676
Sch. Code:50639","State : MADHYA PRADESH
District : KATNI",Senior Secondary Level,"Name : NATURES SCHOOL
Head/Principal Name: K RANI RAO","Address : 289/3,COLLECTORATE ROAD,OPP HARSH NAGAR COLONY, KATNI
Website : www.natutrektn.com"
949,"Aff. No. :1030679
Sch. Code:50643","State : MADHYA PRADESH
District : KATNI",Senior Secondary Level,"Name : SANSKAR BHARTI PUBLIC SCHOOL
Head/Principal Name: PRITI NAGOSE","Address : MAA JALPA MARG SAKTI NAGAR, KATNI M.P.
Website : www.sanskarbhartikatni.com"
950,"Aff. No. :1030498
Sch. Code:50462","State : MADHYA PRADESH
District : KATNI",Senior Secondary Level,"Name : SACRED HEART ENGLISH MEDIUM HIGHER SECONDARY SCHOOL
Head/Principal Name: ABHISHEK BANERJEE","Address : OPP. BUS STAND, DISTT KATNI, MADHYA PRADESH
Website : www.sacredheartkatni.in"
951,"Aff. No. :1030579
Sch. Code:50547","State : MADHYA PRADESH
District : KATNI",Senior Secondary Level,"Name : DELHI PUBLIC SCHOOL
Head/Principal Name: SEEMA DUBEY","Address : JABALPUR BYPASS ROAD , CHAKA,KATNI (M.P.)
Website : www.dpskatni.com"
952,"Aff. No. :1030450
Sch. Code:50416","State : MADHYA PRADESH
District : KATNI",Senior Secondary Level,"Name : ST. PAUL'S HIGHER SECONDARY SCHOOL
Head/Principal Name: JANE SYLVESTER","Address : CIVIL LINES, MURWARA
Website : www.stpaulkatni.edu.in"
953,"Aff. No. :1030390
Sch. Code:50353","State : MADHYA PRADESH
District : KATNI",Senior Secondary Level,"Name : S S S GURUKUL
Head/Principal Name: RAJESH KUMAR PANDEY","Address : DOLI ROAD, UBRA, BARHI, DIST. & TEHSIL KATNI (MP)
Website : www.sssgurukul.org"
954,"Aff. No. :1030383
Sch. Code:50347","State : MADHYA PRADESH
District : KATNI",Senior Secondary Level,"Name : MAHARISHI VIDYA MANDIR
Head/Principal Name: VIVEK MISHRA","Address : DUBEY COLONY, DISTT KATNI, MADHYA PRADESH
Website : https://mvmkatni.org/"
955,"Aff. No. :1030399
Sch. Code:50365","State : MADHYA PRADESH
District : KATNI",Senior Secondary Level,"Name : SYNA INTERNATIONAL SCHOOL
Head/Principal Name: ADITYA KUMAR SHARMA","Address : NH-7, JABALPUR ROAD, JHINJHARI, KATNI
Website : https://WWW.SYNAINTERNATIONAL.EDU.IN"
956,"Aff. No. :1020188
Sch. Code:52198","State : MADHYA PRADESH
District : KATNI",Secondary Level,"Name : ORDNANCE FACTORY HIGH SCHOOL KATNI , M.P.
Head/Principal Name: TIKAM LAL THAKUR","Address : EAST LAND, SUBHASH NAGAR , ORDNANCE FACTORY ESTATE KATNI, ORDNANCE FACTORY KATNI, M.P.
Website : www.ddpdoo.gov.in/units/ofsofkat"
957,"Aff. No. :1030010
Sch. Code:50076","State : MADHYA PRADESH
District : KATNI",Senior Secondary Level,"Name : D A V ACC PUBLIC SCHOOL
Head/Principal Name: G K UDGATA","Address : KYMORE KATNI DISTT MADHYA PRADESH
Website : www.davacckymore.org"
958,"Aff. No. :1030035
Sch. Code:50075","State : MADHYA PRADESH
District : KATNI",Senior Secondary Level,"Name : DAV CENTENARY PUBLIC SCHOOL
Head/Principal Name: SHIVENDRA KUMAR SRIVASTAVA","Address : KUTESHWAR PO BARHI (BSL) VIA. BARHI, DISTT. KATNI MADHYA PRADESH
Website : http://davschoolkuteshwar.in/"
959,"Aff. No. :1020079
Sch. Code:52066","State : MADHYA PRADESH
District : KATNI",Senior Secondary Level,"Name : GOVT. KANYA SHIKSHA PARISAR KATNI
Head/Principal Name: SHATRUGHAN PRASAD TRIPATHI","Address : GOVT. KANYA SHIKSHA PARISAR KATNI SARASWAHI POST- PADARIYA
Website : https://www.tribal.mp.gov.in/CMS"
960,"Aff. No. :1000071
Sch. Code:54104","State : MADHYA PRADESH
District : KATNI",Senior Secondary Level,"Name : PM SHRI KENDRIYA VIDYALAYA (RAILWAY)
Head/Principal Name: PANKAJ KUMAR JAIN","Address : NEW KATNI JUNCTION KATNI MADHYA PRADESH
Website : https://no.2katni.kvs.ac.in"
961,"Aff. No. :1000017
Sch. Code:54103","State : MADHYA PRADESH
District : KATNI",Senior Secondary Level,"Name : PM SHRI KENDRIYA VIDYALAYA NO 1
Head/Principal Name: AKANKSHA SAMUEL","Address : ORDNANCE FACTORY EASTLAND ESTATE P O KATNI MADHYA PRADESH
Website : https://no1ofkatni.kvs.ac.in"
962,"Aff. No. :1030138
Sch. Code:50077","State : MADHYA PRADESH
District : KATNI",Senior Secondary Level,"Name : J P V DAV PUBLIC SCHOOL
Head/Principal Name: SANJIVA KUMAR SINHA","Address : NEAR FCI GODOWN PURANI PO CHAKA KATNI MADHYA PRADESH
Website : www.jpvdavps.ac.in"
963,"Aff. No. :1030106
Sch. Code:50073","State : MADHYA PRADESH
District : KATNI",Senior Secondary Level,"Name : BARDSLEY ENGLISH MEDIUM HIGHER SECONDARY SCHOOL
Head/Principal Name: ATUL ANUPAM ABRAHAM","Address : KATNI MADHYA PRADESH
Website : www.bardsleyschool.com"
964,"Aff. No. :1030081
Sch. Code:50074","State : MADHYA PRADESH
District : KATNI",Senior Secondary Level,"Name : DAV CALDERYS PUBLIC SCHOOL
Head/Principal Name: SANJANA MADHUKAR","Address : (REFRACTORY WORKS) KATNI, MADHYA PRADESH- 483504
Website : www.davkatni.org"
965,"Aff. No. :1030286
Sch. Code:50257","State : MADHYA PRADESH
District : KHANDWA",Senior Secondary Level,"Name : BHANDARI PUBLIC SCHOOL
Head/Principal Name: Shyam Singh Chauhan","Address : MALIPURA NEAR B T COLLEGE KHANDWA MADHYA PRADESH
Website : www.bhandarischool.com"
966,"Aff. No. :1000070
Sch. Code:54132","State : MADHYA PRADESH
District : KHANDWA",Senior Secondary Level,"Name : KENDRIYA VIDYALAYA
Head/Principal Name: SUNITA JARWAL","Address : NHDC NARMADA NAGAR KHANDWA DISTT MADHYA PRADESH
Website : www.narmadanagar.kvs.ac.in"
967,"Aff. No. :1000041
Sch. Code:54105","State : MADHYA PRADESH
District : KHANDWA",Senior Secondary Level,"Name : PM SHRI KENDRIYA VIDYALAYA
Head/Principal Name: DHANIRAM PATEL","Address : HARSUD NAKA ROAD KHANDWA MADHYA PRADESH
Website : www.khandwa.kvs.ac.in"
968,"Aff. No. :1020019
Sch. Code:52021","State : MADHYA PRADESH
District : KHANDWA",Senior Secondary Level,"Name : EKLAVYA MODEL RESIDENTIAL SCHOOL
Head/Principal Name: SACHI CHAUDHARY","Address : ROSHNI, DISTT. KHANDWA MADHYA PRADESH
Website : http://www.emrsroshni.in"
969,"Aff. No. :1020077
Sch. Code:","State : MADHYA PRADESH
District : KHANDWA",Senior Secondary Level,"Name : GOVT KANYA SIKSHA PARISHAR ASHAPUR
Head/Principal Name: MR. SOHAN SINGH TOMAR","Address : GOVT KANYA SIKSHA PARISHAR KHANDWA ROAD ASHAPUR TEHSIL KHALWA DIST KHANDWA
Website : www.Osms.Mponline.Gov.In/govtkanyasikshaparish"
970,"Aff. No. :1020061
Sch. Code:52060","State : MADHYA PRADESH
District : KHANDWA",Senior Secondary Level,"Name : GOVERNMENT MODEL RESIDENTIAL HIGHER SECONDARY SCHOOL, ASHAPUR, DIST. KHANDWA
Head/Principal Name: Arjun Sing Meena","Address : GOVERNMENT MODEL RESIDENTIAL HIGHER SECONDARY SCHOOL, ASHAPUR,VILLAGE JOGIBEDA,TEHSIL & BLOCK KHALWA, DIST. KHANDWA
Website : http://govtmreshssashapur.in"
971,"Aff. No. :1030410
Sch. Code:50375","State : MADHYA PRADESH
District : KHANDWA",Senior Secondary Level,"Name : SOPHIA CONVENT SCHOOL
Head/Principal Name: Sr CELINE LASRADO","Address : INDORE ROAD, KHANDWA
Website : www.sophiakhandwa.ac.in"
972,"Aff. No. :1030478
Sch. Code:50443","State : MADHYA PRADESH
District : KHANDWA",Senior Secondary Level,"Name : HOLY SPIRIT CONVENT SCHOOL
Head/Principal Name: ROSE ANTONY","Address : VATSLA VIHAR, CIVIL LINE KHANDWA (M.P.)
Website : www.holyspiritkhandwa.in"
973,"Aff. No. :1030445
Sch. Code:50410","State : MADHYA PRADESH
District : KHANDWA",Senior Secondary Level,"Name : QUADERIA BURHANI ENGLISH HIGHER SECONDARY SCHOOL
Head/Principal Name: ZAINAB ALI RADIOWALA","Address : ITWARA MAIN ROAD, TEH. BURHANPUR, DISTT. KHANDWA
Website : www.qbsburhanpur.com"
974,"Aff. No. :1030443
Sch. Code:50408","State : MADHYA PRADESH
District : KHANDWA",Senior Secondary Level,"Name : ST. PIUS HIGHER SECONDARY SCHOOL
Head/Principal Name: MAHIMAI RAPHAEL VICTORIA J","Address : ANAND NAGAR, DISTT KHANDWA, MADHYA PRADESH
Website : www.stpiuskhandwa.com"
975,"Aff. No. :1030437
Sch. Code:50402","State : MADHYA PRADESH
District : KHANDWA",Senior Secondary Level,"Name : ST.JOSEPH'S CONVENT H.S.SCHOOL
Head/Principal Name: SR SHINI MATHEW","Address : CIVIL LINES, DISTT KHANDWA, MADHYA PRADESH-450001
Website : http://sjckhandwa.in/"
976,"Aff. No. :1030709
Sch. Code:50674","State : MADHYA PRADESH
District : KHANDWA",Senior Secondary Level,"Name : ANGELS PLANET SCHOOL
Head/Principal Name: DONNA EIMS","Address : GRAM BHANDARIYA, HARSUD ROAD, KHANDWA (M.P.)
Website : www.angelsplanet.in"
977,"Aff. No. :1030702
Sch. Code:50664","State : MADHYA PRADESH
District : KHANDWA",Senior Secondary Level,"Name : ST.AUGUSITNES (E.M.) HIGH SCHOOL SCHOOL
Head/Principal Name: JAIN PASKA MARY S","Address : PUNASA DIST-KHANDWA (M.P.)
Website : www.staugustinepunasa.org"
978,"Aff. No. :1030861
Sch. Code:50824","State : MADHYA PRADESH
District : KHANDWA",Senior Secondary Level,"Name : KRISHNA ACADEMY HIGH SCHOOL
Head/Principal Name: H SUBRAMANYAM IYER","Address : OPPOSITE. ANAJ MANDI, GRAM PANDHANA
Website : http://krishnaacademypandhana.com"
979,"Aff. No. :1030825
Sch. Code:50789","State : MADHYA PRADESH
District : KHANDWA",Senior Secondary Level,"Name : VIDYAKUNJ INTERNATIONAL SCHOOL, KHANDWA
Head/Principal Name: PALLAVI MALVIYA","Address : NEAR KISHORE SMARAK, INDORE ROAD, KHANDWA
Website : https://www.vidyakunj.in/"
980,"Aff. No. :1030804
Sch. Code:50773","State : MADHYA PRADESH
District : KHANDWA",Secondary Level,"Name : PODAR INTERNATIONAL SCHOOL
Head/Principal Name: SAMEERA BAKHT","Address : NAVKAR NAGAR, BEHIND HOTEL AASHIRWAD, INDORE ROAD, KHANDWA
Website : https://www.podareducation.org/school/khandwa"
981,"Aff. No. :1031011
Sch. Code:50977","State : MADHYA PRADESH
District : KHANDWA",Senior Secondary Level,"Name : REWOTTAMA INTERNATIONAL SCHOOL
Head/Principal Name: Bhupendra Singh Panwar","Address : KENUD ROAD, MUNDI
Website : http://rewottamainternationalschool.com"
982,"Aff. No. :1031207
Sch. Code:51225","State : MADHYA PRADESH
District : KHANDWA",Senior Secondary Level,"Name : MACRO VISION SCHOOL
Head/Principal Name: PAYAL PATEL","Address : BESIDE AGARWAL FLOUR MILL INDORE ROAD KHANDWA
Website : www.macrovisionknw.com"
983,"Aff. No. :1031445
Sch. Code:51462","State : MADHYA PRADESH
District : KHANDWA",Secondary Level,"Name : SCHOLARS DEN HIGHER SECONDARY SCHOOL
Head/Principal Name: MILAN WANKHEDE","Address : JAWAR MUNDI ROAD, SIHADA, KHANDWA
Website : https://www.scholarsdenschool.in/"
984,"Aff. No. :1040027
Sch. Code:54032","State : MADHYA PRADESH
District : KHANDWA",Senior Secondary Level,"Name : JAWAHAR NAVODAYA VIDYALAYA
Head/Principal Name: SUNIL KUMAR SHARMA","Address : PANDHANA DISTT KHANDWA MADHYA PRADESH
Website : https://navodaya.gov.in/nvs/nvs-school/KHANDWA/en/"
985,"Aff. No. :1031383
Sch. Code:51400","State : MADHYA PRADESH
District : KHANDWA",Secondary Level,"Name : BAL BHARATI PUBLIC SCHOOL
Head/Principal Name: JYOTI GUPTA","Address : SIWARIYA TOWNSHIP SIWARIYA, SHREE SINGAJI THERMAL POWER PLANT, KHANDWA
Website : https://bbpskhandwa.balbharati.org/"
986,"Aff. No. :1031252
Sch. Code:51271","State : MADHYA PRADESH
District : KHANDWA",Senior Secondary Level,"Name : FLYING COLORS ACADEMY
Head/Principal Name: PRASHANT TIWARI","Address : NEW HARSUD, DIST.- KHANDWA M.P
Website : www.flyingcolorsacademy.net"
987,"Aff. No. :1031297
Sch. Code:51315","State : MADHYA PRADESH
District : KHARGONE",Secondary Level,"Name : BIORE PUBLIC SCHOOL
Head/Principal Name: MANISH DESHMUKH","Address : TEH KASRAWAD, DIST KHARGONE
Website : bioreschool@.in"
988,"Aff. No. :1031315
Sch. Code:51332","State : MADHYA PRADESH
District : KHARGONE",Senior Secondary Level,"Name : THE ADVENT ACADEMY
Head/Principal Name: S L GORYA","Address : GRAM NAVGHATKHEDI, TH BADWAHA
Website : https://www.theadventacademy.org"
989,"Aff. No. :1031385
Sch. Code:51402","State : MADHYA PRADESH
District : KHARGONE",Secondary Level,"Name : BHANDARI PUBLIC INTERNATIONAL SCHOOL
Head/Principal Name: SWAPAN KARUNAMAY SINHA","Address : RAJPURA ROAD, KHARGONE, KHARGONE
Website : https://bpis.in/"
990,"Aff. No. :1031363
Sch. Code:51381","State : MADHYA PRADESH
District : KHARGONE",Senior Secondary Level,"Name : BKG INTERNATIONAL SCHOOL
Head/Principal Name: Pallavi Dawande","Address : SANAWAD ROAD, KHARGONE
Website : https://bkginternationalschool.in/"
991,"Aff. No. :1031341
Sch. Code:51358","State : MADHYA PRADESH
District : KHARGONE",Senior Secondary Level,"Name : SHRI VYANKATESH PUBLIC SCHOOL
Head/Principal Name: BHAVANA JAIN","Address : KASRAWAD, KHARGONE
Website : https://www.svps.edu.in/"
992,"Aff. No. :1031345
Sch. Code:51362","State : MADHYA PRADESH
District : KHARGONE",Senior Secondary Level,"Name : SANSKAR INTERNATIONAL ACADEMY
Head/Principal Name: Shivam Jaiswal","Address : VILLAGE-BADGOAN, TEHSIL-GOGAWAN
Website : https://www.siakhargone.in/"
993,"Aff. No. :1031356
Sch. Code:51374","State : MADHYA PRADESH
District : KHARGONE",Senior Secondary Level,"Name : AADITYA VIDYA VIHAR INTERNATIONAL SCHOOL
Head/Principal Name: GAURAV GANGULI","Address : KASRAWAD ROAD, KHARGONE
Website : https://aadityainternationalschool.in"
994,"Aff. No. :1040022
Sch. Code:54033","State : MADHYA PRADESH
District : KHARGONE",Senior Secondary Level,"Name : JAWAHAR NAVODAYA VIDYALAYA
Head/Principal Name: GAJENDRA KUMAR GHOGREY","Address : JUNA PANI (SANAVAD) DISTT KHARGONE MADHYA PRADESH
Website : https://www.navodaya.gov.in/nvs/nvs-school/KHARGON"
995,"Aff. No. :1031404
Sch. Code:51421","State : MADHYA PRADESH
District : KHARGONE",Senior Secondary Level,"Name : GREEN VALLEY HIGHER SECONDARY SCHOOL
Head/Principal Name: DR. PRADEEP KUMAR SINGH","Address : KANAPUR,, BADWAH, SANAWAD, KHARGONE
Website : https://greenvalleykanapur.in"
996,"Aff. No. :1031419
Sch. Code:51436","State : MADHYA PRADESH
District : KHARGONE",Secondary Level,"Name : MAA UMIYA GIRLS ACADEMY
Head/Principal Name: LALIT PATIDAR","Address : MAHESHWAR ROAD, 255/2, MANDLESHWAR, DIST KHARGONE, (M.P)
Website : http://maaumiyagirlsacademy.com/"
997,"Aff. No. :1031195
Sch. Code:51216","State : MADHYA PRADESH
District : KHARGONE",Secondary Level,"Name : VAGDEVI VIDYAPEETH
Head/Principal Name: JAYESH PARSAI","Address : B.T.I. ROAD,NEW G.D.C.ROAD,NEAR ANAND NAGAR
Website : www.vidyapeeth.net"
998,"Aff. No. :1031213
Sch. Code:51231","State : MADHYA PRADESH
District : KHARGONE",Senior Secondary Level,"Name : SANT SIYARAM INTERNATIONAL SCHOOL
Head/Principal Name: ARPIT JAIN","Address : POST-KANAPUR
Website : www.santsiyaramschool.in"
999,"Aff. No. :1031125
Sch. Code:51097","State : MADHYA PRADESH
District : KHARGONE",Senior Secondary Level,"Name : BAL BHARATI PUBLIC SCHOOL
Head/Principal Name: NEERU TALWAR","Address : BAL BHARATI PUBLIC SCHOOL,NTPC SELDA TOWNSHIP,VILLAGE SELDA,POST KHEDI BUJURG
Website : https://bbpskhargone.balbharati.org"
1000,"Aff. No. :1031104
Sch. Code:51082","State : MADHYA PRADESH
District : KHARGONE",Secondary Level,"Name : FUTURE FLYING SCHOOL
Head/Principal Name: AMIT PAGARE","Address : HARIOM DHAM, BEHRAMPUR FATA, TEMA,
Website : www.futureflyingscool.in"
1001,"Aff. No. :1031099
Sch. Code:51076","State : MADHYA PRADESH
District : KHARGONE",Secondary Level,"Name : GYANKUNJ INTERNATIONAL SCHOOL
Head/Principal Name: SANJAY JOSHI","Address : GRAM BADGAON, TEHSIL GOGAWA, KHARGONE
Website : http://gyankunjinternationalschool.com"
1002,"Aff. No. :1031032
Sch. Code:50998","State : MADHYA PRADESH
District : KHARGONE",Secondary Level,"Name : PREMPRAKASH INTERNATIONAL SCHOOL
Head/Principal Name: Vinod Kumar Kanere","Address : RUPALA BAGOD BLOCK BARWAHA DISTRICT KHARGONE
Website : www.premprakashinternationalschool.org"
1003,"Aff. No. :1030957
Sch. Code:50918","State : MADHYA PRADESH
District : KHARGONE",Senior Secondary Level,"Name : SARDAR PATEL INTERNATIONAL SCHOOL
Head/Principal Name: BHAWANA PATIDAR","Address : SARDAR PATEL INTERNATIONAL SCHOOL CHOLI ROAD, MANDLESHWAR, DISTRICT KHARGONE (M.P.) - 451221
Website : www.spismdl.co.in"
1004,"Aff. No. :1030955
Sch. Code:50917","State : MADHYA PRADESH
District : KHARGONE",Senior Secondary Level,"Name : PARENTS PRIDE INTERNATIONAL SCHOOL
Head/Principal Name: Varsha Tripathi","Address : SURVEY NO. 171/1, KHUDGAON(SANAWAD), DIST. KHARGONE
Website : www.ppissanawad.in"
1005,"Aff. No. :1030984
Sch. Code:50949","State : MADHYA PRADESH
District : KHARGONE",Secondary Level,"Name : SHREE BALAJI ACADEMY
Head/Principal Name: SUNNY JACOB","Address : KASRAWAD ROAD, BHATUD, DUDGAON
Website : www.shreebalajiacademy.org"
1006,"Aff. No. :1030990
Sch. Code:50946","State : MADHYA PRADESH
District : KHARGONE",Senior Secondary Level,"Name : SAIFIYAH HIGHER SECONDARY SCHOOL
Head/Principal Name: AMMAR HUSAIN LOHA WALA","Address : 46, B.T.I ROAD, NEAR ANAND NAGAR, KHARGAON
Website : https://www.shsattalim.net/"
1007,"Aff. No. :1030833
Sch. Code:50798","State : MADHYA PRADESH
District : KHARGONE",Secondary Level,"Name : NAVIN VAISHNAV VIDHYAMANDIR, KHARGONE
Head/Principal Name: AJAY KUMAR GUPTA","Address : JULWANIA ROAD, BEHIND SUTMILL, KHARGONE.
Website :"
1008,"Aff. No. :1030857
Sch. Code:50818","State : MADHYA PRADESH
District : KHARGONE",Secondary Level,"Name : GLOBAL CONCEPT SCHOOL
Head/Principal Name: Rahul Goyal","Address : KODLIYA KHEDI ROAD
Website : www.globalconceptschool.in"
1009,"Aff. No. :1030855
Sch. Code:50823","State : MADHYA PRADESH
District : KHARGONE",Senior Secondary Level,"Name : SHREE GURUKUL SCHOOL
Head/Principal Name: Saji Mathew","Address : CHICHLAY ROAD, BEHIND GOVT. COLLEGE
Website : www.shreegurukulschool.com"
1010,"Aff. No. :1030895
Sch. Code:50860","State : MADHYA PRADESH
District : KHARGONE",Secondary Level,"Name : RUKMANI ACADEMY
Head/Principal Name: Shyam Ratoriya","Address : OPP. GAYATRI MANDIR, BANHER ROAD, BISTAN.
Website :"
1011,"Aff. No. :1030707
Sch. Code:50669","State : MADHYA PRADESH
District : KHARGONE",Senior Secondary Level,"Name : GURUKUL SANAWAD
Head/Principal Name: Lavkush Singh Chauhan","Address : SOLANKI COLONY, SANAWAD, TEH. SANAWAD, DIST. KHARGONE (M.P.)
Website : http://gurukulsanawad.com/"
1012,"Aff. No. :1030681
Sch. Code:50642","State : MADHYA PRADESH
District : KHARGONE",Senior Secondary Level,"Name : DEVI RUKMANI HIGHER SECONDARY SCHOOL,
Head/Principal Name: SHALINI RATORIA","Address : BISTAN ROAD, KHARGAON
Website : http://rukmanigroupkgn.org/KHARGONE/"
1013,"Aff. No. :1030766
Sch. Code:50731","State : MADHYA PRADESH
District : KHARGONE",Senior Secondary Level,"Name : THE CREATIVE PUBLIC HIGHER SECONDARY SCHOOL
Head/Principal Name: Rajesh Gupta","Address : GOPALPURA, KHANDWA ROAD KHARGONE (M.P)
Website : www.thecreativepublichrsecschool.co.in"
1014,"Aff. No. :1030714
Sch. Code:50678","State : MADHYA PRADESH
District : KHARGONE",Senior Secondary Level,"Name : KRISHNA ACADEMY
Head/Principal Name: UMESH SONI","Address : NEAR KARONDIYA GATE, MAIN ROAD, DHARGAON, DIST. KHARGONE
Website : www.krishnaacademydhargaon.com"
1015,"Aff. No. :1030733
Sch. Code:50697","State : MADHYA PRADESH
District : KHARGONE",Senior Secondary Level,"Name : NIRMAL VIDHYAPEETH
Head/Principal Name: ASHISH JHA","Address : NIRMAL MENSHION, MAHAVIR COLONY, BARWAHA
Website : www.nirmalvidhyapeeth.in"
1016,"Aff. No. :1030469
Sch. Code:50437","State : MADHYA PRADESH
District : KHARGONE",Senior Secondary Level,"Name : PATRA GURUKUL INTERNATIONAL SCHOOL,
Head/Principal Name: PURUSHOTTAM RAO YELE","Address : BEHIND KAPAS MANDI, MAHESHWAR ROAD, BARWAHA (M.P.)
Website : www.patragurukul.com"
1017,"Aff. No. :1030466
Sch. Code:50431","State : MADHYA PRADESH
District : KHARGONE",Senior Secondary Level,"Name : ST. MARY'S HR. SEC. SCHOOL
Head/Principal Name: LEEMA SHEELAKETHRIN","Address : NARMADA ROAD, BEHIND GOVT. COLLEGE, BARWAHA
Website : www.stmarysbarwaha.in"
1018,"Aff. No. :1030400
Sch. Code:50366","State : MADHYA PRADESH
District : KHARGONE",Senior Secondary Level,"Name : SANDIPANI ACADEMY, MANDLESHWAR
Head/Principal Name: KAMLESH C JOSHI","Address : MAHESHWAR ROAD, MANDLESHWAR, KHARGAON,
Website : www.sandipaniacademy.org/"
1019,"Aff. No. :1030590
Sch. Code:50556","State : MADHYA PRADESH
District : KHARGONE",Senior Secondary Level,"Name : LAKSHYA INTERNATIONAL SCHOOL
Head/Principal Name: PRASHANT DONGRE","Address : VILLAGE GOULA, MAHESHWAR DISTRICT KHARGONE (MP) 451224
Website :"
1020,"Aff. No. :1030615
Sch. Code:50583","State : MADHYA PRADESH
District : KHARGONE",Senior Secondary Level,"Name : EDUCATION PARK
Head/Principal Name: Sudhir Mehrolia","Address : EDUCATION PARK, KHARGONE ROAD BHIKANGAON, PIN-451331 DIST: KHARGONE, MP
Website : http://www.edupark.org"
1021,"Aff. No. :1030611
Sch. Code:50578","State : MADHYA PRADESH
District : KHARGONE",Senior Secondary Level,"Name : SANSKAR ACADEMY
Head/Principal Name: Ashwin Trivedi","Address : 147, A.B. ROAD, GRAM - LENDIPURA
Website : www.sanskaarthikri.com"
1022,"Aff. No. :1030604
Sch. Code:50573","State : MADHYA PRADESH
District : KHARGONE",Senior Secondary Level,"Name : AADITYA VIDYA VIHAR HIGHER SECONDARY SCHOOL
Head/Principal Name: MR AMAN SACHAN","Address : KHANDWA ROAD, KHARGONE
Website : www.aadityavidyavihar.in"
1023,"Aff. No. :1020060
Sch. Code:52076","State : MADHYA PRADESH
District : KHARGONE",Senior Secondary Level,"Name : GOVT.EKLAVYA MODEL RESIDENTIAL SCHOOL ZIRNIYA
Head/Principal Name: REKHA RANI","Address : EKLAVYA MODEL RESIDENTIAL SCHOOL ZIRNIYA, DIST.KHARGONE MP
Website : www.emrsjhiranya.org.in"
1024,"Aff. No. :1020051
Sch. Code:52077","State : MADHYA PRADESH
District : KHARGONE",Senior Secondary Level,"Name : GOVT KANYA SHIKSHA PARISAR MAHESHWAR
Head/Principal Name: M L BAMNIYA","Address : KANYA SHIKSHA PARISAR MAHESHWAR DHAPLA ROAD MAHESHWAR
Website : www.kspmaheshwar.in"
1025,"Aff. No. :1020032
Sch. Code:","State : MADHYA PRADESH
District : KHARGONE",Senior Secondary Level,"Name : GOVT. EKLAVYA MODEL RESIDENTIAL SCHOOLS
Head/Principal Name: .","Address : ZIRNIYA, KHARGONE, ZIRNIYA MADHYA PRADESH-451332
Website :"
1026,"Aff. No. :1020028
Sch. Code:52028","State : MADHYA PRADESH
District : KHARGONE",Senior Secondary Level,"Name : EKLAVYA MODEL RESIDENTIAL SCHOOL
Head/Principal Name: POOJA SHARMA","Address : DIST. KHARGONE, MADHYA PRADESH
Website : www.emrskhargone.in"
1027,"Aff. No. :1020093
Sch. Code:52104","State : MADHYA PRADESH
District : KHARGONE",Senior Secondary Level,"Name : GOVT.ADARSH AWASIYA H.S.S KHARGONE
Head/Principal Name: ALOK SHRIVASTAVA","Address : VILL BHADLI ,KASRAWAD ROAD KHARGONE
Website : www.gaahsskhargone.org.in"
1028,"Aff. No. :1020106
Sch. Code:52116","State : MADHYA PRADESH
District : KHARGONE",Senior Secondary Level,"Name : KANYA SHIKSHA PARISAR KHARGONE
Head/Principal Name: ALOK KUMAR SHRIVASTAVA","Address : KANYA SHIKSHA PARISAR KHARGONE, OLD GIRLS COLLEGE BUILDING, TILAK PATH KHARGONE
Website : http://kanyashikshaparisarkgn.in"
1029,"Aff. No. :1020122
Sch. Code:52132","State : MADHYA PRADESH
District : KHARGONE",Senior Secondary Level,"Name : KANYA SHIKSHA PARISAR GOGAWA
Head/Principal Name: CHANCHALA KANUNGO","Address : VILL BHADLI ,KASRAWAD ROAD KHARGONE
Website : www.kspgogawa.in"
1030,"Aff. No. :1000099
Sch. Code:54160","State : MADHYA PRADESH
District : KHARGONE",Senior Secondary Level,"Name : PM SHRI KENDRIYA VIDYALAYA KASRAWAD
Head/Principal Name: JAGDISH PRASAD BOHRE","Address : GOVT GIRLS HIGHER SECONDARY SCHOOL INDE ROAD KASRAWAD KASRAWAD MADHYA PRADESH ,KHARGONE, 451228
Website : www.kasrawad.kvs.ac.in"
1031,"Aff. No. :1000051
Sch. Code:54108","State : MADHYA PRADESH
District : KHARGONE",Senior Secondary Level,"Name : PM SHRI KENDRIYA VIDYALAYA
Head/Principal Name: BHARAT KUMAR BACHLE","Address : C I S F COMPLEX BARWAHA DISTT. KHARGONE MADHYA PRADESH
Website : https://cisfbarwaha.kvs.ac.in"
1032,"Aff. No. :1000030
Sch. Code:54107","State : MADHYA PRADESH
District : KHARGONE",Senior Secondary Level,"Name : PM SHRI KENDRIYA VIDYALAYA KHARGONE
Head/Principal Name: Annu Bhai Patel","Address : KASARAWAD ROAD KHARGONE MADHYA PRADESH
Website : www.khargone.kvs.ac.in"
1033,"Aff. No. :1030300
Sch. Code:50268","State : MADHYA PRADESH
District : KHARGONE",Senior Secondary Level,"Name : PARAMOUNT ACADEMY
Head/Principal Name: AKHILESH PATIDAR","Address : KHARGAON ROAD KASRAWAD KHARGAON MADHYA PRADESH
Website : http://paramountacademy.org/Home-Kasrawad.htm"
1034,"Aff. No. :1030219
Sch. Code:50195","State : MADHYA PRADESH
District : KHARGONE",Senior Secondary Level,"Name : MAHARISHI VIDYA MANDIR
Head/Principal Name: NITIN SOLANKI","Address : BISTAN ROAD, KHARGONE DIST. MADHYA PRADESH
Website : www.mvmkhargone.org"
1035,"Aff. No. :1030212
Sch. Code:50298","State : MADHYA PRADESH
District : KHARGONE",Senior Secondary Level,"Name : GOKULDASS PUBLIC SCHOOL
Head/Principal Name: MANDALA VEDAVATI","Address : NEAR DEJLA DEWDA COLONY BISTAN ROAD KHARGAON MADHYA PRADESH
Website : www.gps.edu.in"
1036,"Aff. No. :1030247
Sch. Code:50220","State : MADHYA PRADESH
District : KHARGONE",Senior Secondary Level,"Name : NARMADA VALLEY INTERNATIONAL SCHOOL
Head/Principal Name: AMITA SHARMA","Address : MAHESHWAR ROAD BARWAHA DISTT KHARGAON MADHYA PRADESH
Website : www.nvisbarwaha.in"
1037,"Aff. No. :1030249
Sch. Code:50321","State : MADHYA PRADESH
District : KHARGONE",Senior Secondary Level,"Name : DRASHTI PUBLIC SCHOOL
Head/Principal Name: SUNIL KUMAR JAIN","Address : MELA PIRANPIR ROAD SANAWAD DISTT KHARGAON MADHYA PRADESH
Website :"
1038,"Aff. No. :1030241
Sch. Code:50217","State : MADHYA PRADESH
District : KHARGONE",Senior Secondary Level,"Name : KANWARTARA PUBLIC HR SEC SCHOOL
Head/Principal Name: BHARAT BHUSHAN VYAS","Address : SRI NAGAR COLONEY MANDLESHWAR KHARGAON MP
Website : www.shrikanwartara.net"
1039,"Aff. No. :1030234
Sch. Code:50210","State : MADHYA PRADESH
District : KHARGONE",Senior Secondary Level,"Name : VIMLA CONVENT HIGHER SECONDARY SCHOOL
Head/Principal Name: CICILY PT PUTHUR","Address : SANAWAD KHARGAON MADHYA PRADESH
Website : www.vimalaconventcbse.org"
1040,"Aff. No. :1030064
Sch. Code:50078","State : MADHYA PRADESH
District : KHARGONE",Senior Secondary Level,"Name : VIVEKANAND VIDYA VIHAR
Head/Principal Name: Rashmi Kaushal Baveja","Address : P.O. MORAL SAROVAR VILL NIMRANI AGRA BOMBAY ROAD N.H.NO 3 DISTT KHARGONE MADHYA PRADESH
Website : www.vvvmol.com"
1041,"Aff. No. :1030166
Sch. Code:50139","State : MADHYA PRADESH
District : KHARGONE",Senior Secondary Level,"Name : ST JUDE HIGHER SECONDARY SCHOOL
Head/Principal Name: SR. TERESA DSOUZA","Address : MANGRUL ROAD KHAREGONE MADHYA PRADESH
Website : www.sjskhargone.ac.in"
1042,"Aff. No. :1030093
Sch. Code:50081","State : MADHYA PRADESH
District : MANDLA",Senior Secondary Level,"Name : MAHARISHI VIDYA MANDIR
Head/Principal Name: Mamta Sharma","Address : BINJHAIA KATRA JABALPUR ROAD MANDLA MADHYA PRADESH
Website : www.mvmmandla.org"
1043,"Aff. No. :1030251
Sch. Code:50225","State : MADHYA PRADESH
District : MANDLA",Senior Secondary Level,"Name : MONT FORT HIGH SCHOOL
Head/Principal Name: BINU CHERIYAN","Address : RAJIV NAGAR MANDLA MADHYA PRADESH
Website : https://www.montfortmandla.in"
1044,"Aff. No. :1000077
Sch. Code:54138","State : MADHYA PRADESH
District : MANDLA",Senior Secondary Level,"Name : PM SHRI KENDRIYA VIDYALAYA
Head/Principal Name: R S ULADI","Address : DINDORI ROAD, MANDLA, MADHYA PRADESH
Website : https://mandla.kvs.ac.in"
1045,"Aff. No. :1020001
Sch. Code:52002","State : MADHYA PRADESH
District : MANDLA",Senior Secondary Level,"Name : EKLAVYA MODEL RESIDENTIAL SCHOOL
Head/Principal Name: POONAM SINGHAL","Address : SIJHORA DISTT MANDLA MP
Website : www.emrssijhora.in"
1046,"Aff. No. :1020117
Sch. Code:52127","State : MADHYA PRADESH
District : MANDLA",Senior Secondary Level,"Name : KANYA SHIKSHA PARISAR MOHGAON
Head/Principal Name: ER AJAY SHARMA","Address : VILLAGE -KHARRACHHAPAR POST- PEEPARDARRA BLOCK- MOHGAON DIST. -MANDLA
Website : http://kspmohgaonmdl.org/"
1047,"Aff. No. :1020163
Sch. Code:52173","State : MADHYA PRADESH
District : MANDLA",Secondary Level,"Name : EKLAVYA MODEL RESIDENTIAL SCHOOL
Head/Principal Name: Monika Rohilla","Address : TAHSIL -NIWAS, NIWAS
Website : http://www.emrsniwas.com"
1048,"Aff. No. :1020164
Sch. Code:52174","State : MADHYA PRADESH
District : MANDLA",Secondary Level,"Name : EKLAVYA ADARSH AWASIYA VIDYALAYA NARAYANGANJ
Head/Principal Name: MANOJ KUMAR","Address : BLOCK NARAYANGANJ, TEHSIL NARAYANGANJ
Website : http://osms.mponline.gov.in/EKLAVYANARAYANGANJ"
1049,"Aff. No. :1020165
Sch. Code:52175","State : MADHYA PRADESH
District : MANDLA",Secondary Level,"Name : GOVT EKLAVYA ADARSH AWASIYA VIDYALAYA GHUGHARI
Head/Principal Name: Meenu Guleria","Address : GHUGHARI, MANDLA
Website : https://osms.mponline.gov.in/EMRSGHUGHARI"
1050,"Aff. No. :1020070
Sch. Code:52045","State : MADHYA PRADESH
District : MANDLA",Senior Secondary Level,"Name : KANYA SHIKSHA PARISAR MANDLA
Head/Principal Name: NIVEDITA UIKEY","Address : VILLAGE - CHATUAMAR, POST-KATRA BLOCK & DIST. -MANDLA PIN- 481661
Website : http://www.mandla.kspschool.com"
1051,"Aff. No. :1020055
Sch. Code:52038","State : MADHYA PRADESH
District : MANDLA",Senior Secondary Level,"Name : KANYA SHIKSHA PARISAR
Head/Principal Name: KAILASH CHANDRA GUPTA","Address : VILLAGE & POST -BIJADANDI
Website : www.kspbijadandi.com"
1052,"Aff. No. :1020030
Sch. Code:52029","State : MADHYA PRADESH
District : MANDLA",Senior Secondary Level,"Name : EKLAVYA MODEL RESIDENTIAL SCHOOL ACHALI MANDLA
Head/Principal Name: REENA","Address : ACHALI MANDLA, MADHYA PRADESH- 481661
Website : www.emrsmandla.in"
1053,"Aff. No. :1020036
Sch. Code:52053","State : MADHYA PRADESH
District : MANDLA",Secondary Level,"Name : KANYA SHIKSHA PARISAR BICHHIYA
Head/Principal Name: ATAM JIT SINGH AHLUWALIA","Address : village- padariya post- bichhiya block- bichhiya dist.- mandla pin- 481995
Website : http://www.bichhiya.kspschool.com"
1054,"Aff. No. :1031129
Sch. Code:51131","State : MADHYA PRADESH
District : MANDLA",Senior Secondary Level,"Name : BRAIN CHILD ACADEMY
Head/Principal Name: Sweta Chourasia","Address : VILL. TIKARIA, BEHIND EKLAVYA SCHOOL, SEMARKHAPA, MANDLA
Website : www.brainchildmandla.com"
1055,"Aff. No. :1040032
Sch. Code:54035","State : MADHYA PRADESH
District : MANDLA",Senior Secondary Level,"Name : JAWAHAR NAVODAYA VIDYALAYA
Head/Principal Name: SUSHEEL KUMAR RAI","Address : PADMI DISTT. MANDLA MADHYA PRADESH
Website : https://www.navodaya.gov.in/nvs/nvs-school/MANDLA/"
1056,"Aff. No. :1031319
Sch. Code:51336","State : MADHYA PRADESH
District : MANDLA",Senior Secondary Level,"Name : NIRMALA SENIOR SECONDARY SCHOOL, MANDLA
Head/Principal Name: CLARA KUJUR","Address : LALIPUR, MANDLA, LALIPUR, MANDLA
Website : http://www.nirmalaschoolmandla.in"
1057,"Aff. No. :1031329
Sch. Code:51346","State : MADHYA PRADESH
District : MANDLA",Senior Secondary Level,"Name : BELLWETHER INTERNATIONAL SCHOOL
Head/Principal Name: Neena Sharma","Address : MANDLA, DIST MANDLA, MP
Website : http://bellwetherinternationalmandla.com/"
1058,"Aff. No. :1080015
Sch. Code:54014","State : MADHYA PRADESH
District : MANDLA",Senior Secondary Level,"Name : SOUTH EAST CENTRAL RAILWAY MIXED HR SEC SCHOOL
Head/Principal Name: NIRMAL KUMAR SHUKLA","Address : NAINPUR, DISTT. MANDLA, MADHYA PRADESH
Website : https://railwayschoolnainpur.in/home.php"
1059,"Aff. No. :1040042
Sch. Code:54057","State : MADHYA PRADESH
District : MANDSAUR",Senior Secondary Level,"Name : JAWAHAR NAVODAYA VIDYALAYA
Head/Principal Name: HARISHANKAR REGAR","Address : LADUNA AT SITAMAU DISTT MANDSAUR MP
Website : www.jnvmandsaur.org.in"
1060,"Aff. No. :1031325
Sch. Code:51342","State : MADHYA PRADESH
District : MANDSAUR",Senior Secondary Level,"Name : KABIR INTERNATIONAL SCHOOL
Head/Principal Name: Vijaya Ravi","Address : LUNAHEDA PHANTA, GUDBHELI,, DIST - MANDSAUR, MP
Website : http://www.kabirinternationalschool.com/"
1061,"Aff. No. :1031280
Sch. Code:51157","State : MADHYA PRADESH
District : MANDSAUR",Senior Secondary Level,"Name : SHRI VINAYAK CONVENT HIGHER SECONDARY SCHOOL DALAUDA
Head/Principal Name: SABU AUGUSTINE","Address : VILLAGE BANIKHEDI TEH. DALAUDA DIST. MANDSAUR
Website : www.shrivinayakschool.com"
1062,"Aff. No. :1031239
Sch. Code:51257","State : MADHYA PRADESH
District : MANDSAUR",Senior Secondary Level,"Name : DAFFODILS SMART SCHOOL
Head/Principal Name: PRIYA SHARMA","Address : PIPLIYAMANDI-MANASA ROAD, VILLAGE GUDBHELI, TEHSIL- MALHARGARH, DISTT. MANDSAUR (M.P.) - 458664
Website : www.daffodilssmartschool.com"
1063,"Aff. No. :1031348
Sch. Code:51365","State : MADHYA PRADESH
District : MANDSAUR",Secondary Level,"Name : SHRI NATH INTERNATIONAL SCHOOL
Head/Principal Name: Tejswini Patidar","Address : RICHA BACHA , MANDSAUR
Website : https://shrinathinternationalschool.com/"
1064,"Aff. No. :1031420
Sch. Code:51437","State : MADHYA PRADESH
District : MANDSAUR",Secondary Level,"Name : GANGA JUNIOR COLLEGE
Head/Principal Name: BIJU P V","Address : MAIN ROAD, DHAMNIYA DIWAN, SHAMGARH
Website : http://gangajuniorcollege.com/"
1065,"Aff. No. :1031470
Sch. Code:51488","State : MADHYA PRADESH
District : MANDSAUR",Secondary Level,"Name : SITAMAU PUBLIC SCHOOL
Head/Principal Name: BHARTI SONI","Address : SUWASRA ROAD, SITAMAU, SITAMAU
Website : https://sitamaupublicschool.in/"
1066,"Aff. No. :1031173
Sch. Code:51148","State : MADHYA PRADESH
District : MANDSAUR",Senior Secondary Level,"Name : DEXTER GLOBAL SCHOOL
Head/Principal Name: NEELIMA CHAUDHARY","Address : BEHIND UPJAIL, KAILASH MARG, MANDSAUR- 458001
Website : www.dexterglobal.org"
1067,"Aff. No. :1030960
Sch. Code:50924","State : MADHYA PRADESH
District : MANDSAUR",Senior Secondary Level,"Name : ALPHA INTERNATIONAL SCHOOL
Head/Principal Name: RAJESH TULSIRAM BHATT","Address : GAROTH ROAD, NEAR CHOUDHARY PUMP, SHAMGARH
Website : www.alphainternationalshamgarh.com"
1068,"Aff. No. :1030946
Sch. Code:50914","State : MADHYA PRADESH
District : MANDSAUR",Senior Secondary Level,"Name : SHREE J.K.PUBLIC SCHOOL
Head/Principal Name: PRATIBHA RUNWAL","Address : SITAMAU, DIST - MANDSAUR
Website : www.shreejkpublicschool.com"
1069,"Aff. No. :1000258
Sch. Code:54264","State : MADHYA PRADESH
District : MANDSAUR",Senior Secondary Level,"Name : KENDRIYA VIDYALAYA SHAMGARH
Head/Principal Name: RATAN KUMAR RANA","Address : GANDHINAGAR, SHAMGARH, DISTRICT MANDSAUR, MADHYA PRADESH
Website : https://shamgarh.kvs.ac.in"
1070,"Aff. No. :1000072
Sch. Code:54133","State : MADHYA PRADESH
District : MANDSAUR",Senior Secondary Level,"Name : PM SHRI KENDRIYA VIDYALAYA
Head/Principal Name: NILANJANI PRASAD","Address : RISHYANAND NAGAR MANDSAUR MADHYA PRADESH
Website : https://mandsaur.kvs.ac.in/"
1071,"Aff. No. :1030099
Sch. Code:50079","State : MADHYA PRADESH
District : MANDSAUR",Senior Secondary Level,"Name : ST. THOMAS SCHOOL
Head/Principal Name: SISTER ABHAYA","Address : SITA MAU FATAK MANDSAUR MADHYA PRADESH
Website : www.stthomasschool.co.in"
1072,"Aff. No. :1030116
Sch. Code:50080","State : MADHYA PRADESH
District : MANDSAUR",Senior Secondary Level,"Name : SMT KAMLA SAKLECHA GYAN MANDIR
Head/Principal Name: ARCHANA SINGH","Address : BHANPURA DISTT. MANDSAUR MADHYA PRADESH
Website : www.sksgyanmndir.org"
1073,"Aff. No. :1030189
Sch. Code:50166","State : MADHYA PRADESH
District : MANDSAUR",Senior Secondary Level,"Name : VATSALAYA PUBLIC SCHOOL
Head/Principal Name: DR AVINASH SHRIVASTAVA","Address : YASH NAGAR BEHING MEGHDOOT NAGAR MHOW NEEMUCH ROAD MANDSAUR MADHYA PRADESH
Website : www.vatsalyapublicschool.com"
1074,"Aff. No. :1030164
Sch. Code:50145","State : MADHYA PRADESH
District : MANDSAUR",Senior Secondary Level,"Name : GYAN VIHAR PUBLIC SCHOOL
Head/Principal Name: AKSHAYA SINGH KUSHWAH","Address : PO BHENSODA MANDI TEH BHANUPURA DISTT MANDSAUR MADHYA PRADESH
Website : http://www.gyanvihar.net"
1075,"Aff. No. :1030602
Sch. Code:50571","State : MADHYA PRADESH
District : MANDSAUR",Senior Secondary Level,"Name : MANDSAUR INTERNATIONAL SCHOOL
Head/Principal Name: Sayma Ashfaque","Address : B.R.N.C.O.P., CAMPUS, MHOW-NEEMUCH ROAD,NEAR KRISHI UPAJ MANDI,MANDSAUR,M.P., PINCODE-458001
Website : www.mism.edu.in"
1076,"Aff. No. :1030489
Sch. Code:50612","State : MADHYA PRADESH
District : MANDSAUR",Senior Secondary Level,"Name : ADITYA PUBLIC SCHOOL
Head/Principal Name: Mahipal Singh Shaktawat","Address : REWAS DEWRA ROAD MANSAUR (M.P)
Website : www.adityapublicschool.co.in"
1077,"Aff. No. :1030525
Sch. Code:50490","State : MADHYA PRADESH
District : MANDSAUR",Senior Secondary Level,"Name : DASHPUR VIDYALAYA
Head/Principal Name: Prince V Thomas","Address : GUJARDA, REWAS-DEWDA ROAD, MANDSAUR (M.P.) 458001
Website : www.dashpurvidyalaya.org"
1078,"Aff. No. :1030530
Sch. Code:50494","State : MADHYA PRADESH
District : MANDSAUR",Senior Secondary Level,"Name : SHRI SAI PUBLIC SCHOOL, DALODA
Head/Principal Name: Mayank Sharma","Address : VILLAGE PANCHYAT BANI KHERI TEHSIL DALODA
Website : www.shrisaipublicschool.in"
1079,"Aff. No. :1030474
Sch. Code:50436","State : MADHYA PRADESH
District : MANDSAUR",Senior Secondary Level,"Name : BHANPURA PUBLIC SCHOOL BHANPURA
Head/Principal Name: MANDA MATAI","Address : BHANPURA, DAK BANGLOW COLONY, BHANPURA
Website : www.bhanpurapublicschool.com"
1080,"Aff. No. :1030743
Sch. Code:50709","State : MADHYA PRADESH
District : MANDSAUR",Secondary Level,"Name : SHAMGARH PUBLIC SCHOOL
Head/Principal Name: SUNAYNA JAISWAL","Address : MIDDLE SCHOOL ROAD SHAMGARH
Website : www.sps.org.in"
1081,"Aff. No. :1030696
Sch. Code:50658","State : MADHYA PRADESH
District : MANDSAUR",Senior Secondary Level,"Name : SARASWATI VIDHYA MANDIR HIGHER SECONDARY SCHOOL,
Head/Principal Name: Dr. Saroj Prasad","Address : SANJIT MARG, MANDSAUR PIN 458001
Website : www.saraswatividyamandir.in"
1082,"Aff. No. :1030724
Sch. Code:50693","State : MADHYA PRADESH
District : MANDSAUR",Senior Secondary Level,"Name : SHREE DALAUDA PUBLIC SCHOOL
Head/Principal Name: SARIKA SHARMA","Address : 99,MAIN ROAD,DALAUDA DISTT. MANDSAUR.[MP]
Website : www.sdpsdalauda.in"
1083,"Aff. No. :1030726
Sch. Code:50705","State : MADHYA PRADESH
District : MANDSAUR",Senior Secondary Level,"Name : LOTUS VALLEY SCHOOL, MANDSAUR
Head/Principal Name: VIBHA ACHARYA","Address : SURVEY NO 807 VILLAGE-BUGALIYA REWAS DEWARA ROAD MANDSAUR (MP)
Website : www.lvsmandsaur.com"
1084,"Aff. No. :1030758
Sch. Code:50724","State : MADHYA PRADESH
District : MANDSAUR",Senior Secondary Level,"Name : SHREE SARASWATI SEMINARY SR. SEC. SCHOOL
Head/Principal Name: VINAY JAISWAL","Address : PLOT NO. 222, GURADIYA PRATAP, SUWASRA DISTT.- MANDSAUR (M.P.) 458888
Website : www.seminarysuwasra.com"
1085,"Aff. No. :1030756
Sch. Code:50720","State : MADHYA PRADESH
District : MANDSAUR",Senior Secondary Level,"Name : KARNI INTERNATIONAL SCHOOL
Head/Principal Name: Mahavir Prasad Saxena","Address : SANJEET ROAD, MANDSAUR (M.P.)
Website : http://www.karniinternationalschool.com/"
1086,"Aff. No. :1030779
Sch. Code:50748","State : MADHYA PRADESH
District : MANDSAUR",Senior Secondary Level,"Name : PARAMOUNT ACADEMY
Head/Principal Name: Sanjay Singh Kushawh","Address : MANDSAUR R0AD SITAMAU
Website : www.paramountacademysitamau.com"
1087,"Aff. No. :1030662
Sch. Code:50636","State : MADHYA PRADESH
District : MANDSAUR",Senior Secondary Level,"Name : ST. ALPHONSA CONVENT SCHOOL
Head/Principal Name: SR JAINAMMA","Address : RETIRED COLONY, SHAMGARH, DISTT- MANDSAUR - 458883
Website : www.stalphonsaschool.in"
1088,"Aff. No. :1030925
Sch. Code:50888","State : MADHYA PRADESH
District : MANDSAUR",Senior Secondary Level,"Name : PANCHSHEEL ACADEMY
Head/Principal Name: USHA PATIDAR","Address : SHAMGARH ROAD,
Website : www.panchsheelacademy.com"
1089,"Aff. No. :1030846
Sch. Code:50809","State : MADHYA PRADESH
District : MANDSAUR",Senior Secondary Level,"Name : HOLLY CROSS CONVENT SCHOOL
Head/Principal Name: MARY LILA ALEX","Address : KACHRIYA ROAD
Website : www.holycrossconventschool.com"
1090,"Aff. No. :1030830
Sch. Code:50795","State : MADHYA PRADESH
District : MANDSAUR",Senior Secondary Level,"Name : THE SHISHUVAN WORLD SCHOOL
Head/Principal Name: Dr. Aditya Kumar","Address : SCHOOL ON MANDSAUR BYPASS, NEAR GURADIYA BALAJI TEMPLE
Website : www.theshishuvanworldschool.com"
1091,"Aff. No. :1030909
Sch. Code:50873","State : MADHYA PRADESH
District : MORENA",Senior Secondary Level,"Name : ULTRONEOUS SCHOOL OF STUDIES
Head/Principal Name: NIDHI HADA","Address : NEAR SAYYED,LASHKARI PURAM ,A.B. ROAD MORENA
Website : www.ussmorena.in"
1092,"Aff. No. :1030868
Sch. Code:50830","State : MADHYA PRADESH
District : MORENA",Secondary Level,"Name : M.D.S. SENIOR SECONDARY SCHOOL
Head/Principal Name: SATYENDRA KUMAR SHARMA","Address : 20 BURAWALI PAGAR ROAD JOURA DIST. MORENA
Website : www.mdsschool.com"
1093,"Aff. No. :1030663
Sch. Code:50627","State : MADHYA PRADESH
District : MORENA",Senior Secondary Level,"Name : TSS INTERNATIONAL SCHOOL
Head/Principal Name: Shikha Shrivastava","Address : SUNDARPUR ROAD OPP. RTO BARRIER A B ROAD MORENA
Website : www.tssinternational.org"
1094,"Aff. No. :1030683
Sch. Code:50644","State : MADHYA PRADESH
District : MORENA",Secondary Level,"Name : T.R. GANDHI PUBLIC SCHOOL
Head/Principal Name: RAM KUMAR SHARMA","Address : A.B. ROAD MORENA, M.P.
Website :"
1095,"Aff. No. :1030752
Sch. Code:50717","State : MADHYA PRADESH
District : MORENA",Senior Secondary Level,"Name : SHRI TEKCHAND JAIN HIGHER SECONDARY SCHOOL AMBAH
Head/Principal Name: Indresh Sharma","Address : USAIDGHAT ROAD AMBAH
Website : www.shritekchandjainschool.com"
1096,"Aff. No. :1030734
Sch. Code:50698","State : MADHYA PRADESH
District : MORENA",Secondary Level,"Name : NORTH VALLEY PUBLIC SCHOOL
Head/Principal Name: KAPIL PRASANT SHARMA","Address : SANKRA ROAD, JOURA
Website :"
1097,"Aff. No. :1030367
Sch. Code:50334","State : MADHYA PRADESH
District : MORENA",Senior Secondary Level,"Name : ST.MARY'S SCHOOL
Head/Principal Name: SR. ALPHONSIA V R","Address : A B ROAD, PIPRIPURA, DISTT MORENA, MADHYA PRADESH
Website : www.stmarysmorena.org"
1098,"Aff. No. :1030529
Sch. Code:50493","State : MADHYA PRADESH
District : MORENA",Senior Secondary Level,"Name : VICTOR CONVENT HIGHER SECONDARY SCHOOL
Head/Principal Name: Anand Singh Sikarwar","Address : A.B. ROAD, MORENA,
Website : www.vcsmorena.edu.in"
1099,"Aff. No. :1030547
Sch. Code:50513","State : MADHYA PRADESH
District : MORENA",Senior Secondary Level,"Name : GENIUS PUBLIC SCHOOL AMBAH
Head/Principal Name: ANURADHA SHARMA","Address : MORENA ROAD, AMBAH, AMBAH
Website : htpp://WWW.GPSAMBAH.IN"
1100,"Aff. No. :1030601
Sch. Code:50570","State : MADHYA PRADESH
District : MORENA",Senior Secondary Level,"Name : NEW DELHI PUBLIC SCHOOL
Head/Principal Name: RAMVIR SINGH","Address : JARAH ROAD , BANDHA, MORENA, POST OFFICE HETAM PUR, MADHYA PRADESH
Website : www.ndpsmorena.com"
1101,"Aff. No. :1030091
Sch. Code:50083","State : MADHYA PRADESH
District : MORENA",Senior Secondary Level,"Name : NEIIL WORLD SCHOOL
Head/Principal Name: DENNIS AUGUSTINE","Address : NEIIL WORLD SCHOOL A.B.ROAD T.R.PURAM MADHYA PRADESH
Website : www.neiilworldschool.com"
1102,"Aff. No. :1030067
Sch. Code:50082","State : MADHYA PRADESH
District : MORENA",Senior Secondary Level,"Name : VANKHANDESHWAR VIDYAPEETH
Head/Principal Name: MUNENDRA SINGH SENGAR","Address : DHANSULA POST TARENI KRISHNA NAGAR DISTT MORENA MADHYA PRADESH
Website : www.vankhandeshwarvidyapeeth.in"
1103,"Aff. No. :1000067
Sch. Code:54131","State : MADHYA PRADESH
District : MORENA",Senior Secondary Level,"Name : PM SHRI KENDRIYA VIDYALAYA
Head/Principal Name: SATISH KUMAR","Address : MORENA MADHYA PRADESH
Website : www.murena.kvs.ac.in"
1104,"Aff. No. :1000105
Sch. Code:54163","State : MADHYA PRADESH
District : MORENA",Secondary Level,"Name : KENDRIYA VIDYALAYA AMBAH
Head/Principal Name: RAJNEESH SINGH TOMAR","Address : KENDRIYA VIDYALAYA AMBAH C/O EXCELLENCE SCHOOL KHAJURI ROAD AMBAH DIST. MORENA PIN-476111
Website : https://ambah.kvs.ac.in"
1105,"Aff. No. :1020167
Sch. Code:52177","State : MADHYA PRADESH
District : MORENA",Senior Secondary Level,"Name : GYANODAYA AWASIYA HIGHER SECONDARY SCHOOL
Head/Principal Name: LAXMI JAIN","Address : MAHARAJPUR ROAD, MORENA, MAHARAJPUR ROAD, MORENA
Website : https://gyanodayamorena.edu.in/"
1106,"Aff. No. :1030948
Sch. Code:50904","State : MADHYA PRADESH
District : MORENA",Senior Secondary Level,"Name : KIDDYS HOME SCHOOL
Head/Principal Name: KISHORE KUMAR","Address : WARD NO. 11 PIPARGHAN ROAD SUDAMAPURI SABALGARH
Website : www.kiddyshomeschools.org"
1107,"Aff. No. :1030939
Sch. Code:50902","State : MADHYA PRADESH
District : MORENA",Senior Secondary Level,"Name : ACADEMIC HEIGHTS PUBLIC SCHOOL
Head/Principal Name: DR. SHAJI MATHEW","Address : 476001
Website : www.ahpseducationmorena.in"
1108,"Aff. No. :1030976
Sch. Code:50942","State : MADHYA PRADESH
District : MORENA",Senior Secondary Level,"Name : R.V.S. PUBLIC SCHOOL
Head/Principal Name: KIRAN JADON","Address : JOTAI ROAD
Website : http://rvspublicschool.org"
1109,"Aff. No. :1031003
Sch. Code:51074","State : MADHYA PRADESH
District : MORENA",Senior Secondary Level,"Name : ASHOKA GLOBAL SCHOOL AMBAH
Head/Principal Name: RAJEEV LOCHAN SHARMA","Address : POOTH ROAD AMBAH
Website : www.ashokaglobalschool.org"
1110,"Aff. No. :1031020
Sch. Code:50983","State : MADHYA PRADESH
District : MORENA",Secondary Level,"Name : KESHAR EDUCATION ACADEMY
Head/Principal Name: RAMDEV SINGH TOMAR","Address : BAMUR KA PURA,VILL-KONTHAR KALAN,PORSA, DIST-MORENA[M.P.]
Website : www.keshareducationacademy.com"
1111,"Aff. No. :1031022
Sch. Code:50988","State : MADHYA PRADESH
District : MORENA",Secondary Level,"Name : SHIVAM HIGHER SECONDARY SCHOOL PORSA, MORENA
Head/Principal Name: SANTOSH KUMAR SHARMA","Address : AMBAH ROAD, PORSA
Website : http://www.shivamhsshool.com"
1112,"Aff. No. :1031183
Sch. Code:51204","State : MADHYA PRADESH
District : MORENA",Senior Secondary Level,"Name : CPS INTERNATIONAL SCHOOL
Head/Principal Name: MADHVI SINGH CHAUHAN","Address : VILL. BADAGAON, AMBAH ROAD, MORENA- 476001
Website : www.cpsinternationalschool.in"
1113,"Aff. No. :1031188
Sch. Code:51209","State : MADHYA PRADESH
District : MORENA",Senior Secondary Level,"Name : SHRIRAM INTERNATIONAL PUBLIC SCHOOL
Head/Principal Name: JASMOHINDER KAUR","Address : OPPOSITE NARROW GAUGE RAILWAY STATION AB ROAD BANMORE
Website : www.sripschool.org"
1114,"Aff. No. :1031219
Sch. Code:51237","State : MADHYA PRADESH
District : MORENA",Middle Class,"Name : THE VILLAGE ELEMENTARY PUBLIC SCHOOL
Head/Principal Name: Shashi prabha","Address : DHARMGARH ROAD PACHPEDA PORSA
Website : http://www.thevillageelementary.com"
1115,"Aff. No. :1031210
Sch. Code:51228","State : MADHYA PRADESH
District : MORENA",Secondary Level,"Name : G. D. GOENKA PUBLIC SCHOOL
Head/Principal Name: Aparna Dutt Sharma","Address : NH-3 AB ROAD JARERUA, MORENA
Website : www.gdgoenkamorena.com"
1116,"Aff. No. :1031441
Sch. Code:51458","State : MADHYA PRADESH
District : MORENA",Secondary Level,"Name : BIHAREE CONVENT HIGH SCHOOL
Head/Principal Name: Sudha Kushwah","Address : NEAR KATIBARI TEMPLE, VILLAGE JAFRABAD, M.S. ROAD
Website : www.bcsmorena.com"
1117,"Aff. No. :1040023
Sch. Code:54036","State : MADHYA PRADESH
District : MORENA",Senior Secondary Level,"Name : JAWAHAR NAVODAYA VIDYALAYA
Head/Principal Name: VANDANA KULSHRESTHA","Address : MANPUR P O JOURA DISTT MORENA MADHYA PRADESH
Website : https://navodaya.gov.in/nvs/nvs-school/MORENA/en/h"
1118,"Aff. No. :1031296
Sch. Code:51314","State : MADHYA PRADESH
District : MORENA",Secondary Level,"Name : KARAN INTERNATIONAL SCHOOL
Head/Principal Name: R Easwaran","Address : M.M. ROAD, AMBAH, MORENA, MADHYA PRADESH PIN-476111
Website : http://karaninternationalschool.com/"
1119,"Aff. No. :1031321
Sch. Code:51338","State : MADHYA PRADESH
District : MORENA",Senior Secondary Level,"Name : TRS GLOBAL SCHOOL
Head/Principal Name: RAVI BHUSHAN SHARMA","Address : P.O.- JOURA, P.S.- JOURA, MORENA, MADHYA PRADESH
Website : https://trsglobalschool.org"
1120,"Aff. No. :1031337
Sch. Code:51354","State : MADHYA PRADESH
District : NARSINGHPUR",Senior Secondary Level,"Name : DAKSH INTERNATIONAL SCHOOL
Head/Principal Name: Laimayum Romi","Address : KARELI RAOD, MOHAD
Website : https://dakshschools.org"
1121,"Aff. No. :1031374
Sch. Code:51391","State : MADHYA PRADESH
District : NARSINGHPUR",Secondary Level,"Name : SHIVA INTERNATIONAL SCHOOL
Head/Principal Name: PUSHPENDRA DWIVEDI","Address : CHICHLI ROAD DIGHORI, TEH- GADARWARA, BLOCK- CHICHLI
Website : www.sisgadarwara.com"
1122,"Aff. No. :1031397
Sch. Code:51414","State : MADHYA PRADESH
District : NARSINGHPUR",Secondary Level,"Name : THE ARHAM BODY OF DIVINITY AND EXCELLENCE
Head/Principal Name: PALAK NANDA","Address : JHAMAR ROAD, KARELI, BLOCK - CHAWARPATHA, TEHSIL - GADARWARA DIST NARSINGPUR
Website : https://theabodeschool.in/"
1123,"Aff. No. :1040001
Sch. Code:54037","State : MADHYA PRADESH
District : NARSINGHPUR",Senior Secondary Level,"Name : JAWAHAR NAVODAYA VIDYALAYA
Head/Principal Name: ARUN KUMAR TIWARI","Address : BOHANI (VIA KAUIA) DISTT NARSINGHPUR MADHYA PRADESH
Website : https://navodaya.gov.in/nvs/nvs-school/NARSINGHPUR/en/home"
1124,"Aff. No. :1031405
Sch. Code:51422","State : MADHYA PRADESH
District : NARSINGHPUR",Secondary Level,"Name : MILESTONE INTERNATIONAL SCHOOL
Head/Principal Name: BHARTI SHARMA","Address : VILLAGE PODAR , SH-22 - KHAMARIYA, GRAMIN PM MARG,SALICHAUKA ROAD, BLOCK SAIKHEDA TEH GADARWARA
Website : https://milestonesckr.com/"
1125,"Aff. No. :1031165
Sch. Code:51140","State : MADHYA PRADESH
District : NARSINGHPUR",Senior Secondary Level,"Name : SIYAL INTERNATIONAL SCHOOL
Head/Principal Name: BHARTI PARIHAR","Address : NARSINGHPUR
Website : www.siyalschool.com"
1126,"Aff. No. :1031133
Sch. Code:51104","State : MADHYA PRADESH
District : NARSINGHPUR",Senior Secondary Level,"Name : BAL BHARATI PUBLIC SCHOOL NTPC GADARWARA
Head/Principal Name: ANURAG PANDEY","Address : NTPC PO GANGAI PS DONGARGAON TEHSIL GADARWARA DISTRICT NARSINGHPUR 487770 MP
Website : www.bbpsgadarwara.balbahrati.org"
1127,"Aff. No. :1031147
Sch. Code:51119","State : MADHYA PRADESH
District : NARSINGHPUR",Secondary Level,"Name : MODERN INTERNATIONAL SCHOOL
Head/Principal Name: INDRANIL BANERJEE","Address : AT-KHULRI
Website : http://www.miskhulri.com/index.php/homepage"
1128,"Aff. No. :1031105
Sch. Code:51078","State : MADHYA PRADESH
District : NARSINGHPUR",Senior Secondary Level,"Name : CRAYON INTERNATIONAL SCHOOL
Head/Principal Name: DR VARSHA SHIJU","Address : GADARWADA
Website : https://crayongadarwara.com/"
1129,"Aff. No. :1031033
Sch. Code:50995","State : MADHYA PRADESH
District : NARSINGHPUR",Senior Secondary Level,"Name : REVASHREE PUBLIC SCHOOL
Head/Principal Name: SARITA PATHAK","Address : NH- 26, AMBEDKAR WARD, KARELI, NARSINGHPUR
Website : www.revashreepublicschool.org"
1130,"Aff. No. :1031063
Sch. Code:51030","State : MADHYA PRADESH
District : NARSINGHPUR",Secondary Level,"Name : GYAN SAGAR ACADEMY
Head/Principal Name: AMIT TOSHNIWAL","Address : VILLAGE MANAKWARA BHAMORI TEHSIL GADARWARA
Website : https://gyansagaracademy.in"
1131,"Aff. No. :1031006
Sch. Code:50973","State : MADHYA PRADESH
District : NARSINGHPUR",Senior Secondary Level,"Name : ROSHAN DHORELIYA WORLD SCHOOL
Head/Principal Name: SONALI DHORELIYA","Address : OPPOSITE DULHA DEV TEMPLE
Website : www.rdwsnarsinghpur.co.in"
1132,"Aff. No. :1000046
Sch. Code:54110","State : MADHYA PRADESH
District : NARSINGHPUR",Senior Secondary Level,"Name : PM SHRI KENDRIYA VIDYALAYA
Head/Principal Name: PRAMOD W PARATE","Address : NARSINGHPUR DISTT. MADHYA PRADESH
Website : https://narsingpur.kvs.ac.in"
1133,"Aff. No. :1030269
Sch. Code:50241","State : MADHYA PRADESH
District : NARSINGHPUR",Senior Secondary Level,"Name : SMT PREMA DEVI KHARYA ENGLISH SCHOOL
Head/Principal Name: MUKESH MISHRA","Address : RAJINDRA PANDIT WARD KARELI DISTT NARSINGHPUR MADHYA PRADESH
Website : www.pdsschool.co.in"
1134,"Aff. No. :1030197
Sch. Code:50172","State : MADHYA PRADESH
District : NARSINGHPUR",Senior Secondary Level,"Name : CHAVARA VIDYAPEETH
Head/Principal Name: Fr. Varghese M.V.","Address : PB NO 30 NARSINGHPUR MADHYA PRADESH
Website : www.chavaravidyapeeth.edu.in"
1135,"Aff. No. :1030600
Sch. Code:50569","State : MADHYA PRADESH
District : NARSINGHPUR",Senior Secondary Level,"Name : KABRA MEMORIAL PUBLIC SCHOOL
Head/Principal Name: SANTOSH VISHWAKARMA","Address : PIPARIA ROAD GADARWARA, NARSIMHAPUR, MADHYA PRADESH
Website : www.kmps.edu.in"
1136,"Aff. No. :1030510
Sch. Code:50478","State : MADHYA PRADESH
District : NARSINGHPUR",Senior Secondary Level,"Name : CARMEL SCHOOL
Head/Principal Name: KELWIN FRANCIS","Address : BARMAN ROAD, KODSA, KARELI, NARSINGHPUR M.P. 487221
Website : www.carmelkareli.com"
1137,"Aff. No. :1030370
Sch. Code:50337","State : MADHYA PRADESH
District : NARSINGHPUR",Senior Secondary Level,"Name : NEW-AGE PUBLIC SCHOOL
Head/Principal Name: Madhukant Shrivastava","Address : K B NAGAR, BY PASS ROAD, DISTT NARSIMHAPUR, MADHYA PRADESH
Website : https://npsgadarwara.com"
1138,"Aff. No. :1030346
Sch. Code:50313","State : MADHYA PRADESH
District : NARSINGHPUR",Secondary Level,"Name : MAHARISHI VIDYA MANDIR
Head/Principal Name: Ramesh Kumar Prajapati","Address : NH - 26 , BYE PASS ROAD BANSKUWARI, NARSIMHAPUR, MADHYA PRADESH
Website : https://mvmnarsinghpur.org"
1139,"Aff. No. :1030781
Sch. Code:50746","State : MADHYA PRADESH
District : NARSINGHPUR",Senior Secondary Level,"Name : DAKSH INTERNATIONAL SCHOOL
Head/Principal Name: PRADEEP KUMAR CHOUDHARI","Address : SHANI MANDIR ROAD BYPASS, GADARWARA, DIST- NARSINGHPUR
Website : www.dakshschools.org"
1140,"Aff. No. :1030686
Sch. Code:50654","State : MADHYA PRADESH
District : NARSINGHPUR",Senior Secondary Level,"Name : RAO RUKMANI DEVI PUBLIC SCHOOL
Head/Principal Name: JOHNSON THOMAS","Address : POST- LOLARI, NH-26, TEH- TENDUKHEDA, NARSINGHPUR
Website : www.rukmanidevi.ac.in"
1141,"Aff. No. :1030891
Sch. Code:50856","State : MADHYA PRADESH
District : NARSINGHPUR",Senior Secondary Level,"Name : PANDIT NARMADA PRASAD MEMORIAL PUBLIC SCHOOL
Head/Principal Name: Meetu Shrivastava","Address : GRAM- KANJAI, P.O. KANJAI, TEH. - GOTEGOAN, DIST. - NARSINGHPUR, M.P.
Website : http://www.pnpmpschool.in"
1142,"Aff. No. :1030898
Sch. Code:50863","State : MADHYA PRADESH
District : NEEMUCH",Senior Secondary Level,"Name : GYANODAYA INTERNATIONAL SCHOOL
Head/Principal Name: TARUN KUMAR OJHA","Address : MHOW-NASIRABAD ROAD
Website : www.gisnmh.in"
1143,"Aff. No. :1030623
Sch. Code:50593","State : MADHYA PRADESH
District : NEEMUCH",Senior Secondary Level,"Name : INTERNATIONAL SAI SHANKAR PUBLIC SCHOOL
Head/Principal Name: LOVELY SINGH","Address : SCHEME NO 36 A, NEAR CHURCH, NEEMUCH, MADHYA PRADESH
Website : www.inssps.org"
1144,"Aff. No. :1030648
Sch. Code:50845","State : MADHYA PRADESH
District : NEEMUCH",Senior Secondary Level,"Name : FLORENCE INTERNATIONAL SCHOOL
Head/Principal Name: DR. VANDANA SEN","Address : MANDSAUR ROAD, MANASA
Website : www.florenceinternationalschool.in"
1145,"Aff. No. :1030783
Sch. Code:50750","State : MADHYA PRADESH
District : NEEMUCH",Senior Secondary Level,"Name : GREEN FIELD PUBLIC SCHOOL
Head/Principal Name: DEEPA PAHELAJANI","Address : SANDIYA ROAD, NEAR VRINDAVAN GARDEN, RAMPURIYA, MANASA
Website : http://greenfieldschoolmanasa.com"
1146,"Aff. No. :1030327
Sch. Code:50292","State : MADHYA PRADESH
District : NEEMUCH",Senior Secondary Level,"Name : PATWA ACADEMY FOR EDUCATION
Head/Principal Name: Mohammad Adil Quazi","Address : CHEETA KHEDA ROAD, NEAR AIR STRIP, DISTT NEEMUCH, MADHYA PRADESH
Website : www.patwaacademy.co.in"
1147,"Aff. No. :1030335
Sch. Code:50305","State : MADHYA PRADESH
District : NEEMUCH",Senior Secondary Level,"Name : CARMEL CONVENT SCHOOL
Head/Principal Name: SR JANCY","Address : HASPUR ROAD, NEAR POLICE COLONY, MANASA, NEEMUCH, MADHYA PRADESH
Website : http://www.carmelmanasa.com"
1148,"Aff. No. :1030495
Sch. Code:50460","State : MADHYA PRADESH
District : NEEMUCH",Senior Secondary Level,"Name : INNOCENT CHILDREN ACADEMY
Head/Principal Name: YOGESH SHARMA","Address : MANASA, NEEMUCH, MADHYA PRADESH
Website : www.innocentchildrenacademy.com"
1149,"Aff. No. :1030587
Sch. Code:50961","State : MADHYA PRADESH
District : NEEMUCH",Secondary Level,"Name : SUPREME ACADEMY, RATANGARH
Head/Principal Name: DHEERAJ CHATURVEDI","Address : SUPREME ACADEMY, JAAT ROAD, RATANGARH
Website : www.supremeacademy.in"
1150,"Aff. No. :1030225
Sch. Code:50199","State : MADHYA PRADESH
District : NEEMUCH",Senior Secondary Level,"Name : CHILDRENS WELL ACADEMY
Head/Principal Name: Rachana Sharma","Address : ANAND PARISAR, NEAR MEHNOT NAGAR NEEMUCH MADHYA PRADESH
Website : http://childrenswellacademy.com"
1151,"Aff. No. :1030144
Sch. Code:50122","State : MADHYA PRADESH
District : NEEMUCH",Senior Secondary Level,"Name : SPRING WOOD SCHOOL
Head/Principal Name: CHARULATA CHOUBEY","Address : BEHIND IND AREA SCHEME NO 36 NEEMUCH MADHYA PRADESH
Website : www.springwoodschoolnmh.com"
1152,"Aff. No. :1000009
Sch. Code:54111","State : MADHYA PRADESH
District : NEEMUCH",Senior Secondary Level,"Name : PM SHRI KENDRIYA VIDYALAYA
Head/Principal Name: PRIYDARSHAN GARG","Address : C R P F CAMPUS NEEMUCH MADHYA PRADESH
Website : www.crpfneemuch.kvs.ac.in"
1153,"Aff. No. :1000107
Sch. Code:54164","State : MADHYA PRADESH
District : NEEMUCH",Senior Secondary Level,"Name : KENDRIYA VIDYALAYA NO-2 NEEMUCH
Head/Principal Name: SHIV PRAKASH OLA","Address : KENDRIYA VIDYALAYA NO-2 NEEMUCH, BEHIND DISTRICT JAIL, GRAM- KANAWATI DIST- NEEMUCH. MADHYAPRADESH
Website : www.no2neemuch.kvs.ac.in"
1154,"Aff. No. :1030025
Sch. Code:50084","State : MADHYA PRADESH
District : NEEMUCH",Senior Secondary Level,"Name : CARMEL CONVENT SENIOR SECONDARY SCHOOL
Head/Principal Name: SIMSY K.G","Address : NEEMUCH C R P F ROAD MADHYA PRADESH
Website : www.carmelneemuch.co.in"
1155,"Aff. No. :1030030
Sch. Code:50085","State : MADHYA PRADESH
District : NEEMUCH",Senior Secondary Level,"Name : THE ADITYA BIRLA PUBLIC SCHOOL
Head/Principal Name: Priyadarshini Chauhan","Address : VIKRAM NAGAR P.O. KHOR TEHSIL NEEMUCH DISTT JAWAD MANDSAUR MADHYA PRADESH
Website : www.adityabirlaschools.com"
1156,"Aff. No. :1030994
Sch. Code:50956","State : MADHYA PRADESH
District : NEEMUCH",Senior Secondary Level,"Name : SARASWATI SHISHU VIDYA MANDIR SR. SEC. SCHOOL
Head/Principal Name: KAVITA JINDAL","Address : PLOT NO.831,VIKAS NAGAR 14/2
Website : www.ssvmschool.com"
1157,"Aff. No. :1031067
Sch. Code:51034","State : MADHYA PRADESH
District : NEEMUCH",Secondary Level,"Name : ST. FRANCIS DE SALES SR. SEC. SCHOOL
Head/Principal Name: CYPRIAN DUNGDUNG","Address : REVLI DEVLI POST, GIRDODA, MANASA ROAD NEEMUCH. (MADHYA PRADESH) PIN. 458441
Website : www.sfsneemuch.com"
1158,"Aff. No. :1031164
Sch. Code:51146","State : MADHYA PRADESH
District : NEEMUCH",Senior Secondary Level,"Name : CREATIVE MINDS GLOBAL SCHOOL
Head/Principal Name: Sneha Madnani","Address : OPP. GOPI DHANI, BEHIND MAHESHWARI WAREHOUSE, OFF NEEMUCH MANASA ROAD
Website : https://creativemindsgloabalschool.com"
1159,"Aff. No. :1040012
Sch. Code:54034","State : MADHYA PRADESH
District : NEEMUCH",Senior Secondary Level,"Name : JAWAHAR NAVODAYA VIDYALAYA
Head/Principal Name: NAND KISHORE PAWAR","Address : RAMPURA DISTT NEEMUCH MADHYA PRADESH
Website : https://www.navodaya.gov.in/nvs/nvs-school/NEEMUCH"
1160,"Aff. No. :1031382
Sch. Code:51399","State : MADHYA PRADESH
District : NEEMUCH",Secondary Level,"Name : NEW BACHPAN ACADEMY
Head/Principal Name: DEEPALI ARORA","Address : GUJARKHEDI, POST KHOR, JAWAD
Website : https://newbachpanacademyjawad.in"
1161,"Aff. No. :1031306
Sch. Code:51323","State : MADHYA PRADESH
District : NEEMUCH",Senior Secondary Level,"Name : THE PINNACLE GLOBAL SCHOOL
Head/Principal Name: NARJEET KAUR","Address : BHADBHADIYA VILLAGE, BEFORE FOUR LINE
Website : www.thepinnacleglobalschool.com"
1162,"Aff. No. :1040013
Sch. Code:54038","State : MADHYA PRADESH
District : PANNA",Senior Secondary Level,"Name : JAWAHAR NAVODAYA VIDYALAYA
Head/Principal Name: RAVI KARAN SINGH PATEL","Address : RAMKHIRYIA P O DISTT PANNA MADHYA PRADESH
Website : www.navodaya.gov.in/nvs/nvs-school/PANNA/en/home/"
1163,"Aff. No. :1000083
Sch. Code:54144","State : MADHYA PRADESH
District : PANNA",Senior Secondary Level,"Name : PM SHRI KENDRIYA VIDYALAYA
Head/Principal Name: Amit Dahiya","Address : NEAR DIET, PANNA, MADHYA PRADESH
Website :"
1164,"Aff. No. :1030052
Sch. Code:50086","State : MADHYA PRADESH
District : PANNA",Senior Secondary Level,"Name : D A V PUBLIC SCHOOL
Head/Principal Name: CHANDRA KANT SINGH","Address : DIAMOND MINING PROJECT MAJHGAWAN (NDMC) PANNA MADHYA PRADESH
Website : www.davpanna.com"
1165,"Aff. No. :1030347
Sch. Code:50314","State : MADHYA PRADESH
District : PANNA",Senior Secondary Level,"Name : MAHARISHI VIDYA MANDIR
Head/Principal Name: PRAMOD KUMAR DIXIT","Address : JANAKPUR ROAD, DISTT PANNA, MADHYA PRADESH
Website : https://mvmpanna.org/index.mvm"
1166,"Aff. No. :1030407
Sch. Code:50370","State : MADHYA PRADESH
District : PANNA",Senior Secondary Level,"Name : AGRAWAL ACADEMY
Head/Principal Name: Ajay Shanker Sharma","Address : VIDISHA SANCHI ROAD
Website : http://www.agarwalacademy.com"
1167,"Aff. No. :1030717
Sch. Code:50680","State : MADHYA PRADESH
District : PANNA",Senior Secondary Level,"Name : LISIEUX ANAND SCHOOL
Head/Principal Name: Shiny K.T.","Address : P.B. NO.3, PANNA, M.P
Website : www.lisieuxanand.in"
1168,"Aff. No. :1030771
Sch. Code:50737","State : MADHYA PRADESH
District : RAISEN",Senior Secondary Level,"Name : M.S. EXCELLENCE EDUCATION
Head/Principal Name: Khusboo Rajpal","Address : WARD NO 1, SULTANPUR, GAUHARGANGUE, RAISEN
Website : www.msexcellence.in"
1169,"Aff. No. :1030760
Sch. Code:50723","State : MADHYA PRADESH
District : RAISEN",Senior Secondary Level,"Name : M.P. CONVENT SCHOOL
Head/Principal Name: SHAILJA DUBEY","Address : WARD NO 6, SHAKTINAGAR, BARI, DISTT. RAISEN, MP.
Website : www.mpconventschool.com"
1170,"Aff. No. :1030905
Sch. Code:50870","State : MADHYA PRADESH
District : RAISEN",Secondary Level,"Name : LITTLE FLOWER HR.SEC.SCHOOL
Head/Principal Name: FR EDWIN DAVIS","Address : PUSHPA NAGAR
Website : www.littleflowergairatganj.org"
1171,"Aff. No. :1030918
Sch. Code:50883","State : MADHYA PRADESH
District : RAISEN",Secondary Level,"Name : MAA SHARDA VIDHYALAYA SILWANI
Head/Principal Name: Madan singh raghuwanshi","Address : SILWANI
Website :"
1172,"Aff. No. :1030805
Sch. Code:50769","State : MADHYA PRADESH
District : RAISEN",Secondary Level,"Name : GURUKUL CONVENT HIGHER SECONDARY SCHOOL
Head/Principal Name: NEHA AGRAWAL","Address : NH-12 KHIRIYA, UDAIPURA
Website : www.gurukuludp.in"
1173,"Aff. No. :1030821
Sch. Code:50786","State : MADHYA PRADESH
District : RAISEN",Senior Secondary Level,"Name : GRAPHITE HIGHER SECONDARY SCHOOL
Head/Principal Name: Manoj Kumar Richhariya","Address : Seth Phoolchand Nagar, Mandideep, Seth Phoolchand Nagar, Mandideep, Seth Phoolchand Nagar, Mandideep
Website : www.graphiteschool.edu.in"
1174,"Aff. No. :1030814
Sch. Code:50779","State : MADHYA PRADESH
District : RAISEN",Senior Secondary Level,"Name : PRINCE CONVENT HIGHER SECONDARY SCHOOL
Head/Principal Name: PRAMILA NAIR","Address : BHOPAL ROAD, TOHARIYA, SULTANPUR
Website : www.princeconventschool.in"
1175,"Aff. No. :1030485
Sch. Code:50499","State : MADHYA PRADESH
District : RAISEN",Senior Secondary Level,"Name : ANANT UTSAV SCHOOL
Head/Principal Name: S ANTONY RAJ","Address : ANANT UTSAV SCHOOL VILLAGE-SIMRAI NH-12 OPP-NAHAR SPINING MILL HOSANGABAD ROAD DISTT- RAISEN (M.P)
Website : www.anantutsavschool.org"
1176,"Aff. No. :1030424
Sch. Code:50389","State : MADHYA PRADESH
District : RAISEN",Senior Secondary Level,"Name : RAJ HEIGHTS - THE GLOBAL SCHOOL
Head/Principal Name: SEEMA JOSHI","Address : NH 12, MANDIDEEP & OBEDULLAGANJ, VILL. SIMRAI, P.O. OBEDULLAGANJ, GOHARGANJ, M.P.
Website : www.rajheights.org.in"
1177,"Aff. No. :1030419
Sch. Code:50385","State : MADHYA PRADESH
District : RAISEN",Senior Secondary Level,"Name : ST.FRANCIS CONVENT HR.SEC.SCHOOL,RAISEN
Head/Principal Name: SHIJI M I","Address : SANCHI ROAD, RAISEN P.O RAISEN (D.T)
Website : www.stfrancisraisen.com"
1178,"Aff. No. :1030582
Sch. Code:50564","State : MADHYA PRADESH
District : RAISEN",Senior Secondary Level,"Name : CHAVARA VIDHYA BHAVAN HR. SEC. SCHOOL
Head/Principal Name: Fr LIJO K L","Address : P.B NO 4608, SATLAPUR, MANDIDEEP, GOHARGANJ RAISEN
Website : www.chavaravidhyabhavan.co.in"
1179,"Aff. No. :1030583
Sch. Code:50550","State : MADHYA PRADESH
District : RAISEN",Senior Secondary Level,"Name : THE KRISHNA VALLEY SCHOOL
Head/Principal Name: FR LOUIS KJ","Address : VILL-BAMULIYA GAJJU, PIPALIYA ROAD
Website : www.thekrishnavalleyschool.com"
1180,"Aff. No. :1030569
Sch. Code:50537","State : MADHYA PRADESH
District : RAISEN",Secondary Level,"Name : MARIA VIDHYA SADAN
Head/Principal Name: SIBI MALIYEKKAL CHAKKAPPAN","Address : VILL: DHANASRI JABALPUR ROAD
Website : www.mariavidhyasadan.com"
1181,"Aff. No. :1030576
Sch. Code:50543","State : MADHYA PRADESH
District : RAISEN",Senior Secondary Level,"Name : SHREE MANIKLAL NAHAR INTERNATIONAL SCHOOL
Head/Principal Name: Manish Thakur","Address : KOTPAR GANESH GURARIA ROAD BARELI DIST.RAOSEN
Website : https://www.smniscbse.in"
1182,"Aff. No. :1030491
Sch. Code:50455","State : MADHYA PRADESH
District : RAISEN",Senior Secondary Level,"Name : ST. THOMAS CONVENT HIGHER SECONDARY SCHOOL
Head/Principal Name: MAYMOLE PAUL","Address : BEGUMGANJ, RAISEN DISTRICT, MADHYA PRADESH
Website : www.stthomasbegumganj.com"
1183,"Aff. No. :1030536
Sch. Code:50500","State : MADHYA PRADESH
District : RAISEN",Senior Secondary Level,"Name : GURUKUL THE EXCELLENT ENGLISH MEDIUM SCHOOL
Head/Principal Name: Mr. Siddharth Vitthalrao Khaire","Address : J.J.ROAD,BARELI, RAISEN DISTT.
Website : www.gurukulbareli.org"
1184,"Aff. No. :1000090
Sch. Code:54151","State : MADHYA PRADESH
District : RAISEN",Senior Secondary Level,"Name : PM SHRI KENDRIYA VIDYALAYA
Head/Principal Name: RAVINDRA KUMAR RUDRA","Address : DIET CAMPUS, SAGAR ROAD, RAISEN, MADHYA PRADESH
Website : https://raisen.kvs.ac.in"
1185,"Aff. No. :1040028
Sch. Code:54040","State : MADHYA PRADESH
District : RAISEN",Senior Secondary Level,"Name : JAWAHAR NAVODAYA VIDYALYA
Head/Principal Name: NISHANT KUMAR TIWARI","Address : P O-BARI (BARELI) DISTT RAISEN MADHYA PRADESH
Website : https://navodaya.gov.in/nvs/nvs-school/RAISEN/en/"
1186,"Aff. No. :1031451
Sch. Code:51468","State : MADHYA PRADESH
District : RAISEN",Secondary Level,"Name : SANSKAAR BHUMI THE GLOBAL SCHOOL BARELI
Head/Principal Name: CHANDRA PRAKASH SHARMA","Address : UDAIPURA NAKA J.J. ROAD, BARELI, UDAIPURA NAKA J.J. ROAD, BARELI , UDAIPURA NAKA J.J. ROAD, BARELI
Website : https://sanskaarbhumi.com/"
1187,"Aff. No. :1031317
Sch. Code:51334","State : MADHYA PRADESH
District : RAISEN",Secondary Level,"Name : ST. GEORGE INTERNATIONAL SCHOOL
Head/Principal Name: ASHLIN ROSE SUNNY","Address : VIDISHA ROAD, RAISEN
Website : https://www.sgs.ac.in/in"
1188,"Aff. No. :1031292
Sch. Code:51310","State : MADHYA PRADESH
District : RAISEN",Secondary Level,"Name : BEERSHEBA INTERNATIONAL SCHOOL
Head/Principal Name: MRS. TARANNUM WARSI","Address : MAA HINGLAJ NAGAR COLONY, BADI
Website : http://www.beershebaschoolbadi.org"
1189,"Aff. No. :1031372
Sch. Code:51389","State : MADHYA PRADESH
District : RAISEN",Senior Secondary Level,"Name : C L R R INTELLECTUAL INTERNATIONAL SCHOOL
Head/Principal Name: Arun Pandey","Address : KHASRA NO. 473/1/2/2, , DAHOD ROAD, MANDIDEEP, , DIST. -RAISEN , MP
Website : https://clrriis.com/"
1190,"Aff. No. :1031167
Sch. Code:51139","State : MADHYA PRADESH
District : RAISEN",Senior Secondary Level,"Name : GLOBAL SCHOOL OF EXCELLENCE
Head/Principal Name: Lalita Jaymon","Address : WARD NO3 KHILLIKHEDA GOHARGANJ ROAD OBEDULLAGANJ
Website : www.globalschoolofexcellence.in"
1191,"Aff. No. :1031119
Sch. Code:51092","State : MADHYA PRADESH
District : RAISEN",Senior Secondary Level,"Name : SARVODAYA PUBLIC SCHOOL
Head/Principal Name: Harsh Rajput","Address : GRAM SALLIYA,
Website : www.sarvodayapublicschoolbareli.com"
1192,"Aff. No. :1031097
Sch. Code:51070","State : MADHYA PRADESH
District : RAISEN",Senior Secondary Level,"Name : DAFFODILS PUBLIC SCHOOL
Head/Principal Name: INJLA HAIDER ABBAS","Address : J.J ROAD, KAMTON BARELI, DIST-RAISEN M.P
Website : www.daffodilspublicschool.com"
1193,"Aff. No. :1031139
Sch. Code:51106","State : MADHYA PRADESH
District : RAISEN",Secondary Level,"Name : GURUKUL THE EXCELLENT ENGLISH MEDIUM SCHOOL KESLI GAIRATGANJ M.P.
Head/Principal Name: Manish Kumar Soni","Address : GURUKUL THE EXCELLENT ENGLISH MEDIUM SCHOOL KESLI GAIRATGANJ M.P.
Website : www.gurukulgairatganj.com"
1194,"Aff. No. :1031072
Sch. Code:51058","State : MADHYA PRADESH
District : RAISEN",Senior Secondary Level,"Name : SANSKARPUBLIC SCHOOL
Head/Principal Name: SUMAN SUYAL","Address : SAGAR ROAD, NEAR TOLL BOOTH
Website : www.sanskarschoolraisen.com"
1195,"Aff. No. :1031070
Sch. Code:51038","State : MADHYA PRADESH
District : RAISEN",Senior Secondary Level,"Name : THE MANGLAM SCHOOL
Head/Principal Name: Shikha Bhati","Address : WARD NO. 3 KHILLIKHEDA, GOHARGANJ ROAD, OBEDULLAGANJ
Website : www.themanglamschool.org"
1196,"Aff. No. :1031060
Sch. Code:51025","State : MADHYA PRADESH
District : RAJGARH",Senior Secondary Level,"Name : GYAN STHALI ACADEMY
Head/Principal Name: SAJU G","Address : A.B.RAOD,DAMDIA
Website : www.gyansthali.in"
1197,"Aff. No. :1031215
Sch. Code:51233","State : MADHYA PRADESH
District : RAJGARH",Senior Secondary Level,"Name : VIJAYA CONVENT HIGH SCHOOL
Head/Principal Name: BABY PATHROSE","Address : MACHALPUR ROAD ZIRAPUR
Website : www.vchsszirapur.in"
1198,"Aff. No. :1031212
Sch. Code:51230","State : MADHYA PRADESH
District : RAJGARH",Secondary Level,"Name : GYANSTHALI ACADEMY
Head/Principal Name: MUKESH PAL","Address : SUTHALIA RAJGARH MAKSUDANGARH ROAD SUTHALIYA MADHYA PRADESH 465677
Website : www.gyansuthaliya.com"
1199,"Aff. No. :1031396
Sch. Code:51413","State : MADHYA PRADESH
District : RAJGARH",Secondary Level,"Name : SARASWATI SHISHU MANDIR H.S. SCHOOL BIAORA
Head/Principal Name: MAHESH TYAGI","Address : BEHIND PUNIT CINEMA, SUTHALIYA ROAD, BIAORA DISTT. RAJGARH
Website : www.ssmbiaora.in"
1200,"Aff. No. :1031366
Sch. Code:51383","State : MADHYA PRADESH
District : RAJGARH",Senior Secondary Level,"Name : PRAGYA SAGAR PUBLIC SCHOOL
Head/Principal Name: NEERAJ SHARMA","Address : NEAR SONAKUNJ COLONY, MANPURADEV, NARSINGHGARH, NARSINGHGARH
Website : https://pragyasagar.in/"
1201,"Aff. No. :1031243
Sch. Code:51261","State : MADHYA PRADESH
District : RAJGARH",Senior Secondary Level,"Name : SHRI SATYA SAI CONVENT SCHOOL
Head/Principal Name: Kiran Bala Joshi","Address : SARANGPUR, BALODI JOD, SARANGPUR
Website : http://ssscssarangpur.com/academic/"
1202,"Aff. No. :1031466
Sch. Code:51484","State : MADHYA PRADESH
District : RAJGARH",Secondary Level,"Name : BHANDARI HEIGHTS SCHOOL
Head/Principal Name: VAISHALI BHANDARI","Address : VILLAGE MUWALIA KHEDAR, TEHSIL NARSINGHGARH, DISTRICT RAJGARH, MADHYA PRADESH
Website : https://bhandariheightsschool.com/"
1203,"Aff. No. :1040018
Sch. Code:54039","State : MADHYA PRADESH
District : RAJGARH",Senior Secondary Level,"Name : PM SHRI SCHOOL JAWAHAR NAVODAYA VIDYALAYA
Head/Principal Name: VIKAS GUPTA","Address : KACHNARIA SUSTANI DISTT RAJGARH MADHYA PRADESH
Website : https://www.navodaya.gov.in/nvs/nvs-school/RAJGARH"
1204,"Aff. No. :1031489
Sch. Code:51507","State : MADHYA PRADESH
District : RAJGARH",Secondary Level,"Name : S.B.S. SCHOOL TALEN
Head/Principal Name: HARI SINGH PARMAR","Address : SADHGURU AASHRAM PACHORE ROAD , TALEN, RAJGARH
Website : https://sbsconventschool.com/"
1205,"Aff. No. :1031483
Sch. Code:51501","State : MADHYA PRADESH
District : RAJGARH",Secondary Level,"Name : DYNAMIC INTERNATIONAL SCHOOL
Head/Principal Name: MUSKAN WADHWANI","Address : SEMALKHEDI , TEHSIL NARSINGARH, DISTRICT RAJGRAH
Website : www.dynamicinternationalschool.in"
1206,"Aff. No. :1031484
Sch. Code:51502","State : MADHYA PRADESH
District : RAJGARH",Senior Secondary Level,"Name : HOLY ANGELS KIDS ACADEMY
Head/Principal Name: JESTIN K JOSEPH","Address : NH-46, NEAR BUS STAND, KURAWAR, DIST RAJGARH, MP
Website : https://www.holyangelskids.com/"
1207,"Aff. No. :1000042
Sch. Code:54073","State : MADHYA PRADESH
District : RAJGARH",Senior Secondary Level,"Name : PM SHRI KENDRIYA VIDYALAYA RAJGARH
Head/Principal Name: ROMA SANKHLA","Address : RAJGARH KHILCHIPUR ROAD BIAORA MADHYA PRADESH
Website : https://rajgarh.kvs.ac.in"
1208,"Aff. No. :1030039
Sch. Code:","State : MADHYA PRADESH
District : RAJGARH",Secondary Level,"Name : ANAND VIDYA BHARTI
Head/Principal Name: M A KHAN","Address : RAMLALA MARG BIAORA (RAJGARH) MADHYA PRADESH
Website : http://www.ksisnashik.com"
1209,"Aff. No. :1030165
Sch. Code:50146","State : MADHYA PRADESH
District : RAJGARH",Senior Secondary Level,"Name : SWAMI VIVEKANAND PUBLIC SCHOOL
Head/Principal Name: AMIT SAHA","Address : BYE PASS ROAD RAJGARH BIORA MADHYA PRADESH
Website : https://svpsrajgarh.co.in"
1210,"Aff. No. :1030243
Sch. Code:50218","State : MADHYA PRADESH
District : RAJGARH",Senior Secondary Level,"Name : INTERNATIONAL PUBLIC SCHOOL
Head/Principal Name: RAJESH MANDLOI","Address : MULTHANPURA OLD A B ROAD BIAORA DISTT RAJGARH MP
Website :"
1211,"Aff. No. :1030500
Sch. Code:50471","State : MADHYA PRADESH
District : RAJGARH",Senior Secondary Level,"Name : SANSKAR ACADEMY
Head/Principal Name: Rajesh Kumar","Address : A.B. ROAD PACHORE
Website : www.sanskaracademy.org.in"
1212,"Aff. No. :1030588
Sch. Code:50554","State : MADHYA PRADESH
District : RAJGARH",Senior Secondary Level,"Name : KRISHNA VALLEY INTERNATIONAL SCHOOL
Head/Principal Name: PRASAD TARANEKAR","Address : PACHORE ROAD CHAPIHEDA
Website : www.krishnavalleyschool.com"
1213,"Aff. No. :1030426
Sch. Code:50393","State : MADHYA PRADESH
District : RAJGARH",Secondary Level,"Name : ST. GEORGES CONVENT HIGH SCHOOL
Head/Principal Name: SR. ANAMIKA XALXO","Address : ST. GEORGES CONVENT HIGH SCHOOL, SARANGPUR
Website : https://sgchssp.edu.in/"
1214,"Aff. No. :1030438
Sch. Code:50403","State : MADHYA PRADESH
District : RAJGARH",Senior Secondary Level,"Name : R.K. ACADEMY
Head/Principal Name: ARVIND SINGH CHOUHAN","Address : UMMEDPURA, RAJGARH ROAD, BIAORA
Website : https://rkgroupofschool.com"
1215,"Aff. No. :1030448
Sch. Code:50413","State : MADHYA PRADESH
District : RAJGARH",Senior Secondary Level,"Name : JYOTI CONVENT SR. SEC. SCHOOL, BIAORA
Head/Principal Name: ABRAHAM C M","Address : JYOTI CONVENT SR. SECONDARY SCHOOL, BIAORA
Website : www.jcsbiaora.com"
1216,"Aff. No. :1030463
Sch. Code:50428","State : MADHYA PRADESH
District : RAJGARH",Secondary Level,"Name : PROVIDENCE CONVENT SCHOOL
Head/Principal Name: SR. JANCY CHERIAN","Address : MADHYA PRADESH, DISTRICT RAJGARH
Website : www.pcspachore.in"
1217,"Aff. No. :1030401
Sch. Code:50368","State : MADHYA PRADESH
District : RAJGARH",Senior Secondary Level,"Name : ST. JOSEPH SENIOR SECONDARY SCHOOL, NARSINGHGARH
Head/Principal Name: SR. SHEEBA AUGUSTINE","Address : BARADWARI, NARSINGHGARH, DISTT RAJGARH, MADHYA PRADESH-465669
Website : www.sjsnarsinghgarh.org"
1218,"Aff. No. :1030349
Sch. Code:50316","State : MADHYA PRADESH
District : RAJGARH",Senior Secondary Level,"Name : MASTER MIND CONVENT SCHOOL
Head/Principal Name: RANJANA SAXENA","Address : A B ROAD, DISTT RAJGARH, MADHYA PRADESH
Website : www.mmcssarangpur.com"
1219,"Aff. No. :1030372
Sch. Code:50339","State : MADHYA PRADESH
District : RAJGARH",Senior Secondary Level,"Name : PROF SANTOSH MITTAL HIGHER SECONDARY SCHOOL
Head/Principal Name: MANITA POKHARNA","Address : A B ROAD, DULTARIA, PACHORE, DISTT RAJGARH, MADHYA PRADESH
Website : www.santoshmittal.com"
1220,"Aff. No. :1030839
Sch. Code:50916","State : MADHYA PRADESH
District : RAJGARH",Senior Secondary Level,"Name : FUTURE INTERNATIONAL PUBLIC SCHOOL
Head/Principal Name: Jobins. K. John","Address : PADLIYA ROAD SARANGPUR
Website : www.thefips.com"
1221,"Aff. No. :1030660
Sch. Code:50625","State : MADHYA PRADESH
District : RAJGARH",Senior Secondary Level,"Name : ADVANCED KIDS ACADEMY
Head/Principal Name: E K JOSHI","Address : MAINAKHEDI ZIRAPUR TEHSIL ZIRAPUR MACHALPUR ROAD
Website : www.advancedkidsacademy.in"
1222,"Aff. No. :1030651
Sch. Code:50616","State : MADHYA PRADESH
District : RATLAM",Secondary Level,"Name : NOBLE INTERNATIONAL ACADEMY
Head/Principal Name: RAMKRISHNA SHUKLA","Address : MHOW- NEEMUCH ROAD, NEAR CHOUPAL SAGAR, VILL. KHARAKHEDI,
Website : www.nobleinternationalacademy.com"
1223,"Aff. No. :1030674
Sch. Code:50635","State : MADHYA PRADESH
District : RATLAM",Senior Secondary Level,"Name : MAHAVIR JAIN NATIONAL SCHOOL
Head/Principal Name: ASHWIN GANGWAL","Address : ARIHANT COLONY, PAHADIA ROAD, JAORA, RATLAM, MP
Website : www.mjnsjaora.in"
1224,"Aff. No. :1030753
Sch. Code:50718","State : MADHYA PRADESH
District : RATLAM",Senior Secondary Level,"Name : NEW TAIYABIYAH HIGH SCHOOL
Head/Principal Name: MURTAZA SHAKIR","Address : SAIFY BAGH, BEHIND JAIN SCHOOL, BOHRA KABRASTAAN, RATLAM
Website : www.ntsssratlam.in"
1225,"Aff. No. :1030750
Sch. Code:50715","State : MADHYA PRADESH
District : RATLAM",Senior Secondary Level,"Name : JAIN PUBLIC SCHOOL
Head/Principal Name: JAGRUTI PURANIK","Address : OPPOSITE KENDRIYA VIDHAYALEYA SAGOD ROAD, RATLAM M.P. PINCODE-457001
Website : www.jpsratlam.com"
1226,"Aff. No. :1030851
Sch. Code:50815","State : MADHYA PRADESH
District : RATLAM",Senior Secondary Level,"Name : NIRMALA CONVENT SCHOOL, RATLAM(M.P.)
Head/Principal Name: SHANTI KATRAMALA","Address : NIRMALA CONVENT SCHOOL OPP. MAHESHWARI PROTEINS, DHANASUTA ROAD, HAPUKHEDI NEAR M.P.E.B SUB STATION RATLAM(M.P.)457001
Website : www.nirmalaconventratlam.in"
1227,"Aff. No. :1030853
Sch. Code:50893","State : MADHYA PRADESH
District : RATLAM",Senior Secondary Level,"Name : ST.JOSEPHS CONVENT SCHOOL
Head/Principal Name: KRIPA","Address : ST.JOSEPH CONVENT SCHOOL PALDUNA ROAD,NAMLI,RATLAM,MADHYA PRADESH-457222
Website : www.sjcnamli.com"
1228,"Aff. No. :1030802
Sch. Code:50762","State : MADHYA PRADESH
District : RATLAM",Senior Secondary Level,"Name : ELITE GLOBAL SCHOOL RATLAM
Head/Principal Name: DR. SHEFALI R. OJHA","Address : DELANPUR, SAILANA ROAD RATLAM
Website : https://eliteglobalschoolratlam.net"
1229,"Aff. No. :1030363
Sch. Code:50327","State : MADHYA PRADESH
District : RATLAM",Senior Secondary Level,"Name : MORNING STAR HIGH SCHOOL
Head/Principal Name: CAROLINE FERNANDES","Address : DISTT. RATLAM, MADHYA PRADESH
Website : www.morningstarratlam.com"
1230,"Aff. No. :1030403
Sch. Code:50364","State : MADHYA PRADESH
District : RATLAM",Senior Secondary Level,"Name : NAHAR GLOBAL SCHOOL
Head/Principal Name: APARNA SHRIVASTAVA","Address : BIBDOD ROAD, IN FRONT OF JAYANT SEN DHAM, RATLAM, MADHYA PRADESH- 457001
Website : www.naharglobal.com"
1231,"Aff. No. :1030416
Sch. Code:50382","State : MADHYA PRADESH
District : RATLAM",Senior Secondary Level,"Name : SAMTA INTERNATIONAL SCHOOL
Head/Principal Name: IFTEKHAR AHMED KHAN","Address : BHAGWAN MAHAVEER MARG, SAGOD ROAD, DISTT & TEH. RATLAM, M.P.-457001
Website : www.samtainternational.in"
1232,"Aff. No. :1030612
Sch. Code:50683","State : MADHYA PRADESH
District : RATLAM",Senior Secondary Level,"Name : SAI SHREE INTERNATIONAL ACADEMY
Head/Principal Name: SHWETA VINCHURKAR","Address : GRAM BARBAD, SAILANA ROAD, RATLAM-457001
Website : www.saishreeinternational.in"
1233,"Aff. No. :1030522
Sch. Code:50488","State : MADHYA PRADESH
District : RATLAM",Senior Secondary Level,"Name : DELHI PUBLIC SCHOOL
Head/Principal Name: DR VISHAL MEHTA","Address : GANGA SAGAR, BARBAD ROAD, RATLAM
Website : https://dpsratlam.com/"
1234,"Aff. No. :1030555
Sch. Code:50524","State : MADHYA PRADESH
District : RATLAM",Senior Secondary Level,"Name : HIMALAYA INTERNATIONAL SCHOOL
Head/Principal Name: SONAL BHATT","Address : MHOW NEEMUCH ROAD
Website : www.himalayainternational.in"
1235,"Aff. No. :1030236
Sch. Code:50212","State : MADHYA PRADESH
District : RATLAM",Senior Secondary Level,"Name : JAORA PUBLIC SCHOOL
Head/Principal Name: PEEYUSH MOONAT","Address : RATLAM ROAD JAORA MADHYA PRADESH
Website : http://www.jaorapublicschool.in"
1236,"Aff. No. :1030230
Sch. Code:50206","State : MADHYA PRADESH
District : RATLAM",Senior Secondary Level,"Name : RATLAM PUBLIC HIGHER SECONDARY SCHOOL
Head/Principal Name: Sanyogita Singh","Address : 150/61, 150/62 VIRIA KHEDI RATLAM MADHYA PRADESH
Website : www.rpsratlam.com"
1237,"Aff. No. :1030290
Sch. Code:50260","State : MADHYA PRADESH
District : RATLAM",Senior Secondary Level,"Name : SHRI GURU TEGH BAHADUR ACADEMY
Head/Principal Name: Rekha Shastri","Address : SHRI ARVIND MARG, BARBAD ROAD RATLAM MADHYA PRADESH
Website : www.sgtba.in"
1238,"Aff. No. :1030271
Sch. Code:50243","State : MADHYA PRADESH
District : RATLAM",Senior Secondary Level,"Name : ST PAUL'S CONVENT SCHOOL
Head/Principal Name: Bhavik Munat","Address : 57 KAMHRI ROAD RATLAM NAKA JAORA MADHYA PRADESH
Website : htpps://saintpaulsconvent.com"
1239,"Aff. No. :1030297
Sch. Code:50265","State : MADHYA PRADESH
District : RATLAM",Senior Secondary Level,"Name : ST PETER'S HIGH SCHOOL
Head/Principal Name: JESSINTHA MARIYA","Address : PIPLOA ROAD JAORA RATLAM MADHYA PRADESH
Website : http://stpetersschooljaora.com/"
1240,"Aff. No. :1030325
Sch. Code:50293","State : MADHYA PRADESH
District : RATLAM",Senior Secondary Level,"Name : THE SAPPHIRE SCHOOL
Head/Principal Name: SHILPIKA MASSY","Address : SAPPHIRE SCHOOL CAMPUS, BARWAD,SAILANA ROAD, DISTT RATLAM, MADHYA PRADESH
Website : https://sapphireschoolratlam.com/cbse-disclosure/"
1241,"Aff. No. :1030340
Sch. Code:50308","State : MADHYA PRADESH
District : RATLAM",Senior Secondary Level,"Name : MARUTI ACADEMY
Head/Principal Name: Dr . Gyanendra Pandey","Address : SATRUNDA, MHOW-NEEMUCH ROAD, DIST. RATLAM, MADHYA PRADESH
Website : www.marutiacademy.com"
1242,"Aff. No. :1030022
Sch. Code:50087","State : MADHYA PRADESH
District : RATLAM",Senior Secondary Level,"Name : ST. JOSEPH'S CONVENT SENIOR SECONDARY SCHOOL
Head/Principal Name: SISTER NIDHI","Address : MITRA NIWAS ROAD RATLAM MADHYA PRADESH
Website : www.sjcratlam.com"
1243,"Aff. No. :1020170
Sch. Code:52180","State : MADHYA PRADESH
District : RATLAM",Senior Secondary Level,"Name : EKLVYA MODEL RESEDENTIAL SCHOOL BAJNA
Head/Principal Name: ABHINASH SAHU","Address : OPPPOSITE BRC BHAVAN BAJNA, BAJNA
Website : www.emrsbajna.in"
1244,"Aff. No. :1020119
Sch. Code:52129","State : MADHYA PRADESH
District : RATLAM",Senior Secondary Level,"Name : KANYA SHIKSHA PARISAR SAILANA
Head/Principal Name: DILIP KUMAR PATIDAR","Address : BANSWADA ROAD BYPASS ROAD SAILANA-457550 DISTRICT RATLAM
Website : https://kanyashikshaparisarsailana.com/"
1245,"Aff. No. :1020120
Sch. Code:52130","State : MADHYA PRADESH
District : RATLAM",Senior Secondary Level,"Name : KANYA SHIKSHA PARISAR
Head/Principal Name: GANTANTRA MEHTA","Address : RATLAM ROAD,JANPAD PANCHAYAT OFFICE KE SAMNE BAJNA
Website : https://kanyashikshaparisarratlam.com/"
1246,"Aff. No. :1000035
Sch. Code:54112","State : MADHYA PRADESH
District : RATLAM",Senior Secondary Level,"Name : PM SHRI VIDYALAYA RATLAM
Head/Principal Name: RAM DAYAL CHANDEL","Address : SAGOD ROAD KHAITALPUR POST BIBROD RATLAM (MADHYA PRADESH)
Website : https://ratlam.kvs.ac.in"
1247,"Aff. No. :1020003
Sch. Code:52004","State : MADHYA PRADESH
District : RATLAM",Senior Secondary Level,"Name : EKLAVYA MODEL RESIDENTIAL SCHOOL
Head/Principal Name: Narendra Singh Gangwar","Address : SCHOOL SAILANA RATLAM MP
Website : www.eklavyaschoolsailana.in"
1248,"Aff. No. :1040026
Sch. Code:54041","State : MADHYA PRADESH
District : RATLAM",Senior Secondary Level,"Name : JAWAHAR NAVODAYA VIDYALAYA
Head/Principal Name: S N Purwar","Address : KALUKHEDA DISTT RATLAM MADHYA PRADESH
Website : https://navodaya.gov.in/nvs/nvs-school/Ratlam-1/en"
1249,"Aff. No. :1031245
Sch. Code:51263","State : MADHYA PRADESH
District : RATLAM",Senior Secondary Level,"Name : DIVINE MERCY SCHOOL
Head/Principal Name: SHALY GEORGE","Address : SAILANA ROAD, TRIMURTI NAGAR
Website : www.divinemercyschoolratlam.com"
1250,"Aff. No. :1031399
Sch. Code:51416","State : MADHYA PRADESH
District : RATLAM",Secondary Level,"Name : SRI SATHYA SAI VIDYA VIHAR
Head/Principal Name: NAMITA LAKHOTIA","Address : EXPRESS CITY CAMPUS, SAGOD ROAD , RATLAM
Website : http://sathyasairatlam.com/"
1251,"Aff. No. :1031054
Sch. Code:51018","State : MADHYA PRADESH
District : RATLAM",Senior Secondary Level,"Name : PHOENIX INTERNATIONAL SCHOOL
Head/Principal Name: HEMENDRA PRAJAPATI","Address : NEAR TOLL TAX, GRAM BHUTEDA, TEHSIL JAORA, DISTRICT RATLAM
Website : www.pisjaora.com"
1252,"Aff. No. :1031025
Sch. Code:50989","State : MADHYA PRADESH
District : RATLAM",Secondary Level,"Name : PODAR INTERNATIONAL SCHOOL
Head/Principal Name: Dr Nishchal Gupta","Address : JHABUA HIGHWAY, VILLAGE KARAMDI
Website : www.podareducation.org"
1253,"Aff. No. :1031031
Sch. Code:50993","State : MADHYA PRADESH
District : RATLAM",Senior Secondary Level,"Name : SCHOLARS PUBLIC SCHOOL
Head/Principal Name: SHEFALI OJHA","Address : AAKAYABENI,BAHAADURPUR ROAD, JAORA
Website : http://scholarsjaora.com"
1254,"Aff. No. :1030973
Sch. Code:50932","State : MADHYA PRADESH
District : RATLAM",Senior Secondary Level,"Name : BODHI INTERNATIONAL SKOOL
Head/Principal Name: DOLLY CHAUHAN","Address : SCH NO. 64, PREMNATH DONGRE NAGAR
Website : www.bodhiinternationalskool.com"
1255,"Aff. No. :1030978
Sch. Code:50940","State : MADHYA PRADESH
District : RATLAM",Senior Secondary Level,"Name : SHREE MAHAVEER HIGHER SECONDARY SCHOOL
Head/Principal Name: Manoj Sharma","Address : SHRI RAMSINGH DARBAR ROAD, ALOTE DISTRICT-RATLAM (M.P.)-457114
Website : www.smvalot.com"
1256,"Aff. No. :1080010
Sch. Code:54011","State : MADHYA PRADESH
District : RATLAM",Senior Secondary Level,"Name : RAILWAY HIGHER SEC. SCHOOL
Head/Principal Name: JAYDEV GOSWAMI","Address : OLD RAILWAY COLONY, RATLAM, MADHYA PRASESH
Website :"
1257,"Aff. No. :1040150
Sch. Code:54260","State : MADHYA PRADESH
District : RATLAM",Senior Secondary Level,"Name : PM SHRI SCHOOL JAWAHAR NAVODAYA VIDYALAYA
Head/Principal Name: SHANTI LAL TELI","Address : ALOTE, RATLAM-II
Website : https://navodaya.gov.in/nvs/nvs-school/Ratlam-2/en"
1258,"Aff. No. :1080001
Sch. Code:54008","State : MADHYA PRADESH
District : REWA",Senior Secondary Level,"Name : SAINIK SCHOOL
Head/Principal Name: Col Avinash Rawal","Address : CIVIL LINES, DISTT REWA MADHYA PRADESH
Website : www.sainikschoolrewa.ac.in"
1259,"Aff. No. :1040035
Sch. Code:54042","State : MADHYA PRADESH
District : REWA",Senior Secondary Level,"Name : JAWAHAR NAVODAYA VIDYALAYA
Head/Principal Name: MANEESH KUMAR TIWARI","Address : SIRMOUR DISTT.REWA MADHYA PRADESH
Website : https://navodaya.gov.in/nvs/nvs-school/REWA/en/home/"
1260,"Aff. No. :1030993
Sch. Code:50958","State : MADHYA PRADESH
District : REWA",Senior Secondary Level,"Name : SANSKAR VALLEY PUBLIC SCHOOL
Head/Principal Name: SANJAY KUMAR TIWARI","Address : BANKUIYAN ROAD MAIDANI,
Website : www.svpsrewa.in"
1261,"Aff. No. :1030999
Sch. Code:50964","State : MADHYA PRADESH
District : REWA",Secondary Level,"Name : LATE M.L. CHAURASIA PUBLIC SCHOOL
Head/Principal Name: Mrs JYOTSHNA MISHRA","Address : KHAMA, GUR, REWA
Website : https://latemlchaurasiyapublic.schoo.webs.com"
1262,"Aff. No. :1030940
Sch. Code:50913","State : MADHYA PRADESH
District : REWA",Senior Secondary Level,"Name : DE PAUL SCHOOL
Head/Principal Name: JOHNSON JOSEPH","Address : VIDYA NAGAR, MAIDANI REWA (M.P) 486001
Website : https://depaulrewa.com/"
1263,"Aff. No. :1030952
Sch. Code:50919","State : MADHYA PRADESH
District : REWA",Senior Secondary Level,"Name : WISDOM VALLEY SECONDARY SCHOOL.REWA
Head/Principal Name: MAYA RANI SINGH","Address : WISDOM VALLEY SEC.SCHOOL.GANGEO HOUSE, VENKAT BATTALION.
Website : www.wisdomvalleyrewa.in"
1264,"Aff. No. :1031041
Sch. Code:51005","State : MADHYA PRADESH
District : REWA",Senior Secondary Level,"Name : BILLABONG HIGH INTERNATIONAL SCHOOL
Head/Principal Name: ARICK SWAMY","Address : BEHIND RADHASOAMI SATSANG BHAWAN KHAIRA, CHORHATA,
Website : www.billabonghighrewa.com"
1265,"Aff. No. :1031015
Sch. Code:50979","State : MADHYA PRADESH
District : REWA",Senior Secondary Level,"Name : ST. JOSEPH ACADEMY
Head/Principal Name: SMITA SINGH","Address : SHAKUNTALA TOWER,BODA BAGH ROAD, CIVIL LINE
Website : http://www.rewa.shemford.com"
1266,"Aff. No. :1031086
Sch. Code:51054","State : MADHYA PRADESH
District : REWA",Senior Secondary Level,"Name : MOUNT LITERA ZEE SCHOOL
Head/Principal Name: ANITA SINGH","Address : NEAR AJGARAHA BYPASS, BEHIND GOKUL DHAM, HARIHARPUR
Website : http://www.mountliterarewa.com"
1267,"Aff. No. :1031390
Sch. Code:51407","State : MADHYA PRADESH
District : REWA",Senior Secondary Level,"Name : VANASTHALI SCHOOL
Head/Principal Name: DIPTI AGRAWAL","Address : NEAR JNCT, BYPASS CROSSING, RATAHRA
Website : https://vanasthalirewa.com/"
1268,"Aff. No. :1031367
Sch. Code:51384","State : MADHYA PRADESH
District : REWA",Senior Secondary Level,"Name : REWA INTERNATIONAL PUBLIC SCHOOL
Head/Principal Name: MUNENDRA SINGH","Address : WARD NO 15,, GADARIYA, RATAHARA REWA, DIST. REWA, MP
Website : http://www.rihs.co.in/"
1269,"Aff. No. :1031354
Sch. Code:51372","State : MADHYA PRADESH
District : REWA",Secondary Level,"Name : TENDER HEART INTERNATIONAL SCHOOL
Head/Principal Name: D K Singh","Address : REWA,, DIST.- REWA, MP
Website : http://thischool.com/"
1270,"Aff. No. :1031333
Sch. Code:51350","State : MADHYA PRADESH
District : REWA",Senior Secondary Level,"Name : BANDHAV PUBLIC HIGHER SECONDARY SCHOOL THE FORT REWA MP
Head/Principal Name: RUKSAR KHAN","Address : WARD NO 37, UPRAHTI THE FORT REWA MP, WARD NO 37, UPRAHTI THE FORT REWA MP
Website : http://bandhavpublicrewa.com/"
1271,"Aff. No. :1031237
Sch. Code:51255","State : MADHYA PRADESH
District : REWA",Senior Secondary Level,"Name : INTEGRITY SCHOOL OF EXCELLENCE
Head/Principal Name: SANJAY KUMAR SONDHIYA","Address : WARD NO 43 BADRAON- GURH ROAD REWA
Website : www.iserewa.in"
1272,"Aff. No. :1031253
Sch. Code:51273","State : MADHYA PRADESH
District : REWA",Secondary Level,"Name : DOON PUBLIC SCHOOL REWA
Head/Principal Name: SUMAN PATEL","Address : VILLAGE ITAHA,POST –HARIHARPUR , BODHBAGH,MAJHIYAR ROAD NEAR AJAGARHA, TEHSIL HUZUR,REWA
Website : www.doonpublicschoolrewa.in"
1273,"Aff. No. :1031496
Sch. Code:51514","State : MADHYA PRADESH
District : REWA",Senior Secondary Level,"Name : SAI PUBLIC SCHOOL
Head/Principal Name: VIKAS KUMAR DWIVEDI","Address : AT - SAMAN BANDH, PO- NEAR SADHU SHREE MARRIAGE GARDEN, PS - SHARDAPURAM
Website : https://www.saipublicschool.co.in/"
1274,"Aff. No. :1000025
Sch. Code:54113","State : MADHYA PRADESH
District : REWA",Senior Secondary Level,"Name : PM SHRI KENDRIYA VIDYALAYA
Head/Principal Name: MAHALAXMI PANDEY","Address : CIVIL LINES REWA MADHYA PRADESH
Website : https://no1rewa.kvs.ac.in/"
1275,"Aff. No. :1000076
Sch. Code:54137","State : MADHYA PRADESH
District : REWA",Senior Secondary Level,"Name : PM SHRI KENDRIYA VIDYALAYA NO. 2
Head/Principal Name: Yogesh Kumar Pandey","Address : CIVIL LINES REWA, MP
Website : https://no2rewa.kvs.ac.in"
1276,"Aff. No. :1030279
Sch. Code:50251","State : MADHYA PRADESH
District : REWA",Senior Secondary Level,"Name : SACRED HEART CONVENT SCHOOL
Head/Principal Name: SHERLY GEORGE","Address : STATION ROAD PODRA HIZUR REWA, MADHYA PRADESH
Website : www.sacredheartrewa.com"
1277,"Aff. No. :1030203
Sch. Code:50182","State : MADHYA PRADESH
District : REWA",Senior Secondary Level,"Name : GURUKUL PURV MADHYAMIK VIDYALAYA
Head/Principal Name: PUSPENDRA NARAYAN TRIPATHI","Address : KHERA ROAD CHORHUT DISTT REWA MADHYA PRADESH
Website :"
1278,"Aff. No. :1030158
Sch. Code:50147","State : MADHYA PRADESH
District : REWA",Senior Secondary Level,"Name : BAL BHARTI SCHOOL
Head/Principal Name: DHANANJAY TIWARI","Address : SIRMAUR CHOWK REWA MADHYA PRADESH
Website : https://balbharatischool.in/disclosure.php"
1279,"Aff. No. :1030136
Sch. Code:50090","State : MADHYA PRADESH
District : REWA",Senior Secondary Level,"Name : JYOTI SENIOR SECONDARY SCHOOL
Head/Principal Name: FR SIJU JOHN","Address : ALLAHABAD ROAD HPO REWA MADHYA PRADESH
Website : www.jsssrewa.org"
1280,"Aff. No. :1030053
Sch. Code:50088","State : MADHYA PRADESH
District : REWA",Senior Secondary Level,"Name : CENTRAL ACADEMY
Head/Principal Name: DR DINESH KUMAR PATHAK","Address : CIVIL LINES NEAR NCC OFFICE REWA MADHYA PRADESH
Website : www.centralacademyrewa.com"
1281,"Aff. No. :1030054
Sch. Code:50089","State : MADHYA PRADESH
District : REWA",Senior Secondary Level,"Name : JAY JYOTI SCHOOL
Head/Principal Name: DR. PRADEEP KUMAR NIGAM","Address : C/O JAYPEE REWA CEMENT P.O. JAYPEE NAGAR DISTT REWA MADHYA PRADESH
Website : www.jaypeeschools-jjs-rewa.org"
1282,"Aff. No. :1030559
Sch. Code:50525","State : MADHYA PRADESH
District : REWA",Senior Secondary Level,"Name : DELHI PUBLIC SCHOOL-REWA
Head/Principal Name: RANJANA BANSAL","Address : POST AND VILLLAGE ATTARIYA,TEHSIL-HUZUR
Website : www.dpsrewa.in"
1283,"Aff. No. :1030532
Sch. Code:50496","State : MADHYA PRADESH
District : REWA",Senior Secondary Level,"Name : RAJ HANS SCHOOL REWA
Head/Principal Name: Raj Bhan Singh Parihar","Address : RAJ HANS SCHOOL SIRMOUR CHOWK REWA
Website : www.rajhansrewa.in"
1284,"Aff. No. :1030597
Sch. Code:50562","State : MADHYA PRADESH
District : REWA",Senior Secondary Level,"Name : MAHARISHI VIDYA MANDIR REWA
Head/Principal Name: BASANT KUMAR RAWAT","Address : NH-7 ROAD VILLAGE KOSTA, PO RATHARA, REWA
Website : www.mvmrewa.org"
1285,"Aff. No. :1030392
Sch. Code:50426","State : MADHYA PRADESH
District : REWA",Senior Secondary Level,"Name : GYANASTHALI VIDYALAYA
Head/Principal Name: Saloni Batra","Address : SIRMOUR CHOURAHA, TEHSIL- HUZOOR, DISTT REWA, MADHYA PRADESH
Website : www.gyanasthali.org"
1286,"Aff. No. :1030831
Sch. Code:50796","State : MADHYA PRADESH
District : REWA",Senior Secondary Level,"Name : SOHAGI PUBLIC SCHOOL
Head/Principal Name: J P Singh","Address : KHATIA, SOHAGI, REWA, MP
Website : www.sohagirewa.org"
1287,"Aff. No. :1030799
Sch. Code:50761","State : MADHYA PRADESH
District : REWA",Senior Secondary Level,"Name : GEETAANJALI PUBLIC SCHOOL
Head/Principal Name: NEELAM SINGH","Address : MAIDANI, KAHARIYA HUZUR
Website : http://www.geetanjalipublicschool.org"
1288,"Aff. No. :1030883
Sch. Code:50848","State : MADHYA PRADESH
District : REWA",Senior Secondary Level,"Name : CENTRAL PUBLIC SR. SEC. SCHOOL (CPS)
Head/Principal Name: ANAMIKA PATHAK","Address : WARD NO-07 NAGAR PARISHAD CHAKGHAT REWA MP 486226
Website : www.cpschakghat.com"
1289,"Aff. No. :1030703
Sch. Code:50665","State : MADHYA PRADESH
District : REWA",Senior Secondary Level,"Name : KIDS WORLD SCHOOL
Head/Principal Name: Jagat Bhanu Pal","Address : HLK NO 14, SAW, REWA
Website : www.kidzworldschool.com"
1290,"Aff. No. :1030657
Sch. Code:50620","State : MADHYA PRADESH
District : REWA",Senior Secondary Level,"Name : SHRAVAN KUMARI HIGHER SECONDARY SCHOOL,
Head/Principal Name: DINKAR PRASAD SHUKLA","Address : CHIRAHULA, REWA (M.P.)
Website : www.shravankumarischool.com"
1291,"Aff. No. :1030659
Sch. Code:50622","State : MADHYA PRADESH
District : REWA",Senior Secondary Level,"Name : GEETA JYOTI SCHOOL
Head/Principal Name: RAKESH KUMAR TIWARI","Address : GANDHI NAGAR, URRAHAT
Website : www.geetajyotischool.org"
1292,"Aff. No. :1030635
Sch. Code:50602","State : MADHYA PRADESH
District : SAGAR",Senior Secondary Level,"Name : DELHI PUBLIC SCHOOL SAGAR
Head/Principal Name: RAVIKANTH VAJAPEYAJULA","Address : SAGAR -BINA ROAD, VILLAGE PATHARIYA HAT, AHEAD OF HARYALI BAZAR
Website : www.dpssagar.edu.in"
1293,"Aff. No. :1030642
Sch. Code:50876","State : MADHYA PRADESH
District : SAGAR",Senior Secondary Level,"Name : GOMTI NANDAN PUBLIC SCHOOL
Head/Principal Name: SHIKHA AGRAWAL","Address : GANDHI WARD, BINA DIST - SAGAR
Website : https://mygnps.com/"
1294,"Aff. No. :1030748
Sch. Code:50712","State : MADHYA PRADESH
District : SAGAR",Senior Secondary Level,"Name : MAHAR REGIMENT PUBLIC SCHOOL SAGAR
Head/Principal Name: ASHMI JAIN","Address : MAHAR REGIMENT PUBLIC SCHOOL, JHANSI ROAD. SAGAR (M.P.)
Website : http://www.mrpssagar.com"
1295,"Aff. No. :1030867
Sch. Code:50828","State : MADHYA PRADESH
District : SAGAR",Senior Secondary Level,"Name : ST. JOSEPHS SCHOOL, BANDA
Head/Principal Name: FR NIJO JOHN K","Address : KANPUR ROAD, JAMUNIYA
Website : www.stjosephsbanda.com"
1296,"Aff. No. :1030928
Sch. Code:50891","State : MADHYA PRADESH
District : SAGAR",Senior Secondary Level,"Name : AWADH PRABHA VIDYA PEETH AN ENGLISH MEDIUM SCHOOL
Head/Principal Name: DOLLY KHARE","Address : BINA ROAD BESRA MALTHONE
Website : www.apvp.co.in"
1297,"Aff. No. :1030812
Sch. Code:50776","State : MADHYA PRADESH
District : SAGAR",Senior Secondary Level,"Name : NOBLE PUBLIC SCHOOL
Head/Principal Name: KOSHY JACOB","Address : GRAM SILARI, TEHSIL DEORI DISTRICT SAGAR MP
Website : www.npssillari.in"
1298,"Aff. No. :1030402
Sch. Code:50360","State : MADHYA PRADESH
District : SAGAR",Senior Secondary Level,"Name : NIRMAL JYOTI HIGHER SECONDARY SCHOOL
Head/Principal Name: SR THERESE","Address : BINA DIST SAGAR MADHYA PRADESH - 470113
Website : https://www.nirmaljyotischoolbina.com/"
1299,"Aff. No. :1030455
Sch. Code:50421","State : MADHYA PRADESH
District : SAGAR",Senior Secondary Level,"Name : LITTLE STAR SHAILESH MEMORIAL SCHOOL
Head/Principal Name: SATBIR SINGH","Address : DR. HARI SINGH GOUR NAGAR, MAKRONIA
Website :"
1300,"Aff. No. :1030631
Sch. Code:50599","State : MADHYA PRADESH
District : SAGAR",Senior Secondary Level,"Name : CHRIST CONVENT SCHOOL PATNA BUJURG REHLI
Head/Principal Name: SR JANCY PP","Address : CHRIST CONVENT SCHOOL PATNA BUJURG REHLI WINDOW NO.1 SAGAR DISTRICT M.P. 470227
Website : www.christpatnarehli.edu.in"
1301,"Aff. No. :1030535
Sch. Code:50502","State : MADHYA PRADESH
District : SAGAR",Senior Secondary Level,"Name : GREATMEN INTERNATIONAL SCHOOL
Head/Principal Name: LISSY LOUIS","Address : VILLAGE BAMORA, NEAR MAKRONIA RAILWAY STATION,
Website : http://www.greatmensagar.com"
1302,"Aff. No. :1030506
Sch. Code:50469","State : MADHYA PRADESH
District : SAGAR",Senior Secondary Level,"Name : DAV BR PUBLIC SCHOOL
Head/Principal Name: ASHOK KUMAR MISHRA","Address : BORL TOWNSHIP, VILLAGE: AGASOD, BINA, DISTRICT: SAGAR, MP
Website : https://davbr.org"
1303,"Aff. No. :1030044
Sch. Code:50092","State : MADHYA PRADESH
District : SAGAR",Senior Secondary Level,"Name : ST. JOSEPH'S CONVENT SR SEC SCHOOL
Head/Principal Name: MOLY THOMAS","Address : SAUGOR MADHYA PRADESH
Website : www.sjcsagar.net"
1304,"Aff. No. :1030095
Sch. Code:50093","State : MADHYA PRADESH
District : SAGAR",Senior Secondary Level,"Name : VATSALYA SENIOR SECONDARY SCHOOL
Head/Principal Name: Alka Shrivastava","Address : PILIKOTHI - 38 SAGAR CANTT MADHYA PRADESH
Website : https://vatsalya.unicampus.in"
1305,"Aff. No. :1030083
Sch. Code:50094","State : MADHYA PRADESH
District : SAGAR",Senior Secondary Level,"Name : MAHARISHI VIDYA MANDIR
Head/Principal Name: SUNIL KUMAR UPADHYAY","Address : BHOPAL ROAD LEHDARA NAKA SAGAR MADHYA PRADESH
Website : www.mvmsagar.org"
1306,"Aff. No. :1030125
Sch. Code:50095","State : MADHYA PRADESH
District : SAGAR",Senior Secondary Level,"Name : DEEPAK MEMORIAL ACADEMY
Head/Principal Name: RITOO JAISWAL","Address : OPPOSITE KRISHNA MANDIR RAJAKEHRI ANAND NAGAR MAKRONIA SAGAR MADHYA PRADESH
Website : www.dmasagar.com"
1307,"Aff. No. :1030208
Sch. Code:50188","State : MADHYA PRADESH
District : SAGAR",Senior Secondary Level,"Name : PARAS VIDYA VIHAR
Head/Principal Name: Ritu Soni","Address : TILLI WARD, DISTT SAGAR MADHYA PRADESH
Website : www.parasvidyavihar.org"
1308,"Aff. No. :1030232
Sch. Code:50207","State : MADHYA PRADESH
District : SAGAR",Senior Secondary Level,"Name : GYANODAYA S M V M HIGHER SECONDARY SCHOOL
Head/Principal Name: Girish Belkar","Address : GURUKUL CAMPUS KHURAI DISTT SAGAR MADHYA PRADESH
Website :"
1309,"Aff. No. :1030250
Sch. Code:50222","State : MADHYA PRADESH
District : SAGAR",Senior Secondary Level,"Name : JOY & CHAMPION PUBLIC SCHOOL
Head/Principal Name: PANKAJ MUKHARYA","Address : OPP IIT BARA KARILA KHUROI ROAD SAGAR MADHYA PRADESH
Website : www.jcssagar.com"
1310,"Aff. No. :1030296
Sch. Code:50264","State : MADHYA PRADESH
District : SAGAR",Senior Secondary Level,"Name : HOLY FAMILY CONVENT HIGHER SECONDARY SCHOOL
Head/Principal Name: BENSY V K","Address : PO KHURAI KHURAI SAGAR MADHYA PRADESH
Website : www.hfcskkhurai.edu.in"
1311,"Aff. No. :1030306
Sch. Code:50272","State : MADHYA PRADESH
District : SAGAR",Senior Secondary Level,"Name : ST MARY'S SCHOOL
Head/Principal Name: SIJIMOL JOSE","Address : GOUR NAGAR MAKRANIA SAGAR MADHYA PRADESH
Website : www.stmarys.ac.in"
1312,"Aff. No. :1000069
Sch. Code:54117","State : MADHYA PRADESH
District : SAGAR",Senior Secondary Level,"Name : PM SHRI KENDRIYA VIDYALAYA NO TWO SAGAR
Head/Principal Name: Sunil Kumar Tiwari","Address : PT. DEENDAYAL NAGAR, MAKRONIA, SAGAR MADHYA PRADESH
Website : https://no2sagar.kvs.ac.in"
1313,"Aff. No. :1000047
Sch. Code:54115","State : MADHYA PRADESH
District : SAGAR",Senior Secondary Level,"Name : PM SHRI KENDRIYA VIDYALAYA
Head/Principal Name: SUNITA GUPTA","Address : BINA OPP. RAILWAY STATION DISTT SAGAR MADHYA PRADESH
Website : www.bina.kvs.ac.in"
1314,"Aff. No. :1000022
Sch. Code:54116","State : MADHYA PRADESH
District : SAGAR",Senior Secondary Level,"Name : PM SHRI KENDRIYA VIDYALAYA
Head/Principal Name: VINOD KUMAR","Address : ARMY CAMP DHANA SAGAR DISTT MADHYA PRADESH
Website : https://dhana.kvs.ac.in/"
1315,"Aff. No. :1000007
Sch. Code:54114","State : MADHYA PRADESH
District : SAGAR",Senior Secondary Level,"Name : PM SHRI KENDRIYA VIDYALAYA NO 1
Head/Principal Name: MANISH GUPTA","Address : 10 MALL ROAD OPP CANTT BOARD OFFICE SAGAR CANTT MADHYA PRADESH
Website : https://no1sagarcantt.kvs.ac.in"
1316,"Aff. No. :1000079
Sch. Code:54139","State : MADHYA PRADESH
District : SAGAR",Senior Secondary Level,"Name : PM SHRI KENDRIYA VIDYALAYA NO.3
Head/Principal Name: DHARMENDRA BHARADWAJ","Address : NEAR KISHOR NYAYALAYA RAJGHAT ROAD, TILLI SAGAR, MP-470001
Website :"
1317,"Aff. No. :1000253
Sch. Code:54258","State : MADHYA PRADESH
District : SAGAR",Secondary Level,"Name : KENDRIYA VIDYALAYA NO.IV SAGAR (DHSGV)
Head/Principal Name: RAJENDRA SINGH VERMA","Address : DR.HARISINGH GAUR VISHWAVIDYALAYA CAMPUS, SAGAR (M.P.) PIN 470003
Website : https://sagarno4hsgv.kvs.ac.in"
1318,"Aff. No. :1020171
Sch. Code:52181","State : MADHYA PRADESH
District : SAGAR",Senior Secondary Level,"Name : GYANODAYA VIDYALAYA SAGAR (M.P.)
Head/Principal Name: MAHESH KUMAR SONI","Address : SOMNATHPURAM ROAD , TILI SAGAR, SOMNATHPURAM ROAD , TILI SAGAR
Website : www.ggavs.com"
1319,"Aff. No. :1031492
Sch. Code:51510","State : MADHYA PRADESH
District : SAGAR",Secondary Level,"Name : VIDHYA PATH STHALI VIDYALAYA
Head/Principal Name: NISHAR KHAN","Address : JABALPUR BYPASS, SAGAR ROAD , REHLI
Website : www.vidhyapathsthalividyalaya.com"
1320,"Aff. No. :1040002
Sch. Code:54043","State : MADHYA PRADESH
District : SAGAR",Senior Secondary Level,"Name : JAWAHAR NAVODAYA VIDYALAYA
Head/Principal Name: YOGENDRA SINGH BHADAURIA","Address : KHURAI DISTT SAGAR MADHYA PRADESH
Website : www.navodaya.gov.in/nvs/nvs-school/SAGAR/en/home"
1321,"Aff. No. :1031508
Sch. Code:51526","State : MADHYA PRADESH
District : SAGAR",Senior Secondary Level,"Name : GURUDEV PUBLIC SCHOOL
Head/Principal Name: RAGHUBEER SINGH","Address : VILLAGE PEEPALKHEDI, BINA, SAGAR
Website : www,gpsbina.net"
1322,"Aff. No. :1031431
Sch. Code:51448","State : MADHYA PRADESH
District : SAGAR",Senior Secondary Level,"Name : MASCOT PUBLIC SCHOOL
Head/Principal Name: Anju Ajmani","Address : PATHARIYA HATT KHURAI ROAD, SAGAR, DIST SAGAR, MP
Website : https://mascotpublicschool.co.in"
1323,"Aff. No. :1031238
Sch. Code:51256","State : MADHYA PRADESH
District : SAGAR",Senior Secondary Level,"Name : DELHI PUBLIC SEC. SCHOOL,KHURAI
Head/Principal Name: ANJULA RATAN","Address : INFRONT OF NEW BUS STAND,SAGAR ROAD,KHURAI
Website : https://www.dpskhurai.in"
1324,"Aff. No. :1031303
Sch. Code:51320","State : MADHYA PRADESH
District : SAGAR",Senior Secondary Level,"Name : ACHARYASHRI VIDYASAGAR PUBLIC SCHOOL
Head/Principal Name: DR. RAVINDRA SINGH SIROHI","Address : NH 86 , VILLAGE JAMUNIYA
Website : www.avpsglobal.com"
1325,"Aff. No. :1031301
Sch. Code:51155","State : MADHYA PRADESH
District : SAGAR",Senior Secondary Level,"Name : CAMBRIDGE HEIGHTS SCHOOL
Head/Principal Name: REKHA AGARWAL","Address : NEAR GYANVEER COLLEGE, RAJGHAT ROAD, TILLI, SAGAR , M.P.
Website : www.cambridgeheights.in"
1326,"Aff. No. :1031342
Sch. Code:51359","State : MADHYA PRADESH
District : SAGAR",Senior Secondary Level,"Name : MODERN INTERNATIONAL SCHOOL
Head/Principal Name: ARPIT VAIDYA","Address : TEHSIL DEORI,, DIST. SAGAR, MP
Website : http://misdeori.org/"
1327,"Aff. No. :1031106
Sch. Code:51079","State : MADHYA PRADESH
District : SAGAR",Senior Secondary Level,"Name : JAIN PUBLIC HIGHER SECONDARY SCHOOL
Head/Principal Name: RAJNISH JAIN","Address : NEAR BUSTAND,GOPALGANJ SAGAR
Website : www.jpssagar.com"
1328,"Aff. No. :1031127
Sch. Code:51095","State : MADHYA PRADESH
District : SAGAR",Senior Secondary Level,"Name : SARDAR PATEL HIGH SECONDARY SCHOOL
Head/Principal Name: KAPIL DEV SHUKLA","Address : JAYPEE BINA,JAYPEE THERMAL POWER PLANT,VILLAGE SIRCHOUPI,BINA,DISTT.SAGAR (MP)
Website : www.jaypeeschools-sphssbina.org"
1329,"Aff. No. :1031128
Sch. Code:51102","State : MADHYA PRADESH
District : SAGAR",Senior Secondary Level,"Name : ISHWARI DEVI INTERNATIONAL PUBLIC SCHOOL
Head/Principal Name: RASHMI SUNDRANI","Address : VILLAGE: LAHDARA, BHOPAL ROAD, SAGAR M.P. 470001
Website : www.ipssagar.com"
1330,"Aff. No. :1031027
Sch. Code:50996","State : MADHYA PRADESH
District : SAGAR",Senior Secondary Level,"Name : DELHI PUBLIC SCHOOL MAKRONIA
Head/Principal Name: JIJEESH JOSEPH","Address : NEAR GYANSAGAR COLLEGE OF ENGINEERING NH-26 SIRONJA
Website : www.dpsmakronia.com"
1331,"Aff. No. :1030956
Sch. Code:50921","State : MADHYA PRADESH
District : SAGAR",Senior Secondary Level,"Name : DOON WORLD PUBLIC SCHOOL, SAGAR
Head/Principal Name: DR. MANJU KOHLI","Address : NH-26, BERKHEDI GURU, NEAR BAMHORI CHOURAHA, NARSINGHPUR ROAD, SAGAR (M.P.)
Website : www.dwpssagar.com"
1332,"Aff. No. :1030991
Sch. Code:50957","State : MADHYA PRADESH
District : SAGAR",Secondary Level,"Name : THE VIPRA INTERNATIONAL ACADEMY
Head/Principal Name: PRACHI SINGH","Address : PATHRIYA BEDNI, GAMBHIRIYA HAT, RAHATGARH
Website : www.viasagar.in"
1333,"Aff. No. :1030988
Sch. Code:50953","State : MADHYA PRADESH
District : SAGAR",Senior Secondary Level,"Name : AHLCON HEIGHTS INTERNATIONAL SCHOOL
Head/Principal Name: TRIPTI","Address : PATKUI-BARARU ROAD,BARARU,SAGAR(M.P.)
Website : www.ahlconsagar.com"
1334,"Aff. No. :1030986
Sch. Code:50951","State : MADHYA PRADESH
District : SAGAR",Senior Secondary Level,"Name : ST THOMAS CONVENT SCHOOL
Head/Principal Name: BENNET PANTHALLUKARAN OUSEPH","Address : VIDISHA ROAD
Website : www.stthomasrahatgarh.com"
1335,"Aff. No. :1080002
Sch. Code:54009","State : MADHYA PRADESH
District : SAGAR",Senior Secondary Level,"Name : ARMY PUBLIC SCHOOL
Head/Principal Name: JYOTI DUBEY","Address : KORE GAON, DISTT SAGAR CANTT, MADHYA PRADESH
Website : https://apssaugor.edu.in"
1336,"Aff. No. :1030967
Sch. Code:50927","State : MADHYA PRADESH
District : SATNA",Senior Secondary Level,"Name : ACADEMIC HEIGHTS PUBLIC SCHOOL
Head/Principal Name: HIMANI SINGH","Address : CHANDI DAI ROAD, VILL.-KARHI PAWAI, PANCHAYAT-KARHI KOTHAR
Website : www.academicheightssatna.in"
1337,"Aff. No. :1030968
Sch. Code:50934","State : MADHYA PRADESH
District : SATNA",Senior Secondary Level,"Name : SWAMI VIVEKANAND PUBLIC SCHOOL
Head/Principal Name: SANJEEV KUMAR SHRIVASTAVA","Address : BEHIND NEW GALA MANDI, NAGOD, SATNA
Website : www.svpsnagod.com"
1338,"Aff. No. :1031018
Sch. Code:50986","State : MADHYA PRADESH
District : SATNA",Secondary Level,"Name : SHRI RAWATPURA SARKAR INTERNATIONAL SCHOOL
Head/Principal Name: DR. PREETI SHRIVASTAVA","Address : SHRINGARVAN, SATNA ROAD, CHITRAKOOT DISTT-SATNA (M.P.)
Website : http://www.srickt.org/internationalschool/"
1339,"Aff. No. :1031096
Sch. Code:51084","State : MADHYA PRADESH
District : SATNA",Senior Secondary Level,"Name : THE VITS SCHOOL
Head/Principal Name: VIVEK SINGH","Address : KARHI ROAD AMOUDHA SATNA
Website : www.thevitsschool.com"
1340,"Aff. No. :1031101
Sch. Code:51073","State : MADHYA PRADESH
District : SATNA",Senior Secondary Level,"Name : MOUNT LITERA ZEE SCHOOL
Head/Principal Name: RISHANK ARORA","Address : NH 75, SIDHAULI, NEAR MADHAVGARH, MARAUHA
Website : www.mountlierasatna.com"
1341,"Aff. No. :1031391
Sch. Code:51408","State : MADHYA PRADESH
District : SATNA",Senior Secondary Level,"Name : THE SHAPE INTERNATIONAL SCHOOL,WARD NO. 08, NADAN TOLA, RAMNAGAR ROAD, AMARPATAN
Head/Principal Name: Ashish Shukla","Address : WARD NO. 08, NADAN TOLA, RAMNAGAR ROAD, AMARPATAN, DISTRICT-SATNA
Website : www.theshapeinternationalschool.com"
1342,"Aff. No. :1031393
Sch. Code:51410","State : MADHYA PRADESH
District : SATNA",Senior Secondary Level,"Name : BHARAT INTERNATIONAL SCHOOL
Head/Principal Name: Maneesh Kumar Tiwari","Address : NEAR TAPA POWER HOUSE, JAMUNA ROAD, RAMPUR BAGHELAN DISTRICT SATNA
Website : www.bisrampur.org"
1343,"Aff. No. :1031436
Sch. Code:51453","State : MADHYA PRADESH
District : SATNA",Secondary Level,"Name : ANUPAMA IRIS INTERNATIONAL
Head/Principal Name: NAMITA SHUKLA","Address : KHASRA NO 504/2, BARAKALAN, NEAR TOLL PLAZA, SH-11, KOTHI ROAD , TAHSIL RAGHURAJ NAGAR
Website : https://anupamairisinternational.in"
1344,"Aff. No. :1031447
Sch. Code:51464","State : MADHYA PRADESH
District : SATNA",Secondary Level,"Name : SAI KIDS SCHOOL
Head/Principal Name: MEENU KHILWANI","Address : BEDISE SOHAWAL STADIUM,SOHAWAL, BABUPUR PANCHAYAT, SOHAWAL, DIST SATNA
Website : https://saikidsschoolsohawal.in/"
1345,"Aff. No. :1040008
Sch. Code:54044","State : MADHYA PRADESH
District : SATNA",Senior Secondary Level,"Name : JAWAHAR NOVODAYA VIDYALAYA
Head/Principal Name: MD SHAKIR","Address : RAHIKWARA DISTT SATNA MADHYA PRADESH
Website : https://www.navodaya.gov.in/nvs/nvs-school/SATNA/e"
1346,"Aff. No. :1031503
Sch. Code:51521","State : MADHYA PRADESH
District : SATNA",Secondary Level,"Name : THE BHUWAN'S SRIJAN ACADEMY
Head/Principal Name: Smita Bhattacharya","Address : KOTHI ROAD, BAGAHA SATNA, MADHYA PRADESH
Website : www.bhuwansrijanacademy.com"
1347,"Aff. No. :1031482
Sch. Code:51500","State : MADHYA PRADESH
District : SATNA",Secondary Level,"Name : SETH ANANDRAM JAIPURIA SCHOOL
Head/Principal Name: Seema Sanadhya","Address : BEHIND SIDDHI VINAYAK TEMPLE, HATI ROAD, KOTHI ROAD, SATNA DIST. - SATNA, MP
Website : https://jaipuriaschoolssatna.com/"
1348,"Aff. No. :1020029
Sch. Code:51028","State : MADHYA PRADESH
District : SATNA",Senior Secondary Level,"Name : EKLAVYA MODEL RESIDENTIAL SCHOOL, CHITRAKOOT, SATNA, M.P.
Head/Principal Name: ASHOK KUMAR DUBEY","Address : CHITRAKOOT, DISTT. SATNA, MADHYA PRADESH, PIN CODE- 485334
Website : www.emrschitrakoot.in"
1349,"Aff. No. :1000092
Sch. Code:54153","State : MADHYA PRADESH
District : SATNA",Senior Secondary Level,"Name : PM SHRI KENDRIYA VIDYALAYA NO 2
Head/Principal Name: RAJKUMAR VISHWAKARMA","Address : OLD PLYTECHNIC BHAWAN, CIVIL LINES, SATNA, MADHYA PRADESH
Website : https://no2satna.kvs.ac.in"
1350,"Aff. No. :1020027
Sch. Code:52027","State : MADHYA PRADESH
District : SATNA",Senior Secondary Level,"Name : EKLAVYA MODEL RESIDENTIAL SCHOOL MAIHAR
Head/Principal Name: GANGA SINGH","Address : DISTT. SATNA, MAA SHARDA DEVI TEMPLE ROAD, ARKANDI MAIHAR, DISTT, SATNA- 485 771 MP
Website : http://www.emrsmaihar.co.in"
1351,"Aff. No. :1000050
Sch. Code:54118","State : MADHYA PRADESH
District : SATNA",Senior Secondary Level,"Name : PM SHRI KENDRIYA VIDYALAYA
Head/Principal Name: SURYA KANT PATHAK","Address : NEAR TRANSPORT NAGAR REWA ROAD SATNA MADHYA PRADESH
Website : https://no1satna.kvs.ac.in/"
1352,"Aff. No. :1030207
Sch. Code:50183","State : MADHYA PRADESH
District : SATNA",Senior Secondary Level,"Name : BLOOMS ACADEMY
Head/Principal Name: SALOME CHOWFIN","Address : NH 75, PANNA ROAD SATNA MADHYA PRADESH
Website : www.bloomsacademy.co.in"
1353,"Aff. No. :1030213
Sch. Code:50189","State : MADHYA PRADESH
District : SATNA",Senior Secondary Level,"Name : ST MICHAELS HIGHER SECONDARY SCHOOL
Head/Principal Name: MANOJ KUMAR VERMA","Address : AMOUDHA, DISTT SATNA, MADHYA PRADESH
Website : http://www.stmichaelssatna.in"
1354,"Aff. No. :1030199
Sch. Code:50175","State : MADHYA PRADESH
District : SATNA",Senior Secondary Level,"Name : LOVEDALE SCHOOL
Head/Principal Name: SHRITI SOM","Address : KOTHI ROAD BAGHA, DISTT SATNA, MADHYA PRADESH
Website : http://thelovedaleschool.in"
1355,"Aff. No. :1030121
Sch. Code:50091","State : MADHYA PRADESH
District : SATNA",Senior Secondary Level,"Name : BHARATIYA VIDYA BHAVAN'S PRISM SCHOOL
Head/Principal Name: DR RAMANANDA GOSWAMI","Address : PRISM CEMENT COLONY, MANKAHARI, P.B. NO.2, SATNA DISTT, MADHYA PRADESH
Website : http://bhavansprismschool.co.in"
1356,"Aff. No. :1030151
Sch. Code:50129","State : MADHYA PRADESH
District : SATNA",Senior Secondary Level,"Name : CHRIST JYOTI HIGHER SECONDARY SCHOOL
Head/Principal Name: DETTY AUGUSTINE","Address : PB NO 22 REWA ROAD SATNA MADHYA PRADESH
Website : www.christjyotisatna.org"
1357,"Aff. No. :1030195
Sch. Code:50171","State : MADHYA PRADESH
District : SATNA",Senior Secondary Level,"Name : CHANKAYA PUBLIC SCHOOL
Head/Principal Name: Dr. Arti Gautam","Address : JYOTSANA COMPLEX M G ROAD DISTT SATNA MADHYA PRADESH
Website : https://www.thechanakyapublicschool.org/"
1358,"Aff. No. :1030543
Sch. Code:50510","State : MADHYA PRADESH
District : SATNA",Senior Secondary Level,"Name : C.M.A. H.S. SCHOOL SATNA
Head/Principal Name: PUSHPRAJ SINGH","Address : C.M.A. H.S. SCHOOL SATNA, NEAR MARUTI NEXA, SHOW ROOM, PANNA ROAD
Website : www.cmasatna.in"
1359,"Aff. No. :1030589
Sch. Code:50565","State : MADHYA PRADESH
District : SATNA",Senior Secondary Level,"Name : DELHI PUBLIC SCHOOL
Head/Principal Name: Shashi Srinivas","Address : SONOURA ROAD, SATNA MAIHAR BY PASS, SATNA
Website : www.dpssatna.com"
1360,"Aff. No. :1030591
Sch. Code:50566","State : MADHYA PRADESH
District : SATNA",Senior Secondary Level,"Name : MAHARAJA PUBLIC SCHOOL
Head/Principal Name: THOMAS PARUA","Address : SATNA -REWA ROAD BELA SATNA
Website : www.maharajapublicschoolbela.com"
1361,"Aff. No. :1030566
Sch. Code:50533","State : MADHYA PRADESH
District : SATNA",Senior Secondary Level,"Name : GYAN VIHAR VIDYAPEETH
Head/Principal Name: Kishor Kumar Swain","Address : SATNA ROAD, MAIHAR, DIST.-SATNA (M.P.)
Website : www.gyanviharmaihar.co.in"
1362,"Aff. No. :1030913
Sch. Code:51037","State : MADHYA PRADESH
District : SATNA",Senior Secondary Level,"Name : PRIYAMVADA BIRLA SENIOR SECONDARY SCHOOL
Head/Principal Name: CHANDRA SHEKHAR","Address : J.R. BIRLA ROAD BIRLA VIKAS PIN 485005
Website : www.birlaschoolsatna.com"
1363,"Aff. No. :1030774
Sch. Code:50740","State : MADHYA PRADESH
District : SATNA",Senior Secondary Level,"Name : BONANZA CONVENT HR SEC SCHOOL
Head/Principal Name: RASHMI SHRIVASTAVA","Address : BADKHAR ( BIRLA ROAD) WARD NO 12, RAGHURAJ NAGAR SATNA MP
Website : www.bonanzaschool.com"
1364,"Aff. No. :1030780
Sch. Code:50744","State : MADHYA PRADESH
District : SATNA",Senior Secondary Level,"Name : DE PAUL SCHOOL
Head/Principal Name: CHARLS KC","Address : MADHAVGARH, RAGHURAJ NAGAR, SATNA MP
Website : www.depaulschoolsatna.com"
1365,"Aff. No. :1030652
Sch. Code:50617","State : MADHYA PRADESH
District : SATNA",Senior Secondary Level,"Name : SADGURU PUBLIC HR. SEC.SCHOOL
Head/Principal Name: RAKESH TIWARY","Address : C/O SHRI SADGURU SEVA SANGH TRUST, JANKIKUND CHITRAKOOT DIST: SATNA
Website : http://www.sadgurupublicschool.in/"
1366,"Aff. No. :1030645
Sch. Code:50613","State : MADHYA PRADESH
District : SEHORE",Senior Secondary Level,"Name : DOLLY PUBLIC SCHOOL
Head/Principal Name: DURVIJAY SINGH CHAUHAN","Address : NH-12 BHOPAL BIORA ROAD,SHYAMPUR DISTT-SHEORE (MADHYA PRADESH)
Website : www.dollypublicschool.com"
1367,"Aff. No. :1030649
Sch. Code:50615","State : MADHYA PRADESH
District : SEHORE",Secondary Level,"Name : SAINATH PUBLIC SCHOOL
Head/Principal Name: MANSINGH PARMAR","Address : PO+VILL.BILKISGANJ NEAR SBI, SEHORE, MADHYA PRADESH
Website : https://sainathschool.com/"
1368,"Aff. No. :1030704
Sch. Code:50666","State : MADHYA PRADESH
District : SEHORE",Senior Secondary Level,"Name : SHARDA VIDYA MANDIR, HR. SEC. SCHOOL
Head/Principal Name: BHARTI SHARMA","Address : STATION ROAD, SEHORE ( M.P.)
Website : www.shardasehore@yahoo.com"
1369,"Aff. No. :1030736
Sch. Code:50702","State : MADHYA PRADESH
District : SEHORE",Senior Secondary Level,"Name : DEVMATA HR SEC SCHOOL
Head/Principal Name: SR ROSMY","Address : RALA, NASRULLAGANJ P. O, SEOHORE DT. 466 331
Website : www.Devmataschool.org"
1370,"Aff. No. :1030729
Sch. Code:50692","State : MADHYA PRADESH
District : SEHORE",Secondary Level,"Name : DEEP JYOTI VIDHYA NIKETAN SENIOR SECONDARY SCHOOL SHAHGANJ
Head/Principal Name: KISHOR GOUR","Address : SHAHGANJ, BUDHNI, SEHORE,
Website : www.djvn.co.in"
1371,"Aff. No. :1030900
Sch. Code:50865","State : MADHYA PRADESH
District : SEHORE",Senior Secondary Level,"Name : VIDHYA VALLEY PUBLIC SCHOOL
Head/Principal Name: FOZIA SIDDIQUI","Address : DODI JOD, VILLAGE DODI
Website : www.vvps.co.in"
1372,"Aff. No. :1030879
Sch. Code:50843","State : MADHYA PRADESH
District : SEHORE",Senior Secondary Level,"Name : ST.FRANCIS CONVENT SCHOOL BUDNI
Head/Principal Name: BEENAROY","Address : BUDNIGHAT ROAD,BUDNI
Website : www.stfrancisbudni.com"
1373,"Aff. No. :1030619
Sch. Code:50585","State : MADHYA PRADESH
District : SEHORE",Senior Secondary Level,"Name : RUKHMANI DEVI PUBLIC SCHOOL
Head/Principal Name: Suman Yadav","Address : NH-12, BHOPAL TO NARSINGARH ROAD, NEAR JHARKHEDA, SEHORE
Website : www.rukhmanidevischool.com"
1374,"Aff. No. :1030599
Sch. Code:50568","State : MADHYA PRADESH
District : SEHORE",Secondary Level,"Name : SANSKAR INTERNATIONAL SCHOOL
Head/Principal Name: Dr PK Pathak","Address : IN FRONT OF SBI, POST AND VILLAGE-BILKISGANJ
Website : www.sisbilkisganj.com"
1375,"Aff. No. :1030519
Sch. Code:50485","State : MADHYA PRADESH
District : SEHORE",Senior Secondary Level,"Name : GYAN VALLEY CO.ED SCHOOL
Head/Principal Name: AMRENDRA SINGH GURJAR","Address : DORAHA JOD, JHARKHERA, DIST. SEHORE
Website : www.gyanvalley.com"
1376,"Aff. No. :1030488
Sch. Code:50453","State : MADHYA PRADESH
District : SEHORE",Senior Secondary Level,"Name : SWAMI VIVEKANAND ADARSH HIGHER SECONDARY SCHOOL
Head/Principal Name: RAJENDRA PRASAD NAMDEO","Address : BILQUISGANJ DISST SEHORE
Website : www.svavbilkisganj.com"
1377,"Aff. No. :1030475
Sch. Code:50440","State : MADHYA PRADESH
District : SEHORE",Senior Secondary Level,"Name : BHARTI VIDHYA MANDIR INTERNATIONAL SCHOOL
Head/Principal Name: ASHISH CHAUDHARY","Address : SEHORE ROAD NASRULLAGANJ
Website : https://bhartividyamandir.in/"
1378,"Aff. No. :1030418
Sch. Code:50384","State : MADHYA PRADESH
District : SEHORE",Senior Secondary Level,"Name : RAI SAHEB BHANWAR SINGH PUBLIC SCHOOL
Head/Principal Name: M G SHIBOO","Address : RALA, POST-NANDGAON, TEH - NASRULLAGANJ, DISTT. - SEHORE (M.P.)
Website : www.rsbpschool.com"
1379,"Aff. No. :1030432
Sch. Code:50399","State : MADHYA PRADESH
District : SEHORE",Secondary Level,"Name : RED ROSE CONVENT ACADEMY
Head/Principal Name: MANOJ KUMAR DUBEY","Address : SEHORE ROAD, SHYAMPUR DISTT.- SEHORE
Website : www.redroseconvent.org"
1380,"Aff. No. :1030386
Sch. Code:50414","State : MADHYA PRADESH
District : SEHORE",Senior Secondary Level,"Name : MSG HI-TECH GURUKUL GIRLS SCHOOL
Head/Principal Name: Amandeep Kaur","Address : BANSAPUR, SHAHGANJ ROAD, BUDNI SEHORE MP
Website : www.shahsatnamjigirlsschoolbudni.com"
1381,"Aff. No. :1030205
Sch. Code:50178","State : MADHYA PRADESH
District : SEHORE",Senior Secondary Level,"Name : ST ANNE'S HIGHER SECONDARY SCHOOL
Head/Principal Name: ALKABEN KANTILAL DABHI","Address : INDORE BHOPAL ROAD SEHORE MADHYA PRADESH
Website : www.stannessehore.in"
1382,"Aff. No. :1030206
Sch. Code:50184","State : MADHYA PRADESH
District : SEHORE",Senior Secondary Level,"Name : PUSHPA HIGHER SECONDARY SCHOOL
Head/Principal Name: FR MELVIN C J","Address : ASHTHA DISTT SEHORE MADHYA PRADESH
Website : www.pushpaschool.com"
1383,"Aff. No. :1000034
Sch. Code:54119","State : MADHYA PRADESH
District : SEHORE",Senior Secondary Level,"Name : PM SHRI KENDRIYA VIDYALAYA
Head/Principal Name: PUJA SHRIVASTAVA","Address : NEAR PROFESSORS COLONY BHOPAL NAKA SEHORE MADHYA PRADESH
Website : www.kvsehoremp.org"
1384,"Aff. No. :1020025
Sch. Code:52026","State : MADHYA PRADESH
District : SEHORE",Senior Secondary Level,"Name : EKLAVYA AADARSH AVASIY VIDYALAYA
Head/Principal Name: Monika Rohilla","Address : BASAPUR, BUDNI, DIST. SEHORE MADHYA PRADESH
Website : www.emrsbudni.org.in"
1385,"Aff. No. :1020118
Sch. Code:52128","State : MADHYA PRADESH
District : SEHORE",Senior Secondary Level,"Name : GOVT KANYA SIKSHA PARISAR SEHORE
Head/Principal Name: LOKESH BAHADUR SINGH INCHARGE PRINCIPAL","Address : GOVT KANYA SIKSHA PARISAR OPP RTO OFFICE, SEHORE DIST SEHORE M.P.
Website : www.kspsehore.ac.in"
1386,"Aff. No. :1031502
Sch. Code:51520","State : MADHYA PRADESH
District : SEHORE",Secondary Level,"Name : SANSKAR ACADEMY OF EDUCATION ITAVA
Head/Principal Name: RAHUL VERMA","Address : MAIN ROAD REHTI , TEHSIL- REHTI , DISTRICT-SEHORE
Website : https://www.sanskaracademyrehti.com/"
1387,"Aff. No. :1040015
Sch. Code:54045","State : MADHYA PRADESH
District : SEHORE",Senior Secondary Level,"Name : JAWAHAR NAVODAYA VIDYALAYA
Head/Principal Name: K S BAGHEL","Address : SHYAMPUR DISTT SEHORE MADHYA PRADESH
Website : https://www.navodaya.gov.in/nvs/nvs-school/Sehore/"
1388,"Aff. No. :1031426
Sch. Code:51443","State : MADHYA PRADESH
District : SEHORE",Secondary Level,"Name : BLUE BIRD SCHOOL
Head/Principal Name: NEHA CHOUHAN","Address : IN FRONT OF SATYA SAI UNIVERSITY, VILLAGE-PACHAMA, SEHORE, DIST. - SEHORE, (M.P.)
Website : https://www.bluebirdschools.com/"
1389,"Aff. No. :1031246
Sch. Code:51264","State : MADHYA PRADESH
District : SEHORE",Senior Secondary Level,"Name : THE OXFORD HR. SEC. SCHOOL
Head/Principal Name: Beena J. Kurian","Address : NEAR HOUSING BOARD, BHOPAL-INDORE ROAD
Website : https://oxfordsehore.com"
1390,"Aff. No. :1031241
Sch. Code:51259","State : MADHYA PRADESH
District : SEHORE",Secondary Level,"Name : JETA JEE WORLD ACADEMY
Head/Principal Name: Sunita Singh Bhadauria","Address : NEAR RADHA SWAMI ASHRAM, SEHORE ROAD, NASRULLAGANJ
Website : www.jetajeeworldacademy.in"
1391,"Aff. No. :1031233
Sch. Code:51251","State : MADHYA PRADESH
District : SEHORE",Senior Secondary Level,"Name : BHARTI VIDYA MANDIR
Head/Principal Name: DILNA RAJPUT","Address : WARD NO 8 CHAKRAM COLONY BUDHNI
Website : http://bvmschoolbudni.in/"
1392,"Aff. No. :1031293
Sch. Code:51311","State : MADHYA PRADESH
District : SEHORE",Senior Secondary Level,"Name : SHANTINIKETAN MONTESSORI SCHOOL
Head/Principal Name: GURPREET JAIN","Address : BUDNI GHAT, BUDNI, DIST SEHORE MP
Website : http://www.shantiniketanschoolbudni.in/"
1393,"Aff. No. :1031090
Sch. Code:51061","State : MADHYA PRADESH
District : SEHORE",Secondary Level,"Name : DPSG SEHORE
Head/Principal Name: MAYANK LIMAYE","Address : GRAM BERKHEDI SEHORE
Website : http://www.seh.dpsgs.org"
1394,"Aff. No. :1031107
Sch. Code:51080","State : MADHYA PRADESH
District : SEHORE",Senior Secondary Level,"Name : DELHI WORLD PUBLIC SCHOOL ASHTA
Head/Principal Name: Dr Sangeeta Sinha","Address : ASHTA SHUJALPUR ROAD ASHTA
Website : www.dwpsashta.com"
1395,"Aff. No. :1031122
Sch. Code:51103","State : MADHYA PRADESH
District : SEHORE",Senior Secondary Level,"Name : MANAV RACHNA PUBLIC SCHOOL
Head/Principal Name: RAM CHOUHAN","Address : MALIBAYA REHTI
Website : www.mrpsrehti.com"
1396,"Aff. No. :1031208
Sch. Code:51226","State : MADHYA PRADESH
District : SEHORE",Senior Secondary Level,"Name : SAMARITANS SCHOOL
Head/Principal Name: APARNA TIWARI","Address : SAMARITANS ENG. MED. SCHOOL, JAHAJPURA ROAD, BAYAN, DISTT-SEHORE, PIN-466445
Website : www.vijiyasansamaritansbayan.in"
1397,"Aff. No. :1031197
Sch. Code:51218","State : MADHYA PRADESH
District : SEHORE",Senior Secondary Level,"Name : MINDS EYE INTERNATIONAL SCHOOL
Head/Principal Name: MANISHA YADAV","Address : MINDS EYE INTERNATIONAL SCHOOL SEOHER , YAARNAGAR , TEHSIL-ICHHAWAR, DIS-SEHORE , MADHYA PRADESH
Website : www.meisichhawar.com"
1398,"Aff. No. :1031053
Sch. Code:51017","State : MADHYA PRADESH
District : SEHORE",Senior Secondary Level,"Name : BHARTI VIDYA MANDIR SCHOOL
Head/Principal Name: SHAHID HUSSAIN ANSARI","Address : NAYAGAON ROAD, REHTI, DIST :- SEHORE, MADHYA PRADESH
Website : www.bvmschoolrehti.in"
1399,"Aff. No. :1031069
Sch. Code:51036","State : MADHYA PRADESH
District : SEHORE",Senior Secondary Level,"Name : IES PUBLIC SCHOOL
Head/Principal Name: VIJAY VIRTHARE","Address : NEAR ITC SAGAR CHAUPAL BHOPAL-INDORE BYPASS ROAD RAFIQUEGANJ, SEHORE
Website : http://iesschoolsehore.ac.in"
1400,"Aff. No. :1030962
Sch. Code:51068","State : MADHYA PRADESH
District : SEHORE",Secondary Level,"Name : SRI AUROBINDO PUBLIC SCHOOL
Head/Principal Name: MRS. BHUMIKA SINGH","Address : PILIKARAR, OPPOSITE VARDHMAN FABRICS
Website : http://www.sapsbudni.in"
1401,"Aff. No. :1030953
Sch. Code:50920","State : MADHYA PRADESH
District : SEHORE",Senior Secondary Level,"Name : THE SHIVHARE INTERNATIONAL SCHOOL
Head/Principal Name: HANSARIKA SINGH PARDESHI","Address : VILLAGE PIPALIYA , SHAHGANJ
Website : http://www.shivhareinternational.com/"
1402,"Aff. No. :1030985
Sch. Code:50950","State : MADHYA PRADESH
District : SEHORE",Senior Secondary Level,"Name : LOURDE MATA CONVENT SR. SEC. SCHOOL SEHORE (MP)
Head/Principal Name: Linit Devassy","Address : BADIYAKHEDI SEHORE
Website : www.lourdematasehore.com"
1403,"Aff. No. :1031077
Sch. Code:51045","State : MADHYA PRADESH
District : SEONI",Senior Secondary Level,"Name : D P C ROLE MODEL EXCELLENCE SCHOOL
Head/Principal Name: Dr. AMITA CHATURVEDI","Address : DREAMLAND CITY,KATANGI ROAD,DORLICHHATARPUR DISTT.SEONI(M.P)
Website : www.dpcschool.in"
1404,"Aff. No. :1031019
Sch. Code:51002","State : MADHYA PRADESH
District : SEONI",Senior Secondary Level,"Name : THE ROYAL ECOLE
Head/Principal Name: Swati Bhambore","Address : K.H.NO.-6/1,VILLAGE-BATWANI,P.H.NO.-129,PALARI ROAD,POST-CHAWDI
Website : www.theroyalecole.com"
1405,"Aff. No. :1031042
Sch. Code:51112","State : MADHYA PRADESH
District : SEONI",Senior Secondary Level,"Name : BACHPAN PLAY PUBLIC SCHOOL
Head/Principal Name: DISHA DIPANSHI KUMAR","Address : AT BINEKI KEOLARI NEAR AWAS COLONY
Website : www.bachpanplay.com"
1406,"Aff. No. :1031118
Sch. Code:51088","State : MADHYA PRADESH
District : SEONI",Senior Secondary Level,"Name : ST.NORBERT SCHOOL
Head/Principal Name: Thomas Chandy","Address : NEAR MANDLA ROAD, KEOLARI TAHSHIL, KEOLARI
Website : www.norbertkeolari.com"
1407,"Aff. No. :1031240
Sch. Code:51258","State : MADHYA PRADESH
District : SEONI",Secondary Level,"Name : DELHI PUBLIC HERITAGE SCHOOL
Head/Principal Name: Dr. Raghunath Patra","Address : SADGURU LAWN, BALAGHAT ROAD
Website : www.dphschool.com"
1408,"Aff. No. :1031434
Sch. Code:51451","State : MADHYA PRADESH
District : SEONI",Secondary Level,"Name : VARDHMAN PODAR LEARN SCHOOL
Head/Principal Name: MANJU TUDU","Address : AMAJHIRIYA CHOWK, AT SEONI BYPASS,, KHASRA NUMBER 27/2, VILLAGE PALARI,, DUNDA SEONI,
Website : www.vplschool.com"
1409,"Aff. No. :1031406
Sch. Code:51423","State : MADHYA PRADESH
District : SEONI",Senior Secondary Level,"Name : KAVYA INTERNATIONAL SCHOOL
Head/Principal Name: PRAKASH RAM","Address : SARSDOL,LAKHANDON DISTRICT SEONI, SARSDOL,LAKHANDON DISTRICT SEONI, SARSDOL,LAKHANDON DISTRICT SEONI
Website : http://kavyainternationalschool.com/"
1410,"Aff. No. :1040006
Sch. Code:54047","State : MADHYA PRADESH
District : SEONI",Senior Secondary Level,"Name : JAWAHAR NAVODAYA VIDYALAYA
Head/Principal Name: DILIP KUMAR MISHRA","Address : KANHIWADA DISTT SEONI MADHYA PRADESH
Website : www.navodaya.gov.in/nvs/nvs-school/SEONI/en/Home/"
1411,"Aff. No. :1020183
Sch. Code:52193","State : MADHYA PRADESH
District : SEONI",Senior Secondary Level,"Name : GOVT. KANYA SHIKSHA PARISAR, CHHAPARA
Head/Principal Name: DEVI SINGH UIKEY","Address : IRRIGATION COLONY, SANJAY COLONY, CHHAPARA
Website : https://kspchhapara.in"
1412,"Aff. No. :1020184
Sch. Code:52194","State : MADHYA PRADESH
District : SEONI",Senior Secondary Level,"Name : KANYA SHIKSHA PARISAR LAKHNADON
Head/Principal Name: ANIL KUMAR CHOURASIYA","Address : OLD HOSPITAL BHAVAN, NIWARI TOLA, WARD NO.2
Website : www.ksplakhnadon.in"
1413,"Aff. No. :1020085
Sch. Code:52067","State : MADHYA PRADESH
District : SEONI",Senior Secondary Level,"Name : GOVT. KANYA SHIKSHA PARISAR SEONI
Head/Principal Name: MANOHAR SINGH RAHANGDALE","Address : NEAR MAHAKALESHWAR MANDIR BORDAI POST BORDAI
Website : www.kspseoni.in"
1414,"Aff. No. :1020081
Sch. Code:52061","State : MADHYA PRADESH
District : SEONI",Senior Secondary Level,"Name : GOVT.KANYA SHIKSHA PARISAR KURAI
Head/Principal Name: MANOHAR SINGH RAHANGDALE","Address : AT.POST KURAI
Website : www.kspkurai.com"
1415,"Aff. No. :1020006
Sch. Code:52007","State : MADHYA PRADESH
District : SEONI",Senior Secondary Level,"Name : EKLAVYA MODEL RESIDENTIAL SCHOOL
Head/Principal Name: Sunita Patel","Address : GHANSORE (T W D) DISTT SEONI MADHYA PRADESH
Website : www.emrsghansore.com"
1416,"Aff. No. :1000252
Sch. Code:54257","State : MADHYA PRADESH
District : SEONI",Senior Secondary Level,"Name : KENDRIYA VIDYALAYA LAKHNADON
Head/Principal Name: SATYAPAL SINGH","Address : GOVERNMENT EXCELLENCE SCHOOL CAMPUS, LAKHNADON
Website : https://lakhnadon.kvs.ac.in/"
1417,"Aff. No. :1000056
Sch. Code:54123","State : MADHYA PRADESH
District : SEONI",Senior Secondary Level,"Name : PM SHRI KENDRIYA VIDYALAYA SEONI
Head/Principal Name: DEEPAK KUMAR SAHU","Address : BARGHAT ROAD, DUNDASEONI, SEONI, MADHYA PRADESH
Website : http://www.kvseoni.com/"
1418,"Aff. No. :1030077
Sch. Code:50097","State : MADHYA PRADESH
District : SEONI",Senior Secondary Level,"Name : MAHARISHI VIDYA MANDIR
Head/Principal Name: Asheesh Saxena","Address : VILL. NAGJHAR N.H.NO.7 JABALPUR ROAD SEONI MADHYA PRADESH
Website : www.mvmseoni.org"
1419,"Aff. No. :1030442
Sch. Code:50407","State : MADHYA PRADESH
District : SEONI",Senior Secondary Level,"Name : ARUNACHAL PUBLIC SCHOOL
Head/Principal Name: ABHILASHA SHRIVASTAVA","Address : SEER DEEWAN, DISTT SEONI, MADHYA PRADESH
Website : www.arunanchalpublicschool.in"
1420,"Aff. No. :1030518
Sch. Code:50482","State : MADHYA PRADESH
District : SEONI",Senior Secondary Level,"Name : ST. FRANCIS OF ASSISI SCHOOL
Head/Principal Name: Sister JAINY MATHEW","Address : LUGHARWADA, JABALPUR ROAD, SEONI
Website : www.seonistfrancisassisi.com"
1421,"Aff. No. :1030552
Sch. Code:50522","State : MADHYA PRADESH
District : SEONI",Senior Secondary Level,"Name : UDAY PUBLIC SCHOOL
Head/Principal Name: Raghvendra Thakur","Address : LUGHARWADA,
Website :"
1422,"Aff. No. :1030892
Sch. Code:50857","State : MADHYA PRADESH
District : SEONI",Senior Secondary Level,"Name : GYAN SAGAR ANURAG HIGHER SECONDARY SCHOOL DUNDASEONI (KHAIRA PALARI)
Head/Principal Name: VIJENDRA KUMAR SHIVAWEDY","Address : DUNDASEONI POST - LOPA TEH- SEONI DIST. - SEONI PIN CODE -480991 (M.P.)
Website : www.gyansagarschool.com"
1423,"Aff. No. :1030741
Sch. Code:50707","State : MADHYA PRADESH
District : SEONI",Senior Secondary Level,"Name : INTERNATIONAL PUBLIC SCHOOL
Head/Principal Name: DEEPTI TIWARI","Address : LUGHARWARA, JABALPUR ROAD, SEONI MP
Website : www.internationalpublicschool.co.in"
1424,"Aff. No. :1030746
Sch. Code:50706","State : MADHYA PRADESH
District : SHAHDOL",Senior Secondary Level,"Name : GREEN BELLS PUBLIC SCHOOL ENGLISH MEDIUM
Head/Principal Name: PRAFUL DEVDAS MESHRAM","Address : DHANPURI,WARD NO. 1, SOHAGPUR
Website : www.greenbellsburhar.com"
1425,"Aff. No. :1030888
Sch. Code:50855","State : MADHYA PRADESH
District : SHAHDOL",Secondary Level,"Name : DVM PUBLIC SCHOOL CHACHAI ROAD OPM AMLAI,DISTT SHAHDOL (M.P.)484117
Head/Principal Name: DHARMENDRA KUMAR SINGH","Address : DVM PUBLIC SCHOOL CHACHAI ROAD OPM AMLAI DISTT SHAHDOL (MP) 484117
Website : www.dvmamlai.com"
1426,"Aff. No. :1030422
Sch. Code:50392","State : MADHYA PRADESH
District : SHAHDOL",Senior Secondary Level,"Name : MAHARISHI VIDYA MANDIR
Head/Principal Name: BHAVANA TIWARI","Address : NEAR KOILARI PHATAK, KALYANPUR, SHAHDOL, MP-484001
Website : www.mvmshahdol.org"
1427,"Aff. No. :1030134
Sch. Code:50098","State : MADHYA PRADESH
District : SHAHDOL",Senior Secondary Level,"Name : DAV BURHAR PUBLIC SCHOOL
Head/Principal Name: Mr.Vinay Mohan Urmaliya","Address : PAKARIA JAITPUR ROAD BURHAR DISTT SHAHDOL MADHYA PRADESH
Website : www.davburhar.in"
1428,"Aff. No. :1030258
Sch. Code:50233","State : MADHYA PRADESH
District : SHAHDOL",Senior Secondary Level,"Name : GOOD SHEPHERD CONVENT SENIOR SECONDARY SCHOOL
Head/Principal Name: SR LEENA ROSE","Address : PANDAV NAGAR, DISTT SHAHDOL, MADHYA PRADESH- 484001
Website : www.goodshepherdsdl.in"
1429,"Aff. No. :1030313
Sch. Code:50279","State : MADHYA PRADESH
District : SHAHDOL",Senior Secondary Level,"Name : CARMEL CONVENT HIGHER SECONDARY SCHOOL
Head/Principal Name: Sr. Ancy Anto","Address : P.O. AMLAI PAPER MILLS, SOHAGPUR, DISTT SHAHDOL, MADHYA PRADESH
Website : https://carmelschoolamlai.com"
1430,"Aff. No. :1000049
Sch. Code:54120","State : MADHYA PRADESH
District : SHAHDOL",Senior Secondary Level,"Name : PM SHRI KENDRIYA VIDYALAYA
Head/Principal Name: PREETI MISHRA","Address : PM SHRI KENDRIYA VIDYALAYA KALYANPUR SHAHDOL MADHYA PRADESH
Website : www.shahadol.kvs.ac.in"
1431,"Aff. No. :1000026
Sch. Code:54122","State : MADHYA PRADESH
District : SHAHDOL",Senior Secondary Level,"Name : KENDRIYA VIDYALAYA
Head/Principal Name: YOGESH KUMAR GUPTA","Address : S E C L P O DHANPURI SHAHDOL DISTT MADHYA PRADESH
Website : www.secldhanpuri.kvs.ac.in"
1432,"Aff. No. :1020017
Sch. Code:52018","State : MADHYA PRADESH
District : SHAHDOL",Senior Secondary Level,"Name : EKLAVYA MODEL RESIDENTIAL SCHOOL
Head/Principal Name: SUNEEL KUMAR PATEL","Address : SOHAGPUR, SHAHDOL, IN DIET CAMPUS, SHAHDOL, MADHYA PRADESH
Website :"
1433,"Aff. No. :1020072
Sch. Code:52057","State : MADHYA PRADESH
District : SHAHDOL",Senior Secondary Level,"Name : EKLAVYA MODEL RESIDENTIAL SCHOOL JAITPUR
Head/Principal Name: Ram Kalyan Gupta","Address : VILLAGE POST JAITPUR
Website : www.emrsjaitpur.in"
1434,"Aff. No. :1020088
Sch. Code:52103","State : MADHYA PRADESH
District : SHAHDOL",Senior Secondary Level,"Name : GOVT.RESI.MODEL HSS JAISINGHNAGAR
Head/Principal Name: RAJEEV KUMAR TIWARI","Address : GOVT.RESI.MODEL HSS JANKPUR ROAD JAISINGHNAGAR
Website : www.tribal.mp.gov.in"
1435,"Aff. No. :1020034
Sch. Code:52037","State : MADHYA PRADESH
District : SHAHDOL",Senior Secondary Level,"Name : EKLAVYA MODEL RESIDENTIAL SCHOOL SHAHDOL (M.P.)
Head/Principal Name: Shraddhanand Dubey","Address : DIST.SHABDOL, DIST. SHAHDOL,MADHYA PRADESH
Website : www.emrsshahdolmp.com"
1436,"Aff. No. :1020045
Sch. Code:52036","State : MADHYA PRADESH
District : SHAHDOL",Senior Secondary Level,"Name : GOVT. KANAYA SHIKSHA PARISAR SHAHDOL
Head/Principal Name: DEVENDRA SHRIVASTAVA","Address : PANDAV NAGAR SHAHDOL MP
Website : www.tribal.mp.gov.in"
1437,"Aff. No. :1020038
Sch. Code:52034","State : MADHYA PRADESH
District : SHAHDOL",Senior Secondary Level,"Name : GOVT KANYA SHIKSHA PARISAR
Head/Principal Name: VARSHA DUBEY","Address : BURHAR VILLAGE KATKONA POST BURHAR BURHAR MADHYA PRADESH ,SHAHDOL , 484110
Website : www.tribal.mp.gov.in"
1438,"Aff. No. :1020180
Sch. Code:52190","State : MADHYA PRADESH
District : SHAHDOL",Senior Secondary Level,"Name : GOVT GYANODAYA VIDHYALAYA
Head/Principal Name: Dinesh Chandra Mishra","Address : TEHSIL SOHAGPUIR, DIST SHAHDOL
Website : https://gyanodayashahdol.edu.in"
1439,"Aff. No. :1031509
Sch. Code:51527","State : MADHYA PRADESH
District : SHAHDOL",Secondary Level,"Name : SHANTI DEVI MEMORIAL PUBLIC SCHOOL
Head/Principal Name: SHUBHANGI SHRIVASTAVA","Address : POLT NO -7, POLT NO -7, POLT NO -7
Website : www.sdmpschool.com"
1440,"Aff. No. :1031251
Sch. Code:51270","State : MADHYA PRADESH
District : SHAHDOL",Senior Secondary Level,"Name : SEVEN OCEAN PUBLIC SCHOOL
Head/Principal Name: GURMEET SINGH LAMBA","Address : WARD NO. 20, VILLAGE-JHAGARHA, PANCHAYAT BAKHO, NEAR RAILWAY FATAK, AMLAI, DIST.- SHAHDOL M.P
Website : https://sevenoceanschool.com"
1441,"Aff. No. :1031305
Sch. Code:51322","State : MADHYA PRADESH
District : SHAHDOL",Senior Secondary Level,"Name : VIMLA GLOBAL SCHOOL BEOHARI
Head/Principal Name: NEHA TRIPATHI","Address : REWA ROAD BEOHARI, POST BEOHARI
Website : https://vgsbeohari.com/cbse-saras.html"
1442,"Aff. No. :1031394
Sch. Code:51411","State : MADHYA PRADESH
District : SHAHDOL",Secondary Level,"Name : BELLWETHER INTERNATIONAL SCHOOL SHAHDOL
Head/Principal Name: ANKUR CHATERJEE","Address : GRAM VICHARPUR, TEHSIL- SOHAGPUR, DIST.- SHAHDOL, (M.P)
Website : https://bellwetherinternationalshahdol.com/"
1443,"Aff. No. :1031362
Sch. Code:51380","State : MADHYA PRADESH
District : SHAHDOL",Senior Secondary Level,"Name : O.P.M. HIGHER SECONDARY SCHOOL
Head/Principal Name: SEEMA CHATURVEDI","Address : SHAHDOL, DIST SHAHDOL, MP
Website : http://opmschool.com/"
1444,"Aff. No. :1031092
Sch. Code:51063","State : MADHYA PRADESH
District : SHAHDOL",Secondary Level,"Name : ST. THOMAS ENGLISH MEDIUM HIGH SCHOOL
Head/Principal Name: BIBI ELSA MATHEW","Address : GRAM KUSARWAH JAISINGHNAGAR
Website : www.stemhsjsn.org"
1445,"Aff. No. :1031206
Sch. Code:51224","State : MADHYA PRADESH
District : SHAHDOL",Senior Secondary Level,"Name : ST. ALOYSIUS SENIOR SECONDARY SCHOOL, SHAHDOL
Head/Principal Name: A JAGAN RAJ","Address : KUDRI, SHAHDOL (MP) 484001
Website : www.staloysiussdl.com"
1446,"Aff. No. :1031024
Sch. Code:50987","State : MADHYA PRADESH
District : SHAHDOL",Senior Secondary Level,"Name : CENTRAL ACADEMY INTERNATIONAL SCHOOL
Head/Principal Name: RAVI KUMAR MISHRA","Address : 705/3 SHANTI KUNJ, MAU TEHSIL- BEOHARI DISTRICT- SHAHDOL M.P.
Website : www.caisbeo.org"
1447,"Aff. No. :1031074
Sch. Code:51042","State : MADHYA PRADESH
District : SHAHDOL",Senior Secondary Level,"Name : CHRISTA JYOTI MISSION HIGHER SECONDARY SCHOOL
Head/Principal Name: Rev. Fr. Reny C. Mathew","Address : GODAVAL ROAD, BEOHARI P.O. SHAHDOL DISTRICT M.P
Website : http://www.cjmhssbeohari.org/"
1448,"Aff. No. :1080016
Sch. Code:54015","State : MADHYA PRADESH
District : SHAHDOL",Secondary Level,"Name : SOUTH EAST CENTRAL RAILWAY MIXED HIGH SCHOOL
Head/Principal Name: PRABHA KUSHWAHA","Address : SHAHDOL, MADHYA PRADESH
Website : www.secrmhsshahdol.in."
1449,"Aff. No. :1040045
Sch. Code:54060","State : MADHYA PRADESH
District : SHAHDOL",Senior Secondary Level,"Name : JAWAHAR NAVODAYA VIDYALAYA
Head/Principal Name: UMA P RAUT","Address : MAU, BEOHARI, DISTT SHAHDOL, MADHYA PRADESH
Website : www.jnvshahdol.edu.in"
1450,"Aff. No. :1040036
Sch. Code:54049","State : MADHYA PRADESH
District : SHAJAPUR",Senior Secondary Level,"Name : JAWAHAR NAVODAYA VIDYALAYA
Head/Principal Name: ASHOK KUMAR RAJE","Address : ARANIYAKALA TEL - KALAPIPAL DISTT. SHAJAPUR MADHYA PRADESH
Website : https://navodaya.gov.in/nvs/nvs-school/SHAJAPUR/en/about_us/"
1451,"Aff. No. :1030950
Sch. Code:50915","State : MADHYA PRADESH
District : SHAJAPUR",Senior Secondary Level,"Name : ETERNAL SCHOOL OF STUDIES
Head/Principal Name: Dr. Sowdamini Jhala","Address : A.B. ROAD, VILLAGE BARWAL, TEHSIL & DISTRICT SHAJAPUR
Website : www.eternalschoolofstudies.net"
1452,"Aff. No. :1031198
Sch. Code:51219","State : MADHYA PRADESH
District : SHAJAPUR",Senior Secondary Level,"Name : THE SPARKLES INTERNATIONAL SCHOOL
Head/Principal Name: PREETIMA SHARMA","Address : KAMALIYA RD, SHUJALPUR
Website : https://tsis-edu.vercel.app/"
1453,"Aff. No. :1031226
Sch. Code:51244","State : MADHYA PRADESH
District : SHAJAPUR",Secondary Level,"Name : ST. ALPHONSA HIGH SCHOOL
Head/Principal Name: LISSA JOSEPH","Address : SARANGPUR ROAD AKODIA
Website : http://www.stalphonsaschoolakodia.com"
1454,"Aff. No. :1031222
Sch. Code:51240","State : MADHYA PRADESH
District : SHAJAPUR",Senior Secondary Level,"Name : LOTUS INTERNATIONAL SCHOOL
Head/Principal Name: MANGALA PATIL","Address : ASTHA ROAD, POLAYKALAN
Website : www.lotusinternationalschoolpolaykalan.com"
1455,"Aff. No. :1031113
Sch. Code:51159","State : MADHYA PRADESH
District : SHAJAPUR",Senior Secondary Level,"Name : MURLIDHAR KRIPA VIDHYA MANDIR
Head/Principal Name: NEHA VIJAYVARGIYA","Address : WARD NO. 6, UJJAIN ROAD, MAKSI
Website : www.murlidharkripavidyamandir.com"
1456,"Aff. No. :1031152
Sch. Code:51117","State : MADHYA PRADESH
District : SHAJAPUR",Senior Secondary Level,"Name : SANSKARPUBLIC ACADEMY
Head/Principal Name: VINOD KUMAR ARYA","Address : BEHIND POLICE STATION,POLAY KALAN
Website : www.sanskarpolaykalan.com"
1457,"Aff. No. :1031360
Sch. Code:51378","State : MADHYA PRADESH
District : SHAJAPUR",Senior Secondary Level,"Name : DELHI SMART PUBLIC SCHOOL
Head/Principal Name: Manpreet kour chhabra","Address : BYEPASS LAKHMANKHEDI, SHAJAPUR, DIST SHAJAPUR, (M.P)
Website : http://delhismartpublicschool.in/"
1458,"Aff. No. :1031408
Sch. Code:51425","State : MADHYA PRADESH
District : SHAJAPUR",Secondary Level,"Name : SHRI SIDDHANATH VIDHYARAMBH SCHOOL
Head/Principal Name: Rahul Parmar","Address : NEAR KAMLIYA RAILWAY CROSSING, KAMLIYA BY-PASS ROAD, SHUJALPUR, DISTT. SHAJAPUR MP
Website : https://ssvidhyarambhschool.com/"
1459,"Aff. No. :1031456
Sch. Code:51473","State : MADHYA PRADESH
District : SHAJAPUR",Secondary Level,"Name : VIDYAKUNJ INTERNATIONAL SCHOOL
Head/Principal Name: NITIKA PATIDAR","Address : SURVAY NUMBER 84/2/1, VILLAGE LONDIYA, PANDUKHORA ROAD
Website : https://vidyakunj.co.in/"
1460,"Aff. No. :1000074
Sch. Code:54135","State : MADHYA PRADESH
District : SHAJAPUR",Senior Secondary Level,"Name : PM SHRI KENDRIYA VIDYALAYA
Head/Principal Name: SANDHYA S TARAFDAR","Address : BHAIRAV DUNGRI, LALGHATI, A.B. ROAD, SHAJAPUR, M.P. - 465001
Website : www.shajapur.kvs.ac.in"
1461,"Aff. No. :1030160
Sch. Code:50136","State : MADHYA PRADESH
District : SHAJAPUR",Senior Secondary Level,"Name : MAHARISHI VIDYA MANDIR
Head/Principal Name: Anil Kumar Mishra","Address : BERCHA ROAD, DISTT SHAJAPUR, MADHYA PRADESH
Website :"
1462,"Aff. No. :1030447
Sch. Code:50412","State : MADHYA PRADESH
District : SHAJAPUR",Senior Secondary Level,"Name : SCHOLARS ACADEMY
Head/Principal Name: GEETA DESHMUKH","Address : NEAR JATA SHANKAR, SHUJALPUR.
Website : http://www.scholarsshujalpur.com/"
1463,"Aff. No. :1030486
Sch. Code:50451","State : MADHYA PRADESH
District : SHAJAPUR",Senior Secondary Level,"Name : SAHAJ PUBLIC SCHOOL
Head/Principal Name: ANKOOR JAIN","Address : DUPADA ROAD, VILLAGE GIRVAR, SHAJAPUR (MP)
Website :"
1464,"Aff. No. :1030483
Sch. Code:50449","State : MADHYA PRADESH
District : SHAJAPUR",Senior Secondary Level,"Name : KAUTILYA EDUCATION ACADEMY
Head/Principal Name: Narendra Singh Dodiya","Address : A.B.ROAD
Website : www.kautilyaeducationshajapur.in"
1465,"Aff. No. :1030375
Sch. Code:50418","State : MADHYA PRADESH
District : SHAJAPUR",Senior Secondary Level,"Name : YUGDHARMA PUBLIC SCHOOL
Head/Principal Name: SACHIN PRAJAPATI","Address : SHUJALPUR, DISTT SHAJAPUR, MADHYA PRADESH
Website : www.yugdharmaschool.com"
1466,"Aff. No. :1030554
Sch. Code:50523","State : MADHYA PRADESH
District : SHAJAPUR",Senior Secondary Level,"Name : SAHARA PUBLIC SCHOOL
Head/Principal Name: SANJEEV KUMAR BAJPAI","Address : KURAWAR ROAD, KALAPIPAL MANDI, DISTT SHAJAPUR, MADHYA PRADESH- 465337
Website : www.saharacbse.in"
1467,"Aff. No. :1030550
Sch. Code:50516","State : MADHYA PRADESH
District : SHAJAPUR",Senior Secondary Level,"Name : ST. TERESA'S CONVENT HIGH SCHOOL
Head/Principal Name: SAPNA","Address : JAI MATHA NAGAR, KALAPIPAL, DISTT. SHAJAPUR, M.P. 465337
Website : http://stteresakpl.org"
1468,"Aff. No. :1030537
Sch. Code:50507","State : MADHYA PRADESH
District : SHAJAPUR",Senior Secondary Level,"Name : OM INTERNATIONAL SCHOOL
Head/Principal Name: UZMA KHAN","Address : KHARDOUN KALAN. TEHSIL KALAPIPAL DISTT. SHAJAPUR
Website : https://www.oischoolkhardoun.in/"
1469,"Aff. No. :1030716
Sch. Code:50681","State : MADHYA PRADESH
District : SHAJAPUR",Senior Secondary Level,"Name : KAUTILYA EDUCATIONAL ACADEMY
Head/Principal Name: JOAO DA CRUZ FERNANDES","Address : A.B. ROAD, MAKSI
Website : https://kautilyaacademymaxi.com"
1470,"Aff. No. :1030754
Sch. Code:50714","State : MADHYA PRADESH
District : SHAJAPUR",Senior Secondary Level,"Name : HIND JUNIOR COLLEGE
Head/Principal Name: PREETI SINGH RATHORE","Address : OPPOSITE RAILWAY STATION, GRAM KANJA, SHAJAPUR
Website : http://hindjuniorcollege.in"
1471,"Aff. No. :1030701
Sch. Code:50663","State : MADHYA PRADESH
District : SHAJAPUR",Senior Secondary Level,"Name : SARASVATI VIDHYA MANDIR HIGHER SECONDARY SCHOOL,
Head/Principal Name: RAHUL DESHMUKH","Address : DUPADA MARG, SHAJAPUR, M.P.
Website : www.svmshajapur.com"
1472,"Aff. No. :1030916
Sch. Code:50886","State : MADHYA PRADESH
District : SHEOPUR",Senior Secondary Level,"Name : JEEVAN ACADEMY
Head/Principal Name: Rajeev Garg","Address : PALI ROAD
Website : www.jeevanacademy.com"
1473,"Aff. No. :1030617
Sch. Code:50588","State : MADHYA PRADESH
District : SHEOPUR",Secondary Level,"Name : MODERN CONVENT SCHOOL
Head/Principal Name: AWDHESH PRATAP SINGH","Address : MODERN CONVENT SCHOOL, BARODA ROAD SHEOPUR (M.P.)
Website : www.modernconventschool.co.in"
1474,"Aff. No. :1030423
Sch. Code:50388","State : MADHYA PRADESH
District : SHEOPUR",Senior Secondary Level,"Name : ST. PIUS SCHOOL, SHEOPUR
Head/Principal Name: Fr N. John Xavier","Address : PALI ROAD, SHEOPUR
Website : www.stpiussheopur.org"
1475,"Aff. No. :1030326
Sch. Code:50294","State : MADHYA PRADESH
District : SHEOPUR",Senior Secondary Level,"Name : RAJEEV GANDHI MEMORIAL BOARDING SCHOOL
Head/Principal Name: Awantika Singh Baghel","Address : LINK ROAD, NEAR JAIDA MANDI, DIST. SHEOPUR, MADHYA PRADESH
Website : www.rgmbssheopur.in"
1476,"Aff. No. :1000082
Sch. Code:54143","State : MADHYA PRADESH
District : SHEOPUR",Senior Secondary Level,"Name : PM SHRI KENDRIYA VIDYALAYA
Head/Principal Name: PAWAN SINGH MEENA","Address : SHEOPUR, BEHIND COLLECTORATE, SHIVPURI ROAD, SHEOPUR, MADHYA PRADESH
Website : https://sheopur.kvs.ac.in/"
1477,"Aff. No. :1020179
Sch. Code:52189","State : MADHYA PRADESH
District : SHEOPUR",Senior Secondary Level,"Name : EKLAYYA MODEL RESIDENTIAL SCHOOL KARAHAL DISTT SHEOPUR
Head/Principal Name: RAKESH KUMAR GUPTA","Address : KARAHAL, DISTRICT SHEOPUR
Website : https://www.eklavyamodelschool.co.in"
1478,"Aff. No. :1020074
Sch. Code:","State : MADHYA PRADESH
District : SHEOPUR",Senior Secondary Level,"Name : GOVT GIRLS EDUCATION CAMPUS KARAHAL
Head/Principal Name: MR. MURARI LAL SHAKYA","Address : VILLAGE DHENGDA TEHSIL KARAHAL DISTT SHEOPUR
Website : www.govtgirlscampusdhengda.com"
1479,"Aff. No. :1020086
Sch. Code:52072","State : MADHYA PRADESH
District : SHEOPUR",Senior Secondary Level,"Name : GOVT MODEL RESIDENTIAL SCHOOL DHENGDA
Head/Principal Name: GANESH PRASAD MANGAL","Address : VILLAGE DHENGDA DISTRICT SHEOPUR
Website : www.residentialdhengda.com"
1480,"Aff. No. :1031371
Sch. Code:51388","State : MADHYA PRADESH
District : SHEOPUR",Secondary Level,"Name : BANDI CHHOR ACADEMY
Head/Principal Name: Heera singh","Address : PALI ROAD, SOIN KALAN, SHEOPUR
Website : https://bcasheopur.com"
1481,"Aff. No. :1031225
Sch. Code:51243","State : MADHYA PRADESH
District : SHEOPUR",Secondary Level,"Name : PVT DEFENCE CAREERS ACADEMY INTERNATIONAL SCHOOL
Head/Principal Name: KARAMJEET KAUR","Address : ASIDA ROAD DHOTI SHEOPUR
Website : https://www.dcainternationalschoolsheopur.com"
1482,"Aff. No. :1040039
Sch. Code:54054","State : MADHYA PRADESH
District : SHEOPUR",Senior Secondary Level,"Name : JAWAHAR NAVODAYA VIDYALAYA
Head/Principal Name: KAUSHAL KISHOR KATIYAR","Address : JAIDA DISTT SHEOPUR MADHYA PRADESH
Website : https://navodaya.gov.in/nvs/nvs-school/SHEOPUR/en/"
1483,"Aff. No. :1031214
Sch. Code:51232","State : MADHYA PRADESH
District : SHIVPURI",Secondary Level,"Name : RISHIKUL GLOBAL SCHOOL
Head/Principal Name: Premlata Shrivastava","Address : NOHARIKALA,SHIVPURI
Website : www.rishikulglobal.org"
1484,"Aff. No. :1031131
Sch. Code:51105","State : MADHYA PRADESH
District : SHIVPURI",Secondary Level,"Name : ST. GONSALO GARCIA MISSION SCHOOL
Head/Principal Name: IZIC AKASH","Address : BAGDIYA,SONIPURA, SHIVPURI ROAD POHARI DIST- SHIVPURI (MP)
Website : www.stgonsalo.in"
1485,"Aff. No. :1030951
Sch. Code:50912","State : MADHYA PRADESH
District : SHIVPURI",Secondary Level,"Name : INNOVATIVE WORLD SCHOOL
Head/Principal Name: Kiran Sharma","Address : 0PP.KOTHI NO. 27, GUNA BYPASS ROAD
Website : www.innovativeworldschool.org"
1486,"Aff. No. :1031012
Sch. Code:50976","State : MADHYA PRADESH
District : SHIVPURI",Senior Secondary Level,"Name : ACHARYA VIDYASAGAR PUBLIC SCHOOL
Head/Principal Name: VIVEK AGRAWAL","Address : G- POTHYAI, GAUSHALA CAMPUS, NEW PICHHORE ROAD, KHANIYADHANA
Website : www.avpskh.com"
1487,"Aff. No. :1031359
Sch. Code:51377","State : MADHYA PRADESH
District : SHIVPURI",Senior Secondary Level,"Name : DOON PUBLIC SCHOOL
Head/Principal Name: Abhishek Sharma","Address : DIST SHIVPURI, MP
Website : http://doonshivpuri.in/"
1488,"Aff. No. :1031353
Sch. Code:51371","State : MADHYA PRADESH
District : SHIVPURI",Senior Secondary Level,"Name : JACK AND JILL SCHOOL
Head/Principal Name: Sandhya Sharma","Address : POHARI ROAD, SHIVPURI,, DIST.- SHIVPURI, MP
Website : http://jackandjillschools.in/"
1489,"Aff. No. :1031330
Sch. Code:51347","State : MADHYA PRADESH
District : SHIVPURI",Senior Secondary Level,"Name : GURU NANAK INTERNATIONAL SCHOOL
Head/Principal Name: KIRTI CHAWLA","Address : PIPERSAMA ROAD, VILLAGE RATORE
Website : www.gurunanakinternationalschool.com"
1490,"Aff. No. :1031244
Sch. Code:51262","State : MADHYA PRADESH
District : SHIVPURI",Secondary Level,"Name : VANASTHALI VIDYA VALLEY
Head/Principal Name: ABHISHEK SHARMA","Address : BESIDE AMAN DHARAMKANTA, NEAR CRPF CAMP, AB ROAD SHIVPURI
Website : www.vanasthalividyavalley.com"
1491,"Aff. No. :1031467
Sch. Code:51485","State : MADHYA PRADESH
District : SHIVPURI",Secondary Level,"Name : SACRED HEART ACADEMY
Head/Principal Name: ANTHONETTE LOBO","Address : KHAIRAGHAT KARERA, KARERA, KARERA
Website : https://sacredheartacademykarera.in/"
1492,"Aff. No. :1031440
Sch. Code:51457","State : MADHYA PRADESH
District : SHIVPURI",Senior Secondary Level,"Name : NARAYANA E TECHNO SCHOOL
Head/Principal Name: Vimla Haswani","Address : NEAR GUNA BYPASS,, A.B. ROAD,, SHIVPURI
Website : www.narayanaetechnoschoolshivpuri.com"
1493,"Aff. No. :1031432
Sch. Code:51449","State : MADHYA PRADESH
District : SHIVPURI",Secondary Level,"Name : SUNRISE EDUCATION ACADEMY
Head/Principal Name: DIKSHA SAJNANI","Address : KHANIYADHANA, NEW PICHHORE ROAD, NEAR BY CM RISE SCHOOL, KHANIYADHANA, DIST SHIVPURI, (M.P)
Website : https://sunriseeducationacademy.com/"
1494,"Aff. No. :1040011
Sch. Code:54050","State : MADHYA PRADESH
District : SHIVPURI",Senior Secondary Level,"Name : JAWAHAR NAVODAYA VIDYALAYA
Head/Principal Name: RAKESH KUMAR","Address : PANGHATA (NARWAR) DISTT SHIVPURI MADHYA PRADESH
Website : https://navodaya.gov.in/nvs/nvs-school/SHIVPURI/en/home/"
1495,"Aff. No. :1031506
Sch. Code:51524","State : MADHYA PRADESH
District : SHIVPURI",Secondary Level,"Name : MADHAV JYOTI INTERNATIONAL SCHOOL
Head/Principal Name: Simanchal panigrahi","Address : PIPRGHAR ROAD , VILLAGE BHOJPUR , TEHSIL POHARI
Website : www.madhavjyotiinternationalschool.com"
1496,"Aff. No. :1000031
Sch. Code:54127","State : MADHYA PRADESH
District : SHIVPURI",Senior Secondary Level,"Name : PM SHRI KENDRIYA VIDYALAYA
Head/Principal Name: PUNITA JYOTI","Address : I T B P CAMPUS NEAR KALIMAI TEMPLE SHIVPURI MADHYA PRADESH
Website : https://itbpshivpuri.kvs.ac.in/"
1497,"Aff. No. :1000036
Sch. Code:54128","State : MADHYA PRADESH
District : SHIVPURI",Senior Secondary Level,"Name : PM SHRI KENDRIYA VIDYALAYA
Head/Principal Name: ASHOK KUMAR SARASWAT","Address : P O KARERA ITBP DISTT SHIVPURI MADHYA PRADESH
Website : www.itbpkarera.kvs.ac.in"
1498,"Aff. No. :1030220
Sch. Code:50194","State : MADHYA PRADESH
District : SHIVPURI",Senior Secondary Level,"Name : ST BENDICT SCHOOL
Head/Principal Name: JOSE P J","Address : JEEVAN JYOTI ASHRAM SHIV PURI MADHYA PRADESH
Website : www.stbenedictschool.co.in"
1499,"Aff. No. :1030174
Sch. Code:50152","State : MADHYA PRADESH
District : SHIVPURI",Senior Secondary Level,"Name : GANESHA BLESSED PUBLIC SCHOOL
Head/Principal Name: NEELAM GUPTA","Address : AB ROAD SHIVPURI MADHYA PRADESH
Website : www.ganeshablessedpublicschool.org"
1500,"Aff. No. :1030186
Sch. Code:50162","State : MADHYA PRADESH
District : SHIVPURI",Senior Secondary Level,"Name : SHIV PURI PUBLIC SCHOOL
Head/Principal Name: KIRTI GALA","Address : FATEHPUR ROAD SHIVPURI MADHYA PRADESH
Website : www.shivpuripublicschoolshivpuri.com"
1501,"Aff. No. :1030109
Sch. Code:50108","State : MADHYA PRADESH
District : SHIVPURI",Senior Secondary Level,"Name : HAPPY DAYS SCHOOL
Head/Principal Name: ANJU SHARMA","Address : KATHA A B ROAD SHIVPURI MADHYA PRADESH
Website : www.happydaysschool.org"
1502,"Aff. No. :1030412
Sch. Code:50377","State : MADHYA PRADESH
District : SHIVPURI",Senior Secondary Level,"Name : KIDS GARDEN SCHOOL
Head/Principal Name: MEGHA SHRIVASTAVA","Address : POHARI- DARRONI LINK ROAD SHIVPURI
Website : www.kidsgardenshivpuri.com"
1503,"Aff. No. :1030606
Sch. Code:50801","State : MADHYA PRADESH
District : SHIVPURI",Secondary Level,"Name : CHILD ZONE SCHOOL
Head/Principal Name: MRS RANI P MOHAN","Address : A. B. ROAD. KOLARAS
Website :"
1504,"Aff. No. :1030507
Sch. Code:50475","State : MADHYA PRADESH
District : SHIVPURI",Senior Secondary Level,"Name : KOLARAS PUBLIC SCHOOL
Head/Principal Name: KRISHAN MOHAN SHARMA","Address : VILLAGE - RAMTALA A.B. ROAD KOLARS DISTT. - SHIVPURI
Website : www.kpsschool.org"
1505,"Aff. No. :1030504
Sch. Code:50467","State : MADHYA PRADESH
District : SHIVPURI",Senior Secondary Level,"Name : GEETA PUBLIC SCHOOL
Head/Principal Name: Dileep Shidhore","Address : FATEHPUR, SHIVPURI
Website : www.geetapublicschool.org.in"
1506,"Aff. No. :1030872
Sch. Code:50839","State : MADHYA PRADESH
District : SHIVPURI",Senior Secondary Level,"Name : LITTLE ANGLE PUBLICE SCHOOL PICHHORE
Head/Principal Name: KAMAL KANT KHARE","Address : NEAR KRASHI UPAJ MANDI JHANSI ROAD PICHHORE
Website : www.lapspichhore.com"
1507,"Aff. No. :1030689
Sch. Code:50651","State : MADHYA PRADESH
District : SHIVPURI",Senior Secondary Level,"Name : SANSKRITI PUBLIC SCHOOL
Head/Principal Name: CHANDAN KUMAR","Address : IN-FRONT OF REST HOUSE, JHANSI ROAD,
Website : www.sanskritischool.in"
1508,"Aff. No. :1030639
Sch. Code:50770","State : MADHYA PRADESH
District : SHIVPURI",Senior Secondary Level,"Name : EASTERN HEIGHTS PUBLIC SCHOOL
Head/Principal Name: Manish Gupta","Address : NEAR BALALJI DHAM NOHARI CHUK SHIVPURI
Website : www.easternheightsschool.com"
1509,"Aff. No. :1030646
Sch. Code:50611","State : MADHYA PRADESH
District : SHIVPURI",Secondary Level,"Name : LITTLE FLOWER SCHOOL
Head/Principal Name: Hemananda Bag","Address : GHURBAR ROAD
Website : www.lfsbadarwas.org"
1510,"Aff. No. :1030767
Sch. Code:50732","State : MADHYA PRADESH
District : SHIVPURI",Senior Secondary Level,"Name : SWAMI VIVEKANAND HIGHER SECONDARY SCHOOL
Head/Principal Name: Dhiraj Sharma","Address : VILLAGE KANKAR SATANWADA SHIVPURI
Website : www.svhss.org"
1511,"Aff. No. :1030920
Sch. Code:50882","State : MADHYA PRADESH
District : SIDHI",Secondary Level,"Name : KRISHNA PUBLIC SCHOOL
Head/Principal Name: USHA RANI SHRIVASTAVA","Address : SHIVAJI NAGAR POST - NAUDHIYA SIDHI (M.P.)
Website : www.kpssidhi.in"
1512,"Aff. No. :1030915
Sch. Code:50878","State : MADHYA PRADESH
District : SIDHI",Secondary Level,"Name : JYOTSANA PUBLIC SCHOOL
Head/Principal Name: Arvind Kumar Pandey","Address : POST- UPANI SINGRAULI ROAD HADBADO
Website : www.jyotsanapublicschool.in"
1513,"Aff. No. :1030524
Sch. Code:50489","State : MADHYA PRADESH
District : SIDHI",Senior Secondary Level,"Name : ADITYA BIRLA PUBLIC SCHOOL
Head/Principal Name: KIRAN S PATEL","Address : ADITYA VIHAR, P.O. BHARATPUR, DISTT.SIDHI(MP)
Website : www.adityabirlaschools.co.in/schools/abps-sidhi-mp/"
1514,"Aff. No. :1030359
Sch. Code:50330","State : MADHYA PRADESH
District : SIDHI",Senior Secondary Level,"Name : S.G.S.S. SCHOOL, NEAR GOPALDAS DAM PADRA , DISTT- SIDHI , MADHYA PRADESH.
Head/Principal Name: MAHENDRA KUMAR TIWARI","Address : AMAHA, DISTT SIDHI, MADHYA PRADESH
Website : www.sgsssidhi.edu.in"
1515,"Aff. No. :1030317
Sch. Code:50283","State : MADHYA PRADESH
District : SIDHI",Senior Secondary Level,"Name : MORITION PUBLIC HIGHER SECONDARY SCHOOL
Head/Principal Name: DURGA PRASAD MISHRA","Address : GOPAL DAS ROAD, SOUTH KARAUNDIYA, SIDHI, MADHYA PRADESH
Website : www.moritionps.in"
1516,"Aff. No. :1000066
Sch. Code:54124","State : MADHYA PRADESH
District : SIDHI",Senior Secondary Level,"Name : PM SHRI KENDRIYA VIDYALAYA
Head/Principal Name: M K MISHRA","Address : SIDHI MADHYA PRADESH
Website : https://sidhi.kvs.ac.in"
1517,"Aff. No. :1020011
Sch. Code:52012","State : MADHYA PRADESH
District : SIDHI",Senior Secondary Level,"Name : EKLAVYA MODEL RES. SCHOOL
Head/Principal Name: RAMPAL SINGH","Address : TAUSAR SIDHI, MP
Website : https://emrstansarsidhi.github.io/emrstansar/"
1518,"Aff. No. :1020089
Sch. Code:52105","State : MADHYA PRADESH
District : SIDHI",Senior Secondary Level,"Name : GOVT KANYA SHIKSHA PARISAR HIGH SCHOOL,KUSUMI, SIDHI
Head/Principal Name: P K PANDEY","Address : GOVT KANYA SHIKSHA PARISAR HIGH SCHOOL,KUSUMI, SIDHI
Website : www.govtkanyashikshaparisarkusmi.com"
1519,"Aff. No. :1020084
Sch. Code:52064","State : MADHYA PRADESH
District : SIDHI",Senior Secondary Level,"Name : GOVT KANYA SHIKSHA PARISAR SIDHI (M.P.)
Head/Principal Name: AKHILESH KUMAR YADAV","Address : GOVT KANYA SHIKSHA PARISAR SIDHI MP 486661
Website : govtkanyashikshaparisarsidhi@gmail.com"
1520,"Aff. No. :1020042
Sch. Code:52068","State : MADHYA PRADESH
District : SIDHI",Senior Secondary Level,"Name : GOVT MODEL H S SCHOOL
Head/Principal Name: MULAYAM SINGH YADAV","Address : sarra(churhat), sidhi village and post churhat sarra tehsil churhat district sidhi sidhi
Website : www.modelschoolchurhat.com"
1521,"Aff. No. :1040003
Sch. Code:54048","State : MADHYA PRADESH
District : SIDHI",Senior Secondary Level,"Name : JAWAHAR NAVODAYA VIDYALAYA
Head/Principal Name: VACANT","Address : CHURHAT DISTT. SIDHI MADHYA PRADESH
Website :"
1522,"Aff. No. :1031079
Sch. Code:51047","State : MADHYA PRADESH
District : SIDHI",Senior Secondary Level,"Name : SIDDHABHOOMI INTERNATIONAL SCHOOL
Head/Principal Name: SHAJI V GEORGE","Address : NEAR NH-39, VILLAGE- PANWAR, PO- PANWAR BAGHELAN, SIDHI
Website : www.sissidhi.com"
1523,"Aff. No. :1030944
Sch. Code:50908","State : MADHYA PRADESH
District : SIDHI",Senior Secondary Level,"Name : SIT PUBLIC SCHOOL
Head/Principal Name: Shobha Reddy","Address : JAMODI SENGRAN WARD NO.2 SIDHI (M.P.)
Website : http://sitpublicschoolsidhi.com"
1524,"Aff. No. :1030998
Sch. Code:50962","State : MADHYA PRADESH
District : TIKAMGARH",Senior Secondary Level,"Name : ARIHANT PUBLIC SCHOOL
Head/Principal Name: Vardhman Kumar Jain","Address : KUNWARPURA, TIKAMGARH (M.P.)
Website : www.arihantpublicschool.in"
1525,"Aff. No. :1031218
Sch. Code:51236","State : MADHYA PRADESH
District : TIKAMGARH",Senior Secondary Level,"Name : SRI GURU HARKRISHAN SENIOR SECONDARY SCHOOL
Head/Principal Name: Varsha Jham","Address : 6KM, PAHARI KHURD, JHANSI ROAD, TIKAMGARH
Website : https://www.sghsss.in"
1526,"Aff. No. :1031193
Sch. Code:51214","State : MADHYA PRADESH
District : TIKAMGARH",Secondary Level,"Name : APEX ACADEMY
Head/Principal Name: MRS. NEHA SHRIVASTAV","Address : PRATHVIPUR ABDUL KALAM AZAAD WARD 4 PRATHVIPUR TIKAMGARH MADHYA PRADESH BHARAT
Website : WWW.APEXACADEMYSCHOOL.COM"
1527,"Aff. No. :1040007
Sch. Code:54051","State : MADHYA PRADESH
District : TIKAMGARH",Senior Secondary Level,"Name : JAWAHAR NAVODAYA VIDYALAYA
Head/Principal Name: BHARAT LAL YADAV","Address : KUNDESHWAR DISTT TIKAM GARH MADHYA PRADESH
Website : www.jnvtikamgarh.in"
1528,"Aff. No. :1031499
Sch. Code:51517","State : MADHYA PRADESH
District : TIKAMGARH",Secondary Level,"Name : NEW VISION FOUNDATION
Head/Principal Name: RITU MISHRA","Address : JHANSHI ROAD , GRAM PHADI KHURD, JANPAD TIKAMGARH
Website : www.newvisionfoundation.in"
1529,"Aff. No. :1031229
Sch. Code:51247","State : MADHYA PRADESH
District : TIKAMGARH",Secondary Level,"Name : BHAGWAN MAHAVEER BAL SANSKAR KENDRA
Head/Principal Name: R.K.JAIN","Address : JHANSI ROAD, TIKAMGARH, DIST. TIKAMGARH, M.P
Website : https://mbsschool.in/index.html"
1530,"Aff. No. :1000094
Sch. Code:54155","State : MADHYA PRADESH
District : TIKAMGARH",Senior Secondary Level,"Name : PM SHRI KENDRIYA VIDYALAYA TIKAMGARH
Head/Principal Name: SANTOSH SONI","Address : C/O MUNCIPALITY COUNCIL OF TIKAMGARH, MADHYA PRADESH
Website : www.tikamgarh.kvs.ac.in"
1531,"Aff. No. :1030292
Sch. Code:50261","State : MADHYA PRADESH
District : TIKAMGARH",Senior Secondary Level,"Name : MAHARISHI VIDYA MANDIR
Head/Principal Name: Mangal Singh Rajput","Address : KUDESHEAR ROAD TIKAMGARH MADHYA PRADESH
Website : https://mvmtikamgarh.org"
1532,"Aff. No. :1030270
Sch. Code:50242","State : MADHYA PRADESH
District : TIKAMGARH",Senior Secondary Level,"Name : HOPE ACADEMY SCHOOL
Head/Principal Name: ANUP KUMAR KHARE","Address : JHANSI ROAD PO HIRA NAGAR TIKAMGARH MADHYA PRADESH
Website : www.hopeacademy.in"
1533,"Aff. No. :1030561
Sch. Code:50526","State : MADHYA PRADESH
District : TIKAMGARH",Senior Secondary Level,"Name : ANGEL'S ABODE PUBLIC SCHOOL
Head/Principal Name: SANDEEP KUMAR SHRIVASTAVA","Address : GRAM BADAGAON KHURD
Website : www.angelsabode.co.in"
1534,"Aff. No. :1030775
Sch. Code:50741","State : MADHYA PRADESH
District : TIKAMGARH",Secondary Level,"Name : CHRIST JYOTI SCHOOL
Head/Principal Name: ANNA MATHEW","Address : NIWARI POST DISST TIKAMGARH (M.P)
Website : http://christjyotiniwari.com"
1535,"Aff. No. :1030634
Sch. Code:50601","State : MADHYA PRADESH
District : TIKAMGARH",Secondary Level,"Name : PUSHPA ENGLISH MEDIUM SCHOOL
Head/Principal Name: AJI GEORGE","Address : FRIENDS COLONY, BEHIND RAJENDRA HOSPITAL
Website : www.pemschool.in"
1536,"Aff. No. :1030633
Sch. Code:50600","State : MADHYA PRADESH
District : UJJAIN",Senior Secondary Level,"Name : RAGINI INTERNATIONAL SCHOOL
Head/Principal Name: DR. AMIT VISHWAKARMA","Address : UMIA HILLS, MAXI ROAD, TAJPUR
Website : www.raginiinternationalschool.com"
1537,"Aff. No. :1030765
Sch. Code:50905","State : MADHYA PRADESH
District : UJJAIN",Secondary Level,"Name : PODAR INTERNATIONAL SCHOOL
Head/Principal Name: Sanjeev Kumar Bhawsar","Address : VILLAGE: MATANA KALAN, NR. ALPINE ENGINEERING COLLEGE, DEWAS ROAD,
Website : http://podareducation.org/school/ujjain"
1538,"Aff. No. :1030902
Sch. Code:50867","State : MADHYA PRADESH
District : UJJAIN",Senior Secondary Level,"Name : JINDATTA INSTITUTE OF EDUCATION
Head/Principal Name: LOKESHCHANDRA SONGARA","Address : 39 NARAYANA ROAD
Website : http://jindattainstituteofeducation.co.in"
1539,"Aff. No. :1030923
Sch. Code:50880","State : MADHYA PRADESH
District : UJJAIN",Senior Secondary Level,"Name : ROCKFORD ACADEMY
Head/Principal Name: ASHUTOSH PATHAK","Address : SARIBARI CHOURAHA, RAMGARH, POST SODANG, TEHSIL GHATIA,
Website : www.rockfordacademy.in"
1540,"Aff. No. :1030929
Sch. Code:50892","State : MADHYA PRADESH
District : UJJAIN",Senior Secondary Level,"Name : THE VARDHAMAN HEIGHTS INTERNATIONAL SCHOOL
Head/Principal Name: Yaisha Bhansali","Address : BARNAGAR ROAD, CHIROLA FANTA,KHACHROD MP
Website : www.vardhamanheights.in"
1541,"Aff. No. :1030880
Sch. Code:50842","State : MADHYA PRADESH
District : UJJAIN",Senior Secondary Level,"Name : ST. MARTINS SCHOOL
Head/Principal Name: JANET GEORGE","Address : SHEKHPUR-BARNAGAR, UJJAIN
Website : https://stmartinschoolbarnagar.com"
1542,"Aff. No. :1030810
Sch. Code:50775","State : MADHYA PRADESH
District : UJJAIN",Senior Secondary Level,"Name : EXCELLENT ACADEMY
Head/Principal Name: Kuldeep Tanvar","Address : VILLAGE-DEVRUNDI , KHARSOD KALAN TEHSIL- BARNAGAR DISTRICT-UJJAIN (M.P. ) PIN CODE- 456313
Website : www.excellentacademy.net"
1543,"Aff. No. :1030800
Sch. Code:50767","State : MADHYA PRADESH
District : UJJAIN",Secondary Level,"Name : SHASHWAT INTERNATIONAL SCHOOL
Head/Principal Name: SHIKHA DONGRE","Address : SURVEY NO.1610/1611 PATWARI HALKA 35 POST UJJAINIA TEH GHATTIA DIST. UJJAIN M.P.
Website : www.sisujjain.com"
1544,"Aff. No. :1030796
Sch. Code:50766","State : MADHYA PRADESH
District : UJJAIN",Senior Secondary Level,"Name : VIDHYANJALI INTERNATIONAL SCHOOL
Head/Principal Name: INDU PUNJABI","Address : SURVEY NO.2111/1 & 2111/2 BADNAWAR ROAD BARNAGAR
Website : www.visbadnagar.com"
1545,"Aff. No. :1030797
Sch. Code:50835","State : MADHYA PRADESH
District : UJJAIN",Senior Secondary Level,"Name : NEW OXFORD JUNIOR COLLEGE
Head/Principal Name: Deeksha Samak","Address : CHANDESARA DEWAS ROAD UJJAIN
Website : www.newoxfordjc.com"
1546,"Aff. No. :1030791
Sch. Code:50971","State : MADHYA PRADESH
District : UJJAIN",Senior Secondary Level,"Name : SHAIL PUBLIC SCHOOL
Head/Principal Name: NILIMA VAKIL","Address : NEAR INGORIA CHAUPATI, BARNAGAR ROAD
Website : www.shailpublicujjain.com"
1547,"Aff. No. :1030792
Sch. Code:50755","State : MADHYA PRADESH
District : UJJAIN",Senior Secondary Level,"Name : KEN INTERNATIONAL GIRLS SCHOOL,
Head/Principal Name: MAHENDRA KUMAR AWASTHI","Address : GRAM CHAKJAI RAMPUR, NEAR SANCHI DUGDH SANGH, MAXI ROAD, UJJAIN
Website : https://keninternationalschool.in/"
1548,"Aff. No. :1030823
Sch. Code:50788","State : MADHYA PRADESH
District : UJJAIN",Senior Secondary Level,"Name : AARADHYA INTERNATIONAL SCHOOL
Head/Principal Name: PRIYANKA SHARMA","Address : KHASARA NO 1888/3 PATWARI HALKA NO.44 VILLAGE MUNJAKHEDI
Website : www.aaradhyaschool.com"
1549,"Aff. No. :1030838
Sch. Code:50803","State : MADHYA PRADESH
District : UJJAIN",Secondary Level,"Name : TOPPERS ACADEMY
Head/Principal Name: Archan Shrivastava","Address : VILLAGE NARSINGA,TEHSIL BARNAGAR(M.P.)
Website : www.toppersacademynarsinga.com"
1550,"Aff. No. :1030844
Sch. Code:50808","State : MADHYA PRADESH
District : UJJAIN",Senior Secondary Level,"Name : BOSON INTERNATIONAL SCHOOL
Head/Principal Name: SUNITA DEWDA","Address : MALANWASA
Website : www.bosoninternationalschool.com"
1551,"Aff. No. :1030565
Sch. Code:50532","State : MADHYA PRADESH
District : UJJAIN",Senior Secondary Level,"Name : JAIN PUBLIC SCHOOL
Head/Principal Name: SAPNA BASTIAN","Address : BADNAGAR-BADNAWAR ROAD, NEAR TOLL TAX NAKA GRAM DHAULANA,BADNAGAR DISTRICT UJJAIN M.P. PIN-456771
Website : www.jainpublicschools.org/barnagar"
1552,"Aff. No. :1030568
Sch. Code:50536","State : MADHYA PRADESH
District : UJJAIN",Senior Secondary Level,"Name : IBS GLOBAL ACADEMY
Head/Principal Name: SHIKHA UPADHYAY","Address : SANWER ROAD, UJJAIN (M.P.)
Website : www.ibsglobalacademy.com"
1553,"Aff. No. :1030577
Sch. Code:50546","State : MADHYA PRADESH
District : UJJAIN",Senior Secondary Level,"Name : AKSHAT INTERNATIONAL SCHOOL
Head/Principal Name: PALLAVI DIWAKAR","Address : LALPUR, NAGZIRI, DEWAS ROAD, UJJAIN
Website : www.akshatinternationalujjain.com"
1554,"Aff. No. :1030625
Sch. Code:50591","State : MADHYA PRADESH
District : UJJAIN",Senior Secondary Level,"Name : LOTUS INTERNATIONAL SCHOOL
Head/Principal Name: LALITA BHATIYA","Address : BANGRED DISTRICT UJJAIN
Website : https://lotusinternationalschool.co.in/"
1555,"Aff. No. :1030517
Sch. Code:50481","State : MADHYA PRADESH
District : UJJAIN",Senior Secondary Level,"Name : ST. JOSEPH'S CONVENT HIGH SCHOOL
Head/Principal Name: SOBY THOMAS","Address : MEHIDPUR
Website : https://www.stjosephmahidpur.org"
1556,"Aff. No. :1030490
Sch. Code:50454","State : MADHYA PRADESH
District : UJJAIN",Senior Secondary Level,"Name : LOKMANYA TILAK HIGHER SECONDARY SCHOOL
Head/Principal Name: ARCHANA BICHOO","Address : LOKMANYA TILAK SHIKSHA PARISAR, BEHIND RAILWAY STATION, UJJAIN, MADHYA PRADESH
Website : www.lthssujjain.com"
1557,"Aff. No. :1030546
Sch. Code:50512","State : MADHYA PRADESH
District : UJJAIN",Secondary Level,"Name : DINAH CONVENT HIGH SCHOOL
Head/Principal Name: SOPHIA PAUL","Address : DINAH CONVENT HIGH SCHOOL, SARASWATI NAGAR,
Website : www.dinahconventschool.org"
1558,"Aff. No. :1030345
Sch. Code:50312","State : MADHYA PRADESH
District : UJJAIN",Senior Secondary Level,"Name : GYAN SAGAR GLOBAL ACADEMY
Head/Principal Name: MANJIMA PANDLA","Address : NEAR JANTAR MANTAR, CHINTAMAN ROAD, UJJAIN, MADHYA PRADESH
Website : www.gsgaujjain.gsegroup.in"
1559,"Aff. No. :1030374
Sch. Code:","State : MADHYA PRADESH
District : UJJAIN",Senior Secondary Level,"Name : SSVM SECONDARY SCHOOL
Head/Principal Name: Brajnandan Kumawat","Address : NAGDA ROAD, KHACHROD, DISTT UJJAIN, MADHYA PRADESH
Website :"
1560,"Aff. No. :1030379
Sch. Code:50345","State : MADHYA PRADESH
District : UJJAIN",Senior Secondary Level,"Name : MASTER MIND INTERNATIONAL SCHOOL
Head/Principal Name: ASHISH PATIDAR","Address : MAKDON ROAD, THE.-TARANA, POST-CHHADAWAD, DISTT UJJAIN, MADHYA PRADESH
Website : www.mmistarana.in"
1561,"Aff. No. :1030484
Sch. Code:50450","State : MADHYA PRADESH
District : UJJAIN",Senior Secondary Level,"Name : JOLLY MEMORIAL MISSION SCHOOL
Head/Principal Name: Blassan Samuel","Address : ORA PARK, NEAR SETHI NAGAR, TEMPO STAND, UJJAIN
Website : https://jollymemorialmissionschoolujjain.com/"
1562,"Aff. No. :1030216
Sch. Code:50192","State : MADHYA PRADESH
District : UJJAIN",Senior Secondary Level,"Name : YASH PUBLIC SCHOOL
Head/Principal Name: KUNJUMON PADINJARETHIL JOSEPHJOHN","Address : AMLAVIDYA ROAD HOUSING BOARD COLONY NAGADA, DISTT UJJAIN MADHYA PRADESH
Website : https://ypsss.in/"
1563,"Aff. No. :1030209
Sch. Code:50186","State : MADHYA PRADESH
District : UJJAIN",Senior Secondary Level,"Name : GYAN SAGAR ACADEMY
Head/Principal Name: GEETA GARG","Address : NEAR ABHILASHA COLONY GRAM HAMUKHEDI DEWAS ROAD UJJAIN MADHYA PRADESH
Website : www.gsaujjain.gsegroup.in"
1564,"Aff. No. :1030281
Sch. Code:50252","State : MADHYA PRADESH
District : UJJAIN",Senior Secondary Level,"Name : CARMEL CONVENT SCHOOL
Head/Principal Name: DR SR KRIPA MARIA","Address : KAMED DISTT UJJAIN MADHYA PRADESH
Website : www.carmelujjain.com"
1565,"Aff. No. :1030287
Sch. Code:50258","State : MADHYA PRADESH
District : UJJAIN",Senior Secondary Level,"Name : STANFORD INTERNATIONAL SCHOOL
Head/Principal Name: SADHANA WALIA","Address : INDORE ROAD DISTT UJJAIN MADHYA PRADESH
Website : http://www.stanfordujjain.com"
1566,"Aff. No. :1030320
Sch. Code:50373","State : MADHYA PRADESH
District : UJJAIN",Senior Secondary Level,"Name : VIDYA BHAWAN
Head/Principal Name: ASHA MUNDE","Address : NEAR TRIVENI NAKA INDE ROAD VILL. DENDIA UJJAIN, MADHYA PRADESH
Website : www.vidyabhavanschool.com"
1567,"Aff. No. :1030316
Sch. Code:50282","State : MADHYA PRADESH
District : UJJAIN",Senior Secondary Level,"Name : KADAMBINI CHILDREN'S ACADEMY
Head/Principal Name: MANJU KIRTI VASHISHTHA","Address : A/55 , INDIRA NAGAR, RAGAR ROAD, DISTT UJJAIN, MADHYA PRADESH
Website : www.kadambinichildrensacademy.com"
1568,"Aff. No. :1030332
Sch. Code:50301","State : MADHYA PRADESH
District : UJJAIN",Senior Secondary Level,"Name : SAVYA SACHI VIDYAPEETH
Head/Principal Name: SAIKAT CHANDA","Address : NAZGIRI, DEWAS ROAD
Website :"
1569,"Aff. No. :1030111
Sch. Code:50110","State : MADHYA PRADESH
District : UJJAIN",Senior Secondary Level,"Name : ST. PAULS CONVENT SENIOR SECONDARY SCHOOL
Head/Principal Name: Jessy Markose","Address : MAKODIA - AM AGRA ROAD UJJAIN MADHYA PRADESH (RESTORED IN PERSUANCE TO THE ORDER OF HON'BLE HIGH COURT OF MADHYA PRADESH)
Website : www.stpaulujjain.com"
1570,"Aff. No. :1030092
Sch. Code:50111","State : MADHYA PRADESH
District : UJJAIN",Senior Secondary Level,"Name : TAKSHSHILA JUNIOR COLLEGE
Head/Principal Name: DR GANASAN V","Address : GRAM MINDIA INDORE ROAD P O NAVA KHEDA UJJAIN MADHYA PRADESH
Website : www.takshshilajuniorcolle"
1571,"Aff. No. :1030188
Sch. Code:50165","State : MADHYA PRADESH
District : UJJAIN",Senior Secondary Level,"Name : CHRISTU JYOTI CONVENT SCHOOL
Head/Principal Name: SR ROSMI XAVIER POONKAVELIYAL","Address : ENGINEERING COLLEGE ROAD MALANWASA PB NO 248 MOTILAL NEHRU NAGAR UJJAIN MADHYA PRADESH
Website : www.cjcsujjin.com"
1572,"Aff. No. :1030122
Sch. Code:50114","State : MADHYA PRADESH
District : UJJAIN",Senior Secondary Level,"Name : OXFORD JUNIOR COLLEGE
Head/Principal Name: DR SAROJ SHUKLA","Address : NEAR ABHILASHA CLY. DEWAS ROAD UJJAIN MADHYA PRADESH
Website : www.oxfordujjainco.in"
1573,"Aff. No. :1030129
Sch. Code:50115","State : MADHYA PRADESH
District : UJJAIN",Senior Secondary Level,"Name : ADITYA BIRLA SENIOR SECONDARY SCHOOL
Head/Principal Name: SHIKHA MANOJ SAXENA","Address : NEAR PETROL PUMP BIRLAGRAM NAGDA, DIST UJJAIN, MADHYA PRADESH
Website : https://adityabirlaschools.co.in/absss-nagda/"
1574,"Aff. No. :1000021
Sch. Code:54129","State : MADHYA PRADESH
District : UJJAIN",Senior Secondary Level,"Name : PM SHRI KENDRIYA VIDYALAYA
Head/Principal Name: MUKESH KUMAR MEENA","Address : DEWAS ROAD NAGZIRI UJJAIN MADHYA PRADESH
Website : www.ujjain.kvs.ac.in"
1575,"Aff. No. :1020172
Sch. Code:52182","State : MADHYA PRADESH
District : UJJAIN",Senior Secondary Level,"Name : GOVERNMENT GYANODAYA VIDHYALAYA
Head/Principal Name: SANDHYA SHARMA","Address : NEAR- NAGZIRI, DEWAS ROAD- UJJAIN
Website : www.ggavu.com"
1576,"Aff. No. :1030007
Sch. Code:50113","State : MADHYA PRADESH
District : UJJAIN",Senior Secondary Level,"Name : THE ADITYA BIRLA PUBLIC SCHOOL
Head/Principal Name: SUNIL KUMAR","Address : P O BIRLAGRAM NAGDA UJJAIN DISTT MADHYA PRADESH
Website : www.adityabirlaschools.com"
1577,"Aff. No. :1030008
Sch. Code:50109","State : MADHYA PRADESH
District : UJJAIN",Senior Secondary Level,"Name : KALIDAS MONTESSORI SENIOR SECONDARY SCHOOL
Head/Principal Name: Rajesh joshi","Address : 17, MILKIPURA, BADA TELIWADA, UJJAIN, MADHYA PRADESH ,456001
Website : www.kalidasschool.org"
1578,"Aff. No. :1030009
Sch. Code:50112","State : MADHYA PRADESH
District : UJJAIN",Senior Secondary Level,"Name : ST. MARY'S CONVENT SENIOR SECONDARY SCHOOL
Head/Principal Name: SARITHA DCUNHA","Address : DEWAS ROAD UJJAIN MADHYA PRADESH
Website : www.stmarysujjain.in"
1579,"Aff. No. :1031248
Sch. Code:51266","State : MADHYA PRADESH
District : UJJAIN",Senior Secondary Level,"Name : TAIYEBI ENGLISH MEDIUM HIGHER SECONDARY SCHOOL
Head/Principal Name: HUSAIN SAHER","Address : MUFADDAL PARK SCHOOL BUILDING,GRAM NAVAKHEDA,INDORE ROAD,UJJAIN
Website : http://www.tehsujjain.com"
1580,"Aff. No. :1031324
Sch. Code:51341","State : MADHYA PRADESH
District : UJJAIN",Secondary Level,"Name : ST. JOHNS CONVENT HIGH SCHOOL
Head/Principal Name: Jasmin","Address : TEHSIL MAHIDPUR, DIST.-UJJAIN, MP
Website : https://www.stjohnsghonsla.in/"
1581,"Aff. No. :1031304
Sch. Code:51321","State : MADHYA PRADESH
District : UJJAIN",Senior Secondary Level,"Name : R. K. BANSAL INTERNATIONAL SCHOOL
Head/Principal Name: MILIND SHUKLA","Address : UNHEL-NAGDA BYPASS, VILLAGE-KAMED, UJJAIN
Website : https://rkbansalinternationalschool.com/"
1582,"Aff. No. :1031352
Sch. Code:51370","State : MADHYA PRADESH
District : UJJAIN",Secondary Level,"Name : SHASHWAT INTERNATIONAL ACADEMY
Head/Principal Name: Pooja Trivedi","Address : 142/1/1 RALAYATI, GHATTIYA, DIST. UJJAIN, 142/1/1 RALAYATI, GHATTIYA, DIST. UJJAIN
Website : http://www.siaujjain.com"
1583,"Aff. No. :1031340
Sch. Code:51357","State : MADHYA PRADESH
District : UJJAIN",Senior Secondary Level,"Name : NIRMAL INTERNATIONAL SCHOOL
Head/Principal Name: ABHILASHA CHATURVEDI","Address : BICHHDOD, TAHSEEL GHATTIA
Website : www.nirmalinternationalschool.in"
1584,"Aff. No. :1040031
Sch. Code:54052","State : MADHYA PRADESH
District : UJJAIN",Senior Secondary Level,"Name : JAWAHAR NAVODAYA VIDYALAYA
Head/Principal Name: KIRAN MHASKE","Address : GHATTIA DT. UJJAIN MADHYA PRADESH
Website : https://www.navodaya.gov.in/nvs/nvs-school/Ujjain-1"
1585,"Aff. No. :1031429
Sch. Code:51446","State : MADHYA PRADESH
District : UJJAIN",Secondary Level,"Name : THE DIVINE PUBLIC SCHOOL
Head/Principal Name: SARIKA SHAH","Address : NAGZIRI, DEWAS ROAD, UJJAIN
Website : https://thedivinepublicschoolujjain.com"
1586,"Aff. No. :1031401
Sch. Code:51418","State : MADHYA PRADESH
District : UJJAIN",Senior Secondary Level,"Name : NARAYANA E TECHNO SCHOOL
Head/Principal Name: USHA KALYANI DHARMAPURI","Address : NAGZIRI, , DEWAS ROAD,, UJJAIN (M.P.)
Website : www.narayanaetechnoschoolujjjain.in/"
1587,"Aff. No. :1031421
Sch. Code:51438","State : MADHYA PRADESH
District : UJJAIN",Secondary Level,"Name : ST. PAULS CONVENT HIGH SCHOOL
Head/Principal Name: LEENAMOL K KAPPIL","Address : WARD NO 4, ALPHONSA NAGAR, UNDASA ROAD,, PANCHKOSHI MARG, UJJAIN, DIST.- UJJAIN, (M.P)
Website : https://stpaulsconventhighschool.in/"
1588,"Aff. No. :1031200
Sch. Code:51151","State : MADHYA PRADESH
District : UJJAIN",Senior Secondary Level,"Name : FAME GURUKUL INTERNATIONAL SCHOOL
Head/Principal Name: SHAILENDRA RUPAWAT","Address : NEAR BARANDWA BRIDGE, A.B. ROAD, KANASIYA, TEHSIL TARANA, DISTRICT UJJAIN (M.P.)
Website : www.famegurukulinternationalschool.in"
1589,"Aff. No. :1031209
Sch. Code:51227","State : MADHYA PRADESH
District : UJJAIN",Secondary Level,"Name : ABHYAAS INTERNATIONAL SCHOOL
Head/Principal Name: Rashmi Jain","Address : JASSAKHEDI ROAD, BARNAGAR
Website : www.abhyaasinternational.com"
1590,"Aff. No. :1031227
Sch. Code:51245","State : MADHYA PRADESH
District : UJJAIN",Secondary Level,"Name : ST. AUGUSTINE RESIDENTIAL SCHOOL
Head/Principal Name: NEELIMA BADJATYA","Address : AMLA FORT ROAD,TEHSIL,BARNAGAR,DIST.UJJAIN,M.P
Website : www.starschoolamla.com"
1591,"Aff. No. :1031163
Sch. Code:51141","State : MADHYA PRADESH
District : UJJAIN",Senior Secondary Level,"Name : GO GREEN INTERNATIONAL SCHOOL
Head/Principal Name: GIRISH DHEKANE","Address : 921/1,CHINTAMAN JAWASIYA,GOVT. KANKAD, HASAMPURA ROAD,UJJAIN
Website : www.gogreeninternationalschool.com"
1592,"Aff. No. :1031186
Sch. Code:51207","State : MADHYA PRADESH
District : UJJAIN",Senior Secondary Level,"Name : MPS ACADEMY
Head/Principal Name: SAPNA JAIN","Address : GHONSALA ROAD, MEHIDPUR
Website : www.mpsacademymehidpur.co.in"
1593,"Aff. No. :1031126
Sch. Code:51110","State : MADHYA PRADESH
District : UJJAIN",Senior Secondary Level,"Name : UNIVERSAL ACADEMY SCHOOL TARANA
Head/Principal Name: VINOD BOSE T","Address : UJJAIN ROAD, TARANA, TEH. TARANA, DIST. UJJAIN, M.P.
Website : www.universalacademytarana.com"
1594,"Aff. No. :1031151
Sch. Code:51115","State : MADHYA PRADESH
District : UJJAIN",Secondary Level,"Name : GRACE MISSION INTERNATIONAL SCHOOL UJJAIN
Head/Principal Name: RAJENDRA UPAHYAY","Address : VILL. BHASODA MAXI ROAD UJJAIN- 456661
Website : https://gracemissionofgod.in"
1595,"Aff. No. :1031157
Sch. Code:51145","State : MADHYA PRADESH
District : UJJAIN",Senior Secondary Level,"Name : MAHARAJA INTERNATIONAL SCHOOL
Head/Principal Name: RAHMATULLAH KHAN","Address : VILLAGE CHANDESARI, NEAR ABHILASHA COLONY, DEWAS ROAD, UJJAIN
Website : http://www.maharajainternationalschool.com"
1596,"Aff. No. :1031114
Sch. Code:51091","State : MADHYA PRADESH
District : UJJAIN",Senior Secondary Level,"Name : THE YUGANTAR INTERNATIONAL SCHOOL
Head/Principal Name: Parampreet Kaur","Address : TARANA ROAD UNDASA UJJAIN
Website : https://yugantarinternationalschool.com/"
1597,"Aff. No. :1031000
Sch. Code:50963","State : MADHYA PRADESH
District : UJJAIN",Senior Secondary Level,"Name : SHREE ARYA RAKSHIT SHIKSHA SANSKAR ACADEMY
Head/Principal Name: Sandeep Joshi","Address : ABHUDAYPOORAM NEAR TOLL BADNAGAR ROAD VILLAGE MANGROLA UJJAIN
Website :"
1598,"Aff. No. :1031010
Sch. Code:50970","State : MADHYA PRADESH
District : UJJAIN",Senior Secondary Level,"Name : IMPERIAL INTERNATIONAL SCHOOL
Head/Principal Name: Sarish Jose","Address : OPPOSITE NAGAR PALIKA, STATION ROAD, KHACHROD
Website : www.imperialinternationalschoolkhachrod.in"
1599,"Aff. No. :1030989
Sch. Code:50947","State : MADHYA PRADESH
District : UJJAIN",Senior Secondary Level,"Name : SHREE RAJ RAJENDRA JAYANTSEN VIDYAPEETH
Head/Principal Name: veena kundi","Address : JAORA ROAD, KHACHROD, DISTRICT : UJJAIN, M.P.
Website : www.rrjv.com"
1600,"Aff. No. :1031065
Sch. Code:51032","State : MADHYA PRADESH
District : UJJAIN",Senior Secondary Level,"Name : THE SANSKRITI GLOBAL SCHOOL
Head/Principal Name: DR RINKU SHRIVASTAVA","Address : SH-18 VILLAGE KHARSOD KHURD TEHSIL BARNAGAR DISTRICT UJJAIN (M.P.)
Website : www.thesanskritiglobalschool.in"
1601,"Aff. No. :1031059
Sch. Code:51023","State : MADHYA PRADESH
District : UJJAIN",Senior Secondary Level,"Name : UNIVERSAL ACADEMY
Head/Principal Name: RAMKRISHNA SHARMA","Address : A B ROAD KANASIYA NAKA
Website : http://universalacademykanasiya.in"
1602,"Aff. No. :1031030
Sch. Code:50992","State : MADHYA PRADESH
District : UJJAIN",Senior Secondary Level,"Name : LAKSHYA INTERNATIONAL SCHOOL, NAGDA
Head/Principal Name: SANTOSH SHARMA","Address : LAKSHYA INTERNATIONAL SCHOOL, KHACHROD-JAORA JUNCTION, NAGDA JUNCTION, DIST. - UJJAIN
Website : http://lisnagda.org/"
1603,"Aff. No. :1031045
Sch. Code:51011","State : MADHYA PRADESH
District : UJJAIN",Senior Secondary Level,"Name : ALOK INTERNATIONAL SCHOOL
Head/Principal Name: YAMINI PATANKAR","Address : BEHIND AIR STRIP, DEWAS ROAD, UJJAIN
Website : http://www.aisujjain.in"
1604,"Aff. No. :1031037
Sch. Code:51001","State : MADHYA PRADESH
District : UJJAIN",Senior Secondary Level,"Name : DELHI PUBLIC SCHOOL
Head/Principal Name: VIBHA SINGH TOMAR","Address : GRAM JAIWANTPUR, MAKSI ROAD UJJAIN
Website : www.dpsujjain.org"
1605,"Aff. No. :1040050
Sch. Code:54065","State : MADHYA PRADESH
District : UJJAIN",Senior Secondary Level,"Name : JAWAHAR NAVODAYA VIDYALAYA
Head/Principal Name: DHIRENDRA KUMAR MEHTA","Address : NAGDA DISTT UJJAIN, MADHYA PR ADESH
Website : www.navodaya.gov.in/nvs/nvs-school/Ujjain-2"
1606,"Aff. No. :1040048
Sch. Code:54063","State : MADHYA PRADESH
District : UMARIA",Senior Secondary Level,"Name : JAWAHAR NAVODAYA VIDYALAYA
Head/Principal Name: BIRENDRA RAI","Address : PALI (DUBBAR), DISTT. UMARIA, M.P.
Website : https://www.navodaya.gov.in/nvs/nvs-school/UMARIA/"
1607,"Aff. No. :1031023
Sch. Code:50980","State : MADHYA PRADESH
District : UMARIA",Senior Secondary Level,"Name : ST. ALOYSIUS SCHOOL
Head/Principal Name: SHEEBA JOSEPH","Address : PALI PROJECT
Website : www.staloysiusschoolpali.com"
1608,"Aff. No. :1031166
Sch. Code:51158","State : MADHYA PRADESH
District : UMARIA",Senior Secondary Level,"Name : BRIGHTON INTERNATIONAL SCHOOL SHAHDOL
Head/Principal Name: Brijesh Kumar Rai","Address : AKASHVANI KENDRA, BEHIND FOREST BARRIER, PALI ROAD, VILLAGE: CHANDANIYA, SHAHDOL, DISTRICT: UMARIA (MADHYA PRADESH)
Website : www.brightonshahdol.com"
1609,"Aff. No. :1031481
Sch. Code:51499","State : MADHYA PRADESH
District : UMARIA",Secondary Level,"Name : MERITHUB INTERNATIONAL SCHOOL
Head/Principal Name: DINESH PRASAD TIWARI","Address : VILLAGE MEDHAKI, MANPUR ROAD, TEHSIL PALI, DISTRICT UMARIA
Website : https://merithubinternationalschool.com/"
1610,"Aff. No. :1020046
Sch. Code:52040","State : MADHYA PRADESH
District : UMARIA",Senior Secondary Level,"Name : GOVT. KANYA SHIKSHA PARISAR PALI
Head/Principal Name: SARITA JAIN","Address : GOVT. KANYA SHIKSHA PARISAR PALI DISTRICT UMARIA
Website : https://kanyashikshaparisarpali.in/"
1611,"Aff. No. :1020067
Sch. Code:52046","State : MADHYA PRADESH
District : UMARIA",Senior Secondary Level,"Name : GOVT. KANYA SHIKSHA PARISAR UMARIA
Head/Principal Name: ARNOD KUMAR SHUKLA","Address : PRINCIPAL GOVT. KANYA SHIKSHA PARISAR UMARIA DISTT. UMARIA (M.P.)
Website : www.tribalportal.com"
1612,"Aff. No. :1000039
Sch. Code:54130","State : MADHYA PRADESH
District : UMARIA",Senior Secondary Level,"Name : KENDRIYA VIDYALAYA
Head/Principal Name: SANTOSH KUMAR DWIVEDI","Address : S E C L NOWROZABAD DT UMARIA MADHYA PRADESH
Website : https://seclnowrozabad.kvs.ac.in"
1613,"Aff. No. :1000087
Sch. Code:54148","State : MADHYA PRADESH
District : UMARIA",Secondary Level,"Name : KENDRIYA VIDYALAYA
Head/Principal Name: SANJAY KUMAR","Address : OPP. S.P. BUNGALOW, CIVIL LINES, UMARIA, MADHYA PRADESH
Website : www.umaria.kvs.ac.in"
1614,"Aff. No. :1020009
Sch. Code:52011","State : MADHYA PRADESH
District : UMARIA",Senior Secondary Level,"Name : EKLAVYA MODEL RESIDENTIAL SCHOOL
Head/Principal Name: T S RAGHUVANSHI","Address : PALI DISTT UMARIA M P
Website : www.emrspali.org.in"
1615,"Aff. No. :1030344
Sch. Code:50311","State : MADHYA PRADESH
District : UMARIA",Senior Secondary Level,"Name : ST.JOSEPH'S SCHOOL
Head/Principal Name: Kalash Panampukkat Baby","Address : BIRSINGHPUR PALI P.O, UMARIA
Website : www.sjspali.com"
1616,"Aff. No. :1030444
Sch. Code:50409","State : MADHYA PRADESH
District : UMARIA",Senior Secondary Level,"Name : CENTRAL ACADEMY ENGLISH MEDIUM SCHOOL
Head/Principal Name: SONIA MISHRA","Address : MILE STONE NO. 135, TALA ROAD, UMARIA
Website : www.centralacademyumaria.com"
1617,"Aff. No. :1030562
Sch. Code:50530","State : MADHYA PRADESH
District : UMARIA",Senior Secondary Level,"Name : VIDYA BHARTI SARASWATI HIGHER SECONDARY SCHOOL
Head/Principal Name: RAJESH KUMAR DWIVEDI","Address : PRAKASH NAGAR, BIRSINGHPUR, PALI DIST-UMARIA[M.P)PIN-484552
Website : https://vidyabharticbseprakashnagar.in/"
1618,"Aff. No. :1030650
Sch. Code:50621","State : MADHYA PRADESH
District : UMARIA",Senior Secondary Level,"Name : ROBERTSON CONVENT HR. SEC SCHOOL
Head/Principal Name: NEENA PANDEY","Address : NEW CIRCUIT HOUSE ROAD, UMARIA DIST
Website : www.robertsonconvent.ac.in"
1619,"Aff. No. :1030653
Sch. Code:50618","State : MADHYA PRADESH
District : VIDISHA",Senior Secondary Level,"Name : NIRMALA CONVENT HIGHER SECONDARY SCHOOL
Head/Principal Name: TENSY","Address : NEAR NEW BUS STAND, SIRONJ, VIDISHA (DISTT.)-464228
Website : www.nirmalachs.in"
1620,"Aff. No. :1030694
Sch. Code:50657","State : MADHYA PRADESH
District : VIDISHA",Senior Secondary Level,"Name : INTERNATIONAL PUBLIC SCHOOL
Head/Principal Name: RAMKRISHNA RAGHUWANSHI","Address : SARASWATI NAGAR, LALPATHAR ROAD, GANJBASODA
Website : www.ipsganjbasoda.com"
1621,"Aff. No. :1030684
Sch. Code:50647","State : MADHYA PRADESH
District : VIDISHA",Senior Secondary Level,"Name : SAMARPAN PUBLIC SCHOOL
Head/Principal Name: PANKAJ SARASWAT","Address : MANDI BAMORA DISTT- VIDISHA (M.P.)
Website : https://www.samarpanpublicschool.org/"
1622,"Aff. No. :1030715
Sch. Code:50725","State : MADHYA PRADESH
District : VIDISHA",Senior Secondary Level,"Name : OLYMPUS HIGH
Head/Principal Name: Prachi Raghuvanshi","Address : VILLAGE DHATURIA, SAGAR ROAD VIDISHA
Website : www.olympushigh.org"
1623,"Aff. No. :1030711
Sch. Code:50676","State : MADHYA PRADESH
District : VIDISHA",Senior Secondary Level,"Name : VIDISHA INTERNATIONAL PUBLIC SCHOOL
Head/Principal Name: Madhavi Dwivedi","Address : SUKHA SEMRA TEHSIL AND DISTRICT VIDISHA
Website : http://www.vidishaips.com/"
1624,"Aff. No. :1030836
Sch. Code:50802","State : MADHYA PRADESH
District : VIDISHA",Senior Secondary Level,"Name : ST.JOSEPH SCHOOL
Head/Principal Name: Anty John","Address : ST.JOSEPH SCHOOL,BARETH ROAD,GANJBASODA, VIDISHA(DT.)M.P-464221
Website : www.stjosephbasoda.com"
1625,"Aff. No. :1030818
Sch. Code:50784","State : MADHYA PRADESH
District : VIDISHA",Senior Secondary Level,"Name : SCHOLARS PUBLIC HR. SEC. SCHOOL
Head/Principal Name: RAHUL PANICKER","Address : PACHMA ROAD, GANJ BASODA
Website : www.scholarsbasoda.org"
1626,"Aff. No. :1030870
Sch. Code:50834","State : MADHYA PRADESH
District : VIDISHA",Senior Secondary Level,"Name : ST. MARYS HIGHER SECONDARY SCHOOL
Head/Principal Name: MADANU THERESAMMA","Address : NH 86, SAGAR ROAD, VIDISHA. M.P. 464001
Website : www.stmarysschoolvidisha.com"
1627,"Aff. No. :1030871
Sch. Code:50833","State : MADHYA PRADESH
District : VIDISHA",Senior Secondary Level,"Name : SANSKAR GREEN VALLEY SCHOOL
Head/Principal Name: MANOJ TIWARI","Address : ROYAL CITY LATERI ROAD SIRONJ
Website : http://www.sanskargreenvalleyschool.com"
1628,"Aff. No. :1030931
Sch. Code:50894","State : MADHYA PRADESH
District : VIDISHA",Senior Secondary Level,"Name : AGARWAL INTERNATIONAL PUBLIC SCHOOL
Head/Principal Name: Pragati Raghuwanshi","Address : PLOT NO. 92, KASBA AHMEDPUR, TEHSIL VIDISHA, DISTRICT VIDISHA 464001(M.P.)
Website : www.agarwalinternationalvidisha.in"
1629,"Aff. No. :1030477
Sch. Code:50498","State : MADHYA PRADESH
District : VIDISHA",Senior Secondary Level,"Name : SAKET MGM SENIOR SECONDARY SCHOOL
Head/Principal Name: BIBHAS RANJAN PAL","Address : SAKET NAGAR, LADHAU,PURANPURA,VIDISHA
Website : www.saketmgm.com"
1630,"Aff. No. :1030266
Sch. Code:50239","State : MADHYA PRADESH
District : VIDISHA",Senior Secondary Level,"Name : BHARAT MATA CONVENT HIGHER SECONDARY SCHOOL
Head/Principal Name: SAJI CHATHELY GEORGE","Address : GANJ BASODA DISTT VIDISHA MADHYA PRADESH
Website : www.bmcbasoda.com"
1631,"Aff. No. :1030261
Sch. Code:50235","State : MADHYA PRADESH
District : VIDISHA",Senior Secondary Level,"Name : TRINITY CONVENT HIGHER SECONDARY SCHOOL
Head/Principal Name: JOSPHENA K.R","Address : NH86, SAGAR ROAD, VIDISHA MADHYA PRADESH
Website : www.trinityvidisha.com"
1632,"Aff. No. :1030130
Sch. Code:50117","State : MADHYA PRADESH
District : VIDISHA",Senior Secondary Level,"Name : VATSALYA SENIOR SECONDARY SCHOOL
Head/Principal Name: Sanjay Sharma","Address : HARIPURA DISTT VIDISHA MADHYA PRADESH
Website : www.vatsalyavidisha.org"
1633,"Aff. No. :1000103
Sch. Code:51132","State : MADHYA PRADESH
District : VIDISHA",Senior Secondary Level,"Name : PM SHRI KENDRIYA VIDYALAYA GANJ BASODA
Head/Principal Name: SUMAN SINGH","Address : Kendriya Vidyalaya , Semra Road, Mahagaur, Ganj Basoda
Website : https://ganjbasoda.kvs.ac.in/"
1634,"Aff. No. :1000075
Sch. Code:54136","State : MADHYA PRADESH
District : VIDISHA",Senior Secondary Level,"Name : PM SHRI KENDRIYA VIDYALAYA
Head/Principal Name: GEETA BHADAURIA","Address : SANCHI ROAD VIDISHA MADHYA PRADESH
Website : https://vidisha.kvs.ac.in/"
1635,"Aff. No. :1031486
Sch. Code:51504","State : MADHYA PRADESH
District : VIDISHA",Secondary Level,"Name : INDRA INTERNATIONAL SCHOOL
Head/Principal Name: PARVEEN KUMARI","Address : VILLAGE MADHI CHAUBISA,, TEHSIL GULABGANJ,, VIDISHA
Website : https://indrainternationalschool.org/"
1636,"Aff. No. :1031487
Sch. Code:51505","State : MADHYA PRADESH
District : VIDISHA",Middle Class,"Name : SUNRISE INTERNATIONAL SCHOOL
Head/Principal Name: SEEMA MISHRA","Address : SURVEY NO.-115/2,, MOHI, TEHSIL - NATERAN, DISTT- VIDISHA
Website : https://sunriseinternationalschool.net/"
1637,"Aff. No. :1040029
Sch. Code:54053","State : MADHYA PRADESH
District : VIDISHA",Senior Secondary Level,"Name : JAWAHAR NAVODAYA VIDYALAYA
Head/Principal Name: JITENDRA KUMAR","Address : SHAMSHABAD DISTT VIDISHA MADHYA PRADESH
Website : https://navodaya.gov.in/nvs/nvs-school/VIDISHA/en/"
1638,"Aff. No. :1031411
Sch. Code:51428","State : MADHYA PRADESH
District : VIDISHA",Secondary Level,"Name : VIDYA INTERNATIONAL SCHOOL
Head/Principal Name: Vandana Dubey","Address : VILLAGE - GENHUKHEDI, BHOPAL- SAGAR BYPASS, NEAR ASHISH MANGAL VATIKA
Website : https://vidyainternationalschool.in/"
1639,"Aff. No. :1031403
Sch. Code:51420","State : MADHYA PRADESH
District : VIDISHA",Secondary Level,"Name : ISHAAN INTERNATIONAL SCHOOL SIRONJ
Head/Principal Name: AKSHAT GARG","Address : KURWAI ROAD, SIRONJ, VIDISHA
Website : https://www.ishaaninternationalschool.com/"
1640,"Aff. No. :1031425
Sch. Code:51442","State : MADHYA PRADESH
District : VIDISHA",Senior Secondary Level,"Name : NARAYANA E TECHNO SCHOOL
Head/Principal Name: Ashish Sharma","Address : WARD NO. 36,, AHMEDPUR MARG.,, VIDISHA
Website : www.narayanaschoolvidisha.com"
1641,"Aff. No. :1031464
Sch. Code:51482","State : MADHYA PRADESH
District : VIDISHA",Secondary Level,"Name : J M J ENGLISH MEDIUM SCHOOL
Head/Principal Name: JEMMA PRICILLA EKKA","Address : KHANDA, GYARASPUR, DIST. - VIDISHA, (M.P.)
Website : https://jmjemschool.com/"
1642,"Aff. No. :1031049
Sch. Code:51013","State : MADHYA PRADESH
District : VIDISHA",Senior Secondary Level,"Name : SPRINGFIELD WORLD SCHOOL
Head/Principal Name: VINAY AGARWAL","Address : OPPOSITE OF ITC CHOPAL, LASHKARPUR ROAD, GRAM BAIS, DIST. VIDISHA, MADHYA PRADESH
Website : www.springfieldworld.edu.in"
1643,"Aff. No. :1031040
Sch. Code:51007","State : MADHYA PRADESH
District : VIDISHA",Senior Secondary Level,"Name : VATSALYA PUBLIC SCHOOL
Head/Principal Name: Vandana Mishra","Address : VILLAGE SAYABDA, NEAR NEW GALLA MANDI, BARETH ROAD
Website : www.vatsalyabasoda.com"
1644,"Aff. No. :1031068
Sch. Code:51035","State : MADHYA PRADESH
District : VIDISHA",Senior Secondary Level,"Name : DELHI WORLD PUBLIC SCHOOL VIDISHA
Head/Principal Name: Sanjay Pandey","Address : GRAM BHADARWADAGAON, GULABGANJ ROAD, NH 86 SAGAR ROAD, VIDISHA
Website : www.dwpsvidisha.com"
1645,"Aff. No. :1031064
Sch. Code:51031","State : MADHYA PRADESH
District : VIDISHA",Senior Secondary Level,"Name : RAGHU INTERNATIONAL SCHOOL
Head/Principal Name: Prahlad Nagar","Address : ANANDPUR LATERI ROAD TEHSIL LATERI DISTT VIDISHA MADHYA PRADESH
Website : www.raghuschool.com"
1646,"Aff. No. :1031052
Sch. Code:51016","State : MADHYA PRADESH
District : VIDISHA",Senior Secondary Level,"Name : MAGADHAM INTERNATIONAL SCHOOL
Head/Principal Name: RACHNA NAIR","Address : VITHAL NAGAR DIST. VIDISHA
Website : https://magadham.in/home/"
1647,"Aff. No. :1031009
Sch. Code:50969","State : MADHYA PRADESH
District : VIDISHA",Senior Secondary Level,"Name : WORLD WAY SCHOOL
Head/Principal Name: AJAY KUMAR DAS","Address : OPPOSITE TEHSIL OFFICE, GANJ BASODA ROAD, GULABGANJ
Website : www.worldwayschool.com"
1648,"Aff. No. :1031005
Sch. Code:50972","State : MADHYA PRADESH
District : VIDISHA",Secondary Level,"Name : SCHOOL OF EXCELLENCE
Head/Principal Name: NARAYAN SINGH RAJPUT","Address : AHEAD IMLI CHOURAHA, LAUD SAHIB KI BAGIYA, BEHLOT, GANJBASODA
Website : www.schoolofexcellencebsd.com"
1649,"Aff. No. :1031002
Sch. Code:50966","State : MADHYA PRADESH
District : VIDISHA",Senior Secondary Level,"Name : KDBM INTERNATIONAL SCHOOL
Head/Principal Name: Manoj Tiwari","Address : KDBM CAMPUS, CUSTOM PATH, BHAVANI NAGAR WARD NO. 10, NAYAPURA, WARD SIRONJ
Website : www.kdbminternational.in"
1650,"Aff. No. :1031016
Sch. Code:50981","State : MADHYA PRADESH
District : BURHANPUR",Senior Secondary Level,"Name : ARWACHIN INDIA SCHOOL FOR HOLISTIC LEARNING
Head/Principal Name: DEEPTHY PODIYAN","Address : 70/3, BADA BUJURG, NEAR TAPTI HOSPITAL, BURHANPUR, MADHYA PRADESH
Website : https://arwachinindia.in/"
1651,"Aff. No. :1031021
Sch. Code:50984","State : MADHYA PRADESH
District : BURHANPUR",Senior Secondary Level,"Name : TRIUMPHAL ARCH ACADEMY
Head/Principal Name: DR. MANUBHAI PATEL","Address : RENUKA MATA TEMPLE ROAD, OPPO. POLYTECHNIC COLLEGE
Website : www.triumphalarchacademy.in"
1652,"Aff. No. :1040047
Sch. Code:54062","State : MADHYA PRADESH
District : BURHANPUR",Senior Secondary Level,"Name : J N V
Head/Principal Name: DAVENDRA KUMAR JAIN","Address : ICCHAPUR (DEVI, VILL & P.O., LONI, DISTT. BURHANPUR (M.P)
Website : www.navodaya.gov.in/nvs/nvs-school/Burhanpur/en/"
1653,"Aff. No. :1000019
Sch. Code:54106","State : MADHYA PRADESH
District : BURHANPUR",Senior Secondary Level,"Name : KENDRIYA VIDYALAYA
Head/Principal Name: Ramovtar Yadav","Address : NEPANAGAR DISTT BURHANPUR MADHYA PRADESH
Website : https://nepanagar.kvs.ac.in/"
1654,"Aff. No. :1000095
Sch. Code:54156","State : MADHYA PRADESH
District : BURHANPUR",Senior Secondary Level,"Name : PM SHRI KENDRIYA VIDYALAYA
Head/Principal Name: S K TIWARI","Address : BURHANPUR, NEAR COLLECTOR OFFICE, RAVER ROAD, DT. BURHANPUR, MADHYA PRADESH-450 331
Website : https://burhanpur.kvs.ac.in"
1655,"Aff. No. :1020104
Sch. Code:52114","State : MADHYA PRADESH
District : BURHANPUR",Senior Secondary Level,"Name : EKLAVYA MODEL RESIDENTIAL SCHOOL
Head/Principal Name: RATNESH KUMAR","Address : WARD NO 15, SATPAYARI TEH. NEPANAGAR
Website : https://emrskhaknar.org.in/"
1656,"Aff. No. :1030196
Sch. Code:50173","State : MADHYA PRADESH
District : BURHANPUR",Senior Secondary Level,"Name : THE OXFORD SCHOOL
Head/Principal Name: SHILPA JADWANI","Address : NAVAL NAGAR PO NIMBOLA BURHANPUR DISTT KHANDWA MADHYA PRADESH
Website : https://www.theoxfordschoolburhanpur.com/"
1657,"Aff. No. :1030178
Sch. Code:50156","State : MADHYA PRADESH
District : BURHANPUR",Senior Secondary Level,"Name : MACRO VISION ACADEMY
Head/Principal Name: JASVIR SINGH PARMAR","Address : MOHAMMADPURA BEHIND MAHILA POLYTECHNIC COLLEGE BURHANPUR DISTT KHANDWA MADHYA PRADESH
Website : www.mvaburhanpur.com"
1658,"Aff. No. :1030094
Sch. Code:50017","State : MADHYA PRADESH
District : BURHANPUR",Senior Secondary Level,"Name : BURHANPUR PUBLIC SCHOOL
Head/Principal Name: SYED YUSUF ALI","Address : NEW INDIRA COLONY BURHANPUR MADHYA PRADESH
Website : www.bpsschool.in"
1659,"Aff. No. :1030231
Sch. Code:50204","State : MADHYA PRADESH
District : BURHANPUR",Senior Secondary Level,"Name : NEHRU MONTESSORI HIGHER SECONDARY SCHOOL
Head/Principal Name: Mercy John Pulinelukumkalayil","Address : LAL BAGH BHURANPUR MADHYA PRADESH
Website : www.nmss.ac.in"
1660,"Aff. No. :1030508
Sch. Code:50473","State : MADHYA PRADESH
District : BURHANPUR",Senior Secondary Level,"Name : SAINT THERESA HR.SEC.SCHOOL
Head/Principal Name: SUNI NA NAMBIDIYADAN","Address : ALAMGANJ
Website : www.sttheresaburhanpur.org"
1661,"Aff. No. :1030737
Sch. Code:50700","State : MADHYA PRADESH
District : BURHANPUR",Senior Secondary Level,"Name : ST. XAVIERS INTERNATIONAL SCHOOL,
Head/Principal Name: Shijimol Joseph","Address : AMRAVATI ROAD, JAINABAD, DIST-BURHANPUR
Website : www.sxis.in"
1662,"Aff. No. :1030613
Sch. Code:50580","State : MADHYA PRADESH
District : SINGRAULI",Secondary Level,"Name : DAV PUBLIC SCHOOL, WAIDHAN
Head/Principal Name: ALOK SHARMA","Address : WAIDHAN, SINGRAULI, MP - 486886
Website : http://davpswdn.org"
1663,"Aff. No. :1030246
Sch. Code:50224","State : MADHYA PRADESH
District : SINGRAULI",Secondary Level,"Name : D A V PUBLIC SCHOOL
Head/Principal Name: B JAYA PRADHA","Address : C W S JAYANT SINGRAULI, DISTT SIDHI M P
Website : www.davcwsjayant.org"
1664,"Aff. No. :1030096
Sch. Code:50104","State : MADHYA PRADESH
District : SINGRAULI",Senior Secondary Level,"Name : DAV PUBLIC SCHOOL
Head/Principal Name: RAJENDRA PRASAD MISHRA","Address : JHINGURDAH PROJECT - NCL DISTT SIDHI MADHYA PRADESH
Website : https://WWW.DAVJRD.ORG"
1665,"Aff. No. :1030079
Sch. Code:50100","State : MADHYA PRADESH
District : SINGRAULI",Senior Secondary Level,"Name : D A V PUBLIC SCHOOL
Head/Principal Name: SHAILESH SINGHAL","Address : NIGAHI (NCL) SIDHI MADHYA PRADESH
Website : www.davpsnigahi.org"
1666,"Aff. No. :1030057
Sch. Code:50107","State : MADHYA PRADESH
District : SINGRAULI",Senior Secondary Level,"Name : D A V PUBLIC SCHOOL
Head/Principal Name: AMITABH SRIVASTAVA","Address : DUDHICHUA PROJECT (NCL) P.O. JAYANT DISTT SIDHI MADHYA PRADESH
Website :"
1667,"Aff. No. :1030126
Sch. Code:50116","State : MADHYA PRADESH
District : SINGRAULI",Senior Secondary Level,"Name : DELHI PUBLIC SCHOOL
Head/Principal Name: SUKHWANT SINGH THAPER","Address : NIGAHI DISTRICT, SINGRAULI, SIDHI DISTT, MADHYA PRADESH
Website : www.dpsnigahi.org"
1668,"Aff. No. :1020054
Sch. Code:52039","State : MADHYA PRADESH
District : SINGRAULI",Senior Secondary Level,"Name : KANYA SHIKSHA PARISAR WAIDHAN
Head/Principal Name: DEVENDRA KUMAR DWVEDI","Address : KANYA SHIKSHA PARISAR GADERIYA TEH. WAIDHAN DIST. SINGRAULI (M.P.)
Website : www.kspsingrauli.com"
1669,"Aff. No. :1020031
Sch. Code:52030","State : MADHYA PRADESH
District : SINGRAULI",Senior Secondary Level,"Name : EKLAVYA MODEL RESIDENTIAL SCHOOL
Head/Principal Name: JITENDRA SINGH","Address : BARGAWAN, DIST. SINGRAULI, MADHYA PRADESH
Website : www.emrsbargawan.in"
1670,"Aff. No. :1030011
Sch. Code:50105","State : MADHYA PRADESH
District : SINGRAULI",Senior Secondary Level,"Name : CHRISTJYOTI SCHOOL
Head/Principal Name: ANIE THOMAS","Address : P.BOX NO 53 SINGRAVLI COLLIERY P O, SIDHI DISTT., MADHYA PRADESH
Website : www.christjyotisingrauli.org"
1671,"Aff. No. :1030012
Sch. Code:50106","State : MADHYA PRADESH
District : SINGRAULI",Senior Secondary Level,"Name : JYOTI ENGLISH MEDIUM HIGH SCHOOL
Head/Principal Name: SIJO JOSEPH","Address : P O JAYANT COLLIERY SIDHI DISTT MADHYA PRADESH
Website : www.jyotischooljayant.in"
1672,"Aff. No. :1030032
Sch. Code:50101","State : MADHYA PRADESH
District : SINGRAULI",Senior Secondary Level,"Name : DELHI PUBLIC SCHOOL
Head/Principal Name: JANARDAN PANDEY","Address : VINDHYA NAGAR DISTT SINGRAULI MADHYA PRADESH
Website : www.dpsvindhyanagar.edu.in"
1673,"Aff. No. :1030037
Sch. Code:50102","State : MADHYA PRADESH
District : SINGRAULI",Senior Secondary Level,"Name : DE PAUL SCHOOL
Head/Principal Name: JOBY JOSEPH","Address : VINDYA NAGAR - DISTT. SIDHI MADHYA PRADESH
Website : www.depaulschoolvindhyanagar.org"
1674,"Aff. No. :1030038
Sch. Code:50103","State : MADHYA PRADESH
District : SINGRAULI",Senior Secondary Level,"Name : D A V CENTENARY PUBLIC SCHOOL
Head/Principal Name: AMIT SINGH BHATIA","Address : AMLOHRI PROJECT ( NCL) DISTT. SINGRAULI MADHYA PRADESH
Website : www.davamlohri.in"
1675,"Aff. No. :1000016
Sch. Code:54125","State : MADHYA PRADESH
District : SINGRAULI",Senior Secondary Level,"Name : KENDRIYA VIDYALAYA
Head/Principal Name: Ram Milan","Address : N D C P O SINGRAULI COLLIERY SIDHI DISTT MADHYA PRADESH
Website : http://singrauli.kvs.ac.in"
1676,"Aff. No. :1000043
Sch. Code:54126","State : MADHYA PRADESH
District : SINGRAULI",Senior Secondary Level,"Name : KENDRIYA VIDYALAYA
Head/Principal Name: MUKESH SINGH BHADORIYA","Address : CENTRAL WORKSHOP JAYANT PROJECT DT. SIDHI MADHYA PRADESH
Website : https://jayantcolliery.kvs.ac.in/"
1677,"Aff. No. :1040053
Sch. Code:54205","State : MADHYA PRADESH
District : SINGRAULI",Secondary Level,"Name : JAWAHAR NAVODAYA VIDYALAYA SINGRAULI
Head/Principal Name: POST NOT SANCTIONEDj","Address : JNV PACHAUR GOVT. ITI COLLEGE TELAI ROAD(NEAR JAIL) WAIDHAN
Website : https://www.navodaya.gov.in/nvs/nvs-school/Singrau"
1678,"Aff. No. :1031061
Sch. Code:51027","State : MADHYA PRADESH
District : SINGRAULI",Senior Secondary Level,"Name : JAY JYOTI SCHOOL
Head/Principal Name: PREETI SHARMA","Address : JAYPEE NIGRIE SUPER THERMAL POWER PLANT, NIGRIE VILL & POST - NIGRIE
Website : http://jaypeeschools-jjs-nigrie.org"
1679,"Aff. No. :1031076
Sch. Code:51044","State : MADHYA PRADESH
District : SINGRAULI",Senior Secondary Level,"Name : SAPIENT INTERNATIONAL ACADEMY
Head/Principal Name: Rashmi Dwivedi","Address : R S NAGAR, SINGRAULI- ANPARA ROAD, NH75-E, KHANHANA
Website : www.sapientsingrauli.org"
1680,"Aff. No. :1030979
Sch. Code:50933","State : MADHYA PRADESH
District : SINGRAULI",Senior Secondary Level,"Name : DAV PUBLIC SCHOOL, SURYA VIHAR
Head/Principal Name: PRASHANT GIRI","Address : AT-SURYA VIHAR, PO- TIYARA, DISTT-SINGRAULI
Website : www.davsuryavihar.org"
1681,"Aff. No. :1030941
Sch. Code:50903","State : MADHYA PRADESH
District : SINGRAULI",Senior Secondary Level,"Name : DAV PUBLIC SCHOOL, KRISHNA VIHAR, DISTT- SINGRAULI(M.P.) 486887
Head/Principal Name: SANJAY KUMAR","Address : R&R COLONY, NAUGARH, PO- KACHANI
Website : http://davkrishnavihar.org"
1682,"Aff. No. :1030970
Sch. Code:50931","State : MADHYA PRADESH
District : SINGRAULI",Senior Secondary Level,"Name : SHEMFORD FUTURISTIC SCHOOL
Head/Principal Name: VISHAKHA RAI","Address : DAGA BARGAWAN, SIDHI
Website : www.shemfirst.com"
1683,"Aff. No. :1030966
Sch. Code:50926","State : MADHYA PRADESH
District : SINGRAULI",Senior Secondary Level,"Name : RAJIV GANDHI INTERNATIONAL PUBLIC SCHOOL
Head/Principal Name: MEENA MADHAWI","Address : INFRONT OF GADHARA HIGHER SECONDARY SCHOOL ,PADANIYA
Website : www.rgips.co.in"
1684,"Aff. No. :1031203
Sch. Code:51154","State : MADHYA PRADESH
District : SINGRAULI",Secondary Level,"Name : E COAL INTERNATIONAL SCHOOL
Head/Principal Name: BINDU SRIVASTAVA","Address : BEHIND WAIDHAN COURT WAIDHAN SINGRAULI
Website : www.ecoalinternationalschool.com"
1685,"Aff. No. :1031098
Sch. Code:51071","State : MADHYA PRADESH
District : SINGRAULI",Senior Secondary Level,"Name : PVT. RUDRA PUBLIC SCHOOL
Head/Principal Name: BIPIN KUMAR PANDEY","Address : VILL-GORBI BASTI, PO-GORBI COLLIERY, DISTT. SINGRAULI M.P. 486892
Website : www.rps.org.in"
1686,"Aff. No. :1031138
Sch. Code:51111","State : MADHYA PRADESH
District : SINGRAULI",Secondary Level,"Name : ST. MARYS SCHOOL
Head/Principal Name: SINIMOL SEBASTIAN","Address : ST MARYS SCHOOL JIYAWAN P.O., DEOSAR SINGRAULI DT. PIN. 486 881 M. P.
Website : www.stmaryschooldeosar.com"
1687,"Aff. No. :1031449
Sch. Code:51466","State : MADHYA PRADESH
District : SINGRAULI",Senior Secondary Level,"Name : APMDC DAV MODEL SCHOOL, SULIYARI
Head/Principal Name: ASHWANI KUMAR SHRIVASTAVA","Address : R&R CENTER, KHANUA, NAYATOLA, SULIYARI COAL MINE PROJECT
Website : https://davsuliyari.in"
1688,"Aff. No. :1031500
Sch. Code:51518","State : MADHYA PRADESH
District : SINGRAULI",Secondary Level,"Name : DAV NCL PUBLIC SCHOOL
Head/Principal Name: KAUSHAL DEV","Address : BLOCK-B AREA, PO-GORBI, VILL -NAUDHIYA
Website : http://www.davnclgorbi.org"
1689,"Aff. No. :1031322
Sch. Code:51339","State : MADHYA PRADESH
District : SINGRAULI",Secondary Level,"Name : CHRIST JYOTI SCHOOL
Head/Principal Name: Mini Joseph Parackel","Address : DT SINGRAULI, MADHYA PRADESH
Website : www.christjyotiodgady.org"
1690,"Aff. No. :1031236
Sch. Code:51254","State : MADHYA PRADESH
District : SINGRAULI",Senior Secondary Level,"Name : AMRIT VIDYA PIT
Head/Principal Name: RASHMI TIWARI","Address : VINDHYANAGAR DISTT-SINGRAULI
Website : www.amritvidyapeeth.in"
1691,"Aff. No. :1000259
Sch. Code:54265","State : MADHYA PRADESH
District : ALIRAJPUR",Secondary Level,"Name : KENDRIYA VIDYALAYA ALIRAJPUR M.P.
Head/Principal Name: JAY SHANKAR TIWARI","Address : VILLAGE - KHADKHADI, ALIRAJPUR M.P.
Website : https://alirajpur.kvs.ac.in/"
1692,"Aff. No. :1020014
Sch. Code:52019","State : MADHYA PRADESH
District : ALIRAJPUR",Senior Secondary Level,"Name : EKLAVYA MODEL RESIDENTIAL SCHIOOL
Head/Principal Name: SHEETAL","Address : VILLAGE & SONDWA, TEH & DISTT. ALIRAJ PUR, MADHYA PRADESH
Website : www.emrssondwa.com"
1693,"Aff. No. :1020024
Sch. Code:52024","State : MADHYA PRADESH
District : ALIRAJPUR",Senior Secondary Level,"Name : GOVT. EKLAVYA MODEL RESIDENTIAL SCHOOL
Head/Principal Name: RACHANA SAINI","Address : SEJAWADA , BLOCK- CHANDRA SHEKHAR, AZAD NAGAR, DIST. ALIRAJPUR- 457 882 (MP)
Website : https://www.emrssejawada.in"
1694,"Aff. No. :1020178
Sch. Code:52188","State : MADHYA PRADESH
District : ALIRAJPUR",Senior Secondary Level,"Name : KANYA SHIKSHA PARISAR
Head/Principal Name: RAKESH WAGHELA","Address : SONDWA , SONDWA
Website : HTTPS://WWW.KSPSONDWA.COM"
1695,"Aff. No. :1020083
Sch. Code:52063","State : MADHYA PRADESH
District : ALIRAJPUR",Senior Secondary Level,"Name : EKLAVYA MODEL RESIDENTIAL SCHOOL ALIRAJPUR
Head/Principal Name: ARCHALA SHRIVASTAVA","Address : EKLAVYA MODEL RESIDENTIAL SCHOOL ALIRAJPUR DISTT. ALIRAJPUR (M.P)
Website : https://emrsalirajpur.org.in"
1696,"Aff. No. :1020080
Sch. Code:52079","State : MADHYA PRADESH
District : ALIRAJPUR",Senior Secondary Level,"Name : KANYA SHIKSHA PARISHAR JOBAT
Head/Principal Name: PARVEEN DAHIYA","Address : DEHDLA ROAD IN FRANT OF AGRICULTURE OFFICE TEH JOBAT DIST ALIRAJPUR
Website : www.emrsjobat.org.in"
1697,"Aff. No. :1020075
Sch. Code:52080","State : MADHYA PRADESH
District : ALIRAJPUR",Senior Secondary Level,"Name : GOVT. KANYA SHIKSHA PARISHAR UDAIGARH
Head/Principal Name: DILEEP SINGH CHOUHAN","Address : VILLAGE PIPALIYA POST UDAIGARH (KANAS) TEH. JOBAT DISTRICT ALIRAJPUR
Website : www.kanyashikshaparisarudaigar.in"
1698,"Aff. No. :1020078
Sch. Code:52081","State : MADHYA PRADESH
District : ALIRAJPUR",Senior Secondary Level,"Name : KANYA SHIKSHA PARISAR KATTHIWADA
Head/Principal Name: RACHANA BHAYDIYA","Address : KATTHIWADA
Website : www.kspkatthiwada.com"
1699,"Aff. No. :1030571
Sch. Code:50539","State : MADHYA PRADESH
District : ALIRAJPUR",Senior Secondary Level,"Name : SWAMI VIVEKANAND VIDHYA PEETH
Head/Principal Name: Prarthna sharma","Address : UMARALI ROAD, NEAR DASHAHARA MAIDAN, ALIRAJPUR, JHABUA
Website : www.svvpalirajpur.com"
1700,"Aff. No. :1030593
Sch. Code:50558","State : MADHYA PRADESH
District : ALIRAJPUR",Senior Secondary Level,"Name : ANSHUL VIDHYA MANDIR
Head/Principal Name: RAJA PATIDAR","Address : VRANDAVANDHAM, BAGH ROAD, JOBAT DISTT JHABUA
Website : www.avmjobat.in"
1701,"Aff. No. :1030380
Sch. Code:50470","State : MADHYA PRADESH
District : ALIRAJPUR",Senior Secondary Level,"Name : PATEL PUBLIC SCHOOL
Head/Principal Name: KRISHAN CHANDRA UPADHYAY","Address : CHHOTAUDEPUR ROAD , BORKHAD, ALIRAJPUR, JHABUA
Website : www.ppsalirajpur.com"
1702,"Aff. No. :1030596
Sch. Code:50563","State : MADHYA PRADESH
District : AGAR MALWA",Senior Secondary Level,"Name : KAKKA INTERNATIONAL SCHOOL
Head/Principal Name: MAYUR MUNDRA","Address : KAKKA INTERNATIONAL SCHOOL , BHAISODA ROAD, NALKHEDA POST-NALKHEDA, TEHSIL - NALKHEDA , DISTRICT - SHAJAPUR (M.P.) PIN CODE-465445
Website : www.kakkaschool.com"
1703,"Aff. No. :1030534
Sch. Code:50501","State : MADHYA PRADESH
District : AGAR MALWA",Senior Secondary Level,"Name : PUSHPA CONVENT HIGHER SECONDARY SCHOOL
Head/Principal Name: JOSY MATHEW","Address : AGAR - MALWA SHAJAPUR DT MP - 465441
Website : http://www.pushpaconventschool.org/"
1704,"Aff. No. :1000257
Sch. Code:54263","State : MADHYA PRADESH
District : AGAR MALWA",Senior Secondary Level,"Name : PM SHRI KENDRIYA VIDYALAYA AGAR MALWA
Head/Principal Name: SANTOSH VERMA","Address : DARBAR KOTHI, AGAR MALWA
Website : https://agarmalwa.kvs.ac.in"
1705,"Aff. No. :1030263
Sch. Code:50237","State : MADHYA PRADESH
District : AGAR MALWA",Senior Secondary Level,"Name : SHREE SANSKAR ACADEMY
Head/Principal Name: Punita Bharani","Address : AGAR MALVA DISTT SHAJAPUR MADHYA PRADESH
Website : www.ss-academy.org"
1706,"Aff. No. :1031415
Sch. Code:51432","State : MADHYA PRADESH
District : AGAR MALWA",Secondary Level,"Name : SANTHOSH CATHOLIC HIGH SCHOOL
Head/Principal Name: GIJI JOSE","Address : SUSNER, DIST.-AGAR-MALWA, MP
Website : https://www.santhoshcatholichss.in/"
1707,"Aff. No. :1030992
Sch. Code:50955","State : MADHYA PRADESH
District : AGAR MALWA",Secondary Level,"Name : SHISHUKUNJAN SCHOOL
Head/Principal Name: LATA ADWANI","Address : SHREE SANSKAR PUBLIC SCHOOL, PALIKA BAZAR SUSNERDIST SHAJAPUR MP
Website : www.shreesanskarschool.com"
1708,"Aff. No. :1040052
Sch. Code:54161","State : MADHYA PRADESH
District : AGAR MALWA",Senior Secondary Level,"Name : JAWAHAR NAVODAYA VIDYALAYA, AGAR MALWA
Head/Principal Name: AKHILESH KUMAR PATHAK","Address : JAWAHAR NAVODAYA VIDYALAYA, SUSNER DISTT. AGAR MALWA (M.P.) 465447
Website : https://navodaya.gov.in/nvs/nvs-school/Agarmalwa/en/home/"
1709,"Aff. No. :1031224
Sch. Code:51242","State : MADHYA PRADESH
District : ANUPPUR",Senior Secondary Level,"Name : BHARAT JYOTI VIDYALAYA
Head/Principal Name: G.ALEXANDER","Address : BHARAT JYOTI VIDYALAYA SAMATPUR, ANUPPUR PIN - 484224, M.P.
Website : www.bharatjyotianuppur.edu.in"
1710,"Aff. No. :1040017
Sch. Code:54046","State : MADHYA PRADESH
District : ANUPPUR",Senior Secondary Level,"Name : JAWAHAR NAVODAYA VIDYALAYA
Head/Principal Name: ASHISH SHUKLA","Address : AMARKANTAK DISTT SHAHDOL MADHYA PRADESH
Website : https://navodaya.gov.in/nvs/nvs-school/ANUPPUR/en/"
1711,"Aff. No. :1031308
Sch. Code:51325","State : MADHYA PRADESH
District : ANUPPUR",Secondary Level,"Name : BETHEL MISSION SCHOOL
Head/Principal Name: SUDEEP CHAKRABORTY","Address : GRAM SAKARIYA, DULHARA PANCHAYAT, DISTT-ANUPPUR,
Website : www.bethelmissionschoolapr.in"
1712,"Aff. No. :1030257
Sch. Code:50231","State : MADHYA PRADESH
District : ANUPPUR",Senior Secondary Level,"Name : ST JOSEPHS MISSION SCHOOL
Head/Principal Name: SIMON.V.S","Address : PO BIJURI DISTT ANUPPUR MADHYA PRADESH
Website : www.sjmsbijuri.com"
1713,"Aff. No. :1030142
Sch. Code:50135","State : MADHYA PRADESH
District : ANUPPUR",Senior Secondary Level,"Name : KALYANIKA KENDRA SHIKSHA NIKETAN
Head/Principal Name: KAMLESH KUMAR MISHRA","Address : AMARKANTAK DISTT SHAHDOL MADHYA PRADESH
Website : www.kalyanikaamarkantak.in"
1714,"Aff. No. :1030150
Sch. Code:50099","State : MADHYA PRADESH
District : ANUPPUR",Senior Secondary Level,"Name : RAMAKRISHNA VIVEKANANDA VIDYAPEETH
Head/Principal Name: DEBASHIS RATHA","Address : KAPILDHARA COLONY PO BIJURI SHAHDOL MADHYA PRADESH
Website : www.rkvvbijuri.org"
1715,"Aff. No. :1000256
Sch. Code:54262","State : MADHYA PRADESH
District : ANUPPUR",Secondary Level,"Name : KENDRIYA VIDYALAYA ANUPPUR
Head/Principal Name: DEVENDRA KUMAR TIWARI","Address : INDIRA CHOWK CHETANA NAGAR, ANUPPUR
Website : https://anuppur.kvs.ac.in/en/"
1716,"Aff. No. :1020007
Sch. Code:52008","State : MADHYA PRADESH
District : ANUPPUR",Senior Secondary Level,"Name : EKLAVYA MODEL RESIDENTIAL SCHOOL
Head/Principal Name: AMIT KUMAR","Address : ANUPPUR PO BARBASPUR DISTT ANUPPUR MADHYA PRADESH
Website : http://emrsanuppur.in/"
1717,"Aff. No. :1000097
Sch. Code:54158","State : MADHYA PRADESH
District : ANUPPUR",Senior Secondary Level,"Name : KENDRIYA VIDYALAYA,
Head/Principal Name: RATAN KUMAR","Address : IGNTU CAMPUS, LALPUR, AMARKANTAK, DISTT. ANUPPUR, MADHYA PREDESH-484886
Website : https://amarkantak.kvs.ac.in"
1718,"Aff. No. :1000027
Sch. Code:54121","State : MADHYA PRADESH
District : ANUPPUR",Senior Secondary Level,"Name : KENDRIYA VIDYALAYA
Head/Principal Name: MANOJ KUMAR","Address : JAMUNA COLLIERY DISTT ANUPPUR MADHYA PRADESH
Website : https://jamunacolliery.kvs.ac.in"
1719,"Aff. No. :1020082
Sch. Code:52065","State : MADHYA PRADESH
District : ANUPPUR",Senior Secondary Level,"Name : GOVT KANYA SHIKSHA PARISAR ANUPPUR
Head/Principal Name: Pramila Pandey","Address : GOVT KANYA SHIKSHA PARISAR ANUPPUR
Website : www.trible.mp.gov.in"
1720,"Aff. No. :1020039
Sch. Code:52048","State : MADHYA PRADESH
District : ANUPPUR",Senior Secondary Level,"Name : KANYA SHIKSHA PARISAR JAITHARI
Head/Principal Name: ISHWAR SINGH GOND","Address : kanya shiksha parisar ward no. 10 jaithari district anuppur (m.p,)
Website : kspjaithari@gmail.com"
1721,"Aff. No. :1020062
Sch. Code:52044","State : MADHYA PRADESH
District : ANUPPUR",Senior Secondary Level,"Name : GOVT. KANYA SHIKSHA PARISAR PUSHPRAJGARH
Head/Principal Name: DR CHITRA SONWANI","Address : VILLAGE-LAKHAURA, POST-LAKHAURA TEHSIL-PUSHPRAJGARH, DIST- ANUPPUR(M.P.) PIN COD 484881
Website : parisarkanya117@gmail.com"
1722,"Aff. No. :1030607
Sch. Code:50579","State : MADHYA PRADESH
District : ANUPPUR",Senior Secondary Level,"Name : R.C. ENGLISH MEDIUM HIGHER SECONDARY SCHOOL
Head/Principal Name: GAUTAM DUTTA","Address : M.P.P.G.C. LTD, POST:- CHACHAI DISTRICT ANUPPUR PINCODE-484220 MADHYA PRADESH
Website : https://rcschoolchachai.in/"
1723,"Aff. No. :1030605
Sch. Code:50574","State : MADHYA PRADESH
District : ANUPPUR",Senior Secondary Level,"Name : DVM PUBLIC SCHOOL ANUPPUR (M.P.)
Head/Principal Name: SUSHILA KULWANT","Address : DVM PUBLIC SCHOOL MODEL SCHOOL ROAD, ANUPPUR DISTT.-ANUPPUR (M.P.)
Website : www.dvmanuppur.com"
1724,"Aff. No. :1030436
Sch. Code:50456","State : MADHYA PRADESH
District : ANUPPUR",Senior Secondary Level,"Name : ST. JOSEPHS CONVENT SCHOOL, KOTMA
Head/Principal Name: SEEMA MINZ","Address : JOSEPH NAGAR, MANEDRAGARH ROAD, KOTMA P.O. 484334 ANNUPPUR DISTT. M.P.
Website : www.sjtkotma.com"
1725,"Aff. No. :1030801
Sch. Code:50759","State : MADHYA PRADESH
District : ANUPPUR",Senior Secondary Level,"Name : BAL BHARATI PUBLIC SCHOOL
Head/Principal Name: AJAY KUMAR TIWARI","Address : MOSER BAER POWER (MP) LIMITED, VILLAGE & POST JAITHARI, DIST ANUPPUR
Website : https://bbpsanuppur.balbharati.org/"
1726,"Aff. No. :1030908
Sch. Code:50872","State : MADHYA PRADESH
District : ASHOKNAGAR",Secondary Level,"Name : SHIVPURI PUBLIC SCHOOL
Head/Principal Name: SHIVIKA CHOPRA","Address : NEAR SUKHPUR HOSPITAL ESAGARH , ASHOKNAGAR M.P.
Website : www.spsesagarh.org"
1727,"Aff. No. :1030906
Sch. Code:50871","State : MADHYA PRADESH
District : ASHOKNAGAR",Secondary Level,"Name : JEEVAN JYOTI CONVENT HIGH SCHOOL
Head/Principal Name: BENCY NADUTHOTTIYIL BABY","Address : KADWAYA ROAD
Website : https://jeevanjyotiisagarh.com/"
1728,"Aff. No. :1030869
Sch. Code:50829","State : MADHYA PRADESH
District : ASHOKNAGAR",Senior Secondary Level,"Name : ST.THOMAS HIGHER SECONDARY SCHOOL,ASHOKNAGAR
Head/Principal Name: F MARY IMMACULATE","Address : VIDISHA ROAD, ASHOKNAGAR, MADHYA PRADESH, 473331
Website : www.stthomasschoolaskn.org"
1729,"Aff. No. :1030695
Sch. Code:50881","State : MADHYA PRADESH
District : ASHOKNAGAR",Senior Secondary Level,"Name : MUSKAN PUBLIC SCHOOL
Head/Principal Name: ANTONY JOSE","Address : NEW BYE-PASS, VIDISHA ROAD, NEAR TAKNERI VILLAGE, ASHOKNAGAR, DT. ASHOKNAGAR, M.P. PIN- 473331
Website : www.mpsashoknagar.com"
1730,"Aff. No. :1030434
Sch. Code:50400","State : MADHYA PRADESH
District : ASHOKNAGAR",Senior Secondary Level,"Name : SANSKAR ACADEMY
Head/Principal Name: Satyapal Yadav","Address : GUNA ROAD BARKHEDI, ASHOK NAGAR,
Website : www.sanskaracademy.co.in"
1731,"Aff. No. :1030365
Sch. Code:50331","State : MADHYA PRADESH
District : ASHOKNAGAR",Senior Secondary Level,"Name : SHIVPURI PUBLIC SCHOOL, ASHOKNAGAR
Head/Principal Name: ARUNA SINGH","Address : VIDISHA ROAD ASHOKNAGAR, DISTT. GUNA, MADHYA PRADESH
Website : www.shivpuripublicschool.org"
1732,"Aff. No. :1030622
Sch. Code:50590","State : MADHYA PRADESH
District : ASHOKNAGAR",Senior Secondary Level,"Name : SANSKRUTI-AN ENGLISH MEDIUM SCHOOL
Head/Principal Name: Inderpal Kaur","Address : PAWARGARH, ASHOKNAGAR
Website : www.sanskrutischools.org"
1733,"Aff. No. :1030628
Sch. Code:50597","State : MADHYA PRADESH
District : ASHOKNAGAR",Secondary Level,"Name : CITY PUBLIC HIGH SCHOOL
Head/Principal Name: NAVEEN JAIN","Address : SHANKARPUR MAGARDA,GUNA, MADHYA PRADESH
Website : https://www.citypublicschool.org/"
1734,"Aff. No. :1000201
Sch. Code:54206","State : MADHYA PRADESH
District : ASHOKNAGAR",Senior Secondary Level,"Name : PM SHRI KENDRIYA VIDYALAYA CHANDERI
Head/Principal Name: RUCHI VERMA","Address : KENDRIYA VIDYALAYA CHANDERI , PICHHORE BYPASS ROAD , CHANDERI
Website : www.chanderifathehabad.kvs.ac.in"
1735,"Aff. No. :1000078
Sch. Code:54140","State : MADHYA PRADESH
District : ASHOKNAGAR",Senior Secondary Level,"Name : PM SHRI KENDRIYA VIDYALAYA
Head/Principal Name: MANOJ KUMAR","Address : PIPRAI ROAD, MUNGAOLI, DISTT. ASHOK NAGAR, MADHYA PRADESH
Website : https://mungaoli.kvs.ac.in/"
1736,"Aff. No. :1030334
Sch. Code:50303","State : MADHYA PRADESH
District : ASHOKNAGAR",Senior Secondary Level,"Name : TARASADAN HIGHER SECONDARY SCHOOL
Head/Principal Name: SR MERCELET","Address : ASHOKNAGAR, DISTT GUNA, MADHYA PRADESH
Website : www.tarasadanschool.com"
1737,"Aff. No. :1031242
Sch. Code:51260","State : MADHYA PRADESH
District : ASHOKNAGAR",Secondary Level,"Name : BRIGHTER WORLD SCHOOL
Head/Principal Name: SUBHOSREE MAZUMDAR","Address : THOOBON JI PIPRAI ROAD,TIRAHA,ASHOKNAGAR
Website : http://brighterworldschool.com/"
1738,"Aff. No. :1031378
Sch. Code:51395","State : MADHYA PRADESH
District : ASHOKNAGAR",Secondary Level,"Name : SWAMI VIVEKANAND SHISHU MANDIR
Head/Principal Name: KALPANA SHRIVASTAVA","Address : CHANDRI ROAD , ASHOKNAGAR, MP
Website : https://svhsaskn.com/"
1739,"Aff. No. :1040024
Sch. Code:54026","State : MADHYA PRADESH
District : ASHOKNAGAR",Senior Secondary Level,"Name : JAWAHAR NAVODAYA VIDYALAYA
Head/Principal Name: VIMLESH KUMAR GOUTAM","Address : KHIRIYA DEVAT ASHOK NAGAR MADHYA PRADESH MADHYA PRADESH
Website : http://jnvashoknagar.in"
1740,"Aff. No. :1031004
Sch. Code:50967","State : MADHYA PRADESH
District : ASHOKNAGAR",Senior Secondary Level,"Name : SHRIKRISHNA SR SECONDARY SCHOOL MUNGAOLI
Head/Principal Name: ARCHNA","Address : RAMBAG MUNGAOLI DISTT ASHOKNAGAR MP
Website : http://shrikrishnacbsemungaoli.org"
1741,"Aff. No. :1031039
Sch. Code:51004","State : MADHYA PRADESH
District : MAIHAR",Senior Secondary Level,"Name : SANTHOME HR. SEC. SCHOOL
Head/Principal Name: JOBIT THOMAS","Address : SANTHOME HR. SEC. SCHOOL, MAIHAR , SATNA (DT.), M.P.
Website : www.santhomeschoolmaihar.com"
1742,"Aff. No. :1031232
Sch. Code:51250","State : MADHYA PRADESH
District : MAIHAR",Secondary Level,"Name : ST MICHAELS SCHOOL
Head/Principal Name: JAI KISHOR DWIVEDI","Address : SARLA NAGAR ROAD SONWARI MAIHAR
Website : www.stmichaelsmaihar.in"
1743,"Aff. No. :1030172
Sch. Code:50151","State : MADHYA PRADESH
District : MAIHAR",Senior Secondary Level,"Name : MAHARISHI VIDYA MANDIR
Head/Principal Name: MANOJ KUMAR SINGH","Address : PATHERA-KATNI-ROAD MAIHAR DISTT SATNA, MADHYA PRADESH
Website : http://www.maihar.maharishividyamandir.com"
1744,"Aff. No. :1030056
Sch. Code:50096","State : MADHYA PRADESH
District : MAIHAR",Senior Secondary Level,"Name : SARLA HR SEC SCHOOL
Head/Principal Name: SUDHIR KUMAR PARASHAR","Address : SARLA NAGAR DISTT. SATNA MADHYA PRADESH
Website : www.sarlaschool.com"
1745,"Aff. No. :1030778
Sch. Code:50745","State : MADHYA PRADESH
District : MAIHAR",Senior Secondary Level,"Name : CENTRAL ACADEMY ENGLISH MEDIUM SCHOOL
Head/Principal Name: MANOJ AMRUTLALJI YADAV","Address : GIRGITA ROAD HARNAMPUR MAIHAR
Website : https://centralacademymaihar.in"
1746,"Aff. No. :1031454
Sch. Code:51471","State : MADHYA PRADESH
District : MAUGANJ",Secondary Level,"Name : GLOBAL ACADEMY
Head/Principal Name: AVINASH TIWARI","Address : VILLAGE POST - BAHUTI HANUMANA ROAD, MAUGANJ, DIST. - MAUGANJ, (M. P.)
Website : https://globalacademymauganj.in/"
1747,"Aff. No. :1031202
Sch. Code:51150","State : MADHYA PRADESH
District : NIWARI",Senior Secondary Level,"Name : BRIGHT CAREER CONVENT SCHOOL
Head/Principal Name: PUSHPENDRA SINGH SENGAR","Address : PRITHVIPUR
Website : http://brightcareerprithvipur.in/"
1748,"Aff. No. :1031120
Sch. Code:51123","State : MADHYA PRADESH
District : PANDHURNA",Senior Secondary Level,"Name : LITTLE FLOWER SCHOOL
Head/Principal Name: SR SEROFINA SORENG","Address : MAHAVEER WARD, PANDHURNA, DIST- CHHINDWARA, M.P.
Website : www.lfspandhurna.com"
1749,"Aff. No. :1030526
Sch. Code:50491","State : MADHYA PRADESH
District : PANDHURNA",Secondary Level,"Name : SUBHSH MONTESSORI PUBLIC SCHOOL
Head/Principal Name: Dr HINA WADEKAR","Address : SAUSAR
Website : www.smpssausar.org"
1750,"Aff. No. :1030070
Sch. Code:50020","State : MADHYA PRADESH
District : PANDHURNA",Senior Secondary Level,"Name : KAILASHPAT SINGHANIA HIGH SCHOOL
Head/Principal Name: MANIDIPA BANERJEE","Address : VIJAYGRAM LODHIKHEDA P.O. SANSAR (TEHSIL) MADHYA PRADESH
Website : www.kailashpatsinghaniaschool.edu.in"
1751,"Aff. No. :1030179
Sch. Code:50157","State : MADHYA PRADESH
District : PANDHURNA",Senior Secondary Level,"Name : RAM SHANTI VIDYA MANDIR
Head/Principal Name: CHARU GULATI","Address : PARDI ROAD PANDHURNA DISTT CHINDWARA MADHYA PRADESH
Website : https://www.rsvmlearningparadise.com"
