sno,aff_no_school_code,state_district,school_head_name,address,website
1,"Aff. No. :1500006
Sch. Code:19112","State : ODISHA
District : BALESHWAR",Senior Secondary Level,"Name : PM SHRI KENDRIYA VIDYALAYA
Head/Principal Name: ANJAN KUMAR KHATUA","Address : PROFESSOR COLONY INDIRA GANDHI MARG BALASORE ORISSA
Website : http://balasore.kvs.ac.in"
2,"Aff. No. :1500152
Sch. Code:19355","State : ODISHA
District : BALESHWAR",Senior Secondary Level,"Name : KENDRIYA VIDYALAYA NO II BALASORE
Head/Principal Name: SAROJ KUMAR BEHERA","Address : CHHANPUR, KURUDA, KURUDA
Website : https://no2balasore.kvs.ac.in/"
3,"Aff. No. :1520178
Sch. Code:17264","State : ODISHA
District : BALESHWAR",Senior Secondary Level,"Name : ODISHA ADARSHA VIDYALAYA, SUTEI, REMUNA, BALASORE
Head/Principal Name: RAMAKRUSHNA SAHOO","Address : AT - SUTEI PO - CHHANAPUR, PS - INDUSTRIAL VIA - KURUDA DIST - BALASORE PIN - 756056, ODISHA
Website : https://oav.edu.in/?GROUP_CODE=OAVSUT"
4,"Aff. No. :1520362
Sch. Code:17415","State : ODISHA
District : BALESHWAR",Senior Secondary Level,"Name : ODISHA ADARSHA VIDYALAYA JAMUDIHA
Head/Principal Name: HEMANTA KUMAR MANDAL","Address : PO JAMUDIHA, PS NILGIRI
Website : https://oav.edu.in/OAVJAM"
5,"Aff. No. :1520363
Sch. Code:17416","State : ODISHA
District : BALESHWAR",Senior Secondary Level,"Name : ODISHA ADARSHA VIDYALAYA
Head/Principal Name: MANORANJAN BEHERA","Address : OUPADA, OUPADA
Website : www.oav.edu.in"
6,"Aff. No. :1520417
Sch. Code:17520","State : ODISHA
District : BALESHWAR",Senior Secondary Level,"Name : EKALAVYA MODEL RESIDENTIAL SCHOOL
Head/Principal Name: ADIKANDA SWAIN","Address : PO-UPARDIHA, NILAGIRI
Website : http://www.emrssaladahara.co.in"
7,"Aff. No. :1520445
Sch. Code:17558","State : ODISHA
District : BALESHWAR",Secondary Level,"Name : ODISHA ADARSHA VIDYALAYA KANTHIBHAUNRI,BHOGRAI
Head/Principal Name: SARITA KAR","Address : AT-KANTHIBHAUNRI, PO- BICHITRAPUR, BHOGRAI,BALASORE
Website : https://oav.edu.in/OAVKTB"
8,"Aff. No. :1520446
Sch. Code:17559","State : ODISHA
District : BALESHWAR",Senior Secondary Level,"Name : ODISHA ADARSHA VIDYALAYA ARJUNPUR, KHAIRA, BALASORE
Head/Principal Name: BISWAJIT MUDULI","Address : ARJUNPUR, KHAIRA, BALASORE
Website : www.oav.edu.in"
9,"Aff. No. :1520451
Sch. Code:17564","State : ODISHA
District : BALESHWAR",Secondary Level,"Name : ODISHA ADARSHA VIDYALAYA KALIKA
Head/Principal Name: RANJITA TUDU","Address : AT- KALIKA, PO- HATIGARH, PS- RAIBANIA
Website : www.oav.edu.in"
10,"Aff. No. :1520448
Sch. Code:17561","State : ODISHA
District : BALESHWAR",Secondary Level,"Name : ODISHA ADARSHA VIDYALAYA
Head/Principal Name: DILIP KUMAR MOHARANA","Address : AT-DAKHINAODA(RAMPO), BLOCK -SIMULIA, PO - MARKONA
Website : https://www.oav.edu.in/"
11,"Aff. No. :1520456
Sch. Code:17569","State : ODISHA
District : BALESHWAR",Secondary Level,"Name : ODISHA ADARSHA VIDYALAYA, VELLORA
Head/Principal Name: SWAPNA MURMU","Address : AT - VELLORA, PO - VELLORA, PS - BASTA
Website : https://oav.edu.in/oav/home/OAVPTR"
12,"Aff. No. :1520478
Sch. Code:17591","State : ODISHA
District : BALESHWAR",Senior Secondary Level,"Name : ODISHA ADARSHA VIDYALAYA HINJALA
Head/Principal Name: GOKUL KRUSHNA BEHERA","Address : AT- HINJALA, PO- OLANDA SARGAON, BALESHWAR
Website : https://oav.edu.in/oav/home/OAVHIJ"
13,"Aff. No. :1520479
Sch. Code:17592","State : ODISHA
District : BALESHWAR",Secondary Level,"Name : ODISHA ADARSHA VIDYALAYA JAGESWARPADA
Head/Principal Name: SANJAY KUMAR LENKA","Address : AT/PO- JAGESWARPADA, PS- GOPALPUR, BLOCK- BAHANAGA, DIST- BALESHWAR
Website : https://www.oav.edu.in"
14,"Aff. No. :1520481
Sch. Code:17594","State : ODISHA
District : BALESHWAR",Senior Secondary Level,"Name : ODISHA ADARSHA VIDYALAYA, NADIGAON
Head/Principal Name: KAMALAKANTA SIAL","Address : AT-NADIGAON, PO-KUDEI-NADIGAON, VIA-SORO
Website : https://oav.edu.in/oav/home/OAVNAD"
15,"Aff. No. :1520486
Sch. Code:17599","State : ODISHA
District : BALESHWAR",Secondary Level,"Name : ODISHA ADARSHA VIDYALAYA, BALARAMPUR
Head/Principal Name: JAYASHREE TIRIA","Address : AT/PO- BALARAMPUR, VIA- LANGALESWAR, P.S.- BALIAPAL
Website : https://oav.edu.in/oav/home/OAVBAL"
16,"Aff. No. :1530054
Sch. Code:19141","State : ODISHA
District : BALESHWAR",Senior Secondary Level,"Name : RANGE SCHOOL
Head/Principal Name: PRAMOD KUMAR SA","Address : CHANDIPUR DISTT BALASORE ORISSA
Website : www.rangeschoolchandipur.org.in"
17,"Aff. No. :1530059
Sch. Code:15417","State : ODISHA
District : BALESHWAR",Senior Secondary Level,"Name : MAHARISHI VIDYA MANDIR
Head/Principal Name: Pravat Kumar Dasmohapatra","Address : AT- PATRAPADA, PO-PUNJIBAG, SUNHAT, PSMOTIGANJA,BALASORE, ODISHA
Website : https://mvmbalasore.org/index.mvm"
18,"Aff. No. :1530077
Sch. Code:15419","State : ODISHA
District : BALESHWAR",Senior Secondary Level,"Name : MODERN PUBLIC SCHOOL
Head/Principal Name: NEETA KHANDELWAL","Address : AT MEGHADAMBARU PO KHURDA DISTT BALASORE ORISSA
Website : www.mpsbalasore.org"
19,"Aff. No. :1530110
Sch. Code:15312","State : ODISHA
District : BALESHWAR",Senior Secondary Level,"Name : DAV PUBLIC SCHOOL
Head/Principal Name: NABA KISHORE PRADHAN","Address : SOVARAMPUR, BALASORE (ORISSA)
Website : http://www.davbls.org"
20,"Aff. No. :1530118
Sch. Code:15485","State : ODISHA
District : BALESHWAR",Senior Secondary Level,"Name : ST. THOMAS CONVENT SCHOOL
Head/Principal Name: LIZA SEBASTIAN","Address : P.O. HARIPUR DT. BALASORE
Website : www.stthomascsbls.org"
21,"Aff. No. :1530212
Sch. Code:15489","State : ODISHA
District : BALESHWAR",Senior Secondary Level,"Name : ST. XAVIERS HIGH SCHOOL
Head/Principal Name: BIRAJA PRASANNA TRIPATHY","Address : GANDHI STHAL , PATAPOLO, CHANDIPUR ROAD
Website : www.stxaviersbalasore.com"
22,"Aff. No. :1530229
Sch. Code:15451","State : ODISHA
District : BALESHWAR",Senior Secondary Level,"Name : ROYAL PUBLIC SCHOOL
Head/Principal Name: NIMAIN CHARAN DAS","Address : BIDYA BIHAR, AT/PO- MAITAPUR, VIA- RANITAL
Website : www.royalpublicschoolmaitapur.com"
23,"Aff. No. :1530267
Sch. Code:15497","State : ODISHA
District : BALESHWAR",Senior Secondary Level,"Name : ST. XAVIERS HIGH SCHOOL
Head/Principal Name: RANJAN KUMAR BEHERA","Address : ULLAS KHADPUR, SORO
Website : www.stxavierssoro.in"
24,"Aff. No. :1530268
Sch. Code:15759","State : ODISHA
District : BALESHWAR",Secondary Level,"Name : ST.XAVIERS HIGH SCHOOL
Head/Principal Name: PRASANTA KUMAR NAYAK","Address : UTTARESWAR,SORO, BALASORE
Website : www.xavierhighschoolsoro.in"
25,"Aff. No. :1530284
Sch. Code:15891","State : ODISHA
District : BALESHWAR",Secondary Level,"Name : KCA PUBLIC SCHOOL
Head/Principal Name: Dr. Abhaya Kumar Sahoo","Address : AT- JUNIA PO- JAGESWARPADA, PS- KHANTAPADA, DIST- BALASORE, ORISSA
Website : www.kcaeducate.org"
26,"Aff. No. :1530393
Sch. Code:16173","State : ODISHA
District : BALESHWAR",Senior Secondary Level,"Name : JHADESWAR INTERNATIONAL SCHOOL
Head/Principal Name: PARESH KUMAR DASH","Address : PO-CHHANPUR, VIA-KURUDA
Website : http://www.jisodisha.in"
27,"Aff. No. :1530403
Sch. Code:15961","State : ODISHA
District : BALESHWAR",Senior Secondary Level,"Name : SIDDHI VINAYAK PUBLIC SCHOOL
Head/Principal Name: SUDHANSU PANDA","Address : AT/PO-JUJHESTHIPUR,VIA - SUNHOT,DIST-BALASORE,ODISHA,PIN-756002
Website : http://svps.balasore.org.in"
28,"Aff. No. :1530421
Sch. Code:16267","State : ODISHA
District : BALESHWAR",Senior Secondary Level,"Name : BHAVANI SCHOOL
Head/Principal Name: Ommi Gayatri Kalyani","Address : SERGARH, PS-KHANTAPARA, NH5
Website : www.bhavanischool.com"
29,"Aff. No. :1530496
Sch. Code:16454","State : ODISHA
District : BALESHWAR",Senior Secondary Level,"Name : SRI CHAITANYA TECHNO SCHOOL
Head/Principal Name: KUNDALA NAGA RAMYA","Address : AT- KURUDA , PO- KURUDA , PS- SADAR BALASORE
Website : www.sctsbalasore.in"
30,"Aff. No. :1540007
Sch. Code:19074","State : ODISHA
District : BALESHWAR",Senior Secondary Level,"Name : PM SHRI SCHOOL JAWAHAR NAVODAYA VIDYALAYA
Head/Principal Name: BIDYADHAR SAHU","Address : BAGUDI P.O. MAHUMUHAN DISTT BALASORE ORISSA
Website : https://www.navodaya.gov.in/nvs/nvs-school/Balasor"
31,"Aff. No. :1540008
Sch. Code:19075","State : ODISHA
District : BALANGIR",Senior Secondary Level,"Name : PM SHRI SCHOOL JAWAHAR NAVODAYA VIDYALAYA
Head/Principal Name: Rajnarayan Meher","Address : P O BELPADA DISTT BALANGIR ORISSA
Website : www.navodaya.gov.in/nvs/nvs-school/Bolangir/en/home"
32,"Aff. No. :1530477
Sch. Code:16424","State : ODISHA
District : BALANGIR",Secondary Level,"Name : DISHA ENGLISH MEDIUM SCHOOL
Head/Principal Name: SUSHANTA KUMAR SETH","Address : AT-AMPADA BIRNA ROAD , NEAR DANGBAHALI FIELD, KANTABANJI
Website : https://dishaenglishmediumschoolkbj.com"
33,"Aff. No. :1530462
Sch. Code:16390","State : ODISHA
District : BALANGIR",Senior Secondary Level,"Name : YUVODAYA HIGHER SECONDARY SCHOOL
Head/Principal Name: BISWABARA PUROHIT","Address : AT- SAKMA, PO- SAKMA, PS- LOISINGHA
Website : http://yuvodayahighersecschool.com/"
34,"Aff. No. :1530424
Sch. Code:16277","State : ODISHA
District : BALANGIR",Secondary Level,"Name : SHEMFORD FUTURISTIC SCHOOL
Head/Principal Name: PRATAP KUMAR JENA","Address : AT-KHARLIKANI, P.O-SIKACHHIDA, BOLANGIR
Website : http://www.shemfordbalangir.com"
35,"Aff. No. :1530413
Sch. Code:16236","State : ODISHA
District : BALANGIR",Secondary Level,"Name : ACADEMIC HEIGHTS PUBLIC SCHOOL
Head/Principal Name: CHAPALA MISHRA","Address : BISHNUMUNDA, BALANGIR
Website : www.academicheightspublicschoolbalangir.com"
36,"Aff. No. :1530389
Sch. Code:16160","State : ODISHA
District : BALANGIR",Secondary Level,"Name : BETHANY CONVENT SCHOOL
Head/Principal Name: SR MANJULA","Address : PO-PARDHIAPALI, VIA-LOISINGHA
Website : www.bethanyjharmunda.in"
37,"Aff. No. :1530303
Sch. Code:16008","State : ODISHA
District : BALANGIR",Secondary Level,"Name : AASTHA PUBLIC SCHOOL
Head/Principal Name: MRINMOY DAS","Address : AT-PATNAGARH ROAD,PO-BELPARA,DISTT-BOLANGIR PINCODE-767026
Website : www.apsbelpada.com"
38,"Aff. No. :1530251
Sch. Code:15301","State : ODISHA
District : BALANGIR",Senior Secondary Level,"Name : CENTURION PUBLIC SCHOOL, BOLANGIR
Head/Principal Name: Tamal Chakraborthy","Address : RAJIB NAGAR,IDCO LAND, BEHIND BSNL OFFICE, BOLANGIR
Website : http://cpsblgr.cutm.ac.in"
39,"Aff. No. :1530215
Sch. Code:15503","State : ODISHA
District : BALANGIR",Secondary Level,"Name : ST. XAVIERS HIGH SCHOOL,
Head/Principal Name: PURANAM LAXMI KAMESHWARI","Address : KANTABANJI BOLANGIR ODISHA
Website : www.sxhskantabanji.com"
40,"Aff. No. :1530201
Sch. Code:15387","State : ODISHA
District : BALANGIR",Senior Secondary Level,"Name : I D M PUBLIC SCHOOL
Head/Principal Name: BABITA MISHRA","Address : AT-BAGBHADI, BOLANGIR
Website : www.idmpublicschool.org"
41,"Aff. No. :1530183
Sch. Code:15431","State : ODISHA
District : BALANGIR",Senior Secondary Level,"Name : OMM INTERNATIONAL SCHOOL
Head/Principal Name: PANCHANAN BARIK","Address : AT-ULBA,PO-PATNAGARH, DIST-BOLANGIR, ST-ODISHA
Website : www.omminternationalschool.org"
42,"Aff. No. :1530099
Sch. Code:15433","State : ODISHA
District : BALANGIR",Senior Secondary Level,"Name : ORIENTAL PUBLIC SCHOOL
Head/Principal Name: SUKANTA MISHRA","Address : AT/ PO. MALAMUNDA, DISTT BOLANGIR, ORISSA
Website : www.opsbalangir.org"
43,"Aff. No. :1530129
Sch. Code:15285","State : ODISHA
District : BALANGIR",Senior Secondary Level,"Name : AUM VALLEY SCHOOL
Head/Principal Name: M. NAGAMALLESHWAR RAO","Address : AT : CHARBHATA, PO : TITILAGARH
Website : www.aumvalleyschools.com"
44,"Aff. No. :1530134
Sch. Code:15406","State : ODISHA
District : BALANGIR",Secondary Level,"Name : LIONS VOCATIONAL PUBLIC SCHOOL
Head/Principal Name: Jagannath Prasad Mishra","Address : AT/PO-PATNAGARH DISTRICT- BALANGIR
Website : www.lvpspatnagarh.in"
45,"Aff. No. :1530136
Sch. Code:15307","State : ODISHA
District : BALANGIR",Senior Secondary Level,"Name : DAV PUBLIC SCHOOL
Head/Principal Name: BAL KISHAN SHARMA","Address : BHATIPARA TITILAGARH, BOLANGIR, ORISSA
Website : www.davtitilagarh.org"
46,"Aff. No. :1530148
Sch. Code:15448","State : ODISHA
District : BALANGIR",Secondary Level,"Name : ROSHNI PUBLIC SCHOOL
Head/Principal Name: RAJALAXMI PANDA","Address : AT/PO-GAINTALA, DIST-BALANGIR, BALANGIR
Website : www.roshnipublicschool.org"
47,"Aff. No. :1530083
Sch. Code:15397","State : ODISHA
District : BALANGIR",Senior Secondary Level,"Name : KANTABANJI LIONS PUBLIC SCHOOL
Head/Principal Name: V V R MURTY","Address : AT PO KANTABANJI DISTT BOLANGIR ORISSA
Website : www.school.co.in"
48,"Aff. No. :1530061
Sch. Code:15292","State : ODISHA
District : BALANGIR",Senior Secondary Level,"Name : BALANGIR PUBLIC SCHOOL
Head/Principal Name: SATISH KUMAR PRADHAN","Address : AT/PO BALANGIR DIST BALANGIR ORISSA
Website : www.bpsbalangir.org"
49,"Aff. No. :1530067
Sch. Code:19140","State : ODISHA
District : BALANGIR",Secondary Level,"Name : ORDNANCE FACTORY SCHOOL
Head/Principal Name: V SRAVAN KUMAR SWARNA","Address : AT/PO BODMAL DT BOLANGIR ORISSA
Website : www.ofsbadmal.in"
50,"Aff. No. :1530057
Sch. Code:15466","State : ODISHA
District : BALANGIR",Senior Secondary Level,"Name : SHREE DADIJI MANDIR TRUST PRABHAVATI PUBLIC SCHOOL
Head/Principal Name: SUNANDA JATI","Address : AT PIPAL PADAR P.O. MANIGAON VIA TITLIGARH DISTT BOLANGIR ORISSA
Website :"
51,"Aff. No. :1520491
Sch. Code:17605","State : ODISHA
District : BALANGIR",Secondary Level,"Name : ODISHA ADARSHA VIDYALAYA, DUDUKA
Head/Principal Name: PRABIN KUMAR SAHU","Address : AT/PO - DUDUKA, PS - AGALPUR, PIN - 767061
Website : https://oav.edu.in/oav/home/OAVDUD"
52,"Aff. No. :1520415
Sch. Code:17517","State : ODISHA
District : BALANGIR",Senior Secondary Level,"Name : ODISHA ADARSHA VIDYALAYA,TENTULIKHUNTI, GUDVELA
Head/Principal Name: JITEN TANDI","Address : PS- TUSURA, BLOCK- GUDVELA,PIN-767030
Website : https://oav.edu.in/OAVBMD"
53,"Aff. No. :1520410
Sch. Code:17512","State : ODISHA
District : BALANGIR",Senior Secondary Level,"Name : EKALAVYA MODEL RESIDENTIAL SCHOOL
Head/Principal Name: SAYED TAFIZUL RAHMAN","Address : BUBEL, SONEPUR ROAD
Website : http://www.omtes.org/emrs/dumerbahal-bolangir/publ"
54,"Aff. No. :1520382
Sch. Code:17483","State : ODISHA
District : BALANGIR",Senior Secondary Level,"Name : ODISHA ADARSHA VIDYALAYA BHARUAMUNDA
Head/Principal Name: ARKHIT NAG","Address : PO- BELPADA, PS- BELPADA
Website : www.oav.edu.in"
55,"Aff. No. :1520353
Sch. Code:17406","State : ODISHA
District : BALANGIR",Senior Secondary Level,"Name : ODISHA ADARSHA VIDYALAYA CHANDRAPUR
Head/Principal Name: GOPABANDHU MEHER","Address : PO- JARASINGHA, BLOCK- DEOGAON
Website : https://oav.edu.in/oav/home/OAVCHA"
56,"Aff. No. :1520080
Sch. Code:17114","State : ODISHA
District : BALANGIR",Senior Secondary Level,"Name : ODISHA ADARSH VIDYALAYA
Head/Principal Name: PRUTHWIRAJ SAHU","Address : BHALUMUNDA, AT./PO. BHALUMUNDA, BLOCK- BANGOMUNDA DISTT. BALANGIR ODISHA
Website : www.oavs.edu.in"
57,"Aff. No. :1520091
Sch. Code:17171","State : ODISHA
District : BALANGIR",Senior Secondary Level,"Name : ODISHA ADARSH VIDYALAYA
Head/Principal Name: TRIBIKRAM SAHOO","Address : MURIBAHAL, AT/PO MURIHABAL, DISTT, BALANGIR, ODISHA-767037
Website : https://www.oav.edu.in/oav/home/OAVMUR"
58,"Aff. No. :1520105
Sch. Code:17113","State : ODISHA
District : BALANGIR",Senior Secondary Level,"Name : ODISHA ADARSHA VIDYALAYA
Head/Principal Name: BIJAYALAXMI PRADHAN","Address : AT/PO: BHAINSA, BLOCK-PATNAGARH, DISTT. BALANGIR 767 048 , ODISHA
Website : https://oav.edu.in/OAVBHS"
59,"Aff. No. :1520114
Sch. Code:17158","State : ODISHA
District : BALANGIR",Senior Secondary Level,"Name : ODISHA ADARSH VIDYALAYA
Head/Principal Name: SWARNAPRAVA NAIK","Address : TITILAGARH, AT/PO-KURSUD, DISTT. BOLANGIR, ODISHA-767
Website : https://oav.edu.in/oav/home/OAVKUR"
60,"Aff. No. :1500018
Sch. Code:19121","State : ODISHA
District : BALANGIR",Senior Secondary Level,"Name : PM SHRI KENDRIYA VIDYALAYA NO. I BOLANGIR
Head/Principal Name: ROHIT CHOUDHARY","Address : ORDNANCE FACTORY BADMAL DIST BALANGIR ORISSA
Website : www.no1bolangir.kvs.ac.in"
61,"Aff. No. :1500023
Sch. Code:19124","State : ODISHA
District : BALANGIR",Senior Secondary Level,"Name : PM SHRI KENDRIYA VIDYALAYA NO 2
Head/Principal Name: GANESH PADHAN","Address : OPP NEW PALACE,SHASTRI NAGAR DISTT BOLANGIR ORISSA
Website : https://no2bolangir.kvs.ac.in"
62,"Aff. No. :1520015
Sch. Code:17201","State : ODISHA
District : BALANGIR",Senior Secondary Level,"Name : ODISHA ADARSHA VIDYALAYA,
Head/Principal Name: ASHOK KUMAR KHATUA","Address : MAHIMUNDA, BLOCK-PUINTALA, DISTRICT-RAJENDRA COLLEGE , DIST. BALANGIR , ODISHA-767002
Website : https://oav.edu.in/OAVMHM"
63,"Aff. No. :1520019
Sch. Code:17102","State : ODISHA
District : BALANGIR",Senior Secondary Level,"Name : ODISHA ADARSHA VIDYALAYA
Head/Principal Name: KSHAMANIDHI JHANKAR","Address : PATHARCHEPA, AT. DHUMAMARA, P.O RAJENDRA COLLEGE, DISTT. BOLANGIR, ODISHA-767002
Website : https://www.oav.edu.in/oav/home/OAVPAT"
64,"Aff. No. :1520042
Sch. Code:17146","State : ODISHA
District : BALANGIR",Senior Secondary Level,"Name : ODISHA ADARSHA VIDYALAYA
Head/Principal Name: CHANDAN KUMAR MAHAKUD","Address : AT. JHARNI, P.O-MAHULI, BLOCK, DISTT. BALANGIR-767060
Website : https://oav.edu.in/OAVJHR"
65,"Aff. No. :1520065
Sch. Code:17116","State : ODISHA
District : BALANGIR",Senior Secondary Level,"Name : ODISHA ADARSHA VIDYALAYA
Head/Principal Name: SUSHANTA KUMAR BARIK","Address : AT. BIBINA, P.O SAINTALA, DISTT. BALANGIR, ODISHA-767032
Website : https://oav.edu.in/OAVBIB"
66,"Aff. No. :1520066
Sch. Code:17155","State : ODISHA
District : BALANGIR",Senior Secondary Level,"Name : ODISHA ADARSHA VIDYALAYA
Head/Principal Name: SARITA NAIK","Address : KHOLAPKHOL, BALANGIR, AT/P.O BLOCK-KHAPARKHOL, BALAGIR-751007
Website : www.oav.edu.in"
67,"Aff. No. :1520067
Sch. Code:17145","State : ODISHA
District : BALANGIR",Senior Secondary Level,"Name : ODISHA ADARSHA VIDYALAYA
Head/Principal Name: DR. JYOTIRMAYEE PADHAN","Address : JHARMUNDA, LOISINGHA BLOCK, P.O PARDHIAPALI, DISTT. BALANGIR-767020
Website : https://www.oav.edu.in/oav/home/OAVJRM"
68,"Aff. No. :1500013
Sch. Code:19103","State : ODISHA
District : CUTTACK",Senior Secondary Level,"Name : KENDRIYA VIDYALAYA
Head/Principal Name: RAMESH CHANDRA","Address : CHARBATIA CUTTACK DISTT ORISSA
Website : https://charbatiaarc.kvs.ac.in/"
69,"Aff. No. :1500010
Sch. Code:19101","State : ODISHA
District : CUTTACK",Senior Secondary Level,"Name : PM SHRI KENDRIYA VIDYALAYA
Head/Principal Name: ANAND BALLABH PANDEY","Address : C B 4 CANTONEMENT ROAD CUTTACK DISTT ORISSA
Website : https://no1cuttack.kvs.ac.in/"
70,"Aff. No. :1500043
Sch. Code:19125","State : ODISHA
District : CUTTACK",Senior Secondary Level,"Name : PM SHRI KENDRIYA VIDYALAYA NO. III CUTTACK, NDRF, MUNDALI
Head/Principal Name: AJAYA KUMAR SAHOO","Address : CISF MUNDALI, P.O. MUNDALI, DISTT. CUTTACK, ODISHA
Website : https://no3cuttack.kvs.ac.in"
71,"Aff. No. :1500048
Sch. Code:19090","State : ODISHA
District : CUTTACK",Secondary Level,"Name : KENDRIYA VIDYALAYA NO-2
Head/Principal Name: SUSHANTA KUMAR SETHY","Address : NUAPADA, MADHUPATNA, CUTTACK, ODISHA
Website : https://no2cuttack.kvs.ac.in"
72,"Aff. No. :1520364
Sch. Code:17417","State : ODISHA
District : CUTTACK",Senior Secondary Level,"Name : ODISHA ADARSHA VIDYALAYA,RAMDASPUR,BARANGA,CUTTACK
Head/Principal Name: SUSANT KUMAR NAYAK","Address : BLOCK-BARANGA, DIST-CUTTACK, PIN-754006
Website : http://www.oav.edu.in"
73,"Aff. No. :1520181
Sch. Code:17267","State : ODISHA
District : CUTTACK",Senior Secondary Level,"Name : ODISHA ADARSHA VIDYALAYA,KANDARAKANA,TANGI,CUTTACK
Head/Principal Name: MINI PHILIP","Address : AT-KANDARAKANA,POST-KOTSAHI,PS-TANGI PIN-754022 DIST-CUTTACK
Website : https://oav.edu.in/oav/home/OAVKAN"
74,"Aff. No. :1520182
Sch. Code:17268","State : ODISHA
District : CUTTACK",Senior Secondary Level,"Name : ODISHA ADARSHA VIDYALAYA,JOKILADALA,BANKI
Head/Principal Name: MINAKETAN RAY","Address : AT- JOKILADALA PO- BANIA BLOCK- BANKI
Website : https://www.oav.edu.in"
75,"Aff. No. :1520183
Sch. Code:17269","State : ODISHA
District : CUTTACK",Senior Secondary Level,"Name : ODISHA ADARSHA VIDYALAYA, GOVINDPUR,DAMAPADA,BANKI-II,CUTTACK
Head/Principal Name: DIPA MOHANTY","Address : AT-GOVINDPUR PO-GOVINDPUR(R), DAMAPADA, BANKI-II
Website : https://oav.edu.in/oav/home/oavgdp"
76,"Aff. No. :1520388
Sch. Code:17489","State : ODISHA
District : CUTTACK",Senior Secondary Level,"Name : ODISHA ADARSHA VIDYALAYA , KULAILO, ATHAGARH, CUTTACK
Head/Principal Name: RASHMI RANJAN BEURA","Address : BLOCK -ATHAGARH, PS-ATHAGARH
Website : https://oav.edu.in/oav/home/OAVGCH"
77,"Aff. No. :1520360
Sch. Code:17413","State : ODISHA
District : CUTTACK",Senior Secondary Level,"Name : ODISHA ADARSHA VIDYALAYA, KAUDUKOLA, MAHANGA
Head/Principal Name: APARAJITA PALIT","Address : OSANGA, PO/PS- MAHANGA
Website : https://oav.edu.in/oav/home/OAVKAU"
78,"Aff. No. :1520373
Sch. Code:17435","State : ODISHA
District : CUTTACK",Senior Secondary Level,"Name : ODISHA ADARSHA VIDYALAYA PAIKAPADAPATNA
Head/Principal Name: A ANURADHA RAO","Address : PO- NARASINGHPUR, PS- NARASINGHPUR
Website : https://www.oav.edu.in/oav/home/OAVPAI"
79,"Aff. No. :1520378
Sch. Code:17478","State : ODISHA
District : CUTTACK",Senior Secondary Level,"Name : ODISHA ADARSHA VIDYALAYA,KIRIKICHA,BADAMBA,CUTTACK
Head/Principal Name: SUCHITRA PRIYADARSHINI","Address : PO-MAHULIA, PS-BADAMBA
Website : www.oav.edu.in"
80,"Aff. No. :1520401
Sch. Code:17503","State : ODISHA
District : CUTTACK",Senior Secondary Level,"Name : ODISHA ADARASHA VIDYALAYA SRIRAM
Head/Principal Name: ARUN KUMAR PATEL","Address : PO- DADHIBAMANPUR, CUTTACK SADAR
Website : https://oav.edu.in/oav/home/OAVSRM"
81,"Aff. No. :1520427
Sch. Code:17540","State : ODISHA
District : CUTTACK",Secondary Level,"Name : ODISHA ADARSHA VIDYALAYA CHITALPUR
Head/Principal Name: SK MAIMUR SULTAN","Address : AT CHITALPUR, PO SUNDARGRAM, PS OLATPUR
Website : https://oav.edu.in/OAVCTP"
82,"Aff. No. :1520435
Sch. Code:17548","State : ODISHA
District : CUTTACK",Secondary Level,"Name : ODISHA ADARSHA VIDYALAYA TOLA GOPINATHPUR
Head/Principal Name: SARBANI PARIDA","Address : AT- TOLA GOPINATHPUR, PO- JALLARPUR, PS- NIALI
Website : https://oav.edu.in/OAVTGP"
83,"Aff. No. :1520488
Sch. Code:17602","State : ODISHA
District : CUTTACK",Secondary Level,"Name : ODISHA ADARSHA VIDYALAYA ACHALKOT
Head/Principal Name: AMBUJA KUMAR BHOI","Address : AT/PO-ACHALKOT, PS-TIGIRIA, BLOCK-TIGIRIA
Website : www.oav.edu.in"
84,"Aff. No. :1520475
Sch. Code:17588","State : ODISHA
District : CUTTACK",Secondary Level,"Name : ODISHA ADARSHA VIDYALAYA RAGHABAPUR
Head/Principal Name: JASOBANTA SAHOO","Address : AT- RAGHABAPUR, PO- SALIPUR, PS- SALIPUR
Website : www.oav.edu.in"
85,"Aff. No. :1520455
Sch. Code:17568","State : ODISHA
District : CUTTACK",Secondary Level,"Name : ODISHA ADARSHA VIDYALAYA
Head/Principal Name: MANOJA KUMAR PRADHAN","Address : AT-KULAGAINSALO, PO-ASURESWAR, PS-NISCHINTAKOILI
Website : https://oav.edu.in/oav/m/OAVKUL"
86,"Aff. No. :1530078
Sch. Code:15314","State : ODISHA
District : CUTTACK",Senior Secondary Level,"Name : DELHI PUBLIC SCHOOL
Head/Principal Name: SUVABRATA MUKHERJEE","Address : PHULNAKHARA DISTT CUTTACK ORISSA
Website : www.dpskalinga.edu.in"
87,"Aff. No. :1530028
Sch. Code:15475","State : ODISHA
District : CUTTACK",Secondary Level,"Name : SRI SATYA SAI SCHOOL
Head/Principal Name: SMITA DAS","Address : KALA VIKASH KENDRA ROAD CUTTACK ORISSA
Website : https://sathyasaischoolcuttack.in/"
88,"Aff. No. :1530032
Sch. Code:15393","State : ODISHA
District : CUTTACK",Secondary Level,"Name : JOHARI MALL HIGH SCHOOL
Head/Principal Name: SUCHISMITA PRADHAN","Address : GANESH GHAT P.O. CUTTACK ORISSA
Website : www.jhscuttack.org"
89,"Aff. No. :1530042
Sch. Code:15420","State : ODISHA
District : CUTTACK",Secondary Level,"Name : MODERN PUBLIC SCHOOL
Head/Principal Name: NIHAR RANJAN BHUYAN","Address : BIDANASI CUTTACK ORISSA
Website : www.mpschoolcuttack.org"
90,"Aff. No. :1530046
Sch. Code:15341","State : ODISHA
District : CUTTACK",Senior Secondary Level,"Name : DAV PUBLIC SCHOOL
Head/Principal Name: NAMITA MOHANTY","Address : SEC VI MARKET NAGAR ABHINAV BIDANASI CUTTACK ORISSA
Website : www.davcda.org"
91,"Aff. No. :1530131
Sch. Code:15410","State : ODISHA
District : CUTTACK",Senior Secondary Level,"Name : LR DAV PUBLIC SCHOOL
Head/Principal Name: NIHARIKA GANTAYAT","Address : GANDARPUR,COLLEGE SQUARE,CUTTACK
Website : www.lrdavctc.org"
92,"Aff. No. :1530141
Sch. Code:15492","State : ODISHA
District : CUTTACK",Senior Secondary Level,"Name : ST. XAVIER'S HIGH SCHOOL
Head/Principal Name: PRADEEP KUMAR TRIPATHY","Address : MAHIMA NAGAR, NAYA BAZAR
Website : www.stxaviersnayabazar.org"
93,"Aff. No. :1530127
Sch. Code:15505","State : ODISHA
District : CUTTACK",Senior Secondary Level,"Name : SUDDHANANDA VIDYALAYA
Head/Principal Name: Pranayini Mohapatra","Address : SUDDHANANDA VIDYALAYA AT.NACHHIPUR, PO-BHATAPATANA, DIST-CUTTACK
Website : www.svncuttack.org"
94,"Aff. No. :1530185
Sch. Code:15426","State : ODISHA
District : CUTTACK",Senior Secondary Level,"Name : NALANDA PUBLIC SCHOOL
Head/Principal Name: JASASWINI PATTANAYAK","Address : AT/POST : BHATAPADA, BAHUGRAM, P.S.: SALIPUR DIST : CUTTACK PIN - 754200
Website : www.nalandapublicschool.in"
95,"Aff. No. :1530198
Sch. Code:15360","State : ODISHA
District : CUTTACK",Senior Secondary Level,"Name : FREEDOM INTERNATIONAL SCHOOL
Head/Principal Name: SUDAM CHARAN SATAPATHY","Address : AT - NANDOLA (GANGAPUR) BHATAPADA SALIPUR CUTTAK
Website : www.fisodisha.org"
96,"Aff. No. :1530178
Sch. Code:15396","State : ODISHA
District : CUTTACK",Senior Secondary Level,"Name : KALINGA ENGLISH MEDIUM SCHOOL
Head/Principal Name: ASHOK KUMAR PARIDA","Address : AT/PO- KALARABANK, VIA - RAGHUNATHPUR, DIST - CUTTACK
Website : www.kemschool.in"
97,"Aff. No. :1530205
Sch. Code:15376","State : ODISHA
District : CUTTACK",Senior Secondary Level,"Name : GURU NANAK PUBLIC SCHOOL
Head/Principal Name: SANCHITA MOHANTY","Address : KALIABODA, SIKHARPUR , CUTTACK
Website : www.gnpscuttack.com"
98,"Aff. No. :1530238
Sch. Code:15276","State : ODISHA
District : CUTTACK",Senior Secondary Level,"Name : ABS OXFORD INTERNATIONAL SCHOOL
Head/Principal Name: BIYAT BIHARI MISHRA","Address : AT/PO-NIALI
Website : www.absoxford.com"
99,"Aff. No. :1530245
Sch. Code:15316","State : ODISHA
District : CUTTACK",Senior Secondary Level,"Name : DADHICHI PUBLIC SCHOOL
Head/Principal Name: DEBENDRANATH BHATTA","Address : VIDYA-VIHAR, SUNDARGRAM
Website : www.dadhichipublicschool.com"
100,"Aff. No. :1530270
Sch. Code:15403","State : ODISHA
District : CUTTACK",Senior Secondary Level,"Name : KRISHNAMURTY WORLD SCHOOL
Head/Principal Name: PRASANTA KUMAR DASH","Address : JARIPADA, NEAR PRATAP NAGARI, N.H-5,
Website : https://krishnamurtyworldschool.org/"
101,"Aff. No. :1530257
Sch. Code:15453","State : ODISHA
District : CUTTACK",Senior Secondary Level,"Name : SAI INTERNATIONAL RESIDENTIAL SCHOOL
Head/Principal Name: Amitabh Agnihotri","Address : SAI INTERNATIONAL RESIDENTIAL SCHOOL SAI VIHAR, PLOT NO: 1400 NUAGAON, DISTRICT CUTTACK PIN CODE: 754008 ODISHA.
Website : www.sirs.edu.in"
102,"Aff. No. :1530259
Sch. Code:15356","State : ODISHA
District : CUTTACK",Senior Secondary Level,"Name : DR DEV MOHANTY PUBLIC SCHOOL
Head/Principal Name: MANOJ KUMAR SAMAL","Address : AT/PO- KHANDASAHI DIST- CUTTACK
Website : www.drdevmohantypublicschool.com"
103,"Aff. No. :1530250
Sch. Code:15456","State : ODISHA
District : CUTTACK",Senior Secondary Level,"Name : SALIPUR PUBLIC SCHOOL
Head/Principal Name: ABHIRAM SAHOO","Address : AT-MACHHUATI , PO-SLIPUR PS- SALIPUR , DIST- CUTTACK
Website : www.salipurpublicschool.org"
104,"Aff. No. :1530306
Sch. Code:16014","State : ODISHA
District : CUTTACK",Senior Secondary Level,"Name : NARAYANA SCHOOL
Head/Principal Name: NICHOLAS BARLOW","Address : NARAYANA SCHOOL, CMC, CUTTACK.
Website : https://www.narayanaschools.in/bhubaneswar/cuttack"
105,"Aff. No. :1530278
Sch. Code:15778","State : ODISHA
District : CUTTACK",Senior Secondary Level,"Name : ST.XAVIER HIGH SCHOOL
Head/Principal Name: MEENAKSHI SAHU","Address : AT:RAJABATINAGAR PO/PS:ATHAGARH DIST:CUTTACK ODISHA
Website : www.stxaviersathagarh.org"
106,"Aff. No. :1530279
Sch. Code:15781","State : ODISHA
District : CUTTACK",Senior Secondary Level,"Name : ST. XAVIERS HIGH SCHOOL
Head/Principal Name: PRIYADARSHI NAYAK","Address : GALLERY NO- 2, CLUB HOUSE GATE BARABATI STADIUM CANTONMENT ROAD
Website : www.stxaviersbarabati.org"
107,"Aff. No. :1530394
Sch. Code:16175","State : ODISHA
District : CUTTACK",Senior Secondary Level,"Name : THE BIPF SCHOOL
Head/Principal Name: Harish Choudhary","Address : CHOUDWAR, NEAR GHODASALA
Website : http://thebipfschool.in/"
108,"Aff. No. :1530396
Sch. Code:16183","State : ODISHA
District : CUTTACK",Senior Secondary Level,"Name : DAV S.C.B. MEDICAL PUBLIC SCHOOL
Head/Principal Name: NIRANJAN SWAIN","Address : OMP SQUARE, CHAULIAGANJ, COLLEGE SQUARE
Website : www.davscbmps.org"
109,"Aff. No. :1530383
Sch. Code:16143","State : ODISHA
District : CUTTACK",Senior Secondary Level,"Name : DAV PADMABATI PUBLIC SCHOOL
Head/Principal Name: BINODINI DASH","Address : MANIA, TANGI, CUTTACK
Website : http://davtangi.in/"
110,"Aff. No. :1530385
Sch. Code:16145","State : ODISHA
District : CUTTACK",Senior Secondary Level,"Name : MACAULAY INTERNATIONAL SCHOOL
Head/Principal Name: RAJASHREE ROUT","Address : GYANA VIHAR,BARANG,CUTTACK, GYANA VIHAR,BARANG,CUTTACK
Website : http://macaulayschool.in/"
111,"Aff. No. :1530371
Sch. Code:16123","State : ODISHA
District : CUTTACK",Senior Secondary Level,"Name : UTKAL INTERNATIONAL SCHOOL
Head/Principal Name: SUDHAKAR SARANGI","Address : -DO-, -DO-
Website : www.utkalinternationalschool.com"
112,"Aff. No. :1530411
Sch. Code:16233","State : ODISHA
District : CUTTACK",Senior Secondary Level,"Name : ST.XAVIERS PUBLIC SCHOOL
Head/Principal Name: MIR ABDUL KALIM","Address : ICHHAPUR, NEAR NIRTAR
Website : www.xavierichhapur.org"
113,"Aff. No. :1530460
Sch. Code:16385","State : ODISHA
District : CUTTACK",Secondary Level,"Name : DUSHASAN DAKSHINASINGH INTERNATIONAL PUBLIC SCHOOL
Head/Principal Name: RUKMINI SENAPATI","Address : AT-JAJBHAIRAB, TANGI, PO-CHARBATIA, PS-CHOUDWAR
Website : https://ddipscuttack.com/"
114,"Aff. No. :1530456
Sch. Code:16371","State : ODISHA
District : CUTTACK",Senior Secondary Level,"Name : ST XAVIER PUBLIC SCHOOL
Head/Principal Name: AMBIKA BISWAL","Address : AT- GATIROUT PATNA, PO- GATIROUT PATNA, PS- CRRI
Website : www.stxavierpublicschool.co.in"
115,"Aff. No. :1530442
Sch. Code:16324","State : ODISHA
District : CUTTACK",Senior Secondary Level,"Name : KMBB PUBLIC SCHOOL
Head/Principal Name: SUKANTA KUMAR TRIPATHY","Address : BELAGACHHIA, NARANPUR, BARANGA
Website : https://kmbbpublicschool.org"
116,"Aff. No. :1530481
Sch. Code:16428","State : ODISHA
District : CUTTACK",Senior Secondary Level,"Name : AIM PUBLIC SCHOOL
Head/Principal Name: RASMIRANJAN DAS","Address : AT - KHANDOL, PO - SUKLESWAR, PS - MAHANGA
Website : https://www.aimpublicschool.com/"
117,"Aff. No. :1530483
Sch. Code:16430","State : ODISHA
District : CUTTACK",Secondary Level,"Name : MAHATMA GANDHI ENGLISH MEDIUM SCHOOL
Head/Principal Name: KAHNU CHARAN BURDHAN","Address : AT- ATHGARH NAC, PO- ATHGARH, PS- ATHGARH
Website : www.mgemsathgarh.com"
118,"Aff. No. :1540004
Sch. Code:19061","State : ODISHA
District : CUTTACK",Senior Secondary Level,"Name : PM SHRI SCHOOL JAWAHAR NAVODAYA VIDYALAYA
Head/Principal Name: SANDHYA MOHANTY","Address : MUNDALI DISTT CUTTACK ORISSA
Website : https://www.navodaya.gov.in/nvs/nvs-school/Cuttack"
119,"Aff. No. :1530503
Sch. Code:16471","State : ODISHA
District : CUTTACK",Senior Secondary Level,"Name : ST. XAVIER'S HIGH SCHOOL, BRAHMANJHARILO
Head/Principal Name: SYED SHAHARIYAR ALI","Address : AT-BRAHMANJHARILO, PO-RAIPUR, , PS-CUTTACK SADAR, DIST-CUTTACK
Website : www.stxaviershighschoolbrahmanjharilo.com"
120,"Aff. No. :1530509
Sch. Code:16488","State : ODISHA
District : CUTTACK",Secondary Level,"Name : ST. XAVIER'S HIGH SCHOOL
Head/Principal Name: GOPANDHU ROUT","Address : KATARPADA, NISCHINTAKOILI, NISCHINTAKOILI
Website : https://xaviernischintakoili.org/"
121,"Aff. No. :1540012
Sch. Code:19079","State : ODISHA
District : DHENKANAL",Senior Secondary Level,"Name : PM SHRI SCHOOL JAWAHAR NAVODAYA VIDYALAYA
Head/Principal Name: PRATIMA MISHRA","Address : SARANH DISTT DHENKANAL ORISSA
Website : www.navodaya.gov.in/nvs/nvs-school/Dhenkanal"
122,"Aff. No. :1530490
Sch. Code:16444","State : ODISHA
District : DHENKANAL",Senior Secondary Level,"Name : SRI CHAITANYA SCHOOL
Head/Principal Name: SUMAN PANDEY","Address : AT- BANAMALIPRASAD, PO- DHENKANAL , PS- DHENKANAL SADAR
Website : https://www.sctsdhenkanal.in/"
123,"Aff. No. :1530451
Sch. Code:16360","State : ODISHA
District : DHENKANAL",Secondary Level,"Name : ANANDA MARGA PUBLIC SCHOOL
Head/Principal Name: Gitanjali Behera","Address : AT- BEBARTAKATENI, PO- KORIAN, PS- DHENKANAL
Website : http://anandamargapublicschool.com/"
124,"Aff. No. :1530401
Sch. Code:16193","State : ODISHA
District : DHENKANAL",Secondary Level,"Name : ROYAL INTERNATIONAL PUBLIC SCHOOL
Head/Principal Name: RASHMITA BISHOYEE","Address : PO- KANKADPAL, PS- DHENKANAL SADAR
Website : https://ripsdkl.in"
125,"Aff. No. :1530429
Sch. Code:16291","State : ODISHA
District : DHENKANAL",Secondary Level,"Name : LIONS INTERNATIONAL SCHOOL
Head/Principal Name: ANASUYA BEHERA","Address : AT- ODAPADA, PO- ODAPADA, DHENKANAL
Website : https://lionsinternationalschool.com/"
126,"Aff. No. :1530242
Sch. Code:15460","State : ODISHA
District : DHENKANAL",Senior Secondary Level,"Name : SANSKAR PUBLIC SCHOOL
Head/Principal Name: SANTANU CHATTERJEE","Address : AT-RAHANI,POST-BIRASAL,KAMAKHYA NAGAR, DIST-DHENKANAL
Website : www.sanskarodisha.org"
127,"Aff. No. :1530207
Sch. Code:15499","State : ODISHA
District : DHENKANAL",Senior Secondary Level,"Name : ST. XAVIERS HIGH SCHOOL
Head/Principal Name: Pratap Chandra Panigrahi","Address : JALARAM COMPLEX, JAWAHAR CHOWK, GANDHI MANDIR ROAD, DHENKANAL
Website : www.stxaviersdhenkanal.org"
128,"Aff. No. :1530217
Sch. Code:15351","State : ODISHA
District : DHENKANAL",Senior Secondary Level,"Name : DELHI PUBLIC SCHOOL SYNERGY
Head/Principal Name: Subrahmanya Kumar Sripada","Address : BANAMALI PRASAD BY THE SIDE OF NH-55 BY PASS, DHENKANAL
Website : www.dpsdhenkanal.ac.in"
129,"Aff. No. :1530213
Sch. Code:15369","State : ODISHA
District : DHENKANAL",Senior Secondary Level,"Name : GMR VARALAKSHMI DAV PUBLIC SCHOOL ,
Head/Principal Name: AHALYA BAI SAHOO","Address : AT/PO-KAMALANGA DHENKANAL
Website : www.gmrvdavps.org"
130,"Aff. No. :1530159
Sch. Code:15293","State : ODISHA
District : DHENKANAL",Senior Secondary Level,"Name : BRAHMANI PUBLIC SCHOOL
Head/Principal Name: NIHAR RANJAN SINGH","Address : AT/PO-KHARAGPRASAD VIA-MERAMUNDALI DIST-DHENKANAL PIN-759121 ORISSA
Website : www.brahmanipublicschool.in"
131,"Aff. No. :1520463
Sch. Code:17576","State : ODISHA
District : DHENKANAL",Senior Secondary Level,"Name : ODISHA ADARSHA VIDYALAYA PURUSOTTAMPUR
Head/Principal Name: RASMIPRAVA SAHOO","Address : PURUSOTTAMPUR, BHUBAN, DHENKANAL
Website : https://oav.edu.in/?GROUP_CODE=OAVPUR"
132,"Aff. No. :1520402
Sch. Code:17504","State : ODISHA
District : DHENKANAL",Senior Secondary Level,"Name : ODISHA ADARSHA VIDYALAYA,BARIHAPUR,PARAJANG
Head/Principal Name: RAJESH KUMAR BEHERA","Address : P.O-BARIHAPUR, P.S-PARAJANG
Website : https://oav.edu.in/oav/home/OAVBIP"
133,"Aff. No. :1520404
Sch. Code:17506","State : ODISHA
District : DHENKANAL",Senior Secondary Level,"Name : ODISHA ADARSHA VIDYALAYA, BISWANATHPUR, GONDIA, DHENKANAL
Head/Principal Name: NARENDRA KUMAR DAS","Address : KAPILASH, GONDIA
Website : https://oav.edu.in/OAVBWP"
134,"Aff. No. :1520396
Sch. Code:17497","State : ODISHA
District : DHENKANAL",Senior Secondary Level,"Name : ODISHA ADARSHA VIDYALAYA ANKARANTIPUR, ODAPADA
Head/Principal Name: BIPLAB DAS","Address : PO- SIMINAI, BLOCK- ODAPADA
Website : https://oav.edu.in/?GROUP_CODE=OAVTTP"
135,"Aff. No. :1520358
Sch. Code:17411","State : ODISHA
District : DHENKANAL",Senior Secondary Level,"Name : ODISHA ADARSHA VIDYALAYA
Head/Principal Name: KRUTIBASH NAYAK","Address : PO- HINDOL, PS- HINDOL
Website : www.oav.edu.in"
136,"Aff. No. :1520359
Sch. Code:17412","State : ODISHA
District : DHENKANAL",Senior Secondary Level,"Name : ODISHA ADARSHA VIDYALAYA MAHISAPAT DHENKANAL
Head/Principal Name: MANMOHAN SAHU","Address : PO-MAHISAPAT, BLOCK - DHENKANAL MUNICIPALITY
Website : https://oav.edu.in/OAVMPT"
137,"Aff. No. :1520121
Sch. Code:17207","State : ODISHA
District : DHENKANAL",Senior Secondary Level,"Name : ODISHA ADARSHA VIDYALAYA
Head/Principal Name: PRAFULLA KUMAR MOHANTY","Address : JANTARIBOL KAMAKHYANAGAR, AT-JANTARIBOL, P.O-KANAPURA, PS-KAMAKHYANAGAR, DIST-DHENKANAL, ODISHA-759018
Website : https://oav.edu.in/oav/home/OAVJAN"
138,"Aff. No. :1520122
Sch. Code:17208","State : ODISHA
District : DHENKANAL",Senior Secondary Level,"Name : ODISHA ADARSH VIDYALAYA
Head/Principal Name: PRIYADARSHINEE SAHOO","Address : AT-KANDHARA,PO-KANKADAHAD, DIST-DHENKANAL (ODISHA)
Website : https://oav.edu.in/oav/home/OAVKDA"
139,"Aff. No. :1500026
Sch. Code:19106","State : ODISHA
District : DHENKANAL",Senior Secondary Level,"Name : PM SHRI KENDRIYA VIDYALAYA
Head/Principal Name: SHISHIR KUMAR DASH","Address : AT BANAMALI PRASAD PO MANGALPUR VIA BHAPUR DHENKANAL ORISSA
Website : https://dhenkanaltown.kvs.ac.in/"
140,"Aff. No. :1500024
Sch. Code:19110","State : ODISHA
District : GANJAM",Senior Secondary Level,"Name : PM SHRI KENDRIYA VIDYALAYA GOPALPUR MILITARY STATION
Head/Principal Name: BIRANCHI NARAYAN DAS","Address : GOPALPUR MILITARY STATION P.O.GOLABANDHA DISTT.GANJAM ORISSA
Website : www.gopalpurcantt.kvs.ac.in"
141,"Aff. No. :1500001
Sch. Code:19098","State : ODISHA
District : GANJAM",Senior Secondary Level,"Name : PM SHRI KENDRIYA VIDYALAYA
Head/Principal Name: SHIVAPRIYA DASH","Address : BERHAMPUR NEW ENGINEERING SCHOOL DISTT GANJAM ORISSA
Website : https://berhampur.kvs.ac.in"
142,"Aff. No. :1500040
Sch. Code:19108","State : ODISHA
District : GANJAM",Senior Secondary Level,"Name : PM SHRI KENDRIYA VIDYALAYA DIGAPAHANDI
Head/Principal Name: SANTOSH KUMAR PADHI","Address : DIGAPAHANDI, GANJAM, ODISHA
Website : www.digapahandi.kvs.ac.in"
143,"Aff. No. :1500044
Sch. Code:19099","State : ODISHA
District : GANJAM",Secondary Level,"Name : KENDRIYA VIDYALAYA
Head/Principal Name: PRADEEP KAMANU","Address : BHANJA NAGAR, AT- K.S.U.B. COLLEGE, OLD HOSTEL CAMPUS, BHANJA NAGAR, DISTT. GANJAM, ODISHA
Website : http://bhanjnagar.kvs.ac.in/"
144,"Aff. No. :1500054
Sch. Code:19107","State : ODISHA
District : GANJAM",Senior Secondary Level,"Name : PM SHRI KENDRIYA VIDYALAYA
Head/Principal Name: BALARAM MOHANTY","Address : ASKA, AT DHOBADI, PO, KUMBHARI, DISTT. GANJAM, ODISHA
Website : https://aska.kvs.ac.in/"
145,"Aff. No. :1500058
Sch. Code:19253","State : ODISHA
District : GANJAM",Senior Secondary Level,"Name : KENDRIYA VIDYALAYA HINJILICUT
Head/Principal Name: RANJAN KUMAR BEHERA","Address : BRUNDAVAN VIDYAPITHA CAMPUS AT/PO- HINJILICUT DIST- GANJAM - 761102
Website : https://hinjilicut.kvs.ac.in/"
146,"Aff. No. :1500156
Sch. Code:19364","State : ODISHA
District : GANJAM",Secondary Level,"Name : KENDRIYA VIDYALAYA CHATRAPUR
Head/Principal Name: RAJENDRA KUMAR PANDA","Address : ONSLOW INSTITUTION CAMPUS, P.O.-CHATRAPUR, CHATRAPUR
Website : https://chatrapur.kvs.ac.in"
147,"Aff. No. :1520064
Sch. Code:17192","State : ODISHA
District : GANJAM",Senior Secondary Level,"Name : ODISHA ADARSHA VIDYALAYA
Head/Principal Name: CHINTAMANI PALAI","Address : SIDHESWAR, DIGAPAHANDI, GANJAM, ODISHA
Website : www.oav.edu.in/oav/home/oavsid"
148,"Aff. No. :1520076
Sch. Code:17107","State : ODISHA
District : GANJAM",Senior Secondary Level,"Name : ODISHA ADARSH VIDYALAYA
Head/Principal Name: SANJUBALA NAYAK","Address : BADAPUR, AT./P.O-BADAPUR, BLOCK-PATRAPUR, DISTT. GANJAM, ODISHA-761004
Website : https://www.oav.edu.in/oav/home/OAVBAD"
149,"Aff. No. :1520041
Sch. Code:17139","State : ODISHA
District : GANJAM",Senior Secondary Level,"Name : ODISHA ADARSHA VIDYALAYA
Head/Principal Name: Urmila Sahoo","Address : AT-HATIOTA, P.O/P.S POLASARA, DISTT. GANJAM, ODISHA
Website : https://www.oav.edu.in/oav/home/OAVHAT"
150,"Aff. No. :1520050
Sch. Code:17193","State : ODISHA
District : GANJAM",Senior Secondary Level,"Name : ODISHA ADARSHA VIDYALAYA
Head/Principal Name: ASHIS MISHRA","Address : AT. BHQ SURADA, P.O. SURADA, DISTT. GANJAM, ODISHA -761108
Website : https://oav.edu.in/OAVSOR"
151,"Aff. No. :1520043
Sch. Code:17180","State : ODISHA
District : GANJAM",Senior Secondary Level,"Name : ODISHA ADARSHA VIDYALAYA
Head/Principal Name: CH HEMANT KUMAR","Address : PITATALI, BLOCK-CHIKITI, DISTT. GANJAM, ODISHA
Website : https://www.oav.edu.in/oav/home/OAVPIT"
152,"Aff. No. :1520028
Sch. Code:17105","State : ODISHA
District : GANJAM",Senior Secondary Level,"Name : ODISHA ADARSH VIDYALAYA
Head/Principal Name: DEEPAK BEHERA","Address : B. GANDEPALLI, KHALLIKOTE, GANJEM ODISHA-761028
Website : https://oav.edu.in/oav/home/OAVKHL"
153,"Aff. No. :1520034
Sch. Code:17123","State : ODISHA
District : GANJAM",Senior Secondary Level,"Name : ODISHA ADARSHA VIDYALAYA
Head/Principal Name: Jagadish Chandra Muni","Address : CHHANMERI, SANAKHEMUNDI, GANJAM, ODISHA-761014
Website : www.oav.edu.in"
154,"Aff. No. :1520017
Sch. Code:17175","State : ODISHA
District : GANJAM",Senior Secondary Level,"Name : ODISHA ADARSHA VIDYALAYA
Head/Principal Name: REKHA CHOUDHURY","Address : AT PAKIDI HILL, BLOCK-SHERAGADA, DISTT. GANJAM, ODISHA-761106
Website : www.oav.edu.in/oav/home/OAVSHE"
155,"Aff. No. :1520132
Sch. Code:17218","State : ODISHA
District : GANJAM",Senior Secondary Level,"Name : ODISHA ADARSH VIDYALAYA
Head/Principal Name: MANAS RANJAN DAKUA","Address : PRATAP LAXMANPUR, BELLAGUNTHA, AT-PRATAP LAXMANPUR, DIST-GANJAM, PO-LUNIPADA-761123 ODISHA
Website : www.oavs.in"
156,"Aff. No. :1520090
Sch. Code:17183","State : ODISHA
District : GANJAM",Senior Secondary Level,"Name : ODISHA ADARSH VIDYALAYA
Head/Principal Name: MILAN KUMAR PUROHIT","Address : RAGAPUR, BEGUNIAPADA, P.O.S. CHACHINA, ODISHA-761032
Website : https://www.oav.edu.in/oav/home/OAVRAB"
157,"Aff. No. :1520092
Sch. Code:17106","State : ODISHA
District : GANJAM",Senior Secondary Level,"Name : ODISHA ADARSHA VIDYALAYA,
Head/Principal Name: RABINDRA KUMAR PANIGRAHI","Address : AT-BADAAGULA, PO-KABISURANAGAR, DISTT. GANJAM, ODISHA-761104
Website : https://www.oav.edu.in/oav/home/OAVKAB"
158,"Aff. No. :1520093
Sch. Code:17182","State : ODISHA
District : GANJAM",Senior Secondary Level,"Name : ODISHA ADARSH VIDYALAYA.
Head/Principal Name: RASHMITA SAHOO","Address : AT/P.O-BHATAKUMARADA, BLOCK-PURUSHOTTAMPUR, DISTT. GANJAM, ODISHA-761003.
Website : https://www.oav.edu.in/oav/home/oavbhk"
159,"Aff. No. :1520088
Sch. Code:17151","State : ODISHA
District : GANJAM",Senior Secondary Level,"Name : ODISHA ADARSH VIDYALAYA
Head/Principal Name: BIBHUTI BHUSAN SATAPATHY","Address : KARAPALLI, BLOCK RANGEILUNDA, DISTT. GANJAM, ODISHA
Website : https://oav.edu.in/oav/home/oavkar"
160,"Aff. No. :1520081
Sch. Code:17159","State : ODISHA
District : GANJAM",Senior Secondary Level,"Name : ODISHA ADARSH VIDYALAYA
Head/Principal Name: RAJANIKANTA SAHU","Address : KUSAGUMA AT. DAKIBAJA, BETHUAR, PS. DHARAKOTE, VIA.DHARAKOTE. DISTT. GANJAM, ODISHA-761107
Website : www.oav.edu/oav/home/OAVKUS.in"
161,"Aff. No. :1520074
Sch. Code:17191","State : ODISHA
District : GANJAM",Senior Secondary Level,"Name : ODISHA ADARSH VIDYALAYA, SANGATHAN
Head/Principal Name: SWEETY NAYAK","Address : SASANA AMBAGAN, HINJILICUT,DISTT. GANJAN, ODISHA-761102
Website : https://oav.edu.in/?GROUP_CODE=OAVHIN"
162,"Aff. No. :1520085
Sch. Code:17160","State : ODISHA
District : GANJAM",Senior Secondary Level,"Name : ODISHA ADARSH VIDYALAYA
Head/Principal Name: Sudarsan Sethi","Address : AT. KUSUMI, BLOCK- KUKUDAKHAND, DISTT- GANJAM, ODISHA , SIHALA VIA GOLANTHARA -761 008
Website : https://oav.edu.in/oav/home/OAVKUK"
163,"Aff. No. :1520208
Sch. Code:17321","State : ODISHA
District : GANJAM",Senior Secondary Level,"Name : BIJU PATTNAIK ADARSHA VIDYALAYA
Head/Principal Name: Dayanidhi Das","Address : PALLUR HILLS, GOLANTHARA
Website : https://bijupattnaikadarshavidyalaya.in/"
164,"Aff. No. :1520185
Sch. Code:17271","State : ODISHA
District : GANJAM",Senior Secondary Level,"Name : ODISHA ADARSHA VIDYALAYA NIMINA ASKA
Head/Principal Name: DURJYODHAN DORA","Address : AT - NIMINA PO - NIMINA PS - GANGAPUR
Website : https://oav.edu.in/oav/home/OAVNIM"
165,"Aff. No. :1520186
Sch. Code:17272","State : ODISHA
District : GANJAM",Senior Secondary Level,"Name : ODISHA ADARSHA VIDYALAYA, CHAMAKHANDI
Head/Principal Name: PRAMOD KUMAR BEHERA","Address : AT/PO- CHAMAKHANDI, VIA- MATIKHALO,CHATRAPUR
Website : https://oav.edu.in/oav/home/oavchi"
166,"Aff. No. :1520187
Sch. Code:17273","State : ODISHA
District : GANJAM",Senior Secondary Level,"Name : ODISHA ADARSHA VIDYALAYA, SATRUSOLA, GANJAM BLOCK, GANJAM
Head/Principal Name: BRUNDABAN BEHERA","Address : AT- SATRUSOLA, POST- HUMMA, POLICE STATION- RAMBHA, BLOCK-GANJAM, DIST-GANJAM, PIN-761027, ODISHA
Website : https://oav.edu.in/oav/home/oavsat"
167,"Aff. No. :1520188
Sch. Code:17274","State : ODISHA
District : GANJAM",Senior Secondary Level,"Name : ODISHA ADARSHA VIDYALAYA
Head/Principal Name: SARAT KUMAR GAUDO","Address : ODISHA ADARSHA VIDYLAYA AT- JAMAGORADA PO-JHADABHUMI PS- JAGANNATH PRASAD VIA- BARAGAON DIST-GANJAM
Website : https://oav.edu.in/?GROUP_CODE=OAVJAG"
168,"Aff. No. :1520189
Sch. Code:17275","State : ODISHA
District : GANJAM",Senior Secondary Level,"Name : ODISHA ADARSHA VIDYALAYA GOLIA
Head/Principal Name: SUCHITRA KUMARI PATTANAYAK","Address : ODISHA ADARSHA VIDYALAYA GOLIA AT/PO-GOLIA PS-BUGUDA DIST-GANJAM PIN-761118
Website : https://oav.edu.in/OAVGOL"
169,"Aff. No. :1520366
Sch. Code:17419","State : ODISHA
District : GANJAM",Senior Secondary Level,"Name : ODISHA ADARSHA VIDYALAYA
Head/Principal Name: GOBINDA PATRO","Address : BHANJANAGAR, BHANJANAGAR
Website : https://oav.edu.in/oav/home/OAVSKD"
170,"Aff. No. :1530153
Sch. Code:15344","State : ODISHA
District : GANJAM",Senior Secondary Level,"Name : DE-PAUL SCHOOL, ASKA
Head/Principal Name: RAJANI PANDA","Address : RANKANATH VIHAR, COLLEGE SQUARE, ASKA,
Website : www.depaulschoolaska.in"
171,"Aff. No. :1530132
Sch. Code:15457","State : ODISHA
District : GANJAM",Senior Secondary Level,"Name : SANKALP
Head/Principal Name: Padmalaya Dash Choudhury","Address : AT-RALABA, P.O. RANGIPUR, VIA GOSANINAUGAON, BRAHAMPUR-760003, GANJAM, ORISSA
Website : www.sankalpschool.in"
172,"Aff. No. :1530116
Sch. Code:15395","State : ODISHA
District : GANJAM",Senior Secondary Level,"Name : K C PUBLIC SCHOOL
Head/Principal Name: A K MISHRA","Address : TATA BENZ SQUARE
Website : kcps.edu.in"
173,"Aff. No. :1530108
Sch. Code:15284","State : ODISHA
District : GANJAM",Secondary Level,"Name : ARYAN PUBLIC SCHOOL
Head/Principal Name: Sanjay Kumar Pattnayak","Address : PO: KALASANDHAPUR, ASKA, DIST: GANJAM, ODISHA
Website : www.apsaska.in"
174,"Aff. No. :1530091
Sch. Code:15509","State : ODISHA
District : GANJAM",Senior Secondary Level,"Name : TAKSHASHILA RESIDENTIAL SCHOOL
Head/Principal Name: PRADIPTA KISHORE PANIGRAHY","Address : CHANAKYA PURI ANKUSHPUR GANJAM, DISTT ORISSA
Website : www.takshashila.edu.in"
175,"Aff. No. :1530080
Sch. Code:15386","State : ODISHA
District : GANJAM",Senior Secondary Level,"Name : HOLY ANGEL CONVENT SCHOOL
Head/Principal Name: RASMITA PADHY","Address : VIP ROAD GOPALPUR ON SEA GANJAM ORISSA
Website : www.holyangelgroup.org"
176,"Aff. No. :1530073
Sch. Code:15488","State : ODISHA
District : GANJAM",Senior Secondary Level,"Name : ST XAVIER'S HIGH SCHOOL
Head/Principal Name: PRAKASH POLAI","Address : VILLAGE AMBAPUR OPP CENTRAL SCHOOL PO BERHAMPUR DISTT GANJAM ORISSA
Website : http://www.stxaviershighschoolambapua.org"
177,"Aff. No. :1530058
Sch. Code:15327","State : ODISHA
District : GANJAM",Senior Secondary Level,"Name : D A V PUBLIC SCHOOL
Head/Principal Name: MRS. DHARASHREE PADHI","Address : SADANANDA VIHAR GOSANINUAGAON BERHAMPUR, DISTT GANJAM ORISSA
Website : www.davberhampur.org"
178,"Aff. No. :1530056
Sch. Code:19052","State : ODISHA
District : GANJAM",Senior Secondary Level,"Name : ATOMIC ENERGY CENTRAL SCHOOL
Head/Principal Name: Rahul Laxman Khillare","Address : OSCOM IRE HOUSING COMPLEX POST MATIKHALO DISTT GANJAM ORISSA
Website : www.aecsosc.com"
179,"Aff. No. :1530209
Sch. Code:15294","State : ODISHA
District : GANJAM",Senior Secondary Level,"Name : BRUNDABAN NAYAK ENGLISH MEDIUM SCHOOL
Head/Principal Name: LILIRANI NAYAK","Address : TOTA STREET AT:- HINJILICUT PO :- HINJILICUT DIST :- GANJAM ODISHA
Website : www.bnemschool.org"
180,"Aff. No. :1530221
Sch. Code:15423","State : ODISHA
District : GANJAM",Senior Secondary Level,"Name : GYANA VIKASH ENGLISH MEDIUM SCHOOL
Head/Principal Name: USHARANI PANDA","Address : GOVINDPUR,LAXMIPUR
Website : www.gyanavikash.com"
181,"Aff. No. :1530194
Sch. Code:15354","State : ODISHA
District : GANJAM",Secondary Level,"Name : DOON ICON INTERNATIONAL SCHOOL
Head/Principal Name: MR.SANTOSH KUMAR BASH","Address : AT-BHABI NARAYANAPUR PO-BHANJA VIHAR, BERHAMPUR, DIS(BEO)-
Website : http://www.dooniconinternationalschool.org"
182,"Aff. No. :1530187
Sch. Code:15494","State : ODISHA
District : GANJAM",Senior Secondary Level,"Name : ST.XAVIER'S HIGH SCHOOL
Head/Principal Name: SUNANDINI SAHOO","Address : MAIN ROAD , BHANJANAGAR
Website : www.stxaviersbhanjanagar.com"
183,"Aff. No. :1530189
Sch. Code:15493","State : ODISHA
District : GANJAM",Senior Secondary Level,"Name : ST.XAVIERS HIGH SCHOOL
Head/Principal Name: KANHU CHARAN PANDA","Address : XAVIERS ENCLAVE MEENAKSHI NAGAR, ANDHAPASARA ROAD, BRAHMAPUR,GANJAM ODISHA
Website : https://xaviersbam.org"
184,"Aff. No. :1530274
Sch. Code:15766","State : ODISHA
District : GANJAM",Senior Secondary Level,"Name : MODERN OXFORD PUBLIC SCHOOL, BERHAMPUR
Head/Principal Name: SATYA NARAYAN SAHU","Address : AUROBINDA NAGAR -1ST LANE
Website : www.oxfordschoolbam.in"
185,"Aff. No. :1530283
Sch. Code:15885","State : ODISHA
District : GANJAM",Senior Secondary Level,"Name : GURUKUL INTERNATIONAL PUBLIC SCHOOL
Head/Principal Name: MADHU CHANDA MISHRA","Address : GOODS SHED ROAD, LANJIPALLI, BERHAMPUR, DIST:GANJAM (ODISHA)
Website : www.gurukulinternational.in"
186,"Aff. No. :1530308
Sch. Code:16020","State : ODISHA
District : GANJAM",Senior Secondary Level,"Name : DAV PT. SR PUBLIC SCHOOL
Head/Principal Name: MANAS RANJAN PRUSTY","Address : AT-SHREE VIHAR,PHULBANI ROAD, PO-LALSINGH,BHANJANAGAR,GANJAM
Website : www.davbhanjanagar.org"
187,"Aff. No. :1530300
Sch. Code:15952","State : ODISHA
District : GANJAM",Senior Secondary Level,"Name : DELHI PUBLIC SENIOR SECONDARY SCHOOL
Head/Principal Name: BAIKUNTHA NATH PATTNAYAK","Address : NEAR JAIL TRAINING SCHOOL,LANJNIPALLI BERHAMPUR
Website : www.dpssbam.co.in"
188,"Aff. No. :1530399
Sch. Code:16186","State : ODISHA
District : GANJAM",Senior Secondary Level,"Name : ST. ANN'S ENGLISH MEDIUM SCHOOL
Head/Principal Name: PACHALA SRILAKSHMI","Address : PO - BADAKODANDA, PS - BHANJANAGAR
Website : http://www.stannsemschool.org"
189,"Aff. No. :1530400
Sch. Code:15948","State : ODISHA
District : GANJAM",Senior Secondary Level,"Name : NEW DE PAUL SCHOOL
Head/Principal Name: VALERIAN DUNGDUNG","Address : AMBAPUA 11,BERHAMPUR
Website : www.newdepaulschool.com"
190,"Aff. No. :1530404
Sch. Code:16196","State : ODISHA
District : GANJAM",Senior Secondary Level,"Name : KLOROFEEL SCHOOL, BRAHMAPUR
Head/Principal Name: SANGEETA RANI JAMMULA","Address : JJ INDUSTRIAL ROAD, BHABANDHA
Website : https://klorofeelschool.ac.in/"
191,"Aff. No. :1530408
Sch. Code:16206","State : ODISHA
District : GANJAM",Senior Secondary Level,"Name : THE NEW AGE EURO SCHOOL
Head/Principal Name: TAPASWINI KUMARI SAHU","Address : PS- CHATRAPUR, NEAR ST JOSEPH ITI
Website : https://www.thenewageeuroschool.com/"
192,"Aff. No. :1530388
Sch. Code:16158","State : ODISHA
District : GANJAM",Senior Secondary Level,"Name : SRI CHAITANYA TECHNO SCHOOL
Head/Principal Name: BOBBILI VENKATESH","Address : BERHAMPUR, GANJAM
Website : www.srichaitanyaschool.net"
193,"Aff. No. :1530445
Sch. Code:16336","State : ODISHA
District : GANJAM",Secondary Level,"Name : DIBYA PUBLIC SCHOOL
Head/Principal Name: RAJ KISHORE NAYAK","Address : AT- DIGAPAHANDI NAC, PO- DIGAPAHANDI, PS- DIGAPAHANDI
Website : www.dibyapublicschool.com"
194,"Aff. No. :1530437
Sch. Code:16310","State : ODISHA
District : GANJAM",Senior Secondary Level,"Name : OM SRI INTERNATIONAL SCHOOL
Head/Principal Name: L KAMESWAR RAO","Address : AT- HINJILICUT, PO- HINJILICUT, PS- HINJILICUT
Website : http://omsriinternationalschool.com/"
195,"Aff. No. :1530494
Sch. Code:16450","State : ODISHA
District : GANJAM",Secondary Level,"Name : K C PUBLIC SCHOOL
Head/Principal Name: Gangadhar Behura","Address : YUVRAJ BUNGLOW, BUNGLOW STREET, KHALLIIKOTE
Website : https://kcpskhallikote.in"
196,"Aff. No. :1530484
Sch. Code:16432","State : ODISHA
District : GANJAM",Senior Secondary Level,"Name : MILLENNIUM PUBLIC SCHOOL
Head/Principal Name: SANJIB KUMAR PANDA","Address : AT- SHERAGADA, PO- SHERAGADA, PS- SHERAGADA
Website : https://millenniumpublicschoolsheragada.com/"
197,"Aff. No. :1530478
Sch. Code:16425","State : ODISHA
District : GANJAM",Secondary Level,"Name : ST. XAVIERS PUBLIC SCHOOL
Head/Principal Name: Madhusmita Parida","Address : HEMALATA NAGAR, NH-16, , FIRE STATION ROAD, CHATRAPUR, DISTRICT- GANJAM, ODISHA
Website : https://xavierpublicschool.in"
198,"Aff. No. :1540009
Sch. Code:19080","State : ODISHA
District : GANJAM",Senior Secondary Level,"Name : PM SHRI SCHOOL JAWAHAR NAVODAYA VIDYALAYA
Head/Principal Name: JAIRAM NAIK","Address : SURANGI DISTT GANJAM ORISSA
Website : https://www.navodaya.gov.in/nvs/nvs-school/Ganjam/"
199,"Aff. No. :1580003
Sch. Code:19051","State : ODISHA
District : GANJAM",Senior Secondary Level,"Name : ARMY PUBLIC SCHOOL
Head/Principal Name: PRADEEP KUMAR","Address : GOPALPUR GOLABANDHA GANJAM ORISSA
Website : www.apsgopalpur.in"
200,"Aff. No. :1590001
Sch. Code:19053","State : ODISHA
District : GANJAM",Secondary Level,"Name : CENTRAL SCHOOL FOR TIBETANS
Head/Principal Name: SAMDUP DORJEE","Address : P O CHANDRAGIRI GANJAM DISTT, ORISSA
Website : https://stschandragiri.org/"
201,"Aff. No. :1540006
Sch. Code:19071","State : ODISHA
District : KALAHANDI",Senior Secondary Level,"Name : PM SHRI SCHOOL JAWAHAR NAVODAYA VIDYALAYA
Head/Principal Name: CHINTAMANI DWIBEDY","Address : P O NARLA DISTT KALAHANDI ISSA
Website : https://www.navodaya.gov.in/nvs/nvs-school/Kalahan"
202,"Aff. No. :1530493
Sch. Code:16449","State : ODISHA
District : KALAHANDI",Secondary Level,"Name : ADONI PUBLIC SCHOOL
Head/Principal Name: A AROCKIA KANISHTA SINTHUJA","Address : DASPUR, GOLAMUNDA, KALAHANDI
Website : https://www.adonipublicschool.org.in/"
203,"Aff. No. :1530409
Sch. Code:16208","State : ODISHA
District : KALAHANDI",Senior Secondary Level,"Name : PRAGATI CONCEPT SCHOOL
Head/Principal Name: CHINMAYA GURU","Address : KESINGA ROAD, BHAWANIPATNA
Website : https://pragaticonceptschool.in/"
204,"Aff. No. :1530405
Sch. Code:16197","State : ODISHA
District : KALAHANDI",Secondary Level,"Name : GANESH ENGLISH MEDIUM SCHOOL
Head/Principal Name: R PRABU","Address : BLOCK JAIPATNA, KALAHANDI
Website : www.gemsbaner.in"
205,"Aff. No. :1530296
Sch. Code:15937","State : ODISHA
District : KALAHANDI",Senior Secondary Level,"Name : VIKASH RESIDENTIAL SCHOOL
Head/Principal Name: ARATI MISHRA","Address : AT-KANDH BANDOPALA, PO-RISIGAON , VIA-BHAWANIPATNA
Website : https://vrsbpt.vikashinstitutions.com/"
206,"Aff. No. :1530275
Sch. Code:15774","State : ODISHA
District : KALAHANDI",Senior Secondary Level,"Name : NEW LIFE ACADEMY
Head/Principal Name: Siani Harpal","Address : AT/PO: BORINGPADAR, WARD NO.08, PS: KESINGA, DIST: KALAHANDI - 766012
Website : www.newlifekesinga.com"
207,"Aff. No. :1530237
Sch. Code:15384","State : ODISHA
District : KALAHANDI",Senior Secondary Level,"Name : HI-TECH PUBLIC SCHOOL, BHAWANIPATNA
Head/Principal Name: ALPANA PATTNAYAK","Address : HI-TECH PUBLIC SCHOOL, BHAWANIPATNA DUARSENI BHAWANIPATNA
Website : www.htpsbhawanipatna.in"
208,"Aff. No. :1530165
Sch. Code:15511","State : ODISHA
District : KALAHANDI",Senior Secondary Level,"Name : THE DRONACHARYA SCHOOL
Head/Principal Name: ARCHANA AGRAWAL","Address : KENDUPADA, AT/PO. BORIA, BHAWANIPATNA, KESINGA, KALAHANDI
Website : www.thedronacharyaschool.com"
209,"Aff. No. :1530085
Sch. Code:15477","State : ODISHA
District : KALAHANDI",Senior Secondary Level,"Name : SRI SATYA SAI VIDYA MANDIR
Head/Principal Name: GYANA RANJAN MISHRA","Address : BHAWANINATNA DISTT KALAHANDI ORISSA
Website : www.sssvmbpt.org"
210,"Aff. No. :1530090
Sch. Code:15358","State : ODISHA
District : KALAHANDI",Senior Secondary Level,"Name : EL NISSI MISSION SCHOOL
Head/Principal Name: SUHIT RANJAN PANDA","Address : ZION NAGAR DHARAM GARH DISTT KALAHANDI ORISSA
Website : www.elnissizion.net"
211,"Aff. No. :1530039
Sch. Code:15526","State : ODISHA
District : KALAHANDI",Senior Secondary Level,"Name : YOUNG BLOOD PUBLIC SCHOOL
Head/Principal Name: DIPTIRANI SINGH","Address : AT PO KESINGA DISTT. KALAHANDI ORISSA
Website : www.ybpskesinga.com"
212,"Aff. No. :1530151
Sch. Code:15343","State : ODISHA
District : KALAHANDI",Senior Secondary Level,"Name : DAV VEDANTA INTERNATIONAL SCHOOL
Head/Principal Name: DR. MANVEEN KAUR","Address : VEDANTA TOWNSHIP, VAL, LANJIGARH
Website : www.davvedanta.in"
213,"Aff. No. :1520421
Sch. Code:17530","State : ODISHA
District : KALAHANDI",Senior Secondary Level,"Name : EKLAVYA MODEL RESIDENTIAL SCHOOL, DHANRABHATA
Head/Principal Name: DEBADATTA SAHU","Address : AT- DHANRABHATA, PO-BISWANATHPUR, BISWANATHPUR
Website : https://emrsdhanrabhata.com/"
214,"Aff. No. :1520504
Sch. Code:17618","State : ODISHA
District : KALAHANDI",Secondary Level,"Name : EKLAVYA MODEL RESIDENTIAL SCHOOL (EMRS ) THUAMUL RAMPUR
Head/Principal Name: SATYA PRAKASH SATYA","Address : THUAMUL RAMPUR, SAISURNI, KALAHANDI
Website : https://emrsthrampur.com"
215,"Aff. No. :1520075
Sch. Code:17122","State : ODISHA
District : KALAHANDI",Senior Secondary Level,"Name : ODISHA ADARSH VIDYALAYA, CHAPATHKHANDA
Head/Principal Name: ANUPAMA DEHERI","Address : NARLA, DISTT. KALAHANDI, ODISHA- 766 100
Website : https://www.oav.edu.in/oav/home/OAVCTA"
216,"Aff. No. :1520082
Sch. Code:17164","State : ODISHA
District : KALAHANDI",Senior Secondary Level,"Name : ODISHA ADARSH VIDYALAYA
Head/Principal Name: SANJAYA KUMAR DAS","Address : MADANPUR, AT/PO MADANPUR, VIA. MADANPUR RAMPUR, DIST. KALAHANDI, ODISHA-766 102
Website : https://www.oav.edu.in/oav/home/OAVMAD"
217,"Aff. No. :1520089
Sch. Code:17133","State : ODISHA
District : KALAHANDI",Senior Secondary Level,"Name : ODISHA ADARSH VIDYALAYA
Head/Principal Name: LAXMIKANTA MEHER","Address : AT. PO. GOLAMUNDA, DISTT- KALAHANDI, ODISHA
Website : https://www.oav.edu.in/oav/home/OAVGDA"
218,"Aff. No. :1520102
Sch. Code:17147","State : ODISHA
District : KALAHANDI",Senior Secondary Level,"Name : ODISHA ADARSHA VIDYALAYA
Head/Principal Name: SANGRAM KESHARI BAGH","Address : AT/PO JUNAGARH , DISTT. KALAHANDI, ODISHA
Website : https://oav.edu.in/OAVSJUN"
219,"Aff. No. :1520029
Sch. Code:17167","State : ODISHA
District : KALAHANDI",Senior Secondary Level,"Name : ODISHA ADARSHA VIDYALAYA
Head/Principal Name: NILAMADHAB PATTANAIK","Address : MASANIMUNDA, KESINGA, ODISHA-766012
Website : https://oav.edu.in/oav/home/oavsmas"
220,"Aff. No. :1520046
Sch. Code:17111","State : ODISHA
District : KALAHANDI",Senior Secondary Level,"Name : ODISHA ADARSHA VIDYALAYA
Head/Principal Name: NIJHUM RANI PANDIT","Address : BANGOMUNDA, KOKSARA, AT BANGOMUNDA, P.O/P.S KOKSARA, ODISHA-766019
Website : https://oav.edu.in/oav/home/OAVBON"
221,"Aff. No. :1520054
Sch. Code:17149","State : ODISHA
District : KALAHANDI",Senior Secondary Level,"Name : ODISHA ADARSHA VIDYALAYA
Head/Principal Name: RAHUL KUMAR SAHOO","Address : KALAMPUR, AT/PO. KALAMPUR, P.S JAIPATA, DISTT. ODISHA-766013
Website : https://oav.edu.in/oav/about-school/oavkal"
222,"Aff. No. :1520060
Sch. Code:17120","State : ODISHA
District : KALAHANDI",Senior Secondary Level,"Name : ODISHA ADARSHA VIDYALAYA
Head/Principal Name: Girish Chandra Patel","Address : AT. CHANCHARAPADA, P.O/P.S JAIPATNA, DISTT., KALAHANDI, ODISHA-766018
Website : https://oav.edu.in/oav/home/OAVCCA"
223,"Aff. No. :1520061
Sch. Code:17177","State : ODISHA
District : KALAHANDI",Senior Secondary Level,"Name : ODISHA ADARSHA VIDYALAYA
Head/Principal Name: ABHISHEK MOHANTY","Address : AT./PO PARLA DHARAMGARH, KALAHANDI, ODISHA-766103
Website : https://oav.edu.in/oav/home/OAVPLA"
224,"Aff. No. :1520077
Sch. Code:17126","State : ODISHA
District : KALAHANDI",Senior Secondary Level,"Name : ODISHA ADARSH VIDYALAYA
Head/Principal Name: SUBHASHREE SAMANTARAY","Address : DHANURBHATA, BISWANATHPUR,LANJIGARH, KALAHANDI, ODISHA-766020
Website : https://www.oav.edu.in/OAVDHA"
225,"Aff. No. :1520078
Sch. Code:17172","State : ODISHA
District : KALAHANDI",Senior Secondary Level,"Name : ODISHA ADARSH VIDYALAYA, MUSIGUDA,
Head/Principal Name: SASANKA SEKHAR CHOUDHURY","Address : BHAWANIPATNA, KALAHANDI, ODISHA -766 001
Website : https://oav.edu.in/oav/home/OAVMUS"
226,"Aff. No. :1520073
Sch. Code:17196","State : ODISHA
District : KALAHANDI",Senior Secondary Level,"Name : ODISHA ADARSH VIDYALAYA,
Head/Principal Name: SITAKANTA RANA","Address : TH. RAMPUR, DISTT- KALAHANDI, ODISHA
Website : www.oav.edu.in"
227,"Aff. No. :1520069
Sch. Code:17186","State : ODISHA
District : KALAHANDI",Senior Secondary Level,"Name : ODISHA ADARSHA VIDYALAYA
Head/Principal Name: SHASANKA SEKHAR TRIPATHY","Address : REGEDA, KARLAMUNDA AT/P.O REGEDA,. P.S M.RAMPUR, DISTT. KALAHANDI-766102
Website : www.oav.edu.in"
228,"Aff. No. :1500060
Sch. Code:19258","State : ODISHA
District : KALAHANDI",Senior Secondary Level,"Name : PM SHRI KENDRIYA VIDYALAYA DHARAMGARH
Head/Principal Name: VIJAY PRAKASH","Address : KENDRIYA VIDYALAYA DHARAMGARH VOCATIONAL COLLEGE CAMPUS NEAR GOVT. HIGH SCHOOL DHARAMGARH PO/PS-DHARAMGARH DIST-KALAHANDI
Website : www.dharamgarh.kvs.ac.in"
229,"Aff. No. :1500029
Sch. Code:19095","State : ODISHA
District : KALAHANDI",Senior Secondary Level,"Name : PM SHRI KENDRIYA VIDYALAYA
Head/Principal Name: BHIMSEN PANDA","Address : BHAWANIPATNA DISTT KALA HANDI ORISSA
Website : www.bhawanipatna.kvs.ac.in"
230,"Aff. No. :1500031
Sch. Code:19128","State : ODISHA
District : KEONJHAR",Senior Secondary Level,"Name : PM SHRI KENDRIYA VIDYALAYA
Head/Principal Name: SUSHANTA KUMAR SAHOO","Address : OLD TOWN, KEONJHAR, ORISSA
Website : https://keonjhar.kvs.ac.in/"
231,"Aff. No. :1500153
Sch. Code:19358","State : ODISHA
District : KEONJHAR",Secondary Level,"Name : KENDRIYA VIDYALAYA ANANDAPUR
Head/Principal Name: SARBESWAR SAHOO","Address : BRIDGE CHHAKA, ANANDAPUR
Website : https://anandapur.kvs.ac.in"
232,"Aff. No. :1520001
Sch. Code:17100","State : ODISHA
District : KEONJHAR",Senior Secondary Level,"Name : EKLAVYA MODEL RESIDENTIAL SCHOOL
Head/Principal Name: RAVISHANKAR CHOUDHARY","Address : AT/PO RANKI VIA OLD TOWN , DISTT. KEONIJHAR, ODISHA
Website : http://omtes.org/emrs/keonjhar-ranki/index.php"
233,"Aff. No. :1520049
Sch. Code:17119","State : ODISHA
District : KEONJHAR",Senior Secondary Level,"Name : ODISHA ADARSHA VIDYALAYA
Head/Principal Name: PRANGYASMITA PATI","Address : CAMPUA, AT/P.O. CAMPUA, P.S CHAMPUA, DISTT. KEONJHAR, ODISHA -758041
Website : https://oav.edu.in/oav/home/oavcpa"
234,"Aff. No. :1520068
Sch. Code:17187","State : ODISHA
District : KEONJHAR",Senior Secondary Level,"Name : ODISHA ADARSHA VIDYALAYA
Head/Principal Name: Nrushingh Nath Parida","Address : SAHARPADA, P.O./VIA-SAHARPADA, PS-PATNA, DISTT. KEONJHAR, ODISHA-758016
Website : www.oav.edu.in"
235,"Aff. No. :1520079
Sch. Code:17132","State : ODISHA
District : KEONJHAR",Senior Secondary Level,"Name : ODISHA ADARSH VIDYALAYA
Head/Principal Name: BHRAMARABAR MALLIK","Address : GHATAGAON, AT-TIKIRA, DIST. KEONJHAR, ODISHA-758029
Website : www.oav.edu.in"
236,"Aff. No. :1520051
Sch. Code:17153","State : ODISHA
District : KEONJHAR",Senior Secondary Level,"Name : ODISHA ADARSHA VIDYALAYA
Head/Principal Name: NIBEDITA ROUT","Address : KHENDRA JHUMPURA, DISTT. KEONJHAR, ODISHA-758031
Website : www.oavs.in"
237,"Aff. No. :1520039
Sch. Code:17194","State : ODISHA
District : KEONJHAR",Senior Secondary Level,"Name : ODISHA ADARSHA VIDYALAYA
Head/Principal Name: Saudamini Parida","Address : AT. TALACHAMPEI, P.O. TALACHAMPEI, P.S RAISUAN, DISTT. KEONJHAR-758085
Website : www.oav.edu.in"
238,"Aff. No. :1520040
Sch. Code:17161","State : ODISHA
District : KEONJHAR",Senior Secondary Level,"Name : ODISHA ADARSHA VIDYALAYA
Head/Principal Name: BARSHA BAISHALI","Address : AT-LAHANDA, JADA, P.O BILEIPADA, KEONJHAR-758038
Website : https://www.oav.edu.in/"
239,"Aff. No. :1520021
Sch. Code:17138","State : ODISHA
District : KEONJHAR",Senior Secondary Level,"Name : ODISHA ADARSHA VIDYALAYA
Head/Principal Name: RASMIREKHA PANIGRAHI","Address : HAIRCHANDANPUR, AT/PO/VIA/PS, DISTT. KEONJHAR, ODISHA-758028
Website : https://oav.edu.in/?GROUP_CODE=OAVHCP"
240,"Aff. No. :1520023
Sch. Code:17189","State : ODISHA
District : KEONJHAR",Senior Secondary Level,"Name : ODISHA ADARSHA VIDYALAYA
Head/Principal Name: SAUMYA RANJAN BEHERA","Address : ANANDAPUR, SALAPADA, AT/PO-SALAPADA, DISTT. KEONJHAR, ODISHA-758020
Website : https://oav.edu.in/oav/home/oavana"
241,"Aff. No. :1520095
Sch. Code:17140","State : ODISHA
District : KEONJHAR",Senior Secondary Level,"Name : ODISHA ADARSHA VIDYALAYA.
Head/Principal Name: RAGHUNATH PARIDA","Address : IYA, TELKOI, AT./PO-IYA, PS-TELKOI, DISTT. KENJHAR, ODISHA-758019
Website : www.oav.edu.in/oav/home/OAVTEL"
242,"Aff. No. :1520193
Sch. Code:17279","State : ODISHA
District : KEONJHAR",Senior Secondary Level,"Name : ODISHA ADARSHA VIDYALAYA, SUNDARAPAL
Head/Principal Name: SHARMILA ROUT","Address : AT-SUNDARAPAL, PO-SADHA, VIA-HADGARH
Website : https://oav.edu.in/OAVSPL"
243,"Aff. No. :1520194
Sch. Code:17280","State : ODISHA
District : KEONJHAR",Senior Secondary Level,"Name : ODISHA ADARSHA VIDYALAYA SUANPADA
Head/Principal Name: RANJIT SAHOO","Address : ODISHA ADARSHA VIDYALAYA SUANPADA AT-SUANPADA PO-RAMCHANDRAPUR PS-RAMCHANDRAPUR BLOCK-GHASIPURA PIN-758043
Website : www.oav.edu.in"
244,"Aff. No. :1520507
Sch. Code:17623","State : ODISHA
District : KEONJHAR",Secondary Level,"Name : EKLAVYA MODEL RESIDENTIAL SCHOOL (EMRS) PATANA
Head/Principal Name: MUKESH KUMAR SHARMA","Address : VILL- ERENDEI, PO - ERENDEI, BLOCK - PATANA
Website : www.emrspatana.com"
245,"Aff. No. :1520495
Sch. Code:17609","State : ODISHA
District : KEONJHAR",Senior Secondary Level,"Name : ODISHA MINING ADARSHA VIDYALAYA
Head/Principal Name: BHIMA CHARAN PATRA","Address : JALIPADA SAHI, SUAKATI PO, RAISUAN PS
Website : https://www.oav.edu.in"
246,"Aff. No. :1520496
Sch. Code:17610","State : ODISHA
District : KEONJHAR",Secondary Level,"Name : ODISHA MINING ADARSHA VIDYALAYA BARBIL (SUNDARA)
Head/Principal Name: BHIMA CHARAN PATRA","Address : AT- SUNDARA, KALINGA, NEAR BARBIL NEW BUS STAND, PO/PS - BARBIL
Website : https://oav.edu.in/OMAVBAR"
247,"Aff. No. :1520409
Sch. Code:17511","State : ODISHA
District : KEONJHAR",Senior Secondary Level,"Name : ODISHA ADARSHA VIDYALAYA ,BODAPALASA
Head/Principal Name: TUSHAR PRAVA MAHANTA","Address : PS-RAISUAN, BLOCK- KEONJHAR SADAR
Website : https://oav.edu.in/oav/home/OAVBDL"
248,"Aff. No. :1520416
Sch. Code:17519","State : ODISHA
District : KEONJHAR",Senior Secondary Level,"Name : EKLAVYA MODEL RESIDENTIAL SCHOOL, GIDHIBAS, CHAMPUA
Head/Principal Name: PANCHANAN PADHAN","Address : VIA UKHUNDA, BLOCK- JHUMPURA, SUB-DIVISION- CHAMPUA
Website : https://emrsgidhibas.com"
249,"Aff. No. :1520368
Sch. Code:17424","State : ODISHA
District : KEONJHAR",Senior Secondary Level,"Name : ODISHA ADARSHA VIDYALAYA
Head/Principal Name: Debadutta Singh","Address : TURUMUNGA, PATNA
Website : www.oav.edu.in"
250,"Aff. No. :1530157
Sch. Code:15498","State : ODISHA
District : KEONJHAR",Senior Secondary Level,"Name : ST. XAVIERS HIGH SCHOOL,
Head/Principal Name: DIBYA KISHOR PRADHAN","Address : AT-NAIGAON, P.O- DIMBO DIST-KEONJHAR
Website : https://stxavierskeonjhar.org/"
251,"Aff. No. :1530140
Sch. Code:15319","State : ODISHA
District : KEONJHAR",Secondary Level,"Name : D.A.V. PUBLIC SCHOOL
Head/Principal Name: BRAJENDRA NATH SABHAPATI","Address : PARK LINE DAYANANDA MARG,PO/DIST:-KEONJHAR
Website : www.davpublicschoolkjr.ac.in"
252,"Aff. No. :1530143
Sch. Code:15340","State : ODISHA
District : KEONJHAR",Senior Secondary Level,"Name : DAV PUBLIC SCHOOL
Head/Principal Name: RAJASHREE MOHAPATRA","Address : SAIL-RMD, BOLANI ORES MINES, BOLANI.
Website : http://davbolani.org.in"
253,"Aff. No. :1530096
Sch. Code:15392","State : ODISHA
District : KEONJHAR",Senior Secondary Level,"Name : JINDAL ENGLISH MEDIUM SCHOOL
Head/Principal Name: SANGEETA RANI DAS","Address : SOYABALI BARBIL DISTT KEONJHAR ORISSA
Website : www.jsbarbil.com"
254,"Aff. No. :1530109
Sch. Code:15399","State : ODISHA
District : KEONJHAR",Senior Secondary Level,"Name : KERALA ENGLISH MED. SCHOOL
Head/Principal Name: BIJAYA KUMAR BHARATI","Address : SHIKSHA NAGARI,PO-CHAMPUA, DIST-KEONJHAR,ODISHA-758041
Website : www.kemschampua.org"
255,"Aff. No. :1530024
Sch. Code:15370","State : ODISHA
District : KEONJHAR",Senior Secondary Level,"Name : GREEN FIELD SCHOOL
Head/Principal Name: VARSHA SINGH","Address : P O PALASPANGA DISTT. KEONJHAR ORISSA
Website : www.greenfieldschoolkeonjhar.com"
256,"Aff. No. :1530172
Sch. Code:15467","State : ODISHA
District : KEONJHAR",Secondary Level,"Name : SHREE GURUKUL ENGLISH MEDIUM SCHOOL
Head/Principal Name: Kiranbala Sahoo","Address : AT-KUDHATANGARA.PO-GHATGAON,DIST-KEONJHAR,ODISHA.
Website : www.sevafoundation.ind.in"
257,"Aff. No. :1530175
Sch. Code:15443","State : ODISHA
District : KEONJHAR",Senior Secondary Level,"Name : RABINDRA VIDYA NIKETAN
Head/Principal Name: Anuradha Kuanr","Address : N H - 6, BADHAL, KEONJHAR
Website : www.rvniketan.com"
258,"Aff. No. :1530226
Sch. Code:15359","State : ODISHA
District : KEONJHAR",Secondary Level,"Name : EMIL DAV PUBLIC SCHOOL
Head/Principal Name: CHINMAYI CHITRANGADA","Address : JILLING TOWNSHIP, JILLING, JAJANG, JURUDI
Website : www.emildav.com"
259,"Aff. No. :1530233
Sch. Code:15303","State : ODISHA
District : KEONJHAR",Senior Secondary Level,"Name : CHANDRASEKHAR ENGLISH MEDIUM SCHOOL
Head/Principal Name: RUSKIN NESA METTIL","Address : AT-RAMLA,PO-CHAMPUA
Website : www.cemschool.org"
260,"Aff. No. :1530239
Sch. Code:15440","State : ODISHA
District : KEONJHAR",Senior Secondary Level,"Name : PRANABALLAV PUBLIC SCHOOL
Head/Principal Name: DR. SUJATA GHOSH","Address : AT/PO-GOHIRA VIA-GHASIPURA
Website : www.pranaballavpublicschool.com"
261,"Aff. No. :1530282
Sch. Code:15884","State : ODISHA
District : KEONJHAR",Senior Secondary Level,"Name : TATA DAV PUBLIC SCHOOL
Head/Principal Name: B SAI SHIVA","Address : BONEIKALA,JODA
Website : http://tatadavjoda.com"
262,"Aff. No. :1530423
Sch. Code:16273","State : ODISHA
District : KEONJHAR",Secondary Level,"Name : KIDS PUBLIC SCHOOL
Head/Principal Name: SURENDRA KUMAR ACHARYA","Address : KEONJHAR, KEONJHAR, KEONJHAR
Website : www.kidspublicschool.com"
263,"Aff. No. :1530313
Sch. Code:16057","State : ODISHA
District : KEONJHAR",Secondary Level,"Name : MISBAH ENGLISH MEDIUM SCHOOL
Head/Principal Name: NADEEM PERWEZ","Address : AT- TANGARANI, PO- JHUMPURA, DIST- KEONJHAR, ODISHA
Website : www.memsjhumpura.in"
264,"Aff. No. :1530374
Sch. Code:16126","State : ODISHA
District : KEONJHAR",Secondary Level,"Name : GAYATRI CENTRAL ACADEMY
Head/Principal Name: SURAJIT GHOSH","Address : PO-MUSAKHORI, PS -PATNA
Website : www.gayatricentralacademy.com"
265,"Aff. No. :1530459
Sch. Code:16382","State : ODISHA
District : KEONJHAR",Secondary Level,"Name : BHUBANANANDA PUBLIC SCHOOL
Head/Principal Name: ABANI KUMAR BEHERA","Address : PUTULIA, PADMAPUR, KEONJHAR
Website : https://bhubananandaps.in"
266,"Aff. No. :1530444
Sch. Code:16328","State : ODISHA
District : KEONJHAR",Secondary Level,"Name : AL HERA ENGLISH MEDIUM SCHOOL
Head/Principal Name: BARSHA RANI BEHERA","Address : AT- CHAMPUA, PO- CHAMPUA, PS- CHAMPUA
Website : http://alheraenglishmediumschool.com/"
267,"Aff. No. :1530463
Sch. Code:16395","State : ODISHA
District : KEONJHAR",Secondary Level,"Name : ST. XAVIER'S HIGH SCHOOL
Head/Principal Name: HEMANTA KUMAR NAYAK","Address : CHANDIABIRANCHIPUR-MAREIGAON, MAREIGAON, NANDIPADA
Website : https://sxhsmareigaon.com/"
268,"Aff. No. :1540002
Sch. Code:19077","State : ODISHA
District : KEONJHAR",Senior Secondary Level,"Name : PM SHRI SCHOOL JAWAHAR NAVODAYA VIDYALAYA
Head/Principal Name: ADHIR KUMAR NAYAK","Address : HADAGARH DISTT KEONJHAR ISSA
Website : https://www.navodaya.gov.in/nvs/nvs-school/Keonjhar/en/home/"
269,"Aff. No. :1540003
Sch. Code:19070","State : ODISHA
District : KORAPUT",Senior Secondary Level,"Name : PM SHRI SCHOOL JAWAHAR NAVODAYA VIDYALAYA
Head/Principal Name: MILANI MITTRA","Address : KOLABNAGAR DISTT KORAPUT ORISSA
Website : www.navodaya.gov.in/nvs/nvs-school/koraput/en/home"
270,"Aff. No. :1530464
Sch. Code:16402","State : ODISHA
District : KORAPUT",Secondary Level,"Name : NOVEL SIDHARTH ENGLISH MEDIUM SCHOOL
Head/Principal Name: KOTTU KAVITA RANI","Address : NEHRU NAGAR, OPPOSITE HP GAS GODOWN , JEYPORE
Website : www.novelsidharth.com"
271,"Aff. No. :1530466
Sch. Code:16409","State : ODISHA
District : KORAPUT",Senior Secondary Level,"Name : ROYAL INTERNATIONAL SCHOOL
Head/Principal Name: SWETA PRAHARAJ","Address : AT- ANANTA, PO- JAYANAGAR, PS- JEYPORE
Website : https://royalinternationalschooljeypore.com/"
272,"Aff. No. :1530449
Sch. Code:16355","State : ODISHA
District : KORAPUT",Secondary Level,"Name : ST. XAVIER HIGH SCHOOL
Head/Principal Name: MONALISA NANDA","Address : AT- NEAR INDOOR STADIUM, LINGARAJ NAGAR, PO- JEYPORE, DIST- KORAPUT
Website : https://www.stxavierhighschooljeypore.in"
273,"Aff. No. :1530491
Sch. Code:16446","State : ODISHA
District : KORAPUT",Secondary Level,"Name : BIKASH VIDYALAYA
Head/Principal Name: Susant Kumar Hota","Address : GANDHI NAGAR, KORAPUT, KORAPUT
Website : https://bikashvidyalaya.com/"
274,"Aff. No. :1530373
Sch. Code:16125","State : ODISHA
District : KORAPUT",Senior Secondary Level,"Name : D'MOUNT VALLEY SCHOOL
Head/Principal Name: K SAI LAKSHMI","Address : NEAR SEMILIGUDA COLLEGE, SEMILIGUDA
Website : www.dmountvalleyschool.comn"
275,"Aff. No. :1530381
Sch. Code:16140","State : ODISHA
District : KORAPUT",Senior Secondary Level,"Name : ST. XAVIER'S HIGH SCHOOL , JEYPORE
Head/Principal Name: LAXMINARAYAN DASH","Address : NH 326, RANCHI VIJAYAWADA RING ROAD
Website : www.stxaviersjeypore.in"
276,"Aff. No. :1530390
Sch. Code:16161","State : ODISHA
District : KORAPUT",Secondary Level,"Name : CHRIST SCHOOL
Head/Principal Name: ANU JOSE","Address : KOTPAD P.O, KOTPAD NAC
Website : http://www.christschoolkotpad.org/"
277,"Aff. No. :1530407
Sch. Code:16205","State : ODISHA
District : KORAPUT",Senior Secondary Level,"Name : SRI RAMAKRUSHNA VIDYA MANDIR
Head/Principal Name: Tapaswini Mohapatra","Address : SLN MEDICAL COLLEGE KORAPUT, HOUSING BOARD COLONY KORAPUT, ODISHA
Website : https://srkvmkoraput.in"
278,"Aff. No. :1530432
Sch. Code:16298","State : ODISHA
District : KORAPUT",Secondary Level,"Name : SINAI PUBLIC SCHOOL
Head/Principal Name: KUBERA PARICHHA","Address : AT - LAXMIPUR, PO- LAXMIPUR, PS- LAXMIPUR, DISTRICT- KORAPUT
Website : www.sinaipublicschool.org.in"
279,"Aff. No. :1530412
Sch. Code:16234","State : ODISHA
District : KORAPUT",Senior Secondary Level,"Name : VIGYAN INTERNATIONAL SCHOOL
Head/Principal Name: RAJKISHORE MALLICK","Address : PHULABADA, UMURI GP, JEYPORE, PHULABADA, UMURI GP, JEYPORE
Website : https://vigyaninternationalschool.org"
280,"Aff. No. :1530297
Sch. Code:15946","State : ODISHA
District : KORAPUT",Senior Secondary Level,"Name : NARAYANI ENGLISH MEDIUM SCHOOL
Head/Principal Name: SUCHISMITA PATTANAIK","Address : OPPOSITE GOVT. BOYS HIGH SCHOOL, NKT ROAD, JEYPORE
Website : www.narayaniedu.com"
281,"Aff. No. :1530271
Sch. Code:15768","State : ODISHA
District : KORAPUT",Senior Secondary Level,"Name : NETAJI ENGLISH SCHOOL,SEMILIGUDA
Head/Principal Name: MADHABI LATA DAS","Address : NETAJINAGAR
Website : www.netajienglishmediumschool.com"
282,"Aff. No. :1530214
Sch. Code:15352","State : ODISHA
District : KORAPUT",Secondary Level,"Name : DEOMALI PUBLIC SCHOOL
Head/Principal Name: Khwaja Karamat Ali","Address : AT-BEHERAGUDA
Website : www.deomalipublicschool.in"
283,"Aff. No. :1530014
Sch. Code:15348","State : ODISHA
District : KORAPUT",Senior Secondary Level,"Name : DELHI PUBLIC SCHOOL
Head/Principal Name: SUJATA PANI","Address : NALCO TOWNSHIP DAMANJODI KORAPUT DISTT ORISSA
Website : www.dpsdamanjodi.com"
284,"Aff. No. :1530017
Sch. Code:15318","State : ODISHA
District : KORAPUT",Senior Secondary Level,"Name : D A V MODEL SENIOR SECONDARY SCHOOL
Head/Principal Name: RAJASHREE PATRA","Address : JEYPORE KORAPUT DISTT ORISSA
Website : www.davschooljeypore.in"
285,"Aff. No. :1520513
Sch. Code:17630","State : ODISHA
District : KORAPUT",Secondary Level,"Name : EKLAVYA MODEL RESIDENTIAL SCHOOL, KUNDRA
Head/Principal Name: NIRANJAN KUMAR NIRALA","Address : VILL RANIGUDA , PO BAGDERI PS KUNDRA, BLOCK KUNDRA
Website : www.emrskundra.com"
286,"Aff. No. :1530002
Sch. Code:15525","State : ODISHA
District : KORAPUT",Senior Secondary Level,"Name : VYOMAYANA SAMSTHA VIDYALAYA
Head/Principal Name: BASUDEV PANIGRAHY","Address : POST BOX NO 8 SUNABEDA KORAPUT DISTT ORISSA
Website : www.davvsvidyalya.in"
287,"Aff. No. :1530040
Sch. Code:15447","State : ODISHA
District : KORAPUT",Secondary Level,"Name : REDWOODS ENGLISH SCHOOL
Head/Principal Name: ANITA DAS","Address : M G ROAD JEYPORE DISTT. KORAPUT ORISSA
Website : www.redwoodsenglishschool.co.in"
288,"Aff. No. :1530070
Sch. Code:15418","State : ODISHA
District : KORAPUT",Senior Secondary Level,"Name : MODERN ENGLISH SCHOOL
Head/Principal Name: S N MOHAPATRA","Address : PO: JEYPORE DIST :KORAPUT PIN 764001 ORISSA
Website : www.modernenglishschooljeypore.com"
289,"Aff. No. :1530079
Sch. Code:15281","State : ODISHA
District : KORAPUT",Senior Secondary Level,"Name : ANAND NIKETAN
Head/Principal Name: Amy Carmichael J","Address : LAMTAPUT POST KORAPUT DISTT ORISSA
Website : www.anandniketanschool.com"
290,"Aff. No. :1530115
Sch. Code:15439","State : ODISHA
District : KORAPUT",Senior Secondary Level,"Name : PRAKASH VIDYALAYA
Head/Principal Name: KRISHNA NISONKO","Address : RING ROAD, NEW POWER HOUSE COLONY, JEYPE, KORAPUT
Website : www.prakashvidyalaya.edu.in"
291,"Aff. No. :1530092
Sch. Code:15508","State : ODISHA
District : KORAPUT",Secondary Level,"Name : SWAMI VIVEKANANDA BANA BHARTI VIDYAPITH
Head/Principal Name: ATASHI SAHU","Address : AT PO DISTT KORAPUT KORAPUT ORISSA
Website : www.svbvidyapith.org"
292,"Aff. No. :1520418
Sch. Code:17524","State : ODISHA
District : KORAPUT",Senior Secondary Level,"Name : EMRS KONGA, JEYPORE
Head/Principal Name: AVIJIT CHATTERJEE","Address : KONGA PANCHAYAT, VIA - JEYPORE
Website : www.emrskonga.com"
293,"Aff. No. :1520508
Sch. Code:17625","State : ODISHA
District : KORAPUT",Secondary Level,"Name : EKLAVYA MODEL RESIDENTIAL SCHOOL BOIPARIGUDA
Head/Principal Name: NIRANJAN KUMAR NIRALA","Address : PO- TANGINIGUDA, KOLLAR, KORAPUT
Website : https://emrsboipariguda.in/"
294,"Aff. No. :1520494
Sch. Code:17608","State : ODISHA
District : KORAPUT",Secondary Level,"Name : ODISHA MINING ADARSHA VIDYALAYA, RAYAGADA AT JEYPORE
Head/Principal Name: PRASANTA KUMAR DAS ADHIKARY","Address : PHULBAD TELIGUDA, PO- UMURI , JEYPORE
Website : https://oav.edu.in/?GROUP_CODE=OMAVRAY"
295,"Aff. No. :1520484
Sch. Code:17597","State : ODISHA
District : KORAPUT",Secondary Level,"Name : OAV KOTIA
Head/Principal Name: PRATAP XALXO","Address : AT- TALAGANJEIPADAR, PO-KOTIA, BLOCK-POTTANGI
Website : https://oav.edu.in/oav/home/OAVKTI"
296,"Aff. No. :1520476
Sch. Code:17589","State : ODISHA
District : KORAPUT",Senior Secondary Level,"Name : EKALAVYA MODEL RESIDENTIAL SCHOOL, KOTPAD
Head/Principal Name: Niranjan Kumar Nirala","Address : NH ROAD, DHAMANAHANDI, KOTPAD
Website : www.emrskotpad.com"
297,"Aff. No. :1520096
Sch. Code:17136","State : ODISHA
District : KORAPUT",Senior Secondary Level,"Name : ODISHA ADARSH VIDYALAYA
Head/Principal Name: ASHOK KUMAR PANDA","Address : GUNDAL, BLOCK-KUNDRA, PS-KUNDRA,PO-LIMAM, DISTT. KAPUT, ODISHA.
Website : https://oav.edu.in/oav/home/oavgon"
298,"Aff. No. :1520100
Sch. Code:17169","State : ODISHA
District : KORAPUT",Senior Secondary Level,"Name : ODISHA ADARSHA VIDYALAYA
Head/Principal Name: SAGAR KUMAR BEHERA","Address : AT. MISSINGPUT, P.O-TUSUBA, VIA-LAMTAPUT, DISTT. KAPUT, ODISHA.
Website : www.oav.edu.in"
299,"Aff. No. :1520103
Sch. Code:17195","State : ODISHA
District : KORAPUT",Senior Secondary Level,"Name : ODISHA ADARSHA VIDYALAYA,
Head/Principal Name: RATAN PRASAD HANSDAH","Address : TARABHATTA, BIGUMMA, KAPUT ODISHA
Website : www.oav.edu.in"
300,"Aff. No. :1520109
Sch. Code:17115","State : ODISHA
District : KORAPUT",Senior Secondary Level,"Name : ODISHA ADARSH VIDYALAYA
Head/Principal Name: Gayatri Mallick","Address : BHQ., POTTANGI, DISTT. KAPUT, ODISHA-764039
Website : www.oavs.in"
301,"Aff. No. :1520084
Sch. Code:17121","State : ODISHA
District : KORAPUT",Senior Secondary Level,"Name : ODISHA ADARSH VIDYALAYA
Head/Principal Name: SASHI BHUSANA MAHAPATRA","Address : GUMMA, AT. CHANDRAPADA, P.S. BOIPARIGUDA,DISTT. KAPUT, ODISHA
Website : https://www.oav.edu.in/oav/home/oavgmm"
302,"Aff. No. :1520087
Sch. Code:17135","State : ODISHA
District : KORAPUT",Senior Secondary Level,"Name : ODISHA ADARSH VIDYALAYA
Head/Principal Name: MOTILAL BAGH","Address : GOUDAGUDA, BLOCK-LAXMIPUR, P.O. KAKIRIGUMMA, DISTT-KAPUT, ODISHA-765013
Website : https://oav.edu.in/oav/home/OAVGOU"
303,"Aff. No. :1520094
Sch. Code:17163","State : ODISHA
District : KORAPUT",Senior Secondary Level,"Name : ODISHA ADARSH VIDYALAYA
Head/Principal Name: MEEK SATPATHY","Address : AT. MACHHARE, PO-KAPUT, DISTT. KAPUT, ODISHA-764020
Website : www.oav.edu.in"
304,"Aff. No. :1520115
Sch. Code:17143","State : ODISHA
District : KORAPUT",Senior Secondary Level,"Name : ODISHA ADARSH VIDYALAYA,
Head/Principal Name: ROHITASWA SETHY","Address : AT/PO- JAYANTIGIRI, VIO-BIGUMMA, DISTT.- KAPUT, ODISHA.
Website : https://oav.edu.in/OAVJAY"
305,"Aff. No. :1520111
Sch. Code:17157","State : ODISHA
District : KORAPUT",Senior Secondary Level,"Name : ODISHA ADARSH VIDYALAYA
Head/Principal Name: PRADIPTA KUMAR MUDULI","Address : AT./PACHINGI, PO, PO-KUMBHARI, VIA NARAYANPATNA DISTT.-KAPUT, ODISHA-764014
Website : www.oav.edu.in/oav/home/oavpac"
306,"Aff. No. :1520025
Sch. Code:17130","State : ODISHA
District : KORAPUT",Senior Secondary Level,"Name : ODISHA ADARSHA VIDYALAYA
Head/Principal Name: NANDA KHARA","Address : GANINAYAKPUT, NANDAPUR, DISTT. KAPUT, ODISHA-764036
Website : http://oav.edu.in/oav/home/oavgan"
307,"Aff. No. :1520007
Sch. Code:17098","State : ODISHA
District : KORAPUT",Senior Secondary Level,"Name : EKLAVYA MODEL RESIDENTIAL SCHOOL
Head/Principal Name: BIBEKANANDA MISHRA","Address : AT PUNGARPO KANDULI VIA, SEMILIGUDA DISTT KORAPAT, ORISSA
Website : http://www.omtes.org/emrs/koraput-pungar"
308,"Aff. No. :1520062
Sch. Code:17181","State : ODISHA
District : KORAPUT",Senior Secondary Level,"Name : ODISHA ADARSHA VIDYALAYA
Head/Principal Name: MANUYEL CHANDRA PAIK","Address : PUNGAR, SEMILIGUDA BLOCK, DISTT. KAPUT, ODISHA-764036
Website : www.oav.edu.in/oav/home/oavpun"
309,"Aff. No. :1520056
Sch. Code:17156","State : ODISHA
District : KORAPUT",Senior Secondary Level,"Name : ODISHA ADARSHA VIDYALAYA
Head/Principal Name: GANGADHAR PUJARI","Address : AT/P.O KOTPAD, DISTT. KAPUT-764058
Website : https://www.oav.edu.in/oav/home/OAVKOT"
310,"Aff. No. :1520057
Sch. Code:17174","State : ODISHA
District : KORAPUT",Senior Secondary Level,"Name : ODISHA ADARSHA VIDYALAYA SANGTHAN
Head/Principal Name: RAMESH GARADIA","Address : NILBADI BANDHUGAON, KORAPUT, ODISHA
Website : https://oav.edu.in/?GROUP_CODE=OAVNIL"
311,"Aff. No. :1520071
Sch. Code:17176","State : ODISHA
District : KORAPUT",Senior Secondary Level,"Name : ODISHA ADARSHA VIDYALAYA
Head/Principal Name: SIBARAM BEHERA","Address : PARAJAPUKI, DASAMANTAPUR BLOCK, DISTT. KAPUT, ODISHA
Website : https://oav.edu.in/OAVPRA"
312,"Aff. No. :1500022
Sch. Code:19119","State : ODISHA
District : KORAPUT",Senior Secondary Level,"Name : PM SHRI KENDRIYA VIDYALAYA NAD SUNABEDA
Head/Principal Name: ASWINI KUMAR PRADHAN","Address : NAD SUNABEDA DISTT KORAPUT ORISSA
Website : https://sunabedanad.kvs.ac.in"
313,"Aff. No. :1500009
Sch. Code:19132","State : ODISHA
District : KORAPUT",Senior Secondary Level,"Name : PM SHRI KENDRIYA VIDYALAYA
Head/Principal Name: SAROJ KUMAR DASH","Address : P O KORAPUT KORAPUT DISTT ORISSA
Website : http://koraput.kvs.ac.in"
314,"Aff. No. :1500019
Sch. Code:19097","State : ODISHA
District : MAYURBHANJ",Senior Secondary Level,"Name : PM SHRI KENDRIYA VIDYALAYA
Head/Principal Name: LALDHAR S YADAV","Address : BARIPADA DISTT MAYURBHANJ ORISSA
Website : https://baripada.kvs.ac.in/"
315,"Aff. No. :1520005
Sch. Code:17091","State : ODISHA
District : MAYURBHANJ",Senior Secondary Level,"Name : EKLAVYA MODEL RESIDENTIAL SCHOOL
Head/Principal Name: Antaryami Mishra","Address : DHALGHERA AT/PO DHANGIRA VIA-B.C. PUR, DISTT. MAYUR BHANJ, ORISSA
Website : www.emrsdhanghera.in"
316,"Aff. No. :1500050
Sch. Code:19135","State : ODISHA
District : MAYURBHANJ",Senior Secondary Level,"Name : PM SHRI KENDRIYA VIDYALAYA MAHULDIHA RAIRANGPUR
Head/Principal Name: SAMSHER PATEL","Address : MAHULDIHA, RAIRANGPUR, AT/PO, RAIRANGPUR, PS RAIRANGPUR, DISTT. MAYURBHANJ, ODISHA
Website : https://mahuldiha.kvs.ac.in/"
317,"Aff. No. :1500051
Sch. Code:19118","State : ODISHA
District : MAYURBHANJ",Secondary Level,"Name : KENDRIYA VIDYALAYA
Head/Principal Name: AKSHAY KUMAR MALLICK","Address : MURGABADI, BARIPADA, PO BHANJPUR, DISTT. MAYURBHANJ, ODISHA
Website : https://murgabadi.kvs.ac.in/"
318,"Aff. No. :1520055
Sch. Code:17188","State : ODISHA
District : MAYURBHANJ",Senior Secondary Level,"Name : ODISHA ADARSHA VIDYALAYA
Head/Principal Name: SUMAN JANA","Address : AT./PO. SHIRSA, BLOCK SARASKANA DISTT. MAYURBHANJ, ODISHA-757031
Website : https://www.oav.edu.in/oav/home/OAVSHI"
319,"Aff. No. :1520047
Sch. Code:17154","State : ODISHA
District : MAYURBHANJ",Senior Secondary Level,"Name : ODISHA ADARSH VIDYALAYA, KHICHING
Head/Principal Name: DEEPIKA BHUYAN","Address : DIST- MAYURBHANJ, ODISHA-757039
Website : http://oav.edu.in/?GROUP_CODE=OAVKHI"
320,"Aff. No. :1520048
Sch. Code:17190","State : ODISHA
District : MAYURBHANJ",Senior Secondary Level,"Name : ODISHA ADARSHA VIDYALAYA, SANMOUDA, RAIRANGPUR, MAYURBHANJ, ODISHA
Head/Principal Name: PRATAP CHANDRA BEHERA","Address : AT. SANMOUNDA, BLOCK-RAIRANGPUR, P.O.-BADMUNDA, VIA-GUMAHISANI, ODISHA-757042
Website : https://www.oav.edu.in/oav/home/OAVSMA"
321,"Aff. No. :1520037
Sch. Code:17168","State : ODISHA
District : MAYURBHANJ",Senior Secondary Level,"Name : ODISHA ADARSHA VIDYALAYA
Head/Principal Name: MAMATA JENA","Address : AT/PO-MATIAGARH, JASHIPUR, DISTT. MAYURBHANJ, ODISHA-757091
Website : https://oav.edu.in/OAVMGH"
322,"Aff. No. :1520044
Sch. Code:17165","State : ODISHA
District : MAYURBHANJ",Senior Secondary Level,"Name : ODISHA ADARSHA VIDYALAYA
Head/Principal Name: Basudev Das","Address : AT. P.O PATAGADIA, VIA-RASGOVINDPUR, MAYURBHANJ-757016
Website : https://oav.edu.in/oav/home/oavmli"
323,"Aff. No. :1520027
Sch. Code:17184","State : ODISHA
District : MAYURBHANJ",Senior Secondary Level,"Name : ODISHA ADARSHA VIDYALAYA
Head/Principal Name: HIMANSU DAS","Address : RANIBHOL, PO-RANIBHOL, BHUDRUBANI, MAYURBHANJ, BARIPADA-757007
Website : https://oav.edu.in/?GROUP_CODE=OAVRBL"
324,"Aff. No. :1520031
Sch. Code:17109","State : ODISHA
District : MAYURBHANJ",Senior Secondary Level,"Name : ODISHA ADARSHA VIDYALAYA
Head/Principal Name: PUSPARANI PANDA","Address : AT-JHARGAN P.O-BAHALDA, PS-BAHALDA, DISTT. MAYURBHANJ, ODISHA-757046
Website : http://www.oav.edu.in/oav/home/oavjhn"
325,"Aff. No. :1520141
Sch. Code:17227","State : ODISHA
District : MAYURBHANJ",Senior Secondary Level,"Name : ODISHA ADARSH VIDYALAYA
Head/Principal Name: PRATAP CHANDRA BEHERA","Address : BADADALIMA, TIRING, MAYURBHANJ, AT./PO-BADADALIMA, PS-TIRING DIST. MAYURBHANJ, (ODISHA)
Website :"
326,"Aff. No. :1520142
Sch. Code:17228","State : ODISHA
District : MAYURBHANJ",Senior Secondary Level,"Name : ODISHA ADARSHA VIDYALAYA
Head/Principal Name: ADHAR KUMAR MAJHI","Address : LAXMANSAHI,KHUNTA,
Website : https://oav.edu.in/OAVLAS"
327,"Aff. No. :1520143
Sch. Code:17229","State : ODISHA
District : MAYURBHANJ",Senior Secondary Level,"Name : ODISHA ADARSHA VIDYALAYA
Head/Principal Name: DEVI PRATIMA JENA","Address : BADASAHI, AT./PO -
Website : https://oav.edu.in/OAVBSI"
328,"Aff. No. :1520144
Sch. Code:17230","State : ODISHA
District : MAYURBHANJ",Senior Secondary Level,"Name : ODISHA ADARSHA VIDYALAYA
Head/Principal Name: GURUDEB SETHI","Address : AR, JAMIRDIHA,MAYURBHANJ
Website : https://oav.edu.in/OAVJDA"
329,"Aff. No. :1520145
Sch. Code:17231","State : ODISHA
District : MAYURBHANJ",Senior Secondary Level,"Name : ODISHA ADARSHA VIDYALAYA
Head/Principal Name: HIMANSHU SANDHIBIGRAHA","Address : P.O DIGDHAR,PS THAKURMUNDA,
Website : www.oav.edu.in/oav/home/oavdig"
330,"Aff. No. :1520146
Sch. Code:17232","State : ODISHA
District : MAYURBHANJ",Senior Secondary Level,"Name : ODISHA ADARSHA VIDYALAYA
Head/Principal Name: LINA NAYAK","Address : SANJAYDHANPOSI, BADAMPAHAR,
Website : www.oav.edu.in"
331,"Aff. No. :1520147
Sch. Code:17233","State : ODISHA
District : MAYURBHANJ",Senior Secondary Level,"Name : ODISHA ADARSHA VIDYALAYA
Head/Principal Name: Gayatri Debadatta","Address : BADADEULI ,AT- SANADEULI, MAYURBHANJ
Website : https://oav.edu.in/OAVBLI"
332,"Aff. No. :1520148
Sch. Code:17234","State : ODISHA
District : MAYURBHANJ",Senior Secondary Level,"Name : ODISHA ADARSHA VIDYALAYA
Head/Principal Name: LAXMI PRIYA MISHRA","Address : TITIA, AT-TITIA, BALIDIHA, KHUNTA, DIST. MAYURBHANJ, ODISHA-757019 (ODISHA)
Website : https://oav.edu.in/oav/home/OAVTIT"
333,"Aff. No. :1520149
Sch. Code:17235","State : ODISHA
District : MAYURBHANJ",Senior Secondary Level,"Name : ODISHA ADARSH VIDYALAYA
Head/Principal Name: SOMESH KUMAR KAR","Address : BHALUBASA ,KAPTIPADA, MAYURBHANJ
Website : www.oav.edu.in"
334,"Aff. No. :1520108
Sch. Code:17178","State : ODISHA
District : MAYURBHANJ",Senior Secondary Level,"Name : ODISHA ADARSH VIDYALAYA
Head/Principal Name: JHALAK BIHARI BEHERA","Address : AT-PASNA, PO & PS-JAMDA , DISTT. MAYURBHANJ, ODISHA
Website : https://www.oav.edu.in/oav/home/OAVPAS"
335,"Aff. No. :1520097
Sch. Code:17199","State : ODISHA
District : MAYURBHANJ",Senior Secondary Level,"Name : ODISHA ADARSH VIDYALAYA
Head/Principal Name: SUBHOSMITA MOHANTA","Address : AT-TINGIRIA, PO-GODAPOLSA, VIA-KHAITRI JOSHIPUR, DISTT. MAYURBHANJ, ODISHA-757091.
Website : https://www.oav.edu.in/"
336,"Aff. No. :1520196
Sch. Code:17282","State : ODISHA
District : MAYURBHANJ",Senior Secondary Level,"Name : ODISHA ADARSHA VIDYALAYA,SANSOLE
Head/Principal Name: DEBENDRA KUMAR PANI","Address : AT-SANSOLE PO-RANGAMATIA
Website : https://oav.edu.in/OAVSSE"
337,"Aff. No. :1520206
Sch. Code:17474","State : ODISHA
District : MAYURBHANJ",Senior Secondary Level,"Name : EKALAVYA MODEL RESIDENTIAL SCHOOL,BANGRIPOSI,MAYURBHANJ
Head/Principal Name: SUJAT KUMAR NAYAK","Address : AT/PO-SHYAMSUNDERPUR VIA-BANGRIPOSI, DIST-MAYURBHANJ
Website : https://emrsbangriposi.co.in"
338,"Aff. No. :1520207
Sch. Code:17294","State : ODISHA
District : MAYURBHANJ",Senior Secondary Level,"Name : EKALAVYA MODEL RESIDENTIAL SCHOOL,KARANJIA
Head/Principal Name: Md. Zafar Alam","Address : AT-BIUNRIA TATO,PO/VIA-TATO,DIST-MAYURBHANJ
Website : http://www.emrskaranjia.com"
339,"Aff. No. :1520365
Sch. Code:17418","State : ODISHA
District : MAYURBHANJ",Senior Secondary Level,"Name : ODISHA ADARSHA VIDYALAYA JAMDAPAL
Head/Principal Name: CHUMKI RANI MAJHI","Address : POST-BANKATI, PS-BANGRIPOSI
Website : https://oav.edu.in/oav/home/OAVJPL"
340,"Aff. No. :1520113
Sch. Code:17162","State : ODISHA
District : MAYURBHANJ",Senior Secondary Level,"Name : ODISHA ADARSH VIDYALAYA
Head/Principal Name: MALATI SINGH","Address : LUHASILA, VIA-BIJATALA, DISTT.-MAYURBHANJ, ODISHA-757048.
Website : www.oav.edu.in/oav/home/OAVLUH"
341,"Aff. No. :1520159
Sch. Code:17245","State : ODISHA
District : MAYURBHANJ",Senior Secondary Level,"Name : ODISHA ADARSHA VIDYALAYA
Head/Principal Name: TUSHARKANTA MOHAPATRA","Address : GARUDABASA, BETNOTI, AT. GARUDABASA, PO:BETNOTI, DIST. MAYURBHANJI, ODISHA (ODISHA)
Website : https://www.oav.edu.in/oav/home/OAVGOR"
342,"Aff. No. :1520160
Sch. Code:17246","State : ODISHA
District : MAYURBHANJ",Senior Secondary Level,"Name : ODISHA ADARSHA VIDYALAYA
Head/Principal Name: TAPHAN SAMANTARAY","Address : AT./P.O./ P.S- CHANDUA, DIST-MAYURBHANJ, ODISHA-757014
Website : https://oav.edu.in/OAVDUA"
343,"Aff. No. :1520161
Sch. Code:17247","State : ODISHA
District : MAYURBHANJ",Senior Secondary Level,"Name : ODISHA ADARSHA VIDYALAYA
Head/Principal Name: BIJAYA KUMAR PRUSTI","Address : AT. BHALIASOLE, PO-SULIAPADA,PS-SULIAPADA, DIST- MAYURBHANJ, ODISHA-757022
Website : https://oav.edu.in/OAVBLE"
344,"Aff. No. :1520162
Sch. Code:17248","State : ODISHA
District : MAYURBHANJ",Senior Secondary Level,"Name : ODISHA ADARSHA VIDYALAYA
Head/Principal Name: SANGRAM KESHARI PATRA","Address : AT. MADA, PO-MADA,PS-MADA, DIST-MAYURBHANJ, ODISHA-757020
Website : www.oav.edu.in"
345,"Aff. No. :1520163
Sch. Code:17249","State : ODISHA
District : MAYURBHANJ",Senior Secondary Level,"Name : ODISHA ADARSHA VIDYALAYA
Head/Principal Name: PALLAVI BARIK","Address : JUALIA, BLOCK- UDALA,DIST. MAYURBHANJ-757041
Website : https://www.oav.edu.in/oav/home/OAVJLA"
346,"Aff. No. :1520493
Sch. Code:17607","State : ODISHA
District : MAYURBHANJ",Senior Secondary Level,"Name : EKLAVYA MODEL RESIDENTIAL SCHOOL(EMRS) RAIRANGPUR
Head/Principal Name: Man Singh Bairwa","Address : AT- SUNDHAL, PO- SUNDHAL, GP- BADMAUDA, PS- GORUMAHISANI, RAIRANGPUR
Website : www.emrsrairangpur.com"
347,"Aff. No. :1520509
Sch. Code:17626","State : ODISHA
District : MAYURBHANJ",Secondary Level,"Name : EKLAVYA MODEL RESIDENTIAL SCHOOL SHAMAKHUNTA
Head/Principal Name: AMIT KUMAR","Address : AT- TIKARPADA, POST- PODA ASTIA, SHAMAKHUNTA
Website : www.emrsshamakhunta.com"
348,"Aff. No. :1520505
Sch. Code:17619","State : ODISHA
District : MAYURBHANJ",Secondary Level,"Name : EKLAVYA MODEL RESIDENTIAL SCHOOL (EMRS), THAKURMUNDA
Head/Principal Name: PRASHANT KUMAR","Address : AT/PO-SATKOSIA, BLOCK-THAKURMUNDA, BLOCK- THAKURMUNDA, DISTRICT- MAYURBHANJ
Website : https://www.emrsthakurmunda.com"
349,"Aff. No. :1520506
Sch. Code:17621","State : ODISHA
District : MAYURBHANJ",Secondary Level,"Name : EKLAVYA MODEL RESIDENTIAL SCHOOL RASGOVINDPUR
Head/Principal Name: AMIT KUMAR","Address : AT- BANKATI SAMIL JODAPADA, POST- GUBRA, RASGOVINDPUR
Website : www.emrsrasgovindpur.com"
350,"Aff. No. :1520499
Sch. Code:17613","State : ODISHA
District : MAYURBHANJ",Secondary Level,"Name : EKLAVYA MODEL RESIDENTIAL SCHOOL(EMRS) BADASAHI
Head/Principal Name: PANDIT ALEXANDER KHAN KHANA","Address : AT-BADALIGAN, BLOCK-BADASAHI, POST-BADASAHI
Website : https://www.emrsbadasahi.com"
351,"Aff. No. :1520500
Sch. Code:17614","State : ODISHA
District : MAYURBHANJ",Secondary Level,"Name : EKLAVYA MODEL RESIDENTIAL SCHOOL UDALA
Head/Principal Name: ABHAI KUMAR","Address : VILL-DIMAGADIA, PO-DIMAGADIA, BLOCK-UDALA
Website : https://emrsudala.com"
352,"Aff. No. :1520501
Sch. Code:17615","State : ODISHA
District : MAYURBHANJ",Middle Class,"Name : EKLAVYA MODEL RESIDENTIAL SCHOOL (EMRS) KAPTIPADA
Head/Principal Name: PANDIT ALEXANDER KHAN KHANA","Address : AT-BELDIHA, BLOCK-KAPTIPADA, NEAR UDALA
Website : https://www.emrskaptipada.com"
353,"Aff. No. :1520502
Sch. Code:17616","State : ODISHA
District : MAYURBHANJ",Secondary Level,"Name : EKLAVYA MODEL RESIDENTIAL SCHOOL KOLIANA
Head/Principal Name: GOURI SHANKAR","Address : AT- PANIJIA, POST- KULIANA, MAYURBHANJ
Website : www.emrskoliana.com"
354,"Aff. No. :1520503
Sch. Code:17617","State : ODISHA
District : MAYURBHANJ",Secondary Level,"Name : EKLAVYA MODEL RESIDENTIAL SCHOOL (EMRS) BARIPADA
Head/Principal Name: GOURI SHANKAR","Address : AT-BASANTPUR, PO-JAMSOLE, NEAR- GUNJASAHI TOWN- BARIPADA
Website : https://emrsbaripada.com/"
355,"Aff. No. :1520413
Sch. Code:17515","State : ODISHA
District : MAYURBHANJ",Senior Secondary Level,"Name : EKALVYA MODEL RESIDENTIAL SCHOOL, BAHALDA
Head/Principal Name: Balaram Barik","Address : PO-GAMBHARIA, VIA-RAIRANGPUR
Website : www.emrsbahalda.com"
356,"Aff. No. :1530097
Sch. Code:15452","State : ODISHA
District : MAYURBHANJ",Senior Secondary Level,"Name : SWAMI VIVEKANANDA SHIKSHASHRAM
Head/Principal Name: BINAPANI DASH","Address : AT SHIKSHA VIHAR PO SRIBANI DISTT MAYUR BHANJ DISTT, ORISSA
Website : www.svsschool.org.in"
357,"Aff. No. :1530034
Sch. Code:15476","State : ODISHA
District : MAYURBHANJ",Senior Secondary Level,"Name : SRI SATHYA SAI VIDYA VIHAR ENGLISH MEDIUM SCHOOL
Head/Principal Name: GIRIJA SANKAR MOHANTY","Address : BAGHARA ROAD WARD NO.3 AT/PO BARIPADA DISTT. MAYURBHANJ ORISSA
Website : https://sssvvbaripada.org"
358,"Aff. No. :1530216
Sch. Code:15482","State : ODISHA
District : MAYURBHANJ",Senior Secondary Level,"Name : ST. MARYS COVENT SCHOOL
Head/Principal Name: Rajesh Kumar Dungdung","Address : RAGHUNATHPUR WARD NO 22, KAINFULIA, BARIPADA, MAYURBHANJ ORISSA P.O. - KAINFULIA DT. - MAYURBHANJ
Website : www.stmaryrnpur.org"
359,"Aff. No. :1530225
Sch. Code:15495","State : ODISHA
District : MAYURBHANJ",Senior Secondary Level,"Name : ST.XAVIERS HIGH SCHOOL
Head/Principal Name: SANYASI PRADHAN","Address : INDAPAHI
Website : www.xavierbaripada.org"
360,"Aff. No. :1530170
Sch. Code:15484","State : ODISHA
District : MAYURBHANJ",Secondary Level,"Name : ST. MARYS SCHOOL
Head/Principal Name: JAYANTA KUMAR BEHERA","Address : AT. DIBYASINGHPUR PO. UDALA, DIST. MAYURBHANJ
Website : www.stmaryschooludala.org"
361,"Aff. No. :1530266
Sch. Code:15353","State : ODISHA
District : MAYURBHANJ",Senior Secondary Level,"Name : DIVYA JYOTI CONVENT SCHOOL
Head/Principal Name: SR. SHYNI V JOSEPH","Address : AT SARBANA, P.O. AGRIA
Website : https://www.djcsbetnoti.edu.in/"
362,"Aff. No. :1530276
Sch. Code:15769","State : ODISHA
District : MAYURBHANJ",Secondary Level,"Name : SAINT JOSEPHS CONVENT SCHOOL
Head/Principal Name: VARGHESE P L","Address : AT, JYOTINAGAR, WARD NO 12, UDALA, DIST/ MAYURBHANJ, ODISHA
Website : www.saintjoseph.in"
363,"Aff. No. :1530410
Sch. Code:16226","State : ODISHA
District : MAYURBHANJ",Secondary Level,"Name : MORNING STAR PUBLIC SCHOOL
Head/Principal Name: BASANTIMANI SAHU","Address : PO-UDALA, PS- UDALA
Website : http://www.morningstarpublicschool.com"
364,"Aff. No. :1530377
Sch. Code:16131","State : ODISHA
District : MAYURBHANJ",Secondary Level,"Name : SHREE VIDYA BIHAR PUBLIC SCHOOL, KANIMAHULI
Head/Principal Name: KRUTIBAS DAS","Address : VIA-BETNOTI, , PS-BADASAHI
Website : www.svbpublicschool.com"
365,"Aff. No. :1530366
Sch. Code:16115","State : ODISHA
District : MAYURBHANJ",Senior Secondary Level,"Name : VIVEKANANDA PUBLIC SCHOOL
Head/Principal Name: ILA SAHOO","Address : INFRONT OF SHAKTI MANDIR, KARANJIA
Website : https://vivekanandapublicschoolkaranjia.com"
366,"Aff. No. :1530469
Sch. Code:16413","State : ODISHA
District : MAYURBHANJ",Secondary Level,"Name : ST. XAVIER'S PUBLIC SCHOOL
Head/Principal Name: SIKHA KUMARI","Address : BANA SAHI , KARANJIA, POST - KARANJIA, P.S - KARANJIA
Website : https://xavierschoolmbj.org/"
367,"Aff. No. :1530473
Sch. Code:16419","State : ODISHA
District : MAYURBHANJ",Secondary Level,"Name : LITTLE FLOWERS SCHOOL
Head/Principal Name: KALIPRASANNA MOHANTY","Address : AT- RAIRANGPUR, PO- RAIRANGPUR, PS- RAIRANGPUR
Website : www.littleflowersschoolrairangpur.com"
368,"Aff. No. :1530467
Sch. Code:16411","State : ODISHA
District : MAYURBHANJ",Secondary Level,"Name : SIMILIPAL ENGLISH MEDIUM SCHOOL
Head/Principal Name: LALITA KUMARI","Address : AT- MANDUA, PO- RASAMTALA, PS- KARANJIA
Website : www.semsschoolmandua.com"
369,"Aff. No. :1530440
Sch. Code:16320","State : ODISHA
District : MAYURBHANJ",Secondary Level,"Name : SACRED SUNSHINE SCHOOL
Head/Principal Name: SARITA BHATTER","Address : MAHULIA,, SHAMAKHUNTA BLOCK, SUB DIVISION- BARIPADA
Website : www.sacredsunshineschool.org"
370,"Aff. No. :1540011
Sch. Code:19072","State : ODISHA
District : MAYURBHANJ",Senior Secondary Level,"Name : PM SHRI SCHOOL JAWAHAR NAVODAYA VIDYALAYA
Head/Principal Name: SUBHASH KUMAR TIWARI","Address : SALBANI P.O DHANPUR VIA K C PUR DIST.. MAYURBHANJ ORISSA
Website : www.navodaya.gov.in/nvs/nvs-school/Mayurbhanj/"
371,"Aff. No. :1540021
Sch. Code:19065","State : ODISHA
District : NABARANGPUR",Senior Secondary Level,"Name : PM SHRI SCHOOL JAWAHAR NAVODAYA VIDYALAYA
Head/Principal Name: PITABAS PRAHARAJ","Address : AT/PO KHATIGUDA DISTT NABARNGPUR ORISSA
Website : https://navodaya.gov.in/nvs/nvs-school/Nabarangpur/en/home/"
372,"Aff. No. :1530375
Sch. Code:16129","State : ODISHA
District : NABARANGPUR",Senior Secondary Level,"Name : GURUKRUPA PUBLIC SCHOOL
Head/Principal Name: SAPANA PANIGRAHI","Address : MAIN ROAD, AT/PO- UMERKOTE
Website : https://www.gurukrupapublicschool.com"
373,"Aff. No. :1530391
Sch. Code:16169","State : ODISHA
District : NABARANGPUR",Secondary Level,"Name : DREAM INDIA PUBLIC SCHOOL
Head/Principal Name: KUNJALATA NAYAK","Address : PS-KOSAGUMUDA, DIST. NABARANGPUR
Website : http://www.dreamindiapublicschool.in/"
374,"Aff. No. :1530382
Sch. Code:16141","State : ODISHA
District : NABARANGPUR",Senior Secondary Level,"Name : TECHNO GURUKUL
Head/Principal Name: Sangram Nayak","Address : CHAMURIAGUDA, NABARANGPUR
Website : www.technogurukul.org"
375,"Aff. No. :1530384
Sch. Code:16144","State : ODISHA
District : NABARANGPUR",Senior Secondary Level,"Name : PARENTS' PRIDE PUBLIC SCHOOL
Head/Principal Name: ASHIS KUMAR BISOYE","Address : BHATISALIGUDA, NABARANGPUR
Website : https://parentsprideschool.in/home"
376,"Aff. No. :1530387
Sch. Code:16156","State : ODISHA
District : NABARANGPUR",Senior Secondary Level,"Name : BAPUJI PUBLIC SCHOOL
Head/Principal Name: Amanualla Khan Durani","Address : NEAR SILK BOARD, NABARANGPUR
Website : www.bpsodisha.in"
377,"Aff. No. :1530415
Sch. Code:16241","State : ODISHA
District : NABARANGPUR",Secondary Level,"Name : RHYMING BIRD ENGLISH MEDIUM SCHOOL
Head/Principal Name: JYOTI PRAKASH TRIPATHY","Address : PS- UMERKOTE, DIST-NABARANGPUR
Website : www.rhymingbirdukt.com"
378,"Aff. No. :1530309
Sch. Code:16026","State : ODISHA
District : NABARANGPUR",Senior Secondary Level,"Name : UNIQUE PUBLIC SCHOOL
Head/Principal Name: G BALAJI REDDY","Address : UNIQUE PUBLIC SCHOOL, NABARANGPUR PO/DIST-NABARANGPUR 764059(ODISHA)
Website : http://www.uniquepublicschool.org/"
379,"Aff. No. :1520301
Sch. Code:17471","State : ODISHA
District : NABARANGPUR",Senior Secondary Level,"Name : KALINGA MODEL RESIDENTIAL SCHOOL, UMERKOTE, NABARANGPUR
Head/Principal Name: ANIL KUMAR SUNA","Address : AT/PO/PS-UMERKOTE, DIST-NABARANGPUR
Website : www.nabarangpur.nic.in"
380,"Aff. No. :1520350
Sch. Code:17403","State : ODISHA
District : NABARANGPUR",Senior Secondary Level,"Name : ODISHA ADARSHA VIDYALAYA, NANDAHANDI
Head/Principal Name: SIPRANKITA PANDA","Address : PS- NABARANGPUR, DIST-NABARANGPUR
Website : https://oav.edu.in/oav/home/OAVNAN"
381,"Aff. No. :1520099
Sch. Code:17131","State : ODISHA
District : NABARANGPUR",Senior Secondary Level,"Name : ODISHA ADARSHA VIDYALAYA.
Head/Principal Name: SUSHEN DHALI","Address : GANJAPARA, RAIGHAR, AT. DUMARDIHI, PO GANAPARA, VIA RAIGHAR, DISTT. NABARANGPUR-764074 (ODISHA).
Website : https://www.oav.edu.in/oav/home/oavdum"
382,"Aff. No. :1520107
Sch. Code:17103","State : ODISHA
District : NABARANGPUR",Senior Secondary Level,"Name : ODISHA ADARSH VIDYALAYA, NABRANGPUR,
Head/Principal Name: RAJENDRA PRASAD MOHAPATRA","Address : AT HIRLI, AMBAGUDA, PO AGNIPUR PO AGNIPUR, DISTT. NABRANGPUR, ODISHA- 764 059
Website : www.oav.edu.in"
383,"Aff. No. :1520110
Sch. Code:17166","State : ODISHA
District : NABARANGPUR",Senior Secondary Level,"Name : ODISHA ADARSH VIDYALAYA
Head/Principal Name: SUBASH KUMAR NAIK","Address : AT./P.O- MAJHIGUDA, KOSAGUMUD, DISTT. NABRANAGAR, ODISHA
Website : https://oav.edu.in/oav/home/OAVMAJ"
384,"Aff. No. :1520104
Sch. Code:17127","State : ODISHA
District : NABARANGPUR",Senior Secondary Level,"Name : ODISHA ADARSHA VIDYALAYA
Head/Principal Name: BASUDEBA DASH","Address : DONGRIGUDA, UMERKOTE, NABRANGPUR, ODISHA
Website : https://oav.edu.in/?GROUP_CODE=OAVBGA"
385,"Aff. No. :1520150
Sch. Code:17236","State : ODISHA
District : NABARANGPUR",Senior Secondary Level,"Name : ODISHA ADARSHA VIDYALAYA
Head/Principal Name: KANHEYA SUVAMAYA BEHERA","Address : PHATIKI, AT. /PO-PHATIKI, BLOCK-CHANDAHANDI, DIST. NABARANGPUR-764077(ODISHA)
Website : www.oav.edu.in"
386,"Aff. No. :1520138
Sch. Code:17224","State : ODISHA
District : NABARANGPUR",Senior Secondary Level,"Name : ODISHA ADARSH VIDYALAYA
Head/Principal Name: SUBRATRANJAN SAMANTRAY","Address : AT. DANGRIGUDA, PO-DABUGAM, DISTT. NABARANGPUR, ODISHA-764072
Website : https://oav.edu.in/oav/m/OAVDON"
387,"Aff. No. :1520139
Sch. Code:17225","State : ODISHA
District : NABARANGPUR",Senior Secondary Level,"Name : ODISHA ADARSHA VIDYALAYA
Head/Principal Name: ABINASH SAHOO","Address : LAKDIPALAK,NABARANGPUR,
Website : https://oav.edu.in/oav/home/OAVLAK"
388,"Aff. No. :1520140
Sch. Code:17226","State : ODISHA
District : NABARANGPUR",Senior Secondary Level,"Name : ODISHA ADARSH VIDYALAYA
Head/Principal Name: DULESWAR GEJO","Address : PAPADAHANDI ,ODISHA
Website : https://www.oav.edu.in/oav/home/OAVPAP"
389,"Aff. No. :1520153
Sch. Code:17239","State : ODISHA
District : NABARANGPUR",Senior Secondary Level,"Name : ODISHA ADARSHA VIDYALAYA
Head/Principal Name: BULU SAHU","Address : JHARIGAM, AT/PO-VIA-JHARIGAM, DIST.NABRANGPUR,ODISHA-764076(ODISHA)
Website : https://www.oav.edu.in/oav/home/OAVJGN"
390,"Aff. No. :1520003
Sch. Code:17095","State : ODISHA
District : NABARANGPUR",Senior Secondary Level,"Name : EKLAVYA MODEL RESIDENTIAL SCHOOL
Head/Principal Name: SUVASHINI SAHOO","Address : HIRLI PO AGNIPUR DISTT. NABARANG PUR, ORISSA
Website : www.emrshirli.com"
391,"Aff. No. :1500035
Sch. Code:19104","State : ODISHA
District : NABARANGPUR",Senior Secondary Level,"Name : PM SHRI KENDRIYA VIDYALAYA
Head/Principal Name: HITESH KUMAR VERMA","Address : NABARANGPUR, AT. CHUTIAGUDA, P.O., NABARANGPUR, ORISSA
Website : https://nabrangpur.kvs.ac.in"
392,"Aff. No. :1500003
Sch. Code:19134","State : ODISHA
District : PURI",Senior Secondary Level,"Name : PM SHRI KENDRIYA VIDYALAYA
Head/Principal Name: VIMALESH KUMAR DUBEY","Address : AT. TALBANIA, P.O./DISTT PURI, ODISHA
Website : http://puri.kvs.ac.in/"
393,"Aff. No. :1520357
Sch. Code:17410","State : ODISHA
District : PURI",Senior Secondary Level,"Name : ODISHA ADARSHA VIDYALAYA, SATYABADI
Head/Principal Name: BISWANATH PADHI","Address : P.O-PATTANAIKIA, P.S-SATYABADI
Website : https://www.oav.edu.in/oav/home/OAVSTB"
394,"Aff. No. :1530033
Sch. Code:15338","State : ODISHA
District : PURI",Secondary Level,"Name : D A V PUBLIC SCHOOL
Head/Principal Name: JYOSTNA MANGARAJ","Address : WATER WORKS ROAD,PURI ORISSA
Website : www.davpuri.org"
395,"Aff. No. :1530063
Sch. Code:15368","State : ODISHA
District : PURI",Senior Secondary Level,"Name : GHANASHAYM HEMALATA VIDYA MANDIR
Head/Principal Name: ASWINI KUMAR PALO","Address : R J VIHAR PO CHHAITANA PURI ORISSA
Website : https://ghvmpuri.in"
396,"Aff. No. :1530098
Sch. Code:15310","State : ODISHA
District : PURI",Senior Secondary Level,"Name : DAV PUBLIC SCHOOL
Head/Principal Name: M M HAQUE","Address : NIMAPARA, DISTT PURI, ORISSA
Website : www.davnimapara.org"
397,"Aff. No. :1530158
Sch. Code:15496","State : ODISHA
District : PURI",Senior Secondary Level,"Name : ST. XAVIERS HIGH SCHOOL
Head/Principal Name: DIBAKAR MISHRA","Address : RAMABALLAV ROAD, V. I. P. ROAD, PURI , 752 001
Website : http://www.stxavierpuri.org"
398,"Aff. No. :1520423
Sch. Code:17533","State : ODISHA
District : PURI",Secondary Level,"Name : ODISHA ADARSHA VIDYALAYA GOBINDAPUR
Head/Principal Name: BIBHUTI BHUSAN MANDAL","Address : AT/PO-GOBINDAPUR , PS-PIPILI, DIST-PURI
Website : https://oav.edu.in/?GROUP_CODE=OAVGOB"
399,"Aff. No. :1520436
Sch. Code:17549","State : ODISHA
District : PURI",Secondary Level,"Name : ODISHA ADARSHA VIDYALAYA BERBOI
Head/Principal Name: SASMITA SAHOO","Address : AT-BERBOI,PO-BERBOI,PS-DELANG, BLOCK-DELANG,DIST-PURI, NEAR FIRE STATION, DELANG
Website : https://oav.edu.in/?GROUP_CODE=OAVBER"
400,"Aff. No. :1520428
Sch. Code:17541","State : ODISHA
District : PURI",Secondary Level,"Name : ODISHA ADARSHA VIDYALAYA TARANGIRA
Head/Principal Name: CHINMAYA SENAPATI","Address : AT- TARANGIRA PO- GOP DIST- PURI , AT- TARANGIRA PO- GOP DIST- PURI , AT- TARANGIRA PO- GOP DIST- PURI
Website : https://oav.edu.in/OAVNIR"
401,"Aff. No. :1520370
Sch. Code:17427","State : ODISHA
District : PURI",Senior Secondary Level,"Name : ODISHA ADARSHA VIDYALAYA SIPASARUBALI
Head/Principal Name: MOHAN ROUT","Address : PO- CHAPMANIK, PS/BLOCK- BRAHMAGIRI
Website : www.oav.edu.in"
402,"Aff. No. :1520490
Sch. Code:17604","State : ODISHA
District : PURI",Secondary Level,"Name : ODISHA ADARSHA VIDYALAYA SARIFPUR
Head/Principal Name: SANGITA MALLICK","Address : AT-SARIPUR PO-UDAYAPUR, BLOCK-ASTARANG , PS-ASTARANG
Website : https://oav.edu.in/oav/home/OAVSAR"
403,"Aff. No. :1520487
Sch. Code:17600","State : ODISHA
District : PURI",Secondary Level,"Name : ODISHA ADARSH VIDYALAYA
Head/Principal Name: SATYABRATA NAYAK","Address : MALUD, KRUSHNAPRASAD, PURI
Website : https://www.oavs.in"
404,"Aff. No. :1520472
Sch. Code:17585","State : ODISHA
District : PURI",Secondary Level,"Name : ODISHA ADARSHA VIDYALAYA KUNJA, KAKATPUR
Head/Principal Name: SATYAJIT SWAIN","Address : AT- KUNJA, PO-KURUJANGA, VIA-KONARK
Website : www.oav.edu.in"
405,"Aff. No. :1520473
Sch. Code:17586","State : ODISHA
District : PURI",Secondary Level,"Name : ODISHA ADARSHA VIDYALAYA JAMALAGODA ,KANAS
Head/Principal Name: PRATIMA SAHOO","Address : AT-JAMALAGODA,PO-GADISAGODA, P.S-GADISAGODA, BLOCK-KANAS
Website : https://oav.edu.in/oav/home/OAVJMG"
406,"Aff. No. :1520466
Sch. Code:17579","State : ODISHA
District : PURI",Senior Secondary Level,"Name : ODISHA ADARSHA VIDYALAYA HANSAPADA
Head/Principal Name: BAPI MAJHI","Address : HANSAPADA, CHANARAPADA, NIMAPARA
Website : https://oav.edu.in/oav/home/OAVHAN"
407,"Aff. No. :1520459
Sch. Code:17572","State : ODISHA
District : PURI",Secondary Level,"Name : ODISHA ADARSHA VIDYALAYA BALUKHANDA
Head/Principal Name: RAMESH KUMAR DALABEHERA","Address : AT-BALUKHANDA, PO-BALIGUALI, PS-PENTHAKATA MARINE POLICE STATION
Website : https://oav.edu.in/oav/home/OAVBLK"
408,"Aff. No. :1530304
Sch. Code:16011","State : ODISHA
District : PURI",Senior Secondary Level,"Name : GURU NANAK ENGLISH MEDIUM PUBLIC SCHOOL II
Head/Principal Name: SAKTI KUMAR SAMAL","Address : GUDIAPKHARI,SANGULAI SASAN,PIPILI,PURI, ODISHA 752104
Website : www.gnps2bbsr.com"
409,"Aff. No. :1530293
Sch. Code:15923","State : ODISHA
District : PURI",Senior Secondary Level,"Name : GAUTAM BUDHA INTERNATIONAL SCHOOL
Head/Principal Name: BITIBALA ACHARYA","Address : AT/PO-DANDIPUR,PS-BALANGA,DIST-PURI,ODISHA
Website : http://gbischool.com/"
410,"Aff. No. :1530269
Sch. Code:15277","State : ODISHA
District : PURI",Senior Secondary Level,"Name : THE ADITYA BIRLA PUBLIC SCHOOL, BHUBANESWAR
Head/Principal Name: KAUSHIK ACHARYA","Address : PO : HARIRAJPUR VILL : NIZIGARH (KHURKI) TEHSIL: PIPILI DIST : PURI ODISHA:752050
Website : https://abpsbhubaneswar.in/"
411,"Aff. No. :1530263
Sch. Code:15421","State : ODISHA
District : PURI",Senior Secondary Level,"Name : MOTHERS PUBLIC SCHOOL, PURI
Head/Principal Name: SAGUFTA PARVIN","Address : GORUAL, NH-316,
Website : www.mothers.edu.in"
412,"Aff. No. :1530255
Sch. Code:15438","State : ODISHA
District : PURI",Senior Secondary Level,"Name : PRABHUSHREE ENGLISH MEDIUM SCHOOL
Head/Principal Name: SIRSA PRASAD MISHRA","Address : AT / PO BALIA, MALATIPATAPUR, , DISTT- PURI
Website : www.prabhushreeschool.edu.in"
413,"Aff. No. :1530208
Sch. Code:15302","State : ODISHA
District : PURI",Senior Secondary Level,"Name : CHANDRA SEKHAR ACADEMY
Head/Principal Name: TAPAS MISHRA","Address : AT-CHANDRASEKHAR SQUARE,PURI KONARK MARINE DRIVE ROAD,BALIGHAI,PURI-752002
Website : www.chandrasekharacademy.com"
414,"Aff. No. :1530427
Sch. Code:16284","State : ODISHA
District : PURI",Secondary Level,"Name : SATYABHAMA ENGLISH MEDIUM SCHOOL
Head/Principal Name: KUMKUM DUTTA","Address : AT- BALIAPANDA , SIPASARUBALI, PO- PURI, PS- BALIAPANDA
Website : https://satyabhamaenglishmediumschool.org/"
415,"Aff. No. :1530395
Sch. Code:16176","State : ODISHA
District : PURI",Senior Secondary Level,"Name : PRASHANTI INTERNATIONAL SCHOOL
Head/Principal Name: SUDHIR KUMAR MISHRA","Address : LOKANATH ROAD, SAMANGA MAUZA
Website : http://www.prashantiinternationalschool.org"
416,"Aff. No. :1530472
Sch. Code:16418","State : ODISHA
District : PURI",Secondary Level,"Name : ST.XAVIER'S HIGH SCHOOL
Head/Principal Name: SIMITA TRIPATHY","Address : AT-PIPILI (NEAR GOVT HOSPITAL), PO-PIPILI, PS-PIPILI
Website : https://stxavierspipili.in"
417,"Aff. No. :1540017
Sch. Code:19086","State : ODISHA
District : PURI",Senior Secondary Level,"Name : PM SHRI SCHOOL JAWAHAR NAVODYA VIDYALAYA
Head/Principal Name: SUNITI SWAIN","Address : KONARK PURI AT ERBANG PO BIRTUNG ISSA
Website : https://www.navodaya.gov.in/nvs/nvs-school/Puri/en"
418,"Aff. No. :1530505
Sch. Code:16473","State : ODISHA
District : PURI",Secondary Level,"Name : UDAYANATH PUBLIC SCHOOL
Head/Principal Name: TAPASWINI DASH","Address : AT - RENCH SASAN, PO- RENCH, PS - NIMAPARA
Website : http://udayanathpublicschool.com/"
419,"Aff. No. :1540013
Sch. Code:19076","State : ODISHA
District : SAMBALPUR",Senior Secondary Level,"Name : PM SHRI SCHOOL JAWAHAR NAVODAYA VIDYALAYA
Head/Principal Name: NAMITA TRIPATHY","Address : CHIPLIMA DISTT (GOSHALA) P O KALAMATI VIA GODBHANGA SAMBALPUR ORISSA
Website : https://navodaya.gov.in/nvs/nvs-school/Sambalpur/en/home/"
420,"Aff. No. :1530500
Sch. Code:16463","State : ODISHA
District : SAMBALPUR",Secondary Level,"Name : QUEEN OF THE MISSIONS SCHOOL, MAHULDIHI,KUCHINDA
Head/Principal Name: Binodini Minz","Address : AT- WARD NO.01, MAHULDIHI, P.O/P.S- KUCHINDA, KUCHINDA
Website : www.qmskuchinda.org"
421,"Aff. No. :1530431
Sch. Code:16296","State : ODISHA
District : SAMBALPUR",Secondary Level,"Name : PRABHUJEE ENGLISH MEDIUM SCHOOL
Head/Principal Name: SANTOSH KUMAR JENA","Address : KRIYA YOGA ASHRAM, RAJBATI, RAIRAKHOL, NEAR BUS STAND
Website : http://www.prabhujeerajbati.com"
422,"Aff. No. :1530425
Sch. Code:16279","State : ODISHA
District : SAMBALPUR",Secondary Level,"Name : BRIGHT FUTURE PUBLIC SCHOOL
Head/Principal Name: BASANT KUMAR BISOYI","Address : AT-NAXAPALI, PO-MANESWAR, PS-MANESWAR
Website : www.brightfuturesbp.com"
423,"Aff. No. :1530236
Sch. Code:15366","State : ODISHA
District : SAMBALPUR",Senior Secondary Level,"Name : GAYATRI RESIDENTIAL ENGLISH MEDIUM SCHOOL
Head/Principal Name: GREGORY MICHAEL HASDA","Address : AT/PO- KESAIBAHAL PS- MAHULPALI
Website : www.grems.in"
424,"Aff. No. :1530166
Sch. Code:15517","State : ODISHA
District : SAMBALPUR",Secondary Level,"Name : VEER SURENDRA SAI ENGLISH MEDIUM SCHOOL
Head/Principal Name: RANJEETA BOSE","Address : AT/PO : DHANKAUDA, VIA: REMED, DIST SAMBALPUR - 768006
Website : www.vssems.in"
425,"Aff. No. :1530169
Sch. Code:15522","State : ODISHA
District : SAMBALPUR",Senior Secondary Level,"Name : VIKASH THE CONCEPT SCHOOL
Head/Principal Name: MANORANJAN PATI","Address : SASON BYE PASS, P.O. SASON, DIST. SAMBALPUR
Website : https://vidyavikash.com/s1vcss/index.php"
426,"Aff. No. :1530180
Sch. Code:15313","State : ODISHA
District : SAMBALPUR",Senior Secondary Level,"Name : DELHI PUBLIC SCHOOL SAMBALPUR
Head/Principal Name: SUJATA LENKA","Address : JHARSUGUDA ROAD SAMBALPUR, P.O- SASON,
Website : www.dpssambalpur.com"
427,"Aff. No. :1530262
Sch. Code:15481","State : ODISHA
District : SAMBALPUR",Secondary Level,"Name : ST. LUKES SCHOOL
Head/Principal Name: ANIL KUMAR KUJUR","Address : OPP. RAM VIHAR, BURLA P.O. JAGRUTI VIHAR
Website : https://stlukesschoolburla.org/"
428,"Aff. No. :1530240
Sch. Code:15516","State : ODISHA
District : SAMBALPUR",Senior Secondary Level,"Name : VEDIC INTERNATIONAL SCHOOL
Head/Principal Name: Geeta D. Rajan","Address : AT-PABPALI SASON PO-SASON
Website : www.vedic.ac.in"
429,"Aff. No. :1530311
Sch. Code:16045","State : ODISHA
District : SAMBALPUR",Senior Secondary Level,"Name : DAYANAND PUBLIC SCHOOL
Head/Principal Name: GAUTAM KUMAR NAG","Address : DAYANAND PUBLIC SCHOOL,RASERAM VIHAR PO-PADIABAHAL VIA-GOUDPALI DIS-SAMBALPUR PIN-768112 STATE-ODISHA
Website : www.dayanandpublicschoolsbp.co.in"
430,"Aff. No. :1520462
Sch. Code:17575","State : ODISHA
District : SAMBALPUR",Secondary Level,"Name : OAV RAMPUR
Head/Principal Name: PREMANANDA ROUT","Address : AT- RAMPUR, PO- RAIRAKHOL, PS- RAIRAKHOL
Website : https://oav.edu.in/oav/home/OAVRMP"
431,"Aff. No. :1520371
Sch. Code:17428","State : ODISHA
District : SAMBALPUR",Secondary Level,"Name : ODISHA ADARSHA VIDYALAYA JUJUMURA
Head/Principal Name:","Address : BLOCK-JUJUMURA, TAHASIL-JUJUMURA
Website :"
432,"Aff. No. :1520374
Sch. Code:17455","State : ODISHA
District : SAMBALPUR",Senior Secondary Level,"Name : ODISHA ADARSHA VIDYALAYA JUJUMURA
Head/Principal Name: JYOTIRMAYEE BHUE","Address : BLOCK-JUJUMURA, TAHASIL-JUJUMURA
Website : https://www.oav.edu.in/oav/home/OAVJUJ"
433,"Aff. No. :1520397
Sch. Code:17498","State : ODISHA
District : SAMBALPUR",Senior Secondary Level,"Name : ODISHA ADARSHA VIDYALAYA KUSUMI,KUCHINDA
Head/Principal Name: RACHITA MINZ","Address : PS - MAHULPALI, KUCHINDA
Website : https://oav.edu.in/oav/home/OAVKKS"
434,"Aff. No. :1520411
Sch. Code:17513","State : ODISHA
District : SAMBALPUR",Senior Secondary Level,"Name : ODISHA ADARSHA VIDYALAYA, PARMANPUR
Head/Principal Name: RAJENDRA KUMAR CHHURIA","Address : PO-PARMANPUR, BLOCK-MANESWAR
Website : https://oav.edu.in/oav/home/OAVPMP"
435,"Aff. No. :1520405
Sch. Code:17507","State : ODISHA
District : SAMBALPUR",Senior Secondary Level,"Name : SAINIK SCHOOL SAMBALPUR
Head/Principal Name: Lt Col Alok Kumar","Address : PS - BURLA, BASANTPUR, NEAR GOSHALA
Website : https://sainikschoolsambalpur.in"
436,"Aff. No. :1520408
Sch. Code:17510","State : ODISHA
District : SAMBALPUR",Senior Secondary Level,"Name : ODISHA ADARSHA VIDYALAYA KALAMATI
Head/Principal Name: SRIKANTA KUMAR KHAMARI","Address : VIA- C/A CHIPILIMA, BLOCK- DHANKAUDA
Website : https://oav.edu.in/?GROUP_CODE=OAVBDS"
437,"Aff. No. :1520403
Sch. Code:17505","State : ODISHA
District : SAMBALPUR",Senior Secondary Level,"Name : ODISHA ADARSHA VIDYALAYA CHINIMAHUL JAMANKIRA
Head/Principal Name: KRUSHNA CHANDRA NANDA","Address : BADRAMA, JAMANKIRA
Website : https://oav.edu.in/oav/home/OAVCNM"
438,"Aff. No. :1520395
Sch. Code:17496","State : ODISHA
District : SAMBALPUR",Senior Secondary Level,"Name : ODISHA ADARSHA VIDYALAYA PENTHABAHAL, NAKTIDEUL
Head/Principal Name: PRATAP SWAIN","Address : BLOCK- NAKTIDEUL,, PS-NAKTIDEUL
Website : https://oav.edu.in/oav/home/OAVPTB"
439,"Aff. No. :1530164
Sch. Code:15279","State : ODISHA
District : SAMBALPUR",Secondary Level,"Name : ADITYA RESIDENTIAL SCHOOL
Head/Principal Name: SAROJ KUMAR PRADHAN","Address : AT:BHALUBAHAL, PO:SASON, DIS:SAMBALPUR
Website : www.adityaresidentialschool.com"
440,"Aff. No. :1530152
Sch. Code:15389","State : ODISHA
District : SAMBALPUR",Senior Secondary Level,"Name : INDIAN PUBLIC SCHOOL
Head/Principal Name: PATHAK SACHIN SUDHIR","Address : C/O PRINCIPAL,INDIAN PUBLIC SCHOOL,REMED KHETARAJPUR-ROAD REMED SAMBALPUR ,ORISSA
Website : www.indianpublicschool.in"
441,"Aff. No. :1530155
Sch. Code:15465","State : ODISHA
District : SAMBALPUR",Senior Secondary Level,"Name : SEVEN HILLS RESIDENTIAL SCHOOL
Head/Principal Name: VYAKARANAM SHAILAJA","Address : JHARSUGUDA HIGHWAY, PARDHIAPALI,POST-SANKARMA SAMBALPUR, ORISSA.
Website : www.sevenhillseducation.in"
442,"Aff. No. :1530124
Sch. Code:15437","State : ODISHA
District : SAMBALPUR",Senior Secondary Level,"Name : PRABHUJEEE ENGLISH MEDIUM SCHOOL, RAIRAKHOL
Head/Principal Name: VANDANA DIXIT","Address : S.S. FOUNDATION, BRUNDABAN VIHAR, RAIRAKHOL, SAMBALPUR, 768106
Website : www.prabhujirrkl.org"
443,"Aff. No. :1530069
Sch. Code:15286","State : ODISHA
District : SAMBALPUR",Senior Secondary Level,"Name : BALIKA VIDYALAYA
Head/Principal Name: SANTOSH KUMAR HOTA","Address : KHETRAJPUR SAMBALPUR ORISSA
Website : https://sites.google.com/view/bvksambalpur/home"
444,"Aff. No. :1530045
Sch. Code:15474","State : ODISHA
District : SAMBALPUR",Secondary Level,"Name : SRI SATHYA SAI KIDDIES ABODE
Head/Principal Name: SONIA VARMA","Address : CONTRACTORS COLONY P.O.BURLA DISTT.SAMBALPUR ORISSA
Website : https://sites.google.com/view/ssskaburla/home?authuser=0"
445,"Aff. No. :1530076
Sch. Code:15323","State : ODISHA
District : SAMBALPUR",Senior Secondary Level,"Name : DAV PUBLIC SCHOOL
Head/Principal Name: RAJENDRA KUMAR BEDBAK","Address : BURLA, DISTT SAMBALPUR ORISSA
Website : www.davburla.org"
446,"Aff. No. :1530004
Sch. Code:15412","State : ODISHA
District : SAMBALPUR",Senior Secondary Level,"Name : MADNAWATI PUBLIC SCHOOL
Head/Principal Name: RAHUL JHA","Address : AT/PO AINTHAPALI SAMBALPUR DISTT ORISSA
Website : www.madnawatipublicschools.com"
447,"Aff. No. :1530005
Sch. Code:15445","State : ODISHA
District : SAMBALPUR",Senior Secondary Level,"Name : RASHTRIYA GOPAL VIDYA MANDIR
Head/Principal Name: SHALU CHANDEL","Address : NAYAPARA SAMBALPUR DISTT ORISSA
Website : www.rashtriyagopalvidyamandir.in"
448,"Aff. No. :1530007
Sch. Code:15374","State : ODISHA
District : SAMBALPUR",Senior Secondary Level,"Name : GURU NANAK PUBLIC SCHOOL
Head/Principal Name: RABINDRA NATH DASH","Address : AT & PO KHETRAJPUR SAMBALPUR DISTT ORISSA
Website : www.gurunanakpublicschool.org.in"
449,"Aff. No. :1520209
Sch. Code:17297","State : ODISHA
District : SAMBALPUR",Senior Secondary Level,"Name : EKALAVYA MODEL RESIDENTIAL SCHOOL, KUCHINDA
Head/Principal Name: Dr. JYOTSNAPRIYA BEHERA","Address : AT/PO-KUCHINDA DIST-SAMBALPUR PIN-768222 (ODISHA)
Website : www.emrskuchinda.com"
450,"Aff. No. :1520200
Sch. Code:17286","State : ODISHA
District : SAMBALPUR",Senior Secondary Level,"Name : ODISHA ADARSHA VIDYALAYA, BAMRA
Head/Principal Name: DR. SMITA BHOI","Address : AT/POST-BAMRA PS-GOVINDPUR DIST-SAMBALPUR
Website : https://oav.edu.in/oav/home/OAVBAM"
451,"Aff. No. :1520201
Sch. Code:17287","State : ODISHA
District : SAMBALPUR",Senior Secondary Level,"Name : ODISHA ADARSH VIDYALAYA, RENGALI
Head/Principal Name: RAMANI KANTA SAHU","Address : AT - JHURIPADA, PO - RENGALI DIST - SAMBALPUR
Website : www.oav.edu.in"
452,"Aff. No. :1500004
Sch. Code:19137","State : ODISHA
District : SAMBALPUR",Senior Secondary Level,"Name : PM SHRI KENDRIYA VIDYALAYA
Head/Principal Name: RANRANJAY SINGH","Address : SAMBALPUR P O BARAIPALI SAMBALPUR DISTT ORISSA
Website : https://no1sambalpur.kvs.ac.in"
453,"Aff. No. :1500057
Sch. Code:19252","State : ODISHA
District : SAMBALPUR",Senior Secondary Level,"Name : PM SHRI KENDRIYA VIDYALAYA NO II SAMBALPUR
Head/Principal Name: SUSMITA PRADHAN","Address : KENDRIYA VIDYALAYA NO.2 SAMBALPUR(BURLA) AT/PO- BURLA DIST- SAMBALPUR STATE- ODISHA (768017)
Website : https://no2sambalpur.kvs.ac.in"
454,"Aff. No. :1500052
Sch. Code:19133","State : ODISHA
District : SUNDARGARH",Secondary Level,"Name : KENDRIYA VIDYALAYA
Head/Principal Name: HEMANANDA BARIK","Address : AT-CENTRE PRIMARY SCHOOL CAMPUS, PO. KUTRA, DISTT. SUNDARGARH, ODISHA
Website : http://www.kutra.kvs.ac.in/"
455,"Aff. No. :1520004
Sch. Code:17096","State : ODISHA
District : SUNDARGARH",Senior Secondary Level,"Name : EKLAVYA MODEL RESIDENTIAL SCHOOL
Head/Principal Name: SIBA NARAYAN BEHERA","Address : AT LAING(MANDIRA DAM)PO LAING COLONY DISTT.SUNDERGARH, ORISSA
Website : https://www.emrslaing.com/"
456,"Aff. No. :1520006
Sch. Code:17093","State : ODISHA
District : SUNDARGARH",Senior Secondary Level,"Name : EKLAVYA MODEL RESIDENTIAL SCHOOL
Head/Principal Name: SHITALA PRASAD","Address : AT/PO SARDHAPUR PSLAHUNI PARA, SUNDERGARH, ORISSA
Website : www.emrslahunipara.com"
457,"Aff. No. :1500016
Sch. Code:19138","State : ODISHA
District : SUNDARGARH",Senior Secondary Level,"Name : KENDRIYA VIDYALAYA
Head/Principal Name: SUJIT ROY","Address : SECTOR 6 ROURKELA DISTT. SUNDERGARH, ORISSA
Website : https://rourkela.kvs.ac.in"
458,"Aff. No. :1500021
Sch. Code:19087","State : ODISHA
District : SUNDARGARH",Senior Secondary Level,"Name : PM SHRI KENDRIYA VIDYALAYA BONDAMUNDA
Head/Principal Name: HEMALATA NAYAK","Address : S E RAILWAY COLONY BONDA MUNDA ORISSA
Website : www.bondamunda.kvs.ac.in"
459,"Aff. No. :1500025
Sch. Code:19100","State : ODISHA
District : SUNDARGARH",Senior Secondary Level,"Name : PM SHRI KENDRIYA VIDYALAYA
Head/Principal Name: NAVNEET AMKHARE","Address : SUNDARGARH AT BHAWANIPUR PO SANKARA DISTT SUNDARGARH ORISSA
Website : https://sundargarh.kvs.ac.in/"
460,"Aff. No. :1520010
Sch. Code:17089","State : ODISHA
District : SUNDARGARH",Senior Secondary Level,"Name : EKLAVYA MODEL RESIDENTIAL SCHOOL
Head/Principal Name: SANGHAMITRA PANIGRAHI","Address : BHAWANI PUR, P.O.-KIREI, DISTT. SUMDERGARH
Website : www.omtes.org"
461,"Aff. No. :1520202
Sch. Code:17288","State : ODISHA
District : SUNDARGARH",Senior Secondary Level,"Name : ODISHA ADARSHA VIDYALAYA, TALSANKARA
Head/Principal Name: NARAYAN PATEL","Address : AT - TALSANKARA PO - SANKARA PS - TOWN PS DIST - SUNDARGARH PIN - 770020
Website : https://oav.edu.in/oav/home/OAVSUN"
462,"Aff. No. :1520203
Sch. Code:17289","State : ODISHA
District : SUNDARGARH",Senior Secondary Level,"Name : ODISHA ADARSHA VIDYALAYA SIMDEGA
Head/Principal Name: SARADA MEHER","Address : AT-SIMDEGA PO-SIMDEGA PS-TALSARA
Website : www.oav.edu.in"
463,"Aff. No. :1520204
Sch. Code:17290","State : ODISHA
District : SUNDARGARH",Senior Secondary Level,"Name : ODISHA ADARSHA VIDYALAYA BABUNUAGAON
Head/Principal Name: REETWIK PATEL","Address : AT-BABUNUAGAON, PO-KENDRIKELA, VIA-BONAIGARH,PS-BONAIGARH
Website : https://oav.edu.in/oav/home/OAVBAN"
464,"Aff. No. :1520205
Sch. Code:17291","State : ODISHA
District : SUNDARGARH",Senior Secondary Level,"Name : ODISHA ADARSHA VIDYALAYA RAJGANGPUR
Head/Principal Name: Banita Patel","Address : BAGICHAPADA RAJGANGPUR
Website : https://oav.edu.in/oav/home/OAVRAJ"
465,"Aff. No. :1520356
Sch. Code:17409","State : ODISHA
District : SUNDARGARH",Senior Secondary Level,"Name : ODISHA ADARSHA VIDYALAYA,LEPHRIPADA,SUNDARGARH
Head/Principal Name: SIRIN ARA","Address : DIST - SUNDARGARH, PIN-770011
Website : https://oav.edu.in/oav/home/OAVLEP"
466,"Aff. No. :1520169
Sch. Code:17255","State : ODISHA
District : SUNDARGARH",Senior Secondary Level,"Name : ODISHA ADARSHA VIDYALAYA
Head/Principal Name: PRASANNA KUMAR PALEI","Address : MAHIPANI, BISRA,SUNDARGARH, ODISHA-770036
Website : https://oav.edu.in/OAVBIS"
467,"Aff. No. :1520170
Sch. Code:17256","State : ODISHA
District : SUNDARGARH",Senior Secondary Level,"Name : ODISHA ADARSHA VIDYALAYA
Head/Principal Name: MADHUSMITA PRADHAN","Address : AT.TELIPOSH, PO-KUARMUNDA, PS-BIRMITRAPUR, DIST-SUNDARGARH, ODISHA-770039
Website : https://oav.edu.in/OAVKUA"
468,"Aff. No. :1520171
Sch. Code:17257","State : ODISHA
District : SUNDARGARH",Senior Secondary Level,"Name : ODISHA ADARSHA VIDYALAYA
Head/Principal Name: BHIMA CHARAN PATRA","Address : AT.-LATHIKATA, PS-LATHIKATA, DIST.-SUNDARGARH, ODISHA-770037
Website : www.oav.edu.in"
469,"Aff. No. :1520172
Sch. Code:17258","State : ODISHA
District : SUNDARGARH",Senior Secondary Level,"Name : ODISHA ADARSHA VIDYALAYA
Head/Principal Name: NAMITA PRADHAN","Address : JAHARITOLI BLOCK-NUAGAON, DIST-SUNDARGARH, ODISHA-770035
Website : https://www.oav.edu.in/oav/home/OAVNUA"
470,"Aff. No. :1520173
Sch. Code:17259","State : ODISHA
District : SUNDARGARH",Senior Secondary Level,"Name : ODISHA ADARSHA VIDYALAYA
Head/Principal Name: MANAS KUMAR KAMILA","Address : GURUNDIA, AT/P.O/P.S-GURUNDIA, DIST-SUNDARGARH-ODISHA-770043
Website : https://oav.edu.in/oav/home/OAVGUR"
471,"Aff. No. :1520174
Sch. Code:17260","State : ODISHA
District : SUNDARGARH",Senior Secondary Level,"Name : ODISHA ADARSHA VIDYALAYA
Head/Principal Name: SUDIKSHYA MOHANTY","Address : KUSUMDIHI, KOIRA, AT- KUSUMDIHI, PO-KOIRA, PS-KOIRA, DIST-SUNDARGARH, ODISHA-770048
Website : https://oav.edu.in/oav/home/OAVKOI"
472,"Aff. No. :1520175
Sch. Code:17261","State : ODISHA
District : SUNDARGARH",Senior Secondary Level,"Name : ODISHA ADARSHA VIDYALAYA
Head/Principal Name: TEKASMINEE SAHU","Address : PARAGPOSH, AT- PARAGPOSH, P.O KALEIPOSH, PS- LAHUNIPARA, DIST SUNDARGARH, ODISHA-770040
Website : https://oav.edu.in/?GROUP_CODE=OAVLAH"
473,"Aff. No. :1530008
Sch. Code:15345","State : ODISHA
District : SUNDARGARH",Senior Secondary Level,"Name : DEEPIKA ENGLISH MEDIUM SCHOOL
Head/Principal Name: ASISH BANERJEE","Address : SECTOR 5 ROURKELA SUNDERGARH DISTT ORISSA
Website : www.deepikaemschool.in"
474,"Aff. No. :1530001
Sch. Code:15317","State : ODISHA
District : SUNDARGARH",Senior Secondary Level,"Name : DALMIA VIDYA MANDIR
Head/Principal Name: JAYDEB KAR","Address : PO RAJGANGPUR SUNDARGARH DISTT ORISSA
Website : www.dvmrajgangpur.edu.in"
475,"Aff. No. :1530015
Sch. Code:15463","State : ODISHA
District : SUNDARGARH",Senior Secondary Level,"Name : SARASWATI VIDYA MANDIR
Head/Principal Name: SABITA PRABHA SAHOO","Address : BIRSA DAHAR ROURKELA -0769012, ORISSA
Website : www.svmrklhns.org"
476,"Aff. No. :1530023
Sch. Code:15462","State : ODISHA
District : SUNDARGARH",Senior Secondary Level,"Name : SARASWATI VIDYA MANDIR
Head/Principal Name: ABHAYA KUMAR SARANGI","Address : P.O. RAJGANGPUR DIST SUNDERGARH, ORISSA
Website : http://svmrgp.org"
477,"Aff. No. :1530027
Sch. Code:15444","State : ODISHA
District : SUNDARGARH",Secondary Level,"Name : RADHA SAOMI ENGLISH SCHOOL
Head/Principal Name: Charan Pal Verma","Address : AT & P.O. BONDAMUNDA SECTOR C DISTT SUNDERGARH ORISSA
Website : www.rsemsbndm.in"
478,"Aff. No. :1530038
Sch. Code:15507","State : ODISHA
District : SUNDARGARH",Secondary Level,"Name : SUNDARGARH PUBLIC SCHOOL
Head/Principal Name: DR PUSPAMITRA SARANGI","Address : AT&PO DT.SUNDARGARH ORISSA
Website : www.sundargarhpublicschool.in"
479,"Aff. No. :1530043
Sch. Code:15347","State : ODISHA
District : SUNDARGARH",Senior Secondary Level,"Name : DELHI PUBLIC SCHOOL
Head/Principal Name: MANISHA SINGH","Address : SECT 18 ROURKELA DIST SUNDARGARH ORISSA
Website : www.dpsrkl.in"
480,"Aff. No. :1530047
Sch. Code:15339","State : ODISHA
District : SUNDARGARH",Senior Secondary Level,"Name : DR. A. N. KHOSLA DAV PUBLIC SCHOOL, ROURKELA
Head/Principal Name: LOKANATH PRADHAN","Address : NEAR BASANTI COLONY ROURKELA DISTT. SUNDERGARH ORISSA
Website : www.davrkl.org"
481,"Aff. No. :1530071
Sch. Code:15471","State : ODISHA
District : SUNDARGARH",Senior Secondary Level,"Name : SRI AUROBINDO INTEGRAL EDUCATION AND RESEARCH CENTRE
Head/Principal Name: DINABANDHU SENAPATI","Address : AT/LIPLOI O RAJGANGPUR SUNDARGARH ORISSA
Website : www.saiercrgp.in"
482,"Aff. No. :1530066
Sch. Code:15311","State : ODISHA
District : SUNDARGARH",Senior Secondary Level,"Name : DAV PUBLIC SCHOOL
Head/Principal Name: RANJAN KUMAR PATEL","Address : MCL BASUNDHARA AREA DT SUNDERGARH ORISSA
Website : www.davpsbasundhara.org"
483,"Aff. No. :1530128
Sch. Code:15375","State : ODISHA
District : SUNDARGARH",Senior Secondary Level,"Name : GURU NANAK PUBLIC SCHOOL
Head/Principal Name: Dr. PAPRI ROY CHOUDHURY","Address : NAYA BAZAR, SECTOR-21, ROURKELA-769001, DIST-SUNDERGARH, ORISSA
Website : www.gnps21rkl.info"
484,"Aff. No. :1530120
Sch. Code:15326","State : ODISHA
District : SUNDARGARH",Senior Secondary Level,"Name : DAV PUBLIC SCHOOL
Head/Principal Name: ANSHUMAN MOHANTY","Address : AT/PO -TENSA DISTT- SUNDARGARH, ORISSA-770042
Website : http://davtensa.in/"
485,"Aff. No. :1530144
Sch. Code:15479","State : ODISHA
District : SUNDARGARH",Senior Secondary Level,"Name : ST. ARNOLD'S SCHOOL
Head/Principal Name: FRANCIS JOS","Address : IDC BYPASS ROAD VIA - ROURKELA - 4
Website : www.starnoldschool.in"
486,"Aff. No. :1530126
Sch. Code:15322","State : ODISHA
District : SUNDARGARH",Senior Secondary Level,"Name : DAV PUBLIC SCHOOL
Head/Principal Name: REENA MOHAPATRA","Address : L & T CAMPUS KANSBAHAL
Website : www.davkansbahal.org"
487,"Aff. No. :1530137
Sch. Code:15472","State : ODISHA
District : SUNDARGARH",Secondary Level,"Name : SRI AUROBINDO INTEGRAL EDUCATION & RESEARCH CENTRE
Head/Principal Name: SAHADEV SAHU","Address : AT - BIRMITRAPUR
Website : www.saierc.org"
488,"Aff. No. :1520392
Sch. Code:17493","State : ODISHA
District : SUNDARGARH",Senior Secondary Level,"Name : ODISHA ADARSHA VIDYALAYA KAMALAGA, HEMGIR
Head/Principal Name: ASHEEK SANGRAM PATEL","Address : PO - HEMGIR, PS - HEMGIR
Website : https://oav.edu.in/oav/home/OAVKMG"
489,"Aff. No. :1520375
Sch. Code:17461","State : ODISHA
District : SUNDARGARH",Senior Secondary Level,"Name : EKALAVYA MODEL RESIDENTIAL SCHOOL, KUARMUNDA
Head/Principal Name: SRIKANTA RATH","Address : KUARMUNDA, KUARMUNDA
Website : www.omtes.org"
490,"Aff. No. :1520452
Sch. Code:17565","State : ODISHA
District : SUNDARGARH",Secondary Level,"Name : ODISHA ADARSHA VIDYALAYA, BHOIPALI
Head/Principal Name: Pradeep Kumar Pradhan","Address : P.O. - BHOIPALI, P.S. - BARGAON, SUNDARGARH
Website : https://oav.edu.in/oav/home/OAVBHO"
491,"Aff. No. :1520453
Sch. Code:17566","State : ODISHA
District : SUNDARGARH",Secondary Level,"Name : ODISHA ADARSHA VIDYALAYA TALASARA ,BALISANKARA,SUNDARGARH
Head/Principal Name: BIJAY KISAN","Address : AT/PO-TALSARA, PS- TALSARA, BLOCK - BALISANKARA
Website : https://oav.edu.in/oav/home/OAVTAL"
492,"Aff. No. :1520485
Sch. Code:17598","State : ODISHA
District : SUNDARGARH",Senior Secondary Level,"Name : EKALAVYA MODEL RESIDENTIAL SCHOOL LATHIKATA
Head/Principal Name: ABDESH KUMAR BAITHA","Address : EMRS LATHIKATA, KHARBANDA, BIRKERA B.O
Website : https://omtes.org/emrs_micro.html"
493,"Aff. No. :1520480
Sch. Code:17593","State : ODISHA
District : SUNDARGARH",Secondary Level,"Name : ODISHA ADARSHA VIDYALAYA UJALPUR
Head/Principal Name: NAROTTAM KUMAR URMAL","Address : AT/PO-UJALPUR, VIA-UJALPUR, P.S-LEPHRIPADA
Website : https://oav.edu.in/oav/home/OAVUJA"
494,"Aff. No. :1520492
Sch. Code:17606","State : ODISHA
District : SUNDARGARH",Secondary Level,"Name : ODISHA ADARSHA VIDYALAYA BUDAKATA
Head/Principal Name: RODEX EKKA","Address : AT-BUDAKATA, PO-BIRINGATOLI, PS-KUTRA
Website : https://oav.edu.in/oav/home/OAVGYA"
495,"Aff. No. :1520497
Sch. Code:17611","State : ODISHA
District : SUNDARGARH",Secondary Level,"Name : ODISHA MINING ADARSHA VIDYALAYA ROURKELA (KOIRA)
Head/Principal Name: BHIMA CHARAN PATRA","Address : BANKIA,PRADHANPALI, NEAR BIRSA MUNDA HOCKEY STADIUM, CHHEND ROURKELA
Website : https://oav.edu.in/OMAVROU"
496,"Aff. No. :1530301
Sch. Code:15958","State : ODISHA
District : SUNDARGARH",Secondary Level,"Name : KANAK MANJARI INTERNATIONAL SCHOOL
Head/Principal Name: PRASANT KUMAR BEHERA","Address : CHHEND COLONY, ROURKELA-15, DIST- SUNDARGARH, ODISHA, PIN-769015
Website : www.kmis.in"
497,"Aff. No. :1530281
Sch. Code:15877","State : ODISHA
District : SUNDARGARH",Secondary Level,"Name : DARSHAN ACADEMY SUNDARGARH
Head/Principal Name: ASHOK KUMAR","Address : PRADHANPAT,MAHULPALI PIN:770002
Website : http://sundargarh.darshanacademy.org"
498,"Aff. No. :1530289
Sch. Code:15909","State : ODISHA
District : SUNDARGARH",Secondary Level,"Name : DAV PUBLIC SCHOOL, SECTOR-16
Head/Principal Name: Rajesh Dash","Address : RSP ROURKELA INDSUTRIAL TOWNSHIP, SECTOR-16, ROURKELA-769003
Website : www.davsec16.co.in"
499,"Aff. No. :1530174
Sch. Code:15385","State : ODISHA
District : SUNDARGARH",Secondary Level,"Name : HIND ZINC VIDYALAYA
Head/Principal Name: MOHAN MEHER","Address : PRINCIPAL HIND ZINC VIDYALAYA AT/P.O-ZINC NAGAR SARGIPALI DIST.SUNDARGARH PIN-770072
Website : www.hindzincvidyalaya.in"
500,"Aff. No. :1530234
Sch. Code:15483","State : ODISHA
District : SUNDARGARH",Secondary Level,"Name : ST.MARYS ENGLISH MEDIUM SCHOOL, LATHDEGA
Head/Principal Name: BASANTI EKKA","Address : AT-LATHDEGA, P.O-TUMULIA, VIA-TALSARA
Website : www.stmarrylathdega.in"
501,"Aff. No. :1530231
Sch. Code:15380","State : ODISHA
District : SUNDARGARH",Senior Secondary Level,"Name : H.A.ENGLISH SCHOOL
Head/Principal Name: UMME SALMA","Address : AMINABAD, NEAR ASHIYANA COLONY
Website : www.haesbisra.com"
502,"Aff. No. :1530206
Sch. Code:15455","State : ODISHA
District : SUNDARGARH",Senior Secondary Level,"Name : SAI VALLEY WORLD SCHOOL
Head/Principal Name: LOKESH NAND","Address : AT-JAMUNANAKI ,PO-KUARMUNDA ROURKELA
Website : https://www.saivalleyschool.org"
503,"Aff. No. :1530210
Sch. Code:15378","State : ODISHA
District : SUNDARGARH",Secondary Level,"Name : GYANAJYOTI PUBLIC SCHOOL
Head/Principal Name: JALADHAR MOHAPATRA","Address : SECTOR-19, ROURKELA, ORISSA,769005
Website : www.gpsrkl.ac.in"
504,"Aff. No. :1530428
Sch. Code:16290","State : ODISHA
District : SUNDARGARH",Secondary Level,"Name : ST FRANCIS SCHOOL
Head/Principal Name: BENEDIK TIRKEY","Address : JAMUNADIPA, KUARMUNDA, ROURKELA
Website : http://sfsrourkela.in"
505,"Aff. No. :1530392
Sch. Code:16172","State : ODISHA
District : SUNDARGARH",Secondary Level,"Name : BAL BHARATI PUBLIC SCHOOL, NTPC DARLIPALI
Head/Principal Name: Unnati Ravindra Raut","Address : DARLIPALI, SUNDERGARH
Website : https://bbpsdarlipali.balbharati.org"
506,"Aff. No. :1530368
Sch. Code:16117","State : ODISHA
District : SUNDARGARH",Secondary Level,"Name : CHINMAYA PUBLIC SCHOOL
Head/Principal Name: BINAPANI SAHOO","Address : PO-SONAPARBAT, ROURKELA-16
Website : https://chinmayapublicschool.co.in"
507,"Aff. No. :1530475
Sch. Code:16422","State : ODISHA
District : SUNDARGARH",Senior Secondary Level,"Name : VIKASH IND GLOBAL SCHOOL
Head/Principal Name: BAPUN ROUT","Address : SECTOR-9, ROURKELA, JOGGER PARK , PO- SECTOR-14, ROURKELA, DIST-SUNDARGARH
Website : https://vigsrkl.krishnavikash.com/"
508,"Aff. No. :1540005
Sch. Code:19073","State : ODISHA
District : SUNDARGARH",Senior Secondary Level,"Name : PM SHRI SCHOOL JAWAHAR NAVODAYA VIDYALAYA
Head/Principal Name: TAPAS KUMAR CHATTOPADHYAY","Address : P O.ZINC NAGAR SUNDERGARH ORISSA
Website : www.navodaya.gov.in/nvs/nvs-school/Sundargareh/en/"
509,"Aff. No. :1580004
Sch. Code:19143","State : ODISHA
District : SUNDARGARH",Senior Secondary Level,"Name : S E RLY MIXED HIGHER SECONDARY SCHOOL
Head/Principal Name: PRABIR KUMAR DUTTA","Address : BONDAMUNDA PO SUNDERGARH DISTT ORISSA
Website : www.railwayschoolbndm.co.in"
510,"Aff. No. :1530507
Sch. Code:16478","State : ODISHA
District : ANUGUL",Senior Secondary Level,"Name : SRI CHAITANYA TECHNO SCHOOL
Head/Principal Name: BASANTI MANDAL","Address : AT- PANCHAMAHALA, PO- ANGUL, PS- ANGUL
Website : https://sctsangul.in/"
511,"Aff. No. :1540014
Sch. Code:19057","State : ODISHA
District : ANUGUL",Senior Secondary Level,"Name : PM SHRI SCHOOL JAWAHAR NAVODAYA VIDYALAYA , ANGUL
Head/Principal Name: SIDHARTHA SANKAR BARAL","Address : AT FCI P O VIKRAMPUR DISTT ANGUL ORISSA
Website : www.navodaya.gov.in/nvs/nvs-school/Angul/en/home"
512,"Aff. No. :1530406
Sch. Code:16203","State : ODISHA
District : ANUGUL",Senior Secondary Level,"Name : SARALA DEVI INTERNATIONAL SCHOOL
Head/Principal Name: SANUJ KUMAR SATAPATHY","Address : ANGUL, ANGUL
Website : http://saraladeviintschool.com/"
513,"Aff. No. :1530200
Sch. Code:15349","State : ODISHA
District : ANUGUL",Senior Secondary Level,"Name : DELHI PUBLIC SCHOOL,
Head/Principal Name: Ramachandra Dwibedy","Address : GOTAMARA, BANARPAL, ANGUL
Website : www.dpsbanarpal.in"
514,"Aff. No. :1530219
Sch. Code:15427","State : ODISHA
District : ANUGUL",Secondary Level,"Name : NIGAMANANDA LITTLE STAR SCHOOL
Head/Principal Name: DIPTIMAYEE SAHOO","Address : AT-PARIVESH VIHAR,PO-SOUTHBALANDA,VIA-TALCHER,DIST-ANGUL
Website : http://nlsschool.org/"
515,"Aff. No. :1530190
Sch. Code:15480","State : ODISHA
District : ANUGUL",Secondary Level,"Name : ST JOSEPHS SCHOOL,PALLAHARA
Head/Principal Name: MANINI BISHOYI","Address : ST JOSEPHS SCHOOL,PALLAHARA
Website : http://stjosephsplr.org"
516,"Aff. No. :1530292
Sch. Code:15917","State : ODISHA
District : ANUGUL",Senior Secondary Level,"Name : ADARSHA INTERNATIONAL SCHOOL
Head/Principal Name: SURENDRA KUMAR BHOI","Address : PANCHAMAHALA PO RANTALEI, ANGUL , ODISHA- 759122
Website : www.adarshaintschool.com"
517,"Aff. No. :1530294
Sch. Code:15924","State : ODISHA
District : ANUGUL",Secondary Level,"Name : ST. JOHNS SCHOOL
Head/Principal Name: VALSA T J","Address : TALCHER
Website : www.stjohnstalcher.in"
518,"Aff. No. :1530253
Sch. Code:15458","State : ODISHA
District : ANUGUL",Secondary Level,"Name : SANKHA-JYOTI PUBLIC SCHOOL
Head/Principal Name: Tapaswini Behera","Address : AT. KHINDO, PO.KULUMA, RENGALI DAM SITE, DIST. ANGUL
Website : www.sankhajyotipublicschool.in"
519,"Aff. No. :1520381
Sch. Code:17482","State : ODISHA
District : ANUGUL",Senior Secondary Level,"Name : ODISHA ADARSHA VIDYALAYA ,JHARABERENI,KANIHA
Head/Principal Name: BANDANA GARNAIK","Address : HANUMANPUR, KANIHA
Website : www.oav.edu.in"
520,"Aff. No. :1520367
Sch. Code:17420","State : ODISHA
District : ANUGUL",Senior Secondary Level,"Name : ODISHA ADARSHA VIDYALAYA MAHULAPAL
Head/Principal Name: AMIT KUMAR SAMANTARAY","Address : PO-TALCHER TOWN, PS-TALCHER TOWN
Website : www.oav.edu.in/oav/home/OAVMAH"
521,"Aff. No. :1520424
Sch. Code:17536","State : ODISHA
District : ANUGUL",Secondary Level,"Name : ODISHA ADARSHA VIDYALAYA
Head/Principal Name: DEEPAK KUMAR NAYAK","Address : AT/PO - GARH SANTRI, BLOCK - BANARPAL, PS - BANARPAL
Website : www.oav.edu.in"
522,"Aff. No. :1520425
Sch. Code:17538","State : ODISHA
District : ANUGUL",Secondary Level,"Name : ODISHA ADARSHA VIDYALAYA, BANAMALIPUR
Head/Principal Name: SAROJ KUMAR BISHI","Address : AT- BANAMALIPUR, POST- KRUTIBASPUR, PS- THAKURGARH, BLOCK- ATHAMALLIK, DIST- ANGUL
Website : http://oav.edu.in"
523,"Aff. No. :1530149
Sch. Code:15409","State : ODISHA
District : ANUGUL",Senior Secondary Level,"Name : ODM INTERNATIONAL SCHOOL
Head/Principal Name: Kalingarudra Panda","Address : VILL. TALATARLA JUIOJAMUNALI ROAD
Website : https://odminternationalschool.org"
524,"Aff. No. :1530161
Sch. Code:15429","State : ODISHA
District : ANUGUL",Senior Secondary Level,"Name : O.P. JINDAL SCHOOL
Head/Principal Name: ASHWINI KUMAR SAHU","Address : CHHENDIPADA ROAD, SH-63, JINDAL NAGAR, ANGUL
Website : www.opjsangul.com"
525,"Aff. No. :1530052
Sch. Code:15324","State : ODISHA
District : ANUGUL",Senior Secondary Level,"Name : DAV PUBLIC SCHOOL
Head/Principal Name: PRASHANTA KUMAR PANDA","Address : MCL KALINGA AREA MAHENDRAPUR BADAJORADA DT ANGUL ORISSA
Website : www.davkalinga.org"
526,"Aff. No. :1530074
Sch. Code:15325","State : ODISHA
District : ANUGUL",Senior Secondary Level,"Name : DAV PUBLIC SCHOOL
Head/Principal Name: SAMIR KUMAR KANUNGO","Address : NTPC/TTPS TALCHAR THERMAL DISTT ANGUL ORISSA
Website : www.davpsntpcttps.org"
527,"Aff. No. :1530075
Sch. Code:15450","State : ODISHA
District : ANUGUL",Senior Secondary Level,"Name : ROTARY PUBLIC SCHOOL
Head/Principal Name: ASHOK KUMAR BEHERA","Address : ATPO ANGUL DISTT ANGUL ORISSA
Website : www.rotarypublicschoolangul.in"
528,"Aff. No. :1530087
Sch. Code:15416","State : ODISHA
District : ANUGUL",Secondary Level,"Name : MAHARISHI VIDYA MANDIR
Head/Principal Name: Chandrakanta Mahapatra","Address : AT & PO TURANG VIG & DISTT ANGUL ORISSA
Website : www.mvmangul.org"
529,"Aff. No. :1530029
Sch. Code:15332","State : ODISHA
District : ANUGUL",Senior Secondary Level,"Name : D.A.V PUBLIC SCHOOL,NTPC,DEEPSHIKHA,KANIHA
Head/Principal Name: SADANANDA HOTTA","Address : NTPC, DEEPSHIKHA, KANIHA DIST- ANGUL ORISSA-759147
Website : www.davntpckaniha.in"
530,"Aff. No. :1530018
Sch. Code:15350","State : ODISHA
District : ANUGUL",Senior Secondary Level,"Name : DELHI PUBLIC SCHOOL
Head/Principal Name: PRAVIN KUMAR SHARMA","Address : NALCO NAGAR ANGUL DISTT ORISSA-759145
Website : http://www.dpsnalconagar.org"
531,"Aff. No. :1520176
Sch. Code:17262","State : ODISHA
District : ANUGUL",Senior Secondary Level,"Name : ODISHA ADARSHA VIDYALAYA RANIAKATA
Head/Principal Name: SOUMYA PALLAB GURU","Address : AT/PO:RANIAKATA BLOCK:KISHORENAGAR DIST:ANGUL ODISHA-759126
Website : www.oav.edu.in"
532,"Aff. No. :1520177
Sch. Code:17263","State : ODISHA
District : ANUGUL",Senior Secondary Level,"Name : ODISHA ADARSHA VIDYALAYA, KHANDAHATA
Head/Principal Name: TIKUNU BEHERA","Address : AT/PO- KHANDAHATA PS-ANGUL DIST-ANGUL PIN-759132
Website : www.oav.edu.in"
533,"Aff. No. :1520352
Sch. Code:17405","State : ODISHA
District : ANUGUL",Senior Secondary Level,"Name : ODISHA ADARSHA VIDYALAYA GOPINATHPUR
Head/Principal Name: AKSHAYA KUMAR SAHOO","Address : PS-CHHENDIPADA BLOCK-CHHENDIPADA, DIST-ANGUL
Website : www.oav.edu.in"
534,"Aff. No. :1520116
Sch. Code:17202","State : ODISHA
District : ANUGUL",Senior Secondary Level,"Name : ODISHA ADARSH VIDYALAYA
Head/Principal Name: AJIT RANJAN MALI","Address : AT. SUBARNAPALI, PO-PALLAHARA, DIST. ANGUL-759119 (ODISHA)
Website : https://oav.edu.in/OAVPAL"
535,"Aff. No. :1500027
Sch. Code:19126","State : ODISHA
District : ANUGUL",Senior Secondary Level,"Name : KENDRIYA VIDYALAYA
Head/Principal Name: KRISHAN KUMAR","Address : NTPC, KANIHA DEEPSHIKHA DISTT ANGUL ORISSA
Website : http://ntpckaniha.kvs.ac.in"
536,"Aff. No. :1500028
Sch. Code:19109","State : ODISHA
District : ANUGUL",Senior Secondary Level,"Name : PM SHRI KENDRIYA VIDYALAYA
Head/Principal Name: HIRANMAYA PRASAD CHAND","Address : NAC GUEST HOUSE BUILDING PO & POST ANGUL ORISSA
Website : https://angul.kvs.ac.in"
537,"Aff. No. :1500012
Sch. Code:15330","State : ODISHA
District : ANUGUL",Senior Secondary Level,"Name : DAV PUBLIC SCHOOL
Head/Principal Name: SUKLA CHAKRABORTY","Address : MCL JAGANNATH AREA PO DERA DISTT ANGUL ORISSA
Website : www.davdera.org"
538,"Aff. No. :1500157
Sch. Code:19365","State : ODISHA
District : ANUGUL",Secondary Level,"Name : KENDRIYA VIDYALAYA MCL SUBHADRA AREA
Head/Principal Name: BRAJESH KUMAR MEENA","Address : SOUTH BALANDA, TALCHER, NEAR SHANI MANDIR
Website : https://mclsubhadra.kvs.ac.in"
539,"Aff. No. :1500158
Sch. Code:19366","State : ODISHA
District : ANUGUL",Secondary Level,"Name : KENDRIYA VIDYALAYA MCL JAGANNATH AREA
Head/Principal Name: ASHA KUMARI","Address : CENTRAL COLONY, GHANTAPADA, TALCHER
Website : https://mcljagannath.kvs.ac.in/"
540,"Aff. No. :1500062
Sch. Code:19272","State : ODISHA
District : ANUGUL",Senior Secondary Level,"Name : KENDRIYA VIDYALAYA NO.2, ANGUL
Head/Principal Name: PUNKAJ KUMAR","Address : AT- RAILWAY COLONY, RANIGODA, PO- TURANG, DIST- ANGUL, ODISHA, PIN-759123
Website : https://no2angul.kvs.ac.in/"
541,"Aff. No. :1500030
Sch. Code:19136","State : ODISHA
District : BARGARH",Senior Secondary Level,"Name : PM SHRI KENDRIYA VIDYALAYA
Head/Principal Name: AKHAY ROY","Address : BARGARH AT/PO BARDOL DISTT BARGARH ORISSA
Website : https://bargarh.kvs.ac.in"
542,"Aff. No. :1520038
Sch. Code:17110","State : ODISHA
District : BARGARH",Senior Secondary Level,"Name : ODISHA ADARSHA VIDYALAYA
Head/Principal Name: JANAKIBALLAV PAIK","Address : BANDUPALI, AT. P.O BUDAMAL, PS. BUDEN. DISTT. BARGARH, ODISHA-768036
Website : https://oav.edu.in/OAVBDP"
543,"Aff. No. :1520036
Sch. Code:17128","State : ODISHA
District : BARGARH",Senior Secondary Level,"Name : ODISHA ADARSHA VIDYALAYA
Head/Principal Name: SMRUTI PRIYADARSINI SAHOO","Address : FREZOPUR, P.O-KECHHODADAR, VIA/PS/ PAIKMAL, DISTT.-BARGARH, ODISHA-768039
Website : www.oav.edu.in"
544,"Aff. No. :1520086
Sch. Code:17129","State : ODISHA
District : BARGARH",Senior Secondary Level,"Name : ODISHA ADARSH VIDYALAYA
Head/Principal Name: JOGANANDA SAHU","Address : GAISILAT, AT./P.O-GAISILAT, DIST. BARGARH-768036(ODISHA)
Website : https://oav.edu.in/oav-m.php?type=&GROUP_CODE=OAVGAI"
545,"Aff. No. :1520179
Sch. Code:17265","State : ODISHA
District : BARGARH",Senior Secondary Level,"Name : ODISHA ADARSHA VIDYALAYA GOVINDPUR
Head/Principal Name: KEDARNATH CHOUDHURI","Address : AT/PO-GOVINDPUR PS-SADAR THANA BARGARH
Website : https://oav.edu.in/oav/home/OAVGOV"
546,"Aff. No. :1530003
Sch. Code:15512","State : ODISHA
District : BARGARH",Senior Secondary Level,"Name : THE KOSALA SCHOOL
Head/Principal Name: RABINDRA NATH BEHERA","Address : NUAKHIRPALI P O LARASARA BARGARH DISTT ORISSA
Website : www.thekosalaschool.in"
547,"Aff. No. :1530035
Sch. Code:15449","State : ODISHA
District : BARGARH",Senior Secondary Level,"Name : ROTARY PUBLIC SCHOOL
Head/Principal Name: GAJENDRA NARAYAN MISHRA","Address : AT/PO BARGARH DISTT.BARGARH ORISSA
Website : www.rotarypublicschool.org.in"
548,"Aff. No. :1530084
Sch. Code:15520","State : ODISHA
District : BARGARH",Senior Secondary Level,"Name : VIKASH RESIDENTIAL SCHOOL
Head/Principal Name: SISIR PRASAD RAULO","Address : VIKASH ENCLAVE BARHAGUDA CANAL CHOWK AT PO DISTT BARGARH ORISSA
Website : https://vrsbgh.krishnavikash.com/"
549,"Aff. No. :1530160
Sch. Code:15298","State : ODISHA
District : BARGARH",Secondary Level,"Name : CEMENT NAGAR ENGLISH MEDIUM SCHOOL
Head/Principal Name: PRADIP KUMAR SAHU","Address : AT :CEMENT NAGAR, P.O.BARDOL, DIST.BARGARH
Website : https://cnemsbgh.krishnavikash.com/"
550,"Aff. No. :1530135
Sch. Code:15519","State : ODISHA
District : BARGARH",Senior Secondary Level,"Name : VIDYASAGAR ACADEMY ENGLISH MEDIUM SCHOOL
Head/Principal Name: Panchanan Barik","Address : WARD NO: 3, COLLEGE ROAD, BARGARH
Website : www.vidyasagaracademybrg.in"
551,"Aff. No. :1530146
Sch. Code:15407","State : ODISHA
District : BARGARH",Senior Secondary Level,"Name : LITTLE ANGELS PUBLIC SCHOOL, BARPALI
Head/Principal Name: DILLIP KUMAR MISHRA","Address : CANAL ROAD, BARPALI
Website : https://angels.ac.in"
552,"Aff. No. :1530100
Sch. Code:15469","State : ODISHA
District : BARGARH",Senior Secondary Level,"Name : SIDDHARTHA PUBLIC SCHOOL
Head/Principal Name: G SRINIVASA RAO","Address : AT/PO, KUMELSHINGHA, VIA GODBHOGHA, DISTT. BARGARH, ATTABIRA, ORRISA
Website : www.thesiddharthaschool.com"
553,"Aff. No. :1520407
Sch. Code:17509","State : ODISHA
District : BARGARH",Senior Secondary Level,"Name : ODISHA ADARSHA VIDYALAYA, M. GANDAPALI
Head/Principal Name: MURARI PRASAD SAHU","Address : PO - JARING, PS - BIJEPUR, BLOCK - BIJEPUR
Website : https://oav.edu.in/oav/home/OAVMGP"
554,"Aff. No. :1520379
Sch. Code:17479","State : ODISHA
District : BARGARH",Senior Secondary Level,"Name : ODISHA ADARSHA VIDYALAYA KESHAIPALI, BHATLI
Head/Principal Name: BARSHA NAYAK","Address : BHATLI, ODISHA
Website : https://oav.edu.in/oav/home/OAVBHN"
555,"Aff. No. :1520380
Sch. Code:17480","State : ODISHA
District : BARGARH",Senior Secondary Level,"Name : ODISHA ADARSHA VIDYALAYA BARPADAR
Head/Principal Name: BIKARTAN PARIDA","Address : PO- LUHAKHANDI, BLOCK- BHEDEN
Website : https://oav.edu.in/oav/home/OAVBPD"
556,"Aff. No. :1520387
Sch. Code:17488","State : ODISHA
District : BARGARH",Senior Secondary Level,"Name : ODISHA ADARSHA VIDYALAYA,KANGAON
Head/Principal Name: CHITTARANJAN SATPATHY","Address : PS-SOHELA, BLOCK-SOHELA
Website : https://oav.edu.in/oav/home/OAVKGN"
557,"Aff. No. :1520394
Sch. Code:17495","State : ODISHA
District : BARGARH",Senior Secondary Level,"Name : ODISHA ADARSHA VIDYALAYA AMBABHONA
Head/Principal Name: DINESH BISWAL","Address : AMBABHONA, AMBABHONA
Website : http://oav.edu.in/oav/home/OAVAMB"
558,"Aff. No. :1520482
Sch. Code:17595","State : ODISHA
District : BARGARH",Secondary Level,"Name : ODISHA ADARSHA VIDYALAYA
Head/Principal Name: GEETA BUDHIA","Address : BHOIPURA, ATTABIRA, BARGARH
Website : https://oav.edu.in/OAVLHD"
559,"Aff. No. :1520443
Sch. Code:17556","State : ODISHA
District : BARGARH",Secondary Level,"Name : ODISHA ADARSHA VIDYALAYA, BALIDHIPA
Head/Principal Name: JITENDRA KUMAR PRADHAN","Address : AT-BALIDHIPA, PO-JHARBANDH, PS-JHARBANDH
Website : https://oav.edu.in/?GROUP_CODE=OAVBLP"
560,"Aff. No. :1520441
Sch. Code:17554","State : ODISHA
District : BARGARH",Secondary Level,"Name : ODISHA ADARSHA VIDYALAYA BARPALI
Head/Principal Name: SANTOSH SAHU","Address : AT - TINGIPALI, PO- KHEMESARA, PS- BARPALI
Website : https://www.oav.edu.in"
561,"Aff. No. :1530258
Sch. Code:15413","State : ODISHA
District : BARGARH",Senior Secondary Level,"Name : MAHAMAYA PUBLIC SCHOOL, PAIKMAL
Head/Principal Name: SUSHANTA KUMAR MOHANTY","Address : AT-IN FRONT OF GOVT HIGH SCHOOL PAIKMAL
Website : www.mpsodisha.com"
562,"Aff. No. :1530168
Sch. Code:15528","State : ODISHA
District : BARGARH",Senior Secondary Level,"Name : ZENITH LIONS GURUKUL
Head/Principal Name: MANOJ KUMAR PANDA","Address : AT-PADAMPUR PO-RAJBORASAMBAR, BARGARH
Website : www.zenithgurukul.in"
563,"Aff. No. :1530227
Sch. Code:15288","State : ODISHA
District : BARGARH",Senior Secondary Level,"Name : BETHANY CONVENT SCHOOL
Head/Principal Name: PRAMILA VAS","Address : NAGENPALI ROAD, TORA
Website : www.bethanybargarh.in"
564,"Aff. No. :1530224
Sch. Code:15459","State : ODISHA
District : BARGARH",Senior Secondary Level,"Name : SANSKAR INTERNATIONAL SCHOOL
Head/Principal Name: Karan Sahu","Address : AT-DANG, PO-BARDOL
Website : www.sanskarbargarh.in"
565,"Aff. No. :1530372
Sch. Code:16124","State : ODISHA
District : BARGARH",Secondary Level,"Name : NIBEDITA PUBLIC SCHOOL
Head/Principal Name: BIRENDRA KUMAR SAHU","Address : PO-SUKUDA, PS-BHATLI
Website : http://www.nibeditapublicschool.com"
566,"Aff. No. :1530502
Sch. Code:16470","State : ODISHA
District : BARGARH",Senior Secondary Level,"Name : WINNER BRIGHT FUTURE
Head/Principal Name: APALI APARAJITA DASH","Address : AT-KHUNTPALI, RAJBORASAMBAR, PURENA
Website : https://winnerbrightfuture.com/"
567,"Aff. No. :1530486
Sch. Code:16439","State : ODISHA
District : BARGARH",Secondary Level,"Name : AIMS INTERNATIONAL SCHOOL
Head/Principal Name: P PRAGYA PARAMITA NANDA","Address : BEHIND ANAND KALYAN MANDAP, BHOIPURA ROAD, ATTABIRA
Website : https://aimsinternationalschoolattabira.com/"
568,"Aff. No. :1530450
Sch. Code:16356","State : ODISHA
District : BARGARH",Secondary Level,"Name : SOHELA PUBLIC SCHOOL
Head/Principal Name: LAXMIKANTA SAHU","Address : AT- SOHELA, PO- SOHELA, PS- SOHELA
Website : www.spssohela.in"
569,"Aff. No. :1540029
Sch. Code:19059","State : ODISHA
District : BARGARH",Senior Secondary Level,"Name : JAWAHAR NAVODAYA VIDYALAYA
Head/Principal Name: ARABINDA PATRA","Address : P O PAIKMAL DISTT BARGARH ORRISA
Website : https://navodaya.gov.in/nvs/nvs-school/Bargarh/en/about_us/"
570,"Aff. No. :1540028
Sch. Code:19063","State : ODISHA
District : BHADRAK",Senior Secondary Level,"Name : PM SHRI SCHOOL JAWAHAR NAVODAYA VIDYALAYA
Head/Principal Name: NIRANJAN DALAI","Address : AT/POST BIRAS, VIA-BASUDEVPUR, DISTT BHADRAK, ORISSA
Website : www.navodaya.gov.in/nvs/nvs-school/Bhadrak/en/home"
571,"Aff. No. :1530504
Sch. Code:16472","State : ODISHA
District : BHADRAK",Senior Secondary Level,"Name : HAPPY HOME SCHOOL
Head/Principal Name: PARSURAM JENA","Address : AT-PATHARADI, PO-CHARAMPA, PS-BHADRAK
Website : http://happyhomeschoolbhadrak.com/"
572,"Aff. No. :1530436
Sch. Code:16308","State : ODISHA
District : BHADRAK",Secondary Level,"Name : SRI SATHYA SAI VIDYA VIHAR
Head/Principal Name: PRIYADARSHANI MAHAMAYA MOHAPATRA","Address : AT- APARTIBINDHA, PO- BHADRAK, DIST- BHADRAK
Website : https://srisathyasaividyaviharbhdk.in/"
573,"Aff. No. :1530434
Sch. Code:16302","State : ODISHA
District : BHADRAK",Secondary Level,"Name : SUNSHINE MISSION SCHOOL
Head/Principal Name: JANMEJAY SETHI","Address : AT- KACHERY BAZAR , PO- BHADRAK, PS- BHADRAK
Website : https://sunshinemissionsclbhadrak.in"
574,"Aff. No. :1530447
Sch. Code:16339","State : ODISHA
District : BHADRAK",Secondary Level,"Name : APEX ENGLISH MEDIUM SCHOOL
Head/Principal Name: DEBENDRA KUMAR ROUT","Address : AT- NARASINGHPUR, PO- DHUSURI, PS- DHUSURI
Website : https://www.apexenglishmediumschool.com/"
575,"Aff. No. :1530479
Sch. Code:16426","State : ODISHA
District : BHADRAK",Secondary Level,"Name : DREAM INDIA SCHOOL
Head/Principal Name: PRATAP KUMAR SAHU","Address : AT- CHHAPULIA, PO- BHADRAK, PS- BHADRAK
Website : https://dreamindiaschoolbhadrak.com/"
576,"Aff. No. :1530376
Sch. Code:16130","State : ODISHA
District : BHADRAK",Secondary Level,"Name : ACADEMIC INTERNATIONAL SCHOOL
Head/Principal Name: Gourang Charan Nayak","Address : PO- GANIJANG , VIA- BARAPADA
Website : http://www.aisganijang.com"
577,"Aff. No. :1530379
Sch. Code:16134","State : ODISHA
District : BHADRAK",Secondary Level,"Name : DAV MADAN MOHAN PUBLIC SCHOOL
Head/Principal Name: Rutuparna Sahu","Address : ICHHAPUR, BHADRAK
Website : www.davbhadrak.in"
578,"Aff. No. :1530417
Sch. Code:16244","State : ODISHA
District : BHADRAK",Secondary Level,"Name : SAI VINAYAK INTERNATIONAL SCHOOL
Head/Principal Name: SHISHIR RANJAN PANIGRAHI","Address : PRACHI NAGAR, MADHAB NAGAR
Website : http://saivinayakinternationalschool.com"
579,"Aff. No. :1530195
Sch. Code:15464","State : ODISHA
District : BHADRAK",Senior Secondary Level,"Name : SBD INTERNATIONAL SCHOOL
Head/Principal Name: YUDHISTIR DEBATA","Address : GOPABANDUPUR, GELPUR, BHADRAK
Website : www.sbdisbhadrak.com"
580,"Aff. No. :1530196
Sch. Code:15405","State : ODISHA
District : BHADRAK",Senior Secondary Level,"Name : LAXMI NARAYAN PUBLIC SCHOOL
Head/Principal Name: SANJAY KUMAR PANDA","Address : AT. SAHADA P.O. SAHADA SABARANG
Website : www.lnpschool.ac.in"
581,"Aff. No. :1530264
Sch. Code:15428","State : ODISHA
District : BHADRAK",Senior Secondary Level,"Name : NRI INTERNATIONAL SCHOOL
Head/Principal Name: Bibekananda Senapati","Address : AT- ARADI CHHAKA, PO- GELPUR
Website : www.nriis.org"
582,"Aff. No. :1530273
Sch. Code:15770","State : ODISHA
District : BHADRAK",Senior Secondary Level,"Name : ADANI PUBLIC SCHOOL DHAMRA
Head/Principal Name: KRISHNAPRIYA SARANGI","Address : C/O. DPCL DAV PUBLIC SCHOOL DHAMRA PORT, DOSINGA
Website : www.adanidav.org"
583,"Aff. No. :1530286
Sch. Code:15895","State : ODISHA
District : BHADRAK",Secondary Level,"Name : JYOTHI CONVENT SCHOOL
Head/Principal Name: Jibi Joseph","Address : AT GELPUR, VIA MADHAV NAGAR, DIST BHADRAK
Website : www.jcsbhadrak.com"
584,"Aff. No. :1520438
Sch. Code:17551","State : ODISHA
District : BHADRAK",Secondary Level,"Name : ODISHA ADARSHA VIDYALAYA SANTHAPURA
Head/Principal Name: ARATI SAHU","Address : SANTHAPURA, TIHIDI, BHADRAK
Website : http://www.oav.edu.in"
585,"Aff. No. :1520434
Sch. Code:17547","State : ODISHA
District : BHADRAK",Secondary Level,"Name : ODISHA ADARSHA VIDYALAYA MAJHIGAON,CHANDABALI
Head/Principal Name: GANGADHAR SAHU","Address : AT-MAJHIGAON, PO-BIJAYANAGAR, PS-CHANDABALI
Website : https://www.oav.edu.in/"
586,"Aff. No. :1520384
Sch. Code:17485","State : ODISHA
District : BHADRAK",Senior Secondary Level,"Name : ODISHA ADARSHA VIDYALAYA, ERAM, BASUDEVPUR
Head/Principal Name: ISHWAR CHANDRA MANDAL","Address : VIA- BASUDEVPUR, PS- BASUDEVPUR
Website : https://oav.edu.in/oav/home/OAVERA"
587,"Aff. No. :1520361
Sch. Code:17414","State : ODISHA
District : BHADRAK",Senior Secondary Level,"Name : ODISHA ADARSHA VIDYALAYA OLANGA
Head/Principal Name: MANASA KUMAR MAJHI","Address : VIA - RANDIA HAT, PS - BHADRAK RURAL
Website : www.oav.edu.in"
588,"Aff. No. :1520431
Sch. Code:17544","State : ODISHA
District : BHADRAK",Senior Secondary Level,"Name : ODISHA ADARSHA VIDYALAYA UTTARBAD
Head/Principal Name: PRADEEP KUMAR SETHI","Address : UTTARBAD, BHANDARI POKHARI, BHADRAK
Website : https://oav.edu.in/oav/home/OAVUTB"
589,"Aff. No. :1530095
Sch. Code:15504","State : ODISHA
District : BHADRAK",Secondary Level,"Name : ST XAVIERS HIGH SCHOOL
Head/Principal Name: Tanushree Datta","Address : PO CHARAMPA BHADRAK ORISSA
Website : www.xavierbdk.in"
590,"Aff. No. :1530117
Sch. Code:15434","State : ODISHA
District : BHADRAK",Secondary Level,"Name : OXFORD PUBLIC SCHOOL
Head/Principal Name: SARAT KUMAR MISHRA","Address : AT/PO DHAMNAGAR, DISTT BHADRAK, DHAMNAGAR, ORISSA-756117
Website : www.opsodisha.in"
591,"Aff. No. :1530048
Sch. Code:15315","State : ODISHA
District : BHADRAK",Senior Secondary Level,"Name : DAV SDPS PUBLIC SCHOOL
Head/Principal Name: KARTIK CHANDRA DASH","Address : D P NAGAR BHADRAK ODISHA
Website : http://davsdps.org.in/"
592,"Aff. No. :1520180
Sch. Code:17266","State : ODISHA
District : BHADRAK",Senior Secondary Level,"Name : ODISHA ADARSHA VIDYALAYA, PALASAGADIA
Head/Principal Name: PARTHA SUNDAR MOHAKUD","Address : AT- PALASAGADIA, PO-BEGANA, VIA-BONTH, DISTRICT-BHADRAK
Website : https://oav.edu.in/oav/home/OAVPSD"
593,"Aff. No. :1520351
Sch. Code:17404","State : ODISHA
District : BHADRAK",Senior Secondary Level,"Name : ODISHA ADARSHA VIDYALAYA, SHYAMPUR
Head/Principal Name: TANWEER ABID","Address : DHAMNAGAR, BHADRAK
Website : www.oav.edu.in"
594,"Aff. No. :1500037
Sch. Code:19115","State : ODISHA
District : BHADRAK",Senior Secondary Level,"Name : PM SHRI KENDRIYA VIDYALAYA
Head/Principal Name: PADMAWATI DWIVEDI","Address : BHADRAK AT KORKORA ROAD, SPO ARNAPAL, BHADRAK, ORISSA-756 116
Website : https://bhadrak.kvs.ac.in/"
595,"Aff. No. :1500039
Sch. Code:19102","State : ODISHA
District : BOUDH",Senior Secondary Level,"Name : PM SHRI KENDRIYA VIDYALAYA BOUDH
Head/Principal Name: SANAKA MEHER","Address : AT/PO BOUDH, DISTT. BOUDH, ORISSA
Website : https://boudh.kvs.ac.in"
596,"Aff. No. :1520118
Sch. Code:17204","State : ODISHA
District : BOUDH",Senior Secondary Level,"Name : ODISHA ADARSH VIDYALAYA,
Head/Principal Name: SANTANU KUMAR DASH","Address : AINLACHUAN, BLOCK-KANTAMAL, DIST.-BOUDH(ODISHA)
Website : https://www.oav.edu.in/oav/home/OAVAIN"
597,"Aff. No. :1520119
Sch. Code:17205","State : ODISHA
District : BOUDH",Senior Secondary Level,"Name : ODISHA ADARSH VIDYALAYA
Head/Principal Name: RAJKISHORE PRUSTY","Address : AT./PO-TETELENGA, BOUDH(ODISHA)
Website : www.oav.edu.in/oav/home/oavtet"
598,"Aff. No. :1520120
Sch. Code:17206","State : ODISHA
District : BOUDH",Senior Secondary Level,"Name : ODISHA ADARSH VIDYALAYA
Head/Principal Name: SANAT KUMAR GARTIA","Address : AT-MANIPUR, PO-BADABANDHA,VIA-DURUNAKATAK, BLOCK-HARBHANGA, DIST-BOUDH-762013
Website : https://oav.edu.in/OAVGHO"
599,"Aff. No. :1530476
Sch. Code:16423","State : ODISHA
District : BOUDH",Senior Secondary Level,"Name : ST XAVIERS PUBLIC SCHOOL
Head/Principal Name: SASMITA SENAPATI","Address : AT- BOUDH, PO- BOUDH, PS - BOUDH
Website : www.stxavierspublicschoolboudh.com"
600,"Aff. No. :1540023
Sch. Code:19060","State : ODISHA
District : BOUDH",Senior Secondary Level,"Name : PM SHRI SCHOOL JAWAHAR NAVODAYA VIDYALAYA
Head/Principal Name: BRAHMDEO PRASAD","Address : BOUDH AT JD HIGH SCHOOL HOSTEL BOUDH PO & DISTT BOUDH ORISSA
Website : https://www.navodaya.gov.in/nvs/nvs-school/Boudh/e"
601,"Aff. No. :1540026
Sch. Code:19083","State : ODISHA
District : DEOGARH",Senior Secondary Level,"Name : PM SHRI SCHOOL JAWAHAR NAVODAYA VIDYALAYA
Head/Principal Name: UTTAM PRASAD","Address : DEOGARH DISTT., ORISSA
Website :"
602,"Aff. No. :1530314
Sch. Code:16062","State : ODISHA
District : DEOGARH",Senior Secondary Level,"Name : CHINMAYA VIDYALAYA
Head/Principal Name: ABHAYA KUMAR SAHOO","Address : AT-SUNAMUNDA PO-SUGUDA PS-DEOGARH
Website : www.cvdeogarh.in"
603,"Aff. No. :1530397
Sch. Code:16184","State : ODISHA
District : DEOGARH",Secondary Level,"Name : NOTRE DAME ACADEMY
Head/Principal Name: SUSHMITA","Address : P.O.SUGUDA, DEOGARH
Website : https://www.notredame-odisha.com"
604,"Aff. No. :1520112
Sch. Code:17197","State : ODISHA
District : DEOGARH",Senior Secondary Level,"Name : ODISHA ADARSH VIDYALAYA
Head/Principal Name: PRASHANT KUMAR KAR","Address : AT./PO-TILEIBANI, DISTT. DEOGARH, ODISHA-769119.
Website : https://oav.edu.in/"
605,"Aff. No. :1520184
Sch. Code:17270","State : ODISHA
District : DEOGARH",Senior Secondary Level,"Name : ODISHA ADARSHA VIDYALAYA BARKOTE, DEOGARH
Head/Principal Name: Sipra Satapathy","Address : AT-BAHADAPOSI(GOPAPUR) PO-BARKOTE DIST-DEOGARH PIN-768110
Website : https://www.oav.edu.in/"
606,"Aff. No. :1500045
Sch. Code:19111","State : ODISHA
District : DEOGARH",Senior Secondary Level,"Name : KENDRIYA VIDYALAYA
Head/Principal Name: BHAGABANA SAHU","Address : DEOGARH, GOVT GIRLS HIGH SCHOOL CAMPUS, DEOGARH, DISTT. DEOGARH, ODISHA
Website : https://devgarh.kvs.ac.in"
607,"Aff. No. :1520072
Sch. Code:17117","State : ODISHA
District : DEOGARH",Senior Secondary Level,"Name : ODISHA ADARSH VIDHYALAYA,
Head/Principal Name: SMITA NAIK","Address : BUDHAPAL,P.O- SARPAL, PS- KUNDHEIGOLA VIA- REAMAL, DIST- DEOGARH, ODISHA-768109
Website : https://oav.edu.in/OAVBUD"
608,"Aff. No. :1520420
Sch. Code:17529","State : ODISHA
District : DEOGARH",Senior Secondary Level,"Name : EKALAVYA MODEL RESIDENTIAL SCHOOL, KALAMATI
Head/Principal Name: Doman Ekka","Address : KALAMATI, BASALOI, TILEIBANI
Website : https://emrskalamati.com"
609,"Aff. No. :1520457
Sch. Code:17570","State : ODISHA
District : GAJAPATI",Secondary Level,"Name : EKLAVYA MODEL RESIDENTIAL SCHOOL, GUMMA
Head/Principal Name: Dr. Siddhartha Varma","Address : GUMMA, AT KUSAPALLI, PO MAHENDRAGADA
Website : www.omtes.org"
610,"Aff. No. :1520471
Sch. Code:17584","State : ODISHA
District : GAJAPATI",Secondary Level,"Name : KALINGA MODEL RESIDENTIAL SCHOOL
Head/Principal Name: HOSIYA DORA","Address : MAHENDRAGADA, AT KUSAPALLI, BLOCK R UDAYAGIRI
Website : http://www.omtes.org"
611,"Aff. No. :1520511
Sch. Code:17628","State : ODISHA
District : GAJAPATI",Secondary Level,"Name : EKLAVYA MODEL RESIDENTIAL SCHOOL R.UDAYAGIRI
Head/Principal Name: Siddhartha Varma","Address : PANCHAYAT- RAMGIRI, BLOCK- R.UADAYAGIRI, DISTRICT -GAJAPATI
Website : www.emrsrudaygiri.com"
612,"Aff. No. :1530139
Sch. Code:15300","State : ODISHA
District : GAJAPATI",Senior Secondary Level,"Name : CENTURION PUBLIC SCHOOL
Head/Principal Name: SUNITA PANIGRAHEE","Address : AT - ALLURI NAGAR PO - R. SITAPUR, VIA UPPALADA PARALAKHEMUNDI, DISTT GAJPATI, ORISSA-761211
Website : www.cpsparala.ac.in"
613,"Aff. No. :1520070
Sch. Code:17104","State : ODISHA
District : GAJAPATI",Senior Secondary Level,"Name : ODISHA ADARSHA VIDYALAYA SANGTHAN
Head/Principal Name: Sunita Kumari Pattanayak","Address : N/1/9, NAYAPALLI, PO. SAINIK OAV, BHUBANESWAR
Website : https://www.oav.edu.in/oav/home/OAVALL"
614,"Aff. No. :1520052
Sch. Code:17137","State : ODISHA
District : GAJAPATI",Senior Secondary Level,"Name : ODISHA ADARSHA VIDYALAYA
Head/Principal Name: SASMITA KUMARI PADHY","Address : AT-GUNDIMA, P.O ADAVA, BLOCK-MOHANA, GAJAPATI-761217
Website : https://oav.edu.in/oav/home/oavgun"
615,"Aff. No. :1520053
Sch. Code:17148","State : ODISHA
District : GAJAPATI",Senior Secondary Level,"Name : ODISHA ADARSHA VIDYALAYA SANGTHAN
Head/Principal Name: SANTOSINI PADHY","Address : KAITHAPADAR, RAYAGADA, GAJAPATI, ODISHA
Website : www.oav.edu.in"
616,"Aff. No. :1520026
Sch. Code:17124","State : ODISHA
District : GAJAPATI",Senior Secondary Level,"Name : ODISHA ADARSHA VIDYALAYA
Head/Principal Name: MADHUSMITA PATRA","Address : AT/P.O. CHHELIGADA, VIA R. UDAYAGIRI, BLOCK-R. UDAIGIRI, DISTT. GAJAPATI-761016
Website : https://www.oav.edu.in/oav/home/OAVCHE"
617,"Aff. No. :1520002
Sch. Code:17090","State : ODISHA
District : GAJAPATI",Senior Secondary Level,"Name : EKLAVYA MODEL RESIDENTIAL SCHOOL
Head/Principal Name: PRASANNA KUMAR BEHERA","Address : AT/PO CHANDRA GIRI TEH. MOHINA DISTT. GAJAPATI, ORISSA
Website : www.omtes.org/emrschandragiri"
618,"Aff. No. :1500036
Sch. Code:19130","State : ODISHA
District : GAJAPATI",Senior Secondary Level,"Name : PM SHRI KENDRIYA VIDYALAYA
Head/Principal Name: DURGA PRASAD PANDA","Address : GAJAPATI, AT-BETAGUDA, POST-JAMMI, VIA PARLAKHEMUNDI, DIST, GAJAPATI, ODISHA
Website : https://gajapati.kvs.ac.in"
619,"Aff. No. :1520128
Sch. Code:17214","State : ODISHA
District : GAJAPATI",Senior Secondary Level,"Name : ODISHA ADARSH VIDYALAYA
Head/Principal Name: DUNGU YADAVARAO","Address : AT.-LINGIPUR, PO-SOBARA, VIA GARABANDHA,BLOCK-PARALAKHEMUNDI, DIST-GAJAPATI-ODISHA-761215
Website : http://www.oav.edu.in/oav/home/OAVLIN"
620,"Aff. No. :1520130
Sch. Code:17216","State : ODISHA
District : GAJAPATI",Senior Secondary Level,"Name : ODISHA ADARSH VIDYALAYA
Head/Principal Name: SUBRAT KUMAR PATTASANI","Address : AT/PO-GUMMA, DIST.-GAJAPATI, ODISHA-761207
Website : https://www.oav.edu.in/OAVGUM"
621,"Aff. No. :1520131
Sch. Code:17217","State : ODISHA
District : GAJAPATI",Senior Secondary Level,"Name : ODISHA ADARSH VIDYALAYA
Head/Principal Name: RUSHI DOLAI","Address : AT./PO PARIMALA, DIST.-GAJAPATI,ODISHA.
Website : https://www.oav.edu.in/oav/home/OAVPAR"
622,"Aff. No. :1530446
Sch. Code:16337","State : ODISHA
District : GAJAPATI",Secondary Level,"Name : VIKASH VIDYA NIKETAN
Head/Principal Name: SUDHIR KUMAR PADHY","Address : AT- PARALAKHEMUNDI, PO- PARALAKHEMUNDI, PS- PARALAKHEMUNDI
Website : http://vikashvidyaniketan.in/"
623,"Aff. No. :1530468
Sch. Code:16412","State : ODISHA
District : GAJAPATI",Senior Secondary Level,"Name : ST. ANDREW'S ENGLISH MEDIUM SCHOOL
Head/Principal Name: JAGADISH PANDA","Address : AT-SARIYAPALLI,GOSANI, PO-ADAGAM, PS-GURANDI
Website : https://staemschool.com/"
624,"Aff. No. :1540018
Sch. Code:19064","State : ODISHA
District : GAJAPATI",Senior Secondary Level,"Name : PM SHRI SCHOOL JAWAHAR NAVODAYA VIDYALAYA
Head/Principal Name: JAINATH PRASAD MAHTHA","Address : AT PO PARALAKHEMUNDI GAJAPATI ORISSA
Website : https://navodaya.gov.in/nvs/nvs-school/Gajapati/en/home/"
625,"Aff. No. :1540027
Sch. Code:19069","State : ODISHA
District : JAGATSINGHAPUR",Senior Secondary Level,"Name : PM SHRI SCHOOL JAWAHAR NAVODAYA VIDYALAYA
Head/Principal Name: SREEKRUSHNA MOHAPATRA","Address : AT/POST, RAHAMA, DISTT. JAGATSINGPUR, ORISSA
Website : https://www.navodaya.gov.in/nvs/nvs-school/Jagatsi"
626,"Aff. No. :1530453
Sch. Code:16366","State : ODISHA
District : JAGATSINGHAPUR",Senior Secondary Level,"Name : ST XAVIERS HIGH SCHOOL
Head/Principal Name: PRIYADARSHINI MOHANTY","Address : AT- TIRTOL, PO- TIRTOL, PS- TIRTOL
Website : http://stxavierstirtol.com/"
627,"Aff. No. :1530252
Sch. Code:15446","State : ODISHA
District : JAGATSINGHAPUR",Secondary Level,"Name : R.B. GURUKUL
Head/Principal Name: SANKARSAN PRADHAN","Address : 15NO, HASINA, PO- MANGARAJPUR, VIA- KUJANG, DIST- JAGATSINGHPUR-754141
Website : www.rbgurukul.org"
628,"Aff. No. :1530247
Sch. Code:15391","State : ODISHA
District : JAGATSINGHAPUR",Secondary Level,"Name : JAGATSINGHPUR PUBLIC SCHOOL
Head/Principal Name: RAJASHREE RAY","Address : AT/PO- JAGATSINGHPUR
Website : www.jsppublicschool.in"
629,"Aff. No. :1530192
Sch. Code:15473","State : ODISHA
District : JAGATSINGHAPUR",Secondary Level,"Name : SRI SATHYA SAI JNANA VIKASH SCHOOL, PANKAPAL
Head/Principal Name: Rashmita Kabi","Address : AT/PO - PANKAPAL, VIA - RAHAMA, DIST - JAGATSINGHPUR, PIN - 754140
Website : www.sssjvp.com"
630,"Aff. No. :1530193
Sch. Code:15333","State : ODISHA
District : JAGATSINGHAPUR",Secondary Level,"Name : DAV PUBLIC SCHOOL, PARADEEP PORT,PARADEEP
Head/Principal Name: GEETANJALI HOTA","Address : VPOINT BADAPADIA, KUJANG, JATSINGHPUR
Website : www.davppt.com"
631,"Aff. No. :1530202
Sch. Code:15346","State : ODISHA
District : JAGATSINGHAPUR",Senior Secondary Level,"Name : DELHI PUBLIC SCHOOL PARADIP REFINERY
Head/Principal Name: JAGNESWAR BORA","Address : PARADIP REFINERY TOWNSHIP , P.O. PARADIPGARH, VIA KUJANG, DISTRICT JAGATSINGHPUR , ODISHA -754141
Website : www.dpsparadip.edu.in"
632,"Aff. No. :1520190
Sch. Code:17276","State : ODISHA
District : JAGATSINGHAPUR",Senior Secondary Level,"Name : ODISHA ADARSHA VIDYALAYA, SALAJANGA, JAGATSINGHPUR
Head/Principal Name: MANOJ KUMAR NANDI","Address : AT- SALAJANGA, PO- ALANAHAT,PIN- 754107
Website : www.oav.edu.in"
633,"Aff. No. :1500007
Sch. Code:19129","State : ODISHA
District : JAGATSINGHAPUR",Senior Secondary Level,"Name : KENDRIYA VIDYALAYA
Head/Principal Name: PANKAJ VARSHNEY","Address : PARADIP PORT DISTT JAGATSINGHPUR ORISSA
Website : https://paradiport.kvs.ac.in"
634,"Aff. No. :1500151
Sch. Code:19354","State : ODISHA
District : JAGATSINGHAPUR",Senior Secondary Level,"Name : PM SHRI KENDRIYA VIDYALAYA JAGATSINGHPUR
Head/Principal Name: RAVI BACHHETY","Address : PM SHRI K V JAGATSINGHPUR, Village Sampur, Post- Dedhasardeuli, via Nalibar, Distt. - Jagatsingpur
Website : https://jagatsinghpur.kvs.ac.in/"
635,"Aff. No. :1530147
Sch. Code:15336","State : ODISHA
District : JAGATSINGHAPUR",Senior Secondary Level,"Name : DAV PUBLIC SCHOOL
Head/Principal Name: SAMBIT SUKUMAR CHINARA","Address : IFFCO TOWNSHIP,IFFCO MUSADIA,PARADEEP
Website : www.daviffco.com"
636,"Aff. No. :1530122
Sch. Code:15506","State : ODISHA
District : JAGATSINGHAPUR",Secondary Level,"Name : SUDDHANANDA VIDYALAYA
Head/Principal Name: BISWAJIT SWAIN","Address : AT-MADHAPUR(GANDHICHHAK) PO/DIST-JAGATSINGHPUR
Website : www.svjagatsinghpur.org"
637,"Aff. No. :1530123
Sch. Code:15501","State : ODISHA
District : JAGATSINGHAPUR",Senior Secondary Level,"Name : ST. XAVIER'S HIGH SCHOOL, JAGATSINGHPUR
Head/Principal Name: ABDUL AZIM KHAN","Address : AT-/PO/DIST-JAGATSINGHPUR
Website : www.stxavierjsp.com"
638,"Aff. No. :1530020
Sch. Code:15331","State : ODISHA
District : JAGATSINGHAPUR",Senior Secondary Level,"Name : D A V PUBLIC SCHOOL
Head/Principal Name: SANJEEB KUMAR SAHU","Address : PARABDEEP PHASPHETS LTD PPL TOWNSHIP, PARADEEP DISTT JATSINGHPUR, ORISSA
Website : www.davppl.org"
639,"Aff. No. :1520460
Sch. Code:17573","State : ODISHA
District : JAGATSINGHAPUR",Secondary Level,"Name : ODISHA ADARSHA VIDYALAYA MULISINGH TIRTOL
Head/Principal Name: NIVEDITA PATTANAIK","Address : AT/PO- HARISINGHPUR, VIA- KANAKPUR, TIRTOL, JAGATSINGHPUR
Website : https://oav.edu.in/oav/home/OAVMUL"
640,"Aff. No. :1520464
Sch. Code:17577","State : ODISHA
District : JAGATSINGHAPUR",Secondary Level,"Name : ODISHA ADARSHA VIDYALAYA ,SANKARPUR
Head/Principal Name: DINABANDHU CHINDRA","Address : AT-SANKARPUR PO- GOTHINA , PS-BIRIDI , DIST-JAGATSINGHPUR ,PIN CODE-754132
Website : https://oav.edu.in/oav/home/OAVSAD"
641,"Aff. No. :1520469
Sch. Code:17582","State : ODISHA
District : JAGATSINGHAPUR",Secondary Level,"Name : ODISHA ADARSHA VIDYALAYA SIHA
Head/Principal Name: SANDIPTA ADHIKARY","Address : ODISHA ADARSHA VIDYALAYA SIHA, ERASAMA , AT-SIHA, PO- ERASAMA, DIST-JAGATSINGHPUR, STATE-ODISHA
Website : https://oav.edu.in/oav/home/OAVSIH"
642,"Aff. No. :1520477
Sch. Code:17590","State : ODISHA
District : JAGATSINGHAPUR",Secondary Level,"Name : ODISHA ADARSHA VIDYALAYA AGAPAL, KUJANG
Head/Principal Name: Sachikanta Das","Address : AGAPAL , PANKAPAL, KUJANG
Website : https://www.oav.edu.in"
643,"Aff. No. :1520449
Sch. Code:17562","State : ODISHA
District : JAGATSINGHAPUR",Secondary Level,"Name : ODISHA ADARSHA VIDYALAYA, KORKARA
Head/Principal Name: JAGYANSENI NAYAK","Address : AT-KORKARA, PO-RAGHUNATHPUR, PS-RAGHUNATHPUR
Website : https://oav.edu.in/oav/home/OAVKOR"
644,"Aff. No. :1520450
Sch. Code:17563","State : ODISHA
District : JAGATSINGHAPUR",Secondary Level,"Name : ODISHA ADARSHA VIDYALAYA DAHIPAL
Head/Principal Name: Archana Nanda","Address : AT-DAHIPAL, PO-NANDIGRAM, PS-NAUGAON, 754113
Website : https://oav.edu.in/oav/home/OAVDAH"
645,"Aff. No. :1520444
Sch. Code:17557","State : ODISHA
District : JAGATSINGHAPUR",Secondary Level,"Name : ODISHA ADARSHA VIDYALAYA, DUA
Head/Principal Name: AJIT PRADHAN","Address : AT-DUA, PO-BORIKINA, BLOCK-BALIKUDA
Website : https://www.oav.edu.in/OAVBDU"
646,"Aff. No. :1520465
Sch. Code:17578","State : ODISHA
District : JAJPUR",Secondary Level,"Name : ODISHA ADARSHA VIDYALAYA, JAGANNATHPUR, BARI
Head/Principal Name: KANAK MUNDA","Address : AT- JAGANNATHPUR , PO- BARI CTC, BLOCK - BARI
Website : https://oav.edu.in/oav/home/OAVJAP"
647,"Aff. No. :1520458
Sch. Code:17571","State : ODISHA
District : JAJPUR",Senior Secondary Level,"Name : ODISHA ADARSHA VIDYALAYA, RASULPUR
Head/Principal Name: GOLAKHA CHANDRA MALIK","Address : AT/P.O-KALAN, BLOCK-RASULPUR, DIST-JAJPUR
Website : https://www.oav.edu.in/"
648,"Aff. No. :1520498
Sch. Code:17612","State : ODISHA
District : JAJPUR",Secondary Level,"Name : ODISHA MINING ADARSHA VIDYALAYA, KALIAPANI
Head/Principal Name: JASMITA SETHI","Address : AT-KALIAPANI, PO-KALIAPANI, BLOCK-SUKINDA
Website : https://oav.edu.in/?GROUP_CODE=OMAVKAL"
649,"Aff. No. :1520377
Sch. Code:17477","State : ODISHA
District : JAJPUR",Senior Secondary Level,"Name : ODISHA ADARSHA VIDYALAYA UTTARKUL
Head/Principal Name: BISWAPUJITA DWIBEDI","Address : PO-UTTARKULHAT, PS-BINJHARPUR
Website : http://oav.edu.in"
650,"Aff. No. :1520389
Sch. Code:17490","State : ODISHA
District : JAJPUR",Senior Secondary Level,"Name : ODISHA ADARSHA VIDYALAYA DARPANI
Head/Principal Name: SUBHASHREE PRIYADARSHINI OJHA","Address : PO- BADCHANA, PS- BADCHANA
Website : https://oav.edu.in/oav/home/OAVDAP"
651,"Aff. No. :1530119
Sch. Code:15283","State : ODISHA
District : JAJPUR",Senior Secondary Level,"Name : APEX ENGLISH MEDIUM SCHOOL
Head/Principal Name: ANIL KUMAR RAY","Address : AT LALITESWAR NAGAR (BAIDYARAJPUR), P.O. DEVIDWAR, DIST. JAJPUR, ORISSA-755007
Website : www.aemsjajpur.com"
652,"Aff. No. :1530114
Sch. Code:15486","State : ODISHA
District : JAJPUR",Senior Secondary Level,"Name : ST XAVIER'S HIGH SCHOOL
Head/Principal Name: HEMANTA KUMAR SETH","Address : LAXMINAGAR,P/O F.C.PROJECT JAJPUR ROAD DIST JAJPUR-755020, ORISSA
Website : http://stxaviersjajpur.org/"
653,"Aff. No. :1500100
Sch. Code:19301","State : ODISHA
District : JAJPUR",Senior Secondary Level,"Name : PM SHRI KENDRIYA VIDYALAYA VYASNAGAR
Head/Principal Name: KAMLESH KUMAR","Address : PM SHRI KENDRIYA VIDYALAYA VYASNAGAR, ITAPUR, JAJPUR ROAD, JAJPUR, 755019
Website : http://vyasnagar.kvs.ac.in"
654,"Aff. No. :1500041
Sch. Code:19105","State : ODISHA
District : JAJPUR",Senior Secondary Level,"Name : PM SHRI KENDRIYA VIDYALAYA
Head/Principal Name: SANJAY","Address : JAJPUR AT, AKARPEDA PO SIDHARPUR VIA CHITALO DT JAJPUR ODISHA-755062
Website : https://jajpur.kvs.ac.in"
655,"Aff. No. :1520011
Sch. Code:17099","State : ODISHA
District : JAJPUR",Senior Secondary Level,"Name : EKLAVYA MODEL RESIDENTIAL SCHOOL
Head/Principal Name: AMBIKA PRASAD PADHY","Address : AT RAMPILO, PO OLLALA, VIA DANAGADI, DISTT. JAJPUR ORISSA
Website : http://omtes.org"
656,"Aff. No. :1520191
Sch. Code:17277","State : ODISHA
District : JAJPUR",Senior Secondary Level,"Name : ODISHA ADARSHA VIDYALAYA MADHAPUR
Head/Principal Name: MANASI SAHOO","Address : AT-MADHAPUR PO-SUKINDA DIST-JAJPUR PIN-755018
Website : https://oav.edu.in/?GROUP_CODE=OAVBHQ"
657,"Aff. No. :1520123
Sch. Code:17209","State : ODISHA
District : JAJPUR",Senior Secondary Level,"Name : ODISHA ADARSH VIDYALAYA
Head/Principal Name: KUMUDA RANJAN BARIK","Address : BEGANA KAI, JAIPUR, AT-BEGANA, PO-DHANESWAR, PS-KAI, DIST-JAJPUR-755022.
Website : https://oav.edu.in/OAVBEG"
658,"Aff. No. :1520133
Sch. Code:17219","State : ODISHA
District : JAJPUR",Senior Secondary Level,"Name : ODISHA ADARSH VIDYALAYA
Head/Principal Name: BINOD BIHARI AICH","Address : GAHIRAPATULI, DANAGADI, JAIPUR-755019 (ODISHA)
Website : www.oavs.in"
659,"Aff. No. :1520134
Sch. Code:17220","State : ODISHA
District : JAJPUR",Senior Secondary Level,"Name : ODISHA ADARSH VIDYALAYA
Head/Principal Name: MD MURTEJA KHAN","Address : MALLIKAPUR, DASARTHPUR, JAIPUR, ODISHA.
Website : https://oav.edu.in/oav/home/OAVMAL"
660,"Aff. No. :1520135
Sch. Code:17221","State : ODISHA
District : JAJPUR",Senior Secondary Level,"Name : ODISHA ADARSH VIDYALAYA
Head/Principal Name: SURASMITA MOHANTY","Address : DEULIPAL, DHARMASALA, JAIPUR, ODISHA
Website : https://www.oav.edu.in/oav/home/OAVDEU"
661,"Aff. No. :1520136
Sch. Code:17222","State : ODISHA
District : JAJPUR",Senior Secondary Level,"Name : ODISHA ADARSH VIDYALAYA
Head/Principal Name: DILLIP KUMAR SAHOO","Address : JAMDHAR, AT-JAMDHAR, PO-REKABI BAZAR BLOCK-JAJPUR, PS-JAIPUR, SADAR, DIST-JAIPUR, ODISHA-755009
Website : https://www.oav.edu.in/oav/home/OAVJDR"
662,"Aff. No. :1530197
Sch. Code:15425","State : ODISHA
District : JAJPUR",Senior Secondary Level,"Name : DEV INTERNATIONAL SCHOOL
Head/Principal Name: NIRMAL KUMAR RANA","Address : KUSUNPUR
Website : https://www.devinternationalschool.in"
663,"Aff. No. :1530188
Sch. Code:15524","State : ODISHA
District : JAJPUR",Senior Secondary Level,"Name : VYASANAGAR PUBLIC SCHOOL
Head/Principal Name: DEBASMITA SAHU","Address : AT;UMAPADA HOUSING COLONY POST;JAJPUR ROAD PIN-755019
Website : www.vyasanagarpublicschool.com"
664,"Aff. No. :1530173
Sch. Code:15362","State : ODISHA
District : JAJPUR",Senior Secondary Level,"Name : GLORIOUS ENGLISH MEDIUM SCHOOL
Head/Principal Name: NIRANJAN PANIGRAHI","Address : DALA, JAJPUR ROAD,JAJPUR
Website : www.gloriousenglishmediumschool.com"
665,"Aff. No. :1530179
Sch. Code:15357","State : ODISHA
District : JAJPUR",Senior Secondary Level,"Name : DU PUBLIC SCHOOL
Head/Principal Name: SUJATA MOHAPATRA","Address : AT: CHANDIKHOL CHHAK, PO: SUNGUDA, DIST: JAJPUR, ODISHA
Website : www.dupublicschool.com"
666,"Aff. No. :1530241
Sch. Code:15377","State : ODISHA
District : JAJPUR",Senior Secondary Level,"Name : GURUKUL PUBLIC SCHOOL
Head/Principal Name: SURYANARAYAN MOHANTY","Address : AT/PO:HARIDASPUR
Website : www.gpscodisha.in"
667,"Aff. No. :1530298
Sch. Code:15947","State : ODISHA
District : JAJPUR",Senior Secondary Level,"Name : DHARMASALA PUBLIC SCHOOL
Head/Principal Name: SABITRU NARAYAN TRIPATHY","Address : AT - SANKHARIDIHA, PO/PS - DHARMASALA, DIST. - JAJPUR, ODISHA, PIN - 755 008
Website : www.dpsdivine.in"
668,"Aff. No. :1530454
Sch. Code:16367","State : ODISHA
District : JAJPUR",Secondary Level,"Name : DAV PUBLIC SCHOOL
Head/Principal Name: DEBABRATA PRADHAN","Address : AT- BANAPUR, BAIDYARAJPUR, BACK SIDE OF N.C. COLLEGE, JAJPUR TOWN
Website : http://davjajpurtown.in/"
669,"Aff. No. :1530457
Sch. Code:16378","State : ODISHA
District : JAJPUR",Secondary Level,"Name : GREENLAND PUBLIC SCHOOL
Head/Principal Name: ALPANA JENA","Address : AT-KANAKESWARI VIHAR, SRIRAMPUR, PO-MANGALPUR
Website : www.greenlandpublicschool.co.in"
670,"Aff. No. :1530461
Sch. Code:16386","State : ODISHA
District : JAJPUR",Senior Secondary Level,"Name : ST. XAVIER INTERNATIONAL SCHOOL
Head/Principal Name: Chirasmita Das","Address : AT-NATAPADA,VYASANAGAR MUNICIPALITY, PO-JAJPUR ROAD, PS-JAJPUR ROAD
Website : https://stxavierinternationalschooljajpur.com/"
671,"Aff. No. :1530465
Sch. Code:16405","State : ODISHA
District : JAJPUR",Senior Secondary Level,"Name : PRAYASH VIDYA MANDIR
Head/Principal Name: ABHAYA KUMAR RATH","Address : TANDARA, BADABIRUAN, SANKHACHILA
Website : https://pvmodisha.in/"
672,"Aff. No. :1530482
Sch. Code:16429","State : ODISHA
District : JAJPUR",Senior Secondary Level,"Name : CRANIUM PUBLIC SCHOOL
Head/Principal Name: SUDIPTA RANJAN DASH","Address : AT- BARABATI, PO- BAIDYARAJPUR, PS- JAJPUR
Website : www.craniumschooljajpur@gmail.com"
673,"Aff. No. :1530488
Sch. Code:16441","State : ODISHA
District : JAJPUR",Senior Secondary Level,"Name : RIET INTERNATIONAL SCHOOL
Head/Principal Name: SUBASH CHANDRA SAHOO","Address : AT- THAKURPATNA, KOREI, PS- PANIKOILI
Website : www.rietinternationalschools.in"
674,"Aff. No. :1530492
Sch. Code:16448","State : ODISHA
District : JAJPUR",Senior Secondary Level,"Name : ST.XAVIER'S HIGH SCHOOL
Head/Principal Name: SWARUPA NANDA MISHRA","Address : AT-CHANDIKHOLE, PO-DHANMANDAL, PS-BARCHANA
Website : https://stxaviershighschoolchandikhole.com/"
675,"Aff. No. :1530316
Sch. Code:16068","State : ODISHA
District : JAJPUR",Secondary Level,"Name : VENKATESWAR SCHOOL
Head/Principal Name: Baidyanath Acharya","Address : AT-DOGODA, PO-MIRCHANDPUR, VIA-CHITALO, DIST-JAJPUR, ODISHA, PIN-755062
Website : www.venkateswarschooldogodajajpur.com"
676,"Aff. No. :1530419
Sch. Code:16256","State : ODISHA
District : JAJPUR",Secondary Level,"Name : SBD INTERNATIONAL SCHOOL
Head/Principal Name: KALPATARU SAHOO","Address : KORAI, JAJPUR
Website : www.sbdisjajpur.com"
677,"Aff. No. :1530422
Sch. Code:16269","State : ODISHA
District : JAJPUR",Secondary Level,"Name : ST. XAVIERS HIGH SCHOOL
Head/Principal Name: GURUCHARAN BEHERA","Address : KRUSHNAKANTA VIHAR, MANGALPUR, DASARATHPUR
Website : www.stxaviersmangalpur.in"
678,"Aff. No. :1540025
Sch. Code:19068","State : ODISHA
District : JAJPUR",Senior Secondary Level,"Name : PM SHRI SCHOOL JAWAHAR NAVODAYA VIDYALAYA
Head/Principal Name: ABHIMANYU BHATTA","Address : AT/POST PANIKOILI, DISTT. JAJPUR, ORISSA
Website : www.navodaya.gov.in/nvs/nvs-school/Jajpur/en/home/"
679,"Aff. No. :1540020
Sch. Code:19056","State : ODISHA
District : JHARSUGUDA",Senior Secondary Level,"Name : PM SHRI SCHOOL JAWAHAR NAVODAYA VIDYALAYA
Head/Principal Name: KSHYAMA SAGAR SA","Address : JHARSUGUDA JHARSUGUDA ENGG SCH CAMPUS PO KALI MANDIR ROAD DISTT JHARSUGUDA ORISSA
Website : https://navodaya.gov.in/nvs/nvs-school/Jharsuguda/en/home/"
680,"Aff. No. :1580005
Sch. Code:19145","State : ODISHA
District : JHARSUGUDA",Secondary Level,"Name : SOUTH EASTERN RAILWAY MIIXED HIGH SCHOOL
Head/Principal Name: MANOJ KUMAR SABATA","Address : PO/PS, JHARSUGUDA, ISSA
Website : www.sermschooljsg.in"
681,"Aff. No. :1530420
Sch. Code:16266","State : ODISHA
District : JHARSUGUDA",Secondary Level,"Name : ST JOSEPH'S CONVENT SCHOOL
Head/Principal Name: SOJI C. A.","Address : OPP.B.T.M, JHARSUGUDA, ODISHA
Website : http://www.sjcsjharsuguda.com"
682,"Aff. No. :1530416
Sch. Code:16243","State : ODISHA
District : JHARSUGUDA",Secondary Level,"Name : ST MARY'S SCHOOL TELENPALI
Head/Principal Name: REETA ALPHONSE MARY.A","Address : PO- BANAHARPALI, PO- BANAHARPALI
Website : http://www.stmarystelenpali.com"
683,"Aff. No. :1530470
Sch. Code:16414","State : ODISHA
District : JHARSUGUDA",Secondary Level,"Name : ST. VINCENT PALLOTTI SCHOOL
Head/Principal Name: JOHN DUNG DUNG","Address : KUMUDAPALI, PURNA , DISTRICT JHARSUGUDA , ODISHA
Website : www.vincentpallottijsg.com"
684,"Aff. No. :1530439
Sch. Code:16316","State : ODISHA
District : JHARSUGUDA",Secondary Level,"Name : ST. ARNOLD'S SCHOOL
Head/Principal Name: NARESH DUDDU","Address : AT-BAGDEHI, PO-BAGDEHI, PS-LAIKERA
Website : www.starnoldsschoolbagdehi.in/"
685,"Aff. No. :1530287
Sch. Code:15900","State : ODISHA
District : JHARSUGUDA",Senior Secondary Level,"Name : DOON PUBLIC SCHOOL
Head/Principal Name: NIRMAL SINGH","Address : BADMAL,OPPOSITE TO BADMAL POLICE STATION,JHARSUGUDA
Website : www.doonpublicschooljsg.com"
686,"Aff. No. :1530288
Sch. Code:15899","State : ODISHA
District : JHARSUGUDA",Senior Secondary Level,"Name : ANANDA SAMVRDDHI VIDYA PIITHA
Head/Principal Name: Sriram Singh","Address : AT-KUMUDAPALI,P.O/DISTT-JHARSUGUDA-768201
Website : www.asvpedu.org"
687,"Aff. No. :1530249
Sch. Code:15510","State : ODISHA
District : JHARSUGUDA",Senior Secondary Level,"Name : THE BLUE BELLS ENGLISH MEDIUM SCHOOL
Head/Principal Name: SANCHALI MUKHERJEE","Address : K.C MUKHERJEE ROAD NEAR DURGA MANDIR BEHERAMAL COX-COLONY JHARSUGUDA
Website : www.bluebellsschool.org"
688,"Aff. No. :1530177
Sch. Code:15290","State : ODISHA
District : JHARSUGUDA",Secondary Level,"Name : BLACK DIAMOND PUBLIC SCHOOL
Head/Principal Name: AKSHAYA KUMAR KHEDKAR","Address : POST BOX NO-21 BRAJRAJNAGAR
Website : www.mybdps.in"
689,"Aff. No. :1530223
Sch. Code:15478","State : ODISHA
District : JHARSUGUDA",Secondary Level,"Name : ST. ARNOLDS CONVENT SCHOOL
Head/Principal Name: Claudia Lobo","Address : ST.ARNOLDS CONVENT SCHOOL, COX COLONY, JHARSUGUDA, ODISHA.
Website : www.starnoldsconvent.in"
690,"Aff. No. :1530228
Sch. Code:15287","State : ODISHA
District : JHARSUGUDA",Senior Secondary Level,"Name : BELIEVERS CHURCH RESIDENTIAL SCHOOL
Head/Principal Name: NIMI MOL ABRAHAM","Address : BELIEVERS CHURCH RESIDENTIAL SCHOOL, RAMPUR COLLIERY P O, BRAJRAJNAGAR
Website : www.bcrsodisha.org"
691,"Aff. No. :1530230
Sch. Code:15282","State : ODISHA
District : JHARSUGUDA",Senior Secondary Level,"Name : APARNA WORLD SCHOOL
Head/Principal Name: SUBHOJIT GHOSH","Address : ESPL ROAD, NEAR BOXI CHOWK,
Website : www.aparna.edu.in"
692,"Aff. No. :1500020
Sch. Code:19089","State : ODISHA
District : JHARSUGUDA",Senior Secondary Level,"Name : PM SHRI KENDRIYA VIDYALAYA
Head/Principal Name: HARILAL PADHAN","Address : JHARSUGUDA RAILWAY COLONY DISST SAMBALPUR ORISSA
Website : https://jharsuguda.kvs.ac.in/"
693,"Aff. No. :1530107
Sch. Code:15335","State : ODISHA
District : JHARSUGUDA",Senior Secondary Level,"Name : DAV PUBLIC SCHOOL
Head/Principal Name: LAXMI KANTA DEBTA","Address : SARBAHAL ROAD, MARWARI PARA, JHARSUGUDA, ORISSA
Website : www.davjharsuguda.org"
694,"Aff. No. :1530111
Sch. Code:19142","State : ODISHA
District : JHARSUGUDA",Middle Class,"Name : S E RLY MIXED MIDDLE SCHOOL
Head/Principal Name: SHRI K RAM","Address : AT/PO RAILWAY COLONY, JHARSUGUDA
Website :"
695,"Aff. No. :1530133
Sch. Code:15309","State : ODISHA
District : JHARSUGUDA",Senior Secondary Level,"Name : DAV PUBLIC SCHOOL
Head/Principal Name: MANAS KUMAR JANA","Address : HILLTOP COLONY,SOCP, BRAJARAJNAGAR,JHARSUGUDA,ORISSA.
Website : www.davsamaleswari.org"
696,"Aff. No. :1530025
Sch. Code:15408","State : ODISHA
District : JHARSUGUDA",Senior Secondary Level,"Name : LITTLE ANGELS SCHOOL
Head/Principal Name: ANITA SAHOO","Address : BRAJRAJ NAGAR DISTT JHARSUGUDA ORISSA
Website : www.lasbrjn.org"
697,"Aff. No. :1530041
Sch. Code:15334","State : ODISHA
District : JHARSUGUDA",Senior Secondary Level,"Name : DAV PUBLIC SCHOOL
Head/Principal Name: ANITA BHAGYARAJ","Address : ITPS BANHARPALLI VIA BELPAHAR DISTT. JHARSUGUDA ORISSA
Website : http://davpsbanharpali.org"
698,"Aff. No. :1530030
Sch. Code:15328","State : ODISHA
District : JHARSUGUDA",Senior Secondary Level,"Name : D A V PUBLIC SCHOOL
Head/Principal Name: PRADEEP KUMAR HOTA","Address : AT &P.O BANDHEBAHAL VIA BELPAHAR DISTT JHARSUGUDA ORISSA
Website : www.davbandhabahal.org"
699,"Aff. No. :1530088
Sch. Code:15363","State : ODISHA
District : JHARSUGUDA",Senior Secondary Level,"Name : GHANSHYAM HEMLATA VIDYA MANDIR
Head/Principal Name: SANJUKTA DASH","Address : BALIJHORI AT DEBADIHI PO & DISTT JHARSUGUDA ORISSA
Website : http://www.ghvmjsg.org.in"
700,"Aff. No. :1530082
Sch. Code:15320","State : ODISHA
District : JHARSUGUDA",Senior Secondary Level,"Name : DAV PUBLIC SCHOOL
Head/Principal Name: SUSANTA KUMAR PRADHAN","Address : I B VALLEY AREA MCL BRAJRAJNAGAR DISTT JHARSUGUDA ORISSA
Website : www.davbrajrajnagar.in"
701,"Aff. No. :1520393
Sch. Code:17494","State : ODISHA
District : JHARSUGUDA",Senior Secondary Level,"Name : ODISHA ADARSHA VIDYALAYA LAKHANPUR
Head/Principal Name: MD ATAULLAH","Address : POST - LAKHANPUR, BLOCK - LAKHANPUR
Website : https://oav.edu.in/oav/home/OAVLKP"
702,"Aff. No. :1520437
Sch. Code:17550","State : ODISHA
District : JHARSUGUDA",Secondary Level,"Name : ODISHA ADARSHA VIDYALAYA KIRMIRA
Head/Principal Name: SHIBANANDA KISAN","Address : AT-KIRMIRA, PO-KIRMIRA, BLOCK-KIRMIRA,PS-LAIKERA
Website : https://oav.edu.in/?GROUP_CODE=OAVKIM"
703,"Aff. No. :1520429
Sch. Code:17542","State : ODISHA
District : JHARSUGUDA",Secondary Level,"Name : ODISHA ADARSHA VIDYALAYA MUDRAJORE
Head/Principal Name: SABITRI BHOI","Address : MUDRAJORE, LAIKERA, LAIKERA, JHARSUGUDA, ODISHA
Website : www.oav.edu.in"
704,"Aff. No. :1520414
Sch. Code:17516","State : ODISHA
District : JHARSUGUDA",Senior Secondary Level,"Name : ODISHA ADARSHA VIDYALAYA KATAPALI, JHARSUGUDA
Head/Principal Name: DEEPTI DUNG DUNG","Address : PIN- 768202, JHARSUGUDA ,ODISHA , INFRONT OF R.K. HIGH SCHOOL
Website : https://oav.edu.in/oav/home/OAVKTP"
705,"Aff. No. :1520419
Sch. Code:17527","State : ODISHA
District : JHARSUGUDA",Senior Secondary Level,"Name : EKLAVYA MODEL RESIDENTIAL SCHOOL,KIRMIRA
Head/Principal Name: ARVIND KUMAR SINGH","Address : PO/TAHASIL-KIRMIRA, PS-LAIKERA
Website : www.omtes.org"
706,"Aff. No. :1520474
Sch. Code:17587","State : ODISHA
District : JHARSUGUDA",Secondary Level,"Name : ODISHA ADARSHA VIDYALAYA, PATRAPALI
Head/Principal Name: PADMANAVA NAIK","Address : AT-PATRAPALI, PO-PARMANPUR, PS/BLOCK-KOLABIRA
Website : www.oav.edu.in"
707,"Aff. No. :1520412
Sch. Code:17514","State : ODISHA
District : KANDHAMAL",Senior Secondary Level,"Name : ODISHA ADARSHA VIDYALAYA, G.UDAYAGIRI
Head/Principal Name: SUBHAM SASWAT SAHOO","Address : PO-G.UDAYAGIRI, PS-G.UDAYAGIRI
Website : https://oav.edu.in/OAVGUG"
708,"Aff. No. :1520422
Sch. Code:17531","State : ODISHA
District : KANDHAMAL",Senior Secondary Level,"Name : EKALAVYA MODEL RESIDENTIAL SCHOOL, PHIRINGIA
Head/Principal Name: PRADIP KUMAR PANDA","Address : AT- PHIRINGIA, PO- PHIRINGIA, PS- PHIRINGIA
Website : www.omtes.org/emrs/phiringia-kandhamal/index.php"
709,"Aff. No. :1530050
Sch. Code:15441","State : ODISHA
District : KANDHAMAL",Senior Secondary Level,"Name : PUBLIC SCHOOL
Head/Principal Name: DHANANJAYA SETHY","Address : NARAYANI ROAD PHULBANI ISSA
Website : http://publicschoolphulbani.co.in"
710,"Aff. No. :1500038
Sch. Code:19131","State : ODISHA
District : KANDHAMAL",Senior Secondary Level,"Name : PM SHRI KENDRIYA VIDYALAYA
Head/Principal Name: NARESH CHAND JINATA","Address : AT OLD AJO HIGH SCHOOL CAMPUS, NEAR OFFICE OF THE C.I. OF SCHOOLS, MAIN ROAD, PHULBANI, DISTT. KANDHMAL, ORISSA
Website : https://kandhamal.kvs.ac.in"
711,"Aff. No. :1520012
Sch. Code:17092","State : ODISHA
District : KANDHAMAL",Senior Secondary Level,"Name : EKLAVYA MODEL RESIDENTIAL SCHOOL
Head/Principal Name: B SAIRAM PATRA","Address : AT.PO- MAHASANGI VIA BALLIGUDA, DISTT. KANDHAMAL
Website : http://www.omtes.org/emrs/mahasingi-kandhamal/inde"
712,"Aff. No. :1520059
Sch. Code:17125","State : ODISHA
District : KANDHAMAL",Senior Secondary Level,"Name : ODISHA ADARSHA VIDYALAYA
Head/Principal Name: JAGANNATH MOHARANA","Address : AT.PO/DARINGBADI, DISTT-KANDHAMAL, ODISHA-762104
Website : https://www.oav.edu.in/oav/home/OAVDAR"
713,"Aff. No. :1520124
Sch. Code:17210","State : ODISHA
District : KANDHAMAL",Senior Secondary Level,"Name : ODISHA ADARSH VIDYALAYA
Head/Principal Name: ITISHREE SAHU","Address : DANDAPADAR BALLIGUDA, AT/PO-DANAPADAR, P-S-BALLIGUDA, KANDHAMAL-762103.
Website : https://oav.edu.in/oav/home/OAVDAN"
714,"Aff. No. :1520125
Sch. Code:17211","State : ODISHA
District : KANDHAMAL",Senior Secondary Level,"Name : ODISHA ADARSH VIDYALAYA
Head/Principal Name: ANIL KUMAR SWAIN","Address : DUTIMENDI, KHAJURIPADA, AT/PO-DUTIPADA, DIST-KANDHMAL, ODISHA.
Website : https://oav.edu.in/oav/home/OAVDUT"
715,"Aff. No. :1520126
Sch. Code:17212","State : ODISHA
District : KANDHAMAL",Senior Secondary Level,"Name : ODISHA ADARSH VIDYALAYA
Head/Principal Name: AMIYA KUMAR MAHAPATRA","Address : RAILIA AT/PO-RAIKIA DIST-KANDHAMAL. (ODIASHA-762101)
Website : https://www.oav.edu.in/oav/home/OAVRAI"
716,"Aff. No. :1520127
Sch. Code:17213","State : ODISHA
District : KANDHAMAL",Senior Secondary Level,"Name : ODISHA ADARSHA VIDYALAYA, DHOBATOTA, PHULBANI, KANDHAMAL
Head/Principal Name: SANKIRTAN BEHERA","Address : DHOBATOTA, KATRINGIA, PHULBANI, KANDHAMAL, ODISHA
Website : https://www.oav.edu.in/oav/home/oavdho"
717,"Aff. No. :1520129
Sch. Code:17215","State : ODISHA
District : KANDHAMAL",Senior Secondary Level,"Name : ODISHA ADARSH VIDYALAYA
Head/Principal Name: DASARATHI PRUSTY","Address : AT./O-KOTAGARH, DIST.-KANDHAMAL(ODISHA)
Website : https://oav.edu.in/?GROUP_CODE=OAVSNUA"
718,"Aff. No. :1520117
Sch. Code:17203","State : ODISHA
District : KANDHAMAL",Senior Secondary Level,"Name : ODISHA ADARSH VIDYALAYA
Head/Principal Name: KANHU CHARAN SAHU","Address : DINDIRAGAON, BLOCK-PHIRINGIA, DIST.-KANDHAMAL-762011 (ODISHA)
Website : https://oav.edu.in/oav/home/oavdin"
719,"Aff. No. :1520083
Sch. Code:17141","State : ODISHA
District : KANDHAMAL",Senior Secondary Level,"Name : ODISHA ADARSH VIDYALAYA
Head/Principal Name: BHIKARI BEHERA","Address : JALESHPATTA, P.O. TUMUDIBANDHA, DISTT. KANDHAMAL, ODISHA
Website : https://www.oav.edu.in/oav/home/OAVJAL"
720,"Aff. No. :1520101
Sch. Code:17118","State : ODISHA
District : KANDHAMAL",Senior Secondary Level,"Name : ODISHA ADARSHA VIDYALAYA.
Head/Principal Name: AMIYA KUMAR SAHOO","Address : CHAKAPAD, DISTT. KANDHAMAL, ODISHA
Website : https://oav.edu.in/"
721,"Aff. No. :1520155
Sch. Code:17241","State : ODISHA
District : KANDHAMAL",Senior Secondary Level,"Name : ODISHA ADARSHA VIDYALAYA
Head/Principal Name: Salini Pattanaik","Address : SALAPGAM, TIKABALI, PO-UPPERKHOLE, PS-TIKABALI, DISTT. KANDHAMAL, (ODISHA).
Website : https://oav.edu.in/oav/home/OAVSAL"
722,"Aff. No. :1520302
Sch. Code:17472","State : ODISHA
District : KANDHAMAL",Senior Secondary Level,"Name : KALINGA MODEL RESIDENTIAL SCHOOL,KHAJURIPADA
Head/Principal Name: SRIHARSA GOUDA","Address : AT/PO:R.NUAGAON VIA:KHAJURIPADA DIST:KANDHAMAL
Website : https://www.kmrskhajuripada.in"
723,"Aff. No. :1520303
Sch. Code:17473","State : ODISHA
District : KANDHAMAL",Senior Secondary Level,"Name : KALINGA MODEL RESIDENTIAL SCHOOL,RAIKIA
Head/Principal Name: SACHIDANANDA SWAIN","Address : AT-BEREDAKIA PO-BEREDAKIA PS/VIA-RAIKIA DIST- KANDHAMAL
Website : https://kmrsraikia.in/"
724,"Aff. No. :1520354
Sch. Code:17407","State : ODISHA
District : KANDHAMAL",Senior Secondary Level,"Name : ODISHA ADARSHA VIDYALAYA KUDUTULI
Head/Principal Name: FALGUNI MAJHI","Address : KUDUTULI, K.NUAGAON
Website : https://www.oav.edu.in/oav/home/OAVKUD"
725,"Aff. No. :1530471
Sch. Code:16416","State : ODISHA
District : KANDHAMAL",Secondary Level,"Name : MOUNT CARMEL SCHOOL
Head/Principal Name: SUSMITA PRADHAN","Address : AT-BADENAJU, PO-MALLIKAPODI, PS-G.UDAYAGIRI
Website : http://mountcarmelgudayagiri.com/"
726,"Aff. No. :1530497
Sch. Code:16455","State : ODISHA
District : KANDHAMAL",Secondary Level,"Name : GOOD SHEPHERD ENGLISH MEDIUM SCHOOL
Head/Principal Name: KUNAL PRADHAN","Address : AT - SRIRAMPADA, PO - G UDAYAGIRI, PS - G UDAYAGIRI
Website : http://gsemschool.com/"
727,"Aff. No. :1530426
Sch. Code:16283","State : ODISHA
District : KANDHAMAL",Secondary Level,"Name : SEVA ENGLISH MEDIUM SCHOOL
Head/Principal Name: NUTAN NAYAK","Address : AT- TIKABALI, PO- TIKABALI, PS- TIKABALI
Website : http://www.sevaschoolodisha.com/"
728,"Aff. No. :1530430
Sch. Code:16294","State : ODISHA
District : KANDHAMAL",Secondary Level,"Name : ST. JOHN'S SCHOOL
Head/Principal Name: NOMITA KULLU","Address : AT - BALLIGUDA, PO - BALLIGUDA, DIST- KANDHAMAL, ODISHA, PIN-762103
Website : https://stjohnsballiguda.org"
729,"Aff. No. :1530315
Sch. Code:16063","State : ODISHA
District : KANDHAMAL",Secondary Level,"Name : SWAMI CHIDANANDA SCHOOL
Head/Principal Name: SUBHARA RANI PATTNAYAK","Address : BRAHMANSAHI,BARAPADA,PO-GANJUGUDA,VIA-PHULBANI,DISTT-KANDHAMAL(PHULBANI),ODISHA-762001
Website : www.swamichidananda.org"
730,"Aff. No. :1530508
Sch. Code:16483","State : ODISHA
District : KANDHAMAL",Secondary Level,"Name : ST. JOSEPH'S ENGLISH MEDIUM SCHOOL
Head/Principal Name: ALICE K.L","Address : AT-TOPDINGIA, POST-SANKARAKHOL, SANKARAKHOL
Website : https://stjosephskl.org/"
731,"Aff. No. :1540001
Sch. Code:19078","State : ODISHA
District : KANDHAMAL",Senior Secondary Level,"Name : PM SHRI SCHOOL JAWAHAR NAVODAYA VIDYALAYA
Head/Principal Name: SURESH KUMAR SAHOO","Address : PILLA SALKI DAM SITE TUDIPAJU DISTT. PHULBANI ORISSA
Website : https://navodaya.gov.in/nvs/nvs-school/Phulbani/en/home/"
732,"Aff. No. :1530506
Sch. Code:16476","State : ODISHA
District : KENDRAPARA",Senior Secondary Level,"Name : XAVIER INTERNATIONAL SCHOOL
Head/Principal Name: JASWANTHI DAS","Address : NIAL, AUL, AUL
Website : https://xisaul.in"
733,"Aff. No. :1540015
Sch. Code:19062","State : ODISHA
District : KENDRAPARA",Senior Secondary Level,"Name : PM SHRI SCHOOL JAWAHAR NAVODAYA VIDYALAYA
Head/Principal Name: DR MAMATAMAYEE CHOUDHURY","Address : PO THAKUR PATRA DISTT KANDRAPARA ORISSA
Website : https://navodaya.gov.in/nvs/nvs-school/Kendrapara/en/home/"
734,"Aff. No. :1530435
Sch. Code:16305","State : ODISHA
District : KENDRAPARA",Senior Secondary Level,"Name : ST XAVIER HIGH SCHOOL
Head/Principal Name: LALIT NARAYAN ROUT","Address : AT- GOPA, PO- KENDRAPARA, PS-KENDRAPARA
Website : http://stxavierhighschoolgopakendrapara.com/"
735,"Aff. No. :1530438
Sch. Code:16313","State : ODISHA
District : KENDRAPARA",Secondary Level,"Name : DELHI PUBLIC INTERNATIONAL SCHOOL UTKAL
Head/Principal Name: KANIZ AYESHA","Address : AT-GOUDAPATNA, PO-AUL, PS-AUL
Website : https://www.dpisutkal.in"
736,"Aff. No. :1530191
Sch. Code:15398","State : ODISHA
District : KENDRAPARA",Senior Secondary Level,"Name : KENDRAPARA PUBLIC SCHOOL
Head/Principal Name: SAROJKANTA NAYAK","Address : TINIMUHANI,DIST-KENDRAPARA
Website : https://kendraparapublicschool.in"
737,"Aff. No. :1530184
Sch. Code:15381","State : ODISHA
District : KENDRAPARA",Senior Secondary Level,"Name : HARIHARANANDA BALASHRAM
Head/Principal Name: Malaya Nanda","Address : AT- ARUA, PO-KADALIBAN, VIA-CHAUDAKULAT
Website : http://www.hariharanandabalashram.org"
738,"Aff. No. :1530290
Sch. Code:15906","State : ODISHA
District : KENDRAPARA",Secondary Level,"Name : BNNR PUBLIC SCHOOL
Head/Principal Name: DR MANOJ KUMAR DWIBEDI","Address : AT-NIAL,PO-NIAL,VIA-AUL,DISTT-KENDRAPADA-754219,ODISHA
Website : www.bnnrpublicschoolaul.com"
739,"Aff. No. :1530291
Sch. Code:15905","State : ODISHA
District : KENDRAPARA",Senior Secondary Level,"Name : ZENITH INTERNATIONAL SCHOOL
Head/Principal Name: CHANDRA KANTA NAYAK","Address : SAMGUDIA, SHREE BALADEVJEW
Website : www.zenith-is.org"
740,"Aff. No. :1520192
Sch. Code:17278","State : ODISHA
District : KENDRAPARA",Senior Secondary Level,"Name : OADISHA ADARSHA VIDYALAYA TARANDO, KENDRAPARA
Head/Principal Name: BIBHU PADARABINDA JENA","Address : ODISHA ADARSHA VIDYALAYA AT- TARANDO PO- BARO DIST - KENDRAPARA
Website : http://oav.edu.in"
741,"Aff. No. :1500049
Sch. Code:19088","State : ODISHA
District : KENDRAPARA",Senior Secondary Level,"Name : PM SHRI KENDRIYA VIDYALAYA
Head/Principal Name: SHASHI KAUSHAL","Address : KENDRAPARA, AT GUALSINGH, P.O., THAKURPATNA, NEAR D.S. LAW COLLEGE, DISTT. KENDRAPARA, ODISHA
Website : https://barimul.kvs.ac.in"
742,"Aff. No. :1520432
Sch. Code:17545","State : ODISHA
District : KENDRAPARA",Secondary Level,"Name : ODISHA ADARSHA VIDYALAYA KURUJANGA
Head/Principal Name: PRIYABRATA SWAIN","Address : AT-KURUJANGA, PO-FAKIRABAD, PS-DERABISH
Website : www.oav.edu.in"
743,"Aff. No. :1520470
Sch. Code:17583","State : ODISHA
District : KENDRAPARA",Secondary Level,"Name : ODISHA ADARSHA VIDYALAYA HATIA, MARSHAGHAI
Head/Principal Name: SANJAY KUMAR MALLICK","Address : AT- HATIA, PO- MANATIR, BLOCK- MARSHAGHAI, DIST- KENDRAPARA, ODISHA, PIN- 754212
Website : https://oav.edu.in/?GROUP_CODE=OAVUTR"
744,"Aff. No. :1520461
Sch. Code:17574","State : ODISHA
District : KENDRAPARA",Senior Secondary Level,"Name : ODISHA ADARSHA VIDYALAYA BAGHATAILA
Head/Principal Name: B LOPAMUDRA","Address : BAGHATAILA, MAHULIA, RAJNAGAR
Website : www.oav.edu.in"
745,"Aff. No. :1520439
Sch. Code:17552","State : ODISHA
District : KENDRAPARA",Secondary Level,"Name : ODISHA ADARSHA VIDYALAYA BANTO
Head/Principal Name: LAXMIKANTA BEHERA","Address : AT - BANTO, PO - CHANDAN NAGAR, BLOCK / PS - PATTAMUNDAI
Website : https://oav.edu.in"
746,"Aff. No. :1520440
Sch. Code:17553","State : ODISHA
District : KENDRAPARA",Secondary Level,"Name : ODISHA ADARSHA VIDYALAYA ADOI
Head/Principal Name: SADEKA TABASUM","Address : ADOI, BARAKANDHA, MAHAKALPARA KENDRAPARA, ADOI BARAKANDHA MAHAKALPARA KENDRAPARA, AT-ADOI,PO-BARAKAMDHA,P.S-MAHAKALPARA
Website : www.oav.edu.in"
747,"Aff. No. :1520442
Sch. Code:17555","State : ODISHA
District : KENDRAPARA",Secondary Level,"Name : ODISHA ADARSHA VIDYALAYA ACHINTA
Head/Principal Name: JAYDEV DEY","Address : AT-ACHINTA, PO-JAGULAIPARA, PS-RAJKANIKA
Website : https://oav.edu.in/oav/home/OAVAHN"
748,"Aff. No. :1520489
Sch. Code:17603","State : ODISHA
District : KENDRAPARA",Secondary Level,"Name : ODISHA ADARSHA VIDYALAYA NIAL
Head/Principal Name: PRATAP KUMAR SAHOO","Address : AT- NIAL, PO- NIAL, PS- AUL
Website : www.oav.edu.in"
749,"Aff. No. :1520483
Sch. Code:17596","State : ODISHA
District : KENDRAPARA",Secondary Level,"Name : ODISHA ADARSHA VIDYALAYA PARAKANA
Head/Principal Name: SANTOSI DASI SAMAL","Address : AT- PARAKNA, VIA- KOLAR, PS- PATAKURA,
Website : https://oav.edu.in/oav/home/OAVJMP"
750,"Aff. No. :1520510
Sch. Code:17627","State : ODISHA
District : MALKANGIRI",Secondary Level,"Name : EKLAVYA MODEL RESIDENTIAL SCHOOL CHITRAKONDA
Head/Principal Name: ADDINKI SRINIVAS ACHARY","Address : AT CHITRAKONDA, P.O. CHITRAKONDA, PS CHITRAKONDA
Website : https://emrschitrakonda.com"
751,"Aff. No. :1520454
Sch. Code:17567","State : ODISHA
District : MALKANGIRI",Senior Secondary Level,"Name : EKLAVYA MODEL RESIDENTIAL SCHOOL(EMRS) MATHILI
Head/Principal Name: SAROJ KUMAR MANDAL","Address : AT-MENDUKULI, PO-DALAPATIGUDA, PS/BLOCK-MATHILI
Website : https://www.emrsmathili.com/"
752,"Aff. No. :1530026
Sch. Code:15388","State : ODISHA
District : MALKANGIRI",Secondary Level,"Name : IMST ENGLISH MEDIUM NURSERY & HIGH SCHOOL
Head/Principal Name: SASIKALA","Address : MALKANGIRI COLONY P.O. MALKANGIRI DISTT. ORISSA
Website : www.imstmkg.in"
753,"Aff. No. :1500034
Sch. Code:19116","State : ODISHA
District : MALKANGIRI",Senior Secondary Level,"Name : PM SHRI KENDRIYA VIDYALAYA
Head/Principal Name: KAILASH MEENA","Address : MALKANGIRI. DISTT. MALKANGIRI, ORISSA
Website : https://malkangiri.kvs.ac.in"
754,"Aff. No. :1520063
Sch. Code:17170","State : ODISHA
District : MALKANGIRI",Senior Secondary Level,"Name : ODISHA ADARSHA VIDYALAYA
Head/Principal Name: RAJEEBA KUMAR DUTTA","Address : MUDULIPADA, KHAIPUT, AT/P.O PADAGHAT, DISTT. MALKANGIRI, ODISHA-764046
Website : https://oav.edu.in/?GROUP_CODE=OAVPOD"
755,"Aff. No. :1520013
Sch. Code:17101","State : ODISHA
District : MALKANGIRI",Senior Secondary Level,"Name : EKLAVYA MODEL RESIDENTIAL SCHOOL
Head/Principal Name: HALADHAR SABAR","Address : CHAMPA NAGAR, MALKANGIRI, ISSA
Website : www.omtes.org/emrs/mkg"
756,"Aff. No. :1520018
Sch. Code:17150","State : ODISHA
District : MALKANGIRI",Senior Secondary Level,"Name : ODISHA ADARSHA VIDYALAYA
Head/Principal Name: DUSMANTA KUMAR MAHANTA","Address : KANGURUKONDA, AT/PO. KANGRUKONDA, VIA-KALIMELA, DISTT. MALKANGIRI, ODISHA-764047
Website : https://www.oav.edu.in/oav/home/OAVKKA"
757,"Aff. No. :1520045
Sch. Code:17134","State : ODISHA
District : MALKANGIRI",Senior Secondary Level,"Name : ODISHA ADARSH VIDYALAYA
Head/Principal Name: LAXMINARAYAN ACHARYA","Address : GONDHIPALLI (NEAR GOVT.ITI)PO. MALKANGIRI, DIST- MALKANGIRI , ODISHA-764045
Website : www.oav.edu.in"
758,"Aff. No. :1520156
Sch. Code:17242","State : ODISHA
District : MALKANGIRI",Senior Secondary Level,"Name : ODISHA ADARSH VIDYALAYA
Head/Principal Name: BISWASHRI BISWASPRAVAT DAS","Address : AT./PO/PS-CHITRAKONDA, DIST.MALKANGIRI, ODISHA-764052
Website : www.oav.edu.in"
759,"Aff. No. :1520157
Sch. Code:17243","State : ODISHA
District : MALKANGIRI",Senior Secondary Level,"Name : ODISHA ADARSH VIDYALAYA
Head/Principal Name: LOPAMUDRA MAHARATHI","Address : AT. JHULUNIBAHAL, PO-MATHILI, DIST-. MALKANGIRI, ODISHA-764044
Website : www.oav.edu.in/oav/home/OAVJUL"
760,"Aff. No. :1520158
Sch. Code:17244","State : ODISHA
District : MALKANGIRI",Senior Secondary Level,"Name : ODISHA ADARSHA VIDYALAYA
Head/Principal Name: MAHESWAR SAHOO","Address : GUNDURIGUDA KUDUMULUGUMMA, MALKANGIRI, ODISHA (ODISHA)
Website : https://www.oav.edu.in/oav/home/OAVGGA"
761,"Aff. No. :1520300
Sch. Code:17475","State : ODISHA
District : MALKANGIRI",Senior Secondary Level,"Name : KALINGA MODEL RESIDENTIAL SCHOOL, BALIMELA, MALKANGIRI
Head/Principal Name: CHITTARANJAN PANDA","Address : AT/PO-BALIMELA, PS-ORKEL, DIST-MALKANGIRI
Website : http://kmrsbalimela.in/"
762,"Aff. No. :1520106
Sch. Code:17112","State : ODISHA
District : MALKANGIRI",Senior Secondary Level,"Name : ODISHA ADARSH VIDYALAYA,
Head/Principal Name: JAYANT KUMAR SETHI","Address : BAPANPALLY, PODIA BLOCK, MALKAGIRI, ODISHA.
Website : www.oav.edu.in"
763,"Aff. No. :1530443
Sch. Code:16325","State : ODISHA
District : MALKANGIRI",Senior Secondary Level,"Name : MODERN ENGLISH SCHOOL
Head/Principal Name: MAHASWETA PANIGRAHI","Address : AT- BHATISALGUDA, PO- MALKANGIRI, PS-MALKANGIRI
Website : https://modernschoolmalkangiri.in/"
764,"Aff. No. :1540024
Sch. Code:19067","State : ODISHA
District : MALKANGIRI",Senior Secondary Level,"Name : JAWAHAR NAVODAYA VIDYALAYA
Head/Principal Name: SRINIVASA RAO YELDI","Address : MALKHANGIRI AT JR SCIENCE COLLEGE PO MALKANGIRI COLONY SO DISTT MALBANGIRI ORISSA
Website : https://navodaya.gov.in/nvs/nvs-school/MALKANGIRI-"
765,"Aff. No. :1540031
Sch. Code:19084","State : ODISHA
District : MALKANGIRI",Senior Secondary Level,"Name : JAWAHAR NAVODAYA VIDYALAYA-2, BALIMELA
Head/Principal Name: RACHA RAMU","Address : OHPC ROAD, NEAR OCC OFFICE, POST- BALIMELA, DIST. MALKANGIRI, PIN-764051
Website : https://navodaya.gov.in/nvs/nvs-school/MALKANGIRI2/en/home/"
766,"Aff. No. :1540010
Sch. Code:19085","State : ODISHA
District : NUAPADA",Senior Secondary Level,"Name : PM SHRI SCHOOL JAWAHAR NAVODAYA VIDYALAYA
Head/Principal Name: DEEKOLLI VENKATA RAMANA","Address : NUPADA AT & P O NUPADA ORISSA
Website : https://navodaya.gov.in/nvs/nvs-school/Nuapada/en/home/"
767,"Aff. No. :1530369
Sch. Code:16121","State : ODISHA
District : NUAPADA",Secondary Level,"Name : GYANJYOTI KANCHANBEN RASIKLAL VIDYALAYA
Head/Principal Name: M BHUBANESHWARI","Address : AT.PO. - KHARIAR ROAD, DIST. - NUAPADA
Website : http://gyanjyotikrvidyalaya.com"
768,"Aff. No. :1530181
Sch. Code:15402","State : ODISHA
District : NUAPADA",Secondary Level,"Name : KISHNI DEVI GOVIND RAM SARAFF PUBLIC SCHOOL
Head/Principal Name: ANANTA KUMAR GIRI","Address : WARD NO.08 PS JONK KHARIAR ROAD, NUAPADA
Website : www.kgspschool.in"
769,"Aff. No. :1520098
Sch. Code:17152","State : ODISHA
District : NUAPADA",Senior Secondary Level,"Name : ODISHA ADARSH VIDYALAYA
Head/Principal Name: CHITTARANJAN MATARI","Address : AT. KESHRAJPUR, PO-KHAIRA, GP- SUAPUR, PO-KHAIRA, GP-SUNAPUR,PS-BODEN-DISTT. NAUPADA- 766 111 ODISHA
Website : www.oav.edu.in"
770,"Aff. No. :1520032
Sch. Code:17198","State : ODISHA
District : NUAPADA",Senior Secondary Level,"Name : ODISHA ADARSHA VIDYALAYA
Head/Principal Name: SHIBU KUMAR BISWAL","Address : AT/P.O-TIMANPUR, VIA-SINAPALI, DISTT. NUAPADA, ODISHA-766108
Website : https://oav.edu.in/oav/about-school/oavtim"
771,"Aff. No. :1520009
Sch. Code:17097","State : ODISHA
District : NUAPADA",Senior Secondary Level,"Name : EKLAVYA MODEL RESIDENTIAL SCHOOL
Head/Principal Name: C KRISHNA MURTHY NAIDU","Address : NUAPADA KHARIAR DISTT NUAPADA, ORISSA
Website : http://www.omtes.org/emrs/nuapada-nuapada"
772,"Aff. No. :1520030
Sch. Code:17108","State : ODISHA
District : NUAPADA",Senior Secondary Level,"Name : ODISHA ADARSH VIDYALAYA
Head/Principal Name: SUNIL KUMAR SAHU","Address : AT./P.O-BEDI, VIA-KHARIAR, DIST. NUAPADA, ODISHA-766107
Website : https://www.oav.edu.in/oav/home/OAVBDI"
773,"Aff. No. :1520016
Sch. Code:17200","State : ODISHA
District : NUAPADA",Senior Secondary Level,"Name : ODISHA ADARSHA VIDYALAYA
Head/Principal Name: BICHITRA NANDA SAHOO","Address : AT/P.O-JHAGRAHI,PS-KOMNA, DIST. NUAPADA-766 106
Website : https://oav.edu.in/school-generic-table-setup.php?type=&GROU"
774,"Aff. No. :1520058
Sch. Code:17173","State : ODISHA
District : NUAPADA",Senior Secondary Level,"Name : ODISHA ADARSHA VIDYALAYA
Head/Principal Name: KSHITIBHUSAN BISWAL","Address : AT. NEGIPALI, P.O-BISA, DISTT. NUAPADA-766104
Website : https://www.oav.edu.in/oav/home/OAVNEG"
775,"Aff. No. :1500055
Sch. Code:19127","State : ODISHA
District : NUAPADA",Senior Secondary Level,"Name : KENDRIYA VIDYALAYA
Head/Principal Name: MANAS RANJAN TRIPATHY","Address : AT. M.E. SECTION, NATIONAL HIGH SCHOOL CAMPUS, NUAPADA, PO/ DISTT. NUAPADA, ODISHA
Website : https://nuapada.kvs.ac.in/"
776,"Aff. No. :1500056
Sch. Code:19114","State : ODISHA
District : NUAPADA",Senior Secondary Level,"Name : KENDRIYA VIDYALAYA
Head/Principal Name: SANJEEV KUMAR SAHU","Address : KHARIAR, AT- RAJA A.T. HIGH SCHOOL, M E SECTION, PO KHARIAR, DISTT. NUAPADA, ODISHA
Website : www.khariar.kvs.ac.in"
777,"Aff. No. :1530089
Sch. Code:15400","State : ODISHA
District : NUAPADA",Senior Secondary Level,"Name : KHARIAR PUBLIC SCHOOL,KHARIAR
Head/Principal Name: L SRINIVASA","Address : AT/PO-KHARIAR WARD NO -02
Website : www.khariarpublicschool.org"
778,"Aff. No. :1530145
Sch. Code:15379","State : ODISHA
District : NUAPADA",Senior Secondary Level,"Name : GYANJYOTI KANCHANBEN RASIKLAL VIDYALAYA
Head/Principal Name: MOHAMMED ASHRAF","Address : AT-GODTOR.PO-MAULIBHATA. DIST-NUAPADA
Website : www.gyanjyotividyalaya.com"
779,"Aff. No. :1530103
Sch. Code:15414","State : ODISHA
District : NAYAGARH",Secondary Level,"Name : MAHARISHI VIDYA MANDIR
Head/Principal Name: GANTA ANNAPURNA LAKSHMI","Address : MUKTA PUR ROAD NAYAGARH AT/PO NAYAGARH, ORISSA - 752070
Website : https://mvmnayagarh.org"
780,"Aff. No. :1520468
Sch. Code:17581","State : ODISHA
District : NAYAGARH",Secondary Level,"Name : ODISHA ADARSHA VIDYALAYA, KAKUDIKHOL, GANIA
Head/Principal Name: RAJASHRI TRIPATHY","Address : AT-KAKUDIKHOL, PO-ADAKATA, PS-GANIA
Website : https://oav.edu.in/OAVPAN"
781,"Aff. No. :1520430
Sch. Code:17543","State : ODISHA
District : NAYAGARH",Secondary Level,"Name : ODISHA ADRSHA VIDYALAYA NUAGAON
Head/Principal Name: K. AMBIKA ACHARY","Address : AT NUAGAON, PO NUAGAON, NAYAGARH
Website : https://oav.edu.in/OAVNGA"
782,"Aff. No. :1520400
Sch. Code:17502","State : ODISHA
District : NAYAGARH",Senior Secondary Level,"Name : ODISHA ADARSHA VIDYALAYA BALARAMPUR
Head/Principal Name: BISWARANJAN BAL","Address : PO/PS- RANPUR, VIA- RANPUR
Website : https://oav.edu.in/oav/home/OAVBRP"
783,"Aff. No. :1520385
Sch. Code:17486","State : ODISHA
District : NAYAGARH",Senior Secondary Level,"Name : ODISHA ADARSHA VIDYALAYA DWARAGAON
Head/Principal Name: BIJAYA KUMAR SAHOO","Address : PO-DIHAGAON, DASPALLA
Website : https://oav.edu.in/?GROUP_CODE=OAVDWG"
784,"Aff. No. :1520383
Sch. Code:17484","State : ODISHA
District : NAYAGARH",Senior Secondary Level,"Name : ODISHA ADARSH VIDYALAYA FATEGARH BHAPUR
Head/Principal Name: PADMINI BARIK","Address : PO- FATEGARH, PS- FATEGARH
Website : https://oav.edu.in/oav/home/OAVFTG"
785,"Aff. No. :1520372
Sch. Code:17434","State : ODISHA
District : NAYAGARH",Senior Secondary Level,"Name : ODISHA ADARSHA VIDYALAYA AKHUPADAR
Head/Principal Name: GANESH KUMAR PRUSTY","Address : PO-RABARA, BLOCK/PS-ODAGAON
Website : https://oav.edu.in/OAVAKH"
786,"Aff. No. :1500053
Sch. Code:19120","State : ODISHA
District : NAYAGARH",Senior Secondary Level,"Name : PM SHRI KENDRIYA VIDYALAYA
Head/Principal Name: PREM CHAND","Address : KENDRIYA VIDYALAYA NAYAGARH, AT MUKTAPUR PO BHATASAHI, NEAR HOUSING BOARD COLONY, NAYAGARH 2
Website : https://nayagarh.kvs.ac.in/"
787,"Aff. No. :1520151
Sch. Code:17237","State : ODISHA
District : NAYAGARH",Senior Secondary Level,"Name : ODISHA ADARSHA VIDYALAYA
Head/Principal Name: TRILOCHANA SARANGI","Address : NOTAR, NAYAGARH, AT.NOTAR,PO-NOTAR,PS-ITAMATI, DIST. NAYAGARH, ODISHA-752079 (ODISHA)
Website : https://www.oav.edu.in/oav/home/OAVNOT"
788,"Aff. No. :1520355
Sch. Code:17408","State : ODISHA
District : NAYAGARH",Senior Secondary Level,"Name : ODISHA ADARSHA VIDYALAYA, TARANDO
Head/Principal Name: SUBHALAXMI SAHOO","Address : BY PASS ROAD, KHANDAPADA
Website : https://www.oav.edu.in"
789,"Aff. No. :1530305
Sch. Code:16013","State : ODISHA
District : NAYAGARH",Senior Secondary Level,"Name : AG MISSION SCHOOL
Head/Principal Name: M MARTIN","Address : GOPABANDHU NAGAR CHANDPUR NAYAGARH ODISHA
Website : www.agmissionschool.com"
790,"Aff. No. :1530398
Sch. Code:16185","State : ODISHA
District : NAYAGARH",Senior Secondary Level,"Name : BHARAT BIKASH CENTRAL ACADEMY
Head/Principal Name: BIRANCHI NARAYAN RATH","Address : PS/ DASPALLA, DIST- NAYAGARH
Website : www.bbcentralacademy.com"
791,"Aff. No. :1540030
Sch. Code:19066","State : ODISHA
District : NAYAGARH",Senior Secondary Level,"Name : JAWAHAR NAVODAYA VIDYALAYA
Head/Principal Name: PRADEEP KUMAR BARIK","Address : AT PO LATHIPADA, DISTT NAYAGARH
Website : www.navodaya.gov.in/nvs/nvs-school/Nayagarh"
792,"Aff. No. :1540019
Sch. Code:19082","State : ODISHA
District : RAYAGADA",Senior Secondary Level,"Name : JAWAHAR NAVODAYA VIDYALAYA
Head/Principal Name: AJAY KUMAR MISHRA","Address : BISSAM CUTTACK RAYAGADA ORISSA
Website : https://navodaya.gov.in/nvs/nvs-school/Rayagada/en/home/"
793,"Aff. No. :1530370
Sch. Code:16122","State : ODISHA
District : RAYAGADA",Secondary Level,"Name : ARYAN ENGLISH MEDIUM SCHOOL
Head/Principal Name: Priyadarsani Suchismita Sahoo","Address : AT & PO - PADMAPUR, RAYAGADA
Website : http://www.aryangrouprayagada.in"
794,"Aff. No. :1530414
Sch. Code:16240","State : ODISHA
District : RAYAGADA",Secondary Level,"Name : ABHYASH TECHNO SCHOOL
Head/Principal Name: MANISHA PARICHHA","Address : PO - PADMAPUR, PS - PADMAPUR
Website : http://abhyashtechnoschool.com/"
795,"Aff. No. :1530448
Sch. Code:16345","State : ODISHA
District : RAYAGADA",Secondary Level,"Name : ARYAN ENGLISH MEDIUM SCHOOL , GUDARI
Head/Principal Name: Sangram takri","Address : AT-ARYA BIHAR, PO/PS-GUDARI, RAYAGADA , 765026
Website : https://www.aryangrouprayagada.in/gudari/"
796,"Aff. No. :1530498
Sch. Code:16456","State : ODISHA
District : RAYAGADA",Secondary Level,"Name : ODISHA STATE BRIGADE SCHOOL
Head/Principal Name: ANANTA GEETANJALI","Address : AT.- KASILI GP.- MALIGAON , PO.- KOTAPETA PS.- CHANDILI , BLOCK - RAYAGADA
Website : https://odishastatebrigadeschool.com/#"
797,"Aff. No. :1530474
Sch. Code:16420","State : ODISHA
District : RAYAGADA",Senior Secondary Level,"Name : RADHA KRISHNA ENGLISH MEDIUM SCHOOL
Head/Principal Name: JEETENDRA BEHERA","Address : AT - GUDARI, PO - GUDARI, PS - GUDARI
Website : http://rkemschoolgudari.com/"
798,"Aff. No. :1530312
Sch. Code:16055","State : ODISHA
District : RAYAGADA",Senior Secondary Level,"Name : SRI CHAITANYA TECHNO SCHOOL
Head/Principal Name: NANDITA BANERJEE","Address : PRAJUKTI VIHAR, AUROBINDO MARG, BARIJHOLA ROAD, RAYAGADA
Website : www.srichaitanyaschool.net"
799,"Aff. No. :1530243
Sch. Code:15299","State : ODISHA
District : RAYAGADA",Senior Secondary Level,"Name : CENTURION PUBLIC SCHOOL
Head/Principal Name: RADHA KRUSHNA MAHAPATRA","Address : IDCO INDUSTRIAL AREA, PITAMAHAL
Website : www.cpsrayagada.com"
800,"Aff. No. :1530272
Sch. Code:15765","State : ODISHA
District : RAYAGADA",Secondary Level,"Name : VIDYA NIKETAN PUBLIC SCHOOL
Head/Principal Name: Aruna Patnaik","Address : NEAR GUNDICHA MANDIR OLD GUNUPUR AT/PO GUNUPUR DT RAYAGADA ODISHA
Website : www.vpsgunupur.com"
801,"Aff. No. :1530186
Sch. Code:15278","State : ODISHA
District : RAYAGADA",Senior Secondary Level,"Name : ADITYA BIRLA PUBLIC SCHOOL UAIL CAMPUS
Head/Principal Name: Aniruddha Tiwari","Address : ADITYA BIRLA PUBLIC SCHOOL OSAPADA, AT OSAPADA, PO TIKIRI
Website : https://adityabirlaschools.co.in/abps-rayagada/"
802,"Aff. No. :1530204
Sch. Code:15487","State : ODISHA
District : RAYAGADA",Senior Secondary Level,"Name : ST.XAVIER HIGH SCHOOL
Head/Principal Name: YELAKA RAVI KUMAR","Address : NEW COLONY, RAYAGADA
Website : https://stxaviersrayagada.in"
803,"Aff. No. :1520197
Sch. Code:17283","State : ODISHA
District : RAYAGADA",Senior Secondary Level,"Name : ODISHA ADARSHA VIDYALAYA, TADAMA, RAYAGADA
Head/Principal Name: KSHIRESWAR PADHAN","Address : AT/PO-TADAMA PS-RAYAGADA
Website : www.oav.edu.in"
804,"Aff. No. :1520198
Sch. Code:17284","State : ODISHA
District : RAYAGADA",Senior Secondary Level,"Name : ODISHA ADARSHA VIDYALAYA , BHALERI
Head/Principal Name: JATINDRA SAHU","Address : AT- BHALERI PO- DURGI BLOCK- BISSAMCUTTACK DIST- RAYAGADA PIN- 765019 STATE- ODISHA
Website : https://oav.edu.in/?GROUP_CODE=OAVVAL"
805,"Aff. No. :1520199
Sch. Code:17285","State : ODISHA
District : RAYAGADA",Senior Secondary Level,"Name : ODISHA ADARSHA VIDYALAYA KASHIPUR
Head/Principal Name: ATULYA KUMAR SAHU","Address : AT/PO/PS-KASHIPUR, DIST-RAYAGADA, ODISHA, 765015
Website : www.oavs.in"
806,"Aff. No. :1520164
Sch. Code:17250","State : ODISHA
District : RAYAGADA",Senior Secondary Level,"Name : ODISHA ADARSHA VIDYALAYA
Head/Principal Name: DEBASMITA ROUT","Address : KOLNARA, RAYAGADA. AT/PO- KOLNARA, P.S-CHANDILI, DIST-RAYAGADA,ODISHA-765017
Website : https://www.oav.edu.in/oav/home/OAVKLN"
807,"Aff. No. :1520165
Sch. Code:17251","State : ODISHA
District : RAYAGADA",Senior Secondary Level,"Name : ODISHA ADARSHA VIDYALAYA
Head/Principal Name: SANGEET PALAKA","Address : KALYANSINGPUR, AT/PO KALYANSINGPURI, DIST-RAYAGADA, ODISHA -765016
Website : https://oav.edu.in/oav/m/oavksp"
808,"Aff. No. :1520166
Sch. Code:17252","State : ODISHA
District : RAYAGADA",Senior Secondary Level,"Name : ODISHA ADARSHA VIDYALAYA
Head/Principal Name: MILI SANDHA","Address : JAMURAGUDA, AT JAMURAGUDA, PO-PATRAGUDA, PS-MUNIGUDA, DIST-RAYAGADA, ODISHA 765020
Website : www.oav.edu.in"
809,"Aff. No. :1520167
Sch. Code:17253","State : ODISHA
District : RAYAGADA",Senior Secondary Level,"Name : ODISHA ADARSHA VIDYALAYA
Head/Principal Name: ROSHAN KUMAR SABAT","Address : PADMAPUR, AT-BAHUPADAR, PO-PADMAPUR, DIST-RAYAGADA,ODISHA-765025
Website : https://oav.edu.in/?GROUP_CODE=OAVBHL"
810,"Aff. No. :1520168
Sch. Code:17254","State : ODISHA
District : RAYAGADA",Senior Secondary Level,"Name : ODISHA ADARSHA VIDYALAYA
Head/Principal Name: PRANIT KUMAR ADHIKARI","Address : RAMNAGUDA, BESIDE MAIN ROAD, NH-326.AT/PO-RAMNAGUDA-DIST-RAYAGADA. ODISHA-765029
Website : https://oav.edu.in/OAVRMG"
811,"Aff. No. :1520152
Sch. Code:17238","State : ODISHA
District : RAYAGADA",Senior Secondary Level,"Name : ODISHA ADARSHA VIDYALAYA
Head/Principal Name: KALANDI CHARAN ROUT","Address : CHANDRAPUR,BLOCK-CHANDRAPUR,P.O.-CHANDRAPUR, DIST.RAYAGADA- 765020 (ODISHA)
Website : https://www.oav.edu.in/oav/home/OAVCHR"
812,"Aff. No. :1520137
Sch. Code:17223","State : ODISHA
District : RAYAGADA",Senior Secondary Level,"Name : ODISHA ADARSH VIDYALAYA
Head/Principal Name: BIKASH KUMAR SAHOO","Address : GUDARI, AT.PO-GUDARI, DIST. RAYAGADA, ODISHA-765026
Website : https://www.oav.edu.in/oav/home/OAVGUD"
813,"Aff. No. :1520154
Sch. Code:17240","State : ODISHA
District : RAYAGADA",Senior Secondary Level,"Name : ODISHA ADARSH VIDYALAYA
Head/Principal Name: TAPASI RANI SAHU","Address : AT/PO-GUNUPUR, DIST-RAYAGADA, STATE-ODISHA-765022
Website : www.oav.edu.in"
814,"Aff. No. :1500155
Sch. Code:19360","State : ODISHA
District : RAYAGADA",Secondary Level,"Name : KENDRIYA VIDYALAYA GUNUPUR
Head/Principal Name: SAURABH JAIN","Address : OLD BANK STREET, GUNUPUR
Website : https://gunupur.kvs.ac.in"
815,"Aff. No. :1500033
Sch. Code:19117","State : ODISHA
District : RAYAGADA",Senior Secondary Level,"Name : PM SHRI KENDRIYA VIDYALAYA
Head/Principal Name: RAJA RAM","Address : MUNICIPAL CAMPUS, RAYAGADA, ORISSA
Website : http://rayagada.kvs.ac.in"
816,"Aff. No. :1520008
Sch. Code:17094","State : ODISHA
District : RAYAGADA",Senior Secondary Level,"Name : EKLAVYA MODEL RESIDENTIAL SCHOOL
Head/Principal Name: SANTOSH KUMAR PATRA","Address : AT-SIRIGUDA, PO HALUA DISTT RAYAGADA
Website : www.omtes.org"
817,"Aff. No. :1520376
Sch. Code:17467","State : ODISHA
District : RAYAGADA",Senior Secondary Level,"Name : EKLAVYA MODEL RESIDENTIAL SCHOOL BIKRAMPUR GUNUPUR
Head/Principal Name: ANANTA KUMAR TRIPATHY","Address : POST SIRIJHULI, VIA GUNUPUR
Website : http://www.omtes.org"
818,"Aff. No. :1520447
Sch. Code:17560","State : ODISHA
District : RAYAGADA",Secondary Level,"Name : EKLAVYA MODEL RESIDENTIAL SCHOOL, CHANDRAPUR
Head/Principal Name: ASUTOSH SIBASANKAR SAHOO","Address : AT-SARIKIMA, PO-CHANDRAPUR, DIST-RAYAGADA
Website : https://omtes.org/emrs_micro.html"
819,"Aff. No. :1530104
Sch. Code:15415","State : ODISHA
District : RAYAGADA",Secondary Level,"Name : MAHARISHI VIDYA MANDIR
Head/Principal Name: RANJAN KUMAR SAHU","Address : MAHARISHI VIDYA MANDIR, BACK SIDE OF OMP RAYAGADA, ORISSA - 765001
Website : www.rayagadamaharishividyamandir.com"
820,"Aff. No. :1530093
Sch. Code:15371","State : ODISHA
District : RAYAGADA",Senior Secondary Level,"Name : GREEN VALLEY PUBLIC SCHOOL
Head/Principal Name: SUNITHA G PILLAI","Address : AT PENTA PO J K PUR DISTT RAYAGADA ORISSA
Website : www.greenvalleypenta.com"
821,"Aff. No. :1530125
Sch. Code:15365","State : ODISHA
District : RAYAGADA",Senior Secondary Level,"Name : GANDHI PUBLIC SCHOOL
Head/Principal Name: SUBRAT RANJAN PATHI","Address : SRIRAMALINGESWAR TEMPLE AVENUE, RAYAGADA, ORISSA
Website : www.gpsgnp.edu.in"
822,"Aff. No. :1530142
Sch. Code:15442","State : ODISHA
District : RAYAGADA",Senior Secondary Level,"Name : RAMAKRISHNA MISSION ASHRAMA SCHOOL
Head/Principal Name: RANGA NATH BANERJEE","Address : PO:HATAMUNIGUDA, DIST.RAYAGADA,ORISSA
Website : http://www.rkmhatamuniguda.org"
823,"Aff. No. :1530019
Sch. Code:15306","State : ODISHA
District : RAYAGADA",Senior Secondary Level,"Name : CHINMAYA VIDYALAYA
Head/Principal Name: BIDYADHAR NAYAK","Address : P O THERUBALLI DISTT RAYAGADA ORISSA
Website :"
824,"Aff. No. :1530016
Sch. Code:15404","State : ODISHA
District : RAYAGADA",Senior Secondary Level,"Name : LAKSHMIPAT SINGHANIA PUBLIC SCHOOL
Head/Principal Name: RUBY KUNDU","Address : P O JAYKAYPUR RAYAGADA DISTT ORISSA
Website : www.lspublicschooljk.com"
825,"Aff. No. :1520406
Sch. Code:17508","State : ODISHA
District : SONEPUR",Senior Secondary Level,"Name : ODISHA ADARSHA VIDYALAYA, BINIKA
Head/Principal Name: PARITOSH KUMAR","Address : BLOCK-BINKA, BINKA
Website : https://oav.edu.in/oav/home/OAVBBK"
826,"Aff. No. :1520426
Sch. Code:17539","State : ODISHA
District : SONEPUR",Secondary Level,"Name : ODISHA ADARSHA VIDYALAYA FATAMUNDA
Head/Principal Name: HIMANSU KUANAR","Address : AT FATAMUNDA, POST CHERUPALI, PS DUNGURIPALI
Website : https://www.oav.edu.in"
827,"Aff. No. :1520020
Sch. Code:17142","State : ODISHA
District : SONEPUR",Senior Secondary Level,"Name : ODISHA ADARSHA VIDYALAYA
Head/Principal Name: RASHMI RANJAN DASH","Address : JAMKANI, TARVA, AT-JAMKANI, P.O-DUBULA, VIA-TARVA, DISTT.-SUBARANAPUR-767016 (ODISHA)
Website : https://oav.edu.in/oav/home/oavjkn"
828,"Aff. No. :1520022
Sch. Code:17185","State : ODISHA
District : SONEPUR",Senior Secondary Level,"Name : ODISHA ADARSHA VIDYALAYA
Head/Principal Name: BISHNU PRASAD JENA","Address : RATHAPUR, AT/PO/ BIRMAHARAJPUR, DISTT. SONEPUR-767018
Website : https://www.oav.edu.in/oav/home/OAVRAT"
829,"Aff. No. :1520033
Sch. Code:17144","State : ODISHA
District : SONEPUR",Senior Secondary Level,"Name : ODISHA ADARSHA VIDYALAYA
Head/Principal Name: SUNIL KUMAR PANDA","Address : JHARBAHALI, ULUMNDA, P.O ULUNDA, DISTT. SUBARNAPUR, ODISHA-767062
Website : https://oav.edu.in/?GROUP_CODE=OAVJHA"
830,"Aff. No. :1520035
Sch. Code:17179","State : ODISHA
District : SONEPUR",Senior Secondary Level,"Name : ODISHA ADARSHA VIDYALAYA
Head/Principal Name: ARUN MAHAKUR","Address : AT. PIPILIPALI, P.O KALAPATHAR, SONEPUR, DISTT. SUBARNAPUR, ODISHA-767017
Website : www.oav.edu.in/oav/home/oavson"
831,"Aff. No. :1500042
Sch. Code:19139","State : ODISHA
District : SONEPUR",Senior Secondary Level,"Name : PM SHRI KENDRIYA VIDYALAYA SONEPUR
Head/Principal Name: DIGANTA KUMAR MOHAPATRA","Address : SONEPUR, AT- DRC, S.T. SCHOOL CAMPUS, SONEPUR, DISTT- SUBARNAPUR, ODISHA
Website : https://sonepur.kvs.ac.in"
832,"Aff. No. :1530302
Sch. Code:16003","State : ODISHA
District : SONEPUR",Senior Secondary Level,"Name : SUKANTI INTERNATIONAL SCHOOL
Head/Principal Name: SANTOSH KUMAR BASH","Address : AT-DHUBAMUNDA(MOUZA-SINGARI), PO-S.KALAPATHAR, PS-SONEPUR, DIST-SUBARNAPUR, PIN-767017
Website : http://sissonepur.com/"
833,"Aff. No. :1530367
Sch. Code:16116","State : ODISHA
District : SONEPUR",Secondary Level,"Name : ST. XAVIER INTERNATIONAL SCHOOL
Head/Principal Name: GUPTESWAR SAHU","Address : PO- S KALAPATHAR, VIA- SONEPUR
Website : http://stxavierschoolsubarnapur.in"
834,"Aff. No. :1540016
Sch. Code:19081","State : ODISHA
District : SONEPUR",Senior Secondary Level,"Name : PM SHRI SCHOOL JAWAHAR NAVODAYA VIDYALAYA
Head/Principal Name: JAIRAM NAIK","Address : AT PO TARBHA DISTT SONEPUR ORISSA
Website :"
835,"Aff. No. :1540022
Sch. Code:19058","State : ODISHA
District : KHORDHA",Senior Secondary Level,"Name : PM SHRI SCHOOL JAWAHAR NAVODAYA VIDYALAYA
Head/Principal Name: KABITA KAR","Address : AT/PO GURUJANG, DISTT.KHURDA, ORISSA
Website : www.navodaya.gov.in/nvs/nvs-school/Khurda/en/home"
836,"Aff. No. :1580001
Sch. Code:19144","State : ODISHA
District : KHORDHA",Senior Secondary Level,"Name : SAINIK SCHOOL
Head/Principal Name: Pankaj Kumar","Address : BHUBANESHWAR, DISTT KHURDA, ORISSA
Website :"
837,"Aff. No. :1530380
Sch. Code:16137","State : ODISHA
District : KHORDHA",Senior Secondary Level,"Name : ARYAVART ANCIENT ACADEMY
Head/Principal Name: DIPTIMAYEE MOHANTY","Address : ARJUNPUR, KHORDHA
Website : http://www.aaaschool.in"
838,"Aff. No. :1530378
Sch. Code:16133","State : ODISHA
District : KHORDHA",Secondary Level,"Name : SRI SATHYA SAI ANANDAM SCHOOL
Head/Principal Name: LALA SUSANTA RAY","Address : CHANDAKA, BHUBANESWAR
Website : http://srisathyasaianandamschool.in/"
839,"Aff. No. :1530386
Sch. Code:16155","State : ODISHA
District : KHORDHA",Secondary Level,"Name : ST. VINCENT'S ENGLISH MEDIUM SCHOOL
Head/Principal Name: REENA MALTI LAKRA","Address : JATNI, POST JATNI
Website : www.stvemsjatni.com"
840,"Aff. No. :1530402
Sch. Code:16195","State : ODISHA
District : KHORDHA",Senior Secondary Level,"Name : ODM GLOBAL SCHOOL
Head/Principal Name: SUBRAT KUMAR SARANGI","Address : KISS JAGANNATH TEMPLE ROAD, PS-CHANDAKA DIST-KHORDA BHUBANESWAR
Website : www.odmglobalschool.org"
841,"Aff. No. :1530433
Sch. Code:16300","State : ODISHA
District : KHORDHA",Senior Secondary Level,"Name : G D GOENKA PUBLIC SCHOOL
Head/Principal Name: SANTOSH KUMAR SINGH","Address : AT - HARAPUR, JATANI, BHUBANESWAR
Website : https://gdgoenkabbsr.org/"
842,"Aff. No. :1530418
Sch. Code:16252","State : ODISHA
District : KHORDHA",Senior Secondary Level,"Name : KT GLOBAL SCHOOL
Head/Principal Name: RINKU SARANGI","Address : MAKUNDAPRASAD, KHORDHA
Website : http://www.ktglobalschool.org"
843,"Aff. No. :1530485
Sch. Code:16437","State : ODISHA
District : KHORDHA",Secondary Level,"Name : MONALISA ENGLISH MEDIUM SCHOOL
Head/Principal Name: KABITA RAY","Address : AT- TLC ROAD, PO-KHORDHA, PS- KHORDHA
Website : http://www.monalisaenglishmediumschool.com/"
844,"Aff. No. :1530480
Sch. Code:16427","State : ODISHA
District : KHORDHA",Secondary Level,"Name : VENKATESWAR SCHOOL
Head/Principal Name: RAMA CHANDRA SHASMAL","Address : AT-BALUGAON, PO-BALUGAON, PS-BALUGAON
Website : https://venkateswarschoolbalugaon.com/"
845,"Aff. No. :1530499
Sch. Code:16460","State : ODISHA
District : KHORDHA",Secondary Level,"Name : ST. XAVIER'S HIGH SCHOOL
Head/Principal Name: NIHARIKA MISHRA","Address : BARHAMPURA, DALEIPUT, KHORDHA
Website : https://xavierskhordha.org/"
846,"Aff. No. :1530501
Sch. Code:16466","State : ODISHA
District : KHORDHA",Senior Secondary Level,"Name : YOUNG PHOENIX PUBLIC SCHOOL
Head/Principal Name: PRANATI MISHRA","Address : NUAGAON CHHAK,SISHUPALGARH, BHUBANESHWAR KHORDHA ODISHA, 751002
Website : www.yppschool2.com"
847,"Aff. No. :1530495
Sch. Code:16452","State : ODISHA
District : KHORDHA",Senior Secondary Level,"Name : NARAYANA SCHOOL
Head/Principal Name: PRAJNA PARIMITA","Address : HI-TECH HOSPITAL ROAD,, PANDRA,, TEHSIL BHUBANESWAR
Website : https://www.narayanaschools.in/odisha/bhubaneswar-"
848,"Aff. No. :1530489
Sch. Code:16443","State : ODISHA
District : KHORDHA",Secondary Level,"Name : ST. XAVIERS HIGH SCHOOL
Head/Principal Name: LEENA MISHRA","Address : AT-RAMCHANDRAPUR BAZAR, PO-JATANI, PS-JATANI
Website : https://stxavierhighschooljatni.com/"
849,"Aff. No. :1530487
Sch. Code:16440","State : ODISHA
District : KHORDHA",Senior Secondary Level,"Name : SRI CHAITANYA SCHOOL
Head/Principal Name: SUBHASHREE MISHRA","Address : AT - BANKUAL, PO- BANKUAL, PS- BADAGADA
Website : https://sctsbhubaneswar.in/"
850,"Aff. No. :1530441
Sch. Code:16323","State : ODISHA
District : KHORDHA",Secondary Level,"Name : ST. XAVIER'S HIGH SCHOOL
Head/Principal Name: MONALISA TRIPATHY","Address : IN FRONT OF HOTEL MANAGEMENT, VSS NAGAR, BHUBANESWAR
Website : www.xaviersgroupofschools.com"
851,"Aff. No. :1530458
Sch. Code:16379","State : ODISHA
District : KHORDHA",Senior Secondary Level,"Name : THE DN WISDOM TREE GLOBAL SCHOOL
Head/Principal Name: JOHN HARRISON","Address : PL NO - 740/1241 & 740/1363 , SUNDARPUR , PS -CHANDAKA, BHUBANESWAR
Website : http://thednwisdomtreeglobalschool.com/"
852,"Aff. No. :1530455
Sch. Code:16368","State : ODISHA
District : KHORDHA",Senior Secondary Level,"Name : GUIDANCE INTERNATIONAL SCHOOL
Head/Principal Name: NILAKANTHA ROUT","Address : AT- GOKULAPUR, PO- GUDUM, PS- SADAR KHORDHA
Website : www.giskhordha.com"
853,"Aff. No. :1530452
Sch. Code:16363","State : ODISHA
District : KHORDHA",Secondary Level,"Name : LITTLE WORLD ENGLISH MEDIUM SCHOOL
Head/Principal Name: SMRUTI SATAPATHY","Address : AT- PADANPUR, PO- BALUGAON, PS- BANAPUR
Website : www.littleworldenglishmediumschoolbalugaon.com"
854,"Aff. No. :1530295
Sch. Code:15934","State : ODISHA
District : KHORDHA",Secondary Level,"Name : VENKATESWAR ENGLISH MEDIUM SCHOOL,MINCHINPATNA
Head/Principal Name: AISURYAMAYEE DAS","Address : AT-MINCHINPATNA,POANGARAPADA PS-CHANDAKA,DIST-KHURDA
Website : www.vemschoolmcp.in"
855,"Aff. No. :1530299
Sch. Code:15944","State : ODISHA
District : KHORDHA",Senior Secondary Level,"Name : ROYAL PUBLC SCHOOL
Head/Principal Name: Sarbeswar Samal","Address : AT- KESURA,KORADAKANTA POST-BUDHESWARI COLONY , BHUBANESWAR
Website : www.rpsbbsr.edu.in"
856,"Aff. No. :1530307
Sch. Code:16016","State : ODISHA
District : KHORDHA",Senior Secondary Level,"Name : APEEJAY SCHOOL BHUBANESWAR
Head/Principal Name: Mr. ATANU RATH","Address : NEAR DURGA MANDAP, GHATIKIA
Website : https://www.apeejayschool.in/bhubaneswar"
857,"Aff. No. :1530285
Sch. Code:15889","State : ODISHA
District : KHORDHA",Secondary Level,"Name : DM PUBLIC SCHOOL
Head/Principal Name: HRUDANANDA BEURA","Address : BASUAGHAI, NEAR SIRIDI SAI TEMPLE, TANKAPANI ROAD
Website : www.dmpublicschool.co.in"
858,"Aff. No. :1530280
Sch. Code:15876","State : ODISHA
District : KHORDHA",Senior Secondary Level,"Name : COHEN INTERNATIONAL SCHOOL
Head/Principal Name: JAGJEEVAN RAMA DADA DASH","Address : PLOT NO.111(P)&112(P), HARIDAMADA,(ADJACENT TO IIT-BHUBANESWAR)
Website : www.coheninternationalschool.com"
859,"Aff. No. :1530277
Sch. Code:15771","State : ODISHA
District : KHORDHA",Senior Secondary Level,"Name : NARAYANA SCHOOL
Head/Principal Name: SUJATHA NUNNA","Address : NARAYANA SCHOOL KOUSTAV BHUVANESWAR ODISHA,KHUDRA
Website : https://www.narayanaschools.in/locations/"
860,"Aff. No. :1530265
Sch. Code:15367","State : ODISHA
District : KHORDHA",Senior Secondary Level,"Name : GAYATRI SMART SCHOOL
Head/Principal Name: PRABHAT KUMAR SAHOO","Address : AT-SUDHASADANGI PO-BRAHMANSADANDI,P/S BALIANTA,DIST KHORDHA-752100
Website : www.gayatrismartschool.com"
861,"Aff. No. :1530256
Sch. Code:15513","State : ODISHA
District : KHORDHA",Secondary Level,"Name : THE MOTHER PUBLIC SCHOOL
Head/Principal Name: Sibananda Pattnaik","Address : AT/PO-AMANAKUD GARH,VIA-BANAMALIPUR
Website : www.tmpsxr.in"
862,"Aff. No. :1530260
Sch. Code:15372","State : ODISHA
District : KHORDHA",Senior Secondary Level,"Name : BRIDGEWELL GLOBAL SCHOOL
Head/Principal Name: ABHAYA KUMAR JENA","Address : AT/POST SARKANA BALIANTA
Website : www.bridgewellglobal.org"
863,"Aff. No. :1530261
Sch. Code:15424","State : ODISHA
District : KHORDHA",Senior Secondary Level,"Name : MOUNT LITERA ZEE SCHOOL
Head/Principal Name: DR. MANOJA KUMAR NAYAK","Address : BHAGABATIPUR, KANTABADA,BHUBANESWAR, KHURDA
Website : https://mountliterabhubaneswar.com"
864,"Aff. No. :1530246
Sch. Code:15470","State : ODISHA
District : KHORDHA",Senior Secondary Level,"Name : SIVANANDA CENTENARY BOYS HIGH SCHOOL
Head/Principal Name: MANOJ KUMAR DAS","Address : CHIDANANDA VIHAR, KHANDAGIRI
Website : www.sivanandacbhschool.com"
865,"Aff. No. :1530248
Sch. Code:15383","State : ODISHA
District : KHORDHA",Senior Secondary Level,"Name : HI-TECH PUBLIC SCHOOL
Head/Principal Name: RITA TRIPATHY","Address : HI-TECH MEDICAL COLLAGE AND HOSPITAL CAMPUS,HEALTH PARK,PANDARA, RASULGARH , BHUBANESWAR - 751025
Website : www.hi-techpublicschool.org"
866,"Aff. No. :1530254
Sch. Code:15422","State : ODISHA
District : KHORDHA",Secondary Level,"Name : MOUNT LITERA ZEE SCHOOL
Head/Principal Name: PRADOSHA KUMAR SWAIN","Address : IN FRONT OF OMFED PLANT, PO-CHANDESWAR VIA/PS-TANGI, DIST-KHURDA
Website : www.mountliteratangi.in"
867,"Aff. No. :1530203
Sch. Code:15355","State : ODISHA
District : KHORDHA",Senior Secondary Level,"Name : DOON INTERNATIONAL SCHOOL,
Head/Principal Name: ARUN KUMAR PATI","Address : PLOT NO. 109, ADJACENT TO AIIMS BHUBANESWAR
Website : www.dooninternational.in"
868,"Aff. No. :1530211
Sch. Code:15491","State : ODISHA
District : KHORDHA",Secondary Level,"Name : ST. XAVIER INTERNATIONAL SCHOOL
Head/Principal Name: SUDIPTA PATTNAIK","Address : KIAJHARI, MALIPADA, KHORDHA
Website : www.sxisnandankanan.in"
869,"Aff. No. :1530218
Sch. Code:15527","State : ODISHA
District : KHORDHA",Senior Secondary Level,"Name : YOUNG PHOENIX PUBLIC SCHOOL
Head/Principal Name: Subhashree Mishra","Address : PLOT-62,GOPINATHPUR,PS-DHAULI,PO-GOPINATHPUR,BHUBANESWAR,DIST-KHURDHA.ODISHA.PIN-751002.
Website : https://yppschool.com/"
870,"Aff. No. :1530232
Sch. Code:15280","State : ODISHA
District : KHORDHA",Senior Secondary Level,"Name : AMRITA VIDYALAYAM
Head/Principal Name: Mousumi Patnaik","Address : PLOT NO 508,
Website : www.amritavidyalayam.org"
871,"Aff. No. :1530235
Sch. Code:15394","State : ODISHA
District : KHORDHA",Senior Secondary Level,"Name : JUPITER PUBLIC SCHOOL
Head/Principal Name: NIRUPAMA PATRA","Address : GANGAPADA, JATNI
Website : www.jupiterpublicschool.in"
872,"Aff. No. :1530220
Sch. Code:15291","State : ODISHA
District : KHORDHA",Senior Secondary Level,"Name : BLOSSOMS SCHOOL
Head/Principal Name: SEEMITA PANDA","Address : PLOT NO- 5 (GA), BHARATPUR
Website : http://www.blossomsschool.in/"
873,"Aff. No. :1530222
Sch. Code:15468","State : ODISHA
District : KHORDHA",Senior Secondary Level,"Name : SHRIKRISHNA INTERNATIONAL SCHOOL
Head/Principal Name: NAMRATA SINGH","Address : AT & P.O: MALIPADA, PLOT NO: 96, BHUBANESHWAR
Website : www.skisbbsr.org"
874,"Aff. No. :1530199
Sch. Code:15432","State : ODISHA
District : KHORDHA",Senior Secondary Level,"Name : ONENESS INTERNATIONAL SCHOOL
Head/Principal Name: SUDHANSU SEKHAR PANDA","Address : AT-BARABHUJIA, P.O:-NALIPADA ARJUNPUR, DIST:-KHURDA
Website : www.onenessinternationalschool.com"
875,"Aff. No. :1530182
Sch. Code:15523","State : ODISHA
District : KHORDHA",Senior Secondary Level,"Name : VIVEKANANDA SIKSHA KENDRA
Head/Principal Name: MRUNMAYEE MOHAPATRA","Address : BBSR-6 PO-BUDHESWARI COLONY VIA-BUDHESWARI
Website : www.vpsjagannathnagar.com"
876,"Aff. No. :1530176
Sch. Code:15308","State : ODISHA
District : KHORDHA",Secondary Level,"Name : D.A.V. PUBLIC SCHOOL
Head/Principal Name: SOUBHAGYA LAXMI MOHANTY","Address : PLOT NO-3679,GARAGE CHHACK,PURI ROAD,BHUBANESWAR-751002,POST-OLDTOWN,P.S-LINGARAJ,DIST-KHURDA,ORISSA.
Website : www.davpuriroad.org"
877,"Aff. No. :1530171
Sch. Code:15461","State : ODISHA
District : KHORDHA",Senior Secondary Level,"Name : SANTANU ENGLISH MEDIUM SCHOOL
Head/Principal Name: Himanshu Bhusan Tripathy","Address : PLOTNO- 590 ,CHINTAMANISWER AREA,BHUBANESWAR 6
Website : www.semsbbsr.com"
878,"Aff. No. :1530167
Sch. Code:15518","State : ODISHA
District : KHORDHA",Senior Secondary Level,"Name : VENKATESWAR ENGLISH MEDIUM SCHOOL.
Head/Principal Name: G RAMA KISHORE","Address : 35,CHANDRASEKHARPUR,INFOCITY ROAD,BHUBANESWAR-24
Website : http://www.vemschool.in"
879,"Aff. No. :1500046
Sch. Code:19093","State : ODISHA
District : KHORDHA",Senior Secondary Level,"Name : PM SHRI KENDRIYA VIDYALAYA NO.5
Head/Principal Name: SANTOSH KUMAR BAL","Address : KALINGANAGAR, FUNCTIONING AT GOVT BOYS HIGH SCHOOL, UNIT-IX, BHUBNESWAR, ODISHA
Website : https://no5bhubaneswar.kvs.ac.in/"
880,"Aff. No. :1500047
Sch. Code:19094","State : ODISHA
District : KHORDHA",Senior Secondary Level,"Name : PM SHRI K V NO VI POKHARIPUT BHUBANESWAR
Head/Principal Name: ANANTA NARAYAN MEHER","Address : POKHARIPUT, DT KHORDHA, BHUBANESHWAR, ODISHA- 751020
Website : www.no6bhubaneswar.kvs.ac.in"
881,"Aff. No. :1500154
Sch. Code:19359","State : ODISHA
District : KHORDHA",Senior Secondary Level,"Name : KV IIT BHUBANESWAR
Head/Principal Name: CHAKRADHARA PRUSTY","Address : JATNI, KHORDHA
Website : https://iitbhubaneswar.kvs.ac.in"
882,"Aff. No. :1500032
Sch. Code:19092","State : ODISHA
District : KHORDHA",Senior Secondary Level,"Name : PM SHRI KENDRIYA VIDYALAYA NO.4
Head/Principal Name: MANISH KUMAR SRIVASTAVA","Address : AT NEELADRI VIHAR, P.O. SAILASHREE VIHAR, BHUBANESHWAR, DISTT KHURDA ORISSA
Website :"
883,"Aff. No. :1500017
Sch. Code:19091","State : ODISHA
District : KHORDHA",Senior Secondary Level,"Name : PM SHRI KENDRIYA VIDYALAYA NO.3
Head/Principal Name: ASHUTOSH KARASHARMA MISHRA","Address : MANCHESWAR RAILWAY COLONY BHUBANSHWAR, DISTT KHURDA, ORISSA
Website : www.no3bhubaneswar.kvs.ac.in"
884,"Aff. No. :1500015
Sch. Code:19123","State : ODISHA
District : KHORDHA",Senior Secondary Level,"Name : PM SHRI KENDRIYA VIDYALAYA NO 2
Head/Principal Name: DHANANJAY PRASAD SHARMA","Address : C R P F CAMPUS BHUBANESHWAR, DISTT KHURDA ORISSA
Website : https://no2bhubaneswar.kvs.ac.in/"
885,"Aff. No. :1500008
Sch. Code:19096","State : ODISHA
District : KHORDHA",Senior Secondary Level,"Name : PM SHRI KENDRIYA VIDYALAYA
Head/Principal Name: NIRAJ KISHOR PINGUA","Address : KHURDA ROAD P O JATNI KHURDA DISTT ORISSA
Website : https://khurdaroad.kvs.ac.in/"
886,"Aff. No. :1500011
Sch. Code:19113","State : ODISHA
District : KHORDHA",Senior Secondary Level,"Name : PM SHRI KENDRIYA VIDYALAYA
Head/Principal Name: SUBHASH CHANDRA JENA","Address : INS P O CHILKA VIA BALUGAON PURI DISTT ORISSA
Website : http://inschilka.kvs.ac.in/"
887,"Aff. No. :1500002
Sch. Code:19122","State : ODISHA
District : KHORDHA",Senior Secondary Level,"Name : PM SHRI KENDRIYA VIDYALAYA NO 1
Head/Principal Name: ADITYA KUMAR PANDA","Address : P O SAHEED NAGAR UNIT IX BHUBANESHWAR, DISTT KHURDA, ORISSA
Website : http://www.kv1kochi.org"
888,"Aff. No. :1520014
Sch. Code:19054","State : ODISHA
District : KHORDHA",Senior Secondary Level,"Name : DEMONSTRATION MULTIPURPOSE SCHOOL
Head/Principal Name: AKHILESHWAR MISHRA","Address : REGIONAL INSTT. OF EDUCATION BHUBNESHWAR, ODISHA
Website : www.riebbs.ac.in/dm-school/"
889,"Aff. No. :1520195
Sch. Code:17281","State : ODISHA
District : KHORDHA",Senior Secondary Level,"Name : ODISHA ADARSHA VIDYALAYA, BEGUNIA
Head/Principal Name: BHAKTI RANJAN BEHERA","Address : AT/PO/PS- BEGUNIA DIST-KHORDHA STATE-ODISHA PIN-752062
Website : https://oav.edu.in/OAVSBEA"
890,"Aff. No. :1520433
Sch. Code:17546","State : ODISHA
District : KHORDHA",Secondary Level,"Name : ODISHA ADARSHA VIDYALAYA BHAKARSAHI,BALIPATNA
Head/Principal Name: SANTOSH KUMAR MAHAPATRA","Address : AT- GADA CHARIPADA, PO-BHAKARSAHI, VIA- BANAMALIPUR
Website : www.oav.edu.in/oav/home/OAVBKS"
891,"Aff. No. :1520369
Sch. Code:17426","State : ODISHA
District : KHORDHA",Senior Secondary Level,"Name : ODISHA ADARSHA VIDYALAYA, SIALIA, KHORDHA
Head/Principal Name: SUJATA CHAKRA","Address : PO- DALEIPUT, DIST- KHURDA
Website : www.oav.edu.in"
892,"Aff. No. :1520386
Sch. Code:17487","State : ODISHA
District : KHORDHA",Senior Secondary Level,"Name : ODISHA ADARSHA VIDYALAYA, SANDHAPUR
Head/Principal Name: JYOSHNA NAYAK","Address : PO- JATNI, WARD NO.- 9, JATNI MUNICIPALITY
Website : https://oav.edu.in/oav/home/OAVSDP"
893,"Aff. No. :1520390
Sch. Code:17491","State : ODISHA
District : KHORDHA",Senior Secondary Level,"Name : ODISHA ADARSHA VIDYALAYA BHATAPADA, BANAPUR
Head/Principal Name: BRUNDABANA NAYAK","Address : PO-GAMBHARIMUNDA, BLOCK-BANAPUR
Website : https://oav.edu.in/oav/home/OAVTKP"
894,"Aff. No. :1520391
Sch. Code:17492","State : ODISHA
District : KHORDHA",Senior Secondary Level,"Name : ODISHA ADARSHA VIDYALAYA GAINADA ,CHILIKA
Head/Principal Name: BABULA BEHERA","Address : PO-HATABARADIHI, BLOCK-CHILIKA
Website : https://oav.edu.in/oav/home/OAVGNP"
895,"Aff. No. :1520398
Sch. Code:17499","State : ODISHA
District : KHORDHA",Senior Secondary Level,"Name : ODISHA ADARSHA VIDYALAYA PICHUKULI
Head/Principal Name: TAPAS KUMAR DWIBEDY","Address : PS-BEGUNIA, BLOCK-BOLAGARH
Website : https://oav.edu.in/oav/home/OAVTKT"
896,"Aff. No. :1520399
Sch. Code:17501","State : ODISHA
District : KHORDHA",Senior Secondary Level,"Name : ODISHA ADARSHA VIDYALAYA BENTAPUR BALIANTA KHORDHA
Head/Principal Name: SATYABRATA SAMAL","Address : PO- BRAHMANSARANGI, BALIANTA
Website : https://oav.edu.in/oav/home/OAVPPS"
897,"Aff. No. :1520467
Sch. Code:17580","State : ODISHA
District : KHORDHA",Secondary Level,"Name : ODISHA ADARSHA VIDYALAYA ADIPADA
Head/Principal Name: VALENTINA NAHAK","Address : AT-ADIPADA, PO-KUHURI, PS-TANGI
Website : https://oav.edu.in/oav/home/OAVADI"
898,"Aff. No. :1520512
Sch. Code:17629","State : ODISHA
District : KHORDHA",Senior Secondary Level,"Name : ICONIC ODISHA ADARSHA VIDYALAYA
Head/Principal Name: TANUJA KUMAR NAYAK","Address : AT/PO-ANDHARUA, PS-CHANDAKA, BHUBANESWAR
Website : www.oavs.edu.in/OAVIOA"
899,"Aff. No. :1530009
Sch. Code:15296","State : ODISHA
District : KHORDHA",Senior Secondary Level,"Name : BUXI JAGABANDHU ENGLISH MEDIUM SCHOOL
Head/Principal Name: SANDHYA JENA","Address : M/15 BUXI JAGABANDHU NAGAR, DISTT KHURDA, ORISSA
Website : www.bjemschool.org"
900,"Aff. No. :1530006
Sch. Code:15342","State : ODISHA
District : KHORDHA",Senior Secondary Level,"Name : D A V PUBLIC SCHOOL
Head/Principal Name: IPSITA DAS","Address : UNIT 8 D A V BHAWAN BHUBANESHWAR, DISTT KHURDA, ORISSA
Website : www.davunit8.org"
901,"Aff. No. :1530051
Sch. Code:15364","State : ODISHA
District : KHORDHA",Middle Class,"Name : GOURI SHANKAR RESIDENTIAL SCHOOL
Head/Principal Name: BIRANCHI NARAYAN TRIPATHY","Address : SHRIRAM NAGAR BHUBNESHWAR DISTT KHURDA ORISSA
Website :"
902,"Aff. No. :1530044
Sch. Code:15329","State : ODISHA
District : KHORDHA",Senior Secondary Level,"Name : DAV PUBLIC SCHOOL
Head/Principal Name: SUJATA SAHU","Address : CHANDRASEKHARPUR BHUBANESWAR, DISTT KHURDA ORISSA
Website : www.davcsp.org"
903,"Aff. No. :1530037
Sch. Code:15436","State : ODISHA
District : KHORDHA",Senior Secondary Level,"Name : PRABHUJEE ENGLISH MEDIUM SCHOOL
Head/Principal Name: KISHU CHAND PRUSTY","Address : KRIYA YOGA ASHRAM V S S NAGAR BHUBNESHWAR, DISTT KHURDA, ORISSA
Website : www.prabhujeegurukul.com"
904,"Aff. No. :1530086
Sch. Code:15500","State : ODISHA
District : KHORDHA",Senior Secondary Level,"Name : ST. XAVIERS HIGH SCHOOL
Head/Principal Name: SANJITA SARANGI","Address : 195 KHANDAGIRI OPPOSITE KHANDAGIRI POLICE STATION BHUBANESHWAR, DISTT KHURDA ORISSA
Website : http://xavierskhandagiri.org/Default.aspx"
905,"Aff. No. :1530053
Sch. Code:15305","State : ODISHA
District : KHORDHA",Secondary Level,"Name : CHILKARANI ENGLISH MEDIUM SCHOOL
Head/Principal Name: NILADRI BHUSHAN BEHERA","Address : BALUGAON KHURDA ORISSA
Website : http://crems.in"
906,"Aff. No. :1530055
Sch. Code:15502","State : ODISHA
District : KHORDHA",Senior Secondary Level,"Name : ST. XAVIERS HIGH SCHOOL
Head/Principal Name: ARCHANA MISRA","Address : 231 KEDAR GOURI CHHAK BHUBANESHWAR ORISSA
Website : www.stxavierskedargouri.in"
907,"Aff. No. :1530068
Sch. Code:15430","State : ODISHA
District : KHORDHA",Senior Secondary Level,"Name : O D M PUBLIC SCHOOL
Head/Principal Name: DR SATYABRATA MINAKETAN","Address : SHISHU VIHAR PATIA PO KIIT BHUBANESHWAR ORISSA
Website : www.odmps.org"
908,"Aff. No. :1530065
Sch. Code:15337","State : ODISHA
District : KHORDHA",Senior Secondary Level,"Name : DAV PUBLIC SCHOOL
Head/Principal Name: BIPINA KUMAR SAHOO","Address : POKHARIPUT OLD TOWN BHUBANESWAR, DISTT KHURDA, ORISSA
Website : www.davpkt.org.in"
909,"Aff. No. :1530062
Sch. Code:15514","State : ODISHA
District : KHORDHA",Senior Secondary Level,"Name : MOTHERS PUBLIC SCHOOL
Head/Principal Name: POLY","Address : EDUCATION NEAR INDOOR HALL UNIT 1 BHUBANESHWAR DISTT KHURDA ORISSA
Website : www.mothers.edu.in"
910,"Aff. No. :1530130
Sch. Code:15411","State : ODISHA
District : KHORDHA",Senior Secondary Level,"Name : MBS PUBLIC SCHOOL
Head/Principal Name: JAGAT KRUSHNA SISUGOSWAMI","Address : C/O. MAHA BODHI SOCIETY OF INDIA, PLOT NO. 4, UNIT - 9 , BHUBANESWAR - 751022
Website : www.mbspublicschool.com"
911,"Aff. No. :1530138
Sch. Code:15490","State : ODISHA
District : KHORDHA",Senior Secondary Level,"Name : ST. XAVIER INTERNATIONAL SCHOOL
Head/Principal Name: JAYASHREE MOHAPATRA","Address : NANDANKANAN MAIN ROAD PATIA, CHANDRASEKHARPUR BHUBANESWAR, DISTT KHURDA, ORISSA
Website : www.stxavierinternationalschool.com"
912,"Aff. No. :1530162
Sch. Code:15521","State : ODISHA
District : KHORDHA",Senior Secondary Level,"Name : VIKASH RESIDENTIAL SCHOOL
Head/Principal Name: R VIJAY KUMAR","Address : DERAS ROAD, BHAGABATIPUR, PO- KANTABADA
Website : www.vikashschools.com"
913,"Aff. No. :1530163
Sch. Code:15515","State : ODISHA
District : KHORDHA",Senior Secondary Level,"Name : TIMES SCHOLARS GURUKUL
Head/Principal Name: RANJITA MOHAPATRA","Address : PLOT: 444, AT: GOTHAPATNA, POST: MALIPADA, KHANDAGIRI BHUBNESHWAR
Website : www.tsggurukul.com"
914,"Aff. No. :1530150
Sch. Code:15289","State : ODISHA
District : KHORDHA",Senior Secondary Level,"Name : BHUBANESWAR MODEL PUBLIC SCHOOL
Head/Principal Name: LIPSITA MOHANTY","Address : N5/A - 1697, IRC VILLAGE, BHUBANESWAR (ORISSA)
Website : www.bmpstakshila.in"
915,"Aff. No. :1530156
Sch. Code:15361","State : ODISHA
District : KHORDHA",Senior Secondary Level,"Name : FUTURE BHUBANESWAR SCHOOL
Head/Principal Name: MATHEW THOMAS","Address : 36, CHANDAKA I.E., PATIA BHUBANESWAR-751024
Website : www.fbs.edu.in"
916,"Aff. No. :1530154
Sch. Code:15295","State : ODISHA
District : KHORDHA",Senior Secondary Level,"Name : BUXI JAGABANDHU ENGLISH MEDIUM SCHOOL - II
Head/Principal Name: BARADA PRASAD PAIKARAY","Address : AT/PO : SATYABHAMAPUR VIA : BALAKATHI DIST : KHURDA
Website : www.bjemschool-ii.org"
917,"Aff. No. :1530121
Sch. Code:15321","State : ODISHA
District : KHORDHA",Senior Secondary Level,"Name : D.A.V. PUBLIC SCHOOL
Head/Principal Name: BALARAM MAHAPATRA","Address : KALINGA NAGAR, BHUBANESWAR, DISTT KHURDA, ORISSA
Website : www.davkng.org.in"
918,"Aff. No. :1530105
Sch. Code:15401","State : ODISHA
District : KHORDHA",Senior Secondary Level,"Name : KIITT INTERNATIONAL SCHOOL
Head/Principal Name: SANJAY KUMAR SUAR","Address : KIIT CAMPUS-9; AT/PO: KIIT, BHUBANESWAR, DISTT KHURDA, ORISSA
Website : www.kiitis.ac.in"
919,"Aff. No. :1530106
Sch. Code:15373","State : ODISHA
District : KHORDHA",Senior Secondary Level,"Name : GUIDANCE ENGLISH MEDIUM SCHOOL (RESIDENCIAL)
Head/Principal Name: SUHASINI PATTANAIK","Address : PLOT NO. 1125/1,PHASE-1, DUMUDUMA HOUSING BOARD COLONY, BHUBANESWAR, ORISSA
Website : www.gemsbbsr.net"
920,"Aff. No. :1530112
Sch. Code:15454","State : ODISHA
District : KHORDHA",Senior Secondary Level,"Name : SAI INTERNATIONAL SCHOOL
Head/Principal Name: Nilakantha Panigrahi","Address : 5 A,CHANDAKA INDUSTRIAL ESTATE INFOCITY ROAD
Website : www.saiinternational.edu.in"
921,"Aff. No. :1530113
Sch. Code:15297","State : ODISHA
District : KHORDHA",Senior Secondary Level,"Name : CARMEL ENGLISH SCHOOL
Head/Principal Name: ARUPAMA RAUTRAY","Address : PO: BADATOTA, JATNI DIST : KHURDA
Website : www.carmel-khordha.com"
922,"Aff. No. :1530101
Sch. Code:19055","State : ODISHA
District : KHORDHA",Secondary Level,"Name : EAST COAST RAILWAEY MIXED HIGHER SEC. SCHOOL
Head/Principal Name: SABITA KUMARI","Address : KHURDA ROAD, JATNI, KHURD, ORISSA
Website : www.railwaymhsskur.com"
923,"Aff. No. :2430061
Sch. Code:15705","State : WEST BENGAL
District : BANKURA",Senior Secondary Level,"Name : SATYA NARAYAN ACADEMY
Head/Principal Name: MRS. MALLIKA DATTA","Address : RAMKRISHNA NAGAR P O NARRAH DISTT BANKURA WEST BENGAL
Website : www.snacademy.in"
924,"Aff. No. :2430065
Sch. Code:15589","State : WEST BENGAL
District : BANKURA",Senior Secondary Level,"Name : DAV PUBLIC SCHOOL
Head/Principal Name: Sanjay Majumdar","Address : MEGIA THERMAL POWER STATION DVC PO MTPS DISTT BANKURA WEST BENGAL
Website : www.davmtps.com"
925,"Aff. No. :2430090
Sch. Code:15706","State : WEST BENGAL
District : BANKURA",Senior Secondary Level,"Name : SHAMAYITA CONVENT SCHOOL
Head/Principal Name: PRACHETA","Address : PO AMARKANAN BANKURA GANGAJAL GHATI, DISTT BANKURA WEST BENGAL
Website : www.shamayitaschool.in"
926,"Aff. No. :2430098
Sch. Code:15661","State : WEST BENGAL
District : BANKURA",Senior Secondary Level,"Name : MANOHARI DEVI BAJIA DAV PUBLIC SCHOOL
Head/Principal Name: AMIT KUMAR DAS","Address : N.H. 60, BIKNA P.O. KESIAKOLE, DISTT BANKURA, WEST BENGAL
Website : www.mdbdavbankura.com"
927,"Aff. No. :2430107
Sch. Code:15751","State : WEST BENGAL
District : BANKURA",Senior Secondary Level,"Name : WEST POINT SCHOOL.
Head/Principal Name: Arindam Majhi","Address : KATJURIDANGA-KESRA ROAD, P.O. KENDUADIHI, DIST. BANKURA
Website : www.westpointbankura.org"
928,"Aff. No. :2430130
Sch. Code:15720","State : WEST BENGAL
District : BANKURA",Senior Secondary Level,"Name : ST XAVIERS HIGH SCHOOL
Head/Principal Name: SOURAV KUNDU","Address : DAMODARPUR NEAR (BANKURA ENGINEERING COLLEGE), PO - BHAGABANDH, DISTT BANKURA, WEST BENGAL , PIN 722 146
Website : http://www.stxaviersbankura.com"
929,"Aff. No. :2430231
Sch. Code:15702","State : WEST BENGAL
District : BANKURA",Senior Secondary Level,"Name : SARASWATI DEVI INTERNATIONAL SCHOOL
Head/Principal Name: MANAS RANJAN DASH","Address : PUABAGAN, DAMODARPUR, NH-60A NEAR DHAL DANGA MORE
Website : http://www.sdisbankura.in"
930,"Aff. No. :2430282
Sch. Code:15935","State : WEST BENGAL
District : BANKURA",Senior Secondary Level,"Name : BISHNUPUR HERITAGE SCHOOL
Head/Principal Name: SWATI BANERJEE MUKHOPADHYAY","Address : AT-CHOUGAN, P.O.+P.S. -BISHNUPUR, DIST-BANKURA
Website : www.bishnupurheritageschool.org"
931,"Aff. No. :2430359
Sch. Code:16132","State : WEST BENGAL
District : BANKURA",Secondary Level,"Name : ANAND MARGA SCHOOL
Head/Principal Name: ATANU MOHAN PANDA","Address : DURLOVPUR, BANKURA
Website : https://www.amschool.ac.in/"
932,"Aff. No. :2430425
Sch. Code:16292","State : WEST BENGAL
District : BANKURA",Secondary Level,"Name : AAJ GLOBAL FOUNDATION SCHOOL
Head/Principal Name: RINI ROYCHOUDHURY","Address : AAJ GLOBAL PARK,, CHURAMANIPUR,, P.S-BISHNUPUR
Website : www.agfs.in"
933,"Aff. No. :2430468
Sch. Code:16387","State : WEST BENGAL
District : BANKURA",Senior Secondary Level,"Name : ST XAVIERS HIGH SCHOOL SONAMUKHI
Head/Principal Name: SNEHA SINGH","Address : CHURAMONIPUR SONAMUKHI BANKURA, BEHIND KRISH VIGYAN KENDRA, BANKURA
Website : https://stxavierssonamukhi.com"
934,"Aff. No. :2440010
Sch. Code:19179","State : WEST BENGAL
District : BANKURA",Senior Secondary Level,"Name : JAWAHAR NAVODAYA VIDYALAYA
Head/Principal Name: SANTOSH M SHEGOKAR","Address : BANKURA, VILLAGE-POABAGAN, P.O. BHAGABANDH, DISTT. BANKURA, WEST BENGAL
Website : https://navodaya.gov.in/nvs/nvs-school/BANKURA/en/home/"
935,"Aff. No. :2430483
Sch. Code:16421","State : WEST BENGAL
District : BIRBHUM",Senior Secondary Level,"Name : SCOLACE GURUKUL SANTINIKETAN
Head/Principal Name: SOMA BANERJEE","Address : TALTORE ROAD, GOALPARA, , BOLPUR
Website : https://www.scolacegurukulsantiniketan.com/"
936,"Aff. No. :2440015
Sch. Code:19174","State : WEST BENGAL
District : BIRBHUM",Senior Secondary Level,"Name : JAWAHAR NAVODAYA VIDYALAYA
Head/Principal Name: ASHUTOSH KUMAR","Address : GOPAL PUR, DISTT BIRBHUM, WEST BENGAL
Website : www.jnvbirbhum.in"
937,"Aff. No. :2430464
Sch. Code:16377","State : WEST BENGAL
District : BIRBHUM",Secondary Level,"Name : NAVA NALANDA SANTINIKETAN HIGH SCHOOL
Head/Principal Name: GOURGOPAL CHATTOPADHYAY","Address : PASCHIMPALLY SANTINIKETAN, P.O. & P.S. SANTINIKETAN, DISTRICT BIRBHUM
Website : https://navanalandasantiniketan.org.in"
938,"Aff. No. :2430436
Sch. Code:16319","State : WEST BENGAL
District : BIRBHUM",Senior Secondary Level,"Name : S.B.ACADEMY OF MODERN EDUCATION
Head/Principal Name: CHANDAN MISHRA","Address : BHADISWAR, MURARAI, BIRBHUM
Website : https://www.sbacademy.info"
939,"Aff. No. :2430410
Sch. Code:16254","State : WEST BENGAL
District : BIRBHUM",Senior Secondary Level,"Name : DELHI PUBLIC SCHOOL RAMPURHAT
Head/Principal Name: Subha Banerjee","Address : P.O- SWADHINPUR, P.S- MARGRAM
Website : https://www.dpsrampurhat.org/#0"
940,"Aff. No. :2430416
Sch. Code:16274","State : WEST BENGAL
District : BIRBHUM",Senior Secondary Level,"Name : SNEHALATA PUBLIC SCHOOL
Head/Principal Name: SURYENDU DAS","Address : KIRNAHAR, BOLPUR ROAD, PIN-731302
Website : www.snehalatapublicschool.org.in"
941,"Aff. No. :2430368
Sch. Code:16166","State : WEST BENGAL
District : BIRBHUM",Senior Secondary Level,"Name : GURUKUL PUBLIC SCHOOL
Head/Principal Name: SUDHA ROY","Address : PO+PS- RAMPURHAT, DISTRICT- BIRBHUM
Website : www.gurukulps.in"
942,"Aff. No. :2430379
Sch. Code:16198","State : WEST BENGAL
District : BIRBHUM",Senior Secondary Level,"Name : KABIGURU INTEGRATED PUBLIC SCHOOL
Head/Principal Name: MRIDULA ROY","Address : BIRBHUM, BIRBHUM
Website : https://www.kabiguruips.com/"
943,"Aff. No. :2430388
Sch. Code:16214","State : WEST BENGAL
District : BIRBHUM",Senior Secondary Level,"Name : ST.PAUL'S INTERNATIONAL SCHOOL
Head/Principal Name: CANDIDA LATA","Address : TARAPITH, RAMPURHAT, BIRBHUM, WEST BENGAL
Website : http://stpaulinternational.in"
944,"Aff. No. :2430227
Sch. Code:15692","State : WEST BENGAL
District : BIRBHUM",Senior Secondary Level,"Name : RYAN INTERNATIONAL SCHOOL
Head/Principal Name: Arundhati Bhattacharjee","Address : PANCHER MILE PO RAIPUR BOLPUR BIRBHUM DIST WEST BENGAL BOLPUR
Website : www.ryaninternational.org/risbolpur"
945,"Aff. No. :2430241
Sch. Code:15739","State : WEST BENGAL
District : BIRBHUM",Senior Secondary Level,"Name : THE HERITAGESCHOOL
Head/Principal Name: RAJIB KUMAR MAITY","Address : BITHIKA PALLY, KHARUN RAMPURHAT, BIRBHUM WEST BENGAL, PIN 731224
Website : https://theheritageschool.org.in"
946,"Aff. No. :2430119
Sch. Code:15743","State : WEST BENGAL
District : BIRBHUM",Senior Secondary Level,"Name : U.P. PUBLIC SCHOOL
Head/Principal Name: SABNAM KAZI","Address : BESIDES SURI HIGH WAY & RAILWAY LEVEL CROSSING(ABDARPUR), SURI, BIRBHUM, W.B.
Website : www.uppublicschool.edu.in"
947,"Aff. No. :2430137
Sch. Code:15584","State : WEST BENGAL
District : BIRBHUM",Secondary Level,"Name : D.A.V. PUBLIC SCHOOL,
Head/Principal Name: PRIYANKA KARMAKAR","Address : P.O.:-HETAMPUR RAJBATI, P.S.:-DUBRAJPUR, DIST:-BIRBHUM,731124
Website : www.davdubrajpur.com"
948,"Aff. No. :2430167
Sch. Code:15614","State : WEST BENGAL
District : BIRBHUM",Senior Secondary Level,"Name : GITANJALI PUBLIC SCHOOL
Head/Principal Name: SYED MIKAIL ALI","Address : VILL DAIKOTA PO DERIAPUR PS SAINTHIA DIST BIRBHUM
Website : www.gitanjalischool.in"
949,"Aff. No. :2430191
Sch. Code:15732","State : WEST BENGAL
District : BIRBHUM",Senior Secondary Level,"Name : TECHNO INDIA GROUP PUBLIC SCHOOL - BOLPUR
Head/Principal Name: SUKANYA GHOSH BISWAS","Address : TECHNO INDIA GROUP PUBLIC SCHOOL - BOLPUR, PRANTIK TOWNSHIP, P.O - SANTINIKETAN, P.S.- BOLPUR, DIST.-BIRBHUM, PIN - 731235
Website : http://bolpur.tigps.in"
950,"Aff. No. :2400052
Sch. Code:19210","State : WEST BENGAL
District : BIRBHUM",Senior Secondary Level,"Name : PM SHRI KENDRIYA VIDYALAYA
Head/Principal Name: DAVENDER","Address : BIRBHUM, AMDARPUR, BESIDE FCI GODOWN, PO BARABAGAN, SURI, DT. BIRBHUM, WEST BENGAL- 731 103
Website : https://birbhum.kvs.ac.in"
951,"Aff. No. :2400056
Sch. Code:19211","State : WEST BENGAL
District : BIRBHUM",Senior Secondary Level,"Name : KENDRIYA VIDYALAYA
Head/Principal Name: MAHESH CHAND MEENA","Address : BOLPUR, AT- SSDA COMMUNITY CENTRE, PRANTIK TOWNSHIP, PO SHANTINIKETAN, DISTT. BIRBHUM, WEST BENGAL
Website : www.bolpur.kvs.ac.in"
952,"Aff. No. :2420052
Sch. Code:17620","State : WEST BENGAL
District : KOLKATA",Secondary Level,"Name : COSSIPORE GUN & SHELL FACTORY HIGH SCHOOL
Head/Principal Name: MEENAKSHI ROY","Address : 82-B COSSIPORE ROAD, CIT, COSSIPORE, KOLKATA
Website : https://ddpdoo.gov.in/units/ofsgsf"
953,"Aff. No. :2400031
Sch. Code:19220","State : WEST BENGAL
District : KOLKATA",Senior Secondary Level,"Name : PM SHRI KENDRIYA VIDYALAYA
Head/Principal Name: DIBYENDU DATTA","Address : GARDEN REACH S E RLY COLONY SOUTH KAPOOR PARK KOLKATA WEST BENGAL
Website : www.kvgardenreach.kvs.ac.in"
954,"Aff. No. :2430001
Sch. Code:15563","State : WEST BENGAL
District : KOLKATA",Senior Secondary Level,"Name : BIRLA HIGH SCHOOL
Head/Principal Name: LOVELEEN SAIGAL","Address : 1 MOIRA STREET CALCUTTA WEST BENGAL
Website : www.birlahighschool.com"
955,"Aff. No. :2430002
Sch. Code:15542","State : WEST BENGAL
District : KOLKATA",Senior Secondary Level,"Name : ASHOK HALL GIRLS HIGHER SEC SCHOOL
Head/Principal Name: Sampa Banik","Address : 5 A SARAT BOSE ROAD CALCUTTA WEST BENGAL-700020
Website : www.ashokhall.org"
956,"Aff. No. :2430003
Sch. Code:15659","State : WEST BENGAL
District : KOLKATA",Senior Secondary Level,"Name : MAHADEVI BIRLA WORLD ACADEMY
Head/Principal Name: ANJANA SAHA","Address : 17 A DARGA ROAD CALCUTTA WEST BENGAL
Website : www.mbwa.org.in"
957,"Aff. No. :2430019
Sch. Code:15539","State : WEST BENGAL
District : KOLKATA",Senior Secondary Level,"Name : APEEJAY SCHOOL
Head/Principal Name: PAROMITA GUHA","Address : 115 PARK STREET CALCUTTA WEST BENGAL
Website : www.apeejayschool.in"
958,"Aff. No. :2430036
Sch. Code:15530","State : WEST BENGAL
District : KOLKATA",Senior Secondary Level,"Name : ABHINAV BHARATI HIGH SCHOOL
Head/Principal Name: SRABONI SAMANTA","Address : 11 PRETORIA STREET CALCUTTA
Website : www.abhinavbharati.co.in"
959,"Aff. No. :2430038
Sch. Code:15588","State : WEST BENGAL
District : KOLKATA",Senior Secondary Level,"Name : DAV PUBLIC SCHOOL
Head/Principal Name: PADMANAV DHAL","Address : 61 DIAMOND HARBOUR ROAD CALCUTTA WEST BENGAL
Website : www.davpublicschoolkolkata.co.in"
960,"Aff. No. :2430049
Sch. Code:15621","State : WEST BENGAL
District : KOLKATA",Secondary Level,"Name : GURBACHAN SINGH SONDHI GIRLS SCHOOL
Head/Principal Name: MANWEEN RAJPAL","Address : 65 PRATAPADITYA ROAD CALCUTTA
Website : www.gssschool.org"
961,"Aff. No. :2430052
Sch. Code:15680","State : WEST BENGAL
District : KOLKATA",Senior Secondary Level,"Name : NORTH POINT SEC SCHOOL
Head/Principal Name: MAHUA SAHA","Address : GORAKSHABASI MANDIR COMPLEX ARJUNPUR CALCUTTA WEST BENGAL
Website :"
962,"Aff. No. :2400001
Sch. Code:19219","State : WEST BENGAL
District : KOLKATA",Senior Secondary Level,"Name : PM SHRI KENDRIYA VIDYALAYA
Head/Principal Name: SHAILENDRA KUMAR PANDEY","Address : FORT WILLIAM KOLKATA, WEST BENGAL
Website : https://fortwilliam.kvs.ac.in/"
963,"Aff. No. :2400018
Sch. Code:19207","State : WEST BENGAL
District : KOLKATA",Senior Secondary Level,"Name : PM SHRI KENDRIYA VIDYALAYA
Head/Principal Name: UTTAM KUMAR","Address : BALLYGUNGE MAIDAN CAMP CIRCULAR ROAD KOLKATA WEST BENGAL
Website : https://baligunge.kvs.ac.in/"
964,"Aff. No. :2400019
Sch. Code:19197","State : WEST BENGAL
District : KOLKATA",Senior Secondary Level,"Name : PM SHRI KENDRIYA VIDYALAYA
Head/Principal Name: Krishna Kumar Dubey","Address : COSSIPORE SEVEN TANK ESTATE 4 DUM DUM ROAD KOLKATA WEST BENGAL
Website : https://cossipore.kvs.ac.in"
965,"Aff. No. :2400025
Sch. Code:19204","State : WEST BENGAL
District : KOLKATA",Senior Secondary Level,"Name : PM SHRI KENDRIYA VIDYALAYA
Head/Principal Name: LAL BABU MAHATO","Address : COMMAND HOSPITAL ALIPORE KOLKATA, WEST BENGAL
Website : https://alipore.kvs.ac.in"
966,"Aff. No. :2430196
Sch. Code:15698","State : WEST BENGAL
District : KOLKATA",Senior Secondary Level,"Name : S.S.PUBLIC SCHOOL
Head/Principal Name: Sujata Pandey","Address : 2/179A MAHENDRA BANARJEE ROAD
Website : http://www.sspublicschool.net.in"
967,"Aff. No. :2430197
Sch. Code:15675","State : WEST BENGAL
District : KOLKATA",Senior Secondary Level,"Name : NATIONAL HIGH SCHOOL
Head/Principal Name: SHRIYA CHAKRABORTY","Address : 42/1,HAZRA ROAD,KOLKATA
Website : www.nhscbse.com"
968,"Aff. No. :2430178
Sch. Code:15529","State : WEST BENGAL
District : KOLKATA",Senior Secondary Level,"Name : AALOKE BHARTI MODEL SCHOOL
Head/Principal Name: MRINAL KANTI DAS","Address : RANA PARK AATGHARA, DALUA, SONARPUR, KOLKATA
Website : https://aalokebhartimodelschool.org/"
969,"Aff. No. :2430151
Sch. Code:15707","State : WEST BENGAL
District : KOLKATA",Senior Secondary Level,"Name : SHRI SHIKSHAYATAN SCHOOL
Head/Principal Name: Sangeeta Tandon","Address : 11,LORD SINHA ROAD,KOLKATA-71
Website : www.shrishikshayatanschool.com"
970,"Aff. No. :2430163
Sch. Code:15617","State : WEST BENGAL
District : KOLKATA",Senior Secondary Level,"Name : GOKHALE MEMORIAL GIRLS SCHOOL
Head/Principal Name: Ms. Debjani Sarker","Address : 1/1. HARISH MUKHERJEE ROAD, KOLKATA-700020.
Website : www.gokhalememorialgirlsschool.org"
971,"Aff. No. :2430122
Sch. Code:15537","State : WEST BENGAL
District : KOLKATA",Senior Secondary Level,"Name : AMRITA VIDYALAYAM - KOLKATA
Head/Principal Name: Priya Nair","Address : BUDGE BUDGE TRUNK ROAD, NEAR 13-A BUS STAND, SARKARPOOL PO
Website : http://kkta.amritavidyalayam.org"
972,"Aff. No. :2430108
Sch. Code:15639","State : WEST BENGAL
District : KOLKATA",Senior Secondary Level,"Name : INDUS VALLEY WORLD SCHOOL
Head/Principal Name: RESHMA BHATTACHARYA","Address : 488, AJOY NAGAR, EASTERN METROPOLITAN BY-PASS, KOLKATA- 700094
Website : www.ivws.org"
973,"Aff. No. :2430109
Sch. Code:15710","State : WEST BENGAL
District : KOLKATA",Senior Secondary Level,"Name : SOUTH POINT HIGH SCHOOL
Head/Principal Name: Jaidev Ghosh","Address : 82/7A BALLYGUNGE PLACE
Website : www.southpoint.ac.in"
974,"Aff. No. :2430101
Sch. Code:15561","State : WEST BENGAL
District : KOLKATA",Senior Secondary Level,"Name : BIRLA BHARATI,
Head/Principal Name: MADHUMITA SEAL","Address : TARATALLA, SANTOSHPUR NEW ROAD, PO BIDHANGARH, SOUTH 24-PARGANA, KOLKATA, WEST BENGAL.
Website : www.birlabharati.org"
975,"Aff. No. :2430093
Sch. Code:15579","State : WEST BENGAL
District : KOLKATA",Senior Secondary Level,"Name : DELHI PUBLIC SCHOOL
Head/Principal Name: JOYOTI CHAUDHURI","Address : RUBY PARK, 254, SHANTIPALLI, RASHBEHARI BY PASS CONNECTOR(BEHIND SEIMENS), KOLKATA
Website : www.dpskolkata.com"
976,"Aff. No. :2430096
Sch. Code:15724","State : WEST BENGAL
District : KOLKATA",Senior Secondary Level,"Name : SUSHILA BIRLA GIRLS' SCHOOL
Head/Principal Name: KOELI DEY","Address : 7&8 MOIRA STREET, KOLKATA, WEST BENGAL
Website : www.sbgskolkata.ac.in"
977,"Aff. No. :2430069
Sch. Code:15738","State : WEST BENGAL
District : KOLKATA",Secondary Level,"Name : THE GOOD SHEPHERD MISSION SCHOOL
Head/Principal Name: Animesh Roy","Address : 2-A KENARAM GANGULY ROAD BARISHA KOLKATA WEST BENGAL
Website : www.tgsms.org"
978,"Aff. No. :2430057
Sch. Code:15655","State : WEST BENGAL
District : KOLKATA",Senior Secondary Level,"Name : LAKSHMIPAT SINGHANIA ACADEMY
Head/Principal Name: Jaya Misra","Address : 12-B ALIPUR ROAD CALCUTTA WEST BENGAL
Website : www.lsakolkata.com"
979,"Aff. No. :2430264
Sch. Code:15886","State : WEST BENGAL
District : KOLKATA",Senior Secondary Level,"Name : NARAYANA SCHOOL MAHESHTALA
Head/Principal Name: MANNAM SREENU","Address : NEW SHIBRAMPUR MAIN ROAD, PARUI MAUZA, KOLKATA, WEST BENGAL 700141
Website : https://www.narayanaschools.in/westbengal/maheshtala"
980,"Aff. No. :2430221
Sch. Code:15744","State : WEST BENGAL
District : KOLKATA",Senior Secondary Level,"Name : UPASANA ACADEMY
Head/Principal Name: Soma Chanda","Address : UPASANA ACADEMY
Website : www.upasanaacademy.com"
981,"Aff. No. :2430303
Sch. Code:16061","State : WEST BENGAL
District : KOLKATA",Secondary Level,"Name : FUTURE HOPE SCHOOL
Head/Principal Name: SAMRIN MUMTAZ","Address : 1/8 ROWLAND ROAD
Website : https://www.futurehope.net/our-work/our-school/"
982,"Aff. No. :2430285
Sch. Code:15956","State : WEST BENGAL
District : KOLKATA",Senior Secondary Level,"Name : RUBY PARK PUBLIC SCHOOL
Head/Principal Name: Mousumi Mohapatra","Address : P-17, TRANSPORT DEPOT ROAD, BEHIND ALIPORE MINT
Website : https://www.rubypark.com"
983,"Aff. No. :2430287
Sch. Code:16004","State : WEST BENGAL
District : KOLKATA",Senior Secondary Level,"Name : SRI CHAITANYA TECHNO SCHOOL
Head/Principal Name: PAYEL DEY","Address : 2A, NANDA MULLICK LANE, BURRA BAZAR, KOLKATA, 700006
Website : https://srichaitanyatechnoschoolburrabazar.net"
984,"Aff. No. :2480006
Sch. Code:19151","State : WEST BENGAL
District : KOLKATA",Senior Secondary Level,"Name : ARMY PUBLIC SCHOOL
Head/Principal Name: SUCHITRA BANDOPADHYAY","Address : BALLYGUNG MAINDAN CAMP CALCUTTA WEST BENGAL
Website : http://apskolkata.co.in"
985,"Aff. No. :2430492
Sch. Code:16482","State : WEST BENGAL
District : KOLKATA",Senior Secondary Level,"Name : NARAYANA SCHOOL PARK CIRCUS
Head/Principal Name: TANUSHREE BHATTACHARYYA","Address : PREMISES NO. 16/1E, EAST TOPSIA ROAD,, IDEAL LAKE VIEW, MIRANIA GARDENS,, MOUZA - TOPSIA, P.S. - PRAGATI MAIDAN,
Website : https://www.narayanaschools.in/west-bengal/park-circus"
986,"Aff. No. :2440012
Sch. Code:19183","State : WEST BENGAL
District : COOCH BEHAR",Secondary Level,"Name : JAWAHAR NAVODAYA VIDYALAYA
Head/Principal Name: ARCHNA OLIVE TOPPO","Address : TUFANGUNJ, NEW TOWN, DISTT. COOCHBEHAR, WEST BENGAL
Website : https://navodaya.gov.in/nvs/nvs-school/Coochbehar/"
987,"Aff. No. :2430424
Sch. Code:16288","State : WEST BENGAL
District : COOCH BEHAR",Secondary Level,"Name : EPIC PUBLIC SCHOOL
Head/Principal Name: SANJUKTA SAHA","Address : VILLAGE SONARI PO KHARIJA KAKRI , DISTIRCT COOCHBEHAR, WEST BENGAL PIN 736179
Website : https://epicpublicschool.com/"
988,"Aff. No. :2430229
Sch. Code:15723","State : WEST BENGAL
District : COOCH BEHAR",Senior Secondary Level,"Name : S.C.G. ENGLISH ACADEMY
Head/Principal Name: SUPRATIM SEN","Address : P.O. MATHABHANGA
Website : www.scgenglishacademy.org"
989,"Aff. No. :2430248
Sch. Code:15601","State : WEST BENGAL
District : COOCH BEHAR",Senior Secondary Level,"Name : DREAM ANGELS ACADEMY
Head/Principal Name: RANJIT BASAK","Address : BHANUKUMARI
Website : www.dreamangel.in"
990,"Aff. No. :2430081
Sch. Code:15554","State : WEST BENGAL
District : COOCH BEHAR",Senior Secondary Level,"Name : BD JAIN MODERN SCHOOL
Head/Principal Name: CHUMKEE SOM SAHA","Address : BINAPATTI EAST KHAGRA BARI PO & DISTT CAOCH BEHAR WEST BENGAL
Website : http://bdjmschool.com"
991,"Aff. No. :2430094
Sch. Code:15677","State : WEST BENGAL
District : COOCH BEHAR",Senior Secondary Level,"Name : NETAJI CENTENARY SCHOOL
Head/Principal Name: ASHIM BHAUMIK","Address : SAHEBGANJ ROAD W/NO.-12, P.O. BHANGNI PART I DINHATA; COOCHBEHAR
Website : www.ncschoolweb.com"
992,"Aff. No. :2430164
Sch. Code:15560","State : WEST BENGAL
District : COOCH BEHAR",Senior Secondary Level,"Name : BINA MOHIT MEMORIAL SCHOOL
Head/Principal Name: NINA ROY","Address : VILL & PO : MAHISH BATHAN COOCH BEHAR WEST BENGAL
Website : www.bmmemorialschool.in"
993,"Aff. No. :2430158
Sch. Code:15727","State : WEST BENGAL
District : COOCH BEHAR",Senior Secondary Level,"Name : TECHNO INDIA GROUP PUBLIC SCHOOL, COOCHBEHAR
Head/Principal Name: SUMANA GANGULY","Address : VILL. MATIKATA, MADHUPUR MORE, MADHUPUR PO, COOCHBEHAR,
Website : https://coochbehar.tigps.in/"
994,"Aff. No. :2430135
Sch. Code:15599","State : WEST BENGAL
District : COOCH BEHAR",Senior Secondary Level,"Name : DOOARS INTERNATIONAL PUBLIC SCHOOL
Head/Principal Name: TAPABRATA NASKAR","Address : SONARI-KAKRIBARI, PO:KHARIJA-KAKRIBARI, GOPALPUR
Website : www.dipscoochbehar.com"
995,"Aff. No. :2400026
Sch. Code:19225","State : WEST BENGAL
District : COOCH BEHAR",Senior Secondary Level,"Name : PM SHRI KENDRIYA VIDYALAYA
Head/Principal Name: AJAY KUMAR","Address : COOCH BEHAR WEST BENGAL
Website : https://coochbehar.kvs.ac.in/"
996,"Aff. No. :2400059
Sch. Code:19191","State : WEST BENGAL
District : COOCH BEHAR",Senior Secondary Level,"Name : PM SHRI KENDRIYA VIDYALAYA
Head/Principal Name: DAYA SHANKER VIJAY","Address : BSF GANDHINAGAR, PO- K.K. BARI, GOPALPUR, DISTT. COOCH BEHAR, WEST BENGAL
Website : https://bsfgandhinagar.kvs.ac.in/"
997,"Aff. No. :2400061
Sch. Code:19239","State : WEST BENGAL
District : DARJEELING",Secondary Level,"Name : KENDRIYA VIDYALAYA, RAMBI,
Head/Principal Name: SURENDRA KUMAR SINGH","Address : NHPC, TLDP-III, P.O. REANG, VIA-SILIGURI DIST. DARJEELING 734 321
Website : https://nhpcrambi.kvs.ac.in/"
998,"Aff. No. :2400152
Sch. Code:19362","State : WEST BENGAL
District : DARJEELING",Secondary Level,"Name : KENDRIYA VIDYALAYA GC CRPF SILIGURI
Head/Principal Name: LAL CHANDRA","Address : KAWAKHALI, POST- SUSHRUTA NAGAR
Website : www.crpfsiliguri.kvs.ac.in"
999,"Aff. No. :2430040
Sch. Code:15681","State : WEST BENGAL
District : DARJEELING",Senior Secondary Level,"Name : NOTRE DAME ACADEMY
Head/Principal Name: SR JESSY SND","Address : WEST POINT DISTT DARJEELING WEST BENGAL
Website : www.ndadarjeeling.com"
1000,"Aff. No. :2430037
Sch. Code:15630","State : WEST BENGAL
District : DARJEELING",Senior Secondary Level,"Name : HINDI BALIKA SCHOOL
Head/Principal Name: ARCHANA SHARMA","Address : S.P.MUKHERJEE ROAD DISTT SILIGURI, WEST BENGAL
Website : www.hbvidyapith.in"
1001,"Aff. No. :2430034
Sch. Code:15545","State : WEST BENGAL
District : DARJEELING",Senior Secondary Level,"Name : AUXILIUM CONVENT SCHOOL
Head/Principal Name: KARUNA KANCHAN BARA","Address : NEW CHUMTA P.O. VIA SUKNA SILIGURI DISTT. DARJEELING WEST BENGAL
Website : www.auxiliumnewchumta.in"
1002,"Aff. No. :2430025
Sch. Code:19161","State : WEST BENGAL
District : DARJEELING",Senior Secondary Level,"Name : B.S.F. RESIDENTIAL SCHOOL
Head/Principal Name: BHAVANA MISHRA","Address : KADAMTALA DARJEELING WEST BENGAL
Website : www.bsfschoolkadamtala.in"
1003,"Aff. No. :2400024
Sch. Code:19188","State : WEST BENGAL
District : DARJEELING",Senior Secondary Level,"Name : PM SHRI KENDRIYA VIDYALAYA
Head/Principal Name: MANJU BALA","Address : A F S BAGDOGRA P O BAGDOGRA AIRPORT DISTT DARJEELING WEST BENGAL
Website : https://bagdogra.kvs.ac.in"
1004,"Aff. No. :2400013
Sch. Code:19244","State : WEST BENGAL
District : DARJEELING",Senior Secondary Level,"Name : PM SHRI KENDRIYA VIDYALAYA
Head/Principal Name: MD. MOFIZUDDIN ANSARI","Address : SUKNA PO SUKNA DARJEELING DISTT WEST BENGAL
Website : https://sukna.kvs.ac.in"
1005,"Aff. No. :2400010
Sch. Code:19226","State : WEST BENGAL
District : DARJEELING",Senior Secondary Level,"Name : PM SHRI KENDRIYA VIDYALAYA NO 1
Head/Principal Name: VIKASH MAAN","Address : BENGDUBI DARJEELING DISTT WEST BENGAL
Website : https://bengdubi.kvs.ac.in"
1006,"Aff. No. :2430138
Sch. Code:15562","State : WEST BENGAL
District : DARJEELING",Senior Secondary Level,"Name : BIRLA DIVYA JYOTI
Head/Principal Name: SHWETA TIWARI","Address : ZONE F, UTTORAYON TOWNSHIP, MATIGARA, SILIGURI
Website : www.birladivyajyoti.com"
1007,"Aff. No. :2430141
Sch. Code:15656","State : WEST BENGAL
District : DARJEELING",Senior Secondary Level,"Name : LITTLE ANGELS SCHOOL
Head/Principal Name: Radhika Sharma","Address : NEOPANE LANE, MILAN MORE, PO- CHAMPASARI,
Website : www.littleangelssiliguri.com"
1008,"Aff. No. :2430165
Sch. Code:15684","State : WEST BENGAL
District : DARJEELING",Senior Secondary Level,"Name : OLIVIA ENLIGHTENED ENGLISH SCHOOL
Head/Principal Name: AMBALIKA GAHATRAJ","Address : BHIMBHAR, PO-MADATI PS-PHANSIDEWA DISTT-DARJEELING PIN-734425
Website : www.oliviaschool.com"
1009,"Aff. No. :2430149
Sch. Code:15636","State : WEST BENGAL
District : DARJEELING",Senior Secondary Level,"Name : IMMANUEL INTERNATIONAL ACADEMY
Head/Principal Name: JILDA MARBANIANG","Address : BHARAT SINGH JOTE, RANIDANGA, SILIGURI, DARJEELING,
Website : www.iia.website"
1010,"Aff. No. :2430150
Sch. Code:15682","State : WEST BENGAL
District : DARJEELING",Senior Secondary Level,"Name : NORTH POINT RESIDENTIAL SCHOOL
Head/Principal Name: SUMITA RAI","Address : OPPOSITE S.S.B CAMP P.O-RANIDANGA
Website : www.nprs.co.in"
1011,"Aff. No. :2430179
Sch. Code:15709","State : WEST BENGAL
District : DARJEELING",Senior Secondary Level,"Name : SNOWDROPS SCHOOL
Head/Principal Name: SAKILA RAI","Address : KRISHNA NAGAR P.O.- MIRIK DISTT - DARJEELING WEST BENGAL PIN- 734214
Website : www.snowdropsschool.org"
1012,"Aff. No. :2430182
Sch. Code:15676","State : WEST BENGAL
District : DARJEELING",Secondary Level,"Name : NAXALBARI HERITAGE ACADEMY
Head/Principal Name: PRASANTA GHATANI","Address : STATION ROAD NAXALBARI DARJEELING
Website : www.nhacademy.education"
1013,"Aff. No. :2430201
Sch. Code:15752","State : WEST BENGAL
District : DARJEELING",Senior Secondary Level,"Name : WOODRIDGE INTERNATIONAL SCHOOL
Head/Principal Name: Deepamala Rai","Address : PATHARGHATTA , NEW CHUMTA
Website : www.woodridgeinternationalschool.com"
1014,"Aff. No. :2430184
Sch. Code:15665","State : WEST BENGAL
District : DARJEELING",Senior Secondary Level,"Name : MODI PUBLIC SCHOOL, SILIGURI
Head/Principal Name: PURBITA PAL","Address : PATHARGHATA ROAD, MATIGARA
Website : www.mpssiliguri.com"
1015,"Aff. No. :2430185
Sch. Code:15746","State : WEST BENGAL
District : DARJEELING",Senior Secondary Level,"Name : VICTORIA PUBLIC SCHOOL
Head/Principal Name: JASDEEP SINGH ARORA","Address : TARI JOTE(DEONIAMORE) VIA N.B.U, POST OFFICE NEW RANGIA, P.S. MATIGARA, DIST DARJEELING
Website : www.victoriapublicschoolsiliguri.com"
1016,"Aff. No. :2430123
Sch. Code:15612","State : WEST BENGAL
District : DARJEELING",Senior Secondary Level,"Name : G.D GOENKA PUBLIC SCHOOL
Head/Principal Name: SONIKA SHARMA","Address : DHUKURI,P.O NEW CHAMPTA, DISTT SILIGURI, WEST BENGAL
Website : www.gdgoenkaschool.in"
1017,"Aff. No. :2430131
Sch. Code:15600","State : WEST BENGAL
District : DARJEELING",Senior Secondary Level,"Name : DOON HERITAGE SCHOOL
Head/Principal Name: MRINMOY KANTI DAS","Address : KOLABARI, CHAMPASARI P.O. PRADHANNAGAR
Website : www.doonheritageschool.co.in"
1018,"Aff. No. :2430126
Sch. Code:15735","State : WEST BENGAL
District : DARJEELING",Senior Secondary Level,"Name : TECHNO INDIA GROUP PUBLIC SCHOOL
Head/Principal Name: DR NANDITA NANDI","Address : SIT CAMPUS, P.O. SUKNA, HILL CART ROAD, SILLIGURI,
Website : https://tigpublicschools.com/siliguri"
1019,"Aff. No. :2430083
Sch. Code:15592","State : WEST BENGAL
District : DARJEELING",Senior Secondary Level,"Name : DELHI PUBLIC SCHOOL
Head/Principal Name: ANISHA SHARMA","Address : PO PRADHAN NAGAR SILIGURI WEST BENGAL
Website : www.dpssiliguri.com"
1020,"Aff. No. :2430062
Sch. Code:15699","State : WEST BENGAL
District : DARJEELING",Senior Secondary Level,"Name : SAI SUNDARAM SCHOOL
Head/Principal Name: SAROJA CHETTRI","Address : VILLAGE DILARAM P.O. TUNG DISTT. DARJEELING WEST BANGAL
Website : www.saisundaramschool.com"
1021,"Aff. No. :2430064
Sch. Code:15696","State : WEST BENGAL
District : DARJEELING",Senior Secondary Level,"Name : SILIGURI MODEL HIGH SCHOOL
Head/Principal Name: DR SHYAM SUNDAR AGARWAL","Address : SILIGURI MODEL HIGH SCHOOL (SR. SEC.), BAROPATHURAM MOUZA, PO RANIDANGA BO
Website : www.siligurimodelhighschool.com"
1022,"Aff. No. :2430072
Sch. Code:15615","State : WEST BENGAL
District : DARJEELING",Senior Secondary Level,"Name : GODWIN MODERN SCHOOL
Head/Principal Name: ADUITYA PRADHAN","Address : MONTEVIOTE ROAD PO KURSEONG DISTT DARJEELING WEST BENGAL
Website : www.godwinmodernschool.com"
1023,"Aff. No. :2430068
Sch. Code:15691","State : WEST BENGAL
District : DARJEELING",Senior Secondary Level,"Name : ROYAL ACADEMY
Head/Principal Name: ARINDAM CHAKRABORTY","Address : PATHARGHATA ROAD, P.O MATIGARA, P.S MATIGARA
Website : www.royalacademymatigara.com"
1024,"Aff. No. :2430243
Sch. Code:15626","State : WEST BENGAL
District : DARJEELING",Senior Secondary Level,"Name : HEBRON SCHOOL
Head/Principal Name: Jemeema Philipose","Address : SALKAVITA, P.O. NEW RANGIA, SHIBMANDIR, WEST BENGAL
Website : www.hebronschool.info"
1025,"Aff. No. :2430250
Sch. Code:15712","State : WEST BENGAL
District : DARJEELING",Secondary Level,"Name : SPRING DALES ACADEMY
Head/Principal Name: Lalita Darnal","Address : SPRING DALES ACADEMY, PAREN, GAIRIGAON, P.O. & P.S. JALDHAKA
Website : www.springdalesjaldhaka.com"
1026,"Aff. No. :2430230
Sch. Code:15673","State : WEST BENGAL
District : DARJEELING",Senior Secondary Level,"Name : NARAYANA SCHOOL, SILIGURI
Head/Principal Name: PARANJOY SAHA","Address : 3RD MILE, SEVOKE ROAD
Website : https://www.narayanaschools.in/westbengal/siliguri"
1027,"Aff. No. :2430176
Sch. Code:15747","State : WEST BENGAL
District : DARJEELING",Senior Secondary Level,"Name : VIDYA JYOTI ACADEMY
Head/Principal Name: ARUN CHHETRI","Address : FIRE BRIGADE LINE, P.O. BIJANBARI, PUULBAZAR, DARJEELING WEST BENGAL 734201
Website : www.vidyajyotiacademy.com"
1028,"Aff. No. :2430218
Sch. Code:15570","State : WEST BENGAL
District : DARJEELING",Senior Secondary Level,"Name : CAMPION INTERNATIONAL SCHOOL
Head/Principal Name: Chanchal Giri","Address : P.O SALBARI
Website : http://www.campionintl.com/"
1029,"Aff. No. :2430219
Sch. Code:15679","State : WEST BENGAL
District : DARJEELING",Senior Secondary Level,"Name : NIRMAAN VIDYA JYOTI SCHOOL
Head/Principal Name: NARAYAN DATTA MISHRA","Address : NEAR- GREEN VALLEY APARTMENT, LOWER BHANU NAGAR, SEVOKE ROAD
Website : www.nvjsslg.com"
1030,"Aff. No. :2430273
Sch. Code:15926","State : WEST BENGAL
District : DARJEELING",Senior Secondary Level,"Name : SRI SRI ACADEMY, SILIGURI
Head/Principal Name: NARENDRA THOTA","Address : SRI SRI ACADEMY, DHUKURIA, P.O. NEW CHUMTA, DAGAPUR, SILIGURI - 734009
Website : www.srisriacademy.in"
1031,"Aff. No. :2430387
Sch. Code:16213","State : WEST BENGAL
District : DARJEELING",Secondary Level,"Name : HARDY RAMANUJAN PUBLIC SCHOOL
Head/Principal Name: SONIA PRASAD","Address : SALBARI, SILIGURI, P.O. NEW CHUMPTA, DIST DARJEELING
Website : http://hrps.in"
1032,"Aff. No. :2430365
Sch. Code:16149","State : WEST BENGAL
District : DARJEELING",Senior Secondary Level,"Name : WHEATON INTERNATIONAL SCHOOL
Head/Principal Name: Adarsh Rai","Address : KESTOPUR, , BAGDOGRA,
Website : www.wheaton.in"
1033,"Aff. No. :2430418
Sch. Code:16276","State : WEST BENGAL
District : DARJEELING",Senior Secondary Level,"Name : DR. AMBEDKAR ACADEMY
Head/Principal Name: ARPANA CHETTRI","Address : NEPANIA BUSTY (MIRJANGLA), P.O BELGACHI, P.S. NAXALBARI , DIST DARJEELING, WEST BENGAL
Website : https://drambedkaracademy.org"
1034,"Aff. No. :2430441
Sch. Code:16330","State : WEST BENGAL
District : DARJEELING",Secondary Level,"Name : TECHNO INDIA GROUP WORLD SCHOOL
Head/Principal Name: NIVEDITA CHAKRABORTY","Address : MATIGARA,, SILIGURI , WEST BENGAL
Website : https://siliguri.tigws.in/"
1035,"Aff. No. :2440004
Sch. Code:19172","State : WEST BENGAL
District : DARJEELING",Secondary Level,"Name : JAWAHAR NAVODAYA VIDYALAYA
Head/Principal Name: JITENDRA KUMAR SINGH","Address : CHHEBBISAY DARJEELING WEST BENGAL
Website : https://navodaya.gov.in/nvs/nvs-school/DARJEELING/"
1036,"Aff. No. :2430471
Sch. Code:16393","State : WEST BENGAL
District : DARJEELING",Secondary Level,"Name : MAYOOR SCHOOL
Head/Principal Name: KULVINDER KAUR AGRAWAL","Address : SILIGURI, DHUKURIA, PATHARGHATA SILIGURI
Website : https://mayoorschoolsiliguri.com/"
1037,"Aff. No. :2480007
Sch. Code:19158","State : WEST BENGAL
District : DARJEELING",Senior Secondary Level,"Name : ARMY PUBLIC SCHOOL
Head/Principal Name: DHUNDUP DOLMA","Address : KATA PAHAR P.O. GHOOM DISTT. DARJEELING WEST BENGAL
Website : www.apsdarjeeling.org"
1038,"Aff. No. :2480002
Sch. Code:19155","State : WEST BENGAL
District : DARJEELING",Senior Secondary Level,"Name : ARMY PUBLIC SCHOOL
Head/Principal Name: DEEPA RAI RAKALI","Address : P.O. BENGDUBI DISTT DARJEELING WEST BENGAL
Website : www.apsbengdubi.org"
1039,"Aff. No. :2480004
Sch. Code:19159","State : WEST BENGAL
District : DARJEELING",Senior Secondary Level,"Name : ARMY PUBLIC SCHOOL
Head/Principal Name: DOLA SARKAR SINHA","Address : SUKNA DISTT. DARJEELING WEST BENGAL
Website : www.apssukna.com"
1040,"Aff. No. :2480005
Sch. Code:19150","State : WEST BENGAL
District : DARJEELING",Senior Secondary Level,"Name : AIR FORCE SCHOOL BAGDOGRA
Head/Principal Name: SUNITHA P NAIR","Address : BAGDOGRA DISTT. DARJEELING WEST BENGAL
Website : www.airforceschoolbagdogra.com"
1041,"Aff. No. :2480024
Sch. Code:19160","State : WEST BENGAL
District : DARJEELING",Senior Secondary Level,"Name : BANIMANDIR RAILWAY H.S. SCHOOL
Head/Principal Name: KAKALI BASU","Address : P.O. & P.S. PRADHAN NAGAR, SUB. DIV: SILIGURI, DISTT. DARJEELING, WEST BENGAL-734003
Website : www.banimandirschool.in"
1042,"Aff. No. :2490001
Sch. Code:19162","State : WEST BENGAL
District : DARJEELING",Senior Secondary Level,"Name : CENTRAL SCHOOL FOR TIBETANS
Head/Principal Name: KALSANG CHODON","Address : BHANU SARANI DARJEELING WEST BENGAL
Website : www.stsdarjeeling.in"
1043,"Aff. No. :2490003
Sch. Code:19164","State : WEST BENGAL
District : DARJEELING",Secondary Level,"Name : SAMBHOTA TIBETAN SCHOOL
Head/Principal Name: YANGZOM","Address : P O SONADA DARJEELING DISTT WEST BENGAL
Website :"
1044,"Aff. No. :2430476
Sch. Code:16403","State : WEST BENGAL
District : HOOGHLY",Senior Secondary Level,"Name : BIRLA OPEN MINDS INTERNATIONAL SCHOOL
Head/Principal Name: Abhijit Chakraborty","Address : VILL- RATANPUR, PO- DIHIRATANPUR, PS-SINGUR, , HOOGHLY
Website : www.birlaopenminds.com/k12/West_Bengal/Singur/"
1045,"Aff. No. :2440006
Sch. Code:19176","State : WEST BENGAL
District : HOOGHLY",Senior Secondary Level,"Name : JAWAHAR NAVODAYA VIDYALAYA
Head/Principal Name: ALO ACHARJEE","Address : AT+PO – DIHIBAGNA, PS – ARAMBAGH, DISTT.-HOOGHLY, W.B. - 712613
Website : https://www.navodaya.gov.in/nvs/nvs-school/HOOGHLY"
1046,"Aff. No. :2430439
Sch. Code:16326","State : WEST BENGAL
District : HOOGHLY",Senior Secondary Level,"Name : DMBH COLLEGIATE SCHOOL
Head/Principal Name: BARNALI GANGULY","Address : VILL.-DADPUR, P.O.-PUINAN, P.S.-DADPUR
Website : https://www.dmbhcollegiateschool.in"
1047,"Aff. No. :2430465
Sch. Code:16381","State : WEST BENGAL
District : HOOGHLY",Secondary Level,"Name : CHURCH BELL SCHOOL
Head/Principal Name: MEENA MITRA","Address : T.N MUKHERJEE ROAD, RAGHUNATHPUR - III, P. S. DANKUNI
Website : https://churchbellschool.in/"
1048,"Aff. No. :2430460
Sch. Code:16373","State : WEST BENGAL
District : HOOGHLY",Senior Secondary Level,"Name : DELHI WORLD PUBLIC SCHOOL HOOGHLY
Head/Principal Name: HARPREET GHOSH","Address : GARALGACHA, DANKUNI, P.O. CHNANDITALA
Website : www.dwpshooghly.com"
1049,"Aff. No. :2430419
Sch. Code:16278","State : WEST BENGAL
District : HOOGHLY",Senior Secondary Level,"Name : TECHNO INDIA GROUP PUBLIC SCHOOL, MANKUNDU
Head/Principal Name: PAROMITA BANERJEE","Address : ALTARA PANPARA , P.O - MANKUNDU, PS- BHADRESWER
Website : https://tigpsmankundu.org/"
1050,"Aff. No. :2430412
Sch. Code:16257","State : WEST BENGAL
District : HOOGHLY",Secondary Level,"Name : SRI CHAITANYA TECHNO SCHOOL
Head/Principal Name: NILADRI PARUI","Address : MAHESH, SERAMPORE
Website : https://srichaitanyatechnoschoolserampore.net"
1051,"Aff. No. :2430413
Sch. Code:16258","State : WEST BENGAL
District : HOOGHLY",Senior Secondary Level,"Name : PEARL ROSARY SCHOOL (NEW)
Head/Principal Name: Ishita Roy","Address : DAKSHIN RAJYADHARPUR, P.O MALLICKPARA, P.S SERAMPORE
Website : www.pearlrosaryschool.in"
1052,"Aff. No. :2430370
Sch. Code:16170","State : WEST BENGAL
District : HOOGHLY",Senior Secondary Level,"Name : CAMELLIA INTERNATIONAL SCHOOL
Head/Principal Name: RIMPA MONDAL","Address : G.T.ROAD POST BAINCHI, HOOGHLY, HOOGHLY
Website : https://www.camelliaschools.com/"
1053,"Aff. No. :2430375
Sch. Code:16182","State : WEST BENGAL
District : HOOGHLY",Secondary Level,"Name : MOTHER INTERNATIONAL SCHOOL
Head/Principal Name: TANIA CHAKRAVARTY","Address : KONNAGAR, HOOGHLY
Website : http://www.miskon.org"
1054,"Aff. No. :2430381
Sch. Code:16201","State : WEST BENGAL
District : HOOGHLY",Secondary Level,"Name : ST THOMAS PUBLIC SCHOOL
Head/Principal Name: ASHUTOSH KUMAR","Address : JOYRAMBATI ROAD, HOOGHLY
Website : http://www.stpsk.in"
1055,"Aff. No. :2430384
Sch. Code:16209","State : WEST BENGAL
District : HOOGHLY",Senior Secondary Level,"Name : NARULA PUBLIC SCHOOL
Head/Principal Name: KAMALPREET KAUR MAKOL","Address : P.O. MOGRA, P.S. MOGRA
Website : https://npsmogra.org"
1056,"Aff. No. :2430276
Sch. Code:15915","State : WEST BENGAL
District : HOOGHLY",Senior Secondary Level,"Name : EDUCARE INTERNATIONAL SCH RATANPUR HOOGHLY WB
Head/Principal Name: Ankita Karmakar","Address : 2 NO RATANPUR SINGUR HOOGHLY 712409
Website : www.educaresingur.in"
1057,"Aff. No. :2430283
Sch. Code:15942","State : WEST BENGAL
District : HOOGHLY",Senior Secondary Level,"Name : ADITYA BIRLA VANI BHARATI
Head/Principal Name: GOUTAM SARKAR","Address : RISHRA, PO-PROBASNAGAR
Website : www.adityabirlavanibharati.com"
1058,"Aff. No. :2430288
Sch. Code:16005","State : WEST BENGAL
District : HOOGHLY",Senior Secondary Level,"Name : SOUTH MELIOR SCHOOL
Head/Principal Name: SURANJANA CHAKRABORTY","Address : GHORAMARA (EAST), PRAVASHNAGAR
Website : www.southmeliorschool.in"
1059,"Aff. No. :2430286
Sch. Code:16002","State : WEST BENGAL
District : HOOGHLY",Senior Secondary Level,"Name : SARASWATI WORLD SCHOOL
Head/Principal Name: SHYAMASREE BISWAS","Address : CHOTO KHEJURI MOR, G T ROAD ADDCO NAGAR HOOGHLY
Website : www.saraswatiworldschool.org"
1060,"Aff. No. :2430297
Sch. Code:16036","State : WEST BENGAL
District : HOOGHLY",Senior Secondary Level,"Name : BLOOMING BUDS SCHOOL
Head/Principal Name: SURANJANA BANGA","Address : BLOOMING BUDS SCHOOL, NATUN PARA, G.T. ROAD, ADISAPTAGRAM, P.O. - MOGRA, DIST- HOOGHLY, PIN- 712148
Website : www.bloomingbudsschool.org.in"
1061,"Aff. No. :2430212
Sch. Code:15726","State : WEST BENGAL
District : HOOGHLY",Senior Secondary Level,"Name : SWAMI VIVEKANANDA VIDYAMANDIR
Head/Principal Name: SURAJIT BHAKTA","Address : VILL - PURUSHOTTAMPUR PO - MOLLASIMLA, PS - SINGUR DIST - HOOGHLY, WB - 712223
Website : www.svvm.co.in"
1062,"Aff. No. :2430206
Sch. Code:15608","State : WEST BENGAL
District : HOOGHLY",Senior Secondary Level,"Name : EXPLORE INTERNATIONAL SCHOOL
Head/Principal Name: Sarita Yadav","Address : VILL- JAMIR BERIA, NEAR MALLICKPUR PETROL PUMP
Website : www.eissingur.edu.in"
1063,"Aff. No. :2430270
Sch. Code:15959","State : WEST BENGAL
District : HOOGHLY",Senior Secondary Level,"Name : NARAYANA SCHOOL RISHRA
Head/Principal Name: SHARMILEE BANDYOPADHYAY","Address : 100,G.T ROAD,RISHRA BAGKHAL,P.O HOOGHLY PIN;712248
Website : https://www.narayanaschools.in/westbengal/rishra/"
1064,"Aff. No. :2430092
Sch. Code:15728","State : WEST BENGAL
District : HOOGHLY",Senior Secondary Level,"Name : TECHNO INDIA GROUP PUBLIC SCHOOL
Head/Principal Name: DEBAYAN DUTTA","Address : DHARMPUR SHANTI NIKETAN, DIST HOOGHLY, WEST BENGAL
Website : https://hooghly.tigps.in"
1065,"Aff. No. :2430125
Sch. Code:15540","State : WEST BENGAL
District : HOOGHLY",Senior Secondary Level,"Name : ARAMBAGH VIVEKANANDA ACADEMY
Head/Principal Name: ANIRUDH PANDEY","Address : BASANTAPUR SPORTS COMPLEX, WARD NO.-11, PO-ARAMBAGH, DIST-HOOGHLY
Website : www.arambaghvivekanandaacademy.com"
1066,"Aff. No. :2430188
Sch. Code:15631","State : WEST BENGAL
District : HOOGHLY",Senior Secondary Level,"Name : H. M. EDUCATION CENTRE
Head/Principal Name: SONITA ROY","Address : 82/2, T. N. Mukherjee Road, Makhla, Utarpara Hooghly
Website : https://hmeducationcentre.in/"
1067,"Aff. No. :2430174
Sch. Code:15750","State : WEST BENGAL
District : HOOGHLY",Senior Secondary Level,"Name : SERAMPORE VIVEKANANDA ACADEMY
Head/Principal Name: KIRAN SINGH","Address : RAJYADHARPUR, BHATTACHARJEE GARDEN, SERAMPORE, DIST-HOOGHLY, WEST-BENGAL-712203
Website : https://narendranath.in/"
1068,"Aff. No. :2430159
Sch. Code:15711","State : WEST BENGAL
District : HOOGHLY",Senior Secondary Level,"Name : SPARK SCHOOL
Head/Principal Name: RUMA MUKHERJEE","Address : VILL+PO-MAHANAD, P.S-POLBA, HOOGHLY
Website : http://www.sparkgroup.in"
1069,"Aff. No. :2430160
Sch. Code:15729","State : WEST BENGAL
District : HOOGHLY",Senior Secondary Level,"Name : TECHNO INDIA GROUP PUBLIC SCHOOL
Head/Principal Name: Sujit Kumar Jana","Address : GOLOK MUNSHI HOSPITAL CAMPUS,P.O- NABAGRAM,POLICE STATION- UTTARPARA,SUB DIVISION- SRIRAMPUR,DIST- HOOGHLY, PIN- 712246
Website : www.tigpskon.edu.in"
1070,"Aff. No. :2430022
Sch. Code:15687","State : WEST BENGAL
District : HOOGHLY",Senior Secondary Level,"Name : PANISHEOLA INDIRA SAMRITI VIDYAPEETH
Head/Principal Name: SOMA DEB","Address : VILL & PO PANISHOOLA PS HARIPAL DISTT HOOGHLY WEST BENGAL
Website : www.pisv.in"
1071,"Aff. No. :2400100
Sch. Code:19302","State : WEST BENGAL
District : HOOGHLY",Senior Secondary Level,"Name : KENDRIYA VIDYALAYA BANDEL RAILWAY COLONY
Head/Principal Name: MD SARFRAZ ANWAR","Address : KENDRIYA VIDYALAYA BANDEL,BUILDING NO. -5 AAMBAGAN COLONY, BANDEL
Website : www.bandel.kvs.ac.in"
1072,"Aff. No. :2400055
Sch. Code:19245","State : WEST BENGAL
District : HOOGHLY",Senior Secondary Level,"Name : KENDRIYA VIDYALAYA
Head/Principal Name: ANAND CHANDRA DAYAL","Address : MUNICIPALITY, GUEST HOUSE, PO TARAKESWAR,DISTT. HOOGHLY, WEST BENGAL
Website : https://tarkeswar.kvs.ac.in/"
1073,"Aff. No. :2400038
Sch. Code:19208","State : WEST BENGAL
District : HOWRAH",Senior Secondary Level,"Name : PM SHRI KENDRIYA VIDYALAYA
Head/Principal Name: SAMSHER KUMAR SINGH","Address : BEMANGACHI P O SALKIA HAWRAH WEST BENGAL
Website : https://bamangachi.kvs.ac.in"
1074,"Aff. No. :2400048
Sch. Code:19243","State : WEST BENGAL
District : HOWRAH",Senior Secondary Level,"Name : PM SHRI KENDRIYA VIDYALAYA
Head/Principal Name: SUJIT PAUL TIRKEY","Address : SANTRAGACHI P O GIP COLONY HOWRAH WEST BENGAL
Website : https://santragachi.kvs.ac.in/"
1075,"Aff. No. :2430166
Sch. Code:15543","State : WEST BENGAL
District : HOWRAH",Senior Secondary Level,"Name : ASIAN INTERNATIONAL SCHOOL
Head/Principal Name: SIMRAN SANGHERA","Address : NEW KOLORAH, NH-6, ALAMPUR, DOMJUR, HOWRAH, WEST BENGAL.
Website : www.aisedu.org"
1076,"Aff. No. :2430180
Sch. Code:15669","State : WEST BENGAL
District : HOWRAH",Senior Secondary Level,"Name : SAINI INTERNATIONAL SCHOOL HOWRAH
Head/Principal Name: SANJEEDA ASGHAR","Address : NH-6, SURIKHALI, BETWEEN PANCHLA AND KALITALA CROSSING, ULUBERIA, HOWRAH 711322
Website : https://sishowrah.com/"
1077,"Aff. No. :2430186
Sch. Code:15596","State : WEST BENGAL
District : HOWRAH",Senior Secondary Level,"Name : DELHI PUBLIC SCHOOL, HOWRAH
Head/Principal Name: SUNITA ARORA","Address : VILL.,P.O.& P.S.:DOMJUR AMTA ROAD
Website : www.dpshowrah.in"
1078,"Aff. No. :2430099
Sch. Code:15622","State : WEST BENGAL
District : HOWRAH",Senior Secondary Level,"Name : GURU NANAK PUBLIC SCHOOL
Head/Principal Name: MADHUMITA MANNA","Address : P.O. NEW KOLORAH, ANDUL ROAD, ALAMPUR, HOWRAH, WEST BENGAL
Website : www.gurunanakpublicschool.co"
1079,"Aff. No. :2430254
Sch. Code:15773","State : WEST BENGAL
District : HOWRAH",Senior Secondary Level,"Name : NARAYANA SCHOOL
Head/Principal Name: KAUSIK RAY","Address : 129, BELLILIOUS ROAD, HOWRAH-711101
Website : www.narayanaschools.in"
1080,"Aff. No. :2430298
Sch. Code:16044","State : WEST BENGAL
District : HOWRAH",Senior Secondary Level,"Name : ST. XAVIER’S HIGH SCHOOL
Head/Principal Name: AMRITA SHARMA","Address : ST. XAVIERS HIGH SCHOOL, MASHILA PASCHIMPARA, NEW KOLORAH, ALAMPUR, HOWRAH, PIN – 711302
Website : www.stxaviershowrah.com"
1081,"Aff. No. :2430358
Sch. Code:16128","State : WEST BENGAL
District : HOWRAH",Secondary Level,"Name : LILUAH VETERAN(ENG. MED.) SCHOOL
Head/Principal Name: RAM NATH SAH","Address : BHATTANAGAR, LILUAH
Website : www.veteranengmedschool.com"
1082,"Aff. No. :2430279
Sch. Code:15928","State : WEST BENGAL
District : HOWRAH",Senior Secondary Level,"Name : SOUTH POINT INSTITUTE
Head/Principal Name: MOUMITA GHOSH BANERJEE","Address : UDAYNARAYANPUR, JANGAL PARA, P.O. SINGTI SHIBPUR, ULUBERIA DIST- HOWRAH PIN - 711226
Website : http://www.southpointinstitutehowrah.com/"
1083,"Aff. No. :2430392
Sch. Code:16222","State : WEST BENGAL
District : HOWRAH",Senior Secondary Level,"Name : DARWIN INTERNATIONAL SCHOOL
Head/Principal Name: Puja Koiri","Address : PS. NISCHINDA (BALLY),, HOWRAH - 711227
Website : https://www.dishowrah.co.in/"
1084,"Aff. No. :2430427
Sch. Code:16299","State : WEST BENGAL
District : HOWRAH",Secondary Level,"Name : PODAR INTERNATIONAL SCHOOL-HOWRAH
Head/Principal Name: Shabnam Bhowmick","Address : NH6, SALAP MORE, NEAR KWIC, PO- BANKRA., DISTRICT- HOWRAH
Website : www.podareducation.org/school/howrah"
1085,"Aff. No. :2430457
Sch. Code:16365","State : WEST BENGAL
District : HOWRAH",Secondary Level,"Name : SRI CHAITANYA TECHNO SCHOOL
Head/Principal Name: A STEPHAN RAJ","Address : 15/1 DR HK CHATTRJEE STREET WARD 21 , GHUSURI, HOWRAH
Website : https://srichaitanyatechnoschoolhowrah.net"
1086,"Aff. No. :2430455
Sch. Code:16362","State : WEST BENGAL
District : HOWRAH",Senior Secondary Level,"Name : DON BOSCO SCHOOL BAGNAN
Head/Principal Name: ASIYA KHATOON","Address : NEAR MAHISREKHA BRIDGE, JELEPARA, CHANDRAPUR, P.O. + P.S. BAGNAN
Website : https://donboscobagnan.com/"
1087,"Aff. No. :2430448
Sch. Code:16346","State : WEST BENGAL
District : HOWRAH",Senior Secondary Level,"Name : VELS GLOBAL SCHOOL
Head/Principal Name: DEBAPRIYA MUKHOPADHYAY","Address : 15/1, DR. H. K. CHATTERJEE LANE, BELUR, GHUSURI, HOWRAH
Website : https://velsglobalschool.ac.in"
1088,"Aff. No. :2440013
Sch. Code:19170","State : WEST BENGAL
District : HOWRAH",Senior Secondary Level,"Name : JAWAHAR NAVODAYA VIDYALAYA
Head/Principal Name: AWADHESH KUMAR SHARMA","Address : AT/POST- GANGADHARPUR, PS PANCHLA, DISTT. HOWRAH, WEST BENGAL
Website : https://www.navodaya.gov.in/nvs/nvs-school/HOWRAH/"
1089,"Aff. No. :2480022
Sch. Code:19169","State : WEST BENGAL
District : HOWRAH",Secondary Level,"Name : EASTERN RAILWAY HINDI SCHOOL
Head/Principal Name: TAPASI MAJUMDER","Address : 7, JENYNS ROAD, P.O. LILUAH,P.S. BELUR, DISTT. HOWRAH, STATE WEST BENGAL PIN-711204
Website :"
1090,"Aff. No. :2480100
Sch. Code:19356","State : WEST BENGAL
District : JALPAIGURI",Secondary Level,"Name : NJP RAILWAY GIRLS' HIGH SCHOOL
Head/Principal Name: KRISHNA DUTTA","Address : BHAKTINAGAR, JALPAIGURI
Website : http://njprghs.com"
1091,"Aff. No. :2440019
Sch. Code:19259","State : WEST BENGAL
District : JALPAIGURI",Senior Secondary Level,"Name : JAWAHAR NAVODAYA VIDYALAYA,NAGRAKATA
Head/Principal Name: RAJEEV KUMAR SAXENA","Address : PO+PS-NAGRAKATA
Website : www.navodaya.gov.in/nvs/nvs-school/Jalpaigudi/home"
1092,"Aff. No. :2480009
Sch. Code:19156","State : WEST BENGAL
District : JALPAIGURI",Senior Secondary Level,"Name : ARMY PUBLIC SCHOOL
Head/Principal Name: KIRAN SINGH","Address : BINAGURI P O BINAGURI DISTT JALPAIGURI WEST BENGAL
Website : www.apsbinnaguri.org"
1093,"Aff. No. :2480010
Sch. Code:19153","State : WEST BENGAL
District : JALPAIGURI",Secondary Level,"Name : ARMY PUBLIC SCHOOL
Head/Principal Name: DR. D. ROY CHOWDHURY","Address : BAGRAKOT P.O BAGRAKOT DISTT JALPAIGURI WEST BENGAL
Website : https://apsbagrakote.org"
1094,"Aff. No. :2430454
Sch. Code:16359","State : WEST BENGAL
District : JALPAIGURI",Senior Secondary Level,"Name : AMARJYOTI INTERNATIONAL SCHOOL
Head/Principal Name: POULOMI GHOSH","Address : PANGANIPARA, AMARJYOTI MORE, NORTH SHANTI NAGAR, PO-DABGRAM-II, BLOCK-RAJGANJ
Website : www.amarjyotiinternationalschool.com"
1095,"Aff. No. :2430428
Sch. Code:16301","State : WEST BENGAL
District : JALPAIGURI",Senior Secondary Level,"Name : DELHI WORLD PUBLIC SCHOOL
Head/Principal Name: MUHAMMAD ISHAQUE","Address : AMBARI BELAKOBA ROAD, P.O. KAMARVITA,, P.S. RAIGANJ, DIST- JALPAIGURI, 735135.
Website : https://www.dwpsslg.com/"
1096,"Aff. No. :2430422
Sch. Code:16286","State : WEST BENGAL
District : JALPAIGURI",Secondary Level,"Name : HIMALAYAN PUBLIC SCHOOL
Head/Principal Name: MALAY DAS","Address : WARD NO 13 MUNICIPALITY OFFICE PARA, POST OFFICE DHUPGURI DISTRICT JALPAIGURI, WEST BENGAL PIN 735210
Website : HTTP://hpsdhupguri.com"
1097,"Aff. No. :2430397
Sch. Code:16229","State : WEST BENGAL
District : JALPAIGURI",Senior Secondary Level,"Name : JALPAIGURI PUBLIC SCHOOL
Head/Principal Name: ABHIJIT SAHA","Address : PO-DHAPGANJ, JALPAIGURI
Website : www.jalpaiguripublicschool.com"
1098,"Aff. No. :2430249
Sch. Code:15618","State : WEST BENGAL
District : JALPAIGURI",Senior Secondary Level,"Name : GRACE ENGLISH SCHOOL
Head/Principal Name: MRIDUBHASINI PRADHAN","Address : GRACE ENGLISH SCHOOL SUKHANI BUSTY, P.O& P.S.NAGRAKATA DIST. JALPAIGURI
Website : https://graceenglishschool.in"
1099,"Aff. No. :2430238
Sch. Code:15733","State : WEST BENGAL
District : JALPAIGURI",Senior Secondary Level,"Name : TECHNO INDIA GROUP PUBLIC SCHOOL
Head/Principal Name: KRITTIKA GHOSH","Address : PAHARPUR JALPAIGURI
Website : HTTPS://JALPAIGURI.TIGPS.IN"
1100,"Aff. No. :2430240
Sch. Code:15755","State : WEST BENGAL
District : JALPAIGURI",Secondary Level,"Name : ZORAM BAPTIST MISSION SCHOOL
Head/Principal Name: LALBIAKENGI","Address : LANKA ROAD BIRPARA
Website : www.zorambaptistmissionschool.in"
1101,"Aff. No. :2430253
Sch. Code:15758","State : WEST BENGAL
District : JALPAIGURI",Senior Secondary Level,"Name : NARAYANA SCHOOL
Head/Principal Name: PANKAJ KUMAR JHA","Address : JOTIAKALI, CHIRYA KHANA MORE, FULBARI
Website : https://www.narayanaschools.in/westbengal/fulbari/"
1102,"Aff. No. :2430268
Sch. Code:15896","State : WEST BENGAL
District : JALPAIGURI",Secondary Level,"Name : AMARPATI LIONS CITIZENS PUBLIC SCHOOL
Head/Principal Name: SHUBHANKAR BOSE","Address : BHOLANATHPARA, DABGRAM, EASTERN BYPASS, P.O. GHOGOMALI
Website : www.alcps.in"
1103,"Aff. No. :2430269
Sch. Code:15908","State : WEST BENGAL
District : JALPAIGURI",Senior Secondary Level,"Name : DELHI PUBLIC SCHOOL, FULBARI
Head/Principal Name: MONOWARA BEGUM AHMED","Address : CHHOBAVITA, CANAL ROAD, P.O- FULBARI, P.S - BHAKTINAGAR
Website : www.dpsfulbarisiliguri.com"
1104,"Aff. No. :2430208
Sch. Code:15629","State : WEST BENGAL
District : JALPAIGURI",Senior Secondary Level,"Name : HIMALAYAN BUDDHIST CULTURAL SCHOOL
Head/Principal Name: PRERNA WALLING","Address : P.O. SALUGARA, BUDDHA KENDRA, KAL CHACKRA MANDIR, SALUGARA EAST,DISTT JALPAIGURI, WEST BENGAL, PIN 734008
Website : www.hbcschools.in"
1105,"Aff. No. :2430210
Sch. Code:15632","State : WEST BENGAL
District : JALPAIGURI",Senior Secondary Level,"Name : HOLY CROSS SCHOOL
Head/Principal Name: Teresa Lakra","Address : BALAIGACH, P.O. MANUAGANJ, P.S. RAJGANJ,
Website : www.holycrossschoolrajganj.com"
1106,"Aff. No. :2430103
Sch. Code:15694","State : WEST BENGAL
District : JALPAIGURI",Senior Secondary Level,"Name : SHRI KRISHNA PRANAMI VIDYA NIKETAN
Head/Principal Name: SHYAM SUNDER SHARMA","Address : HAIDERPARA,SEVOKE ROAD
Website : www.skpvn.org"
1107,"Aff. No. :2430089
Sch. Code:15578","State : WEST BENGAL
District : JALPAIGURI",Senior Secondary Level,"Name : D A V SCHOOL
Head/Principal Name: TAPOSHI PAL BANIK","Address : JOGIVITTA MAHANANDER BARRAGE FULBARI JALPAIGURI WEST BENGAL
Website : www.davsiliguri.com"
1108,"Aff. No. :2430058
Sch. Code:15664","State : WEST BENGAL
District : JALPAIGURI",Senior Secondary Level,"Name : MODELLA CARETAKER CENTER AND SCHOOL
Head/Principal Name: Abhaya Bose","Address : VILLAGE JATIAKALI PS BHAKTINAGAR PO FULBARI GP II RAJGANG BLOCK DISTT JALPAIGURI WEST BENGAL
Website : www.mccs.org.in"
1109,"Aff. No. :2430059
Sch. Code:15643","State : WEST BENGAL
District : JALPAIGURI",Senior Secondary Level,"Name : JERMEL'S ACADEMY
Head/Principal Name: SALIM JOHN SADIQ","Address : MAJHABARI EAST MANZA DABGRAM-2 JUNGLE MAHAL ROAD MUJHABARI, DISTT JALPAIGURI WEST BENGAL
Website : www.jermelsacademy.org"
1110,"Aff. No. :2430199
Sch. Code:15576","State : WEST BENGAL
District : JALPAIGURI",Senior Secondary Level,"Name : CORNERSTONE SCHOOL
Head/Principal Name: SIBION NARJINARY","Address : VILL. & P.O. PURBA SATALI, DIST. JALPAIGURI, WEST BENGAL, PIN. 735214
Website : www.cornerstonesatali.com"
1111,"Aff. No. :2430169
Sch. Code:15628","State : WEST BENGAL
District : JALPAIGURI",Senior Secondary Level,"Name : HIMALAYAN INTERNATIONAL RESIDENTIAL SCHOOL
Head/Principal Name: VIVEK AGARWAL","Address : P.O. RAJGANJ JALPAIGURI
Website : www.hirs.in"
1112,"Aff. No. :2430156
Sch. Code:15581","State : WEST BENGAL
District : JALPAIGURI",Senior Secondary Level,"Name : DARJEELING PUBLIC SCHOOL
Head/Principal Name: Shreya Mitra Biswas","Address : P.O.- SATELLITE TOWNSHIP, FULBARI (DEBGRAM ), DISTT.- JALPAIGURI, PIN - 734435
Website : www.darjeelingpublicschool.in"
1113,"Aff. No. :2430128
Sch. Code:15558","State : WEST BENGAL
District : JALPAIGURI",Senior Secondary Level,"Name : BHOR ACADEMY
Head/Principal Name: Kabita Majumder","Address : BHOWALPARA, PO: BAIRATIGURI, DHUPGURI, DISTT JALPAIGURI, WEST BENGAL-735210
Website : www.bhoracademy.com"
1114,"Aff. No. :2400057
Sch. Code:19213","State : WEST BENGAL
District : JALPAIGURI",Secondary Level,"Name : KENDRIYA VIDYALAYA
Head/Principal Name: Bhainru lal Jat Saran","Address : BSF BAIKUNTHPUR, PO SALUGARA, DISTT JALPAGURI, WEST BENGAL
Website : https://bsfbaikunthpur.kvs.ac.in/"
1115,"Aff. No. :2400058
Sch. Code:19215","State : WEST BENGAL
District : JALPAIGURI",Senior Secondary Level,"Name : KENDRIYA VIDYALAYA
Head/Principal Name: SHIVA KUMAR","Address : BSF, RANINAGAR, POST- PATAKAT, DISTT. JALPAIGURI, WEST BENGAL 735133
Website : https://bsfraninagar.kvs.ac.in/"
1116,"Aff. No. :2400151
Sch. Code:19361","State : WEST BENGAL
District : JALPAIGURI",Secondary Level,"Name : KENDRIYA VIDYALAYA NFR NEW JALPAIGURI
Head/Principal Name: SARIN KAZI","Address : OPPOSITE-ROH, P.O + P.S - BHAKTINAGAR
Website : http://newjalpaiguri.kvs.ac.in"
1117,"Aff. No. :2430007
Sch. Code:15569","State : WEST BENGAL
District : JALPAIGURI",Senior Secondary Level,"Name : CAESAR SCHOOL
Head/Principal Name: DILIP KUMAR SARKAR","Address : MAL P O MAL JALPAIGURI DISTT WEST BENGAL
Website : http://www.caesarschool.org.in"
1118,"Aff. No. :2400003
Sch. Code:19194","State : WEST BENGAL
District : JALPAIGURI",Senior Secondary Level,"Name : PM SHRI KENDRIYA VIDYALAYA NO 1
Head/Principal Name: RAJESH RANJAN","Address : BINNAGURI CANTT JALPAIGURI DISTT WEST BENGAL
Website : https://no1binnaguricantt.kvs.ac.in"
1119,"Aff. No. :2400028
Sch. Code:19195","State : WEST BENGAL
District : JALPAIGURI",Senior Secondary Level,"Name : PM SHRI KENDRIYA VIDYALAYA NO 2
Head/Principal Name: PAWAN KUMAR","Address : BINNAGURI CANTT DISTT JALPAIGURI WEST BENGAL
Website : www.kvno2binnaguri.org"
1120,"Aff. No. :2400022
Sch. Code:19242","State : WEST BENGAL
District : JALPAIGURI",Senior Secondary Level,"Name : PM SHRI KENDRIYA VIDYALAYA
Head/Principal Name: MANISH KUMAR YADAV","Address : P O SALAGURA SEVEK ROAD JALPAIGURI WEST BENGAL
Website : www.sevokeroad.kvs.ac.in"
1121,"Aff. No. :2400017
Sch. Code:19237","State : WEST BENGAL
District : MALDA",Senior Secondary Level,"Name : KENDRIYA VIDYALAYA
Head/Principal Name: RAJESH KUMAR","Address : MALDA P O MALIHA MALDA DISTT WEST BENGAL
Website : https://nhpcmalda.kvs.ac.in"
1122,"Aff. No. :2400020
Sch. Code:19235","State : WEST BENGAL
District : MALDA",Senior Secondary Level,"Name : KENDRIYA VIDYALAYA NTPC FARAKKA
Head/Principal Name: MUNENDRA PRAKASH","Address : N T P C FARAKKA P O PUBARAN MALDA DISTT WEST BENGAL
Website : https://ntpcfarakka.kvs.ac.in/"
1123,"Aff. No. :2400060
Sch. Code:19212","State : WEST BENGAL
District : MALDA",Secondary Level,"Name : KENDRIYA VIDYALAYA
Head/Principal Name: SANTOSH ROY THAKUR","Address : BSF ARADHPUR, PO NARAYANPUR, DIST MALDA, WEST BENGAL
Website : https://bsfaradhpur.kvs.ac.in"
1124,"Aff. No. :2430175
Sch. Code:15745","State : WEST BENGAL
District : MALDA",Senior Secondary Level,"Name : USHA MARTIN SCHOOL
Head/Principal Name: ANUPA BHADURI","Address : NH 34 , SHIMULDHAB ( NEAR MALDA WATER PARK), P.O. DHUMADIGHI, DISTT MALDA
Website : www.umsmalda.edu.in"
1125,"Aff. No. :2430209
Sch. Code:15740","State : WEST BENGAL
District : MALDA",Senior Secondary Level,"Name : THE HOLY ANGELS ENGLISH ACADEMY
Head/Principal Name: MAITREYI NAG","Address : VILL + PO.- KANDARAN, PS.- CHANCHAL, DIST.- MALDA, WEST BENGAL
Website : www.holyangelsacademy.in"
1126,"Aff. No. :2430217
Sch. Code:15708","State : WEST BENGAL
District : MALDA",Senior Secondary Level,"Name : SISTER NIVEDITA PUBLIC SCHOOL
Head/Principal Name: MEETU DASMAHAPATRA GHOSH","Address : VIVEK NAGAR (BEHIND RAILWAY DIESEL LOCO SHED), PO-JHALJHALIA, PS- ENGLISH BAZAR,MALDA,WB,INDIA.
Website : www.sisterniveditapublicschool.com"
1127,"Aff. No. :2430294
Sch. Code:16025","State : WEST BENGAL
District : MALDA",Senior Secondary Level,"Name : DELHI WORLD PUBLIC SCHOOL MALDA
Head/Principal Name: ARPITA GUPTA","Address : NITYANANDAPUR PO CHANDIPUR KAZIGRAM
Website : http://www.dwpsmalda.com/"
1128,"Aff. No. :2430438
Sch. Code:16322","State : WEST BENGAL
District : MALDA",Senior Secondary Level,"Name : DON BOSCO SCHOOL
Head/Principal Name: KAUSHIK DAS","Address : OLD MALDA BLOCK, SAHAPUR, SURJAPUR, MALDA
Website : https://www.donboscomalda.com/"
1129,"Aff. No. :2430411
Sch. Code:16255","State : WEST BENGAL
District : MURSHIDABAD",Senior Secondary Level,"Name : SUNSHINE INTERNATIONAL SCHOOL
Head/Principal Name: CLIVE JOSEPH","Address : BERHAMPORE,MURSHIDABAD, PIN-742102
Website : https://sunshineinternationalschool.in"
1130,"Aff. No. :2430401
Sch. Code:16237","State : WEST BENGAL
District : MURSHIDABAD",Senior Secondary Level,"Name : MOUNT LITERA ZEE SCHOOL,JANGIPUR
Head/Principal Name: MD IMTAZUL HUSSAIN","Address : P.S-RAGHUNATHGANJ, BLOCK-RAGHUNATHGANJ-1
Website : www.mountliterajangipur.com"
1131,"Aff. No. :2440001
Sch. Code:19178","State : WEST BENGAL
District : MURSHIDABAD",Senior Secondary Level,"Name : JAWAHAR NAVODAYA VIDYALAYA
Head/Principal Name: TAPAN KUMAR MISTRI","Address : PO BERHAMPARE DISTT MURSHIDABAD WEST BENGAL
Website : https://www.navodaya.gov.in/nvs/nvs-school/MURSHID"
1132,"Aff. No. :2430472
Sch. Code:16394","State : WEST BENGAL
District : MURSHIDABAD",Senior Secondary Level,"Name : SALAR INFINITY MISSION
Head/Principal Name: MUHAMMAD ISHAQUE","Address : SALAR NEW TOWN, P.O.- SALAR, P.S.- SALAR,, BLOCK OFFICE ROAD
Website : www.salarinfinitymission.com"
1133,"Aff. No. :2430481
Sch. Code:16415","State : WEST BENGAL
District : MURSHIDABAD",Secondary Level,"Name : TRUST FIELD SCHOOL
Head/Principal Name: BIDISHA CHATTERJEE","Address : TFS CAMPUS, NH 34, NEW DAKBUNGLOW, MALONCHA
Website : https://trustfieldschool.com"
1134,"Aff. No. :2430300
Sch. Code:16053","State : WEST BENGAL
District : MURSHIDABAD",Secondary Level,"Name : GUIDANCE FOUNDATION
Head/Principal Name: SUDIP KUMAR PATRA","Address : TALAI, JARUR, RAGHUNATHGANJ-I
Website : www.gfjc.in"
1135,"Aff. No. :2430357
Sch. Code:16127","State : WEST BENGAL
District : MURSHIDABAD",Senior Secondary Level,"Name : MOUNT LITERA ZEE SCHOOL
Head/Principal Name: MANAB KUMAR DEY","Address : ADJACENT TO SEVAVRATA, RAMKRISHNA MISSION
Website : www.mountliterabaharampur.com"
1136,"Aff. No. :2430389
Sch. Code:16216","State : WEST BENGAL
District : MURSHIDABAD",Senior Secondary Level,"Name : GITARAM GURUKUL
Head/Principal Name: PAPIYA PRAMANICK","Address : RADHAR GHAT, MURSHIDABAD
Website : https://gitaramgurukul.com/"
1137,"Aff. No. :2430373
Sch. Code:16178","State : WEST BENGAL
District : MURSHIDABAD",Secondary Level,"Name : SURYA MEMORIAL ACADEMY
Head/Principal Name: PRIYANKA DAS","Address : RANSAGAR, MURSHIDABAD
Website : www.suryamemorialacademy.com"
1138,"Aff. No. :2430224
Sch. Code:15663","State : WEST BENGAL
District : MURSHIDABAD",Senior Secondary Level,"Name : MODEL SCHOOL
Head/Principal Name: BIMAL OJHA","Address : VILL+ PO BASANTAPUR, DIST MURSHIDABAD
Website : www.modelcbse.in"
1139,"Aff. No. :2430251
Sch. Code:15779","State : WEST BENGAL
District : MURSHIDABAD",Senior Secondary Level,"Name : ST. STEPHENS ICONIC SCHOOL
Head/Principal Name: ANAMIKA DUTTA","Address : NUTANGRAM-TAALGAACHHI, P.O.- TAALGACHHI, P.S.& DIST: MURSHIDABAD, WEST BENGAL, PIN- 742149.
Website : http://www.stephensiconic.org/"
1140,"Aff. No. :2430171
Sch. Code:15607","State : WEST BENGAL
District : MURSHIDABAD",Senior Secondary Level,"Name : ENGLISH ORIENTAL ACADEMY
Head/Principal Name: PARTHA SENGUPTA","Address : VILL- HAPANIA, PO- DAFAHAT, DIST- MURSHIDABAD,
Website : www.englishoriental.org"
1141,"Aff. No. :2430194
Sch. Code:15649","State : WEST BENGAL
District : MURSHIDABAD",Senior Secondary Level,"Name : KAMAL KUMARI DEVI MODEL SCHOOL
Head/Principal Name: SANTOSH KUMAR DAS","Address : HARIDASNAGAR, RAGHUNATHGANJ,
Website : www.kkdmschools.com"
1142,"Aff. No. :2430136
Sch. Code:15642","State : WEST BENGAL
District : MURSHIDABAD",Senior Secondary Level,"Name : JAGRITI PUBLIC SCHOOL
Head/Principal Name: GOPAL CHANDRA BARIK","Address : VILL-KATNA, P.O.-NABADURGA P.S.-BURWAN DIST.- MURSHIDABAD PIN.-742168 WEST BENGAL
Website : www.jagritipublicschool.in"
1143,"Aff. No. :2430145
Sch. Code:15658","State : WEST BENGAL
District : MURSHIDABAD",Senior Secondary Level,"Name : LMET INTERNATIONAL SCHOOL
Head/Principal Name: PAPIA BASAK","Address : BAIRGACHHI, BALARAMPUR (DAKSHIN), DIST. MURSHIDABAD, WEST BENGAL
Website : www.lmetinternationalschool.in"
1144,"Aff. No. :2430104
Sch. Code:15678","State : WEST BENGAL
District : MURSHIDABAD",Senior Secondary Level,"Name : NETAJI SUBASH PUBLIC SCHOOL
Head/Principal Name: MITA GHOSH","Address : VILL+P.O.+PS-JIAGANJ SUB. DIV. - LALBAGH, MURSHIDABAD, WEST BENGAL
Website : www.nspsjiaganj.co.in"
1145,"Aff. No. :2430112
Sch. Code:15634","State : WEST BENGAL
District : MURSHIDABAD",Senior Secondary Level,"Name : HOLY GARDEN MODEL SCHOOL
Head/Principal Name: SOHAM DEY","Address : 2, BANJETIA, P.O.-BANJETIA BERHAMPORE, MURSHIDABAD
Website : www.hgms.in"
1146,"Aff. No. :2430095
Sch. Code:15688","State : WEST BENGAL
District : MURSHIDABAD",Senior Secondary Level,"Name : PRABHARANI PUBLIC SCHOOL
Head/Principal Name: SHIRSENDU ROY CHOUDHURY","Address : 2 NO. BANJETIA, P.O.-BANJETIA, PS BERHAMPORE, DISTT MURSHIDABAD, WEST BENGAL
Website : http://www.prabharanipublicschool.edu.in/"
1147,"Aff. No. :2430118
Sch. Code:15703","State : WEST BENGAL
District : MURSHIDABAD",Senior Secondary Level,"Name : SARASWATI DEVI PUBLIC SCHOOL
Head/Principal Name: ATANU ROY","Address : VILL - GHANSHYMPUR, P.O. - PURANDARPUR, P.S. - KANDI
Website : www.sdpskandi.org"
1148,"Aff. No. :2400047
Sch. Code:19209","State : WEST BENGAL
District : MURSHIDABAD",Senior Secondary Level,"Name : PM SHRI KENDRIYA VIDYALAYA BERHAMPORE
Head/Principal Name: KRISHNA SINGH RAWAT","Address : BERHAMPUR MURSHIDABAD WEST BENGAL
Website : https://berhampore.kvs.ac.in/"
1149,"Aff. No. :2430043
Sch. Code:15598","State : WEST BENGAL
District : MURSHIDABAD",Senior Secondary Level,"Name : DELHI PUBLIC SCHOOL
Head/Principal Name: Kamlesh Kumar Jaiswal","Address : N T P C FARAKKA P.O. NABARUN MURSHIDABAD WEST BENGAL
Website : www.dpsfarakka.com"
1150,"Aff. No. :2430008
Sch. Code:15647","State : WEST BENGAL
District : NADIA",Senior Secondary Level,"Name : KALYANI CENTRAL MODEL SCHOOL
Head/Principal Name: KUSHAL KUMAR SHAW","Address : KALYANI P-486 NADIA WEST BENGAL
Website : www.kalyanicms.org"
1151,"Aff. No. :2400053
Sch. Code:19240","State : WEST BENGAL
District : NADIA",Senior Secondary Level,"Name : PM SHRI KENDRIYA VIDYALAYA
Head/Principal Name: BABULAL","Address : RANAGHAT, VILL. SATIGACHA, P.O. ANULIA, DISTT. NADIA, WEST BENGAL
Website : www.ranaghat.kvs.ac.in"
1152,"Aff. No. :2400054
Sch. Code:19214","State : WEST BENGAL
District : NADIA",Secondary Level,"Name : KENDRIYA VIDYALAYA
Head/Principal Name: CHANDRA SHEKHAR SINGH","Address : BSF KRISHNA NAGAR, P.O. SHIMULTALA, DISTT. NADIA, WEST BENGAL
Website : https://bsfkrishnanagar.kvs.ac.in"
1153,"Aff. No. :2420051
Sch. Code:17476","State : WEST BENGAL
District : NADIA",Senior Secondary Level,"Name : GARDEN HIGH SCHOOL IISER KOLKATA CAMPUS
Head/Principal Name: RATNA BISWAS","Address : MOHANPUR CAMPUS, P.S. HARINGHATA
Website : https://www.ghsiiser.in/"
1154,"Aff. No. :2430121
Sch. Code:15572","State : WEST BENGAL
District : NADIA",Senior Secondary Level,"Name : CHAKDAHA MODEL SCHOOL
Head/Principal Name: MANDIRA BHATTACHARJEE","Address : LALPUR VIVEKANANDA PALLY MORE, PO CHAKDAHA. DISTT NADIA CHAKDAHA NADIA KALYANI
Website : www.chakdahamodelschool.in"
1155,"Aff. No. :2430102
Sch. Code:15704","State : WEST BENGAL
District : NADIA",Senior Secondary Level,"Name : SATISH CHANDRA MEMORIAL SCHOOL
Head/Principal Name: ARUP SARKAR","Address : PUMLIA(CHOWRASTA).P.O.CHAKDAHA.DIST.NADIA
Website : www.scmemorial.org"
1156,"Aff. No. :2430071
Sch. Code:15749","State : WEST BENGAL
District : NADIA",Secondary Level,"Name : VIVEKANANDA ACADEMY
Head/Principal Name: PRASHANTA DEY","Address : PO BETAI DISTT NADIA WEST BENGAL
Website : www.vivekanandaacademy.com"
1157,"Aff. No. :2430139
Sch. Code:15686","State : WEST BENGAL
District : NADIA",Senior Secondary Level,"Name : ORIENTAL PUBLIC SCHOOL
Head/Principal Name: HARDEEP KAUR JANDU","Address : INDUSTRIAL GROWTH CENTRE(IGC), PHASE-III
Website : www.opskalyani.org"
1158,"Aff. No. :2430195
Sch. Code:15641","State : WEST BENGAL
District : NADIA",Senior Secondary Level,"Name : JRS PUBLIC SCHOOL
Head/Principal Name: SAUMEN CHAKRABARTI","Address : UTTARPANCHPOTA CHAKDAHA
Website :"
1159,"Aff. No. :2430155
Sch. Code:15553","State : WEST BENGAL
District : NADIA",Senior Secondary Level,"Name : BHAKTIVEDANTA NATIONAL SCHOOL
Head/Principal Name: ASIMA GOMES","Address : MAYAPUR, NADIA DISTRICT, WEST BENGAL
Website : www.bvnsmayapur.com"
1160,"Aff. No. :2430267
Sch. Code:15894","State : WEST BENGAL
District : NADIA",Senior Secondary Level,"Name : NARAYANA SCHOOL
Head/Principal Name: KATURI MAMATHA","Address : B-14/146,KALYANI,P.O & P.S KALYANI
Website : https://www.narayanaschools.in/westbengal/kalyani-"
1161,"Aff. No. :2430225
Sch. Code:15635","State : WEST BENGAL
District : NADIA",Senior Secondary Level,"Name : DELHI WORLD PUBLIC SCHOOL, KALYANI
Head/Principal Name: RAMESH CHANDRA GHOSH","Address : OPP. KALYANI SHILPANCHAL RAILWAY STATION
Website : www.dwpskalyani.org"
1162,"Aff. No. :2430223
Sch. Code:15654","State : WEST BENGAL
District : NADIA",Senior Secondary Level,"Name : KRISHNAGAR PUBLIC SCHOOL
Head/Principal Name: Sankar Prasad Dutta","Address : PALPARA MORE, NH- 34
Website : www.kpsnadia.org"
1163,"Aff. No. :2430394
Sch. Code:16224","State : WEST BENGAL
District : NADIA",Secondary Level,"Name : NBM MODEL SCHOOL
Head/Principal Name: MARTIN ANIRBAN MONDAL","Address : P.O. MAJDIA, PS. KRISHNAGANJ
Website : www.nbmmodelschool.com"
1164,"Aff. No. :2430356
Sch. Code:16119","State : WEST BENGAL
District : NADIA",Senior Secondary Level,"Name : CHATTERJEE NOBLE SCHOOL
Head/Principal Name: Banhi Sengupta","Address : P.O. BIRNAGAR, P.S.TAHERPUR
Website : www.chatterjeenobleschool.com"
1165,"Aff. No. :2430293
Sch. Code:16019","State : WEST BENGAL
District : NADIA",Senior Secondary Level,"Name : ST. MARYS ARCADIAN SCHOOL
Head/Principal Name: GOUTAM KUMAR HAZRA","Address : RANAGHAT, AISHTALA, NADIA
Website : www.stmarysarcadianschool.com"
1166,"Aff. No. :2430302
Sch. Code:16059","State : WEST BENGAL
District : NADIA",Senior Secondary Level,"Name : TECHNO INDIA GROUP PUBLIC SCHOOL
Head/Principal Name: DHRUBAJYOTI ADHIKARY","Address : MANIPUR GHAT ROAD OPPOSITE FIRE BRIGADE OFFICE NABADWIP NADIA
Website : www.nabadwip.tigps.in"
1167,"Aff. No. :2430484
Sch. Code:16433","State : WEST BENGAL
District : NADIA",Senior Secondary Level,"Name : TECHNO INDIA GROUP PUBLIC SCHOOL KRISHNANAGAR
Head/Principal Name: APARNA NANDI","Address : SRINIVAS ROAD, GOALDAH, KRISHNANAGAR, PIN 741103
Website : https://www.tigpskrishnanagar.in"
1168,"Aff. No. :2440005
Sch. Code:19186","State : WEST BENGAL
District : NADIA",Senior Secondary Level,"Name : JAWAHAR NAVODAYA VIDYALAYA
Head/Principal Name: KAJAL KUMAR RUDRA","Address : KALYANI,OPP J N M HOSPITAL NADIA WEST BENGAL
Website : www.navodaya.gov.in/nvs/nvs-school/NADIA/en/home/"
1169,"Aff. No. :2430407
Sch. Code:16250","State : WEST BENGAL
District : NADIA",Senior Secondary Level,"Name : SANTIPUR PUBLIC SCHOOL
Head/Principal Name: RIYA BANERJEE","Address : P.O.- BABLA GOBINDAPUR, P.S.- SANTIPUR
Website : https://www.santipurpublicschool.org/"
1170,"Aff. No. :2430453
Sch. Code:16358","State : WEST BENGAL
District : NADIA",Senior Secondary Level,"Name : THE BANDHAN SCHOOL ARANGHATA
Head/Principal Name: RUPAM MITRA","Address : ANANDANAGAR, RADHAKANTAPUR,P.S. TAHERPUR, P.O. ARANGHATA, DISTRICT- NADIA, , WEST BENGAL
Website : www.thebandhanschool.org"
1171,"Aff. No. :2430462
Sch. Code:16375","State : WEST BENGAL
District : NADIA",Secondary Level,"Name : KIRANPROVA ENGLISH SCHOOL
Head/Principal Name: KOUSIK DAS","Address : GANGNAPUR, SHRISH NAGAR, NADIA
Website : www.kiranprovaenglishschool.com"
1172,"Aff. No. :2430467
Sch. Code:16384","State : WEST BENGAL
District : NORTH 24-PARGANA",Secondary Level,"Name : SUDHIR MEMORIAL INSTITUTE GOBARDANGA
Head/Principal Name: SWAGATA DAS","Address : KHANTURA, WARD NO. 15, POST- GOBARDANGA, PS- GOBARDANGA, DIST- NORTH 24 PARGANAS, PIN- 743273
Website : https://www.sudhirmemorialinstitutegobardanga.com/"
1173,"Aff. No. :2430445
Sch. Code:16338","State : WEST BENGAL
District : NORTH 24-PARGANA",Senior Secondary Level,"Name : JDS PUBLIC SCHOOL
Head/Principal Name: HEMASREE DATTA","Address : A B ROAD, PANPUR,PO - NARAYANPUR, PS - BASUDEBPUR, DIST-NORTH 24 PARGANAS,, PIN-743126,WB
Website : HTTPS://WWW.JDSSCHOOL.IN"
1174,"Aff. No. :2430452
Sch. Code:16357","State : WEST BENGAL
District : NORTH 24-PARGANA",Secondary Level,"Name : ST AUGUSTINES DAY SCHOOL FOR GIRLS
Head/Principal Name: J Biswas","Address : PO. SEWLI KALYANI EXPRESSWAY, BARRACKPORE, NORTH 24 PGS
Website : https://staugustineday.com/barrackpore-girls"
1175,"Aff. No. :2430440
Sch. Code:16329","State : WEST BENGAL
District : NORTH 24-PARGANA",Secondary Level,"Name : MAHENDRA MEMORIAL SCHOOL
Head/Principal Name: MOUSUMI DEBNATH DAS","Address : VILLAGE - SINDRANI, POST - SINDRANI, POLICE STATION - BAGDAH
Website : www.mmschool.in"
1176,"Aff. No. :2430409
Sch. Code:16253","State : WEST BENGAL
District : NORTH 24-PARGANA",Senior Secondary Level,"Name : GYANJYOTI PUBLIC SCHOOL
Head/Principal Name: SAIKAT CHAKRAVORTY","Address : P.O. KANCHRAPARA,, P.S. BIZPUR
Website : http://gpskanchrapara.com/"
1177,"Aff. No. :2430415
Sch. Code:16268","State : WEST BENGAL
District : NORTH 24-PARGANA",Secondary Level,"Name : ACHARYA TULSI ACADEMY,ORCHIDS THE INTERNATIONAL SCHOOL
Head/Principal Name: Suryakanti Mishra","Address : MAJOR ARTERIAL ROAD(SOUTH-EAST), JODTHBH, NEWTOWN
Website : https://orchidsinternationalschoolnewtown.com/"
1178,"Aff. No. :2430420
Sch. Code:16280","State : WEST BENGAL
District : NORTH 24-PARGANA",Senior Secondary Level,"Name : DELHI WORLD PUBLIC SCHOOL BARASAT
Head/Principal Name: SHRADHA AGARWAL","Address : HOLDING NO. 10504, VILLAGE - MADHUPUR, KADAMBAGACHI, MOUZA DASPULDANGA, PO- BADU , PS- DUTTAPUKUR
Website : https://www.dwpsbarasat.com"
1179,"Aff. No. :2430421
Sch. Code:16282","State : WEST BENGAL
District : NORTH 24-PARGANA",Secondary Level,"Name : MOUNT LITERA ZEE SCHOOL
Head/Principal Name: NUPUR DEY SARKAR","Address : NORTH KOLKATA,BARRACKPORE,MATHARANGI, NILGUNJ ROAD,NAVARANDA,SURYAPUR,KOL-121, WEST BENGAL
Website : http://mlzsbarrackpore.com"
1180,"Aff. No. :2430429
Sch. Code:16303","State : WEST BENGAL
District : NORTH 24-PARGANA",Senior Secondary Level,"Name : G D GOENKA PUBLIC SCHOOL, HABRA
Head/Principal Name: PARAMITA GHOSAL","Address : PRATAPNAGAR, GANADIPAYAN, CHONGDA MORE
Website : www.gdghabra.org"
1181,"Aff. No. :2430435
Sch. Code:16318","State : WEST BENGAL
District : NORTH 24-PARGANA",Senior Secondary Level,"Name : GOPAL GURUKUL INTERNATIONAL SCHOOL
Head/Principal Name: Soma Dhar","Address : BHATENDA, RAJARHAT, NORTH 24 PARGANAS
Website : https://ggisrajarhat.in/"
1182,"Aff. No. :2430432
Sch. Code:16312","State : WEST BENGAL
District : NORTH 24-PARGANA",Secondary Level,"Name : HERITAGE MODEL SCHOOL
Head/Principal Name: MIR AZHARUDDIN","Address : VILL- BARDHANBERIA, PO- BAIRAMPUR, PS- GOPALNAGAR, DIST- NORTH 24 PARGANAS
Website : www.heritagemodelschool.com"
1183,"Aff. No. :2430488
Sch. Code:16468","State : WEST BENGAL
District : NORTH 24-PARGANA",Senior Secondary Level,"Name : BHOLANANDA NATIONAL ACADEMY
Head/Principal Name: KAKULI HALDAR","Address : KANKINARA, PANPUR, P.O. NARAYANPUR P.S. BASUDEBPUR
Website : https://bholananda.in/"
1184,"Aff. No. :2440003
Sch. Code:19171","State : WEST BENGAL
District : NORTH 24-PARGANA",Senior Secondary Level,"Name : JAWAHAR NAVODAYA VIDYALAYA
Head/Principal Name: BIPLAB HOWLI","Address : BANIPUR HABRA DISTT NORTH 24 PARGANAS WEST BENGAL
Website : https://www.navodaya.gov.in/nvs/nvs-school/NORTH24"
1185,"Aff. No. :2430482
Sch. Code:16417","State : WEST BENGAL
District : NORTH 24-PARGANA",Senior Secondary Level,"Name : G.D. GOENKA PUBLIC SCHOOL KOLKATA
Head/Principal Name: PRIYANKA GHOSH JESURAJ","Address : 117, GOURI NATH SHASHTRI SARANI, OLD SHYAMNAGAR ROAD, KOLKATA 700055
Website : https://gdgkolkata.com"
1186,"Aff. No. :2430470
Sch. Code:16391","State : WEST BENGAL
District : NORTH 24-PARGANA",Senior Secondary Level,"Name : SPK JAIN FUTURISTIC ACADEMY
Head/Principal Name: DR. JAYEETA GANGULY","Address : PLOT NO. IIA/14, ACTION AREA II,, STREET NO 374, NEWTOWN, KOLKATA- 700156
Website : https://www.jainfuturisticacademy.com/"
1187,"Aff. No. :2430473
Sch. Code:16396","State : WEST BENGAL
District : NORTH 24-PARGANA",Senior Secondary Level,"Name : KANKINARA OXFORD ENGLISH SCHOOL
Head/Principal Name: DARPANA SHAW","Address : 18/1/3, SOUTH NARAYANPUR, WARD NO. 31, PANPUR, P.O. KANKINARA, NORTH 24 PGS, PIN- 743126
Website : https://www.kankinaraoxfordenglishschool.com"
1188,"Aff. No. :2430474
Sch. Code:16398","State : WEST BENGAL
District : NORTH 24-PARGANA",Senior Secondary Level,"Name : TRINITY PUBLIC SCHOOL
Head/Principal Name: TAHSEEN MAHMOOD","Address : KALYANI EXPRESSWAY, DANGADIGHILA,, BORO BAGAN,, RAHARA
Website : www.trinitypublicschool.org"
1189,"Aff. No. :2430479
Sch. Code:16408","State : WEST BENGAL
District : NORTH 24-PARGANA",Secondary Level,"Name : J.S. INTERNATIONAL SCHOOL
Head/Principal Name: NEEPA QUAZI","Address : VILL- KAUKEPARA, P.O.- DEBALAYA, P.S.- DEGANGA, DIST.- NORTH 24 PARGANAS, PIN- 743424
Website : https://jsinternationalschool.in/"
1190,"Aff. No. :2480011
Sch. Code:19154","State : WEST BENGAL
District : NORTH 24-PARGANA",Senior Secondary Level,"Name : ARMY PUBLIC SCHOOL
Head/Principal Name: MOITREYEE MUKHERJEE","Address : P.O. BARRACKPORE NORTH GATE BARRACKPORE CANTT DISTT 24 PARAGNA WEST BENGAL
Website : www.apsbkp.in"
1191,"Aff. No. :2480008
Sch. Code:19147","State : WEST BENGAL
District : NORTH 24-PARGANA",Senior Secondary Level,"Name : AIR FORCE SCHOOL BARRACKPORE
Head/Principal Name: TANUSRI CHAKRABORTY","Address : A F S BARRACKPORE BENGAL ENAMEL PALTO 24 P & S (N)
Website : www.afsbkp.in"
1192,"Aff. No. :2430301
Sch. Code:16058","State : WEST BENGAL
District : NORTH 24-PARGANA",Senior Secondary Level,"Name : STARLING INTERNATIONAL SCHOOL
Head/Principal Name: Nupur Datta","Address : 457/29/1, SONDLA TANK ROAD BYE LANE, P.O. GARULIA
Website : www.starlinginternationalschool.edu.in"
1193,"Aff. No. :2430295
Sch. Code:16027","State : WEST BENGAL
District : NORTH 24-PARGANA",Senior Secondary Level,"Name : SRI CHAITANYA TECHNO SCHOOL
Head/Principal Name: SAYANTIKA BHATTACHARYA","Address : 06-360, STREET NO-360,RAJARHAT, NEWTOWN
Website : https://www.srichaitanyatechnoschoolnewtown.net"
1194,"Aff. No. :2430274
Sch. Code:15940","State : WEST BENGAL
District : NORTH 24-PARGANA",Senior Secondary Level,"Name : NARAYANA SCHOOL BARASAT
Head/Principal Name: TILAK RAJ SHARMA","Address : NO. 43/1, NADHIBHAG MOLLA PARA, BARASAT, KOLKATA - 700124 LANDMARK: NEAR BISHNUPRIYA COLLEGE OF EDUCATION
Website : https://www.narayanaschools.in/west-bengal/barasat"
1195,"Aff. No. :2430275
Sch. Code:15919","State : WEST BENGAL
District : NORTH 24-PARGANA",Senior Secondary Level,"Name : TECHNO INDIA GROUP PUBLIC SCHOOL-ARIADAHA
Head/Principal Name: DEBDUTTA BERA ADHYA","Address : 5, NORTH NOWDAPARA ROAD, ARIADAHA,B.T.ROAD RATHTALA KOLKATA-700057
Website : www.tigpsariadaha.in"
1196,"Aff. No. :2430278
Sch. Code:15920","State : WEST BENGAL
District : NORTH 24-PARGANA",Senior Secondary Level,"Name : MORNING BELLS ACADEMY (HIGH SCHOOL)
Head/Principal Name: Debopriya Saha","Address : 310/311, EAST GHOSHPARA ROAD, PINKAL, P.O.- SHYAMNAGAR, WEST BENGAL
Website : https://morningbellsacademy.com/"
1197,"Aff. No. :2430393
Sch. Code:16223","State : WEST BENGAL
District : NORTH 24-PARGANA",Secondary Level,"Name : DOON INTERNATIONAL SCHOOL, BASIRHAT
Head/Principal Name: Panchanan Tripathy","Address : VILL+PO -PIFA,, NORTH 24 PARGANAS, 743422
Website : www.disbasirhat.co.in"
1198,"Aff. No. :2430400
Sch. Code:16235","State : WEST BENGAL
District : NORTH 24-PARGANA",Senior Secondary Level,"Name : PVT. GREENFIELD CONVENT SCHOOL
Head/Principal Name: Partho Protim Samanto","Address : CLUSTER BERGOOM - II, BLOCK HABRA - I
Website : https://www.greenfieldhabra.com/"
1199,"Aff. No. :2430391
Sch. Code:16219","State : WEST BENGAL
District : NORTH 24-PARGANA",Senior Secondary Level,"Name : DELHI PUBLIC SCHOOL, BARASAT
Head/Principal Name: Joyeeta Majumder","Address : PO BADU, PS DUTTAPUKUR, BARASAT
Website : www.dpsbarasat.com"
1200,"Aff. No. :2430382
Sch. Code:16202","State : WEST BENGAL
District : NORTH 24-PARGANA",Senior Secondary Level,"Name : DAV PUBLIC SCHOOL, BARRACKPORE
Head/Principal Name: JEETA BHATTACHARJEE","Address : RUIYA, PATULIA, KOLKATA-700119
Website : www.davbkp.in"
1201,"Aff. No. :2430383
Sch. Code:16204","State : WEST BENGAL
District : NORTH 24-PARGANA",Senior Secondary Level,"Name : EVANGEL PUBLIC SCHOOL
Head/Principal Name: TUHIN CHATTERJEE","Address : PS BADURIA , DISTRICT NORTH 24 PARGANAS WEST BENGAL
Website : www.evangelpublicschoolwb.com"
1202,"Aff. No. :2430376
Sch. Code:16189","State : WEST BENGAL
District : NORTH 24-PARGANA",Senior Secondary Level,"Name : THE FUTURE SCHOLARS ACADEMY
Head/Principal Name: APALA CHAKRABORTY","Address : P.S-BADURIA, DIST-24PGS(N)
Website : www.tfsacademy.org"
1203,"Aff. No. :2430364
Sch. Code:16148","State : WEST BENGAL
District : NORTH 24-PARGANA",Senior Secondary Level,"Name : DELHI PUBLIC SECONDARY SCHOOL BARASAT
Head/Principal Name: SUNITA GHOSH","Address : DIST-NORTH 24 PARGANAS, PIN-700125
Website : http://dpssbarasat.com/"
1204,"Aff. No. :2430369
Sch. Code:16167","State : WEST BENGAL
District : NORTH 24-PARGANA",Senior Secondary Level,"Name : SRI CHAITANYA TECHNO SCHOOL
Head/Principal Name: SUMITA CHAKRABARTY","Address : PANIHATI, NORTH 24 PARAGANAS, KOLKATA-700114, WEST BENGAL
Website : https://srichaitanyatechnoschoolpanihati.in"
1205,"Aff. No. :2430366
Sch. Code:16162","State : WEST BENGAL
District : NORTH 24-PARGANA",Secondary Level,"Name : HARADHAN ADDHYA MEMORIAL SCHOOL
Head/Principal Name: SUJIT DAS","Address : NORTH 24PARGANAS , WEST BENGAL, INDIA
Website : www.hamschool@gmail.com"
1206,"Aff. No. :2430235
Sch. Code:15640","State : WEST BENGAL
District : NORTH 24-PARGANA",Senior Secondary Level,"Name : INFOCUS INDIA PUBLIC SCHOOL
Head/Principal Name: SWAGATA DEY","Address : BALISHA, BIRA, P.O. : BALLAVPARA, P.S. : ASHOKE NAGAR, DIST : 24 PARGANAS(N), PIN -743234
Website : www.infocusindiapublicschool.in"
1207,"Aff. No. :2430205
Sch. Code:15674","State : WEST BENGAL
District : NORTH 24-PARGANA",Senior Secondary Level,"Name : NARAYANA SCHOOLS KOLKATA
Head/Principal Name: JYOTICA SHAFAAT","Address : MOHAMMADPUR,RAJARHAT,NEWTOWN
Website : www.narayanagroup.com"
1208,"Aff. No. :2430216
Sch. Code:15534","State : WEST BENGAL
District : NORTH 24-PARGANA",Secondary Level,"Name : AGARPARA SWAMI VIVEKANANDA ACADEMY
Head/Principal Name: Kousik Chattaraj","Address : 3 B.T.ROAD, KOLKATA - 700058
Website : www.asvarkvm.org"
1209,"Aff. No. :2430252
Sch. Code:15757","State : WEST BENGAL
District : NORTH 24-PARGANA",Secondary Level,"Name : SAI SIMANTA MODEL SCHOOL
Head/Principal Name: JAI PRAKASH RAI","Address : VILLAGE-CHHAIGHORIA, KHEDAPARA,BANGAON NORTH 24-PARAGANAS
Website : www.saisimantamodelschool.in"
1210,"Aff. No. :2430259
Sch. Code:15772","State : WEST BENGAL
District : NORTH 24-PARGANA",Senior Secondary Level,"Name : NARAYANA SCHOOL
Head/Principal Name: M KEERTHIKA","Address : SODEPUR,MOHISPOTA,P.O.-NATAGARH,P.S-GHOLA,SODEPUR
Website : www.narayanawestbengal.com"
1211,"Aff. No. :2430255
Sch. Code:15764","State : WEST BENGAL
District : NORTH 24-PARGANA",Senior Secondary Level,"Name : SAHU ACADEMY
Head/Principal Name: POONAM GUPTA","Address : 20/3, NEW CHORD ROAD, NEAR KATAPOKHAR, P.O.- KANKINARA, P.S.- JAGADDAL, NORTH 24 PARGANA, WEST BENGAL
Website : www.sahuacademy.in"
1212,"Aff. No. :2430168
Sch. Code:15533","State : WEST BENGAL
District : NORTH 24-PARGANA",Senior Secondary Level,"Name : ADITYA ACADEMY SR. SEC SCHOOL
Head/Principal Name: MEGHNA GHOSHAL","Address : DUMDUM 435 JESSORE ROAD 24PGS(N)
Website : www.adityaacademyseniorsecondary.com"
1213,"Aff. No. :2430187
Sch. Code:15595","State : WEST BENGAL
District : NORTH 24-PARGANA",Senior Secondary Level,"Name : G. D. GOENKA PUBLIC SCHOOL, DAKSHINESWAR
Head/Principal Name: VIJAY LAXMI KUMAR","Address : 48A BIDYAYATAN SARANI
Website : www.gdgdakshineswar.com"
1214,"Aff. No. :2430189
Sch. Code:15565","State : WEST BENGAL
District : NORTH 24-PARGANA",Senior Secondary Level,"Name : BODHISUKHA SCHOOL
Head/Principal Name: SRINWANTI DHAR","Address : KATHOR, BADU, BARASAT
Website : www.bds.school"
1215,"Aff. No. :2430192
Sch. Code:15606","State : WEST BENGAL
District : NORTH 24-PARGANA",Senior Secondary Level,"Name : EAST POINT SCHOOL
Head/Principal Name: Dr. Arindam Kumar Bose","Address : ICHHAPUR(NEAR INDRAPURI), DISTT. NORTH, 24 PARAGANA,P.O-NAWABGANJ,PIN-743144, WEST BENGAL, P.S-NOAPARA
Website : www.eastpointschool.org.in"
1216,"Aff. No. :2430140
Sch. Code:15683","State : WEST BENGAL
District : NORTH 24-PARGANA",Senior Secondary Level,"Name : NORTH POINT SENIOR SECONDARY BOARDING SCHOOL
Head/Principal Name: MAITRAYE CHAKRABORTY","Address : LANGOLPOTA , MATIAGACHA , RAJARHAT- KHARIBARI ROAD , P.O- KAMDENU ,
Website : www.npsrajarhat.org.in"
1217,"Aff. No. :2430157
Sch. Code:15531","State : WEST BENGAL
District : NORTH 24-PARGANA",Senior Secondary Level,"Name : ADAMAS WORLD SCHOOL
Head/Principal Name: GOBIND S MOORJANI","Address : BARASAT - BARRACKPORE ROAD,POST OFFICE-JAGANNATHPUR, DISTRICT:NORTH 24 PARGANAS, WEST BENGAL, PIN-700126
Website : https://www.adamasworldschool.org"
1218,"Aff. No. :2430079
Sch. Code:15532","State : WEST BENGAL
District : NORTH 24-PARGANA",Senior Secondary Level,"Name : ADITYA ACADEMY SECONDARY
Head/Principal Name: SUMANA SAHA","Address : KADAMBAGACHI PS BARASAT DISTT NORTH 24 PARGANAS WEST BENGAL
Website : www.adityaacademysecondary.com"
1219,"Aff. No. :2430091
Sch. Code:15538","State : WEST BENGAL
District : NORTH 24-PARGANA",Senior Secondary Level,"Name : APEEJAY SCHOOL
Head/Principal Name: ARPITA CHAKRABORTY","Address : BG-180 SECTOR II KOLKATA WEST BENGAL
Website : www.apeejayschool.in"
1220,"Aff. No. :2430051
Sch. Code:15571","State : WEST BENGAL
District : NORTH 24-PARGANA",Senior Secondary Level,"Name : CENTRAL MODEL SCHOOL
Head/Principal Name: PARAMITA CHATTERJEE","Address : 23 RIVER SIDE ROAD BARRACKPURE 24 PARGANAS (NTH) WEST BENGAL
Website : www.cmsbarrackpore.org"
1221,"Aff. No. :2430067
Sch. Code:15697","State : WEST BENGAL
District : NORTH 24-PARGANA",Senior Secondary Level,"Name : SUDHIR MEMORIAL INSTITUTE
Head/Principal Name: Palash Kumar Saha","Address : DOLTALA JESSORE ROAD MADHYAMGRAM NORTH 24PGS WEST BENGAL
Website : www.sudhirmemorialinstitute.com"
1222,"Aff. No. :2430073
Sch. Code:15648","State : WEST BENGAL
District : NORTH 24-PARGANA",Senior Secondary Level,"Name : KALYANI PUBLIC SCHOOL
Head/Principal Name: KOUSHIK GHOSH","Address : MOINAGADI, NOAPARA BARASAT KOLKATTA WEST BENGAL
Website : www.kalyanipublicschool.org"
1223,"Aff. No. :2430132
Sch. Code:15548","State : WEST BENGAL
District : NORTH 24-PARGANA",Senior Secondary Level,"Name : BARASAT INDIRA GANDHI MEMORIAL HIGH SCHOOL
Head/Principal Name: SUNANDA JAISWAL","Address : 18, JESSORE ROAD(SOUTH), RATHTALA,
Website : www.barasat.igmhs.org"
1224,"Aff. No. :2430116
Sch. Code:15700","State : WEST BENGAL
District : NORTH 24-PARGANA",Senior Secondary Level,"Name : SALT LAKE SHIKSHA NIKETAN
Head/Principal Name: Madhusmita Bezbaruah","Address : MB-684, MAHISH BATHAN, SECTOR-V, SALT LAKE CITY, KOLKATA 700102.
Website : www.saltlakeshikshaniketan.org"
1225,"Aff. No. :2420053
Sch. Code:17622","State : WEST BENGAL
District : NORTH 24-PARGANA",Secondary Level,"Name : ISHAPORE RIFLE FACTORY HIGH SCHOOL
Head/Principal Name: SOMESH CHANDRA SARKAR","Address : STATION ROAD, P.O. ICHAPUR NAWABGANJ, P.S. NOAPARA
Website : https://ddpdoo.gov.in/units/ofsrfi"
1226,"Aff. No. :2400044
Sch. Code:19200","State : WEST BENGAL
District : NORTH 24-PARGANA",Senior Secondary Level,"Name : PM SHRI KENDRIYA VIDYALAYA NO 2
Head/Principal Name: UMESH KUMAR","Address : ISHAPORE EAST LAND ESTATE P.O. BENGAL ENAMEL DT. 24 PARGONAS NORTH WEST BENGAL
Website : www.no2ishapore.kvs.ac.in"
1227,"Aff. No. :2400033
Sch. Code:19198","State : WEST BENGAL
District : NORTH 24-PARGANA",Senior Secondary Level,"Name : PM SHRI KENDRIYA VIDYALAYA
Head/Principal Name: ARVIND KUMAR SHARMA","Address : ORDNANCE FACTORY DUM DUM DUM DUM ESTATE KOLKATA, WEST BENGAL
Website : https://ofdumdum.kvs.ac.in/"
1228,"Aff. No. :2400034
Sch. Code:19233","State : WEST BENGAL
District : NORTH 24-PARGANA",Senior Secondary Level,"Name : PM SHRI KENDRIYA VIDYALAYA NO 2
Head/Principal Name: RAJ KUMAR","Address : SALT LAKE CITY NEAR LABONY ESTATE KOLKATA, WEST BENGAL
Website : https://no2saltlake.kvs.ac.in/"
1229,"Aff. No. :2400035
Sch. Code:19231","State : WEST BENGAL
District : NORTH 24-PARGANA",Senior Secondary Level,"Name : PM SHRI KENDRIYA VIDYALAYA NO 2
Head/Principal Name: Sandeep Kumar Shrivastva","Address : OFFICER'S COLONY KANCHARAPARA DIST 24 PARGANAS (N) WEST BENGAL
Website : https://no2kanchrapara.kvs.ac.in/"
1230,"Aff. No. :2430005
Sch. Code:15557","State : WEST BENGAL
District : NORTH 24-PARGANA",Senior Secondary Level,"Name : BHOLANANDA NATIONAL VIDYALAYA
Head/Principal Name: BIDHAN KANTI BISWAS","Address : 55-56 BARRACK ROAD BARRACKPORE 24 PARGANAS (NORTH) WEST BENGAL
Website : https://www.bholananda.org/"
1231,"Aff. No. :2430026
Sch. Code:15638","State : WEST BENGAL
District : NORTH 24-PARGANA",Senior Secondary Level,"Name : INDIRA GANDHI MEMORIAL HIGH SCHOOL
Head/Principal Name: UDAIRAJ SINGH","Address : 456 P K GUHA ROAD DUM DUM CALCUTTA
Website : http://dumdum.igmhs.org"
1232,"Aff. No. :2430020
Sch. Code:15555","State : WEST BENGAL
District : NORTH 24-PARGANA",Senior Secondary Level,"Name : BHAVAN'S GANGBUX KANORIA VIDYAMANDIR
Head/Principal Name: MONAMI CHATTOPADHYAY","Address : FA/III SALT LAKE CALCUTTA WEST BENGAL
Website : www.bhavansgkvidyamandir.edu.in"
1233,"Aff. No. :2430010
Sch. Code:15652","State : WEST BENGAL
District : NORTH 24-PARGANA",Senior Secondary Level,"Name : KHALSA MODEL SR SEC SCHOOL
Head/Principal Name: GURMEET KAUR ARJANI","Address : 135 B T ROAD DUNLOP BRIDGE CALCUTTA WEST BENGAL
Website : www.khalsaschoolkolkata.org"
1234,"Aff. No. :2430046
Sch. Code:15625","State : WEST BENGAL
District : NORTH 24-PARGANA",Senior Secondary Level,"Name : HARYANA VIDYA MANDIR
Head/Principal Name: SANGHAMITRA BANERJEE","Address : BA-193 SECTOR-1 SALT LAKE CITY CALCUTTA WEST BENGAL
Website : www.hariyanavidyamandir.org"
1235,"Aff. No. :2430053
Sch. Code:15564","State : WEST BENGAL
District : NORTH 24-PARGANA",Senior Secondary Level,"Name : BODHICARIYA SR. SECONDARY SCHOOL
Head/Principal Name: RANJITA SENGUPTA","Address : MAITREE NAGAR CHAKPACHURIYA P.O. KADAMPUKUR DISTT 24 PARGANAS(N) WEST BENGAL - 700135
Website : www.bodhicariya.org"
1236,"Aff. No. :2430035
Sch. Code:15645","State : WEST BENGAL
District : NORTH 24-PARGANA",Senior Secondary Level,"Name : KANCHRAPARA HARNETT ENGLISH MEDIUM SCHOOL
Head/Principal Name: BIKASH CHANDRA PAUL","Address : FOREMAN COLONY P.O. KANCHRAPARA, DISTT NORTH 24 PARGANA WEST BENGAL
Website : www.khems.co.in"
1237,"Aff. No. :2400015
Sch. Code:19227","State : WEST BENGAL
District : NORTH 24-PARGANA",Senior Secondary Level,"Name : PM SHRI KENDRIYA VIDYALAYA NO 1
Head/Principal Name: P DESHMUKH","Address : KANCHRAPARA P O KAMPA 24 PARGANAS (N) DISTT WEST BENGAL
Website : https://no1kanchrapara.kvs.ac.in/"
1238,"Aff. No. :2400027
Sch. Code:19224","State : WEST BENGAL
District : NORTH 24-PARGANA",Senior Secondary Level,"Name : PM SHRI KENDRIYA VIDYALAYA KANKINARA
Head/Principal Name: MANISH ROY","Address : KANIKINARA 313 M U CAMP KANIKINARA DISTT 24 PARGANAS WEST BENGAL
Website : http://kankinara.kvs.ac.in"
1239,"Aff. No. :2400011
Sch. Code:19202","State : WEST BENGAL
District : NORTH 24-PARGANA",Senior Secondary Level,"Name : KENDRIYA VIDYALAYA
Head/Principal Name: RAJIB DAS","Address : A F S BARRACKPORE P O BENGAL ENAMEL PALTA DISTT 24 PARAGANS 743122 WEST BENGAL
Website : https://afsbarrackpore.kvs.ac.in"
1240,"Aff. No. :2400012
Sch. Code:19206","State : WEST BENGAL
District : NORTH 24-PARGANA",Senior Secondary Level,"Name : PM SHRI KENDRIYA VIDYALAYA
Head/Principal Name: ASHIM NATH","Address : C/O ARMY STATION HEAD QRS P O BARRACKPE 24 PARGANAS DISTT WEST BENGAL
Website : www.armybarrackpore.kvs.ac.in"
1241,"Aff. No. :2400007
Sch. Code:19228","State : WEST BENGAL
District : NORTH 24-PARGANA",Senior Secondary Level,"Name : PM SHRI KENDRIYA VIDYALAYA NO 1
Head/Principal Name: BIDYUT BIKASH MAHATO","Address : 4 THE PARK P O ISHAPORE NAWABGANJ 24 PARGANAS (N) WEST BENGAL
Website : www.no1ishapore.kvs.ac.in"
1242,"Aff. No. :2400002
Sch. Code:19229","State : WEST BENGAL
District : NORTH 24-PARGANA",Senior Secondary Level,"Name : PM SHRI KENDRIYA VIDYALAYA NO.1
Head/Principal Name: SABIHA SHAHIN","Address : E B BLOCK SECTOR-1 SALT LAKE KOLKATA, WEST BENGAL
Website : https://no1saltlake.kvs.ac.in"
1243,"Aff. No. :2430056
Sch. Code:15551","State : WEST BENGAL
District : UTTAR DINAJPUR",Senior Secondary Level,"Name : BETHANY MISSION SCHOOL
Head/Principal Name: KABIR ALAM","Address : P.O RUPAHAR RAIGANJ DISTT UTTAR DINAJPUR WEST BENGAL
Website : http://www.bethanymission.school"
1244,"Aff. No. :2400049
Sch. Code:19199","State : WEST BENGAL
District : UTTAR DINAJPUR",Senior Secondary Level,"Name : PM SHRI KENDRIYA VIDYALAYA
Head/Principal Name: DAVENDER","Address : RAIGANJ BN BSF GOVINDPUR PO MIRUAL UTTAR DINAJPUR WEST BENGAL
Website : www.govindpurbsf.kvs.ac.in"
1245,"Aff. No. :2430110
Sch. Code:15604","State : WEST BENGAL
District : UTTAR DINAJPUR",Senior Secondary Level,"Name : DURGAPUR PUBLIC SCHOOL
Head/Principal Name: SUBHANKAR CHATTERJEE","Address : BEKIDANGA, ITAHAR, UTTAR DINAJPUR 733143 W.B.
Website : www.durgapurpublicschool.com"
1246,"Aff. No. :2430075
Sch. Code:15701","State : WEST BENGAL
District : UTTAR DINAJPUR",Senior Secondary Level,"Name : SARADA VIDYA MANDIR
Head/Principal Name: RAJBALI PAL","Address : SUDARSHANPUR RAIGANJ UTTAR DINAJPUR WEST BENGAL
Website :"
1247,"Aff. No. :2430161
Sch. Code:15633","State : WEST BENGAL
District : UTTAR DINAJPUR",Senior Secondary Level,"Name : HOLY CROSS SCHOOL
Head/Principal Name: Irine Tiru","Address : VILL. NICHITPUR, VIA. KANKI, P.O. SIMULIA, DIST UTTAR DINAJPUR, PIN CODE 733209
Website : www.holycrossnichitpur.com"
1248,"Aff. No. :2430244
Sch. Code:15575","State : WEST BENGAL
District : UTTAR DINAJPUR",Senior Secondary Level,"Name : CHOPRAJHAR GREEN VALLEY ACADEMY
Head/Principal Name: Rupendu Mallik Thakur","Address : P.O- DIMRULLA,P.S- ISLAMPUR, DIST- UTTAR DINAJPUR (WB) PIN-733202
Website : www.greenvalleyislampur.com"
1249,"Aff. No. :2430242
Sch. Code:15730","State : WEST BENGAL
District : UTTAR DINAJPUR",Senior Secondary Level,"Name : TECHNO INDIA GROUP PUBLIC SCHOOL RAIGANJ
Head/Principal Name: AVIJIT CHAKRABORTY","Address : GOBINDAPUR, KHOLSHI,RAIGANJ
Website : www.raiganj.tigps.in"
1250,"Aff. No. :2440009
Sch. Code:19173","State : WEST BENGAL
District : UTTAR DINAJPUR",Secondary Level,"Name : JAWAHAR NAVODAYA VIDYALAYA
Head/Principal Name: PAWAN KUMAR DUBEY","Address : DALKHOLA, PO JAGDISHPUR DISTT UTTAR DINAJPUR WEST BENGAL
Website : https://navodaya.gov.in/nvs/nvs-school/UttarDinajp"
1251,"Aff. No. :2430403
Sch. Code:16245","State : WEST BENGAL
District : UTTAR DINAJPUR",Secondary Level,"Name : SWAMI PRANABANANDA VIDYA MANDIR
Head/Principal Name: RAKESH BASU ROY","Address : KALIBARI, DEBINAGAR
Website : www.spvmr.in"
1252,"Aff. No. :2430463
Sch. Code:16376","State : WEST BENGAL
District : UTTAR DINAJPUR",Secondary Level,"Name : MOUNT LITERA ZEE SCHOOL
Head/Principal Name: Priyanka Saha","Address : VILLAGE MADARIPUR, PO RAMGANJ PS ISLAMPUR, DISTRICT UTTAR DINAJPUR
Website : https://www.mlzsislampur.com"
1253,"Aff. No. :2440014
Sch. Code:19181","State : WEST BENGAL
District : PURULIA",Senior Secondary Level,"Name : JAWAHAR NAVODAYA VIDAYALAYA
Head/Principal Name: RAJAN KUMAR","Address : P T T I CAMPUS P O VIVEKANAND NAGAR DISTT PURULIA WEST BENGAL
Website :"
1254,"Aff. No. :2430489
Sch. Code:16474","State : WEST BENGAL
District : PURULIA",Secondary Level,"Name : JHALDA ANGELS OF GOD SCHOOL
Head/Principal Name: MICHALE GOMES","Address : NEW BAGHMUNDI ROAD , BIRSHA MORE, WARD NO-2 JHALDA
Website : https://www.aogsjhalda.in"
1255,"Aff. No. :2430487
Sch. Code:16465","State : WEST BENGAL
District : PURULIA",Senior Secondary Level,"Name : DELHI WORLD PUBLIC SCHOOL
Head/Principal Name: Sudha Singh","Address : DAG NO 6020, DAG NO 6020, DAG NO 6020
Website : www.dwpspurulia.com"
1256,"Aff. No. :2480001
Sch. Code:19251","State : WEST BENGAL
District : PURULIA",Senior Secondary Level,"Name : SAINIK SCHOOL
Head/Principal Name: GP CAPT RAJNEESH KUMAR","Address : PURULIA P O MANGURIA PURULIA DISTT WEST BENGAL
Website : https://sainikschoolpurulia.com"
1257,"Aff. No. :2480016
Sch. Code:19247","State : WEST BENGAL
District : PURULIA",Senior Secondary Level,"Name : SOUTH EASTERN RAILWAY MIXED HIGHER SECONDARY SCHOOL ADRA
Head/Principal Name: RAJESH KUMAR","Address : ADRA, NTH SETTLEMENT, NEAR SERSA STADIUM, PO ADRA, DISTT. PURULIA, WEST BENGAL
Website : www.sermhssadra.com"
1258,"Aff. No. :2480017
Sch. Code:19246","State : WEST BENGAL
District : PURULIA",Secondary Level,"Name : SOUTH EAST RAILWAY BOYS HIGHER SEC. SCHOOL
Head/Principal Name: PRABIR KUMAR VISHWAS","Address : ADRA, PO ADRA DISTT. PURULIA, WEST BENGAL
Website :"
1259,"Aff. No. :2430257
Sch. Code:15761","State : WEST BENGAL
District : PURULIA",Secondary Level,"Name : DAV PUBLIC SCHOOL
Head/Principal Name: AJOY CHAKRABORTY","Address : DCW-ACC, MADHUKUNDA ACC COLONY, PO - SUNURI,
Website : www.davpsmadhukunda.in"
1260,"Aff. No. :2430246
Sch. Code:15609","State : WEST BENGAL
District : PURULIA",Senior Secondary Level,"Name : FILIX SCHOOL OF EDUCATION (AN EDUCATIONAL PROJECT OF NANRITAM)
Head/Principal Name: VIKASH KUMAR PARIDHARIA","Address : VILLAGE - BARANDANGA POST & BLOCK - PARA DISTRICT - PURILIA
Website : http://www.filixschool.com"
1261,"Aff. No. :2430390
Sch. Code:16218","State : WEST BENGAL
District : PURULIA",Senior Secondary Level,"Name : GARH PANCHAKOT INTERNATIONAL SCHOOL
Head/Principal Name: RAJ PAULSON SHEKHAR","Address : P.O. NETURIA,, P.S. NETURIA,
Website : www.gpischoolpurulia.com"
1262,"Aff. No. :2430147
Sch. Code:15547","State : WEST BENGAL
District : PURULIA",Senior Secondary Level,"Name : B.S.S. CENTRAL PUBLIC SCHOOL
Head/Principal Name: Prosenjit Roy","Address : WILL COX RD, BELGUMA, CHAKDAH, PURULIA, WEST BENGAL 723101
Website : www.bsscps.org"
1263,"Aff. No. :2430143
Sch. Code:15535","State : WEST BENGAL
District : PURULIA",Senior Secondary Level,"Name : AGPN CONVENT & EKLABYA RESIDENTIAL SCHOOL
Head/Principal Name: KRISHNENDU CHATTERJEE","Address : CHAKDA,P.S. MAFASSAL PO.& DIST. PURULIA (W.B)
Website : www.agpnconventerschool.in"
1264,"Aff. No. :2430133
Sch. Code:15580","State : WEST BENGAL
District : PURULIA",Senior Secondary Level,"Name : DEVI SUSHILA KHEDIA DAV PUBLIC SCHOOL,
Head/Principal Name: JAYANTA BISWAS","Address : PO-SIMULIA, DIST-PURULIA, PIN-723101
Website : www.dskdavpurulia.org"
1265,"Aff. No. :2430033
Sch. Code:15736","State : WEST BENGAL
District : PURULIA",Senior Secondary Level,"Name : THE ASSEMBLY OF GOD CHURCH SCHOOL
Head/Principal Name: CLAYTON FRANCIS","Address : RANCHI ROAD P.O. & DISTT PURULIA WEST BENGAL
Website : https://agcschools.edu.in/purulia/"
1266,"Aff. No. :2430039
Sch. Code:15613","State : WEST BENGAL
District : PURULIA",Senior Secondary Level,"Name : GOBIND RAM KATARUKA DAV PUBLIC SCHOOL
Head/Principal Name: NEELKAMAL SINHA","Address : P.O. NADIARA DISTT PURULIA WEST BENGAL
Website : www.grkpublicschoolpurulia.org"
1267,"Aff. No. :2400014
Sch. Code:19201","State : WEST BENGAL
District : PURULIA",Senior Secondary Level,"Name : PM SHRI KENDRIYA VIDYALAYA
Head/Principal Name: KAPIL SEHGAL","Address : ADRA P O ADRA PURULIA DISTT WEST BENGAL
Website : https://adra.kvs.ac.in/"
1268,"Aff. No. :2400021
Sch. Code:19221","State : WEST BENGAL
District : SOUTH 24-PARGANA",Senior Secondary Level,"Name : PM SHRI KENDRIYA VIDYALAYA
Head/Principal Name: MOHAN LAL LOHAR","Address : INDIAN INSTITUTE OF MANAGEMENT JOKA DIMOND HARBOUR RD PO JOKA KOLKATA, WEST BENGAL
Website : www.iimjoka.kvs.ac.in"
1269,"Aff. No. :2430004
Sch. Code:15546","State : WEST BENGAL
District : SOUTH 24-PARGANA",Senior Secondary Level,"Name : B D M INTERNATIONAL
Head/Principal Name: MADHUMITA SENGUPTA","Address : PRATAPGARH PO NARENDRAPUR KOLKATA WEST BENGAL
Website : www.bdmi.org"
1270,"Aff. No. :2430134
Sch. Code:15734","State : WEST BENGAL
District : SOUTH 24-PARGANA",Senior Secondary Level,"Name : TECHNO INDIA GROUP PUBLIC SCHOOL, GARIA
Head/Principal Name: TANIA SEN","Address : TECHNO CITY, PANCHPOTA, GARIA, DISTT SOUTH 24-PARGANA, WEST BENGAL
Website : https://tigpsgaria.edu.in/"
1271,"Aff. No. :2430097
Sch. Code:15610","State : WEST BENGAL
District : SOUTH 24-PARGANA",Senior Secondary Level,"Name : FUTURE CAMPUS SCHOOL
Head/Principal Name: PARTHA PRADIP PANJA","Address : SONARPUR STATION ROAD, DISTT KOLKATA, WEST BENGAL
Website : http://sonarpur.futurecampusschool.in/"
1272,"Aff. No. :2430148
Sch. Code:15611","State : WEST BENGAL
District : SOUTH 24-PARGANA",Senior Secondary Level,"Name : FUTURE GEMS ACADEMY
Head/Principal Name: SASWATI CHATTOPADHYAY","Address : VILL-SANJUA, PO-BAKHRAHAT, DIST 24 PGS (S), PIN-743377
Website : www.futuregemsacademy.in"
1273,"Aff. No. :2430193
Sch. Code:15549","State : WEST BENGAL
District : SOUTH 24-PARGANA",Senior Secondary Level,"Name : B.B.I.T PUBLIC SCHOOL
Head/Principal Name: SANCHITA ROY","Address : NISCHINTAPUR, BUDGE BUDGE,
Website : www.bbitpublicschool.com"
1274,"Aff. No. :2430198
Sch. Code:15597","State : WEST BENGAL
District : SOUTH 24-PARGANA",Senior Secondary Level,"Name : DELHI PUBLIC SCHOOL
Head/Principal Name: WRITUPARNA CHATTERJEE","Address : BAKHRAHAT ROAD, GAZIPUR, KEYATALAHAT,PO.KANGANBERIA, SOUTH 24 PGS
Website : www.dpsjoka.com"
1275,"Aff. No. :2430170
Sch. Code:15644","State : WEST BENGAL
District : SOUTH 24-PARGANA",Senior Secondary Level,"Name : JYOTIRMOY PUBLIC SCHOOL
Head/Principal Name: SUSHANT DAS","Address : JYOTIRMOY KNOWLEDGE PARK, TEMATHA, KALIKAPUR P.S SONARPUR
Website : http://www.jpsedu.in/"
1276,"Aff. No. :2430396
Sch. Code:16227","State : WEST BENGAL
District : SOUTH 24-PARGANA",Secondary Level,"Name : BISHOP GEORGE MISSION SCHOOL
Head/Principal Name: JOYITA DUTTA","Address : PO B-GOBINDOPUR, GHATAKPUKUR
Website : www.bgms.in"
1277,"Aff. No. :2430398
Sch. Code:16230","State : WEST BENGAL
District : SOUTH 24-PARGANA",Senior Secondary Level,"Name : ANNIE BESANT DAY SCHOOL
Head/Principal Name: ARUNANSU BERA","Address : DISTRICT- SOUTH 24 PARGANAS, PIN- 743368
Website : www.anniebesantdayschool.in"
1278,"Aff. No. :2430361
Sch. Code:16139","State : WEST BENGAL
District : SOUTH 24-PARGANA",Senior Secondary Level,"Name : SILVER POINT SCHOOL
Head/Principal Name: SUCHARITA ROYCHOWDHURY","Address : 31/1 N C CHOWDHURY ROAD, KOLKATA-700042, 31/1 N C CHOWDHURY ROAD, KOLKATA-700042
Website : www.silverpointschool.org"
1279,"Aff. No. :2430371
Sch. Code:16171","State : WEST BENGAL
District : SOUTH 24-PARGANA",Senior Secondary Level,"Name : BIRLA HIGH SCHOOL - MUKUNDAPUR
Head/Principal Name: JESSICA GOMES SURANA","Address : MUKUNDAPUR, PURBA JADAVPUR
Website : https://bhsmukundapur.ac.in"
1280,"Aff. No. :2430378
Sch. Code:16194","State : WEST BENGAL
District : SOUTH 24-PARGANA",Senior Secondary Level,"Name : SWARNIM INTERNATIONAL SCHOOL
Head/Principal Name: RUMJHUMI BISWAS","Address : KODALIA, KOLKATA - 700146
Website : www.swarniminternational.in"
1281,"Aff. No. :2430380
Sch. Code:16200","State : WEST BENGAL
District : SOUTH 24-PARGANA",Secondary Level,"Name : SGS INTERNATIONAL SCHOOL
Head/Principal Name: DEWPHA MUKHERJEE PATRA","Address : PO- SOUTH RAMNAGAR, DIST-SOUTH 24 PARGANAS
Website : www.sgsinternational.org"
1282,"Aff. No. :2430277
Sch. Code:15925","State : WEST BENGAL
District : SOUTH 24-PARGANA",Senior Secondary Level,"Name : VSSU INTERNATIONAL SCHOOL
Head/Principal Name: CLEMENT RUDOLPH LAKRA","Address : ULLON , ASHOK NILAY CAMPUS, PS MANDIR BAZAR, SUBDIVISION DIAMOND HARBOUR, PIN 743336
Website : www.vssuschool.in"
1283,"Aff. No. :2430280
Sch. Code:15929","State : WEST BENGAL
District : SOUTH 24-PARGANA",Secondary Level,"Name : ZENITH WORLD SCHOOL
Head/Principal Name: ARPITA BHATTACHARYA","Address : SULTANPUR, DIAMOND HARBOUR,
Website : https://zenithworldschool.com/"
1284,"Aff. No. :2430281
Sch. Code:15939","State : WEST BENGAL
District : SOUTH 24-PARGANA",Senior Secondary Level,"Name : THE SUMMIT SCHOOL
Head/Principal Name: Lipika Banerjee","Address : 118 R.N BHATTACHARYA ROAD, KODALIA KADAMTALA, KOLKATA 700146
Website : www.thesummitschool.in"
1285,"Aff. No. :2430355
Sch. Code:16118","State : WEST BENGAL
District : SOUTH 24-PARGANA",Senior Secondary Level,"Name : DIVYA ARYA VIDYA PUBLIC SCHOOL, BISHNUPUR
Head/Principal Name: RAMA CHAKRABORTY","Address : P.O & P.S - BISHNUPUR, 24PGS(S)
Website : www.davbishnupur.com"
1286,"Aff. No. :2430304
Sch. Code:16064","State : WEST BENGAL
District : SOUTH 24-PARGANA",Secondary Level,"Name : DELHI PUBLIC HIGH SCHOOL KNOWLEDGE CITY
Head/Principal Name: MD ABDUR ROB","Address : HAYAT NAGAR RAJARHAT, DIAMOND HARBOUR ROAD, POST OFFICE: SIRAKOLE,POLICE STATION: USTHI, HAYATNAGAR, WEST BENGAL-743513
Website : www.dphsknowledgecity.com"
1287,"Aff. No. :2430272
Sch. Code:15913","State : WEST BENGAL
District : SOUTH 24-PARGANA",Senior Secondary Level,"Name : SHRI SANTOSHI MAA ACADEMY
Head/Principal Name: SUSMITA PAL","Address : KALAGACHIA , KHALPAR THAKURPUKUR.
Website : http://www.ssmacademy.org/"
1288,"Aff. No. :2430220
Sch. Code:15666","State : WEST BENGAL
District : SOUTH 24-PARGANA",Senior Secondary Level,"Name : SAINI INTERNATIONAL SCHOOL MAHESHTALA
Head/Principal Name: Diya Das","Address : D3-49/2, NEW SHIBTALA ROAD BYE LANE-1, BENIRPOLE, DAKGHAR, MAHESHTALA
Website : www.sismaheshtala.com"
1289,"Aff. No. :2430204
Sch. Code:15742","State : WEST BENGAL
District : SOUTH 24-PARGANA",Senior Secondary Level,"Name : THE NEWTOWN SCHOOL
Head/Principal Name: Satabdi Bhattacharjee","Address : PREMISES #01-279, PLOT # DD 257, ACTION AREA 1, NEWTOWN
Website : http://www.thenewtownschool.org"
1290,"Aff. No. :2430207
Sch. Code:15668","State : WEST BENGAL
District : SOUTH 24-PARGANA",Senior Secondary Level,"Name : BIHANI ACADEMY
Head/Principal Name: Sanjay Adhya","Address : DIAMOND HARBOUR ROAD, KHARIBERIA, 24 PARGANAS (SOUTH)
Website : www.bihaniacademy.com"
1291,"Aff. No. :2430233
Sch. Code:15718","State : WEST BENGAL
District : SOUTH 24-PARGANA",Senior Secondary Level,"Name : ST. MONTFORTS SENIOR SECONDARY SCHOOL
Head/Principal Name: VADICHERLA JAYAPAL REDDY","Address : BALARAMPUR, P O MADARAT, P S BARUIPUR
Website : www.montfortkolkata.in"
1292,"Aff. No. :2440016
Sch. Code:19184","State : WEST BENGAL
District : SOUTH 24-PARGANA",Secondary Level,"Name : JAWAHAR NAVODAYA VIDYALAYA
Head/Principal Name: RAMESH KUMAR SARRAF","Address : ASHOK NILAY COMPLEX, ULLON, LAKSHMIKANTAPUR, P.O. RAMLOCHANPUR, DISTT 24 PARGANA(S), WEST BENGAL-743336
Website :"
1293,"Aff. No. :2440018
Sch. Code:19187","State : WEST BENGAL
District : SOUTH 24-PARGANA",Senior Secondary Level,"Name : JAWAHAR NAVODAYA VIDYALAYA-II
Head/Principal Name: BABU LAL YADAV","Address : PO & PS JIVANTALA,SARENGAVAD(JS BADI), DISTT- SOUTH 24 PARGANAS, WEST BENGAL
Website : https://navodaya.gov.in/nvs/nvs-school/SOUTH24PARGANAS-2/en/"
1294,"Aff. No. :2430490
Sch. Code:16480","State : WEST BENGAL
District : SOUTH 24-PARGANA",Senior Secondary Level,"Name : ST. JOHN HIGH SCHOOL(CO-ED)
Head/Principal Name: DURGADAS RAKSHIT","Address : USTHI ROAD PYAJGUNJ MORE , USTHI ROAD PYAJGUNJ MORE , USTHI ROAD PYAJGUNJ MORE
Website : https://stjohnhighschool.org"
1295,"Aff. No. :2430442
Sch. Code:16331","State : WEST BENGAL
District : SOUTH 24-PARGANA",Secondary Level,"Name : HOLY ANGEL ACADEMY
Head/Principal Name: SUKHWINDER KAUR TIRUWA","Address : JOYNAGAR-I, BARUIPUR, SOUTH TWENTY FOUR PARGANAS
Website : http://holyangelacademy.in"
1296,"Aff. No. :2430443
Sch. Code:16332","State : WEST BENGAL
District : SOUTH 24-PARGANA",Senior Secondary Level,"Name : DELHI WORLD PUBLIC SCHOOL
Head/Principal Name: DR. ROMILI SEN","Address : 217,VIVEKANANDA SARANI, MOUZA ELAICHI, WARD NO. 26, J.L. NO. 70, BARUIPUR F.S.,SONARPUR
Website : https://www.dwpskolkata.in/"
1297,"Aff. No. :2430451
Sch. Code:16351","State : WEST BENGAL
District : SOUTH 24-PARGANA",Secondary Level,"Name : ST. GREGORIOS SCHOOL
Head/Principal Name: ASWIN SANJU JOHN","Address : HANSPUKUR, B.H.ROAD,, GREEN PARK, P.O. JOKA
Website : www.sgskolkata.com"
1298,"Aff. No. :2430404
Sch. Code:16246","State : WEST BENGAL
District : SOUTH 24-PARGANA",Senior Secondary Level,"Name : NARAYANA SCHOOL, SONARPUR
Head/Principal Name: DR MUNMUN NATH","Address : MALIKAPUR, RAJPUR-SONARPUR MUNICIPALITY
Website : https://www.narayanaschools.in/westbengal/sonarpur"
1299,"Aff. No. :2430433
Sch. Code:16314","State : WEST BENGAL
District : SOUTH 24-PARGANA",Senior Secondary Level,"Name : NEW VISTA ACADEMY
Head/Principal Name: KAVITA RAI","Address : MOUZA- SHIBRAMPORE,, ASHUTI- 2 GRAM PANCHAYET,, P.S. - MAHESHTALA
Website : http://www.newvistaacademy.org"
1300,"Aff. No. :2430430
Sch. Code:16307","State : WEST BENGAL
District : SOUTH 24-PARGANA",Secondary Level,"Name : J.C. MEMORIAL INTERNATIONAL SCHOOL
Head/Principal Name: SUDIPTA PAHARI","Address : VILLAGE - NARAHARIPUR, POST OFFICE - SAGAR KRISHNA NAGAR, POLICE STATION - SAGAR
Website : http://www.jcmis.in"
1301,"Aff. No. :2430423
Sch. Code:16287","State : WEST BENGAL
District : SOUTH 24-PARGANA",Senior Secondary Level,"Name : DELHI PUBLIC INTERNATIONAL SCHOOL CHATTA
Head/Principal Name: ARLAND PETER TAGORE","Address : VILL+P.O CHATTA,, KALIKAPUR, P.S,MAHESHTALA
Website : www.dpischatta.com"
1302,"Aff. No. :2430402
Sch. Code:16238","State : WEST BENGAL
District : ALIPURDUAR",Secondary Level,"Name : TECHNO INDIA GROUP PUBLIC SCHOOL
Head/Principal Name: NILOY MANDAL","Address : BHUTNIRGHAT, FALAKATA
Website : https://falakata.tigps.in/"
1303,"Aff. No. :2440007
Sch. Code:19177","State : WEST BENGAL
District : ALIPURDUAR",Senior Secondary Level,"Name : JAWAHAR NAVODAYA VIDYALAYA
Head/Principal Name: DEVENDRA KUMAR TIWARY","Address : BAROBISHA JAALPAIGURI, WEST BENGAL
Website : https://navodaya.gov.in/nvs/nvs-school/ALIPURDUAR/en/home/"
1304,"Aff. No. :2480003
Sch. Code:19148","State : WEST BENGAL
District : ALIPURDUAR",Senior Secondary Level,"Name : AIR FORCE SCHOOL
Head/Principal Name: M K Bhagat","Address : NO 16 WING A F HASIMARA DISTT JALPAIGURI C/O 99 A P O WEST BENGAL
Website : www.afschoolhasimara.com"
1305,"Aff. No. :2480020
Sch. Code:19248","State : WEST BENGAL
District : ALIPURDUAR",Senior Secondary Level,"Name : RAILWAY HIGHER SECONDARY SCHOOL
Head/Principal Name: DULAL CHANDRA MAHATA","Address : N.F. RAILWAY, ALIPUR DUAR, JUNCTION, DIST-ALIPUR DUAR, WEST BENGAL
Website : https://railwayhsschoolapdj.com"
1306,"Aff. No. :2430215
Sch. Code:15685","State : WEST BENGAL
District : ALIPURDUAR",Senior Secondary Level,"Name : OPEN TRUTH ENGLISH MEDIUM SCHOOL
Head/Principal Name: KALPANA SHARMA","Address : VILL-PURBA CHAKCHAKA, PO-BAROBISA, DISTT. JALPAIGURI, PIN-736201
Website : www.opentruthems.com"
1307,"Aff. No. :2430299
Sch. Code:16050","State : WEST BENGAL
District : ALIPURDUAR",Senior Secondary Level,"Name : TECHNO INDIA GROUP PUBLIC SCHOOL, ALIPURDUAR
Head/Principal Name: MILI MITRA","Address : TAPSHIKHATA, NEAR PARARPAR GRAM PANCHAYET, ALIPURDUAR
Website : https://alipurduar.tigps.in/"
1308,"Aff. No. :2430291
Sch. Code:16017","State : WEST BENGAL
District : ALIPURDUAR",Senior Secondary Level,"Name : DELHI PUBLIC SCHOOL
Head/Principal Name: NAVEEN KATWAL","Address : P.O: ETHELBARI
Website : www.dpsdooars.com"
1309,"Aff. No. :2430377
Sch. Code:16191","State : WEST BENGAL
District : ALIPURDUAR",Senior Secondary Level,"Name : RATAN BISWAS MEMORIAL SCHOOL
Head/Principal Name: SANJAY LAMA","Address : VILLAGE MUNSHIPARA, PO SALKUMARHAT
Website : www.rbmschool.in"
1310,"Aff. No. :2430362
Sch. Code:16146","State : WEST BENGAL
District : ALIPURDUAR",Secondary Level,"Name : MORNING STAR MODEL SCHOOL
Head/Principal Name: PIJUSH CHANDRA PAUL","Address : DIST. ALIPURDUAR, STATE. WEST BENGAL, PIN- 735216
Website : http://msms.org.in"
1311,"Aff. No. :2430173
Sch. Code:15715","State : WEST BENGAL
District : ALIPURDUAR",Senior Secondary Level,"Name : ST. FRANCIS ACADEMY
Head/Principal Name: BRO. EMMANUEL T.J","Address : VILL. AND P.O. -MADARIHAT DISTT JALPAIGURI PIN- 735220
Website : www.stfrancisacademymdt.com"
1312,"Aff. No. :2430078
Sch. Code:15657","State : WEST BENGAL
District : ALIPURDUAR",Senior Secondary Level,"Name : LITTLE FLOWERS ENG SCHOOL
Head/Principal Name: Sukla Dam","Address : PARARPAR ALIPURDUAR DISTT JALPAIGURI WEST BENGAL
Website : www.littleflowersapd.com"
1313,"Aff. No. :2430041
Sch. Code:15693","State : WEST BENGAL
District : ALIPURDUAR",Senior Secondary Level,"Name : S H M D SCHOOL
Head/Principal Name: PRAKASH KUMAR SAMAL","Address : NEW MARKET JAIGAON P.O. JAIGAON DISTT JALPAIGURI WEST BENGAL
Website : www.shmdschool.edu.in"
1314,"Aff. No. :2400043
Sch. Code:19196","State : WEST BENGAL
District : ALIPURDUAR",Senior Secondary Level,"Name : PM SHRI KENDRIYA VIDYALAYA
Head/Principal Name: SATISH CHANDRA JHA","Address : ALIPURDUAR JUNCTION DT. JALPAIGURI WEST BENGAL
Website : https://alipurduar.kvs.ac.in/"
1315,"Aff. No. :2400008
Sch. Code:19234","State : WEST BENGAL
District : ALIPURDUAR",Senior Secondary Level,"Name : PM SHRI KENDRIYA VIDYALAYA HASIMARA
Head/Principal Name: RAKESH KUMAR","Address : HASIMARA PO HASIMARA JALPAIGURI DISTT WEST BENGAL
Website : http://hasimara.kvs.ac.in/"
1316,"Aff. No. :2400051
Sch. Code:19190","State : WEST BENGAL
District : DAKSHIN DINAJPUR",Senior Secondary Level,"Name : PM SHRI KENDRIYA VIDYALAYA BALURGHAT
Head/Principal Name: S SREENIVASA RAJA","Address : BALURGHAT, P.O. AMRITAKHANDA HAT, DISTT. DAKSHIN DINAJPUR, WEST BENGAL
Website : https://balurghat.kvs.ac.in"
1317,"Aff. No. :2430011
Sch. Code:15544","State : WEST BENGAL
District : DAKSHIN DINAJPUR",Senior Secondary Level,"Name : THE ATREYEE DAV PUBLIC SCHOOL
Head/Principal Name: SANDIP SARKAR","Address : SOUTH DINAJPUR DISTT WEST BENGAL
Website : https://davbalurghat.in"
1318,"Aff. No. :2430162
Sch. Code:15731","State : WEST BENGAL
District : DAKSHIN DINAJPUR",Senior Secondary Level,"Name : TECHNO INDIA GROUP PUBLIC SCHOOL
Head/Principal Name: SHUBHRAJYOTI SINHA","Address : NEAR DISTRICT JAIL, MONGALPUR, P.O: BELTALA PARK, BALURGHAT, SOUTH DINAJPUR, WEST BENGAL PIN-733103
Website : www.tigpsbalurghat.org"
1319,"Aff. No. :2430222
Sch. Code:15574","State : WEST BENGAL
District : DAKSHIN DINAJPUR",Senior Secondary Level,"Name : CHITTARANJAN ENGLISH MEDIUM SCHOOL
Head/Principal Name: SHYAMAL KUMAR GOPE","Address : C.R PALLY,GANGARAMPUR,
Website : www.chittaranjanemschool.in"
1320,"Aff. No. :2440017
Sch. Code:19185","State : WEST BENGAL
District : DAKSHIN DINAJPUR",Senior Secondary Level,"Name : JAWAHAR NAVODAYA VIDYALAYA
Head/Principal Name: SANDIP DUTTA","Address : BALURGHAT,DISTT. DAKSHIN DINJPUR, WEST BENGAL
Website : https://www.navodaya.gov.in/nvs/nvs-school/Dakshin"
1321,"Aff. No. :2430459
Sch. Code:16372","State : WEST BENGAL
District : JHARGRAM",Senior Secondary Level,"Name : VED VYAS VIDYAPITH
Head/Principal Name: AKHIN V P","Address : DAHAMUNDA , KORTIA, GOPIBALLAVPUR
Website : www.vedvyasvidyapith.org"
1322,"Aff. No. :2430305
Sch. Code:16067","State : WEST BENGAL
District : JHARGRAM",Senior Secondary Level,"Name : WEST END HIGH SCHOOL
Head/Principal Name: SMITA DAS BHOUMIK","Address : BANDARBHULA, OLD JHARGRAM, JHARGRAM, 721507
Website : http://westendhighschool.com"
1323,"Aff. No. :2430006
Sch. Code:15559","State : WEST BENGAL
District : JHARGRAM",Secondary Level,"Name : BIKASH BHARATI BLOOMS DAY SCHOOL
Head/Principal Name: SWAPAN KUMAR HATUI","Address : P O GHURHSALBONI JHARGRAM P S JHARGRAM MIDNAPUR DISTT WEST BENGAL
Website : www.bbbds.in"
1324,"Aff. No. :2430050
Sch. Code:15646","State : WEST BENGAL
District : KALIMPONG",Senior Secondary Level,"Name : KAMAL JYOTI VIDYAPEETH
Head/Principal Name: STUTI BHANDARI","Address : EAST MAIN ROAD KALIMPONG DIST.DARJEELING WEST BENGAL
Website : www.kamaljyotividhyapeeth.com"
1325,"Aff. No. :2400030
Sch. Code:19223","State : WEST BENGAL
District : KALIMPONG",Senior Secondary Level,"Name : KENDRIYA VIDYALAYA
Head/Principal Name: VIJENDRA KUMAR","Address : KENDRIYA VIDYALAYA KALIMPONG, EAST MAIN ROAD, KAIMPONG, NEAR 179 MILITARY HOSPITAL
Website : www.kalimpong.kvs.ac.in"
1326,"Aff. No. :2430247
Sch. Code:15722","State : WEST BENGAL
District : KALIMPONG",Secondary Level,"Name : ST. MARYS SCHOOL
Head/Principal Name: DEOBRATA GHIMIRAY","Address : 17TH MILE PAIYONG P.O.ALGARAH KALIMPONG
Website : http://www.stmarysschoolalgarah.com"
1327,"Aff. No. :2430444
Sch. Code:16333","State : WEST BENGAL
District : KALIMPONG",Senior Secondary Level,"Name : NARAYANA SCHOOL KALIMPONG
Head/Principal Name: PRATAP THAPA","Address : DR. B.L. DIXIT ROAD, KALIMPONG, P.O. KALIMPONG, P.S. KALIMPONG, SILIGURI
Website : www.narayanaschools.in/west-bengal/kalimpong"
1328,"Aff. No. :2480012
Sch. Code:19157","State : WEST BENGAL
District : KALIMPONG",Secondary Level,"Name : ARMY PUBLIC SCHOOL
Head/Principal Name: SHOVA PRADHAN","Address : KALIMPONG DURBIN DARA PO KALIMPONG DARJEELING WEST BENGAL
Website : www.apskalimpong.org"
1329,"Aff. No. :2490002
Sch. Code:19163","State : WEST BENGAL
District : KALIMPONG",Senior Secondary Level,"Name : CENTRAL SCHOOL FOR TIBETANS
Head/Principal Name: Dawa Dorjee","Address : P O TOPKHANA, 11TH MILE, KALIMPONG DISTT. DARJEELING WEST BENGAL
Website : www.stskalimpong.in"
1330,"Aff. No. :2480101
Sch. Code:19357","State : WEST BENGAL
District : PASCHIM BARDHAMAN",Senior Secondary Level,"Name : EASTERN RAILWAY HIGHER SECONDARY SCHOOL
Head/Principal Name: TAPASI MAJUMDER","Address : ASANSOL, NEAR ASANSOL HEAD POST OFFICE
Website : www.erhssasansol.in"
1331,"Aff. No. :2480023
Sch. Code:19167","State : WEST BENGAL
District : PASCHIM BARDHAMAN",Secondary Level,"Name : EASTERN RAILWAY HIGH SCHOOL,
Head/Principal Name: ROHIN CHANDRA SING","Address : TRAFFIC COLONY, P.O. ANDAL, DISTT. PASCHIM BARDHAMAN STATE- WEST BENGAL- 713 321.
Website : www.erhsandal.in"
1332,"Aff. No. :2480018
Sch. Code:19165","State : WEST BENGAL
District : PASCHIM BARDHAMAN",Senior Secondary Level,"Name : DESHBANDU VIDYALAYA (BOYS)
Head/Principal Name: BAIDYANATH ORANG","Address : CHITRANJAN DISTT BURDWAN WEST BENGAL
Website : www.dvbhm.co.in"
1333,"Aff. No. :2480019
Sch. Code:19166","State : WEST BENGAL
District : PASCHIM BARDHAMAN",Senior Secondary Level,"Name : DESHBANDHU VIDYALAYA (GIRLS)
Head/Principal Name: TAPAN KUMAR MONDAL","Address : C.L.W CHITTARANJAN DISTT BURDWAN WEST BENGAL
Website : www.dvghm.co.in"
1334,"Aff. No. :2440002
Sch. Code:19175","State : WEST BENGAL
District : PASCHIM BARDHAMAN",Senior Secondary Level,"Name : JAWAHAR NAVODAYA VIDYALAYA
Head/Principal Name: JAYANTA KR MAHAPATRA","Address : SAHID VINAY BADAL DINESH SARANI, BIDHANNAGAR, SECTOR-2A, DURGAPUR-713212 W.B.
Website : https://navodaya.gov.in/nvs/nvs-school/Burdwan/en/"
1335,"Aff. No. :2430477
Sch. Code:16404","State : WEST BENGAL
District : PASCHIM BARDHAMAN",Secondary Level,"Name : SRI SRI ACADEMY
Head/Principal Name: Mousumi Banerjee","Address : 1002, IISCO BYPASS ROAD, BEJDIH,P.O- BEJDIH, ASANSOL
Website : https://asansol.ssa.org.in/"
1336,"Aff. No. :2430447
Sch. Code:16343","State : WEST BENGAL
District : PASCHIM BARDHAMAN",Senior Secondary Level,"Name : SWAMI VIVEKANANDA INTERNATIONAL SCHOOL
Head/Principal Name: SANCHITA MUKHERJEE","Address : ANDAL MORE, UKHRA ROAD, P .O ANDAL
Website : https://www.svisandal.org"
1337,"Aff. No. :2430456
Sch. Code:16364","State : WEST BENGAL
District : PASCHIM BARDHAMAN",Secondary Level,"Name : ST STEPHENS PUBLIC SCHOOL
Head/Principal Name: SHOMITA BOSE GHOSH","Address : TILIPARA, UKHRA, UKHRA
Website : http://ststephenspublicschool.in"
1338,"Aff. No. :2430458
Sch. Code:16369","State : WEST BENGAL
District : PASCHIM BARDHAMAN",Senior Secondary Level,"Name : BURNPUR RIVERSIDE SCHOOL
Head/Principal Name: JHUMA GAYEN","Address : ASANSOL, KALYANPUR SATELLITE TOWNSHIP PROJECT, PASCHIM BARDHAMAN
Website : www.brsasansol.com"
1339,"Aff. No. :2430461
Sch. Code:16374","State : WEST BENGAL
District : PASCHIM BARDHAMAN",Secondary Level,"Name : HEM SHEELA MODEL SCHOOL DHANDABAG
Head/Principal Name: BIJAYA DUTTA","Address : RABINDRA PALLY, DHANDABAG, DURGAPUR, WEST BENGAL
Website : https://www.hsmsdhandabag.com/"
1340,"Aff. No. :2430408
Sch. Code:16251","State : WEST BENGAL
District : PASCHIM BARDHAMAN",Middle Class,"Name : DURGAPUR PUBLIC SCHOOL (BLOOMING BUDS)
Head/Principal Name: SAMAPIKA KUNDU","Address : BIDHAN NAGAR, DURGAPUR-713212, PASCHIM BARDHAMAN
Website : www.dpsbloomingbuds.com"
1341,"Aff. No. :2430405
Sch. Code:16248","State : WEST BENGAL
District : PASCHIM BARDHAMAN",Senior Secondary Level,"Name : DAV MODEL SCHOOL SANKARPUR
Head/Principal Name: BARNALI CHATTOPADHYAY","Address : PS NEW TOWNSHIP, DURGAPUR 713212
Website : https://davmodelskp.org"
1342,"Aff. No. :2430406
Sch. Code:16249","State : WEST BENGAL
District : PASCHIM BARDHAMAN",Senior Secondary Level,"Name : BLOSSOMING ANGELS UNITED SCHOOL
Head/Principal Name: MONIMALA MUKHERJEE","Address : VILLAGE AND POST - PANDAVESWAR, POLICE STATION - PANAVESWAR
Website : www.baus.in"
1343,"Aff. No. :2430417
Sch. Code:16275","State : WEST BENGAL
District : PASCHIM BARDHAMAN",Senior Secondary Level,"Name : ODM INTERNATIONAL SCHOOL
Head/Principal Name: AJAY KUMAR CHOUHAN","Address : WARD NO 32 SOUTH GRAND TRUNK RD, PALASDIHA , DURGAPUR
Website : www.odminternationalschool.org"
1344,"Aff. No. :2430426
Sch. Code:16293","State : WEST BENGAL
District : PASCHIM BARDHAMAN",Secondary Level,"Name : SKYCITY INTERNATIONAL SCHOOL
Head/Principal Name: DEBOSHREE BOSE","Address : THANA ROAD LAST, NEAR SINGARAN RIVER, ANDAL
Website : www.skycityints.com"
1345,"Aff. No. :2430258
Sch. Code:15763","State : WEST BENGAL
District : PASCHIM BARDHAMAN",Senior Secondary Level,"Name : NARAYANA SCHOOL
Head/Principal Name: APARNA MUKHERJEE","Address : KALYANPUR SATELLITE TOWNSHIP, ASANSOL, PACHIM, BURDHAMAN-713305
Website : https://www.narayanaschools.in/westbengal/asansol"
1346,"Aff. No. :2430245
Sch. Code:15573","State : WEST BENGAL
District : PASCHIM BARDHAMAN",Senior Secondary Level,"Name : CHANDA SOUTH END MODEL SCHOOL
Head/Principal Name: ARCHANA CHOUBEY","Address : NH2 CHANDA,P.O. KALIPAHARI,P.S.-JAMURIA, DIST-BURDWAN(W.B)PIN-713339
Website : www.csemsschoolasansol.com"
1347,"Aff. No. :2430237
Sch. Code:15550","State : WEST BENGAL
District : PASCHIM BARDHAMAN",Senior Secondary Level,"Name : BEACHWOOD SCHOOL
Head/Principal Name: SHOBHA THAKUR","Address : SATYAJIT RAY SARANI, CITY CENTRE, DURGAPUR, WEST BENGAL
Website : www.beachwoodschool.net"
1348,"Aff. No. :2430260
Sch. Code:15775","State : WEST BENGAL
District : PASCHIM BARDHAMAN",Senior Secondary Level,"Name : ST. XAVIERS HIGH SCHOOL
Head/Principal Name: DR. BISWAJIT GANAI","Address : PALASHDIHA, CITY CENTRE, PHASE-II, DURGAPUR-713208 DURGAPUR WEST BENGAL ,DURGAPUR , 713208
Website : www.stxaviersdgp.in"
1349,"Aff. No. :2430262
Sch. Code:15881","State : WEST BENGAL
District : PASCHIM BARDHAMAN",Senior Secondary Level,"Name : NARAYANA SCHOOL DURGAPUR
Head/Principal Name: MD ANWAR AHMED","Address : SECTOR 2B, BIDHAN NAGAR, DURGAPUR-713212
Website : http://www.narayanawestbengal.com"
1350,"Aff. No. :2430228
Sch. Code:15713","State : WEST BENGAL
District : PASCHIM BARDHAMAN",Senior Secondary Level,"Name : SRIHARI GLOBAL SCHOOL
Head/Principal Name: Rajib Samaddar","Address : SHRISTINAGAR, ASANSOL - 713305
Website : www.srihariglobal.com"
1351,"Aff. No. :2430213
Sch. Code:15603","State : WEST BENGAL
District : PASCHIM BARDHAMAN",Senior Secondary Level,"Name : DURGAPUR PUBLIC INSTITUTE
Head/Principal Name: MOUMITA CHATTERJEE","Address : IMAN KALYAN SARANI SEC-2C BIDHANNAGAR,DURGAPUR
Website : www.dpidgp.com"
1352,"Aff. No. :2430214
Sch. Code:15717","State : WEST BENGAL
District : PASCHIM BARDHAMAN",Senior Secondary Level,"Name : ST.JUDES HIGH SCHOOL
Head/Principal Name: SUPRIYA MITRA","Address : KALAJHARIA PIPELINE ROAD RIVERSIDE BURNPUR - 713325
Website : www.stjudeshighschoolasn.com"
1353,"Aff. No. :2430203
Sch. Code:15616","State : WEST BENGAL
District : PASCHIM BARDHAMAN",Senior Secondary Level,"Name : PURV INTERNATIONAL SCHOOL
Head/Principal Name: SUBRATA CHATTOPADHYAY","Address : BURDWAN, WEST BENGAL-713204
Website : www.purvinternationalschool.com"
1354,"Aff. No. :2430292
Sch. Code:16018","State : WEST BENGAL
District : PASCHIM BARDHAMAN",Senior Secondary Level,"Name : DAV MODEL SCHOOL, KSTP, ASANSOL
Head/Principal Name: PRABUDDHA GHOSH","Address : DR. B.C. ROY ROAD, KSTP, ASANSOL
Website : http://davmodelasansol.com/"
1355,"Aff. No. :2430363
Sch. Code:16147","State : WEST BENGAL
District : PASCHIM BARDHAMAN",Senior Secondary Level,"Name : DAV PUBLIC SCHOOL, ECL
Head/Principal Name: ANITA BHATTACHARJEE","Address : P.O--JHANJRA, DISTT-PASCHIM BARDHAMAN
Website : www.davjnjweb.com"
1356,"Aff. No. :2430367
Sch. Code:16164","State : WEST BENGAL
District : PASCHIM BARDHAMAN",Secondary Level,"Name : JESUS & MARY CHURCH SCHOOL
Head/Principal Name: RUMNA MUKHOPADHYAY","Address : RADHANAGAR, P.O- SUNDERCHAK
Website : www.jesusmarychurchschool.com"
1357,"Aff. No. :2430399
Sch. Code:16232","State : WEST BENGAL
District : PASCHIM BARDHAMAN",Senior Secondary Level,"Name : TECHNO INDIA GROUP PUBLIC SCHOOL
Head/Principal Name: SUKUMAR MAHAPATRA","Address : SECTOR-2C, BIDHANNAGAR
Website : https://durgapur.tigps.in/"
1358,"Aff. No. :2430385
Sch. Code:16210","State : WEST BENGAL
District : PASCHIM BARDHAMAN",Senior Secondary Level,"Name : AIMS MODEL SCHOOL
Head/Principal Name: SOMA BANERJEE","Address : ZONAL CENTRE, SAGARBHANGA, DURGAPUR
Website : https://aimsmodelschool.com/"
1359,"Aff. No. :2430386
Sch. Code:16211","State : WEST BENGAL
District : PASCHIM BARDHAMAN",Senior Secondary Level,"Name : CITY MONTESSORI SCHOOL
Head/Principal Name: NISRAT AKTER","Address : P.S.-HIRAPUR, P.O.-BURNPUR
Website : https://cmsasansol.in/"
1360,"Aff. No. :2400016
Sch. Code:19218","State : WEST BENGAL
District : PASCHIM BARDHAMAN",Senior Secondary Level,"Name : KENDRIYA VIDYALAYA
Head/Principal Name: VINOD YADAV","Address : C R P F CAMPUS DURGAPUR DISTT. BURDWAN WEST BENGAL
Website : https://crpfdurgapur.kvs.ac.in"
1361,"Aff. No. :2400009
Sch. Code:19217","State : WEST BENGAL
District : PASCHIM BARDHAMAN",Senior Secondary Level,"Name : PM SHRI KENDRIYA VIDYALAYA
Head/Principal Name: BIPLAB SARKAR","Address : C M E R I COLONY P O DURGAPUR BURDWAN DISTT WEST BENGAL
Website : https://cmeridurgapur.kvs.ac.in"
1362,"Aff. No. :2430042
Sch. Code:15623","State : WEST BENGAL
District : PASCHIM BARDHAMAN",Senior Secondary Level,"Name : GURU TEG BAHADUR PUBLIC SCHOOL
Head/Principal Name: SUTAPA ACHARYA","Address : BENACHITY ROAD DURGAPUR WEST BENGAL
Website : http://www.gtbps.edu.in"
1363,"Aff. No. :2430009
Sch. Code:15582","State : WEST BENGAL
District : PASCHIM BARDHAMAN",Senior Secondary Level,"Name : D A V MODEL SCHOOL
Head/Principal Name: PAPIYA MUKHERJEE","Address : J N SENGUPTA ROAD DURGAPUR DISTT BURDWAN WEST BENGAL
Website : https://davmodeldgp.ac.in"
1364,"Aff. No. :2430016
Sch. Code:15567","State : WEST BENGAL
District : PASCHIM BARDHAMAN",Senior Secondary Level,"Name : BURNPUR RIVERSIDE SCHOOL
Head/Principal Name: SUSHIL KUMAR SINHA","Address : BURNPUR BURDWAN DISTT WEST BENGAL
Website : www.brsburnpur.com"
1365,"Aff. No. :2430029
Sch. Code:15590","State : WEST BENGAL
District : PASCHIM BARDHAMAN",Senior Secondary Level,"Name : D A V PUBLIC SCHOOL
Head/Principal Name: DR. POONAM SINGH","Address : HINDUSTAN CABLES LTD. RUPNARAINPUR DISTT. BURDWAN WEST BENGAL
Website : www.davpshclrupnarainpur.org"
1366,"Aff. No. :2430031
Sch. Code:15624","State : WEST BENGAL
District : PASCHIM BARDHAMAN",Senior Secondary Level,"Name : GYAN BHARTI SCHOOL
Head/Principal Name: Amit Shaw","Address : P.O. RANIGANJ DISTT. BURDWAN WEST BENGAL
Website : www.gyanbharati.org.in"
1367,"Aff. No. :2430032
Sch. Code:15689","State : WEST BENGAL
District : PASCHIM BARDHAMAN",Senior Secondary Level,"Name : PRIYADARSHINI PUBLIC SCHOOL
Head/Principal Name: RAKESH KUMAR TIWARY","Address : KULTI P.O. KULTI DISTT. BURDWAN WEST BENGAL
Website : www.ppskulti.org"
1368,"Aff. No. :2400041
Sch. Code:19205","State : WEST BENGAL
District : PASCHIM BARDHAMAN",Senior Secondary Level,"Name : PM SHRI KENDRIYA VIDYALAYA
Head/Principal Name: ARUN KUMAR JHA","Address : ANDAL DISTT BURDWAN WEST BENGAL
Website : www.andal.kvs.ac.in"
1369,"Aff. No. :2400036
Sch. Code:19216","State : WEST BENGAL
District : PASCHIM BARDHAMAN",Senior Secondary Level,"Name : PM SHRI KENDRIYA VIDYALAYA
Head/Principal Name: TEK DHARNI","Address : CHITTARANJAN DISTT. BURDWAN WEST BENGAL
Website : https://chittaranjanclw.kvs.ac.in/"
1370,"Aff. No. :2400037
Sch. Code:19189","State : WEST BENGAL
District : PASCHIM BARDHAMAN",Senior Secondary Level,"Name : KENDRIYA VIDYALAYA
Head/Principal Name: Mr. Amit Kumar Das","Address : ASANSOL DOMOHANI RLY COLONY P.O. KALLA DISTT. BURDWAN WEST BENGAL
Website : https://asansol.kvs.ac.in/"
1371,"Aff. No. :2430153
Sch. Code:15541","State : WEST BENGAL
District : PASCHIM BARDHAMAN",Senior Secondary Level,"Name : ASANSOL NORTH POINT SCHOOL
Head/Principal Name: RAJIV SHAW","Address : NH-2, CHANDA MORE, KALIPAHARI, JAMURIA, ASANSOL
Website : www.asansolnorthpointschool.com"
1372,"Aff. No. :2430154
Sch. Code:15754","State : WEST BENGAL
District : PASCHIM BARDHAMAN",Senior Secondary Level,"Name : ZOOM INTERNATIONAL SCHOOL
Head/Principal Name: AVIJIT ROY","Address : LALA LAJPAT RAI ROAD, DISTT BURDWAN, WEST BENGAL
Website : www.zoominternationaldgp.in"
1373,"Aff. No. :2430142
Sch. Code:15716","State : WEST BENGAL
District : PASCHIM BARDHAMAN",Senior Secondary Level,"Name : ST. JOSEPHS CONVENT HIGH SCHOOL
Head/Principal Name: HEMAMALINI BECK","Address : SUNSET AVANUE, P.O. - CHITTARANJAN,
Website : www.sjccrjcbse.com"
1374,"Aff. No. :2430172
Sch. Code:15714","State : WEST BENGAL
District : PASCHIM BARDHAMAN",Senior Secondary Level,"Name : SAINT CHRISTOPHERS MISSION SCHOOL
Head/Principal Name: ASHOK KUMAR RANA","Address : RADHANAGAR HATIA, PO-SUNDERCHAK
Website : www.stcmschool.in"
1375,"Aff. No. :2430181
Sch. Code:15594","State : WEST BENGAL
District : PASCHIM BARDHAMAN",Senior Secondary Level,"Name : DELHI PUBLIC SCHOOL,
Head/Principal Name: UMESH CHAND JAISWAL","Address : PLOT NO. 2D/10, SECTOR 2D, BIDHANNAGAR, DURGAPUR
Website : www.dpsdurgapur.com"
1376,"Aff. No. :2430076
Sch. Code:15690","State : WEST BENGAL
District : PASCHIM BARDHAMAN",Senior Secondary Level,"Name : RANIGANJ LIONS JDM CHANANI DAV PUB
Head/Principal Name: MONDIRA DEY","Address : SCHOOL LIONS EYE HOSPITAL ROAD RANIGANJ BURDWAN WEST BENGAL
Website : www.rljdmcdavpsraniganj.org"
1377,"Aff. No. :2430077
Sch. Code:15585","State : WEST BENGAL
District : PASCHIM BARDHAMAN",Senior Secondary Level,"Name : DAV PUBLIC SCHOOL
Head/Principal Name: RAVINDRA SINGH","Address : ECL PANDAVESHWAR DISTT BURDWAN WEST BENGAL
Website : www.davpandaveswar.in"
1378,"Aff. No. :2430080
Sch. Code:15587","State : WEST BENGAL
District : PASCHIM BARDHAMAN",Secondary Level,"Name : DAV PUBLIC SCHOOL
Head/Principal Name: SANJAY KUMAR SINGH","Address : MIMCHA (R) COLLIERY PO EGARA BURDWAN WEST BENGAL
Website : www.davnimcha.org"
1379,"Aff. No. :2430085
Sch. Code:15695","State : WEST BENGAL
District : PASCHIM BARDHAMAN",Senior Secondary Level,"Name : S K S PUBLIC SCHOOL
Head/Principal Name: SANDIP KUMAR SINHA","Address : MANGALPUR RANIGANJ, DIST:PASCHIM BARDHAMAN, WEST BENGAL-713347
Website : www.sksps.com"
1380,"Aff. No. :2430086
Sch. Code:15670","State : WEST BENGAL
District : PASCHIM BARDHAMAN",Senior Secondary Level,"Name : NAND LAL JALAN SHIKSHA SADAN
Head/Principal Name: PARAMITA KUMAR","Address : B P KHAITAN ROAD RANIGANJ DISTT BURDWAN WEST BENGAL
Website : https://raniganj.tigps.in"
1381,"Aff. No. :2430088
Sch. Code:15586","State : WEST BENGAL
District : PASCHIM BARDHAMAN",Senior Secondary Level,"Name : D A V PUBLIC SCHOOL
Head/Principal Name: Debaki Ranjan Mahanty","Address : KANYAPUR ASANSOL BURDWAN WEST BENGAL
Website : www.davpsasansol.org"
1382,"Aff. No. :2430066
Sch. Code:15602","State : WEST BENGAL
District : PASCHIM BARDHAMAN",Secondary Level,"Name : DURGAPUR ISPAT VIDYALAYA
Head/Principal Name: SOMNATH ROY","Address : ST PAUL'S ROAD DURGAPUR WEST BENGAL
Website : http://div.saildsp.co.in"
1383,"Aff. No. :2430063
Sch. Code:15627","State : WEST BENGAL
District : PASCHIM BARDHAMAN",Senior Secondary Level,"Name : HEM SHEELA MODEL SCHOOL
Head/Principal Name: ANINDITA HOME CHOUDHURY","Address : JAWARLAL NEHRU AVENUE DURGAPUR DISTT BURDWAN
Website : www.hemsheela.in"
1384,"Aff. No. :2430100
Sch. Code:15536","State : WEST BENGAL
District : PASCHIM BARDHAMAN",Senior Secondary Level,"Name : AMRITA VIDYALAYAM
Head/Principal Name: SUJITA SINGHA","Address : BIDHAN NAGAR, DURGAPUR (WEST BENGAL)
Website : www.dgpr.amritavidyalayam.org"
1385,"Aff. No. :2430111
Sch. Code:15619","State : WEST BENGAL
District : PASCHIM BARDHAMAN",Senior Secondary Level,"Name : GREEN POINT ACADEMY
Head/Principal Name: SURYA SHANKAR ROY","Address : G.T.ROAD, KULTI(KULTORA) P.O.SITARAMPUR,
Website : www.greenpointacademy.org"
1386,"Aff. No. :2430113
Sch. Code:15737","State : WEST BENGAL
District : PASCHIM BARDHAMAN",Senior Secondary Level,"Name : THE CRESCENT SCHOOL
Head/Principal Name: RAVINDRA KUMAR SHRIVASTAVA","Address : RAHMAT NAGAR, AZAD NAGAR, BURNPUR
Website : www.crescentschoolburnpur.com"
1387,"Aff. No. :2430105
Sch. Code:15660","State : WEST BENGAL
District : PASCHIM BARDHAMAN",Senior Secondary Level,"Name : MANISHA INTERNATIONAL SCHOOL
Head/Principal Name: SONIA KUSHARI","Address : G.T.ROAD, RAJBANDH, DURGAPUR, URDWAN, WEST BENGAL-713212
Website : www.mis.rahul.ac.in"
1388,"Aff. No. :2430127
Sch. Code:15605","State : WEST BENGAL
District : PASCHIM BARDHAMAN",Senior Secondary Level,"Name : DURGAPUR PUBLIC SCHOOL
Head/Principal Name: SOMA ROY","Address : SAHID SUKUMAR SARANI, BIDHANNAGAR, DURGAPUR
Website : www.dpsdgp.ac.in"
1389,"Aff. No. :2430115
Sch. Code:15637","State : WEST BENGAL
District : PASCHIM BARDHAMAN",Senior Secondary Level,"Name : INDIA INTERNATIONAL SCHOOL
Head/Principal Name: SHARMISTHA CHANDA PAUL","Address : KALYANPUR SATELLITE TOWNSHIP(K.S.T.P),
Website : www.iisasansol.org"
1390,"Aff. No. :2430124
Sch. Code:15568","State : WEST BENGAL
District : PASCHIM BARDHAMAN",Senior Secondary Level,"Name : BURNPUR RIVERSIDE SCHOOL
Head/Principal Name: KULJIT KAUR","Address : CHITTARANJAN, FATEHPUR, BESIDE CLW DISPENSARY
Website : www.brschittaranjan.net"
1391,"Aff. No. :2430120
Sch. Code:15651","State : WEST BENGAL
District : PASCHIM BARDHAMAN",Senior Secondary Level,"Name : KASHINATH LAHIRI PUBLIC SCHOOL
Head/Principal Name: SUKHBIR SINGH SAHOTA","Address : OPP DAMODAR RAILWAY CABIN, RANGAPARA BURNPUR
Website : www.klpsburnpur.org"
1392,"Aff. No. :2430117
Sch. Code:19168","State : WEST BENGAL
District : PURBA BARDHAMAN",Secondary Level,"Name : EASTERN RAILWAY HIGH SCHOOL
Head/Principal Name: RANJANA MUNSHI","Address : 359, G.T.ROAD ASANSOL BURDWAN,
Website :"
1393,"Aff. No. :2430114
Sch. Code:15566","State : WEST BENGAL
District : PURBA BARDHAMAN",Senior Secondary Level,"Name : BURDWAN MODEL SCHOOL
Head/Principal Name: BIPIN BIHARI SINGH","Address : DEWANDIGHI, KATWA ROAD, PO-MIRJAPUR, DIST- BURDWAN-713101
Website : www.burdwanmodelschool.ac.in"
1394,"Aff. No. :2430200
Sch. Code:15552","State : WEST BENGAL
District : PURBA BARDHAMAN",Senior Secondary Level,"Name : BETHANY SCHOOL SULANTU
Head/Principal Name: PREMITHA PINTO","Address : VILLAGE: SULANTU, P.O: PARULIA, DISTRICT: BURDWAN
Website :"
1395,"Aff. No. :2430202
Sch. Code:15725","State : WEST BENGAL
District : PURBA BARDHAMAN",Senior Secondary Level,"Name : SWAMI VIVEKANANDA ACADEMY FOR EDUCATIONAL EXCELLENCE, BURDWAN
Head/Principal Name: GOUTAM KUMAR HAZRA","Address : G.T. ROAD, KANAINATSAL, POST-SRIPALLY
Website : www.svabdn.org"
1396,"Aff. No. :2430146
Sch. Code:15662","State : WEST BENGAL
District : PURBA BARDHAMAN",Senior Secondary Level,"Name : MEMARI CRYSTAL MODEL SCHOOL
Head/Principal Name: ARUN KANTI NANDI","Address : CHOTKHANDA, KALSHI, MEMARI, BURDWAN,713146
Website : www.memaricrystalmodelschool.in"
1397,"Aff. No. :2430129
Sch. Code:15593","State : WEST BENGAL
District : PURBA BARDHAMAN",Senior Secondary Level,"Name : DELHI PUBLIC SCHOOL
Head/Principal Name: SAHELI GHOSH BASU","Address : VILLAGE-BELGRAM P.S-GALSI DIST:BURDWAN. PIN-713141 W.BENGAL
Website : www.dpsbdn.org"
1398,"Aff. No. :2400046
Sch. Code:19238","State : WEST BENGAL
District : PURBA BARDHAMAN",Senior Secondary Level,"Name : PM SHRI KENDRIYA VIDYALAYA
Head/Principal Name: ABHIJIT SAHA","Address : KAMAL SAYER KESHABGANG CHATTI PO BURDWAN RAJBATI BURDWAN WEST BENGAL
Website : https://burdwan.kvs.ac.in"
1399,"Aff. No. :2400006
Sch. Code:19236","State : WEST BENGAL
District : PURBA BARDHAMAN",Senior Secondary Level,"Name : PM SHRI KENDRIYA VIDYALAYA
Head/Principal Name: Nand Kishore Soni","Address : PANAGARH P O PANAGARH BURDWAN DISTT WEST BENGAL
Website : https://panagarh.kvs.ac.in"
1400,"Aff. No. :2430372
Sch. Code:16174","State : WEST BENGAL
District : PURBA BARDHAMAN",Senior Secondary Level,"Name : CAMELLIA PUBLIC SCHOOL
Head/Principal Name: SREYASREE BHATTACHARYA","Address : P.S. - BUDBUD, BURDWAN, WEST BENGAL
Website : www.camelliaschools.in/"
1401,"Aff. No. :2430284
Sch. Code:15953","State : WEST BENGAL
District : PURBA BARDHAMAN",Senior Secondary Level,"Name : SRI CHAITANYA TECHNO SCHOOL
Head/Principal Name: MRIGANKA MONDAL","Address : RENAISSANCE TOWNSHIP,NAWABHAT, BURDWAN-713104
Website : https://srichaitanyatechnoschoolburdwan.net"
1402,"Aff. No. :2430211
Sch. Code:15591","State : WEST BENGAL
District : PURBA BARDHAMAN",Senior Secondary Level,"Name : DELHI PUBLIC SCHOOL ASANSOL
Head/Principal Name: VINEETA SRIVASTAVA","Address : PO. ETHORA, PS. SALANPUR, DIST. PASCHIM BURDWAN - 713359 (WEST BENGAL)
Website : www.dpsasansol.com"
1403,"Aff. No. :2430234
Sch. Code:15671","State : WEST BENGAL
District : PURBA BARDHAMAN",Senior Secondary Level,"Name : NARAYANA SCHOOL ANDAL
Head/Principal Name: BISHAL SHARMA","Address : SUJALAAM THE SKY CITY, BENGAL AEROTROPOLIS PROJECT LTD
Website : https://www.narayanaschools.in/westbengal/andal/"
1404,"Aff. No. :2430261
Sch. Code:15780","State : WEST BENGAL
District : PURBA BARDHAMAN",Senior Secondary Level,"Name : MAGNUS GLOBAL SCHOOL
Head/Principal Name: SUSHMA SURANA","Address : KANDORSONA, PO + PS : SAKTIGARH
Website : www.magnus.school"
1405,"Aff. No. :2430239
Sch. Code:15672","State : WEST BENGAL
District : PURBA BARDHAMAN",Senior Secondary Level,"Name : NARAYANA SCHOOL BURDWAN
Head/Principal Name: ANURAN LAHA","Address : RENAISSANCE TOWNSHIP, NEAR NABABHAT BUS STOP,BURDWAN, WB.
Website : https://www.narayanaschools.in/westbengal/bardhama"
1406,"Aff. No. :2430434
Sch. Code:16315","State : WEST BENGAL
District : PURBA BARDHAMAN",Senior Secondary Level,"Name : SHEMFORD FUTURISTIC SCHOOL KATWA
Head/Principal Name: Koushik Rakshit","Address : VILLAGE - TIKARKHANJI, P.O. - SUDPUR, P.S. - KATWA
Website : www.shemfordkatwa.in"
1407,"Aff. No. :2480015
Sch. Code:19152","State : WEST BENGAL
District : PURBA BARDHAMAN",Senior Secondary Level,"Name : ARMY PUBLIC SCHOOL
Head/Principal Name: APARNA CHAND","Address : PANAGARH, PO ARJUN PUR DISTT- BURDWAN, C/O 99 APO, WEST BENGAL
Website : www.apspanagarh.com"
1408,"Aff. No. :2480013
Sch. Code:19149","State : WEST BENGAL
District : PASCHIM MEDINIPUR",Middle Class,"Name : AIR FORCE SCHOOL, KALAIKUNDA
Head/Principal Name: Reema Kohli","Address : AIR FORCE STATION, KALAIKUNDA, DIST: MEDINIPORE (WEST), WEST BENGAL - 721303
Website :"
1409,"Aff. No. :2480021
Sch. Code:19250","State : WEST BENGAL
District : PASCHIM MEDINIPUR",Senior Secondary Level,"Name : B.N.R. EXCELLENCE ACADEMY
Head/Principal Name: SUMON KUMAR BERA","Address : KHARAGUR, DISTT. PASCHIM MEDINIPUR, WEST BANGAL PIN-721301
Website : https://bnrea.org.in"
1410,"Aff. No. :2430478
Sch. Code:16406","State : WEST BENGAL
District : PASCHIM MEDINIPUR",Senior Secondary Level,"Name : TECHNO INDIA GROUP PUBLIC SCHOOL - MIDNAPORE
Head/Principal Name: ANIRBAN ROY","Address : RANGAMATI INDIRAPALLY PASCHIM MEDINIPUR, WEST BENGAL PIN-721102, BESIDE MIDNAPORE LAW COLLEGE
Website : https://midnapore.tigps.in/"
1411,"Aff. No. :2430480
Sch. Code:16410","State : WEST BENGAL
District : PASCHIM MEDINIPUR",Secondary Level,"Name : SAINT ARNOLD'S SCHOOL
Head/Principal Name: NAVEEN PRASHANTH PINTO","Address : AT. AMDAN, POST. KHATNAGAR, PS. BELDA , BLOCK. NARAYANGARH
Website : https://arnoldschoolsalajpur.in/"
1412,"Aff. No. :2430491
Sch. Code:16481","State : WEST BENGAL
District : PASCHIM MEDINIPUR",Middle Class,"Name : JANA INTERNATIONAL SCHOOL
Head/Principal Name: RANAJIT JANA","Address : JAYANTIPUR, CHANDRAKONA , GHATAL
Website : https://myjis.in/"
1413,"Aff. No. :2440011
Sch. Code:19182","State : WEST BENGAL
District : PASCHIM MEDINIPUR",Senior Secondary Level,"Name : JAWAHAR NAVODAYA VIDYALAYA
Head/Principal Name: Shobhna Ghosh","Address : MEDINIPUR, AT. TANTIGERIA (T.C.P.C.), P.O. VIDYASAGAR UNIVERSITY, DISTT. PASCHIM MEDINIPUR, WEST BENGAL
Website : www.navodaya.gov.in/nvs/nvs-school/Westmedinipur/home/"
1414,"Aff. No. :2430431
Sch. Code:16311","State : WEST BENGAL
District : PASCHIM MEDINIPUR",Senior Secondary Level,"Name : CHILDREN POINT
Head/Principal Name: SWARUP DEY","Address : VILL - NERADEUL, PO- NERADEUL, PS- KESHPUR
Website : www.childrenpoint.in"
1415,"Aff. No. :2430414
Sch. Code:16260","State : WEST BENGAL
District : PASCHIM MEDINIPUR",Senior Secondary Level,"Name : BCM INTERNATIONAL SCHOOL
Head/Principal Name: Avijit Jana","Address : P.O-KRISHNAPRIYA,, DIST-PASCHIM MEDINIPUR, W.B.
Website : http://bcmischool.net"
1416,"Aff. No. :2430469
Sch. Code:16389","State : WEST BENGAL
District : PASCHIM MEDINIPUR",Secondary Level,"Name : RAMAKRISHNA GYAN MANDIR
Head/Principal Name: Subhas Senapati","Address : MOUZA-NAYAGAON,J.L. NO.-395, LR NO. 1358, KH NO.459/1, P.S.-MOHANPUR, PO-PAROI,, DIST-PASCHIM MEDINIPUR, PIN-721436, WB
Website : https://ramakrishnagyanmandir.org.in/"
1417,"Aff. No. :2430446
Sch. Code:16342","State : WEST BENGAL
District : PASCHIM MEDINIPUR",Secondary Level,"Name : G D PUBLIC SCHOOL
Head/Principal Name: SANCHAYITA ROY GHOSH","Address : VILL-CHAKLALPUR, P.O-RADHAMOHANPUR, P.S.-DEBRA
Website : https://gdpswb.org/"
1418,"Aff. No. :2430449
Sch. Code:16348","State : WEST BENGAL
District : PASCHIM MEDINIPUR",Senior Secondary Level,"Name : ANAND INTERNATIONAL SCHOOL
Head/Principal Name: MONALISA PAL","Address : VILL- KABILPUR , P.O.- DEBRA, P.S.- DEBRA
Website : www.anandinternationalschool.org.in"
1419,"Aff. No. :2430450
Sch. Code:16349","State : WEST BENGAL
District : PASCHIM MEDINIPUR",Secondary Level,"Name : XAVIER INTERNATIONAL PUBLIC SCHOOL
Head/Principal Name: D HEMLATHA","Address : MAIN ROAD, KHARIDA, POST - KHARAGPUR, KHARAGPUR
Website : https://www.xavierkharagpur.com"
1420,"Aff. No. :2430263
Sch. Code:15927","State : WEST BENGAL
District : PASCHIM MEDINIPUR",Senior Secondary Level,"Name : DON BOSCO SCHOOL KHARAGPUR
Head/Principal Name: STANLEY ANTHONY","Address : NH6, PLOT NO 323,324 AND 326. MAUJA DAULATPUR, KHARAGPUR,721301
Website : https://www.donboscokharagpur.org"
1421,"Aff. No. :2430266
Sch. Code:15955","State : WEST BENGAL
District : PASCHIM MEDINIPUR",Senior Secondary Level,"Name : NARAYANA SCHOOL
Head/Principal Name: ANINDITA DEY","Address : PLOTNO 07,08,10, MOUZA-CHAITANYA PUJARIR CHAK, JL NO 162,WARD NO-18,P.S-BHABANIPUR, HALDIA
Website : https://www.narayanaschools.in/westbengal/haldia/"
1422,"Aff. No. :2430236
Sch. Code:15653","State : WEST BENGAL
District : PASCHIM MEDINIPUR",Senior Secondary Level,"Name : KHARAGPUR VISION ACADEMY
Head/Principal Name: SAPTARSHI CHAKRABORTY","Address : SADATPUR, P.O.- RAKHAJUNGLE, P.S.- KHARAGPUR LOCAL, PIN CODE-721301,DIST.- PASCHIM MEDINIPUR WEST BENGAL
Website : www.kvaschool.edu.in"
1423,"Aff. No. :2430232
Sch. Code:15719","State : WEST BENGAL
District : PASCHIM MEDINIPUR",Senior Secondary Level,"Name : ST. NICHOLAS PUBLIC SCHOOL
Head/Principal Name: SOUMYABRATA CHAKRABORTY","Address : AT- GARHBETA,NEAR GARHBETA COLLAGE, P.O.- GARHBETA
Website : www.stnicholas.co.in"
1424,"Aff. No. :2430226
Sch. Code:15620","State : WEST BENGAL
District : PASCHIM MEDINIPUR",Senior Secondary Level,"Name : GRIFFINS INTERNATIONAL SCHOOL
Head/Principal Name: PRADEEP KUMAR SAMAL","Address : N.H.-60,P.O.-KHATRANGA
Website : www.griffins.edu.in"
1425,"Aff. No. :2430290
Sch. Code:16009","State : WEST BENGAL
District : PASCHIM MEDINIPUR",Senior Secondary Level,"Name : PANDIT ISWAR CHANDRA VIDYASAGAR MISSION
Head/Principal Name: LAKHBIR SINGH","Address : VILL-MARICHYA,P.O-DANDIPUR,P.S-GHATAL,DIST-PASCHIM MEDINIPUR,PIN-721222
Website : www.picvm.com"
1426,"Aff. No. :2430360
Sch. Code:16136","State : WEST BENGAL
District : PASCHIM MEDINIPUR",Secondary Level,"Name : ANANDAM H.S. PAUL MEMORIAL INSTITUTE
Head/Principal Name: SNEHASISH CHAKRABORTY","Address : POST OFFICE - FATESINGPUR, POLICE STATION - GARHBETA
Website : www.afect.in/anandam"
1427,"Aff. No. :2430296
Sch. Code:16031","State : WEST BENGAL
District : PASCHIM MEDINIPUR",Senior Secondary Level,"Name : THE RENAISSANCE INTERNATIONAL SCHOOL
Head/Principal Name: MANAS KUMAR BANDYOPADHYAY","Address : AT+PO:MATKATPUR (NEAR MOHONPUR BUS STOP) PS: KHARAGPUR LOCAL PASCHIM MEDINIPUR
Website : www.renaissancekgp.org"
1428,"Aff. No. :2400004
Sch. Code:19193","State : WEST BENGAL
District : PASCHIM MEDINIPUR",Senior Secondary Level,"Name : PM SHRI KENDRIYA VIDYALAYA NO 1
Head/Principal Name: SRAWANTI CHATTERJEE","Address : KALAIKUNDA A F S MIDNAPORE DISTT WEST BENGAL
Website : https://no1kalaikunda.kvs.ac.in/"
1429,"Aff. No. :2400005
Sch. Code:19222","State : WEST BENGAL
District : PASCHIM MEDINIPUR",Senior Secondary Level,"Name : PM SHRI KENDRIYA VIDYALAYA
Head/Principal Name: RIKISHA BHAUMIK","Address : I I T KHARAGPUR DISTT MIDNAPUR WEST BENGAL
Website : https://iitkharagpur.kvs.ac.in/"
1430,"Aff. No. :2400029
Sch. Code:19230","State : WEST BENGAL
District : PASCHIM MEDINIPUR",Senior Secondary Level,"Name : PM SHRI KENDRIYA VIDYALAYA NO 2
Head/Principal Name: ABHISHEK TRIPATHI","Address : A F S KALAI KUNDA WEST BENGAL
Website : https://no2kalaikunda.kvs.ac.in/"
1431,"Aff. No. :2400042
Sch. Code:19203","State : WEST BENGAL
District : PASCHIM MEDINIPUR",Senior Secondary Level,"Name : PM SHRI KENDRIYA VIDYALAYA
Head/Principal Name: PRAMOD BARIK","Address : AFS SALUA MIDNAPUR WEST BENGAL
Website : www.afssalua.kvs.ac.in"
1432,"Aff. No. :2400050
Sch. Code:19241","State : WEST BENGAL
District : PASCHIM MEDINIPUR",Senior Secondary Level,"Name : KENDRIYA VIDYALAYA
Head/Principal Name: ANCHAL SAXENA","Address : RBNM SALBONI PO RBNML DISTT MIDNAPUR (W) WEST BENGAL
Website : https://rbnmsalboni.kvs.ac.in/"
1433,"Aff. No. :2400039
Sch. Code:19232","State : WEST BENGAL
District : PASCHIM MEDINIPUR",Senior Secondary Level,"Name : PM SHRI KENDRIYA VIDYALAYA NO 2
Head/Principal Name: SANGRAM BANERJEE","Address : RAILWAY SETTLEMENT P.O. KHARAGPUR, DISTT MIDNAPUR WEST BENGAL
Website : https://no2kharagpur.kvs.ac.in"
1434,"Aff. No. :2400150
Sch. Code:19353","State : WEST BENGAL
District : PASCHIM MEDINIPUR",Secondary Level,"Name : PM SHRI KENDRIYA VIDYALAYA RAILWAY COLONY KHARAGPUR
Head/Principal Name: SUDIP MANDAL","Address : KHARAGPUR, POST OFFICE- KHARAGPUR
Website : https://rckharagpur.kvs.ac.in/"
1435,"Aff. No. :2420001
Sch. Code:19304","State : WEST BENGAL
District : PASCHIM MEDINIPUR",Secondary Level,"Name : AIR FORCE SCHOOL KALAIKUNDA
Head/Principal Name: POULAMI MAJUMDAR ACHARYA","Address : AIR FORCE STATION KALAIKUNDA, TEH- KALAIKUNDA, P.S - KALAIKUNDA
Website : www.afschoolkkd.org"
1436,"Aff. No. :2430060
Sch. Code:15583","State : WEST BENGAL
District : PASCHIM MEDINIPUR",Senior Secondary Level,"Name : D A V MODEL SCHOOL
Head/Principal Name: SUSMITA PANIGRAHI","Address : I I T CAMPUS KHARAGPUR WEST BENGAL
Website : www.davmodeliitkgp.org"
1437,"Aff. No. :2430074
Sch. Code:15577","State : WEST BENGAL
District : PASCHIM MEDINIPUR",Senior Secondary Level,"Name : D A V PUBLIC SCHOOL
Head/Principal Name: N. K. GAUTAM","Address : DAAK BUNGLOW ROAD MIDNAPORE WEST BENGAL
Website : www.davmidnapore.org"
1438,"Aff. No. :2430070
Sch. Code:15748","State : WEST BENGAL
District : PURBA MEDINIPUR",Senior Secondary Level,"Name : VIVEKANAND MISSION HIGH SCHOOL
Head/Principal Name: HRISHIKES ROY","Address : VILL MECHAGRAM PO UTTAR MECHAGRAM MIDNAPUR WEST BENGAL
Website : www.vmhschool.com"
1439,"Aff. No. :2430082
Sch. Code:15556","State : WEST BENGAL
District : PURBA MEDINIPUR",Senior Secondary Level,"Name : BHAVAN'S NETAJI SUBHASH CHANDER BOSE
Head/Principal Name: SREOSI KABIRAJ","Address : VIDYA NIKETAN AZAD HIND NAGAR HATIBERIA PO HALDIA TOWNSHIP PURBA MEDINIPUR, DISTT MIDNAPUR, WEST BENGAL
Website : www.bhavansnscbv.ac.in"
1440,"Aff. No. :2430144
Sch. Code:15721","State : WEST BENGAL
District : PURBA MEDINIPUR",Senior Secondary Level,"Name : DAV PUBLIC SCHOOL
Head/Principal Name: NITISH PRASAD DUTTA","Address : HALDIA, P.O HALDIA TOWNSHIP, DIST- PURBA MEDINIPUR, PIN-721607
Website : www.davhaldia.com"
1441,"Aff. No. :2430152
Sch. Code:15753","State : WEST BENGAL
District : PURBA MEDINIPUR",Senior Secondary Level,"Name : ZILLA PUBLIC SCHOOL
Head/Principal Name: PINTU BISWAS","Address : VILL.- SANKARARA, P.O. - TAMLUK, P.S. - TAMLUK, DIST. - PURBA MEDINIPUR.
Website : www.zillapublicschool.com"
1442,"Aff. No. :2430183
Sch. Code:15667","State : WEST BENGAL
District : PURBA MEDINIPUR",Senior Secondary Level,"Name : MOUNT LITERA ZEE SCHOOL
Head/Principal Name: DR YOGESH MAHASWARI","Address : SRIRAMPUR, CONTAI, PURBO, EAST MIDNAPUR-721401
Website : www.mountliteracontai.com"
1443,"Aff. No. :2400032
Sch. Code:19192","State : WEST BENGAL
District : PURBA MEDINIPUR",Senior Secondary Level,"Name : KENDRIYA VIDYALAYA
Head/Principal Name: SUDESHNA CHOWDHURY","Address : HALDIA HALDIA TOWNSHIP MIDNAPORE WEST BENGAL
Website : https://haldiaioc.kvs.ac.in/"
1444,"Aff. No. :2430289
Sch. Code:16007","State : WEST BENGAL
District : PURBA MEDINIPUR",Senior Secondary Level,"Name : BANIMANDIR RURAL PUBLIC SCHOOL
Head/Principal Name: DR. SUPRATIM BERA","Address : AT BANIMANDIR BUS STOP, VILL+ P.O-JUKHIA BAZAR. P.S-BHUPATINAGAR.
Website : www.banimandirruralpublicschool.org"
1445,"Aff. No. :2430374
Sch. Code:16179","State : WEST BENGAL
District : PURBA MEDINIPUR",Secondary Level,"Name : NEW CALCUTTA PUBLIC SCHOOL
Head/Principal Name: DEBABRATA JANA","Address : NARGHAT,, PURBA MEDINIPUR,
Website : http://www.ncpschool.in/"
1446,"Aff. No. :2430395
Sch. Code:16225","State : WEST BENGAL
District : PURBA MEDINIPUR",Senior Secondary Level,"Name : G. K. PUBLIC SCHOOL
Head/Principal Name: SOUMITRA MAITY","Address : PO-TIKASHI, PS-KHEJURI
Website : www.gkpublicschooledu.in"
1447,"Aff. No. :2430271
Sch. Code:15907","State : WEST BENGAL
District : PURBA MEDINIPUR",Senior Secondary Level,"Name : NORTHPOINT DAY SCHOOL
Head/Principal Name: ANURADHA KUTTY","Address : BAIDYAHARANIYA,SABAJPUT,CONTAI,PIN-721401,PURBA MEDINIPUR
Website : www.npds.in"
1448,"Aff. No. :2430265
Sch. Code:15887","State : WEST BENGAL
District : PURBA MEDINIPUR",Senior Secondary Level,"Name : THE ROYAL INTERNATIONAL SCHOOL
Head/Principal Name: Partha Sarathi Mukherjee","Address : VILL-SANTIPUR,POST-MECHEDA,DIST-PURBA MEDINIPUR
Website : http://www.risindia.co.in/"
1449,"Aff. No. :2430437
Sch. Code:16321","State : WEST BENGAL
District : PURBA MEDINIPUR",Secondary Level,"Name : APEEJAY SCHOOL HALDIA
Head/Principal Name: Sonali Dutta Bansal","Address : MOUZA-BARGHASIPUR, RAGHUNATHPUR, , JL NO- 156, HALDIA, WEST BENGAL - 721657, PURBA MEDINIPUR
Website : www.apeejayschool.com"
1450,"Aff. No. :2430466
Sch. Code:16383","State : WEST BENGAL
District : PURBA MEDINIPUR",Senior Secondary Level,"Name : THE MOTHER'S INTERNATIONAL INSTITUTE OF EDUCATION
Head/Principal Name: NANDITA DAS","Address : VILL. RAJGODA, , P.O. KELOMAL, , P.S. TAMLUK
Website : https://tmiie.in"
1451,"Aff. No. :2440008
Sch. Code:19180","State : WEST BENGAL
District : PURBA MEDINIPUR",Senior Secondary Level,"Name : JAWAHAR NAVODAYA VIDYALAYA
Head/Principal Name: MAHUA GUHA ROY","Address : AT PO KAPASERIA DISTT PURBA MIDNAPUR WEST BENGAL
Website : www.navodaya.gov.in/nvs/nvs-school/Eastmedinipur/"
1452,"Aff. No. :2430475
Sch. Code:16400","State : WEST BENGAL
District : PURBA MEDINIPUR",Secondary Level,"Name : TECHNO INDIA GROUP PUBLIC SCHOOL KOLAGHAT
Head/Principal Name: SUMAN CHATTOPADHYAY","Address : SAHAPUR, KOLAGHAT, PURBA MEDINIPUR
Website : https://kolaghat.tigps.in/"
1453,"Aff. No. :2430485
Sch. Code:16435","State : WEST BENGAL
District : PURBA MEDINIPUR",Senior Secondary Level,"Name : SWAMI VIVEKANANDA INTERNATIONAL SCHOOL
Head/Principal Name: AVISHEK MANDAL","Address : GOPALCHACK, MOYNA, , PURBA MEDINIPUR, MOYNA,
Website : http://www.svischool.in"
1454,"Aff. No. :2430486
Sch. Code:16461","State : WEST BENGAL
District : PURBA MEDINIPUR",Secondary Level,"Name : SUDHIR INSTITUTE
Head/Principal Name: DOLA MAJUMDAR SASMAL","Address : BRAJANATH CHAK, HALDIA PORT, HALDIA DIST PURBA MEDINIPUR
Website : https://sudhirinstitute.in/"
1455,"Aff. No. :3330542
Sch. Code:16370","State : CHATTISGARH
District : SURGUJA",Senior Secondary Level,"Name : BRILLIANT PUBLIC SCHOOL VASUNDHARA
Head/Principal Name: BABLEE AGARWAL","Address : NEAR VASUNDHARA GREEN VALLEY RESORT, LALMATI RAIGARH ROAD, AMBIKAPUR
Website : https://brilliantabkp.com"
1456,"Aff. No. :3330475
Sch. Code:","State : CHATTISGARH
District : BALOD",Secondary Level,"Name : AGRSEN INTERNATIONAL SCHOOL
Head/Principal Name: Mrs.P ANNAPURNA","Address : VILL.& POST-DAGANIA
Website : http://www.agraseninternationalschool.in"
