sno,aff_no_school_code,state_district,school_head_name,address,website
1,"Aff. No. :530823
Sch. Code:40802","State : HARYANA
District : AMBALA",Senior Secondary Level,"Name : R. D. S. PUBLIC SCHOOL
Head/Principal Name: RAJ KUMAR","Address : IN FRONT OF TEHSIL, REWARI ROAD (DHARUHERA)
Website : www.rdsdharuhera.com"
2,"Aff. No. :530827
Sch. Code:40795","State : HARYANA
District : BHIWANI",Senior Secondary Level,"Name : M.D.SR. SEC. SCHOOL, NEEMRIWALI (BHIWANI)
Head/Principal Name: Dalbir Singh","Address : M.D. SR. SEC. SCHOOL, NEEMRIWALI (BHIWANI), HARYANA.
Website : www.mdssschool.com"
3,"Aff. No. :530853
Sch. Code:40823","State : HARYANA
District : BHIWANI",Senior Secondary Level,"Name : ADARSH SENIOR SECONDARY SCHOOL
Head/Principal Name: SANDEEP POONIA","Address : DHANI RAMJAS ROAD, SIWANI MANDI
Website : http://www.adarshschoolsiwani.com"
4,"Aff. No. :530858
Sch. Code:40829","State : HARYANA
District : BHIWANI",Senior Secondary Level,"Name : H.N. MODEL SR. SEC. SCHOOL
Head/Principal Name: RAJNI KHERA","Address : V.P.O. SANGA
Website : www.hind.ind.in"
5,"Aff. No. :530773
Sch. Code:40747","State : HARYANA
District : BHIWANI",Senior Secondary Level,"Name : MEGA MIND SR. SEC. SCHOOL, TOSHAM
Head/Principal Name: MANISHA WALIA","Address : MEGA MIND SR. SEC. SCHOOL, BHIWANI ROAD, TOSHAM DISTT- BHIWANI (HARYANA)
Website : www.megamindschool.com"
6,"Aff. No. :530776
Sch. Code:40750","State : HARYANA
District : BHIWANI",Senior Secondary Level,"Name : SCR SENIOR SECONDARY SCHOOL
Head/Principal Name: PRIYA GUPTA","Address : CHARKHI, DADRI, BHIWANI, HARYANA
Website : https://scrcharkhi.in/"
7,"Aff. No. :530799
Sch. Code:40773","State : HARYANA
District : BHIWANI",Senior Secondary Level,"Name : K.C.M. ARMY HIGH SCHOOL
Head/Principal Name: DR. SUNITA SINGH","Address : TIGDANA MORE, BHIWANI, HARYANA.
Website : www.kcmasss.in"
8,"Aff. No. :530885
Sch. Code:40855","State : HARYANA
District : BHIWANI",Senior Secondary Level,"Name : GREEN VALLEY INTERNATIONAL SCHOOL
Head/Principal Name: MOHAN LAL","Address : 15 KM STONE, HANSI TOSHAM ROAD, JAMALPUR, DISTT BHIWANI, HARYANA-127035
Website : www.gvisjamalpur.co.in"
9,"Aff. No. :530903
Sch. Code:40872","State : HARYANA
District : BHIWANI",Senior Secondary Level,"Name : ARYA SR. SEC. SCHOOL
Head/Principal Name: PARMENDER CHITORIA","Address : VPO JHOJHU KALAN DISTT. BHIWANI
Website : www.aryaschooljjk.com"
10,"Aff. No. :530918
Sch. Code:40884","State : HARYANA
District : BHIWANI",Senior Secondary Level,"Name : ARYA SR. SEC. SCHOOL
Head/Principal Name: RAJBIR","Address : VPO- DHIGAWA MANDI
Website : https://aryaschooldhigawa.in"
11,"Aff. No. :530921
Sch. Code:40888","State : HARYANA
District : BHIWANI",Senior Secondary Level,"Name : RPS INTERNATIONAL SCHOOL
Head/Principal Name: KIRTI AHUJA","Address : 6.6 MILE STONE, HANSI ROAD, PREM NAGAR.
Website : https://rpsbhiwani.com/"
12,"Aff. No. :530959
Sch. Code:41029","State : HARYANA
District : BHIWANI",Senior Secondary Level,"Name : BASE MODEL SENI SECONDARY SCHOOL
Head/Principal Name: PARVEEN SANGWAN","Address : KALYANA ROAD. CHARKHI DADRI, BHIWANI
Website : www.basemodelschool.com"
13,"Aff. No. :530974
Sch. Code:40933","State : HARYANA
District : BHIWANI",Senior Secondary Level,"Name : ARYANS MODEL SR. SEC.SCHOOL
Head/Principal Name: Vikram Singh","Address : ARYANS MODEL SCHOOL GHIKARA ROAD CH.DADRI BHIWANI(HARYANA) 127306
Website : http://www.aryansmodel.com/"
14,"Aff. No. :530995
Sch. Code:40989","State : HARYANA
District : BHIWANI",Senior Secondary Level,"Name : LITTLE HEARTS PUBLIC SCHOOL
Head/Principal Name: Deepak Joshi","Address : KUSUMBHI MOR, DEVSAR
Website : www.lhpsbhiwani.com"
15,"Aff. No. :531021
Sch. Code:40968","State : HARYANA
District : BHIWANI",Senior Secondary Level,"Name : BITS INTERNATIONAL SCHOOL, BHIWANI
Head/Principal Name: ASHOK KUMAR MUNJAL","Address : NEAR GAUSHALA, MEHAM ROAD, PALUWAS, BHIWANI
Website : http://bisbhiwani.in"
16,"Aff. No. :531040
Sch. Code:40997","State : HARYANA
District : BHIWANI",Senior Secondary Level,"Name : G. R. SENIOR SECONDARY SCHOOL
Head/Principal Name: Mrs Alka Rani","Address : V.P.O. GUJRANI
Website :"
17,"Aff. No. :531065
Sch. Code:41015","State : HARYANA
District : BHIWANI",Senior Secondary Level,"Name : S E D SR. SEC. SCHOOL
Head/Principal Name: BIRENDER SINGH","Address : VILL. DHANI SHANKAR, PO- GOLAGARH, DISTT. & TEL. BHIWANI (HR)
Website : www.sedschool.com"
18,"Aff. No. :531117
Sch. Code:41112","State : HARYANA
District : BHIWANI",Senior Secondary Level,"Name : JINDAL PUBLIC SCHOOL TOSHAM
Head/Principal Name: SHIV KUMAR","Address : VPO TOSHAM DISTT. BHIWANI (HARYANA)
Website : www.jpstosham.com"
19,"Aff. No. :531153
Sch. Code:41126","State : HARYANA
District : BHIWANI",Senior Secondary Level,"Name : SHREE MAHARAJA AGGARSAIN PUBLIC SCHOOL
Head/Principal Name: Meenu","Address : TOSHAM ROAD, SIWANI, BHIWANI,
Website : www.smapschool.com"
20,"Aff. No. :531182
Sch. Code:41154","State : HARYANA
District : BHIWANI",Senior Secondary Level,"Name : SHRI BALA JI SR. SEC. SCHOOL
Head/Principal Name: Subhasmita Nayak","Address : V.P.O KALINGA
Website : www.sbssschool.org"
21,"Aff. No. :531232
Sch. Code:41218","State : HARYANA
District : BHIWANI",Senior Secondary Level,"Name : U.S. INTERNATIONAL SCHOOL
Head/Principal Name: SHYAMA SONI","Address : V.P.O. CHANG BHIWANI
Website : www.usisbhiwani.com"
22,"Aff. No. :531321
Sch. Code:41303","State : HARYANA
District : BHIWANI",Senior Secondary Level,"Name : TAGORE SR SECONDARY SCHOOL
Head/Principal Name: POONAM","Address : BARWA
Website : www.tagoreschoolbarwa.in"
23,"Aff. No. :531352
Sch. Code:41323","State : HARYANA
District : BHIWANI",Senior Secondary Level,"Name : MODEL SANSKRITI SR. SEC. SCHOOL, KHARAK KHURD (BHIWANI)
Head/Principal Name: PARVEEN KUMAR","Address : MODEL SANSKRITI SR. SEC. SCHOOL, KHARAK KHURD BHIWANI-127114 (HARYANA)
Website : www.mspskharak.com"
24,"Aff. No. :531425
Sch. Code:41424","State : HARYANA
District : BHIWANI",Senior Secondary Level,"Name : SARASWATI VIDYA VIHAR SR. SEC. SCHOOL ASALWAS DUBIA
Head/Principal Name: Tejal Soni","Address : VILLAGE ASALWAS DUBIA PO. ASALWAS MARHETHA
Website : https://saraswatividyavihar.netlify.app/"
25,"Aff. No. :531434
Sch. Code:41414","State : HARYANA
District : BHIWANI",Senior Secondary Level,"Name : CAREER PLANET PUBLIC SCHOOL
Head/Principal Name: SUMAN","Address : MEHAM ROAD
Website : www.cppsbhiwani.com"
26,"Aff. No. :531502
Sch. Code:41478","State : HARYANA
District : BHIWANI",Senior Secondary Level,"Name : CBS MEMORIAL SR.SEC. SCHOOL
Head/Principal Name: PARDEEP","Address : MAURI
Website : https://cbsdadri.com"
27,"Aff. No. :531530
Sch. Code:41499","State : HARYANA
District : BHIWANI",Senior Secondary Level,"Name : ADARSH VIDYA MANDIR
Head/Principal Name: Tarang Gaur","Address : GUJRANI MOR MEHAM ROAD,PALUWAS
Website : www.avmbhiwani.edu.in"
28,"Aff. No. :531547
Sch. Code:41523","State : HARYANA
District : BHIWANI",Senior Secondary Level,"Name : VIDYANTRIKSH SR SEC SCHOOL
Head/Principal Name: MUKESH KUMAR","Address : GUJRANI ROAD, VPO- PALWAS, BHIWANI
Website : www.vidyantrikshschool.com"
29,"Aff. No. :531550
Sch. Code:41524","State : HARYANA
District : BHIWANI",Senior Secondary Level,"Name : ANAND SCHOOL FOR EXCELLENCE
Head/Principal Name: NITISH MISHRA","Address : 6 KM. HANSI-BHIWANI ROAD, V.P.O. MILKPUR-II, TEH. BAWANI KHERA, DISTT. BHIWANI(HARYANA) PIN-127032
Website : www.asehansi.com"
30,"Aff. No. :531613
Sch. Code:41595","State : HARYANA
District : BHIWANI",Senior Secondary Level,"Name : SUNRISE SENIOR SECONDARY SCHOOL
Head/Principal Name: Lalit Kumar","Address : VPO BAWANI KHERA DISTT. BHIWANI
Website : http://sunrisesssbawanikhera.com/"
31,"Aff. No. :531632
Sch. Code:41603","State : HARYANA
District : BHIWANI",Senior Secondary Level,"Name : ST. XAVIERS HIGH SCHOOL
Head/Principal Name: Kirti Ahuja","Address : 5 KM MILES STONE BHIWANI DELHI HIGHWAY
Website : www.stxaviersbhiwani.in"
32,"Aff. No. :531668
Sch. Code:41649","State : HARYANA
District : BHIWANI",Senior Secondary Level,"Name : S.L. INTERNATIONAL SCHOOL
Head/Principal Name: PARTEEK","Address : VILLAGE JUI KALAN, POST OFFICE:- JUI KHURD, LOHARU ROAD (BHIWANI)
Website : https://slinternationalschool.in"
33,"Aff. No. :531693
Sch. Code:41671","State : HARYANA
District : BHIWANI",Secondary Level,"Name : ARAVALI MODERN SCHOOL
Head/Principal Name: SHARMILA RANI","Address : VPO KADMA TEH BADHRA CHARKHI DADRI BHIWANI
Website :"
34,"Aff. No. :531699
Sch. Code:41679","State : HARYANA
District : BHIWANI",Senior Secondary Level,"Name : IDEAL SR. SEC SCHOOL
Head/Principal Name: NAVEEN PARIK","Address : VPO CHANG, DISTT-BHIWANI
Website : http://idealssschang.in"
35,"Aff. No. :500018
Sch. Code:44540","State : HARYANA
District : BHIWANI",Senior Secondary Level,"Name : PM SHRI KENDRIYA VIDYALAYA
Head/Principal Name: MOHINDER SINGH","Address : PALUWAS BHIWANI HARYANA
Website : www.paluwas.kvs.ac.in"
36,"Aff. No. :520012
Sch. Code:44011","State : HARYANA
District : BHIWANI",Senior Secondary Level,"Name : GOVT. MODEL SANSKRITI SR. SEC. SCHOOL TOSHAM BHIWANI
Head/Principal Name: SUDESH KUMAR YADAV","Address : NEAR POST OFFICE TOSHAM BHIWANI
Website : www.modelschooltosham.in"
37,"Aff. No. :520101
Sch. Code:44076","State : HARYANA
District : BHIWANI",Senior Secondary Level,"Name : GMSSSS SIWANI MANDI
Head/Principal Name: SURESH KUMAR","Address : RAILWAY ROAD, SIWANI MANDI
Website : www.gmsssssiwanimandi.com"
38,"Aff. No. :520103
Sch. Code:44079","State : HARYANA
District : BHIWANI",Senior Secondary Level,"Name : GOVERNMENT MODEL SANSKRITI SENIOR SECONDARY SCHOOL
Head/Principal Name: MADAN KUMAR","Address : PRINCIPAL GMSSSS KAIRU
Website : www gmsssskairu.com"
39,"Aff. No. :520124
Sch. Code:44100","State : HARYANA
District : BHIWANI",Senior Secondary Level,"Name : GOVERNMENT MODEL SANSKRITI SENIOR SECONDARY SCHOOL BEHAL
Head/Principal Name: KRISHAN KUMAR","Address : VPO BEHAL LOHARU ROAD
Website : http://WWW.GMSSSSBEHAL.COM"
40,"Aff. No. :520129
Sch. Code:44105","State : HARYANA
District : BHIWANI",Senior Secondary Level,"Name : GMSSSS LOHARU
Head/Principal Name: POONAM SHEORAN","Address : OPPOSITE POLICE STATION LOHARU, DISTT BHIWANI
Website : www.gmssssloharu.com"
41,"Aff. No. :520144
Sch. Code:44122","State : HARYANA
District : BHIWANI",Senior Secondary Level,"Name : GOVT. MODEL SANSKRITI SR. SEC. SCHOOL BHIWANI
Head/Principal Name: SAVITA","Address : NEAR SAI HOSTEL, NEAR PARK COLONY,HANSI GATE
Website : www.gmssssbwn.com"
42,"Aff. No. :520151
Sch. Code:44129","State : HARYANA
District : BHIWANI",Senior Secondary Level,"Name : GOVERNMENT MODEL SANSKRITI SENIOR SECONDARY SCHOOL
Head/Principal Name: ANAND KUMAR","Address : BAWANI KHERA BAWANI KHERA
Website : www.gsssbk.edu.in"
43,"Aff. No. :520227
Sch. Code:44206","State : HARYANA
District : BHIWANI",Senior Secondary Level,"Name : PM SHRI GSSS LEGHAN
Head/Principal Name: KRISHAN KUMAR","Address : VPO LEGHAN HETWAN , BLOCK -KAIRU TEH BHIWANI, .
Website : https://www.pmshrigsssleghan.com"
44,"Aff. No. :520244
Sch. Code:44223","State : HARYANA
District : BHIWANI",Senior Secondary Level,"Name : PM SHRI GOVT. GIRLS SR. SEC. SCHOOL LOHARU
Head/Principal Name: DARSHANA KUMARI","Address : PM SHRI GGSSS LOHARU, NEAR BUS STAND LOHARU, LOHARU
Website : www.pmsggsssloharu.com"
45,"Aff. No. :520284
Sch. Code:44263","State : HARYANA
District : BHIWANI",Senior Secondary Level,"Name : VEER SHAHEED SHRI RAMPHAL PM SHRI GOVERNMENT SR SEC SCHOOL
Head/Principal Name: KULDEEP SINGH","Address : KALOD GUDHA, SIWANI, BHIWANI
Website : https://pmshrikalod.in/"
46,"Aff. No. :520312
Sch. Code:44291","State : HARYANA
District : BHIWANI",Senior Secondary Level,"Name : VEER SHAHEED SHRI GULAB SINGH PM SHRI GOVERNMENT GIRLS SENIOR SECONDARY SCHOOL
Head/Principal Name: ANAND KUMAR","Address : BAWANI KHERA, NEAR BADA GORVA, BAWANI KHERA
Website : https://pmshriggsssbk.com"
47,"Aff. No. :520332
Sch. Code:44315","State : HARYANA
District : BHIWANI",Senior Secondary Level,"Name : PM SHRI GGSSS BHIWANI
Head/Principal Name: Sushila","Address : OPP CIVIL HOSPITAL, GHANTA GHAR, BHIWANI
Website : HTTP://PMSGGSSSBWN.COM"
48,"Aff. No. :520334
Sch. Code:44317","State : HARYANA
District : BHIWANI",Senior Secondary Level,"Name : PM SHRI GOVERNMENT GIRLS SENIOR SECONDARY SCHOOL BEHAL
Head/Principal Name: VISHNU KUMAR","Address : BEHAL, BEHAL, BEHAL
Website : https://pmshriggsssbehal.com/"
49,"Aff. No. :520342
Sch. Code:44325","State : HARYANA
District : BHIWANI",Senior Secondary Level,"Name : VSSS PM SHRI GSSS BAJINA
Head/Principal Name: Anoop Singh","Address : VPO BAJINA, VPO BAJINA, VPO BAJINA
Website : https://pmsbajina.edu.in/"
50,"Aff. No. :530016
Sch. Code:40009","State : HARYANA
District : BHIWANI",Senior Secondary Level,"Name : BAPTIST SENIOR SEC SCHOOL
Head/Principal Name: AMOL SMITH","Address : ASHOKA ROAD BHIWANI HARYANA
Website :"
51,"Aff. No. :530024
Sch. Code:40008","State : HARYANA
District : BHIWANI",Senior Secondary Level,"Name : PUBLIC SCHOOL BAL BHAWAN
Head/Principal Name: MANJUSHA MEHTA","Address : MAHAM GATE, BHIWANI HARYANA
Website : www.psbb.in"
52,"Aff. No. :530025
Sch. Code:40010","State : HARYANA
District : BHIWANI",Senior Secondary Level,"Name : HALWASIYA VIDYA VIHAR SR SEC SCHOOL
Head/Principal Name: VIMLESH ARYA","Address : ROHTAK GATE BHIWANI HARYANA
Website : http://halwasiyavidyavihar.in/"
53,"Aff. No. :530108
Sch. Code:40109","State : HARYANA
District : BHIWANI",Senior Secondary Level,"Name : VAISH MODEL SR. SEC SCHOOL
Head/Principal Name: Kamla Gureja","Address : LOHARU ROAD CHETNA SADAN BHIWANI, HARYANA
Website : www.vaishmodelschoolbhiwani.com"
54,"Aff. No. :530128
Sch. Code:40112","State : HARYANA
District : BHIWANI",Senior Secondary Level,"Name : B R C M PUBLIC SCHOOL
Head/Principal Name: SANDEEP TANDON","Address : BAHAL DISTT. BHIWANI HARYANA
Website : https://www.brcmschool.edu.in/"
55,"Aff. No. :530143
Sch. Code:40133","State : HARYANA
District : BHIWANI",Senior Secondary Level,"Name : D A V CENTENARY PUBLIC SCHOOL
Head/Principal Name: JAGDIP KAUR","Address : KAUNT ROAD BHIWANI HARYANA
Website : www.davbhiwani.org"
56,"Aff. No. :530275
Sch. Code:40265","State : HARYANA
District : BHIWANI",Senior Secondary Level,"Name : BHIWANI PUBLIC SCHOOL
Head/Principal Name: RUPENDRA KRISHAN CHANDNA","Address : SECT 14 BHIWANI HARYANA
Website : www.bpsbhiwani.in"
57,"Aff. No. :530276
Sch. Code:40273","State : HARYANA
District : BHIWANI",Senior Secondary Level,"Name : K M PUBLIC SCHOOL
Head/Principal Name: RENU SAINI","Address : HANSI ROAD BHIWANI HARYANA
Website : www.kmpsbhiwani.com"
58,"Aff. No. :530297
Sch. Code:40275","State : HARYANA
District : BHIWANI",Senior Secondary Level,"Name : APEEJAY SCHOOL
Head/Principal Name: Vineet Vasishtha","Address : COLLEGE ROAD CHARKHI DADRI DISTT BHIWANI HARYANA
Website : www.apeejay.edu/dadri"
59,"Aff. No. :530320
Sch. Code:40309","State : HARYANA
District : BHIWANI",Senior Secondary Level,"Name : DRONACHARYA SHIKSHA NIKETAN
Head/Principal Name: PUSHPA KAUSHIK","Address : CIRCULAR ROAD NEAR AGARSEN CHOWK BHIWANI HARYANA
Website :"
60,"Aff. No. :530333
Sch. Code:40328","State : HARYANA
District : BHIWANI",Senior Secondary Level,"Name : SHREE KRISHNA PRANAMI PUBLIC SCHOOL
Head/Principal Name: SUNIL SHARMA","Address : RUPANA ROAD SIWANI MANDI DISTT BHIWANI HARYANA
Website : www.skpps.org"
61,"Aff. No. :530620
Sch. Code:40602","State : HARYANA
District : BHIWANI",Senior Secondary Level,"Name : BAWANI KHERA SENIOR SECONDARY SCHOOL
Head/Principal Name: PANKAJ KUMAR MISHRA","Address : BAWANI KHERA, DISTT BHIWANI, HARYANA
Website : www.bkssps.com"
62,"Aff. No. :530641
Sch. Code:40613","State : HARYANA
District : BHIWANI",Senior Secondary Level,"Name : CITY SENIOR SECONDARY SCHOOL
Head/Principal Name: Manmohan Singh","Address : BAWANI KHERA, BHIWANI, HARYANA
Website : www.cityschoolbk.in"
63,"Aff. No. :530661
Sch. Code:40638","State : HARYANA
District : BHIWANI",Senior Secondary Level,"Name : THUKRAL PUBLIC SENIOR SECONDARY SCHOOL
Head/Principal Name: Saroj Sharma","Address : PILANI ROAD, LOHARU, BHIWANI, HARYANA.
Website : www.tpsloharu.com"
64,"Aff. No. :530718
Sch. Code:40699","State : HARYANA
District : BHIWANI",Senior Secondary Level,"Name : DELHI WORLD PUBLIC SCHOOL
Head/Principal Name: Nirmala Neetu","Address : DEVSAR MORH, LOHARU ROAD, BHIWANI
Website : www.dwpsbhiwani.in"
65,"Aff. No. :530737
Sch. Code:40715","State : HARYANA
District : BHIWANI",Senior Secondary Level,"Name : ADARSH SENIOR SECONDARY SCHOOL
Head/Principal Name: BHARAT BHUSHAN","Address : GULSHAN NAGAR , HISAR ROAD, DISTT BHIWANI, HARYANA
Website : www.adarshschool.co.in"
66,"Aff. No. :530761
Sch. Code:40746","State : HARYANA
District : BHIWANI",Senior Secondary Level,"Name : SANT ROSHAN LAL VIDYA MANDIR(SR.SEC.SCHOOL)
Head/Principal Name: PREMLATA","Address : V.P.O.DHANI MAHU
Website : https://srlvmdhanimahu.yaduvanshigroup.edu.in/"
67,"Aff. No. :531756
Sch. Code:41734","State : HARYANA
District : BHIWANI",Senior Secondary Level,"Name : SHREE RAM INTERNATIONAL SCHOOL
Head/Principal Name: MANOJ KUMAR AGARWAL","Address : PILANI ROAD, VPO BAHAL
Website : www.srisbahal.in"
68,"Aff. No. :531757
Sch. Code:41745","State : HARYANA
District : BHIWANI",Senior Secondary Level,"Name : DAV POLICE PUBLIC SCHOOL
Head/Principal Name: KUSUM SHARMA","Address : POLICE LINES,BHIWANI
Website : www.davppsbhiwani.com"
69,"Aff. No. :531770
Sch. Code:41770","State : HARYANA
District : BHIWANI",Senior Secondary Level,"Name : PT SITARAM SHASTRI GIRLS SR SEC SCHOOL BHIWANI
Head/Principal Name: SONIA KAUSHIK","Address : BHIWANI
Website : www.psrsgsss.co"
70,"Aff. No. :531780
Sch. Code:41758","State : HARYANA
District : BHIWANI",Senior Secondary Level,"Name : DISHA INNTERNATIONAL SCHOOL
Head/Principal Name: Rajkala","Address : 4TH MILE STONE, DADRI ROAD, LOHARU
Website : http://dishaloharu.com/"
71,"Aff. No. :531794
Sch. Code:41772","State : HARYANA
District : BHIWANI",Senior Secondary Level,"Name : SHT GLOBAL SR SEC SCHOOL
Head/Principal Name: Kamlesh Kumari","Address : VPO LOHANI TEHSIL & DISTT. BHIWANI
Website : https://shtschoolglobal.com/"
72,"Aff. No. :531791
Sch. Code:41792","State : HARYANA
District : BHIWANI",Senior Secondary Level,"Name : THE ARYAN SCHOOL
Head/Principal Name: LAXMI TOMAR","Address : 7 K.M. STONE, LOHARU ROAD, DEVSAR, BHIWANI
Website : https://www.thearyanschool.org/"
73,"Aff. No. :531830
Sch. Code:41822","State : HARYANA
District : BHIWANI",Senior Secondary Level,"Name : OASIS GLOBAL SCHOOL
Head/Principal Name: Mrs BRIJESH DEVI","Address : OASIS GLOBAL SCHOOL, DADRI LOHARU ROAD, LOHARU, BHIWANI
Website :"
74,"Aff. No. :531843
Sch. Code:41839","State : HARYANA
District : BHIWANI",Senior Secondary Level,"Name : BIDHWAN INTERNATIONAL PUBLIC SCHOOL
Head/Principal Name: VISHANT","Address : BIDHWAN INT. PUBLIC SCHOOL, BIDHWAN
Website : https://www.bipsbidhwan.com"
75,"Aff. No. :531866
Sch. Code:41864","State : HARYANA
District : BHIWANI",Senior Secondary Level,"Name : BDSPUBLICSCHOOL
Head/Principal Name: KAVITA KAUSHIK","Address : BDS PUBLIC SCHOOL BADESRA, BHIWANI
Website : www.bdsacademybadesra.com"
76,"Aff. No. :531903
Sch. Code:41790","State : HARYANA
District : BHIWANI",Senior Secondary Level,"Name : ADARSH CONVENT SENIOR SECONDARY SCHOOL KAIRU, BHIWANI
Head/Principal Name: K.SUBBULAKSHMI","Address : VPO KAIRU
Website : www.adarshconventschoolkairu.in"
77,"Aff. No. :531970
Sch. Code:41972","State : HARYANA
District : BHIWANI",Senior Secondary Level,"Name : UPDESH SR. SEC. SCHOOL
Head/Principal Name: Dharamvir Singh","Address : TEH. LOHARU, DISTT. BHIWANI
Website : www.updeshssschool.com"
78,"Aff. No. :531975
Sch. Code:41978","State : HARYANA
District : BHIWANI",Senior Secondary Level,"Name : SARVODAYA PUBLIC SCHOOL
Head/Principal Name: NARAYAN SHARMA","Address : TEH-LOHARU, DISTT-BHIWANI
Website : www.spsdhigawa.com"
79,"Aff. No. :532010
Sch. Code:42016","State : HARYANA
District : BHIWANI",Senior Secondary Level,"Name : BRCM GYANKUNJ SCHOOL
Head/Principal Name: Rajesh Kumar Jhajharia","Address : BAHAL, PILANI ROAD
Website : http://www.brcmgyankunj.edu.in/"
80,"Aff. No. :532024
Sch. Code:42031","State : HARYANA
District : BHIWANI",Senior Secondary Level,"Name : BABA MUNGIPA VIDYA PEETH SENIOR SECONDARY SCHOOL
Head/Principal Name: PARMOD KUMAR","Address : TEHSIL TOSHAM, DISTRICT BHIWANI
Website : http://www.bmvpsss.com"
81,"Aff. No. :532050
Sch. Code:42060","State : HARYANA
District : BHIWANI",Secondary Level,"Name : THE MOTHER'S INTERNATIONAL SCHOOL
Head/Principal Name: SURKSHA DEVI","Address : NEAR BYPASS, DHANI RAMJAS
Website : https://vkr328.wixsite.com/tmis"
82,"Aff. No. :532087
Sch. Code:42108","State : HARYANA
District : BHIWANI",Secondary Level,"Name : MANHERU PUBLIC SCHOOL
Head/Principal Name: Madhu Rani","Address : V.P.O. MANHERU, TEHSIL BHIWANI
Website : http://mpsmanheru.com"
83,"Aff. No. :532122
Sch. Code:42151","State : HARYANA
District : BHIWANI",Senior Secondary Level,"Name : TRIVENI PUBLIC SR. SEC. SCHOOL, VILL. BHANGARH
Head/Principal Name: Kamlesh Rani","Address : TRIVENI PUBLIC SR.SEC. SCHOOL, VILLAGE BHANGARH, POST OFFICE BHANGARH
Website : http://www.tpsssbhangarh.in"
84,"Aff. No. :532137
Sch. Code:42170","State : HARYANA
District : BHIWANI",Senior Secondary Level,"Name : LITTLE HEARTS INTERNATIONAL SCHOOL
Head/Principal Name: ARTI SHARMA","Address : PLOT NO. 1, SECTOR-13, HUDA, BHIWANI, PLOT NO. 1, SECTOR-13, HUDA, BHIWANI, PLOT NO. 1, SECTOR-13, HUDA, BHIWANI
Website : www.huda.lhpsbhiwani.com"
85,"Aff. No. :532162
Sch. Code:42198","State : HARYANA
District : BHIWANI",Senior Secondary Level,"Name : VAISH INTERNATIONAL SCHOOL
Head/Principal Name: KARTAR SINGH","Address : DEVSAR CHUNGI , CIRCULAR ROAD, BHIWANI
Website : https://visbhiwani.co.in"
86,"Aff. No. :532172
Sch. Code:42209","State : HARYANA
District : BHIWANI",Senior Secondary Level,"Name : H.R.M. SR .SEC. SCHOOL
Head/Principal Name: JOGENDER SANGWAN","Address : VILL- AMIRWAS , P.O -BUDHERA, TESH-LOHARU
Website : https://hrmschool.in/"
87,"Aff. No. :532188
Sch. Code:42226","State : HARYANA
District : BHIWANI",Senior Secondary Level,"Name : DRP BHIWANI PUBLIC SCHOOL
Head/Principal Name: ASHA PAHUJA","Address : PLOT NO. 2, SECTOR-13, HUDA, BHIWANI, HARYANA
Website : www.drpbps.in"
88,"Aff. No. :532216
Sch. Code:42257","State : HARYANA
District : BHIWANI",Senior Secondary Level,"Name : THE BLUE BIRD GLOBAL SCHOOL GUJRANI
Head/Principal Name: ANAMIKA NAITHANI","Address : GUJRANI-MEHAM ROAD, VPO - GUJRANI, BLOCK- GUJRANI
Website : www.thebluebirdglobalschool.in"
89,"Aff. No. :532251
Sch. Code:42300","State : HARYANA
District : BHIWANI",Senior Secondary Level,"Name : N.D. INTERNATIONAL SCHOOL
Head/Principal Name: Satpal","Address : VILLAGE AND POST- DINOD, DISTRICT- BHIWANI, HARYANA 127111
Website : https://www.ndinternationalschool.com/"
90,"Aff. No. :532281
Sch. Code:42336","State : HARYANA
District : BHIWANI",Senior Secondary Level,"Name : RAINBOW INTERNATIONAL SCHOOL
Head/Principal Name: PINKAL RANI","Address : TOSHAM ROAD, NEAR MATA MANDIR, BAWANI KHERA
Website : https://risbawanikhera.com/"
91,"Aff. No. :532285
Sch. Code:42341","State : HARYANA
District : BHIWANI",Senior Secondary Level,"Name : G D GOENKA GLOBAL SCHOOL
Head/Principal Name: PREETI BALA","Address : ISHWARWAL ROAD , SIWANI, SIWANI
Website : https://www.gdgoenkasiwani.com"
92,"Aff. No. :532286
Sch. Code:42342","State : HARYANA
District : BHIWANI",Senior Secondary Level,"Name : GD GOENKA PUBLIC SCHOOL
Head/Principal Name: GARIMA SAWLANI","Address : 5 KM STONE, ROHTAK BHIWANI ROAD, BHIWANI
Website : www.gdgoenkabhiwani.com"
93,"Aff. No. :532326
Sch. Code:42388","State : HARYANA
District : BHIWANI",Senior Secondary Level,"Name : AIM CONVENT SENIOR SECONDARY SCHOOL
Head/Principal Name: RAJESHWARI","Address : VILLAGE - POHKARWAS, DISTRICT - BHIWANI, HARYANA
Website : https://aimconventschool.in/"
94,"Aff. No. :532328
Sch. Code:42390","State : HARYANA
District : BHIWANI",Senior Secondary Level,"Name : GLOBAL SENIOR SECONDARY SCHOOL
Head/Principal Name: SANJAY KUMAR","Address : VPO MIRAN TEH.TOSHAM. DISTT.BHIWANI, VPO MIRAN,TEH.TOSHAM,DISTT.BHIWANI, VPO MIRAN,TEH. TOSHAM ,DISTT. BHIWANI
Website : www.globalmiran.in"
95,"Aff. No. :532339
Sch. Code:42403","State : HARYANA
District : BHIWANI",Senior Secondary Level,"Name : DHANANA PUBLIC SR. SEC. SCHOOL
Head/Principal Name: PARMOD KUMAR","Address : DHANANA, DHANANA, BHIWANI
Website : https://dpsdhanana.com/"
96,"Aff. No. :540009
Sch. Code:44509","State : HARYANA
District : BHIWANI",Senior Secondary Level,"Name : PM SHRI SCHOOL JAWAHAR NAVODAYA SCHOOL
Head/Principal Name: Vinod kumar","Address : VILLAGE & P.O. DEVRALA DT. BHIWANI HARYANA
Website : https://www.navodaya.gov.in/nvs/nvs-school/BHIWANI"
97,"Aff. No. :540006
Sch. Code:44510","State : HARYANA
District : FARIDABAD",Senior Secondary Level,"Name : PM SHRI SCHOOL JAWAHAR NAVODAYA VIDYALAYA
Head/Principal Name: ANIL KUMAR YADAV","Address : CHHINSA MOTHUKA P O CHANDPUR BALLABGARH FARIDABAD HARYANA
Website : www.navodaya.gov.in/nvs/nvs-school/FARIDABAD/en/home"
98,"Aff. No. :580007
Sch. Code:40206","State : HARYANA
District : FARIDABAD",Secondary Level,"Name : AIR FORCE SCHOOL
Head/Principal Name: RAJ GUPTA","Address : C/O 56 ASP N.H.14 FARIDABAD HARYANA
Website :"
99,"Aff. No. :532331
Sch. Code:42394","State : HARYANA
District : FARIDABAD",Senior Secondary Level,"Name : KANCHAN VIDYA MANDIR SR.SEC.SCHOOL
Head/Principal Name: PINKI KAUSHIK","Address : RAJEEV COLONY (JHARSAINTLY), SEC-56, BALLABGARH,, FARIDABAD
Website : HTTPS://WWW.KANCHANVIDYAMANDIR.EDU.IN"
100,"Aff. No. :532318
Sch. Code:42378","State : HARYANA
District : FARIDABAD",Senior Secondary Level,"Name : SKYLARK GLOBAL SCHOOL
Head/Principal Name: Kamlesh Kumari","Address : SEC 56/A, RAJEEV COLONY,, DAGAR FARM HOUSE, SOHNA SAMAYPUR ROAD, BALLABGARH
Website : www.skylarkglobalschool.com"
101,"Aff. No. :532320
Sch. Code:42380","State : HARYANA
District : FARIDABAD",Senior Secondary Level,"Name : KRISHNA PUBLIC SCHOOL
Head/Principal Name: SUNNY KUMAR SHARMA","Address : SEHATPUR, SEHATPUR, FARIDABAD
Website : https://krishnapublicschool.net"
102,"Aff. No. :532306
Sch. Code:42364","State : HARYANA
District : FARIDABAD",Secondary Level,"Name : BHUPANI PUBLIC HIGH SCHOOL
Head/Principal Name: DAYAWATI","Address : BHUPANI MOR, NEAR BSNL TOWER, SECTOR 89
Website : www.bhupanipublicschool.com"
103,"Aff. No. :532274
Sch. Code:42328","State : HARYANA
District : FARIDABAD",Senior Secondary Level,"Name : ROYAL CONVENT SCHOOL
Head/Principal Name: USHA SHARMA","Address : BHAGAT SINGH COLONY BALLABGARH, BHAGAT SINGH COLONY BALLABGARH, BHAGAT SINGH COLONY BALLABGARH
Website : http://www.royalconventschool.in"
104,"Aff. No. :532250
Sch. Code:42298","State : HARYANA
District : FARIDABAD",Secondary Level,"Name : AKSHARAM SCHOOL
Head/Principal Name: ABHA SRIVASTAVA","Address : PA BLOCK, BPTP PARKLANDS PRIDE, SECTOR 77
Website : https://aksharamschool.co.in/"
105,"Aff. No. :532242
Sch. Code:42285","State : HARYANA
District : FARIDABAD",Senior Secondary Level,"Name : CH CHIRANJI LAL CHANDILA SR. SEC. SCHOOL
Head/Principal Name: RAJNI SHARMA","Address : GAUNCHHI, 33 FEET ROAD, NEAR CHANDILA CHOWK GAUNCHHI, FARIDABAD
Website : https://chandilaschool.in/"
106,"Aff. No. :532238
Sch. Code:42281","State : HARYANA
District : FARIDABAD",Senior Secondary Level,"Name : GYAN PUBLIC SENIOR SECONDARY SCHOOL
Head/Principal Name: RINKI KUMARI","Address : VILLAGE KABOOLPUR KHADAR, TEH. TIGAON, FARIDABAD
Website : http://www.gyanpublicschool.com"
107,"Aff. No. :532226
Sch. Code:42269","State : HARYANA
District : FARIDABAD",Secondary Level,"Name : GCM PUBLIC SENIOR SECONDARY SCHOOL
Head/Principal Name: SUSHIL KUMAR","Address : VILL. NAWADA SECTOR -109-B, TIGAON, BALLABGARH
Website : http://www.gcmpublicschoolnawada.com"
108,"Aff. No. :532195
Sch. Code:42234","State : HARYANA
District : FARIDABAD",Senior Secondary Level,"Name : BETHANY CONVENT SCHOOL
Head/Principal Name: SHANTI LUHAR","Address : PALI POST, PAKHAL VILLAGE, SOHANA ROAD
Website : https://bethanyconventschoolpakhal.in"
109,"Aff. No. :532201
Sch. Code:42240","State : HARYANA
District : FARIDABAD",Senior Secondary Level,"Name : NEW DELHI PUBLIC SCHOOL
Head/Principal Name: PAWAN KUMAR","Address : SECTOR-75, Q-BLOCK, BPTP
Website : https://newdelhipublicschool75.com/"
110,"Aff. No. :532183
Sch. Code:42221","State : HARYANA
District : FARIDABAD",Senior Secondary Level,"Name : THE SHREE JI SCHOOL
Head/Principal Name: DR. MONIKA MEHTA","Address : 1, LAKEWOOD CITY,, SECTOR - 39 , SURAJKUND ROAD
Website : https://theshreeji.com"
111,"Aff. No. :532146
Sch. Code:42181","State : HARYANA
District : FARIDABAD",Senior Secondary Level,"Name : G. D. GOENKA PUBLIC SCHOOL
Head/Principal Name: Ankita Chakraborty","Address : SECTOR-89, FARIDABAD, HARYANA
Website : https://www.gdgoenkafaridabad.com/"
112,"Aff. No. :532062
Sch. Code:42072","State : HARYANA
District : FARIDABAD",Secondary Level,"Name : PRINCE INTERNATIONAL SCHOOL
Head/Principal Name: USHA SHARMA","Address : DABUA - GHAZIPUR ROAD,, FARIDABAD
Website : https://princeschools.com/"
113,"Aff. No. :531898
Sch. Code:41901","State : HARYANA
District : FARIDABAD",Senior Secondary Level,"Name : KUNDAN GLOBAL SCHOOL
Head/Principal Name: ARTI PATHAK","Address : PS-02 POCKET-G SECTOR 89 GREATER FARIDABAD (HARYANA 121002)
Website : https://kundanglobalschool.com/"
114,"Aff. No. :531891
Sch. Code:41893","State : HARYANA
District : FARIDABAD",Senior Secondary Level,"Name : ROSE VALLEY INTERNATIONAL SCHOOL
Head/Principal Name: MAMTA","Address : VILLAGE NANGLA GUJRAN FARIDABAD
Website : https://rosevalleyinternationalschool.in/"
115,"Aff. No. :531896
Sch. Code:41899","State : HARYANA
District : FARIDABAD",Senior Secondary Level,"Name : FOGAAT PUBLIC SR. SEC. SCHOOL
Head/Principal Name: DR. SATISH KUMAR FOGAAT","Address : RAJEEV COLONY, SAMAYPUR ROAD, BALLABGARH, SECTOR-56, FARIDABAD-121004
Website : www.fogaatschool.com"
116,"Aff. No. :531884
Sch. Code:41884","State : HARYANA
District : FARIDABAD",Senior Secondary Level,"Name : HOLY CHILD PUBLIC SCHOOL
Head/Principal Name: VANDANA BHATIA","Address : BLOCK-S, SECTOR-75, GREATER FARIDABAD
Website : www.holychildfaridabad.com"
117,"Aff. No. :531889
Sch. Code:41891","State : HARYANA
District : FARIDABAD",Secondary Level,"Name : SHIV VIDYA NIKETAN SCHOOL
Head/Principal Name: Gurpreet Jaswal","Address : VILLAGE ISMAILPUR, FARIDABAD
Website : https://shivvidyaniketanschool.in"
118,"Aff. No. :531910
Sch. Code:41910","State : HARYANA
District : FARIDABAD",Secondary Level,"Name : SHANTI NIKETAN PUBLIC SCHOOL
Head/Principal Name: Disha Magoo","Address : SECTOR 21 A ?????? 21 ?
Website : http://shantiniketanschool.net/"
119,"Aff. No. :531912
Sch. Code:41912","State : HARYANA
District : FARIDABAD",Senior Secondary Level,"Name : S.D.MEMORIAL.SR.SEC.SCHOOL
Head/Principal Name: TEEKA RAM","Address : V.P.O MOHNA, TEH. BALLABHGARH
Website : https://website-builder.teachmint.com/website-builder?token="
120,"Aff. No. :531920
Sch. Code:41921","State : HARYANA
District : FARIDABAD",Senior Secondary Level,"Name : NARAYANA E-TECHNO SCHOOL
Head/Principal Name: NETHRAVATHI G","Address : SECTOR-77, FARIDABAD, DISTT. FARIDABAD, HARYANA
Website : https://www.narayanaschools.in/"
121,"Aff. No. :531930
Sch. Code:41934","State : HARYANA
District : FARIDABAD",Senior Secondary Level,"Name : JAGRITI VIDYA NIKETAN SENIOR SECONDARY SCHOOL
Head/Principal Name: BALDEV SINGH","Address : VPO MOHNA TEHSIL BALLABGARH FARIDABAD
Website :"
122,"Aff. No. :531877
Sch. Code:41875","State : HARYANA
District : FARIDABAD",Senior Secondary Level,"Name : SAINIK PUBLIC SR SEC SCHOOL
Head/Principal Name: UDHAM SINGH","Address : SECTOR 63 NEAR UNCHA GAON TEH BALLABGARH DISTT FARIDABAD
Website : https://sainikpublicschool.org/"
123,"Aff. No. :531842
Sch. Code:41838","State : HARYANA
District : FARIDABAD",Senior Secondary Level,"Name : ST.COLUMBUS GLOBAL SCHOOL
Head/Principal Name: BABITA CHAUDHARY","Address : RPS AURIA, SECTOR-88 FARIDABAD
Website : www.stcolumbusglobal.com"
124,"Aff. No. :531852
Sch. Code:41849","State : HARYANA
District : FARIDABAD",Senior Secondary Level,"Name : ARAVALI INTERNATIONAL SCHOOL SECTOR-85 GREATER FARIDABAD
Head/Principal Name: RUBY TANEJA","Address : BLOCK D SECTOR 85 , GREATER FARIDABAD
Website : www.aravali.edu.in"
125,"Aff. No. :531859
Sch. Code:41856","State : HARYANA
District : FARIDABAD",Senior Secondary Level,"Name : TM PUBLIC SCHOOL
Head/Principal Name: PRATIBHA KIRAN","Address : RAJIV COLONY BALLABGARH FARIDABAD
Website : www.tmpublicschool.com"
126,"Aff. No. :531862
Sch. Code:41860","State : HARYANA
District : FARIDABAD",Senior Secondary Level,"Name : NORTHLAND GLOBAL SCHOOL
Head/Principal Name: UPENDRA SINGH RATHEE","Address : SECTOR-88
Website : http://www.northlandglobalschool.in"
127,"Aff. No. :531863
Sch. Code:41861","State : HARYANA
District : FARIDABAD",Senior Secondary Level,"Name : MILLENNIUM WORLD SCHOOL
Head/Principal Name: NEHA KHERA","Address : B BLOCK,BPTP PARKLAND, SECTOR-85, FARIDABAD
Website : https://www.millenniumworldschool.in/"
128,"Aff. No. :531844
Sch. Code:41840","State : HARYANA
District : FARIDABAD",Secondary Level,"Name : ASHIRWAD PUBLIC HIGH SCHOOL
Head/Principal Name: RAJNI BALA","Address : ASHIRWAD PUBLIC HIGH SCHOOL NEAR 21 D POLICE CHOWKI S G M NAGAR FARIDABAD
Website : www.ashirwadschool.com"
129,"Aff. No. :531827
Sch. Code:41819","State : HARYANA
District : FARIDABAD",Senior Secondary Level,"Name : AL FAIZ MODERN SCHOOL
Head/Principal Name: Irshad Khan","Address : VILLAGE AND POST OFFICE DHAUJ FARIDABAD
Website : http://www.alfaizmodernschool.edu.in"
130,"Aff. No. :531831
Sch. Code:41823","State : HARYANA
District : FARIDABAD",Senior Secondary Level,"Name : DAV POLICE PUBLIC SCHOOL FARIDABAD
Head/Principal Name: HEMA ARORA","Address : POLICE LINES SECTOR-30 FARIDABAD
Website : www.davppsfbd.in"
131,"Aff. No. :531784
Sch. Code:41762","State : HARYANA
District : FARIDABAD",Senior Secondary Level,"Name : EMERALD INTERNATIONAL SCHOOL
Head/Principal Name: MANISHA GULATI","Address : SECTOR 31
Website : www.emeraldinternationalschool.com"
132,"Aff. No. :531777
Sch. Code:41755","State : HARYANA
District : FARIDABAD",Senior Secondary Level,"Name : DELHI PUBLIC SCHOOL, SECTOR-98, GREATER FARIDABAD
Head/Principal Name: SWARNANGINI GUPTA","Address : DELHI PUBLIC SCHOOL SECTOR-98 GREATER FARIDABAD
Website : www.dpssec98.com"
133,"Aff. No. :531773
Sch. Code:41751","State : HARYANA
District : FARIDABAD",Senior Secondary Level,"Name : K.R.MANGALAM WORLD SCHOOL
Head/Principal Name: Mukta Bakshi","Address : RPS CITY, SECTOR 88
Website : www.krmangalam.com"
134,"Aff. No. :531774
Sch. Code:41752","State : HARYANA
District : FARIDABAD",Senior Secondary Level,"Name : OM SHIKSHA SANSKAR SCHOOL
Head/Principal Name: ANJU KUMARI","Address : OM SHIKSHA SANSKAR SCHOOL VPO-PALI-FARIDABAD-121004
Website : https://omshikshasanskarschool.org"
135,"Aff. No. :531761
Sch. Code:41739","State : HARYANA
District : FARIDABAD",Senior Secondary Level,"Name : KALKA PUBLIC SCHOOL
Head/Principal Name: ONIKA MEHROTRA","Address : KALKA PUBLIC SCHOOL, BPTP PARKLANDS, BLOCK - V, SECTOR 76, FARIDABAD (HARYANA)
Website : www.kpsbptp.com"
136,"Aff. No. :531765
Sch. Code:41744","State : HARYANA
District : FARIDABAD",Senior Secondary Level,"Name : SHIVA PUBLIC SENIOR SECONDARY SCHOOL
Head/Principal Name: RAJU SINGH","Address : SEEKRI BALLABGARH
Website : http://www.shivapublicschools.in"
137,"Aff. No. :530762
Sch. Code:40728","State : HARYANA
District : FARIDABAD",Senior Secondary Level,"Name : ST.LUKE CONVENT SCHOOL
Head/Principal Name: KAPIL ADLAKHA","Address : VILLAGE-CHANDPUR, TEHSIL- BALLABHGARH, DISTRICT- FARIDABAD.
Website : www.stlukeconventschool.com"
138,"Aff. No. :530736
Sch. Code:40713","State : HARYANA
District : FARIDABAD",Senior Secondary Level,"Name : TAKSH-SHILA MODEL SR. SEC. SCHOOL
Head/Principal Name: BHAGWAN SINGH","Address : TAKSH-SHILA MODEL SR.SEC. SCHOOL SEC-3 ,BALLABGARH FAIDABAD.
Website : www.takshshilaschool.com"
139,"Aff. No. :530733
Sch. Code:41178","State : HARYANA
District : FARIDABAD",Senior Secondary Level,"Name : DIVINE ACADEMY
Head/Principal Name: RAKESH BANSAL","Address : NAVADA MORE, TIGAON ROAD, BALLABGARH
Website : www.divineacademy.co.in"
140,"Aff. No. :530708
Sch. Code:40692","State : HARYANA
District : FARIDABAD",Senior Secondary Level,"Name : KIRAN MEMORIAL PUBLIC HIGH SCHOOL, JAWAN
Head/Principal Name: Nirmala","Address : VILLAGE-JAWAN, TEHSIL- BALLABGARH, DIST- FARIDABAD
Website : http://www.kmpschool.edu.in"
141,"Aff. No. :530659
Sch. Code:40876","State : HARYANA
District : FARIDABAD",Senior Secondary Level,"Name : EMERALD CONVENT SCHOOL
Head/Principal Name: DR REKHA JETLY","Address : VILLAGE-BHATOLA, POST OFFICE-BAROLI, DISTT FARIDABAD, HARYANA
Website : www.emeraldconventschool.com"
142,"Aff. No. :530698
Sch. Code:40676","State : HARYANA
District : FARIDABAD",Senior Secondary Level,"Name : MODERN DELHI INTERNATIONAL SCHOOL
Head/Principal Name: MADHU MALIK","Address : SECTOR 87, TIGAON ROAD, FARIDABAD
Website : www.moderndis.org"
143,"Aff. No. :530647
Sch. Code:40628","State : HARYANA
District : FARIDABAD",Senior Secondary Level,"Name : SAFFRON PUBLIC SCHOOL
Head/Principal Name: ANJANA GUPTA Officiating Principal","Address : ASHOKA ENCLAVE-II,SECTOR-37, FARIDABAD, HARYANA
Website : www.saffronpublicschool.ac.in"
144,"Aff. No. :530625
Sch. Code:40847","State : HARYANA
District : FARIDABAD",Senior Secondary Level,"Name : SUMER SINGH PUBLIC SCHOOL
Head/Principal Name: Mahender Singh","Address : 9/4 SOHNA ROAD, SUMER PURAM VILLAGE PALI, FARIDABAD
Website : https://sspublicschool.co.in"
145,"Aff. No. :530631
Sch. Code:40620","State : HARYANA
District : FARIDABAD",Senior Secondary Level,"Name : RAWAL PUBLIC SCHOOL
Head/Principal Name: RAKHI VERMA","Address : MILK PLANT, MOHNA ROAD, BALLABGARH (FARIDABAD) HARYANA
Website : www.rawalpublicschool.com"
146,"Aff. No. :530599
Sch. Code:40684","State : HARYANA
District : FARIDABAD",Senior Secondary Level,"Name : GOLD FIELD PUBLIC SCHOOL
Head/Principal Name: NUPUR ADLAKHA","Address : VILL CHHAINSA BALLABGARH DISTT FARIDABAD HARYANA
Website : www.goldfieldschoolchhainsa.com"
147,"Aff. No. :530588
Sch. Code:40572","State : HARYANA
District : FARIDABAD",Senior Secondary Level,"Name : MODISH PUBLIC SCHOOL
Head/Principal Name: SAROJ MALIK","Address : VILL GARHI VINODA HATHIN FARIDABAD HARYANA
Website : www.mps.modishgroup.org"
148,"Aff. No. :530605
Sch. Code:41170","State : HARYANA
District : FARIDABAD",Secondary Level,"Name : ST. JOHN'S SCHOOL
Head/Principal Name: POONAM KALRA","Address : SAINIK COLONY
Website : www.stjohnsschool.org.in"
149,"Aff. No. :530561
Sch. Code:40546","State : HARYANA
District : FARIDABAD",Senior Secondary Level,"Name : FARIDABAD CONVENT SCHOOL
Head/Principal Name: NIDHI SINGH","Address : BALLABGARH, DISTT FARIDABAD, HARYANA
Website : www.faridabadconventschool.com"
150,"Aff. No. :530584
Sch. Code:40568","State : HARYANA
District : FARIDABAD",Senior Secondary Level,"Name : SHIKSHA BHARTI PUBLIC SCHOOL
Head/Principal Name: VINIT KUMAR GERA","Address : VILL PAKHAL SOHNA PALI ROAD FARIDABAD /2-1-116 NIT FARIDABAD HARYANA
Website : http://www.shikshabhartipublicschool.com/"
151,"Aff. No. :530593
Sch. Code:40576","State : HARYANA
District : FARIDABAD",Senior Secondary Level,"Name : BANSI VIDYA NIKETAN SENIOR SECONDARY SCHOOL
Head/Principal Name: ANJU DAGAR","Address : RAJIV COLONY SECTOR 56-A BALLABGARH FARIDABAD HARYANA
Website : www.bansividyaniketan.com"
152,"Aff. No. :530331
Sch. Code:40322","State : HARYANA
District : FARIDABAD",Senior Secondary Level,"Name : AGGARWAL PUBLIC SCHOOL
Head/Principal Name: RACHNA BHALLA","Address : SECTOR-3 URBAN ESTATE FARIDABAD HARYANA
Website : www.apsse3.in"
153,"Aff. No. :530332
Sch. Code:40330","State : HARYANA
District : FARIDABAD",Senior Secondary Level,"Name : EICHER SCHOOL
Head/Principal Name: Gunendra Kumar Mishra","Address : SECTOR-46 FARIDABAD HARYANA
Website : www.eicherschool.net"
154,"Aff. No. :530303
Sch. Code:40290","State : HARYANA
District : FARIDABAD",Senior Secondary Level,"Name : DAV PUBLIC SCHOOL
Head/Principal Name: DEEPTI JAGOTA","Address : SEC-37 FARIDABAD HARYANA
Website : www.dav37.edu.in"
155,"Aff. No. :530313
Sch. Code:40286","State : HARYANA
District : FARIDABAD",Senior Secondary Level,"Name : K L MEHTA DAYANAND PUBLIC SCHOOL
Head/Principal Name: DR.KAUMUDI","Address : SEC-7C FARIDABAD HARYANA
Website : www.klmdnpschoolsector7.com"
156,"Aff. No. :530292
Sch. Code:40283","State : HARYANA
District : FARIDABAD",Senior Secondary Level,"Name : ANGELS PUBLIC SCHOOL
Head/Principal Name: Shashi Raghav","Address : SEC-21A BADKHAL ROAD FARIDABAD HARYANA
Website : https://angelsgroupofeducation.com/"
157,"Aff. No. :530342
Sch. Code:40324","State : HARYANA
District : FARIDABAD",Senior Secondary Level,"Name : ALPINE VALLEY BOARDING SCHOOL
Head/Principal Name: DEEPTI ARYA","Address : KARNERA BALLABGARH SOHNA ROAD FARIDABAD HARYANA
Website : www.alpinevalleyboardingschool.com"
158,"Aff. No. :530343
Sch. Code:40383","State : HARYANA
District : FARIDABAD",Senior Secondary Level,"Name : SANT NIRANKARI PUBLIC SCHOOL
Head/Principal Name: MAMTA ARORA","Address : SECTOR 16 A FARIDABAD HARYANA
Website : www.fbd.snps.edu.in"
159,"Aff. No. :530355
Sch. Code:40337","State : HARYANA
District : FARIDABAD",Senior Secondary Level,"Name : SATYUG DARSHAN VIDYALAYA
Head/Principal Name: Arun Kumar Sharma","Address : VASUNDHARA BHUPANI LALPUR ROAD FARIDABAD HARYANA
Website : https://satyugdarshanvidyalaya.net/"
160,"Aff. No. :530367
Sch. Code:40346","State : HARYANA
District : FARIDABAD",Senior Secondary Level,"Name : MAHADEV DESAI PUBLIC SCHOOL
Head/Principal Name: NEELAM DUREJA","Address : LACHHMAN BAGH SECTOR 16 A FARIDABAD HARYANA
Website : http://mahadevdesaipublicschool.in/"
161,"Aff. No. :530368
Sch. Code:40347","State : HARYANA
District : FARIDABAD",Senior Secondary Level,"Name : ST MARRY CONVENT SCHOOL
Head/Principal Name: Sr Tomsy SIC","Address : BETHANY NAGAR BAROLI BATHOLA FARIDABAD HARYANA
Website : www.stmarysfbd.edu.in"
162,"Aff. No. :530395
Sch. Code:40375","State : HARYANA
District : FARIDABAD",Senior Secondary Level,"Name : RAWAL INTERNATIONAL SCHOOL
Head/Principal Name: CHARITRA VIR SINGH","Address : NAGLA SOHNA ROAD FARIDABAD HARYANA
Website : www.rawalinternational.co"
163,"Aff. No. :530397
Sch. Code:40374","State : HARYANA
District : FARIDABAD",Senior Secondary Level,"Name : SHREE TYAGI MODERN PUBLIC SCHOOL
Head/Principal Name: SANTOSH KUMAR SINGH","Address : OPP. DABCHIK HODAL DISTT FARIDABAD HARYANA
Website : www.stmps.in"
164,"Aff. No. :530406
Sch. Code:40392","State : HARYANA
District : FARIDABAD",Senior Secondary Level,"Name : MODERN B P PUBLIC SCHOOL
Head/Principal Name: JITENDER PARMAR","Address : SANJAY COLONY SECTOR 23 NIT FARIDABAD HARYANA
Website : www.modernbppublicschool.co.in"
165,"Aff. No. :530419
Sch. Code:40407","State : HARYANA
District : FARIDABAD",Senior Secondary Level,"Name : DKN GLOBAL SCHOOL
Head/Principal Name: MANISH WADHWA","Address : SECTOR 11 D FARIDABAD HARYANA
Website :"
166,"Aff. No. :530422
Sch. Code:40412","State : HARYANA
District : FARIDABAD",Senior Secondary Level,"Name : MODERN VIDYA NIKETAN
Head/Principal Name: ARCHNA SHARMA","Address : ARAVALI HILLS BADKHAL SURAJKUND ROAD FARIDABAD HARYANA
Website : www.mvneducation.com"
167,"Aff. No. :530438
Sch. Code:40424","State : HARYANA
District : FARIDABAD",Senior Secondary Level,"Name : K C M PUBLIC HIGH SCHOOL
Head/Principal Name: SANGHMITRA","Address : DELHI AGRA HIGHWAY, BANCHARI, HODAL, DISTT FARIDABAD HARYANA
Website : www.kcmpublicschool.com"
168,"Aff. No. :530440
Sch. Code:40426","State : HARYANA
District : FARIDABAD",Senior Secondary Level,"Name : D.A.V PUBLIC SCHOOL
Head/Principal Name: ALKA ARORA","Address : NTPC, FARIDABAD
Website : www.davntpcfbd.in"
169,"Aff. No. :530477
Sch. Code:40467","State : HARYANA
District : FARIDABAD",Senior Secondary Level,"Name : LOK DEEP PUBLIC SCHOOL
Head/Principal Name: SHIPRA MISHRA","Address : RAJIV GANDHI MARG MOHANA ROAD BALLABAGARH DISTT FARIDABAD HARYANA
Website : www.ldps.in"
170,"Aff. No. :530484
Sch. Code:40469","State : HARYANA
District : FARIDABAD",Senior Secondary Level,"Name : SAINT BRIJMOHAN LAL SENIOR SECONDARY SCHOOL
Head/Principal Name: MS VASHISHT","Address : V&PO ANANGPUR DISTT FARIDABAD HARYANA
Website : http://stbrijmohanlalschool.com"
171,"Aff. No. :530488
Sch. Code:40470","State : HARYANA
District : FARIDABAD",Senior Secondary Level,"Name : ARAVALI INTERNATIONAL SCHOOL
Head/Principal Name: Dr. Shefalee Gupta","Address : SECTOR 43 FARIDABAD HARYANA
Website : www.aravali.edu.in"
172,"Aff. No. :530491
Sch. Code:40473","State : HARYANA
District : FARIDABAD",Senior Secondary Level,"Name : ST COLUMBUS SCHOOL
Head/Principal Name: SREELEKHA V M","Address : DAYAL BAGH SURAJ KUND FARIDABAD HARYANA
Website : www.stcolumbus.com"
173,"Aff. No. :530503
Sch. Code:40493","State : HARYANA
District : FARIDABAD",Senior Secondary Level,"Name : RATTAN CONVENT SCHOOL
Head/Principal Name: Nakul","Address : HARFALA ROAD SEEKARI FARIDABAD HARYANA
Website : www.rattanconventschool.com"
174,"Aff. No. :530512
Sch. Code:40498","State : HARYANA
District : FARIDABAD",Senior Secondary Level,"Name : PINEWOOD INTERNATIONAL BOARDING SCHOOL
Head/Principal Name: NARENDER PARMAR","Address : VILLAGE PAWTA MAIN SOHNA ROAD DISTT FARIDABAD HARYANA
Website : http://www.pinewoodinternationalschool.com"
175,"Aff. No. :530513
Sch. Code:40497","State : HARYANA
District : FARIDABAD",Senior Secondary Level,"Name : INFANT JESUS SCHOOL
Head/Principal Name: JOHNSON JOSEPH","Address : SANJOE PURAM CHANDPUR FARIDABAD HARYANA
Website : www.infantjesusschoolsanjoepuram.in"
176,"Aff. No. :530516
Sch. Code:40507","State : HARYANA
District : FARIDABAD",Senior Secondary Level,"Name : BALAJI PUBLIC SCHOOL
Head/Principal Name: RANJANA SOBATI","Address : MALENA ROAD ADARSH NAGAR BALLABHGARH HARYANA
Website : https://www.balajipublicschool.com/"
177,"Aff. No. :530531
Sch. Code:40471","State : HARYANA
District : FARIDABAD",Senior Secondary Level,"Name : D C MODEL SCHOOL
Head/Principal Name: AASTHA GUPTA","Address : SECTOR 9 FARIDABAD HARYANA
Website : www.dcmodelschool.com"
178,"Aff. No. :530537
Sch. Code:40524","State : HARYANA
District : FARIDABAD",Senior Secondary Level,"Name : VIVEKANAND INTERNATIONAL PUBLIC SCHOOL
Head/Principal Name: SANJEEV GOSWAMI","Address : SECT - 8 FARIDABAD HARYANA
Website : www.visedu.co.in"
179,"Aff. No. :530540
Sch. Code:40527","State : HARYANA
District : FARIDABAD",Senior Secondary Level,"Name : SWAMI DHARMANAND SENIOR SECONDARY SCHOOL
Head/Principal Name: Geetanjali Grover","Address : SECTOR 59 BALLABHGARH, FARIDABAD DISTT, HARYANA
Website : www.swamidharmanand.com"
180,"Aff. No. :530138
Sch. Code:40119","State : HARYANA
District : FARIDABAD",Senior Secondary Level,"Name : DIVINE PUBLIC SCHOOL
Head/Principal Name: RAJSHREE GUSAIN","Address : 112 SECTOR 9-B FARIDABAD HARYANA
Website : www.divinepubliscschool.in"
181,"Aff. No. :530135
Sch. Code:40128","State : HARYANA
District : FARIDABAD",Senior Secondary Level,"Name : B N PUBLIC SCHOOL
Head/Principal Name: REKHA SHARMA","Address : BADRI NARAIN MANDIR SECTOR 2C NIT FARIDABAD HARYANA
Website : https://bnpsfaridabad.com"
182,"Aff. No. :530145
Sch. Code:40135","State : HARYANA
District : FARIDABAD",Senior Secondary Level,"Name : DYNASTY INTERNATIONAL T T PUBLIC SCHOOL
Head/Principal Name: NITIN VERMA","Address : SECTOR 28 FARIDABAD HARYANA
Website : www.dynastyinternationalschool.com"
183,"Aff. No. :530146
Sch. Code:40139","State : HARYANA
District : FARIDABAD",Senior Secondary Level,"Name : SHRI THARU RAM ARYA KANYA UCHATAM MADHYAMIK VIDYALAYA
Head/Principal Name: KIRAN CHUGH","Address : BHIMSEN COLONY BALLABHGARH DISTT. FARIDABAD HARYANA
Website : https://tharuramschool.com/"
184,"Aff. No. :530151
Sch. Code:40199","State : HARYANA
District : FARIDABAD",Secondary Level,"Name : ST. ALBANS SCHOOL
Head/Principal Name: RUCHI KANSAL","Address : SECTOR 15 FARIDABAD HARYANA
Website : www.stalbans.in"
185,"Aff. No. :530163
Sch. Code:40156","State : HARYANA
District : FARIDABAD",Senior Secondary Level,"Name : SHREERAM MODEL SCHOOL
Head/Principal Name: AMRITA JYOTI SINDHU","Address : SECTOR-21A, FARIDABAD
Website : www.shreerammodelschool.com"
186,"Aff. No. :530165
Sch. Code:40159","State : HARYANA
District : FARIDABAD",Senior Secondary Level,"Name : ASHOK MEMORIAL PUBLIC SCHOOL
Head/Principal Name: Mamta Singh","Address : ASHOK ENCLAVE PHASE-I PO AMAR NAGAR FARIDABAD HARYANA
Website : www.ashokmemorialschool.in"
187,"Aff. No. :530180
Sch. Code:40172","State : HARYANA
District : FARIDABAD",Senior Secondary Level,"Name : DAV PUBLIC SCHOOL
Head/Principal Name: Namita Sharma","Address : BALLABHGARH FARIDABAD HARYANA
Website : www.davblb.ac.in"
188,"Aff. No. :530182
Sch. Code:40177","State : HARYANA
District : FARIDABAD",Senior Secondary Level,"Name : ADARSH VIDYA NIKETAN SR SEC SCHOOL
Head/Principal Name: SUNITA KHULLAR","Address : SECTOR 19 FARIDABAD HARYANA
Website : www.anvschoolfaridabad.com"
189,"Aff. No. :530183
Sch. Code:40174","State : HARYANA
District : FARIDABAD",Senior Secondary Level,"Name : DAV GIAN PRAKASH CHOPRA PUBLIC SCHOOL
Head/Principal Name: RAJAN GAUTAM","Address : SAINIK COLONY SECTOR -49 FARIDABAD HARYANA
Website : www.davsec49.org.in"
190,"Aff. No. :530188
Sch. Code:40184","State : HARYANA
District : FARIDABAD",Senior Secondary Level,"Name : VIDYA NIKETAN SCHOOL
Head/Principal Name: ALOK KUMAR VARSHNEY","Address : 2M, N.I.T. FARIDABAD-121 001
Website : www.vidyaniketanfbd.in"
191,"Aff. No. :530190
Sch. Code:40183","State : HARYANA
District : FARIDABAD",Senior Secondary Level,"Name : TAGORE ACADEMY PUBLIC SCHOOL
Head/Principal Name: Manju Vashishtha","Address : SECTOR III HUDA BALLABGARH HARYANA
Website : http://www.tagoreacademy.org.in"
192,"Aff. No. :530196
Sch. Code:40193","State : HARYANA
District : FARIDABAD",Senior Secondary Level,"Name : BOHRA PUBLIC SCHOOL
Head/Principal Name: LALIT MOHAN SHARMA","Address : BOHRA ENCLAVE EAST CHAWLA COLONY BALLABHGARH FARIDABAD HARYANA
Website : www.bohrapublicschool.org"
193,"Aff. No. :530199
Sch. Code:40191","State : HARYANA
District : FARIDABAD",Senior Secondary Level,"Name : VIDYA MANDIR PUBLIC SCHOOL
Head/Principal Name: ANAND GUPTA","Address : SEC 15 A FARIDABAD HARYANA
Website : www.vidyamandirpublicschool.com"
194,"Aff. No. :530202
Sch. Code:40192","State : HARYANA
District : FARIDABAD",Senior Secondary Level,"Name : HOLY CHILD PUBLIC SCHOOL
Head/Principal Name: ANSHOO TANDON","Address : SECTOE 29 FARIDABAD HARYANA
Website : www.holychildfaridabad.com"
195,"Aff. No. :530207
Sch. Code:40190","State : HARYANA
District : FARIDABAD",Senior Secondary Level,"Name : NAV JIWAN PUBLIC SCHOOL
Head/Principal Name: Dr. JYOTI KOHLI","Address : J BLOCK SECTOR 10 D L F FARIDABAD HARYANA
Website : www.navjiwanpublicschool.com"
196,"Aff. No. :530211
Sch. Code:40216","State : HARYANA
District : FARIDABAD",Senior Secondary Level,"Name : GOLAYA PROGRESSIVE PUBLIC SCHOOL
Head/Principal Name: HIMANI BHATIA","Address : RASULPUR ROAD, PALWAL FARIDABAD HARYANA
Website : www.golayaschool.org"
197,"Aff. No. :530221
Sch. Code:40207","State : HARYANA
District : FARIDABAD",Senior Secondary Level,"Name : ARQAM ACADEMY SENIOR SECONDARY SCHOOL.
Head/Principal Name: Faiyyaz Ahmad Ansari","Address : FATEHPUR TAGA FARIDABAD HARYANA
Website : www.arqamgroupofinstitutions.com"
198,"Aff. No. :530225
Sch. Code:40222","State : HARYANA
District : FARIDABAD",Senior Secondary Level,"Name : JOHN F KENNEDY PUBLIC SCHOOL
Head/Principal Name: PRAMOD KUMAR SHARMA","Address : SECTOR-28 FARIDABAD HARYANA
Website : https://www.johnfkennedypublicschool.com/"
199,"Aff. No. :530227
Sch. Code:40218","State : HARYANA
District : FARIDABAD",Senior Secondary Level,"Name : GRAND COLUMBUS INTERNATIONAL SCHOOL
Head/Principal Name: RUPAM SACHDEVA","Address : SECTOR-16A FARIDABAD HARYANA
Website : www.grandcolumbus.com"
200,"Aff. No. :530231
Sch. Code:40215","State : HARYANA
District : FARIDABAD",Senior Secondary Level,"Name : FARIDABAD MODEL SCHOOL
Head/Principal Name: UMANG MALIK","Address : SECTOR-31 FARIDABAD HARYANA
Website : www.fmsschools.com"
201,"Aff. No. :530244
Sch. Code:40228","State : HARYANA
District : FARIDABAD",Senior Secondary Level,"Name : DELHI PUBLIC SCHOOL
Head/Principal Name: Sangeeta Chakravarty","Address : SECTOR-19 C FARIDABAD HARYANA
Website : www.dpsfaridabad.in"
202,"Aff. No. :530248
Sch. Code:40234","State : HARYANA
District : FARIDABAD",Secondary Level,"Name : ST. PETERS SCHOOL
Head/Principal Name: ANITHA CHACKO","Address : SECT 16 A FARIDABAD HARYANA
Website : https://stpetersfbd.ac.in/"
203,"Aff. No. :530249
Sch. Code:40248","State : HARYANA
District : FARIDABAD",Senior Secondary Level,"Name : RAWAL CONVENT SCHOOL
Head/Principal Name: PREETI N. SINGH","Address : FRIENDS COLONY SOHNA ROAD BALLABGARH, DISTT FARIDABAD, HARYANA
Website : www.rawalconventschool.in"
204,"Aff. No. :530258
Sch. Code:40240","State : HARYANA
District : FARIDABAD",Senior Secondary Level,"Name : RYAN INTERNATIONAL SCHOOL
Head/Principal Name: PEEYA SHARMA","Address : SECTOR 21-B FARIDABAD HARYANA
Website : www.ryaninternational.org/risfaridabad/"
205,"Aff. No. :530263
Sch. Code:40241","State : HARYANA
District : FARIDABAD",Senior Secondary Level,"Name : D A V PUBLIC SCHOOL
Head/Principal Name: JYOTI DAHIYA","Address : NH-3 N.I.T. FARIDABAD HARYANA
Website : http://davnh3school.org.in/"
206,"Aff. No. :530132
Sch. Code:40120","State : HARYANA
District : FARIDABAD",Senior Secondary Level,"Name : ST. THOMAS SCHOOL
Head/Principal Name: Nisha George Officiating Principal","Address : SECTOR-8 NEAR MARKET FARIDABAD HARYANA
Website : www.stthomasschoolfaridabad.com"
207,"Aff. No. :530079
Sch. Code:40067","State : HARYANA
District : FARIDABAD",Senior Secondary Level,"Name : MODERN VIDYA NIKETAN SR SEC SCHOOL
Head/Principal Name: AGALYA VENKATESH","Address : SECTOR 17 FARIDABAD HARYANA
Website : https://www.mvneducation.com/sector-17"
208,"Aff. No. :530080
Sch. Code:40078","State : HARYANA
District : FARIDABAD",Senior Secondary Level,"Name : HERMANN GEMEINER SCHOOL
Head/Principal Name: DEBOLEENA CHOWDHURI","Address : SOS ENCLAVE SECTOR-29 FARIDABAD HARYANA
Website : www.hermanngmeinerschoolfaridabad.org"
209,"Aff. No. :530086
Sch. Code:40089","State : HARYANA
District : FARIDABAD",Senior Secondary Level,"Name : CARMEL CONVENT SCHOOL
Head/Principal Name: SR. ANUPAMA","Address : SECTOR 7 D FARIDABAD HARYANA
Website : www.carmelconventfaridabad.in"
210,"Aff. No. :530091
Sch. Code:40082","State : HARYANA
District : FARIDABAD",Senior Secondary Level,"Name : AGGARWAL PUBLIC SCHOOL
Head/Principal Name: SUMAN LATA","Address : BALLABGARH, DISTT FARIDABAD, HARYANA
Website : www.apsblb.com"
211,"Aff. No. :530033
Sch. Code:40019","State : HARYANA
District : FARIDABAD",Senior Secondary Level,"Name : MANAV RACHNA INTERNATIONAL SCHOOL
Head/Principal Name: MAMTA WADHWA","Address : SECTOR 14 FARIDABAD HARYANA
Website : www.mris.edu.in"
212,"Aff. No. :530055
Sch. Code:40012","State : HARYANA
District : FARIDABAD",Senior Secondary Level,"Name : SCHOLAR'S PRIDE
Head/Principal Name: Rachna Juneja","Address : PARK AREA, SECTOR 16 FARIDABAD, HARYANA-121002
Website : www.scholarspride.edu.in"
213,"Aff. No. :530064
Sch. Code:40018","State : HARYANA
District : FARIDABAD",Senior Secondary Level,"Name : HOMERTON GRAMMAR SCHOOL
Head/Principal Name: Aayushi Kajla","Address : SECTOR - 21 A BARKHAL ROAD FARIDABAD HARYANA
Website : www.homertongrammar.com"
214,"Aff. No. :530066
Sch. Code:40039","State : HARYANA
District : FARIDABAD",Senior Secondary Level,"Name : GITA BAL NIKETAN SR SEC SCHOOL
Head/Principal Name: RENU SOOD","Address : 3E/PARK N I T FARIDABAD HARYANA
Website : www.gitabalniketan.com"
215,"Aff. No. :530048
Sch. Code:40016","State : HARYANA
District : FARIDABAD",Senior Secondary Level,"Name : ST. JOHN'S SCHOOL
Head/Principal Name: APARNA GAUTAM PANDA","Address : A-BLOCK SECTOR 7 FARIDABAD HARYANA
Website : www.stjohnsschool.co.in"
216,"Aff. No. :530049
Sch. Code:40011","State : HARYANA
District : FARIDABAD",Senior Secondary Level,"Name : D A V PUBLIC SCHOOL
Head/Principal Name: ANITA GAUTAM","Address : SECTOR 14 FARIDABAD HARYANA
Website :"
217,"Aff. No. :520377
Sch. Code:44488","State : HARYANA
District : FARIDABAD",Senior Secondary Level,"Name : PM SHRI GSSS SAMAIPUR
Head/Principal Name: RAJ KUMAR BANSAL","Address : VILLAGE SAMAIPUR, NEAR POWERGRID, TEH. BALLABGARH
Website : https://sites.google.com/view/pmshrigssssamaipur/"
218,"Aff. No. :530008
Sch. Code:40015","State : HARYANA
District : FARIDABAD",Senior Secondary Level,"Name : APEEJAY SCHOOL
Head/Principal Name: PRAVEEN ROY","Address : SECTOR 15 URBAN ESTATE SIRSA HARYANA
Website : http://apeejay.edu/faridabad/"
219,"Aff. No. :530009
Sch. Code:40040","State : HARYANA
District : FARIDABAD",Senior Secondary Level,"Name : K L M DAYANAND PUB SR SEC SCHOOL NO 1
Head/Principal Name: Meena Choudhry","Address : NEHRU GROUND N I T FARIDABAD HARYANA
Website :"
220,"Aff. No. :530010
Sch. Code:40017","State : HARYANA
District : FARIDABAD",Secondary Level,"Name : ST. ANTHONY'S SECONDARY SCHOOL
Head/Principal Name: LISAMMA MATHEW","Address : SECTOR 9 ( N I T ) FARIDABAD HARYANA
Website : www.stanthonysfaridabad.org"
221,"Aff. No. :530011
Sch. Code:40041","State : HARYANA
District : FARIDABAD",Senior Secondary Level,"Name : ST. JOSEPH'S CONVENT SCHOOL
Head/Principal Name: PRAMELA","Address : SECTOR-5 N I T FARIDABAD HARYANA
Website : www.stjosephsconventschoolfbd.com"
222,"Aff. No. :530012
Sch. Code:40014","State : HARYANA
District : FARIDABAD",Senior Secondary Level,"Name : MODERN SCHOOL
Head/Principal Name: NEELIMA JAIN","Address : SECTOR 17 FARIDABAD HARYANA
Website : www.modernschoolfaridabad.com"
223,"Aff. No. :530013
Sch. Code:40013","State : HARYANA
District : FARIDABAD",Senior Secondary Level,"Name : K L MEHTA DAYANAND PUBLIC S S SCHOOL
Head/Principal Name: ANITA UPPAL","Address : NO 2 SECTOR 16 FARIDABAD HARYANA
Website : https://www.klmehtadayanandschoolssec16.net"
224,"Aff. No. :520307
Sch. Code:44286","State : HARYANA
District : FARIDABAD",Senior Secondary Level,"Name : PM SHRI GOVT SR. SEC. SCHOOL FATEHPUR TAGGA
Head/Principal Name: SATISH CHANDRA","Address : VPO FATEHPUR TAGGA, BALLABGARH, FARIDABAD
Website : https://gsssfatehpurtaggafbd.pmshrihry.com"
225,"Aff. No. :520297
Sch. Code:44276","State : HARYANA
District : FARIDABAD",Senior Secondary Level,"Name : PM SHRI GOVT GIRLS SENIOR SECONDARY SCHOOL
Head/Principal Name: UPASANA TANEJA","Address : NIT NO. 2, NEAR LAKHANI DHARAMSHALA, FARIDABAD
Website : www.pmshriggsssnitno2.in"
226,"Aff. No. :520303
Sch. Code:44282","State : HARYANA
District : FARIDABAD",Senior Secondary Level,"Name : PM SHRI GOVT. SR. SEC. SCHOOL KHANDAWALI
Head/Principal Name: SHASHI YADAV","Address : VILLAGE KHANDAWALI, BALLABGARH, FARIDABAD
Website : www.pmshrigssskhandawali.com"
227,"Aff. No. :520268
Sch. Code:44247","State : HARYANA
District : FARIDABAD",Senior Secondary Level,"Name : GOVERMENT MODEL SANSKRITI SENIOR SECONDARY SCHOOL
Head/Principal Name: BASHIR AHMED","Address : AMBEDKAR CHOWK, BALLABGARH, FARIDABAD
Website : https://gmssssblb956.in"
228,"Aff. No. :520202
Sch. Code:44180","State : HARYANA
District : FARIDABAD",Senior Secondary Level,"Name : GOVT MODEL SANSKRITI SER SEC SCHOOL
Head/Principal Name: ROOP CHAND","Address : DISTRICT FARIDABAD , FARIDABAD
Website : http://govtmodelsanskritisrsecschoolmewlamaharajpu"
229,"Aff. No. :520118
Sch. Code:44094","State : HARYANA
District : FARIDABAD",Senior Secondary Level,"Name : GOVERNMENT MODEL SANSKRITI SENIOR SECONDARY SCHOOL SEC 55 FARIDABAD
Head/Principal Name: LAXMI DEVI","Address : GMSSSS SEC 55, FARIDABAD, HARYANA
Website : www.gmssss55.com"
230,"Aff. No. :520057
Sch. Code:44032","State : HARYANA
District : FARIDABAD",Senior Secondary Level,"Name : GOVT MODEL SANSKRITI SENIOR SECONDARY SCHOOL NANGLA GUJRAN FARIDABAD
Head/Principal Name: AJAY KUMAR SHARMA","Address : NANGLA GUJRAN FARIDABAD
Website : http://gmssssnanglagujranfbd.com"
231,"Aff. No. :520008
Sch. Code:44023","State : HARYANA
District : FARIDABAD",Senior Secondary Level,"Name : GOVT MODEL SANSKRITI SR SEC SCHOOL TIGAON FARIDABAD
Head/Principal Name: HANSRAJ","Address : VILLAGE AND POST OFFICE TIGAON NEAR GOVT COLLEGE TIGAON FARIDABAD
Website : http://govtmodelsanskritisrsecschool.in"
232,"Aff. No. :520015
Sch. Code:44006","State : HARYANA
District : FARIDABAD",Senior Secondary Level,"Name : GOVT. BOYS SENI SECONDARY SCHOOL
Head/Principal Name: ANURADHA","Address : GBSSS,NIT-3, FARIDABAD
Website :"
233,"Aff. No. :500003
Sch. Code:44531","State : HARYANA
District : FARIDABAD",Senior Secondary Level,"Name : KENDRIYA VIDYALAYA NO 1
Head/Principal Name: BEER SINGH","Address : N H IV N I T FARIDABAD HARYANA
Website : https://no1faridabad.kvs.ac.in"
234,"Aff. No. :500004
Sch. Code:44532","State : HARYANA
District : FARIDABAD",Senior Secondary Level,"Name : PM SHRI KENDRIYA VIDYALAYA NO 2
Head/Principal Name: MAMTA SHEKHAR","Address : N H IV N I T FARIDABAD HARYANA
Website : https://no2faridabad.kvs.ac.in"
235,"Aff. No. :500027
Sch. Code:44545","State : HARYANA
District : FARIDABAD",Senior Secondary Level,"Name : PM SHRI KENDRIYA VIDYALAYA NO 3
Head/Principal Name: BHARTHI KUKKAL","Address : N H 4 NEAR ARYA SAMAJ MANDIR FARIDABAD HARYANA
Website : https://no3faridabad.kvs.ac.in"
236,"Aff. No. :531700
Sch. Code:41680","State : HARYANA
District : FARIDABAD",Senior Secondary Level,"Name : BAL KALYAN PUBLIC SR SEC SCHOOL MANJHAWALI
Head/Principal Name: KIRAN BALA","Address : VOP MANJHAWALI BLB
Website : www.balkalyanpublicschool.com"
237,"Aff. No. :531714
Sch. Code:41693","State : HARYANA
District : FARIDABAD",Senior Secondary Level,"Name : J.K PUBLIC SCHOOL
Head/Principal Name: Pushplata Singh","Address : YAMUNA ENCLAVE,DHEERAJ NAGAR TILPAT
Website : http://www.jkpublicschool.org"
238,"Aff. No. :531715
Sch. Code:41694","State : HARYANA
District : FARIDABAD",Senior Secondary Level,"Name : SD INTERNATIONAL SCHOOL
Head/Principal Name: S.S. Tomar","Address : VILLAGE JAFARPUR MAJRA, GHARODA,
Website : www.sdisfaridabad.com"
239,"Aff. No. :531716
Sch. Code:41695","State : HARYANA
District : FARIDABAD",Senior Secondary Level,"Name : V.K.INTERNATIONAL SCHOOL
Head/Principal Name: UMESH","Address : VILLAGE AND POST OFFICE TILPAT
Website : https://vkinternationalschool.net/mandatory/"
240,"Aff. No. :531685
Sch. Code:41663","State : HARYANA
District : FARIDABAD",Senior Secondary Level,"Name : SHIV NADAR SCHOOL, FARIDABAD
Head/Principal Name: Deblina Chakraborty","Address : SHIV NADAR SCHOOL, SECTOR 82, NAHAR PAAR, GREATER FARIDABAD, (HARYANA)
Website : www.shivnadarschool.edu.in"
241,"Aff. No. :531689
Sch. Code:41664","State : HARYANA
District : FARIDABAD",Senior Secondary Level,"Name : IDEAL PUBLIC SCHOOL
Head/Principal Name: RAMAN KUMAR","Address : PLOT NO.: 5, JAGMAL ENCLAVE, AGWANPUR, FARIDABAD, HARYANA - 121013
Website : https://idealpublicschoolagwa.in"
242,"Aff. No. :531711
Sch. Code:41690","State : HARYANA
District : FARIDABAD",Senior Secondary Level,"Name : JAYPEE PUBLIC SCHOOL
Head/Principal Name: POOJA KUMAR","Address : SURYA VIHAR, VINAY NAGAR CHOWK, SECTOR - 91, FARIDABAD
Website : www.jpsfaridabad.com"
243,"Aff. No. :531720
Sch. Code:41699","State : HARYANA
District : FARIDABAD",Senior Secondary Level,"Name : NAV JYOTI SR. SEC. SCHOOL
Head/Principal Name: Anju Vashisht","Address : V.P.O.-FATEHPUR BILLOCH TEH- BALLABGARH DIST- FARIDBAD (HARYANA)
Website : https://njssschool.in"
244,"Aff. No. :531725
Sch. Code:41702","State : HARYANA
District : FARIDABAD",Senior Secondary Level,"Name : MANASKRITI SCHOOL
Head/Principal Name: POOJA AHUJA","Address : SECTOR-82, GREATER FARIDABAD
Website : www.manaskritischool.com"
245,"Aff. No. :531729
Sch. Code:41711","State : HARYANA
District : FARIDABAD",Senior Secondary Level,"Name : THE SHRIRAM MILLENNIUM SCHOOL
Head/Principal Name: Sonali Gupta","Address : VILLAGE BUDHENA, SECTOR - 81
Website : www.tsms.org.in"
246,"Aff. No. :531739
Sch. Code:41718","State : HARYANA
District : FARIDABAD",Senior Secondary Level,"Name : SARASWATI GLOBAL SCHOOL
Head/Principal Name: MANJUL MAHESHWARI","Address : V.P.O TIGAON
Website : https://saraswatiglobalschool.com/"
247,"Aff. No. :531745
Sch. Code:41714","State : HARYANA
District : FARIDABAD",Senior Secondary Level,"Name : MODERN DELHI INTERNATIONAL SCHOOL
Head/Principal Name: POONAM ARORA","Address : SECTOR - 89, GREATER FARIDABAD (HARYANA)
Website : www.moderndis.org"
248,"Aff. No. :531674
Sch. Code:41651","State : HARYANA
District : FARIDABAD",Senior Secondary Level,"Name : ST. PETERS CONVENT SCHOOL
Head/Principal Name: RUBY GEORGE","Address : ST.PETERS CONVENT SCHOOL, SECTOR:88 GREATER FARIDABAD, HARYANA, PIN:121008
Website : http://www.spcsfbd.ac.in"
249,"Aff. No. :531676
Sch. Code:41656","State : HARYANA
District : FARIDABAD",Senior Secondary Level,"Name : MVN SCHOOL SECTOR-88
Head/Principal Name: NEETA ARORA","Address : SECTOR-88, NEAR PALWALI VILLAGE, GREATER FARIDABAD
Website : http://mvn88.com"
250,"Aff. No. :531665
Sch. Code:41644","State : HARYANA
District : FARIDABAD",Secondary Level,"Name : HARITIMA ACADEMY
Head/Principal Name: POONAM","Address : HARITIMA ACADEMY, SEC.3, TEH. BALLABGARH, DISTT. FARIDABAD, HARYANA 121004
Website :"
251,"Aff. No. :531633
Sch. Code:41604","State : HARYANA
District : FARIDABAD",Senior Secondary Level,"Name : DELHI SCHOLARS INTERNATIONAL SCHOOL
Head/Principal Name: KUMUD KAPOOR","Address : DELHI SCHOLARS INTERNATIONAL SCHOOL, SECTOR-88, GREATER FARIDABAD-121002
Website : https://www.dsisfaridabad.com"
252,"Aff. No. :531636
Sch. Code:41605","State : HARYANA
District : FARIDABAD",Senior Secondary Level,"Name : NARAYANA E-TECHNO SCHOOL, FARIDABAD
Head/Principal Name: DIVYA DHIRENDRA","Address : SRS ROYAL HILLS, SECTOR-87, FARIDABAD
Website : https://www.narayanaschools.in/"
253,"Aff. No. :531628
Sch. Code:41608","State : HARYANA
District : FARIDABAD",Senior Secondary Level,"Name : AGGARWAL PUBLIC SCHOOL
Head/Principal Name: UPASANA SHARMA","Address : VILLAGE-MACHGAR,TEH-BALLABGARH,FARIDABAD HARYANA 121004
Website : www.apsmachgar.com"
254,"Aff. No. :531617
Sch. Code:41596","State : HARYANA
District : FARIDABAD",Senior Secondary Level,"Name : THE MODERN SCHOOL
Head/Principal Name: SHIVANI SAHNI","Address : VILL. BUDHENA/KHERI KALA, FARIDABAD
Website : www.modernschoolfbd.com"
255,"Aff. No. :531579
Sch. Code:41555","State : HARYANA
District : FARIDABAD",Senior Secondary Level,"Name : RAWAL BAL SHIKSHA KENDRA
Head/Principal Name: Harvinder Kaur","Address : RAWAL BAL SHIKSHA KENDRA SECTOR-56, NEAR G.T. ROAD, BALLABGARH
Website : www.rawalbalshikshakendra.com"
256,"Aff. No. :531602
Sch. Code:41581","State : HARYANA
District : FARIDABAD",Senior Secondary Level,"Name : SANSKRITI CONVENT SCHOOL
Head/Principal Name: ARCHANA TYAGI","Address : VILLAGE MANDHWALI, SECTOR - 106
Website : www.sanskriticonventschool.in"
257,"Aff. No. :531522
Sch. Code:41504","State : HARYANA
District : FARIDABAD",Senior Secondary Level,"Name : GREENFIELDS PUBLIC SCHOOL
Head/Principal Name: Shweta Vats","Address : VILLAGE SUNPED, POST OFFICE SAGARPUR
Website : www.greenfieldspublicschool.in"
258,"Aff. No. :531526
Sch. Code:41495","State : HARYANA
District : FARIDABAD",Senior Secondary Level,"Name : BLUE ANGELS GLOBAL SCHOOL
Head/Principal Name: RITU SINGH","Address : BLUE ANGELS GLOBAL SCHOOL,OPPOSITE HDFC BANK, CHARMWOOD VILLAGE, SURAJKUND ROAD,
Website : www.blueangelsglobalschool.com"
259,"Aff. No. :531498
Sch. Code:41474","State : HARYANA
District : FARIDABAD",Senior Secondary Level,"Name : A P SENIOR SECONDARY SCHOOL
Head/Principal Name: B L AGGARWAL","Address : SANJAY COLONY, SECTOR-23
Website : www.apssschool.co.in"
260,"Aff. No. :531505
Sch. Code:41480","State : HARYANA
District : FARIDABAD",Senior Secondary Level,"Name : SRS INTERNATIONAL SCHOOL
Head/Principal Name: SUNITA SINGH","Address : SECTOR 88
Website : https://www.srsintlschool.com/"
261,"Aff. No. :531436
Sch. Code:41416","State : HARYANA
District : FARIDABAD",Senior Secondary Level,"Name : MUKUL CONVENT SCHOOL
Head/Principal Name: SHARIF KHAN","Address : MUKUL CONVENT SCHOOL, BUDHENA, SECTOR- 86, P.O - BAROLI, FARIDABAD PIN- 121004
Website : http://mukulconventschool.co.in/"
262,"Aff. No. :531423
Sch. Code:41401","State : HARYANA
District : FARIDABAD",Senior Secondary Level,"Name : ASHA JYOTI VIDYAPEETH
Head/Principal Name: SHIKHA MITTAL","Address : VILL. SAHUPURA, OPPOSITE SECTOR - 65, MAIN BYPASS ROAD
Website : www.ajvp.edu.in"
263,"Aff. No. :531432
Sch. Code:41408","State : HARYANA
District : FARIDABAD",Senior Secondary Level,"Name : SHIRDI SAI BABA SCHOOL
Head/Principal Name: BEENU SHARMA","Address : SAI DHAM, SECTOR-86, TIGAON ROAD
Website : https://shirdisaibabaschool.org"
264,"Aff. No. :531443
Sch. Code:41427","State : HARYANA
District : FARIDABAD",Senior Secondary Level,"Name : PARAMHANSA SENIOR SECONDARY SCHOOL
Head/Principal Name: LEELA VATI","Address : VILL.& P.O. KHERI KALAN ,SEC-84 ,GREATER FARIDABAD.
Website : https://www.paramhansaschool.in/"
265,"Aff. No. :531461
Sch. Code:41441","State : HARYANA
District : FARIDABAD",Senior Secondary Level,"Name : IQRAA PUBLIC SCHOOL
Head/Principal Name: MOHAMMAD SABIR","Address : V & P.O. FATEHPUR TAGA
Website : https://www.iqraapublicschool.edu.in/"
266,"Aff. No. :531457
Sch. Code:41429","State : HARYANA
District : FARIDABAD",Senior Secondary Level,"Name : NALANDA BAL SR. SEC. SCHOOL, DAYALPUR, BALLABGARH
Head/Principal Name: SANGEETA CHAUDHARY","Address : VILLAGE DAYALPUR
Website : www.nalandaschoolfaridabad.com"
267,"Aff. No. :531419
Sch. Code:41395","State : HARYANA
District : FARIDABAD",Senior Secondary Level,"Name : VRINDA INTERNATIONAL SCHOOL
Head/Principal Name: NAJMA FARIDI","Address : SGM NAGAR, FARIDABAD-121001. (HARAYANA)
Website : www.vrindainternational.in"
268,"Aff. No. :531360
Sch. Code:41339","State : HARYANA
District : FARIDABAD",Senior Secondary Level,"Name : MANAV SANSKAR PUBLIC SCHOOL
Head/Principal Name: Dr Kaumudi","Address : D BLOCK ,DHEERAJ NAGAR EXT.AITMADPUR, FARIDABAD. PIN: 121003
Website : www.manavsanskarpublicschool.co.in"
269,"Aff. No. :531368
Sch. Code:41345","State : HARYANA
District : FARIDABAD",Senior Secondary Level,"Name : HERITAGE GLOBAL SCHOOL
Head/Principal Name: SHEIKH MOHAMMAD REYAZ","Address : VILL- DHAUJ, BALLABHGARH-SOHNA ROAD
Website : www.heritageglobal.ac.in"
270,"Aff. No. :531315
Sch. Code:41291","State : HARYANA
District : FARIDABAD",Senior Secondary Level,"Name : SHREE MAHABIR SINGH CONVENT SCHOOL
Head/Principal Name: JAGMAL","Address : VILL.-IMMAMUDDINPUR,P.O.-CHANDPUR, FARIDABAD HARYANA
Website : https://smsconventschool.co.in"
271,"Aff. No. :531302
Sch. Code:41310","State : HARYANA
District : FARIDABAD",Senior Secondary Level,"Name : PRINCE SR.SEC. SCHOOL
Head/Principal Name: YAGYABALA SHARMA","Address : 313 NANGLA ENCLAVE PART 1, POST OFFICE SECTOR 22 NIT FARIDABAD
Website : www.princesrsecschool.com"
272,"Aff. No. :531306
Sch. Code:41281","State : HARYANA
District : FARIDABAD",Senior Secondary Level,"Name : G.B. PUBLIC SR. SEC. SCHOOL
Head/Principal Name: RANJIT KUMAR BHARATI","Address : VILL+POST: TILPAT
Website : www.gbpschool.in"
273,"Aff. No. :531250
Sch. Code:41226","State : HARYANA
District : FARIDABAD",Senior Secondary Level,"Name : TORCH BEARERS CONVENT SCHOOL
Head/Principal Name: ANJULI BHARDWAJ","Address : VILL. & P.O BHAINSRAWALI, FARIDABAD, HARYANA-121101
Website : www.torchbearersconvent.co.in"
274,"Aff. No. :531252
Sch. Code:41235","State : HARYANA
District : FARIDABAD",Senior Secondary Level,"Name : NAVYUG SR. SEC. SCHOOL,
Head/Principal Name: VED PAL DHANKAR","Address : SEC.68,I M T,FARIDABAD(NEAR MACHHGAR VILLAGE)
Website : www.navyugpublicschool.com"
275,"Aff. No. :531277
Sch. Code:41254","State : HARYANA
District : FARIDABAD",Senior Secondary Level,"Name : DELHI PUBLIC SCHOOL BALLABGARH
Head/Principal Name: Arti Anil Lawand","Address : 42 MILESTONE MAIN MATHURA ROAD NH-2 BALLBGARH HARYANA
Website : www.dpsballabgarh.edu.in"
276,"Aff. No. :531280
Sch. Code:41257","State : HARYANA
District : FARIDABAD",Senior Secondary Level,"Name : BLUE BIRD SR. SEC. SCHOOL
Head/Principal Name: NALINI MOHAN","Address : S.G.M. NAGAR
Website : www.bbsss.in"
277,"Aff. No. :531286
Sch. Code:41261","State : HARYANA
District : FARIDABAD",Senior Secondary Level,"Name : APEEJAY SVRAN GLOBAL SCHOOL
Head/Principal Name: Purnima Vohra","Address : SECTOR-21D , FARIDABAD, ,
Website : www.apeejay.edu/asgs"
278,"Aff. No. :531291
Sch. Code:41269","State : HARYANA
District : FARIDABAD",Senior Secondary Level,"Name : DEEKSHA PUBLIC SCHOOL
Head/Principal Name: KAVITA","Address : SEHATPUR
Website : www.deekshapublicschool.in"
279,"Aff. No. :531227
Sch. Code:41207","State : HARYANA
District : FARIDABAD",Secondary Level,"Name : SAI SR SEC SCHOOL
Head/Principal Name: REENA","Address : OPP. NTPC, TIGAON ROAD, NEEMKA
Website :"
280,"Aff. No. :531195
Sch. Code:41161","State : HARYANA
District : FARIDABAD",Secondary Level,"Name : URMILA VIDYA NIKETAN PUBLIC SCHOOL
Head/Principal Name: MAHAVEER","Address : PARVATYA COLONY N.I.T. FARIDABAD
Website : www.urmilavidyaniketan.com"
281,"Aff. No. :531175
Sch. Code:41148","State : HARYANA
District : FARIDABAD",Senior Secondary Level,"Name : G. B. L. CONVENT SCHOOL
Head/Principal Name: DIMPLE KHURANA","Address : DABUA - PALI ROAD, BHANKRI,
Website : www.gbleducations.com"
282,"Aff. No. :531201
Sch. Code:41180","State : HARYANA
District : FARIDABAD",Senior Secondary Level,"Name : S.R.CONVENT SCHOOL
Head/Principal Name: PRAVEEN KUMAR","Address : VILLAGE & POST OFFICE - MOHNA, SUB-TEHSIL-MOHNA, FARIDABAD
Website : www.srconventschool.in"
283,"Aff. No. :531207
Sch. Code:41187","State : HARYANA
District : FARIDABAD",Senior Secondary Level,"Name : SHRADDHA MANDIR SCHOOL
Head/Principal Name: G S ARYA","Address : SECTOR-87, FARIDABAD
Website : www.shraddhamandirschool.com"
284,"Aff. No. :531208
Sch. Code:41190","State : HARYANA
District : FARIDABAD",Senior Secondary Level,"Name : M.P.S INTERNATIONAL SCHOOL
Head/Principal Name: ALKA SHARMA","Address : VILLAGE JAWAN, SUB TEHSIL MOHNA, BALLABGARH
Website : www.mpsinternationalschool.com"
285,"Aff. No. :531178
Sch. Code:41165","State : HARYANA
District : FARIDABAD",Senior Secondary Level,"Name : DELHI PUBLIC SCHOOL, GREATER FARIDABAD
Head/Principal Name: DR BINDU SHARMA","Address : SECTOR 81, FARIDABAD, HARYANA.
Website : www.dpsgfaridabad.com"
286,"Aff. No. :531162
Sch. Code:41145","State : HARYANA
District : FARIDABAD",Senior Secondary Level,"Name : JCM INTERNATIONAL SCHOOL
Head/Principal Name: RACHNA DEVI","Address : VPO- PANHERA KHURD, BALLABGARH, FARIDABAD,
Website : www.jcminternationalschool.com"
287,"Aff. No. :531171
Sch. Code:41137","State : HARYANA
District : FARIDABAD",Secondary Level,"Name : K.L.MEHTA DAYANAND HIGH SCHOOL
Head/Principal Name: KAVITA KUMARI","Address : SECTOR 17 FARIDABAD (HR.)
Website : www.klmehtadayanandhighschoolsec17fbd.com"
288,"Aff. No. :531147
Sch. Code:41149","State : HARYANA
District : FARIDABAD",Senior Secondary Level,"Name : MODERN INTERNATIONAL SENIOR SECONDARY SCHOOL
Head/Principal Name: KRITIKA ARORA","Address : VILLAGE-JASANA, PO-BADARPUR SAYD, FARIDABAD, HARYANA
Website : http://www.misssfbd.com"
289,"Aff. No. :531132
Sch. Code:41100","State : HARYANA
District : FARIDABAD",Senior Secondary Level,"Name : LINGAYAS PUBLIC SCHOOL
Head/Principal Name: NIVEDITA CHATTERJEE","Address : KANWARA,OLD FARIDABAD-JASANA ROAD,FARIDABAD
Website : www.lps.edu.in"
290,"Aff. No. :531118
Sch. Code:41089","State : HARYANA
District : FARIDABAD",Secondary Level,"Name : VARDHMAN INTERNATIONAL PUBLIC SCHOOL
Head/Principal Name: SUMAN JAIN","Address : SECT-46, FARIDABAD
Website : www.vipsfaridabad.in"
291,"Aff. No. :531077
Sch. Code:41020","State : HARYANA
District : FARIDABAD",Senior Secondary Level,"Name : IDEAL PUBLIC SCHOOL
Head/Principal Name: ARUN KANT CHOUBEY","Address : I BLOCK, SHIV DURGA VIHAR, LAKKARPUR
Website : http://www.idealpublicschoolfaridabad.org.in/"
292,"Aff. No. :531095
Sch. Code:41048","State : HARYANA
District : FARIDABAD",Senior Secondary Level,"Name : VIDYASAGAR INTERNATIONAL SCHOOL
Head/Principal Name: REKHA MALIK","Address : VILLAGE GHARORA, TIGAON, BALLABGARH, FARIDABAD
Website : www.visfaridabad.in"
293,"Aff. No. :531051
Sch. Code:41072","State : HARYANA
District : FARIDABAD",Senior Secondary Level,"Name : SURAJKUND INTERNATIONAL SCHOOL
Head/Principal Name: SHUBHRATA SINGH","Address : PLOT NO-39 DAYAL BAGH
Website : https://surajkundinternational.com/"
294,"Aff. No. :531027
Sch. Code:40975","State : HARYANA
District : FARIDABAD",Senior Secondary Level,"Name : V.M.SR. SEC. SCHOOL
Head/Principal Name: ANU DHINGRA","Address : JAWAHAR COLONY, GURUDWARA ROAD
Website : www.vmschoolfbd.com"
295,"Aff. No. :531031
Sch. Code:40981","State : HARYANA
District : FARIDABAD",Senior Secondary Level,"Name : KARHANA SR. SEC. SCHOOL
Head/Principal Name: DHARMENDER KUMAR","Address : VILLAGE FEROZEPUR KALAN, P.O FATEHPUR TAGA,
Website : https://karhanaschool.in/"
296,"Aff. No. :530976
Sch. Code:40976","State : HARYANA
District : FARIDABAD",Senior Secondary Level,"Name : DRONACHARYA PUBLIC SCHOOL
Head/Principal Name: JYOTI","Address : VILLAGE- KABULPUR , SECTOR-56, BALLABGARH-SOHNA ROAD,
Website : https://dronacharyaschoolfbd.in/"
297,"Aff. No. :530962
Sch. Code:41033","State : HARYANA
District : FARIDABAD",Senior Secondary Level,"Name : URMILA PUBLIC SENIOR SECONDARY SCHOOL
Head/Principal Name: JYOTI SHARMA","Address : D-II/66 SANJAY COLONY, SECTOR-23 FARIDABAD(HARYANA)
Website : www.urmilapublicschool.com"
298,"Aff. No. :530923
Sch. Code:40890","State : HARYANA
District : FARIDABAD",Senior Secondary Level,"Name : MANAV RACHNA INTERNATIONAL SCHOOL
Head/Principal Name: Pooja Pandey","Address : CHARMWOOD VILLAGE, EROS GARDEN, SECTOR-37, FARIDABAD
Website : https://mris.edu.in/cbse-school-charmwood-faridabad"
299,"Aff. No. :530929
Sch. Code:40897","State : HARYANA
District : FARIDABAD",Senior Secondary Level,"Name : MODERN ARYA PUBLIC SCHOOL
Head/Principal Name: NISHA MALIK","Address : VILLAGE-SAROORPUR, TEH.- BALLABGARH, FARIDABAD(HARYANA)
Website : www.modernaryapublicschools.org"
300,"Aff. No. :530941
Sch. Code:40914","State : HARYANA
District : FARIDABAD",Senior Secondary Level,"Name : NAVODYA VIDYA NIKETAN SR. SEC. SCHOOL
Head/Principal Name: DR. R K SHARMA","Address : GAZIPUR ROAD, DABUA COLONY, N.I.T. FARIDABAD(HARYANA)
Website : www.nvnfbd.com"
301,"Aff. No. :530942
Sch. Code:41060","State : HARYANA
District : FARIDABAD",Senior Secondary Level,"Name : GBN SCHOOL
Head/Principal Name: NISHA SHARMA","Address : PLOT NO.3, SECTOR 21D
Website : www.gbnschool.in"
302,"Aff. No. :530909
Sch. Code:41117","State : HARYANA
District : FARIDABAD",Senior Secondary Level,"Name : PRAKASH BAL BHARTI PUBLIC SCHOOL
Head/Principal Name: ANITA CHAUDHARY","Address : A-446 DABUA COLONY, N,I,T, FARIDABAD(HARYANA)
Website : www.prakashbalbhartipublicschool.in"
303,"Aff. No. :530904
Sch. Code:40875","State : HARYANA
District : FARIDABAD",Senior Secondary Level,"Name : KUNDAN GREEN VALLEY PARADISE
Head/Principal Name: ROHAAN KHANNAA","Address : KUNDAN COLONY BALLABHGARH
Website : http://kundangreenvalleyschool.com/"
304,"Aff. No. :530888
Sch. Code:40858","State : HARYANA
District : FARIDABAD",Senior Secondary Level,"Name : ARYA VIDYA MANDIR SR. SECONDARY SCHOOL
Head/Principal Name: MR. HEMANT KUMAR","Address : ARYA NAGAR, MILK PLANT ROAD, BALLABGARH, FARIDABAD,
Website : www.aryavidyamandirschool.com"
305,"Aff. No. :530893
Sch. Code:40862","State : HARYANA
District : FARIDABAD",Senior Secondary Level,"Name : ADITYA INTERNATIONAL SCHOOL
Head/Principal Name: Anita Adhana","Address : GARHKHERA BALLABGARH, FARIDABAD,
Website :"
306,"Aff. No. :530810
Sch. Code:40784","State : HARYANA
District : FARIDABAD",Senior Secondary Level,"Name : SHANTI NIKATAN PUBLIC SCHOOL
Head/Principal Name: TANU NARULA","Address : SEC-49,SAINIK COLONY,FARIDABAD
Website : www.shantiniketangroup.org"
307,"Aff. No. :530816
Sch. Code:40790","State : HARYANA
District : FARIDABAD",Senior Secondary Level,"Name : A.D. SENIOR SECONDARY SCHOOL
Head/Principal Name: SANDHYA TIWARI","Address : B-210, DABUA COLONY, NUT, FARIDABAD
Website : www.adsss.co.in"
308,"Aff. No. :530780
Sch. Code:40753","State : HARYANA
District : FARIDABAD",Senior Secondary Level,"Name : MODERN PUBLIC SCHOOL
Head/Principal Name: YOGESH KAUSHIK","Address : MODERN PUBLIC SCHOOL, SECTOR 37
Website : www.modernpublicschool37.in"
309,"Aff. No. :530782
Sch. Code:40754","State : HARYANA
District : FARIDABAD",Senior Secondary Level,"Name : DPSG, FARIDABAD
Head/Principal Name: MAYA VIJAYAN","Address : 42.5 K.M. STONE, DELHI-MATHURA ROAD, N.H.-2
Website : http://www.gdgoenkafaridabad.com"
310,"Aff. No. :530786
Sch. Code:40793","State : HARYANA
District : FARIDABAD",Senior Secondary Level,"Name : DOON BHARTI PUBLIC SR. SEC. SCHOOL
Head/Principal Name: BHARTI BHAKUNI","Address : DURGA ENCLAVE, SEHATPUR, FARIDABAD(HARYANA)
Website : www.doonbharti.in"
311,"Aff. No. :530771
Sch. Code:40743","State : HARYANA
District : FARIDABAD",Senior Secondary Level,"Name : SENIOR SHREERAM MODEL HIGH SCHOOL
Head/Principal Name: Vikram Singh Rathore","Address : 60 FEET ROAD JAWAHAR COLONY N.I.T. FARIDABAD
Website : www.seniorshreerammodelhighschool.com"
312,"Aff. No. :530866
Sch. Code:40835","State : HARYANA
District : FARIDABAD",Senior Secondary Level,"Name : SARASWATI MODERN PUBLIC SCHOOL
Head/Principal Name: SURAJ MAL","Address : VPO. MOHNA, TEH. BALLABGARH, DISTT FARIDABAD, HARYANA(121004)
Website : www.smpsmohna.in"
313,"Aff. No. :530821
Sch. Code:40801","State : HARYANA
District : FARIDABAD",Senior Secondary Level,"Name : OM INTERNATION PUBLIC SCHOOL
Head/Principal Name: NAMRATA KUNDU","Address : RASOOLPUR ROAD, PALWAL
Website : www.oipspalwal.com"
314,"Aff. No. :530832
Sch. Code:40987","State : HARYANA
District : FARIDABAD",Senior Secondary Level,"Name : A.B.M PUBLIC SCHOOL
Head/Principal Name: NISHA SINGH","Address : WAZIRPUR-BHUPANI ROAD, RIWAZPUR (SECTOR-89)
Website : www.abmschool.com"
315,"Aff. No. :530833
Sch. Code:40820","State : HARYANA
District : FARIDABAD",Senior Secondary Level,"Name : TARUN NIKETAN PUBLIC SCHOOL
Head/Principal Name: RADHA CHAUHAN","Address : VILL.PALLA NO.1 P.O.TILPAT DISTT.FARIDABAD
Website : www.tarunniketanpublicschool.com"
316,"Aff. No. :530815
Sch. Code:40788","State : HARYANA
District : GURUGRAM",Senior Secondary Level,"Name : SHRI RAM SENIOR SECONDARY SCHOOL,BHORA KALAN
Head/Principal Name: Shyambir Singh","Address : VILLAGE- BHORA KALAN, DISTT- GURGAON , HARYANA
Website : www.shriramschool.in"
317,"Aff. No. :530860
Sch. Code:40830","State : HARYANA
District : GURUGRAM",Senior Secondary Level,"Name : CHAUDHARY CHAINSUKH SENIOR SECONDARY SCHOOL
Head/Principal Name: KRISHAN SINGH RATHI","Address : VILLAGE-PALRI, BIRHERA MORE, TEHSIL-FARUKHNAGAR, DISTT-GURGAON, HARYANA-122506
Website : https://ccsschool.in"
318,"Aff. No. :530854
Sch. Code:40816","State : HARYANA
District : GURUGRAM",Senior Secondary Level,"Name : S.D. MEMORIAL HIGH SCHOOL
Head/Principal Name: KAMLESH TANEJA","Address : MADAN PURI, GALI NO. 11, GURGAON
Website : https://sdms.edu.in/"
319,"Aff. No. :530856
Sch. Code:40825","State : HARYANA
District : GURUGRAM",Senior Secondary Level,"Name : THE GOD INSTITUTION OF EDUCATION SENIOR SECONDARY SCHOOL,
Head/Principal Name: MAHESH KUMAR","Address : VILLAGE-HUSSAINKA,POST OFFICE- SHERPUR,DISTT GURGAON
Website : www.thegodschool.co.in"
320,"Aff. No. :530874
Sch. Code:40844","State : HARYANA
District : GURUGRAM",Senior Secondary Level,"Name : RAO RAM SINGH SENIOR SECONDARY SCHOOL,DHANI KHEMUWALI,BHORA KALAN
Head/Principal Name: SATISH KUMAR","Address : VILLAGE- DHANI KHEMUWALI, POST OFFICE - BHORA KALAN
Website : www.raoramsinghschool.com"
321,"Aff. No. :530876
Sch. Code:40846","State : HARYANA
District : GURUGRAM",Senior Secondary Level,"Name : KESHAV VIDYA VIHAR SENIOR SECONDARY SCHOOL KHOR
Head/Principal Name: ARTI","Address : 9A HOUSE NO 439 GURUGRAM
Website : www.keshavschoolkhor.com"
322,"Aff. No. :530877
Sch. Code:41097","State : HARYANA
District : GURUGRAM",Senior Secondary Level,"Name : EURO INTERNATIONAL SCHOOL
Head/Principal Name: NAVINA DAS","Address : SECTOR 10 GURUGRAM
Website : www.euroschoolsec10ggn.com"
323,"Aff. No. :530785
Sch. Code:40759","State : HARYANA
District : GURUGRAM",Senior Secondary Level,"Name : AMITY INDIAN MILITARY COLLEGE
Head/Principal Name: R C Patial","Address : VILLAGE GWALIOR, PANCHGAON MANESAR, GURGAON (HARYANA)
Website : www.amity.edu/aimc"
324,"Aff. No. :530809
Sch. Code:40783","State : HARYANA
District : GURUGRAM",Senior Secondary Level,"Name : ROSE LAND PUBLIC SCHOOL
Head/Principal Name: PUNAM SHARMA","Address : JAIPUR ROAD, NEAR HERO HONDA CHOWK, N.H. 8, GURGAON
Website : www.roselandpublicschool.com"
325,"Aff. No. :530889
Sch. Code:40859","State : HARYANA
District : GURUGRAM",Senior Secondary Level,"Name : GEMS INTERNATIONAL SCHOOL
Head/Principal Name: Mahendri Devi","Address : C-2, PALAM VIHAR
Website : www.gemsinternationalschoolgurgaon.com"
326,"Aff. No. :530931
Sch. Code:40901","State : HARYANA
District : GURUGRAM",Senior Secondary Level,"Name : DHANKHA HIGH SCHOOL
Head/Principal Name: SUNIL KUMAR","Address : WARD NO. 11, TEHSIL FARRUKHNAGAR, DISTT. GURGAON, HARYANA
Website : www.dhankharschool.COM"
327,"Aff. No. :530935
Sch. Code:40906","State : HARYANA
District : GURUGRAM",Senior Secondary Level,"Name : SARASWATI INTERNATIONAL SCHOOL
Head/Principal Name: UMA YADAV","Address : VILLAGE BEGUMPUR KHATOLA, P.O. KHANDSA, TEHSIL & DISTT. GURGAON, HARYANA
Website : www.saraswatiinternational.co.in"
328,"Aff. No. :530922
Sch. Code:40889","State : HARYANA
District : GURUGRAM",Senior Secondary Level,"Name : D.V.M HIGH SCHOOL
Head/Principal Name: PRIYA KAUSHIK","Address : DAULA ROAD SOHNA
Website : www.dvmsohna.com"
329,"Aff. No. :530926
Sch. Code:40894","State : HARYANA
District : GURUGRAM",Senior Secondary Level,"Name : MAJOR BIHARI LAL MEMORIAL SR.SEC.SCHOOL
Head/Principal Name: SAROJ CHOUDHARY","Address : V.P.O.BILASPUR KALAN,DISTT.GURGAON,HARYANA
Website : www.mblschool.in"
330,"Aff. No. :530968
Sch. Code:41057","State : HARYANA
District : GURUGRAM",Senior Secondary Level,"Name : S C R PUBLIC SCHOOL
Head/Principal Name: ALKA RANI","Address : SHEETLA COLONY, PART-II, OPP. SECTOR-5, GURGAON
Website : www.scrpublicschool.org"
331,"Aff. No. :530971
Sch. Code:40929","State : HARYANA
District : GURUGRAM",Senior Secondary Level,"Name : BAL BHARATI PUBLIC SCHOOL
Head/Principal Name: HARSH KUMAR","Address : SECT-I, IMT, MANESAR GURGAON
Website : https://bbpsmn.balbharati.org/"
332,"Aff. No. :530991
Sch. Code:40947","State : HARYANA
District : GURUGRAM",Senior Secondary Level,"Name : K R MANGALAM WORLD SCHOOL
Head/Principal Name: APARNA SEEBALUCK","Address : E-BLOCK, SOUTH CITY I GURGAON.
Website : www.krmangalam.com"
333,"Aff. No. :530980
Sch. Code:40937","State : HARYANA
District : GURUGRAM",Senior Secondary Level,"Name : K.D.M. PUBLIC SENIOR SECONDARY SCHOOL
Head/Principal Name: ANKITA","Address : BALUDA ROAD SOHNA DISTT- GURUGRAM HARYANA 122103
Website : www.kdmgroups.co.in"
334,"Aff. No. :531005
Sch. Code:40952","State : HARYANA
District : GURUGRAM",Senior Secondary Level,"Name : C.D. INTERNATIONAL SCHOOL
Head/Principal Name: YashPal Yadav","Address : VILL.-BEHRAM PUR-FAZIL PUR,P.O-FAZIL PUR, DISTT. GURGAON, HARYANA
Website : www.cdinternationalschool.com"
335,"Aff. No. :531006
Sch. Code:40988","State : HARYANA
District : GURUGRAM",Senior Secondary Level,"Name : ACME INTERNATIONAL SCHOOL
Head/Principal Name: Hitesh kumar","Address : SECTOR-12, INDRI ROAD,
Website :"
336,"Aff. No. :531003
Sch. Code:40953","State : HARYANA
District : GURUGRAM",Senior Secondary Level,"Name : INDIAN SENIOR SECONDARY SCHOOL
Head/Principal Name: SHEO RAM","Address : VILLAGE TURKAPUR, P.O. BASPADAMKA,
Website : www.indiantpurgsss.org"
337,"Aff. No. :531043
Sch. Code:41056","State : HARYANA
District : GURUGRAM",Senior Secondary Level,"Name : SHEETLA VIDYA PEETH
Head/Principal Name: Sumitra Sehrawat","Address : NAURANGPUR,SECTOR79-B,GURUGRAM,HARYANA-122001
Website : www.sheetlavidyapeeth.com"
338,"Aff. No. :531044
Sch. Code:41002","State : HARYANA
District : GURUGRAM",Senior Secondary Level,"Name : SHISHU KALYAN HIGH SCHOOL
Head/Principal Name: NEELAM","Address : VILL.- NAWADA, P.O.- SIKANDERPUR BADHA, DISST.- GURGAON
Website : www.shishukalyanschool.com"
339,"Aff. No. :531045
Sch. Code:41004","State : HARYANA
District : GURUGRAM",Senior Secondary Level,"Name : JIWAN JYOTI VIDYA MANDIR
Head/Principal Name: SARLESH","Address : VILL.- RATHIWAS JAT, P.O.- SIDHRAWALI, DISTT.- GURGAON, HARYANA.
Website : www.jjvmschool.com"
340,"Aff. No. :531024
Sch. Code:40972","State : HARYANA
District : GURUGRAM",Senior Secondary Level,"Name : G.A.V. INTERNATIONAL SCHOOL
Head/Principal Name: BABITA DEVI","Address : VILL- KANKROLA, P.O.- BHANGROLA, DISTT.- GURGAON, TEH.- GURGAON, HARYANA
Website : www.gavinternationalschools.com"
341,"Aff. No. :531025
Sch. Code:40973","State : HARYANA
District : GURUGRAM",Senior Secondary Level,"Name : H.M. SR. SEC. SCHOOL
Head/Principal Name: SUNITA YADAV","Address : SHEETLA COLONY
Website : www.hmsssggn.com"
342,"Aff. No. :531017
Sch. Code:40964","State : HARYANA
District : GURUGRAM",Senior Secondary Level,"Name : DRONACHARYA SR. SEC. SCHOOL
Head/Principal Name: NIHAL SINGH","Address : WARD NO. 11 HAILY MANDI ROAD , FARRUKH NAGAR
Website : htpp://dronacharyaschool.co.in"
343,"Aff. No. :531057
Sch. Code:41008","State : HARYANA
District : GURUGRAM",Senior Secondary Level,"Name : NEW SHISU KALYAN HIGH SCHOOL
Head/Principal Name: PRERNA","Address : VILL- CHANDU, P.O- BUDHERA DISTT-GURGAON
Website : www.nskpschool.com"
344,"Aff. No. :531034
Sch. Code:40991","State : HARYANA
District : GURUGRAM",Senior Secondary Level,"Name : LOTUS VALLEY INTERNATIONAL SCHOOL
Head/Principal Name: ANITA MALHOTRA","Address : M BLOCK, PLOT NO. 2, NIRVANA COUNTRY, SOUTH CITY-II, SECTOR-50
Website : www.lotusvalleygurgaon.com"
345,"Aff. No. :531076
Sch. Code:41019","State : HARYANA
District : GURUGRAM",Senior Secondary Level,"Name : AVR PUBLIC SCHOOL
Head/Principal Name: Ritu Phogat Kataria","Address : RAJIV NAGAR OPP.-AIR FORCE MESS,SEC.-14
Website : www.avrpublicschool.co.in"
346,"Aff. No. :531086
Sch. Code:41079","State : HARYANA
District : GURUGRAM",Secondary Level,"Name : U.S. HIGH SCHOOL
Head/Principal Name: SHRESHTHA","Address : VILL. & PO- PATAUDI, DIST: GURGAON[HR]
Website : www.usschool.in"
347,"Aff. No. :531084
Sch. Code:41024","State : HARYANA
District : GURUGRAM",Senior Secondary Level,"Name : THE SHIKSHIYAN SCHOOL
Head/Principal Name: GEETA DAGAR","Address : SECTOR-108, VILLAGE-DHRAMPUR, GURGAON, HARYANA
Website : https://theshikshiyanschool.com/"
348,"Aff. No. :531088
Sch. Code:41070","State : HARYANA
District : GURUGRAM",Senior Secondary Level,"Name : THE MAURYA SCHOOL
Head/Principal Name: GARIMA MANGLIK","Address : F-BLOCK, PALAM VIHAR
Website : www.themauryaschool.com"
349,"Aff. No. :531121
Sch. Code:41139","State : HARYANA
District : GURUGRAM",Senior Secondary Level,"Name : JYOTI PUBLIC SCHOOL
Head/Principal Name: INDU SHARMA","Address : VILL-DHKA P.O BHANGROLA TEH&DISTT.GURGAON HARYANA- 122505
Website : www.jyotipublicschool.com"
350,"Aff. No. :531113
Sch. Code:41103","State : HARYANA
District : GURUGRAM",Senior Secondary Level,"Name : GURGAON WORLD SCHOOL
Head/Principal Name: Nisha Yadav","Address : VILLAGE-PAHARI, TEHSIL-PATAUDI, DISTT-GURGAON, HARYANA
Website : www.gurgaonworldschool.com"
351,"Aff. No. :531100
Sch. Code:41050","State : HARYANA
District : GURUGRAM",Senior Secondary Level,"Name : GENIUS CONVENT SENIOR SECONDARY SCHOOL
Head/Principal Name: REKHA","Address : VILLAGE - NANU KHURD, POST OFFICE - NANU KALAN, DISTT. - GURGAON, HARYANA
Website : www.geniusconventschool.in"
352,"Aff. No. :531105
Sch. Code:41054","State : HARYANA
District : GURUGRAM",Senior Secondary Level,"Name : VIDYA SCHOOL
Head/Principal Name: ILA SARIN","Address : PLOT 3126, S-BLOCK, DLF PHASE III, GURGAON
Website : www.vidyaschool.com"
353,"Aff. No. :531110
Sch. Code:41082","State : HARYANA
District : GURUGRAM",Senior Secondary Level,"Name : S D SENIOR SEC. SCHOOL
Head/Principal Name: CHANCHAL","Address : VILLAGE JANAULA, PATAUDI GURGAON,
Website : www.sdschooljanaula.CO.IN"
354,"Aff. No. :531128
Sch. Code:41099","State : HARYANA
District : GURUGRAM",Senior Secondary Level,"Name : M.D.SR.SEC.SCHOOL, MUMTAJPUR (GURGAON)
Head/Principal Name: SURENDER KUMAR","Address : MUMTAJPUR, BASPADMKA, GURGAON, HARYANA
Website : https://mdmumtajpur.ac.in/"
355,"Aff. No. :531142
Sch. Code:41136","State : HARYANA
District : GURUGRAM",Senior Secondary Level,"Name : AKASH PUBLIC SCHOOL
Head/Principal Name: SANJEEV BHARDWAJ","Address : 12 -BISWA, VILL. GURGAON NEAR SECTOR-5, HARYANA
Website : www.aakashpublicschool.in"
356,"Aff. No. :531172
Sch. Code:41152","State : HARYANA
District : GURUGRAM",Senior Secondary Level,"Name : RN TAGORE SENIOR SECONDARY SCHOOL
Head/Principal Name: BIJENDER KUMAR","Address : VPO JAMALPUR, FURRUKHNAGAR DISTT GURGAON
Website : www.rntagoreschool.com"
357,"Aff. No. :531174
Sch. Code:41158","State : HARYANA
District : GURUGRAM",Senior Secondary Level,"Name : ROYAL OAK INTERNATIONAL SCHOOL
Head/Principal Name: ABHISHEK UPADHYAY","Address : NEW PALAM VIHAR, SECTOR 110
Website : www.royaloakinternationalschool.co.in"
358,"Aff. No. :531179
Sch. Code:41153","State : HARYANA
District : GURUGRAM",Senior Secondary Level,"Name : D.A.V. PUBLIC SCHOOL
Head/Principal Name: CHARU MAINI","Address : UPPALS SOUTHEND, SECTOR 48-49,
Website : www.dav49gurugram.org"
359,"Aff. No. :531180
Sch. Code:41164","State : HARYANA
District : GURUGRAM",Senior Secondary Level,"Name : G.D. GOENKA PUBLIC SCHOOL,
Head/Principal Name: ANURADHA HANDA","Address : BLOCK-A, SECTOR-48, GURGAON
Website : www.gdgoenka-gurgaon.com"
360,"Aff. No. :531183
Sch. Code:41155","State : HARYANA
District : GURUGRAM",Senior Secondary Level,"Name : LAXMI SR. SEC. SCHOOL
Head/Principal Name: MANJUSHA DHAWAN","Address : VILL. RATHIWAS (JAT) P.O. SIDHRAWALI DISTT. GURGAON (HARYANA) 122413
Website : www.laxmischool.in"
361,"Aff. No. :531188
Sch. Code:41168","State : HARYANA
District : GURUGRAM",Senior Secondary Level,"Name : DIVINE DALE INTERNATIONAL SCHOOL
Head/Principal Name: SNEH VATS","Address : VPO: SHERPUR VIA: KHALILPUR TEH: PATAUDI DISTT: GURGAON [HR]
Website : www.divinedale.org"
362,"Aff. No. :531190
Sch. Code:41174","State : HARYANA
District : GURUGRAM",Senior Secondary Level,"Name : GYAN DEVI SENIOR SECONDARY SCHOOL
Head/Principal Name: SHEENA YADAV","Address : SECTOR-10, GURUGRAM, HARYANA
Website : http://www.gyandevi.com/sec-10/"
363,"Aff. No. :531193
Sch. Code:41160","State : HARYANA
District : GURUGRAM",Senior Secondary Level,"Name : SHIV NADAR SCHOOL, GURGAON
Head/Principal Name: Sameer Arora","Address : SHIV NADAR SCHOOL, SITE NO 1111 & 1127, E-BLOCK, DLF PHASE-1, GURGAON (HARYANA)
Website : https://shivnadarschool.edu.in/gurgaon"
364,"Aff. No. :531206
Sch. Code:41186","State : HARYANA
District : GURUGRAM",Senior Secondary Level,"Name : RED ROSES PUBLIC SCHOOL
Head/Principal Name: RITU BEDI","Address : D BLOCK,SECTOR 2,PALAM VIHAR
Website : www.rrps.in"
365,"Aff. No. :531219
Sch. Code:41205","State : HARYANA
District : GURUGRAM",Senior Secondary Level,"Name : R.B.S.M. PUBLIC SCHOOL
Head/Principal Name: JYOTI SHARMA","Address : V.P.O.-BHONDSI, DISTT.-GURGAON
Website : www.rbsmschool.in"
366,"Aff. No. :531236
Sch. Code:41225","State : HARYANA
District : GURUGRAM",Senior Secondary Level,"Name : RAGHUNATH BAL VIDYA MANDIR
Head/Principal Name: MALTI SHARMA","Address : VPO-PATLI,TEHSIL-FARRUKHNAGAR, DISTT-GURUGRAM-122506, HARYANA
Website : https://schotest.com/school-info/raghunath-bal-vidya-mandir-"
367,"Aff. No. :531237
Sch. Code:41216","State : HARYANA
District : GURUGRAM",Senior Secondary Level,"Name : SURAJ SCHOOL
Head/Principal Name: Sangita Das","Address : VPO JANAULA GURGAON ROAD PATAUDI
Website : http://surajschoolpataudi.com"
368,"Aff. No. :531284
Sch. Code:41259","State : HARYANA
District : GURUGRAM",Senior Secondary Level,"Name : SHANTI NIKETAN PUBLIC SCHOOL
Head/Principal Name: DEEPA","Address : VILL & P.O.-KHERLA, TEH-SOHNA, DISTT-GURGAON, HARYANA
Website : https://snpskherla.com/"
369,"Aff. No. :531294
Sch. Code:41265","State : HARYANA
District : GURUGRAM",Senior Secondary Level,"Name : GLOBAL PUBLIC SCHOOL
Head/Principal Name: Dr. Sarita V. Singh","Address : V.P.O TEEKLI TEH-GURGAON HARYANA
Website : www.gpsgurgaon.com"
370,"Aff. No. :531297
Sch. Code:41274","State : HARYANA
District : GURUGRAM",Senior Secondary Level,"Name : DAV POLICE PUBLIC SCHOOL
Head/Principal Name: Nancy Sharma","Address : CPT & R CAMPUS BHONDSI, GURGAON, HARYANA-122 102
Website : www.davppsbhondsi.org"
371,"Aff. No. :531251
Sch. Code:41231","State : HARYANA
District : GURUGRAM",Secondary Level,"Name : M.D.S. PUBLIC HIGH SCHOOL
Head/Principal Name: POONAM","Address : VILL-GAROLI KHURD, P.O.-BASAI, TEH. & DISTT.-GURGAON, HARYANA
Website : www.mdspublicschool.org"
372,"Aff. No. :531261
Sch. Code:41308","State : HARYANA
District : GURUGRAM",Senior Secondary Level,"Name : RIDGE VALLEY SCHOOL
Head/Principal Name: Neelu Singh","Address : PLOT NO. 4111,4112 DLF PHASE IV
Website : https://ridgevalleyschool.org/"
373,"Aff. No. :531301
Sch. Code:41279","State : HARYANA
District : GURUGRAM",Senior Secondary Level,"Name : KUNSKAPSSKOLAN
Head/Principal Name: INDERBIR THUSSU","Address : SITE NO. 1122, BLOCK-A, DLF PHASE-1
Website : www.kunskapsskolan.edu.in"
374,"Aff. No. :531344
Sch. Code:41321","State : HARYANA
District : GURUGRAM",Senior Secondary Level,"Name : VIVEKANAND PUBLIC SCHOOL
Head/Principal Name: RAM BAHADUR SINGH","Address : V.P.O GARHI HARSARU DISTT GURGAON HARYANA
Website : http://www.vivekanandschools.in/"
375,"Aff. No. :531346
Sch. Code:41318","State : HARYANA
District : GURUGRAM",Senior Secondary Level,"Name : PRESIDIUM
Head/Principal Name: SUDHANSHU DADU","Address : E BLOCK SECTOR 57,MAYFIELD GARDEN,
Website : www.presidiumgurgaon.com"
376,"Aff. No. :531350
Sch. Code:41324","State : HARYANA
District : GURUGRAM",Senior Secondary Level,"Name : G.A.V. INTERNATIONAL SCHOOL
Head/Principal Name: RENU DESHWAL","Address : ASHRAM HARI MANDIR,PATAUDI
Website : https://gavpataudi.gavinternationalschools.com/"
377,"Aff. No. :531369
Sch. Code:41346","State : HARYANA
District : GURUGRAM",Secondary Level,"Name : BROADWAYS INTERNATIONAL SCHOOL
Head/Principal Name: Dr. Saurabh Malhotra","Address : SECTOR-76, NEAR KHERKI DAULA TOLL PLAZA, NH-8, GURGAON
Website : http://www.broadwaysinternational.com"
378,"Aff. No. :531367
Sch. Code:41344","State : HARYANA
District : GURUGRAM",Senior Secondary Level,"Name : THE BRIGHT SIDE GLOBAL SCHOOL
Head/Principal Name: ASHOK KUMAR YADAV","Address : VILL.TAJNAGAR P.O PATLI STATION TEH.FARRUKH NAGAR DISTT.GURGAON HARYANA-122506
Website : http://ajantaschool.in/"
379,"Aff. No. :531385
Sch. Code:41361","State : HARYANA
District : GURUGRAM",Senior Secondary Level,"Name : UDEYA BHARATI HIGH SCHOOL
Head/Principal Name: SAVITA SINGH","Address : AKLIMPUR-TEEKLI, ON WAY TO ANSALS ARAVALI RETREAT, OFF GURGAON SOHNA ROAD, DISTRICT GURGAON
Website : www.udeyabharatischool.com"
380,"Aff. No. :531406
Sch. Code:41382","State : HARYANA
District : GURUGRAM",Senior Secondary Level,"Name : ST.XAVIERS HIGH SCHOOL
Head/Principal Name: RITU MEHTA","Address : ROSEWOOD CITY MAIN GOLF COURSE EXTENSION ROAD SECTOR-49 GURUGRAM 122018
Website : http://www.stxaviershighschoolgurgaon.com/"
381,"Aff. No. :531398
Sch. Code:41372","State : HARYANA
District : GURUGRAM",Senior Secondary Level,"Name : EURO INTERNATIONAL SCHOOL
Head/Principal Name: ARCHANA SINGH","Address : SECTOR-45 NEAR GREENWOOD CITY DISTT-GURUGRAM HARYANA 122001
Website : www.euroschoolsec45ggn.com"
382,"Aff. No. :531460
Sch. Code:41434","State : HARYANA
District : GURUGRAM",Senior Secondary Level,"Name : PRANAVANANDA INTERNATIONAL SCHOOL
Head/Principal Name: JEEVITENDRA SATI","Address : SECTOR - 92 P.O. - WAZIRPUR
Website : www.pisgurugram.com"
383,"Aff. No. :531475
Sch. Code:41456","State : HARYANA
District : GURUGRAM",Senior Secondary Level,"Name : THE MOKSH INTERNATIONAL SCHOOL
Head/Principal Name: MOKSHA YADAV","Address : V.P.O SHIKOHPUR DISTT-GURGAON HARYANA
Website : www.misgurgaon.com"
384,"Aff. No. :531444
Sch. Code:41422","State : HARYANA
District : GURUGRAM",Senior Secondary Level,"Name : GURU DRONACHARYA SR.SEC.SCHOOL
Head/Principal Name: JAIPAL YADAV","Address : V.P.O BHANGROLA DISTT-GURGAON HARYANA
Website : https://gurudronacharya.com/index.aspx"
385,"Aff. No. :531508
Sch. Code:41484","State : HARYANA
District : GURUGRAM",Senior Secondary Level,"Name : SATYA SCHOOL
Head/Principal Name: MANISHA MALHOTRA","Address : BLOCK-E, SOUTH CITY-2
Website : https://satyaschool.com/"
386,"Aff. No. :531509
Sch. Code:41485","State : HARYANA
District : GURUGRAM",Senior Secondary Level,"Name : THE HDFC SCHOOL, GURGAON
Head/Principal Name: ATRAYEE SENGUPTA","Address : BLOCK C, SUSHANT LOK III, SECTOR 57, GURGAON
Website : https://www.thehdfcschool.com/gurgaon/index.html"
387,"Aff. No. :531487
Sch. Code:41463","State : HARYANA
District : GURUGRAM",Senior Secondary Level,"Name : SAINT PAULS SCHOOL
Head/Principal Name: RUCHI BHARIJA","Address : V.P.O HARSARU TEH & DISTT-GURGAON HARYANA
Website : www.stpaulschool.net.in"
388,"Aff. No. :531500
Sch. Code:41477","State : HARYANA
District : GURUGRAM",Secondary Level,"Name : ANANTAM SCHOOL
Head/Principal Name: Santosh Malik","Address : ANANTAM SCHOOL VILLAGE SANGEL NEAR UJINA NUH MEWAT
Website : www.anantamschool.com"
389,"Aff. No. :531501
Sch. Code:41476","State : HARYANA
District : GURUGRAM",Senior Secondary Level,"Name : GD GOENKA SIGNATURE SCHOOL
Head/Principal Name: ALPANA BAVEJA","Address : GURGAON -SOHNA ROAD, SOHNA, HARYANA PIN-122103
Website : https://www.gdgoenkasignature.com/"
390,"Aff. No. :531528
Sch. Code:41497","State : HARYANA
District : GURUGRAM",Senior Secondary Level,"Name : SHALOM PRESIDENCY SCHOOL
Head/Principal Name: MONIKA SHARMA","Address : SUSHANT LOK-II, GOLF COURSE EXTN ROAD, BLOCK-D, SEC-56, GURGAON
Website : www.shalompresidency.com"
391,"Aff. No. :531529
Sch. Code:41498","State : HARYANA
District : GURUGRAM",Senior Secondary Level,"Name : ORCHIDS PUBLIC SCHOOL
Head/Principal Name: RAKESH KUMAR","Address : VILL-KHORI KALAN P.O RATHIWAS TEH TAURU DISTT-NUH(MEWAT) HARYANA 122105
Website : http://orchidspublicschool.com"
392,"Aff. No. :531524
Sch. Code:41493","State : HARYANA
District : GURUGRAM",Senior Secondary Level,"Name : MOUNT OLYMPUS SCHOOL
Head/Principal Name: VANDANA PUNEET MAHAJAN","Address : PLOT NUMBER 2 , MALIBU TOWNE SECTOR-47,GURGAON
Website : https://mountolympus.in/"
393,"Aff. No. :531517
Sch. Code:41492","State : HARYANA
District : GURUGRAM",Senior Secondary Level,"Name : DELHI PUBLIC SCHOOL
Head/Principal Name: VIJAY CHAUDHARY","Address : PLOT NO . HS-01,STREET NO.P-01,SECTOR-84, GURGAON
Website : www.dpsgurugram84.com"
394,"Aff. No. :531535
Sch. Code:41502","State : HARYANA
District : GURUGRAM",Senior Secondary Level,"Name : NARAYANA E-TECHNO SCHOOL, SOUTHCITY2
Head/Principal Name: SHANTI KUDIRI","Address : PS-02,NS-04,F-BLOCK,SOUTHCITY-II.
Website : https://www.narayanaschools.in/haryana/gurgaon-south-city-2"
395,"Aff. No. :531601
Sch. Code:41580","State : HARYANA
District : GURUGRAM",Senior Secondary Level,"Name : SURAJ SCHOOL
Head/Principal Name: KALPNA KASHYAP","Address : SECTOR-75, GURUGRAM
Website : https://www.surajschoolgurgaon.com/"
396,"Aff. No. :531610
Sch. Code:41591","State : HARYANA
District : GURUGRAM",Secondary Level,"Name : VINAY SR.SEC.SCHOOL
Head/Principal Name: Seema","Address : VILL. CHANDU P.O. BUDHERA
Website : www.vinaysrsecschool.in"
397,"Aff. No. :531612
Sch. Code:41597","State : HARYANA
District : GURUGRAM",Senior Secondary Level,"Name : DPS HAILYMANDI
Head/Principal Name: Rekha","Address : JATAULI, HAILYMANDI DISTT. GURGAON
Website : www.dpshailymandi.com"
398,"Aff. No. :531582
Sch. Code:41567","State : HARYANA
District : GURUGRAM",Senior Secondary Level,"Name : DPSG SUSHANT LOK
Head/Principal Name: Shalini Singh","Address : C BLOCK, SUSHANT LOK-1, SECTOR 43
Website : www.sl.dpsgs.org"
399,"Aff. No. :531585
Sch. Code:41559","State : HARYANA
District : GURUGRAM",Senior Secondary Level,"Name : R P S INTERNATIONAL SCHOOL
Head/Principal Name: KIRAN YADAV","Address : ROSEWOOD CITY, SECTOR-50, GURGUGRAM
Website : www.rpsrosewoodcityggn50.com"
400,"Aff. No. :531559
Sch. Code:41544","State : HARYANA
District : GURUGRAM",Senior Secondary Level,"Name : NARAYANA E- TECHNO SCHOOL, SECTOR 37C
Head/Principal Name: VEMULA JAYA SREE","Address : APEX BUILD-WELL HOUSING SOCIETY,SECTOR-37-C, OPP:TAKSHILA HEIGHTS
Website : http://www.narayanaschools.org/gurgaon-sector-37c."
401,"Aff. No. :531554
Sch. Code:41527","State : HARYANA
District : GURUGRAM",Senior Secondary Level,"Name : ADITYA PUBLIC SCHOOL
Head/Principal Name: PALLAVI","Address : VILLAGE KHAINTAWAS
Website : www.adityaschoolkhaintawas.com"
402,"Aff. No. :531541
Sch. Code:41516","State : HARYANA
District : GURUGRAM",Senior Secondary Level,"Name : DELHI PUBLIC SCHOOL PATAUDI
Head/Principal Name: Sunita Chopra","Address : VILLAGE-JANAULA GURGAON-PATAUDI ROAD, TEHSIL-FARRUKHNAGAR, DISTT-GURGAON
Website : www.dpspataudi.com"
403,"Aff. No. :531566
Sch. Code:41545","State : HARYANA
District : GURUGRAM",Senior Secondary Level,"Name : VEDAS INTERNATIONAL SCHOOL
Head/Principal Name: ALPANA DOBHAL KHANDURI","Address : VILLAGE NUNEHRA , SOHNA , GURGAON
Website : www.vedasinternationalschool.com"
404,"Aff. No. :531574
Sch. Code:41557","State : HARYANA
District : GURUGRAM",Senior Secondary Level,"Name : M.D. SENIOR SECONDARY SCHOOL
Head/Principal Name: SNEH LATA","Address : VILLAGE & POST: MANKROLA, DISTT: GURGAON, HARYANA
Website : www.MDSCHOOL.ON"
405,"Aff. No. :531621
Sch. Code:41601","State : HARYANA
District : GURUGRAM",Senior Secondary Level,"Name : ALPINE CONVENT SCHOOL
Head/Principal Name: Ashi Gaur","Address : ALPINE CONVENT SCHOOL, MAIN ROAD, SECTOR-10
Website : www.alpineconventschool.com"
406,"Aff. No. :531622
Sch. Code:41646","State : HARYANA
District : GURUGRAM",Senior Secondary Level,"Name : SURAJ SCHOOL
Head/Principal Name: KANIKA GHAI","Address : SECTOR-56, GURUGRAM
Website : www.surajschoolgurugram.com"
407,"Aff. No. :531629
Sch. Code:41609","State : HARYANA
District : GURUGRAM",Senior Secondary Level,"Name : ROSHAN LAL INTERNATIONAL SCHOOL
Head/Principal Name: SANDEEP CHAUHAN","Address : SEC-82 MAPSKO CASA BELLA ,VATIKA GURUGRAM HARYANA
Website : www.rlis.in"
408,"Aff. No. :531630
Sch. Code:41610","State : HARYANA
District : GURUGRAM",Senior Secondary Level,"Name : NARAYANA E-TECHNO SCHOOL, M.G. ROAD
Head/Principal Name: BHARTI KHEPAR","Address : ESSEL TOWER, MAIN M.G. ROAD, SECTOR-28, VILLAGE SUKHRALI
Website : www.narayanaschools.org"
409,"Aff. No. :531631
Sch. Code:41628","State : HARYANA
District : GURUGRAM",Senior Secondary Level,"Name : RPS INTERNATIONAL SCHOOL
Head/Principal Name: SHIVA YADAV","Address : SECTOR - 89 GURUGRAM
Website : HTTP://WWW.RPSGURUGRAM89.EDU.IN"
410,"Aff. No. :531635
Sch. Code:41606","State : HARYANA
District : GURUGRAM",Senior Secondary Level,"Name : NARAYANA E-TECHNO SCHOOL, PALAM VIHAR
Head/Principal Name: SHASHIKALA CHAMAKURI","Address : C-1 BLOCK, PALAM VIHAR, GURUGRAM, HARYANA-122017
Website : https://www.narayanaschools.org/gurgaon-palam-viha"
411,"Aff. No. :531642
Sch. Code:41615","State : HARYANA
District : GURUGRAM",Senior Secondary Level,"Name : RPS INTERNATIONAL SCHOOL
Head/Principal Name: POOJA SHARMA","Address : SECTOR 50,OPPOSITE ARCADIA MARKET, GURUGRAM HARYANA
Website : www.rpsgurugram50.edu.in"
412,"Aff. No. :531679
Sch. Code:41660","State : HARYANA
District : GURUGRAM",Senior Secondary Level,"Name : KIIT WORLD SCHOOL
Head/Principal Name: Neelima Kamrah","Address : KIIT CAMPUS, SOHNA ROAD, NEAR BHONDSI, GURGAON
Website : http://www.kiitworldschool.org"
413,"Aff. No. :531680
Sch. Code:41659","State : HARYANA
District : GURUGRAM",Senior Secondary Level,"Name : THE VENKATESHWAR SCHOOL
Head/Principal Name: Mamta Shridhar","Address : BLOCK-F, SUSHANT LOK-II, SCTOR-57, GURUGRAM
Website : www.thevenkateshwarschool.com"
414,"Aff. No. :531626
Sch. Code:41626","State : HARYANA
District : GURUGRAM",Senior Secondary Level,"Name : BASANT VALLEY GLOBAL SCHOOL
Head/Principal Name: ARTI SHARMA","Address : ROSEWOOD CITY, BLOCK - C, SECTOR 49
Website : www.bvgs.in"
415,"Aff. No. :531753
Sch. Code:41732","State : HARYANA
District : GURUGRAM",Senior Secondary Level,"Name : YADUVANSHI SHIKSHA NIKETAN
Head/Principal Name: HITAYU KUMARI","Address : SECTOR 92, GURUGRAM
Website : www.yaduvanshischoolgurugram92.edu.in"
416,"Aff. No. :531730
Sch. Code:41709","State : HARYANA
District : GURUGRAM",Senior Secondary Level,"Name : AMBIENCE PUBLIC SCHOOL
Head/Principal Name: GARIMA PANDEY","Address : PLOT NO. 1, SECTOR-43
Website : http://www.ambienceschool.com"
417,"Aff. No. :531722
Sch. Code:41688","State : HARYANA
District : GURUGRAM",Senior Secondary Level,"Name : SHRI RAM PUBLIC SR SEC SCHOOL
Head/Principal Name: KAVITA SHARMA","Address : SHRI RAM PUBLIC SR SEC SCHOOL, BILASPUR ROAD PATAUDI
Website : www.shriramschoolpataudi.com"
418,"Aff. No. :531712
Sch. Code:41691","State : HARYANA
District : GURUGRAM",Senior Secondary Level,"Name : HINDU RAO SR SEC SCHOOL
Head/Principal Name: PUSHP LATA","Address : KHURAMPUR MUSHEDPUR BUS STAND P.O FARRUKHNAGAR TEH FARRUKNAGAR DISTT-GURUGRAM HARYANA 122506
Website : https://hinduraoschool.com"
419,"Aff. No. :531692
Sch. Code:41672","State : HARYANA
District : GURUGRAM",Senior Secondary Level,"Name : EURO INTERNATIONAL SCHOOL
Head/Principal Name: SUDHA CHAUHAN","Address : SECTOR-37 D BPTP TOWERS DISTT-GURUGRAM HARYANA
Website : www.euroschoolsec37dggn.com"
420,"Aff. No. :531718
Sch. Code:41697","State : HARYANA
District : GURUGRAM",Senior Secondary Level,"Name : OPEN SKY
Head/Principal Name: Bharti Arora","Address : SECTOR 5 PART VI GURGAON
Website : www.opensky-school.com"
421,"Aff. No. :531701
Sch. Code:41681","State : HARYANA
District : GURUGRAM",Senior Secondary Level,"Name : SUCHETA MEMORIAL SCHOOL
Head/Principal Name: SARVESH SATIJA","Address : SUCHETA MEMORIAL SCHOOL, SECTOR-5, GURUGRAM- 122001
Website : www.suchetamschool.com"
422,"Aff. No. :500030
Sch. Code:44548","State : HARYANA
District : GURUGRAM",Secondary Level,"Name : KENDRIYA VIDYALAYA NO.2
Head/Principal Name: ANJANA GANGWAR","Address : AIR FCE STATION, VSV, SOHANA ROAD, GURGAON, HARYANA
Website : https://no2gurgaon.kvs.ac.in"
423,"Aff. No. :500151
Sch. Code:44652","State : HARYANA
District : GURUGRAM",Senior Secondary Level,"Name : KV GC CRPF KADARPUR
Head/Principal Name: SANJAY","Address : GURUGRAM, HARYANA
Website : https://crpfkadarpur.kvs.ac.in/"
424,"Aff. No. :500006
Sch. Code:44528","State : HARYANA
District : GURUGRAM",Senior Secondary Level,"Name : PM SHRI KENDRIYA VIDYALAYA
Head/Principal Name: Dr. Vinod Kumar Yadav","Address : AIR FORCE STATION SECTOR 14 GURGAON HARYANA
Website : https://afsno1gurgaon.kvs.ac.in/"
425,"Aff. No. :500021
Sch. Code:44543","State : HARYANA
District : GURUGRAM",Senior Secondary Level,"Name : PM SHRI KENDRIYA VIDYALAYA
Head/Principal Name: RAMKUMAR","Address : NATIONAL SECURITY GUARD MANESAR GURGOAN HARYANA
Website : https://nsgmanesar.kvs.ac.in/"
426,"Aff. No. :520076
Sch. Code:44051","State : HARYANA
District : GURUGRAM",Senior Secondary Level,"Name : GOVT. MODEL SANSKRITI SENIOR SECONDARY SCHOOL FARRUKHNAGAR - 0735
Head/Principal Name: NAVEEN KUMAR","Address : GOVT. MODEL SANSKRITI SENIOR SECONDARY SCHOOL FARRUKHNAGAR - 0735
Website : https://gmssssfarrukhnagar.com/Home/MandatoryPublicDisclosur"
427,"Aff. No. :520088
Sch. Code:44063","State : HARYANA
District : GURUGRAM",Senior Secondary Level,"Name : GOVT MODEL SANSKRITI SENIOR SECONDARY SCHOOL,PATAUDI
Head/Principal Name: MAHESH KUMAR SINGH","Address : WARD NO-10,GOVT MODEL SANSKRITI SENIOR SECONDARY SCHOOL ,PATAUDI
Website : https://gmsssspataudi.edu.in"
428,"Aff. No. :520092
Sch. Code:44067","State : HARYANA
District : GURUGRAM",Senior Secondary Level,"Name : GMSSSS SOHNA
Head/Principal Name: RAJ BALA","Address : NEAR TAU DEVI LAL STADIUM WARD NUMBER 5 SOHNA GURUGRAM
Website : www.GMSSSSSOHNA.COM"
429,"Aff. No. :520138
Sch. Code:44114","State : HARYANA
District : GURUGRAM",Senior Secondary Level,"Name : GOVT MODEL SANSKRITI SEN SEC SCHOOL SUSHANT LOK 1 SECTOR 43 GURGAON
Head/Principal Name: PUNAM KUMARI","Address : GOVT MODEL SANSKRITI SEN SEC SCHOOL SUSHANT LOK 1 SECTOR 43 GURGAON
Website : http://gmssssgurugram.com"
430,"Aff. No. :520319
Sch. Code:44298","State : HARYANA
District : GURUGRAM",Senior Secondary Level,"Name : PMSHRI GSSS CHAKKARPUR
Head/Principal Name: Anuradha Gupta","Address : PMSHRI GSSS CHAKKARPUR , VILLAGE CHAKKARPUR DLF PHASE 1 GURUGRAM, NEAR DLF 1 RAPID METRO STATION
Website : https://pmshrichakkarpur.com"
431,"Aff. No. :520339
Sch. Code:44322","State : HARYANA
District : GURUGRAM",Senior Secondary Level,"Name : GOVT. MODEL SANSKRITI SR. SEC. SCHOOL BADSHAHPUR
Head/Principal Name: POONAM SAPRA","Address : BADSHAHPUR, GURUGRAM, HARYANA
Website : http://gsssbadshahpur.com"
432,"Aff. No. :520340
Sch. Code:44323","State : HARYANA
District : GURUGRAM",Senior Secondary Level,"Name : GOVT MODEL SANSKRITI SENIOR SECONDARY SCHOOL
Head/Principal Name: SHIV DUTT","Address : ARJUN NAGAR, NEAR RAM LILA MAIDAN, GURUGRAM
Website : https://www.gmssss0862.in/"
433,"Aff. No. :520341
Sch. Code:44324","State : HARYANA
District : GURUGRAM",Senior Secondary Level,"Name : PM SHRI GSSS GHAMROJ ALIPUR
Head/Principal Name: ANAND BALA","Address : VILLAGE GHAMROJ ALIPUR, VILL GHAMROJ ALIPUR , SOHNA
Website : https://Pmshrigsssghamrojalipur.in"
434,"Aff. No. :520321
Sch. Code:44300","State : HARYANA
District : GURUGRAM",Senior Secondary Level,"Name : GOVT MODEL SANSKRITI SENIOR SECONDARY SCHOOL JAMALPUR
Head/Principal Name: SATY PARKASH","Address : VILLAGE AND POST OFFICE JAMALPUR, JAMALPUR NEAR PATAUDI, GURUGRAM
Website : https://gmssssjamalpur.in/"
435,"Aff. No. :520325
Sch. Code:44308","State : HARYANA
District : GURUGRAM",Senior Secondary Level,"Name : PM SHRI GSSS SHERPUR
Head/Principal Name: JAI BHAGWAN","Address : SHERPUR, SHERPUR, SHERPUR
Website : https://pmshrigssssherpur.edu.in/Gallery.html"
436,"Aff. No. :530014
Sch. Code:40022","State : HARYANA
District : GURUGRAM",Senior Secondary Level,"Name : S D ADARSH VIDYALAYA
Head/Principal Name: ARPNA JOSHI","Address : SECTOR-47, SOHANA ROAD, GURGAON HARYANA
Website : www.sdadarshvidyalayagurgaon.com"
437,"Aff. No. :530015
Sch. Code:40023","State : HARYANA
District : GURUGRAM",Secondary Level,"Name : OUR LADY OF FATIMA CONVENT SECONDARY SCHOOL
Head/Principal Name: SHERLY CELSA EMMANUVAL","Address : NEW COLONY GURGAON HARYANA
Website : www.ourladyfatimaschoolgurgaon.org"
438,"Aff. No. :520345
Sch. Code:44328","State : HARYANA
District : GURUGRAM",Senior Secondary Level,"Name : PM SHRI GOVT. SR. SEC. SCHOOL KAROLA (0943)
Head/Principal Name: Yaksh Kumar","Address : VPO- KAROLA, BLOCK- FARRUKHNAGAR, TEH- FARRUKHNAGAR
Website : https://pmshrigssskarola.in/"
439,"Aff. No. :530021
Sch. Code:40025","State : HARYANA
District : GURUGRAM",Senior Secondary Level,"Name : ROTARY PUBLIC SCHOOL
Head/Principal Name: SANDEEPA RAI","Address : SECTOR 22 GURGAON HARYANA
Website :"
440,"Aff. No. :530023
Sch. Code:40021","State : HARYANA
District : GURUGRAM",Senior Secondary Level,"Name : SHRI S N SIDHESHWAR SR SEC PUBLIC SCHOOL
Head/Principal Name: SANGITA SABARWAL","Address : SECTOR -9A, GURGAON HARYANA
Website : https://snr.snsidheshwar.com/"
441,"Aff. No. :530077
Sch. Code:40097","State : HARYANA
District : GURUGRAM",Senior Secondary Level,"Name : RAO LAL SINGH PUBLIC SCHOOL
Head/Principal Name: Manju Yadav","Address : SIDHRAWALI DISTT GURGAON HARYANA
Website : www.raolalsinghpublicschool.in"
442,"Aff. No. :530059
Sch. Code:40020","State : HARYANA
District : GURUGRAM",Senior Secondary Level,"Name : MEWAT MODEL SCHOOL
Head/Principal Name: Somveer Singh Rana","Address : FEROZEPUR JHIRKA, DISTT. GURGAON, HARYANA-122104
Website : wwwmmsfpjhirka.ac.in"
443,"Aff. No. :530062
Sch. Code:40024","State : HARYANA
District : GURUGRAM",Senior Secondary Level,"Name : D P S MEWAT MODEL SCHOOL
Head/Principal Name: JITENDER SINGH","Address : NUH COLONY GURGAON DISTT HARYANA
Website : www.mmsnuh.edu.in"
444,"Aff. No. :530056
Sch. Code:40026","State : HARYANA
District : GURUGRAM",Senior Secondary Level,"Name : BLUE BELLS MODEL SCHOOL
Head/Principal Name: ALKA SINGH","Address : SECTOR 4 NEAR TUBE WELL NO 7 URBAN ESTATE GURGAON HARYANA
Website : www.bluebells.org/bbms"
445,"Aff. No. :530096
Sch. Code:40086","State : HARYANA
District : GURUGRAM",Senior Secondary Level,"Name : D A V PUBLIC SCHOOL
Head/Principal Name: APARNA ERRY","Address : SEC 14 GURGAON HARYANA
Website : www.dav14gurgaon.org"
446,"Aff. No. :530101
Sch. Code:40092","State : HARYANA
District : GURUGRAM",Senior Secondary Level,"Name : D.P.S.G.,
Head/Principal Name: Ruchi Bhatia","Address : PALAM VIHAR, GURGAON, HARYANA-122 017
Website : https://dpsgs.org/palam-vihar"
447,"Aff. No. :530264
Sch. Code:40298","State : HARYANA
District : GURUGRAM",Senior Secondary Level,"Name : COLONEL'S PUBLIC SCHOOL
Head/Principal Name: Rajkumar","Address : NEAR RADHA SWAMI SATSANG BEAS PATAUDI ROAD GURGAON HARYANA
Website : www.cpsgurugram.com"
448,"Aff. No. :530245
Sch. Code:40232","State : HARYANA
District : GURUGRAM",Senior Secondary Level,"Name : ST. SOLDIER PUBLIC SCHOOL
Head/Principal Name: MANISHA MISHRA","Address : NEW PALAM VIHAR PHASE II PO PALAM VIHAR GURGAON HARYANA
Website : www.ssdpsgurgaon.in"
449,"Aff. No. :530232
Sch. Code:40259","State : HARYANA
District : GURUGRAM",Senior Secondary Level,"Name : DEV SAMAJ VIDYA NIKETAN
Head/Principal Name: MEETA MATHUR","Address : NEW COLONY GURGAON HARYANA
Website : www.devsamajvidyaniketan.com"
450,"Aff. No. :530233
Sch. Code:40214","State : HARYANA
District : GURUGRAM",Senior Secondary Level,"Name : DELHI PUBLIC SCHOOL
Head/Principal Name: Akhilesh Chandra Chaturvedi","Address : MARUTI KUNJ (BHONDSI) GURGAON HARYANA
Website : www.dpsmarutikunj.org"
451,"Aff. No. :530230
Sch. Code:40217","State : HARYANA
District : GURUGRAM",Senior Secondary Level,"Name : ST. P B N PUBLIC SCHOOL
Head/Principal Name: JAGPREET KAUR","Address : SECTOR-17 BEHIND IFFCO GURGAON HARYANA
Website : www.stpbnschool.com"
452,"Aff. No. :530241
Sch. Code:40226","State : HARYANA
District : GURUGRAM",Senior Secondary Level,"Name : MAHARISHI VIDYA MANDIR PUBLIC SCHOOL
Head/Principal Name: BRIJ MOHAN SINGH","Address : CHANDU SULTANPUR LAKE ROAD GURGAON HARYANA
Website : www.mvmgurgaon.org"
453,"Aff. No. :530226
Sch. Code:40247","State : HARYANA
District : GURUGRAM",Senior Secondary Level,"Name : RAMAN MUNJAL VIDYA MANDIR
Head/Principal Name: SANTOSH YADAV","Address : SIDHRAWALI, DISTT. GURGAON, HARYANA
Website : https://rmvmschool.in"
454,"Aff. No. :530208
Sch. Code:40213","State : HARYANA
District : GURUGRAM",Senior Secondary Level,"Name : G D GOENKA PUBLIC SCHOOL
Head/Principal Name: RANI","Address : SECTOR 10/A GURGAON HARYANA
Website : www.gdgoenkagurgaon.org"
455,"Aff. No. :530210
Sch. Code:40198","State : HARYANA
District : GURUGRAM",Senior Secondary Level,"Name : ST. MICHAEL'S SENIOR SECONDARY SCHOOL
Head/Principal Name: SR LIJI PETER","Address : SHIVPURI, DISTT GURGOAN, HARYANA
Website : http://www.stmichaelsschoolggn.com"
456,"Aff. No. :530205
Sch. Code:40195","State : HARYANA
District : GURUGRAM",Senior Secondary Level,"Name : SHERWOOD CONVENT SCHOOL
Head/Principal Name: HEBRON LARRUNA PETERS","Address : DLF QUTAB ENCLAVE PHASE II GURGAON HARYANA
Website : www.sherwoodschool.in"
457,"Aff. No. :530164
Sch. Code:40158","State : HARYANA
District : GURUGRAM",Senior Secondary Level,"Name : SATYANAND PUBLIC SCHOOL
Head/Principal Name: SEEMA","Address : JIND ROAD RAM SHARANAM ASHRAM GOHANA, DISTT GURGAON HARYANA
Website : www.satyanandpublicschool.org"
458,"Aff. No. :530176
Sch. Code:40167","State : HARYANA
District : GURUGRAM",Senior Secondary Level,"Name : SUMMER FIELDS SCHOOL
Head/Principal Name: Dr. Urmimala Sudhakar","Address : DLF QUTAB ENCLAVE PHASE-I GURGAON HARYANA
Website : www.sfsdlf.com"
459,"Aff. No. :530142
Sch. Code:40134","State : HARYANA
District : GURUGRAM",Senior Secondary Level,"Name : COLONELS CENTRAL ACADEMY
Head/Principal Name: NIRMAL YADAV","Address : NO.5 SECTOR-4 URBAN ESTATE GURGAON HARYANA
Website : www.ccaschoolgurgaon@gmail.com"
460,"Aff. No. :530150
Sch. Code:40140","State : HARYANA
District : GURUGRAM",Senior Secondary Level,"Name : GYAN DEVI PUB SCHOOL
Head/Principal Name: ANSHU SHARMA","Address : SECTOR 17 GURGAON HARYANA
Website : www.gyandevi.com/sec-17"
461,"Aff. No. :530539
Sch. Code:40526","State : HARYANA
District : GURUGRAM",Senior Secondary Level,"Name : SHIV PUBLIC SENIOR SECONDARY SCHOOL
Head/Principal Name: Suchitra Gupta","Address : SOHNA DISTT GURGAON HARYANA
Website : www.shivpublicschoolsohna.com"
462,"Aff. No. :530535
Sch. Code:40525","State : HARYANA
District : GURUGRAM",Senior Secondary Level,"Name : AMITY INTERNATIONAL SCHOOL
Head/Principal Name: ARTI CHOPRA","Address : SECTOR 46 GURGAON HARYANA
Website : www.amity.edu"
463,"Aff. No. :530529
Sch. Code:40518","State : HARYANA
District : GURUGRAM",Senior Secondary Level,"Name : AMERICAN MONTESSORI PUBLIC SCHOOL
Head/Principal Name: MANITA SINGH","Address : L 23 DFL CITY PHASE II GURGAON HARYANA
Website : https://www.americanpublicschool.com/"
464,"Aff. No. :530521
Sch. Code:40510","State : HARYANA
District : GURUGRAM",Senior Secondary Level,"Name : RABINDRANATH WORLD SCHOOL
Head/Principal Name: Vanita Baghla","Address : W-10/3120 DLF CITY PHASE III W BLOCK GURGAON HARYANA
Website : www.rwsgurgaon.com"
465,"Aff. No. :530527
Sch. Code:40516","State : HARYANA
District : GURUGRAM",Senior Secondary Level,"Name : SHANTI NIKETAN PUBLIC SCHOOL
Head/Principal Name: SHASHI KANT KUMAR","Address : TEK CHAND NAGAR GURGAON HARYANA
Website : www.snpsgurgaon.com"
466,"Aff. No. :530499
Sch. Code:40491","State : HARYANA
District : GURUGRAM",Senior Secondary Level,"Name : LAXMI INTERNATIONAL SCHOOL
Head/Principal Name: PAWAN SHARMA","Address : KASAN DISTT GURGAON HARYANA
Website : www.laxmiinternationalschool.in"
467,"Aff. No. :530482
Sch. Code:40481","State : HARYANA
District : GURUGRAM",Senior Secondary Level,"Name : BRAHM DUTT BLUE BELLS PUBLIC SCHOOL
Head/Principal Name: ROOPALI KUDESIA","Address : SITE NO I, SECT 10 GURGAON HARYANA
Website : www.bluebells.org/bbpublic"
468,"Aff. No. :530460
Sch. Code:40450","State : HARYANA
District : GURUGRAM",Senior Secondary Level,"Name : AMITY INTERNATIONAL SCHOOL
Head/Principal Name: Anshu Arora","Address : SECTOR 43 GURGAON HARYANA
Website : https://amityschools.in/gurugram43/"
469,"Aff. No. :530471
Sch. Code:40459","State : HARYANA
District : GURUGRAM",Secondary Level,"Name : SHANTIGRAM VIDHYA NIKETAN SCHOOL
Head/Principal Name: GURMEET SETH","Address : VILLAGE MANDAWAR PO LALAKHERI TEH SOHNA DISTT GURGAON HARYANA
Website : www.shantigramschool.com"
470,"Aff. No. :530421
Sch. Code:40408","State : HARYANA
District : GURUGRAM",Senior Secondary Level,"Name : LORD KRISHNA INTERNATIONAL SCHOOL
Head/Principal Name: ARVIND KUMAR","Address : VPO JAMAL PUR GURGAON HARYANA
Website : www.lkisjmp.org"
471,"Aff. No. :530273
Sch. Code:40312","State : HARYANA
District : GURUGRAM",Senior Secondary Level,"Name : SALWAN PUBLIC SCHOOL
Head/Principal Name: Sunita Jakhar","Address : SECTOR-15 II GURGAON HARYANA
Website : www.spsgurugram.edu.in"
472,"Aff. No. :530417
Sch. Code:40405","State : HARYANA
District : GURUGRAM",Senior Secondary Level,"Name : GURUGRAM PUBLIC SCHOOL
Head/Principal Name: Vibha Madaan Arora","Address : PLOT NO 5, SECTOR 55 SUSHANT LOK II GURGAON HARYANA
Website : http://gurugrampublicschool.in/"
473,"Aff. No. :530410
Sch. Code:40398","State : HARYANA
District : GURUGRAM",Senior Secondary Level,"Name : THE PINE CREST SCHOOL
Head/Principal Name: CHANDRADEEP KUMAR DUBEY","Address : B 11 ASHOKA CRESENT DLF CITY PHASE-I, GURGAON, HARYANA
Website : https://www.pinecrestschool.in"
474,"Aff. No. :530393
Sch. Code:40385","State : HARYANA
District : GURUGRAM",Senior Secondary Level,"Name : ST CRISPINS SR SEC SCHOOL
Head/Principal Name: SUJATA CHAWDHRY","Address : NEW RAILWAY ROAD GURGAON HARYANA
Website : www.crispinsschool.com"
475,"Aff. No. :530402
Sch. Code:40379","State : HARYANA
District : GURUGRAM",Senior Secondary Level,"Name : SHAHEED AMAR SINGH PUBLIC SCHOOL
Head/Principal Name: CHANCHAL Yadav","Address : NH 8 DELHI JAIPUR ROAD NEAR BILASPUR CHOWK BILASPUR GURGAON, HARYANA
Website : www.sasps.in"
476,"Aff. No. :530404
Sch. Code:40395","State : HARYANA
District : GURUGRAM",Senior Secondary Level,"Name : MEWAT MODEL SCHOOL
Head/Principal Name: BHARAT GAUTAM","Address : TAURU DISTT GURGAON HARYANA
Website : www.mmstauru.com"
477,"Aff. No. :530405
Sch. Code:40396","State : HARYANA
District : GURUGRAM",Senior Secondary Level,"Name : DELHI PUBLIC SCHOOL SITE I
Head/Principal Name: RATI CHUGH","Address : SECTOR 45 URBAN ESTATE GURGAON HARYANA
Website : www.dpsgurgaon.org"
478,"Aff. No. :530398
Sch. Code:40373","State : HARYANA
District : GURUGRAM",Secondary Level,"Name : POLE STAR PUBLIC SCHOOL
Head/Principal Name: Jyoti Kataria","Address : SECTOR 7 EXTN GURGAON HARYANA
Website : www.polestarschool.org"
479,"Aff. No. :530385
Sch. Code:40366","State : HARYANA
District : GURUGRAM",Secondary Level,"Name : ASCENT PUBLIC SCHOOL
Head/Principal Name: KAMLESH","Address : CHANDER LOK DLF PHASE IV GURGAON HARYANA
Website : https://www.apsgurugram.com/"
480,"Aff. No. :530357
Sch. Code:40343","State : HARYANA
District : GURUGRAM",Senior Secondary Level,"Name : DRONA PUBLIC SCHOOL
Head/Principal Name: BHISHAM BHARDWAJ","Address : RAVI NAGAR BASAI RAOD GURUGRAM HARYANA
Website : www.dronapublicschool.org"
481,"Aff. No. :530364
Sch. Code:40336","State : HARYANA
District : GURUGRAM",Senior Secondary Level,"Name : BASANT VALLEY PUBLIC SCHOOL
Head/Principal Name: Mohini Sharma","Address : GARHI HARSARU GURGAON HARYANA
Website : www.bvpsgurgaon.com"
482,"Aff. No. :530293
Sch. Code:40268","State : HARYANA
District : GURUGRAM",Senior Secondary Level,"Name : LION PUBLIC SCHOOL
Head/Principal Name: DIPINDER KAUR BHAGTANA","Address : SECTOR-10A GURGAON, HARYANA
Website : https://lionspublicschool.com/"
483,"Aff. No. :530281
Sch. Code:40256","State : HARYANA
District : GURUGRAM",Senior Secondary Level,"Name : RAO RAM JIWAN SINGH DAV PUBLIC SCHOOL
Head/Principal Name: NISHA KAUSHIK","Address : HAILY MANDI TEH. PATAUDI DISTT. GURGAON
Website : www.davhmp.com"
484,"Aff. No. :530268
Sch. Code:40249","State : HARYANA
District : GURUGRAM",Senior Secondary Level,"Name : SHARDA INTERNATIONAL SCHOOL
Head/Principal Name: ABHA RAGHAV","Address : SHIV NAGAR GURGAON HARYANA
Website : www.shardainternationalschool.in"
485,"Aff. No. :530315
Sch. Code:40296","State : HARYANA
District : GURUGRAM",Senior Secondary Level,"Name : G.A.V. INTERNATIONAL SCHOOL
Head/Principal Name: JYOTI YADAV","Address : SECTOR-7 EXTN. URBAN ESTATE GURGAON HARYANA
Website : https://gavsector7.gavinternationalschools.com/"
486,"Aff. No. :530318
Sch. Code:40300","State : HARYANA
District : GURUGRAM",Senior Secondary Level,"Name : AJANTA PUBLIC SCHOOL
Head/Principal Name: VAIBHAV KAPOOR","Address : SECTOR - 31 GURGAON HARYANA
Website : www.ajantapublicschool.org"
487,"Aff. No. :530325
Sch. Code:40310","State : HARYANA
District : GURUGRAM",Senior Secondary Level,"Name : SHEETLA VIDYA NIKETAN
Head/Principal Name: SUSHIL KUMAR KATHURIA","Address : NAURANGPUR,SECTOR 79-B,GURUGRAM,HARYANA-122001
Website : www.sheetlavidyaniketan.com"
488,"Aff. No. :530587
Sch. Code:40571","State : HARYANA
District : GURUGRAM",Senior Secondary Level,"Name : ASIAN PUBLIC SCHOOL
Head/Principal Name: bharti lohia","Address : VILLAGE KHARODA DAUHLA HARCHANDER PUR ROAD GURGAON SOHNA HARYANA
Website : www.aps-school.in"
489,"Aff. No. :530570
Sch. Code:40554","State : HARYANA
District : GURUGRAM",Senior Secondary Level,"Name : LADY FLORENCE PUBLIC SCHOOL
Head/Principal Name: RACHNA ARORA","Address : VILL BEGUM PUR KHOTOLA NH-8 KHANDSA GURGAON HARYANA
Website : https://ladyflorencepublicschool.com/index.php"
490,"Aff. No. :530573
Sch. Code:40555","State : HARYANA
District : GURUGRAM",Senior Secondary Level,"Name : WEST ACADEMY
Head/Principal Name: BIJENDER SINGH YADAV","Address : RAILWAY ROAD PATAUDI DISTT GURGAON HARYANA
Website : www.westacademy.in"
491,"Aff. No. :530579
Sch. Code:40564","State : HARYANA
District : GURUGRAM",Senior Secondary Level,"Name : M M PUBLIC SENIOR SECONDARY SCHOOL
Head/Principal Name: Jyoti Sharma","Address : SEC-4, UE, GURGAON, HARYANA
Website : www.mmps.edu.in"
492,"Aff. No. :530566
Sch. Code:40552","State : HARYANA
District : GURUGRAM",Senior Secondary Level,"Name : SIRI SHIV CHAITANYA ACADEMY SCHOOL
Head/Principal Name: SAVITA DEVI","Address : VPO BHORA KALAN DISTT GURGAON HARYANA
Website : www.sscacademyschool.com"
493,"Aff. No. :530557
Sch. Code:40535","State : HARYANA
District : GURUGRAM",Senior Secondary Level,"Name : SHIKSHA BHARTI PUBLIC SCHOOL
Head/Principal Name: Kanika Bansal","Address : KADARPUR ROAD BADSHAHPUR DISTT GURGAON HARYANA
Website : www.sbps.in"
494,"Aff. No. :530550
Sch. Code:40537","State : HARYANA
District : GURUGRAM",Senior Secondary Level,"Name : HERITAGE XPERIENTIAL LEARNING SCHOOL
Head/Principal Name: Dr. Mona Khanna","Address : SECTOR-62, GURUGRAM
Website : https://www.heritagexperiential.org/"
495,"Aff. No. :530598
Sch. Code:40580","State : HARYANA
District : GURUGRAM",Senior Secondary Level,"Name : DELHI PUBLIC SCHOOL
Head/Principal Name: Rekha Kapoor","Address : SECTOR 29, BLOCK B SUSHANT LOK PHASE I GURGAON HARYANA
Website : www.dpssl.net"
496,"Aff. No. :530618
Sch. Code:40598","State : HARYANA
District : GURUGRAM",Senior Secondary Level,"Name : PATHFINDER GLOBAL SCHOOL
Head/Principal Name: NEENA YADAV","Address : OPP NEW BUS STAND, HAILY MANDI ROAD PATAUDI, DISTT GURGAON, HARYANA
Website : www.pathfinderglobalschool.com"
497,"Aff. No. :530629
Sch. Code:40848","State : HARYANA
District : GURUGRAM",Senior Secondary Level,"Name : UNIVERSAL PUBLIC SCHOOL
Head/Principal Name: SUNDRESH","Address : VILL. GHOSH GARH, P.O. JAMALPUR, FARUKHNAGAR, GURGAON
Website : www.universalpublicschool.net"
498,"Aff. No. :530699
Sch. Code:40686","State : HARYANA
District : GURUGRAM",Senior Secondary Level,"Name : MANAV RACHNA INTERNATIONAL SCHOOL
Head/Principal Name: MS. SANGEETA KAPOOR","Address : GREENHOOD CITY, SECTOR 46-C, GURGAON, HARYANA
Website : www.mris.edu.in"
499,"Aff. No. :530691
Sch. Code:40669","State : HARYANA
District : GURUGRAM",Senior Secondary Level,"Name : CAMBRIDGE INTERNATIONAL SR SEC SCHOOL
Head/Principal Name: YOGESH MOHAN","Address : KHURAMPUR TEHSIL, FAHROKHNAGAR, NEAR D M COLLEGE, GURGAON
Website : www.cambridgeinternationalggn.com"
500,"Aff. No. :530693
Sch. Code:40671","State : HARYANA
District : GURUGRAM",Senior Secondary Level,"Name : SHALOM HILLS INTERNATIONAL SCHOOL
Head/Principal Name: SWASTIKA ACHARYA","Address : BLOCK - C, SUSHANT LOK -1, GURGAON-
Website : www.shalomhills.com"
501,"Aff. No. :530695
Sch. Code:40672","State : HARYANA
District : GURUGRAM",Senior Secondary Level,"Name : GYAN DEEP SENIOR SECONDARY SCHOOL
Head/Principal Name: DEEPIKA PRASHAR","Address : SHEETALA COLONY, GURGAON
Website : www.gyandeepschool.org"
502,"Aff. No. :530674
Sch. Code:40653","State : HARYANA
District : GURUGRAM",Senior Secondary Level,"Name : RYAN INTERNATIONAL SCHOOL
Head/Principal Name: SAJEETA IYER","Address : OPP, B S F CAMP, SOHNA ROAD, BHONDSI, DISTT GURGAON, HARYANA-122001
Website : https://www.ryangroup.org/public/images/front_end/mand"
503,"Aff. No. :530677
Sch. Code:40658","State : HARYANA
District : GURUGRAM",Senior Secondary Level,"Name : ROYAL PUBLIC SR. SEC. SCHOOL
Head/Principal Name: VIJAYSINGH","Address : VPO WAZIRPUR GURGAON
Website : www.royalpublicschool.com"
504,"Aff. No. :530678
Sch. Code:40657","State : HARYANA
District : GURUGRAM",Senior Secondary Level,"Name : SUNCITY SCHOOL
Head/Principal Name: DEEPALI SINGH","Address : SUNCITY TOWNSHIP, SECTOR 54, GURGAON, HARYANA
Website : www.suncityschool.in"
505,"Aff. No. :530680
Sch. Code:40656","State : HARYANA
District : GURUGRAM",Senior Secondary Level,"Name : MEWAT MODEL SCHOOL NAGINA
Head/Principal Name: SAT PARKASH","Address : NAGINA,DISTT.-MEWAT, HARYANA
Website : www.mmsnagina.ac.in"
506,"Aff. No. :530660
Sch. Code:40637","State : HARYANA
District : GURUGRAM",Senior Secondary Level,"Name : SAVITRI DEVI VIDYA NIKETAN
Head/Principal Name: ARCHANA SINGH","Address : VILLAGE GHEERA, PUNHANA, DISTT GURGAON, HARYANA
Website : www.sdvn.modishgroup.org"
507,"Aff. No. :530665
Sch. Code:40643","State : HARYANA
District : GURUGRAM",Senior Secondary Level,"Name : RAJMALA SENIOR SECONDARY SCHOOL
Head/Principal Name: MAHI PAL","Address : SHAIL FARM, VILLAGE & POST: FARRUKH NAGAR, GURGAON, HARYANA
Website : https://rajmalaschool.com"
508,"Aff. No. :530649
Sch. Code:40762","State : HARYANA
District : GURUGRAM",Senior Secondary Level,"Name : GREENWOOD PUBLIC SCHOOL
Head/Principal Name: JYOTI SHARMA","Address : HUDA SITE NO - 1, SEC - 9, GURGAON, HARYANA
Website : www.greenwoodgurgaon.com"
509,"Aff. No. :530650
Sch. Code:40630","State : HARYANA
District : GURUGRAM",Senior Secondary Level,"Name : SHANTI NIKETAN PUBLIC SCHOOL
Head/Principal Name: MANJU SRIVASTAVA","Address : FARUKH NAGAR, PATAUDI, GURGAON, HARYANA
Website : www.shanti-niketan.co.in"
510,"Aff. No. :530654
Sch. Code:40633","State : HARYANA
District : GURUGRAM",Senior Secondary Level,"Name : ROCKFORD CONVENT HIGH SCHOOL
Head/Principal Name: RENU CHAUHAN","Address : SHAKTI PARK, NEAR SEC-10 A, GURGAON 122001 (HR)
Website : www.rockfordconvent.com"
511,"Aff. No. :530732
Sch. Code:40709","State : HARYANA
District : GURUGRAM",Senior Secondary Level,"Name : RAJENDRA PUBLIC SCHOOL
Head/Principal Name: BINTU SINGH","Address : V.P.O SIDHRAWALI,
Website : www.rpssidhrawali.com"
512,"Aff. No. :530753
Sch. Code:40928","State : HARYANA
District : GURUGRAM",Senior Secondary Level,"Name : ADITYA ARMY PUBLIC SCHOOL
Head/Principal Name: USHA VERMA","Address : VILLAGE & POST: UJINA, DISTRICT: MEWAT (NUH), GURGAON, HARYANA
Website : www.adityaarmyschool.com"
513,"Aff. No. :530744
Sch. Code:41058","State : HARYANA
District : GURUGRAM",Senior Secondary Level,"Name : ST. ANGEL MIDDLE SCHOOL
Head/Principal Name: KHYATI ARYA","Address : SECTOR-45, URBAN EASTATE, GURGAON
Website : www.stangelsgurugram.com"
514,"Aff. No. :530746
Sch. Code:40722","State : HARYANA
District : GURUGRAM",Senior Secondary Level,"Name : JHANKAR HIGH SCHOOL
Head/Principal Name: POOJA YADAV","Address : MAIN GURGAON, PATAUDI ROAD, JHUND SARAI, BABRA RAKIPUR, P.O. JAMALPUR, TEH. FARRUKHNAGAR, GURGAON, HARYANA-122503
Website : http://jhankarhighschool.com"
515,"Aff. No. :530748
Sch. Code:40727","State : HARYANA
District : GURUGRAM",Secondary Level,"Name : J. J. SCHOOL OF EDUCATION
Head/Principal Name: RAVINDER KUMAR","Address : NEAR GAUSHALA, JHAJJAR ROAD, GURGAON, HARYANA
Website : www.jjschool.in"
516,"Aff. No. :531767
Sch. Code:41748","State : HARYANA
District : GURUGRAM",Senior Secondary Level,"Name : VIVEK BHARTI SR SEC SCHOOL
Head/Principal Name: MANOJ KUMAR","Address : VPO GHAMROJ TEH SOHNA DISTT GURUGRAM HARYANA 122102
Website : wwwvivekbhartipublicschool.com"
517,"Aff. No. :531683
Sch. Code:41662","State : HARYANA
District : GURUGRAM",Senior Secondary Level,"Name : KUNSKAPSSKOLAN INTERNATIONAL SCHOOL
Head/Principal Name: RUPA CHAUHAN","Address : KUNSKAPSSKOLAN INTERNATIONAL ADJACENT TO SEC. 70A , GUL FARM COMPLEX, GURGAON – 122004 , HARYANA, INDIA
Website : https://ked.edu.in/international/"
518,"Aff. No. :531763
Sch. Code:41741","State : HARYANA
District : GURUGRAM",Secondary Level,"Name : DELHI WORLD PUBLIC SCHOOL
Head/Principal Name: MRS. ARCHANA KAUSHIK","Address : GAIRATPUR BAS, P.O. TEEKLI, GURUGRAM 122012
Website : http://dpwsaravali.com/"
519,"Aff. No. :531760
Sch. Code:41736","State : HARYANA
District : GURUGRAM",Secondary Level,"Name : MANAV RACHNA INTERNATIONAL SCHOOL
Head/Principal Name: Deepika Chaudhary","Address : BLOCK-C MAYFIELD GARDENS, SECTOR-50/51,GURUGRAM
Website : www.mris.edu.in"
520,"Aff. No. :531776
Sch. Code:41754","State : HARYANA
District : GURUGRAM",Senior Secondary Level,"Name : RAO BHARAT SINGH INTERNATIONAL SCHOOL
Head/Principal Name: MANISHA","Address : SECT-91 P.O.-WAZIRPUR GURUGRAM-122505 HARYANA GURUGRAM HARYANA ,GURUGRAM, 122505
Website : www.rbsischoolgurgaon.com"
521,"Aff. No. :531771
Sch. Code:41749","State : HARYANA
District : GURUGRAM",Senior Secondary Level,"Name : DELHI PUBLIC SCHOOL
Head/Principal Name: NA","Address : SECTOR-102A DWARKA EXPRESSWAY GURUGRAM
Website : www.dpsgurgaon.in"
522,"Aff. No. :531806
Sch. Code:41785","State : HARYANA
District : GURUGRAM",Senior Secondary Level,"Name : TAGORE PUBLIC SCHOOL
Head/Principal Name: MADHU CHAUHAN","Address : NIRVANA COUNTRY, SECTOR 50, GURUGRAM.
Website : www.tagoreggn.edu.in"
523,"Aff. No. :531810
Sch. Code:41801","State : HARYANA
District : GURUGRAM",Senior Secondary Level,"Name : MADE EASY SCHOOL
Head/Principal Name: SURABHI JOSHI","Address : MADE EASY SCHOOL BEHRAMPUR-BANDHWARI ROAD, BANDHWARI, NEAR SECTOR 58-59, GURUGRAM
Website : https://www.madeeasyschool.in/"
524,"Aff. No. :531817
Sch. Code:41808","State : HARYANA
District : GURUGRAM",Senior Secondary Level,"Name : EURO INTERNATIONAL SCHOOL
Head/Principal Name: Priyanka Awasthi","Address : ANTRIKSH HEIGHTS SECTOR 84 GURUGRAM PIN 122004 HARYANA
Website : www.euroschoolsec84ggn.com"
525,"Aff. No. :531818
Sch. Code:41809","State : HARYANA
District : GURUGRAM",Senior Secondary Level,"Name : ODM INTERNATIONAL SCHOOL
Head/Principal Name: ARUNA KADIAN","Address : R BLOCK, UPPAL SOUTHEND, SECTOR 49, SOHNA ROAD
Website : http://thenavyandhraschool.com/"
526,"Aff. No. :531797
Sch. Code:41776","State : HARYANA
District : GURUGRAM",Senior Secondary Level,"Name : LADY FLORENCE CONVENT SCHOOL
Head/Principal Name: DIVYA DANG","Address : DAULA ROAD SOHNA GURUGRAM
Website : www.ladyflorenceconventschool.com"
527,"Aff. No. :531800
Sch. Code:41779","State : HARYANA
District : GURUGRAM",Senior Secondary Level,"Name : SUNCITY SCHOOL
Head/Principal Name: JAYSHREE PATEL","Address : SECTOR 37 D GURUGRAM HARYANA
Website : www.suncityschool-37d.com"
528,"Aff. No. :531820
Sch. Code:41811","State : HARYANA
District : GURUGRAM",Senior Secondary Level,"Name : EURO INTERNATIONAL SCHOOL
Head/Principal Name: Dr Priya Shrivastava","Address : SECTOR 109 GURUGRAM
Website : www.euroschoolsec109ggn.com"
529,"Aff. No. :531828
Sch. Code:41820","State : HARYANA
District : GURUGRAM",Senior Secondary Level,"Name : NARAYANA E-TECHNO SCHOOL
Head/Principal Name: APURVA KHARBANDA","Address : SECTOR-77, GURUGRAM, DISTT. GURUGRAM, HARYANA
Website : www.narayanaschools.in/gurgaon/manesar/"
530,"Aff. No. :531835
Sch. Code:41837","State : HARYANA
District : GURUGRAM",Senior Secondary Level,"Name : IMPERIAL HERITAGE SCHOOL
Head/Principal Name: NEELU SHARMA","Address : SEC 102, NEAR DWARKA EXPRESSWAY, GURUGRAM
Website : www.imperialheritageschool.com"
531,"Aff. No. :531879
Sch. Code:41878","State : HARYANA
District : GURUGRAM",Senior Secondary Level,"Name : GYAANANDA SCHOOL
Head/Principal Name: Deepika Rathi","Address : SECTOR 109, DWARKA EXPRESSWAY
Website : www.gyaananda.school"
532,"Aff. No. :531867
Sch. Code:41865","State : HARYANA
District : GURUGRAM",Secondary Level,"Name : VEGA SCHOOLS
Head/Principal Name: Meenu Yadav","Address : VEGA SCHOOL SECTOR 48 DISST. GURGAON
Website : www.vega.edu.in"
533,"Aff. No. :531924
Sch. Code:41926","State : HARYANA
District : GURUGRAM",Senior Secondary Level,"Name : NEW HAPPY CHILD SR. SEC. SCHOOL KHOR
Head/Principal Name: SAROJ","Address : V.P.O. KHOR TEH. PATAUDI DISTT. GURUGAON
Website : www.newhappychild.com"
534,"Aff. No. :531934
Sch. Code:41940","State : HARYANA
District : GURUGRAM",Senior Secondary Level,"Name : PRESIDIUM SCHOOL
Head/Principal Name: Shelly Banga","Address : BLOCK C1, SECTOR 1,2,&3, PALALM VIHAR, GURGAON
Website : https://www.presidiumpalamvihar.com/"
535,"Aff. No. :531914
Sch. Code:41915","State : HARYANA
District : GURUGRAM",Senior Secondary Level,"Name : MAITREE INTERNATIONAL SCHOOL
Head/Principal Name: Meenu Seth","Address : BHORA KALAN TO GHOSHGARH ROAD, BHORA KALAN, GURUGRAM
Website : www.maitreeinternationalschool.com"
536,"Aff. No. :531883
Sch. Code:41883","State : HARYANA
District : GURUGRAM",Senior Secondary Level,"Name : SRI CHAITANYA TECHNO SCHOOL
Head/Principal Name: Sunita Yadav","Address : C-BLOCK, SUSHANTHLOK1,SECTOR43.
Website : www.srichaitanyaschools.net"
537,"Aff. No. :532012
Sch. Code:42018","State : HARYANA
District : GURUGRAM",Senior Secondary Level,"Name : VIDYA NIKETAN SR. SEC. SCHOOL
Head/Principal Name: NETRAPAL","Address : POST GHAMROJ, TEH SOHNA
Website : www.vidyaniketanalipur.edu.in"
538,"Aff. No. :532007
Sch. Code:42013","State : HARYANA
District : GURUGRAM",Senior Secondary Level,"Name : LABURNUM PUBLIC SCHOOL
Head/Principal Name: BHAVNA CHIBBER","Address : BHONDSI, SOHNA ROAD, BHONDSI, SOHNA ROAD
Website : http://www.laburnumpublicschool.com/"
539,"Aff. No. :532009
Sch. Code:42015","State : HARYANA
District : GURUGRAM",Senior Secondary Level,"Name : DEEPIKA PUBLIC SCHOOL, MANESAR
Head/Principal Name: Rupesh Kumari","Address : NEAR ANANT RAJ GROUP, MANESAR
Website : www.dpsmanesar.edu.in"
540,"Aff. No. :532001
Sch. Code:42006","State : HARYANA
District : GURUGRAM",Senior Secondary Level,"Name : PRIME SCHOLARS INTERNATIONAL SCHOOL
Head/Principal Name: MUKTA RAI","Address : NEAR SECTOR 102, GURUGRAM
Website : www.primescholarsinternationalschool.com"
541,"Aff. No. :531972
Sch. Code:41974","State : HARYANA
District : GURUGRAM",Senior Secondary Level,"Name : GURUGRAM GLOBAL HEIGHTS SCHOOL
Head/Principal Name: MRIDU MARWAH","Address : BPTP LTD. SECTOR-102, GURUGRAM, , HARYANA-122001
Website : https://www.gghschool.com/"
542,"Aff. No. :531973
Sch. Code:41975","State : HARYANA
District : GURUGRAM",Senior Secondary Level,"Name : OXFORD CONVENT SCHOOL
Head/Principal Name: ROSHAN LAL","Address : SUB TEHSIL FARRUKHNAGAR , GURUGRAM
Website : www.oxfordschoolkhera.com"
543,"Aff. No. :531997
Sch. Code:42002","State : HARYANA
District : GURUGRAM",Secondary Level,"Name : RAO PURAN SINGH PUBLIC SCHOOL
Head/Principal Name: LOKESH","Address : BASPADAMKA, BASPADAMKA
Website : www.raopuransinghschool.com"
544,"Aff. No. :532051
Sch. Code:42061","State : HARYANA
District : GURUGRAM",Senior Secondary Level,"Name : THE SHRIRAM MILLENNIUM SCHOOL, GURUGRAM
Head/Principal Name: Anuradha Gupta","Address : OPPOSITE M3M URBANA, RAMGARH VILLAGE ROAD
Website : www.tsms.org.in"
545,"Aff. No. :532053
Sch. Code:42063","State : HARYANA
District : GURUGRAM",Secondary Level,"Name : VIVEKANAND SCHOOL
Head/Principal Name: SARITA YADAV","Address : GURUGRAM, HARYANA
Website : http://www.vivekanandschoolnaharpur.com"
546,"Aff. No. :532020
Sch. Code:42027","State : HARYANA
District : GURUGRAM",Senior Secondary Level,"Name : ASHOKA INTERNATIONAL SCHOOL
Head/Principal Name: SHASHI BALA","Address : SECTOR -67, GURUGRAM
Website : www.ashokainternationalschool.com"
547,"Aff. No. :532023
Sch. Code:42030","State : HARYANA
District : GURUGRAM",Senior Secondary Level,"Name : ANGELS PALACE INTERNATIONAL SCHOOL
Head/Principal Name: Dr. MANJU JANGID","Address : TEHSIL SOHNA, DISTT GURUGRAM HR.
Website : https://angelspalaceschool.com/"
548,"Aff. No. :532039
Sch. Code:42047","State : HARYANA
District : GURUGRAM",Senior Secondary Level,"Name : C R MODEL PUBLIC SCHOOL
Head/Principal Name: Smt.Pushpa Rani","Address : JHARSA, GURGRAM
Website : https://crmodelpublicschool.com"
549,"Aff. No. :532047
Sch. Code:42057","State : HARYANA
District : GURUGRAM",Senior Secondary Level,"Name : H S V GLOBAL SCHOOL
Head/Principal Name: ANJANA ARORA","Address : SEC-46, GURUGRAM
Website : http://hsvglobalschool.com/"
550,"Aff. No. :532088
Sch. Code:42109","State : HARYANA
District : GURUGRAM",Senior Secondary Level,"Name : G D GOENKA HIGH SCHOOL
Head/Principal Name: SUMANA DUTTA SARKAR","Address : SOHNA, SOHNA
Website : www.gdgoenkahighschool.com"
551,"Aff. No. :532089
Sch. Code:42110","State : HARYANA
District : GURUGRAM",Senior Secondary Level,"Name : D.A.V. SENIOR SECONDARY SCHOOL
Head/Principal Name: SUBHASH CHAND ADLAKHA","Address : GURGAON, GURGAON
Website : www.davgurugram.com"
552,"Aff. No. :532067
Sch. Code:42079","State : HARYANA
District : GURUGRAM",Senior Secondary Level,"Name : KARMEL INTERNATIONAL SCHOOL
Head/Principal Name: Sunita Mital","Address : SUSHANT LOK PHASE -2, GURUGRAM, HARYANA
Website : https://www.karmelinternational.org"
553,"Aff. No. :532070
Sch. Code:42083","State : HARYANA
District : GURUGRAM",Senior Secondary Level,"Name : S D HERITAGE PRIDE SCHOOL
Head/Principal Name: AJAY KUMARI","Address : GURUGRAM, LANDMARK ORRIS GROUP HOUSING SOCIETY
Website : www.sdheritagepride.com"
554,"Aff. No. :532072
Sch. Code:42086","State : HARYANA
District : GURUGRAM",Senior Secondary Level,"Name : THE VIVEKANANDA SCHOOL
Head/Principal Name: ARCHANA PANDEY","Address : NEAR TULIP YELLOW, GURUGRAM
Website : https://www.thevivekanandaschool.com/"
555,"Aff. No. :532076
Sch. Code:42092","State : HARYANA
District : GURUGRAM",Senior Secondary Level,"Name : ST. ANGEL'S GLOBAL
Head/Principal Name: PREETI SHIVACHANDRA","Address : SECTOR 70 A, GURUGRAM
Website : www.stangelsglobal.in"
556,"Aff. No. :532078
Sch. Code:42094","State : HARYANA
District : GURUGRAM",Middle Class,"Name : THE BLUE BELLS SCHOOL
Head/Principal Name: MADHU UPPAL","Address : MALIBU TOWNE, GURUGRAM
Website : https://thebluebells.org/"
557,"Aff. No. :532091
Sch. Code:42113","State : HARYANA
District : GURUGRAM",Senior Secondary Level,"Name : VEGA SCHOOL
Head/Principal Name: ANSHU AGARWAL","Address : KHASRA NO. 41//23/2,24,25,42//21/2/1, KHER DAULA BADHSHAPUR GURUGRAM
Website : www.vega.edu.in"
558,"Aff. No. :532094
Sch. Code:42116","State : HARYANA
District : GURUGRAM",Senior Secondary Level,"Name : EURO INTERNATIONAL SCHOOL
Head/Principal Name: Vandana Singh","Address : MAYFIELD GARDEN , SECTOR-51
Website : http://www.euroschoolsec51ggn.com"
559,"Aff. No. :532095
Sch. Code:42117","State : HARYANA
District : GURUGRAM",Senior Secondary Level,"Name : BUDDHA INTERNATIONAL SCHOOL
Head/Principal Name: Seema Chaudhary","Address : BHONDSI, GURUGRAM
Website : http://www.buddhainternationalschool.com/"
560,"Aff. No. :532082
Sch. Code:42100","State : HARYANA
District : GURUGRAM",Secondary Level,"Name : MOTHER'S PRIDE SCHOOL
Head/Principal Name: RAJNI YADAV","Address : PATAUDI ROAD,NEAR BHARAT PETROL PUMP, HAILY MANDI
Website : www.motherspridepataudi.com"
561,"Aff. No. :532083
Sch. Code:42103","State : HARYANA
District : GURUGRAM",Senior Secondary Level,"Name : SHRI CHITRAGUPT SR. SEC.SCHOOL
Head/Principal Name: Ms. Manju Tripathi","Address : GURUGRAM, HRY
Website : www.chitraguptschool.in"
562,"Aff. No. :532097
Sch. Code:42120","State : HARYANA
District : GURUGRAM",Senior Secondary Level,"Name : GITANJALI INTERNATIONAL SCHOOL
Head/Principal Name: SHWETA TIWARI","Address : RYDERS ROAD, G-BLOCK, SEC-57, SUSHANT LOK-2, GURGAON
Website : www.gitanjaliinternationalschools.com"
563,"Aff. No. :532152
Sch. Code:42187","State : HARYANA
District : GURUGRAM",Senior Secondary Level,"Name : OMPEE INTERNATIONAL SCHOOL
Head/Principal Name: RITU SETH","Address : SCHOOL SITE 4383, PHASE -1,IMT MANESAR, SECTOR-1
Website : www.ompeeinternationalschool.com"
564,"Aff. No. :532142
Sch. Code:42177","State : HARYANA
District : GURUGRAM",Senior Secondary Level,"Name : KNOWLEDGE TREE WORLD SCHOOL
Head/Principal Name: PRABHAS GHAI","Address : PLOT -21, BLOCK-M, IRIS AVENUE, SECTOR-83, GURUGRAM
Website : https://www.knowledgetreeschool.com/"
565,"Aff. No. :532136
Sch. Code:42169","State : HARYANA
District : GURUGRAM",Senior Secondary Level,"Name : VIBGYOR HIGH SCHOOL
Head/Principal Name: Veena Gaur","Address : BLOCK D ANSAL ESENCIA COLONY,SECTOR 67 , BLOCK D ANSAL ESENCIA COLONY,SECTOR 67 , BLOCK D ANSAL ESENCIA COLONY,SECTOR 67
Website : https://www.vibgyorhigh.com/school/gurugram/cbse/sector-67?u"
566,"Aff. No. :532126
Sch. Code:42157","State : HARYANA
District : GURUGRAM",Senior Secondary Level,"Name : SRI CHAITANYA TECHNO SCHOOL
Head/Principal Name: MANISHA DAHIYA","Address : SCHOOL SITE BLOCK C, SUSHANT LOK-II, SECTOR 56 GURUGRAM
Website : http://srichaitanyaschoolsec56grgm.net"
567,"Aff. No. :532132
Sch. Code:42164","State : HARYANA
District : GURUGRAM",Senior Secondary Level,"Name : EXCELLERE WORLD SCHOOL
Head/Principal Name: NUPUR KALRA","Address : VILLAGE GARHI , GARHI CHANDU ROAD , HARYANA
Website : https://excellereworldschool.com"
568,"Aff. No. :532123
Sch. Code:42152","State : HARYANA
District : GURUGRAM",Senior Secondary Level,"Name : G.A.V. INTERNATIONAL SCHOOL
Head/Principal Name: ASHA SINGH","Address : U BLOCK, DLF PHASE 3, GURUGRAM
Website : https://gavdlf3.gavinternationalschools.com"
569,"Aff. No. :532113
Sch. Code:42140","State : HARYANA
District : GURUGRAM",Senior Secondary Level,"Name : WESLEY INTERNATIONAL SCHOOL
Head/Principal Name: Anita Punj Sharma","Address : WARD NO. 11, FAZILPUR ROAD, FARRUKHNAGAR, GURUGRAM, HARYANA,122506
Website : https://wesleyinternationalschool.in/"
570,"Aff. No. :532100
Sch. Code:42124","State : HARYANA
District : GURUGRAM",Senior Secondary Level,"Name : ST. XAVIER'S HIGH SCHOOL
Head/Principal Name: RENU RAJESH SINGH","Address : SECTOR-89, GURUGRAM, HARYANA
Website : https://89.stxaviershighschoolgurgaon.com/"
571,"Aff. No. :532105
Sch. Code:42130","State : HARYANA
District : GURUGRAM",Senior Secondary Level,"Name : RISHI PUBLIC SCHOOL
Head/Principal Name: Meenakshi Yadav","Address : SECTOR- 31, GURUGRAM, GURUGRAM
Website : https://rishischool.com"
572,"Aff. No. :532111
Sch. Code:42138","State : HARYANA
District : GURUGRAM",Senior Secondary Level,"Name : PRAGYANAM SCHOOL
Head/Principal Name: Deepa Nicodemus","Address : DHPS-02, EMERALD HILLS, SECTOR 65 GURGAON
Website : https://www.pragyanam.school"
573,"Aff. No. :532184
Sch. Code:42222","State : HARYANA
District : GURUGRAM",Secondary Level,"Name : KIIT-JEE PUBLIC SCHOOL
Head/Principal Name: Jyoti kanwar","Address : SECTOR -9 B, VILLAGE-BASAI, VPO - BASAI
Website : www.kiitjee.com"
574,"Aff. No. :532164
Sch. Code:42200","State : HARYANA
District : GURUGRAM",Senior Secondary Level,"Name : H S V INTERNATIONAL SCHOOL
Head/Principal Name: Vinita Bhatia","Address : SENIOR SECONARY SCHOOL, ONE INDIABULLS, DHANWAPUR, BADSHAHPUR
Website : https://hsvinternationalschool.com"
575,"Aff. No. :532158
Sch. Code:42194","State : HARYANA
District : GURUGRAM",Senior Secondary Level,"Name : LOTUS PETAL SENIOR SECONDARY SCHOOL
Head/Principal Name: Srividya Sridhar","Address : KHSRA NO.12/2, DHUNELA BERKA ROAD, SECTOR -31, VILLAGE- DHUNELA,TEHSIL-SOHNA
Website : http://www.lpsss.in"
576,"Aff. No. :532159
Sch. Code:42195","State : HARYANA
District : GURUGRAM",Secondary Level,"Name : ORCHIDS THE INTERNATIONAL SCHOOL
Head/Principal Name: Dimple Chawla","Address : BLOCK G, SOUTH CITY I, SECTOR 41, NEAR SOUTH CITY 1 GURUDWARA, GURUGRAM, HARYANA 122003
Website : https://orchidsinternationalschoolsouthcity1.com/"
577,"Aff. No. :532210
Sch. Code:42249","State : HARYANA
District : GURUGRAM",Senior Secondary Level,"Name : SURAJ SCHOOL
Head/Principal Name: KEERTI MADAAN","Address : SEC 1 , PHASE 1, , IMT MANESAR, GURUGRAM
Website : https://surajschoolmanesar.com/"
578,"Aff. No. :532181
Sch. Code:42219","State : HARYANA
District : GURUGRAM",Senior Secondary Level,"Name : ST. ANDREWS WORLD SCHOOL
Head/Principal Name: MANISHA KHANNA","Address : PS - 1, ORRIS CARNATION, SECTOR - 85, GURUGRAM
Website : www.sawsgurugram.com"
579,"Aff. No. :532227
Sch. Code:42270","State : HARYANA
District : GURUGRAM",Senior Secondary Level,"Name : G D INTERNATIONAL SCHOOL
Head/Principal Name: SUNIL YADAV","Address : SECTOR-92 GURUGRAM, MAIN 84 MTR. ROAD, GURUGRAM
Website : https://gdinternationalschool.com/"
580,"Aff. No. :532223
Sch. Code:42264","State : HARYANA
District : GURUGRAM",Secondary Level,"Name : DELHI PUBLIC SCHOOL
Head/Principal Name: Sangeeta Dhamija","Address : DELHI PUBLIC SCHOOL, GURUGRAM SEC 67 A, DELHI PUBLIC SCHOOL, GURUGRAM SEC 67 A, DELHI PUBLIC SCHOOL, GURUGRAM SEC 67 A
Website : https://dpsgurugram.com/"
581,"Aff. No. :532224
Sch. Code:42267","State : HARYANA
District : GURUGRAM",Senior Secondary Level,"Name : KINGSWOOD WORLD SCHOOL
Head/Principal Name: AMANDEEP KAUR","Address : DAM DAMA LAKE ROAD , SOHNA , GURUGRAM
Website : https://kingswoodworldschool.com/"
582,"Aff. No. :532200
Sch. Code:42239","State : HARYANA
District : GURUGRAM",Secondary Level,"Name : MAR IVANIOS SCHOOL
Head/Principal Name: JOMI CJ","Address : VILLAGE BUDHERA, OPP. SGT UNIVERSITY, GURUGRAM
Website : https://marivaniosschool.com"
583,"Aff. No. :532240
Sch. Code:42283","State : HARYANA
District : GURUGRAM",Senior Secondary Level,"Name : PARTH INTERNATIONAL SCHOOL
Head/Principal Name: PIYUSH VATS","Address : MAYFIELD GARDEN BLOCK F, SECTOR 57, GURUGRAM
Website : www.chalktree.com"
584,"Aff. No. :532243
Sch. Code:42288","State : HARYANA
District : GURUGRAM",Secondary Level,"Name : SH. S.N SIDHESHWAR SR. SEC. PUBLIC SCHOOL
Head/Principal Name: BEENA MUDGAL","Address : SECTOR 81, GURUGRAM, GURUGRAM
Website : http://www.snsidheshwar81.com/"
585,"Aff. No. :532252
Sch. Code:42299","State : HARYANA
District : GURUGRAM",Senior Secondary Level,"Name : MOUNT OLYMPUS SCHOOL
Head/Principal Name: Raina Bajaj","Address : SECTOR 79, NEAR- GODREJ ARIA, GURUGRAM
Website : www.mountolympus.in"
586,"Aff. No. :532271
Sch. Code:42325","State : HARYANA
District : GURUGRAM",Secondary Level,"Name : SARASWATI MODEL SCHOOL
Head/Principal Name: LOKESH KUMAR","Address : VILL SALIG KI DHANI (HAYATPUR), P.O GARHI HARSARU , GURGAON HARYANA 122505
Website : www.saraswatimodelschool.in"
587,"Aff. No. :532256
Sch. Code:42302","State : HARYANA
District : GURUGRAM",Senior Secondary Level,"Name : PW GURUKULAM SCHOOL
Head/Principal Name: JYOTI BHALLA","Address : BLOCK A, SUSHANT LOK-3,, SECTOR 57, GURUGRAM
Website : https://www.thegurukulam.school/gurugram"
588,"Aff. No. :532257
Sch. Code:42315","State : HARYANA
District : GURUGRAM",Senior Secondary Level,"Name : RAMA KRISHNA PUBLIC SCHOOL
Head/Principal Name: Veenu Chauhan","Address : SEC 69 BADSHAHPUR GURUGRAM, SEC 69 BADSHAHPUR GURUGRAM, SEC 69 BADSHAHPUR GURUGRAM
Website : www.ramakrishnapublicschool.com"
589,"Aff. No. :532307
Sch. Code:42365","State : HARYANA
District : GURUGRAM",Secondary Level,"Name : SHEMFORD FUTURISTIC SCHOOL GURUGRAM
Head/Principal Name: REEMA NARANG","Address : PS 03, REDWOOD STREET,, MALIBU TOWNE, SECTOR 47 GURUGRAM
Website : https://shemfordgurugram.com/"
590,"Aff. No. :532310
Sch. Code:42369","State : HARYANA
District : GURUGRAM",Secondary Level,"Name : DEV INTERNATIONAL SCHOOL
Head/Principal Name: JYOTI","Address : NEAR POWER GRID, PANCHGAON, TAURU ROAD VILL BAGHANKI
Website : http://www.devinternationalschool.org"
591,"Aff. No. :532299
Sch. Code:42357","State : HARYANA
District : GURUGRAM",Secondary Level,"Name : DIVINE PUBLIC SCHOOL
Head/Principal Name: Nisha Sharma","Address : JAIL ROAD, NAYAGOAN, GURUGRAM
Website : https://divinepublicschoolgurgaon.com/"
592,"Aff. No. :532301
Sch. Code:42359","State : HARYANA
District : GURUGRAM",Secondary Level,"Name : EDUCREST INTERNATIONAL SCHOOL
Head/Principal Name: S KEZIA KALPALATHA","Address : GURGAON, SECTOR-9B, NEAR RAIL SURAKSHA APPARTMENT SECTOR-9A
Website : www.educrestintl.com"
593,"Aff. No. :532284
Sch. Code:42339","State : HARYANA
District : GURUGRAM",Secondary Level,"Name : SRI CHAITANYA TECHNO SCHOOL
Head/Principal Name: SHALU AHUJA","Address : PLOT NO. 14 STREET K-6, BLOCK K SECTOR 83, VATIKA INDIA NEXT
Website : https://srichaitanyaschoolsec83grgm.net/"
594,"Aff. No. :532293
Sch. Code:42350","State : HARYANA
District : GURUGRAM",Senior Secondary Level,"Name : DELHI PUBLIC SCHOOL
Head/Principal Name: Sarika Rahul Chopra","Address : SECTOR 103, DWARKA EXPRESSWAY, GURGAON
Website : https://www.dpsgurgaon.in/"
595,"Aff. No. :532295
Sch. Code:42353","State : HARYANA
District : GURUGRAM",Secondary Level,"Name : BHAGWATI VIDYA MANDIR
Head/Principal Name: Keerti","Address : NEAR DLF, SEC M1, MANESAR
Website : Https://Www.bhagwatividyamandir.co.in"
596,"Aff. No. :532296
Sch. Code:42354","State : HARYANA
District : GURUGRAM",Senior Secondary Level,"Name : LORD JESUS PUBLIC SCHOOL 37 D
Head/Principal Name: SEEMA SEHDEV","Address : RAMPRASTHA GROUP HOUSING COLONY, , SECTOR-37 D, GURUGRAM
Website : https://lordjesuspublicschool37dgurugram.com/"
597,"Aff. No. :532297
Sch. Code:42355","State : HARYANA
District : GURUGRAM",Senior Secondary Level,"Name : G.A.V. INTERNATIONAL SCHOOL ORRIS TOWNSHIP GURUGRAM
Head/Principal Name: Asha Batra","Address : ORRIS TOWNSHIP, SECTOR 89, GURUGRAM
Website : https://gavsec89.gavinternationalschools.com/"
598,"Aff. No. :532340
Sch. Code:42404","State : HARYANA
District : GURUGRAM",Secondary Level,"Name : ORCHIDS- THE INTERNATIONAL SCHOOL
Head/Principal Name: KIRAN NAUTIYAL","Address : SUSHANT LOK - 2, A1 BLOCK, SECTOR 55, GOLF COURSE ROAD, GURGAON
Website : https://www.orchidsinternationalschool.com/gurgaon"
599,"Aff. No. :580008
Sch. Code:40229","State : HARYANA
District : GURUGRAM",Senior Secondary Level,"Name : AIR FORCE SCHOOL
Head/Principal Name: SANGEETA SINGHAL","Address : DELHI ROAD GURGOAN HARYANA
Website : http://afsgurgaon.com"
600,"Aff. No. :540020
Sch. Code:44520","State : HARYANA
District : GURUGRAM",Senior Secondary Level,"Name : PM SHRI SCHOOL JAWAHAR NAVODAYA VIDYALAYA
Head/Principal Name: RADHA KRISHNA PANWAR","Address : FARRUKHNAGAR, DISTT- GURGAON
Website : https://navodaya.gov.in/nvs/nvs-school/Gurugram/en/home/"
601,"Aff. No. :540003
Sch. Code:44502","State : HARYANA
District : JHAJJAR",Senior Secondary Level,"Name : PM SHRI SCHOOL JAWAHAR NAVODAYA VIDYALAYA
Head/Principal Name: RAJESH GUPTA","Address : KALOI P O SURAH DISTT JHAJJAR HARYANA
Website : www.navodaya.gov.in/nvs-school/JHAJJAR/en/home"
602,"Aff. No. :532327
Sch. Code:42389","State : HARYANA
District : JHAJJAR",Senior Secondary Level,"Name : TIRANG INTERNATIONAL SCHOOL
Head/Principal Name: NEERU CHUGH","Address : VILLAGE UKHALCHANA (KOT), DISTRICT JHAJJAR, JHAJJAR
Website : http://tiranginternationalschool.com/"
603,"Aff. No. :532277
Sch. Code:42332","State : HARYANA
District : JHAJJAR",Senior Secondary Level,"Name : BHAGWAN SINGH MEMORIAL SCHOOL
Head/Principal Name: SUSHMA","Address : VPO TUMBHAHERI, JHAJJAR, HARYANA
Website : http://www.bsmjjr.com"
604,"Aff. No. :532260
Sch. Code:42313","State : HARYANA
District : JHAJJAR",Senior Secondary Level,"Name : KIIT-JEE SENIOR SECONDARY SCHOOL
Head/Principal Name: Shalu","Address : CHHUCHHAKWAS - MATANHAIL ROAD, VPO - MATANHAIL, TEHSIL - MATANHAIL
Website : https://kiitjeejhajjar.com"
605,"Aff. No. :532262
Sch. Code:42314","State : HARYANA
District : JHAJJAR",Senior Secondary Level,"Name : OXFORD INTERNATIONAL SCHOOL
Head/Principal Name: JYOTI","Address : VPO GOCHHI, TEHSIL BERI, DISTT JHAJJAR
Website : www.oxfordschoolgochhi.com"
606,"Aff. No. :532254
Sch. Code:42301","State : HARYANA
District : JHAJJAR",Secondary Level,"Name : GANGA INTERNATIONAL SCHOOL
Head/Principal Name: PANKAJ RANI","Address : HUDA SECTOR 9A, BAHADURGARH , JHAJJAR
Website : https://gissector9.com/"
607,"Aff. No. :532215
Sch. Code:42256","State : HARYANA
District : JHAJJAR",Secondary Level,"Name : ORANGE COUNTY INTERNATIONAL SCHOOL
Head/Principal Name: Rinku Dhanker","Address : VPO, BARHANA, BARHANA-DIMANA ROAD, JHAJJAR
Website : http://www.ocischool.in"
608,"Aff. No. :532218
Sch. Code:42260","State : HARYANA
District : JHAJJAR",Senior Secondary Level,"Name : K R MANGALAM WORLD SCHOOL
Head/Principal Name: ARPITA ACHARYA","Address : SECTOR-2, NEAR GAURI SHANKAR MANDIR, BAHADURGARH
Website : www.krmangalambahadurgarh.com"
609,"Aff. No. :532192
Sch. Code:42230","State : HARYANA
District : JHAJJAR",Senior Secondary Level,"Name : INDERPRASTHA INTERNATIONAL SR. SEC. SCHOOL
Head/Principal Name: SURENDER KUMAR","Address : VILLAGE RURIAWAS, TEHSIL MATANHAIL, DISTRICT JHAJJAR
Website : www.indraprasthainternationalschool.com"
610,"Aff. No. :532202
Sch. Code:42241","State : HARYANA
District : JHAJJAR",Secondary Level,"Name : MOTHER'S PRIDE SCHOOL
Head/Principal Name: ANAMIKA YADAV","Address : OMEXE CITY, SECTOR-14, BAHADURGARH
Website : http://www.mothersprideschoolbahadurgarh.com"
611,"Aff. No. :532154
Sch. Code:42189","State : HARYANA
District : JHAJJAR",Senior Secondary Level,"Name : MAHARAJA SURAJMAL SCHOOL
Head/Principal Name: Umesh Kumar Chhikara","Address : VPO DABODHA KHURD, MAIN JHAJJAR BAHADURGARH ROAD, BAHADURGARH
Website : www.mssbahadurgarh.in"
612,"Aff. No. :532107
Sch. Code:42133","State : HARYANA
District : JHAJJAR",Senior Secondary Level,"Name : ABLAZE SR. SEC. SCHOOL
Head/Principal Name: VIKRAM SINGH","Address : VILLAGE - FORTPURA(JHAJJAR), VILLAGE - FORTPURA(JHAJJAR), VILLAGE - FORTPURA(JHAJJAR)
Website : http://www.ablazeschool.com/"
613,"Aff. No. :532104
Sch. Code:42129","State : HARYANA
District : JHAJJAR",Senior Secondary Level,"Name : VIJAYA SR. SEC. SCHOOL
Head/Principal Name: SOIBAL VISHWAS","Address : VILLAGE LOWA KHURD, JHAJJAR ROAD, BAHADURGARH
Website : https://vslowakhurd.com/"
614,"Aff. No. :532124
Sch. Code:42154","State : HARYANA
District : JHAJJAR",Senior Secondary Level,"Name : ST.MARY'S SENIOR SECONDARY SCHOOL
Head/Principal Name: Manjusha","Address : AURANGPUR VILLAGE, P.O DADRI TOYE, DIST. JHAJJAR
Website : https://www.stmaryschooljhajjar.org"
615,"Aff. No. :532147
Sch. Code:42182","State : HARYANA
District : JHAJJAR",Senior Secondary Level,"Name : SWAMI NITANAND GLOBAL RESIDENTIAL SCHOOL
Head/Principal Name: SANGITA KHASA","Address : VPO BARHANA, SAMPLA BERI ROAD , JHAJJAR
Website : www.nitanandschools.com"
616,"Aff. No. :532148
Sch. Code:42183","State : HARYANA
District : JHAJJAR",Senior Secondary Level,"Name : S R CENTURY PUBLIC SCHOOL
Head/Principal Name: BHUPENDRA KUMAR","Address : BADLI ROAD, BAHADURGARH, JHAJJAR
Website : www.srcentury.co.in"
617,"Aff. No. :532003
Sch. Code:42008","State : HARYANA
District : JHAJJAR",Senior Secondary Level,"Name : TRINITY SCHOOL
Head/Principal Name: MIRIAM THOMAS","Address : OMAXE CITY (JHAJJAR ROAD), BAHADURGARH
Website : https://www.trinityschool.in/"
618,"Aff. No. :531918
Sch. Code:41919","State : HARYANA
District : JHAJJAR",Senior Secondary Level,"Name : SANSKARAM INTERNATIONAL SCHOOL
Head/Principal Name: Shweta Kaushik","Address : VPO-KHERI-TALUKA, PATAUDA
Website : www.sanskaraminternationalschool.com"
619,"Aff. No. :531919
Sch. Code:41920","State : HARYANA
District : JHAJJAR",Senior Secondary Level,"Name : SRI CHAITANYA TECHNO SCHOOL
Head/Principal Name: K LALITHA","Address : V.P.O. JAKHODA , NH-10 , DELHI ROHTAK ROAD , BAHADURGARH
Website : https://srichaitanyaschool.net/"
620,"Aff. No. :531908
Sch. Code:41908","State : HARYANA
District : JHAJJAR",Senior Secondary Level,"Name : THE HEIGHTS SR. SEC. SCHOOL
Head/Principal Name: JITENDER KUMAR","Address : VPO KHUDAN
Website : http://theheightskhudan.com/"
621,"Aff. No. :531858
Sch. Code:41855","State : HARYANA
District : JHAJJAR",Senior Secondary Level,"Name : SHRI RAMA BHARTI PUBLIC SCHOOL
Head/Principal Name: POONAM KHATRI","Address : NAHRA NAHRI ROAD, VILLAGE BAMNAULI, BAHADURGARH, HARYANA
Website : www.srbps.com"
622,"Aff. No. :531779
Sch. Code:41757","State : HARYANA
District : JHAJJAR",Senior Secondary Level,"Name : ST. STEPHENS INDIAN SCHOOL
Head/Principal Name: REKHA","Address : ST. STEPOHENS INDIAN SCHOOL, SECTOR 15 OMAXE CITY BAHADURGARH
Website : www.ststephensindianschool.com"
623,"Aff. No. :531788
Sch. Code:41766","State : HARYANA
District : JHAJJAR",Senior Secondary Level,"Name : GANGA INTERNATIONAL SCHOOL BAHADURGARH
Head/Principal Name: MRS. SHARMILA SHARMA","Address : GANGA INTERNATIONAL SCHOOL, LOWA KHURD, BAHADURGARH DISTRICT-JHAJJAR (HR)
Website : www.gangainternationalschool.com"
624,"Aff. No. :531790
Sch. Code:41768","State : HARYANA
District : JHAJJAR",Senior Secondary Level,"Name : G D GOENKA PUBLIC SCHOOL
Head/Principal Name: RIMPY VERMA","Address : HL CITY, SECTOR 37
Website : www.gdgoenkabahadurgarh.com"
625,"Aff. No. :531762
Sch. Code:41742","State : HARYANA
District : JHAJJAR",Senior Secondary Level,"Name : FOUNDATION PUBLIC SCHOOL
Head/Principal Name: Monika","Address : FOUNDATION PUBLIC SCHOOL,NEAR RAM GAS AGENCY,JHAJJAR ROAD .BAHADURGARH
Website : https://foundationpublicschool.in"
626,"Aff. No. :530750
Sch. Code:40736","State : HARYANA
District : JHAJJAR",Senior Secondary Level,"Name : SWAMI NITANAND VIDYA MANDIR
Head/Principal Name: NARENDER SINGH","Address : VILLAGE & POST OFFICE: MAJRA (DUBALDHAN), JHAJJAR, HARYANA
Website : https://www.swaminitanand.com/"
627,"Aff. No. :530747
Sch. Code:40723","State : HARYANA
District : JHAJJAR",Senior Secondary Level,"Name : PARAMOUNT SENIOR SECONDARY SCHOOL
Head/Principal Name: SAPNA","Address : CHHUCHHAKWAS, JHAJJAR, HARYANA
Website : http://www.paramountschoolchhuchhakwas.com/"
628,"Aff. No. :530731
Sch. Code:40841","State : HARYANA
District : JHAJJAR",Senior Secondary Level,"Name : JUPITER PUBLIC SCHOOL
Head/Principal Name: Rajpal Singh Sanwal","Address : ROHAD BYPASS, DISTT JHAJJAR, HARYANA
Website : www.jupiterschoolrohad.com"
629,"Aff. No. :530724
Sch. Code:40705","State : HARYANA
District : JHAJJAR",Senior Secondary Level,"Name : RISHIKUL ARYA PUBLIC SCHOOL
Head/Principal Name: SHIJU P S","Address : VILLAGE MAJRI, P.O. GUBHANA, DISTT. JHAJJAR, HARYANA-124105
Website : www.rishikularyapublicschool.com"
630,"Aff. No. :530653
Sch. Code:40632","State : HARYANA
District : JHAJJAR",Senior Secondary Level,"Name : ADARSH SENIOR SECONDARY SCHOOL DADANPUR
Head/Principal Name: JAI PARKASH","Address : V. PO DADANPUR, DISTT. JHAJJAR, HARYANA
Website : www.adarsheducation.com"
631,"Aff. No. :530686
Sch. Code:40664","State : HARYANA
District : JHAJJAR",Senior Secondary Level,"Name : D.R.A SR SEC SCHOOL
Head/Principal Name: DEEPIKA","Address : VILLAGE MAJRI, PO GUBAHNA, DIST. JHAJJAR, BAHADURGARH (HARYANA)
Website : www.draschool.org"
632,"Aff. No. :530679
Sch. Code:40655","State : HARYANA
District : JHAJJAR",Senior Secondary Level,"Name : NAV JYOTI SR. SEC. SCHOOL
Head/Principal Name: SUSHILA DEVI","Address : VILLAGE LAKRIA, PO DIGHAL DIST. JHAJJAR (HARYANA)
Website : www.navjyotischool.com"
633,"Aff. No. :530690
Sch. Code:40668","State : HARYANA
District : JHAJJAR",Senior Secondary Level,"Name : KARAN PUBLIC HIGH SCHOOL
Head/Principal Name: Manoj Kumar","Address : VILLAGE & POST OFFICE CHAMANPURA, DISTT. JHAJJAR, TEHSIL BERI, HARYANA
Website : http://kpschamanpura.in"
634,"Aff. No. :530694
Sch. Code:40673","State : HARYANA
District : JHAJJAR",Senior Secondary Level,"Name : L A SENIOR SECONDARY SCHOOL
Head/Principal Name: KRISHAN MURARI","Address : DELHI ROAD, JHAJJAR, DISTT. JHAJJAR
Website : www.samarthshikshasamiti."
635,"Aff. No. :530638
Sch. Code:40624","State : HARYANA
District : JHAJJAR",Senior Secondary Level,"Name : DELHI PUBLIC SCHOOL, BAHADURGARH
Head/Principal Name: NEERJA","Address : 7, KM STONE, BAHADURGARH-JHAJJAR ROAD, BAHADURGARH, DISTT JHAJJAR, HARYANA
Website : www.dpsbahadurgarh.com"
636,"Aff. No. :530633
Sch. Code:40622","State : HARYANA
District : JHAJJAR",Senior Secondary Level,"Name : MODERN SENIOR SECONDARY SCHOOL
Head/Principal Name: SANJEEV KAUSHIK","Address : JHAJHAR ROAD, BAHADURGARH, DISTT JHAJJAR, HARYANA
Website : www.modernschoolbahadurgarh.org"
637,"Aff. No. :530635
Sch. Code:40611","State : HARYANA
District : JHAJJAR",Senior Secondary Level,"Name : SAINT SOLDIER M. R. PUBLIC SCHOOL
Head/Principal Name: Madhu Dahiya","Address : OPPOSITE KASSAR TURN, DELHI ROHTAK ROAD, BAHADURGARH, DISTRICT JHAJJAR, HARYANA, INDIA
Website : www.ssmrps.com"
638,"Aff. No. :530623
Sch. Code:40603","State : HARYANA
District : JHAJJAR",Senior Secondary Level,"Name : B S M HIGH SCHOOL
Head/Principal Name: REENA","Address : SANIK NAGAR, NEAR SECTOR VI BAHADURGARH JHAJJAR
Website : www.bsmbahadurgarh.com"
639,"Aff. No. :530603
Sch. Code:40588","State : HARYANA
District : JHAJJAR",Senior Secondary Level,"Name : BAL VIKAS SENIOR SECONDARY SCHOOL
Head/Principal Name: POONAM RANI","Address : NEAR SARAI AURANGABAD, DISTT JHAJJAR, HARYANA
Website : http://www.balvikasschool.in"
640,"Aff. No. :530568
Sch. Code:40559","State : HARYANA
District : JHAJJAR",Senior Secondary Level,"Name : SARVODYA SENIOR SECONDARY SCHOOL
Head/Principal Name: SUMAN LATA","Address : V & PO KHANPUR KHURD TEH & DISTT JHAJJAR HARYANA
Website : www.sarvodyakhanpur.com"
641,"Aff. No. :530594
Sch. Code:40741","State : HARYANA
District : JHAJJAR",Senior Secondary Level,"Name : H D PUBLIC SCHOOL
Head/Principal Name: NAMITA DAS","Address : VILL & PO BIROHAR JHAJJAR HARYANA
Website : https://hdbirohar.com"
642,"Aff. No. :530596
Sch. Code:40578","State : HARYANA
District : JHAJJAR",Senior Secondary Level,"Name : R E D SCHOOL
Head/Principal Name: Geeta Rani","Address : TEHSIL TALAO ROAD JHAJJAR HARYANA
Website : www.redschooljjr.in"
643,"Aff. No. :530329
Sch. Code:40332","State : HARYANA
District : JHAJJAR",Senior Secondary Level,"Name : ST. THOMAS SCHOOL
Head/Principal Name: SUDHIR KUMAR","Address : SANT NAGAR BEHIND SEC 6 BAHADURGARH, DISTT JHAJJAR, HARYANA
Website : www.stthomasschool.in"
644,"Aff. No. :530319
Sch. Code:40302","State : HARYANA
District : JHAJJAR",Senior Secondary Level,"Name : H R GREEN FIELD HIGH SCHOOL
Head/Principal Name: MOHINDER SINGH","Address : BADLI ROAD JHAJJAR HARYANA
Website : www.gfsjhajjar.in"
645,"Aff. No. :530304
Sch. Code:40303","State : HARYANA
District : JHAJJAR",Senior Secondary Level,"Name : HARDAYAL PUBLIC SCHOOL
Head/Principal Name: ANSHU YADAV","Address : NAJAFGARH ROAD BAHADURGARH, DISTT JHAJJAR HARYANA
Website : www.hardayalpublicschool.net"
646,"Aff. No. :530311
Sch. Code:40349","State : HARYANA
District : JHAJJAR",Senior Secondary Level,"Name : S R CENTURY PUBLIC SCHOOL
Head/Principal Name: VASHISHTHA NARAYAN JHA","Address : DELHI ROHTAK ROAD BAHADURGARH DISTT JHAJJAR HARYANA
Website : www.srcentury.in"
647,"Aff. No. :530257
Sch. Code:40294","State : HARYANA
District : JHAJJAR",Secondary Level,"Name : BRIGADIER RAN SINGH PUBLIC SCHOOL
Head/Principal Name: Rajwanti Ahlawat","Address : DUJANA DISTT JHAJJAR HARYANA
Website : www.brpsdujana.com"
648,"Aff. No. :530272
Sch. Code:40307","State : HARYANA
District : JHAJJAR",Senior Secondary Level,"Name : RANBIR SINGH MODEL SCHOOL
Head/Principal Name: KIRAN VERMA","Address : VILL DARYAPUR BADLI BAHADURGARH DISTT. JHAJJAR HARYANA
Website : www.ranbirsinghmodelschool.in"
649,"Aff. No. :530295
Sch. Code:40278","State : HARYANA
District : JHAJJAR",Senior Secondary Level,"Name : KULDEEP SINGH MEMORIAL PUBLIC SCHOOL
Head/Principal Name: KAVITA","Address : GURGAON ROAD JHAJJAR HARYANA
Website : www.ksmjjr.org"
650,"Aff. No. :530288
Sch. Code:40263","State : HARYANA
District : JHAJJAR",Secondary Level,"Name : MODEL SCHOOL
Head/Principal Name: NITIN KUMAR","Address : JHAJJAR NEAR GOVT. COLLEGE DELHI ROAD DISTT. JHAJJAR HARYANA
Website :"
651,"Aff. No. :530365
Sch. Code:40341","State : HARYANA
District : JHAJJAR",Senior Secondary Level,"Name : KARAN PUBLIC SCHOOL
Head/Principal Name: Ravinder Kumar","Address : KARAN PUBLIC SCHOOL MODEL TOWN JHAJJAR
Website : www.karanpublicschooljhajjar.in"
652,"Aff. No. :530387
Sch. Code:40370","State : HARYANA
District : JHAJJAR",Senior Secondary Level,"Name : TRH PUBLIC SCHOOL
Head/Principal Name: Poonam","Address : VPO BADLI TEH BAHADURGARH DISTT JHAJJAR HARYANA
Website : www.trhbadli.com"
653,"Aff. No. :530380
Sch. Code:40362","State : HARYANA
District : JHAJJAR",Senior Secondary Level,"Name : GOLDEN VALLEY SR SEC SCHOOL
Head/Principal Name: JYOTI RANI","Address : JHAJJAR ROAD BAHADURGARH DISTT JHAJJAR HARYANA
Website : www.gvsschool.org.in"
654,"Aff. No. :530391
Sch. Code:40384","State : HARYANA
District : JHAJJAR",Senior Secondary Level,"Name : VIJAYA SR SEC SCHOOL
Head/Principal Name: Rupakshi Narang","Address : MOHAN NAGAR JHAJJAR ROAD BAHADURGARH, DISTT JHAJJAR, HARYANA
Website : www.vijayaschool.com"
655,"Aff. No. :530411
Sch. Code:40399","State : HARYANA
District : JHAJJAR",Senior Secondary Level,"Name : PDM PUBLIC SCHOOL
Head/Principal Name: SUMAN HOODA","Address : SARAI ARUANGABAD BAHADURGARH JHAJJAR HARYANA
Website : www.pdmschool.com"
656,"Aff. No. :530435
Sch. Code:40421","State : HARYANA
District : JHAJJAR",Senior Secondary Level,"Name : CAMBRIDGE INTERNATIONAL SCHOOL
Head/Principal Name: Manjeet Kumar","Address : VPO BIRAR DISTT JHAJJAR HARYANA
Website : https://cambridgeinternationalschool.net/"
657,"Aff. No. :530430
Sch. Code:40417","State : HARYANA
District : JHAJJAR",Senior Secondary Level,"Name : H D SR SEC SCHOOL
Head/Principal Name: SATBIR SINGH","Address : SALHAWAS DISTT JHAJJAR HARYANA
Website : http://hdsalhawas.in/"
658,"Aff. No. :530459
Sch. Code:40448","State : HARYANA
District : JHAJJAR",Senior Secondary Level,"Name : INDO AMERICAN SCHOOL
Head/Principal Name: MAMTA","Address : NEAR RAM LEELA MAIDAN DELHI ROAD, DISTT JHAJJAR HARYANA
Website : www.indoamericanjjr.com"
659,"Aff. No. :530447
Sch. Code:40433","State : HARYANA
District : JHAJJAR",Senior Secondary Level,"Name : SHRI RAMA BHARTI HIGH SCHOOL
Head/Principal Name: Pushpa Sangwan","Address : NEAR SAINIK NAGAR SECTOR 6 BAHADURGARH, DISTT JHAJJAR, HARYANA
Website : https://www.srbps.com/"
660,"Aff. No. :530505
Sch. Code:40495","State : HARYANA
District : JHAJJAR",Senior Secondary Level,"Name : DRONACHARYA HERITAGE SCHOOL
Head/Principal Name: GAURAV KUMAR","Address : MAJRA JAHAJGARH TEH BERI DISTT JHAJJAR HARYANA
Website : http://www.dronacharyaheritageschool.in/"
661,"Aff. No. :530507
Sch. Code:40503","State : HARYANA
District : JHAJJAR",Senior Secondary Level,"Name : CMM PUBLIC SCHOOL
Head/Principal Name: RITA KAPOOR","Address : BERI CHOWK DUJANA DISTT JHAJJAR HARYANA
Website : www.cmmsdujana.com"
662,"Aff. No. :530149
Sch. Code:40136","State : HARYANA
District : JHAJJAR",Senior Secondary Level,"Name : SAINIK PUBLIC SCHOOL
Head/Principal Name: B L Bhardwaj","Address : DELHI ROAD BAHADURGARH HARAYANA
Website : www.sainikpublicschool.in"
663,"Aff. No. :530169
Sch. Code:40180","State : HARYANA
District : JHAJJAR",Senior Secondary Level,"Name : R E D SR SEC SCHOOL
Head/Principal Name: Sunil Kumar","Address : CHHUCHHAKWAS TEH JHAJJAR HARYANA
Website : www.redschoolchk.in"
664,"Aff. No. :530200
Sch. Code:40196","State : HARYANA
District : JHAJJAR",Senior Secondary Level,"Name : TRIVENI MEMORIAL SENIOR SECONDARY SCHOOL
Head/Principal Name: SUMITRA MAHLA","Address : BARAHI ROAD BAHADURGARH HARYANA
Website : www.thetrivenischool.in"
665,"Aff. No. :530240
Sch. Code:40262","State : HARYANA
District : JHAJJAR",Senior Secondary Level,"Name : OXFORD PUBLIC SCHOOL
Head/Principal Name: Sheela Devi","Address : NAHRA NAHARI ROAD (LINE PAAR) BAHADURGARH, DISTT JHAJJAR, HARYANA
Website : www.oxfordbahadurgarh.in"
666,"Aff. No. :530133
Sch. Code:40127","State : HARYANA
District : JHAJJAR",Senior Secondary Level,"Name : BAL BHARTI SCHOOL
Head/Principal Name: SUSHILA KALIRAMAN","Address : BAHADURGARH DISTT JHAJJAR HARYANA
Website : https://bgh.balbharti.net"
667,"Aff. No. :530073
Sch. Code:40087","State : HARYANA
District : JHAJJAR",Senior Secondary Level,"Name : D A V CENTENARY PUBLIC SCHOOL
Head/Principal Name: RAJDEEP KULSHRESHTHA","Address : SECTOR VI BAHADURGARH ROHTAK HARYANA
Website :"
668,"Aff. No. :520347
Sch. Code:44330","State : HARYANA
District : JHAJJAR",Senior Secondary Level,"Name : PM SHRI GSSS DADRI TOYE
Head/Principal Name: Rajinder","Address : VPO DADRI TOYE , TEHSIL -BADLI , DISTT- JHAJJAR
Website : www.pmshrigsssdadritoye.com"
669,"Aff. No. :520328
Sch. Code:44311","State : HARYANA
District : JHAJJAR",Senior Secondary Level,"Name : P.M. SHRI GOVT SR. SEC. SCHOOL PARNALA-3256
Head/Principal Name: SANTOSH KUMARI","Address : VILLAGE PARNALA, P.O. PARNALA, TEH. BAHADURGARH
Website : https://pmsgmssssparnala.in"
670,"Aff. No. :520311
Sch. Code:44290","State : HARYANA
District : JHAJJAR",Senior Secondary Level,"Name : PM SHRI GSSS MACHHRAULI
Head/Principal Name: RAJ KUMAR","Address : VILLAGE MACHHRAULI, POST MACHHRAULI, JHAJJAR REWARI ROAD
Website : https://pmshrigsssmachhrauli.com/"
671,"Aff. No. :520238
Sch. Code:44217","State : HARYANA
District : JHAJJAR",Senior Secondary Level,"Name : P.M. SHRI GOVT GIRLS SR. SEC. SCHOOL BERI (JHAJJAR)
Head/Principal Name: URMIL","Address : WARD NO. 7, NEAR GAUSHALA, BERI
Website : https://gsssberi.pmshrihry.com"
672,"Aff. No. :520272
Sch. Code:44251","State : HARYANA
District : JHAJJAR",Senior Secondary Level,"Name : PM SHRI GGSSS JHAJJAR
Head/Principal Name: JOGENDER","Address : BIKANER CHOCK JHAJJAR, JHAJJAR, JHAJJAR
Website : https://pmshriggsssjhajjar.com"
673,"Aff. No. :520122
Sch. Code:44098","State : HARYANA
District : JHAJJAR",Senior Secondary Level,"Name : GOVT MODEL SANSKRITI SENIOR SECONDARY SCHOOL JHAJJAR
Head/Principal Name: JOGAINDER SINGH","Address : BHATTI GATE WARD NO. 13 NEAR BIKANER CHOWK JHAJJAR
Website : www.gmssss.com"
674,"Aff. No. :520115
Sch. Code:44091","State : HARYANA
District : JHAJJAR",Senior Secondary Level,"Name : GOVT MODEL SANSKRITI SR. SEC. SCHOOL
Head/Principal Name: SATISH KUMAR","Address : VPO-PATAUDA
Website : www.gmsssspatauda-3105.org.in"
675,"Aff. No. :520083
Sch. Code:44058","State : HARYANA
District : JHAJJAR",Senior Secondary Level,"Name : S.M.M.S.G.M.S.S.S.S, MAJRA (D)
Head/Principal Name: MEHTAB SINGH","Address : VPO MAJRA (D) TEHSIL BERI
Website : www.smmsgmssssmajrad.com"
676,"Aff. No. :520085
Sch. Code:44060","State : HARYANA
District : JHAJJAR",Senior Secondary Level,"Name : GOVT. MODEL SANSKRITI SR. SEC. SCHOOL,BAHADURGARH
Head/Principal Name: MANJU RANI","Address : GOVT. MODEL SANSKRITI SR. SEC. SCHOOL,BAHADURGARH, RAILWAL ROAD,BAHADURGARH
Website : www.gmssssbahadurgarh.com"
677,"Aff. No. :520061
Sch. Code:44036","State : HARYANA
District : JHAJJAR",Senior Secondary Level,"Name : GOVT. MODEL SANSKRITI SENIOR SECONDARY SCHOOL BHURAWAS JHAJJAR
Head/Principal Name: SAMMAT SINGH","Address : VPO BHURAWAS TEHSIL SALHAWAS DISTRICT JHAJJAR HARYANA PIN 124146
Website : https://www.gmssssbhurawas.org/"
678,"Aff. No. :500100
Sch. Code:44601","State : HARYANA
District : JHAJJAR",Senior Secondary Level,"Name : PM SHRI KENDRIYA VIDYALAYA MATANHAIL
Head/Principal Name: Kanwar Singh","Address : TEHSIL MOD, MATANHAIL
Website : https://matanhail.kvs.ac.in/"
679,"Aff. No. :520016
Sch. Code:44019","State : HARYANA
District : JHAJJAR",Senior Secondary Level,"Name : GMSSSS LADAIN (3077)
Head/Principal Name: ARVIND KUMAR","Address : VPO - LADAIN TEHSIL - MATANHAIL
Website : https://www.gmssssladain.com/"
680,"Aff. No. :520018
Sch. Code:44013","State : HARYANA
District : JHAJJAR",Senior Secondary Level,"Name : SAHEED DHARAMBIR GOVERNMENT MODEL SANSKRITI SENIOR SECONDARY SCHOOL DHAKLA
Head/Principal Name: VED PARKASH SAINI","Address : VILL DHAKLA PO DHAKLA DISTT. JHAJJAR HAR 124109
Website : www.sdgmssss.com"
681,"Aff. No. :531704
Sch. Code:41684","State : HARYANA
District : JHAJJAR",Senior Secondary Level,"Name : TAKSHILA VIDYAPEETH SR. SEC. SCHOOL
Head/Principal Name: NASEEB SINGH AHLAWAT","Address : V.P.O M.P MAJRA(JHAJJAR)
Website : www.takshilavidyapeethschool.com"
682,"Aff. No. :531728
Sch. Code:41703","State : HARYANA
District : JHAJJAR",Senior Secondary Level,"Name : D.A.V. POLICE PUBLIC SCHOOL, POLICE LINES, JHAJJAR
Head/Principal Name: Pankaj Walia","Address : D.A.V. POLICE PUBLIC SCHOOL POLICE LINES JHAJJAR, 124104 HARYANA
Website : https://policedav.com/"
683,"Aff. No. :531673
Sch. Code:41652","State : HARYANA
District : JHAJJAR",Senior Secondary Level,"Name : M.D.N SR.SEC.SCHOOL
Head/Principal Name: BABITA KUMARI","Address : VPO-KHARHAR
Website : mdnkharhar@GMAIL.com"
684,"Aff. No. :531575
Sch. Code:41552","State : HARYANA
District : JHAJJAR",Senior Secondary Level,"Name : L.R. GREEN FIELD HIGH SCHOOL
Head/Principal Name: NAVEEN KUMAR","Address : VILLAGE GUBHANA
Website : www.lrgreenfieldschool.com"
685,"Aff. No. :531598
Sch. Code:41578","State : HARYANA
District : JHAJJAR",Senior Secondary Level,"Name : SHANTI GYAN NIKETAN MIDDLE SCHOOL
Head/Principal Name: NISHA RANI","Address : VPO.SHERIA , TEH-BERI DISTT. JHAJJAR,124102
Website : www.sgnschool.in"
686,"Aff. No. :531608
Sch. Code:41584","State : HARYANA
District : JHAJJAR",Senior Secondary Level,"Name : HERITAGE SCHOOL OF LEARNING
Head/Principal Name: VIKASH SIWACH","Address : VILLAGE MANGAWAS ,TEH.-BERI, DISTT.-JHAJJAR HARYANA 124201
Website : https://hslmangawas.in/"
687,"Aff. No. :531533
Sch. Code:41531","State : HARYANA
District : JHAJJAR",Secondary Level,"Name : MODERN GURUKUL PUBLIC SCHOOL
Head/Principal Name: AJAY BHARDWAJ","Address : VPO DUBALDHAN
Website :"
688,"Aff. No. :531534
Sch. Code:41501","State : HARYANA
District : JHAJJAR",Senior Secondary Level,"Name : G D GOENKA PUBLIC SCHOOL
Head/Principal Name: Anita Singh Rana","Address : MAROT, GWALISON ROAD, JHAJJAR, HARYANA-124106
Website : https://www.gdgoenkajhajjar.com"
689,"Aff. No. :531516
Sch. Code:41491","State : HARYANA
District : JHAJJAR",Senior Secondary Level,"Name : ASHOKA INTERNATIONAL SCHOOL
Head/Principal Name: JAINENDRA K BHOI","Address : NAYA GAON BYPASS, BADLI ROAD, BAHADURGARH
Website : http://ashokainternationalschool.in/"
690,"Aff. No. :531430
Sch. Code:41407","State : HARYANA
District : JHAJJAR",Secondary Level,"Name : GOLDEN VALLEY MIDDLE SCHOOL,JASAUR KHERI
Head/Principal Name: Nidhi Sharma","Address : VPO-JASAUR KHERI
Website : www.gvsgroup.in"
691,"Aff. No. :531473
Sch. Code:41450","State : HARYANA
District : JHAJJAR",Senior Secondary Level,"Name : D S ARYA SR. SEC. SCHOOL
Head/Principal Name: SAVITA DEVI","Address : PATEL NAGAR BAHADURGARH
Website : www.dsaryaschool.com"
692,"Aff. No. :531384
Sch. Code:41359","State : HARYANA
District : JHAJJAR",Senior Secondary Level,"Name : S D M PUBLIC SCHOOL
Head/Principal Name: Pramod Kumar Pandey","Address : VILLAGE-DESHALPUR, P.O- NUNA MAJRA,
Website : www.sdmpublicschool.com"
693,"Aff. No. :531365
Sch. Code:41342","State : HARYANA
District : JHAJJAR",Senior Secondary Level,"Name : GENESIS PUBLIC SCHOOL, HASSANPUR
Head/Principal Name: POOJA","Address : GENESIS PUBLIC SCHOOL V.P.O. HASSANPUR, NEAR FATEHPURI MORE. TEH. & DISTT. JHAJJAR, HARYANA. PIN. 124103
Website : www.genesisjjr.com"
694,"Aff. No. :531342
Sch. Code:41549","State : HARYANA
District : JHAJJAR",Senior Secondary Level,"Name : ST. FRANCIS DE SALES SR. SEC. SCHOOL
Head/Principal Name: ALLAN JOSEPH GONSALVES","Address : BIRDHANA P O
Website : www.sfsjhajjar.in"
695,"Aff. No. :531314
Sch. Code:41287","State : HARYANA
District : JHAJJAR",Senior Secondary Level,"Name : SANSKARAM PUBLIC SCHOOL
Head/Principal Name: JITENDER KUMAR","Address : MAIN DADRI ROAD, KHATIWAS
Website : www.sanskarampublicschool.com"
696,"Aff. No. :531257
Sch. Code:41237","State : HARYANA
District : JHAJJAR",Senior Secondary Level,"Name : DEEP CHAND PUBLIC SCHOOL
Head/Principal Name: AMIT KUMAR SANGWAN","Address : JHAJJAR BERI ROAD NEAR RAILWAY LINE VPO GUDHA
Website : https://dcpsjhajjar.in"
697,"Aff. No. :531269
Sch. Code:41247","State : HARYANA
District : JHAJJAR",Senior Secondary Level,"Name : JEEWAN JYOTI PUBLIC SCHOOL
Head/Principal Name: SUMAN","Address : V.P.O SONDHI TEH-JHAJJAR DISTT-JHAJJAR HARYANA-124105
Website :"
698,"Aff. No. :531271
Sch. Code:41249","State : HARYANA
District : JHAJJAR",Senior Secondary Level,"Name : RADIANT PUBLIC SCHOOL
Head/Principal Name: Sonia Kaushik","Address : VILLAGE BARAHI, TEH. BAHADURGAR, DISTT. JHAJJAR
Website : https://radiantpublicschool.in/"
699,"Aff. No. :531298
Sch. Code:41275","State : HARYANA
District : JHAJJAR",Secondary Level,"Name : ST.PAULS SCHOOL
Head/Principal Name: LIZIAMMA JACOB","Address : V.P.O KANONDA, BAHADURGARH
Website : http://stpaulskanonda.com"
700,"Aff. No. :531295
Sch. Code:41271","State : HARYANA
District : JHAJJAR",Senior Secondary Level,"Name : AADHAR INTERNATIONAL PUBLIC SCHOOL
Head/Principal Name: SEEMA HOODA","Address : VILL. SAMASPUR MAJRA
Website : www.aipsmajra.com"
701,"Aff. No. :531282
Sch. Code:41290","State : HARYANA
District : JHAJJAR",Secondary Level,"Name : BAL BHARATI PUBLIC SCHOOL
Head/Principal Name: DR SANJIV M LYALL","Address : BAL BHARATI PUBLIC SCHOOL, APCPL-IGSTPP JHARLI
Website : https://bbpsjharli.balbharati.org/"
702,"Aff. No. :531246
Sch. Code:41230","State : HARYANA
District : JHAJJAR",Senior Secondary Level,"Name : DUJANA PUBLIC SCHOOL
Head/Principal Name: Meenakshi saini","Address : V.P.O. DUJANA
Website : www.dpsdujana.com"
703,"Aff. No. :531209
Sch. Code:41192","State : HARYANA
District : JHAJJAR",Senior Secondary Level,"Name : AAKASH INTERNATIONAL SCHOOL
Head/Principal Name: ELSU THOMAS","Address : SEC-36, NUNA MAJARA, JHAJJAR ROAD
Website : www.aakashinternationalschool.com"
704,"Aff. No. :531213
Sch. Code:41201","State : HARYANA
District : JHAJJAR",Senior Secondary Level,"Name : CAMBRIDGE INTERNATIONAL SR. SEC. SCHOOL
Head/Principal Name: VINOD KUMAR","Address : DELHI ROAD, VILLAGE - BHADANA
Website : www.cambridgeschooljjr.com"
705,"Aff. No. :531145
Sch. Code:41109","State : HARYANA
District : JHAJJAR",Senior Secondary Level,"Name : G.A.V. PUBLIC SCHOOL
Head/Principal Name: VIPEN KUMAR","Address : PATAUDA, JHAJJAR
Website : www.gavpublicschool.in"
706,"Aff. No. :531126
Sch. Code:41098","State : HARYANA
District : JHAJJAR",Senior Secondary Level,"Name : SCHOLARS GLOBAL SCHOOL
Head/Principal Name: Poonam Saxena","Address : VILLAGE NUNA MAJRA
Website : www.scholarsglobalschool.com"
707,"Aff. No. :531136
Sch. Code:41102","State : HARYANA
District : JHAJJAR",Senior Secondary Level,"Name : SHREE SAI PUBLIC SCHOOL
Head/Principal Name: Promila","Address : VILL. TAMASPURA, P.O- GWALISON - JHAJJAR
Website : www.shreesaipublicschooljhajjar.com"
708,"Aff. No. :531119
Sch. Code:41085","State : HARYANA
District : JHAJJAR",Senior Secondary Level,"Name : SRI CHAITANYA TECHNO SCHOOL
Head/Principal Name: BODA KRISHNANAND","Address : GAWALISON, 6TH KM STONE, JHAJJAR-DADRI ROAD
Website : www.srichaitanyaschool.net"
709,"Aff. No. :531093
Sch. Code:41045","State : HARYANA
District : JHAJJAR",Senior Secondary Level,"Name : NAV JYOTI HIGH SCHOOL
Head/Principal Name: PAWMANI ARYA","Address : PRITAM COLONY BADLI ROAD BAHADURGARH, JHAJJAR, HARYANA
Website : www.navjyotihighschool.in"
710,"Aff. No. :531072
Sch. Code:41012","State : HARYANA
District : JHAJJAR",Senior Secondary Level,"Name : C.S.M PUBLIC SCHOOL
Head/Principal Name: NARESH KUMAR","Address : V & P.O DULHERA, DULHERA - KHARMAN ROAD,DISTT. JHAJJAR,HARYANA
Website : www.csmschool.in"
711,"Aff. No. :531026
Sch. Code:40974","State : HARYANA
District : JHAJJAR",Secondary Level,"Name : SUNSHINE PUBLIC SCHOOL
Head/Principal Name: BS KADIAN","Address : H.NO. 711,SEC. 6,BAHADURGARH
Website :"
712,"Aff. No. :531014
Sch. Code:40961","State : HARYANA
District : JHAJJAR",Senior Secondary Level,"Name : GANGA INTERNATIONAL SCHOOL
Head/Principal Name: SHILPY CHADHA","Address : VILLAGE KABLANA, DISTRICT JHAJJAR, HARYANA
Website : www.giskablana.com"
713,"Aff. No. :530993
Sch. Code:40949","State : HARYANA
District : JHAJJAR",Senior Secondary Level,"Name : SEHWAG INTERNATIONAL SCHOOL
Head/Principal Name: PEYUSH GUPTA","Address : 7 KM STONE, MAIN GURGAON JHAJJAR ROAD,VILL SILANI, ,JHAJJAR , HARYANA
Website : www.sisj.in"
714,"Aff. No. :530967
Sch. Code:41035","State : HARYANA
District : JHAJJAR",Senior Secondary Level,"Name : SHRI SWAMI SAMARTH INTERNATIONAL SCHOOL
Head/Principal Name: kishor Kumar","Address : VPO-LADRAWAN, BAHADURGARH,DISTT JHAJJAR,HARYANA-124507
Website : www.sssis.co.in"
715,"Aff. No. :530955
Sch. Code:41027","State : HARYANA
District : JHAJJAR",Senior Secondary Level,"Name : M.R. SR. SEC. SCHOOL HASSANPUR (JHAJJAR)
Head/Principal Name: Mrs. Sangita","Address : VPO HASSANPUR TEH. & DISTT. JHAJJAR
Website : www.mrschool.edu.in"
716,"Aff. No. :530902
Sch. Code:40871","State : HARYANA
District : JHAJJAR",Senior Secondary Level,"Name : MOTHER INDIA SR. SEC SCHOOL
Head/Principal Name: SANTOSH KUMARI","Address : VPO.-MARAUT JHAJJAR-124103
Website : https://motherindiaschools.in"
717,"Aff. No. :530938
Sch. Code:40905","State : HARYANA
District : JHAJJAR",Senior Secondary Level,"Name : M. B. D. INTERNATIONAL HIGH SCHOOL
Head/Principal Name: PARVEEN KUMARI","Address : V&P.O. BERI, KABULPUR ROAD
Website : www.mbdihs.com"
718,"Aff. No. :530932
Sch. Code:40902","State : HARYANA
District : JHAJJAR",Senior Secondary Level,"Name : UNIVERSAL SR. SEC. SCHOOL
Head/Principal Name: ROHIT KUMAR","Address : VILL GIA DISTT. JHAJJAR
Website : www.universalgoria.com"
719,"Aff. No. :530945
Sch. Code:40916","State : HARYANA
District : JHAJJAR",Senior Secondary Level,"Name : DRONACHARYA SR. SEC. SCHOOL
Head/Principal Name: VIKAS KUMAR","Address : DRONACHARYA SR. SEC. SCHOOL V.PO. MUBARIKPUR TEH.&DISTT. JHAJJAR HARYANA 124109
Website : https://dronacharyamubarikpur.com/"
720,"Aff. No. :530887
Sch. Code:40857","State : HARYANA
District : JHAJJAR",Senior Secondary Level,"Name : GOLDEN VALLEY INTERNATIONAL HIGH SCHOOL
Head/Principal Name: Kumar Anand Jha","Address : VPO MAROUT, TEHSIL MATAN HAIL, DISTT. JHAJJAR
Website : http://gvismarout.com/"
721,"Aff. No. :530895
Sch. Code:40863","State : HARYANA
District : JHAJJAR",Senior Secondary Level,"Name : VATS VIDYA MANDIR HIGH SCHOOL,
Head/Principal Name: VINAY KUMAR","Address : VILLAGE : YAKUBPUR POST : YAKUBPUR
Website : www.vatsvidyamandir.com"
722,"Aff. No. :530812
Sch. Code:40785","State : HARYANA
District : JHAJJAR",Senior Secondary Level,"Name : G.S. HIGH SCHOOL
Head/Principal Name: POONAM THAKRAN","Address : V&P.O.-LUHARI, JHAJJAR
Website : www.gshschoolluhari.in"
723,"Aff. No. :530758
Sch. Code:40745","State : HARYANA
District : JHAJJAR",Senior Secondary Level,"Name : SAARTHI PUBLIC SCHOOL
Head/Principal Name: ROBERT","Address : V.& P.O KHERI KHUMMAR DISTRICT JHAJJAR HARYANA.
Website : www.saarthipublicshool.com"
724,"Aff. No. :530819
Sch. Code:40794","State : HARYANA
District : JHAJJAR",Senior Secondary Level,"Name : MOUNT VIEW HIGH SCHOOL
Head/Principal Name: SURENDER SINGH","Address : JHAJJAR ROAD , OPP. POWER HOUSE , SECTOR-2 , BAHADURGARH
Website : www.mountviewpublicschool.co.in"
725,"Aff. No. :530824
Sch. Code:40810","State : HARYANA
District : MAHENDRAGARH",Senior Secondary Level,"Name : RAMCHANDER PUBLIC SCHOOL
Head/Principal Name: VIKASH","Address : GAHRA ROAD KANINA
Website : www.ramchanderschool.org.com"
726,"Aff. No. :530826
Sch. Code:40804","State : HARYANA
District : MAHENDRAGARH",Senior Secondary Level,"Name : TAGORE SR.SEC.SCHOOL
Head/Principal Name: VIRENDER SINGH","Address : MAJRA KHURD MAHENDERGARH
Website : www.tagoremgarh.edu.in"
727,"Aff. No. :530839
Sch. Code:40807","State : HARYANA
District : MAHENDRAGARH",Senior Secondary Level,"Name : KRISHNA PUBLIC HIGH SCHOOL
Head/Principal Name: REKHA CHHABRA","Address : KANINA ROAD, GUDHA
Website : http://www.krishnahighschool.8m.com"
728,"Aff. No. :530875
Sch. Code:40845","State : HARYANA
District : MAHENDRAGARH",Senior Secondary Level,"Name : DEVYANI INTERNATIONAL SENIOR SECONDARY SCHOOL
Head/Principal Name: BALWAN SINGH","Address : V.P.O. BEWAL SUB. TEH. KANINA DISTT. MOHINDERGARH HARYANA
Website : www.devyanischool.com"
729,"Aff. No. :530869
Sch. Code:40838","State : HARYANA
District : MAHENDRAGARH",Senior Secondary Level,"Name : MONTESSORI CONVENT HIGH SCHOOL,
Head/Principal Name: UMED SINGH","Address : SATNALI, MAHINDER GARH, HARYANA
Website : https://mcssatnali.in/"
730,"Aff. No. :530830
Sch. Code:40809","State : HARYANA
District : MAHENDRAGARH",Senior Secondary Level,"Name : THE INDIANA SR. SEC. SCHOOL
Head/Principal Name: BEGRAJ","Address : KANINA ROAD, VPO-BHOJAWAS, DISTT-MAHINDERGARH
Website : www.indianaschool.in"
731,"Aff. No. :530861
Sch. Code:40831","State : HARYANA
District : MAHENDRAGARH",Senior Secondary Level,"Name : S.D. SR. SEC. SCHOOL, KAKRALA
Head/Principal Name: Shipra Sharma","Address : VILL. & P.O. KAKRALA SUB. TEH. KANINA DISTT. MOHINDERGARH
Website : www.sdskakrala.edu.in"
732,"Aff. No. :530783
Sch. Code:40757","State : HARYANA
District : MAHENDRAGARH",Senior Secondary Level,"Name : SARASWATI VIDYA MANDIR SR. SEC. SCHOOL
Head/Principal Name: VANDANA YADAV","Address : VPO NANGAL CHOUDHARY, NARNAUL, HARYANA-123023
Website : www.saraswatischoolnch.com"
733,"Aff. No. :530806
Sch. Code:40780","State : HARYANA
District : MAHENDRAGARH",Senior Secondary Level,"Name : B.R. ADARSH SR. SEC. SCHOOL, SEHLANG
Head/Principal Name: JYOTI SHARMA","Address : VILL. & P.O. SEHLANG SUB. TEH : KANINA DISTT. MOHINDERGARH (HARYANA)
Website : www.brschool.edu.in"
734,"Aff. No. :530807
Sch. Code:40781","State : HARYANA
District : MAHENDRAGARH",Senior Secondary Level,"Name : CITY WORLD SCHOOL
Head/Principal Name: VIJAY SINGH","Address : VPO PALRI PANIHARA DISTT MAHINDERGARH
Website : www.cityworldschool.in"
735,"Aff. No. :530792
Sch. Code:41113","State : HARYANA
District : MAHENDRAGARH",Senior Secondary Level,"Name : SHRI KRISHAN PUBLIC SCHOOL,
Head/Principal Name: BEENU TOMAR","Address : VILL. & PO. BOCHARIA TEH. NARNAUL DISTT. MAHINDERGARH
Website : www.skpsbocharia.com"
736,"Aff. No. :530801
Sch. Code:40777","State : HARYANA
District : MAHENDRAGARH",Senior Secondary Level,"Name : MODERN SR. SEC. SCHOOL, BHOJAWAS
Head/Principal Name: ANIL KUMAR","Address : GOMLA ROAD, BHOJAWAS SUB. TEH. KANINA DISTT. MOHINDERGARH (HARYANA)
Website : https://modernschoolbhojawas.in/"
737,"Aff. No. :530933
Sch. Code:40899","State : HARYANA
District : MAHENDRAGARH",Senior Secondary Level,"Name : EURO INTERNATIONAL SCHOOL
Head/Principal Name: SUNIL KUMAR","Address : UNHANI DADRI ROAD KANINA MAHINDERGARH
Website : www.euroschoolkanina.com"
738,"Aff. No. :530924
Sch. Code:40892","State : HARYANA
District : MAHENDRAGARH",Senior Secondary Level,"Name : KOYAL PUBLIC SR SEC SCHOOL
Head/Principal Name: PRAVEEN KUMAR","Address : VILL- KHATOTI KALAN, PO- HAMIDPUR, TEHSIL- NARNAUL, DISTT- MOHINDERGARH
Website : https://www.koyalpublicschool.com/"
739,"Aff. No. :530925
Sch. Code:40893","State : HARYANA
District : MAHENDRAGARH",Senior Secondary Level,"Name : VIDYA BHARTI PUBLIC SCHOOL
Head/Principal Name: AJIT SINGH","Address : KHETRI ROAD, NIZAMPUR, NARNAUL, MAHINDERGARH
Website : www.vidyabharti.co.in"
740,"Aff. No. :531008
Sch. Code:40957","State : HARYANA
District : MAHENDRAGARH",Senior Secondary Level,"Name : SD INTERNATIONAL SR. SEC. SCHOOL
Head/Principal Name: VIRENDER KUMAR","Address : VILL-BHANKHARI, POST-DOCHANA, DIST.-M/GARH HARYANA - 123001
Website :"
741,"Aff. No. :531011
Sch. Code:40969","State : HARYANA
District : MAHENDRAGARH",Senior Secondary Level,"Name : INDUS VALLEY PUBLIC SCHOOL
Head/Principal Name: JAIVEER SINGH YADAV","Address : VILLAGE DONGRAAHIR
Website : www.ivpsdongraahir.com"
742,"Aff. No. :531018
Sch. Code:40965","State : HARYANA
District : MAHENDRAGARH",Senior Secondary Level,"Name : YADUVANSHI SHIKSHA NIKETAN
Head/Principal Name: Sunil Kumar","Address : V.P.O - THANWAS,TEH - NANGAL CHOUDHARY DISTT - MAHENDERGARH (HR)
Website : www.yaduvanshisgroup.edu.in"
743,"Aff. No. :530990
Sch. Code:40943","State : HARYANA
District : MAHENDRAGARH",Senior Secondary Level,"Name : RAO JAI RAM SR. SEC. SCHOOL
Head/Principal Name: NARENDER KUMAR","Address : VPO- BERI MAHINDERGARH,
Website : www.rjr.edu.in"
744,"Aff. No. :531080
Sch. Code:41021","State : HARYANA
District : MAHENDRAGARH",Senior Secondary Level,"Name : MODERN SR. SEC. SCHOOL
Head/Principal Name: Pardeep Kumar","Address : CHAMDHERA ROAD, MAHENDERGARH
Website : https://modernschoolmgarh.com"
745,"Aff. No. :531133
Sch. Code:41095","State : HARYANA
District : MAHENDRAGARH",Senior Secondary Level,"Name : HERITAGE PUBLIC SR. SEC. SCHOOL
Head/Principal Name: KRISHAN SINGH","Address : VILLAGE- MOHANPUR, PO- RASULPUR, BLOCK- KANINA, DISTRICT- MAHINDERGARH, 123027
Website : www.heritageschoolkanina.com"
746,"Aff. No. :531159
Sch. Code:41116","State : HARYANA
District : MAHENDRAGARH",Senior Secondary Level,"Name : GLOBAL PUBLIC SCHOOL, KALWARI
Head/Principal Name: Rahul Yadav","Address : VILL. KALWARI POST- DONGRA AHIR TEHSIL & DISTT. MAHINDERGARH HARYANA-123021
Website : www.gpskalwari.in"
747,"Aff. No. :531185
Sch. Code:41157","State : HARYANA
District : MAHENDRAGARH",Senior Secondary Level,"Name : RAO NET RAM PUBLIC SCHOOL
Head/Principal Name: ANITA DEVI","Address : VILL.SALIMPUR P.O. BOCHARIYA
Website : www.raonetrampublicschool.com"
748,"Aff. No. :531173
Sch. Code:41169","State : HARYANA
District : MAHENDRAGARH",Senior Secondary Level,"Name : MDS PUBLIC SCHOOL
Head/Principal Name: ANURADHA","Address : VPO DIGROTA MAHENDERGARH
Website : www.mdsdigrota.in"
749,"Aff. No. :531223
Sch. Code:41210","State : HARYANA
District : MAHENDRAGARH",Senior Secondary Level,"Name : INDERPRASTHA SENIOR SECONDARY SCHOOL
Head/Principal Name: MAHENDER SINGH","Address : VILL. - CHINALIYA, POST OFF. - NANGAL KATHA
Website : www.inderprasthaschool.com"
750,"Aff. No. :531200
Sch. Code:41183","State : HARYANA
District : MAHENDRAGARH",Senior Secondary Level,"Name : DELHI PUBLIC SCHOOL
Head/Principal Name: RAMESH KUMAR JHA","Address : REWARI ROAD, NEAR SIGRI VILLAGE
Website : www.dpsmahendragarh.com"
751,"Aff. No. :531272
Sch. Code:41250","State : HARYANA
District : MAHENDRAGARH",Senior Secondary Level,"Name : RAJWANSHI SHIKSHA NIKETAN SR.SEC.SCHOOL
Head/Principal Name: Dinesh Kumar","Address : VPO=DOCHANA NARNAUL
Website : www.rajwanshischool.in"
752,"Aff. No. :531256
Sch. Code:41267","State : HARYANA
District : MAHENDRAGARH",Senior Secondary Level,"Name : INTERNATIONAL PRESIDENCY SENIOR SECONDARY SCHOOL
Head/Principal Name: Uttama Kaushik","Address : NEAR RAO TULA RAM CHOWK, DADRI ROAD
Website :"
753,"Aff. No. :531324
Sch. Code:41301","State : HARYANA
District : MAHENDRAGARH",Senior Secondary Level,"Name : OM INTERNATIONAL SENIOR SECONDARY SCHOOL
Head/Principal Name: Vikash Chaudhary","Address : VILL-SHOBHAPUR
Website : www.omschoolnnl.com"
754,"Aff. No. :531303
Sch. Code:41277","State : HARYANA
District : MAHENDRAGARH",Senior Secondary Level,"Name : B.R. GYAN DEEP SENIOR SECONDARY SCHOOL
Head/Principal Name: RAMBIR","Address : VILLAGE - SURJANWAS POST OFFICE - DEWAS
Website : www.brgyandeepschool.edu.in"
755,"Aff. No. :531343
Sch. Code:41316","State : HARYANA
District : MAHENDRAGARH",Senior Secondary Level,"Name : G.R. INTERNATIONAL SCHOOL KANINA
Head/Principal Name: AMITA DOGRA","Address : GAHARA ROAD,KANINA
Website : www.griskanina.edu.in"
756,"Aff. No. :531339
Sch. Code:41319","State : HARYANA
District : MAHENDRAGARH",Senior Secondary Level,"Name : RAO MOOL CHAND SENIOR SECONDARY SCHOOL, KHATOTI KHURD
Head/Principal Name: Manoj Kumar Kaushik","Address : VILL-KHATOTI KHURD, PO-HAMIDPUR
Website : www.rmcsnnl.com"
757,"Aff. No. :531402
Sch. Code:41369","State : HARYANA
District : MAHENDRAGARH",Senior Secondary Level,"Name : B.R. PUBLIC SCHOOL
Head/Principal Name: RAJKUMAR SINGH","Address : MIRZAPUR BACHHOD, MAHINDERGARH
Website : www.brschoolbachhod.in"
758,"Aff. No. :531392
Sch. Code:41362","State : HARYANA
District : MAHENDRAGARH",Senior Secondary Level,"Name : SHRI RAM SHIKSHA NIKETAN SENIOR SECONDARY SCHOOL
Head/Principal Name: AMIT KUMAR","Address : BASS KIRAROD UMRABAD P.O.-DHARSU TEH-NARNAUL DISTT-MAHINDERGARH
Website : www.srsnsnnl.com"
759,"Aff. No. :531396
Sch. Code:41367","State : HARYANA
District : MAHENDRAGARH",Secondary Level,"Name : RAMA & KRISHNA PUBLIC SCHOOL
Head/Principal Name: Anita Gaur","Address : 5 KM STONE ON SINGHANA ROAD, MAKSUSPUR, NARNAUL
Website : http://www.rkpsnarnaul-nic.in"
760,"Aff. No. :531421
Sch. Code:41397","State : HARYANA
District : MAHENDRAGARH",Senior Secondary Level,"Name : SHREE KRISHAN SENIOR SECONDARY SCHOOL BHUNGARKA
Head/Principal Name: VED PAL","Address : VPO-BHUNGARKA
Website : http://www.sksbhungarka.com"
761,"Aff. No. :531439
Sch. Code:41419","State : HARYANA
District : MAHENDRAGARH",Senior Secondary Level,"Name : YADUVANSHI SHIKSHA NIKETAN SATNALI
Head/Principal Name: JITENDER KUMAR","Address : BADHRA ROAD
Website : www.ysnsatnali.yaduvanshigroup.edu.in"
762,"Aff. No. :531429
Sch. Code:41406","State : HARYANA
District : MAHENDRAGARH",Senior Secondary Level,"Name : R.P.S. PUBLIC SR. SEC. SCHOOL,VILL:- SURANA, DISTT. MAHENDERGARH
Head/Principal Name: BABU LAL","Address : VILL- SURANA,P.O- NEERPUR , ON NARNAUL-REWARI ROAD
Website : www.rpsnarnaul.edu.in"
763,"Aff. No. :531515
Sch. Code:41513","State : HARYANA
District : MAHENDRAGARH",Senior Secondary Level,"Name : SHRI KRISHNA SR. SEC .SCHOOL
Head/Principal Name: SUSHILA DEVI","Address : V.P.O.SIHMA,TEH-NARNAUL,DISTT-MAHINDERGARH
Website : www.skssihma.edu.in"
764,"Aff. No. :531503
Sch. Code:41481","State : HARYANA
District : MAHENDRAGARH",Senior Secondary Level,"Name : RPS INTERNATIONAL SCHOOL
Head/Principal Name: JYOTI BHATT","Address : REWARI- MAHENDERGARH ROAD, VILLAGE BHARAF
Website : www.rpskanina.com"
765,"Aff. No. :531499
Sch. Code:41475","State : HARYANA
District : MAHENDRAGARH",Senior Secondary Level,"Name : SHIKSHA BHARTI SR. SEC. SCHOOL NANWAN (MOHINDERGARH)
Head/Principal Name: YOGESH SHARMA","Address : VPO- NANWAN
Website : http://www.shikshabhartinanwan.com/index.html"
766,"Aff. No. :531580
Sch. Code:41576","State : HARYANA
District : MAHENDRAGARH",Secondary Level,"Name : AADHARSHILA VIDYAPEETH
Head/Principal Name: Rajesh Kumar","Address : V.P.O. NARNAUL
Website : aadharshilavidyapeeth001@yahoo.com"
767,"Aff. No. :531555
Sch. Code:41530","State : HARYANA
District : MAHENDRAGARH",Senior Secondary Level,"Name : OASIS INTERNATIONAL SCHOOL
Head/Principal Name: ISHWAR SINGH","Address : KULTAJAPUR ROAD NARNAUL
Website : https://oasisnnl.edu.in/"
768,"Aff. No. :531616
Sch. Code:41590","State : HARYANA
District : MAHENDRAGARH",Senior Secondary Level,"Name : GANPATI SHIKSHA NIKETAN
Head/Principal Name: SATYABIR SINGH","Address : VILL- BHORI, PO- GUJARWAS, TEH- ATELI MANDI, DISTT- MOHINDERGARH HARYANA 123021
Website : http://ganpatischoolbhori.com"
769,"Aff. No. :531754
Sch. Code:41738","State : HARYANA
District : MAHENDRAGARH",Senior Secondary Level,"Name : YADUVANSHI SHIKSHA NIKETAN
Head/Principal Name: Narender Kumar","Address : SECTOR 33, GURUGRAM
Website : www.yaduvanshischoolgurugram33.edu.in"
770,"Aff. No. :531734
Sch. Code:41724","State : HARYANA
District : MAHENDRAGARH",Senior Secondary Level,"Name : GALAXY SENIOR SECONDARY SCHOOL
Head/Principal Name: Karan Singh","Address : VILL BAWANIA (123034)
Website : www.galaxybawania.com"
771,"Aff. No. :531694
Sch. Code:41670","State : HARYANA
District : MAHENDRAGARH",Senior Secondary Level,"Name : P.R.S. INTERNATIONAL SR. SEC. SCHOOL , SATNALI ( MAHENDERGARH )
Head/Principal Name: SANDEEP KUMAR","Address : VPO- SATNALI DISTT- MAHENDERGARH HARYANA.123024
Website : www.prssatnali.com"
772,"Aff. No. :500019
Sch. Code:44541","State : HARYANA
District : MAHENDRAGARH",Senior Secondary Level,"Name : PM SHRI KENDRIYA VIDYALAYA
Head/Principal Name: Omparkash","Address : RAGHUNATHPURA NARNAUL PO HAMIDPUR DT MAHINDERGARH HARYANA
Website : https://raghunathpura.kvs.ac.in"
773,"Aff. No. :520079
Sch. Code:44054","State : HARYANA
District : MAHENDRAGARH",Senior Secondary Level,"Name : GOVERNMENT MODEL SANSKRITI SENIOR SECONDARY SCHOOL ATELI
Head/Principal Name: RAKESH KUMAR","Address : ATELI MANDI
Website : www.gmssssateli.in"
774,"Aff. No. :520074
Sch. Code:44049","State : HARYANA
District : MAHENDRAGARH",Senior Secondary Level,"Name : GOVT MODEL SANSKRITI SR. SEC. SCHOOL NARNAUL
Head/Principal Name: PROMILA YADAV","Address : NEAR MEHTA CHOWK NARNAUL
Website : www.gmssnarnaul.in"
775,"Aff. No. :520086
Sch. Code:44061","State : HARYANA
District : MAHENDRAGARH",Senior Secondary Level,"Name : GOVT. MODEL SANSKRITI SR.SEC. SCHOOL MAHENDERGARH
Head/Principal Name: SUNIL GORA","Address : GMSSSS MAHENDERGARH
Website : www.gmssssmahendergarh.com"
776,"Aff. No. :520087
Sch. Code:44062","State : HARYANA
District : MAHENDRAGARH",Senior Secondary Level,"Name : GOVT. MODEL SANSKRITI SEN.SEC. SCHOOL DHOLERA 3870
Head/Principal Name: ANITA","Address : VPO DHOLERA
Website : www.gmssssdholera.in"
777,"Aff. No. :520133
Sch. Code:44109","State : HARYANA
District : MAHENDRAGARH",Senior Secondary Level,"Name : GOVT. MODEL SANSKRITI SR. SEC. SCHOOL KANINA (3874)
Head/Principal Name: SUNIL KUMAR","Address : VPO- KANINA , WARD NO. 8, OPPOSITE MUNCIPAL COMMITTEE
Website : www.gmsskanina.in"
778,"Aff. No. :520225
Sch. Code:44204","State : HARYANA
District : MAHENDRAGARH",Senior Secondary Level,"Name : GOVERNMENT MODEL SANSKRITI SENIOR SECONDARY SCHOOL AKODA
Head/Principal Name: TUSHMA DEVI","Address : VPO AKODA, TECH- MAHENDERGARH, DISTT- MAHENDERGARH
Website : www.gmsssakoda.in"
779,"Aff. No. :520329
Sch. Code:44312","State : HARYANA
District : MAHENDRAGARH",Senior Secondary Level,"Name : PM SHRI GGSSS NANGAL CHAUDHARY
Head/Principal Name: DINESH KUMAR","Address : NANGAL CHAUDHARY, NEAR ANAAJ MANDI, NANGAL CHAUDHARY
Website : https://pmshriggsssnch.in/"
780,"Aff. No. :520326
Sch. Code:44309","State : HARYANA
District : MAHENDRAGARH",Senior Secondary Level,"Name : PM SHRI GOVT GIRLS SENIOR SEC. SCHOOL ATELI
Head/Principal Name: KUSUM LATA","Address : ATELI, ATELI, NARNAUL
Website : http://pmshriggsssateli.in"
781,"Aff. No. :520327
Sch. Code:44310","State : HARYANA
District : MAHENDRAGARH",Senior Secondary Level,"Name : PM SHRI GSSS NANGAL DARGU
Head/Principal Name: Kailash Yadav","Address : VILL NANGAL DARGU, PO NANGAL DARGU, TEH NANGAL CHOUDHARY
Website : https://pmshrigsssnangaldargu.in"
782,"Aff. No. :520320
Sch. Code:44299","State : HARYANA
District : MAHENDRAGARH",Senior Secondary Level,"Name : PMSHRI GGSSS NARNAUL
Head/Principal Name: SHEELA KUMARI","Address : NEAR WOMEN COLLAGE, BEHROR ROAD, NARNAUL
Website : http://pmshriggsssnarnaul.in"
783,"Aff. No. :520317
Sch. Code:44296","State : HARYANA
District : MAHENDRAGARH",Senior Secondary Level,"Name : PM SHRI GSSS BHOJAWAS
Head/Principal Name: ASHOK KUMAR","Address : VPO- BHOJAWAS, BLOCK- KANINA, TEH -KANINA
Website : www.pmshrigsssbhojawas.com"
784,"Aff. No. :520308
Sch. Code:44287","State : HARYANA
District : MAHENDRAGARH",Senior Secondary Level,"Name : GOVT. MODEL SANSKRITI SR. SEC. SCHOOL DHANAUNDA
Head/Principal Name: SATISH KUMAR","Address : VILL-DHANAUNDA , P.O-DHANAUNDA, BLOCK-KANINA ,MAHENDRAGARH
Website : https://gmssdhanaunda.com"
785,"Aff. No. :520352
Sch. Code:44335","State : HARYANA
District : MAHENDRAGARH",Senior Secondary Level,"Name : GOVERNMENT MODEL SANSKRITI SR. SEC. SCHOOL SIHMA
Head/Principal Name:","Address : VPO - SIHMA, BLOCK -SIHMA, TEH.-NARNAUL
Website : https://gmsssssihma.com"
786,"Aff. No. :520379
Sch. Code:44494","State : HARYANA
District : MAHENDRAGARH",Senior Secondary Level,"Name : PM SHRI GSSS NAYAN
Head/Principal Name: Mahipal Singh","Address : VILLAGE NAYAN, POST THANWAS, NANGAL CHOUDHARY
Website : http://www.pmshrigsssnayan.in"
787,"Aff. No. :520380
Sch. Code:44496","State : HARYANA
District : MAHENDRAGARH",Senior Secondary Level,"Name : PM SHRI GGSSS MAHENDERGARH
Head/Principal Name: JAIPAL SINGH","Address : WARD NO 3 MASANI CHOWK MAHENDERGARH, MAHENDERGARH, MAHENDERGARH
Website : https://pmshriggsssmgarh.com"
788,"Aff. No. :530253
Sch. Code:40236","State : HARYANA
District : MAHENDRAGARH",Senior Secondary Level,"Name : D A V PUBLIC SCHOOL
Head/Principal Name: Mr Rajender Arora","Address : MAHINDERGARH HARYANA
Website :"
789,"Aff. No. :530201
Sch. Code:40197","State : HARYANA
District : MAHENDRAGARH",Senior Secondary Level,"Name : YADUVANSHI SHIKSHA NIKETAN
Head/Principal Name: ARVINDER KUMAR","Address : BUCHOLI ROAD MAHENDERGARH HARYANA
Website : www.yaduvanshischoolmahendergarh.edu.in"
790,"Aff. No. :530157
Sch. Code:40147","State : HARYANA
District : MAHENDRAGARH",Senior Secondary Level,"Name : MANOHAR LAL SARAF DAV PUBLIC SCHOOL
Head/Principal Name: RAJESH KUMAR","Address : KULWAZPUR ROAD NARNAUL DISTT MOHINDERGARH HARYANA
Website : www.mlsdavnarnaul.net.in"
791,"Aff. No. :530490
Sch. Code:40486","State : HARYANA
District : MAHENDRAGARH",Senior Secondary Level,"Name : B J R D PUBLIC SCHOOL
Head/Principal Name: BIRENDER","Address : DADRI NARNAUL ROAD PALI DISTT MOHINDERGARH HARYANA
Website :"
792,"Aff. No. :530480
Sch. Code:40478","State : HARYANA
District : MAHENDRAGARH",Senior Secondary Level,"Name : YADUVANSHI SHIKSHA NIKETAN
Head/Principal Name: Naresh Kumar","Address : REWARI ROAD PATIKARA NARNAUL DISTT MAHINDERGARH HARYANA
Website : https://ysnnnl.yaduvanshigroup.edu.in/"
793,"Aff. No. :530511
Sch. Code:40499","State : HARYANA
District : MAHENDRAGARH",Senior Secondary Level,"Name : SURAJ SENIOR SECONDARY SCHOOL
Head/Principal Name: CHANDRAPAL YADAV","Address : VPO BUCHOLI DISTT MOHINDERGARH HARAYANA
Website : www.surajschoolmahendergarh.com"
794,"Aff. No. :530515
Sch. Code:40506","State : HARYANA
District : MAHENDRAGARH",Senior Secondary Level,"Name : MAHARAJA AGARSAIN SANATAN DHARAM PUBLIC SR SEC SCHOOL
Head/Principal Name: Shankara Charya","Address : NIJAMPUR ROAD NARNAUL DISTT MOHINDERGARH HARYANA
Website : www.masdpublicschool.com"
795,"Aff. No. :530519
Sch. Code:40604","State : HARYANA
District : MAHENDRAGARH",Senior Secondary Level,"Name : AISHLY PUBLIC SCHOOL
Head/Principal Name: BHUPENDER SINGH","Address : V&PO ATELI MANICH DISTT MOHINDERGARH HARYANA
Website : www.aishlypublicschool.com"
796,"Aff. No. :530543
Sch. Code:40530","State : HARYANA
District : MAHENDRAGARH",Senior Secondary Level,"Name : M R PUBLIC SCHOOL
Head/Principal Name: ANITA YADAV","Address : VILL MITERPURA PO DUBLANA NARNAUL DISTT MAHINDERGARH (HARYANA)
Website : www.mrpsmitterpura.in"
797,"Aff. No. :530433
Sch. Code:40418","State : HARYANA
District : MAHENDRAGARH",Senior Secondary Level,"Name : SADA SUKH MEMORIAL PUBLIC SCHOOL
Head/Principal Name: SUBHASH CHAND","Address : V&PO KANINA DISTT MOHINDERGARH HARYANA
Website : www.sadasukh.com"
798,"Aff. No. :530429
Sch. Code:40443","State : HARYANA
District : MAHENDRAGARH",Senior Secondary Level,"Name : SHARBATI PUBLIC SCHOOL
Head/Principal Name: BIKRAM SINGH","Address : GAUSHALA ROAD MOHINDERGARH HARYANA
Website : https://sharbatischool.com/"
799,"Aff. No. :530416
Sch. Code:40404","State : HARYANA
District : MAHENDRAGARH",Senior Secondary Level,"Name : SANADAN VIDYA NIKETAN PUBLIC SCHOOL
Head/Principal Name: VISHAL YADAV","Address : V & PO NEERPUR TEH NARNAUL DISTT MAHENDERGARH HARYANA
Website : https://www.svnpublicschool.co"
800,"Aff. No. :530271
Sch. Code:40274","State : HARYANA
District : MAHENDRAGARH",Senior Secondary Level,"Name : MATA MARIAM JAN SEVA VIDYALAYA
Head/Principal Name: FR. JOHN MARCUS FERNANDES","Address : POST BOX NO 6 NARNAUL HARYANA
Website : www.mmjsvnarnaul.com"
801,"Aff. No. :530286
Sch. Code:40257","State : HARYANA
District : MAHENDRAGARH",Senior Secondary Level,"Name : RAO PAHLAD SINGH SENIOR SECONDARY SCHOOL
Head/Principal Name: Kishor Tiwari","Address : KHATOD MOHINDERGARH HARYANA-123029
Website : www.rpsmgarh.edu.in"
802,"Aff. No. :530585
Sch. Code:40569","State : HARYANA
District : MAHENDRAGARH",Senior Secondary Level,"Name : SHRI KRISHNA SR SEC SCHOOL
Head/Principal Name: RAVI PRAKASH","Address : NEAR RAO TULA RAM CHOWK MAHENDER GARH HARYANA
Website : https://sks.edu.in/"
803,"Aff. No. :530548
Sch. Code:40534","State : HARYANA
District : MAHENDRAGARH",Senior Secondary Level,"Name : RAO RAM CHANDER MEMORIAL PUBLIC SCHOOL
Head/Principal Name: Hari Parkash","Address : SEHORE- CHHITHROLI ROAD KANINA, DISTT MOHINDERGARH, HARYANA-123027
Website : https://www.rrcmschool.com/"
804,"Aff. No. :530555
Sch. Code:40589","State : HARYANA
District : MAHENDRAGARH",Senior Secondary Level,"Name : G L PUBLIC SCHOOL
Head/Principal Name: Dr. Rajender Kumar Sharma","Address : KANINA, DISTT MOHINDERGARH, HARYANA
Website : www.glpskanina.com"
805,"Aff. No. :530562
Sch. Code:40547","State : HARYANA
District : MAHENDRAGARH",Senior Secondary Level,"Name : HAPPY EVERGREEN SENIOR SECONDARY SCHOOL
Head/Principal Name: JAGBIR SINGH KUNTAL","Address : DULANA ROAD, MOHINDERGARH, HARYANA
Website : www.happyevergreen.in"
806,"Aff. No. :530591
Sch. Code:40619","State : HARYANA
District : MAHENDRAGARH",Senior Secondary Level,"Name : EUREKA PUBLIC SCHOOL
Head/Principal Name: MADHU KAUSHIK","Address : NEAR KADIAWALA HANUMAN MANDIR BEHROR ROAD, NARNAUL MAHINDERGARH HARYANA
Website : www.eurekapublicschool.in"
807,"Aff. No. :530600
Sch. Code:40581","State : HARYANA
District : MAHENDRAGARH",Senior Secondary Level,"Name : LORD KRISHNA PUBLIC SCHOOL
Head/Principal Name: SANDEEP","Address : VILL SIHMA, NARNAUL
Website : www.lkpssihma.in"
808,"Aff. No. :530628
Sch. Code:40608","State : HARYANA
District : MAHENDRAGARH",Senior Secondary Level,"Name : BHARTI PUBLIC SENIOR SECONDARY SCHOOL
Head/Principal Name: UDAI BHAN RAO","Address : KULTAJ PUR ROAD, NARNAUL, DISTT. MAHINDERGARH HARYANA
Website :"
809,"Aff. No. :530646
Sch. Code:40627","State : HARYANA
District : MAHENDRAGARH",Senior Secondary Level,"Name : HARYANA PUBLIC SCHOOL
Head/Principal Name: SUNIL KUMAR","Address : NANGAL CHOUDHARY ROAD, DISTT MAHINDERGARH, HARYANA
Website : www.hpsnarnaul.co.in"
810,"Aff. No. :530664
Sch. Code:40641","State : HARYANA
District : MAHENDRAGARH",Senior Secondary Level,"Name : C. L. PUBLIC SCHOOL
Head/Principal Name: RAVINDER SINGH","Address : NEAR CANAL COLONY SINGHANA, DISTT NARNAUL, HARYANA
Website : www.clpublicschool.com"
811,"Aff. No. :530720
Sch. Code:40701","State : HARYANA
District : MAHENDRAGARH",Senior Secondary Level,"Name : KAPIL VIDYA MANDIR SENIOUR SECONDARY SCHOOL
Head/Principal Name: KARAN SINGH","Address : KAPIL VIDYA MANDIR SR. SEC. SCHOOL
Website : http://kapilinstitution.org"
812,"Aff. No. :530765
Sch. Code:40732","State : HARYANA
District : MAHENDRAGARH",Senior Secondary Level,"Name : NALANDA VIDYA NIKETAN
Head/Principal Name: PRAVINDER SINGH","Address : V.&P.O. DALANWAS
Website : www.nalandainstitution.com"
813,"Aff. No. :531933
Sch. Code:41937","State : HARYANA
District : MAHENDRAGARH",Secondary Level,"Name : RAJ PUBLIC SCHOOL
Head/Principal Name: MUKESH KUMAR","Address : VILL BALAHA KALAN POST KRISHAN NAGAR
Website :"
814,"Aff. No. :532000
Sch. Code:42005","State : HARYANA
District : MAHENDRAGARH",Senior Secondary Level,"Name : ARAVALI INTERNATIONAL SCHOOL
Head/Principal Name: SHAKTI SINGH","Address : MAHENDERGARH, MAHENDERGARH
Website : www.aravaliinternational.com"
815,"Aff. No. :531971
Sch. Code:41973","State : HARYANA
District : MAHENDRAGARH",Senior Secondary Level,"Name : RKY INTERNATIONAL SCHOOL
Head/Principal Name: RAJESH KUMAR","Address : PO. KOTIA, TEH. KANINA
Website : www.rkyis.com"
816,"Aff. No. :532145
Sch. Code:42180","State : HARYANA
District : MAHENDRAGARH",Senior Secondary Level,"Name : SURAJ SCHOOL
Head/Principal Name: RITTU NARWAL","Address : VILL. LEHRODA, PO. DHARSON, TEH. NARNAUL
Website : www.surajschoolnarnaul.com"
817,"Aff. No. :532090
Sch. Code:42111","State : HARYANA
District : MAHENDRAGARH",Senior Secondary Level,"Name : NAV GYAN JYOTI PUBLIC SCHOOL
Head/Principal Name: AKASH","Address : TEHSIL NARNAUL, MAHENDRAGARH
Website : www.ngjpsmandi.com"
818,"Aff. No. :532059
Sch. Code:42069","State : HARYANA
District : MAHENDRAGARH",Secondary Level,"Name : D.A.V. POLICE PUBLIC SCHOOL POLICE LINES NARNAUL
Head/Principal Name: MANJU MALHOTRA","Address : NARNAUL, MAHENDER GARH
Website : www.davppsnnl.in"
819,"Aff. No. :532157
Sch. Code:42193","State : HARYANA
District : MAHENDRAGARH",Senior Secondary Level,"Name : M R PUBLIC SCHOOL
Head/Principal Name: MANOJ KUMAR","Address : TAJPUR MOD ATELI, ATELI, DISTRICT MAHENDRAGARH HARYANA
Website : www.mrpsateli.in"
820,"Aff. No. :532167
Sch. Code:42204","State : HARYANA
District : MAHENDRAGARH",Senior Secondary Level,"Name : VIJAY INTERNATIONAL SCHOOL
Head/Principal Name: NATHU SINGH","Address : BALANA, MAHENDERGARH, MAHENDERGARH
Website : www.vijayinternationalschool.com"
821,"Aff. No. :532171
Sch. Code:42208","State : HARYANA
District : MAHENDRAGARH",Senior Secondary Level,"Name : SHREE RAM SR. SEC. SCHOOL
Head/Principal Name: DHARMVIR SINGH","Address : VPO-NANGAL CHAUDHARY, TEH-NANGAL CHAUDHARY, DISTT-MAHENDRAGARH
Website : www.shreeramschoolnch.in"
822,"Aff. No. :532212
Sch. Code:42252","State : HARYANA
District : MAHENDRAGARH",Senior Secondary Level,"Name : SUNRISE SR SEC SCHOOL SALOONI
Head/Principal Name: RAVI BALA","Address : VILLAGE SALOONI POST BARKODA , TEH NARNAUL DISTT MAHENDERGARH, HARYANA 123001
Website : www.sunrisesalooni.com"
823,"Aff. No. :532239
Sch. Code:42282","State : HARYANA
District : MAHENDRAGARH",Senior Secondary Level,"Name : RAO SULTAN SINGH MEMORIAL SR SEC SCHOOL NIMBHERA
Head/Principal Name: Raj Kumar","Address : VILLAGE - NIMBHERA, POST OFFICE - BUDEEN, DISTRICT - MAHENDERGARH
Website : https://raosultansinghschool.com/"
824,"Aff. No. :532270
Sch. Code:42324","State : HARYANA
District : MAHENDRAGARH",Senior Secondary Level,"Name : GYANKOSH A GLOBAL SCHOOL
Head/Principal Name: RAM NIWAS","Address : BABA SADH ROAD, KHARKHARA, AKODA
Website : www.gyankoshschool.org"
825,"Aff. No. :532275
Sch. Code:42330","State : HARYANA
District : MAHENDRAGARH",Senior Secondary Level,"Name : BALAJI SR. SEC. SCHOOL
Head/Principal Name: HAWA SINGH","Address : BHUNGARKA ROAD, AKBARPUR, TEHSIL - NANGAL CHOUDHARY
Website : https://www.balajischoolbhungarka.in"
826,"Aff. No. :532303
Sch. Code:42361","State : HARYANA
District : MAHENDRAGARH",Senior Secondary Level,"Name : CVS INTERNATIONAL SCHOOL
Head/Principal Name: SHAKUNTLA","Address : VPO. KAKRALA, TEHSIL KANINA, KANINA TO RAMBAS ROAD
Website : http://WWW.CVSKAKRALA.COM"
827,"Aff. No. :532305
Sch. Code:42363","State : HARYANA
District : MAHENDRAGARH",Senior Secondary Level,"Name : THE VEDANATA INTERNATIONAL SCHOOL
Head/Principal Name: Maya","Address : VILLAGE GULAWLA, TEHSIL MAHENDRAGARH, NARNAUL-MAHENDRAGARH ROAD
Website : https://thevedantainternational.com/"
828,"Aff. No. :540005
Sch. Code:44506","State : HARYANA
District : MAHENDRAGARH",Senior Secondary Level,"Name : JAWAHAR NAVODAYA VIDYALYA
Head/Principal Name: BRIJMOHAN LAL RAWAT","Address : KAREERA P O KOTIA DT. MOHINDERGARH HARYANA
Website : https://navodaya.gov.in/nvs/nvs-school/MAHENDRAGAR"
829,"Aff. No. :540015
Sch. Code:44501","State : HARYANA
District : PANIPAT",Senior Secondary Level,"Name : PM SHRI SCHOOL JAWAHAR NAVODAYA VIDYALAYA
Head/Principal Name: RAJESH KUMAR","Address : NAULTHA DISTT PANIPAT HARYANA
Website : www.navodaya.gov.in/nvs/nvs-school/PANIPAT/en/home"
830,"Aff. No. :532321
Sch. Code:42382","State : HARYANA
District : PANIPAT",Middle Class,"Name : THE HORIZON INTERNATIONAL SCHOOL
Head/Principal Name: POONAM RANI","Address : VPO ATTA, SAMALKHA , PANIPAT
Website : https://thehorizonschoolatta.com/"
831,"Aff. No. :532324
Sch. Code:42386","State : HARYANA
District : PANIPAT",Senior Secondary Level,"Name : LAKSHAY INTERNATIONAL SCHOOL
Head/Principal Name: GEETA","Address : GOVT. ITI, NAULTHA , PANIPAT
Website : www.lis"
832,"Aff. No. :532276
Sch. Code:42331","State : HARYANA
District : PANIPAT",Senior Secondary Level,"Name : KARAN PUBLIC SCHOOL
Head/Principal Name: SHALU","Address : SECTOR 13-17, PANIPAT, PANIPAT
Website : http://www.karanpublicschool.com"
833,"Aff. No. :532228
Sch. Code:42271","State : HARYANA
District : PANIPAT",Senior Secondary Level,"Name : BETHANY CONVENT SCHOOL
Head/Principal Name: SR DR REENA DSOUZA","Address : HATHWALA ROAD, NEAR CHANDAN NURSERY, SAMALKHA
Website : http://bcssamalkha.com"
834,"Aff. No. :532206
Sch. Code:42245","State : HARYANA
District : PANIPAT",Senior Secondary Level,"Name : SWASTIK BAL VIKAS SR. SEC. SCHOOL
Head/Principal Name: ANITA MANN","Address : BABAIL ROAD, PANIPAT, HARYANA
Website : https://www.swastikeducation.com/cbse-information"
835,"Aff. No. :532191
Sch. Code:42229","State : HARYANA
District : PANIPAT",Secondary Level,"Name : D.B.M. PUBLIC SCHOOL
Head/Principal Name: JAGJEET SINGH MALIK","Address : VILL- MADINA, TEH- GOHANA, DISTT- SONIPAT
Website : www.dbmpublicschool.com"
836,"Aff. No. :532186
Sch. Code:42224","State : HARYANA
District : PANIPAT",Secondary Level,"Name : SMALL WONDERS WORLD SCHOOL
Head/Principal Name: Sheena Dhingra","Address : PS1 BLOCK B, TDI CITY, SECTOR 39
Website : www.smallwonders.edu.in"
837,"Aff. No. :532179
Sch. Code:42216","State : HARYANA
District : PANIPAT",Senior Secondary Level,"Name : THE ABHINAV SCHOOL
Head/Principal Name: Anju Kwatra","Address : SHIV NAGAR G T ROAD PANIPAT, SHIV NAGAR G T ROAD PANIPAT, SHIV NAGAR G T ROAD PANIPAT
Website : www.theabhinavschool.com"
838,"Aff. No. :532161
Sch. Code:42197","State : HARYANA
District : PANIPAT",Senior Secondary Level,"Name : JAY INTERNATIONAL SCHOOL
Head/Principal Name: SUDESH SHARMA","Address : VPO JONDHAN KALAN, ISHRANA, PANIPAT
Website : https://www.jayinternationalschool.com"
839,"Aff. No. :532066
Sch. Code:42078","State : HARYANA
District : PANIPAT",Senior Secondary Level,"Name : ARYA SENIOR SECONDARY SCHOOL
Head/Principal Name: MANISH","Address : PANIPAT, PANIPAT
Website : http://www.aryaseniorsecondaryschool.org"
840,"Aff. No. :532099
Sch. Code:42123","State : HARYANA
District : PANIPAT",Senior Secondary Level,"Name : HARE KRISHNA INTERNATIONAL SCHOOL
Head/Principal Name: MANPREET KAUR","Address : VPO BAPOLI, PANIPAT, PANIPAT
Website : https://hkisbapoli.com"
841,"Aff. No. :532153
Sch. Code:42188","State : HARYANA
District : PANIPAT",Secondary Level,"Name : PIET SANSKRITI SCHOOL
Head/Principal Name: KALPANA LATHAR","Address : PLOT NO EPNS 01, BLOCK E ROAD ANSAL SUSHANT CITY , SECTOR-19 PANIPAT
Website : https://pietsanskritiansals.com"
842,"Aff. No. :532134
Sch. Code:42166","State : HARYANA
District : PANIPAT",Senior Secondary Level,"Name : S.D. INTERNATIONAL SCHOOL
Head/Principal Name: Ruchi Sharma","Address : SECTOR- 06, U/E, SECTOR 6 URBAN ESTATE, PANIPAT
Website : https://sdischool.co.in/"
843,"Aff. No. :532112
Sch. Code:42139","State : HARYANA
District : PANIPAT",Senior Secondary Level,"Name : THE EXCEL INTERNATIONAL SCHOOL
Head/Principal Name: HARMEET KAUR","Address : 95/2 VILLAGE-DAHAR, 95/2 VILLAGE-DAHAR, 95/2 VILLAGE-DAHAR
Website : www.theexcelinternationalschool.com"
844,"Aff. No. :531936
Sch. Code:41942","State : HARYANA
District : PANIPAT",Senior Secondary Level,"Name : SAFFRON GLOBAL SCHOOL
Head/Principal Name: CHARAN SINGH","Address : VILL. GARHI KEWAL, PO. JOURASI, TEH. SAMALKHA
Website : www.saffronsmk.com"
845,"Aff. No. :531969
Sch. Code:41971","State : HARYANA
District : PANIPAT",Senior Secondary Level,"Name : S.D.VIDYA MANDIR-CITY PANIPAT
Head/Principal Name: JAISHRI GARG","Address : PANIPAT, PANIPAT
Website : www.sdvmcityschool.org"
846,"Aff. No. :531976
Sch. Code:41980","State : HARYANA
District : PANIPAT",Senior Secondary Level,"Name : ARYAN PUBLIC SENIOR SECONDARY SCHOOL
Head/Principal Name: SUKRAMPAL","Address : TEHSIL - ISRANA, PANIPAT
Website : www.apskurana.in"
847,"Aff. No. :531987
Sch. Code:41992","State : HARYANA
District : PANIPAT",Senior Secondary Level,"Name : LITTLE ANGELS PUBLIC SCHOOL
Head/Principal Name: RENU KAPOOR","Address : NAWADA ROAD SANOLI KHURD, PANIPAT
Website : https://littleangelspublicschool.in/"
848,"Aff. No. :531988
Sch. Code:41993","State : HARYANA
District : PANIPAT",Senior Secondary Level,"Name : D R MEMORIAL PUBLIC SCHOOL
Head/Principal Name: SUDESH SHARMA","Address : PANIPAT, PANIPAT
Website : http://www.drmfamily.com"
849,"Aff. No. :532016
Sch. Code:42022","State : HARYANA
District : PANIPAT",Senior Secondary Level,"Name : SANSKAR VALLEY PUBLIC SCHOOL
Head/Principal Name: PUJA BHEL","Address : TEHSIL BAPOLI, DISTT. PANIPAT
Website : https://sanskarvalleypublicschool.com"
850,"Aff. No. :532027
Sch. Code:42034","State : HARYANA
District : PANIPAT",Senior Secondary Level,"Name : AKSHAJ INTERNATIONAL SCHOOL
Head/Principal Name: UPASANA TYAGI","Address : VILLAGE BHRAMPUR, BAPOLI
Website : www.akshajinternationalschool.com"
851,"Aff. No. :531895
Sch. Code:41898","State : HARYANA
District : PANIPAT",Senior Secondary Level,"Name : NEW MODERN SENIOR SECONDARY SCHOOL
Head/Principal Name: RITA","Address : NH-1,NEAR PANIPAT TOLL PLAZA,BABAR PUR MANDI, PANIPAT
Website : www.vnmschool.com"
852,"Aff. No. :531840
Sch. Code:41833","State : HARYANA
District : PANIPAT",Secondary Level,"Name : PIET SANSKRITI SCHOOL
Head/Principal Name: VAISHALI BHATIA ARORA","Address : SECTOR-25, HUDA PANIPAT-132103
Website : https://pietsanskriti.com/"
853,"Aff. No. :531864
Sch. Code:41862","State : HARYANA
District : PANIPAT",Senior Secondary Level,"Name : THE GREEN HERITAGE HIGH SCHOOL
Head/Principal Name: MANJU BALA","Address : NARAYANA ROAD SAMALKHA, DISTT. PANIPAT
Website : www.thegreenheritageschool.com"
854,"Aff. No. :531825
Sch. Code:41817","State : HARYANA
District : PANIPAT",Secondary Level,"Name : MAA VAISHNO INTERNATIONALHIGH SCHOOL
Head/Principal Name: SAPNA","Address : RAIR KALAN MUNAK PUL PANIPAT
Website : www.mvis.in"
855,"Aff. No. :530669
Sch. Code:40648","State : HARYANA
District : PANIPAT",Senior Secondary Level,"Name : RISHIKUL SENIOR SECONDARY SCHOOL
Head/Principal Name: JASMER SINGH","Address : V.P.O. KURANA, TEHSIL ISRANA, DISTT. PANIPAT, HARYANA
Website : www.rishikulkurana.com"
856,"Aff. No. :530703
Sch. Code:40688","State : HARYANA
District : PANIPAT",Senior Secondary Level,"Name : HARE KRISHNA INTERNATIONAL SENIOR SECONDARY SCHOOL
Head/Principal Name: PUSHP KUMARI","Address : GARHI CHAJJU ROAD, SAMALKHA
Website : www.hkissamalkha.com"
857,"Aff. No. :530675
Sch. Code:40652","State : HARYANA
District : PANIPAT",Senior Secondary Level,"Name : CHANDAN BAL VIKAS PUBLIC SCHOOL
Head/Principal Name: ANIL KUMAR","Address : VPO ATTA, DISTT PANIPAT, HARYANA
Website : www.chandanbalvikas.com"
858,"Aff. No. :530642
Sch. Code:40626","State : HARYANA
District : PANIPAT",Senior Secondary Level,"Name : BAL VIKAS PROGRESSIVE SCHOOL
Head/Principal Name: ANUPAMA SHAH","Address : VILLAGE JATTAL, DISTT PANIPAT, HARYANA
Website : www.balvikasprogressive.com"
859,"Aff. No. :530559
Sch. Code:40683","State : HARYANA
District : PANIPAT",Senior Secondary Level,"Name : HIMGIRI PUBLIC SCHOOL
Head/Principal Name: PRAMOD RATHI","Address : BEHOLI ROAD SAMALKHA DISTT PANIPAT HARYANA
Website : www.hpssamalkha.com"
860,"Aff. No. :530556
Sch. Code:40545","State : HARYANA
District : PANIPAT",Senior Secondary Level,"Name : ARYA BAL BHARTI PUBLIC SCHOOL
Head/Principal Name: ASHOK KUMAR","Address : G T ROAD PANIPAT HARYANA
Website : www.aryabalbharti.com"
861,"Aff. No. :530551
Sch. Code:40541","State : HARYANA
District : PANIPAT",Senior Secondary Level,"Name : SIR CHHOTU RAM HERITAGE SCHOOL
Head/Principal Name: Sunita Mann","Address : NFL, NAGALKHERI, PANIPAT
Website : www.scrheritage.com"
862,"Aff. No. :530290
Sch. Code:40272","State : HARYANA
District : PANIPAT",Senior Secondary Level,"Name : D A V CENTENARY PUBLIC SCHOOL
Head/Principal Name: RINKU VERMA","Address : SAMALKHA MANDI DISTT PANIPAT HARYANA
Website : www.davsamalkha.com"
863,"Aff. No. :530298
Sch. Code:40297","State : HARYANA
District : PANIPAT",Senior Secondary Level,"Name : ARYA GIRLS PUBLIC SCHOOL
Head/Principal Name: MEENAKSHI ARORA","Address : BEHIND ARYA COLLEGE, ADJACENT BISHA SWAROOP COLONY, G T ROAD PANIPAT HARYANA
Website : www.aryagirlspanipat.com"
864,"Aff. No. :530296
Sch. Code:40281","State : HARYANA
District : PANIPAT",Senior Secondary Level,"Name : DELHI PUBLIC SCHOOL
Head/Principal Name: SURENDER PAL SACHDEVA","Address : REFINERY TOWN SHIP VILLAGE DADLANA PANIPAT HARYANA
Website : www.dpspr.edu.in"
865,"Aff. No. :530381
Sch. Code:40361","State : HARYANA
District : PANIPAT",Senior Secondary Level,"Name : L C R T PUBLIC SCHOOL
Head/Principal Name: LALITA SHARMA","Address : GOHANA ROAD PANIPAT HARYANA
Website : www.lcrteducation.com"
866,"Aff. No. :530388
Sch. Code:40368","State : HARYANA
District : PANIPAT",Senior Secondary Level,"Name : GURU GOBIND SINGH PUBLIC SCHOOL
Head/Principal Name: MAMTA NANDA","Address : 6TH MILE STONE ASSANDH ROAD VPO KHUKRANA DISTT PANIPAT HARYANA
Website : www.ggspublicschool.in"
867,"Aff. No. :530347
Sch. Code:40354","State : HARYANA
District : PANIPAT",Senior Secondary Level,"Name : GEETA VIDYA MANDIR PUBLIC SCHOOL
Head/Principal Name: SHAIFALIKA","Address : NEAR NHBC VILL NIMBARI PANIPAT HARYANA
Website : www.gvmpanipat.com"
868,"Aff. No. :530464
Sch. Code:40454","State : HARYANA
District : PANIPAT",Senior Secondary Level,"Name : DELHI PUBLIC SCHOOL
Head/Principal Name: SONIA TOMAR","Address : 77 MILE STONE G T ROAD VILL KARHANS PANIPAT HARYANA
Website : www.dpspanipatcity.in"
869,"Aff. No. :530509
Sch. Code:40502","State : HARYANA
District : PANIPAT",Senior Secondary Level,"Name : MAHARAJA AGRASEN PUBLIC SCHOOL
Head/Principal Name: ALKA SHARMA OFFICIATE","Address : NEW GRAM MARKET SAMALKHA DISTT PANIPAT HARYANA
Website : http://mapssamalkha.in"
870,"Aff. No. :530155
Sch. Code:40143","State : HARYANA
District : PANIPAT",Senior Secondary Level,"Name : BAL VIKAS SCHOOL
Head/Principal Name: KANTA KHURANA","Address : 24 GURU TEG BAHADUR COLONY MODEL TOWN PANIPAT HARYANA
Website : www.balvikasschoolpanipat.edu.in"
871,"Aff. No. :530179
Sch. Code:40170","State : HARYANA
District : PANIPAT",Senior Secondary Level,"Name : DELHI WORLD PUBLIC SCHOOL
Head/Principal Name: Amita Kochhar","Address : P.O. SAMALAKHA DISTT PANIPAT HARYANA
Website : www.dwpspanipat.com"
872,"Aff. No. :530185
Sch. Code:40178","State : HARYANA
District : PANIPAT",Senior Secondary Level,"Name : D A V CENTENARY PUBLIC SCHOOL
Head/Principal Name: SUKHPREET SINGH","Address : SECTOR XI-XII PHASE II HUDA PANIPAT HARYANA
Website : http://davhudapnp.com/"
873,"Aff. No. :530195
Sch. Code:40200","State : HARYANA
District : PANIPAT",Senior Secondary Level,"Name : S D VIDYA MANDIR
Head/Principal Name: DR. ANU GUPTA","Address : SECTOR-11-12, HUDA, PANIPAT, HARYANA
Website : www.sdvmschool.com"
874,"Aff. No. :530228
Sch. Code:40194","State : HARYANA
District : PANIPAT",Senior Secondary Level,"Name : ST. MARY'S CONVENT SCHOOL
Head/Principal Name: DEEPA SEBASTIAN","Address : ASSANDH ROAD PANIPAT HARYANA
Website : www.stmaryspanipat.com"
875,"Aff. No. :530238
Sch. Code:40224","State : HARYANA
District : PANIPAT",Senior Secondary Level,"Name : I B (L) PUBLIC SCHOOL
Head/Principal Name: AMITA CHOPRA","Address : I B SCHOOL LANE G T ROAD PANIPAT HARYANA
Website : www.iblpspnp.com"
876,"Aff. No. :530027
Sch. Code:40047","State : HARYANA
District : PANIPAT",Senior Secondary Level,"Name : DR M K K ARYA MODEL SCHOOL
Head/Principal Name: MANOJ SARIN","Address : MODEL TOWN PANIPAT HARYANA
Website : www.mkkschool.com"
877,"Aff. No. :530070
Sch. Code:40076","State : HARYANA
District : PANIPAT",Senior Secondary Level,"Name : D A V PUBLIC SCHOOL
Head/Principal Name: BHAVYA SHARMA","Address : THERMAL POWER STATION PANIPAT HARYANA
Website : www.davpanipat.in"
878,"Aff. No. :530034
Sch. Code:40049","State : HARYANA
District : PANIPAT",Senior Secondary Level,"Name : MASD PUBLIC SCHOOL
Head/Principal Name: BABITA BHARADWAJ","Address : P O BOX 66 PANIPAT HARYANA
Website : www.masdschool.com"
879,"Aff. No. :530081
Sch. Code:40068","State : HARYANA
District : PANIPAT",Senior Secondary Level,"Name : NALWA LOVELY PUBLIC SCHOOL
Head/Principal Name: SATPAL SINGH","Address : UJHA P.O.BOX-37 PANIPAT HARYANA
Website : www.nalwaschool.org"
880,"Aff. No. :520318
Sch. Code:44297","State : HARYANA
District : PANIPAT",Senior Secondary Level,"Name : PM SHRI GSSS PASSINA KHURD
Head/Principal Name: KRISHAN DUTT","Address : VILLAGE PASSINA KHURD, BLOCK BAPOLI, PANIPAT
Website : https://pmshrigssspassinakhurd.in"
881,"Aff. No. :520298
Sch. Code:44277","State : HARYANA
District : PANIPAT",Senior Secondary Level,"Name : PM SHRI GSSS CHHAJPUR
Head/Principal Name: RAJEEV RUSTAGI","Address : VILLAGE CHHAJPUR, PO CHHHAJPUR, TEH. BAPOLI
Website : https://www.pmshrigssschhajpurkalan.in/"
882,"Aff. No. :520291
Sch. Code:44270","State : HARYANA
District : PANIPAT",Senior Secondary Level,"Name : PM SHRI G.G.S.S.S. URLANA KALAN
Head/Principal Name: SURENDER KUMAR","Address : NEAR PHC URLANA KALAN, VPO URLANA KALAN, BLOCK MADLAUDA
Website : www.pmshriuk.in"
883,"Aff. No. :520293
Sch. Code:44272","State : HARYANA
District : PANIPAT",Senior Secondary Level,"Name : PM SHRI GOVT SR SEC SCHOOL DAHAR
Head/Principal Name: RAJESH KUMAR","Address : VPO DAHAR, BLOCK-ISRANA, PANIPAT
Website : https://pmshrigsssdahar.com/"
884,"Aff. No. :520322
Sch. Code:44305","State : HARYANA
District : PANIPAT",Senior Secondary Level,"Name : PM SHRI GOVERNMENT SENIOR SECONDARY SCHOOL PAWTI
Head/Principal Name: SUBE SINGH","Address : VILLAGE PAWTI, BLOCK SAMALKHA, DISTRICT PANIPAT
Website : www.pmshrigssspahwati.in"
885,"Aff. No. :520150
Sch. Code:44128","State : HARYANA
District : PANIPAT",Senior Secondary Level,"Name : GOVERNMENT MODEL SANSKRITI SENIOR SECONDARY SCHOOL GOELA KHURD
Head/Principal Name: ARTI SALUJA","Address : VILLAGE GOELA KHURD, P.O GOELA KALAN, TEHSIL BAPOLI, DISTRICT PANIPAT (HARYANA)
Website : www.gmssssgkpnp.com"
886,"Aff. No. :520125
Sch. Code:44101","State : HARYANA
District : PANIPAT",Senior Secondary Level,"Name : GOVT. MODEL SANSKRITI SR. SEC. SCHOOL G.T. ROAD PANIPAT (2130)
Head/Principal Name: SANDEEP SHARMA","Address : GMSSSS G.T. ROAD PANIPAT (HARYANA), NEAR RED LIGHT AND BUS STAND. PIN CODE-132103
Website : https://gmssssgtrpnp.com/"
887,"Aff. No. :520126
Sch. Code:44102","State : HARYANA
District : PANIPAT",Senior Secondary Level,"Name : GMSSSS MADLAUDA (PANIPAT)
Head/Principal Name: SUSHMA RAWAL","Address : NEAR ANAJMANDI VPO MADLAUDA , TEHSIL MAFLAUDA, DISTT. PANIPAT STATE HARYANA PIN 132113
Website : http:gmssssmldpnp.com"
888,"Aff. No. :520117
Sch. Code:44093","State : HARYANA
District : PANIPAT",Senior Secondary Level,"Name : GOVERNMENT MODEL SANSKRITI SENIOR SECONDARY SCHOOL ISRANA
Head/Principal Name: ASHOK KUMAR","Address : V P O ISRANA DISTT PANIPAT
Website : http://gmssssisrana.in/"
889,"Aff. No. :520102
Sch. Code:44078","State : HARYANA
District : PANIPAT",Senior Secondary Level,"Name : GOVERNMENT MODEL SANSKRITI SENIOR SECONDARY SCHOOL CHULKANA
Head/Principal Name: JUGAL KISHORE","Address : GMSSSS CHULKANA BLOCK SANALKHA DISTRICT PANIPAT
Website : www.GMSSSSCHULKANA.IN"
890,"Aff. No. :500101
Sch. Code:44602","State : HARYANA
District : PANIPAT",Senior Secondary Level,"Name : PMSHRI KENDRIYA VIDYALAYA BEHOLI SAMALKHA
Head/Principal Name: BHARTI KUMARI","Address : KENDRIYA VIDYALAYA BEHOLI SAMALKHA , BEHOLI BAPOLI ROAD VPO BEHOLI , TEHSIL SAMALKHA
Website : https://samalkhabeholi.kvs.ac.in/"
891,"Aff. No. :520029
Sch. Code:44120","State : HARYANA
District : PANIPAT",Senior Secondary Level,"Name : GOVERNMENT MODEL SANSKRITI SENIOR SECONDARY SCHOOL, RAJAKHERI
Head/Principal Name: SUMITRA","Address : VPO RAJAKHERI, DISTRICT PANIPAT, HARYANA
Website : www.gmssssrk.com"
892,"Aff. No. :531695
Sch. Code:41674","State : HARYANA
District : PANIPAT",Senior Secondary Level,"Name : GVM INTERNATIONAL SCHOOL
Head/Principal Name: ABHILASHA KADYAN","Address : VILLAGE BAPAULI, TEH. BAPAULI, DISTT. PANIPAT-132104
Website : https://gvminternationalschool.in/"
893,"Aff. No. :531749
Sch. Code:41729","State : HARYANA
District : PANIPAT",Senior Secondary Level,"Name : LORD KRISHNA PUBLIC SCHOOL
Head/Principal Name: JASBIR SINGH","Address : PAWTI ROAD SAMALKHA PIN 132101
Website : https://lordkrishnapublicschoolsmk.in/"
894,"Aff. No. :531669
Sch. Code:41648","State : HARYANA
District : PANIPAT",Senior Secondary Level,"Name : SAFIDON GREEN VALLEY PUBLIC SCHOOL
Head/Principal Name: ARUN","Address : VPO URLANA KALAN TEHSIL MADLAUDA DISTRICT PANIPAT HARYANA
Website : www.safidongreenvalleyschool.com"
895,"Aff. No. :531657
Sch. Code:41632","State : HARYANA
District : PANIPAT",Senior Secondary Level,"Name : INTERNATIONAL PUBLIC SCHOOL
Head/Principal Name: SAROJ KUMARI","Address : VPO- MACHHRAULI
Website : http://www.ipsmachhrauli.in"
896,"Aff. No. :531551
Sch. Code:41525","State : HARYANA
District : PANIPAT",Senior Secondary Level,"Name : SANSKRITI PUBLIC SCHOOL
Head/Principal Name: JYOTI GEHLAWAT","Address : VILL. KHANDRA P.O SHERA,PANIPAT
Website : www.spskhandra.com"
897,"Aff. No. :531563
Sch. Code:41539","State : HARYANA
District : PANIPAT",Senior Secondary Level,"Name : PRATAP PUBLIC SCHOOL PANIPAT
Head/Principal Name: SAVITA KAPOOR","Address : KACHROLI (BABARPUR)
Website : www.ppspanipat.com"
898,"Aff. No. :531592
Sch. Code:41568","State : HARYANA
District : PANIPAT",Senior Secondary Level,"Name : PRAYAAG INTERNATIONALSCHOOL
Head/Principal Name: MAMTA SACHDEVA","Address : OPP.NEW POLICE LINES, NH-1, G.T.ROAD
Website : http://prayaaginternationalschool.com"
899,"Aff. No. :531539
Sch. Code:41514","State : HARYANA
District : PANIPAT",Senior Secondary Level,"Name : PIET SANSKRITI SENIOR SECONDARY SCHOOL
Head/Principal Name: REKHA BAJAJ","Address : PIET SANSKRITI SENIOR SECONDARY SCHOOL NFL TOWNSHIP PANIPAT 132103
Website : www.pietsanskritinfl.com"
900,"Aff. No. :531445
Sch. Code:41421","State : HARYANA
District : PANIPAT",Senior Secondary Level,"Name : SUNRISE PUBLIC SCHOOL, BHALSI (MADLAUDA)
Head/Principal Name: MUKESH","Address : SUNRISE PUBLIC SCHOOL BHALSI (MADLAUDA) DISTT. PANIPAT (HARYANA)
Website : www.sunrisepublicschoolbhalsi.com"
901,"Aff. No. :531482
Sch. Code:41487","State : HARYANA
District : PANIPAT",Senior Secondary Level,"Name : APOLLO INTERNATIONAL SCHOOL, PATTIKALYANA
Head/Principal Name: ALKA TANDON","Address : APOLLO INTERNATIONAL SCHOOL, PATTIKALYANA, SAMALKHA, DIST - PANIPAT,HARYANA- 132102
Website : www.aischool.in"
902,"Aff. No. :531483
Sch. Code:41459","State : HARYANA
District : PANIPAT",Senior Secondary Level,"Name : BALAJI BALWAN PUBLIC SCHOOL
Head/Principal Name: Hemlata","Address : VILL- BRAHMAN MAJRA, P.O.- BHADOUR
Website : www.balajibalwanschool.co.in"
903,"Aff. No. :531485
Sch. Code:41461","State : HARYANA
District : PANIPAT",Senior Secondary Level,"Name : S D MODERN SENIOR SECONDARY SCHOOL
Head/Principal Name: MANJU SARDANA","Address : DEVI MANDIR ROAD NEAR QUILA
Website : www.sdmodernschool.com"
904,"Aff. No. :531474
Sch. Code:41452","State : HARYANA
District : PANIPAT",Senior Secondary Level,"Name : GURU BRAHMANANAND SR. SEC. SCHOOL
Head/Principal Name: SUNITA","Address : V.P.O-UNTLA,DISTT-PANIPAT(HARYANA)
Website : www.gbnschoolpanipat.com"
905,"Aff. No. :531330
Sch. Code:41304","State : HARYANA
District : PANIPAT",Senior Secondary Level,"Name : ST XAVIER'S HIGH SCHOOL
Head/Principal Name: Rupesh Kumar","Address : VILLAGE-MACHHRAULI MOAD G.T RAOD PANIPAT
Website : www.stxaviershighschoolpanipat.com"
906,"Aff. No. :531354
Sch. Code:41328","State : HARYANA
District : PANIPAT",Senior Secondary Level,"Name : SRI CHAITANYA TECHNO SCHOOL
Head/Principal Name: PEMMADA SRI LAKSHMI","Address : SIMLA MOLANA ROAD POST OFFICE-CHANDOULI
Website : www.srichaitanya.net"
907,"Aff. No. :531300
Sch. Code:41278","State : HARYANA
District : PANIPAT",Senior Secondary Level,"Name : POOJA MODERN SCHOOL
Head/Principal Name: Lalita Rani","Address : HARI SINGH COLONY, NOORWALA PANIPAT
Website : http://pkschool.in"
908,"Aff. No. :531311
Sch. Code:41288","State : HARYANA
District : PANIPAT",Senior Secondary Level,"Name : PANIPAT INTERNATIONAL SCHOOL
Head/Principal Name: Cheena Chugh","Address : VPO KARAD, TEHSIL ISRANA
Website : www.pisisrana.com"
909,"Aff. No. :531230
Sch. Code:41219","State : HARYANA
District : PANIPAT",Senior Secondary Level,"Name : D.R. INTERNATIONAL SCHOOL
Head/Principal Name: ASHWANI SHARMA","Address : V&P.O. KAKODA, GANNAUR, PANIPAT ROAD, PANIPAT-132107 HARYANA
Website : www.dris.in"
910,"Aff. No. :531215
Sch. Code:41197","State : HARYANA
District : PANIPAT",Senior Secondary Level,"Name : S.D. VAISH PUBLIC SCHOOL
Head/Principal Name: MANISH GOEL","Address : 10 K.M MILE STONE,SANOLI ROAD ,PANIPAT
Website : www.sdvaishschoolpanipat.com"
911,"Aff. No. :531217
Sch. Code:41195","State : HARYANA
District : PANIPAT",Senior Secondary Level,"Name : THE HERITAGE CONVENT SCHOOL
Head/Principal Name: RAVINDER SINGH","Address : BARSAT ROAD,BICHPARI,PANIPAT
Website : https://www.theheritageconventschool.com/"
912,"Aff. No. :531146
Sch. Code:41110","State : HARYANA
District : PANIPAT",Senior Secondary Level,"Name : BHARTIYA VIDYA NIKETAN SENIOR SECONDARY SCHOOL
Head/Principal Name: RANDHIR SINGH","Address : BHALSI, MADLAUDA, PANIPAT, HARYANA
Website : www.bvnschoolbhalsi.com"
913,"Aff. No. :531140
Sch. Code:41140","State : HARYANA
District : PANIPAT",Senior Secondary Level,"Name : SRI CHAITANYA TECHNO SCHOOL
Head/Principal Name: VENUS","Address : PAWTI ROAD SAMALKHA TEHSIL SAMALKHA DISTRICT PANIPAT STATE HARYANA 132101
Website : www.ashadeepschool.com"
914,"Aff. No. :531089
Sch. Code:41042","State : HARYANA
District : PANIPAT",Senior Secondary Level,"Name : ARYAN GLOBAL PUBLIC HIGH SCHOOL
Head/Principal Name: SOHAN SINGH","Address : VPO SHERA, PANIPAT
Website : www.aryanglobalschool.com"
915,"Aff. No. :531112
Sch. Code:41084","State : HARYANA
District : PANIPAT",Senior Secondary Level,"Name : D.A.V. POLICE PUBLIC SCHOOL
Head/Principal Name: Sumita","Address : POLICE LINE, G.T. ROAD, PANIPAT
Website : www.davppspanipat.com"
916,"Aff. No. :531046
Sch. Code:41000","State : HARYANA
District : PANIPAT",Senior Secondary Level,"Name : HOLY ANGEL INTERNATIONAL SCHOOL
Head/Principal Name: Jyoti Gupta","Address : BARSAT ROAD, PANIPAT
Website :"
917,"Aff. No. :531028
Sch. Code:40977","State : HARYANA
District : PANIPAT",Senior Secondary Level,"Name : INDOLOGY PUBLIC SR. SEC SCHOOL
Head/Principal Name: Jyoti Rani","Address : VPO SEENK
Website : www.indologyschool.wixsite.com/indologyschool"
918,"Aff. No. :531069
Sch. Code:41068","State : HARYANA
District : PANIPAT",Senior Secondary Level,"Name : SANSKAR GURUKULAM
Head/Principal Name: SHIVA KUMARI","Address : VILL. PATHRI, TEH-ISRANA, DIST. PANIPAT
Website : www.sanskargurukulam.com"
919,"Aff. No. :531055
Sch. Code:41007","State : HARYANA
District : PANIPAT",Senior Secondary Level,"Name : CAMBRIDGE FIELDS GLOBAL SCHOOL
Head/Principal Name: JITENDER KUMAR","Address : VILLAGE NANGLA PAR P. O. BABAIL PANIPAT
Website : www.cfgschool.com"
920,"Aff. No. :530994
Sch. Code:40998","State : HARYANA
District : PANIPAT",Senior Secondary Level,"Name : G.D.GOENKA PUBLIC SCHOOL
Head/Principal Name: ADITYA KUMAR","Address : JATTAL, ASSANDH ROAD
Website : www.gdgoenkapanipat.com"
921,"Aff. No. :530973
Sch. Code:40931","State : HARYANA
District : PANIPAT",Senior Secondary Level,"Name : DYAL SINGH PUBLIC SCHOOL
Head/Principal Name: Vinita Kumar Tomar","Address : SECT-13-17, URBAN ESTATE, DISTT KARNAL, HARYANA
Website : https://www.dspspanipat.com/"
922,"Aff. No. :530940
Sch. Code:40911","State : HARYANA
District : PANIPAT",Senior Secondary Level,"Name : K R MANGALAM WORLD SCHOOL
Head/Principal Name: Suman Madan","Address : ANSAL SUSHANT CITY, OPP SECTOR 13-17,HUDA, PANIPAT
Website : https://krmangalampanipat.com/"
923,"Aff. No. :530890
Sch. Code:40860","State : HARYANA
District : PANIPAT",Senior Secondary Level,"Name : NEW ERA PUBLIC SCHOOL
Head/Principal Name: Sunita Kumari","Address : MADLAUDA MANDI, PANIPAT
Website : www.neweramadlauda.in"
924,"Aff. No. :530798
Sch. Code:40772","State : HARYANA
District : PANIPAT",Senior Secondary Level,"Name : SJS INTERNATIONAL SCHOOL
Head/Principal Name: MUKESH KUMAR","Address : DIKADLA COMPLEX, SAMALKHA, PANIPAT,
Website : www.sjsschool.org"
925,"Aff. No. :530811
Sch. Code:40786","State : HARYANA
District : PANIPAT",Senior Secondary Level,"Name : ARYA ADARSH SENIOR SECONDARY SCHOOL, MADLAUDA PANIPAT
Head/Principal Name: JITENDER","Address : ARYA ADARSH SENIOR SECONDARY SCHOOL, MADLAUDA, PANIPAT
Website : www.aryaadarsh.in"
926,"Aff. No. :530769
Sch. Code:40744","State : HARYANA
District : PANIPAT",Senior Secondary Level,"Name : GEETA PUBLIC SR. SEC. SCHOOL
Head/Principal Name: MAHABIR SINGH","Address : VILLAGE & POST OFFICE SHERA, DISTT. & TEHSIL PANIPAT HARYANA
Website : www.gdcshera.com"
927,"Aff. No. :530772
Sch. Code:40642","State : HARYANA
District : REWARI",Senior Secondary Level,"Name : PATHFINDER GLOBAL SCHOOL
Head/Principal Name: SANDEEP YADAV","Address : VILLAGE:MALASIYAWAS, KOSLI
Website : http://www.pgskosli.in"
928,"Aff. No. :530775
Sch. Code:40749","State : HARYANA
District : REWARI",Senior Secondary Level,"Name : S.B.S. JOVIAL CHILD SCHOOL
Head/Principal Name: Jitender Yadav","Address : SBS COLONYM YADAV NAGAR, REWARI
Website :"
929,"Aff. No. :530791
Sch. Code:40765","State : HARYANA
District : REWARI",Senior Secondary Level,"Name : NEW ERA PUBLIC SENIOR SECONDARY SCHOOL
Head/Principal Name: Devender","Address : VILLAGE GUJARWAS, P.O. NAHAR, TEHSIL KOSLI, DIST. REWARI, PIN-123303
Website : www.nepsgujarwas.com"
930,"Aff. No. :530804
Sch. Code:40778","State : HARYANA
District : REWARI",Senior Secondary Level,"Name : SATLUJ SR SEC VIDYA MANDIR,
Head/Principal Name: AMIT KUMAR","Address : BERLI KALAN P.O.-MUSEPUR DISTT REWARI
Website : www.satlujschool.com"
931,"Aff. No. :530831
Sch. Code:40805","State : HARYANA
District : REWARI",Senior Secondary Level,"Name : APEX PUBLIC SCHOOL
Head/Principal Name: Ram Niwas Yadav","Address : VILL- PALHAWAS, PO-PALHAWAS, DIST REWARI
Website : www.apexpublicschoolpalhawas.com"
932,"Aff. No. :530829
Sch. Code:40796","State : HARYANA
District : REWARI",Senior Secondary Level,"Name : BASANT PUBLIC HIGH SCHOOL
Head/Principal Name: SATYAPAL","Address : DHANI BHALKHI
Website : http://bpsdhanibhalkhi.com"
933,"Aff. No. :530905
Sch. Code:40873","State : HARYANA
District : REWARI",Senior Secondary Level,"Name : NAV JYOTI SR. SEC. SCHOOL
Head/Principal Name: ANJALI","Address : V & PO PITHRAWAS
Website : www.njpsrewari.edu.in"
934,"Aff. No. :530907
Sch. Code:40877","State : HARYANA
District : REWARI",Senior Secondary Level,"Name : OXFORD INTERNATIONAL SCHOOL
Head/Principal Name: VISHVA DUTT","Address : VILL MUKUNDPUR BASAI, PO BOLNI, DISTT REWARI, HARYANA
Website : www.oisrewari.in"
935,"Aff. No. :530949
Sch. Code:40919","State : HARYANA
District : REWARI",Senior Secondary Level,"Name : RISHI PUBLIC SCHOOL
Head/Principal Name: Savitri Yadav","Address : DELHI ROAD, JONAWAS, REWARI
Website : www.rishischoolrewari.com"
936,"Aff. No. :530920
Sch. Code:40885","State : HARYANA
District : REWARI",Senior Secondary Level,"Name : VIDYASTHALI PUBLIC SCHOOL
Head/Principal Name: SABITA","Address : VILL & POST OFFICE PALHAWAS, DISTT. REWARI
Website : www.vidyasthalischool.org"
937,"Aff. No. :530953
Sch. Code:40923","State : HARYANA
District : REWARI",Senior Secondary Level,"Name : MODERN SR. SEC. SCHOOL
Head/Principal Name: PRIYANSHI YADAV","Address : VILL - MIRPUR P.O.- MIRPUR DISTT. REWARI
Website : www.modernschoolmirpur.com"
938,"Aff. No. :530964
Sch. Code:41036","State : HARYANA
District : REWARI",Senior Secondary Level,"Name : C.R. BHARTIYA VIDYA MANDIR SR. SEC. SCHOOL
Head/Principal Name: Monika Sharma","Address : VILL. BALAWAS-JAT P.O. DHARAN TEH. BAWAL DISTT. REWARI (HARYANA)
Website : www.crbvm.com"
939,"Aff. No. :530966
Sch. Code:41038","State : HARYANA
District : REWARI",Senior Secondary Level,"Name : C.R. INTERNATIONAL SCHOOL
Head/Principal Name: LALITA SIKRI","Address : VILLAGE TIHARA, TEHSIL BAWAL ,DISTRICT REWARI,HARYANA
Website : www.crinternationalschool.com"
940,"Aff. No. :530961
Sch. Code:41032","State : HARYANA
District : REWARI",Senior Secondary Level,"Name : SARASWATI SR. SEC. SCHOOL,NANGLI GODHA (REWARI)
Head/Principal Name: MAMTA DEVI","Address : V P O NANGLI GODHA,TEH. & DISTT REWARI
Website : www.saraswatischoolng.in"
941,"Aff. No. :530984
Sch. Code:40939","State : HARYANA
District : REWARI",Senior Secondary Level,"Name : VIVEKANAND SR. SEC. SCHOOL
Head/Principal Name: RAJEEV KUMAR","Address : V.P.O. BAWWA KOSLI
Website : www.vivekanandbawwa.in"
942,"Aff. No. :531063
Sch. Code:41014","State : HARYANA
District : REWARI",Senior Secondary Level,"Name : RAO PAHLAD SINGH PUBLIC SCHOOL
Head/Principal Name: VIKRAM YADAV","Address : VILLAGE BALIAR KALAN DELHI ROAD REWARI
Website : www.rpsrewari.edu.in"
943,"Aff. No. :531071
Sch. Code:41017","State : HARYANA
District : REWARI",Senior Secondary Level,"Name : SURAJ SCHOOL
Head/Principal Name: VIJAY PAL","Address : V.PO GUDIYANI TEH KOSLI DISTT REWARI
Website : www.surajschoolkosli.com"
944,"Aff. No. :531067
Sch. Code:41104","State : HARYANA
District : REWARI",Senior Secondary Level,"Name : B P SCHOOL
Head/Principal Name: NIRMALA KUMARI","Address : ROJHUWAS, PO ROHRAI, REWARI
Website : http://bpschoolrojhuwas.com/"
945,"Aff. No. :531068
Sch. Code:41066","State : HARYANA
District : REWARI",Senior Secondary Level,"Name : VIVEKANAND SENIOR SECONDARY SCHOOL
Head/Principal Name: RAJPAL","Address : SHIV NAGAR, DHARUHERA
Website : www.vivekanandschooldharuhera.com"
946,"Aff. No. :531033
Sch. Code:40982","State : HARYANA
District : REWARI",Senior Secondary Level,"Name : VIVEKANAND SR.SEC. SCHOOL
Head/Principal Name: VIVEK YADAV","Address : V.P.O. KUND MANDI, REWARI
Website : www.vivekanandschool.co.in"
947,"Aff. No. :531016
Sch. Code:40963","State : HARYANA
District : REWARI",Senior Secondary Level,"Name : BAL BHARTI SR. SEC. SCHOOL
Head/Principal Name: HARDIK","Address : VILL. PHIDERI P.O. MAJRA SHEORAJ
Website : www.bbsphideri.com"
948,"Aff. No. :531022
Sch. Code:40971","State : HARYANA
District : REWARI",Senior Secondary Level,"Name : SURAJ SCHOOL
Head/Principal Name: Himanshi","Address : V. RASGAN PO. DUNGARWAS DELHI ROAD REWARI
Website : https://www.surajschoolrewari.com"
949,"Aff. No. :531099
Sch. Code:41049","State : HARYANA
District : REWARI",Senior Secondary Level,"Name : C.D.FOUNDATION OF EDUCATION
Head/Principal Name: ANITA YADAV","Address : VPO KHATAWALI TEH. DHARUHERA DISTT. REWARI,HARYANA
Website : www.cdfoundation.in"
950,"Aff. No. :531122
Sch. Code:41224","State : HARYANA
District : REWARI",Senior Secondary Level,"Name : ARAVALI INTERNATIONAL SCHOOL
Head/Principal Name: Sushil Yadav","Address : VILLAGE & POST OFFICE-GOKALGARH
Website : www.aravalischool.in"
951,"Aff. No. :531116
Sch. Code:41191","State : HARYANA
District : REWARI",Senior Secondary Level,"Name : SUMMER VALLEY PUBLIC SCHOOL
Head/Principal Name: SARITA DEVI","Address : VILLAGE- BHANDOR, POST OFFICE-PUNSIKA
Website : www.summervalleyschoolrewari.com"
952,"Aff. No. :531124
Sch. Code:41135","State : HARYANA
District : REWARI",Senior Secondary Level,"Name : AVIRAJ WLD SCHOOL
Head/Principal Name: JYOTI YADAV","Address : VILLAGE: ALAMGIRPUR, RAJPURA ROAD, DHARUHERA, DISTRICT : REWARI
Website : https://awsdharuhera.com"
953,"Aff. No. :531129
Sch. Code:41092","State : HARYANA
District : REWARI",Senior Secondary Level,"Name : EURO INTERNATIONAL SCHOOL
Head/Principal Name: ANIL KUMAR","Address : V.P.O BALIYAR KHURD DELHI ROAD REWARI
Website : www.eurogroupofschools.com"
954,"Aff. No. :531156
Sch. Code:41134","State : HARYANA
District : REWARI",Senior Secondary Level,"Name : ROSELAND INTERNATIONAL SCHOOL
Head/Principal Name: Kavita Yadav","Address : VILL. KONSIWAS, DISTT. REWARI, HARYANA
Website : www.roselandrewari.com"
955,"Aff. No. :531164
Sch. Code:41142","State : HARYANA
District : REWARI",Senior Secondary Level,"Name : M.L.P. SR. SEC. SCHOOL
Head/Principal Name: SANOJ YADAV","Address : RAJPURA (ALAMGIRPUR), POST- DHARUHERA
Website : https://mlpinternationalschoolrajpura.com/"
956,"Aff. No. :531242
Sch. Code:41215","State : HARYANA
District : REWARI",Senior Secondary Level,"Name : VIKAS INTERNATIONAL SCHOOL
Head/Principal Name: BHIM SINGH","Address : VILL-ROLIAWAS,POST OFFICE-D.G PURA
Website : www.visrewari.edu.in"
957,"Aff. No. :531312
Sch. Code:41300","State : HARYANA
District : REWARI",Senior Secondary Level,"Name : RPS PUBLIC SCHOOL
Head/Principal Name: RAMAN PREET KAUR","Address : VPO GHATAL MAHANIYAWAS, DHARUHERA BHIWADI EXPRESSWAY, DHARUHERA
Website : https://rpsdharuhera.edu.in/"
958,"Aff. No. :531325
Sch. Code:41297","State : HARYANA
District : REWARI",Secondary Level,"Name : POLE STAR PUBLIC SCHOOL
Head/Principal Name: KULDEEP KAUSHIK","Address : NIMOTH
Website : www.lksnimoth.com"
959,"Aff. No. :531309
Sch. Code:41294","State : HARYANA
District : REWARI",Senior Secondary Level,"Name : YADUVANSHI SHIKSHA NIKETAN
Head/Principal Name: SUKIENDER SINGH","Address : VPO DOHKI
Website : www.yaduvanshigroup.edu.in"
960,"Aff. No. :531359
Sch. Code:41335","State : HARYANA
District : REWARI",Senior Secondary Level,"Name : RAJ INTERNATIONAL SCHOOL
Head/Principal Name: KULDEEP KUMAR","Address : LEO CHOWK, KONSIWAS ROAD
Website : www.risrewari.com"
961,"Aff. No. :531337
Sch. Code:41413","State : HARYANA
District : REWARI",Senior Secondary Level,"Name : SURAJ SCHOOL
Head/Principal Name: VIJAY BALA","Address : SEC-2, BAWAL
Website : https://www.surajschoolbawal.com/"
962,"Aff. No. :531273
Sch. Code:41251","State : HARYANA
District : REWARI",Senior Secondary Level,"Name : RASHTRIYA SENIOR SECONDARY SCHOOL
Head/Principal Name: OMPARKASH","Address : VPO KHANDORA
Website : www.rashtriyaschool.ac.in"
963,"Aff. No. :531265
Sch. Code:41242","State : HARYANA
District : REWARI",Senior Secondary Level,"Name : SHRI BALAJI INTERNATIONAL SCHOOL
Head/Principal Name: HARENDER KUMAR","Address : V.P.O. KANWALI
Website : www.sbisk.com"
964,"Aff. No. :531249
Sch. Code:41236","State : HARYANA
District : REWARI",Senior Secondary Level,"Name : DAWN NILAYAM PUBLIC SCHOOL
Head/Principal Name: RAJIV YADAV","Address : VILL-BALAWAS JAMAPUR,POST-BORIA KAMALPUR,DIST-REWARI(HARYANA)
Website : http://dnpsrewari.in"
965,"Aff. No. :531268
Sch. Code:41246","State : HARYANA
District : REWARI",Senior Secondary Level,"Name : BHARTIYA SR. SEC. SCHOOL
Head/Principal Name: KAMAL SINGH","Address : VILLAGE- NANGAL , P.O.-MUNDI
Website : https://bhartiyaschool.in"
966,"Aff. No. :531279
Sch. Code:41256","State : HARYANA
District : REWARI",Senior Secondary Level,"Name : RAO BANE SINGH MEMORIAL HIGH SCHOOL
Head/Principal Name: ANITA KUMARI","Address : VILL.JONIAWAS, REWARI, ,
Website : www.rbsjoniawas.com"
967,"Aff. No. :531464
Sch. Code:41442","State : HARYANA
District : REWARI",Senior Secondary Level,"Name : DAV POLICE PUBLIC SCHOOL
Head/Principal Name: JOY BANERJEE","Address : NEW POLICE LINES DELHI ROAD
Website : www.davppsrewari.com"
968,"Aff. No. :531468
Sch. Code:41446","State : HARYANA
District : REWARI",Senior Secondary Level,"Name : VIVEKANAND SENIOR SECONDARY SCHOOL
Head/Principal Name: SURENDER KUMAR","Address : RAILWAY STATION KOSLI BHAKLI-2
Website : www.vivekanandkosli.com"
969,"Aff. No. :531481
Sch. Code:41458","State : HARYANA
District : REWARI",Senior Secondary Level,"Name : THE ROYAL INTERNATIONAL PUBLIC SCHOOL
Head/Principal Name: SONU YADAV","Address : VILLAGE ALAWALPUR P.O. NANDRAMPUR BASS
Website : www.tripschool.info"
970,"Aff. No. :531478
Sch. Code:41455","State : HARYANA
District : REWARI",Senior Secondary Level,"Name : SARASWATI VIDYA NIKETAN SR. SEC. SCHOOL
Head/Principal Name: DEEPIKA YADAV","Address : SHRI GOPAL BASTI, BHARAWAS ROAD,
Website : https://svnschoolrewari.com"
971,"Aff. No. :531447
Sch. Code:41438","State : HARYANA
District : REWARI",Senior Secondary Level,"Name : S.K HIGH SCHOOL
Head/Principal Name: MEENU","Address : VILLAGE PANWAR POST OFFICE NAGAL TEJU TEHSIL BAWAL DISTT REWARI
Website : https://shrikrishnaschool.in"
972,"Aff. No. :531437
Sch. Code:41412","State : HARYANA
District : REWARI",Senior Secondary Level,"Name : GANESHI LAL HINDU PUBLIC SCHOOL
Head/Principal Name: CHANDAMANI SHARMA","Address : GARHI BOLNI ROAD, OPP.ELEGANT CITY, REWARI
Website : https://www.glhpublicschool.com"
973,"Aff. No. :531422
Sch. Code:41398","State : HARYANA
District : REWARI",Senior Secondary Level,"Name : SURYODAYA SR. SEC. SCHOOL
Head/Principal Name: RAMNIWAS","Address : VILLAGE- MAMRIA THETHAR, P.O. MAMRIA AHIR
Website :"
974,"Aff. No. :531409
Sch. Code:41379","State : HARYANA
District : REWARI",Senior Secondary Level,"Name : DELHI PUBLIC SR.SEC.SCHOOL
Head/Principal Name: SUMAN DEVI","Address : VILLAGE.-DHARCHANA, P.O.- NANGAL TEJU, TEHSIL-BAWAL, DISTT.-REWARI,HARYANA-123501
Website : www.dpsbawal.com"
975,"Aff. No. :531393
Sch. Code:41371","State : HARYANA
District : REWARI",Senior Secondary Level,"Name : NEW ERA SENIOR SECONDARY SCHOOL, KUND (REWARI)
Head/Principal Name: Saroj Bala","Address : V.P.O. - KUND, DISTT. & TEH. - REWRI (HARYANA)
Website : www.newerakund.com"
976,"Aff. No. :531510
Sch. Code:41486","State : HARYANA
District : REWARI",Senior Secondary Level,"Name : MOUNT HERITAGE INTERNATIONAL SCHOOL
Head/Principal Name: YASHPAL RANA","Address : MOUNT LITERA ZEE SCHOOL, VILLAGE- BALIAR KHURD, DELHI ROAD, REWARI- 123401
Website : www.mlzsrewari.com"
977,"Aff. No. :531497
Sch. Code:41473","State : HARYANA
District : REWARI",Senior Secondary Level,"Name : SAINI PUBLIC SCHOOL
Head/Principal Name: Anita Yadav","Address : MAHARAJA SHOOR SAINI MARG,DELHI GATE
Website : https://sainipublicschoolrewari.com"
978,"Aff. No. :531513
Sch. Code:41507","State : HARYANA
District : REWARI",Senior Secondary Level,"Name : ROYAL PUBLIC SCHOOL
Head/Principal Name: DEVENDER KUMAR","Address : VPO-ROHRAI
Website : www.rpsrohrai.com"
979,"Aff. No. :531611
Sch. Code:41594","State : HARYANA
District : REWARI",Senior Secondary Level,"Name : BHARTI INTERNATIONAL SCHOOL
Head/Principal Name: AJAY KUMAR","Address : VPO BORIA KAMALPUR, DISTT. REWARI
Website : www.bhartischoolrewari.in"
980,"Aff. No. :531560
Sch. Code:41540","State : HARYANA
District : REWARI",Senior Secondary Level,"Name : TAGORE PUBLIC SCHOOL
Head/Principal Name: ROSHNI DEVI","Address : REWARI MAHENDERGARH ROAD VILLAGE - JADRA
Website : www.tagorerewari.edu.in"
981,"Aff. No. :531644
Sch. Code:41617","State : HARYANA
District : REWARI",Senior Secondary Level,"Name : PRATHAM INTERNATIONAL SR. SEC. SCHOOL
Head/Principal Name: Krishna","Address : VILLAGE DHAMLAKA PO CHHURIAWAS,TEHSIL& DISTRICT REWARI
Website : www.prathamschool.com"
982,"Aff. No. :531641
Sch. Code:41614","State : HARYANA
District : REWARI",Senior Secondary Level,"Name : YADUVANSHI SHIKSHA NIKETAN
Head/Principal Name: Ramesh Kumar","Address : VPO KANHARWAS KOSLI GURYANI ROAD
Website : https://kosli.yaduvanshigroup.edu.in"
983,"Aff. No. :531736
Sch. Code:41715","State : HARYANA
District : REWARI",Senior Secondary Level,"Name : NEW ERA WORLD SCHOOL
Head/Principal Name: SHEETAL","Address : VPO-GURIANI
Website : www.neweraworldschool.com"
984,"Aff. No. :531733
Sch. Code:41712","State : HARYANA
District : REWARI",Senior Secondary Level,"Name : BOUNTRA LIBERAL INTERNATIONAL SMART SCHOOL
Head/Principal Name: MAMTA GOUR","Address : DELHI ROAD OPP RAO TULARAM STADIUM DISTT REWARI
Website : www.blissschool.com"
985,"Aff. No. :520030
Sch. Code:44012","State : HARYANA
District : REWARI",Senior Secondary Level,"Name : GMSSSS PITHRAWAS
Head/Principal Name: AJAY KUMAR","Address : GOVT.MODEL SANSKRITI SR. SEC. SCHOOL VPO PITHRAWAS
Website : https://gmsssspithrawas.in/"
986,"Aff. No. :520050
Sch. Code:44001","State : HARYANA
District : REWARI",Senior Secondary Level,"Name : SHL PM SHRI GOVERNMENT MODEL SANSKRITI SENIOR SECONDARY SCHOOL
Head/Principal Name: HARI PARKASH","Address : VPO BODIA KAMALPUR, DISTT REWARI HARYANA
Website : www.gmssssbkpur.edu.in"
987,"Aff. No. :520013
Sch. Code:44022","State : HARYANA
District : REWARI",Senior Secondary Level,"Name : BABU BAL MUKAND GUPT GOVT. MODEL SANSKRITI SR SEC SCHOOL GUDIANI
Head/Principal Name: VIDYA BHUSHAN GUPTA","Address : SURKHPUR ROAD NEAR TEMPLE
Website : http://gmssssgudiani.edu.in/"
988,"Aff. No. :520014
Sch. Code:44020","State : HARYANA
District : REWARI",Senior Secondary Level,"Name : GOVT. MODEL SANSKRITI SR. SEC. SCHOOL GAHRHI BOLNI
Head/Principal Name: SURENDER KUMAR","Address : PRINCIPAL GOVT. MODEL SANSKRITI SR. SEC. SCHOOL GAHRHI BOLNI DISTT. REWARI, HARYANA
Website : www.gmsssgarhibolni.edu.in"
989,"Aff. No. :520020
Sch. Code:44025","State : HARYANA
District : REWARI",Senior Secondary Level,"Name : GOVERNMENT MODEL SANSKRITI SENIOR SECONDARY SCHOOL TATARPUR ISTMURAR
Head/Principal Name: vinod mehta","Address : VPO-TATARPUR ISTMURAR, DISTT. REWARI, HARYANA
Website : https://gmsssstatarpur.com/"
990,"Aff. No. :500029
Sch. Code:44547","State : HARYANA
District : REWARI",Senior Secondary Level,"Name : PM SHRI KENDRIYA VIDYALAYA
Head/Principal Name: Suman yadav incharge principal","Address : BHAKLI, TEHSIL. KOSLI, DISTT REWARI, HARYANA
Website : https://bhakli.kvs.ac.in"
991,"Aff. No. :500011
Sch. Code:44530","State : HARYANA
District : REWARI",Senior Secondary Level,"Name : PM SHRI KENDRIYA VIDYALAYA
Head/Principal Name: MANJU","Address : KONSIWAS REWARI HARYANA
Website : https://rewari.kvs.ac.in"
992,"Aff. No. :520276
Sch. Code:44255","State : HARYANA
District : REWARI",Senior Secondary Level,"Name : PM SHRI GSSS KHORI
Head/Principal Name: BRAHAM PARKASH","Address : VILL KHORI, PO KHORI, REWARI
Website : www.pmshrigssskhori.com"
993,"Aff. No. :520281
Sch. Code:44260","State : HARYANA
District : REWARI",Senior Secondary Level,"Name : GMSSSS KAKORIA 2486
Head/Principal Name: Anita Sharma","Address : VPO KAKORIA, REWARI PATAUDI ROAD, KAKORIA
Website : www.gmsssskakoria.com"
994,"Aff. No. :520234
Sch. Code:44213","State : HARYANA
District : REWARI",Senior Secondary Level,"Name : GOVERNMENT MODEL SANSKRITI SENIOR SECONDARY SCHOOL BIKANER
Head/Principal Name: MANOJ KUMAR","Address : VPO BIKANER, BLOCK REWARI, TEHSIL REWARI
Website : http://www.GMSSSSBikaner.org"
995,"Aff. No. :520333
Sch. Code:44316","State : HARYANA
District : REWARI",Senior Secondary Level,"Name : PM SHRI GGSSS REWARI
Head/Principal Name: DHARAM BIR","Address : CIRCULAR ROAD NEAR KANOD GATE REWARI, CIRCULAR ROAD NEAR KANOD GATE REWARI, CIRCULAR ROAD NEAR KANOD GATE REWARI
Website : www.pmshrigsssrewari.com"
996,"Aff. No. :520344
Sch. Code:44327","State : HARYANA
District : REWARI",Senior Secondary Level,"Name : PM SHRI GSSS BAWAL
Head/Principal Name: PARDEEP KUMAR","Address : RAILWAY ROAD, BAWAL, NEAR FLYOVER
Website : https://www.pmshrigsssbawal.com/"
997,"Aff. No. :520304
Sch. Code:44283","State : HARYANA
District : REWARI",Senior Secondary Level,"Name : SJ GMSSSS NAHAR
Head/Principal Name: JITENDER SINGH","Address : VPO NAHAR, NAHAR, NAHAR
Website : https://sjgmssssnahar.in/"
998,"Aff. No. :530071
Sch. Code:40050","State : HARYANA
District : REWARI",Senior Secondary Level,"Name : HOLY CHILD PUBLIC SCHOOL
Head/Principal Name: RAKHI","Address : REWARI HARYANA
Website : www.hcpsrewari.com"
999,"Aff. No. :530019
Sch. Code:40051","State : HARYANA
District : REWARI",Senior Secondary Level,"Name : SWAMI UMA BHARTI SR. SEC. PUBLIC SCHOOL
Head/Principal Name: DIWAN SINGH","Address : JHAJJAR ROAD REWARI HARYANA
Website : www.subpschool.com"
1000,"Aff. No. :530144
Sch. Code:40141","State : HARYANA
District : REWARI",Senior Secondary Level,"Name : JAIN PUBLIC SCHOOL
Head/Principal Name: SONAL CHHABRA","Address : SHANTI NAGAR CIRCULAR ROAD REWARI HARYANA
Website : www.jainpublicschoolrewari.edu.in"
1001,"Aff. No. :530506
Sch. Code:40475","State : HARYANA
District : REWARI",Senior Secondary Level,"Name : CANAL VALLEY PUBLIC SCHOOL
Head/Principal Name: REKHA YADAV","Address : BERLI KHURD DISTT REWARI HARYANA
Website : www.canalvalleyschool.com"
1002,"Aff. No. :530481
Sch. Code:40480","State : HARYANA
District : REWARI",Senior Secondary Level,"Name : GURUKULAM THE SCHOOL
Head/Principal Name: SNEHLATA","Address : MASANI NEAR DHARUHERA DISTT REWARI HARYANA-123 401
Website : www.gurukulamtheschool.com"
1003,"Aff. No. :530478
Sch. Code:40466","State : HARYANA
District : REWARI",Senior Secondary Level,"Name : DELHI PUBLIC SCHOOL
Head/Principal Name: Dr. Kavita Mathur","Address : 7 KM STONE, VILLAGE JAUNAWAS, REWARI HARYANA
Website : www.dpsrewari.com"
1004,"Aff. No. :530470
Sch. Code:40460","State : HARYANA
District : REWARI",Senior Secondary Level,"Name : RAO NIHAL SINGH PUBLIC SCHOOL
Head/Principal Name: SARITA","Address : VPO DARAULI DISTT & TEH REWARI HARYANA
Website : https://rnspsdarauli.edu.in/"
1005,"Aff. No. :530522
Sch. Code:40511","State : HARYANA
District : REWARI",Senior Secondary Level,"Name : VIVEKANAND SENIOR SECONDARY SCHOOL
Head/Principal Name: KRISHNA YADAV","Address : DAHINA DISTT REWARI HARYANA
Website :"
1006,"Aff. No. :530473
Sch. Code:40461","State : HARYANA
District : REWARI",Senior Secondary Level,"Name : SARWAN INTERNATIONAL SCHOOL
Head/Principal Name: Dr Asha Yadav","Address : NANGLI PARSAPUR ROAD BAWAL, DISTT REWARI HARYANA
Website : www.sarwan.org"
1007,"Aff. No. :530449
Sch. Code:40435","State : HARYANA
District : REWARI",Senior Secondary Level,"Name : KERALA PUBLIC SCHOOL
Head/Principal Name: SOBHANA THANKAPPAN","Address : VILL JAITRAWAS PO SULKHA DISTT REWARI HARYANA
Website : www.kpsrewari.org"
1008,"Aff. No. :530451
Sch. Code:40436","State : HARYANA
District : REWARI",Senior Secondary Level,"Name : SHAHEED CAPTAIN D K KHOLA PUBLIC SCHOOL
Head/Principal Name: ARTI","Address : MANDOLA ROAD ZAINABAD REWARI HARYANA
Website : www.kholapublicschool.com"
1009,"Aff. No. :530445
Sch. Code:40431","State : HARYANA
District : REWARI",Senior Secondary Level,"Name : MADHU SUDAN PUBLIC SCHOOL
Head/Principal Name: REKHA YADAV","Address : SHANTI VIHAR REWARI HARYANA
Website : www.madhusudanschool.in"
1010,"Aff. No. :530418
Sch. Code:40406","State : HARYANA
District : REWARI",Senior Secondary Level,"Name : KRISHNA PUBLIC SCHOOL
Head/Principal Name: Sajjan Singh","Address : NAHAR ROAD RAILWAY STATION KOSHI REWARI HARYANA
Website : www.kpskosli.com"
1011,"Aff. No. :530436
Sch. Code:40422","State : HARYANA
District : REWARI",Senior Secondary Level,"Name : DELHI PUBLIC INTERNATIONAL SCHOOL
Head/Principal Name: ADITYA DUBEY","Address : MAJRA SHEORA, DISTT REWARI, HARYANA -123401
Website : http://dpisrewari.in"
1012,"Aff. No. :530349
Sch. Code:40331","State : HARYANA
District : REWARI",Senior Secondary Level,"Name : R R N DAV PUBLIC SCHOOL
Head/Principal Name: SUNIL KUMAR YADAV","Address : KOSLI, DISTT REWARI, HARYANA
Website : www.davpskosli.com"
1013,"Aff. No. :530354
Sch. Code:40367","State : HARYANA
District : REWARI",Senior Secondary Level,"Name : CAMBRIDGE SCHOOL
Head/Principal Name: PREETIKA MUNJAL","Address : GARHI BALONI ROAD REWARI HARYANA
Website : https://cambridgerewari.in"
1014,"Aff. No. :530389
Sch. Code:40376","State : HARYANA
District : REWARI",Senior Secondary Level,"Name : SWARANJALI PUBLIC SCHOOL
Head/Principal Name: Dr Heena Yadav","Address : BITHWANA CHOWK BAWAL ROAD DEVLAWAS CHHURIAWAS REWARI HARYANA
Website : https://www.spsrewari.com/"
1015,"Aff. No. :530308
Sch. Code:40315","State : HARYANA
District : REWARI",Senior Secondary Level,"Name : R C GREEN FIELD SCHOOL
Head/Principal Name: SURENDER GAHLOT","Address : VILLAGE GANGAICHA JAT P O MASTAPUR MAIN REWARI JHAJJAR ROAD HARYANA
Website : www.rcgreenfieldrewari.in"
1016,"Aff. No. :530549
Sch. Code:40536","State : HARYANA
District : REWARI",Senior Secondary Level,"Name : BRIGHT LAND PUBLIC SCHOOL
Head/Principal Name: SANGEETA SHARMA","Address : VPO JANT SAYARWAS REWARI HARYANA
Website : www.brightlandpublicschool.in"
1017,"Aff. No. :530558
Sch. Code:40538","State : HARYANA
District : REWARI",Senior Secondary Level,"Name : VIMAL HRIDAY CONVENT SCHOOL
Head/Principal Name: SR. SUSAN JOSEPH","Address : DHUTEDA KALAN JHABUWA TEH BAWAL DISTT REWARI HARYANA
Website : www.vhcsbawal.in"
1018,"Aff. No. :530597
Sch. Code:40579","State : HARYANA
District : REWARI",Senior Secondary Level,"Name : SUNGLOW INTERNATIONAL SCHOOL
Head/Principal Name: Garima Yadav","Address : NARNAUL ROAD GANGOLI SAHARANWAS REWARI HARYANA
Website : www.sunglowschool.in"
1019,"Aff. No. :530583
Sch. Code:40567","State : HARYANA
District : REWARI",Senior Secondary Level,"Name : RAO KHEM CHAND VIDYA VIHAR
Head/Principal Name: PARDEEP KUMAR","Address : BOHATWAS HOATWAS AHIR TEHSIL & DISTT REWARI HARYANA
Website : https://rkcschool.com"
1020,"Aff. No. :530702
Sch. Code:40687","State : HARYANA
District : REWARI",Senior Secondary Level,"Name : ARAVALI HILLS PUBLIC SCHOOL ,TANKRI
Head/Principal Name: SATYAPRAKSH","Address : V.P.O-TANKRI DISTT-REWARI HARYANA
Website : www.aravalihillspublicschool.com"
1021,"Aff. No. :530672
Sch. Code:40650","State : HARYANA
District : REWARI",Senior Secondary Level,"Name : MODERN SENIOR SECONDARY SCHOOL
Head/Principal Name: BHUPENDER SINGH","Address : VILL-BERLI KALAN, POST-MUSEPUR, DISTT REWARI, HARYANA
Website : www.msssberli.com"
1022,"Aff. No. :530754
Sch. Code:40724","State : HARYANA
District : REWARI",Senior Secondary Level,"Name : HARI SINGH PUBLIC SCHOOL
Head/Principal Name: Deepika","Address : HARI SINGH PUBLIC SCHOOL
Website : www.hspsrewari.com"
1023,"Aff. No. :530755
Sch. Code:40725","State : HARYANA
District : REWARI",Senior Secondary Level,"Name : RBS MODEL PUBLIC SCHOOL
Head/Principal Name: RENU OBEROI","Address : RAMPURA ROAD REWARI
Website : www.rbsschool.org"
1024,"Aff. No. :530751
Sch. Code:40739","State : HARYANA
District : REWARI",Senior Secondary Level,"Name : HAPPY SENIOR SECONDARY SCHOOL
Head/Principal Name: ANIL KUMAR","Address : RAILWAY STATION KOSLI DISTT-REWARI
Website : www.happyschoolkosli.com"
1025,"Aff. No. :530749
Sch. Code:40735","State : HARYANA
District : REWARI",Senior Secondary Level,"Name : RAO PAHLAD SINGH PUBLIC SCHOOL,
Head/Principal Name: ANJU KUMARI","Address : MALESIYAWAS ROAD, KOSLI, REWARI , HARYANA-123 302
Website : www.rpskosli.edu.in"
1026,"Aff. No. :530715
Sch. Code:40682","State : HARYANA
District : REWARI",Senior Secondary Level,"Name : AASTHA PUBLIC SCHOOL
Head/Principal Name: GOPESH KUMAR UPADHYAY","Address : VILLAGE AND P.O. BASDUDA
Website : www.aasthapublicschool.org.in"
1027,"Aff. No. :530727
Sch. Code:40710","State : HARYANA
District : REWARI",Senior Secondary Level,"Name : SARV HIND PUBLIC SCHOOL
Head/Principal Name: REKHA DEVI","Address : VPO - GURAWARA,
Website : www.sarvhindschool.com"
1028,"Aff. No. :531778
Sch. Code:41756","State : HARYANA
District : REWARI",Senior Secondary Level,"Name : CAMBRIDGE WINGS SCHOOL
Head/Principal Name: VINAY KUMAR","Address : VPO-CHITADUNGRA DISTT - REWARI(HR.) PIN - 123102
Website : www.cwsrewari.com"
1029,"Aff. No. :531787
Sch. Code:41765","State : HARYANA
District : REWARI",Senior Secondary Level,"Name : SHREE BALAJI PUBLIC SR. SEC. SCHOOL DHANI CHANDPUR BAWAL ROAD REWARI
Head/Principal Name: MEENU YADAV","Address : DHANI CHANDPUR BAWAL ROAD REWARI
Website : www.balajischoolrewari.com"
1030,"Aff. No. :531801
Sch. Code:41780","State : HARYANA
District : REWARI",Senior Secondary Level,"Name : SRI CHAITANYA TECHNO SCHOOL
Head/Principal Name: HIMA SAILAJA KALIDINDI","Address : E BLOCK SUNCITY, SECTOR 6&7 , REWARI
Website : www.srichaitanyaschool.com"
1031,"Aff. No. :531814
Sch. Code:41805","State : HARYANA
District : REWARI",Senior Secondary Level,"Name : G D GOENKA PUBLIC SCHOOL
Head/Principal Name: Priti","Address : BLOCK A, SECTOR 6, SUNCITY, REWARI(HR)
Website : http://www.gdgoenkarewari.in"
1032,"Aff. No. :531809
Sch. Code:41797","State : HARYANA
District : REWARI",Senior Secondary Level,"Name : NEW HORIZON PUBLIC SCHOOL
Head/Principal Name: RAVINDER KUMAR","Address : V.P.O-LILODH TESH. KOSLI DISTT.-REWARI
Website : www.nhpslilodh.com"
1033,"Aff. No. :531923
Sch. Code:41925","State : HARYANA
District : REWARI",Senior Secondary Level,"Name : RAO DEENA RAM VIDYA VIHAR SENIOR SECONDARY SCHOOL,HALUHERA
Head/Principal Name: ARVIND YADAV","Address : VILL. HALUHERA P.O. MUSEPUR DISTT. REWARIPIN 123401
Website : www.rdrschool.com"
1034,"Aff. No. :531909
Sch. Code:41909","State : HARYANA
District : REWARI",Senior Secondary Level,"Name : GYANDEEP SCHOOL
Head/Principal Name: MRIDULA","Address : VILLAGE-MOHANPUR POST OFFICE-MOHANPUR TEHSIL-BAWAL DISTT-REWARI PIN CODE-123401
Website : www.gyandeepmodelschool.com"
1035,"Aff. No. :532004
Sch. Code:42009","State : HARYANA
District : REWARI",Senior Secondary Level,"Name : EURO INTERNATIONAL SCHOOL
Head/Principal Name: MEENU DUBEY","Address : SEC-05, DHARUHERA
Website : www.euroschooldharuhera.com"
1036,"Aff. No. :531974
Sch. Code:41977","State : HARYANA
District : REWARI",Senior Secondary Level,"Name : M.B. SR. SEC. SCHOOL
Head/Principal Name: MANOJ KUMAR","Address : GURIANI, KOSLI
Website : www.mbguriani.com"
1037,"Aff. No. :531986
Sch. Code:41991","State : HARYANA
District : REWARI",Senior Secondary Level,"Name : P.G.M SENIOR SECONDARY SCHOOL
Head/Principal Name: SUNITA","Address : TEHSIL BAWAL, DISTT REWARI
Website : www.pgmssschool.in"
1038,"Aff. No. :532127
Sch. Code:42158","State : HARYANA
District : REWARI",Senior Secondary Level,"Name : RAATH INTERNATIONAL SCHOOL
Head/Principal Name: PAVAN KUMAR","Address : VILLAGE- MANETHI, POST- KUND, TEH- MANETHI
Website : www.raathinternationalschoolkund.com"
1039,"Aff. No. :532144
Sch. Code:42179","State : HARYANA
District : REWARI",Senior Secondary Level,"Name : VIVEKANAND PUBLIC SCHOOL
Head/Principal Name: JYOTI","Address : VILLAGE LAKHNAUR, POST BHUDPUR, TEHSIL REWARI
Website : https://vpslakhnaur.com"
1040,"Aff. No. :532150
Sch. Code:42185","State : HARYANA
District : REWARI",Senior Secondary Level,"Name : VRINDAVAN INTERNATIONAL PUBLIC SCHOOL
Head/Principal Name: NAVEEN KUMAR","Address : NEAR RAILWAY CORRIDOR OVERBRIDGE, MAHENDERGARH ROAD, REWARI
Website : www.vipsrewari.com"
1041,"Aff. No. :532045
Sch. Code:42055","State : HARYANA
District : REWARI",Senior Secondary Level,"Name : GYANDEEP VIDYA MANDIR
Head/Principal Name: PROMILA DEVI","Address : BAWAL, P.O. JHABUWA
Website : http://gdvmschoobawal.com/"
1042,"Aff. No. :532165
Sch. Code:42201","State : HARYANA
District : REWARI",Senior Secondary Level,"Name : MODERN INDIAN SR SEC SCHOOL PALI
Head/Principal Name: Gaurav Yadav","Address : VPO- PALI, POST OFFICE -PALI VIA KUND, TEHSIL- REWARI, DISTRICT - REWARI, HARYANA
Website : www.modernindianschool.in"
1043,"Aff. No. :532166
Sch. Code:42203","State : HARYANA
District : REWARI",Senior Secondary Level,"Name : IDEAL PUBLIC SCHOOL
Head/Principal Name: RAJEEV KUMAR","Address : VPO SHYAMNAGAR, TEHSIL-KOSLI, DISTRICT REWARI
Website : https://www.ipsschool.in"
1044,"Aff. No. :532209
Sch. Code:42248","State : HARYANA
District : REWARI",Senior Secondary Level,"Name : JEEVAN JYOTI SR SEC SCHOOL MANDOLA
Head/Principal Name: NARENDER SINGH","Address : MANDOLA DHAWANA ROAD MANDOLA, VIA KHOL, VPO MANDOLA
Website : www.jjsssmandola.com"
1045,"Aff. No. :532211
Sch. Code:42250","State : HARYANA
District : REWARI",Senior Secondary Level,"Name : SURAJ SCHOOL
Head/Principal Name: DEEPIKA KHATRI","Address : ARAVALI HEIGHTS , DWARKADHISH , DHARUHERA (REWARI)
Website : https://www.surajschooldharuhera.com/"
1046,"Aff. No. :532272
Sch. Code:42326","State : HARYANA
District : REWARI",Senior Secondary Level,"Name : SMS INTERNATIONAL SCHOOL
Head/Principal Name: NEELAM","Address : VILL- KHIJURI, P.O.- DUNGERWAS, REWARI
Website : http://www.smsinternationalschool.in/"
1047,"Aff. No. :532261
Sch. Code:42316","State : HARYANA
District : REWARI",Middle Class,"Name : RPS INTERNATIONAL SCHOOL
Head/Principal Name: VIJAYSHREE DANDWATE","Address : VPO MAHESHWARI , DHARUHERA , DISTT. REWARI
Website : www.rpsinternationaldharuhera.com"
1048,"Aff. No. :532325
Sch. Code:42387","State : HARYANA
District : REWARI",Secondary Level,"Name : GOLDEN VALLEY PUBLIC SCHOOL
Head/Principal Name: Surabhi Goyal","Address : VILLAGE - DOHKI, POST OFFICE - BIKANER, TEHSIL - REWARI
Website : https://gvsrewari.com/"
1049,"Aff. No. :532291
Sch. Code:42347","State : HARYANA
District : REWARI",Senior Secondary Level,"Name : SARASWATI SENIOR SECONDARY SCHOOL GURIANI
Head/Principal Name: Dharam Veer","Address : VPO - GURIANI, TEHSIL KOSLI, DISTRICT REWARI
Website : www.saraswatischoolguriani.com"
1050,"Aff. No. :540010
Sch. Code:44512","State : HARYANA
District : REWARI",Senior Secondary Level,"Name : PM SHRI SCHOOL JAWAHAR NAVODAYA VIDYALAYA
Head/Principal Name: Surendra Kumar","Address : NAICHANA DISTT REWARI HARYANA
Website : https://www.navodaya.gov.in/nvs/nvs-school/REWARI/"
1051,"Aff. No. :580010
Sch. Code:40956","State : HARYANA
District : REWARI",Secondary Level,"Name : SAINIK SCHOOL REWARI
Head/Principal Name: CAPTAIN INDIAN NAVY BRIJ KISHORE","Address : VILLAGE GOTHRA AHIR, DISTRICT REWARI, HARYANA
Website : www.ssrw.org"
1052,"Aff. No. :540018
Sch. Code:44518","State : HARYANA
District : ROHTAK",Senior Secondary Level,"Name : PM SHRI SCHOOL JAWAHAR NAVODAYA VIDYALAYA
Head/Principal Name: SURENDRA SINGH SEKHAWAT","Address : GHUSKANI, P.O. KHIDWALI, DISTT ROHTAK, HARYANA
Website : https://www.navodaya.gov.in/nvs/nvs-school/ROHTAK/en/home/"
1053,"Aff. No. :532323
Sch. Code:42385","State : HARYANA
District : ROHTAK",Middle Class,"Name : RED ROSE PUBLIC SCHOOL
Head/Principal Name: VEENA RANI","Address : VILLAGE KILOI DOPANA , ROHTAK, ROHTAK
Website : http://www.redrosepublicschoolkiloi.com/"
1054,"Aff. No. :532341
Sch. Code:42405","State : HARYANA
District : ROHTAK",Secondary Level,"Name : MODEL SCHOOL, MEHAM
Head/Principal Name: HIMANSHU SHARMA","Address : OPPOSITE NEW BUS STAND MEHAM, N.A., N.A.
Website : www.modelschoolmeham.com"
1055,"Aff. No. :532316
Sch. Code:42376","State : HARYANA
District : ROHTAK",Senior Secondary Level,"Name : ZAD GLOBAL SCHOOL
Head/Principal Name: KIRAN BISHNOI","Address : THE GOVT. EMPLOYEES CO-OP., HOUSE BLDG. SOCIETY LTD., NEAR ASTHAL BOHAR RAILWAY STATION ROHTAK
Website : https://zadglobalschool.in"
1056,"Aff. No. :532259
Sch. Code:42317","State : HARYANA
District : ROHTAK",Senior Secondary Level,"Name : NEW VIDYA BHARTI PUBLIC SCHOOL
Head/Principal Name: SARLA DEVI","Address : VILLAGE AND POST OFFICE DHAMAR, TEHSIL ROHTAK, DHAMAR TO RIDHAL LINK ROAD
Website : https://nvbpublicschool.com/"
1057,"Aff. No. :532198
Sch. Code:42237","State : HARYANA
District : ROHTAK",Senior Secondary Level,"Name : TALENT TREE SCHOOL
Head/Principal Name: Aditya Srivastava","Address : 107TH MILESTONE, OPPOSITE PANCHMUKHI , HANUMAN MANDIR, NH-9, DELHI-HISAR ROAD,, BEHLBA, MEHAM, ROHTAK - 124112
Website : https://talenttree.org"
1058,"Aff. No. :532038
Sch. Code:42046","State : HARYANA
District : ROHTAK",Senior Secondary Level,"Name : DAYAWATI MODI ACADEMY, ROHTAK
Head/Principal Name: RAJEEV DHAKA","Address : VPO BHALOUT, SONIPAT ROAD ROHTAK
Website : www.thestaglobalschools.com"
1059,"Aff. No. :532064
Sch. Code:42074","State : HARYANA
District : ROHTAK",Secondary Level,"Name : NEW ERA INTERNATIONAL SCHOOL
Head/Principal Name: ANITA SANGWAN","Address : MEHAM SAMAN ROAD, NEAR MAIN BUS STAND BHAINI SURJAN
Website : https://WWW.NEIS.CO.IN"
1060,"Aff. No. :532054
Sch. Code:42064","State : HARYANA
District : ROHTAK",Senior Secondary Level,"Name : VEDANTA SCHOOL
Head/Principal Name: SONIYA KHATTER","Address : ROHTAK, ROHTAK
Website : http://www.vedantaschoolrohtak.com"
1061,"Aff. No. :532052
Sch. Code:42062","State : HARYANA
District : ROHTAK",Senior Secondary Level,"Name : GOLDEN CRESCENT PUBLIC SCHOOL
Head/Principal Name: PARDEEP SINGH","Address : TEHSIL KALANAUR , ROHTAK
Website : www.gcpschool.in"
1062,"Aff. No. :532080
Sch. Code:42097","State : HARYANA
District : ROHTAK",Senior Secondary Level,"Name : JP INTERNATIONAL SCHOOL
Head/Principal Name: BAINATH NAIK","Address : SECTOR-36, ROHTAK
Website : http://www.jprtk.in"
1063,"Aff. No. :532106
Sch. Code:42132","State : HARYANA
District : ROHTAK",Senior Secondary Level,"Name : NAVYUG SHIKSHA NIKETAN SENIOR SECONDARY SCHOOL
Head/Principal Name: SHAKUNTLA DEVI","Address : 5 KM MILESTONE, VILLAGE BHAIYAPUR, LADHOT ROAD, VILLAGE BHAIYAPUR
Website : www.navyugshikshaniketan.com"
1064,"Aff. No. :531999
Sch. Code:42004","State : HARYANA
District : ROHTAK",Secondary Level,"Name : AAKASH INTERNATIONAL MODEL SCHOOL
Head/Principal Name: Deepika Sharma","Address : MOKHRA KHAS, MOKHRA KHAS
Website : https://aimsmokhra.com/"
1065,"Aff. No. :532011
Sch. Code:42017","State : HARYANA
District : ROHTAK",Senior Secondary Level,"Name : OZONE INTERNATIONAL SCHOOL
Head/Principal Name: JYOTI RANI","Address : V.P.O. - CHIRI , DIST.- ROHTAK (HARYANA), V.P.O. - CHIRI , DIST.- ROHTAK (HARYANA)
Website : www.ozoneinternationalschool.com"
1066,"Aff. No. :532014
Sch. Code:42020","State : HARYANA
District : ROHTAK",Senior Secondary Level,"Name : SANGWAN INTERNATIONAL SCHOOL
Head/Principal Name: MANISHA RANI","Address : NEAR HANUMAN MANDIR, ROHTAK
Website : www.sangwanschoolrohtak.com"
1067,"Aff. No. :532015
Sch. Code:42021","State : HARYANA
District : ROHTAK",Senior Secondary Level,"Name : VIKRAMADITYA GLOBAL SCHOOL
Head/Principal Name: SEEMA","Address : SAMPLA, ROHTAK
Website : www.vikramadityaschool.in"
1068,"Aff. No. :531906
Sch. Code:41905","State : HARYANA
District : ROHTAK",Senior Secondary Level,"Name : S D PUBLIC SCHOOL
Head/Principal Name: MEENAKSHI BHATIA","Address : V P O BANIYANI, BHIWANI ROAD,ROHTAK-124411
Website : www.sdpsrohtak.com"
1069,"Aff. No. :531871
Sch. Code:41869","State : HARYANA
District : ROHTAK",Senior Secondary Level,"Name : SIDHARTH SR. SECONDARY SCHOOL
Head/Principal Name: NISHANT SHARMA","Address : NINGANA ROAD, KALANAUR, ROHTAK
Website : http://www.siddharthainternationalschool.com/"
1070,"Aff. No. :531816
Sch. Code:41807","State : HARYANA
District : ROHTAK",Senior Secondary Level,"Name : J.K.M.SR.SEC.SCHOOL
Head/Principal Name: Savita Devi","Address : VPO KALANAUR RAILWAY ROAD
Website : www.jkmsrsecschool.in"
1071,"Aff. No. :531823
Sch. Code:41815","State : HARYANA
District : ROHTAK",Senior Secondary Level,"Name : RPS INTERNATIONAL SCHOOL
Head/Principal Name: RENU","Address : V.P.O. BHALOUT, SONIPAT ROAD, ROHTAK
Website : https://rpsrohtak.com/"
1072,"Aff. No. :531832
Sch. Code:41825","State : HARYANA
District : ROHTAK",Secondary Level,"Name : SHIKSHA BHARTI VIDYALAYA
Head/Principal Name: MANJEET","Address : SHIKSHA BHARTI VIDYALAYA BAHU AKBARPUR, ROHTAK, HARYANA PIN CODE 124001
Website : https://shikshabhartividyalaya.in"
1073,"Aff. No. :531861
Sch. Code:41859","State : HARYANA
District : ROHTAK",Senior Secondary Level,"Name : SAINIK SCHOOL, SINGHPURA, ROHTAK
Head/Principal Name: KANTA RANI","Address : VPO- SINGHPURA
Website : www.sainikschoolrtk.in"
1074,"Aff. No. :531868
Sch. Code:41866","State : HARYANA
District : ROHTAK",Secondary Level,"Name : A.V.N. GLOBAL SCHOOL
Head/Principal Name: MONIKA KHANNA","Address : VILLAGE DOBH, ROHTAK, HARYANA-124001
Website : www.avnglobalschool.in"
1075,"Aff. No. :531869
Sch. Code:41867","State : HARYANA
District : ROHTAK",Senior Secondary Level,"Name : MODERN SENIOR SECONDARY SCHOOL
Head/Principal Name: Rajkumar","Address : V.P.O KHARKARA TEHSIL MEHAM DISTRICT ROHTAK HARYANA 124111
Website : www.mssskharkara.com"
1076,"Aff. No. :530717
Sch. Code:40698","State : HARYANA
District : ROHTAK",Senior Secondary Level,"Name : LBS SR SEC SCHOOL
Head/Principal Name: RITU SINDHU","Address : V.P.O KAHNAUR
Website : www.lbsschool.org"
1077,"Aff. No. :530739
Sch. Code:40717","State : HARYANA
District : ROHTAK",Senior Secondary Level,"Name : SHEETLA PUBLIC SCHOOL
Head/Principal Name: KAVITA RANI","Address : V.P.O. LAKHAN MAJRA DISTT. ROHTAK
Website : http://sheetlapublicschool.com"
1078,"Aff. No. :530756
Sch. Code:40726","State : HARYANA
District : ROHTAK",Senior Secondary Level,"Name : CHARAN SINGH MEMORIAL CONVENT SR. SEC. SCHOOL
Head/Principal Name: RAKESH KUMAR","Address : VILLAGE ATAIL, TEHSIL SAMPLA, DISTT. ROHTAK, HARYANA
Website : HTTPS://CHARANSINGHCONVENT.COM"
1079,"Aff. No. :530766
Sch. Code:40734","State : HARYANA
District : ROHTAK",Senior Secondary Level,"Name : DELHI INTERNATIONAL PUBLIC SCHOOL
Head/Principal Name: MEENAKSHI DAHIYA","Address : V.P.O HASSANGARH DISTT. ROHATK ,HARYANA
Website : https://dipshassangarh.com/"
1080,"Aff. No. :530656
Sch. Code:40635","State : HARYANA
District : ROHTAK",Senior Secondary Level,"Name : ARYA SENIOR SECONDARY SCHOOL MADINA
Head/Principal Name: ASHOK KUMAR","Address : V&P.O. MADINA TEHSIL MEHAM, DISTT ROHTAK, HARYANA
Website : https://aryaschoolmadina.edu.in/"
1081,"Aff. No. :530651
Sch. Code:40631","State : HARYANA
District : ROHTAK",Senior Secondary Level,"Name : SILVER BELLS PUBLIC SCHOOL
Head/Principal Name: Madhu","Address : 6.7KM FROM SUKHPURA BYE-PASS,MAKROLI KALAN,MAKROLI MORE,GOHANA ROAD,ROHTAK
Website : www.silverbellsrohtak.com"
1082,"Aff. No. :530652
Sch. Code:40618","State : HARYANA
District : ROHTAK",Senior Secondary Level,"Name : THE SILVER OAK SCHOOL
Head/Principal Name: PANKAJ RANI","Address : V.P.O. BHALAUT, DISTRICT ROHTAK
Website : https://www.silveroakschoolrohtak.com//"
1083,"Aff. No. :530684
Sch. Code:40660","State : HARYANA
District : ROHTAK",Senior Secondary Level,"Name : ADARSH SR. SEC. SCHOOL
Head/Principal Name: MANJU LATA","Address : V.P.O. MADINA, TEH. MEHAM, DISTT. ROHTAK
Website : http://www.adarshschoolmadina.com"
1084,"Aff. No. :530685
Sch. Code:40665","State : HARYANA
District : ROHTAK",Senior Secondary Level,"Name : JAIN PUBLIC SCHOOL
Head/Principal Name: ASHA CHHABRA","Address : JIND ROAD, NEAR MATA DARWAJA, ROHTAK (HARYANA)
Website : www.jpsrohtak.com"
1085,"Aff. No. :530569
Sch. Code:40558","State : HARYANA
District : ROHTAK",Senior Secondary Level,"Name : RAM KRISHAN PARAMHANS SENIOR SECONDARY SCHOOL
Head/Principal Name: GEETA RANI","Address : VPO MADINA ROHTAK HARYANA
Website : www.rkp.education"
1086,"Aff. No. :530575
Sch. Code:40562","State : HARYANA
District : ROHTAK",Secondary Level,"Name : INDIAN PUBLIC SPORTS SCHOOL
Head/Principal Name: NIRMAL RATHEE","Address : NEHRU COLONY JIND ROAD ROHTAK HARYANA
Website :"
1087,"Aff. No. :530565
Sch. Code:40549","State : HARYANA
District : ROHTAK",Senior Secondary Level,"Name : SARASWATI VIDYA MANDIR SENIOR SECONDARY SCHOOL
Head/Principal Name: SUNITA RANGI","Address : MEHAM ROHTAK HARYANA
Website : http://www.gmail.com"
1088,"Aff. No. :530545
Sch. Code:40531","State : HARYANA
District : ROHTAK",Senior Secondary Level,"Name : VED MODEL SENIOR SECONDARY SCHOOL
Head/Principal Name: KAMALA KANTA PANDA","Address : KALANAUR, DISTT ROHTAK, HARYANA
Website : www.vedmsss.co.in"
1089,"Aff. No. :530567
Sch. Code:40550","State : HARYANA
District : ROHTAK",Senior Secondary Level,"Name : SWAMI NITANAND SENIOR SECONDARY SCHOOL
Head/Principal Name: NITIKA MALIK","Address : VILL BRAHMANWAS ROHTAK HARYANA
Website : www.nitanandschools.com"
1090,"Aff. No. :530648
Sch. Code:40629","State : HARYANA
District : ROHTAK",Senior Secondary Level,"Name : SRI CHAITANYA TECHNO SCHOOL
Head/Principal Name: Vikas Kumar","Address : 108TH KM STONE, NH-10 (HISAR ROAD),MEHAM, ROHTAK, HARYANA-124112
Website : http://srichaitanyatechnoschoolmeham.net/"
1091,"Aff. No. :530637
Sch. Code:40605","State : HARYANA
District : ROHTAK",Senior Secondary Level,"Name : SHEETAL SPORTS SENIOR SECONDARY SCHOOL
Head/Principal Name: ANIL HOODA","Address : V.P.O. KILOI, DISTT ROHTAK, HARYANA
Website : www.sheetalsportsschool.com"
1092,"Aff. No. :530601
Sch. Code:40582","State : HARYANA
District : ROHTAK",Senior Secondary Level,"Name : ARYA SENIOR SECONDARY SCHOOL
Head/Principal Name: NIRMLA KUMARI","Address : FAMANA, MEHAM, DISTT ROHTAK, HARYANA
Website : www.aryaschoolfarmana.com"
1093,"Aff. No. :530616
Sch. Code:40593","State : HARYANA
District : ROHTAK",Senior Secondary Level,"Name : JOHN WESLEY CONVENT SCHOOL
Head/Principal Name: MAMTA MALIK","Address : GOHANA ROAD, DISTT ROHTAK, HARYANA
Website : www.johnwesleyconvent.com"
1094,"Aff. No. :530606
Sch. Code:40585","State : HARYANA
District : ROHTAK",Senior Secondary Level,"Name : SHIKSHA BHARTI SENIOR SECONDARY SCHOOL
Head/Principal Name: JITENDER KUMAR","Address : GHOHAN ROAD, DISTT ROHTAK, HARYANA
Website : www.shikshabhartirohtak.com"
1095,"Aff. No. :530312
Sch. Code:40284","State : HARYANA
District : ROHTAK",Senior Secondary Level,"Name : DGV PUBLIC SCHOOL
Head/Principal Name: SAVITA SHARMA","Address : RESEARCH CENTRE DELHI ROAD ROHTAK HARYANA
Website : www.dgvrohtak.com"
1096,"Aff. No. :530316
Sch. Code:40291","State : HARYANA
District : ROHTAK",Senior Secondary Level,"Name : INTERNATIONAL BHARTI SCHOOL
Head/Principal Name: MANOJ KUMAR SINGH","Address : GOHANA ROAD 5TH MILE STONE ROHTAK HARYANA
Website : https://www.ibsrohtak.com/about-us.php"
1097,"Aff. No. :530323
Sch. Code:40323","State : HARYANA
District : ROHTAK",Senior Secondary Level,"Name : S R S PUBLIC SCHOOL
Head/Principal Name: Sumit Sharma","Address : DELHI ROAD (NEAR LIBERTY THEATRE) ROHTAK HARYANA
Website : HTTPS://srsimtrohtrak.com"
1098,"Aff. No. :530335
Sch. Code:40353","State : HARYANA
District : ROHTAK",Senior Secondary Level,"Name : GREENLAND PUBLIC SCHOOL
Head/Principal Name: Tanu","Address : VILL DATTAUR DISTT ROHTAK HARYANA
Website : www.gpsdattaur.com"
1099,"Aff. No. :530338
Sch. Code:40327","State : HARYANA
District : ROHTAK",Senior Secondary Level,"Name : SH PAUL BHARATI HIGH SCHOOL
Head/Principal Name: AJAY KUMAR","Address : NEAR NEW BUS STAND DELHI BYE PASS ROAD ROHTAK HARYANA
Website : www.spbh-india.org"
1100,"Aff. No. :530345
Sch. Code:40329","State : HARYANA
District : ROHTAK",Senior Secondary Level,"Name : V N MEMORIAL PUBLIC SCHOOL
Head/Principal Name: RAJESH HOODA","Address : ASTHAL BOHAR DELHI ROAD ROHTAK, HARYANA
Website : www.vnmpsrtk.com"
1101,"Aff. No. :530392
Sch. Code:40382","State : HARYANA
District : ROHTAK",Senior Secondary Level,"Name : GREEN FIELD PUBLIC SCHOOL
Head/Principal Name: Jyoti Dalal","Address : KAROR DISTT ROHTAK HARYANA
Website : www.gpskaror.com"
1102,"Aff. No. :530439
Sch. Code:40425","State : HARYANA
District : ROHTAK",Senior Secondary Level,"Name : INDUS PUBLIC SCHOOL
Head/Principal Name: DEEPAK KUMAR","Address : MAJRA SHEORA, DISTT REWARI, HARYANA -123401
Website : www.ipsrohtak.edu.in"
1103,"Aff. No. :530428
Sch. Code:40442","State : HARYANA
District : ROHTAK",Senior Secondary Level,"Name : THE SANSKRITI SCHOOL
Head/Principal Name: Madhulika Singh","Address : 6 MILE STONE GOHANA ROAD POST BOX 94 ROHTAK HARYANA
Website :"
1104,"Aff. No. :530441
Sch. Code:40427","State : HARYANA
District : ROHTAK",Senior Secondary Level,"Name : DELHI PUBLIC SCHOOL
Head/Principal Name: PRADEEP KUMAR BHATI","Address : JIND ROAD ROHTAK HARYANA
Website :"
1105,"Aff. No. :530454
Sch. Code:40440","State : HARYANA
District : ROHTAK",Senior Secondary Level,"Name : H D SR SEC PUBLIC SCHOOL
Head/Principal Name: SHALINI GUPTA","Address : VILL KHERI MEHAM DISTT ROHTAK HARYANA
Website : www.hdpskheri.com"
1106,"Aff. No. :530455
Sch. Code:40441","State : HARYANA
District : ROHTAK",Senior Secondary Level,"Name : RISE ACADEMY SCHOOL
Head/Principal Name: Mrs VARSHA BHARDWAJ","Address : SAMPLA BYE PASS SAMPLA DISTT ROHTAK HARYANA
Website : http://www.gps-dattaur.co"
1107,"Aff. No. :530443
Sch. Code:40429","State : HARYANA
District : ROHTAK",Senior Secondary Level,"Name : BABA BANDA BAHADUR PUBLIC SCHOOL
Head/Principal Name: SALIL MEHTA","Address : JIND ROAD 4TH KM ROHTAK HARYANA
Website : www.bbbpsrohtak.in"
1108,"Aff. No. :530141
Sch. Code:40129","State : HARYANA
District : ROHTAK",Senior Secondary Level,"Name : D A V CENTENARY PUBLIC SCHOOL
Head/Principal Name: VIJAY PAL","Address : KALANAUR DISTT. ROHTAK HARYANA
Website : http://davschoolkalanaur.com/E1458BF0-3AA0-4F7B-B5D3-8B11E0D"
1109,"Aff. No. :530116
Sch. Code:40110","State : HARYANA
District : ROHTAK",Senior Secondary Level,"Name : SHRIBABA MASTNATH RESIDENTIAL SCHOOL
Head/Principal Name: RENU VERMA","Address : ASTHAL BOHAR DISTT. ROHTAK HARYANA
Website : www.sbmnssrps.com"
1110,"Aff. No. :530124
Sch. Code:40121","State : HARYANA
District : ROHTAK",Senior Secondary Level,"Name : VISHWAKARMA PUBLIC SCHOOL
Head/Principal Name: ASHA","Address : KATHMANDI ROHTAK HARYANA
Website : www.vkpsrohtak.com"
1111,"Aff. No. :530193
Sch. Code:40186","State : HARYANA
District : ROHTAK",Senior Secondary Level,"Name : CHOTTU RAM MEMORIAL PUBLIC SCHOOL
Head/Principal Name: Suman lata","Address : JAT EDUCATIONAL INSTITUTIONS COMPLEX DELHI ROAD ROHTAK HARYANA
Website : crmpsrohtak@gmail.com"
1112,"Aff. No. :530246
Sch. Code:40231","State : HARYANA
District : ROHTAK",Senior Secondary Level,"Name : M S SARASWATI SENIOR SECONDARY SCHOOL
Head/Principal Name: REETU","Address : GAU KARAN ROAD, NEHRU COLONY, ROHTAK HARYANA
Website : http://mssaraswatischool.com/"
1113,"Aff. No. :530265
Sch. Code:40237","State : HARYANA
District : ROHTAK",Senior Secondary Level,"Name : BRAHAMLEEN SWAMI AMAR DEVJI MEMORIAL PANCH TIRTH PUBLIC SCHOOL
Head/Principal Name: Viney Kumar","Address : KALANAUR, DISTT. ROHTAK HARYANA
Website : www.panchtirthischool.com"
1114,"Aff. No. :530216
Sch. Code:40211","State : HARYANA
District : ROHTAK",Senior Secondary Level,"Name : M D N PUBLIC SCHOOL
Head/Principal Name: Dr R S Panwar","Address : NORTHERN BYE PASS ROHTAK HARYANA
Website : www.mdnpublicschool.com"
1115,"Aff. No. :530204
Sch. Code:40301","State : HARYANA
District : ROHTAK",Senior Secondary Level,"Name : MAHARAJA AGARSEN PUBLIC SCHOOL
Head/Principal Name: Pawan Kumar Sharma","Address : NEAR OLD BUS STAND MEHAM, ROHTAK, HARYANA
Website : http://mapsmeham.com"
1116,"Aff. No. :530020
Sch. Code:40053","State : HARYANA
District : ROHTAK",Senior Secondary Level,"Name : MODEL SCHOOL
Head/Principal Name: ARUNA TANEJA","Address : COMPANY BAGH ROHTAK HARYANA
Website : www.modelschoolrohtak.com"
1117,"Aff. No. :530050
Sch. Code:40081","State : HARYANA
District : ROHTAK",Senior Secondary Level,"Name : VAISH PUBLIC SCHOOL
Head/Principal Name: SUSHMA SUHAG","Address : NEAR RAILWAY STATION ROHTAK HARYANA
Website : www.vpsrtk.com"
1118,"Aff. No. :530052
Sch. Code:40100","State : HARYANA
District : ROHTAK",Senior Secondary Level,"Name : D A V CENTENARY PUBLIC SCHOOL
Head/Principal Name: SHANKER LAL","Address : NEAR ASTHAL BOHAR DELHI ROAD ROHTAK HARYANA
Website : www.davrohtak.in"
1119,"Aff. No. :530069
Sch. Code:40054","State : HARYANA
District : ROHTAK",Senior Secondary Level,"Name : PATHANIA PUBLIC SCHOOL
Head/Principal Name: Tanvi Pathania","Address : Pathania Public School, Suncity Township, Sector-34, Rohtak
Website : www.ppsrohtak.in"
1120,"Aff. No. :530044
Sch. Code:40131","State : HARYANA
District : ROHTAK",Senior Secondary Level,"Name : MAHENDRA MODEL SCHOOL
Head/Principal Name: KAMAL KANT","Address : NEAR SECTOR 3 & 4 SONEPAT ROAD ROHTAK HARYANA
Website : www.mahendramodelschoolrtk.co.in"
1121,"Aff. No. :530058
Sch. Code:40052","State : HARYANA
District : ROHTAK",Senior Secondary Level,"Name : SHIKSHA BHARTI VIDYALAYA
Head/Principal Name: MAMTA BHOLA","Address : JAGDISH COLONY RAM NAGAR ROHTAK HARYANA
Website : www.shikshabhartiramnagar.com"
1122,"Aff. No. :530063
Sch. Code:40063","State : HARYANA
District : ROHTAK",Senior Secondary Level,"Name : UNIVERSITY CAMPUS SCHOOL
Head/Principal Name: Sunita Saini","Address : M D UNIVERSITY ROHTAK HARYANA
Website : www.mdu.ac.in"
1123,"Aff. No. :530090
Sch. Code:40130","State : HARYANA
District : ROHTAK",Senior Secondary Level,"Name : SHRIBABA MASTNATH PUBLIC SCHOOL
Head/Principal Name: Kamla Gill","Address : CIVIL ROAD ROHTAK HARYANA
Website : www.smpsrohtak.com"
1124,"Aff. No. :530097
Sch. Code:40101","State : HARYANA
District : ROHTAK",Senior Secondary Level,"Name : HARKISHAN MEMORIAL PUBLIC SCHOOL
Head/Principal Name: SUDHIR SINGH","Address : SONIPAT ROAD OPP.SPORTS STADIUM ROHTAK HARYANA
Website : www.hmpsrohtak.com"
1125,"Aff. No. :520305
Sch. Code:44284","State : HARYANA
District : ROHTAK",Senior Secondary Level,"Name : MAHARAJA AGRASEN PM SHRI GGSSS, SAMPLA
Head/Principal Name: RAMESH KUMAR","Address : KHARKHODA ROAD,, OPPOSITE HDFC BANK,, SAMPLA
Website : http://www.pmshriggssssampla.com"
1126,"Aff. No. :520309
Sch. Code:44288","State : HARYANA
District : ROHTAK",Senior Secondary Level,"Name : PM SHRI GGSSS MEHAM (2667)
Head/Principal Name: SANDHYA SUMAN","Address : WARD NO.1, NEAR SAMAN CHUNGI, NEAR SAMAN CHUNGI
Website : www.Pmshriggsssmeham.com"
1127,"Aff. No. :520337
Sch. Code:44320","State : HARYANA
District : ROHTAK",Senior Secondary Level,"Name : GOVT. GILRS SENIOR SECONDARY SCHOOL MADINA
Head/Principal Name: ANUJ KUMAR","Address : VPO MADINA KORSAN, NEAR DIET, HISAR ROAD
Website : http://gmssmadina.com/"
1128,"Aff. No. :520143
Sch. Code:44119","State : HARYANA
District : ROHTAK",Senior Secondary Level,"Name : GOVT. MODEL SANSKRITI SR. SEC SCHOOL KALANAUR
Head/Principal Name: SURINDER SINGH","Address : NEAR OLD BUS STAND, KALANAUR
Website : www.gmsssskalanaur.com"
1129,"Aff. No. :520147
Sch. Code:44125","State : HARYANA
District : ROHTAK",Senior Secondary Level,"Name : GOVT.MODEL SANSKRITI SENIOR SECONDARY SCHOOL SAMPLA
Head/Principal Name: SANDEEP NAIN","Address : DELHI ROAD SAMPLA DISTRICT ROHTAK
Website : https://schooleducationharyana.gov.in/"
1130,"Aff. No. :520203
Sch. Code:44182","State : HARYANA
District : ROHTAK",Senior Secondary Level,"Name : GOVT. MODEL SANSKRITI SR. SEC. SCHOOL
Head/Principal Name: ARUNA NANDAL","Address : ROHTAK, ROHTAK
Website : www.gmssssrohtak.com"
1131,"Aff. No. :520152
Sch. Code:44130","State : HARYANA
District : ROHTAK",Senior Secondary Level,"Name : GMSSSS MOKHRA 2724
Head/Principal Name: Anuj Kumar","Address : GMSSSS MOKHRA 2724, DISTRICT ROHTAK, STATE MEHAM, STATE-HARYANA, PIN CODE-124022
Website : http://gmssssmokhra.com"
1132,"Aff. No. :520214
Sch. Code:44193","State : HARYANA
District : ROHTAK",Senior Secondary Level,"Name : PM SHRI GOVT. SR. SEC.SCHOOL TITOLI
Head/Principal Name: SAROJ","Address : VPO TITOLI , NEAR SATI MANDIR, 12 PANNA
Website : HTTPS://PMSHRIGSSSTITOLI.COM"
1133,"Aff. No. :520216
Sch. Code:44195","State : HARYANA
District : ROHTAK",Senior Secondary Level,"Name : SHAHEED CAPTAIN DEEPAK SHARMA PM SHRI GOVT. GIRLS SENIOR SECONDARY SCHOOL (2676)
Head/Principal Name: MEETA KANSAL","Address : MODEL TOWN, OPPOSITE GUFA WALA MANDIR, NEAR BY CHAR KHAMBHA
Website : HTTP://WWW.PMSHRIGGSSSMODELTOWN.COM"
1134,"Aff. No. :520221
Sch. Code:44200","State : HARYANA
District : ROHTAK",Senior Secondary Level,"Name : GMSSSS KAHANAUR
Head/Principal Name: Lilu Ram","Address : V.P.O. KAHANAUR, BLOCK- KALANAUR, DISTT. ROHTAK
Website : www.gmsssskahanaur.com"
1135,"Aff. No. :500005
Sch. Code:44529","State : HARYANA
District : ROHTAK",Senior Secondary Level,"Name : KENDRIYA VIDYALAYA
Head/Principal Name: MITA ADHIKARY","Address : JHAJJAR DISTT JHAJJAR HARYANA
Website : https://jhajjar.kvs.ac.in"
1136,"Aff. No. :500023
Sch. Code:44522","State : HARYANA
District : ROHTAK",Senior Secondary Level,"Name : PM SHRI KENDRIYA VIDYALAYA ROHTAK
Head/Principal Name: PARAMJEET KAUR","Address : DELHI BYE PASS DELHI RD. ROHTAK HARYANA
Website : www.kvrrohtak.in"
1137,"Aff. No. :520019
Sch. Code:44024","State : HARYANA
District : ROHTAK",Senior Secondary Level,"Name : DR. SARUP SINGH GOVERNMENT MODEL SENIOR SECONDARY SCHOOL, SANGHI (ROHTAK)
Head/Principal Name: BABITA RANI","Address : V.P.O. SANGHI
Website : GMSSSSSANGHI2681@GMAIL.COM"
1138,"Aff. No. :520069
Sch. Code:44044","State : HARYANA
District : ROHTAK",Senior Secondary Level,"Name : GOVT. MODEL SANSKRITI SR. SEC. SCHOOL LAKHAN MAJRA
Head/Principal Name: JITENDER MALIK","Address : VPO LAKHAN MAJRA
Website : http://www.gmsssslakhanmajra.com/"
1139,"Aff. No. :531741
Sch. Code:41720","State : HARYANA
District : ROHTAK",Senior Secondary Level,"Name : THE SHRI RAM UNIVERSAL SCHOOL
Head/Principal Name: AARTI OHLAN","Address : V.P.O BHALOUT DISTT. ROHTAK
Website : www.tsusrohtak.in"
1140,"Aff. No. :531654
Sch. Code:41634","State : HARYANA
District : ROHTAK",Senior Secondary Level,"Name : THE AARYAN GLOBAL SCHOOL
Head/Principal Name: RAJ KUMAR","Address : THE AARYAN GLOBAL SCHOOL, KARONTHA
Website : www.tagsrtk.edu.in"
1141,"Aff. No. :531666
Sch. Code:41643","State : HARYANA
District : ROHTAK",Senior Secondary Level,"Name : SWAMI GURU CHARAN DASS S.D. SR. SEC. SCHOOL KALANAUR
Head/Principal Name: ANJANA","Address : BASAN ROAD KALANAUR
Website : www.sgdsds.edu.in"
1142,"Aff. No. :531670
Sch. Code:41647","State : HARYANA
District : ROHTAK",Senior Secondary Level,"Name : VIDYA SHREE INTERNAIONAL SCHOOL
Head/Principal Name: Rishwant Kaur","Address : VIDYA SHREE INTERNAIONAL SCHOOL,
Website : www.vidyashreeinternational.com"
1143,"Aff. No. :531557
Sch. Code:41536","State : HARYANA
District : ROHTAK",Senior Secondary Level,"Name : MANAV RATNA GLOBAL SCHOOL
Head/Principal Name: DHARMVEER","Address : VPO SUNARIAN KHURD ROHTAK
Website : www.mrgs.in"
1144,"Aff. No. :531568
Sch. Code:41547","State : HARYANA
District : ROHTAK",Secondary Level,"Name : MASCOT SCHOOL OF EXCELLENCE
Head/Principal Name: PAWAN KUMAR RANA","Address : VILL KARONTHA DISTT ROHTAK
Website : www.mserohtak.in"
1145,"Aff. No. :531600
Sch. Code:41574","State : HARYANA
District : ROHTAK",Senior Secondary Level,"Name : MDS PUBLIC SCHOOL
Head/Principal Name: Sanju Ahlawat","Address : VPO MADINA
Website : www.MDSMADINA.COM"
1146,"Aff. No. :531606
Sch. Code:41586","State : HARYANA
District : ROHTAK",Senior Secondary Level,"Name : THE MODERN PUBLIC SCHOOL
Head/Principal Name: RAJ YADAV","Address : LADHOT ROAD ROHTAK,BEHIND RAJIV GANDHI STADIUM
Website : www.themodernschoolrohtak.com"
1147,"Aff. No. :531591
Sch. Code:41570","State : HARYANA
District : ROHTAK",Senior Secondary Level,"Name : KASTOORI DEVI MEMORIAL PUBLIC SCHOOL
Head/Principal Name: KAVITA MALIK","Address : VPO- KABULPUR, DISTRICT- ROHTAK, HARYANA LOCATED AT KABULPUR -BERI ROAD
Website : www.kdmps.in"
1148,"Aff. No. :531519
Sch. Code:41503","State : HARYANA
District : ROHTAK",Secondary Level,"Name : SATI BHAI SAI DASS PUBLIC SCHOOL
Head/Principal Name: Dr. Sheetal Rani","Address : NEAR NEW BUS STAND KALANAUR ROHTAK HARYANA
Website : www.sbsdpublicschool.in"
1149,"Aff. No. :531395
Sch. Code:41366","State : HARYANA
District : ROHTAK",Senior Secondary Level,"Name : KATAR SINGH MEMORIAL PUBLIC SCHOOL
Head/Principal Name: ANITA MALIK","Address : V.P.O.ASSAN DISST. ROHTAK
Website : www.katarsinghschool.in"
1150,"Aff. No. :531403
Sch. Code:41377","State : HARYANA
District : ROHTAK",Senior Secondary Level,"Name : MOTHER INDIA SR SEC SCHOOL
Head/Principal Name: Rajbir Singh","Address : BASANA ROAD , MOKHRA DISTT- ROHTAK (HARYANA) 124022
Website : www.motherindiamokhra.com"
1151,"Aff. No. :531381
Sch. Code:41357","State : HARYANA
District : ROHTAK",Senior Secondary Level,"Name : D A V POLICE PUBLIC SCHOOL
Head/Principal Name: Reena Harjai","Address : NEAR DISTT. JAIL, ADJOINING IIM ROHTAK, SUNARIAN, DISTT- ROHTAK PIN-124001
Website : www.davppssunarian.in"
1152,"Aff. No. :531387
Sch. Code:41390","State : HARYANA
District : ROHTAK",Secondary Level,"Name : MODEL SCHOOL KALANAUR
Head/Principal Name: ASHITA BHAMBRI","Address : BEHIND DHINGRA PERTOL PUMP, NEW ANAJ MANDI ROAD
Website : www.modelschoolkalanaur.com"
1153,"Aff. No. :531479
Sch. Code:41457","State : HARYANA
District : ROHTAK",Senior Secondary Level,"Name : JAN SEWA SANSTHAN PUBLIC SCHOOL
Head/Principal Name: PARVEEN KUMAR","Address : JAN SEWA SANSTHAN VRIDH AND ANATH ASHRAM, BHIWANI ROAD
Website : http://Jssnishulkschool.com"
1154,"Aff. No. :531290
Sch. Code:41263","State : HARYANA
District : ROHTAK",Senior Secondary Level,"Name : SANSKAR VALLEY PUBLIC SCHOOL
Head/Principal Name: YASHWANTI","Address : V.P.O PATWAPUR
Website : http://svpspatwapur.com/"
1155,"Aff. No. :531267
Sch. Code:41266","State : HARYANA
District : ROHTAK",Secondary Level,"Name : SEA & SKY CONVENT SCHOOL
Head/Principal Name: POONAM","Address : V.P.O. HUMAYUNPUR
Website : https://seaskyconventschool.com"
1156,"Aff. No. :531274
Sch. Code:41252","State : HARYANA
District : ROHTAK",Senior Secondary Level,"Name : SMRITI PUBLIC SCHOOL
Head/Principal Name: Sakhil Malik","Address : VILL GHILLOR KALAN, ROHTAK - GOHANA ROAD, NEAR RAILWAY CROSSING
Website : www.smritipublicschool.com"
1157,"Aff. No. :531340
Sch. Code:41314","State : HARYANA
District : ROHTAK",Senior Secondary Level,"Name : GD GOENKA INTERNATIONAL SCHOOL ,ROHTAK
Head/Principal Name: SUNNY JAGLAN","Address : 8TH MILESTONE , SONEPAT ROAD, ROHTAK ,
Website : www.gdgoenkarohtak.com"
1158,"Aff. No. :531313
Sch. Code:41289","State : HARYANA
District : ROHTAK",Senior Secondary Level,"Name : THE LITTLE SHRI
Head/Principal Name: SHINA SINGH","Address : OPP- SENIOR CITIZEN CLUB, SECTOR 03, ROHTAK-124001
Website : www.tlsedu.in"
1159,"Aff. No. :531305
Sch. Code:41280","State : HARYANA
District : ROHTAK",Senior Secondary Level,"Name : ZAD GLOBAL SCHOOL
Head/Principal Name: SEEMA SACHDEVA","Address : VILL BHAGWATIPUR, ROHTAK-JIND ROAD
Website : www.zadglobalschool.edu.in"
1160,"Aff. No. :531163
Sch. Code:41119","State : HARYANA
District : ROHTAK",Senior Secondary Level,"Name : S.D.MEMORIAL CONVENT HIGH SCHOOL
Head/Principal Name: NAVITA","Address : V.P.O.KILOI, ROHTAK
Website : www.sdmconventschool.com"
1161,"Aff. No. :531152
Sch. Code:41141","State : HARYANA
District : ROHTAK",Senior Secondary Level,"Name : CH.NEKI RAM PUBLIC SCHOOL
Head/Principal Name: PARDEEP KUMAR","Address : V.P.O.BHAINI MAHARAJ PUR MEHAM ROHTAK
Website : www.cnreducation.org"
1162,"Aff. No. :531109
Sch. Code:41080","State : HARYANA
District : ROHTAK",Senior Secondary Level,"Name : ST. MARYS SR. SEC. SCHOOL
Head/Principal Name: SABU JOSEPH","Address : BAHU AKBARRPUR, N H-10, NEAR NIDANA ROAD, ROHTAK, HARYANA- 124001.
Website : www.stmarysrohtak.com"
1163,"Aff. No. :531114
Sch. Code:41088","State : HARYANA
District : ROHTAK",Senior Secondary Level,"Name : GURUKUL HIGH SCHOOL BHAIYAPUR LADHOUT
Head/Principal Name: SANJAY KUMAR","Address : BHAIYAPUR LADHOUT ROHTAK (HARYANA) 124001
Website : www.gurukulvishwabharti.com"
1164,"Aff. No. :531104
Sch. Code:41053","State : HARYANA
District : ROHTAK",Senior Secondary Level,"Name : MODEL SCHOOL
Head/Principal Name: RITU MADAAN","Address : HUDA SECTOR-4, NEAR GYMKHANA CLUB
Website : www.modelschoolsec4.co.in"
1165,"Aff. No. :531106
Sch. Code:41059","State : HARYANA
District : ROHTAK",Senior Secondary Level,"Name : GREEN VALLEY SR. SEC. SCHOOL TITOLI
Head/Principal Name: Surender Kumar","Address : V.& P.O. TITOLI
Website : www.gvschoolrohtak.com"
1166,"Aff. No. :531083
Sch. Code:41023","State : HARYANA
District : ROHTAK",Senior Secondary Level,"Name : S.B. MODEL SCHOOL
Head/Principal Name: KRISHNA ROHILLA","Address : BHIWANI ROAD, ROHTAK, HARYANA
Website : www.sbmodelschool.org"
1167,"Aff. No. :531094
Sch. Code:41047","State : HARYANA
District : ROHTAK",Senior Secondary Level,"Name : H. D. PUBLIC SCHOOL
Head/Principal Name: KANCHAN PATHAK","Address : V & PO BALAND DISTT. ROHTAK (HARYANA)
Website : www.hdpsbaland.com"
1168,"Aff. No. :531097
Sch. Code:41067","State : HARYANA
District : ROHTAK",Senior Secondary Level,"Name : NALANDA PUBLIC SCHOOL
Head/Principal Name: USHA JOON","Address : 3 K.M. STONE BERI RPAD, SAMPLA-124501
Website : https://nps.edu.in/"
1169,"Aff. No. :531066
Sch. Code:41065","State : HARYANA
District : ROHTAK",Senior Secondary Level,"Name : S.V.M. INTERNATIONAL SCHOOL
Head/Principal Name: Rajni","Address : V.P.O. BALAND
Website : www.svminternational.co.in"
1170,"Aff. No. :531042
Sch. Code:41001","State : HARYANA
District : ROHTAK",Senior Secondary Level,"Name : KVM PUBLIC SCHOOL
Head/Principal Name: MEENA","Address : LADHOT ROAD, BEHIND NEW BUS STAND
Website : www.kvmpublicschool.com"
1171,"Aff. No. :530982
Sch. Code:40938","State : HARYANA
District : ROHTAK",Senior Secondary Level,"Name : DUHAN PUBLIC SCHOOL
Head/Principal Name: ANU RANA","Address : V.P.O. JASSIA
Website : https://duhanpublicschool.org/"
1172,"Aff. No. :531015
Sch. Code:40962","State : HARYANA
District : ROHTAK",Senior Secondary Level,"Name : B.K.N. PUBLIC SCHOOL
Head/Principal Name: REKHA RANI","Address : NH10, KHARKARA, TEH. MEHAM, DIST. ROHTAK
Website : www.bknps.com"
1173,"Aff. No. :530978
Sch. Code:40936","State : HARYANA
District : ROHTAK",Senior Secondary Level,"Name : SHRI JYOTI PRAKASH SENIOR SECONDARY SCHOOL, JASSIA (ROHTAK) HARYANA
Head/Principal Name: SANJAY AGGARWAL","Address : V.P.O. JASSIA
Website : www.jpsjassia.com"
1174,"Aff. No. :530972
Sch. Code:40930","State : HARYANA
District : ROHTAK",Senior Secondary Level,"Name : N.I.C SR. SEC. SCHOOL ASSAN (ROHTAK)
Head/Principal Name: Geetanjali","Address : V.P.O ASSAN DISTT. ROHTAK
Website : www.nicschoolassan.com"
1175,"Aff. No. :530916
Sch. Code:40895","State : HARYANA
District : ROHTAK",Senior Secondary Level,"Name : MEGHA RAM PUBLIC HIGH SCHOOL
Head/Principal Name: MONIKA","Address : V.P.O BHAINSRU KHURD, TEH. SAMPLA, DISTT. ROHTAK , HARYANA
Website : www.megharampublichighschool.com"
1176,"Aff. No. :530898
Sch. Code:40865","State : HARYANA
District : ROHTAK",Senior Secondary Level,"Name : S. V. INTERNATIONAL SCHOOL
Head/Principal Name: YOGITA DIXIT","Address : GARHI SAMPLA,DISTRICT ROHTAK
Website : www.svinternationalschool.in"
1177,"Aff. No. :530825
Sch. Code:40803","State : HARYANA
District : ROHTAK",Senior Secondary Level,"Name : THE SUNSHINE SENIOR SECONDARY SCHOOL
Head/Principal Name: RITU","Address : KACCHA CHAMARIAN ROAD, NEAR SRISHTI HYUNDAI
Website : www.thesunshineschoolrtk.com"
1178,"Aff. No. :530868
Sch. Code:40837","State : HARYANA
District : ROHTAK",Senior Secondary Level,"Name : J.A.SARASWATI VIDYA PEETH SENIOR SECONDARY SCHOOL, BAINSI
Head/Principal Name: SHALINI","Address : V.P.O. BAINSI, TEHSIL-MEHAM, DISTT. ROHTAK, HARYANA
Website : www.jasaraswati.in"
1179,"Aff. No. :530881
Sch. Code:40908","State : HARYANA
District : ROHTAK",Senior Secondary Level,"Name : M.G.M. SR. SEC. SCHOOL
Head/Principal Name: NARESH GIRDHAR","Address : JIND ROAD, TITOLI, ROHTAK
Website : www.mgm-school.in"
1180,"Aff. No. :530793
Sch. Code:40769","State : HARYANA
District : ROHTAK",Senior Secondary Level,"Name : THE AARYAN PUBLIC SCHOOL
Head/Principal Name: Nisha Monga","Address : V.P.O. LAKHAN MAJRA DISTT. ROHTAK, HARYANA
Website : http://theaaryanpublicschool.edu.in"
1181,"Aff. No. :530743
Sch. Code:40720","State : HARYANA
District : ROHTAK",Senior Secondary Level,"Name : H. D. PUBLIC SCHOOL
Head/Principal Name: DULAL DEB","Address : BAHU AKBARPUR, DISTT ROHTAK, HARYANA
Website : www.hdpsbahu.com"
1182,"Aff. No. :530759
Sch. Code:40733","State : HARYANA
District : ROHTAK",Senior Secondary Level,"Name : SCHOLARS ROSARY SCHOOL
Head/Principal Name: PREETI GUGNANI","Address : 6K.M. STONE, VILLAGE BOHAR, SONIPAT ROAD
Website : https://senior.scholarsrosary.co.in"
1183,"Aff. No. :530760
Sch. Code:40737","State : HARYANA
District : ROHTAK",Senior Secondary Level,"Name : VIKALP PUBLIC HIGH SCHOOL
Head/Principal Name: Kiran Pahwa","Address : JASBIR COLONY
Website : www.vikalppublichighschool.com"
1184,"Aff. No. :530774
Sch. Code:40748","State : HARYANA
District : SONIPAT",Senior Secondary Level,"Name : SHIVAJI VIDYAPEETH SR. SEC. SCHOOL, BHADHANA,
Head/Principal Name: MANISHA DAHIYA","Address : BHADHANA SONEPAT
Website : www.shivajividyapeeth.org"
1185,"Aff. No. :530795
Sch. Code:40767","State : HARYANA
District : SONIPAT",Senior Secondary Level,"Name : MAM CHAND PUBLIC SCHOOL
Head/Principal Name: VINESH SAINI","Address : DEVRU ROAD, SONEPAT
Website : www.mamchandschool.com"
1186,"Aff. No. :530803
Sch. Code:40776","State : HARYANA
District : SONIPAT",Senior Secondary Level,"Name : SHAMBHU DAYAL SHIKSHA SADAN
Head/Principal Name: SATYADEV","Address : KHANDA, SONEPAT
Website :"
1187,"Aff. No. :530808
Sch. Code:40782","State : HARYANA
District : SONIPAT",Senior Secondary Level,"Name : GIAN BHARTI PUBLIC HIGH SCHOOL
Head/Principal Name: SUNIL KUMAR","Address : SIKANDERPUR MAJRA, GOHANA
Website : WWW.GBPSSCHOOL.COM"
1188,"Aff. No. :530882
Sch. Code:40853","State : HARYANA
District : SONIPAT",Senior Secondary Level,"Name : SHASWAT CHETNA SR. SEC. SCHOOL
Head/Principal Name: SIDHARTH SHARMA","Address : SHASWAT CHETNA SR. SEC. SCHOOL, GANAUR
Website : www.shaswatchetnaschool.com"
1189,"Aff. No. :530867
Sch. Code:40836","State : HARYANA
District : SONIPAT",Senior Secondary Level,"Name : B.S. SENIOR SECONDARY SCHOOL
Head/Principal Name: RAMBIR SINGH","Address : THANA KALAN, SONEPAT, HARYANA
Website : www.brahmshaktithanakalan.com"
1190,"Aff. No. :530848
Sch. Code:40822","State : HARYANA
District : SONIPAT",Senior Secondary Level,"Name : GYAN DEEP SR. SECONDARY SCHOOL,
Head/Principal Name: GEETA SEHRAWAT","Address : TEHA, GANAUR, DISTT. SONEPAT, HARYANA
Website : www.gyandeepschoolganaur.com"
1191,"Aff. No. :530851
Sch. Code:40814","State : HARYANA
District : SONIPAT",Senior Secondary Level,"Name : SHRI RAM MODERN SR. SEC. SCHOOL
Head/Principal Name: Priyanka","Address : CHAWLA COLONY, NEAR SUBZI MANDI, SONEPAT
Website : www.shriramschool.in"
1192,"Aff. No. :530852
Sch. Code:40818","State : HARYANA
District : SONIPAT",Senior Secondary Level,"Name : ARYAVART SR. SEC. SCHOOL
Head/Principal Name: NIPUN KUMAR","Address : KHANDA SONEPAT
Website : www.aryavartschoolkhanda.com"
1193,"Aff. No. :530836
Sch. Code:40806","State : HARYANA
District : SONIPAT",Senior Secondary Level,"Name : M.R.PUBLIC HIGH SCHOOL
Head/Principal Name: ANITA SHARMA","Address : GAUTAM NAGAR, GOHANA
Website : www.mrpschool.co.in"
1194,"Aff. No. :530837
Sch. Code:42306","State : HARYANA
District : SONIPAT",Middle Class,"Name : JANTA SHIKSHA SADAN MIDDLE SCHOOL
Head/Principal Name: Ranbir Singh","Address : VPO JANTI KALAN, SONEPAT
Website :"
1195,"Aff. No. :530930
Sch. Code:40898","State : HARYANA
District : SONIPAT",Senior Secondary Level,"Name : R K INTERNATIONAL SCHOOL SAFIABAD SONEPAT HARYANA
Head/Principal Name: NIDHI KHATKAR","Address : NARELA ROAD , SAFIABAD
Website : www.rkinternationalschool.net"
1196,"Aff. No. :530950
Sch. Code:40922","State : HARYANA
District : SONIPAT",Senior Secondary Level,"Name : OM PUBLIC SCHOOL
Head/Principal Name: MANJEET KHASA","Address : KHANDRAI, GOHANA, SONEPAT
Website : www.opsgohana.com"
1197,"Aff. No. :530977
Sch. Code:40935","State : HARYANA
District : SONIPAT",Senior Secondary Level,"Name : AMAR SHIKSHA SADAN SR. SEC SCHOOL
Head/Principal Name: Vipesh Sahni","Address : VILLAGE & POST SERSA, SONIPAT,
Website :"
1198,"Aff. No. :531004
Sch. Code:40985","State : HARYANA
District : SONIPAT",Senior Secondary Level,"Name : GLOBAL PUBLIC SCHOOL
Head/Principal Name: PRITI SHARMA","Address : 6TH MILE STONE KHANPUR KALAN ROAD, GOHANA
Website : https://gpsgohana.in/"
1199,"Aff. No. :530985
Sch. Code:40940","State : HARYANA
District : SONIPAT",Senior Secondary Level,"Name : J P JAIN SENIOR SECONDRY SCHOOL
Head/Principal Name: DHEERAJ KUMAR","Address : J.P.JAIN SENIOR SECONDRY SCHOOL, SONEPAT
Website : www.jpjainschool.com"
1200,"Aff. No. :530998
Sch. Code:40986","State : HARYANA
District : SONIPAT",Senior Secondary Level,"Name : SANSKAR VIDYA PEETH SR.SEC. SCHOOL
Head/Principal Name: ARVIND KUMAR PUNIA","Address : V.P.O. BHAINSWAN KHURD, GOHANA, SONEPAT,
Website : www.sanskarvidyapeethgohana.com"
1201,"Aff. No. :531060
Sch. Code:41064","State : HARYANA
District : SONIPAT",Senior Secondary Level,"Name : THE GOLDEN ERA PUBLIC SCHOOL
Head/Principal Name: NITIN KHANDEWAL","Address : RATHDHANA ROAD, BANDEPUR, SONEPAT
Website : www.tgeps.in"
1202,"Aff. No. :531070
Sch. Code:41016","State : HARYANA
District : SONIPAT",Senior Secondary Level,"Name : MANN INTERNATIONAL SCHOOL
Head/Principal Name: Manju rani","Address : SIKANDERPUR MAJRA , GOHANA
Website : www.manninternationalschool.com"
1203,"Aff. No. :531085
Sch. Code:41131","State : HARYANA
District : SONIPAT",Senior Secondary Level,"Name : KIRORIMAL PUBLIC SCHOOL
Head/Principal Name: MONIKA","Address : VILLAGE:-KHEWRA, SONEPAT, HARYANA
Website : www.kirorimalschool.com"
1204,"Aff. No. :531108
Sch. Code:41076","State : HARYANA
District : SONIPAT",Senior Secondary Level,"Name : NALANDA INTERNATIONAL SCHOOL
Head/Principal Name: SUBHASH CHANDER","Address : 6 K.M. MILE STONE JIND ROAD BUTANA TEH GOHANA
Website : www.nalandainternationalschool.org"
1205,"Aff. No. :531101
Sch. Code:41051","State : HARYANA
District : SONIPAT",Senior Secondary Level,"Name : THE ARYAN SENIOR SECONDARY SCHOOL
Head/Principal Name: Dr. Swati","Address : BANWASA, GOHANA, SONIPAT, HARYANA
Website : www.thearyanschoolbanwasa.com"
1206,"Aff. No. :531123
Sch. Code:41138","State : HARYANA
District : SONIPAT",Senior Secondary Level,"Name : G.D. GOENKA INTERNATIONAL SCHOOL
Head/Principal Name: NIDHI JAIN","Address : BAHALGARH-MEERUT ROAD, VILLAGE KHEWRA, SONEPAT-131001 HARYANA
Website : www.gdgoenkasonepat.com"
1207,"Aff. No. :531148
Sch. Code:41111","State : HARYANA
District : SONIPAT",Senior Secondary Level,"Name : DELHI VIDYAPEETH
Head/Principal Name: ARADHANA","Address : DEVRU ROAD, SHIV COLONY SONEPAT - 131001, HARYANA
Website : www.delhividyapeeth.com"
1208,"Aff. No. :531170
Sch. Code:41130","State : HARYANA
District : SONIPAT",Senior Secondary Level,"Name : J.S. INTERNATIONAL PUBLIC SCHOOL,
Head/Principal Name: RAKESH KUMAR","Address : VILLAGE BILL BILLAN, FARMANA, SONEPAT
Website : www.jsischool.com"
1209,"Aff. No. :531186
Sch. Code:41171","State : HARYANA
District : SONIPAT",Senior Secondary Level,"Name : GYAN GANGA GLOBAL SCHOOL
Head/Principal Name: GEETA CHOPRA","Address : VILLAGE JAHARI, PURKHAS ROAD
Website : www.g3school.com"
1210,"Aff. No. :531181
Sch. Code:41163","State : HARYANA
District : SONIPAT",Senior Secondary Level,"Name : GEETANJALI SENIOR SECONDARY SCHOOL
Head/Principal Name: A. Pandey","Address : GURUSADAN BARWASNI
Website : www.geetanjalischool.com"
1211,"Aff. No. :531248
Sch. Code:41222","State : HARYANA
District : SONIPAT",Senior Secondary Level,"Name : ISHWAR INTERNATIONAL SCHOOL
Head/Principal Name: Usha Kaushik","Address : GOHANA (SONIPAT)
Website : www.iisgohana.com"
1212,"Aff. No. :531202
Sch. Code:41184","State : HARYANA
District : SONIPAT",Senior Secondary Level,"Name : SARASWATI SHIKSHA SANSTHAN HIGH SCHOOL
Head/Principal Name: ANKUR ROHILLA","Address : MURTHAL ROAD NEAR SURAJMAL PETROL PUMP , VIKAS NAGAR
Website : www.saraswatisnp.com"
1213,"Aff. No. :531204
Sch. Code:41181","State : HARYANA
District : SONIPAT",Senior Secondary Level,"Name : BABU RAM GLOBAL SCHOOL
Head/Principal Name: POOJA PAHAL","Address : GANAUR - KHERI GUJJAR ROAD, 1.5 KMS. FROM GANAUR RAILWAY STATION
Website : www.brgs.co.in"
1214,"Aff. No. :531176
Sch. Code:41151","State : HARYANA
District : SONIPAT",Senior Secondary Level,"Name : TIKA RAM MODEL SCHOOL
Head/Principal Name: Asha Rani","Address : WEST RAM NAGGAR
Website : www.tikarammodelschool.com"
1215,"Aff. No. :531194
Sch. Code:41175","State : HARYANA
District : SONIPAT",Senior Secondary Level,"Name : S.B. GLOBAL SCHOOL
Head/Principal Name: Urvashi","Address : MEERUT ROAD (PALLRI) SONEPAT
Website : www.sbglobalschool.in"
1216,"Aff. No. :531196
Sch. Code:41176","State : HARYANA
District : SONIPAT",Senior Secondary Level,"Name : LANDMARK INTERNATIONAL SCHOOL
Head/Principal Name: MEENA HOODA","Address : K. M. STONE - 8, GOHANA-ROHTAK ROAD(NH-71A), GOHANA, SONEPAT, HARYANA.
Website : http://www.landmarkintls.com"
1217,"Aff. No. :531197
Sch. Code:41177","State : HARYANA
District : SONIPAT",Senior Secondary Level,"Name : STANFORD INTERNATIONAL SCHOOL
Head/Principal Name: ANJU KOHLI","Address : MEERUT BAHALGARH ROAD, NERA GLAXO COMPANY, PALARI
Website : https://stanfordschools.co.in/mandatorypublic-disclosure.php"
1218,"Aff. No. :531335
Sch. Code:41317","State : HARYANA
District : SONIPAT",Secondary Level,"Name : GROWELL PUBLIC SCHOOL
Head/Principal Name: Neelam","Address : VPO.CHAIYA OLIYA PURKHAS ROAD SONIPAT
Website : www.growellschool.org"
1219,"Aff. No. :531323
Sch. Code:41293","State : HARYANA
District : SONIPAT",Secondary Level,"Name : LORD KRISHNA PUBLIC SCHOOL
Head/Principal Name: PRIYANKA","Address : JAINPUR ROAD, BAKHTAWARPUR- SONIPAT-131027
Website : www.lkps.org.in"
1220,"Aff. No. :531357
Sch. Code:41333","State : HARYANA
District : SONIPAT",Senior Secondary Level,"Name : UNIQUE PUBLIC SCHOOL
Head/Principal Name: SUNIL KUMAR","Address : VILLAGE -PUGTHALA SONEPAT
Website : www.upspugthala.in"
1221,"Aff. No. :531353
Sch. Code:41322","State : HARYANA
District : SONIPAT",Senior Secondary Level,"Name : BAL BHAVAN INTERNATIONAL SCHOOL
Head/Principal Name: JAI BHARAT GUPTA","Address : N.H. -1 , G T ROAD, GANNAUR - 131101 (DISTT. SONEPAT), HARYANA
Website : www.bbisgannaur.com"
1222,"Aff. No. :531276
Sch. Code:41253","State : HARYANA
District : SONIPAT",Senior Secondary Level,"Name : RUKMINI DEVI PUBLIC SCHOOL
Head/Principal Name: PRAVEEN GUPTA","Address : 43.7 MILESTONE, NH-1, VARDAAN CHOWK, SEC. 7, BAHALGARH, SONEPAT
Website : www.rdps-nh1.edu.in"
1223,"Aff. No. :531266
Sch. Code:41244","State : HARYANA
District : SONIPAT",Senior Secondary Level,"Name : THE VEDIC ERA PROGRESSIVE SCHOOL, RATANGARH, SONIPAT
Head/Principal Name: AMIT VERMA","Address : VILLAGE RATANGARH, SONIPAT, HARYANA 131001
Website : www.thevedicera.com"
1224,"Aff. No. :531293
Sch. Code:41270","State : HARYANA
District : SONIPAT",Senior Secondary Level,"Name : THE MODERN SCHOOL ECNCR DELHI
Head/Principal Name: RAJEEV KUMAR SRIVASTAVA","Address : RAJIV GANDHI EDUCATION CITY, PHASE- II, VILLAGE-SEVLI, SONEPAT
Website : http://www.modernschoolec.com"
1225,"Aff. No. :531287
Sch. Code:41262","State : HARYANA
District : SONIPAT",Senior Secondary Level,"Name : M.R.N. PUBLIC SCHOOL
Head/Principal Name: EKTA SANGWAN","Address : M.R.N. PUBLIC SCHOOL RINDHANA, RINDHANA DHANANA ROAD, TEH GOHANA DISTRICT SONEPAT-131304
Website : www.mrnschool.com"
1226,"Aff. No. :531288
Sch. Code:41285","State : HARYANA
District : SONIPAT",Senior Secondary Level,"Name : SHREEJEE INTERNATIONAL SCHOOL
Head/Principal Name: SUMESH CHANDRA MISRA","Address : 11 MOORTI MURTHAL ROAD SONEPAT
Website : www.sjissonipat.in"
1227,"Aff. No. :531470
Sch. Code:41448","State : HARYANA
District : SONIPAT",Senior Secondary Level,"Name : P.S. PUBLIC SCHOOL
Head/Principal Name: NAVEEN KUMAR","Address : P.S.PUBLIC SCHOOL,BHURRI,SONEPAT,HARYANA PIN-131001
Website : www.pspublicschool.com"
1228,"Aff. No. :531450
Sch. Code:41420","State : HARYANA
District : SONIPAT",Senior Secondary Level,"Name : SOUTH POINT WORLD SCHOOL
Head/Principal Name: SONIA VINAYAK","Address : MURTHAL CHOWK, G.T.ROAD, MURTHAL, SONEPAT
Website : www.southpointworld.com"
1229,"Aff. No. :531451
Sch. Code:41428","State : HARYANA
District : SONIPAT",Senior Secondary Level,"Name : PURAN MURTI GLOBAL SCHOOL
Head/Principal Name: Himani Dahiya","Address : KAMI ROAD
Website : www.puranmurti.in"
1230,"Aff. No. :531446
Sch. Code:41418","State : HARYANA
District : SONIPAT",Senior Secondary Level,"Name : GOLDEN HARRIER SCHOOL
Head/Principal Name: JYOTI DAHIYA","Address : VILLAGE JAKHOLI, PO JAKHOLI
Website : www.goldenharriers.com"
1231,"Aff. No. :531388
Sch. Code:41411","State : HARYANA
District : SONIPAT",Secondary Level,"Name : SUNRISE PUBLIC SCHOOL
Head/Principal Name: Mrs.Prerna Sharma","Address : VILLAGE SANDAL KHURD PO- SANDAL KALAN SONIPAT
Website : http://sunrisepublicschool.co.in"
1232,"Aff. No. :531399
Sch. Code:41373","State : HARYANA
District : SONIPAT",Senior Secondary Level,"Name : SWASTIK CONVENT SCHOOL
Head/Principal Name: Sunita Khatri","Address : PURKHAS ROAD JATWARA
Website : https://www.swastikconventschool.org/"
1233,"Aff. No. :531397
Sch. Code:41368","State : HARYANA
District : SONIPAT",Senior Secondary Level,"Name : SHIV SHAKTI SENIOR SECONDARY SCHOOL
Head/Principal Name: BHAWNA","Address : MEHLANA ROAD
Website : www.shivshaktischoolsnp.com"
1234,"Aff. No. :531417
Sch. Code:41393","State : HARYANA
District : SONIPAT",Senior Secondary Level,"Name : BRAHMI JANTA SR. SEC. SCHOOL
Head/Principal Name: SURENDER SINGH","Address : PRITAMPURA ROAD NATHUPUR
Website : https://brahmijantasrsecscchool.com/index.html"
1235,"Aff. No. :531537
Sch. Code:41512","State : HARYANA
District : SONIPAT",Senior Secondary Level,"Name : PRAYAAS INTERNATIONAL SCHOOL
Head/Principal Name: Surender Chhabra","Address : VILLAGE PANCHI GUJRAN, TEHSIL GANAUR, DISTT. SONIPAT
Website : www.prayaasinternationalschool.com"
1236,"Aff. No. :531506
Sch. Code:41482","State : HARYANA
District : SONIPAT",Senior Secondary Level,"Name : DAV POLICE PUBLIC SCHOOL
Head/Principal Name: Savita Devi","Address : DAV POLICE PUBLIC SCHOOL, POLICE LINES, SONIPAT
Website : www.davpps.org"
1237,"Aff. No. :531512
Sch. Code:41490","State : HARYANA
District : SONIPAT",Senior Secondary Level,"Name : MODERN CONVENT SCHOOL
Head/Principal Name: PRIYA","Address : 64TH K.M.STONE,GT KARNAL ROAD, NH 1,
Website : www.gargygurukulganaur.in"
1238,"Aff. No. :531495
Sch. Code:41471","State : HARYANA
District : SONIPAT",Senior Secondary Level,"Name : T D I INTERNATIONAL SCHOOL
Head/Principal Name: DEEPMALA","Address : SECTOR 59, KUNDLI , SONEPAT
Website : www.tdiinternationalschool.com"
1239,"Aff. No. :531596
Sch. Code:41575","State : HARYANA
District : SONIPAT",Senior Secondary Level,"Name : RISHIKUL WORLD ACADEMY
Head/Principal Name: CHANCHAL","Address : SONEPAT
Website : www.rishikuworldacademy.edu.in"
1240,"Aff. No. :531599
Sch. Code:41577","State : HARYANA
District : SONIPAT",Senior Secondary Level,"Name : ST. JUDES ACADEMY
Head/Principal Name: FR THAVAMANI","Address : HOLY CHILD SCHOOL ROAD
Website : www.stjudesonipat.org"
1241,"Aff. No. :531577
Sch. Code:41554","State : HARYANA
District : SONIPAT",Senior Secondary Level,"Name : BRIGHTWAYS INTERNATIONAL SCHOOL
Head/Principal Name: SAVI SOLANKI","Address : KHASRA NO. 141/20, 21, 26 AND 144/1, 10/1, MATINDU ROAD, VILLAGE KHARKHODA, DISTT. SONIPAT, HARYANA
Website : www.brightwaysinternationalschool.in"
1242,"Aff. No. :531578
Sch. Code:41556","State : HARYANA
District : SONIPAT",Senior Secondary Level,"Name : JKP INTERNATIONAL SCHOOL
Head/Principal Name: DR POOJA AHUJA","Address : VILLAGE- BHATGOAN DUGRAN
Website : www.jkpinternationalschool.com"
1243,"Aff. No. :531558
Sch. Code:41534","State : HARYANA
District : SONIPAT",Senior Secondary Level,"Name : LAKSHAY INTERNATIONAL SCHOOL
Head/Principal Name: Richa Khatri","Address : VPO. GHASAULI
Website : http://www.lakshayinternationalschool.org"
1244,"Aff. No. :531681
Sch. Code:41677","State : HARYANA
District : SONIPAT",Senior Secondary Level,"Name : KARAN SINGH MEMORIAL SENIOR SECONDARY SCHOOL
Head/Principal Name: Sunil Kumar","Address : V.P.O. KHANDA
Website : https://karansinghschool.com/"
1245,"Aff. No. :531625
Sch. Code:40760","State : HARYANA
District : SONIPAT",Senior Secondary Level,"Name : UNIVERSITY CAMPUS SCHOOL
Head/Principal Name: Saroj Singh","Address : BPS MAHILA VISHWA VIDYALAYA, KHANPUR KALAN, DISTT. SONEPAT, HARYANA
Website :"
1246,"Aff. No. :531615
Sch. Code:41593","State : HARYANA
District : SONIPAT",Senior Secondary Level,"Name : SIR CHHOTU RAM SR. SEC. SCHOOL
Head/Principal Name: Sarita Meharia","Address : VILLAGE - MALAH MAJRA, SONIPAT
Website : www.chhoturamschool.in"
1247,"Aff. No. :531751
Sch. Code:41730","State : HARYANA
District : SONIPAT",Senior Secondary Level,"Name : BIRLA CHILDREN ACADEMY
Head/Principal Name: Chiruvolu Kavitha","Address : ROHTAK ROAD,KHARKHODA,DISTT. SONIPAT-131402,HARYANA
Website : www.birlaschoolsonipat.com"
1248,"Aff. No. :531723
Sch. Code:41700","State : HARYANA
District : SONIPAT",Senior Secondary Level,"Name : THE SPRING ERA PUBLIC SCHOOL
Head/Principal Name: RAJNI CHHIKARA","Address : VPO- ULDEPUR(THARU)
Website : www.thespringeraschool.com"
1249,"Aff. No. :531696
Sch. Code:41675","State : HARYANA
District : SONIPAT",Secondary Level,"Name : GREENWOOD PUBLIC SCHOOL
Head/Principal Name: PROMILA","Address : VPO BOHLA
Website : www.greenwoodschoolbohla.com"
1250,"Aff. No. :531697
Sch. Code:41676","State : HARYANA
District : SONIPAT",Senior Secondary Level,"Name : MANODEV INTERNATIONAL SCHOOL
Head/Principal Name: Bhawna","Address : V.P.O PIPLI
Website : www.manodevinternationalschool.com"
1251,"Aff. No. :531708
Sch. Code:41705","State : HARYANA
District : SONIPAT",Senior Secondary Level,"Name : SPRINGBIRD SCHOOL
Head/Principal Name: UMA","Address : SPRINGBIRD SCHOOL ATLAS ROAD SONIPAT HARYANA
Website : www.springbirdschool.com"
1252,"Aff. No. :520024
Sch. Code:44008","State : HARYANA
District : SONIPAT",Senior Secondary Level,"Name : GOVT MODEL SANSKRITI SENIOR SECONDARY SCHOOL, MATINDU(3480)
Head/Principal Name: PARMOD KUMAR","Address : VPO MATINDU
Website : https://gmssssmatindu.com/"
1253,"Aff. No. :520106
Sch. Code:44082","State : HARYANA
District : SONIPAT",Senior Secondary Level,"Name : GOVT MODEL SANSKRITI SR SEC SCHOOL
Head/Principal Name: SANJIV KUMAR DAHIYA","Address : GMSSSS MODEL TOWN SONEPAT HARYANA-131001
Website : https://gmssssmtsonipat.edu.in/"
1254,"Aff. No. :520009
Sch. Code:44021","State : HARYANA
District : SONIPAT",Senior Secondary Level,"Name : CHAUDHARY SHYAM CHAND GOVT. MODEL SANSKRITI SR. SEC. SCHOOL LATH
Head/Principal Name: ANIL GOEL","Address : VPO LATH
Website : www.cscgmsssslath.com"
1255,"Aff. No. :520010
Sch. Code:44015","State : HARYANA
District : SONIPAT",Senior Secondary Level,"Name : GOVT. MODEL SANSKRITI SENIOR SECONDARY SCHOOL BEESWANMEEL
Head/Principal Name: NARENDER KUMAR","Address : GMSSSS BEESWANMEEL RAI SONIPAT HARYANA 131029
Website : https://gmssssrai.org"
1256,"Aff. No. :520011
Sch. Code:44014","State : HARYANA
District : SONIPAT",Senior Secondary Level,"Name : GOVT. MODEL SANSKRITI SR. SEC. SCHOOL (3460) GANAUR
Head/Principal Name: RUPANDER KUMAR","Address : M C ROAD GANAUR SONIPAT
Website : www.gmssganaur.org"
1257,"Aff. No. :500020
Sch. Code:44542","State : HARYANA
District : SONIPAT",Senior Secondary Level,"Name : PM SHRI KENDRIYA VIDYALAYA NAHARA
Head/Principal Name: BHOOP SINGH","Address : NAHRA DT. SONEPAT HARYANA
Website : www.nahara.kvs.ac.in"
1258,"Aff. No. :500152
Sch. Code:44653","State : HARYANA
District : SONIPAT",Secondary Level,"Name : KENDRIYA VIDYALAYA GC CRPF SONIPAT
Head/Principal Name: VIJESH KUMAR","Address : GC CRPF CAMP, KHEWRA
Website : https://gccrpfsonepat.kvs.ac.in/"
1259,"Aff. No. :520004
Sch. Code:40058","State : HARYANA
District : SONIPAT",Senior Secondary Level,"Name : MOTILAL NEHRU SCHOOL OF SPTS
Head/Principal Name: RAMDHARI SHARMA","Address : RAI SONIPAT DISTT HARYANA
Website : www.mnssrai.com"
1260,"Aff. No. :520007
Sch. Code:44027","State : HARYANA
District : SONIPAT",Senior Secondary Level,"Name : GOVT. MODEL SANSKRITI SR SEC SCHOOL MADINA
Head/Principal Name: PANKAJ KUMAR","Address : V.P.O MADINA TEH.GOHANA,SONIPAT
Website : www.gmssssmadina.com"
1261,"Aff. No. :520207
Sch. Code:44186","State : HARYANA
District : SONIPAT",Senior Secondary Level,"Name : GOVT MODEL SANSKRITI SR SEC SCHOOL
Head/Principal Name: PARVEEN KUMAR","Address : V.P.O. NAHRI, V.P.O. NAHRI
Website : http://gmssssnahri.com/"
1262,"Aff. No. :520235
Sch. Code:44214","State : HARYANA
District : SONIPAT",Senior Secondary Level,"Name : PM SHRI GSSS AKBARPUR BAROTA (3604)
Head/Principal Name: BHARTI","Address : PM SHRI GSSS AKBARPUR BAROTA, VPO AKBARPUR BAROTA, BLOCK RAI
Website : https://pmshrigsssakbarpurbarota.in"
1263,"Aff. No. :520231
Sch. Code:44210","State : HARYANA
District : SONIPAT",Senior Secondary Level,"Name : PM SHRI GSSS KHARKHODA
Head/Principal Name: NIRMALA DEVI","Address : WARD NO 2 , NEAR POLICE STATION , KHARKHODA
Website : www.pmshrigssskharkhoda.in"
1264,"Aff. No. :520232
Sch. Code:44211","State : HARYANA
District : SONIPAT",Senior Secondary Level,"Name : GOVERNMENT MODEL SANSKRITI SENIOR SECONDARY SCHOOL THANA KALAN
Head/Principal Name: BABITA KUMARI","Address : VPO - THANA KALAN, BLOCK - KHARKHODA, SONIPAT
Website : https://gmssssthanakalan.com/"
1265,"Aff. No. :520270
Sch. Code:44249","State : HARYANA
District : SONIPAT",Senior Secondary Level,"Name : PM SHRI GGSSS SONIPAT
Head/Principal Name: Sunil Kumar","Address : MURTHAL ADDA CHOWK, NEAR BUS STAND, SONIPAT
Website : https://pmshriggssssonipat.com/"
1266,"Aff. No. :520335
Sch. Code:44318","State : HARYANA
District : SONIPAT",Senior Secondary Level,"Name : GOVERNMENT MODEL SANSKRITI SENIOR SECONDARY SCHOOL
Head/Principal Name: Naresh Chander","Address : VILLAGE -KHEWRA, NEAR BAHALGARH , SONIPAT
Website : https://gmkhewra.com/"
1267,"Aff. No. :520323
Sch. Code:44306","State : HARYANA
District : SONIPAT",Senior Secondary Level,"Name : GMSSSS BHAINSWAN KHURD
Head/Principal Name: SUSHILA","Address : VPO BHAINSWAN KHURD, TEH GOHANA, BLOCK KATHURA
Website : https://gmssssbhainswankhurd.in"
1268,"Aff. No. :520302
Sch. Code:44281","State : HARYANA
District : SONIPAT",Senior Secondary Level,"Name : GOVERNMENT MODEL SANSKRITI SENIOR SECONDARY SCHOOL ASADPUR NANDNAUR
Head/Principal Name: AJIT BALA","Address : VPO - ASADPUR NANDNAUR, SONIPAT, SONIPAT
Website : https://gmssssasadpur.edu.in"
1269,"Aff. No. :530100
Sch. Code:40091","State : HARYANA
District : SONIPAT",Senior Secondary Level,"Name : JANKIDAS KAPUR PUBLIC SCHOOL
Head/Principal Name: GEETANJALI GROVER","Address : SECTOR 14 SONEPAT HARYANA
Website : www.jdkps.edu.in"
1270,"Aff. No. :530134
Sch. Code:40246","State : HARYANA
District : SONIPAT",Senior Secondary Level,"Name : SARDAR VALLAB BHAI PATEL PUB SCHOOL
Head/Principal Name: MR RAKESH","Address : CHULKANA ROAD SAMALKHA, DISTT SONEPAT, HARYANA
Website :"
1271,"Aff. No. :530102
Sch. Code:40102","State : HARYANA
District : SONIPAT",Senior Secondary Level,"Name : NAVYUG PUBLIC SCHOOL
Head/Principal Name: NISHA KUMARI","Address : OLD ROHTAK ROAD NEAR SURI PETROL PUMP SONEPAT HARYANA
Website : www.npssonipat.com"
1272,"Aff. No. :530110
Sch. Code:40104","State : HARYANA
District : SONIPAT",Senior Secondary Level,"Name : DAV MULTI PURPOSE PUBLIC SCHOOL
Head/Principal Name: Vivek Kumar Mittal","Address : SECT - 15 SONIPAT HARYANA
Website : www.davsonepat.org"
1273,"Aff. No. :530065
Sch. Code:40061","State : HARYANA
District : SONIPAT",Senior Secondary Level,"Name : SHAMBHU DAYAL MODERN SCHOOL
Head/Principal Name: SAURABH SHARMA","Address : SONIPAT HARYANA
Website : HTTP://SHAMBHUDAYALSCHOOL.IN/"
1274,"Aff. No. :530041
Sch. Code:40059","State : HARYANA
District : SONIPAT",Senior Secondary Level,"Name : HINDU VIDYAPEETH
Head/Principal Name: NARENDER KUMAR","Address : KATHMANDI SONIPAT HARYANA
Website : hvpsonepat@edu.in"
1275,"Aff. No. :530078
Sch. Code:40072","State : HARYANA
District : SONIPAT",Senior Secondary Level,"Name : MALVIYA SHIKSHA SADAN
Head/Principal Name: Mr. Shammi Saxena","Address : GOHANA ROAD SONIPAT HARYANA
Website : www.malviyaschool.in"
1276,"Aff. No. :530017
Sch. Code:40060","State : HARYANA
District : SONIPAT",Senior Secondary Level,"Name : RAUNAQ PUBLIC SCHOOL
Head/Principal Name: RAJNI SHARMA","Address : RAUNAQ NAGAR GANAUR SONIPAT DISTT HARYANA
Website : www.rpsganaur.in"
1277,"Aff. No. :530007
Sch. Code:40057","State : HARYANA
District : SONIPAT",Senior Secondary Level,"Name : HOLY CHILD SEC SCHOOL
Head/Principal Name: JAYA ANTHONY","Address : NARENDER NAGAR, SONEPAT, HARYANA
Website : www.holychildsnpt.org"
1278,"Aff. No. :520353
Sch. Code:44336","State : HARYANA
District : SONIPAT",Senior Secondary Level,"Name : PM SHRI GSSS BAROLI (3450)
Head/Principal Name: Parveen","Address : VPO - BAROLI, SONIPAT, VPO - BAROLI
Website : http://www.pmshrigsssbaroli.com/"
1279,"Aff. No. :520354
Sch. Code:44337","State : HARYANA
District : SONIPAT",Senior Secondary Level,"Name : PM SHRI GGSSS FARMANA
Head/Principal Name: SUNITA","Address : FARMANA, KHARKHODA, SONIPAT
Website : http://pmshriggsssfarmana.in"
1280,"Aff. No. :530235
Sch. Code:40220","State : HARYANA
District : SONIPAT",Senior Secondary Level,"Name : HINDU SENIOR SECONDARY SCHOOL
Head/Principal Name: HEMA CHATURVEDI","Address : NEW COURT ROAD BEHIND PANCHAYAT ASHRAM SONIPAT HARYANA
Website : www.hssschool.org"
1281,"Aff. No. :530189
Sch. Code:40185","State : HARYANA
District : SONIPAT",Senior Secondary Level,"Name : SHIVA SHIKSHA SADAN
Head/Principal Name: POOJA V. BAHL","Address : DEV NAGAR SONIPAT HARYANA
Website : www.shivashikshasadan.com"
1282,"Aff. No. :530168
Sch. Code:40175","State : HARYANA
District : SONIPAT",Senior Secondary Level,"Name : LITTLE ANGELS SCHOOL
Head/Principal Name: ASHA GOYAL","Address : PATEL NAGAR SONEPAT HARYANA
Website : www.littleangelsschool.in"
1283,"Aff. No. :530156
Sch. Code:40142","State : HARYANA
District : SONIPAT",Senior Secondary Level,"Name : RISHIKUL VIDYAPEETH
Head/Principal Name: UMESH KUMAR","Address : SONIPAT HARYANA
Website : www.rishikulvidyapeeth.edu.in"
1284,"Aff. No. :530159
Sch. Code:40150","State : HARYANA
District : SONIPAT",Senior Secondary Level,"Name : GITA VIDYA MANDIR
Head/Principal Name: ASHWANI","Address : NEAR POWER HOUSE GOHANA SONIPAT HARYANA
Website : https://www.gvmgohana.com/"
1285,"Aff. No. :530462
Sch. Code:40452","State : HARYANA
District : SONIPAT",Senior Secondary Level,"Name : SWAMI VIVEKANAND MODERN HIGH SCHOOL
Head/Principal Name: BABITA KHATRI","Address : SAFIABAD DISTT SONEPAT HARYANA
Website :"
1286,"Aff. No. :530474
Sch. Code:40463","State : HARYANA
District : SONIPAT",Senior Secondary Level,"Name : SWARNPRASTHA PUBLIC SCHOOL
Head/Principal Name: ROHIT PANDA","Address : 46-47 MILE STONE G T KARNAL ROAD SONEPAT HARYANA
Website : www.swarnprastha.com"
1287,"Aff. No. :530465
Sch. Code:40455","State : HARYANA
District : SONIPAT",Senior Secondary Level,"Name : JAYANTI PRASAD DAV PUBLIC SCHOOL
Head/Principal Name: SUNIL SHARMA","Address : GANAUR DISTT SONEPAT HARYANA
Website : http://jpdavganaur.org/"
1288,"Aff. No. :530469
Sch. Code:40458","State : HARYANA
District : SONIPAT",Senior Secondary Level,"Name : SOUTH POINT PUBLIC SCHOOL
Head/Principal Name: BHAWNA","Address : PURKHAS ROAD NEAR SUGAR MILL RLY CROSSING SONEPAT HARYANA
Website : www.southpointpublicschool.edu.in"
1289,"Aff. No. :530442
Sch. Code:40428","State : HARYANA
District : SONIPAT",Secondary Level,"Name : TAKSHILA PUBLIC SCHOOL
Head/Principal Name: PARDEEP KUMAR","Address : NEAR PWD GUEST HOUSE KHARKHODA SONEPAT HARYANA
Website : www.tpskharkhoda.com"
1290,"Aff. No. :530446
Sch. Code:40432","State : HARYANA
District : SONIPAT",Senior Secondary Level,"Name : JAI BHARAT MODERN SCHOOL
Head/Principal Name: POONAM","Address : VPO JANTI KALAN TEH & DISTT SONEPAT HARYANA
Website : www.jaibharatschool.com"
1291,"Aff. No. :530425
Sch. Code:40411","State : HARYANA
District : SONIPAT",Senior Secondary Level,"Name : SHER SINGH PUBLIC SCHOOL
Head/Principal Name: Kuldeep Singh","Address : SONEPAT ROAD GOHANA DISTT SONIPAT HARYANA
Website : www.sspsgohana.com"
1292,"Aff. No. :530523
Sch. Code:40512","State : HARYANA
District : SONIPAT",Senior Secondary Level,"Name : BRIGHT SCHOLAR SENIOR SECONDARY SCHOOL
Head/Principal Name: Kiran Dalal","Address : SECTOR 10 RAIPUR SONIPAT HARYANA
Website : www.bright-scholar.in"
1293,"Aff. No. :530528
Sch. Code:40517","State : HARYANA
District : SONIPAT",Senior Secondary Level,"Name : APOLLO INTERNATIONAL SCHOOL
Head/Principal Name: ANITA YADAV","Address : BARI G T KARNAL ROAD DISTT SONEPAT HARYANA
Website : www.aischool.in"
1294,"Aff. No. :530517
Sch. Code:40505","State : HARYANA
District : SONIPAT",Senior Secondary Level,"Name : JAIN VIDYA MANDIR HIGH SCHOOL
Head/Principal Name: Neeru","Address : NEAR SUBZI MANDI SONEPAT HARYANA
Website : https://jvmschool.com/"
1295,"Aff. No. :530518
Sch. Code:40508","State : HARYANA
District : SONIPAT",Senior Secondary Level,"Name : T P S PUBLIC SCHOOL
Head/Principal Name: PRATIBHA JAIN","Address : BARODA ROAD, WAZIRPURA GOHANA DISTT SONEPAT HARYANA
Website : www.tpspublicschool.com"
1296,"Aff. No. :530544
Sch. Code:40542","State : HARYANA
District : SONIPAT",Senior Secondary Level,"Name : ORCHIDS THE INTERNATIONAL SCHOOL
Head/Principal Name: SHALINI CHAUDHARY","Address : NEW BRAHAM COLONY SONEPAT HARYANA
Website : https://www.orchidsinternationalschool.com/sonipat-branches/"
1297,"Aff. No. :530514
Sch. Code:40504","State : HARYANA
District : SONIPAT",Senior Secondary Level,"Name : HAPPY CHILD HIGH SCHOOL
Head/Principal Name: SUDESH RANI","Address : GARHI BRAHAMNAN MAHALANA ROAD SONIPAT HARYANA
Website : www.happychildschool.org"
1298,"Aff. No. :530412
Sch. Code:40400","State : HARYANA
District : SONIPAT",Senior Secondary Level,"Name : SCHOLARS CONVENT SCHOOL
Head/Principal Name: NARINDER KUMAR","Address : THANA KALAN ROAD KHARKHODA DISTT SONIPAT HARYANA
Website : www.skschoolkharkhoda.com"
1299,"Aff. No. :530356
Sch. Code:40342","State : HARYANA
District : SONIPAT",Senior Secondary Level,"Name : CCAS JAIN SENIOR SECONDARY SCHOOL
Head/Principal Name: SHALINI JAIN","Address : GANAUR DISTT SONEPAT HARYANA
Website : www.ccasjainschool.com"
1300,"Aff. No. :530375
Sch. Code:40394","State : HARYANA
District : SONIPAT",Senior Secondary Level,"Name : A. P.GARG PUBLIC SCHOOL
Head/Principal Name: ALKA GARG","Address : SAMPLA ROAD KHARKHODA DT SONIPAT HARYANA
Website : www.apgpublicschool.com"
1301,"Aff. No. :530376
Sch. Code:40387","State : HARYANA
District : SONIPAT",Senior Secondary Level,"Name : J K R PUBLIC SCHOOL
Head/Principal Name: Neetu","Address : MEHAM ROAD NEAR POWER HOUSE GOHANA DISTT SONIPAT HARYANA
Website : www.jkrpsgohana.com"
1302,"Aff. No. :530609
Sch. Code:40590","State : HARYANA
District : SONIPAT",Senior Secondary Level,"Name : DAYANAND PUBLIC SCHOOL
Head/Principal Name: Sunita Rani","Address : ISHAPUR, KHERI, SONEPAT, HARYANA
Website : www.dpsgohana.com"
1303,"Aff. No. :530614
Sch. Code:40595","State : HARYANA
District : SONIPAT",Senior Secondary Level,"Name : SWAMI VIVEKANAND PUBLIC SCHOOL
Head/Principal Name: ANJU ROHILLA","Address : KAKROI ROAD, DISTT SONEPAT, HARYANA
Website : www.vssamiti.org"
1304,"Aff. No. :530619
Sch. Code:40601","State : HARYANA
District : SONIPAT",Senior Secondary Level,"Name : GATEWAY INTERNATIONAL SCHOOL
Head/Principal Name: PREM OJHA","Address : SECTOR- 11, DISTT SONEPAT, HARYANA
Website :"
1305,"Aff. No. :530644
Sch. Code:40615","State : HARYANA
District : SONIPAT",Senior Secondary Level,"Name : ROSE VALLEY PUBLIC SCHOOL
Head/Principal Name: SUNIL DEVI","Address : RATHDHANA ROAD, P.O. DELHI ROAD, SONEPAT, HARYANA
Website : www.rosevalleypublicschool.co.in"
1306,"Aff. No. :530627
Sch. Code:40607","State : HARYANA
District : SONIPAT",Senior Secondary Level,"Name : ORCHIDS THE INTERNATIONAL SCHOOL
Head/Principal Name: ROMITA SHARMA","Address : BAHALGARH, MEERUT ROAD, KHEWRA, SONIPAT, HARYANA
Website : https://orchidsinternationalschoolsonipat.com/"
1307,"Aff. No. :530563
Sch. Code:40548","State : HARYANA
District : SONIPAT",Senior Secondary Level,"Name : PARTAP SINGH MEMORIAL SENIOR SECONDARY SCHOOL
Head/Principal Name: DAYA","Address : KHARKHODA SONEPAT HARYANA
Website : www.pratapschoolkharkhoda.com"
1308,"Aff. No. :530552
Sch. Code:40539","State : HARYANA
District : SONIPAT",Secondary Level,"Name : OCTAGON PUBLIC SCHOOL
Head/Principal Name: INDU BALA","Address : JAGDISH PUR DISTT SONEPAT HARYANA
Website : www.octagonpublicschool.com"
1309,"Aff. No. :530576
Sch. Code:40557","State : HARYANA
District : SONIPAT",Senior Secondary Level,"Name : BAL BHARTI VIDYA PEETH
Head/Principal Name: SONU SHARMA","Address : OPP CIVIL HOSPITAL BARODA ROAD GOHANA, DISTT SONEPAT, HARYANA
Website : https://balbhartividyapeeth.com"
1310,"Aff. No. :530706
Sch. Code:40691","State : HARYANA
District : SONIPAT",Senior Secondary Level,"Name : SUNRISE INTERNATIONAL SCHOOL
Head/Principal Name: Harender Kumar","Address : TDI CITY, KUNDLI, SECTOR 59, BLOCK L, SONEPAT, HARYANA
Website : www.sunriseinternationalschool.com"
1311,"Aff. No. :530667
Sch. Code:40645","State : HARYANA
District : SONIPAT",Senior Secondary Level,"Name : SOFIA CONVENT SCHOOL
Head/Principal Name: Satya Chaudhary","Address : 49TH K.M. , MAIN G.T ROAD MURTHAL, NEAR MURTHAL FLYOVER
Website : www.sofiaconvent.com"
1312,"Aff. No. :530768
Sch. Code:40742","State : HARYANA
District : SONIPAT",Senior Secondary Level,"Name : KALPANA CHAWLA VIDYAPEETH
Head/Principal Name: USHA RANI","Address : KHANDA ROAD, KHARKHODA, DISTT SONEPAT, HARYANA
Website : www.kalpanachawlavidyapeethkkd.com"
1313,"Aff. No. :530740
Sch. Code:40718","State : HARYANA
District : SONIPAT",Senior Secondary Level,"Name : INDIAN MODERN SR SEC SCHOOL
Head/Principal Name: RAJENDER SINGH","Address : INDIAN COLONY, DISTT SONEPAT, HARYANA
Website : www.indianmodernsrsecschool.com"
1314,"Aff. No. :530709
Sch. Code:40680","State : HARYANA
District : SONIPAT",Senior Secondary Level,"Name : MAA SARASWATI PUBLIC SCHOOL, DAHISARA, SONEPAT
Head/Principal Name: BRIJ MOHAN","Address : VILLAGE DAHISARA, PO: JANTIKLAN
Website : www.mspsdahisara.com"
1315,"Aff. No. :530710
Sch. Code:40693","State : HARYANA
District : SONIPAT",Senior Secondary Level,"Name : OM SHANTI SHIKSHA SADAN SR. SEC. SCHOOL
Head/Principal Name: RAJESH KUMAR GUPTA","Address : V.P.O. NATHUPUR DISTT. SONEPAT
Website : www.omshantisss.com"
1316,"Aff. No. :530725
Sch. Code:40706","State : HARYANA
District : SONIPAT",Senior Secondary Level,"Name : GURUKUL SENIOR SECONDARY SCHOOL
Head/Principal Name: JYOTI MALIK","Address : MATINDU, DISTT. SONEPAT, TEHSIL-KHARKHODA,SONEPAT HARYANA
Website : www.gurukulmatindu.edu.in"
1317,"Aff. No. :530726
Sch. Code:40821","State : HARYANA
District : SONIPAT",Senior Secondary Level,"Name : HOLY FAMILY CONVENT SCHOOL
Head/Principal Name: K D SHEEJA","Address : GOHANA, PANIPAT RAOD, P.O. GOHANA, DISTT SONEPAT, HARYANA-131301
Website : http://www.holyfamilygohana.in"
1318,"Aff. No. :530735
Sch. Code:40714","State : HARYANA
District : SONIPAT",Senior Secondary Level,"Name : SIR CHHOTU RAM MODERN SENIOR SECONDARY SCHOOL
Head/Principal Name: MEHAR SINGH","Address : RATANGARH MAJRA, SONEPAT, HARYANA-131001
Website : www.scrsonepat.com"
1319,"Aff. No. :530738
Sch. Code:40716","State : HARYANA
District : SONIPAT",Senior Secondary Level,"Name : MAHARANI LAXMI BAI NEO CONVENT PUBLIC SCHOOL
Head/Principal Name: DALBIR SINGH","Address : VPO BHADANA, DISTT SONEPAT, HARYANA
Website : https://maharanischoolbhadana.com"
1320,"Aff. No. :531870
Sch. Code:41868","State : HARYANA
District : SONIPAT",Senior Secondary Level,"Name : THE CAMBRIDGE SCHOOL
Head/Principal Name: BHAWNA","Address : F BLOCK OMAXE CITY SECTOR-9
Website : http://thecambridgeschools.in"
1321,"Aff. No. :531821
Sch. Code:41813","State : HARYANA
District : SONIPAT",Senior Secondary Level,"Name : HAPPY CHILD INTERNATIONAL SCHOOL
Head/Principal Name: USHA MALIK","Address : VILLAGE PANCHI GUJRAN TEHSIL GANAUR
Website : www.happychildinternationalschool.com"
1322,"Aff. No. :531822
Sch. Code:41814","State : HARYANA
District : SONIPAT",Senior Secondary Level,"Name : HOLY CROSS SCHOOL
Head/Principal Name: KAMALJYOTI","Address : VILLAGE-BAGHRU
Website : www.holycrossbagru.com"
1323,"Aff. No. :531836
Sch. Code:41829","State : HARYANA
District : SONIPAT",Senior Secondary Level,"Name : DOON PUBLIC SCHOOL
Head/Principal Name: JYOTI MATA","Address : MAIN GOHANA-PANIPAT ROAD NH - 71 MUNDLANA
Website : www.doonpublicschool.edu.in"
1324,"Aff. No. :531846
Sch. Code:41843","State : HARYANA
District : SONIPAT",Senior Secondary Level,"Name : GOLDEN PETAL PUBLIC SCHOOL
Head/Principal Name: MEENU","Address : DEVRU ROAD, SONIPAT
Website : https://www.goldenpetalschool.com/"
1325,"Aff. No. :531792
Sch. Code:41769","State : HARYANA
District : SONIPAT",Senior Secondary Level,"Name : MAX MERRY SCHOOL
Head/Principal Name: RITU CHELLANI","Address : PLOT NO PS-1,BLOCK A, SUSHANT CITY, SECTOR 61, SONIPAT-131029, HARYANA
Website : http://www.maxmerryschool.com"
1326,"Aff. No. :531803
Sch. Code:41782","State : HARYANA
District : SONIPAT",Senior Secondary Level,"Name : PRESIDIUM SONEPAT
Head/Principal Name: MRS. NATASHA CHHABRA","Address : E BLOCK, OMAXE CITY, DIST SONIPATH, HARYANA
Website : WWW.PRESIDIUMSONIPATH.COM"
1327,"Aff. No. :531805
Sch. Code:41784","State : HARYANA
District : SONIPAT",Senior Secondary Level,"Name : KRISHNA PUBLIC SCHOOL
Head/Principal Name: Deepika Malik","Address : MURTHAL
Website : www.kpsmurthal.com"
1328,"Aff. No. :531786
Sch. Code:41764","State : HARYANA
District : SONIPAT",Senior Secondary Level,"Name : DEV RISHI SR SECONDARY SCHOOL
Head/Principal Name: RENU","Address : G.T.ROAD, BAHALGARH SONIPAT
Website : www.devrishisrsecschool.com"
1329,"Aff. No. :531769
Sch. Code:41761","State : HARYANA
District : SONIPAT",Senior Secondary Level,"Name : NAV JYOTI SHIKSHA SADAN SR. SECONDARY SCHOOL
Head/Principal Name: RAJENDER SINGH","Address : VILL- BHANWAR, POST OFFICE- KHUBRU, SONEPAT.
Website : https://www.njss.org.in/"
1330,"Aff. No. :531872
Sch. Code:41870","State : HARYANA
District : SONIPAT",Senior Secondary Level,"Name : JBH SR SEC SCHOOL
Head/Principal Name: SUMAN LATA","Address : WARD NO 7 KHARKHODA
Website : www.jbhschool.in"
1331,"Aff. No. :531875
Sch. Code:41873","State : HARYANA
District : SONIPAT",Senior Secondary Level,"Name : SHIV MODERN SR. SECONDARY SCHOOL
Head/Principal Name: SUNITA","Address : KAKROI ROAD APPOSIT SECTOR-23, SONIPAT
Website : www.shivmodernschool.com"
1332,"Aff. No. :531890
Sch. Code:41892","State : HARYANA
District : SONIPAT",Senior Secondary Level,"Name : VSPK INTERNATIONAL SCHOOL
Head/Principal Name: Deepika Sharma","Address : SECTOR 26A, MAPSKO CITY, SONIPAT
Website : www.vspksonipat.com"
1333,"Aff. No. :531907
Sch. Code:41907","State : HARYANA
District : SONIPAT",Senior Secondary Level,"Name : DCS PUBLIC SCHOOL
Head/Principal Name: SAVITA MALIK","Address : VILLAGE MEHMOODPUR ROAD
Website : www.dcsschool.in"
1334,"Aff. No. :531893
Sch. Code:41895","State : HARYANA
District : SONIPAT",Secondary Level,"Name : WONDER MERITORIOUS SCHOOL OF INTELLIGENCE
Head/Principal Name: NEETI","Address : SECTOR 9 OMAXE CITY SONEPAT
Website : http://shemrocksnp.com/"
1335,"Aff. No. :531894
Sch. Code:41897","State : HARYANA
District : SONIPAT",Senior Secondary Level,"Name : THE PUSHP WORLD SCHOOL
Head/Principal Name: Dr. Neeraj Kumar Tyagi","Address : 155 – C, M.C. ROAD, GANAUR, SONIPAT, HARYANA - 131101
Website : www.pwsganaur.com"
1336,"Aff. No. :531935
Sch. Code:41941","State : HARYANA
District : SONIPAT",Senior Secondary Level,"Name : NAVEEN PUBLIC SR SEC SCHOOL
Head/Principal Name: VINOD KUMAR","Address : NEAR TATA SHOWROOM SONEPAT
Website : www.naveenpublicschool.com"
1337,"Aff. No. :531931
Sch. Code:41935","State : HARYANA
District : SONIPAT",Senior Secondary Level,"Name : JANTA SHIKSHA SADAN
Head/Principal Name: SUNIL DUTT","Address : VPO- JANTI KALAN, SONIPAT-131028
Website : http://JANTASHIKSHASADANSCHOOL.COM"
1338,"Aff. No. :532032
Sch. Code:42040","State : HARYANA
District : SONIPAT",Senior Secondary Level,"Name : SARASWATI SR. SEC. SCHOOL
Head/Principal Name: PARVEEN DEVI","Address : TEH. RAI, DISTT. SONIPAT
Website : http://www.saraswatischoolassawarpur.com"
1339,"Aff. No. :532037
Sch. Code:42045","State : HARYANA
District : SONIPAT",Senior Secondary Level,"Name : THE STANFORD SCHOOL
Head/Principal Name: sanjeet kumar nain","Address : POST OFFICE THANAKALAN, KHARKHODA
Website : http://www.thestanfordschool.com"
1340,"Aff. No. :531992
Sch. Code:41997","State : HARYANA
District : SONIPAT",Senior Secondary Level,"Name : ONTOGENY SCHOOL OF EXCELLENCE
Head/Principal Name: Mona Singh","Address : OMAXE CITY , SONEPAT
Website : https://ontogenyschool.in/"
1341,"Aff. No. :531978
Sch. Code:41982","State : HARYANA
District : SONIPAT",Senior Secondary Level,"Name : GLOBAL VISION SCHOOL
Head/Principal Name: DR. MAMTA GUPTA","Address : SUSHANT CITY KUNDALI, SONIPAT
Website : https://www.globalvisionschool.com"
1342,"Aff. No. :531983
Sch. Code:41987","State : HARYANA
District : SONIPAT",Secondary Level,"Name : CHILD CARE INTERNATIONAL SCHOOL
Head/Principal Name: VISHAL","Address : GANAUR, KHUBRU ROAD
Website : http://childcareinternationalschool.in"
1343,"Aff. No. :531984
Sch. Code:41988","State : HARYANA
District : SONIPAT",Senior Secondary Level,"Name : RAVINDERA GLOBAL ACADEMY
Head/Principal Name: Amita Gupta","Address : V.P.O. MANAULI, V.P.O. MANAULI
Website : www.rgacademymanauli.com"
1344,"Aff. No. :532115
Sch. Code:42144","State : HARYANA
District : SONIPAT",Secondary Level,"Name : TEJAS CONVENT SCHOOL
Head/Principal Name: POONAM JAIN","Address : KAMI ROAD, VILL. JAHARI, SONIPAT
Website : http://www.tejasconventschool.com"
1345,"Aff. No. :532149
Sch. Code:42184","State : HARYANA
District : SONIPAT",Secondary Level,"Name : ROSARY SR. SEC. SCHOOL
Head/Principal Name: RINCY GEORGE","Address : V.P.O KHERI MANAJAT, SONIPAT, HARYANA
Website : https://www.rosaryschoolkherimanajat.org"
1346,"Aff. No. :532121
Sch. Code:42150","State : HARYANA
District : SONIPAT",Senior Secondary Level,"Name : NEW HEIGHTS INTERNATIONAL SCHOOL
Head/Principal Name: NEETU","Address : MEHLANA ROAD , NEAR SECTOR -23 , SONIPAT-131001
Website : https://www.nhinternationalschool.org"
1347,"Aff. No. :532044
Sch. Code:42054","State : HARYANA
District : SONIPAT",Senior Secondary Level,"Name : UJJAWAL SHIKSHA SR. SEC. SCHOOL
Head/Principal Name: Parvesh Verma","Address : V.P.O. JAKHAULI, SONIPAT, V.P.O. JAKHAULI, SONIPAT
Website : www.ujjwalschool.com"
1348,"Aff. No. :532096
Sch. Code:42118","State : HARYANA
District : SONIPAT",Senior Secondary Level,"Name : SHRI RAM KRISHAN SR SEC SCHOOL
Head/Principal Name: NEERAJ KUMAR","Address : TEHSIL GANOUR, DISTT SONIPAT
Website : https://shriramkrishanbhigan.com/"
1349,"Aff. No. :532175
Sch. Code:42212","State : HARYANA
District : SONIPAT",Senior Secondary Level,"Name : THE G-21 SCHOOL
Head/Principal Name: VAISHALI TYAGI","Address : VPO GARHI BINDHROLI, SONIPAT, SONIPAT
Website : https://www.theg21school.com/"
1350,"Aff. No. :532219
Sch. Code:42261","State : HARYANA
District : SONIPAT",Senior Secondary Level,"Name : HANSRAJ SHIKSHA SADAN SR SEC SCHOOL
Head/Principal Name: RAJESH KUMAR","Address : VPO JAKHOLI , TEH. RAI , SONIPAT
Website : https://hansrajseniorsecondaryschool.in/"
1351,"Aff. No. :532241
Sch. Code:42284","State : HARYANA
District : SONIPAT",Senior Secondary Level,"Name : DELHI SCHOOL OF BRILLIANTS
Head/Principal Name: DR. SANDEEP JAIN","Address : VILLAGE BAROT, GANAUR, SONIPAT
Website : https://delhischoolofbrilliants.com"
1352,"Aff. No. :532330
Sch. Code:42393","State : HARYANA
District : SONIPAT",Senior Secondary Level,"Name : K.D.INTERNATIINAL SCHOOL
Head/Principal Name: TRIPATI NEGI","Address : ROHTAK ROAD KHARKHODA, ROHTAK ROAD KHARKHODA, ROHTAK ROAD KHARKHODA
Website : www.kdschool.com"
1353,"Aff. No. :532315
Sch. Code:42374","State : HARYANA
District : SONIPAT",Senior Secondary Level,"Name : SM HINDU SR. SEC. SCHOOL
Head/Principal Name: NATASHA CHHABRA","Address : NEAR KAKROI CHOWK, SONIPAT, SONIPAT
Website : www.smhindu.com"
1354,"Aff. No. :532309
Sch. Code:42367","State : HARYANA
District : SONIPAT",Senior Secondary Level,"Name : VANDANA SR. SEC. SCHOOL
Head/Principal Name: VARSHA","Address : VPO SHEWALI, TEH. RAI, SONIPAT
Website : https://vandanasrsecschool.com/"
1355,"Aff. No. :540007
Sch. Code:44507","State : HARYANA
District : SONIPAT",Senior Secondary Level,"Name : PM SHRI SCHOOL JAWAHAR NAVODAYA VIDYALAYA
Head/Principal Name: BHANU PRATAP SINGH","Address : BUTANA DISTT SONEPAT HARYANA
Website : https://navodaya.gov.in/nvs/nvs-school/Sonepat/en/"
1356,"Aff. No. :580011
Sch. Code:41073","State : HARYANA
District : SONIPAT",Senior Secondary Level,"Name : ITBP PUBLIC SCHOOL
Head/Principal Name: Dinesh Kumar Joshi","Address : SS BN ITB POLICE (MHA), PO-NATHUPUR SABOLI CAMP
Website : www.itbppublicschooIsaboli.com"
1357,"Aff. No. :540021
Sch. Code:44600","State : HARYANA
District : PALWAL",Senior Secondary Level,"Name : JAWAHAR NAVODAYA VIDYALAYA
Head/Principal Name: OMVIR SINGH","Address : RASULPUR, PALWAL RASULPUR, HARYANA, PALWAL -121102
Website : https://www.navodaya.gov.in/nvs/nvs-school/PALWAL/"
1358,"Aff. No. :532313
Sch. Code:42372","State : HARYANA
District : PALWAL",Secondary Level,"Name : CH. G.S.M. CONVENT SCHOOL
Head/Principal Name: DAL CHAND","Address : NEAR SOHANA ROAD, WARD NO 29, OPP. SECTOR 2 DUKARIYA PALWAL
Website : https://www.chgsmpublicschool.com/"
1359,"Aff. No. :532302
Sch. Code:42360","State : HARYANA
District : PALWAL",Senior Secondary Level,"Name : SEHRAWAT WORLD SCHOOL
Head/Principal Name: MANJIT SINGH","Address : HATHIN PALWAL, HATHIN PALWAL, HATHIN PALWAL
Website : https://www.sehrawatworld.org"
1360,"Aff. No. :532266
Sch. Code:42320","State : HARYANA
District : PALWAL",Senior Secondary Level,"Name : THE DISCOVERY INTERNATIONAL SCHOOL
Head/Principal Name: Jyoti","Address : PRITHLA TO CHHAPROLLA ROAD, VILLAGE PRITHLA, PALWAL
Website : https://thediscoveryinternational.com/"
1361,"Aff. No. :532196
Sch. Code:42235","State : HARYANA
District : PALWAL",Senior Secondary Level,"Name : HGM GURUKULAM PUBLIC SR SEC SCHOOL
Head/Principal Name: NEETU DALAL","Address : 454,459,462, N.H 19, HODAL
Website : https://www.hgmgurukulam.com/"
1362,"Aff. No. :532193
Sch. Code:42231","State : HARYANA
District : PALWAL",Senior Secondary Level,"Name : APOLLO PROGRESSIVE CONVENT SCHOOL
Head/Principal Name: PRABHAKAR KAUSHIK","Address : VILL.-RONIJA ,WARD 9, TEH.-PALWAL, DISTT-PALWAL
Website : www.apolloprogressiveschool.com"
1363,"Aff. No. :532213
Sch. Code:42253","State : HARYANA
District : PALWAL",Secondary Level,"Name : SHENPRIDE GLOBAL SCHOOL
Head/Principal Name: MEENU SOROT","Address : VILLAGE GAILPUR, PALWAL, PALWAL
Website : https://shenpride.com/"
1364,"Aff. No. :532079
Sch. Code:42096","State : HARYANA
District : PALWAL",Senior Secondary Level,"Name : RAMANUJAN PROGRESSIVE SCHOOL
Head/Principal Name: Dr Anil Tanwar","Address : VILLAGE MITROL, PO AURNGABAD
Website : http://rps.ramanujan.edu.in/"
1365,"Aff. No. :532118
Sch. Code:42147","State : HARYANA
District : PALWAL",Senior Secondary Level,"Name : COLUMBUS INTERNATIONAL SCHOOL
Head/Principal Name: RAKESH KUMAR","Address : VILLAGE BAGPUR, POST OFFICE BAGPUR, PALWAL
Website : http://columbusinternationalschool.com/"
1366,"Aff. No. :532120
Sch. Code:42149","State : HARYANA
District : PALWAL",Secondary Level,"Name : SITA RAM INTERNATIONAL SCHOOL
Head/Principal Name: SUNITA","Address : VILLAGE BAGHOLA, POST OFFICE BAGHOLA, TEHSIL PALWAL
Website : http://srinternationalschool.com/"
1367,"Aff. No. :532005
Sch. Code:42010","State : HARYANA
District : PALWAL",Senior Secondary Level,"Name : BAL VIDYA NIKETAN SR. SEC. SCHOOL
Head/Principal Name: Lalit Kumar","Address : HODAL, PALWAL(FARIDABAD)
Website : www.bvnschool.com"
1368,"Aff. No. :532006
Sch. Code:42011","State : HARYANA
District : PALWAL",Secondary Level,"Name : MOUNT LITERA ZEE SCHOOL PALWAL
Head/Principal Name: DHARMENDRA SINGH SISODIA","Address : OPP. RED ROCKS CINEMA, PALWAL
Website : www.mlzspalwal.com"
1369,"Aff. No. :531932
Sch. Code:41936","State : HARYANA
District : PALWAL",Senior Secondary Level,"Name : SHRI VISHWAKARMA SKILL UNIVERSITY SENIOR SECONDARY SCHOOL
Head/Principal Name: Satender Kumar Sorout","Address : DUDHOLA, PALWAL HARYANA
Website : www.svsuskillschool.ac.in"
1370,"Aff. No. :531925
Sch. Code:41928","State : HARYANA
District : PALWAL",Secondary Level,"Name : BANSI VIDYA NIKETAN
Head/Principal Name: RAJVIR","Address : VILLAGE-GUGHERA PALWAL SOHNA ROAD NH-71B
Website : www.bansividyaniketan.in"
1371,"Aff. No. :531921
Sch. Code:41923","State : HARYANA
District : PALWAL",Secondary Level,"Name : L.R.INTERNATIONAL SCHOOL
Head/Principal Name: Renu Tanwar","Address : VILLAGE - DEEGHOT, PALWAL
Website : https://lrinternationalschool.org/"
1372,"Aff. No. :531888
Sch. Code:41890","State : HARYANA
District : PALWAL",Senior Secondary Level,"Name : JEEVAN JYOTI INTERNATIONAL SCHOOL
Head/Principal Name: ABHINANDAN GUPTA","Address : VIJAYGARH ROAD BERHA PATTI, HODAL, DISTRICT PALWAL, HARYANA-121106
Website : www.jjishodal.com"
1373,"Aff. No. :531819
Sch. Code:41810","State : HARYANA
District : PALWAL",Senior Secondary Level,"Name : EMERALD INTERNATIONAL SCHOOL
Head/Principal Name: SUNITA RANI","Address : OMAX CITY , PALWAL
Website : www.emeraldinternationalschoolpalwal.com"
1374,"Aff. No. :531847
Sch. Code:41844","State : HARYANA
District : PALWAL",Senior Secondary Level,"Name : GAYTRI VIDYA MANDIR
Head/Principal Name: Usha Laxmi","Address : VILLAGE-RUNDHI, POST-DEEGHOT, TEH AND DISTT- PALWAL
Website : www.gvmrundhi.com"
1375,"Aff. No. :530741
Sch. Code:41969","State : HARYANA
District : PALWAL",Senior Secondary Level,"Name : NAVY CHILDREN SCHOOL
Head/Principal Name: Dr. Nellie Paul Verghese","Address : NAVAL BASE COCHIN, DISTT ERNAKULAM, KERALA
Website :"
1376,"Aff. No. :530657
Sch. Code:40636","State : HARYANA
District : PALWAL",Senior Secondary Level,"Name : SND PUBLIC SCHOOL PALWAL
Head/Principal Name: JAGDEV","Address : SOHNA ROAD PALWAL NEAR 220 KV POWER SUB STATION MEGHPUR VIILAGE, DISTT PALWAL, HARYANA
Website : https://sndpublicschool.org/"
1377,"Aff. No. :530689
Sch. Code:40667","State : HARYANA
District : PALWAL",Senior Secondary Level,"Name : MEWAT MODEL SCHOOL
Head/Principal Name: YOGENDRA SINGH","Address : HATHIN, DIST. FARIDABAD(HARYANA)
Website : www.mmshathin.com"
1378,"Aff. No. :530553
Sch. Code:40540","State : HARYANA
District : PALWAL",Senior Secondary Level,"Name : GULAB PUBLIC SCHOOL
Head/Principal Name: SANDEEP","Address : AURANGADBAD TEHSIL HODAL DISTT PALWAL, HARYANA
Website : www.gulabpublicschool.com"
1379,"Aff. No. :530554
Sch. Code:40543","State : HARYANA
District : PALWAL",Senior Secondary Level,"Name : GREEN WOOD CONVENT
Head/Principal Name: RAKESH KUMAR SHARMA","Address : 62 KM STONE MATHURA ROAD NEAR RAHRANA VILL, PALWAL DISTT, HARYANA
Website : www.greenwoodconventschool.com"
1380,"Aff. No. :530626
Sch. Code:40606","State : HARYANA
District : PALWAL",Senior Secondary Level,"Name : DELHI PUBLIC SCHOOL PALWAL
Head/Principal Name: HARISH SACHDEVA","Address : 70TH MILESTONE, MAIN MATHURA ROAD, DISTT PALWAL, HARYANA
Website : www.dpspalwal.edu.in"
1381,"Aff. No. :530426
Sch. Code:40414","State : HARYANA
District : PALWAL",Senior Secondary Level,"Name : DHARAM PUBLIC SCHOOL
Head/Principal Name: JYOTI DANGE","Address : BYE PASS ROAD, PALWAL DISTT HARYANA
Website : www.dhpspalwal.com"
1382,"Aff. No. :530172
Sch. Code:40163","State : HARYANA
District : PALWAL",Senior Secondary Level,"Name : NISHANT PUBLIC SCHOOL
Head/Principal Name: Payal Taneja","Address : RASULPUR ROAD NEW COLONY PALWAL HARYANA
Website : www.nishantpublicschool.org"
1383,"Aff. No. :530181
Sch. Code:40173","State : HARYANA
District : PALWAL",Senior Secondary Level,"Name : DAV PUBLIC SCHOOL
Head/Principal Name: TARUN PRAKASH","Address : MATHURA ROAD PALWAL HARYANA
Website : www.davpalwal.org"
1384,"Aff. No. :530018
Sch. Code:40042","State : HARYANA
District : PALWAL",Secondary Level,"Name : ST. JOHN'S BAPTIST PUBLIC SCHOOL
Head/Principal Name: SUSHILA DASS","Address : SOHNA ROAD PALWAL HARYANA
Website : http://stjohnspwl.com/index.php"
1385,"Aff. No. :520273
Sch. Code:44252","State : HARYANA
District : PALWAL",Senior Secondary Level,"Name : SHAHEED MAHIPAL SINGH GOVERNMENT MODEL SANSKRITI SENIOR SECONDARY SCHOOL 1007
Head/Principal Name: MAMTA","Address : ASAWATA , ASAWATA , PALWAL
Website : www.smsgmssssasawata.com"
1386,"Aff. No. :520275
Sch. Code:44254","State : HARYANA
District : PALWAL",Senior Secondary Level,"Name : PM SHRI GGSSS HODAL
Head/Principal Name: ARUN KUMAR SHARMA","Address : WARD NO 15, RAMLEELA MAIDAN, NEAR POLICE STATION HODAL
Website : www.pmshriggssshodal.com"
1387,"Aff. No. :520250
Sch. Code:44229","State : HARYANA
District : PALWAL",Senior Secondary Level,"Name : PM SHRI GOVERNMENT SENIOR SECONDARY SCHOOL KUSHAK
Head/Principal Name: JAI SINGH","Address : VILLAGE - KUSHAK, PO - TAPPA BILOCHPUR, TESHIL AND DISTRICT - PALWAL
Website : https://pmshrigssskushak.in"
1388,"Aff. No. :520254
Sch. Code:44233","State : HARYANA
District : PALWAL",Senior Secondary Level,"Name : PM SHRI GOVERNMENT SENIOR SECONDARY SCHOOL MANDKOLA
Head/Principal Name: ASHOK KUMAR","Address : VPO - MANDKOLA, TEHSIL - HATHIN, PALWAL
Website : www.pmshrigmssspnp.com"
1389,"Aff. No. :520262
Sch. Code:44241","State : HARYANA
District : PALWAL",Senior Secondary Level,"Name : GOVT. MODEL SANSKRITI SR. SEC. SCHOOL MIRPUR KAURALI 1154
Head/Principal Name: Tek chand","Address : VILLAGE MIRPUR KAURALI, BLOCK HASSANPUR, PALWAL, PALWAL
Website : www.mpk.com"
1390,"Aff. No. :520208
Sch. Code:44187","State : HARYANA
District : PALWAL",Senior Secondary Level,"Name : PM SHRI GOVERNMENT SENIOR SECONDARY SCHOOL ASAOTI PALWAL
Head/Principal Name: VEENA NAGAR","Address : VPO - ASAOTI, TEHSIL - PALWAL, PALWAL
Website : www.pmshrigsssasaoti.com"
1391,"Aff. No. :520210
Sch. Code:44189","State : HARYANA
District : PALWAL",Senior Secondary Level,"Name : PM SHRI GOVERNMENT SENIOR SECONDARY SCHOOL PALWAL
Head/Principal Name: ASHOK KUMAR","Address : AGRA CHOWK PALWAL, NEAR BEO OFFICE , PALWAL
Website : www.pmshrigssspalwal.com"
1392,"Aff. No. :500015
Sch. Code:44538","State : HARYANA
District : PALWAL",Senior Secondary Level,"Name : PM SHRI KENDRIYA VIDYALAYA
Head/Principal Name: JAGADISH RAJBANGSHI","Address : NUH ROAD PALWAL HARYANA
Website : www.palwal.kvs.ac.in"
1393,"Aff. No. :520104
Sch. Code:44080","State : HARYANA
District : PALWAL",Senior Secondary Level,"Name : GOVERNMENT MODEL SANSKRITI SENIOR SECONDARY SCHOOL HODAL
Head/Principal Name: RAKESH KUMAR","Address : NEAR M.K.M GIRLS COLLEGE HODAL
Website : gmsssshodal1002@gmail.com"
1394,"Aff. No. :520110
Sch. Code:44086","State : HARYANA
District : PALWAL",Senior Secondary Level,"Name : GOVT MODEL SANSKRITI SR SEC SCHOOL PRITHLA
Head/Principal Name: YOGENDER PARSAD","Address : VPO PRITHLA, PALWAL
Website : http://www.sanskritissschoolprithla.com/"
1395,"Aff. No. :520111
Sch. Code:44087","State : HARYANA
District : PALWAL",Senior Secondary Level,"Name : GOVT.MODEL SANSKRITI SR SEC SCHOOL
Head/Principal Name: BALESHWAR PAL","Address : VPO BAROLI
Website : www.govtsanskritischoolbaroli.com"
1396,"Aff. No. :520139
Sch. Code:44115","State : HARYANA
District : PALWAL",Senior Secondary Level,"Name : SHAHEED NAIK RAJENDRA SINGH GOVERNMENT MODEL SANSKRITI SENIOR SECONDARY SCHOOL HATHIN
Head/Principal Name: KANWAR BHAN","Address : GEHLAB ROAD, HATHIN
Website : https://www.modelsanskritischoolhathin.in/"
1397,"Aff. No. :520096
Sch. Code:44071","State : HARYANA
District : PALWAL",Senior Secondary Level,"Name : GOVERNMENT MODEL SANSKRITI SENIOR SECONDARY SCHOOL DHATIR PALWAL
Head/Principal Name: Nidhi Bharti","Address : V.P.O. DHATIR PALWAL 121102
Website : http://sanskritissschooldhatir.com"
1398,"Aff. No. :531687
Sch. Code:41666","State : HARYANA
District : PALWAL",Senior Secondary Level,"Name : SRI CHAITANYA TECHNO SCHOOL
Head/Principal Name: Sneh Lata","Address : VILLAGE KHAJURKA, DISTRICT PALWAL
Website : http://srichaitanyatechnoschoolpalwal.net/"
1399,"Aff. No. :531755
Sch. Code:41733","State : HARYANA
District : PALWAL",Senior Secondary Level,"Name : DAV POLICE PUBLIC SCHOOL ,PALWAL
Head/Principal Name: SEEMA RAJVANSHI","Address : DAV POLICE PUBLIC SCHOOL ,NEW POLICE LINES NH-2 DELHI MATHURA HIGHWAY PALWAL
Website : www.davpolice.com"
1400,"Aff. No. :531662
Sch. Code:41645","State : HARYANA
District : PALWAL",Senior Secondary Level,"Name : WISDOM VALLEY GLOBAL SCHOOL
Head/Principal Name: Sunil Kumar Arya","Address : PHASE- II,OMAXE CITY,PALWAL
Website : www.wisdomvalley.in"
1401,"Aff. No. :531548
Sch. Code:41528","State : HARYANA
District : PALWAL",Secondary Level,"Name : SHIVALIK EDUCATIONAL ACADEMY
Head/Principal Name: Ritu","Address : VPO ASAOTI TEH PALWAL
Website : https://shivalikeducationalacademy.in/disclouser.html"
1402,"Aff. No. :531418
Sch. Code:41394","State : HARYANA
District : PALWAL",Secondary Level,"Name : ST. ANTHONYS CONVENT SCHOOL
Head/Principal Name: SR ABHA MEREENA PULLOKARAN DAVIS","Address : NUH ROAD, KARNA PALWAL
Website : www.stanthonyspalwal.org"
1403,"Aff. No. :531426
Sch. Code:41403","State : HARYANA
District : PALWAL",Senior Secondary Level,"Name : NEW DELHI PUBLIC SCHOOL
Head/Principal Name: SANGEETA NEGI","Address : VILLAGE BHANGURI, PALWAL-HATHIN ROAD
Website : www.ndpspalwal.com"
1404,"Aff. No. :531382
Sch. Code:41358","State : HARYANA
District : PALWAL",Secondary Level,"Name : NORTHLAND INTERNATIONAL SCHOOL
Head/Principal Name: NITIN SOOD","Address : VILLAGE- MANPUR, TEHSIL- HATHIN, DISTT.-PALWAL
Website : www.northlandinternationalschoolpalwal.com"
1405,"Aff. No. :531364
Sch. Code:41340","State : HARYANA
District : PALWAL",Senior Secondary Level,"Name : SRS INTERNATIONAL SCHOOL
Head/Principal Name: GEETANJALI","Address : VILL.RAMGARH,P.O HASANPUR.
Website : www.srsinternationalschoolramgarh.com"
1406,"Aff. No. :531377
Sch. Code:41353","State : HARYANA
District : PALWAL",Senior Secondary Level,"Name : MAA OMWATI GLOBAL SR.SEC.SCHOOL
Head/Principal Name: REKHA SHARMA","Address : V.P.O-HASSANPUR
Website : www.maaomwati.com"
1407,"Aff. No. :531472
Sch. Code:41449","State : HARYANA
District : PALWAL",Senior Secondary Level,"Name : R J L PUBLIC SCHOOL
Head/Principal Name: YASHODHARA SINGH","Address : VPO- MANDNAKA, TEH-HATHIN, DISTT-PALWAL
Website : www.rjlpublicschool.com"
1408,"Aff. No. :531278
Sch. Code:41255","State : HARYANA
District : PALWAL",Senior Secondary Level,"Name : DRP PUBLIC SCHOOL
Head/Principal Name: RAHUL SIROHI","Address : RATIPUR
Website : www.drppublicschool.com"
1409,"Aff. No. :531299
Sch. Code:41404","State : HARYANA
District : PALWAL",Senior Secondary Level,"Name : NVN SCHOOL
Head/Principal Name: KUSUM CHAUDHRY","Address : VILLAGE-BHIDUKI
Website : https://www.nvnschool.com"
1410,"Aff. No. :531258
Sch. Code:41238","State : HARYANA
District : PALWAL",Senior Secondary Level,"Name : G.D.CONVENT SR.SEC.SCHOOL
Head/Principal Name: MUKESH KUMAR","Address : V.P.O. NANGAL JAT TEHSIL HATHIN DISTT. PALWAL
Website : https://www.gdconventschool.in"
1411,"Aff. No. :531262
Sch. Code:41243","State : HARYANA
District : PALWAL",Senior Secondary Level,"Name : NEW D.P.S.
Head/Principal Name: MEENA ARYA","Address : VPO-DEEGHOT,TAH-HODAL,DISTT-PALWAL
Website : www.newdps.net"
1412,"Aff. No. :531338
Sch. Code:41320","State : HARYANA
District : PALWAL",Senior Secondary Level,"Name : JEEVAN JYOTI GLOBAL SCHOOL
Head/Principal Name: VIRENDER KUMAR","Address : ALIGARH ROAD, KITHWARI, PALWAL (HR)
Website : www.jjgpalwal.com"
1413,"Aff. No. :531307
Sch. Code:41282","State : HARYANA
District : PALWAL",Senior Secondary Level,"Name : GREEN VALE PUBLIC SCHOOL
Head/Principal Name: RAJBIR SINGH","Address : ALIGARH ROAD, CHANDHAT
Website : http://www.greenvalepublicschool.com"
1414,"Aff. No. :531198
Sch. Code:41179","State : HARYANA
District : PALWAL",Senior Secondary Level,"Name : KCM WORLD SCHOOL
Head/Principal Name: PARUL BHARDWAJ","Address : VILLAGE BHAMROLA JOGI, TEEKRI BRAHMAN, PALWAL
Website : www.kcmworldschool.com"
1415,"Aff. No. :531239
Sch. Code:41227","State : HARYANA
District : PALWAL",Senior Secondary Level,"Name : MODISH PUBIC SCHOOL
Head/Principal Name: GEETA TALAN","Address : HODAL-NUH ROAD SONDH HODAL
Website : www.mpss.modishgroup.org"
1416,"Aff. No. :531220
Sch. Code:41208","State : HARYANA
District : PALWAL",Senior Secondary Level,"Name : MODERN VIDYA NIKETAN SCHOOL
Head/Principal Name: JAYA SHARMA","Address : 74TH KM STONE, AURANGABAD PALWAL HARYANA
Website : www.mvneducation.com"
1417,"Aff. No. :531221
Sch. Code:41206","State : HARYANA
District : PALWAL",Senior Secondary Level,"Name : S.D. PUBLIC SCHOOL
Head/Principal Name: ARTI SHARMA","Address : VILLAGE-BATA P.O.-DEEGHOT THE & DISTT-PALWAL
Website :"
1418,"Aff. No. :531187
Sch. Code:41172","State : HARYANA
District : PALWAL",Senior Secondary Level,"Name : J.D. PUBLIC SCHOOL
Head/Principal Name: SANGITA DESHWAL","Address : V.P.O. ALAWALPUR
Website : www.jdpublicschoolpalwal.com"
1419,"Aff. No. :531090
Sch. Code:41061","State : HARYANA
District : PALWAL",Senior Secondary Level,"Name : TAGORE PUBLIC SCHOOL
Head/Principal Name: DEEPIKA TARUN SHARMA","Address : SITE NO 1 SEC-2 PALWAL, HARYANA-121102
Website : http://tagore.edu.in/"
1420,"Aff. No. :531092
Sch. Code:41063","State : HARYANA
District : PALWAL",Senior Secondary Level,"Name : SPS INTERNATIONAL
Head/Principal Name: MAMTA KUMARI","Address : HUDA SEC-2, PALWAL, HARYANA - 121102
Website : www.spsipalwal.com"
1421,"Aff. No. :531096
Sch. Code:41069","State : HARYANA
District : PALWAL",Senior Secondary Level,"Name : SPECTRUM INTERNATIONAL SCHOOL
Head/Principal Name: SANGEETA GOYAL","Address : BYE PASS ROAD, OPP. IBP PETROL PUMP, HODAL
Website : www.spectrumschoolhodal.com"
1422,"Aff. No. :531087
Sch. Code:41025","State : HARYANA
District : PALWAL",Senior Secondary Level,"Name : JEEVAN JYOTI SR. SEC. SCHOOL
Head/Principal Name: SUMAN DAGAR","Address : KRISHNA COLONY, ALIGARH ROAD, PALWAL
Website : www.jjspalwal.com"
1423,"Aff. No. :531056
Sch. Code:41078","State : HARYANA
District : PALWAL",Senior Secondary Level,"Name : AGRASEN PUBLIC SCHOOL
Head/Principal Name: Deepika Garg","Address : PUNHANA ROAD HODAL
Website : www.apshodal.com"
1424,"Aff. No. :531019
Sch. Code:40966","State : HARYANA
District : PALWAL",Senior Secondary Level,"Name : SANT GYANESHWAR SR. SEC. SCHOOL
Head/Principal Name: Mr.Surender singh Chauhan","Address : ASAWATI MORE PHOOL VIHAR PALWAL HARYANA
Website :"
1425,"Aff. No. :530894
Sch. Code:40870","State : HARYANA
District : PALWAL",Senior Secondary Level,"Name : MODERN VIDYA NIKETAN
Head/Principal Name: PRADYUMAN LAL VYAS","Address : HODAL, DISTT PALWAL, HARYANA
Website : www.mvnhodal.in"
1426,"Aff. No. :530817
Sch. Code:40791","State : HARYANA
District : PALWAL",Senior Secondary Level,"Name : CH.HEERA LAL MEMORIAL SR.SEC.SCHOOL,NAGAR,PALWAL,HARYANA
Head/Principal Name: MEENA KUMARI","Address : VPO-CHAJJU NAGAR PALWAL
Website : www.heeralalschool.com"
1427,"Aff. No. :530777
Sch. Code:40751","State : HARYANA
District : PALWAL",Senior Secondary Level,"Name : VIDYA ANAND PUBLIC SCHOOL
Head/Principal Name: Alka Sharma","Address : 93 KM, MILESTONE, DELHI-MATHURA ROAD NH-2, VILLAGE KARMAN, PALWAL, HODAL, FARIDABAD, HARYANA-121106
Website : www.vidyaanand.com"
1428,"Aff. No. :530779
Sch. Code:40755","State : HARYANA
District : PALWAL",Senior Secondary Level,"Name : SWAMI VIVEKANAND SENIOR SECONDARY SCHOOL
Head/Principal Name: BHAGAT SINGH","Address : 54 K.M STONE, DELHI-MATHURA ROAD,SEC-5, VILLAGE ALAHAPUR PALWAL HARYANA
Website : http://www.vpspalwal.co.in"
1429,"Aff. No. :530908
Sch. Code:40878","State : HARYANA
District : NUH",Senior Secondary Level,"Name : SPRING DAISY CONVENT SCHOOL
Head/Principal Name: JYOTI DEDHA","Address : REWARI ROAD, VILL. SUNARI, P.O. TAURU, DISTT. MEWAT
Website : www.sdcs.in.net"
1430,"Aff. No. :531169
Sch. Code:41129","State : HARYANA
District : NUH",Senior Secondary Level,"Name : G.C. HIGH SCHOOL
Head/Principal Name: MAMTA SHARMA","Address : PATAUDI ROAD, VPO- TAURU, DISTT. MEWAT HARYANA 122105
Website : https://gcschooltauru.in/"
1431,"Aff. No. :531134
Sch. Code:41101","State : HARYANA
District : NUH",Senior Secondary Level,"Name : MODERN HIND SR. SEC. SCHOOL
Head/Principal Name: Savita Bhardwaj","Address : VILLAGE-KHORI KALAN, POST OFFICE-TAURU, DISTT-MEWAT, HARYANA
Website : www.modernconventschool.org"
1432,"Aff. No. :531320
Sch. Code:41292","State : HARYANA
District : NUH",Senior Secondary Level,"Name : SWAMI VIVEKANAND PUBLIC SCHOOL
Head/Principal Name: VINOD KUMAR","Address : WARD NO-04 GANDHI NAGAR OPP.NEW ANAJ MANDI TAURU DISTT-NUH(MEWAT)HARYANA-122105
Website : https://swamivivekanand.school"
1433,"Aff. No. :531480
Sch. Code:41460","State : HARYANA
District : NUH",Secondary Level,"Name : AL-HASAN SCHOOL
Head/Principal Name: ZAIBA","Address : VPO AKERA
Website : www.alhasanschool.in"
1434,"Aff. No. :531455
Sch. Code:41437","State : HARYANA
District : NUH",Senior Secondary Level,"Name : SUNRISE PUBLIC SENIOR SECONDARY SCHOOL
Head/Principal Name: MOHAMMED RASHID","Address : VPO AGON
Website : www.sunriseschoolagon.com"
1435,"Aff. No. :531391
Sch. Code:41365","State : HARYANA
District : NUH",Senior Secondary Level,"Name : P.D. PUBLIC SCHOOL
Head/Principal Name: NAVEEN SINGH SAINI","Address : FEROZEPUR , JHIRKA ( MEWAT )
Website : www.pdpublicschool.co.in"
1436,"Aff. No. :520071
Sch. Code:44046","State : HARYANA
District : NUH",Senior Secondary Level,"Name : GMSSSS NAGINA
Head/Principal Name: BABU LAL YADAV","Address : VPO-NAGINA
Website :"
1437,"Aff. No. :520108
Sch. Code:44084","State : HARYANA
District : NUH",Senior Secondary Level,"Name : GOVERNMENT MODEL SANSKRITI SENIOR SECONDARY SCHOOL TAURU
Head/Principal Name: VIJAY PRATEEK DHANKHAR","Address : LAKHPAT CHOWK TAURU
Website : www.gmsssstauru.com"
1438,"Aff. No. :520003
Sch. Code:41124","State : HARYANA
District : NUH",Senior Secondary Level,"Name : MANUU MODEL SCHOOL
Head/Principal Name: RIZWAN ALI","Address : MANUU MODEL SCHOOL-PALLA, MANUU SATELLITE CAMPUS PALLA, VILLAGE PALLA & PALRI
Website : www.manuu.edu.in"
1439,"Aff. No. :520022
Sch. Code:44005","State : HARYANA
District : NUH",Senior Secondary Level,"Name : GOVT MODEL SANSKRITI SR SEC SCHOOL SAROLI (MEWAT)
Head/Principal Name: MOHD ARSHAD","Address : GMSSSS SAROLI PO-GULALTA, BLOCK PUNHANA,
Website : https://gmsssssaroli.edu.in/"
1440,"Aff. No. :520051
Sch. Code:44002","State : HARYANA
District : NUH",Senior Secondary Level,"Name : GOVT. MODEL SANSKRITI SR. SEC. SCHOOL NUH
Head/Principal Name: MUKESH KUMAR","Address : WARD NO. 10 NUH OLD NALHAR ROAD 122107
Website :"
1441,"Aff. No. :520212
Sch. Code:44191","State : HARYANA
District : NUH",Senior Secondary Level,"Name : PM SHRI GGSSS BISRU
Head/Principal Name: SUJAUDDIN","Address : VPO BISRU, TEHSIL PUNHANA, DISTT NUH
Website : https://pmshriggssbisru.in"
1442,"Aff. No. :520198
Sch. Code:44176","State : HARYANA
District : NUH",Senior Secondary Level,"Name : GOVT. MODEL SANSKRITI SR. SEC. SCHOOL RANIYALA
Head/Principal Name: SUNIL KUMAR","Address : POST MANDIKHERA,TEHSIL FEROZEPUR JHIRKA, NUH(MEWAT)
Website : www.gmssssraniyala.edu.in"
1443,"Aff. No. :520204
Sch. Code:44183","State : HARYANA
District : NUH",Senior Secondary Level,"Name : GOVT MODEL SANSKRITI SENIOR SECONDARY SCHOOL MADHI
Head/Principal Name: MUBARIK ALI","Address : VILLAGE MADHI, TEHSIL AND POST OFFICE NAGINA
Website : http://gmssssmadhi.in"
1444,"Aff. No. :520205
Sch. Code:44184","State : HARYANA
District : NUH",Senior Secondary Level,"Name : GOVERMENT MODEL SANSKRITI SENIOR SECONDARY SCHOOL KHANPUR GHATI
Head/Principal Name: Dev Sharma","Address : TEHSIL NAGINA, POST OFFICE PINANGWAN
Website : https://gmsssskhanpurghati.in"
1445,"Aff. No. :520263
Sch. Code:44242","State : HARYANA
District : NUH",Senior Secondary Level,"Name : PM SHRI GGSSS NAGINA
Head/Principal Name: NEELAM","Address : VPO NAGINA, TEHSIL NAGINA, DISTT NUH
Website : https://pmshriggsssnagina.in"
1446,"Aff. No. :520236
Sch. Code:44215","State : HARYANA
District : NUH",Senior Secondary Level,"Name : PM SHRI GSSS INDRI (0882)
Head/Principal Name: JYOTI MALIK","Address : INDRI, INDRI, NUH
Website : https://pmshrigsssindri.com/1/1/index"
1447,"Aff. No. :520271
Sch. Code:44250","State : HARYANA
District : NUH",Senior Secondary Level,"Name : PMSHRI GSSS PATHKHORI
Head/Principal Name: Parveen Kumar","Address : VILLAGE- PATHKHORI, TEHSIL- FEROZEPUR JHIRKA, DISTRICT - NUH
Website : https://pmshrigssspathkhori.in/"
1448,"Aff. No. :520314
Sch. Code:44293","State : HARYANA
District : NUH",Senior Secondary Level,"Name : PM SHRI GSSS MP AHIR
Head/Principal Name: MANJEET VERMA","Address : VPO MOHAMMADPUR AHIR, TEHSIL TAURU, BLOCK TAURU
Website : http://wwwpmshrimpahir.in"
1449,"Aff. No. :520336
Sch. Code:44319","State : HARYANA
District : NUH",Senior Secondary Level,"Name : PM SHRI GSSS MALAB
Head/Principal Name: SURESH PANDEY","Address : DELHI ALWAR ROAD VPO MALAB, TEHSIL NUH, DISTT NUH
Website : https://pmshrigsssmalab.in"
1450,"Aff. No. :520367
Sch. Code:44412","State : HARYANA
District : NUH",Senior Secondary Level,"Name : PM SHRI GOVT SR SEC SCHOOL MANDIKHERA
Head/Principal Name: SHER MOHD","Address : VPO MANDIKHRA, TEHSIL FP JHIRKA, DISTT NUH
Website : https://www.pmshrigsssmandikhera.in"
1451,"Aff. No. :520369
Sch. Code:44430","State : HARYANA
District : NUH",Senior Secondary Level,"Name : PM SHRI GOVT SR SEC SCHOOL KAMARSIKA
Head/Principal Name: SAPNA GANDHI","Address : VILLAGE KAMARSIKA, NEAR RIJKA MEO THANA, PO KAMARSIKA
Website : https://www.pmshrigssskamarsika.in"
1452,"Aff. No. :520371
Sch. Code:44451","State : HARYANA
District : NUH",Senior Secondary Level,"Name : PM SHRI GOVT SR SEC SCHOOL PACHGAON
Head/Principal Name: KUSUM LATA","Address : VPO PANCHGAON, TEHSIL TAURU, DISTT NUH
Website : https://www.pmshrigssspachgaon.in"
1453,"Aff. No. :520375
Sch. Code:44461","State : HARYANA
District : NUH",Senior Secondary Level,"Name : PM SHRI GSSS PUNHANA
Head/Principal Name: ABDUL NAFE","Address : WARD NO 9 NEAR POLICE STATION , DALLA BAS ROAD, PUNHANA
Website : https://www.pmshrigssspunhana.in"
1454,"Aff. No. :530400
Sch. Code:40390","State : HARYANA
District : NUH",Senior Secondary Level,"Name : ARAVALI PUBLIC SCHOOL
Head/Principal Name: Jamil Ahmed","Address : MOOSA NAGAR PO FEROZPUR JHIRKA DISTT NUH HARYANA
Website : www.aravalipublicschool.in"
1455,"Aff. No. :530602
Sch. Code:40583","State : HARYANA
District : NUH",Senior Secondary Level,"Name : MEWAT MODEL SCHOOL
Head/Principal Name: MOHD ARSHAD","Address : BISRU ROAD, PUNHANA, DISTT GURGAON, HARYANA
Website : www.mmspunhana.co.in"
1456,"Aff. No. :530604
Sch. Code:40584","State : HARYANA
District : NUH",Secondary Level,"Name : SARDAR GURMUKH SINGH MEMORIAL SCHOOL
Head/Principal Name: Paramjeet Kaur","Address : NEAR GURUDWARA NUH MEWAT GURGAON,
Website : www.sgsms.com"
1457,"Aff. No. :530578
Sch. Code:40563","State : HARYANA
District : NUH",Secondary Level,"Name : GREEN DALE PUBLIC SCHOOL
Head/Principal Name: BHAVYA SHARMA","Address : TAURU GURGAON HARYANA
Website : www.greendalespublicschool.in"
1458,"Aff. No. :531881
Sch. Code:41881","State : HARYANA
District : NUH",Senior Secondary Level,"Name : DAV POLICE PUBLIC SCHOOL, POLICE LINES NUH
Head/Principal Name: BALWANT SINGH","Address : DELHI ALWAR HIGHWAY, POLICE LINES
Website : www.davppsnuh.com"
1459,"Aff. No. :531882
Sch. Code:41882","State : HARYANA
District : NUH",Secondary Level,"Name : HINDU VIDYA NIKETAN
Head/Principal Name: PRITHVI RAJ KAUSHAL","Address : WARD NO -12,PANDIT MOHALLA
Website : https://hinduvidyaniketan.com/"
1460,"Aff. No. :531897
Sch. Code:41900","State : HARYANA
District : NUH",Senior Secondary Level,"Name : SHRI TULARAM GEETA VIDYA MANDIR SR SEC SCHOOL PINANGWAN
Head/Principal Name: DINESH KUMAR SINGH","Address : SHRI TULARAM GEETA VIDYA MANDIR SR SEC SCHOOL NEAR BSNL EXCHANGE OFFICE
Website : www.strgvm.in"
1461,"Aff. No. :532125
Sch. Code:42155","State : HARYANA
District : NUH",Senior Secondary Level,"Name : DEEPALAYA SR. SEC. SCHOOL
Head/Principal Name: DR. MARTIN DAS RAO","Address : GUSBETHI, TAURU, NUH, HARYANA- 122105, GUSBETHI, TAURU, NUH, HARYANA- 122105, GUSBETHI, TAURU, NUH, HARYANA- 122105
Website : https://www.deepalayaschoolgusbethi.org"
1462,"Aff. No. :532267
Sch. Code:42321","State : HARYANA
District : NUH",Senior Secondary Level,"Name : HINDU SENIOR SECONDARY SCHOOL
Head/Principal Name: PRAKASH DAGAR","Address : WARD NO -12, PANDIT MOHALLA, NUH
Website : www.hsssnuh.com"
1463,"Aff. No. :532263
Sch. Code:42312","State : HARYANA
District : NUH",Secondary Level,"Name : NEW PRABHAT PUBLIC SCHOOL, CHHACHERA
Head/Principal Name: NASEEM AHMED","Address : CHHACHERA, NUH, CHHACHERA, NUH, CHHACHERA
Website : https://newprabhatpublicschool.com"
1464,"Aff. No. :532283
Sch. Code:42338","State : HARYANA
District : NUH",Senior Secondary Level,"Name : MARIA MANZIL SCHOOL
Head/Principal Name: IRUDAYA KUMAR","Address : TAURU ROAD, NEAR BHARAT PETROL PUMP, NUH
Website : https://mariamanzilnuh.org/"
1465,"Aff. No. :532298
Sch. Code:42356","State : HARYANA
District : NUH",Senior Secondary Level,"Name : JAIN PUBLIC SENIOR SECONDARY SCHOOL
Head/Principal Name: BINDU YADAV","Address : VPO FEROZPUR JHIRKA, FEROZPUR JHIRKA, MEWAT
Website : https://jainpublicschool.com/"
1466,"Aff. No. :540012
Sch. Code:44513","State : HARYANA
District : NUH",Senior Secondary Level,"Name : JAWAHAR NAVODAYA VIDYALAYA
Head/Principal Name: PRAKHAR JYOTI","Address : BAI VILLIAGE, POST & TEH. NUH DISTT. MEWAT HARYANA
Website : https://navodaya.gov.in/nvs/nvs-school/Nuh/hi/home/"
1467,"Aff. No. :532288
Sch. Code:42344","State : HARYANA
District : CHARKHI DADRI",Senior Secondary Level,"Name : CAPT. ZILE SINGH SCHOOL
Head/Principal Name: MONICA KATARIA","Address : LOHARU ROAD, BARSANA (CHARKHI DADRI), LOHARU ROAD, BARSANA (CHARKHI DADRI), LOHARU ROAD, BARSANA (CHARKHI DADRI)
Website : https://czsschooldadri.com/"
1468,"Aff. No. :532264
Sch. Code:42318","State : HARYANA
District : CHARKHI DADRI",Senior Secondary Level,"Name : THE SAKSHAM SCHOOL
Head/Principal Name: NISHA","Address : DADRI SAHUWAS ROAD, SAHUWAS, CHARKHI DADRI
Website : www.thesakshamschool.edu.in"
1469,"Aff. No. :532173
Sch. Code:42210","State : HARYANA
District : CHARKHI DADRI",Senior Secondary Level,"Name : PRAGYA SR. SEC. SCHOOL
Head/Principal Name: Virender Singh","Address : VILLAGE- BHANDWA, P.O.- BADHRA, TEHSIL- BADHRA
Website : https://pragyasrsecschool.in/"
1470,"Aff. No. :532116
Sch. Code:42145","State : HARYANA
District : CHARKHI DADRI",Senior Secondary Level,"Name : VAISH SR. SEC. SCHOOL BOUND KALAN
Head/Principal Name: RAVI","Address : BOUND KALAN, BOUND KALAN, BOUND KALAN
Website : www.vaishschoolbaund.in"
1471,"Aff. No. :532046
Sch. Code:42056","State : HARYANA
District : CHARKHI DADRI",Senior Secondary Level,"Name : SHREE RAM PUBLIC SR SEC SCHOOL
Head/Principal Name: AMIT","Address : TEH BADHRA, DIST CHARKHI DADRI
Website : http://www.srpskanhra.com"
1472,"Aff. No. :531885
Sch. Code:41885","State : HARYANA
District : CHARKHI DADRI",Senior Secondary Level,"Name : NATIONAL SR SEC SCHOOL
Head/Principal Name: DHARMENDER","Address : ATELA KHURD
Website : www.nsssatela.in"
1473,"Aff. No. :532018
Sch. Code:42025","State : HARYANA
District : CHARKHI DADRI",Senior Secondary Level,"Name : SARASWATI VIDYA MANDIR .SR.SEC. SCHOOL
Head/Principal Name: NISHA RANI","Address : KANHRA ROAD KADMA, NEAR BUS STAND
Website : www.svmkadma.edu.in"
1474,"Aff. No. :531834
Sch. Code:41827","State : HARYANA
District : CHARKHI DADRI",Senior Secondary Level,"Name : ANEES INTERNATIONAL SCHOOL
Head/Principal Name: SONIA DALAL","Address : VILL- HARODA KALAN TEHSIL- BADHRA
Website : www.aneesinternationalschool.com"
1475,"Aff. No. :530409
Sch. Code:40397","State : HARYANA
District : CHARKHI DADRI",Senior Secondary Level,"Name : SHREE RAM PUBLIC SCHOOL
Head/Principal Name: PREETI","Address : VILLAGE BAUND DISTT BHIWANI HARYANA
Website : https://www.shreerampublicschool.com/"
1476,"Aff. No. :530394
Sch. Code:40369","State : HARYANA
District : CHARKHI DADRI",Senior Secondary Level,"Name : ARYAVART HIGH SCHOOL
Head/Principal Name: VIKRANT SHARMA","Address : V&PO ADAMPUR DADHI TEH CHARKHI DADRI, DISTT BHIWANI, HARYANA
Website : www.aryavartschool.com"
1477,"Aff. No. :530137
Sch. Code:40125","State : HARYANA
District : CHARKHI DADRI",Senior Secondary Level,"Name : D R K ADARSH VIDYA MANDIR
Head/Principal Name: AVANINDRA SATI","Address : P O CHARKHI DADRI DISTT BHIWANI HARYANA
Website : www.drkavm.com"
1478,"Aff. No. :520330
Sch. Code:44313","State : HARYANA
District : CHARKHI DADRI",Senior Secondary Level,"Name : PM SHRI GOVT SENIOR SECONDARY KALIYANA
Head/Principal Name: DHARMBIR SHARMA","Address : VPO KALIYANA, CHARKHI DADRI, CHARKHI DADRI
Website : www.pmshrikaliyana.edu.in"
1479,"Aff. No. :520296
Sch. Code:44275","State : HARYANA
District : CHARKHI DADRI",Senior Secondary Level,"Name : PM SHRI GOVT GIRLS SENIOR SECONDARY SCHOOL CHARKHI DADRI
Head/Principal Name: RAM PAL","Address : NEAR KATH MANDI, CHARKHI DADRI, CHARKHI DADRI
Website : www.pmshridadri.edu.in"
1480,"Aff. No. :520140
Sch. Code:44116","State : HARYANA
District : CHARKHI DADRI",Senior Secondary Level,"Name : GOVT MODEL SANSKRITI SR SEC SCHOOL BADHRA
Head/Principal Name: YOGESH SANGWAN","Address : VPO- BADHRA , DIST- CHARKHI DADRI
Website : https://gmssbadhra.in"
1481,"Aff. No. :520058
Sch. Code:44033","State : HARYANA
District : CHARKHI DADRI",Senior Secondary Level,"Name : SHAHEED DALBIR GOVERNMENT MODEL SANSKRITI SENIOR SECONDARY SCHOOL
Head/Principal Name: VINOD KUMAR","Address : JHADU CHOWK, CHARKHI DADRI
Website : http://sdgmssdadri.in/"
1482,"Aff. No. :520059
Sch. Code:44034","State : HARYANA
District : CHARKHI DADRI",Senior Secondary Level,"Name : PM SHRI GOVT. MODEL SANSKRITI SR. SEC. SCHOOL, BAUND KALAN
Head/Principal Name: ANIL KUMAR","Address : OPPOSITE CHANDU DASS MANDIR, VPO- BAUND KALAN, DISTRICT- CHARKHI DADRI
Website : https://gmssssbaund.com"
1483,"Aff. No. :531389
Sch. Code:41370","State : HARYANA
District : CHARKHI DADRI",Senior Secondary Level,"Name : GRV MODEL SCHOOL
Head/Principal Name: Attar Singh","Address : VIJAY NURSING HOME BUS STAND ROAD CHARKHI DADRI (BHARVI), DISTT. BHIWANI
Website : http://grvmodelschool.co.in/"
1484,"Aff. No. :531379
Sch. Code:41355","State : HARYANA
District : CHARKHI DADRI",Senior Secondary Level,"Name : YADUVANSHI SHIKSHA NIKETAN
Head/Principal Name: AJAY KAUSHIK","Address : VPO MANDOLA
Website : http://www.hitkarividyamandir.in"
1485,"Aff. No. :531438
Sch. Code:41417","State : HARYANA
District : CHARKHI DADRI",Senior Secondary Level,"Name : GITANJALI SR. SEC. SCHOOL
Head/Principal Name: ANUPRIYA GAJRAJ","Address : VILL-BHAIRVI P.O KALIYANA TEH-CHARKI DADRI DISTT-BHIWANI HARYANA
Website : www.gitanjalischoolckd.com"
1486,"Aff. No. :531322
Sch. Code:41307","State : HARYANA
District : CHARKHI DADRI",Senior Secondary Level,"Name : RPS PUBLIC SCHOOL
Head/Principal Name: SUDHIR KUMAR","Address : V.P.O. MISRI
Website : https://rpsdadri.com/"
1487,"Aff. No. :531540
Sch. Code:41518","State : HARYANA
District : CHARKHI DADRI",Senior Secondary Level,"Name : UNIVERSAL MODEL SR. SEC. SCHOOL
Head/Principal Name: KRISHAN KUMAR","Address : VILL. CHIRYA, DISTT. BHIWANI, TEH. CHARKHI DADRI, HARYANA
Website : www.universalchirya.com"
1488,"Aff. No. :531572
Sch. Code:41551","State : HARYANA
District : CHARKHI DADRI",Senior Secondary Level,"Name : ADARSH PUBLIC SCHOOL CHARKHI DADRI
Head/Principal Name: Laxmi Devi Sangwan","Address : PREM NAGAR WARD NO. 03, GALI NO. 04
Website : www.apsdadri.com"
1489,"Aff. No. :531581
Sch. Code:41565","State : HARYANA
District : CHARKHI DADRI",Senior Secondary Level,"Name : DSM PUBLIC SCHOOL
Head/Principal Name: BHUPENDER SINGH","Address : VILLAGE ASAWARI PO BADAL
Website : www.dsmasawari.com"
1490,"Aff. No. :531656
Sch. Code:41635","State : HARYANA
District : CHARKHI DADRI",Senior Secondary Level,"Name : S.E.D SR. SEC. SCHOOL
Head/Principal Name: MUKESH KUMAR","Address : BARSANA MOR, BIRHI KALAN CH. DADRI
Website : https://sedschool.co.in/"
1491,"Aff. No. :531623
Sch. Code:41602","State : HARYANA
District : CHARKHI DADRI",Senior Secondary Level,"Name : SARASWATI SENIOR SECONDARY SCHOOL
Head/Principal Name: Vishu Sheoran","Address : 7TH KM STONE, CHARKHI DADRI, MAHENDERGARH ROAD, VILL.-MANDOLI,P.O-KALIYANA
Website : www.saraswatimandoli.com"
1492,"Aff. No. :531688
Sch. Code:41665","State : HARYANA
District : CHARKHI DADRI",Senior Secondary Level,"Name : SAGAR GLOBAL SCHOOL
Head/Principal Name: SUREKHA OHLIAN SIWACH","Address : V.P.O. SANWAR TECHSIL & DISTRICT CHARKHI DADRI PINCODE 127042
Website : http://sagarglobalsanwar.com/"
1493,"Aff. No. :531222
Sch. Code:41200","State : HARYANA
District : CHARKHI DADRI",Senior Secondary Level,"Name : SARVODYA SCHOOL OF SCIENCE
Head/Principal Name: PUNEET KUMAR","Address : VPO IMLOTA CHARKHI DADRI BHIWANI HARYANA
Website : www.sarvodyaschool.edu.in"
1494,"Aff. No. :530919
Sch. Code:40887","State : HARYANA
District : CHARKHI DADRI",Senior Secondary Level,"Name : R.E.D. SCHOOL CHARKHI
Head/Principal Name: SIKANDER SINGH","Address : 8TH KM STONE ON DADRI-BHIWANI ROAD
Website : www.redschooldadri.in"
1495,"Aff. No. :530943
Sch. Code:40915","State : HARYANA
District : CHARKHI DADRI",Senior Secondary Level,"Name : VISION INDIA SCHOOL
Head/Principal Name: Pramila Kumari","Address : V.P.O BHAGESHWARI
Website : http://www.visionindiaschool.in"
1496,"Aff. No. :530954
Sch. Code:40924","State : HARYANA
District : CHARKHI DADRI",Senior Secondary Level,"Name : K.N. SR. SEC. SCHOOL
Head/Principal Name: SUKHBIR SINGH","Address : GHIKARA ROAD, CHARKHI DADRI
Website : http://knschooldadri.com"
1497,"Aff. No. :530958
Sch. Code:41028","State : HARYANA
District : CHARKHI DADRI",Senior Secondary Level,"Name : DIAMOND VALLEY SR. SEC. SCHOOL
Head/Principal Name: Jogender","Address : VILLAGE ACHINA TAL V.P.O ACHINA
Website : www.dvsachinatal.com"
1498,"Aff. No. :530800
Sch. Code:40774","State : HARYANA
District : CHARKHI DADRI",Senior Secondary Level,"Name : SHASTRI SENIOR SECONDARY SCHOOL
Head/Principal Name: VIKESH","Address : VPO KAKROLI SARDARA
Website : www.shastrischool.in"
1499,"Aff. No. :530878
Sch. Code:40852","State : HARYANA
District : CHARKHI DADRI",Senior Secondary Level,"Name : PARAS RAM HET RAM (KALIYANA WALE) SMIRITY KANYA SR. SEC. SCHOOL, CH. DADRI
Head/Principal Name: Om Prakash Tiwari","Address : PARAS RAM HET RAM SMIRITY KANYA SR. SEC. SCHOOL, CH. DADRI, BHIWANI, HARYANA
Website : https://prhrschool.in/"
